agent,seed,phase,local_episode,cumulative_episode,reward,steps,selected_regions,classification_loss,optimization_loss
DiscreteSAC,125,final,1,3001,-0.044673657417297355,5.0,2.0,0.873443067073822,-0.6551445722579956
DiscreteSAC,125,final,2,3002,-0.34635440349578855,9.0,3.0,0.5143037438392639,120.60673422945871
DiscreteSAC,125,final,3,3003,-0.34401451945304873,10.0,5.0,0.4697329103946686,0.7112454801797867
DiscreteSAC,125,final,4,3004,-0.2934777218103409,8.0,4.0,0.34732288122177124,141.93442857265472
DiscreteSAC,125,final,5,3005,-0.2261098968982696,8.0,5.0,0.5890234112739563,-0.44570112228393555
DiscreteSAC,125,final,6,3006,-0.42380737304687505,9.0,4.0,0.8109847903251648,32.71161752939224
DiscreteSAC,125,final,7,3007,-0.21506036520004274,10.0,4.0,0.7120465040206909,-0.5497775495052337
DiscreteSAC,125,final,8,3008,0.07831169128417971,4.0,3.0,0.7681129574775696,-0.5833901911973953
DiscreteSAC,125,final,9,3009,0.25971012353897094,6.0,5.0,0.4915369153022766,-0.5604947904745737
DiscreteSAC,125,final,10,3010,-0.3744914770126343,10.0,5.0,0.5626241564750671,-0.6215227544307709
DiscreteSAC,125,final,11,3011,-0.4831200703978539,10.0,5.0,0.14644727110862732,-0.5542135953903198
DiscreteSAC,125,final,12,3012,0.06234973669052125,5.0,4.0,0.31301990151405334,0.3727698802947998
DiscreteSAC,125,final,13,3013,-0.3980210769176483,8.0,5.0,0.44224295020103455,-0.4894711747765541
DiscreteSAC,125,final,14,3014,-0.3754618787765503,9.0,5.0,0.8302431106567383,-0.009030759334564209
DiscreteSAC,125,final,15,3015,-0.20433402299880982,9.0,5.0,0.7061794996261597,94.05201954311795
DiscreteSAC,125,final,16,3016,-0.33621594607830046,10.0,4.0,0.23468776047229767,-0.6371807098388672
DiscreteSAC,125,final,17,3017,-0.08956572622060775,6.0,5.0,0.1837422102689743,-0.6017591456572214
DiscreteSAC,125,final,18,3018,-0.40124680995941164,10.0,5.0,0.5011324286460876,-0.8498972475528717
DiscreteSAC,125,final,19,3019,-0.1421250939369202,10.0,5.0,0.5159984827041626,58.57190880775452
DiscreteSAC,125,final,20,3020,-0.26149914860725404,10.0,6.0,0.25024038553237915,-0.6078268378973007
DiscreteSAC,125,final,21,3021,-0.08629102945327759,9.0,6.0,0.6195768117904663,0.6249073710706499
DiscreteSAC,125,final,22,3022,-0.4520114302635193,10.0,5.0,0.7314813733100891,-0.5299596160650253
DiscreteSAC,125,final,23,3023,-0.3890346884727478,10.0,3.0,0.6021748185157776,-0.6722859442234039
DiscreteSAC,125,final,24,3024,-0.08732407331466675,9.0,4.0,0.560621976852417,196.9831910332044
DiscreteSAC,125,final,25,3025,-0.46305971741676333,10.0,5.0,0.2757648527622223,140.41374414265155
DiscreteSAC,125,final,26,3026,-0.272752058506012,10.0,6.0,0.5034905672073364,-0.4370445966720581
DiscreteSAC,125,final,27,3027,-0.4675333917140961,10.0,4.0,0.4579857289791107,-0.12221289277076722
DiscreteSAC,125,final,28,3028,-0.3267106652259827,10.0,5.0,0.3292616307735443,1.4937207579612732
DiscreteSAC,125,final,29,3029,-0.23122807741165163,10.0,5.0,0.7017737627029419,84.95380103290081
DiscreteSAC,125,final,30,3030,-0.014388017654418953,8.0,4.0,1.1001514196395874,5.08764585852623
DiscreteSAC,125,final,31,3031,-0.5644835472106934,10.0,5.0,0.9074195623397827,35.198545664548874
DiscreteSAC,125,final,32,3032,-0.15022621154785157,10.0,6.0,0.8570173978805542,63.43957913517952
DiscreteSAC,125,final,33,3033,-0.2292255663871765,9.0,4.0,0.6617631912231445,-0.4426659478081597
DiscreteSAC,125,final,34,3034,-0.00146130800247192,3.0,2.0,0.27108174562454224,10169.922528207302
DiscreteSAC,125,final,35,3035,-0.11517661571502684,6.0,4.0,0.308910995721817,0.6404468615849813
DiscreteSAC,125,final,36,3036,-0.44449318647384645,10.0,4.0,0.8461173176765442,14.48411214351654
DiscreteSAC,125,final,37,3037,-0.013733953237533597,10.0,5.0,0.40435031056404114,26.47300860285759
DiscreteSAC,125,final,38,3038,-0.11699512600898741,10.0,5.0,0.3622415363788605,9.276481503248215
DiscreteSAC,125,final,39,3039,-0.45440028607845306,10.0,3.0,0.24358431994915009,14.80076293349266
DiscreteSAC,125,final,40,3040,-0.44406798183918,10.0,4.0,0.19961261749267578,-0.3271618902683258
DiscreteSAC,125,final,41,3041,-0.5009844049811364,10.0,4.0,0.16082978248596191,-0.09914026260375977
DiscreteSAC,125,final,42,3042,-0.45313247442245486,10.0,5.0,0.4427107274532318,-0.543732076883316
DiscreteSAC,125,final,43,3043,-0.5646109521389009,10.0,5.0,0.4433012306690216,659.1946367412805
DiscreteSAC,125,final,44,3044,-0.4738502025604248,10.0,4.0,0.33471253514289856,1927.511348798871
DiscreteSAC,125,final,45,3045,-0.45082499980926516,10.0,5.0,0.6978916525840759,4.652096951007843
DiscreteSAC,125,final,46,3046,-0.3856707036495209,10.0,4.0,0.49149981141090393,8.360891729593277
DiscreteSAC,125,final,47,3047,-0.6687114953994753,10.0,4.0,0.41645002365112305,15220.540029215812
DiscreteSAC,125,final,48,3048,-0.24241538047790528,10.0,4.0,0.4783772826194763,0.2524190068244934
DiscreteSAC,125,final,49,3049,-0.3700538814067841,10.0,5.0,0.4629370868206024,10734.468154132366
DiscreteSAC,125,final,50,3050,-0.507759690284729,10.0,3.0,0.7422351241111755,3.2340845704078673
DiscreteSAC,125,final,51,3051,-0.48401559591293336,10.0,4.0,0.7607594132423401,2382.270245015621
DiscreteSAC,125,final,52,3052,-0.5143312335014344,10.0,4.0,0.8165034055709839,10646.075658917427
DiscreteSAC,125,final,53,3053,-0.5438174724578857,10.0,4.0,1.0924842357635498,0.15437560081481932
DiscreteSAC,125,final,54,3054,-0.39773240089416506,10.0,5.0,0.5758131146430969,32.822509706020355
DiscreteSAC,125,final,55,3055,-0.13626179277896883,8.0,6.0,0.25997620820999146,1283.3956517800689
DiscreteSAC,125,final,56,3056,-0.6028437733650208,10.0,4.0,0.391446053981781,-0.259875226020813
DiscreteSAC,125,final,57,3057,-0.27380695343017575,10.0,5.0,0.8986111879348755,-0.37414641082286837
DiscreteSAC,125,final,58,3058,-0.26573381423950193,10.0,6.0,0.9783648252487183,-0.34806386232376096
DiscreteSAC,125,final,59,3059,-0.20197383165359498,10.0,6.0,0.524124026298523,-0.4328885316848755
DiscreteSAC,125,final,60,3060,-0.4712516933679581,10.0,4.0,0.15522225201129913,-0.5481049984693527
DiscreteSAC,125,final,61,3061,-0.17623682022094728,10.0,4.0,0.7135977149009705,-0.6290955603122711
DiscreteSAC,125,final,62,3062,-0.0880542755126953,10.0,3.0,0.5718913078308105,-0.5302480518817901
DiscreteSAC,125,final,63,3063,-0.22789586663246153,8.0,3.0,0.4909319281578064,-0.6330906376242638
DiscreteSAC,125,final,64,3064,-0.08211194276809693,10.0,4.0,0.8161916136741638,2338.053678265214
DiscreteSAC,125,final,65,3065,-0.40596225261688235,10.0,5.0,0.7304102778434753,1.880862545967102
DiscreteSAC,125,final,66,3066,-0.2832254648208618,10.0,4.0,0.7924180030822754,-0.4890787661075592
DiscreteSAC,125,final,67,3067,-0.307249665260315,10.0,3.0,0.7403058409690857,-0.5163009524345398
DiscreteSAC,125,final,68,3068,-0.5080036222934723,10.0,3.0,0.27383488416671753,-0.6590394794940948
DiscreteSAC,125,final,69,3069,-0.5701571822166444,10.0,4.0,0.4066147804260254,-0.6078352689743042
DiscreteSAC,125,final,70,3070,-0.4069082260131836,10.0,4.0,0.6874350309371948,1587.7152892410754
DiscreteSAC,125,final,71,3071,-0.48458728790283206,10.0,6.0,0.6618155241012573,-0.4498095452785492
DiscreteSAC,125,final,72,3072,-0.5428637236356736,10.0,4.0,0.2777468264102936,-0.5287166565656662
DiscreteSAC,125,final,73,3073,-0.3686999320983887,10.0,5.0,0.806125819683075,-0.4744789361953735
DiscreteSAC,125,final,74,3074,-0.33569772243499757,10.0,4.0,0.894668698310852,-0.6207523763179779
DiscreteSAC,125,final,75,3075,-0.14120843291282653,8.0,4.0,0.3573032319545746,3500.8914340138435
DiscreteSAC,125,final,76,3076,-0.19099482417106628,7.0,4.0,0.3867758810520172,-0.30392261913844515
DiscreteSAC,125,final,77,3077,-0.49471322894096376,10.0,4.0,0.4113709032535553,-1.5045110881328583
DiscreteSAC,125,final,78,3078,-0.3598150193691254,10.0,7.0,0.5261610150337219,2806.9949808299543
DiscreteSAC,125,final,79,3079,0.035908839702606214,4.0,2.0,0.6788830757141113,0.1125669777393341
DiscreteSAC,125,final,80,3080,-0.34355391263961793,10.0,4.0,0.6145654320716858,0.14180151820182801
DiscreteSAC,125,final,81,3081,-0.22092289447784424,7.0,5.0,0.41368356347084045,-0.262118331023625
DiscreteSAC,125,final,82,3082,-0.6034375548362731,10.0,4.0,0.9592548608779907,2601.9387775599957
DiscreteSAC,125,final,83,3083,-0.13957885861396785,6.0,5.0,0.4743806719779968,-0.32079609235127765
DiscreteSAC,125,final,84,3084,-0.6297668337821962,10.0,4.0,0.7272567749023438,-0.3294233024120331
DiscreteSAC,125,final,85,3085,-0.5123898029327394,10.0,5.0,0.7943156957626343,-0.3853073626756668
DiscreteSAC,125,final,86,3086,-0.2511917459964752,8.0,3.0,0.3443297743797302,-0.5481430143117905
DiscreteSAC,125,final,87,3087,0.02399953484535218,7.0,5.0,0.39814314246177673,-0.5305093228816986
DiscreteSAC,125,final,88,3088,-0.3822477221488953,10.0,6.0,0.3826059401035309,-0.5478090465068817
DiscreteSAC,125,final,89,3089,-0.32542774677276615,10.0,6.0,0.8513097167015076,-0.6896633446216583
DiscreteSAC,125,final,90,3090,-0.43618757724761964,10.0,4.0,1.017196774482727,540.7372753322124
DiscreteSAC,125,final,91,3091,-0.032774678468704216,6.0,6.0,0.3088882267475128,-0.71768918633461
DiscreteSAC,125,final,92,3092,-0.24878029584884642,6.0,3.0,0.6811758875846863,191.51832462350526
DiscreteSAC,125,final,93,3093,-0.28171299695968627,10.0,7.0,0.2534829080104828,-0.6683431744575501
DiscreteSAC,125,final,94,3094,-0.4948855757713318,10.0,4.0,0.5640948414802551,-0.7076328575611115
DiscreteSAC,125,final,95,3095,-0.1332077980041504,5.0,4.0,0.6380676031112671,-0.6761614441871643
DiscreteSAC,125,final,96,3096,-0.6348431825637819,10.0,4.0,0.9653031229972839,474.0252964735031
DiscreteSAC,125,final,97,3097,-0.5940116763114929,10.0,4.0,0.9107756614685059,-0.6936203420162201
DiscreteSAC,125,final,98,3098,-0.3788200378417969,10.0,6.0,0.8208584189414978,-0.6629565477371215
DiscreteSAC,125,final,99,3099,-0.5656979560852051,10.0,2.0,0.4099297523498535,-0.5552237004041671
DiscreteSAC,125,final,100,3100,-0.0762163519859314,10.0,6.0,0.5483232140541077,-0.6405799627304077
DiscreteSAC,125,final,101,3101,-0.2917739152908325,10.0,5.0,0.6706088185310364,-0.6802938282489777
DiscreteSAC,125,final,102,3102,-0.6082951605319977,10.0,2.0,0.4823104441165924,-0.7063646852970124
DiscreteSAC,125,final,103,3103,-0.4452488422393799,10.0,3.0,0.7540052533149719,-0.6802090853452682
DiscreteSAC,125,final,104,3104,-0.5162408590316773,10.0,5.0,0.608697235584259,-5.978376817703247
DiscreteSAC,125,final,105,3105,-0.469327849149704,10.0,4.0,0.49915197491645813,-0.7244141101837158
DiscreteSAC,125,final,106,3106,-0.2692077994346619,10.0,5.0,0.842971920967102,-0.7179848611354828
DiscreteSAC,125,final,107,3107,-0.29654343128204347,10.0,6.0,0.439052551984787,-0.6769248008728027
DiscreteSAC,125,final,108,3108,-0.5458788990974426,10.0,4.0,0.623327374458313,-0.7719285130500794
DiscreteSAC,125,final,109,3109,-0.22047992944717407,10.0,5.0,0.7656608819961548,-0.7500495314598083
DiscreteSAC,125,final,110,3110,-0.35602874159812925,10.0,3.0,0.270092636346817,-4.662622767686844
DiscreteSAC,125,final,111,3111,-0.0322156572341919,9.0,5.0,0.7522346377372742,1.448649611737993
DiscreteSAC,125,final,112,3112,-0.45823843479156495,10.0,4.0,0.9469746947288513,-0.7210004210472107
DiscreteSAC,125,final,113,3113,-0.36197011470794677,10.0,7.0,0.6683202385902405,-0.7197524309158325
DiscreteSAC,125,final,114,3114,-0.5014231592416764,10.0,5.0,0.22970910370349884,-0.7765137791633606
DiscreteSAC,125,final,115,3115,-0.1601168417930603,9.0,4.0,0.9663841128349304,-0.7407417297363281
DiscreteSAC,125,final,116,3116,-0.511346858739853,10.0,4.0,0.3626530170440674,427.29055416584015
DiscreteSAC,125,final,117,3117,-0.28744825124740603,10.0,5.0,0.5168731212615967,-0.7197843492031097
DiscreteSAC,125,final,118,3118,-0.42564181685447694,10.0,4.0,0.19148258864879608,-0.7348118424415588
DiscreteSAC,125,final,119,3119,-0.39704719781875614,10.0,6.0,0.7790807485580444,-0.6048313677310944
DiscreteSAC,125,final,120,3120,-0.3128573477268219,10.0,7.0,0.36692649126052856,698.0824452638626
DiscreteSAC,125,final,121,3121,-0.3791990876197815,10.0,5.0,0.4713931083679199,-0.7128566026687622
DiscreteSAC,125,final,122,3122,-0.28184511661529543,10.0,5.0,0.7779914736747742,-3.322614187002182
DiscreteSAC,125,final,123,3123,-0.08455994129180908,10.0,5.0,0.5202999114990234,3240.628859269619
DiscreteSAC,125,final,124,3124,-0.09142216682434086,9.0,7.0,0.5482961535453796,6.837603343857659
DiscreteSAC,125,final,125,3125,-0.5086070120334626,10.0,4.0,0.5322521328926086,18.806423723697662
DiscreteSAC,125,final,126,3126,-0.048471089601516734,9.0,7.0,0.40676334500312805,5121.415411214034
DiscreteSAC,125,final,127,3127,-0.0758751583099365,7.0,4.0,0.5563564896583557,1.378779513495309
DiscreteSAC,125,final,128,3128,-0.341107326745987,10.0,7.0,0.2986295223236084,0.5707641482353211
DiscreteSAC,125,final,129,3129,-0.45634735822677613,10.0,4.0,0.8725895881652832,-0.11501111388206482
DiscreteSAC,125,final,130,3130,-0.2941183805465698,10.0,6.0,0.6925605535507202,1336.7139547586441
DiscreteSAC,125,final,131,3131,-0.1812169909477234,10.0,6.0,0.8370725512504578,0.031248408555984496
DiscreteSAC,125,final,132,3132,-0.46519031524658205,10.0,5.0,0.8794308304786682,-0.1463553011417389
DiscreteSAC,125,final,133,3133,-0.0420301580429077,9.0,5.0,1.0446012020111084,0.7657416992717319
DiscreteSAC,125,final,134,3134,-0.13690532207489015,6.0,5.0,0.48245587944984436,939.5259817540646
DiscreteSAC,125,final,135,3135,-0.4758401930332184,10.0,4.0,0.23378169536590576,-0.48513354957103727
DiscreteSAC,125,final,136,3136,-0.31145604848861697,10.0,5.0,0.6071042418479919,0.4715700626373291
DiscreteSAC,125,final,137,3137,-0.24803903102874758,10.0,5.0,0.789601743221283,3292.2691330194475
DiscreteSAC,125,final,138,3138,-0.20344648361206058,10.0,6.0,0.6567844152450562,0.9877050876617431
DiscreteSAC,125,final,139,3139,-0.3623631596565247,10.0,3.0,0.6538512110710144,0.45300365686416627
DiscreteSAC,125,final,140,3140,-0.3041378498077393,10.0,5.0,1.1722452640533447,10.086600667238235
DiscreteSAC,125,final,141,3141,-0.5423542141914368,10.0,2.0,0.3889623284339905,-0.21439638137817382
DiscreteSAC,125,final,142,3142,-0.5417671620845794,10.0,4.0,0.5191978216171265,1224.9593770623208
DiscreteSAC,125,final,143,3143,-0.5293341398239136,10.0,4.0,1.080435037612915,6.883618193864822
DiscreteSAC,125,final,144,3144,-0.30122640132904055,10.0,5.0,0.5732564330101013,173.81603448390962
DiscreteSAC,125,final,145,3145,-0.13608732223510744,10.0,5.0,0.8642935752868652,18032.249254143237
DiscreteSAC,125,final,146,3146,-0.5799305975437165,10.0,5.0,0.5676721334457397,889.7578969836235
DiscreteSAC,125,final,147,3147,-0.1027137565612793,8.0,4.0,0.8413355946540833,1.5201863497495651
DiscreteSAC,125,final,148,3148,-0.35781815052032473,10.0,5.0,0.5367307066917419,-0.4329901784658432
DiscreteSAC,125,final,149,3149,-0.5930912017822265,10.0,4.0,0.5323121547698975,-0.25266619622707365
DiscreteSAC,125,final,150,3150,-0.2848660469055176,10.0,4.0,0.7613123059272766,821.6238090217114
DiscreteSAC,125,final,151,3151,-0.3430956214666367,10.0,6.0,0.18175551295280457,0.30218695402145385
DiscreteSAC,125,final,152,3152,-0.4200377583503723,10.0,4.0,0.5857142806053162,586.0493954360485
DiscreteSAC,125,final,153,3153,-0.27651050090789797,10.0,5.0,0.592816174030304,-0.18021951913833617
DiscreteSAC,125,final,154,3154,-0.265556663274765,10.0,5.0,0.2939455807209015,482.92891426086425
DiscreteSAC,125,final,155,3155,-0.6607646465301515,10.0,4.0,0.6885353922843933,-0.5709695398807526
DiscreteSAC,125,final,156,3156,-0.25028533935546876,10.0,4.0,0.639983594417572,17401.67282344103
DiscreteSAC,125,final,157,3157,-0.3819738745689392,10.0,4.0,0.5972407460212708,119.69605407118797
DiscreteSAC,125,final,158,3158,-0.15273828506469728,5.0,5.0,0.6318988800048828,-0.03276984691619873
DiscreteSAC,125,final,159,3159,-0.040884611606597884,6.0,4.0,0.385240763425827,-0.31495946645736694
DiscreteSAC,125,final,160,3160,-0.40405348837375643,10.0,5.0,0.18793430924415588,1095.7818242788314
DiscreteSAC,125,final,161,3161,-0.4926503419876098,10.0,4.0,0.7704116702079773,-0.48373852372169496
DiscreteSAC,125,final,162,3162,-0.2752151834964752,8.0,5.0,0.3068174719810486,-0.3479951024055481
DiscreteSAC,125,final,163,3163,-0.34606001019477844,9.0,5.0,0.4565388858318329,-0.5926851961347792
DiscreteSAC,125,final,164,3164,-0.5833904862403869,10.0,4.0,0.3581475615501404,13648.662906780839
DiscreteSAC,125,final,165,3165,-0.10843926191329957,7.0,4.0,0.4660114645957947,2179.389208252941
DiscreteSAC,125,final,166,3166,-0.04160696268081664,10.0,8.0,0.8027312159538269,-0.535045075416565
DiscreteSAC,125,final,167,3167,-0.48857448101043705,10.0,6.0,0.6340399980545044,2946.57346098423
DiscreteSAC,125,final,168,3168,-0.43667889237403873,10.0,6.0,0.2134334295988083,12730.29174002111
DiscreteSAC,125,final,169,3169,-0.43627525568008424,10.0,4.0,0.7090808153152466,-0.47755151987075806
DiscreteSAC,125,final,170,3170,-0.4346485495567322,10.0,6.0,0.38710901141166687,-0.5128676563501358
DiscreteSAC,125,final,171,3171,-0.31564251184463504,10.0,6.0,0.8999328017234802,87.8683329641819
DiscreteSAC,125,final,172,3172,0.15996194124221802,6.0,4.0,0.9576500058174133,-0.6326547463734945
DiscreteSAC,125,final,173,3173,0.18379717111587524,6.0,5.0,0.6803610920906067,-0.5918332735697428
DiscreteSAC,125,final,174,3174,0.03305054426193237,8.0,4.0,0.6036344766616821,1658.2046096473932
DiscreteSAC,125,final,175,3175,-0.4794601559638977,10.0,6.0,0.8033614158630371,-0.25725791454315183
DiscreteSAC,125,final,176,3176,-0.49978721141815186,10.0,3.0,1.0566564798355103,-0.34034227430820463
DiscreteSAC,125,final,177,3177,-0.22941633462905886,10.0,5.0,0.5885095596313477,-0.3771545708179474
DiscreteSAC,125,final,178,3178,-0.04061207771301271,10.0,6.0,1.1520432233810425,-0.37384356260299684
DiscreteSAC,125,final,179,3179,-0.027181680202484113,7.0,4.0,0.818510890007019,971.6356204322407
DiscreteSAC,125,final,180,3180,-0.2647594565153122,9.0,4.0,0.25961723923683167,-0.05391522248586019
DiscreteSAC,125,final,181,3181,-0.8015505075454715,10.0,3.0,0.8058286309242249,1052.4604524016381
DiscreteSAC,125,final,182,3182,-0.48194016218185426,10.0,4.0,0.5922536253929138,0.38653731942176817
DiscreteSAC,125,final,183,3183,-0.5436228781938552,10.0,4.0,0.19564685225486755,0.11576984524726867
DiscreteSAC,125,final,184,3184,-0.30987389087677003,10.0,4.0,0.8624809980392456,0.2299524188041687
DiscreteSAC,125,final,185,3185,-0.5075982928276062,10.0,4.0,0.7235623002052307,-0.1494525134563446
DiscreteSAC,125,final,186,3186,-0.5373736023902893,10.0,3.0,0.5928994417190552,412.6433765947819
DiscreteSAC,125,final,187,3187,-0.5695672631263734,10.0,3.0,0.255923330783844,2143.334766292572
DiscreteSAC,125,final,188,3188,-0.43275636434555054,10.0,3.0,0.2637454867362976,0.02411606311798096
DiscreteSAC,125,final,189,3189,-0.21689694523811343,10.0,5.0,0.15159237384796143,1.4205702722072602
DiscreteSAC,125,final,190,3190,-0.37594587802886964,10.0,4.0,0.6440346837043762,0.00022704005241394042
DiscreteSAC,125,final,191,3191,-0.27602440118789673,10.0,3.0,0.44657033681869507,702.5088223755359
DiscreteSAC,125,final,192,3192,-0.5782290816307069,10.0,4.0,0.9136032462120056,-0.19754449725151063
DiscreteSAC,125,final,193,3193,-0.32934391498565674,10.0,3.0,0.7104981541633606,19.655097091197966
DiscreteSAC,125,final,194,3194,-0.3537815809249878,10.0,3.0,0.8986235857009888,-0.05532869100570679
DiscreteSAC,125,final,195,3195,-0.4518618702888489,10.0,4.0,0.4897206425666809,-0.1728542387485504
DiscreteSAC,125,final,196,3196,-0.34770514845848083,8.0,4.0,0.477119117975235,611.5185943841934
DiscreteSAC,125,final,197,3197,-0.6508032441139222,10.0,6.0,0.4981296956539154,-0.29862253069877626
DiscreteSAC,125,final,198,3198,-0.34882904291152955,10.0,4.0,0.6132488250732422,-0.2511542081832886
DiscreteSAC,125,final,199,3199,-0.3023746967315674,10.0,6.0,0.5409752726554871,668.027217900753
DiscreteSAC,125,final,200,3200,-0.5594550371170044,10.0,3.0,0.8504282832145691,2214.485374546051
DiscreteSAC,125,final,201,3201,-0.4624153017997742,10.0,5.0,0.6709583401679993,0.721429294347763
DiscreteSAC,125,final,202,3202,-0.21729054450988772,10.0,5.0,0.9853259325027466,0.3756301462650299
DiscreteSAC,125,final,203,3203,-0.05049788475036622,7.0,4.0,0.5027338862419128,0.0010739224297659738
DiscreteSAC,125,final,204,3204,-0.5391001224517823,10.0,4.0,1.1942757368087769,233.7901317805052
DiscreteSAC,125,final,205,3205,0.05137301921844482,6.0,3.0,0.7939515709877014,0.7568990588188171
DiscreteSAC,125,final,206,3206,-0.40578309893608094,10.0,4.0,0.4483080506324768,1.0827588975429534
DiscreteSAC,125,final,207,3207,-0.44245860874652865,10.0,5.0,0.16698434948921204,242.96641698479652
DiscreteSAC,125,final,208,3208,-0.19568721175193787,7.0,5.0,0.23565605282783508,0.7889674135616848
DiscreteSAC,125,final,209,3209,-0.5241644799709321,10.0,4.0,0.34783366322517395,352.1312531530857
DiscreteSAC,125,final,210,3210,-0.4625102370977402,10.0,5.0,0.18980732560157776,18046.397924917936
DiscreteSAC,125,final,211,3211,-0.5158061265945435,10.0,2.0,1.3648395538330078,247.3632980197668
DiscreteSAC,125,final,212,3212,-0.3046122074127197,10.0,7.0,1.0597585439682007,0.07226996421813965
DiscreteSAC,125,final,213,3213,-0.38811272382736206,10.0,3.0,0.6622539162635803,631.2983775317668
DiscreteSAC,125,final,214,3214,-0.5375985026359558,10.0,4.0,0.6392742991447449,-0.41644310057163236
DiscreteSAC,125,final,215,3215,-0.194220244884491,10.0,3.0,0.5991762280464172,33.56675881743431
DiscreteSAC,125,final,216,3216,-0.1664544999599457,10.0,6.0,0.31258639693260193,395.92313821911813
DiscreteSAC,125,final,217,3217,-0.10930282592773437,7.0,5.0,0.327129989862442,1069.6842964632172
DiscreteSAC,125,final,218,3218,-0.5114829897880556,10.0,3.0,0.5346300005912781,0.4409714937210083
DiscreteSAC,125,final,219,3219,-0.5054852485656738,10.0,4.0,0.8112809062004089,578.7016192525625
DiscreteSAC,125,final,220,3220,-0.13411525487899778,10.0,3.0,0.6433728933334351,-0.19165757894515992
DiscreteSAC,125,final,221,3221,-0.4540348470211029,10.0,4.0,0.26316744089126587,-0.2900915205478668
DiscreteSAC,125,final,222,3222,0.06640139818191529,10.0,7.0,0.7037693858146667,-0.5375458508729934
DiscreteSAC,125,final,223,3223,-0.39643305838108067,10.0,7.0,0.24010266363620758,-0.5560153782367706
DiscreteSAC,125,final,224,3224,-0.3163826704025269,10.0,5.0,0.9227336645126343,28.256816399097442
DiscreteSAC,125,final,225,3225,-0.4969875454902649,10.0,5.0,0.7169355154037476,-0.6840497016906738
DiscreteSAC,125,final,226,3226,-0.5721912294626237,10.0,6.0,0.36803266406059265,-0.6388175547122955
DiscreteSAC,125,final,227,3227,-0.5811276435852052,10.0,3.0,0.3475763499736786,682.2688027143479
DiscreteSAC,125,final,228,3228,-0.01254546403884886,6.0,4.0,0.6358879804611206,-0.6015216211477915
DiscreteSAC,125,final,229,3229,-0.46014696806669236,10.0,4.0,0.09650512039661407,0.4574442654848099
DiscreteSAC,125,final,230,3230,-0.2355604553222656,9.0,3.0,0.744303822517395,3168.5253966848054
DiscreteSAC,125,final,231,3231,-0.43257860541343685,10.0,4.0,0.4298178255558014,138.92459339499473
DiscreteSAC,125,final,232,3232,-0.46035614013671877,10.0,5.0,0.8274707794189453,3.964050155878067
DiscreteSAC,125,final,233,3233,-0.4643334150314331,10.0,3.0,0.5491946935653687,-0.04260732531547547
DiscreteSAC,125,final,234,3234,-0.4532191276550293,10.0,4.0,0.5961495637893677,484.4820796132088
DiscreteSAC,125,final,235,3235,-0.41956707239151003,10.0,5.0,0.35618528723716736,5.176484426856041
DiscreteSAC,125,final,236,3236,-0.8098022460937502,10.0,4.0,1.0438318252563477,-0.12319464683532715
DiscreteSAC,125,final,237,3237,-0.5058200657367706,10.0,3.0,0.4226865768432617,279.65342714190484
DiscreteSAC,125,final,238,3238,-0.6709278941154482,10.0,4.0,0.3106161952018738,18959.926489144564
DiscreteSAC,125,final,239,3239,0.26787126541137696,7.0,4.0,0.693968653678894,-0.2864663856370108
DiscreteSAC,125,final,240,3240,-0.19679427623748774,8.0,5.0,0.6097273826599121,0.3078613057732582
DiscreteSAC,125,final,241,3241,-0.34995509386062623,10.0,4.0,0.9697389006614685,2265.9565268218516
DiscreteSAC,125,final,242,3242,-0.3572705745697021,10.0,6.0,0.54786616563797,154.33506750166416
DiscreteSAC,125,final,243,3243,-0.5716067969799042,10.0,4.0,0.20794561505317688,-0.24941553473472594
DiscreteSAC,125,final,244,3244,-0.12916641235351564,10.0,7.0,0.7369682192802429,85.1338465064764
DiscreteSAC,125,final,245,3245,-0.36946208477020265,10.0,4.0,0.742763340473175,563.7475265324116
DiscreteSAC,125,final,246,3246,-0.41732497215270997,10.0,4.0,1.0414421558380127,0.025169819593429565
DiscreteSAC,125,final,247,3247,-0.3998389625549316,9.0,3.0,1.139301061630249,58.30344788895713
DiscreteSAC,125,final,248,3248,-0.4773282647132873,10.0,5.0,0.624457061290741,0.45356855988502504
DiscreteSAC,125,final,249,3249,-0.5529772460460664,10.0,4.0,0.3876979351043701,96.25217490196228
DiscreteSAC,125,final,250,3250,-0.3703942060470581,10.0,3.0,0.6649379730224609,1.6096632361412049
DiscreteSAC,125,final,251,3251,-0.3090536022186279,9.0,5.0,0.46429046988487244,40.713849200142754
DiscreteSAC,125,final,252,3252,-0.5382004916667938,10.0,5.0,0.43170779943466187,497.64623668789864
DiscreteSAC,125,final,253,3253,-0.4601622432470322,10.0,6.0,0.30537065863609314,-0.4226663112640381
DiscreteSAC,125,final,254,3254,-0.21527863740921024,10.0,4.0,0.613251805305481,228.43931463956832
DiscreteSAC,125,final,255,3255,-0.5084182024002075,10.0,3.0,0.6337671279907227,407.472486025095
DiscreteSAC,125,final,256,3256,-0.5065024912357331,10.0,4.0,0.3383951485157013,-0.19865560233592988
DiscreteSAC,125,final,257,3257,-0.3602138161659241,10.0,3.0,0.6430726647377014,7.9639544069767
DiscreteSAC,125,final,258,3258,-0.17731174230575564,10.0,5.0,0.8393440842628479,-6.229887673258782
DiscreteSAC,125,final,259,3259,-0.6886503934860231,10.0,5.0,0.6382127404212952,28.01555089354515
DiscreteSAC,125,final,260,3260,-0.05264464020729066,10.0,5.0,0.3754884898662567,0.17386410832405091
DiscreteSAC,125,final,261,3261,0.08733765482902528,5.0,3.0,0.35075145959854126,-0.3530976414680481
DiscreteSAC,125,final,262,3262,-0.44536110758781433,10.0,3.0,0.20915845036506653,-0.48032909333705903
DiscreteSAC,125,final,263,3263,-0.34533876419067383,9.0,5.0,0.5235305428504944,-0.6178474161359999
DiscreteSAC,125,final,264,3264,-0.3139471888542176,10.0,7.0,0.6861165761947632,-0.6011569321155548
DiscreteSAC,125,final,265,3265,-0.3434372186660767,10.0,5.0,0.5059909224510193,-0.6337815821170807
DiscreteSAC,125,final,266,3266,-0.12780230045318602,10.0,7.0,0.8061125874519348,0.821490740776062
DiscreteSAC,125,final,267,3267,-0.4432690978050232,10.0,5.0,0.9456883072853088,509.19664415717125
DiscreteSAC,125,final,268,3268,-0.25622136592864986,10.0,6.0,0.7567219734191895,-0.025375443696975707
DiscreteSAC,125,final,269,3269,-0.43203164339065553,10.0,4.0,0.7821974158287048,207.8999939262867
DiscreteSAC,125,final,270,3270,-0.2772687315940857,10.0,7.0,0.2405575066804886,0.3656170845031738
DiscreteSAC,125,final,271,3271,0.09000000000000001,1.0,1.0,0.22529847919940948,0.019247770309448242
DiscreteSAC,125,final,272,3272,-0.08520706772804258,3.0,3.0,0.581001877784729,401.38644174734753
DiscreteSAC,125,final,273,3273,-0.4197248756885528,10.0,5.0,0.33272784948349,4.029165196418762
DiscreteSAC,125,final,274,3274,-0.4953813970088959,10.0,4.0,0.5438907742500305,0.9939614832401276
DiscreteSAC,125,final,275,3275,-0.5574334532022477,10.0,4.0,0.3305645287036896,167.69029274582863
DiscreteSAC,125,final,276,3276,-0.23880792856216432,10.0,4.0,0.8385326266288757,-3.4003123104572297
DiscreteSAC,125,final,277,3277,-0.37383313179016114,10.0,4.0,0.6542145013809204,1903.3076770693065
DiscreteSAC,125,final,278,3278,-0.34354515075683595,10.0,4.0,0.4169231057167053,1.443547284603119
DiscreteSAC,125,final,279,3279,-0.4164498418569565,10.0,4.0,0.2451755553483963,15.719199103116988
DiscreteSAC,125,final,280,3280,-0.54898641705513,10.0,4.0,0.4706517159938812,0.07481082081794739
DiscreteSAC,125,final,281,3281,-0.2866100907325745,10.0,5.0,0.6177400946617126,176.79031324386597
DiscreteSAC,125,final,282,3282,-0.20341469287872316,9.0,6.0,0.6133710741996765,51.86631163623598
DiscreteSAC,125,final,283,3283,-0.20962856233119964,7.0,4.0,0.33416318893432617,1.2840079494885035
DiscreteSAC,125,final,284,3284,-0.00328671932220459,5.0,4.0,0.3654463589191437,-6.389949381351471
DiscreteSAC,125,final,285,3285,0.06719614028930665,4.0,3.0,0.9718590974807739,0.07649707049131393
DiscreteSAC,125,final,286,3286,-0.35934747457504274,10.0,4.0,0.6961392164230347,0.4286255121231079
DiscreteSAC,125,final,287,3287,-0.21065595149993901,10.0,5.0,1.0484035015106201,-0.2112683653831482
DiscreteSAC,125,final,288,3288,-0.3993845969438553,10.0,5.0,0.20068824291229248,-0.2614615261554718
DiscreteSAC,125,final,289,3289,-0.13636492490768434,10.0,7.0,0.6787731051445007,1.2829721987247467
DiscreteSAC,125,final,290,3290,-0.49339338541030886,10.0,5.0,0.4367142617702484,-0.2988673597574234
DiscreteSAC,125,final,291,3291,-0.34382624030113224,10.0,6.0,0.4360732436180115,-0.2941579222679138
DiscreteSAC,125,final,292,3292,-0.5271006941795349,10.0,4.0,0.5357674956321716,2.2051849544048308
DiscreteSAC,125,final,293,3293,-0.3161403596401215,10.0,6.0,0.4704296886920929,-0.3082541346549988
DiscreteSAC,125,final,294,3294,-0.49330107271671303,10.0,5.0,0.326186865568161,-0.4509745270013809
DiscreteSAC,125,final,295,3295,-0.10569242715835571,8.0,3.0,0.5840214490890503,-0.47192276269197464
DiscreteSAC,125,final,296,3296,-0.07205575466156004,6.0,4.0,0.7773390412330627,617.2711563706398
DiscreteSAC,125,final,297,3297,-0.17901042103767395,10.0,3.0,0.44482460618019104,-0.1987197995185852
DiscreteSAC,125,final,298,3298,-0.4658277750015259,10.0,4.0,0.2243119329214096,-0.40725662410259245
DiscreteSAC,125,final,299,3299,-0.508383047580719,10.0,4.0,0.7374164462089539,-0.2902814507484436
DiscreteSAC,125,final,300,3300,0.035136619806289675,4.0,3.0,0.37280765175819397,720.733976252377
DiscreteSAC,125,final,301,3301,-0.37839999198913576,10.0,5.0,0.6382814645767212,12.257636526226998
DiscreteSAC,125,final,302,3302,-0.2759268403053284,10.0,4.0,0.6387345194816589,181.4152943789959
DiscreteSAC,125,final,303,3303,-0.10043375968933106,8.0,4.0,0.7857287526130676,-8.576031118631363
DiscreteSAC,125,final,304,3304,-0.08458297967910768,7.0,4.0,0.8700991868972778,0.1211081828389849
DiscreteSAC,125,final,305,3305,-0.5468814849853516,10.0,2.0,0.6873736381530762,0.6883377850055694
DiscreteSAC,125,final,306,3306,-0.4106879591941834,10.0,6.0,0.6352982521057129,94.47086617648601
DiscreteSAC,125,final,307,3307,-0.23442188501358033,10.0,6.0,0.8413477540016174,-0.32347608506679537
DiscreteSAC,125,final,308,3308,-0.29849973917007444,10.0,6.0,0.5708138346672058,159.62056644558908
DiscreteSAC,125,final,309,3309,-0.1379443860054016,6.0,3.0,0.6972340941429138,15.368611882130304
DiscreteSAC,125,final,310,3310,-0.2519080996513367,10.0,6.0,0.902763307094574,163.06039584875106
DiscreteSAC,125,final,311,3311,0.0786769986152649,5.0,4.0,0.7227155566215515,0.6971884489059448
DiscreteSAC,125,final,312,3312,-0.3237122476100921,10.0,4.0,0.4280981421470642,4.5471041142940525
DiscreteSAC,125,final,313,3313,-0.46585984230041505,10.0,4.0,0.7202855944633484,0.32886902093887327
DiscreteSAC,125,final,314,3314,-0.34518047571182253,10.0,5.0,0.6038863062858582,12.40388818383217
DiscreteSAC,125,final,315,3315,-0.7180072069168093,10.0,3.0,0.4899320602416992,0.895641079545021
DiscreteSAC,125,final,316,3316,-0.2272772312164307,10.0,4.0,1.174930214881897,139.60795596837997
DiscreteSAC,125,final,317,3317,-0.5096500307321549,10.0,5.0,0.27913573384284973,0.5081162571907043
DiscreteSAC,125,final,318,3318,-0.4052399516105652,10.0,4.0,0.16516201198101044,1.2001809805631638
DiscreteSAC,125,final,319,3319,-0.22116700887680052,8.0,3.0,0.8756847977638245,-0.4338234215974808
DiscreteSAC,125,final,320,3320,-0.021346323192119585,5.0,4.0,0.09994637221097946,-0.31905622482299806
DiscreteSAC,125,final,321,3321,0.08186185359954835,5.0,4.0,0.7029598355293274,1.4228001594543458
DiscreteSAC,125,final,322,3322,-0.09103992462158204,8.0,2.0,0.9687957763671875,-0.21746984124183655
DiscreteSAC,125,final,323,3323,-0.3507998526096344,10.0,5.0,0.3784438967704773,0.2037174731492996
DiscreteSAC,125,final,324,3324,-0.5890282618999482,8.0,4.0,0.8575061559677124,1.436755232512951
DiscreteSAC,125,final,325,3325,-0.17240373492240907,10.0,6.0,0.2600899934768677,-0.12611765861511232
DiscreteSAC,125,final,326,3326,-0.3934684567153454,10.0,6.0,0.08740222454071045,4.518545460700989
DiscreteSAC,125,final,327,3327,-0.5649303317070007,10.0,4.0,0.5359963774681091,2018.6618112564088
DiscreteSAC,125,final,328,3328,-0.18314366340637206,10.0,7.0,1.2368443012237549,36.37874477505684
DiscreteSAC,125,final,329,3329,-0.2677447724342346,8.0,4.0,0.8194121718406677,21.974168479442596
DiscreteSAC,125,final,330,3330,-0.008238604068756095,4.0,3.0,0.6784696578979492,1.0599639862775803
DiscreteSAC,125,final,331,3331,-0.16392481088638305,6.0,4.0,0.28084951639175415,28.8504376411438
DiscreteSAC,125,final,332,3332,-0.04680555820465089,6.0,4.0,0.7605714797973633,130.97449789444605
DiscreteSAC,125,final,333,3333,-0.15005092620849608,10.0,4.0,1.0371431112289429,3.9285140454769136
DiscreteSAC,125,final,334,3334,-0.1568463170528412,9.0,5.0,0.14981766045093536,891.7709558275011
DiscreteSAC,125,final,335,3335,-0.5760939568281175,10.0,3.0,0.3061448931694031,2.016902595758438
DiscreteSAC,125,final,336,3336,-0.028632745742797852,6.0,3.0,0.5815156102180481,129.92178316911063
DiscreteSAC,125,final,337,3337,-0.3424675869941711,8.0,3.0,0.8029932975769043,265.774774774909
DiscreteSAC,125,final,338,3338,-0.3495393916964531,10.0,5.0,0.1656874567270279,9.773303753137588
DiscreteSAC,125,final,339,3339,-0.11223361730575561,9.0,3.0,0.7655550241470337,1.374278982480367
DiscreteSAC,125,final,340,3340,0.05539143800735474,3.0,3.0,0.6880019903182983,7.628414332866669
DiscreteSAC,125,final,341,3341,-0.3461892127990723,10.0,4.0,0.7299326658248901,19.407549446821214
DiscreteSAC,125,final,342,3342,-0.321051561832428,10.0,5.0,0.7393893599510193,3.0681503653526305
DiscreteSAC,125,final,343,3343,-0.5621908783912659,10.0,2.0,0.5234565138816833,0.4944590896368027
DiscreteSAC,125,final,344,3344,0.01871696293354036,2.0,2.0,0.18975092470645905,0.24671414494514465
DiscreteSAC,125,final,345,3345,-0.4511531114578247,10.0,4.0,0.7633599638938904,478.7572336286306
DiscreteSAC,125,final,346,3346,-0.38515810966491704,10.0,2.0,0.9101182222366333,236.717876547575
DiscreteSAC,125,final,347,3347,-0.46085880398750306,10.0,4.0,0.36014610528945923,2.5128849327564238
DiscreteSAC,125,final,348,3348,-0.49046280384063723,10.0,5.0,0.7310964465141296,700.1750551760197
DiscreteSAC,125,final,349,3349,0.07283955812454225,5.0,4.0,0.26663103699684143,3.335076379776001
DiscreteSAC,125,final,350,3350,-0.35951189994812016,10.0,7.0,0.48476237058639526,327.6941615402699
DiscreteSAC,125,final,351,3351,-0.24291941285133362,6.0,4.0,0.35047832131385803,0.4450424214204152
DiscreteSAC,125,final,352,3352,-0.4603432536125183,10.0,4.0,0.9091903567314148,6786.9286283612255
DiscreteSAC,125,final,353,3353,-0.2989222288131714,10.0,7.0,0.8179340362548828,4.684520530700683
DiscreteSAC,125,final,354,3354,-0.33444889783859255,10.0,5.0,0.8137722611427307,514.5003519296646
DiscreteSAC,125,final,355,3355,-0.23187083542346953,9.0,4.0,0.2449481338262558,2.55266371038225
DiscreteSAC,125,final,356,3356,-0.3283968806266785,10.0,5.0,0.7207006216049194,3.761568915843964
DiscreteSAC,125,final,357,3357,-0.19490010738372804,10.0,4.0,0.601989209651947,85.06442564725876
DiscreteSAC,125,final,358,3358,-0.368815016746521,10.0,4.0,0.9397655725479126,0.6082536369562149
DiscreteSAC,125,final,359,3359,-0.6039994686841966,10.0,2.0,0.21274051070213318,1102.2886761367322
DiscreteSAC,125,final,360,3360,-0.31891683340072635,10.0,6.0,0.40360572934150696,0.9542952120304108
DiscreteSAC,125,final,361,3361,-0.34059622287750246,10.0,5.0,0.9117627739906311,117.88783943057061
DiscreteSAC,125,final,362,3362,-0.34433038234710694,10.0,4.0,0.5509129166603088,1845.6631656467914
DiscreteSAC,125,final,363,3363,-0.34724977016448977,10.0,5.0,0.7504137754440308,21.63383904695511
DiscreteSAC,125,final,364,3364,-0.5047398000955582,10.0,5.0,0.29493576288223267,210.58542907238007
DiscreteSAC,125,final,365,3365,-0.28766085505485534,10.0,2.0,0.4260033667087555,289.9496390044689
DiscreteSAC,125,final,366,3366,-0.35405954122543337,10.0,5.0,0.7420463562011719,5.444501620531082
DiscreteSAC,125,final,367,3367,0.09249186515808105,5.0,4.0,0.8532266020774841,-7.041974925994873
DiscreteSAC,125,final,368,3368,-0.2768571257591248,10.0,7.0,0.340923935174942,627.5376873552799
DiscreteSAC,125,final,369,3369,-0.5688780546188356,10.0,3.0,0.418024480342865,93.41030516624451
DiscreteSAC,125,final,370,3370,-0.4656078338623047,10.0,4.0,0.5979767441749573,0.03265810012817383
DiscreteSAC,125,final,371,3371,-0.7809637427330018,10.0,5.0,0.7177118062973022,0.24649372100830078
DiscreteSAC,125,final,372,3372,-0.4680426388978958,10.0,4.0,0.10830486565828323,0.36169263124465945
DiscreteSAC,125,final,373,3373,-0.5608388781547546,10.0,3.0,0.40827640891075134,2481.0586494088175
DiscreteSAC,125,final,374,3374,-0.5061694175004959,10.0,5.0,0.34377574920654297,161.26000324487686
DiscreteSAC,125,final,375,3375,-0.20032964468002318,7.0,3.0,0.3323807120323181,10.590505259377617
DiscreteSAC,125,final,376,3376,0.09505925774574281,5.0,3.0,0.46726199984550476,2.237134885787964
DiscreteSAC,125,final,377,3377,0.09000000000000001,1.0,1.0,0.36868736147880554,2.441464424133301
DiscreteSAC,125,final,378,3378,-0.4295888364315033,10.0,4.0,0.09382142126560211,200.95868663787843
DiscreteSAC,125,final,379,3379,-0.14806740283966066,10.0,7.0,0.5747246742248535,1.3547570645809173
DiscreteSAC,125,final,380,3380,-0.47023898363113403,10.0,3.0,0.550637423992157,109.5591931849718
DiscreteSAC,125,final,381,3381,-0.655659329891205,10.0,4.0,0.9236241579055786,38.044122841954234
DiscreteSAC,125,final,382,3382,-0.3538639903068543,10.0,6.0,0.3390108644962311,15.417392975091934
DiscreteSAC,125,final,383,3383,-0.4479867279529572,10.0,6.0,0.37159615755081177,1.0612972855567933
DiscreteSAC,125,final,384,3384,-0.29012306928634646,10.0,5.0,0.909803569316864,0.779859870672226
DiscreteSAC,125,final,385,3385,0.2291922736167908,2.0,2.0,0.9466354250907898,44.30750685930252
DiscreteSAC,125,final,386,3386,0.024267855882644657,9.0,7.0,0.274189829826355,0.3904513981607225
DiscreteSAC,125,final,387,3387,-0.6161430254578592,10.0,3.0,0.2378775179386139,76.45690308213234
DiscreteSAC,125,final,388,3388,-0.34051833152771,10.0,6.0,0.8183170557022095,1.4856453716754914
DiscreteSAC,125,final,389,3389,0.11585766315460208,6.0,4.0,0.46906501054763794,67773.36198419333
DiscreteSAC,125,final,390,3390,-0.5044059395790099,10.0,5.0,0.24788382649421692,1.364598423242569
DiscreteSAC,125,final,391,3391,-0.29027929186820983,8.0,4.0,0.5928011536598206,1.1207223236560822
DiscreteSAC,125,final,392,3392,0.11972137212753296,3.0,2.0,0.9495062232017517,0.367718239625295
DiscreteSAC,125,final,393,3393,-0.33664129734039305,6.0,3.0,0.7705926299095154,0.38189247747262317
DiscreteSAC,125,final,394,3394,-0.012749550342559798,6.0,4.0,0.7244764566421509,0.6060527265071869
DiscreteSAC,125,final,395,3395,0.21430707693099976,3.0,3.0,0.5316622257232666,0.05384629964828491
DiscreteSAC,125,final,396,3396,-0.059598541259765644,10.0,6.0,0.6977270841598511,10.965636625885963
DiscreteSAC,125,final,397,3397,-0.48951735496521,10.0,5.0,0.27407941222190857,4784.061801826954
DiscreteSAC,125,final,398,3398,0.23544705867767335,4.0,3.0,0.8598885536193848,0.92642642557621
DiscreteSAC,125,final,399,3399,-0.4352898955345154,10.0,6.0,0.5201829671859741,2524.6005913972854
DiscreteSAC,125,final,400,3400,0.1220155280828476,3.0,3.0,0.22010616958141327,1.9510812759399414
DiscreteSAC,125,final,401,3401,-0.4538076639175415,10.0,4.0,0.694284975528717,27108.706042933463
DiscreteSAC,125,final,402,3402,-0.3263604283332825,10.0,5.0,0.42856621742248535,1.9277630627155304
DiscreteSAC,125,final,403,3403,-0.4167318522930145,10.0,4.0,0.26421067118644714,0.8348093211650849
DiscreteSAC,125,final,404,3404,-0.5241458714008331,10.0,3.0,0.36409324407577515,0.6724230885505676
DiscreteSAC,125,final,405,3405,-0.06511941313743592,6.0,4.0,0.33876174688339233,0.3383449812730153
DiscreteSAC,125,final,406,3406,0.05630713701248167,10.0,5.0,0.3848147392272949,0.32136921882629393
DiscreteSAC,125,final,407,3407,-0.6813291716575623,8.0,3.0,1.0436853170394897,25000.87901341915
DiscreteSAC,125,final,408,3408,-0.3780474901199341,10.0,5.0,1.150862693786621,0.7614364355802536
DiscreteSAC,125,final,409,3409,-0.16985827684402466,5.0,4.0,0.6122363209724426,0.5764187157154084
DiscreteSAC,125,final,410,3410,-0.13604631841182707,7.0,3.0,0.17526958882808685,0.699567369052342
DiscreteSAC,125,final,411,3411,0.011220941543579097,4.0,3.0,0.48868221044540405,0.6902323812246323
DiscreteSAC,125,final,412,3412,-0.2861887693405151,10.0,4.0,0.6214472651481628,0.2288171261548996
DiscreteSAC,125,final,413,3413,0.11208653450012207,5.0,4.0,0.6372351050376892,0.4043692946434021
DiscreteSAC,125,final,414,3414,-0.15600775718688964,9.0,4.0,0.5871455073356628,0.23453155491087171
DiscreteSAC,125,final,415,3415,0.06264514446258546,3.0,3.0,0.8877522349357605,-0.055960655212402344
DiscreteSAC,125,final,416,3416,-0.15853612899780273,8.0,4.0,0.663429856300354,0.12268707156181335
DiscreteSAC,125,final,417,3417,-0.1512491822242737,10.0,4.0,0.9751775860786438,-0.040829133987426755
DiscreteSAC,125,final,418,3418,-0.9872458696365358,10.0,4.0,1.0661747455596924,0.033996737003326415
DiscreteSAC,125,final,419,3419,-0.5087240457534791,10.0,4.0,0.9738687872886658,-0.015261393785476685
DiscreteSAC,125,final,420,3420,-0.6025114893913269,10.0,5.0,0.5034691095352173,-0.14210232496261596
DiscreteSAC,125,final,421,3421,0.0868767273426056,3.0,3.0,0.4927721917629242,-0.03081635634104411
DiscreteSAC,125,final,422,3422,-0.4465517520904541,10.0,4.0,0.742776095867157,-0.053240728378295896
DiscreteSAC,125,final,423,3423,-0.08067625999450685,9.0,5.0,0.6526902318000793,-0.1984057194656796
DiscreteSAC,125,final,424,3424,-0.1035949718952179,2.0,2.0,0.4793281555175781,-0.4475274235010147
DiscreteSAC,125,final,425,3425,-0.52360178232193,10.0,4.0,0.8877028822898865,-0.28399730622768404
DiscreteSAC,125,final,426,3426,-0.31011806726455693,10.0,7.0,0.5335401892662048,-0.2930252134799957
DiscreteSAC,125,final,427,3427,-0.33994372725486754,9.0,4.0,0.5283342003822327,-0.2695194052325355
DiscreteSAC,125,final,428,3428,-0.23589344024658204,10.0,4.0,0.593393862247467,-0.23894871771335602
DiscreteSAC,125,final,429,3429,-0.5475800037384033,10.0,3.0,0.43779683113098145,19475.972042986752
DiscreteSAC,125,final,430,3430,-0.0721264410018921,8.0,4.0,1.013541579246521,535.118613421917
DiscreteSAC,125,final,431,3431,-0.5820336937904359,10.0,3.0,0.2805032432079315,4287.952618813515
DiscreteSAC,125,final,432,3432,-0.34518797397613527,10.0,4.0,0.7210112810134888,246.87327341735363
DiscreteSAC,125,final,433,3433,-0.6279664278030395,10.0,5.0,0.42177972197532654,103.58937510252
DiscreteSAC,125,final,434,3434,-0.16838604927062983,7.0,5.0,0.3844018280506134,-0.005006585802350726
DiscreteSAC,125,final,435,3435,-0.5644391298294068,10.0,4.0,1.1423555612564087,-0.07581055164337158
DiscreteSAC,125,final,436,3436,-0.07378350973129273,8.0,4.0,0.6121202111244202,-0.26586948707699776
DiscreteSAC,125,final,437,3437,-0.25009081840515135,8.0,3.0,0.5349603891372681,2574.5131320357323
DiscreteSAC,125,final,438,3438,-0.461568558216095,10.0,5.0,0.7311932444572449,0.13245197832584382
DiscreteSAC,125,final,439,3439,-0.2772866865992546,6.0,3.0,0.2617736756801605,-0.2757541636625926
DiscreteSAC,125,final,440,3440,-0.10172116756439208,10.0,5.0,0.5535602569580078,2668.1566686660053
DiscreteSAC,125,final,441,3441,-0.5710772514343262,10.0,5.0,0.6355108618736267,-0.16699432134628295
DiscreteSAC,125,final,442,3442,-0.3840488433837891,10.0,5.0,0.5816674828529358,-0.3177997052669525
DiscreteSAC,125,final,443,3443,-0.4408364832401276,10.0,5.0,0.4568765163421631,3048.568580275774
DiscreteSAC,125,final,444,3444,-0.8419622004032137,10.0,4.0,0.6380676031112671,0.18699716329574584
DiscreteSAC,125,final,445,3445,-0.29586437344551086,10.0,3.0,0.38399019837379456,-0.1868499755859375
DiscreteSAC,125,final,446,3446,-0.36251641511917115,10.0,4.0,0.6854545474052429,1304.718049955368
DiscreteSAC,125,final,447,3447,-0.19710975885391235,10.0,5.0,0.7810760140419006,2366.1909224390984
DiscreteSAC,125,final,448,3448,-0.41818989515304567,10.0,4.0,0.8800142407417297,0.5236132502555847
DiscreteSAC,125,final,449,3449,-0.4872047781944275,10.0,2.0,0.7163327932357788,17.034216225147247
DiscreteSAC,125,final,450,3450,-0.349425208568573,10.0,4.0,0.31758812069892883,149.10138192772865
DiscreteSAC,125,final,451,3451,-0.262400221824646,10.0,4.0,0.6549286246299744,0.3030424892902374
DiscreteSAC,125,final,452,3452,0.19074112176895142,5.0,4.0,0.6241291165351868,0.12735739946365357
DiscreteSAC,125,final,453,3453,0.2832977342605591,7.0,3.0,0.345334529876709,0.06538044554846627
DiscreteSAC,125,final,454,3454,-0.5491682529449463,10.0,5.0,0.7146115899085999,3319.211482936144
DiscreteSAC,125,final,455,3455,0.12024809002876283,7.0,6.0,0.3596760332584381,1.4926419258117676
DiscreteSAC,125,final,456,3456,-0.46222217082977296,10.0,4.0,0.3367989659309387,1.2818339884281158
DiscreteSAC,125,final,457,3457,-0.2987755584716797,8.0,5.0,0.6289505958557129,0.46829579025506973
DiscreteSAC,125,final,458,3458,-0.5535281121730805,10.0,4.0,0.2990964353084564,907.9048513293267
DiscreteSAC,125,final,459,3459,-0.3608593106269837,10.0,6.0,0.8567976951599121,0.3453559994697571
DiscreteSAC,125,final,460,3460,-0.5003675937652589,10.0,4.0,0.4214819371700287,0.29606913924217226
DiscreteSAC,125,final,461,3461,-0.3467008948326111,10.0,7.0,0.7166467308998108,0.2529313325881958
DiscreteSAC,125,final,462,3462,-0.5341468334197998,10.0,2.0,1.1460670232772827,0.12406366765499115
DiscreteSAC,125,final,463,3463,-0.27155567407608033,10.0,4.0,0.5114509463310242,-0.1562432050704956
DiscreteSAC,125,final,464,3464,-0.15662267804145816,10.0,3.0,0.41122815012931824,715.5753718614578
DiscreteSAC,125,final,465,3465,0.0644185495376587,8.0,5.0,0.6086580157279968,0.3226005956530571
DiscreteSAC,125,final,466,3466,-0.1257221341133118,10.0,5.0,0.8930574059486389,-0.22801174521446227
DiscreteSAC,125,final,467,3467,-0.3818941831588745,10.0,4.0,0.684651255607605,-0.07458505034446716
DiscreteSAC,125,final,468,3468,-0.5389663994312287,10.0,4.0,0.38444262742996216,-0.27689912021160124
DiscreteSAC,125,final,469,3469,-0.27658296704292296,8.0,3.0,0.5348782539367676,-0.16569844633340836
DiscreteSAC,125,final,470,3470,-0.4579863667488098,10.0,4.0,0.39890891313552856,0.33345243632793425
DiscreteSAC,125,final,471,3471,-0.3865617632865906,10.0,4.0,0.5537513494491577,-0.29130229353904724
DiscreteSAC,125,final,472,3472,-0.4914150774478912,10.0,5.0,0.3708392083644867,111.58387976884842
DiscreteSAC,125,final,473,3473,-0.30707290172576907,10.0,5.0,0.6319690346717834,1.5679817080497742
DiscreteSAC,125,final,474,3474,-0.38190771341323854,10.0,4.0,0.8050310015678406,326.28225578665734
DiscreteSAC,125,final,475,3475,-0.4629560649394989,10.0,5.0,0.3667098581790924,0.008633226156234741
DiscreteSAC,125,final,476,3476,-0.7675227642059328,10.0,4.0,0.6609986424446106,-0.24138550758361815
DiscreteSAC,125,final,477,3477,-0.2675153970718384,10.0,6.0,0.8565836548805237,1032.738280442357
DiscreteSAC,125,final,478,3478,-0.19019393920898442,10.0,7.0,0.68617182970047,0.1248083233833313
DiscreteSAC,125,final,479,3479,-0.2810022303462028,9.0,6.0,0.24561052024364471,0.23225190242131552
DiscreteSAC,125,final,480,3480,-0.17885313987731932,6.0,3.0,0.5105201601982117,-0.029529651006062824
DiscreteSAC,125,final,481,3481,-0.44658124446868896,10.0,3.0,0.8150151968002319,-0.1906897634267807
DiscreteSAC,125,final,482,3482,-0.16605528593063354,10.0,5.0,0.7029040455818176,-0.21087320446968078
DiscreteSAC,125,final,483,3483,-0.3513489270210266,9.0,4.0,0.5876284241676331,-0.2900470395882924
DiscreteSAC,125,final,484,3484,-0.35326649546623234,10.0,7.0,0.46689334511756897,-0.16818368136882783
DiscreteSAC,125,final,485,3485,-0.47418306171894076,10.0,5.0,0.14580745995044708,-0.32617939114570615
DiscreteSAC,125,final,486,3486,-0.472879034280777,10.0,4.0,0.2547643780708313,238.63099639117718
DiscreteSAC,125,final,487,3487,-0.025218621492385865,6.0,3.0,0.48519495129585266,-0.37101253867149353
DiscreteSAC,125,final,488,3488,-0.34901130199432373,10.0,3.0,0.7539740204811096,-0.37802752256393435
DiscreteSAC,125,final,489,3489,-0.5132971704006195,10.0,3.0,0.5103943943977356,-0.31552280485630035
DiscreteSAC,125,final,490,3490,-0.4111896753311157,10.0,3.0,0.6608870625495911,-0.3956317663192749
DiscreteSAC,125,final,491,3491,-0.4555776119232178,10.0,3.0,0.6609920859336853,26.306111574172974
DiscreteSAC,125,final,492,3492,-0.2422204554080963,10.0,5.0,0.2808278203010559,-0.07040762901306152
DiscreteSAC,125,final,493,3493,0.1676923704147339,3.0,3.0,0.702617347240448,-0.15091246366500854
DiscreteSAC,125,final,494,3494,-0.3198587417602539,10.0,4.0,1.100925326347351,261.43465408086774
DiscreteSAC,125,final,495,3495,-0.3277937650680542,10.0,4.0,0.814957320690155,-0.3571208953857422
DiscreteSAC,125,final,496,3496,-0.10584767103195193,9.0,6.0,0.4387858211994171,-0.37226683894793194
DiscreteSAC,125,final,497,3497,-0.4461869716644287,10.0,4.0,0.4047008454799652,-0.27451878488063813
DiscreteSAC,125,final,498,3498,-0.5008577942848206,10.0,5.0,0.7461472749710083,188.2296891450882
DiscreteSAC,125,final,499,3499,-0.6731951534748079,10.0,3.0,0.40560129284858704,-0.31719766855239867
DiscreteSAC,125,final,500,3500,-0.11659578919410706,9.0,6.0,0.23130595684051514,-0.354055470890469
DiscreteSAC,125,final,501,3501,-0.09604832649230956,7.0,2.0,0.585751473903656,-0.3901619442871639
DiscreteSAC,125,final,502,3502,-0.5711195468902589,10.0,3.0,0.6198396682739258,0.01673504114151001
DiscreteSAC,125,final,503,3503,-0.573884129524231,10.0,3.0,0.8409591317176819,-0.4103562742471695
DiscreteSAC,125,final,504,3504,-0.571159340441227,10.0,3.0,0.1478710025548935,-0.3786203980445862
DiscreteSAC,125,final,505,3505,-0.4447337508201599,10.0,4.0,0.6907067894935608,-0.3293338716030121
DiscreteSAC,125,final,506,3506,-0.3708242416381836,10.0,5.0,0.26432767510414124,-0.37630937099456785
DiscreteSAC,125,final,507,3507,-0.4801481902599335,10.0,5.0,0.21215032041072845,341.7232592821121
DiscreteSAC,125,final,508,3508,-0.626178950071335,10.0,3.0,0.5016326308250427,-0.17643772065639496
DiscreteSAC,125,final,509,3509,-0.13708129882812498,6.0,2.0,0.8964916467666626,-0.11675374706586202
DiscreteSAC,125,final,510,3510,-0.10685408353805544,9.0,5.0,0.6677572131156921,0.47385692927572465
DiscreteSAC,125,final,511,3511,-0.07786125481128693,4.0,3.0,0.24633942544460297,-0.06383595615625381
DiscreteSAC,125,final,512,3512,-0.5676148355007172,10.0,4.0,0.4247916638851166,3.6844717144966124
DiscreteSAC,125,final,513,3513,-0.5948967933654786,10.0,3.0,0.49344825744628906,0.016375204920768736
DiscreteSAC,125,final,514,3514,-0.1986354351043701,10.0,3.0,0.64902263879776,135.3378252029419
DiscreteSAC,125,final,515,3515,-0.4880697220563889,10.0,5.0,0.27168798446655273,105.3993040382862
DiscreteSAC,125,final,516,3516,-0.2861278772354126,10.0,4.0,0.6894500851631165,0.5686736583709717
DiscreteSAC,125,final,517,3517,-0.29615805387496946,9.0,3.0,0.8571860194206238,0.052862975332472056
DiscreteSAC,125,final,518,3518,-0.2676218509674072,10.0,6.0,0.8659190535545349,-0.18666262030601502
DiscreteSAC,125,final,519,3519,-0.41836040735244756,7.0,4.0,0.7323241233825684,39.230355833257946
DiscreteSAC,125,final,520,3520,-0.6010972261428834,10.0,3.0,0.4973635971546173,-0.11077728867530823
DiscreteSAC,125,final,521,3521,0.06150573968887331,7.0,4.0,0.5182247161865234,43.86759251356125
DiscreteSAC,125,final,522,3522,-0.4546049952507019,10.0,4.0,0.678411602973938,9.203738129138946
DiscreteSAC,125,final,523,3523,-0.4062278211116791,10.0,5.0,0.2372627705335617,3608.4053707778453
DiscreteSAC,125,final,524,3524,-0.016965560913085917,3.0,3.0,0.8904811143875122,1.497935136159261
DiscreteSAC,125,final,525,3525,0.21385265111923218,8.0,4.0,0.9107365012168884,2.2200975865125656
DiscreteSAC,125,final,526,3526,-0.5169765651226044,10.0,3.0,0.31870153546333313,4.033866834640503
DiscreteSAC,125,final,527,3527,-0.43608659505844116,10.0,3.0,0.6583952307701111,201.553981423378
DiscreteSAC,125,final,528,3528,-0.7715604603290559,10.0,3.0,0.6004019975662231,1.0399096131324768
DiscreteSAC,125,final,529,3529,-0.4082477957010269,10.0,4.0,0.18702878057956696,0.3563333511352539
DiscreteSAC,125,final,530,3530,-0.46779245138168335,10.0,3.0,0.7756742238998413,2.7305527329444885
DiscreteSAC,125,final,531,3531,-0.4469160556793213,10.0,4.0,0.8298591375350952,-0.635518479347229
DiscreteSAC,125,final,532,3532,-0.5073555111885071,10.0,3.0,0.3568563461303711,149.52585598230363
DiscreteSAC,125,final,533,3533,-0.0937214994430542,9.0,4.0,0.6254053115844727,152.17218454678854
DiscreteSAC,125,final,534,3534,-0.3334509015083313,10.0,4.0,0.6975029706954956,0.9232039213180542
DiscreteSAC,125,final,535,3535,-0.3164391160011292,10.0,5.0,0.6475691199302673,1.7747436881065368
DiscreteSAC,125,final,536,3536,-0.3341697037220001,10.0,4.0,0.2232360988855362,30.2392640709877
DiscreteSAC,125,final,537,3537,-0.5080942273139955,10.0,6.0,0.6026390790939331,-0.12242428660392761
DiscreteSAC,125,final,538,3538,-0.17671904325485227,6.0,2.0,0.6495569944381714,-0.11701859037081401
DiscreteSAC,125,final,539,3539,-0.29031575918197633,10.0,4.0,0.6464477777481079,20.626005423069
DiscreteSAC,125,final,540,3540,-0.26496115922927854,10.0,6.0,0.8242844939231873,-0.02587663531303406
DiscreteSAC,125,final,541,3541,-0.32406002283096313,10.0,3.0,0.7530112266540527,23.544283607602118
DiscreteSAC,125,final,542,3542,-0.338419508934021,10.0,4.0,0.8134878873825073,0.5754263758659363
DiscreteSAC,125,final,543,3543,-0.5026193976402282,10.0,4.0,0.7574768662452698,0.29918179512023924
DiscreteSAC,125,final,544,3544,-0.4270636558532715,10.0,4.0,0.8281392455101013,-0.0839181363582611
DiscreteSAC,125,final,545,3545,-0.35805337429046635,10.0,7.0,0.4791547954082489,-0.14666317105293275
DiscreteSAC,125,final,546,3546,-0.14264201164245605,9.0,4.0,1.1362961530685425,-0.1963833106888665
DiscreteSAC,125,final,547,3547,-0.472943377494812,10.0,4.0,0.6135592460632324,-0.3114028751850128
DiscreteSAC,125,final,548,3548,-0.4107427686452866,10.0,5.0,0.2097337245941162,33.88316075801849
DiscreteSAC,125,final,549,3549,0.03455431342124939,7.0,6.0,0.3448137640953064,-0.23087863411222184
DiscreteSAC,125,final,550,3550,-0.4033965080976486,10.0,3.0,0.26740792393684387,-0.19353338479995727
DiscreteSAC,125,final,551,3551,-0.3888809084892273,10.0,3.0,0.35237881541252136,-0.22326245307922363
DiscreteSAC,125,final,552,3552,-0.568842113018036,10.0,3.0,0.7100221514701843,3615.2172769844533
DiscreteSAC,125,final,553,3553,-0.27465301752090454,10.0,3.0,0.8117689490318298,21.227766394615173
DiscreteSAC,125,final,554,3554,-0.39888944625854494,10.0,5.0,0.5443622469902039,1.6345978796482086
DiscreteSAC,125,final,555,3555,-0.4961177825927734,10.0,4.0,0.7388973832130432,28.079036539793016
DiscreteSAC,125,final,556,3556,-0.503669035434723,10.0,4.0,0.3577534258365631,1.1593067646026611
DiscreteSAC,125,final,557,3557,-0.573994541168213,10.0,5.0,0.4587782025337219,0.5299415588378906
DiscreteSAC,125,final,558,3558,-0.5837713599205018,10.0,4.0,0.7218184471130371,0.04614714980125427
DiscreteSAC,125,final,559,3559,-0.24196253418922425,10.0,4.0,0.3580645024776459,0.06331535279750825
DiscreteSAC,125,final,560,3560,-0.4637870997190476,10.0,6.0,0.24032405018806458,-0.10096254348754882
DiscreteSAC,125,final,561,3561,-0.31464533805847167,10.0,4.0,0.5667482614517212,-0.02628646492958069
DiscreteSAC,125,final,562,3562,-0.5664447844028474,10.0,3.0,0.5408563017845154,-0.15210053324699402
DiscreteSAC,125,final,563,3563,-0.30463661789894103,9.0,4.0,0.3143391013145447,-0.2605347666475508
DiscreteSAC,125,final,564,3564,-0.40819724917411804,7.0,4.0,0.552465558052063,-0.18422608290399825
DiscreteSAC,125,final,565,3565,-0.37566315531730654,10.0,5.0,0.4251628518104553,-0.21234366297721863
DiscreteSAC,125,final,566,3566,-0.1778836011886597,10.0,6.0,1.0315932035446167,15.607638651132584
DiscreteSAC,125,final,567,3567,-0.05739046454429626,2.0,2.0,0.6201617121696472,-0.40055224299430847
DiscreteSAC,125,final,568,3568,-0.26558133363723757,10.0,5.0,0.8282420039176941,-0.07404282689094543
DiscreteSAC,125,final,569,3569,0.10074360370635987,5.0,3.0,0.5610021352767944,-0.0511267364025116
DiscreteSAC,125,final,570,3570,0.06191658973693849,5.0,4.0,0.9772887229919434,65.37739964723588
DiscreteSAC,125,final,571,3571,-0.35663141310214996,10.0,3.0,0.2192540019750595,1.2839216023683548
DiscreteSAC,125,final,572,3572,-0.35580495595932005,10.0,3.0,0.6556833982467651,31.981008312106134
DiscreteSAC,125,final,573,3573,-0.4650027096271515,10.0,5.0,0.17254899442195892,324.19748439192773
DiscreteSAC,125,final,574,3574,-0.38775267004966735,10.0,4.0,0.405379056930542,-6.101616448163986
DiscreteSAC,125,final,575,3575,-0.3935402870178223,10.0,5.0,0.7616485953330994,-0.07432066798210143
DiscreteSAC,125,final,576,3576,0.09000000000000001,1.0,1.0,0.8778432011604309,-0.12885171175003052
DiscreteSAC,125,final,577,3577,-0.1980559456348419,8.0,4.0,0.4994798004627228,50314.359425097704
DiscreteSAC,125,final,578,3578,-0.21347473800182343,9.0,5.0,0.23496751487255096,1.6806803743044536
DiscreteSAC,125,final,579,3579,-0.40659714937210084,10.0,4.0,0.6861341595649719,3020.5505596518515
DiscreteSAC,125,final,580,3580,-0.021165766716003412,4.0,2.0,0.4202063977718353,0.4653082638978958
DiscreteSAC,125,final,581,3581,-0.053626036643981974,10.0,6.0,0.9356064796447754,1.368393886089325
DiscreteSAC,125,final,582,3582,-0.2691182994842529,9.0,4.0,0.317930668592453,0.562849654091729
DiscreteSAC,125,final,583,3583,-0.32292567491531377,10.0,2.0,0.7858952879905701,1330.2486896753312
DiscreteSAC,125,final,584,3584,-0.6180423289537431,10.0,5.0,0.3558213710784912,0.29773618578910827
DiscreteSAC,125,final,585,3585,-0.32538671493530275,10.0,4.0,0.7090576887130737,0.37798115611076355
DiscreteSAC,125,final,586,3586,-0.10163656383752824,6.0,4.0,0.15586982667446136,1543.6735082566738
DiscreteSAC,125,final,587,3587,-0.1755507493019104,9.0,4.0,0.6417503356933594,0.16846033599641588
DiscreteSAC,125,final,588,3588,-0.23613985776901247,10.0,5.0,0.8614781498908997,32515.171702718733
DiscreteSAC,125,final,589,3589,-0.03370893001556398,10.0,5.0,0.8357505798339844,0.6504293769598007
DiscreteSAC,125,final,590,3590,-0.20161924600601194,9.0,3.0,0.7088185548782349,0.7818220853805542
DiscreteSAC,125,final,591,3591,-0.3826654672622681,10.0,4.0,0.8802124857902527,0.13896854519844054
DiscreteSAC,125,final,592,3592,-0.09410911560058595,6.0,4.0,0.3512874245643616,-0.10124005873998006
DiscreteSAC,125,final,593,3593,-0.17131687402725224,10.0,4.0,0.4430222511291504,-0.18049604892730714
DiscreteSAC,125,final,594,3594,-0.5202214270830154,10.0,3.0,0.1486133188009262,-0.27310219407081604
DiscreteSAC,125,final,595,3595,0.05068351745605469,3.0,2.0,0.8725436925888062,-0.14026821653048197
DiscreteSAC,125,final,596,3596,-0.2515808019042015,8.0,5.0,0.2206045538187027,-0.2910989783704281
DiscreteSAC,125,final,597,3597,0.06134003400802612,5.0,4.0,0.8951857686042786,-0.35938711166381837
DiscreteSAC,125,final,598,3598,-0.4228833347558975,10.0,4.0,0.22904975712299347,-0.2388443797826767
DiscreteSAC,125,final,599,3599,-0.3570559296011924,8.0,5.0,0.34308570623397827,-0.37328609824180603
DiscreteSAC,125,final,600,3600,-0.9142501950263979,10.0,3.0,0.9660677909851074,-0.183004692196846
DiscreteSAC,125,final,601,3601,-0.3981385827064514,10.0,3.0,0.6013683676719666,23394.21941713393
DiscreteSAC,125,final,602,3602,-0.2631540942192077,8.0,5.0,0.8305320739746094,95.13001962378621
DiscreteSAC,125,final,603,3603,-0.20781370401382449,10.0,5.0,0.615346372127533,0.16714394390583037
DiscreteSAC,125,final,604,3604,-0.27399656772613523,10.0,3.0,0.9442135095596313,7.9462032943964
DiscreteSAC,125,final,605,3605,-0.34997738599777223,10.0,4.0,0.5551460385322571,-0.1279474288225174
DiscreteSAC,125,final,606,3606,-0.5313053965568543,10.0,5.0,0.5211164355278015,-0.2071055442094803
DiscreteSAC,125,final,607,3607,-0.22013460636138915,9.0,4.0,0.41553038358688354,7990.128288593557
DiscreteSAC,125,final,608,3608,0.025340504646301262,8.0,4.0,0.9391964673995972,-0.22610845416784286
DiscreteSAC,125,final,609,3609,0.09000000000000001,1.0,1.0,1.09380042552948,-0.14113837480545044
DiscreteSAC,125,final,610,3610,-0.41946920156478884,10.0,5.0,0.6916361451148987,-0.25425460040569303
DiscreteSAC,125,final,611,3611,-0.45303590297698976,10.0,4.0,0.730460524559021,2974.8745781958105
DiscreteSAC,125,final,612,3612,-0.06860339045524597,10.0,5.0,0.40952494740486145,2280.7398662924766
DiscreteSAC,125,final,613,3613,-0.039880286455154415,8.0,3.0,0.47150227427482605,169.53392084687948
DiscreteSAC,125,final,614,3614,-0.6389561414718627,10.0,4.0,0.7134557366371155,1.4633148670196534
DiscreteSAC,125,final,615,3615,-0.2538627862930297,5.0,3.0,1.0209715366363525,1.2022758722305298
DiscreteSAC,125,final,616,3616,-0.5263511985540392,10.0,5.0,0.415158212184906,0.5955065071582795
DiscreteSAC,125,final,617,3617,-0.17501677274703983,10.0,4.0,0.7363480925559998,1326.2638329565525
DiscreteSAC,125,final,618,3618,-0.4565786987543106,10.0,4.0,0.1411922425031662,0.6000335991382599
DiscreteSAC,125,final,619,3619,-0.3993986606597901,10.0,6.0,0.6057477593421936,0.2633764982223511
DiscreteSAC,125,final,620,3620,-0.47068719267845155,10.0,4.0,0.3073258399963379,0.4604121208190918
DiscreteSAC,125,final,621,3621,-0.7655678987503053,10.0,3.0,0.4939320981502533,216.0284342676401
DiscreteSAC,125,final,622,3622,-0.45255542993545533,10.0,4.0,0.3045654892921448,869.434111520648
DiscreteSAC,125,final,623,3623,-0.5865009367465974,10.0,5.0,0.5387578010559082,0.06203578114509582
DiscreteSAC,125,final,624,3624,-0.14626877307891845,10.0,7.0,0.7544592022895813,624.4442725449801
DiscreteSAC,125,final,625,3625,-0.5839508414268495,10.0,5.0,0.8777204751968384,1800.8308256864548
DiscreteSAC,125,final,626,3626,-0.29457586646080014,9.0,2.0,0.35206419229507446,0.4241915808783637
DiscreteSAC,125,final,627,3627,-0.061661736965179445,8.0,6.0,0.7382557988166809,2.69009105861187
DiscreteSAC,125,final,628,3628,-0.6276905775070192,10.0,5.0,0.8466790318489075,0.35741211771965026
DiscreteSAC,125,final,629,3629,-0.4048914313316345,10.0,3.0,0.8199933171272278,1143.3510060191154
DiscreteSAC,125,final,630,3630,-0.2008015275001526,10.0,6.0,0.7698118090629578,0.10061843395233154
DiscreteSAC,125,final,631,3631,-0.5655594497919083,10.0,2.0,0.16544584929943085,0.10845818519592285
DiscreteSAC,125,final,632,3632,-0.3546179294586182,10.0,6.0,0.8112230896949768,0.04039161801338196
DiscreteSAC,125,final,633,3633,-0.2569959163665772,10.0,3.0,0.6570504307746887,-0.032891714572906496
DiscreteSAC,125,final,634,3634,-0.3763042330741882,10.0,5.0,0.7027407884597778,-0.08852414488792419
DiscreteSAC,125,final,635,3635,-0.4036056756973267,10.0,6.0,0.6259189248085022,-0.12856733798980713
DiscreteSAC,125,final,636,3636,-0.303858745098114,10.0,4.0,0.8736076951026917,-0.16572235226631166
DiscreteSAC,125,final,637,3637,-0.42529523372650146,10.0,3.0,0.6001855731010437,35.35330871641636
DiscreteSAC,125,final,638,3638,-0.28180349469184873,10.0,3.0,0.47384992241859436,52.40030562877655
DiscreteSAC,125,final,639,3639,-0.07497878074645997,10.0,4.0,0.6724001169204712,15.864849817752837
DiscreteSAC,125,final,640,3640,-0.16495224118232726,8.0,4.0,0.46909183263778687,-0.11891364306211472
DiscreteSAC,125,final,641,3641,-0.14456534385681152,10.0,5.0,0.5700207948684692,134.04134941995144
DiscreteSAC,125,final,642,3642,-0.08450425386428832,7.0,5.0,0.6726199388504028,-0.11819005012512207
DiscreteSAC,125,final,643,3643,-0.5454488396644592,10.0,3.0,1.006373405456543,880.5329621493817
DiscreteSAC,125,final,644,3644,-0.3409539580345154,10.0,4.0,0.5008511543273926,-0.2126737654209137
DiscreteSAC,125,final,645,3645,-0.19435810327529907,8.0,4.0,0.33670833706855774,9.103780336678028
DiscreteSAC,125,final,646,3646,-0.4209542036056519,10.0,6.0,0.5426903963088989,-0.037076646089553834
DiscreteSAC,125,final,647,3647,-0.36271138191223146,10.0,4.0,0.6072874665260315,2.8752741634845735
DiscreteSAC,125,final,648,3648,-0.443269157409668,10.0,5.0,0.7927178740501404,590.7784614980221
DiscreteSAC,125,final,649,3649,-0.48461728990077974,10.0,4.0,0.2415393441915512,-0.06061146855354309
DiscreteSAC,125,final,650,3650,-0.1721037483215332,6.0,3.0,0.7195436358451843,-0.09189613660176595
DiscreteSAC,125,final,651,3651,-0.3956867575645447,10.0,4.0,0.2805716395378113,422.1171680212021
DiscreteSAC,125,final,652,3652,-0.25683070421218873,10.0,4.0,0.5421522259712219,306.83217456936836
DiscreteSAC,125,final,653,3653,-0.29103863239288336,10.0,3.0,0.6930014491081238,28.279431092739106
DiscreteSAC,125,final,654,3654,-0.07157996892929076,5.0,2.0,0.5543822050094604,-5.991103851795197
DiscreteSAC,125,final,655,3655,-0.05043393611907958,9.0,5.0,0.7210864424705505,0.09869127141104804
DiscreteSAC,125,final,656,3656,-0.37492170333862307,10.0,5.0,0.6800766587257385,273.4852361261845
DiscreteSAC,125,final,657,3657,-0.246188268661499,6.0,3.0,0.8280788660049438,1.5948094129562378
DiscreteSAC,125,final,658,3658,-0.3070234298706055,10.0,5.0,0.7732413411140442,0.6428781926631928
DiscreteSAC,125,final,659,3659,-0.27345533370971686,10.0,4.0,0.7229985594749451,0.08978649377822875
DiscreteSAC,125,final,660,3660,-0.6563624024391176,10.0,2.0,0.7180291414260864,0.9060358881950379
DiscreteSAC,125,final,661,3661,-0.3237291216850281,10.0,5.0,0.8031132817268372,45.36566373705864
DiscreteSAC,125,final,662,3662,0.07678984284400941,2.0,2.0,0.1093248650431633,1.6678540110588074
DiscreteSAC,125,final,663,3663,-0.7539683580398561,10.0,3.0,0.8142978549003601,10973.793531775475
DiscreteSAC,125,final,664,3664,0.0495726990699768,7.0,5.0,0.9887979626655579,162.32055122511727
DiscreteSAC,125,final,665,3665,-0.10860053211450578,6.0,4.0,0.16671636700630188,1.6072219610214233
DiscreteSAC,125,final,666,3666,-0.4256683111190796,10.0,4.0,0.8654203414916992,1.4831296622753143
DiscreteSAC,125,final,667,3667,0.05000922083854677,5.0,4.0,0.316361665725708,0.7278100490570069
DiscreteSAC,125,final,668,3668,-0.10541974008083342,5.0,4.0,0.2936493754386902,7617.321496415138
DiscreteSAC,125,final,669,3669,0.04726762771606446,5.0,3.0,0.36139222979545593,3.8320954561233522
DiscreteSAC,125,final,670,3670,-0.31778121292591094,10.0,4.0,0.25317659974098206,4.554554510116577
DiscreteSAC,125,final,671,3671,-0.34051146507263186,10.0,5.0,0.7983875870704651,275.3383141994476
DiscreteSAC,125,final,672,3672,-0.5788725197315217,10.0,2.0,0.33990368247032166,1.9570038318634033
DiscreteSAC,125,final,673,3673,-0.369911253452301,10.0,3.0,0.5930825471878052,37822.44556138515
DiscreteSAC,125,final,674,3674,-0.6520305395126345,10.0,4.0,0.366321325302124,1.8206496715545655
DiscreteSAC,125,final,675,3675,-0.4155163288116455,10.0,4.0,0.9559165835380554,1.8659350275993347
DiscreteSAC,125,final,676,3676,-0.5504006564617158,10.0,4.0,0.5719870328903198,0.6579092979431153
DiscreteSAC,125,final,677,3677,-0.35895321369171146,10.0,6.0,0.7890926599502563,0.4145582437515259
DiscreteSAC,125,final,678,3678,-0.4372647225856781,10.0,4.0,0.26290062069892883,0.0715869665145874
DiscreteSAC,125,final,679,3679,-0.4340077877044678,10.0,5.0,0.6779530644416809,-0.04673319458961487
DiscreteSAC,125,final,680,3680,-0.6978246092796325,10.0,4.0,0.9188295006752014,0.05775661468505859
DiscreteSAC,125,final,681,3681,-0.18175531625747682,10.0,6.0,0.8494939804077148,-0.06904962062835693
DiscreteSAC,125,final,682,3682,-0.5890157818794252,10.0,3.0,0.6442832350730896,-0.1825016885995865
DiscreteSAC,125,final,683,3683,-0.26663706302642826,10.0,6.0,0.3409075140953064,645.6757196068763
DiscreteSAC,125,final,684,3684,-0.23864748477935796,10.0,5.0,0.8641676902770996,1298.9040964484216
DiscreteSAC,125,final,685,3685,0.46573352575302124,4.0,4.0,0.832976758480072,16489.768689870834
DiscreteSAC,125,final,686,3686,-0.48479276299476626,10.0,5.0,0.3697572350502014,809.6937262773514
DiscreteSAC,125,final,687,3687,-0.23406700491905216,10.0,4.0,0.43365564942359924,2.6693303167819975
DiscreteSAC,125,final,688,3688,-0.12636624574661254,10.0,4.0,0.8689038157463074,0.7590795457363129
DiscreteSAC,125,final,689,3689,0.031086816787719726,6.0,3.0,1.1060458421707153,79.90720761815707
DiscreteSAC,125,final,690,3690,0.291534857749939,2.0,2.0,1.394870400428772,0.03972247242927551
DiscreteSAC,125,final,691,3691,-0.8222667694091799,10.0,4.0,0.9685776829719543,0.12672023177146913
DiscreteSAC,125,final,692,3692,-0.21064941406249998,7.0,3.0,0.9743677973747253,0.2531289543424334
DiscreteSAC,125,final,693,3693,-0.5262568414211274,10.0,4.0,0.21555092930793762,32.640121281147
DiscreteSAC,125,final,694,3694,0.04731755495071414,6.0,5.0,0.48992687463760376,-0.11128173271814983
DiscreteSAC,125,final,695,3695,-0.11212784707546238,6.0,6.0,0.279985249042511,1.2812591294447582
DiscreteSAC,125,final,696,3696,-0.5300805389881135,10.0,4.0,0.210750550031662,162.40647057294845
DiscreteSAC,125,final,697,3697,-0.20605027675628662,10.0,5.0,0.6856757998466492,667.1722450315953
DiscreteSAC,125,final,698,3698,-0.09862759500741959,4.0,3.0,0.23349228501319885,0.08357444405555725
DiscreteSAC,125,final,699,3699,-0.3662497526407242,6.0,4.0,0.4056227207183838,-0.05361275871594747
DiscreteSAC,125,final,700,3700,-0.03726887702941896,10.0,5.0,0.6762107014656067,0.06700384616851807
DiscreteSAC,125,final,701,3701,-0.19319622755050658,9.0,4.0,0.5555659532546997,-0.10440040959252252
DiscreteSAC,125,final,702,3702,-0.49765573978424077,9.0,4.0,0.8397076725959778,-0.13948550820350647
DiscreteSAC,125,final,703,3703,-0.6267906427383423,10.0,3.0,0.7294543385505676,-0.14699643552303315
DiscreteSAC,125,final,704,3704,-0.34198038578033446,10.0,4.0,0.55116206407547,-0.23500730395317077
DiscreteSAC,125,final,705,3705,-0.48239692449569704,10.0,5.0,0.247401162981987,-0.20170859694480897
DiscreteSAC,125,final,706,3706,-0.14455366611480713,8.0,5.0,0.43523678183555603,-0.052071474492549896
DiscreteSAC,125,final,707,3707,0.12029022693634034,3.0,3.0,0.8758960366249084,2876.1413620710373
DiscreteSAC,125,final,708,3708,-0.3567610621452332,10.0,5.0,0.8644342422485352,16.765123561024666
DiscreteSAC,125,final,709,3709,-0.5383556574583054,10.0,5.0,0.3213794529438019,-0.13277698755264283
DiscreteSAC,125,final,710,3710,-0.2213154935836792,9.0,4.0,0.3963293135166168,-0.057289332151412964
DiscreteSAC,125,final,711,3711,-0.2537823081016541,10.0,6.0,0.731842577457428,2.931154865026474
DiscreteSAC,125,final,712,3712,-0.4251712679862976,10.0,4.0,0.7840889096260071,-0.027319148182868958
DiscreteSAC,125,final,713,3713,-0.41492308378219606,10.0,4.0,0.8538098931312561,-0.0321674644947052
DiscreteSAC,125,final,714,3714,-0.4237889796495437,10.0,5.0,0.38802027702331543,-0.10045254826545716
DiscreteSAC,125,final,715,3715,-0.24399579882621764,7.0,3.0,0.3941785395145416,-0.026119249207632884
DiscreteSAC,125,final,716,3716,-0.25565701246261596,7.0,4.0,0.9264570474624634,-0.06480675935745239
DiscreteSAC,125,final,717,3717,-0.4111876606941223,10.0,4.0,0.7401826977729797,0.370209276676178
DiscreteSAC,125,final,718,3718,0.058525221347808846,2.0,2.0,0.7648864388465881,-0.3142530620098114
DiscreteSAC,125,final,719,3719,-0.17161094665527343,7.0,4.0,0.6849754452705383,-0.08182144165039062
DiscreteSAC,125,final,720,3720,-0.2722264701128006,9.0,5.0,0.319553941488266,4.796802510817845
DiscreteSAC,125,final,721,3721,-0.6319130182266237,10.0,4.0,0.8884250521659851,4025.005450937152
DiscreteSAC,125,final,722,3722,-0.05593656063079834,6.0,3.0,0.6455516815185547,1.5841429034868877
DiscreteSAC,125,final,723,3723,-0.4889033555984497,10.0,4.0,0.7792221903800964,0.6923551082611084
DiscreteSAC,125,final,724,3724,-0.22538866400718685,10.0,7.0,0.4691489636898041,77.33445897102357
DiscreteSAC,125,final,725,3725,-0.35549795627593994,10.0,3.0,0.45320791006088257,1.9466490149497986
DiscreteSAC,125,final,726,3726,0.06697599768638612,2.0,2.0,0.2626569867134094,1.2503964304924011
DiscreteSAC,125,final,727,3727,-0.33912408351898193,10.0,3.0,0.43219470977783203,1.748999583721161
DiscreteSAC,125,final,728,3728,-0.03545002937316895,5.0,3.0,0.42442870140075684,0.6708116173744202
DiscreteSAC,125,final,729,3729,-0.3996480756998062,9.0,4.0,0.3987061679363251,1.3826351629363165
DiscreteSAC,125,final,730,3730,-0.11884134769439698,6.0,4.0,0.31014958024024963,0.9266536931196848
DiscreteSAC,125,final,731,3731,-0.37920768260955806,10.0,4.0,0.287677139043808,1287.6171855986117
DiscreteSAC,125,final,732,3732,-0.39781145095825193,9.0,3.0,0.30044808983802795,1.687130371729533
DiscreteSAC,125,final,733,3733,0.1915356981754303,2.0,2.0,0.40454795956611633,-0.07468956708908081
DiscreteSAC,125,final,734,3734,-0.4138895273208618,10.0,3.0,0.44173580408096313,61.86682063341141
DiscreteSAC,125,final,735,3735,-0.022140640020370486,5.0,3.0,0.3453280031681061,1.2080848813056946
DiscreteSAC,125,final,736,3736,-0.21090374946594231,6.0,3.0,0.669889509677887,395.97989016771317
DiscreteSAC,125,final,737,3737,-0.46958906650543214,10.0,4.0,0.5595911741256714,0.7741338849067688
DiscreteSAC,125,final,738,3738,-0.20371502876281739,9.0,5.0,0.2950994670391083,120.03039420313306
DiscreteSAC,125,final,739,3739,-0.08250837326049805,5.0,3.0,0.5254375338554382,1.0445631384849547
DiscreteSAC,125,final,740,3740,-0.4672872841358185,10.0,4.0,0.31679797172546387,1.153085607290268
DiscreteSAC,125,final,741,3741,-0.3405531167984009,10.0,4.0,0.5695229172706604,0.47428810596466064
DiscreteSAC,125,final,742,3742,0.0369373083114624,5.0,3.0,0.4636504650115967,1.2420673608779906
DiscreteSAC,125,final,743,3743,-0.21483450651168823,7.0,4.0,1.001220703125,0.9123941489628383
DiscreteSAC,125,final,744,3744,-0.5392763257026673,10.0,5.0,0.26499494910240173,0.16551570892333983
DiscreteSAC,125,final,745,3745,-0.22636576890945437,10.0,5.0,0.6482229232788086,0.4064585119485855
DiscreteSAC,125,final,746,3746,-0.020047287940979028,8.0,3.0,0.6639184355735779,118.83271065354347
DiscreteSAC,125,final,747,3747,-0.37629076242446896,10.0,5.0,0.535391628742218,0.7240200757980346
DiscreteSAC,125,final,748,3748,-0.36429424285888673,10.0,4.0,0.7210150957107544,43221.35723154545
DiscreteSAC,125,final,749,3749,0.05985296487808228,3.0,3.0,0.5077471137046814,3.1874707539876304
DiscreteSAC,125,final,750,3750,-0.23634798109531402,8.0,4.0,0.2372666895389557,1.0038581863045692
DiscreteSAC,125,final,751,3751,-0.36629178524017336,10.0,5.0,0.6142694354057312,4920.428404510021
DiscreteSAC,125,final,752,3752,-0.3038199067115784,10.0,4.0,0.5050076842308044,0.6943909704685212
DiscreteSAC,125,final,753,3753,-0.038507628440856936,10.0,4.0,0.7045198082923889,2.5260964810848234
DiscreteSAC,125,final,754,3754,-0.1572866439819336,10.0,5.0,0.814675509929657,3815.0296486854554
DiscreteSAC,125,final,755,3755,-0.20775596499443055,10.0,4.0,0.48660483956336975,2722.6767511487005
DiscreteSAC,125,final,756,3756,-0.26539039611816406,10.0,5.0,0.9248902201652527,0.7971160054206848
DiscreteSAC,125,final,757,3757,-0.5113917291164398,10.0,3.0,0.4654874801635742,31.10315185189247
DiscreteSAC,125,final,758,3758,0.006954383850097667,5.0,3.0,0.46980947256088257,1.8509585738182068
DiscreteSAC,125,final,759,3759,-0.12112235873937606,5.0,2.0,0.10539067536592484,0.8840409994125367
DiscreteSAC,125,final,760,3760,0.08682567834854127,4.0,3.0,0.8333081007003784,1.737272247672081
DiscreteSAC,125,final,761,3761,-0.1436567187309265,10.0,4.0,0.8293322324752808,1647.7958192050457
DiscreteSAC,125,final,762,3762,-0.5719984889030457,10.0,4.0,0.7187302708625793,1393.5434765100479
DiscreteSAC,125,final,763,3763,-0.07844627678394316,8.0,4.0,0.23064585030078888,1.5673416405916214
DiscreteSAC,125,final,764,3764,-0.10063396692275998,5.0,3.0,0.7944382429122925,1.7369166374206544
DiscreteSAC,125,final,765,3765,-0.03542051553726196,4.0,2.0,0.8525210022926331,1.7545797377824783
DiscreteSAC,125,final,766,3766,-0.5304296433925629,10.0,4.0,0.5088915228843689,47850.61198440194
DiscreteSAC,125,final,767,3767,0.1171214258670807,4.0,4.0,0.45309415459632874,2.046922653913498
DiscreteSAC,125,final,768,3768,-0.06917477965354919,2.0,2.0,0.43234091997146606,5.891483902931213
DiscreteSAC,125,final,769,3769,-0.08623414754867555,7.0,4.0,0.6094199419021606,1.6815239020756312
DiscreteSAC,125,final,770,3770,0.16041470289230347,3.0,3.0,0.607641875743866,1.5289007623990376
DiscreteSAC,125,final,771,3771,-0.22035756528377531,7.0,3.0,0.2912392020225525,5317.766059901033
DiscreteSAC,125,final,772,3772,-0.13420085191726683,8.0,3.0,0.9703076481819153,0.23342964798212051
DiscreteSAC,125,final,773,3773,-0.03691711425781254,10.0,5.0,0.6822618246078491,-0.011882734298706055
DiscreteSAC,125,final,774,3774,-0.3158303427696228,8.0,4.0,0.3356170952320099,6895.883413478732
DiscreteSAC,125,final,775,3775,-0.532596283555031,9.0,3.0,0.45984962582588196,0.9788765576150682
DiscreteSAC,125,final,776,3776,-0.5541510879993439,10.0,3.0,0.4233059883117676,0.5421262562274933
DiscreteSAC,125,final,777,3777,-0.35035487413406374,10.0,5.0,0.554656445980072,0.6206456154584885
DiscreteSAC,125,final,778,3778,-0.2778245061635971,10.0,5.0,0.1806865632534027,0.5930002391338348
DiscreteSAC,125,final,779,3779,-0.2921019494533539,10.0,5.0,0.3847178816795349,-0.020426458120346068
DiscreteSAC,125,final,780,3780,-0.28426178693771365,10.0,5.0,0.6138835549354553,-5.866191053390503
DiscreteSAC,125,final,781,3781,-0.11667037367820739,6.0,2.0,0.4087595045566559,0.2515624711910884
DiscreteSAC,125,final,782,3782,-0.39801656603813174,10.0,5.0,0.33686426281929016,1.9400372326374054
DiscreteSAC,125,final,783,3783,-0.2481241548061371,9.0,5.0,0.16671313345432281,0.08429774310853747
DiscreteSAC,125,final,784,3784,-0.046235035657882714,8.0,3.0,0.38396748900413513,77.22115677595139
DiscreteSAC,125,final,785,3785,-0.1516208481788635,7.0,3.0,0.7608650922775269,1.2739978773253304
DiscreteSAC,125,final,786,3786,0.031521518230438236,3.0,2.0,0.5285624861717224,0.3588593602180481
DiscreteSAC,125,final,787,3787,0.07416482686996462,8.0,3.0,0.9278156161308289,0.839205302298069
DiscreteSAC,125,final,788,3788,0.13888295650482177,4.0,2.0,0.2847782373428345,18.863589331507683
DiscreteSAC,125,final,789,3789,-0.21962508201599124,9.0,7.0,0.547245979309082,189.55697908004126
DiscreteSAC,125,final,790,3790,-0.06149726629257203,7.0,4.0,0.6595228910446167,-5.860462665557861
DiscreteSAC,125,final,791,3791,0.017830550670623765,10.0,5.0,0.878734290599823,3.663112539052963
DiscreteSAC,125,final,792,3792,-0.6751513600349427,10.0,4.0,0.7434155344963074,1.364864069223404
DiscreteSAC,125,final,793,3793,-0.2487237095832825,10.0,5.0,0.6063160300254822,0.48605480790138245
DiscreteSAC,125,final,794,3794,-0.30906529426574714,10.0,4.0,0.8299328684806824,2119.5949505537747
DiscreteSAC,125,final,795,3795,-0.23968867063522342,10.0,6.0,0.5187593102455139,52.27823079824448
DiscreteSAC,125,final,796,3796,-0.6836218878626825,10.0,4.0,0.3440737724304199,147.75496227145194
DiscreteSAC,125,final,797,3797,-0.6943813681602478,10.0,4.0,0.5719767808914185,1141.1576388001442
DiscreteSAC,125,final,798,3798,-0.09332659482955934,9.0,7.0,0.31452465057373047,942.9801927275128
DiscreteSAC,125,final,799,3799,-0.37610518634319307,10.0,6.0,0.42174413800239563,2.6707566916942596
DiscreteSAC,125,final,800,3800,-0.33437257409095766,10.0,5.0,0.4266452193260193,9.305289328098297
DiscreteSAC,125,final,801,3801,-0.3849212527275086,10.0,3.0,0.87165766954422,6.192885255813598
DiscreteSAC,125,final,802,3802,0.14338982820510865,3.0,3.0,0.8025273084640503,1.2546661297480266
DiscreteSAC,125,final,803,3803,-0.286165931224823,9.0,3.0,0.7983942031860352,1.8497172329160902
DiscreteSAC,125,final,804,3804,-0.5394336104393006,10.0,4.0,0.9028946161270142,15.800248318910599
DiscreteSAC,125,final,805,3805,-0.16301779747009276,10.0,4.0,1.0428184270858765,8.7832301735878
DiscreteSAC,125,final,806,3806,-0.2650605678558349,10.0,5.0,0.743829607963562,4259.600657534599
DiscreteSAC,125,final,807,3807,-0.49937399178743364,10.0,4.0,0.10345429182052612,8.356403005123138
DiscreteSAC,125,final,808,3808,-0.1435687303543091,10.0,6.0,0.563392162322998,1001.1778903841972
DiscreteSAC,125,final,809,3809,-0.5032803773880005,10.0,6.0,0.5676285028457642,8.614437240362168
DiscreteSAC,125,final,810,3810,-0.19742840766906739,9.0,5.0,0.747061550617218,2.0730850630336337
DiscreteSAC,125,final,811,3811,0.06830423593521116,8.0,5.0,0.7522149682044983,9.873320877552032
DiscreteSAC,125,final,812,3812,-0.1156621527671814,7.0,4.0,0.3771677315235138,8.843804700034005
DiscreteSAC,125,final,813,3813,0.170300669670105,8.0,4.0,1.3558133840560913,118.07241761684418
DiscreteSAC,125,final,814,3814,-0.05494833052158353,6.0,3.0,0.24351821839809418,15.68780251344045
DiscreteSAC,125,final,815,3815,0.007102308273315441,9.0,5.0,0.6773589849472046,17.619334777196247
DiscreteSAC,125,final,816,3816,-0.21195206165313718,7.0,2.0,0.7367430925369263,86.28144989694867
DiscreteSAC,125,final,817,3817,0.1601119112968445,3.0,3.0,0.8251835107803345,1.7762495676676433
DiscreteSAC,125,final,818,3818,-0.30935192108154297,10.0,3.0,1.1210976839065552,8.872800928354263
DiscreteSAC,125,final,819,3819,-0.4387557476758957,10.0,4.0,0.12879499793052673,1540.9284671843052
DiscreteSAC,125,final,820,3820,-0.4224288403987885,10.0,5.0,0.386406272649765,-8.32849246263504
DiscreteSAC,125,final,821,3821,-0.41394766569137575,10.0,5.0,0.6741921305656433,0.7030979365110397
DiscreteSAC,125,final,822,3822,-0.28452790975570685,10.0,4.0,0.6848214268684387,59736.945594060424
DiscreteSAC,125,final,823,3823,-0.010313572883605987,9.0,5.0,0.9788990020751953,3100.6034291320375
DiscreteSAC,125,final,824,3824,-0.0733835232257843,2.0,2.0,0.6437540650367737,2.852850556373596
DiscreteSAC,125,final,825,3825,-0.27003281116485595,10.0,7.0,0.408682644367218,2.801290374994278
DiscreteSAC,125,final,826,3826,-0.47939577102661135,10.0,5.0,0.6079639196395874,2.7599939703941345
DiscreteSAC,125,final,827,3827,-0.3204342842102051,10.0,4.0,0.889806866645813,3585.2170760512354
DiscreteSAC,125,final,828,3828,-0.06642548739910124,5.0,4.0,0.20795702934265137,5533.543666434288
DiscreteSAC,125,final,829,3829,-0.3535041642189026,7.0,3.0,0.5457140207290649,1.253318224634443
DiscreteSAC,125,final,830,3830,-0.7506266832351687,10.0,3.0,0.5150753855705261,2106.240712583065
DiscreteSAC,125,final,831,3831,-0.24051405072212217,8.0,3.0,0.3145308494567871,104.96229889243841
DiscreteSAC,125,final,832,3832,-0.7239139646291735,10.0,4.0,0.5020919442176819,1610.232265752554
DiscreteSAC,125,final,833,3833,-0.39869356155395513,10.0,8.0,0.3645269572734833,1.1458752691745757
DiscreteSAC,125,final,834,3834,-0.10239051103591919,7.0,3.0,0.8108729720115662,16.273008593491145
DiscreteSAC,125,final,835,3835,-0.5715980231761933,10.0,3.0,0.4711203873157501,58.19325338602066
DiscreteSAC,125,final,836,3836,0.04560769081115723,7.0,4.0,0.985743522644043,86.22986130203519
DiscreteSAC,125,final,837,3837,-0.42548627853393556,10.0,4.0,0.805151104927063,1.8349876582622529
DiscreteSAC,125,final,838,3838,-0.13316339492797852,9.0,5.0,0.5290423631668091,24.655794733100468
DiscreteSAC,125,final,839,3839,-0.42879027128219604,10.0,3.0,0.5724705457687378,107.09790321588517
DiscreteSAC,125,final,840,3840,-0.01299704670906067,6.0,3.0,0.4914877116680145,1.7142729659875233
DiscreteSAC,125,final,841,3841,-0.32704498648643493,8.0,4.0,0.34051963686943054,0.8638375699520111
DiscreteSAC,125,final,842,3842,-0.586083608865738,10.0,2.0,0.40540844202041626,2.347042751312256
DiscreteSAC,125,final,843,3843,-0.23927652239799502,10.0,5.0,0.46258673071861267,241.11620028615
DiscreteSAC,125,final,844,3844,-0.08598284959793089,4.0,3.0,0.6547268629074097,4.8797566294670105
DiscreteSAC,125,final,845,3845,-0.07128799736499784,3.0,3.0,0.22131140530109406,2.6146366198857627
DiscreteSAC,125,final,846,3846,-0.10735545277595519,7.0,5.0,0.3716423213481903,5.126174756458828
DiscreteSAC,125,final,847,3847,-0.36962317228317265,10.0,2.0,0.954317033290863,1.4798802077770232
DiscreteSAC,125,final,848,3848,0.1459400224685669,2.0,2.0,0.5876024961471558,0.7681002914905548
DiscreteSAC,125,final,849,3849,-0.46940903663635253,10.0,2.0,0.7627786993980408,25.964631497859955
DiscreteSAC,125,final,850,3850,-0.1408501601219177,6.0,2.0,0.7616109848022461,23555.999078392982
DiscreteSAC,125,final,851,3851,0.08859093666076662,2.0,2.0,0.6280005574226379,9.712875843048096
DiscreteSAC,125,final,852,3852,0.228387610912323,2.0,2.0,0.9451741576194763,7.871327877044678
DiscreteSAC,125,final,853,3853,0.2765480470657349,3.0,2.0,0.4301789402961731,10.326220671335856
DiscreteSAC,125,final,854,3854,-0.11060631036758424,6.0,4.0,0.39596477150917053,3508.6427397727966
DiscreteSAC,125,final,855,3855,-0.023088445663452153,4.0,3.0,0.5807746648788452,20.51938819885254
DiscreteSAC,125,final,856,3856,-0.47856940031051637,10.0,4.0,0.47904887795448303,442.7469621181488
DiscreteSAC,125,final,857,3857,-0.3283664703369141,10.0,4.0,0.6803207397460938,23.229317283630373
DiscreteSAC,125,final,858,3858,-0.03863995552062989,8.0,4.0,0.6893913149833679,38.74682015180588
DiscreteSAC,125,final,859,3859,-0.4405262887477875,10.0,4.0,0.48590999841690063,81.45480536222458
DiscreteSAC,125,final,860,3860,-0.06399450302124021,10.0,6.0,1.0494364500045776,3.334513247013092
DiscreteSAC,125,final,861,3861,-0.35549751222133635,10.0,4.0,0.2966078817844391,1.9747498631477356
DiscreteSAC,125,final,862,3862,-0.4496960282325745,10.0,5.0,0.19638268649578094,0.8851391077041626
DiscreteSAC,125,final,863,3863,-0.36731216311454773,10.0,3.0,0.2588447630405426,0.6877596199512481
DiscreteSAC,125,final,864,3864,-0.37882397770881654,10.0,4.0,0.30887192487716675,736.1960586190223
DiscreteSAC,125,final,865,3865,-0.5311701983213425,10.0,5.0,0.37688785791397095,100.10078926086426
DiscreteSAC,125,final,866,3866,-0.3908451974391937,10.0,4.0,0.2693154215812683,1.8246138215065002
DiscreteSAC,125,final,867,3867,-0.29778934717178346,10.0,6.0,0.42088189721107483,2.3006085246801375
DiscreteSAC,125,final,868,3868,-0.5014048457145691,10.0,5.0,0.716208279132843,1.663167804479599
DiscreteSAC,125,final,869,3869,-0.5585323601961136,10.0,2.0,0.18739543855190277,0.6966057509183884
DiscreteSAC,125,final,870,3870,0.07197256803512575,3.0,2.0,0.6799647212028503,0.596069872379303
DiscreteSAC,125,final,871,3871,-0.5393639445304871,10.0,5.0,0.46524515748023987,6.539871621131897
DiscreteSAC,125,final,872,3872,-0.06547306060791015,8.0,3.0,0.7030590176582336,8.813584543764591
DiscreteSAC,125,final,873,3873,-0.39753199815750123,10.0,4.0,0.8894092440605164,1.0619707584381104
DiscreteSAC,125,final,874,3874,-0.5166131258010864,10.0,3.0,0.23794910311698914,0.5013695240020752
DiscreteSAC,125,final,875,3875,-0.39631744623184206,10.0,5.0,0.5776111483573914,202.66803302168847
DiscreteSAC,125,final,876,3876,-0.61191126704216,10.0,3.0,0.591009795665741,8.252028918266296
DiscreteSAC,125,final,877,3877,-0.20979864597320558,10.0,4.0,0.6821073889732361,2313.195988488197
DiscreteSAC,125,final,878,3878,-0.672222536802292,10.0,4.0,0.3716881275177002,3.2293610334396363
DiscreteSAC,125,final,879,3879,-0.4312806963920593,10.0,5.0,0.5687326788902283,2.4256218791007997
DiscreteSAC,125,final,880,3880,-0.4173352032899857,10.0,6.0,0.2600502371788025,3.3831195414066313
DiscreteSAC,125,final,881,3881,-0.10637040138244629,10.0,6.0,0.7370609045028687,1.2874494016170501
DiscreteSAC,125,final,882,3882,-0.16105333089828489,7.0,7.0,0.7708412408828735,0.8581383909497943
DiscreteSAC,125,final,883,3883,-0.11289512395858765,8.0,4.0,0.8901404142379761,235.77034340798855
DiscreteSAC,125,final,884,3884,-0.025449050664901718,2.0,2.0,0.34682148694992065,1.5204872488975525
DiscreteSAC,125,final,885,3885,0.09000000000000001,1.0,1.0,0.7094074487686157,1.5965936183929443
DiscreteSAC,125,final,886,3886,-0.31718724966049194,10.0,3.0,0.632693886756897,1.6285983681678773
DiscreteSAC,125,final,887,3887,-0.19873529195785522,7.0,4.0,0.569739043712616,1.1121187210083008
DiscreteSAC,125,final,888,3888,-0.41809548139572145,10.0,4.0,0.43304410576820374,3.209382212162018
DiscreteSAC,125,final,889,3889,-0.3798440515995026,10.0,4.0,0.49768754839897156,0.8849022805690765
DiscreteSAC,125,final,890,3890,0.10580678701400759,3.0,2.0,0.8488525152206421,1292.1906513174374
DiscreteSAC,125,final,891,3891,0.1612957286834717,2.0,2.0,0.5528013706207275,1.3010693788528442
DiscreteSAC,125,final,892,3892,-0.09283841371536254,7.0,5.0,0.6265367865562439,3.178711703845433
DiscreteSAC,125,final,893,3893,-0.6023638129234314,10.0,2.0,0.44457098841667175,0.44412755966186523
DiscreteSAC,125,final,894,3894,-0.6775796294212343,10.0,2.0,0.7727859616279602,1037.088563245535
DiscreteSAC,125,final,895,3895,-0.16073117986321445,6.0,5.0,0.20883989334106445,2.409459431966146
DiscreteSAC,125,final,896,3896,-0.5673492074012757,10.0,4.0,0.8330212235450745,1.695584511756897
DiscreteSAC,125,final,897,3897,-0.46023155450820924,10.0,4.0,0.30086269974708557,1.935100108385086
DiscreteSAC,125,final,898,3898,-0.5534157752990723,10.0,3.0,0.4944448471069336,1.3865665018558502
DiscreteSAC,125,final,899,3899,-0.3772874116897583,10.0,5.0,0.9114314913749695,16.981034576892853
DiscreteSAC,125,final,900,3900,-0.9855912029743197,10.0,3.0,0.7693074941635132,2.958787125349045
DiscreteSAC,125,final,901,3901,-0.35999674797058107,10.0,4.0,0.46885770559310913,9.455327653884888
DiscreteSAC,125,final,902,3902,-0.45128112435340884,10.0,5.0,0.2807925045490265,6.583109682798385
DiscreteSAC,125,final,903,3903,-0.7420721530914309,10.0,2.0,0.5484848618507385,0.6966455519199372
DiscreteSAC,125,final,904,3904,0.19966603994369508,2.0,2.0,0.6466366648674011,0.4145333170890808
DiscreteSAC,125,final,905,3905,-0.5621632933616639,10.0,3.0,0.4868546426296234,436.8540443301201
DiscreteSAC,125,final,906,3906,-0.2542282700538635,10.0,6.0,0.9435210824012756,1.1770647585391998
DiscreteSAC,125,final,907,3907,-0.5799462318420411,10.0,4.0,0.3413228988647461,9.118033838272094
DiscreteSAC,125,final,908,3908,-0.47514843046665195,10.0,6.0,0.2648654282093048,2.243002474308014
DiscreteSAC,125,final,909,3909,-0.2816857326030731,8.0,4.0,0.5343499779701233,0.5311203077435493
DiscreteSAC,125,final,910,3910,-0.013337798118591301,7.0,5.0,0.44333726167678833,201.08250859805517
DiscreteSAC,125,final,911,3911,-0.02941041231155396,4.0,3.0,0.7136451005935669,0.754946731030941
DiscreteSAC,125,final,912,3912,0.4065748918056488,2.0,2.0,0.4513792097568512,1.9501251876354218
DiscreteSAC,125,final,913,3913,-0.12943680286407475,10.0,4.0,0.8118209838867188,1.0833338171243667
DiscreteSAC,125,final,914,3914,-0.050659410953521736,8.0,4.0,0.7027081847190857,-0.030361920595169067
DiscreteSAC,125,final,915,3915,-0.5263229981064796,10.0,3.0,0.11347397416830063,1.1085959494113922
DiscreteSAC,125,final,916,3916,-0.24918535351753238,10.0,8.0,0.3873558044433594,4785.798364293575
DiscreteSAC,125,final,917,3917,0.08633070468902589,7.0,5.0,0.575014591217041,440.5485465015684
DiscreteSAC,125,final,918,3918,0.09000000000000001,1.0,1.0,0.3416304290294647,7.756690979003906
DiscreteSAC,125,final,919,3919,0.0358021128177643,7.0,3.0,0.33515438437461853,160.01634768077307
DiscreteSAC,125,final,920,3920,-0.11785536527633668,7.0,4.0,0.5843020677566528,104.03723304612296
DiscreteSAC,125,final,921,3921,-0.1388974142074585,7.0,4.0,0.5253002047538757,33.201329060963225
DiscreteSAC,125,final,922,3922,0.3001566302776337,3.0,3.0,0.4683364927768707,4.292865912119548
DiscreteSAC,125,final,923,3923,-0.43972579240798954,10.0,3.0,0.5045205354690552,74.57784321308137
DiscreteSAC,125,final,924,3924,0.13260875463485716,8.0,6.0,0.7543626427650452,3.83041650056839
DiscreteSAC,125,final,925,3925,-0.17317488193511965,10.0,5.0,0.9876327514648438,7.55424798130989
DiscreteSAC,125,final,926,3926,-0.15366825997829436,4.0,3.0,0.3127322793006897,9.776217371225357
DiscreteSAC,125,final,927,3927,-0.026658131778240196,6.0,6.0,0.17152822017669678,2.277863164742788
DiscreteSAC,125,final,928,3928,-0.32764105081558226,8.0,3.0,0.3255990445613861,1.4151769503951073
DiscreteSAC,125,final,929,3929,-0.25689520835876467,10.0,5.0,1.0044149160385132,1.984530073404312
DiscreteSAC,125,final,930,3930,-0.07268863201141355,3.0,3.0,0.4039164185523987,167.18571408589682
DiscreteSAC,125,final,931,3931,-0.12657167911529546,10.0,5.0,0.5018437504768372,2404.7925791502
DiscreteSAC,125,final,932,3932,-0.07159186720848083,7.0,3.0,0.4148455560207367,807.8726949010577
DiscreteSAC,125,final,933,3933,0.10342800617218019,5.0,4.0,1.1015483140945435,9.800960540771484
DiscreteSAC,125,final,934,3934,0.04431028842926025,7.0,3.0,0.6380265951156616,3.19307541847229
DiscreteSAC,125,final,935,3935,0.11481503725051881,7.0,6.0,0.8862574696540833,118.93312552997044
DiscreteSAC,125,final,936,3936,0.07283158779144289,2.0,2.0,0.8759154677391052,71.39695262908936
DiscreteSAC,125,final,937,3937,0.06513918399810792,4.0,3.0,1.0466848611831665,15.893889427185059
DiscreteSAC,125,final,938,3938,-0.07715722680091859,6.0,4.0,0.43117755651474,6.253555059432983
DiscreteSAC,125,final,939,3939,-0.2412704515457153,8.0,2.0,0.6868513226509094,227.15183529257774
DiscreteSAC,125,final,940,3940,0.21161611557006837,2.0,2.0,0.7900835275650024,1.468937873840332
DiscreteSAC,125,final,941,3941,-0.15443005204200744,4.0,3.0,0.6432904005050659,13.795506000518799
DiscreteSAC,125,final,942,3942,0.09000000000000001,1.0,1.0,0.6539503931999207,82.96514892578125
DiscreteSAC,125,final,943,3943,-0.2805532169342041,7.0,4.0,0.7394104599952698,160.9061289003917
DiscreteSAC,125,final,944,3944,-0.043243827819824235,4.0,4.0,0.6127682328224182,497.6464412808418
DiscreteSAC,125,final,945,3945,-0.4037422060966492,10.0,4.0,0.7756794095039368,21.93903511762619
DiscreteSAC,125,final,946,3946,0.03514946460723878,4.0,3.0,0.5500099062919617,105.8050684928894
DiscreteSAC,125,final,947,3947,-0.13286659598350525,8.0,5.0,0.47800806164741516,21.08733093738556
DiscreteSAC,125,final,948,3948,-0.18815998792648314,6.0,3.0,0.8054786324501038,3.957680583000183
DiscreteSAC,125,final,949,3949,-0.5873170733451843,10.0,5.0,0.9863661527633667,14.978218054771423
DiscreteSAC,125,final,950,3950,-0.6669179701805116,9.0,4.0,0.7167220115661621,1.6248930427763197
DiscreteSAC,125,final,951,3951,-0.3252134442329407,10.0,4.0,0.809916615486145,183.1809017419815
DiscreteSAC,125,final,952,3952,-0.03562587261199947,6.0,4.0,0.7540187835693359,113.00286621848743
DiscreteSAC,125,final,953,3953,-0.5917736291885376,10.0,3.0,1.3344814777374268,14.83455216884613
DiscreteSAC,125,final,954,3954,0.17555428504943849,4.0,3.0,0.6569719910621643,2492.4970418810844
DiscreteSAC,125,final,955,3955,-0.4416908323764801,10.0,3.0,0.39469313621520996,30.42663652896881
DiscreteSAC,125,final,956,3956,0.025676347017288215,3.0,3.0,0.19021998345851898,2.598358631134033
DiscreteSAC,125,final,957,3957,-0.45061885118484496,10.0,2.0,0.6202346086502075,507.71128331422807
DiscreteSAC,125,final,958,3958,-0.29815993309021,10.0,6.0,0.6766456961631775,31.547300815582275
DiscreteSAC,125,final,959,3959,-0.4222299575805664,10.0,4.0,0.3034675717353821,18.209992980957033
DiscreteSAC,125,final,960,3960,0.16421897649765016,6.0,3.0,0.9592655301094055,431.80689549446106
DiscreteSAC,125,final,961,3961,-0.5369137406349183,10.0,2.0,0.6124100685119629,16.636245787143707
DiscreteSAC,125,final,962,3962,-0.5519121170043946,10.0,2.0,0.5917984843254089,110.52202394604683
DiscreteSAC,125,final,963,3963,-0.2427601146697998,8.0,4.0,1.0065141916275024,82.14764319360256
DiscreteSAC,125,final,964,3964,0.12232048988342287,2.0,2.0,0.816778838634491,9.934590101242065
DiscreteSAC,125,final,965,3965,-0.43310416340827945,10.0,6.0,0.23025448620319366,2.151023101806641
DiscreteSAC,125,final,966,3966,-0.16348650455474856,10.0,5.0,0.5806967616081238,12.846016383171081
DiscreteSAC,125,final,967,3967,-0.28026949167251586,10.0,4.0,0.6891036629676819,97694.2949193716
DiscreteSAC,125,final,968,3968,-0.012020399570465093,4.0,3.0,0.9209100008010864,52.38000822067261
DiscreteSAC,125,final,969,3969,-0.41127191781997685,10.0,2.0,0.38695138692855835,545.1528892040253
DiscreteSAC,125,final,970,3970,-0.5576858416199685,10.0,4.0,0.17519697546958923,296.0303662776947
DiscreteSAC,125,final,971,3971,-0.4930655837059021,10.0,2.0,0.6770663261413574,15364.428687095642
DiscreteSAC,125,final,972,3972,-0.3343623399734497,10.0,4.0,0.7195836305618286,4785.734225082398
DiscreteSAC,125,final,973,3973,-0.46677360236644744,10.0,4.0,0.2572024464607239,4178.842966604233
DiscreteSAC,125,final,974,3974,-0.36799325942993166,10.0,5.0,0.5261064171791077,5.491376638412476
DiscreteSAC,125,final,975,3975,-0.3056740045547485,10.0,4.0,0.6065509915351868,2512.2806284189223
DiscreteSAC,125,final,976,3976,-0.5249723732471466,10.0,5.0,0.4009208679199219,470.86467332839965
DiscreteSAC,125,final,977,3977,-0.5482379764318467,10.0,4.0,0.30994993448257446,1260.865309548378
DiscreteSAC,125,final,978,3978,-0.07714682579040526,6.0,4.0,1.138216257095337,5.021426439285278
DiscreteSAC,125,final,979,3979,-0.5558455228805543,10.0,5.0,0.615294337272644,3070.836309105158
DiscreteSAC,125,final,980,3980,-0.2724617481231689,10.0,3.0,0.8427969813346863,3.1543874025344847
DiscreteSAC,125,final,981,3981,-0.6229946136474609,10.0,4.0,0.8441649079322815,55.79831984043121
DiscreteSAC,125,final,982,3982,-0.48777146339416505,10.0,4.0,0.22438350319862366,2.527345883846283
DiscreteSAC,125,final,983,3983,0.07145904779434203,7.0,5.0,0.5000682473182678,1.6590471267700195
DiscreteSAC,125,final,984,3984,-0.22163582921028135,8.0,3.0,0.30656880140304565,1.485556736588478
DiscreteSAC,125,final,985,3985,-0.27073066234588616,10.0,4.0,0.7194544672966003,1.2349783778190613
DiscreteSAC,125,final,986,3986,-0.3878427267074585,10.0,4.0,0.6058991551399231,594.2710308492184
DiscreteSAC,125,final,987,3987,0.027744123935699465,4.0,3.0,0.8387478590011597,19.164821043610573
DiscreteSAC,125,final,988,3988,0.06292041063308718,3.0,2.0,0.7909132838249207,2.845261573791504
DiscreteSAC,125,final,989,3989,-0.5260505020618439,10.0,5.0,0.49942725896835327,178.3199540257454
DiscreteSAC,125,final,990,3990,-0.33953524827957154,10.0,4.0,0.9084718823432922,2.405625605583191
DiscreteSAC,125,final,991,3991,-0.04890166997909544,3.0,3.0,0.9326790571212769,0.7331854104995728
DiscreteSAC,125,final,992,3992,0.02428552687168123,2.0,2.0,0.15960988402366638,1.1504760384559631
DiscreteSAC,125,final,993,3993,-0.26417293667793273,7.0,4.0,0.4670545756816864,1.9608463389532906
DiscreteSAC,125,final,994,3994,-0.08933084726333619,7.0,4.0,0.9210032224655151,1.5684478282928467
DiscreteSAC,125,final,995,3995,-0.5314451575279235,10.0,4.0,0.4955779016017914,10.748975700139999
DiscreteSAC,125,final,996,3996,-0.05003159523010252,8.0,4.0,0.853073000907898,1.3637933433055878
DiscreteSAC,125,final,997,3997,-0.27878292024135587,7.0,2.0,0.21686281263828278,-8.262704593794686
DiscreteSAC,125,final,998,3998,-0.3797701716423035,10.0,4.0,0.6032795906066895,1.2498717725276947
DiscreteSAC,125,final,999,3999,-0.10469352841377262,9.0,7.0,0.5088549256324768,1.139877736568451
DiscreteSAC,125,final,1000,4000,-0.10189212679862976,7.0,3.0,0.3536822199821472,0.9563437189374652
DiscreteSAC,125,final,1001,4001,-0.2547650021314621,7.0,3.0,0.2904798686504364,1.091822189944131
DiscreteSAC,125,final,1002,4002,-0.29308022260665895,10.0,4.0,0.7762805819511414,0.7230112940073014
DiscreteSAC,125,final,1003,4003,-0.22342262983322142,7.0,3.0,0.33360347151756287,0.39907495038849966
DiscreteSAC,125,final,1004,4004,-0.2295516774058342,10.0,6.0,0.11737383902072906,1.9459870398044585
DiscreteSAC,125,final,1005,4005,-0.20523522377014158,8.0,3.0,0.3123766779899597,0.7007499262690544
DiscreteSAC,125,final,1006,4006,-0.2926269292831421,10.0,4.0,0.944994330406189,340.17846029400823
DiscreteSAC,125,final,1007,4007,-0.25201815366744995,10.0,3.0,0.5210310220718384,-7.192262607812881
DiscreteSAC,125,final,1008,4008,0.20606978416442873,2.0,2.0,0.3271738588809967,0.9271071553230286
DiscreteSAC,125,final,1009,4009,-0.4019018530845642,10.0,4.0,0.9724190831184387,0.8000018030405045
DiscreteSAC,125,final,1010,4010,-0.2016224837303161,6.0,4.0,0.3075057566165924,0.2831688125928243
DiscreteSAC,125,final,1011,4011,-0.5326706111431122,10.0,5.0,0.22302791476249695,0.533456352353096
DiscreteSAC,125,final,1012,4012,-0.4365178942680359,10.0,3.0,0.8393189311027527,0.6666259169578552
DiscreteSAC,125,final,1013,4013,-0.24864999771118163,7.0,3.0,0.3809777796268463,134.38712485347475
DiscreteSAC,125,final,1014,4014,-0.396165144443512,10.0,4.0,0.5789556503295898,3.8805655956268312
DiscreteSAC,125,final,1015,4015,0.10585290908813474,8.0,4.0,0.7661887407302856,1.1776183992624283
DiscreteSAC,125,final,1016,4016,-0.07716112852096559,7.0,4.0,0.5847387909889221,39.07295947415488
DiscreteSAC,125,final,1017,4017,-0.5254513621330261,10.0,3.0,0.789675235748291,0.8028029263019562
DiscreteSAC,125,final,1018,4018,-0.10752742767333985,8.0,4.0,0.5516048669815063,1.278375320136547
DiscreteSAC,125,final,1019,4019,0.08481030941009521,7.0,5.0,1.0465258359909058,455.18207554306304
DiscreteSAC,125,final,1020,4020,0.11915180325508119,6.0,4.0,0.47185584902763367,0.7309683163960775
DiscreteSAC,125,final,1021,4021,-0.08256879210472108,6.0,4.0,0.359648734331131,0.8424994548161825
DiscreteSAC,125,final,1022,4022,-0.529167640209198,10.0,2.0,0.39373844861984253,87872.51246977746
DiscreteSAC,125,final,1023,4023,-0.5782036378979682,10.0,4.0,0.23246701061725616,3.6730257749557493
DiscreteSAC,125,final,1024,4024,-0.2776876956224441,10.0,6.0,0.28288406133651733,3.405735021829605
DiscreteSAC,125,final,1025,4025,0.10801589965820313,7.0,4.0,0.9045397043228149,2.7835504157202586
DiscreteSAC,125,final,1026,4026,-0.5053679317235947,10.0,4.0,0.20052216947078705,0.9953275859355927
DiscreteSAC,125,final,1027,4027,-0.22502124786376954,8.0,5.0,0.8635764718055725,1.3567430451512337
DiscreteSAC,125,final,1028,4028,-0.08026635646820071,10.0,3.0,0.562118411064148,1.1442459523677826
DiscreteSAC,125,final,1029,4029,-0.23806377053260802,5.0,3.0,0.4196934103965759,0.5996166467666626
DiscreteSAC,125,final,1030,4030,-0.3289839208126068,10.0,4.0,0.44706130027770996,3165.6019555956127
DiscreteSAC,125,final,1031,4031,-0.16198182344436646,9.0,5.0,0.5508750677108765,1970.8718990352418
DiscreteSAC,125,final,1032,4032,-0.10673582315444947,6.0,4.0,0.3381822407245636,2.6898549993832908
DiscreteSAC,125,final,1033,4033,-0.3905209004878998,10.0,3.0,0.442559152841568,1.9966243386268616
DiscreteSAC,125,final,1034,4034,-0.2050264263153076,9.0,3.0,0.8314346671104431,12460.134252680673
DiscreteSAC,125,final,1035,4035,0.20400066137313844,4.0,3.0,0.6332011818885803,5.917692720890045
DiscreteSAC,125,final,1036,4036,0.027624075412750256,7.0,4.0,0.6456437706947327,4.933320420128958
DiscreteSAC,125,final,1037,4037,-0.057546777725219725,2.0,2.0,1.118200421333313,9.398482322692871
DiscreteSAC,125,final,1038,4038,-0.0025430524349212558,4.0,3.0,0.2223493754863739,4.5796884298324585
DiscreteSAC,125,final,1039,4039,0.0692004579305649,2.0,2.0,0.19117149710655212,4.919091463088989
DiscreteSAC,125,final,1040,4040,-0.2844012403488159,9.0,5.0,0.22571757435798645,4.719251023398505
DiscreteSAC,125,final,1041,4041,-0.012218945026397712,8.0,4.0,0.5502646565437317,3.02682663500309
DiscreteSAC,125,final,1042,4042,-0.6984551548957827,10.0,3.0,0.8756756782531738,1.6903382062911987
DiscreteSAC,125,final,1043,4043,-0.09299348831176758,9.0,4.0,0.6683639287948608,1524.664088467757
DiscreteSAC,125,final,1044,4044,-0.009819264411926265,7.0,4.0,0.8876559138298035,0.9177371604101998
DiscreteSAC,125,final,1045,4045,0.03660659313201907,8.0,6.0,1.125631332397461,0.6781806498765945
DiscreteSAC,125,final,1046,4046,-0.06810211181640625,9.0,4.0,0.5780385136604309,0.521506581041548
DiscreteSAC,125,final,1047,4047,-0.5544778674840928,10.0,4.0,0.3251824676990509,235.11302559375764
DiscreteSAC,125,final,1048,4048,-0.38512701988220216,10.0,4.0,1.078752040863037,347.5887206673622
DiscreteSAC,125,final,1049,4049,-0.32706637382507325,10.0,4.0,0.26939883828163147,0.9312853276729584
DiscreteSAC,125,final,1050,4050,-0.33596602678298954,10.0,6.0,0.9899763464927673,0.8888486146926879
DiscreteSAC,125,final,1051,4051,0.2291831147670746,3.0,3.0,0.4294341504573822,0.8835266828536987
DiscreteSAC,125,final,1052,4052,-0.2320757681131363,9.0,5.0,0.1850123107433319,1.3871970905197992
DiscreteSAC,125,final,1053,4053,-0.47932058572769165,10.0,3.0,0.4076255261898041,1.0376065850257874
DiscreteSAC,125,final,1054,4054,-0.34881532788276676,10.0,6.0,0.09309034794569016,10509.858241420985
DiscreteSAC,125,final,1055,4055,-0.12930171966552734,8.0,4.0,0.6139519810676575,2.4563449919223785
DiscreteSAC,125,final,1056,4056,-0.46041734218597413,10.0,4.0,0.7398346066474915,2.1463655829429626
DiscreteSAC,125,final,1057,4057,-0.5825754046440125,10.0,5.0,0.5682308077812195,12.518737161159516
DiscreteSAC,125,final,1058,4058,-0.657350116968155,10.0,5.0,0.5250375866889954,1.1662930250167847
DiscreteSAC,125,final,1059,4059,-0.45486631244421005,10.0,3.0,0.10737616568803787,2004.8321360230445
DiscreteSAC,125,final,1060,4060,-0.021458911895751956,5.0,3.0,0.783580482006073,1.6135952115058898
DiscreteSAC,125,final,1061,4061,-0.09635858058929443,7.0,3.0,1.1512782573699951,153.427424294608
DiscreteSAC,125,final,1062,4062,-0.046144043803215004,4.0,3.0,0.20707270503044128,0.7776373326778412
DiscreteSAC,125,final,1063,4063,-0.4170186161994934,10.0,5.0,0.8655551075935364,12.83760541677475
DiscreteSAC,125,final,1064,4064,-0.44971694946289065,10.0,5.0,0.8217355012893677,0.6004002273082734
DiscreteSAC,125,final,1065,4065,-0.577722442150116,10.0,4.0,0.6698501706123352,1.1461662858724595
DiscreteSAC,125,final,1066,4066,0.2082905912399292,6.0,3.0,0.8029085397720337,7036.707683563232
DiscreteSAC,125,final,1067,4067,-0.6166789650917054,10.0,4.0,0.49998337030410767,945.0419737160206
DiscreteSAC,125,final,1068,4068,-0.36156679391860963,10.0,4.0,0.6580144166946411,3.5400405406951903
DiscreteSAC,125,final,1069,4069,-0.5742350071668626,10.0,3.0,0.2452668845653534,123.06851590871811
DiscreteSAC,125,final,1070,4070,-0.6518360376358033,10.0,3.0,0.6891995668411255,7.864836156368256
DiscreteSAC,125,final,1071,4071,-0.27414242923259735,5.0,4.0,0.5060933232307434,2.773533487319946
DiscreteSAC,125,final,1072,4072,-0.5192109167575837,10.0,4.0,0.21956835687160492,2.366465675830841
DiscreteSAC,125,final,1073,4073,0.08372742414474488,7.0,4.0,0.8541530966758728,1.3942496861730302
DiscreteSAC,125,final,1074,4074,-0.19098498821258547,10.0,5.0,0.9764314889907837,0.969452029466629
DiscreteSAC,125,final,1075,4075,-0.20533797740936283,10.0,6.0,0.997403621673584,1.1739552080631257
DiscreteSAC,125,final,1076,4076,-0.22901525616645813,7.0,4.0,0.17384441196918488,0.7338853989328656
DiscreteSAC,125,final,1077,4077,0.2957467532157898,4.0,3.0,0.7892608046531677,121.09549637138844
DiscreteSAC,125,final,1078,4078,0.0776863169670105,3.0,3.0,0.49269938468933105,1.4492010672887166
DiscreteSAC,125,final,1079,4079,-0.4553606390953064,10.0,4.0,0.4594450294971466,0.9528782963752747
DiscreteSAC,125,final,1080,4080,-0.53815176486969,10.0,5.0,0.8283836245536804,0.8633334517478943
DiscreteSAC,125,final,1081,4081,-0.4170409679412842,10.0,5.0,1.2895036935806274,1.4410983622074127
DiscreteSAC,125,final,1082,4082,-0.14379807412624357,5.0,2.0,0.2571505606174469,0.9775006890296936
DiscreteSAC,125,final,1083,4083,-0.3202715635299683,10.0,4.0,0.6068633198738098,1.0022356808185577
DiscreteSAC,125,final,1084,4084,-0.41124477386474606,10.0,5.0,0.8493122458457947,-3.4705854177474977
DiscreteSAC,125,final,1085,4085,-0.38453800678253175,10.0,4.0,0.8311836123466492,1.3815323203802108
DiscreteSAC,125,final,1086,4086,-0.31743712425231935,10.0,4.0,1.1292427778244019,814.0160890191794
DiscreteSAC,125,final,1087,4087,-0.315505588054657,10.0,5.0,0.8813327550888062,584.0368852674961
DiscreteSAC,125,final,1088,4088,-0.40944527626037597,9.0,4.0,0.5799732804298401,10.85884486635526
DiscreteSAC,125,final,1089,4089,-0.04042877554893491,5.0,3.0,0.41984376311302185,4.659167921543121
DiscreteSAC,125,final,1090,4090,-0.2789559137821197,7.0,5.0,0.679776668548584,584.6832815749304
DiscreteSAC,125,final,1091,4091,-0.2731236036121845,8.0,4.0,0.15193161368370056,418.7606928870082
DiscreteSAC,125,final,1092,4092,-0.7131370425224306,10.0,4.0,0.7632823586463928,321.4369849920273
DiscreteSAC,125,final,1093,4093,-0.3067983293533325,9.0,4.0,0.7919025421142578,184.79748098717795
DiscreteSAC,125,final,1094,4094,-0.6549926280975343,10.0,2.0,0.4863913655281067,792.6558431208134
DiscreteSAC,125,final,1095,4095,-0.12624958634376526,8.0,5.0,0.3209216594696045,1.9171571731567383
DiscreteSAC,125,final,1096,4096,-0.655184018611908,10.0,2.0,0.69677734375,4.498067378997803
DiscreteSAC,125,final,1097,4097,-0.3857680201530457,10.0,5.0,0.4179829955101013,322.7735330820084
DiscreteSAC,125,final,1098,4098,-0.31676032543182375,10.0,5.0,1.160836935043335,2.651350063085556
DiscreteSAC,125,final,1099,4099,-0.42277348637580875,10.0,6.0,0.31539541482925415,3.7767650902271273
DiscreteSAC,125,final,1100,4100,-0.0517975068092346,6.0,4.0,0.5103910565376282,3.8122389912605286
DiscreteSAC,125,final,1101,4101,-0.3068825900554657,10.0,3.0,0.3658784329891205,52.71021507978439
DiscreteSAC,125,final,1102,4102,-0.04445865511894227,6.0,4.0,0.4906199872493744,103.06150754292806
DiscreteSAC,125,final,1103,4103,-0.6296334385871887,10.0,4.0,0.9773029685020447,6.168061864376068
DiscreteSAC,125,final,1104,4104,0.004071912765502936,4.0,2.0,0.6458494067192078,1.3350398242473602
DiscreteSAC,125,final,1105,4105,-0.4812081098556519,10.0,5.0,0.42894241213798523,1.3860265552997588
DiscreteSAC,125,final,1106,4106,-0.3223998785018921,10.0,5.0,0.6716207265853882,103726.3235779941
DiscreteSAC,125,final,1107,4107,-0.10483800172805786,10.0,4.0,0.6679271459579468,243.92272360324858
DiscreteSAC,125,final,1108,4108,-0.036935595870018004,2.0,2.0,0.25792545080184937,2.852104902267456
DiscreteSAC,125,final,1109,4109,0.16772397279739382,3.0,2.0,0.9245808720588684,13085.38148355484
DiscreteSAC,125,final,1110,4110,-0.15327205657958984,10.0,5.0,1.0160568952560425,2.6909221172332765
DiscreteSAC,125,final,1111,4111,-0.0652597618103027,7.0,5.0,1.1361382007598877,5349.056490753378
DiscreteSAC,125,final,1112,4112,-0.20201963663101197,8.0,5.0,0.22371448576450348,2.1989910304546356
DiscreteSAC,125,final,1113,4113,-0.2562880778312683,9.0,2.0,0.5434719324111938,20244.000469432936
DiscreteSAC,125,final,1114,4114,-0.6034409403800965,10.0,3.0,0.371520072221756,2000.963932800293
DiscreteSAC,125,final,1115,4115,-0.05122898817062378,5.0,3.0,0.7174667119979858,4.338458728790283
DiscreteSAC,125,final,1116,4116,-0.11510029435157774,5.0,4.0,0.4088546633720398,3.096133661270142
DiscreteSAC,125,final,1117,4117,-0.11643548011779789,10.0,4.0,1.3420706987380981,1.9323854565620422
DiscreteSAC,125,final,1118,4118,-0.2908128142356873,10.0,5.0,0.8934022784233093,1.108016663789749
DiscreteSAC,125,final,1119,4119,-0.09943600893020633,10.0,5.0,0.5946043729782104,2709.746411150694
DiscreteSAC,125,final,1120,4120,-0.3895291805267334,10.0,4.0,0.6281275153160095,2.056244987249374
DiscreteSAC,125,final,1121,4121,-0.5994398593902588,10.0,3.0,0.47172021865844727,84648.28147064448
DiscreteSAC,125,final,1122,4122,-0.37885305285453796,10.0,3.0,0.32715433835983276,3.1352963209152223
DiscreteSAC,125,final,1123,4123,-0.46395227015018464,10.0,4.0,0.20893363654613495,2.309177178144455
DiscreteSAC,125,final,1124,4124,-0.14248462915420534,10.0,5.0,0.7934291958808899,1.5465989649295806
DiscreteSAC,125,final,1125,4125,-0.28425368666648865,10.0,5.0,0.21512560546398163,0.9145774126052857
DiscreteSAC,125,final,1126,4126,0.09000000000000001,1.0,1.0,0.7993994951248169,0.5058278441429138
DiscreteSAC,125,final,1127,4127,0.09000000000000001,1.0,1.0,0.17969390749931335,0.9836897253990173
DiscreteSAC,125,final,1128,4128,-0.19993361487984657,8.0,4.0,0.07241899520158768,7250.130667865276
DiscreteSAC,125,final,1129,4129,-0.4217927289009094,7.0,3.0,0.41788312792778015,6770.29296869891
DiscreteSAC,125,final,1130,4130,-0.36294890642166144,10.0,4.0,0.9508196711540222,0.8756028771400451
DiscreteSAC,125,final,1131,4131,-0.07313283681869509,10.0,5.0,0.8552942872047424,0.5667618453502655
DiscreteSAC,125,final,1132,4132,-0.12579147577285765,6.0,3.0,0.543239951133728,0.4584960341453552
DiscreteSAC,125,final,1133,4133,-0.27699054479599,10.0,4.0,0.6268444061279297,997.5204727470875
DiscreteSAC,125,final,1134,4134,0.058515501022338864,10.0,4.0,0.6296135783195496,0.5241433203220367
DiscreteSAC,125,final,1135,4135,-0.014118145406246188,5.0,3.0,0.0907420888543129,0.11195849180221558
DiscreteSAC,125,final,1136,4136,-0.5002350211143494,10.0,3.0,0.6146212816238403,0.39526185393333435
DiscreteSAC,125,final,1137,4137,-0.14709442853927612,5.0,4.0,0.8967011570930481,0.3100283980369568
DiscreteSAC,125,final,1138,4138,0.09244949579238892,4.0,3.0,0.641143262386322,0.16923047602176666
DiscreteSAC,125,final,1139,4139,-0.5281824469566345,10.0,3.0,0.3535248339176178,2716.5673514723776
DiscreteSAC,125,final,1140,4140,-0.30459846258163453,10.0,4.0,0.4281085133552551,0.18427032232284546
DiscreteSAC,125,final,1141,4141,-0.06377250671386718,7.0,5.0,1.2761672735214233,-0.0010755232402256557
DiscreteSAC,125,final,1142,4142,-0.07551991701126097,6.0,4.0,0.40830159187316895,0.25565741459528607
DiscreteSAC,125,final,1143,4143,-0.07408220291137695,7.0,5.0,0.6642375588417053,0.1261394875390189
DiscreteSAC,125,final,1144,4144,-0.0512866449356079,7.0,5.0,0.8541259765625,0.13134272609438216
DiscreteSAC,125,final,1145,4145,-0.11601375818252564,8.0,4.0,0.39692381024360657,-0.05292733013629913
DiscreteSAC,125,final,1146,4146,-0.14019584894180298,9.0,5.0,0.8744534254074097,0.091532568136851
DiscreteSAC,125,final,1147,4147,-0.16299733757972718,9.0,5.0,0.3149076998233795,2185.2850837839974
DiscreteSAC,125,final,1148,4148,-0.4597302496433258,10.0,4.0,0.3941994309425354,0.26077725291252135
DiscreteSAC,125,final,1149,4149,-0.48946332931518555,10.0,3.0,0.6816662549972534,0.2374836504459381
DiscreteSAC,125,final,1150,4150,-0.20977640390396118,9.0,5.0,0.9549869298934937,1835.7797275715404
DiscreteSAC,125,final,1151,4151,-0.2798659235239029,10.0,4.0,0.14573468267917633,0.5936606109142304
DiscreteSAC,125,final,1152,4152,-0.25651748180389405,10.0,4.0,0.6416888236999512,3.7233499556779863
DiscreteSAC,125,final,1153,4153,-0.12184067249298096,8.0,6.0,0.7012284398078918,0.29084107279777527
DiscreteSAC,125,final,1154,4154,-0.3531825542449951,10.0,5.0,0.4178295433521271,0.22098922729492188
DiscreteSAC,125,final,1155,4155,-0.18352161884307855,9.0,4.0,0.9809602499008179,94651.86758872535
DiscreteSAC,125,final,1156,4156,-0.48580838441848756,10.0,4.0,0.23646226525306702,3287.9679613590242
DiscreteSAC,125,final,1157,4157,-0.5053599774837494,10.0,3.0,0.4676154553890228,504.4834624350071
DiscreteSAC,125,final,1158,4158,0.013862431049346938,5.0,4.0,0.670051634311676,0.8109966814517975
DiscreteSAC,125,final,1159,4159,-0.471810519695282,10.0,3.0,0.7503951191902161,3945.4149675130843
DiscreteSAC,125,final,1160,4160,-0.01739756584167479,7.0,3.0,0.7728233933448792,0.853904264313834
DiscreteSAC,125,final,1161,4161,0.09000000000000001,1.0,1.0,0.49176302552223206,0.01435542106628418
DiscreteSAC,125,final,1162,4162,-0.34605763852596283,10.0,5.0,0.3057630956172943,3063.697255319357
DiscreteSAC,125,final,1163,4163,-0.4531390070915222,10.0,3.0,0.39244309067726135,0.46088734865188596
DiscreteSAC,125,final,1164,4164,0.15681733906269074,3.0,3.0,0.24896909296512604,0.09753136833508809
DiscreteSAC,125,final,1165,4165,-0.38214545845985415,10.0,5.0,0.3065668046474457,0.12207255363464356
DiscreteSAC,125,final,1166,4166,0.0570060682296753,3.0,3.0,0.40508684515953064,0.9495035807291666
DiscreteSAC,125,final,1167,4167,-0.580788266658783,10.0,4.0,0.9588273763656616,0.34481416642665863
DiscreteSAC,125,final,1168,4168,-0.39238138794898986,10.0,4.0,0.3911791741847992,328.12635155022144
DiscreteSAC,125,final,1169,4169,-0.5511869788169861,10.0,3.0,0.3518059551715851,0.2323974072933197
DiscreteSAC,125,final,1170,4170,-0.5525975346565247,10.0,4.0,0.702610194683075,1112.5520248413086
DiscreteSAC,125,final,1171,4171,-0.564627754688263,10.0,2.0,0.7425590753555298,26.302037048339844
DiscreteSAC,125,final,1172,4172,-0.6203633844852449,10.0,3.0,0.20725002884864807,10.672559142112732
DiscreteSAC,125,final,1173,4173,-0.5608051300048829,10.0,2.0,0.38222476840019226,4.629305124282837
DiscreteSAC,125,final,1174,4174,-0.6169966936111451,10.0,2.0,0.41572698950767517,38.72329658269882
DiscreteSAC,125,final,1175,4175,-0.3116963982582093,10.0,2.0,0.5544876456260681,80508.73100140094
DiscreteSAC,125,final,1176,4176,-0.5987931191921235,10.0,3.0,0.5231896042823792,3.025604176521301
DiscreteSAC,125,final,1177,4177,-0.3780214786529541,10.0,3.0,0.8500710129737854,2.0687158823013307
DiscreteSAC,125,final,1178,4178,-0.4565235376358032,10.0,3.0,0.6673157811164856,1.7669209957122802
DiscreteSAC,125,final,1179,4179,-0.43756654262542727,10.0,5.0,0.6454849243164062,1.3595652878284454
DiscreteSAC,125,final,1180,4180,-0.6931657910346987,10.0,4.0,0.4779514670372009,0.7708863854408264
DiscreteSAC,125,final,1181,4181,-0.48555898666381836,10.0,3.0,0.7305412888526917,3879.6061330497264
DiscreteSAC,125,final,1182,4182,-0.16942426562309265,10.0,5.0,0.3263993263244629,0.8816074907779694
DiscreteSAC,125,final,1183,4183,0.09577959537506105,4.0,4.0,0.5123516321182251,0.7150353640317917
DiscreteSAC,125,final,1184,4184,-0.14880334377288817,9.0,4.0,0.8330234289169312,0.5809184842639499
DiscreteSAC,125,final,1185,4185,-0.27818669080734254,10.0,4.0,0.9234859347343445,0.5094009041786194
DiscreteSAC,125,final,1186,4186,0.17399038553237917,2.0,2.0,0.43546342849731445,0.14153945446014404
DiscreteSAC,125,final,1187,4187,-0.16115709543228152,10.0,5.0,0.6513290405273438,0.47766549289226534
DiscreteSAC,125,final,1188,4188,-0.4468825697898865,10.0,5.0,0.6364565491676331,0.28770363628864287
DiscreteSAC,125,final,1189,4189,-0.06712820172309876,4.0,3.0,0.24089862406253815,0.6112211495637894
DiscreteSAC,125,final,1190,4190,0.01218861341476439,5.0,4.0,0.7168281674385071,0.2747772455215454
DiscreteSAC,125,final,1191,4191,0.1624044179916382,5.0,4.0,0.6610938310623169,0.10993154048919677
DiscreteSAC,125,final,1192,4192,0.03435708522796631,6.0,3.0,0.9920476675033569,0.32302963733673096
DiscreteSAC,125,final,1193,4193,-0.39762961864471436,10.0,3.0,0.36777204275131226,0.11427741944789886
DiscreteSAC,125,final,1194,4194,0.0885415840148926,2.0,2.0,0.47907018661499023,0.0016733407974243164
DiscreteSAC,125,final,1195,4195,-0.6196523606777192,10.0,3.0,0.3694329261779785,0.29159827828407286
DiscreteSAC,125,final,1196,4196,-0.02209689021110535,5.0,3.0,0.4179515242576599,0.034707111120223996
DiscreteSAC,125,final,1197,4197,-0.13957501709461212,6.0,4.0,0.23266802728176117,0.436421995361646
DiscreteSAC,125,final,1198,4198,0.2634153985977173,6.0,4.0,0.7292510271072388,-0.034007047613461815
DiscreteSAC,125,final,1199,4199,0.04716964960098266,10.0,3.0,0.9630087018013,-0.022249162197113037
DiscreteSAC,125,final,1200,4200,0.19285948038101197,4.0,3.0,0.728469729423523,-0.10153411328792572
DiscreteSAC,125,final,1201,4201,-0.8292043030261995,10.0,4.0,0.7330331206321716,7574.607806372643
DiscreteSAC,125,final,1202,4202,0.018340890407562246,7.0,4.0,0.6239714622497559,0.3724382349423
DiscreteSAC,125,final,1203,4203,0.07187993288040162,4.0,3.0,0.4486110806465149,0.36651289463043213
DiscreteSAC,125,final,1204,4204,-0.2522833299636841,7.0,4.0,0.7090229392051697,0.027995961053030833
DiscreteSAC,125,final,1205,4205,-0.5312411963939667,10.0,2.0,0.29691174626350403,75493.00970267951
DiscreteSAC,125,final,1206,4206,-0.3859513521194458,10.0,4.0,0.5337185859680176,4298.228867176175
DiscreteSAC,125,final,1207,4207,-0.35679281651973727,10.0,5.0,0.20443737506866455,0.6208460628986359
DiscreteSAC,125,final,1208,4208,-0.36780521869659427,10.0,6.0,0.45592769980430603,0.460918715596199
DiscreteSAC,125,final,1209,4209,-0.06680058002471921,6.0,3.0,1.1020623445510864,8114.507268418868
DiscreteSAC,125,final,1210,4210,0.0012297844886779846,4.0,2.0,0.5173508524894714,0.29603205621242523
DiscreteSAC,125,final,1211,4211,-0.11772619247436523,6.0,3.0,0.279163658618927,0.07793042063713074
DiscreteSAC,125,final,1212,4212,-0.19299237966537475,9.0,4.0,0.5597759485244751,0.09141444497638279
DiscreteSAC,125,final,1213,4213,-0.4321532368659973,10.0,4.0,0.9040464758872986,0.3366231173276901
DiscreteSAC,125,final,1214,4214,-0.8291559219360354,10.0,3.0,0.622080385684967,0.1014823704957962
DiscreteSAC,125,final,1215,4215,-0.5452196121215821,10.0,4.0,0.8213836550712585,0.0793865442276001
DiscreteSAC,125,final,1216,4216,-0.032955999374389644,7.0,4.0,0.7045489549636841,0.25530182463782175
DiscreteSAC,125,final,1217,4217,-0.7142276287078859,10.0,4.0,1.4391546249389648,0.05762608647346497
DiscreteSAC,125,final,1218,4218,0.015744507312774672,5.0,4.0,0.8302903771400452,-0.012824499607086181
DiscreteSAC,125,final,1219,4219,-0.35156911611557007,10.0,3.0,0.9629493355751038,0.2703109622001648
DiscreteSAC,125,final,1220,4220,-0.5107113003730774,10.0,2.0,0.7828928232192993,0.11373146772384643
DiscreteSAC,125,final,1221,4221,0.13111151933670045,2.0,2.0,0.8331657648086548,-0.14541462063789368
DiscreteSAC,125,final,1222,4222,-0.21381745338439942,10.0,6.0,0.8105207681655884,0.018748190999031068
DiscreteSAC,125,final,1223,4223,-0.27137137055397037,10.0,6.0,0.47201624512672424,0.10632635056972503
DiscreteSAC,125,final,1224,4224,0.18824661254882813,7.0,4.0,1.0363600254058838,5027.169827712433
DiscreteSAC,125,final,1225,4225,-0.4819566071033478,10.0,6.0,0.6150363087654114,629.9687765598297
DiscreteSAC,125,final,1226,4226,-0.09589462757110594,8.0,4.0,0.6589582562446594,17.064460039138794
DiscreteSAC,125,final,1227,4227,-0.5873805284500123,10.0,3.0,0.4079863429069519,8.913126516342164
DiscreteSAC,125,final,1228,4228,-0.49150198698043823,10.0,3.0,0.8955942988395691,4.002770400047302
DiscreteSAC,125,final,1229,4229,-0.5495069622993469,10.0,3.0,0.3613450527191162,1.9008315801620483
DiscreteSAC,125,final,1230,4230,-0.47438493371009827,10.0,3.0,0.4789864122867584,1.1801952600479126
DiscreteSAC,125,final,1231,4231,-0.07723912000656129,10.0,5.0,0.6184723973274231,0.7487785041332244
DiscreteSAC,125,final,1232,4232,-0.18800777435302735,9.0,5.0,0.7935100197792053,0.5541432135634952
DiscreteSAC,125,final,1233,4233,-0.3036014556884766,10.0,4.0,0.7031177282333374,0.5025885432958603
DiscreteSAC,125,final,1234,4234,-0.24480031728744506,10.0,4.0,0.6289964318275452,0.24739587008953096
DiscreteSAC,125,final,1235,4235,-0.16380486726760862,9.0,3.0,0.6032238006591797,0.15181967947218153
DiscreteSAC,125,final,1236,4236,-0.3093790817260742,8.0,3.0,0.6605104804039001,0.124912329018116
DiscreteSAC,125,final,1237,4237,-0.444165700674057,10.0,5.0,0.15047720074653625,831.5518307745457
DiscreteSAC,125,final,1238,4238,-0.5409364074468613,10.0,4.0,0.22590136528015137,1670.1705477237701
DiscreteSAC,125,final,1239,4239,-0.37990767359733585,10.0,6.0,0.22628729045391083,5.192318558692932
DiscreteSAC,125,final,1240,4240,-0.5952786684036255,10.0,2.0,0.7400676012039185,1333.631147634983
DiscreteSAC,125,final,1241,4241,-0.5257624506950379,10.0,4.0,0.3672935962677002,1.863010001182556
DiscreteSAC,125,final,1242,4242,-0.7941696345806123,10.0,3.0,0.7519651055335999,2380.58653857708
DiscreteSAC,125,final,1243,4243,0.12658339738845825,5.0,4.0,0.7714535593986511,0.6034667491912842
DiscreteSAC,125,final,1244,4244,0.05533595561981202,2.0,2.0,0.15097405016422272,0.7678617835044861
DiscreteSAC,125,final,1245,4245,-0.1731493258476257,9.0,3.0,0.5998600721359253,0.8205177386601766
DiscreteSAC,125,final,1246,4246,-0.17986365303397178,7.0,4.0,0.10462253540754318,0.46808318155152456
DiscreteSAC,125,final,1247,4247,-0.35614540219306945,9.0,4.0,0.34421950578689575,0.9672713147269355
DiscreteSAC,125,final,1248,4248,-0.06346500396728517,8.0,5.0,0.5967998504638672,1.6443455964326859
DiscreteSAC,125,final,1249,4249,-0.2624356925487518,5.0,3.0,0.4790143370628357,0.5220622897148133
DiscreteSAC,125,final,1250,4250,-0.1531172704696655,7.0,2.0,0.6235880851745605,0.47775364773614065
DiscreteSAC,125,final,1251,4251,-0.706994414329529,10.0,3.0,0.9923685789108276,0.7299259305000305
DiscreteSAC,125,final,1252,4252,0.08401753425598145,3.0,2.0,1.0578840970993042,0.40387388070424396
DiscreteSAC,125,final,1253,4253,-0.5393540501594544,10.0,5.0,0.3667042553424835,-7.929447990655899
DiscreteSAC,125,final,1254,4254,0.1278737211227417,6.0,4.0,0.8266822099685669,0.5489323337872823
DiscreteSAC,125,final,1255,4255,-0.14456341743469237,3.0,2.0,0.7086396813392639,0.5842718879381815
DiscreteSAC,125,final,1256,4256,-0.5173023164272309,10.0,4.0,0.5455910563468933,0.6428872227668763
DiscreteSAC,125,final,1257,4257,-0.04157315969467161,3.0,3.0,0.6705684065818787,0.3009221951166789
DiscreteSAC,125,final,1258,4258,-0.21788959205150604,5.0,4.0,0.4611358344554901,1.2204207062721253
DiscreteSAC,125,final,1259,4259,-0.19715967655181882,8.0,2.0,0.5814964175224304,0.19275791198015213
DiscreteSAC,125,final,1260,4260,-0.17716240167617797,8.0,4.0,0.7710766196250916,0.5740762874484062
DiscreteSAC,125,final,1261,4261,-0.2071783447265625,9.0,4.0,0.7278734445571899,0.6225438912709554
DiscreteSAC,125,final,1262,4262,-0.2512217879295349,10.0,4.0,0.9446375966072083,0.4186239719390869
DiscreteSAC,125,final,1263,4263,0.02650817155838013,3.0,2.0,0.882817268371582,4.822922845681508
DiscreteSAC,125,final,1264,4264,-0.43104461729526516,10.0,5.0,0.1674995720386505,1.215405285358429
DiscreteSAC,125,final,1265,4265,-0.40222916603088377,10.0,6.0,1.1024692058563232,0.3199131011962891
DiscreteSAC,125,final,1266,4266,-0.001002801656723007,2.0,2.0,0.5404173135757446,0.14398889243602753
DiscreteSAC,125,final,1267,4267,-0.2568623423576355,10.0,3.0,0.5972148776054382,1.3414131641387939
DiscreteSAC,125,final,1268,4268,0.1411928653717041,5.0,3.0,0.820168137550354,4152.584658563137
DiscreteSAC,125,final,1269,4269,0.0700552010536194,6.0,3.0,0.5862475037574768,2809.7060010532537
DiscreteSAC,125,final,1270,4270,-0.3726310133934021,10.0,3.0,0.49086815118789673,86.36727135777474
DiscreteSAC,125,final,1271,4271,-0.2594116854667663,8.0,4.0,0.9654330015182495,143.89251875132322
DiscreteSAC,125,final,1272,4272,-0.3867287278175354,10.0,5.0,0.5185806155204773,2.1295445203781127
DiscreteSAC,125,final,1273,4273,-0.14726120471954346,9.0,5.0,1.0929112434387207,1568.9664218293296
DiscreteSAC,125,final,1274,4274,-0.5415977358818055,10.0,4.0,0.5648786425590515,0.9424537897109986
DiscreteSAC,125,final,1275,4275,0.5341979932785034,3.0,3.0,1.1852786540985107,1.1947417656580608
DiscreteSAC,125,final,1276,4276,0.0893920135498047,3.0,3.0,0.3350888788700104,0.4584144155184428
DiscreteSAC,125,final,1277,4277,0.014157874584197996,8.0,6.0,0.847733199596405,1294.49508035928
DiscreteSAC,125,final,1278,4278,-0.3333229184150696,10.0,6.0,0.4291992783546448,1.0157112181186676
DiscreteSAC,125,final,1279,4279,-0.34742231369018556,10.0,4.0,0.7752966284751892,0.6709222316741943
DiscreteSAC,125,final,1280,4280,-0.23765048384666443,5.0,4.0,0.6278380751609802,0.601797091960907
DiscreteSAC,125,final,1281,4281,-0.5702181458473207,10.0,3.0,0.45537999272346497,760.4769341886043
DiscreteSAC,125,final,1282,4282,-0.5770922899246217,10.0,3.0,0.6046538352966309,0.8371443033218384
DiscreteSAC,125,final,1283,4283,-0.45656895041465756,10.0,5.0,0.5549359321594238,1.0445697486400605
DiscreteSAC,125,final,1284,4284,-0.4573582768440247,10.0,3.0,0.7123824954032898,1.166128158569336
DiscreteSAC,125,final,1285,4285,-0.2218734574317932,7.0,4.0,0.4267297685146332,3.088054197175162
DiscreteSAC,125,final,1286,4286,-0.22942526340484623,10.0,4.0,1.0681147575378418,0.81442990899086
DiscreteSAC,125,final,1287,4287,-0.03993089526891706,3.0,3.0,0.22164686024188995,1.012666364510854
DiscreteSAC,125,final,1288,4288,0.3039543199539185,2.0,2.0,0.6845191121101379,0.34335365891456604
DiscreteSAC,125,final,1289,4289,0.03361265361309052,5.0,4.0,0.20917847752571106,0.5665534496307373
DiscreteSAC,125,final,1290,4290,-0.4118800967931748,10.0,6.0,0.27996930480003357,8.587584629654884
DiscreteSAC,125,final,1291,4291,-0.1481810110807419,8.0,5.0,0.2357340306043625,2907.0412097126245
DiscreteSAC,125,final,1292,4292,-0.5155321300029755,10.0,5.0,0.5744829773902893,7.541647261381149
DiscreteSAC,125,final,1293,4293,-0.3457318723201752,10.0,7.0,0.4142512381076813,0.896151477098465
DiscreteSAC,125,final,1294,4294,-0.2066973805427551,10.0,3.0,0.6244029998779297,137.11452174782752
DiscreteSAC,125,final,1295,4295,-0.11157680869102478,7.0,3.0,0.3694778084754944,1.3711385216031755
DiscreteSAC,125,final,1296,4296,-0.15656485557556155,10.0,5.0,1.0027674436569214,461.8439910709858
DiscreteSAC,125,final,1297,4297,-0.3031004786491394,10.0,4.0,0.9768022894859314,13.019021272659302
DiscreteSAC,125,final,1298,4298,-0.5698892891407012,10.0,4.0,0.28055134415626526,1660.5963067293167
DiscreteSAC,125,final,1299,4299,-0.15464508056640625,7.0,4.0,0.7365288138389587,676.8549400057111
DiscreteSAC,125,final,1300,4300,-0.35826066732406614,10.0,3.0,0.4390104115009308,4.887724316120147
DiscreteSAC,125,final,1301,4301,-0.5858674645423889,10.0,3.0,0.36063066124916077,1508.7136079788208
DiscreteSAC,125,final,1302,4302,-0.5053064644336701,10.0,4.0,0.35481950640678406,481.79909029006956
DiscreteSAC,125,final,1303,4303,-0.7569079697132113,10.0,3.0,0.36655452847480774,13.334269380569458
DiscreteSAC,125,final,1304,4304,-0.40761805772781373,10.0,4.0,0.8749716877937317,2380.7099006175995
DiscreteSAC,125,final,1305,4305,-0.48427671790122984,10.0,6.0,0.37249287962913513,47.92149810791015
DiscreteSAC,125,final,1306,4306,-0.7071765244007112,10.0,2.0,0.4193248152732849,20.986577224731445
DiscreteSAC,125,final,1307,4307,-0.5389161586761475,10.0,2.0,0.3967907130718231,1621.6986887931823
DiscreteSAC,125,final,1308,4308,-0.36374754905700685,10.0,4.0,0.3977847993373871,6.051636958122254
DiscreteSAC,125,final,1309,4309,-0.3061851501464844,10.0,5.0,0.9836915731430054,4.376956033706665
DiscreteSAC,125,final,1310,4310,-0.27106688022613523,10.0,6.0,0.920954704284668,358.57901664972303
DiscreteSAC,125,final,1311,4311,-0.6257428646087647,10.0,4.0,0.3280242383480072,5.059674072265625
DiscreteSAC,125,final,1312,4312,-0.34014880657196045,10.0,3.0,0.7531936764717102,2.986353063583374
DiscreteSAC,125,final,1313,4313,-0.2506651043891907,10.0,6.0,0.8349317908287048,16.926802241802214
DiscreteSAC,125,final,1314,4314,-0.244334979057312,7.0,3.0,0.6524778008460999,552.2238968270166
DiscreteSAC,125,final,1315,4315,-0.5859019756317139,10.0,3.0,0.5745560526847839,5.355748808383941
DiscreteSAC,125,final,1316,4316,-0.09238707542419435,7.0,4.0,0.5527434945106506,38.87683316639492
DiscreteSAC,125,final,1317,4317,0.09000000000000001,1.0,1.0,0.9278082847595215,2.039486885070801
DiscreteSAC,125,final,1318,4318,-0.6789058715105059,10.0,4.0,0.41758298873901367,3.408899390697479
DiscreteSAC,125,final,1319,4319,0.07309666395187378,8.0,7.0,0.8417263031005859,1.6743947491049767
DiscreteSAC,125,final,1320,4320,-0.05376940965652467,10.0,5.0,0.7188571691513062,1.8363819241523742
DiscreteSAC,125,final,1321,4321,-0.5505938112735749,10.0,2.0,0.22737351059913635,2.755378007888794
DiscreteSAC,125,final,1322,4322,0.05506093978881837,2.0,2.0,0.6629346013069153,2.0357427299022675
DiscreteSAC,125,final,1323,4323,-0.02696854352951049,8.0,5.0,0.6831994652748108,154.80281089246273
DiscreteSAC,125,final,1324,4324,-0.45619453191757203,10.0,4.0,0.7211028337478638,2.542882776260376
DiscreteSAC,125,final,1325,4325,0.1102764129638672,5.0,3.0,1.0077141523361206,77.98571014404297
DiscreteSAC,125,final,1326,4326,-0.08764490842819216,6.0,2.0,0.8254770040512085,2.0993115305900574
DiscreteSAC,125,final,1327,4327,-0.2605659127235413,10.0,6.0,0.5806717276573181,2.7186487555503844
DiscreteSAC,125,final,1328,4328,-0.01041168749332426,3.0,3.0,0.17981979250907898,3.8980252742767334
DiscreteSAC,125,final,1329,4329,-0.3677035927772522,10.0,6.0,0.5544753074645996,114713.09248909951
DiscreteSAC,125,final,1330,4330,0.058071208596229565,4.0,4.0,0.09706538915634155,5.030085206031799
DiscreteSAC,125,final,1331,4331,0.20026963710784912,4.0,4.0,0.8938909769058228,12.010029315948486
DiscreteSAC,125,final,1332,4332,0.09000000000000001,1.0,1.0,0.42789438366889954,4.874911308288574
DiscreteSAC,125,final,1333,4333,0.04363502740859986,2.0,2.0,0.7244427800178528,6.92263650894165
DiscreteSAC,125,final,1334,4334,-0.362214183807373,10.0,3.0,1.0274218320846558,10.760137832164764
DiscreteSAC,125,final,1335,4335,-0.32725573778152467,10.0,4.0,0.9836189150810242,1.8504369854927063
DiscreteSAC,125,final,1336,4336,-0.4581651628017426,10.0,5.0,0.5481280088424683,2.895994997024536
DiscreteSAC,125,final,1337,4337,-0.28683075904846195,10.0,6.0,0.5436738729476929,2.134593057632446
DiscreteSAC,125,final,1338,4338,-0.3245229721069336,10.0,3.0,1.0519651174545288,0.6893852591514588
DiscreteSAC,125,final,1339,4339,0.013943572044372562,3.0,2.0,0.933331310749054,1.3645599484443665
DiscreteSAC,125,final,1340,4340,0.09936262845993044,2.0,2.0,0.608287513256073,0.8983949720859528
DiscreteSAC,125,final,1341,4341,-0.6727450311183931,10.0,4.0,0.4280015826225281,0.8428019344806671
DiscreteSAC,125,final,1342,4342,-0.6379070729017259,10.0,3.0,0.26752564311027527,1.6205213248729706
DiscreteSAC,125,final,1343,4343,-0.14042813301086426,7.0,5.0,0.7354421019554138,1.2253380077225822
DiscreteSAC,125,final,1344,4344,-0.07920059621334076,6.0,3.0,0.16262184083461761,0.7355956236521403
DiscreteSAC,125,final,1345,4345,-0.19365258336067198,7.0,3.0,0.14945031702518463,0.8269067321504865
DiscreteSAC,125,final,1346,4346,-0.5188925862312317,10.0,3.0,0.47210580110549927,0.8386792749166488
DiscreteSAC,125,final,1347,4347,-0.41542036533355714,10.0,4.0,0.724755585193634,0.44710194766521455
DiscreteSAC,125,final,1348,4348,-0.371650493144989,10.0,6.0,0.985669732093811,2397.809919703007
DiscreteSAC,125,final,1349,4349,-0.27582437872886656,8.0,3.0,0.25445207953453064,3.6642582714557648
DiscreteSAC,125,final,1350,4350,-0.3448360085487366,10.0,4.0,0.78378826379776,2.312936842441559
DiscreteSAC,125,final,1351,4351,0.03910286903381349,7.0,3.0,1.0833839178085327,2.314310227121626
DiscreteSAC,125,final,1352,4352,-0.5830019533634188,10.0,4.0,0.29600778222084045,1.1686574876308442
DiscreteSAC,125,final,1353,4353,-0.3520837330818176,9.0,4.0,0.48732665181159973,279.1942926446597
DiscreteSAC,125,final,1354,4354,-0.13250023126602173,5.0,4.0,0.6579347848892212,0.8656348943710327
DiscreteSAC,125,final,1355,4355,-0.2324604654312134,9.0,7.0,0.7128810286521912,0.8169235520892673
DiscreteSAC,125,final,1356,4356,-0.40952171087265016,10.0,4.0,0.5492120385169983,1.200276380777359
DiscreteSAC,125,final,1357,4357,0.14867895603179931,4.0,4.0,1.1275599002838135,4.81020987033844
DiscreteSAC,125,final,1358,4358,-0.2104173231124878,8.0,4.0,0.3908035457134247,1.4717083796858788
DiscreteSAC,125,final,1359,4359,-0.12582386732101444,10.0,4.0,0.5309062600135803,0.8886465311050415
DiscreteSAC,125,final,1360,4360,-0.03953282594680786,6.0,3.0,0.2885986864566803,0.8394539952278137
DiscreteSAC,125,final,1361,4361,-0.06866515457630155,3.0,3.0,0.27755147218704224,0.5594476362069448
DiscreteSAC,125,final,1362,4362,-0.14056418657302855,7.0,3.0,0.5459921956062317,0.5352136066981724
DiscreteSAC,125,final,1363,4363,0.014366755485534663,4.0,3.0,0.546026885509491,1.4844764471054077
DiscreteSAC,125,final,1364,4364,0.09000000000000001,1.0,1.0,0.6573373675346375,0.6650176048278809
DiscreteSAC,125,final,1365,4365,-0.20931328892707823,6.0,3.0,0.5991415977478027,0.7704748610655466
DiscreteSAC,125,final,1366,4366,0.09000000000000001,1.0,1.0,0.9686225652694702,0.6777174472808838
DiscreteSAC,125,final,1367,4367,-0.40804528892040254,10.0,4.0,0.22703345119953156,34.94376195073128
DiscreteSAC,125,final,1368,4368,-0.2799308270215988,10.0,4.0,0.22358693182468414,3199.3882642388344
DiscreteSAC,125,final,1369,4369,-0.07849032163619994,8.0,5.0,0.4481886327266693,1.3845075964927673
DiscreteSAC,125,final,1370,4370,-0.1483588123321533,9.0,4.0,0.5563576817512512,1.3088278041945562
DiscreteSAC,125,final,1371,4371,-0.045041912198066705,4.0,2.0,0.14274615049362183,0.9283251613378525
DiscreteSAC,125,final,1372,4372,0.13404747128486635,7.0,5.0,0.4376286566257477,2.018868863582611
DiscreteSAC,125,final,1373,4373,-0.019209293425083165,4.0,3.0,0.09755983203649521,0.8283629715442657
DiscreteSAC,125,final,1374,4374,-0.4921001672744751,10.0,2.0,0.7127076387405396,4945.131794437766
DiscreteSAC,125,final,1375,4375,-0.1935740542411804,7.0,3.0,0.5837317705154419,1.0545917919703893
DiscreteSAC,125,final,1376,4376,-0.08387022256851197,9.0,4.0,0.7961584329605103,212.380374484592
DiscreteSAC,125,final,1377,4377,-0.1628149902820587,6.0,3.0,0.45581886172294617,2715.6894353230796
DiscreteSAC,125,final,1378,4378,-0.737523287534714,10.0,3.0,0.5784316658973694,24965.220991992952
DiscreteSAC,125,final,1379,4379,-0.08983880043029786,6.0,4.0,0.33251091837882996,7626.156437714894
DiscreteSAC,125,final,1380,4380,-0.17340041399002076,10.0,6.0,0.8387532234191895,380.87764830589293
DiscreteSAC,125,final,1381,4381,0.12235212087631227,4.0,4.0,0.8140597939491272,12.351900458335876
DiscreteSAC,125,final,1382,4382,0.20794243335723878,3.0,3.0,0.5196171402931213,12.846098899841309
DiscreteSAC,125,final,1383,4383,0.2055280673503876,2.0,2.0,0.4588422477245331,9.481304168701172
DiscreteSAC,125,final,1384,4384,0.3283050525188446,2.0,2.0,0.4020107090473175,8.319950342178345
DiscreteSAC,125,final,1385,4385,0.09000000000000001,1.0,1.0,0.821193516254425,10.545186996459961
DiscreteSAC,125,final,1386,4386,-0.060610679388046276,6.0,4.0,0.18476887047290802,20.12488587697347
DiscreteSAC,125,final,1387,4387,0.2607379627227783,3.0,3.0,0.536996603012085,1266.8445150057476
DiscreteSAC,125,final,1388,4388,0.09000000000000001,1.0,1.0,0.29842668771743774,6.971322059631348
DiscreteSAC,125,final,1389,4389,-0.07251649856567381,6.0,4.0,0.8288988471031189,5.00223704179128
DiscreteSAC,125,final,1390,4390,0.15923367619514467,2.0,2.0,0.3101620674133301,3.2263681888580322
DiscreteSAC,125,final,1391,4391,0.0031010007858276595,4.0,3.0,0.5398024320602417,4.96120673418045
DiscreteSAC,125,final,1392,4392,-0.45852304697036744,10.0,4.0,0.8913966417312622,51.9563990354538
DiscreteSAC,125,final,1393,4393,0.09000000000000001,1.0,1.0,0.13283126056194305,4.483288288116455
DiscreteSAC,125,final,1394,4394,-0.3984766244888306,10.0,5.0,0.6051835417747498,783.315778529644
DiscreteSAC,125,final,1395,4395,-0.09654381632804872,6.0,4.0,0.25159332156181335,20.213075002034504
DiscreteSAC,125,final,1396,4396,-0.5861689746379853,10.0,3.0,0.46031731367111206,99.06390643119812
DiscreteSAC,125,final,1397,4397,-0.017053782939910903,5.0,4.0,0.8672553300857544,6039.67914018631
DiscreteSAC,125,final,1398,4398,-0.3347634315490723,10.0,5.0,0.5932253003120422,106.64311926364898
DiscreteSAC,125,final,1399,4399,-0.39779436588287354,10.0,3.0,1.1699011325836182,4.320067000389099
DiscreteSAC,125,final,1400,4400,-0.2878116309642792,10.0,5.0,0.35049721598625183,8.475628876686097
DiscreteSAC,125,final,1401,4401,-0.4570164501667023,10.0,4.0,0.32952091097831726,4.1513843655586244
DiscreteSAC,125,final,1402,4402,-0.43050556182861327,10.0,2.0,0.5535229444503784,3.0173420667648316
DiscreteSAC,125,final,1403,4403,0.047084791660308836,8.0,6.0,0.7696577310562134,1.7968961596488953
DiscreteSAC,125,final,1404,4404,-0.18430992484092712,7.0,4.0,0.3484044671058655,1.055707335472107
DiscreteSAC,125,final,1405,4405,-0.5911112904548647,10.0,2.0,0.8991618156433105,1.1170985758304597
DiscreteSAC,125,final,1406,4406,-0.24975399017333982,9.0,3.0,0.7165067791938782,4.352661656008826
DiscreteSAC,125,final,1407,4407,0.10430738508701326,2.0,2.0,0.24123944342136383,1.1939881443977356
DiscreteSAC,125,final,1408,4408,-0.4041342258453369,10.0,4.0,0.28788456320762634,0.8272360563278198
DiscreteSAC,125,final,1409,4409,-0.021056690216064447,4.0,2.0,0.8281192183494568,2.190005213022232
DiscreteSAC,125,final,1410,4410,0.09052754640579222,5.0,3.0,0.846417248249054,0.41670249700546264
DiscreteSAC,125,final,1411,4411,-0.2928076887130737,9.0,4.0,0.7257207036018372,1.8592840565575495
DiscreteSAC,125,final,1412,4412,0.09000000000000001,1.0,1.0,0.7054149508476257,1.155190348625183
DiscreteSAC,125,final,1413,4413,-0.05503774762153625,3.0,2.0,0.45772913098335266,0.7870943148930868
DiscreteSAC,125,final,1414,4414,-0.10981001257896424,5.0,3.0,0.1367969661951065,2131.754915177822
DiscreteSAC,125,final,1415,4415,0.09000000000000001,1.0,1.0,0.711201012134552,15.682679176330566
DiscreteSAC,125,final,1416,4416,0.01833142518997194,2.0,2.0,0.843586802482605,6.77609395980835
DiscreteSAC,125,final,1417,4417,-0.5550225496292115,10.0,4.0,0.6309717893600464,17.201410627365114
DiscreteSAC,125,final,1418,4418,0.09000000000000001,1.0,1.0,0.9151018857955933,2.909158706665039
DiscreteSAC,125,final,1419,4419,0.09000000000000001,1.0,1.0,0.2734951376914978,5.280173301696777
DiscreteSAC,125,final,1420,4420,-0.5620548844337464,10.0,4.0,0.7069321870803833,114.41631996631622
DiscreteSAC,125,final,1421,4421,-0.1338219690322876,8.0,5.0,0.5165488123893738,2.7528164982795715
DiscreteSAC,125,final,1422,4422,0.1532321047782898,3.0,3.0,0.7920316457748413,1.6719856262207031
DiscreteSAC,125,final,1423,4423,0.00436854124069215,9.0,5.0,0.7621768116950989,204.29732678333917
DiscreteSAC,125,final,1424,4424,-0.5572887480258942,10.0,4.0,0.5234071016311646,80.44192552566528
DiscreteSAC,125,final,1425,4425,-0.41553367376327516,10.0,4.0,0.5199715495109558,2.3402577698230744
DiscreteSAC,125,final,1426,4426,-0.18914429664611815,7.0,3.0,0.3818652629852295,1.9844939368111747
DiscreteSAC,125,final,1427,4427,0.022647010087966934,2.0,2.0,0.32038378715515137,1.344596028327942
DiscreteSAC,125,final,1428,4428,-0.03785137891769409,6.0,3.0,0.6563591957092285,1.969122628370921
DiscreteSAC,125,final,1429,4429,-0.1732791543006897,5.0,3.0,0.4849371016025543,0.8720044612884521
DiscreteSAC,125,final,1430,4430,0.09000000000000001,1.0,1.0,0.06983212381601334,1.5144319534301758
DiscreteSAC,125,final,1431,4431,-0.06581454515457154,4.0,3.0,0.6723884344100952,316871.45551776886
DiscreteSAC,125,final,1432,4432,-0.61641366481781,10.0,4.0,0.794285237789154,5.50039131641388
DiscreteSAC,125,final,1433,4433,0.014163389205932617,6.0,3.0,0.6129835247993469,4.6136051416397095
DiscreteSAC,125,final,1434,4434,-0.391149777173996,10.0,2.0,0.15078213810920715,6.185772848129273
DiscreteSAC,125,final,1435,4435,-0.3192274570465088,10.0,3.0,0.7693997025489807,3.0208945631980897
DiscreteSAC,125,final,1436,4436,-0.4277254581451416,10.0,5.0,0.29488033056259155,3.1099111139774323
DiscreteSAC,125,final,1437,4437,-0.368747016787529,10.0,6.0,0.24119257926940918,1.8433019876480103
DiscreteSAC,125,final,1438,4438,-0.33418247699737547,10.0,3.0,0.9084400534629822,326.6990984916687
DiscreteSAC,125,final,1439,4439,-0.4425044655799866,10.0,3.0,0.6990548372268677,2.3965341806411744
DiscreteSAC,125,final,1440,4440,-0.3696226000785828,10.0,4.0,0.5038754343986511,3083.830988907814
DiscreteSAC,125,final,1441,4441,-0.22280231714248655,10.0,3.0,0.8296422958374023,2421.3522752553226
DiscreteSAC,125,final,1442,4442,-0.4115396872162819,10.0,6.0,0.1565575748682022,7357.252823579312
DiscreteSAC,125,final,1443,4443,0.12052931129932404,6.0,4.0,0.16567100584506989,4.4011240402857466
DiscreteSAC,125,final,1444,4444,0.08804143428802491,4.0,3.0,0.5391066670417786,6.367465317249298
DiscreteSAC,125,final,1445,4445,-0.23386621952056885,8.0,5.0,0.3755017817020416,2.040031261742115
DiscreteSAC,125,final,1446,4446,-0.20706161141395568,3.0,3.0,0.5980258584022522,1.7913323243459065
DiscreteSAC,125,final,1447,4447,-0.5094263553619385,10.0,3.0,0.11498337239027023,1.9502902150154113
DiscreteSAC,125,final,1448,4448,-0.4329935431480408,10.0,4.0,0.33849048614501953,5.852482670545578
DiscreteSAC,125,final,1449,4449,0.2889212238788605,2.0,2.0,0.48474714159965515,1.4426865577697754
DiscreteSAC,125,final,1450,4450,-0.13849577844142913,4.0,3.0,0.37213653326034546,2.405871272087097
DiscreteSAC,125,final,1451,4451,-0.33983634114265443,10.0,4.0,0.39494720101356506,2152.6643776416777
DiscreteSAC,125,final,1452,4452,-0.15367687344551084,5.0,2.0,0.4757104516029358,23.769306671619415
DiscreteSAC,125,final,1453,4453,0.08191418886184693,6.0,4.0,0.8101277351379395,3.1797579328219094
DiscreteSAC,125,final,1454,4454,-0.6807779490947725,10.0,4.0,0.5514262914657593,2.6549039781093597
DiscreteSAC,125,final,1455,4455,-0.19596440315246577,7.0,5.0,0.7444161176681519,2.587220345224653
DiscreteSAC,125,final,1456,4456,-0.12784551382064818,5.0,3.0,0.3500874936580658,1.324078381061554
DiscreteSAC,125,final,1457,4457,-0.029675059318542488,8.0,4.0,0.5519294738769531,1.3127485886216164
DiscreteSAC,125,final,1458,4458,0.016300914287567136,4.0,4.0,0.6937178373336792,13.611255258321762
DiscreteSAC,125,final,1459,4459,-0.5125744223594666,10.0,2.0,0.8651145100593567,4.226903289556503
DiscreteSAC,125,final,1460,4460,-0.03699203848838807,7.0,4.0,0.4565226137638092,2.262993744441441
DiscreteSAC,125,final,1461,4461,-0.4562510371208191,10.0,4.0,0.9067422151565552,1.8841353237628937
DiscreteSAC,125,final,1462,4462,-0.366887640953064,10.0,4.0,0.7571848630905151,1.6758738696575164
DiscreteSAC,125,final,1463,4463,-0.4824986279010773,10.0,4.0,0.44036492705345154,2860.7954945385454
DiscreteSAC,125,final,1464,4464,-0.44332576990127565,10.0,4.0,0.9031944274902344,33.296035373210906
DiscreteSAC,125,final,1465,4465,-0.1671726107597351,10.0,5.0,0.5831624865531921,3.0419401288032533
DiscreteSAC,125,final,1466,4466,-0.6263498783111574,10.0,4.0,0.9370039701461792,53.11720186471939
DiscreteSAC,125,final,1467,4467,-0.45624691843986515,10.0,6.0,0.19635078310966492,2.4975605607032776
DiscreteSAC,125,final,1468,4468,0.06068135499954224,5.0,3.0,0.36223140358924866,5.800237107276916
DiscreteSAC,125,final,1469,4469,-0.4454107150435448,10.0,5.0,0.10897950083017349,1.303194171190262
DiscreteSAC,125,final,1470,4470,-0.060301115512847905,4.0,3.0,0.3057849109172821,2.1629787385463715
DiscreteSAC,125,final,1471,4471,0.187986421585083,5.0,5.0,1.1577025651931763,2.785818040370941
DiscreteSAC,125,final,1472,4472,-0.13812478065490724,8.0,6.0,0.6703141331672668,1262.2899760901928
DiscreteSAC,125,final,1473,4473,0.14108931779861453,4.0,4.0,0.8885553479194641,12.5293128490448
DiscreteSAC,125,final,1474,4474,0.1906908130645752,4.0,4.0,0.5691820383071899,5.233076453208923
DiscreteSAC,125,final,1475,4475,0.034086750745773324,2.0,2.0,0.29794231057167053,4.270270586013794
DiscreteSAC,125,final,1476,4476,0.09000000000000001,1.0,1.0,0.6420807242393494,2.9727835655212402
DiscreteSAC,125,final,1477,4477,0.09000000000000001,1.0,1.0,0.492464542388916,3.158220052719116
DiscreteSAC,125,final,1478,4478,-0.5062176972627639,10.0,5.0,0.293428510427475,3.0121736407279966
DiscreteSAC,125,final,1479,4479,-0.38581601381301883,10.0,6.0,0.45413509011268616,1.9932783365249633
DiscreteSAC,125,final,1480,4480,-0.33258390724658965,10.0,4.0,0.2687796354293823,1.0287308096885681
DiscreteSAC,125,final,1481,4481,-0.14171248197555542,7.0,4.0,0.9160555005073547,1.8425406047276087
DiscreteSAC,125,final,1482,4482,0.07670626521110535,7.0,4.0,0.33313772082328796,1.3791794862065996
DiscreteSAC,125,final,1483,4483,-0.14290022850036624,10.0,3.0,0.5576801896095276,4.972479659318924
DiscreteSAC,125,final,1484,4484,-0.38275396943092344,7.0,2.0,0.6168895959854126,1.1434021506990706
DiscreteSAC,125,final,1485,4485,-0.5524630457162858,10.0,6.0,0.3848936855792999,127.37732672691345
DiscreteSAC,125,final,1486,4486,-0.08539598464965821,8.0,4.0,0.6633251309394836,5835.5406807512045
DiscreteSAC,125,final,1487,4487,-0.13422127127647399,6.0,3.0,0.49071791768074036,1.5494328538576763
DiscreteSAC,125,final,1488,4488,-0.18856226205825805,10.0,4.0,0.49138522148132324,3499.011372590065
DiscreteSAC,125,final,1489,4489,0.04284250974655152,6.0,4.0,0.6307282447814941,8.060743987560272
DiscreteSAC,125,final,1490,4490,-0.4424817347526551,9.0,3.0,0.8454451560974121,16.71516584025489
DiscreteSAC,125,final,1491,4491,-0.5640703320503235,10.0,2.0,0.6456942558288574,4.482298445701599
DiscreteSAC,125,final,1492,4492,-0.5252806544303894,10.0,3.0,0.8166447281837463,438.77955414652826
DiscreteSAC,125,final,1493,4493,-0.445823073387146,10.0,3.0,0.7713757157325745,4.6769202709197994
DiscreteSAC,125,final,1494,4494,-0.4177918076515198,10.0,5.0,0.793521523475647,2.287484109401703
DiscreteSAC,125,final,1495,4495,-0.7249861299991609,10.0,5.0,0.8098788261413574,2420.1769733667375
DiscreteSAC,125,final,1496,4496,0.10727639913558962,3.0,2.0,0.6188547015190125,532.0992856025696
DiscreteSAC,125,final,1497,4497,-0.11082897186279293,10.0,6.0,0.7144660949707031,6.743650674819946
DiscreteSAC,125,final,1498,4498,-0.01191931009292603,9.0,4.0,0.9423229098320007,4205.012120299869
DiscreteSAC,125,final,1499,4499,-0.37614823162555694,8.0,4.0,0.37963566184043884,27.918153166770935
DiscreteSAC,125,final,1500,4500,-0.24692039370536806,8.0,6.0,0.4751189053058624,4.57286149263382
DiscreteSAC,125,final,1501,4501,-0.16824421525001526,9.0,5.0,0.39010342955589294,1044.1736714641254
DiscreteSAC,125,final,1502,4502,0.09000000000000001,1.0,1.0,0.10821806639432907,1.5016459226608276
DiscreteSAC,125,final,1503,4503,-0.2628069639205933,10.0,4.0,0.7537683844566345,8.696106672286987
DiscreteSAC,125,final,1504,4504,0.011446856260299676,7.0,5.0,0.3102238178253174,9.214221835136414
DiscreteSAC,125,final,1505,4505,-0.06814030528068542,7.0,5.0,0.49608972668647766,3.6037358386175975
DiscreteSAC,125,final,1506,4506,-0.03860293388366699,6.0,3.0,0.5431491136550903,1.7231379747390747
DiscreteSAC,125,final,1507,4507,-0.39441726803779603,10.0,4.0,0.3972875773906708,8.087111741304398
DiscreteSAC,125,final,1508,4508,-0.5065907967090607,7.0,3.0,0.7466787695884705,2.2819041184016635
DiscreteSAC,125,final,1509,4509,0.09000000000000001,1.0,1.0,0.860718846321106,1.432653546333313
DiscreteSAC,125,final,1510,4510,-0.026347863674163793,5.0,3.0,0.7961626052856445,1.7016607999801636
DiscreteSAC,125,final,1511,4511,-0.48983912706375127,9.0,4.0,1.237441897392273,1.8220022188292608
DiscreteSAC,125,final,1512,4512,-0.4219316363334656,10.0,4.0,0.6401811838150024,1.350822138786316
DiscreteSAC,125,final,1513,4513,-0.3544158935546875,10.0,3.0,0.8853034973144531,843.1533940672874
DiscreteSAC,125,final,1514,4514,-0.4845936715602875,10.0,4.0,0.15074267983436584,10.665206241607667
DiscreteSAC,125,final,1515,4515,-0.23745713651180267,7.0,4.0,0.35060253739356995,6.3485803093229025
DiscreteSAC,125,final,1516,4516,-0.17699246883392333,8.0,4.0,0.16434898972511292,1068.2258487194777
DiscreteSAC,125,final,1517,4517,0.09000000000000001,1.0,1.0,0.2187662124633789,0.8929016590118408
DiscreteSAC,125,final,1518,4518,0.06406552076339722,7.0,4.0,0.45807838439941406,1.4349373238427299
DiscreteSAC,125,final,1519,4519,-0.4714905858039856,10.0,5.0,0.8563515543937683,30.0014455139637
DiscreteSAC,125,final,1520,4520,-0.21740797638893128,8.0,5.0,0.47270384430885315,9.915668040513992
DiscreteSAC,125,final,1521,4521,0.15880568504333498,2.0,2.0,0.6547719240188599,4.690113306045532
DiscreteSAC,125,final,1522,4522,-0.17818973779678343,7.0,3.0,0.4295009672641754,868.8105755363192
DiscreteSAC,125,final,1523,4523,-0.6225550174713135,10.0,3.0,0.24994254112243652,2.209930658340454
DiscreteSAC,125,final,1524,4524,-0.23435430765151977,9.0,4.0,0.7314667701721191,14.47211335102717
DiscreteSAC,125,final,1525,4525,0.031058678627014162,4.0,3.0,0.6967900991439819,12.43267360329628
DiscreteSAC,125,final,1526,4526,-0.24601422071456908,7.0,3.0,0.5835046768188477,3757.6048792430333
DiscreteSAC,125,final,1527,4527,-0.4622694492340088,10.0,5.0,0.8527904748916626,120.82364768981934
DiscreteSAC,125,final,1528,4528,-0.5146027088165284,10.0,2.0,1.1502373218536377,560.4373903274536
DiscreteSAC,125,final,1529,4529,-0.6153823614120484,10.0,2.0,0.9216490387916565,2993.5611083984377
DiscreteSAC,125,final,1530,4530,-0.4507136821746826,10.0,2.0,1.2231519222259521,168906.37852950097
DiscreteSAC,125,final,1531,4531,-0.4963277459144592,10.0,2.0,0.8381018042564392,16.475649642944337
DiscreteSAC,125,final,1532,4532,-0.5812548279762269,10.0,2.0,0.617701530456543,49.79528818130493
DiscreteSAC,125,final,1533,4533,-0.4504579305648804,10.0,3.0,0.8468104004859924,6.647592306137085
DiscreteSAC,125,final,1534,4534,-0.6938404619693758,10.0,2.0,0.27095580101013184,4.01853609085083
DiscreteSAC,125,final,1535,4535,-0.5660429000854493,10.0,3.0,0.8973540663719177,31.398400402069093
DiscreteSAC,125,final,1536,4536,-0.4657309353351593,10.0,3.0,0.3786180317401886,4.876063585281372
DiscreteSAC,125,final,1537,4537,-0.5934256196022034,10.0,2.0,0.6344321966171265,5.024533033370972
DiscreteSAC,125,final,1538,4538,-0.4970230937004089,10.0,2.0,0.5753923058509827,3.7826812267303467
DiscreteSAC,125,final,1539,4539,-0.3523955821990967,10.0,2.0,0.9440383911132812,175.01629321575166
DiscreteSAC,125,final,1540,4540,-0.40681416988372804,10.0,4.0,0.6583859324455261,2.1689587831497192
DiscreteSAC,125,final,1541,4541,-0.5095323622226715,10.0,3.0,0.42595788836479187,1.0292993783950806
DiscreteSAC,125,final,1542,4542,-0.4911630392074585,10.0,5.0,0.7499974370002747,2.511333429813385
DiscreteSAC,125,final,1543,4543,-0.4022843956947327,10.0,4.0,0.4892062544822693,1.2839120030403137
DiscreteSAC,125,final,1544,4544,-0.7358927369117738,10.0,5.0,1.0631128549575806,1.4825659275054932
DiscreteSAC,125,final,1545,4545,-0.5073144525289536,10.0,5.0,0.3126192092895508,2.1673666894435883
DiscreteSAC,125,final,1546,4546,-0.5341222107410432,10.0,4.0,0.43554267287254333,1.6779415726661682
DiscreteSAC,125,final,1547,4547,-0.4168303608894348,10.0,3.0,0.6654291152954102,1.5644607543945312
DiscreteSAC,125,final,1548,4548,-0.019366219043731717,9.0,6.0,0.5965433120727539,136167.36006772518
DiscreteSAC,125,final,1549,4549,0.06802790880203247,8.0,5.0,0.7551497220993042,5.865702927112579
DiscreteSAC,125,final,1550,4550,0.10720057964324953,2.0,2.0,0.4795646667480469,6.888930797576904
DiscreteSAC,125,final,1551,4551,-0.5285119712352753,10.0,3.0,0.3536730408668518,2129.139360189438
DiscreteSAC,125,final,1552,4552,-0.2919051074981689,9.0,5.0,1.0792230367660522,3.415245771408081
DiscreteSAC,125,final,1553,4553,0.09000000000000001,1.0,1.0,1.0649158954620361,1.7298392057418823
DiscreteSAC,125,final,1554,4554,-0.08441622555255891,5.0,4.0,0.2869904637336731,2.373196840286255
DiscreteSAC,125,final,1555,4555,-0.3161041080951691,10.0,5.0,0.4589592516422272,2.2407804846763613
DiscreteSAC,125,final,1556,4556,-0.12801407039165497,6.0,4.0,0.16259601712226868,1.8575265506903331
DiscreteSAC,125,final,1557,4557,0.05591745376586914,5.0,3.0,0.5831245183944702,2.0004733085632322
DiscreteSAC,125,final,1558,4558,-0.1379189252853394,10.0,6.0,0.632047176361084,1285.112862122059
DiscreteSAC,125,final,1559,4559,-0.45761130005121226,10.0,5.0,0.274956613779068,1.9946188449859619
DiscreteSAC,125,final,1560,4560,-0.12745076417922974,5.0,4.0,0.7616094946861267,2.6764618873596193
DiscreteSAC,125,final,1561,4561,-0.015518887042999252,2.0,2.0,0.8180082440376282,1.3887694478034973
DiscreteSAC,125,final,1562,4562,-0.11797273159027102,10.0,3.0,0.5332096219062805,2.220891350507736
DiscreteSAC,125,final,1563,4563,0.19864352226257326,2.0,2.0,0.6746767163276672,3.092444062232971
DiscreteSAC,125,final,1564,4564,0.07697116494178774,4.0,2.0,0.43325892090797424,2.216422349214554
DiscreteSAC,125,final,1565,4565,0.12199668884277345,5.0,5.0,0.5853639245033264,1.5720885276794434
DiscreteSAC,125,final,1566,4566,-0.010882308483123784,9.0,4.0,0.6308667063713074,2.997298585044013
DiscreteSAC,125,final,1567,4567,-0.35497770309448246,10.0,6.0,0.48707619309425354,2.0873999118804933
DiscreteSAC,125,final,1568,4568,-0.11976001977920532,7.0,3.0,0.26842018961906433,56.30562424659729
DiscreteSAC,125,final,1569,4569,0.040851463079452525,3.0,2.0,0.3016149699687958,1.9891194105148315
DiscreteSAC,125,final,1570,4570,0.09000000000000001,1.0,1.0,1.1417851448059082,0.3292894959449768
DiscreteSAC,125,final,1571,4571,-0.15636603355407713,2.0,2.0,0.7389794588088989,1.2931057810783386
DiscreteSAC,125,final,1572,4572,-0.4051244258880615,10.0,3.0,0.7800680994987488,2.172896754741669
DiscreteSAC,125,final,1573,4573,-0.27307274341583254,10.0,5.0,0.6001927256584167,226.2902050614357
DiscreteSAC,125,final,1574,4574,0.03634716749191286,7.0,3.0,0.46870261430740356,1.949659492288317
DiscreteSAC,125,final,1575,4575,-0.33925089836120603,10.0,3.0,0.8078233003616333,1.1685224056243897
DiscreteSAC,125,final,1576,4576,-0.48355079591274264,10.0,5.0,0.20216688513755798,1.2071294873952865
DiscreteSAC,125,final,1577,4577,-0.08263134241104127,8.0,4.0,0.8115254640579224,3.832408629357815
DiscreteSAC,125,final,1578,4578,0.09188777446746826,6.0,4.0,0.6481677293777466,1.2845884064833324
DiscreteSAC,125,final,1579,4579,0.04585822105407716,2.0,2.0,0.5846091508865356,0.8660504519939423
DiscreteSAC,125,final,1580,4580,-0.4442849695682526,10.0,5.0,0.23251460492610931,167.96846675872803
DiscreteSAC,125,final,1581,4581,0.009990291595459,2.0,2.0,0.8046509623527527,4.9169429540634155
DiscreteSAC,125,final,1582,4582,-0.0951554012298584,2.0,2.0,0.7565712332725525,3.9878792762756348
DiscreteSAC,125,final,1583,4583,-0.5383747220039368,10.0,3.0,0.8528726696968079,2.912517476081848
DiscreteSAC,125,final,1584,4584,-0.2379255676269531,9.0,3.0,0.507769763469696,1.556977457470364
DiscreteSAC,125,final,1585,4585,0.023088345527648935,4.0,3.0,0.20460465550422668,1.0450786799192429
DiscreteSAC,125,final,1586,4586,-0.5136633634567261,10.0,4.0,0.8627879023551941,259.3043245255947
DiscreteSAC,125,final,1587,4587,-0.15240036010742186,6.0,3.0,0.7351784110069275,1.5505219201246898
DiscreteSAC,125,final,1588,4588,-0.0920296287536621,6.0,4.0,0.42487621307373047,1.1786303917566936
DiscreteSAC,125,final,1589,4589,-0.4750109434127807,10.0,4.0,0.23069021105766296,1.0219481021165848
DiscreteSAC,125,final,1590,4590,-0.1858166980743408,8.0,4.0,0.9535636305809021,0.4283204674720764
DiscreteSAC,125,final,1591,4591,-0.24478721618652347,10.0,3.0,0.7179397940635681,3.492186266183853
DiscreteSAC,125,final,1592,4592,-0.3196008324623108,10.0,4.0,0.6774826049804688,0.8549227118492126
DiscreteSAC,125,final,1593,4593,-0.2153576385974884,7.0,5.0,0.4747709631919861,1.2049844009535653
DiscreteSAC,125,final,1594,4594,0.008305886983871455,4.0,3.0,0.4721975326538086,3.116825357079506
DiscreteSAC,125,final,1595,4595,-0.21587696075439455,10.0,5.0,1.0441128015518188,0.8317036688327789
DiscreteSAC,125,final,1596,4596,-0.4993874549865723,10.0,4.0,0.3678295612335205,190.084395891428
DiscreteSAC,125,final,1597,4597,-0.4860793471336365,10.0,4.0,0.6249250173568726,1.592455369234085
DiscreteSAC,125,final,1598,4598,-0.33140255212783815,10.0,6.0,0.6027701497077942,-3.3664358973503115
DiscreteSAC,125,final,1599,4599,-0.19580382347106934,9.0,5.0,0.921166718006134,0.651730520857705
DiscreteSAC,125,final,1600,4600,-0.032475347518920894,7.0,4.0,1.3709965944290161,1.145283967256546
DiscreteSAC,125,final,1601,4601,-0.74417662024498,10.0,5.0,0.6565923690795898,209.69746179580687
DiscreteSAC,125,final,1602,4602,-0.3910300493240356,10.0,3.0,0.9843140840530396,3.6563908457756042
DiscreteSAC,125,final,1603,4603,-0.13737913012504577,4.0,3.0,0.3043268620967865,2.8856788277626038
DiscreteSAC,125,final,1604,4604,-0.5111733198165894,10.0,4.0,0.7836626768112183,1.8573228240013122
DiscreteSAC,125,final,1605,4605,-0.3139252424240112,10.0,6.0,0.7955861687660217,1.29142564535141
DiscreteSAC,125,final,1606,4606,-0.20096108078956604,6.0,4.0,0.5168046355247498,0.7702373961607615
DiscreteSAC,125,final,1607,4607,-0.4785016179084778,10.0,3.0,0.7186617255210876,0.9480917394161225
DiscreteSAC,125,final,1608,4608,0.027993865013122572,3.0,3.0,0.633949875831604,1.1075124144554138
DiscreteSAC,125,final,1609,4609,0.09000000000000001,1.0,1.0,0.7423171997070312,0.2287348508834839
DiscreteSAC,125,final,1610,4610,-0.01736029982566832,5.0,4.0,0.21793566644191742,0.3751503825187683
DiscreteSAC,125,final,1611,4611,-0.4614691853523255,10.0,4.0,0.3655546307563782,120.45265018641949
DiscreteSAC,125,final,1612,4612,0.07953984260559083,3.0,3.0,0.9504882097244263,0.5923281013965607
DiscreteSAC,125,final,1613,4613,-0.09215292692184447,6.0,2.0,0.7538840174674988,0.6812306543191274
DiscreteSAC,125,final,1614,4614,-0.45609533190727236,10.0,5.0,0.33586692810058594,1.5721265494823455
DiscreteSAC,125,final,1615,4615,-0.025001486539840703,4.0,3.0,0.18191595375537872,1.4264327734708786
DiscreteSAC,125,final,1616,4616,-0.0023672986030578574,3.0,2.0,0.832591712474823,1.285560389359792
DiscreteSAC,125,final,1617,4617,-0.2575844931602478,8.0,3.0,0.7249264121055603,0.45585212856531143
DiscreteSAC,125,final,1618,4618,-0.24983160674571991,8.0,5.0,0.2994341254234314,0.7835206612944603
DiscreteSAC,125,final,1619,4619,-0.09213083028793335,9.0,4.0,0.644865095615387,0.7491413686010573
DiscreteSAC,125,final,1620,4620,-0.11197391897439955,5.0,4.0,0.2060340791940689,0.5058637499809265
DiscreteSAC,125,final,1621,4621,-0.4840213030576706,10.0,4.0,0.2775285542011261,0.5520817250013351
DiscreteSAC,125,final,1622,4622,-0.3254152417182923,10.0,2.0,0.887367308139801,1.0340595066547393
DiscreteSAC,125,final,1623,4623,-0.10801713705062867,9.0,4.0,0.9332509636878967,0.29328946272532147
DiscreteSAC,125,final,1624,4624,-0.1978593498468399,5.0,3.0,0.2915426194667816,0.28407334089279174
DiscreteSAC,125,final,1625,4625,-0.08083215653896329,5.0,3.0,0.18529868125915527,48903.72291496992
DiscreteSAC,125,final,1626,4626,-0.32319536060094833,10.0,5.0,0.13966788351535797,13.45089316368103
DiscreteSAC,125,final,1627,4627,0.09000000000000001,1.0,1.0,0.7282624244689941,12.805709838867188
DiscreteSAC,125,final,1628,4628,0.09000000000000001,1.0,1.0,0.719884991645813,7.229094505310059
DiscreteSAC,125,final,1629,4629,-0.4744141221046448,10.0,4.0,0.745872437953949,9.513208293914795
DiscreteSAC,125,final,1630,4630,0.2622975182533264,3.0,3.0,0.6229363083839417,10.289490222930908
DiscreteSAC,125,final,1631,4631,0.04554874420166016,3.0,3.0,0.28567904233932495,6.644388516743978
DiscreteSAC,125,final,1632,4632,-0.008680570125579837,5.0,3.0,0.7934637069702148,5.376287984848022
DiscreteSAC,125,final,1633,4633,-0.3809903383255005,10.0,4.0,0.4913356900215149,4.573660850524902
DiscreteSAC,125,final,1634,4634,-0.16394794940948487,6.0,5.0,0.6079471707344055,2.075591097275416
DiscreteSAC,125,final,1635,4635,-0.41313440799713136,10.0,4.0,0.31921133399009705,1.9308957755565643
DiscreteSAC,125,final,1636,4636,-0.3942611861228943,8.0,5.0,0.6110903024673462,1.2221309840679169
DiscreteSAC,125,final,1637,4637,-0.13805850625038146,8.0,4.0,0.4925976097583771,1.1646682173013687
DiscreteSAC,125,final,1638,4638,0.17309653043746948,7.0,5.0,0.6938908696174622,0.985855119568961
DiscreteSAC,125,final,1639,4639,0.05077333927154542,2.0,2.0,0.524792492389679,1.157809853553772
DiscreteSAC,125,final,1640,4640,-0.607070517539978,10.0,4.0,0.834936797618866,0.9424589931964874
DiscreteSAC,125,final,1641,4641,-0.06927029609680176,7.0,3.0,0.9491480588912964,3579.184877514839
DiscreteSAC,125,final,1642,4642,-0.5700161874294282,10.0,4.0,0.5510479807853699,1.3912464261054993
DiscreteSAC,125,final,1643,4643,-0.4876783132553101,10.0,5.0,0.3780616223812103,1.5504378795623779
DiscreteSAC,125,final,1644,4644,-0.10823296785354615,8.0,4.0,0.7393857836723328,1.0837252587080002
DiscreteSAC,125,final,1645,4645,0.09000000000000001,1.0,1.0,0.1609162837266922,0.2024456262588501
DiscreteSAC,125,final,1646,4646,0.3986497938632965,10.0,4.0,0.34720537066459656,0.8449708878993988
DiscreteSAC,125,final,1647,4647,0.12022871494293214,3.0,3.0,0.7116420865058899,0.6489084362983704
DiscreteSAC,125,final,1648,4648,0.09000000000000001,1.0,1.0,0.2905636131763458,0.8387081623077393
DiscreteSAC,125,final,1649,4649,-0.2951028096675873,8.0,5.0,0.43452027440071106,0.5381960049271584
DiscreteSAC,125,final,1650,4650,0.09000000000000001,1.0,1.0,1.2971147298812866,0.6826415061950684
DiscreteSAC,125,final,1651,4651,-0.24458128213882446,10.0,5.0,0.8001976609230042,1.397830206155777
DiscreteSAC,125,final,1652,4652,0.0008037781715393016,4.0,3.0,0.6707192659378052,0.22930483520030975
DiscreteSAC,125,final,1653,4653,-0.38558841943740846,10.0,4.0,0.8065382838249207,-5.452263483405114
DiscreteSAC,125,final,1654,4654,-0.5937084496021271,10.0,5.0,0.5023615956306458,14.139728772640229
DiscreteSAC,125,final,1655,4655,-0.07621046423912049,7.0,4.0,0.45062416791915894,0.30255407094955444
DiscreteSAC,125,final,1656,4656,-0.18677217960357664,10.0,4.0,0.6588203310966492,0.30099651515483855
DiscreteSAC,125,final,1657,4657,-0.4672140598297119,10.0,4.0,0.3808135390281677,707.5038247078658
DiscreteSAC,125,final,1658,4658,0.052441343665122986,5.0,4.0,0.2426327019929886,0.4109277069568634
DiscreteSAC,125,final,1659,4659,-0.4390719771385193,10.0,5.0,0.6956510543823242,0.8139826118946075
DiscreteSAC,125,final,1660,4660,-0.45529446840286253,9.0,3.0,0.42795947194099426,0.9213107625643412
DiscreteSAC,125,final,1661,4661,-0.1588109850883484,10.0,4.0,0.9451716542243958,0.3350002408027649
DiscreteSAC,125,final,1662,4662,-0.30007758140563967,10.0,5.0,0.8882061243057251,0.20874882042407988
DiscreteSAC,125,final,1663,4663,-0.16097387075424197,10.0,5.0,0.912994921207428,0.1956665813922882
DiscreteSAC,125,final,1664,4664,0.08197416782379151,3.0,2.0,1.001571774482727,0.15728525320688883
DiscreteSAC,125,final,1665,4665,-0.032182239294052103,3.0,3.0,0.37061944603919983,52140.05780483285
DiscreteSAC,125,final,1666,4666,0.06153473019599912,9.0,5.0,0.49990537762641907,9.622241073184544
DiscreteSAC,125,final,1667,4667,-0.1830117607116699,9.0,4.0,0.649712085723877,16.219451586405437
DiscreteSAC,125,final,1668,4668,-0.35756244510412216,10.0,5.0,0.21032683551311493,15.705870962142944
DiscreteSAC,125,final,1669,4669,-0.09673134326934814,4.0,2.0,0.5823298692703247,12.255406737327576
DiscreteSAC,125,final,1670,4670,-0.09010801553726196,4.0,2.0,0.2323532998561859,11.06206750869751
DiscreteSAC,125,final,1671,4671,-0.2531754672527313,10.0,3.0,0.44555172324180603,10.668516254425048
DiscreteSAC,125,final,1672,4672,-0.35333473682403566,10.0,4.0,0.7137593626976013,7.568986177444458
DiscreteSAC,125,final,1673,4673,-0.21988030672073366,10.0,5.0,0.5007403492927551,3.987107884883881
DiscreteSAC,125,final,1674,4674,-0.4269173264503479,10.0,4.0,0.9346267580986023,2.7178305983543396
DiscreteSAC,125,final,1675,4675,-0.38348978757858276,10.0,3.0,0.6741158366203308,2.9505728006362917
DiscreteSAC,125,final,1676,4676,-0.3760947108268738,10.0,4.0,0.560634970664978,1.9224256217479705
DiscreteSAC,125,final,1677,4677,-0.45314071476459505,10.0,5.0,0.23344992101192474,1.4503973066806792
DiscreteSAC,125,final,1678,4678,-0.3373415112495422,10.0,5.0,0.9681467413902283,0.8152975022792817
DiscreteSAC,125,final,1679,4679,-0.3200132489204407,10.0,5.0,0.5284246802330017,1.4876702845096588
DiscreteSAC,125,final,1680,4680,-0.4720220804214478,10.0,5.0,1.1067720651626587,6986.649164915085
DiscreteSAC,125,final,1681,4681,-0.47366554737091066,10.0,4.0,0.323591023683548,14.391281652450562
DiscreteSAC,125,final,1682,4682,-0.581691563129425,10.0,3.0,0.6137620210647583,6.400801801681519
DiscreteSAC,125,final,1683,4683,-0.5624243140220642,10.0,4.0,0.7991513013839722,8.940670394897461
DiscreteSAC,125,final,1684,4684,-0.39430248737335205,10.0,3.0,0.38632091879844666,9.781749725341797
DiscreteSAC,125,final,1685,4685,-0.5157633304595948,10.0,2.0,0.2400483787059784,5.120563900470733
DiscreteSAC,125,final,1686,4686,-0.1641065120697022,10.0,5.0,0.7124037146568298,5.84926176071167
DiscreteSAC,125,final,1687,4687,-0.6189697563648224,10.0,2.0,0.1536639779806137,12.845102071762085
DiscreteSAC,125,final,1688,4688,-0.4728161096572876,10.0,3.0,0.45167165994644165,4.8879112005233765
DiscreteSAC,125,final,1689,4689,-0.40110006332397463,10.0,5.0,0.8512687683105469,2.8654966354370117
DiscreteSAC,125,final,1690,4690,-0.28673499822616577,10.0,3.0,0.5810346007347107,2.414713644981384
DiscreteSAC,125,final,1691,4691,-0.6866790831089021,10.0,2.0,0.36893677711486816,5197.30446908474
DiscreteSAC,125,final,1692,4692,-0.6254702091217043,10.0,2.0,0.7479546666145325,6.300225234031677
DiscreteSAC,125,final,1693,4693,-0.42092804908752446,10.0,2.0,0.26886865496635437,5.9332231998443605
DiscreteSAC,125,final,1694,4694,-0.30600879788398744,10.0,4.0,0.4841359555721283,4.541236186027527
DiscreteSAC,125,final,1695,4695,-0.6681171953678132,10.0,3.0,0.34408479928970337,3.225107789039612
DiscreteSAC,125,final,1696,4696,-0.5531585812568665,10.0,3.0,0.6199647188186646,2.4017364144325257
DiscreteSAC,125,final,1697,4697,-0.2981432676315308,10.0,3.0,0.4928273558616638,1669.3175111174583
DiscreteSAC,125,final,1698,4698,-0.4951077103614807,10.0,3.0,0.8455645442008972,36.738585841655734
DiscreteSAC,125,final,1699,4699,-0.26699179410934454,10.0,3.0,0.6274210810661316,2.42520295381546
DiscreteSAC,125,final,1700,4700,-0.5176514267921448,10.0,2.0,0.7822986245155334,581.9335409641266
DiscreteSAC,125,final,1701,4701,-0.2894086122512818,10.0,7.0,0.6695007681846619,3.701713538169861
DiscreteSAC,125,final,1702,4702,-0.3334213614463806,10.0,4.0,0.8239336013793945,189.49985795021058
DiscreteSAC,125,final,1703,4703,-0.49507004022598267,10.0,3.0,0.6687155961990356,2.0433645129203795
DiscreteSAC,125,final,1704,4704,-0.5648148536682129,10.0,2.0,0.7270081639289856,2.1355013608932496
DiscreteSAC,125,final,1705,4705,-0.41446076035499574,10.0,4.0,0.2514197528362274,1.7817492187023163
DiscreteSAC,125,final,1706,4706,-0.48294877260923386,10.0,3.0,0.09797824919223785,1.3621485114097596
DiscreteSAC,125,final,1707,4707,-0.3099545001983643,10.0,6.0,1.0106920003890991,101.88692070245743
DiscreteSAC,125,final,1708,4708,-0.3586563467979431,10.0,3.0,0.7717676758766174,0.969436377286911
DiscreteSAC,125,final,1709,4709,-0.5777734518051149,10.0,3.0,1.082082986831665,0.9641061782836914
DiscreteSAC,125,final,1710,4710,-0.49229276180267334,10.0,3.0,0.20478948950767517,0.6749813497066498
DiscreteSAC,125,final,1711,4711,-0.19229936599731448,10.0,3.0,1.1835678815841675,0.8364831745624542
DiscreteSAC,125,final,1712,4712,-0.4042278230190277,10.0,3.0,0.26606807112693787,0.5660232543945313
DiscreteSAC,125,final,1713,4713,-0.619291964173317,10.0,2.0,0.2865453064441681,0.6322530210018158
DiscreteSAC,125,final,1714,4714,-0.4647070705890656,10.0,5.0,0.41070297360420227,0.6049844086170196
DiscreteSAC,125,final,1715,4715,-0.47863875031471254,10.0,4.0,0.2551625370979309,88.86650018692016
DiscreteSAC,125,final,1716,4716,-0.5361173868179321,10.0,4.0,0.6866043210029602,0.5265949368476868
DiscreteSAC,125,final,1717,4717,-0.4076831698417664,10.0,6.0,0.2206660658121109,0.4498211920261383
DiscreteSAC,125,final,1718,4718,-0.2425460457801819,10.0,5.0,0.6264405846595764,0.7030402779579162
DiscreteSAC,125,final,1719,4719,-0.4980684518814087,10.0,3.0,0.7802448272705078,0.455356365442276
DiscreteSAC,125,final,1720,4720,-0.5334575057029725,10.0,2.0,0.633790135383606,0.5326025068759919
DiscreteSAC,125,final,1721,4721,-0.14702497720718385,10.0,7.0,0.8741101622581482,1.0301465272903443
DiscreteSAC,125,final,1722,4722,-0.5819406032562257,10.0,4.0,0.7202070951461792,0.5486891984939575
DiscreteSAC,125,final,1723,4723,-0.32121552228927613,10.0,4.0,0.8099856972694397,0.430720841884613
DiscreteSAC,125,final,1724,4724,-0.4994672551751137,10.0,5.0,0.2082703560590744,0.34460569024085996
DiscreteSAC,125,final,1725,4725,-0.13305271863937382,10.0,4.0,0.7574107050895691,0.08310138285160065
DiscreteSAC,125,final,1726,4726,-0.2005568265914917,10.0,4.0,0.6393803954124451,0.39026610255241395
DiscreteSAC,125,final,1727,4727,-0.08987666845321655,8.0,6.0,0.5970996022224426,0.4330427162349224
DiscreteSAC,125,final,1728,4728,-0.2943189263343811,10.0,4.0,0.6056504845619202,43.08117599785328
DiscreteSAC,125,final,1729,4729,-0.4307425141334534,10.0,4.0,0.7017107009887695,0.49526464343070986
DiscreteSAC,125,final,1730,4730,-0.42668149173259734,10.0,4.0,0.20357033610343933,0.2967684268951416
DiscreteSAC,125,final,1731,4731,-0.5498338937759399,10.0,3.0,1.1131263971328735,0.18440163731575013
DiscreteSAC,125,final,1732,4732,-0.4014555335044861,10.0,4.0,0.7751907110214233,365.532249724865
DiscreteSAC,125,final,1733,4733,-0.5504690408706665,10.0,3.0,0.2259630709886551,29.768319529294967
DiscreteSAC,125,final,1734,4734,-0.31704798877239226,9.0,4.0,0.2566806972026825,0.6750517553753324
DiscreteSAC,125,final,1735,4735,0.11290244936943056,2.0,2.0,0.40372246503829956,0.247259259223938
DiscreteSAC,125,final,1736,4736,-0.1908344030380249,10.0,5.0,0.5816400647163391,0.6063135743141175
DiscreteSAC,125,final,1737,4737,-0.4316507577896118,10.0,3.0,0.9799985885620117,0.3674021750688553
DiscreteSAC,125,final,1738,4738,-0.15302483797073363,6.0,3.0,1.0144388675689697,0.10277788837750752
DiscreteSAC,125,final,1739,4739,-0.2769568645954132,9.0,3.0,0.12500379979610443,0.6734079652362399
DiscreteSAC,125,final,1740,4740,-0.41865048408508304,10.0,6.0,0.7569146752357483,0.37793762385845187
DiscreteSAC,125,final,1741,4741,-0.04089920520782471,5.0,3.0,0.8252184987068176,0.6124680697917938
DiscreteSAC,125,final,1742,4742,0.03729660511016846,5.0,3.0,0.5598044991493225,0.19503743648529054
DiscreteSAC,125,final,1743,4743,-0.2021024250984192,9.0,5.0,0.09154369682073593,9.694661885499954
DiscreteSAC,125,final,1744,4744,-0.15516292572021484,7.0,4.0,0.48815035820007324,-0.027615338563919067
DiscreteSAC,125,final,1745,4745,-0.24447879791259763,10.0,6.0,0.6055787205696106,0.11989382803440093
DiscreteSAC,125,final,1746,4746,0.041697807312011725,3.0,3.0,0.8317458033561707,-0.01132875680923462
DiscreteSAC,125,final,1747,4747,-0.1455434787273407,8.0,4.0,0.3025360703468323,0.19147692620754242
DiscreteSAC,125,final,1748,4748,-0.27184430956840516,10.0,4.0,0.3716255724430084,0.09516113698482513
DiscreteSAC,125,final,1749,4749,-0.08625113964080812,10.0,8.0,1.0302454233169556,0.13402059376239778
DiscreteSAC,125,final,1750,4750,0.11158652782440187,2.0,2.0,0.5142901539802551,-0.10237443447113037
DiscreteSAC,125,final,1751,4751,-0.26469563245773314,10.0,4.0,0.7706685662269592,0.14207141995429992
DiscreteSAC,125,final,1752,4752,-0.43326098918914796,10.0,4.0,0.5740070939064026,0.12033185660839081
DiscreteSAC,125,final,1753,4753,-0.4736253798007965,10.0,4.0,0.539280891418457,0.11464025974273681
DiscreteSAC,125,final,1754,4754,-0.2958802127838135,9.0,6.0,0.9344340562820435,96.81634561883078
DiscreteSAC,125,final,1755,4755,-0.289020049571991,10.0,7.0,0.6208998560905457,87345.12913062572
DiscreteSAC,125,final,1756,4756,-0.17890603542327882,10.0,4.0,0.5437044501304626,3.362245959043503
DiscreteSAC,125,final,1757,4757,-0.24926747083663936,10.0,6.0,0.2255980521440506,3.441118860244751
DiscreteSAC,125,final,1758,4758,-0.4857513323426247,10.0,5.0,0.20971348881721497,2.856488382816315
DiscreteSAC,125,final,1759,4759,-0.42328237891197207,10.0,5.0,0.2477400004863739,416.5021799147129
DiscreteSAC,125,final,1760,4760,-0.48720885515213014,10.0,4.0,0.4631916582584381,1621.6595829486846
DiscreteSAC,125,final,1761,4761,-0.184964120388031,10.0,3.0,0.36249297857284546,1.187481063604355
DiscreteSAC,125,final,1762,4762,-0.3892978668212891,10.0,5.0,0.80525141954422,0.9794493198394776
DiscreteSAC,125,final,1763,4763,-0.14081084728240967,10.0,3.0,0.8609637022018433,0.5875726163387298
DiscreteSAC,125,final,1764,4764,-0.04997531890869138,7.0,3.0,1.0514100790023804,0.44563376903533936
DiscreteSAC,125,final,1765,4765,0.11703250527381896,8.0,4.0,0.31359514594078064,0.3687673285603523
DiscreteSAC,125,final,1766,4766,-0.5141773819923401,10.0,3.0,0.8681666254997253,0.33525646924972535
DiscreteSAC,125,final,1767,4767,-0.2066720449924469,9.0,5.0,0.5026681423187256,184.97124331527286
DiscreteSAC,125,final,1768,4768,-0.4339877605438232,10.0,5.0,0.38144174218177795,379.1009968996048
DiscreteSAC,125,final,1769,4769,0.09000000000000001,1.0,1.0,0.7029484510421753,0.20894354581832886
DiscreteSAC,125,final,1770,4770,0.01039554595947266,3.0,2.0,0.7549670338630676,0.2036248246828715
DiscreteSAC,125,final,1771,4771,-0.44289101362228395,10.0,4.0,0.8722482323646545,0.13933537006378174
DiscreteSAC,125,final,1772,4772,-0.25300305128097533,9.0,4.0,0.7704383134841919,0.265940076775021
DiscreteSAC,125,final,1773,4773,-0.4463774085044861,10.0,4.0,0.5800451636314392,0.10796956419944763
DiscreteSAC,125,final,1774,4774,-0.20539432823657988,6.0,3.0,0.31393665075302124,0.1408245861530304
DiscreteSAC,125,final,1775,4775,0.09593461990356446,6.0,5.0,0.7840460538864136,205.59606883923212
DiscreteSAC,125,final,1776,4776,0.23447559237480164,9.0,4.0,0.3466208875179291,0.13343306713634068
DiscreteSAC,125,final,1777,4777,-0.5548011213541031,10.0,3.0,0.3011663854122162,0.07055573761463166
DiscreteSAC,125,final,1778,4778,0.0737245273590088,3.0,2.0,0.8063865900039673,-0.22083765268325806
DiscreteSAC,125,final,1779,4779,-0.5372596621513367,10.0,5.0,0.46344617009162903,0.10699883997440338
DiscreteSAC,125,final,1780,4780,0.1344518065452576,5.0,4.0,0.7704610824584961,0.08013737201690674
DiscreteSAC,125,final,1781,4781,-0.23864555597305298,9.0,5.0,0.9285827279090881,44.65355846616957
DiscreteSAC,125,final,1782,4782,-0.01704637765884398,6.0,3.0,0.9717134833335876,681.3374542196592
DiscreteSAC,125,final,1783,4783,-0.4027494192123413,10.0,3.0,0.6326502561569214,0.1952796220779419
DiscreteSAC,125,final,1784,4784,0.08252031564712523,9.0,4.0,0.6900092959403992,-4.069264186753167
DiscreteSAC,125,final,1785,4785,-0.31593411207199096,9.0,4.0,0.40623489022254944,0.3601746658484141
DiscreteSAC,125,final,1786,4786,0.09000000000000001,1.0,1.0,0.9375438094139099,0.4838981032371521
DiscreteSAC,125,final,1787,4787,-0.11717276453971866,8.0,6.0,0.47351884841918945,0.18322180956602097
DiscreteSAC,125,final,1788,4788,-0.09145735502243042,5.0,3.0,0.41032853722572327,0.26605214476585387
DiscreteSAC,125,final,1789,4789,-0.4246844440698624,10.0,5.0,0.2504969537258148,0.0836365282535553
DiscreteSAC,125,final,1790,4790,-0.46300981640815736,10.0,4.0,0.46466559171676636,-0.009826499223709106
DiscreteSAC,125,final,1791,4791,0.09000000000000001,1.0,1.0,0.9462742209434509,-0.019886255264282227
DiscreteSAC,125,final,1792,4792,-0.45589393377304077,10.0,3.0,0.5873035788536072,127.56243480741978
DiscreteSAC,125,final,1793,4793,-0.5381490111351013,10.0,4.0,0.6410942673683167,-0.09348891377449035
DiscreteSAC,125,final,1794,4794,-0.14936504364013675,10.0,6.0,0.6057385206222534,-0.0578627347946167
DiscreteSAC,125,final,1795,4795,-0.2763192653656006,10.0,3.0,1.00956130027771,32.372067207098006
DiscreteSAC,125,final,1796,4796,-0.5178176105022431,10.0,5.0,0.30320000648498535,0.11422210931777954
DiscreteSAC,125,final,1797,4797,-0.5345640897750855,10.0,4.0,0.5373225808143616,0.06329174041748047
DiscreteSAC,125,final,1798,4798,-0.2249074697494507,10.0,4.0,1.1888030767440796,0.019266626238822936
DiscreteSAC,125,final,1799,4799,-0.08533572912216188,6.0,4.0,0.3052026331424713,6.965440958738327
DiscreteSAC,125,final,1800,4800,-0.4408169507980347,10.0,4.0,1.006460189819336,47.71553584337234
DiscreteSAC,125,final,1801,4801,-0.4681355565786362,10.0,6.0,0.26543691754341125,0.0579425722360611
DiscreteSAC,125,final,1802,4802,-0.01028418123722076,3.0,2.0,0.23700237274169922,-0.04372247060139974
DiscreteSAC,125,final,1803,4803,-0.022219834327697738,6.0,4.0,1.0497534275054932,-0.03440949320793152
DiscreteSAC,125,final,1804,4804,-0.22749032974243166,10.0,5.0,1.1401194334030151,0.13040337562561036
DiscreteSAC,125,final,1805,4805,-0.3609650254249573,10.0,4.0,0.7565502524375916,-0.07910133004188538
DiscreteSAC,125,final,1806,4806,-0.2221903133392334,8.0,4.0,1.0783745050430298,7654.685630083084
DiscreteSAC,125,final,1807,4807,-0.28522913455963134,10.0,4.0,0.8456599116325378,5.582790851593018
DiscreteSAC,125,final,1808,4808,-0.25458459854125975,10.0,4.0,0.5411214232444763,4.550654053688049
DiscreteSAC,125,final,1809,4809,-0.20835888385772705,5.0,4.0,0.7304257750511169,3.8149747610092164
DiscreteSAC,125,final,1810,4810,-0.3138846278190613,10.0,4.0,0.706558108329773,2.658178001642227
DiscreteSAC,125,final,1811,4811,0.09000000000000001,1.0,1.0,0.949059009552002,3.813560962677002
DiscreteSAC,125,final,1812,4812,0.06536788940429687,5.0,3.0,0.8519695997238159,2.6611498594284058
DiscreteSAC,125,final,1813,4813,-0.6185526967048646,10.0,4.0,0.31605085730552673,1.5343194425106048
DiscreteSAC,125,final,1814,4814,-0.47575056552886963,10.0,3.0,0.7208094596862793,2.667618232965469
DiscreteSAC,125,final,1815,4815,-0.513218492269516,10.0,3.0,0.37626007199287415,2.118889033794403
DiscreteSAC,125,final,1816,4816,-0.1285936164855957,8.0,4.0,0.8002923130989075,22.718433514237404
DiscreteSAC,125,final,1817,4817,-0.0995289444923401,10.0,6.0,0.7766178250312805,0.6902385115623474
DiscreteSAC,125,final,1818,4818,-0.3422526329755783,10.0,3.0,0.24378250539302826,1.0510111808776856
DiscreteSAC,125,final,1819,4819,0.09000000000000001,1.0,1.0,0.6088069677352905,0.557137668132782
DiscreteSAC,125,final,1820,4820,-0.4474011778831482,10.0,4.0,0.485012948513031,0.6809820055961608
DiscreteSAC,125,final,1821,4821,-0.027871090173721316,5.0,3.0,0.37284979224205017,0.26419243812561033
DiscreteSAC,125,final,1822,4822,-0.16362125873565675,10.0,4.0,0.630693256855011,0.22140045762062072
DiscreteSAC,125,final,1823,4823,-0.24809918582439422,8.0,4.0,0.2660417854785919,0.42323383688926697
DiscreteSAC,125,final,1824,4824,-0.1113128864765167,4.0,3.0,0.22614632546901703,-0.07430420815944672
DiscreteSAC,125,final,1825,4825,-0.5257343053817749,10.0,3.0,0.5688135027885437,0.31021231412887573
DiscreteSAC,125,final,1826,4826,-0.006660985946655262,5.0,3.0,0.695745050907135,876.1560999631881
DiscreteSAC,125,final,1827,4827,-0.3283139020204544,10.0,5.0,0.305406779050827,0.325409060716629
DiscreteSAC,125,final,1828,4828,0.12436820268630981,5.0,3.0,0.5960574150085449,0.6002844333648681
DiscreteSAC,125,final,1829,4829,-0.7342782616615298,10.0,3.0,0.775236964225769,0.17334507703781127
DiscreteSAC,125,final,1830,4830,-0.3149678647518158,10.0,5.0,0.3539435863494873,0.09045396447181701
DiscreteSAC,125,final,1831,4831,-0.11650316715240476,5.0,3.0,0.6062948107719421,248.64714163541794
DiscreteSAC,125,final,1832,4832,-0.39042147397995,10.0,5.0,0.4001011848449707,0.169455885887146
DiscreteSAC,125,final,1833,4833,-0.11023224830627441,9.0,6.0,0.5524641871452332,0.18940536181131998
DiscreteSAC,125,final,1834,4834,-0.49270008206367494,10.0,4.0,0.23730993270874023,6.286722695827484
DiscreteSAC,125,final,1835,4835,-0.5569197982549667,10.0,3.0,0.21538867056369781,-0.0070782661437988285
DiscreteSAC,125,final,1836,4836,0.06536497354507448,2.0,2.0,0.1561378389596939,0.161086767911911
DiscreteSAC,125,final,1837,4837,-0.27337499499320983,9.0,4.0,0.3697034418582916,0.11182314819759792
DiscreteSAC,125,final,1838,4838,-0.4016356351971626,8.0,3.0,0.29159969091415405,2.294713020324707
DiscreteSAC,125,final,1839,4839,-0.4593368172645569,10.0,3.0,0.8022170662879944,0.036365410685539244
DiscreteSAC,125,final,1840,4840,-0.1558124363422394,10.0,5.0,0.4372360408306122,-0.09760956168174743
DiscreteSAC,125,final,1841,4841,0.05309628129005433,2.0,2.0,0.17511598765850067,-0.17723619937896729
DiscreteSAC,125,final,1842,4842,0.07515738666057589,9.0,5.0,0.1672580987215042,-0.05871341625849406
DiscreteSAC,125,final,1843,4843,-0.3898271024227143,5.0,4.0,0.5693817138671875,0.0016955137252807617
DiscreteSAC,125,final,1844,4844,-0.051748507022857645,3.0,3.0,0.5248496532440186,-0.09130308032035828
DiscreteSAC,125,final,1845,4845,-0.24863451719284052,10.0,5.0,0.7660191655158997,-0.029530447721481324
DiscreteSAC,125,final,1846,4846,-0.17948998451232911,9.0,6.0,0.505831778049469,-0.12776683436499703
DiscreteSAC,125,final,1847,4847,-0.35952904224395754,10.0,5.0,0.5491670966148376,-18.066631391644478
DiscreteSAC,125,final,1848,4848,0.20064409255981447,2.0,2.0,0.9006298780441284,-0.08055010437965393
DiscreteSAC,125,final,1849,4849,-0.5854653865098953,10.0,3.0,0.2717265486717224,-0.015988034009933472
DiscreteSAC,125,final,1850,4850,-0.41295142024755477,10.0,4.0,0.21825091540813446,-1.648303559422493
DiscreteSAC,125,final,1851,4851,0.15801187038421632,2.0,2.0,0.7452622056007385,-0.10905733704566956
DiscreteSAC,125,final,1852,4852,-0.09015523195266724,5.0,3.0,0.3559153974056244,7369.3674119591715
DiscreteSAC,125,final,1853,4853,-0.1749055510759353,6.0,4.0,0.30945590138435364,4.789541562398274
DiscreteSAC,125,final,1854,4854,-0.3995445013046265,10.0,5.0,0.6144501566886902,9.655804562568665
DiscreteSAC,125,final,1855,4855,-0.2599493086338044,10.0,4.0,0.20398959517478943,547.5984740257263
DiscreteSAC,125,final,1856,4856,-0.009601759910583499,5.0,3.0,0.7583365440368652,4.878426456451416
DiscreteSAC,125,final,1857,4857,-0.33866008520126345,10.0,5.0,0.8845258951187134,183.1977232336998
DiscreteSAC,125,final,1858,4858,0.055371838808059695,5.0,5.0,0.3270578384399414,2.4440725326538084
DiscreteSAC,125,final,1859,4859,-0.537820291519165,10.0,4.0,0.5413413643836975,1.1036794841289521
DiscreteSAC,125,final,1860,4860,-0.5077442348003387,10.0,4.0,0.31550759077072144,0.7556867361068725
DiscreteSAC,125,final,1861,4861,-0.101021945476532,5.0,4.0,0.5189141631126404,0.3486630320549011
DiscreteSAC,125,final,1862,4862,0.05001319646835328,5.0,3.0,0.38617441058158875,0.6535186052322388
DiscreteSAC,125,final,1863,4863,0.3584613871574402,3.0,3.0,0.651188850402832,0.34235690037409466
DiscreteSAC,125,final,1864,4864,-0.5435312390327455,10.0,3.0,0.5918487906455994,0.059126490354537965
DiscreteSAC,125,final,1865,4865,-0.2650241708755493,6.0,3.0,0.4514348804950714,0.2773598035176595
DiscreteSAC,125,final,1866,4866,-0.07747657895088196,5.0,3.0,0.2192937433719635,0.4657527685165405
DiscreteSAC,125,final,1867,4867,-0.6275121420621873,10.0,3.0,0.3146830201148987,0.11449997425079346
DiscreteSAC,125,final,1868,4868,0.09772016525268556,3.0,2.0,1.3090406656265259,-25.41525572538376
DiscreteSAC,125,final,1869,4869,-0.65074922144413,10.0,3.0,0.27271440625190735,16.778065168857573
DiscreteSAC,125,final,1870,4870,-0.3757014632225037,10.0,6.0,0.8277186155319214,0.04002509713172912
DiscreteSAC,125,final,1871,4871,-0.40698636770248414,10.0,4.0,0.5207679271697998,0.09965570569038391
DiscreteSAC,125,final,1872,4872,-0.07072815060615541,6.0,4.0,0.23654066026210785,0.3645106554031372
DiscreteSAC,125,final,1873,4873,-0.2662512302398682,10.0,5.0,0.9821658134460449,0.12631487250328063
DiscreteSAC,125,final,1874,4874,-0.4723858654499054,10.0,4.0,0.14216841757297516,-1.6264883399009704
DiscreteSAC,125,final,1875,4875,-0.08243123292922974,10.0,6.0,0.95046466588974,0.06666304469108582
DiscreteSAC,125,final,1876,4876,-0.19538602471351624,9.0,5.0,0.33582279086112976,-3.329560524887509
DiscreteSAC,125,final,1877,4877,-0.28296685218811035,10.0,5.0,0.5148990154266357,0.0662269949913025
DiscreteSAC,125,final,1878,4878,-0.22295612096786502,10.0,3.0,0.7861397862434387,0.08797510266304016
DiscreteSAC,125,final,1879,4879,-0.18283244371414187,10.0,5.0,0.9294300675392151,-0.055003035068511966
DiscreteSAC,125,final,1880,4880,-0.38946011662483215,10.0,3.0,0.3690151572227478,236.58124678730965
DiscreteSAC,125,final,1881,4881,-0.21667340278625485,8.0,2.0,0.4790689945220947,19.644909888505936
DiscreteSAC,125,final,1882,4882,-0.04572140216827393,4.0,3.0,0.668219268321991,0.2824704498052597
DiscreteSAC,125,final,1883,4883,-0.46562786102294923,10.0,4.0,0.42984315752983093,0.43049322366714476
DiscreteSAC,125,final,1884,4884,-0.2386444926261902,10.0,6.0,0.3425123989582062,-6.581627106666565
DiscreteSAC,125,final,1885,4885,-0.6311811029911043,10.0,4.0,0.6031758189201355,0.06424790024757385
DiscreteSAC,125,final,1886,4886,-0.4555506229400635,10.0,4.0,0.7423999905586243,-0.0008389830589294433
DiscreteSAC,125,final,1887,4887,-0.45535542964935305,10.0,5.0,0.6757630109786987,107.84758652448654
DiscreteSAC,125,final,1888,4888,-0.2955330514907837,9.0,4.0,0.7121340036392212,-0.016226715511745878
DiscreteSAC,125,final,1889,4889,0.0070235174894332925,3.0,2.0,0.22491714358329773,-0.1475353240966797
DiscreteSAC,125,final,1890,4890,-0.06753237843513489,5.0,3.0,0.35385534167289734,0.02588798999786377
DiscreteSAC,125,final,1891,4891,-0.253031929731369,9.0,4.0,0.4202144742012024,-0.10785073704189724
DiscreteSAC,125,final,1892,4892,-0.034615917205810545,7.0,3.0,0.8170080780982971,-0.0648890563419887
DiscreteSAC,125,final,1893,4893,-0.35183782577514655,10.0,4.0,0.8921422958374023,-0.03925912976264954
DiscreteSAC,125,final,1894,4894,0.13571457743644716,2.0,2.0,0.29444122314453125,-0.08555999398231506
DiscreteSAC,125,final,1895,4895,0.09000000000000001,1.0,1.0,0.822271466255188,-0.11563903093338013
DiscreteSAC,125,final,1896,4896,-0.24012931585311892,10.0,5.0,0.5604017376899719,0.053465479612350465
DiscreteSAC,125,final,1897,4897,-0.2665822887420654,9.0,3.0,0.6262977719306946,-0.8906922141710917
DiscreteSAC,125,final,1898,4898,-0.26306220173835754,8.0,4.0,0.22470758855342865,0.06094059720635414
DiscreteSAC,125,final,1899,4899,-0.0784251570701599,10.0,7.0,0.7351626753807068,0.08015112578868866
DiscreteSAC,125,final,1900,4900,-0.00575868129730224,4.0,2.0,0.602626383304596,-0.08916665613651276
DiscreteSAC,125,final,1901,4901,-0.3419239103794098,10.0,4.0,0.42046448588371277,-0.14961189329624175
DiscreteSAC,125,final,1902,4902,-0.6780208349227906,10.0,3.0,0.8978575468063354,-0.23312508463859558
DiscreteSAC,125,final,1903,4903,-0.19010502099990845,10.0,3.0,0.8114812970161438,-6.384011089801788
DiscreteSAC,125,final,1904,4904,0.019474422931671127,10.0,5.0,0.582035481929779,-0.13670932054519652
DiscreteSAC,125,final,1905,4905,0.0425553447008133,4.0,4.0,0.15863017737865448,2.7403378039598465
DiscreteSAC,125,final,1906,4906,-0.2930076360702515,10.0,5.0,0.9153019189834595,-0.20642430186271668
DiscreteSAC,125,final,1907,4907,-0.0811756870150566,6.0,5.0,0.13431404531002045,-14.897459725538889
DiscreteSAC,125,final,1908,4908,-0.2405717968940735,10.0,5.0,0.9135355353355408,-0.08393151760101318
DiscreteSAC,125,final,1909,4909,-0.45568764209747314,10.0,3.0,0.8649675250053406,58186.09330037832
DiscreteSAC,125,final,1910,4910,-0.08930333852767945,10.0,5.0,0.7732802033424377,3.80941321849823
DiscreteSAC,125,final,1911,4911,0.11725002050399784,8.0,5.0,0.8478202223777771,3.0833441615104675
DiscreteSAC,125,final,1912,4912,-0.13729160785675049,6.0,4.0,0.3950318992137909,1.9123940070470173
DiscreteSAC,125,final,1913,4913,-0.4368903160095215,10.0,4.0,0.2786344885826111,1.3945973932743072
DiscreteSAC,125,final,1914,4914,-0.4107626736164093,10.0,6.0,0.25742796063423157,0.7778316915035248
DiscreteSAC,125,final,1915,4915,-0.4589932680130005,10.0,4.0,0.7655516266822815,0.4161124169826508
DiscreteSAC,125,final,1916,4916,-0.34814977645874023,10.0,3.0,1.4587571620941162,0.07526272535324097
DiscreteSAC,125,final,1917,4917,0.10844415187835693,4.0,4.0,0.5934606790542603,0.05485302209854126
DiscreteSAC,125,final,1918,4918,-0.4046355903148651,10.0,4.0,0.43305712938308716,0.017381268739700317
DiscreteSAC,125,final,1919,4919,-0.37892746925354004,10.0,3.0,0.9032920598983765,0.34559157490730286
DiscreteSAC,125,final,1920,4920,0.2407674264907837,3.0,3.0,0.7101746201515198,0.03587150573730469
DiscreteSAC,125,final,1921,4921,-0.7108297497034075,10.0,3.0,0.4464559555053711,0.5094019055366517
DiscreteSAC,125,final,1922,4922,-0.49657120257616044,10.0,4.0,0.15059173107147217,0.0402365654706955
DiscreteSAC,125,final,1923,4923,0.09000000000000001,1.0,1.0,0.38772815465927124,6227.3466796875
DiscreteSAC,125,final,1924,4924,-0.6308899521827698,10.0,3.0,0.5410638451576233,0.4355838358402252
DiscreteSAC,125,final,1925,4925,-0.533345627784729,10.0,2.0,0.26875656843185425,0.172639399766922
DiscreteSAC,125,final,1926,4926,-0.513571560382843,10.0,3.0,1.005685567855835,39482.669265305994
DiscreteSAC,125,final,1927,4927,-0.17891003131866456,9.0,6.0,0.4453149437904358,1.7226149174902174
DiscreteSAC,125,final,1928,4928,-0.11822832137346269,6.0,4.0,0.16199900209903717,2865.009061008692
DiscreteSAC,125,final,1929,4929,-0.30643768310546876,10.0,4.0,0.7286750078201294,29920.754892331362
DiscreteSAC,125,final,1930,4930,-0.4811384499073029,10.0,4.0,0.49810102581977844,1.614281415939331
DiscreteSAC,125,final,1931,4931,-0.2710918545722961,10.0,6.0,0.7715744376182556,0.9220346093177796
DiscreteSAC,125,final,1932,4932,-0.38796045184135436,10.0,4.0,0.25442931056022644,1.0407431334257127
DiscreteSAC,125,final,1933,4933,0.0221605920791626,6.0,4.0,0.6632328033447266,0.22475067774454752
DiscreteSAC,125,final,1934,4934,-0.5445342600345612,10.0,5.0,0.2526288330554962,1223.2974598228932
DiscreteSAC,125,final,1935,4935,-0.28773958683013917,10.0,4.0,0.5321657061576843,0.20400568842887878
DiscreteSAC,125,final,1936,4936,-0.3703390836715698,10.0,2.0,1.01101553440094,0.340156489610672
DiscreteSAC,125,final,1937,4937,-0.6398911297321324,10.0,4.0,0.5366343259811401,0.008203786611557008
DiscreteSAC,125,final,1938,4938,-0.5900713801383973,10.0,3.0,0.776038646697998,0.03321603536605835
DiscreteSAC,125,final,1939,4939,-0.2232884669303894,9.0,4.0,0.43201562762260437,0.017711540063222248
DiscreteSAC,125,final,1940,4940,0.017994167804718006,6.0,4.0,0.5960564613342285,0.012774338324864706
DiscreteSAC,125,final,1941,4941,-0.23463943004608154,10.0,5.0,0.7256844639778137,0.18330726027488708
DiscreteSAC,125,final,1942,4942,-0.07066580057144167,10.0,5.0,0.9399107098579407,-0.3530558466911316
DiscreteSAC,125,final,1943,4943,-0.4023595690727234,10.0,5.0,0.6465688943862915,0.059029364585876466
DiscreteSAC,125,final,1944,4944,-0.41622024178504946,10.0,5.0,0.19539475440979004,0.09398032426834106
DiscreteSAC,125,final,1945,4945,-0.01315979719161986,6.0,3.0,0.6069520115852356,0.025609582662582397
DiscreteSAC,125,final,1946,4946,-0.34269350171089175,10.0,5.0,0.4579298198223114,-0.09112991690635681
DiscreteSAC,125,final,1947,4947,-0.5220318078994751,10.0,5.0,0.5396527051925659,-0.2968599259853363
DiscreteSAC,125,final,1948,4948,-0.09315012931823731,9.0,4.0,0.8521237969398499,422.74890498982535
DiscreteSAC,125,final,1949,4949,-0.49451091289520266,10.0,5.0,0.24724380671977997,344.02719510793685
DiscreteSAC,125,final,1950,4950,-0.42943691015243535,10.0,7.0,0.7260835766792297,161.48904451727867
DiscreteSAC,125,final,1951,4951,-0.4365766644477844,10.0,3.0,0.7753901481628418,395.2062568843365
DiscreteSAC,125,final,1952,4952,-0.11768538355827331,10.0,3.0,0.3350019156932831,-0.1985495686531067
DiscreteSAC,125,final,1953,4953,-0.7909933149814607,10.0,4.0,0.4389989674091339,-0.09740254282951355
DiscreteSAC,125,final,1954,4954,-0.4611844837665558,10.0,4.0,0.3546906113624573,-0.23019884824752807
DiscreteSAC,125,final,1955,4955,-0.6250060319900514,10.0,4.0,1.1352455615997314,5.588606292009354
DiscreteSAC,125,final,1956,4956,-0.19650064229965208,7.0,3.0,0.825775146484375,355.6515407562256
DiscreteSAC,125,final,1957,4957,-0.5217616379261018,10.0,4.0,0.3099966049194336,32.7729167342186
DiscreteSAC,125,final,1958,4958,-0.5669668972492219,10.0,6.0,0.5837959051132202,-0.249135822057724
DiscreteSAC,125,final,1959,4959,-0.33589495420455934,10.0,4.0,0.7840374708175659,-0.21887387037277223
DiscreteSAC,125,final,1960,4960,-0.4828442454338074,10.0,4.0,0.6258190870285034,-0.18014150261878967
DiscreteSAC,125,final,1961,4961,-0.2318353295326233,10.0,5.0,0.4529139995574951,-0.21478635668754578
DiscreteSAC,125,final,1962,4962,-0.5306237041950226,10.0,3.0,0.33959075808525085,-0.24289434552192687
DiscreteSAC,125,final,1963,4963,0.008596526384353653,2.0,2.0,0.3484490215778351,-0.427905410528183
DiscreteSAC,125,final,1964,4964,-0.4139975428581238,10.0,4.0,0.6364088654518127,-0.2091108500957489
DiscreteSAC,125,final,1965,4965,-0.5400247812271118,10.0,5.0,0.5037474036216736,20.094901651144028
DiscreteSAC,125,final,1966,4966,-0.49521211683750155,10.0,5.0,0.3167033791542053,-0.22843877077102662
DiscreteSAC,125,final,1967,4967,-0.33014438152313236,10.0,6.0,0.7951099276542664,-0.3205642938613892
DiscreteSAC,125,final,1968,4968,-0.524496567249298,10.0,4.0,0.39340224862098694,-3.995548677444458
DiscreteSAC,125,final,1969,4969,0.09000000000000001,1.0,1.0,0.8298438787460327,-0.2986140251159668
DiscreteSAC,125,final,1970,4970,-0.31534184217453004,10.0,4.0,0.47142696380615234,27.412112230062483
DiscreteSAC,125,final,1971,4971,-0.37103750705718996,10.0,5.0,0.7454832196235657,-0.28085650205612184
DiscreteSAC,125,final,1972,4972,-0.15430984497070316,10.0,6.0,0.9143096208572388,-0.3414743900299072
DiscreteSAC,125,final,1973,4973,-0.4361034154891968,10.0,4.0,0.5407180190086365,-4.546616566181183
DiscreteSAC,125,final,1974,4974,-0.6138029873371125,10.0,2.0,0.18440215289592743,-0.2708522856235504
DiscreteSAC,125,final,1975,4975,-0.02095250606536865,7.0,3.0,0.9467349052429199,-0.2219195536204747
DiscreteSAC,125,final,1976,4976,-0.2843904733657837,10.0,5.0,0.30163949728012085,242.72957009077072
DiscreteSAC,125,final,1977,4977,-0.26837362051010133,10.0,4.0,0.8470209240913391,0.6782347321510315
DiscreteSAC,125,final,1978,4978,-0.294274640083313,10.0,4.0,0.9500088691711426,0.06760170459747314
DiscreteSAC,125,final,1979,4979,-0.6144097745418549,10.0,3.0,0.5977059006690979,19.617049872875214
DiscreteSAC,125,final,1980,4980,-0.46618696451187136,10.0,5.0,0.821599006652832,177.78431631922723
DiscreteSAC,125,final,1981,4981,-0.38979133367538454,10.0,5.0,0.7783427238464355,140.30456798672677
DiscreteSAC,125,final,1982,4982,-0.6103938221931459,10.0,3.0,0.997461199760437,27.56935487985611
DiscreteSAC,125,final,1983,4983,-0.3843823754787445,9.0,3.0,0.5396904349327087,0.6751953694555495
DiscreteSAC,125,final,1984,4984,-0.05670957088470459,7.0,3.0,0.9507979154586792,0.3547782301902771
DiscreteSAC,125,final,1985,4985,-0.5930753648281097,10.0,3.0,0.3744312822818756,0.6210969269275666
DiscreteSAC,125,final,1986,4986,-0.4099888622760773,10.0,4.0,0.49397584795951843,1691.585764938593
DiscreteSAC,125,final,1987,4987,-0.4502227306365967,10.0,3.0,0.5525017380714417,1.3970022439956664
DiscreteSAC,125,final,1988,4988,-0.23474878072738647,10.0,8.0,0.6113886833190918,39.722526741027835
DiscreteSAC,125,final,1989,4989,0.1633821558952332,8.0,6.0,0.8261833786964417,64.90737411379814
DiscreteSAC,125,final,1990,4990,-0.5532276153564454,10.0,4.0,0.7294231057167053,0.0913105547428131
DiscreteSAC,125,final,1991,4991,-0.05432529449462893,10.0,6.0,0.6379216909408569,0.11604138016700745
DiscreteSAC,125,final,1992,4992,-0.06881458759307865,10.0,4.0,1.288490653038025,0.013371944427490234
DiscreteSAC,125,final,1993,4993,-0.42278709411621096,10.0,5.0,0.9564534425735474,688.9093174397946
DiscreteSAC,125,final,1994,4994,-0.14874416589736938,10.0,5.0,0.4721193313598633,0.4908215880393982
DiscreteSAC,125,final,1995,4995,-0.19658977985382084,10.0,4.0,0.7174593210220337,22.99530537724495
DiscreteSAC,125,final,1996,4996,-0.15051852703094482,9.0,4.0,1.004089117050171,50.65747760401832
DiscreteSAC,125,final,1997,4997,-0.42726463675498966,10.0,6.0,0.4412420690059662,0.006921738386154175
DiscreteSAC,125,final,1998,4998,-0.48144514560699464,10.0,4.0,0.8569901585578918,-0.020965349674224854
DiscreteSAC,125,final,1999,4999,0.08385040283203125,3.0,2.0,0.36945751309394836,-0.2871151367823283
DiscreteSAC,125,final,2000,5000,-0.5151543259620667,10.0,5.0,0.6675766706466675,-0.059715405106544495
DiscreteSAC,125,final,2001,5001,-0.5752238869667055,10.0,5.0,0.4181399941444397,-0.21809790134429932
DiscreteSAC,125,final,2002,5002,-0.4241541653871536,10.0,7.0,0.31230592727661133,-0.21113271713256837
DiscreteSAC,125,final,2003,5003,-0.20634816408157347,7.0,3.0,0.7913311123847961,0.13204561812537058
DiscreteSAC,125,final,2004,5004,-0.4242102026939392,10.0,4.0,0.5633258819580078,-0.048667073249816895
DiscreteSAC,125,final,2005,5005,-0.6166479036211968,10.0,4.0,0.27801743149757385,-0.1369435429573059
DiscreteSAC,125,final,2006,5006,-0.09899898767471316,10.0,5.0,0.7267439961433411,-0.14578071236610413
DiscreteSAC,125,final,2007,5007,-0.15726914405822756,10.0,5.0,0.6021590828895569,-0.15556903481483458
DiscreteSAC,125,final,2008,5008,-0.8126187443733217,10.0,4.0,0.7283663749694824,21262.7575427413
DiscreteSAC,125,final,2009,5009,-0.45282239317893985,10.0,6.0,0.5746600031852722,2.5953728556632996
DiscreteSAC,125,final,2010,5010,-0.3789713978767395,10.0,3.0,0.7092264294624329,1.4339085459709167
DiscreteSAC,125,final,2011,5011,-0.3461295187473297,10.0,4.0,0.4909580647945404,141.25955083966255
DiscreteSAC,125,final,2012,5012,-0.15859757661819457,10.0,4.0,0.7668887376785278,470.8534189879894
DiscreteSAC,125,final,2013,5013,-0.11681294918060305,8.0,5.0,0.8291429281234741,0.1643841415643692
DiscreteSAC,125,final,2014,5014,0.048311338424682625,9.0,6.0,0.799979031085968,0.17280524306827122
DiscreteSAC,125,final,2015,5015,-0.2420890808105469,10.0,2.0,0.973260760307312,-0.10476632118225097
DiscreteSAC,125,final,2016,5016,-0.1361312174797058,9.0,4.0,0.9845135807991028,0.09124119414223565
DiscreteSAC,125,final,2017,5017,-0.04115848779678345,9.0,4.0,0.8443688750267029,0.10897947020000881
DiscreteSAC,125,final,2018,5018,-0.10542080104351044,5.0,3.0,0.300906240940094,0.06162772178649902
DiscreteSAC,125,final,2019,5019,-0.08423617243766786,6.0,4.0,0.3078925907611847,0.006635109583536784
DiscreteSAC,125,final,2020,5020,-0.22705801725387575,10.0,5.0,0.8333653807640076,-0.23463926911354066
DiscreteSAC,125,final,2021,5021,-0.3517936170101166,10.0,5.0,0.49556785821914673,-0.28764396011829374
DiscreteSAC,125,final,2022,5022,-0.5479318320751191,10.0,4.0,0.31777307391166687,-0.2418494313955307
DiscreteSAC,125,final,2023,5023,-0.6173574596643449,10.0,4.0,0.2716127932071686,-0.23221317827701568
DiscreteSAC,125,final,2024,5024,-0.16597593307495112,8.0,5.0,0.29214921593666077,-0.24513718485832214
DiscreteSAC,125,final,2025,5025,-0.20828744173049926,10.0,5.0,0.546940267086029,-0.19735586047172546
DiscreteSAC,125,final,2026,5026,-0.2006342241168022,4.0,3.0,0.326398104429245,-0.12081868946552277
DiscreteSAC,125,final,2027,5027,-0.05280446529388429,7.0,4.0,0.9943370819091797,-0.28223620993750437
DiscreteSAC,125,final,2028,5028,-0.2721659064292908,10.0,4.0,0.7523506879806519,-0.213088458776474
DiscreteSAC,125,final,2029,5029,-0.5009870648384095,10.0,4.0,0.21547570824623108,-0.2499689519405365
DiscreteSAC,125,final,2030,5030,0.09000000000000001,1.0,1.0,0.4988820254802704,-0.3235894441604614
DiscreteSAC,125,final,2031,5031,-0.24639147520065308,10.0,5.0,0.28382381796836853,-0.160325226187706
DiscreteSAC,125,final,2032,5032,-0.22383141517639163,10.0,8.0,1.2679158449172974,-0.09370075762271882
DiscreteSAC,125,final,2033,5033,-0.40601974725723267,10.0,3.0,0.637712836265564,-0.3882337808609009
DiscreteSAC,125,final,2034,5034,-0.05400728225708008,4.0,3.0,0.6959806680679321,-0.195343017578125
DiscreteSAC,125,final,2035,5035,-0.20818600654602054,10.0,6.0,0.6118493676185608,-0.2574187308549881
DiscreteSAC,125,final,2036,5036,0.0039001536369323714,8.0,6.0,0.7114190459251404,-0.20099243894219398
DiscreteSAC,125,final,2037,5037,-0.5151594549417496,10.0,4.0,0.17330719530582428,-0.1537369042634964
DiscreteSAC,125,final,2038,5038,-0.0589652729034424,7.0,5.0,0.7864039540290833,-0.37919334854398457
DiscreteSAC,125,final,2039,5039,0.08351315975189208,8.0,3.0,0.780057430267334,-0.16840798407793045
DiscreteSAC,125,final,2040,5040,-0.4377314537763596,10.0,5.0,0.24987685680389404,250.36239374279975
DiscreteSAC,125,final,2041,5041,-0.41003196239471434,10.0,7.0,0.41249242424964905,0.3131179869174957
DiscreteSAC,125,final,2042,5042,-0.50320742726326,10.0,4.0,0.5443474650382996,0.06073095798492432
DiscreteSAC,125,final,2043,5043,-0.43303112089633944,10.0,5.0,0.2704910337924957,-0.0204718679189682
DiscreteSAC,125,final,2044,5044,-0.008077757358551013,8.0,6.0,0.7106186151504517,0.22755075618624687
DiscreteSAC,125,final,2045,5045,-0.02336756944656372,6.0,3.0,0.6603679060935974,107.79584830999374
DiscreteSAC,125,final,2046,5046,-0.035288093090057385,6.0,4.0,0.7291380763053894,0.05518770217895508
DiscreteSAC,125,final,2047,5047,-0.4797622084617615,10.0,4.0,0.602403998374939,27.24415681064129
DiscreteSAC,125,final,2048,5048,-0.46627378165721894,10.0,4.0,0.1553431749343872,-0.3138530939817429
DiscreteSAC,125,final,2049,5049,0.10064513444900514,4.0,3.0,0.8155347108840942,0.10001106560230255
DiscreteSAC,125,final,2050,5050,-0.0708842658996582,4.0,2.0,0.4675444960594177,-0.20935501158237457
DiscreteSAC,125,final,2051,5051,-0.3862455904483795,10.0,4.0,0.1682373285293579,-0.021420493721961975
DiscreteSAC,125,final,2052,5052,-0.46509104669094087,10.0,4.0,0.16108281910419464,194.88932626247407
DiscreteSAC,125,final,2053,5053,-0.09264976739883422,6.0,5.0,0.745544970035553,0.13988804817199707
DiscreteSAC,125,final,2054,5054,-0.4881919264793396,10.0,5.0,0.7120116949081421,-0.1286733329296112
DiscreteSAC,125,final,2055,5055,-0.05584515571594241,9.0,6.0,0.7606251835823059,-0.22906223932902017
DiscreteSAC,125,final,2056,5056,-0.26708458662033085,10.0,7.0,0.18238382041454315,1618.2049261987208
DiscreteSAC,125,final,2057,5057,-0.29931331872940065,10.0,4.0,0.400484561920166,123.31181240081787
DiscreteSAC,125,final,2058,5058,-0.5487133830785752,10.0,4.0,0.25911080837249756,434.10882822275164
DiscreteSAC,125,final,2059,5059,-0.43896945714950564,10.0,5.0,0.4222123324871063,687.4027107238769
DiscreteSAC,125,final,2060,5060,-0.13923689126968386,10.0,5.0,0.577240526676178,3.985783874988556
DiscreteSAC,125,final,2061,5061,0.09000000000000001,1.0,1.0,0.6226123571395874,4.702075958251953
DiscreteSAC,125,final,2062,5062,-0.578509372472763,10.0,4.0,0.5166550874710083,3.1878840565681457
DiscreteSAC,125,final,2063,5063,-0.413300359249115,10.0,5.0,0.6349225044250488,5550.55877481699
DiscreteSAC,125,final,2064,5064,0.09000000000000001,1.0,1.0,0.23773352801799774,2.150376319885254
DiscreteSAC,125,final,2065,5065,-0.3294602155685425,10.0,4.0,0.8491048812866211,1.782340121269226
DiscreteSAC,125,final,2066,5066,-0.3432073950767517,10.0,3.0,0.17671431601047516,189.06111285686492
DiscreteSAC,125,final,2067,5067,-0.26180189847946167,10.0,5.0,0.8757895231246948,0.9124600172042847
DiscreteSAC,125,final,2068,5068,-0.3266651153564453,10.0,4.0,0.7476508021354675,1.0440052270889282
DiscreteSAC,125,final,2069,5069,-0.10612897872924805,10.0,4.0,0.5070332288742065,75.2308088004589
DiscreteSAC,125,final,2070,5070,-0.1823404312133789,10.0,4.0,0.8262804746627808,0.6110861957073211
DiscreteSAC,125,final,2071,5071,-0.05641949176788332,10.0,3.0,0.9425644874572754,1.0318991422653199
DiscreteSAC,125,final,2072,5072,-0.5226322412490845,10.0,3.0,0.5409147143363953,21.73752290606499
DiscreteSAC,125,final,2073,5073,-0.2915622138977051,9.0,6.0,0.9692964553833008,0.038161668512556285
DiscreteSAC,125,final,2074,5074,-0.039454656839370765,10.0,7.0,0.41226521134376526,0.4244056761264801
DiscreteSAC,125,final,2075,5075,-0.29360160529613494,5.0,3.0,0.43146371841430664,-14.356655061244965
DiscreteSAC,125,final,2076,5076,-0.34652939438819885,10.0,3.0,0.4198440611362457,0.19522224068641664
DiscreteSAC,125,final,2077,5077,-0.40572270154953005,10.0,5.0,0.3084239959716797,5253.732379090786
DiscreteSAC,125,final,2078,5078,-0.14134607315063477,10.0,6.0,1.0061677694320679,1.5520464479923248
DiscreteSAC,125,final,2079,5079,-0.25051679611206057,10.0,5.0,1.0600439310073853,1.4854097366333008
DiscreteSAC,125,final,2080,5080,-0.3329527795314789,10.0,4.0,0.35891857743263245,0.974964714050293
DiscreteSAC,125,final,2081,5081,-0.4557889223098755,10.0,4.0,0.5605437755584717,0.6527141988277435
DiscreteSAC,125,final,2082,5082,-0.07115165948867798,6.0,3.0,0.7052034735679626,0.1831482152144114
DiscreteSAC,125,final,2083,5083,-0.4793351411819458,10.0,4.0,0.6042696833610535,0.3797650277614594
DiscreteSAC,125,final,2084,5084,-0.22933963418006897,8.0,5.0,0.46301060914993286,0.35409051924943924
DiscreteSAC,125,final,2085,5085,-0.1832208871841431,10.0,5.0,0.6258493661880493,0.2522567451000214
DiscreteSAC,125,final,2086,5086,-0.534955269098282,10.0,6.0,0.4193043112754822,0.28254022300243375
DiscreteSAC,125,final,2087,5087,-0.5057912588119506,10.0,4.0,0.4946722388267517,2946.98688108325
DiscreteSAC,125,final,2088,5088,-0.5142306022346019,10.0,4.0,0.12142277508974075,2864.190991127491
DiscreteSAC,125,final,2089,5089,-0.8501308202743532,10.0,5.0,0.7707361578941345,3.532949376106262
DiscreteSAC,125,final,2090,5090,-0.5373588025569915,10.0,4.0,0.3506133556365967,46.428097718954085
DiscreteSAC,125,final,2091,5091,-0.16367536067962646,8.0,4.0,0.5989574193954468,1.0908744260668755
DiscreteSAC,125,final,2092,5092,0.1748024344444275,5.0,3.0,0.7039820551872253,794.2320548295975
DiscreteSAC,125,final,2093,5093,-0.11735003709793092,7.0,4.0,0.6814249157905579,0.7739667977605548
DiscreteSAC,125,final,2094,5094,-0.08227638006210326,5.0,2.0,0.13550110161304474,4051.8825991630556
DiscreteSAC,125,final,2095,5095,-0.38619924783706666,10.0,4.0,0.7247506380081177,0.9899399697780609
DiscreteSAC,125,final,2096,5096,-0.07877837419509888,5.0,3.0,0.982422947883606,0.736838984489441
DiscreteSAC,125,final,2097,5097,-0.2765745878219605,10.0,6.0,0.6589111685752869,0.3171055257320404
DiscreteSAC,125,final,2098,5098,-0.2765182077884674,10.0,4.0,0.40628036856651306,0.07985320091247558
DiscreteSAC,125,final,2099,5099,-0.07868987321853642,10.0,5.0,0.9996227622032166,0.07953957319259644
DiscreteSAC,125,final,2100,5100,0.2304921817779541,3.0,3.0,0.8491231203079224,-0.06642736991246541
DiscreteSAC,125,final,2101,5101,-0.5002955764532089,10.0,4.0,0.23559844493865967,751.1920714348555
DiscreteSAC,125,final,2102,5102,-0.209517263174057,8.0,4.0,0.4593963027000427,1.6717190816998482
DiscreteSAC,125,final,2103,5103,-0.24992952823638914,8.0,3.0,0.5990374684333801,1.3115988820791245
DiscreteSAC,125,final,2104,5104,-0.1279508101940155,8.0,4.0,0.2960297763347626,0.8183807581663132
DiscreteSAC,125,final,2105,5105,-0.5775219321250915,10.0,4.0,0.7532172799110413,9030.632685226203
DiscreteSAC,125,final,2106,5106,-0.2847906589508057,10.0,5.0,0.8078269362449646,2.428168070316315
DiscreteSAC,125,final,2107,5107,-0.1741241317987442,7.0,4.0,0.21810469031333923,1.4305971605437142
DiscreteSAC,125,final,2108,5108,-0.5561959564685821,10.0,4.0,0.27280882000923157,2341.24589202404
DiscreteSAC,125,final,2109,5109,-0.5908060520887375,10.0,3.0,0.2987414002418518,325.1745527923107
DiscreteSAC,125,final,2110,5110,-0.15296412229537965,7.0,5.0,0.40093281865119934,1.115664439541953
DiscreteSAC,125,final,2111,5111,-0.398997700214386,10.0,6.0,0.8235118985176086,0.702839732170105
DiscreteSAC,125,final,2112,5112,-0.525090754032135,10.0,3.0,0.3214486539363861,0.588981032371521
DiscreteSAC,125,final,2113,5113,-0.010243145227432263,6.0,4.0,0.3722378611564636,0.22960503896077475
DiscreteSAC,125,final,2114,5114,-0.08582383155822755,6.0,4.0,0.5434638857841492,-0.0032466848691304526
DiscreteSAC,125,final,2115,5115,-0.3605962157249451,10.0,6.0,0.43439626693725586,4126.268706953526
DiscreteSAC,125,final,2116,5116,-0.39887707829475405,10.0,5.0,0.44029730558395386,1.3289230942726136
DiscreteSAC,125,final,2117,5117,-0.3863074517250061,6.0,2.0,1.1195783615112305,11201.075046877066
DiscreteSAC,125,final,2118,5118,0.09000000000000001,1.0,1.0,0.1124357134103775,1.8219186067581177
DiscreteSAC,125,final,2119,5119,-0.21718381404876708,6.0,3.0,0.9803414344787598,1.6745083332061768
DiscreteSAC,125,final,2120,5120,0.07729431152343752,4.0,2.0,0.6736789345741272,2.807819664478302
DiscreteSAC,125,final,2121,5121,-0.2648333549499512,10.0,5.0,0.5612260699272156,2.9562060117721556
DiscreteSAC,125,final,2122,5122,-0.19400105714797972,9.0,3.0,0.7772524952888489,1.4295641117625766
DiscreteSAC,125,final,2123,5123,-0.3531951427459717,10.0,4.0,0.8230070471763611,0.49108549356460574
DiscreteSAC,125,final,2124,5124,-0.13255610466003423,10.0,5.0,0.9164509773254395,0.1745322287082672
DiscreteSAC,125,final,2125,5125,-0.5722823441028596,10.0,3.0,0.4185009002685547,0.18096778988838197
DiscreteSAC,125,final,2126,5126,-0.6718514382839205,10.0,4.0,0.5433972477912903,0.14465060830116272
DiscreteSAC,125,final,2127,5127,-0.2786737322807312,10.0,5.0,0.8531534075737,-0.03708677887916565
DiscreteSAC,125,final,2128,5128,-0.5248582601547243,10.0,5.0,0.8449001312255859,-0.19232597947120667
DiscreteSAC,125,final,2129,5129,-0.37598109245300293,10.0,3.0,1.203797459602356,-0.25377382040023805
DiscreteSAC,125,final,2130,5130,-0.5641297817230225,10.0,4.0,0.5038272738456726,-0.16134108901023864
DiscreteSAC,125,final,2131,5131,-0.1981848001480103,10.0,4.0,0.28284770250320435,-0.5266686141490936
DiscreteSAC,125,final,2132,5132,-0.4065061926841736,10.0,4.0,0.42179587483406067,-0.35387097001075746
DiscreteSAC,125,final,2133,5133,-0.39734387397766113,10.0,3.0,0.8552996516227722,-0.2616473436355591
DiscreteSAC,125,final,2134,5134,-0.4527318447828293,10.0,4.0,0.18778665363788605,-0.22746413946151733
DiscreteSAC,125,final,2135,5135,-0.47014337182044985,10.0,5.0,0.3549425005912781,3644.0552651524545
DiscreteSAC,125,final,2136,5136,-0.290891444683075,10.0,6.0,0.8068787455558777,0.3232362985610962
DiscreteSAC,125,final,2137,5137,-0.2829764842987061,10.0,6.0,0.6142366528511047,0.5020730316638946
DiscreteSAC,125,final,2138,5138,-0.2761939108371735,10.0,5.0,0.30402204394340515,0.025003623962402344
DiscreteSAC,125,final,2139,5139,-0.26782525777816774,10.0,4.0,0.8897424340248108,-0.2432560384273529
DiscreteSAC,125,final,2140,5140,-0.5031230449676514,10.0,3.0,0.6429560780525208,-0.23305734992027283
DiscreteSAC,125,final,2141,5141,-0.29967197179794314,10.0,5.0,0.6661284565925598,-0.08112850785255432
DiscreteSAC,125,final,2142,5142,-0.8378705382347109,10.0,3.0,0.6495093107223511,29.976943945884706
DiscreteSAC,125,final,2143,5143,-0.002410542964935314,10.0,4.0,0.5917739272117615,993.5663415968418
DiscreteSAC,125,final,2144,5144,-0.2447498679161072,10.0,5.0,0.9014779925346375,-0.25319236516952515
DiscreteSAC,125,final,2145,5145,-0.4561172366142273,10.0,5.0,0.7469964623451233,-0.3772145926952362
DiscreteSAC,125,final,2146,5146,-0.3132833957672119,10.0,4.0,0.7891000509262085,-0.2590803027153015
DiscreteSAC,125,final,2147,5147,-0.2729988813400269,10.0,4.0,0.6927083730697632,-0.35332691967487334
DiscreteSAC,125,final,2148,5148,-0.038765370845794685,10.0,8.0,0.8640043139457703,-0.33835363388061523
DiscreteSAC,125,final,2149,5149,-0.48867661952972413,10.0,4.0,0.4550391733646393,-0.3818805694580078
DiscreteSAC,125,final,2150,5150,-0.6415320903062822,10.0,4.0,0.3204713761806488,-0.24430540800094605
DiscreteSAC,125,final,2151,5151,-0.37528290748596194,10.0,5.0,0.7896705269813538,1873.4033061802388
DiscreteSAC,125,final,2152,5152,-0.4679022431373596,10.0,3.0,0.7796850800514221,0.08430140614509582
DiscreteSAC,125,final,2153,5153,-0.042184495925903356,10.0,5.0,0.6930001974105835,0.014436614513397217
DiscreteSAC,125,final,2154,5154,-0.5541193604469299,10.0,4.0,0.5567532777786255,-0.21896209716796874
DiscreteSAC,125,final,2155,5155,-0.16281025648117065,9.0,4.0,0.857056736946106,-0.06493981679280598
DiscreteSAC,125,final,2156,5156,-0.42019940018653873,10.0,6.0,0.4596746861934662,-0.3592680335044861
DiscreteSAC,125,final,2157,5157,-0.35698785781860354,10.0,5.0,0.7421263456344604,352.4206414282322
DiscreteSAC,125,final,2158,5158,-0.48567045927047736,10.0,4.0,0.8028841614723206,3230.616918408871
DiscreteSAC,125,final,2159,5159,-0.37347365617752076,10.0,4.0,0.6201454997062683,676.9873786449432
DiscreteSAC,125,final,2160,5160,-0.057926363945007345,7.0,5.0,0.6677674651145935,6.371742350714547
DiscreteSAC,125,final,2161,5161,-0.28640961647033697,10.0,3.0,0.7537830471992493,3.4643335938453674
DiscreteSAC,125,final,2162,5162,-0.28996776342391967,10.0,2.0,0.8826376795768738,3.4357399344444275
DiscreteSAC,125,final,2163,5163,-0.2494413256645203,10.0,3.0,0.6743068695068359,1.9723787426948547
DiscreteSAC,125,final,2164,5164,-0.4160378694534302,10.0,4.0,0.5936371684074402,0.8298364698886871
DiscreteSAC,125,final,2165,5165,-0.4622556447982788,10.0,2.0,0.5553411245346069,302.5533334314823
DiscreteSAC,125,final,2166,5166,-0.396726131439209,10.0,3.0,0.7107672691345215,72528.05385151505
DiscreteSAC,125,final,2167,5167,-0.29096479415893556,10.0,4.0,0.5820250511169434,2.8532703518867493
DiscreteSAC,125,final,2168,5168,-0.4654788076877594,10.0,3.0,0.19126251339912415,2.122997689247131
DiscreteSAC,125,final,2169,5169,-0.3434764266014099,10.0,4.0,0.6336182951927185,5250.072439336776
DiscreteSAC,125,final,2170,5170,-0.4095008134841919,10.0,3.0,1.320229411125183,0.9815755546092987
DiscreteSAC,125,final,2171,5171,-0.5232546627521515,10.0,3.0,0.43404287099838257,0.7729916453361512
DiscreteSAC,125,final,2172,5172,-0.47407761216163635,10.0,3.0,0.44097158312797546,0.11151424646377564
DiscreteSAC,125,final,2173,5173,-0.4273001790046692,10.0,5.0,0.46203306317329407,5685.132248055935
DiscreteSAC,125,final,2174,5174,-0.2891760110855103,10.0,5.0,1.221026062965393,57558.548298722504
DiscreteSAC,125,final,2175,5175,-0.32091827392578126,10.0,4.0,0.6920530200004578,1.6017154335975647
DiscreteSAC,125,final,2176,5176,-0.5872673630714418,10.0,5.0,0.8869805335998535,1769.4802241027355
DiscreteSAC,125,final,2177,5177,-0.485235607624054,10.0,6.0,0.6991119384765625,0.9763600409030915
DiscreteSAC,125,final,2178,5178,-0.2845250517129898,10.0,3.0,0.24560223519802094,0.6394353568553924
DiscreteSAC,125,final,2179,5179,-0.34969439506530764,10.0,5.0,0.5123122334480286,0.009467411041259765
DiscreteSAC,125,final,2180,5180,-0.24013415575027464,10.0,3.0,0.3898980915546417,0.3920730769634247
DiscreteSAC,125,final,2181,5181,-0.12573366165161132,10.0,4.0,1.0971113443374634,-0.10871326923370361
DiscreteSAC,125,final,2182,5182,-0.24967572689056397,10.0,6.0,0.8342384696006775,6557.962332099676
DiscreteSAC,125,final,2183,5183,-0.330370569229126,10.0,5.0,0.5641372799873352,0.07251871228218079
DiscreteSAC,125,final,2184,5184,-0.28512369394302367,10.0,4.0,0.8967251777648926,-0.2510318011045456
DiscreteSAC,125,final,2185,5185,-0.11500551700592043,10.0,5.0,0.9016004800796509,4737.049893718958
DiscreteSAC,125,final,2186,5186,-0.15854348421096803,8.0,6.0,0.8541086912155151,0.06672383099794388
DiscreteSAC,125,final,2187,5187,-0.2646263766288757,8.0,4.0,0.4774729609489441,-0.2469562590122223
DiscreteSAC,125,final,2188,5188,-0.263716334104538,10.0,5.0,0.3507811725139618,-0.3421932578086853
DiscreteSAC,125,final,2189,5189,-0.27065457224845885,7.0,3.0,0.511859655380249,-0.20239286763327463
DiscreteSAC,125,final,2190,5190,-0.47052971720695497,10.0,4.0,0.30185890197753906,-0.0898853749036789
DiscreteSAC,125,final,2191,5191,-0.3438931107521057,10.0,3.0,0.5908979773521423,-0.10636917948722839
DiscreteSAC,125,final,2192,5192,-0.6318371564149858,10.0,4.0,0.3496294617652893,53119.13569715321
DiscreteSAC,125,final,2193,5193,-0.5895995050668718,10.0,3.0,0.2539518475532532,0.7156348049640655
DiscreteSAC,125,final,2194,5194,-0.2064382076263428,10.0,5.0,0.6535007357597351,0.5472446173429489
DiscreteSAC,125,final,2195,5195,-0.19547881722450255,9.0,4.0,0.34697818756103516,0.12054243352678087
DiscreteSAC,125,final,2196,5196,-0.055412521362304665,4.0,3.0,0.45158085227012634,0.023507267236709595
DiscreteSAC,125,final,2197,5197,-0.5252762258052827,10.0,4.0,0.4847763478755951,-0.2723663359880447
DiscreteSAC,125,final,2198,5198,-0.6119877338409425,10.0,5.0,0.4867385923862457,-0.37720497846603396
DiscreteSAC,125,final,2199,5199,-0.0471006512641907,10.0,7.0,0.8900226950645447,12419.251363551617
DiscreteSAC,125,final,2200,5200,-0.4556850719451904,8.0,4.0,0.6797367930412292,0.28952937573194504
DiscreteSAC,125,final,2201,5201,0.047594439983367924,5.0,3.0,0.19704556465148926,0.08966662883758544
DiscreteSAC,125,final,2202,5202,-0.49550883173942567,10.0,4.0,0.22867406904697418,0.04908143281936646
DiscreteSAC,125,final,2203,5203,-0.1472892665863037,9.0,4.0,0.5203351378440857,-0.2655055920283
DiscreteSAC,125,final,2204,5204,-0.08637104988098145,6.0,3.0,0.12781141698360443,2074.170405899485
DiscreteSAC,125,final,2205,5205,-0.46721934676170346,10.0,5.0,0.28147920966148376,2.8795196771621705
DiscreteSAC,125,final,2206,5206,-0.44861739277839663,10.0,5.0,0.14480619132518768,22882.252055978774
DiscreteSAC,125,final,2207,5207,-0.03465526580810545,3.0,3.0,0.6943235993385315,5.739474614461263
DiscreteSAC,125,final,2208,5208,-0.08432929992675782,8.0,4.0,0.7313992381095886,3.974905788898468
DiscreteSAC,125,final,2209,5209,-0.7209094882011415,10.0,4.0,1.228371500968933,11137.54609208107
DiscreteSAC,125,final,2210,5210,-0.5255800485610962,10.0,3.0,1.0554208755493164,2.654799783229828
DiscreteSAC,125,final,2211,5211,-0.43368828296661377,10.0,3.0,0.6070662140846252,1441.02520083189
DiscreteSAC,125,final,2212,5212,-0.20409203052520752,8.0,5.0,0.9606906771659851,0.6080252677202225
DiscreteSAC,125,final,2213,5213,-0.051813699007034295,7.0,5.0,0.2623271346092224,0.4996856451034546
DiscreteSAC,125,final,2214,5214,-0.3903285220265389,10.0,7.0,0.17464695870876312,0.13477110862731934
DiscreteSAC,125,final,2215,5215,-0.18231563568115236,10.0,7.0,1.0276809930801392,0.26859034299850465
DiscreteSAC,125,final,2216,5216,-0.3423214554786682,10.0,3.0,0.5799147486686707,0.04907460212707519
DiscreteSAC,125,final,2217,5217,-0.3867842435836792,10.0,4.0,0.4469568431377411,0.15986990928649902
DiscreteSAC,125,final,2218,5218,-0.2325393915176392,10.0,6.0,0.6255003809928894,1046.3862356901168
DiscreteSAC,125,final,2219,5219,-0.29796088933944703,10.0,4.0,0.7463765740394592,0.23118618726730347
DiscreteSAC,125,final,2220,5220,-0.325446629524231,10.0,5.0,0.8765284419059753,0.3109575867652893
DiscreteSAC,125,final,2221,5221,-0.1338986337184906,5.0,3.0,0.40087583661079407,0.04970824718475342
DiscreteSAC,125,final,2222,5222,-0.5434484526515008,10.0,4.0,0.2093323916196823,95.3557958483696
DiscreteSAC,125,final,2223,5223,-0.37020000219345095,10.0,5.0,0.2410295009613037,0.030456233024597167
DiscreteSAC,125,final,2224,5224,-0.42112502008676533,10.0,7.0,0.23817762732505798,-0.07693821787834168
DiscreteSAC,125,final,2225,5225,-0.19761505126953127,10.0,5.0,0.8060077428817749,0.797015056014061
DiscreteSAC,125,final,2226,5226,-0.45123882293701173,10.0,4.0,0.32259389758110046,-0.1849406361579895
DiscreteSAC,125,final,2227,5227,-0.2310753166675568,10.0,3.0,0.3845134675502777,0.009734687209129334
DiscreteSAC,125,final,2228,5228,-0.5848258554935455,10.0,4.0,0.3878132998943329,3520.1565467536448
DiscreteSAC,125,final,2229,5229,-0.3936344146728516,10.0,6.0,0.28968754410743713,-0.07541579604148865
DiscreteSAC,125,final,2230,5230,-0.5543795049190521,10.0,4.0,0.4615080654621124,-0.14388763308525085
DiscreteSAC,125,final,2231,5231,-0.1951231122016907,10.0,6.0,0.8085956573486328,-0.28684778809547423
DiscreteSAC,125,final,2232,5232,-0.46015634238719944,10.0,6.0,0.3230834901332855,-0.17659229338169097
DiscreteSAC,125,final,2233,5233,-0.019286222457885735,7.0,5.0,0.9770312309265137,30.759580961295537
DiscreteSAC,125,final,2234,5234,0.09000000000000001,1.0,1.0,1.0651415586471558,-0.26752638816833496
DiscreteSAC,125,final,2235,5235,-0.23811803460121156,10.0,4.0,0.43753597140312195,0.08801599144935608
DiscreteSAC,125,final,2236,5236,-0.17397262096405025,9.0,6.0,0.8279110789299011,-13.129235360357496
DiscreteSAC,125,final,2237,5237,-0.5177918046712875,10.0,4.0,0.2865409255027771,-0.21232714653015136
DiscreteSAC,125,final,2238,5238,-0.6978650957345963,10.0,4.0,0.4637058675289154,-0.20617919266223908
DiscreteSAC,125,final,2239,5239,0.004772386550903326,4.0,2.0,1.0110138654708862,-0.1691911444067955
DiscreteSAC,125,final,2240,5240,-0.0869447231292725,10.0,5.0,0.5407143235206604,68.75757813453674
DiscreteSAC,125,final,2241,5241,0.09000000000000001,1.0,1.0,0.5807561278343201,-0.40552014112472534
DiscreteSAC,125,final,2242,5242,0.06599828600883484,5.0,4.0,0.2871711552143097,-0.11846826076507569
DiscreteSAC,125,final,2243,5243,-0.25786000490188604,10.0,3.0,0.6357032060623169,-0.19753362536430358
DiscreteSAC,125,final,2244,5244,-0.5354628086090087,10.0,4.0,0.727659285068512,-0.2041923850774765
DiscreteSAC,125,final,2245,5245,-0.1958037853240967,10.0,5.0,0.6140087246894836,-0.24455687701702117
DiscreteSAC,125,final,2246,5246,-0.5508058786392211,10.0,4.0,0.17210562527179718,-0.3069212794303894
DiscreteSAC,125,final,2247,5247,0.19730289459228517,2.0,2.0,1.0040733814239502,0.2576216459274292
DiscreteSAC,125,final,2248,5248,-0.2927444934844971,10.0,6.0,0.7835938334465027,-0.1389799475669861
DiscreteSAC,125,final,2249,5249,-0.3121307402849197,10.0,6.0,0.17101497948169708,-0.038875967264175415
DiscreteSAC,125,final,2250,5250,0.17162136554718016,8.0,6.0,0.7246523499488831,-0.12716732546687126
DiscreteSAC,125,final,2251,5251,-0.6304161548614503,10.0,3.0,0.5040799975395203,3410.3449039042
DiscreteSAC,125,final,2252,5252,-0.4962437942624093,10.0,4.0,0.16643647849559784,-0.06900447607040405
DiscreteSAC,125,final,2253,5253,-0.05849229842424393,5.0,3.0,0.07705465704202652,4714.117226922512
DiscreteSAC,125,final,2254,5254,0.02884865045547485,6.0,4.0,0.5695837736129761,0.22595123449961343
DiscreteSAC,125,final,2255,5255,-0.4519048094749451,10.0,6.0,0.7447797060012817,0.01686999201774597
DiscreteSAC,125,final,2256,5256,-0.5001829624176025,10.0,6.0,0.5346109867095947,0.0012389838695526123
DiscreteSAC,125,final,2257,5257,-0.5350706100463867,10.0,4.0,0.4996533989906311,-0.2043181538581848
DiscreteSAC,125,final,2258,5258,-0.5364606022834778,10.0,5.0,1.0671659708023071,1.0698652625083924
DiscreteSAC,125,final,2259,5259,-0.3507436275482178,10.0,6.0,0.7548084855079651,-0.07032296955585479
DiscreteSAC,125,final,2260,5260,-0.4721984684467316,10.0,4.0,0.30531617999076843,0.38728430569171907
DiscreteSAC,125,final,2261,5261,0.09000000000000001,1.0,1.0,0.375371515750885,-0.3264089524745941
DiscreteSAC,125,final,2262,5262,-0.18296773076057432,9.0,3.0,0.47469624876976013,-0.1847023434109158
DiscreteSAC,125,final,2263,5263,-0.45280977934598926,10.0,6.0,0.16333113610744476,-0.0498589962720871
DiscreteSAC,125,final,2264,5264,-0.5291516125202179,10.0,5.0,0.5220621824264526,-0.12693666219711303
DiscreteSAC,125,final,2265,5265,0.09573889732360841,4.0,3.0,0.21388006210327148,-0.17938679456710815
DiscreteSAC,125,final,2266,5266,0.06593688488006594,4.0,2.0,0.16655495762825012,0.3019757717847824
DiscreteSAC,125,final,2267,5267,-0.36032698154449466,10.0,6.0,0.8212429881095886,1957.5744707226754
DiscreteSAC,125,final,2268,5268,-0.4233668446540833,10.0,5.0,0.8023050427436829,1.029336053133011
DiscreteSAC,125,final,2269,5269,0.0706849241256714,6.0,3.0,0.6813778877258301,0.218461404244105
DiscreteSAC,125,final,2270,5270,-0.4267404317855835,10.0,5.0,0.7007116079330444,0.15940710306167602
DiscreteSAC,125,final,2271,5271,-0.4565396308898926,10.0,3.0,0.6367098093032837,0.09075133204460144
DiscreteSAC,125,final,2272,5272,-0.5309516906738281,10.0,4.0,0.751918613910675,0.11234557032585143
DiscreteSAC,125,final,2273,5273,-0.46477748155593873,10.0,4.0,0.8689957857131958,0.0031232059001922606
DiscreteSAC,125,final,2274,5274,-0.5122596323490143,10.0,3.0,0.16190491616725922,951.0174691319465
DiscreteSAC,125,final,2275,5275,-0.20463510751724243,10.0,5.0,0.5563222765922546,2684.227244979143
DiscreteSAC,125,final,2276,5276,-0.3379134929180146,6.0,5.0,0.662626326084137,1.4608348806699116
DiscreteSAC,125,final,2277,5277,-0.7831598967313766,10.0,3.0,0.43323343992233276,0.6423981368541718
DiscreteSAC,125,final,2278,5278,-0.07536806911230086,5.0,4.0,0.176992729306221,0.967206847667694
DiscreteSAC,125,final,2279,5279,-0.6088339090347291,10.0,3.0,0.6885443925857544,5.453928691148758
DiscreteSAC,125,final,2280,5280,-0.3946691989898682,10.0,5.0,0.5117929577827454,1.4281207203865052
DiscreteSAC,125,final,2281,5281,-0.5146765798330307,10.0,5.0,0.256372332572937,7.147566819190979
DiscreteSAC,125,final,2282,5282,-0.4205178260803223,10.0,5.0,0.6636863350868225,65.06437207460404
DiscreteSAC,125,final,2283,5283,-0.3121532440185547,10.0,5.0,0.6102247834205627,550.9443361282349
DiscreteSAC,125,final,2284,5284,-0.5710725486278534,10.0,3.0,0.39635536074638367,337.4731643974781
DiscreteSAC,125,final,2285,5285,-0.5737354010343552,10.0,3.0,0.24667347967624664,814.4596441984177
DiscreteSAC,125,final,2286,5286,-0.23391126394271855,10.0,7.0,0.8892555832862854,2.0815817952156066
DiscreteSAC,125,final,2287,5287,-0.2551137161254883,7.0,4.0,0.7851908802986145,1.9314235278538294
DiscreteSAC,125,final,2288,5288,-0.5306341886520386,10.0,5.0,0.42643290758132935,0.3860563993453979
DiscreteSAC,125,final,2289,5289,-0.2740817070007324,10.0,3.0,0.8163713216781616,0.2096378207206726
DiscreteSAC,125,final,2290,5290,0.03314576506614685,4.0,3.0,0.35300955176353455,0.3537278026342392
DiscreteSAC,125,final,2291,5291,-0.2719590285420418,9.0,6.0,0.2559211850166321,0.5782756871647305
DiscreteSAC,125,final,2292,5292,-0.25999375581741335,10.0,5.0,0.8007721900939941,0.7478092253208161
DiscreteSAC,125,final,2293,5293,-0.06930244266986847,5.0,3.0,0.21366679668426514,2.061018872261047
DiscreteSAC,125,final,2294,5294,-0.30377614498138433,10.0,3.0,1.248923420906067,190.0500290453434
DiscreteSAC,125,final,2295,5295,0.18953277349472047,2.0,2.0,0.9815642237663269,0.7020857781171799
DiscreteSAC,125,final,2296,5296,-0.013017046451568606,5.0,3.0,0.6125949621200562,0.6966615080833435
DiscreteSAC,125,final,2297,5297,-0.1948176622390747,10.0,5.0,0.54441899061203,0.17388379573822021
DiscreteSAC,125,final,2298,5298,-0.2887434482574463,10.0,4.0,0.6608853936195374,1.322438132762909
DiscreteSAC,125,final,2299,5299,-0.3820093035697937,10.0,3.0,0.847569465637207,2.168889635801315
DiscreteSAC,125,final,2300,5300,-0.2893868923187256,10.0,5.0,0.5254659056663513,1.0926722943782807
DiscreteSAC,125,final,2301,5301,0.11967040061950684,4.0,3.0,0.7760029435157776,0.2599562257528305
DiscreteSAC,125,final,2302,5302,0.09000000000000001,1.0,1.0,0.516681969165802,0.11919385194778442
DiscreteSAC,125,final,2303,5303,-0.2614072972536087,9.0,7.0,0.403266966342926,0.312114139397939
DiscreteSAC,125,final,2304,5304,-0.7547105550765993,10.0,3.0,0.6920097470283508,0.5306535959243774
DiscreteSAC,125,final,2305,5305,-0.30679973363876345,10.0,5.0,0.6270079016685486,15.330471277236938
DiscreteSAC,125,final,2306,5306,-0.15727792501449583,7.0,3.0,0.6133213639259338,179.414853479181
DiscreteSAC,125,final,2307,5307,-0.3977142095565796,10.0,4.0,1.299690842628479,1.5488467276096345
DiscreteSAC,125,final,2308,5308,-0.06103952407836914,8.0,6.0,0.7570738196372986,1.4293699115514755
DiscreteSAC,125,final,2309,5309,-0.350773298740387,10.0,5.0,0.7550357580184937,1.2377117156982422
DiscreteSAC,125,final,2310,5310,-0.2047641634941101,10.0,6.0,0.7148560285568237,6.682465571165085
DiscreteSAC,125,final,2311,5311,-0.3860035413503647,9.0,5.0,0.376392662525177,133548.9027984937
DiscreteSAC,125,final,2312,5312,-0.259910991191864,9.0,4.0,0.642552375793457,3.606975555419922
DiscreteSAC,125,final,2313,5313,-0.16117633581161495,10.0,4.0,0.7172505259513855,1.9435342788696288
DiscreteSAC,125,final,2314,5314,-0.42564083337783815,10.0,4.0,0.7516922950744629,0.9869428277015686
DiscreteSAC,125,final,2315,5315,-0.38660848736763004,10.0,6.0,0.43805497884750366,0.4368468403816223
DiscreteSAC,125,final,2316,5316,-0.04688064098358154,4.0,2.0,0.7918931841850281,0.026676148176193237
DiscreteSAC,125,final,2317,5317,-0.36658927202224734,10.0,5.0,0.5139003992080688,0.040801650285720824
DiscreteSAC,125,final,2318,5318,-0.23358636498451235,10.0,5.0,0.3975503742694855,11720.183795326948
DiscreteSAC,125,final,2319,5319,-0.7018676936626436,10.0,5.0,0.6417364478111267,85853.4126691699
DiscreteSAC,125,final,2320,5320,-0.3529000759124756,10.0,7.0,0.8977019190788269,6803.164076220989
DiscreteSAC,125,final,2321,5321,-0.29848423004150393,10.0,5.0,0.6479483246803284,1.6060044884681701
DiscreteSAC,125,final,2322,5322,-0.4139749169349671,10.0,6.0,0.785040020942688,1.1149829924106598
DiscreteSAC,125,final,2323,5323,-0.3900673151016235,10.0,6.0,0.8156464695930481,10396.974163740873
DiscreteSAC,125,final,2324,5324,-0.436789645254612,10.0,6.0,0.209267258644104,0.607841843366623
DiscreteSAC,125,final,2325,5325,-0.6559858560562136,10.0,5.0,1.178626298904419,0.39098395109176637
DiscreteSAC,125,final,2326,5326,-0.06361740618944166,4.0,3.0,0.18680331110954285,0.7986060678958893
DiscreteSAC,125,final,2327,5327,-0.5400734066963195,10.0,4.0,0.5600085258483887,0.062278711795806886
DiscreteSAC,125,final,2328,5328,-0.5557143211364747,10.0,4.0,0.9663388133049011,0.05463420152664185
DiscreteSAC,125,final,2329,5329,-0.16739660739898682,9.0,5.0,0.22481611371040344,5.572309182749854
DiscreteSAC,125,final,2330,5330,0.17186415910720826,3.0,3.0,0.8791290521621704,-0.0520174503326416
DiscreteSAC,125,final,2331,5331,-0.40907814502716067,10.0,5.0,0.3455651104450226,0.21773021817207336
DiscreteSAC,125,final,2332,5332,-0.3163568615913391,10.0,5.0,0.7443364262580872,-0.11092417240142823
DiscreteSAC,125,final,2333,5333,-0.8979175686836245,10.0,3.0,0.7904175519943237,-0.0998173326253891
DiscreteSAC,125,final,2334,5334,-0.4193104147911072,10.0,5.0,0.5852707624435425,7846.7221301674845
DiscreteSAC,125,final,2335,5335,-0.4322546474635601,10.0,5.0,0.07696250826120377,16.873743331432344
DiscreteSAC,125,final,2336,5336,-0.6382335245609285,10.0,4.0,0.27994009852409363,0.0031898558139801026
DiscreteSAC,125,final,2337,5337,-0.562697184085846,10.0,4.0,0.4312034249305725,72.09514570236206
DiscreteSAC,125,final,2338,5338,-0.10680020093917846,9.0,5.0,0.9633099436759949,-0.04406336943308512
DiscreteSAC,125,final,2339,5339,-0.034312570095062264,10.0,7.0,0.9160409569740295,0.00825820565223694
DiscreteSAC,125,final,2340,5340,-0.4278114247322083,8.0,3.0,0.43228504061698914,-0.13364588469266891
DiscreteSAC,125,final,2341,5341,-0.37873483896255494,10.0,4.0,0.5209476351737976,0.0632908433675766
DiscreteSAC,125,final,2342,5342,-0.4541775166988373,10.0,7.0,0.39329105615615845,0.00488206148147583
DiscreteSAC,125,final,2343,5343,-0.2508829951286316,10.0,4.0,0.5540045499801636,0.31272384226322175
DiscreteSAC,125,final,2344,5344,-0.3023706912994385,10.0,5.0,0.8089175820350647,-0.041592967510223386
DiscreteSAC,125,final,2345,5345,-0.15484283924102782,6.0,3.0,0.7470377087593079,-0.13804131746292114
DiscreteSAC,125,final,2346,5346,-0.4163088023662567,10.0,4.0,0.36699214577674866,15574.406609418988
DiscreteSAC,125,final,2347,5347,-0.09467825055122377,6.0,4.0,0.3986556828022003,2.2359615166982016
DiscreteSAC,125,final,2348,5348,-0.3150324046611786,10.0,6.0,0.43198394775390625,3.396745336055756
DiscreteSAC,125,final,2349,5349,-0.33740029335021976,10.0,6.0,0.6985216736793518,2.112091213464737
DiscreteSAC,125,final,2350,5350,0.0009269285202026523,2.0,2.0,0.6178838610649109,1.1282113194465637
DiscreteSAC,125,final,2351,5351,-0.5080292075872423,10.0,8.0,0.4444185793399811,5823.532180136443
DiscreteSAC,125,final,2352,5352,0.09000000000000001,1.0,1.0,0.3987584114074707,54039.62890625
DiscreteSAC,125,final,2353,5353,-0.28952224254608155,10.0,4.0,0.6703804135322571,2.1710633516311644
DiscreteSAC,125,final,2354,5354,-0.0921977758407593,10.0,3.0,1.1315895318984985,1.5163444221019744
DiscreteSAC,125,final,2355,5355,-0.44735658168792725,10.0,3.0,0.4844861626625061,27.575051110982894
DiscreteSAC,125,final,2356,5356,-0.5058034062385559,10.0,3.0,0.7949687838554382,2.292431056499481
DiscreteSAC,125,final,2357,5357,-0.4860836684703827,10.0,4.0,0.20368172228336334,0.9797021090984345
DiscreteSAC,125,final,2358,5358,0.08989342331886291,7.0,5.0,0.458603173494339,0.8992038709776742
DiscreteSAC,125,final,2359,5359,-0.12797949314117432,10.0,6.0,1.1267799139022827,0.5288058817386627
DiscreteSAC,125,final,2360,5360,-0.5996018290519716,10.0,5.0,0.33335059881210327,0.40359023213386536
DiscreteSAC,125,final,2361,5361,-0.3237738490104675,10.0,4.0,0.22159110009670258,4911.345291441679
DiscreteSAC,125,final,2362,5362,-0.6828172802925112,10.0,3.0,0.5604847073554993,0.7163142919540405
DiscreteSAC,125,final,2363,5363,-0.28580019474029544,10.0,6.0,0.8361722230911255,6.643648493289947
DiscreteSAC,125,final,2364,5364,0.04485190868377686,4.0,3.0,0.840899646282196,0.5694042146205902
DiscreteSAC,125,final,2365,5365,-0.5524534404277803,10.0,4.0,0.5607311129570007,0.5667971730232239
DiscreteSAC,125,final,2366,5366,-0.1535308289527893,8.0,4.0,0.7456502914428711,187.53208791464567
DiscreteSAC,125,final,2367,5367,-0.04099668085575105,7.0,4.0,0.19162188470363617,5.697084418364933
DiscreteSAC,125,final,2368,5368,-0.24224317342042923,7.0,4.0,0.1561434417963028,3636.4494257313863
DiscreteSAC,125,final,2369,5369,-0.35492246150970463,10.0,7.0,0.30043384432792664,2.3261309623718263
DiscreteSAC,125,final,2370,5370,-0.42846259474754333,10.0,3.0,0.4990980327129364,6107.665267759561
DiscreteSAC,125,final,2371,5371,-0.5998963445425034,10.0,2.0,0.2812713086605072,485.5129292368889
DiscreteSAC,125,final,2372,5372,-0.344869225025177,8.0,2.0,0.8743847608566284,30654.30735118687
DiscreteSAC,125,final,2373,5373,-0.4104662418365479,10.0,2.0,0.6620684862136841,17.477420234680174
DiscreteSAC,125,final,2374,5374,-0.36572052240371705,10.0,4.0,0.694625973701477,6042.171632909774
DiscreteSAC,125,final,2375,5375,-0.3395955801010132,10.0,5.0,0.5028777122497559,6.026887989044189
DiscreteSAC,125,final,2376,5376,-0.5760433197021485,10.0,4.0,0.44072940945625305,3.9022483229637146
DiscreteSAC,125,final,2377,5377,-0.9671514749526979,10.0,4.0,0.8173828721046448,2.0882987141609193
DiscreteSAC,125,final,2378,5378,-0.16646964550018312,10.0,4.0,1.052268624305725,8.475665581226348
DiscreteSAC,125,final,2379,5379,-0.862589091062546,10.0,3.0,0.7775481939315796,1.5858495771884917
DiscreteSAC,125,final,2380,5380,-0.4401446104049683,10.0,4.0,0.8043851256370544,1.0177688300609589
DiscreteSAC,125,final,2381,5381,-0.28766133427619933,9.0,4.0,0.48860523104667664,3.579546378718482
DiscreteSAC,125,final,2382,5382,-0.30571271777153014,10.0,4.0,0.2155190408229828,2.6476546585559846
DiscreteSAC,125,final,2383,5383,-0.5893133997917177,10.0,4.0,0.5894057154655457,3.4343239665031433
DiscreteSAC,125,final,2384,5384,-0.36972849369049077,10.0,7.0,0.7034220695495605,1.3344163179397583
DiscreteSAC,125,final,2385,5385,-0.2780128073692321,7.0,4.0,0.99470055103302,123.56814736127853
DiscreteSAC,125,final,2386,5386,-0.46494235992431643,10.0,5.0,0.8470646739006042,3.6678412795066833
DiscreteSAC,125,final,2387,5387,-0.3331732630729676,10.0,7.0,0.6080948710441589,2.146556133031845
DiscreteSAC,125,final,2388,5388,-0.5233492970466614,10.0,4.0,0.8810259699821472,1.3062158703804017
DiscreteSAC,125,final,2389,5389,-0.41768128871917726,10.0,4.0,0.8606278300285339,2143.8758180201053
DiscreteSAC,125,final,2390,5390,-0.5223869323730469,10.0,5.0,0.4578516483306885,999.7305026650429
DiscreteSAC,125,final,2391,5391,-0.42527273893356327,10.0,6.0,0.378860741853714,224.99756190776824
DiscreteSAC,125,final,2392,5392,-0.6229895353317262,10.0,3.0,0.6844598650932312,3.7154560804367067
DiscreteSAC,125,final,2393,5393,-0.27283558845520023,10.0,6.0,0.7538123726844788,1616.2353148818015
DiscreteSAC,125,final,2394,5394,-0.48792588114738467,10.0,5.0,0.5225790739059448,2.7496513724327087
DiscreteSAC,125,final,2395,5395,-0.47998368442058564,10.0,4.0,0.27302858233451843,0.8617927491664886
DiscreteSAC,125,final,2396,5396,-0.6258433133363723,10.0,4.0,0.34532901644706726,68.80999015569687
DiscreteSAC,125,final,2397,5397,-0.48374412655830384,10.0,4.0,0.4387653172016144,169.402217233181
DiscreteSAC,125,final,2398,5398,-0.44781642556190493,10.0,5.0,0.20589259266853333,7.87575261592865
DiscreteSAC,125,final,2399,5399,-0.5434548109769821,10.0,3.0,0.18386642634868622,5.230400943756104
DiscreteSAC,125,final,2400,5400,-0.36323347091674807,10.0,5.0,0.7318035960197449,5.435208404064179
DiscreteSAC,125,final,2401,5401,-0.5262490034103394,10.0,4.0,0.557909369468689,25.658245199918746
DiscreteSAC,125,final,2402,5402,-0.4293613076210022,10.0,5.0,0.6644921898841858,14.835736322402955
DiscreteSAC,125,final,2403,5403,-0.38762683868408204,10.0,4.0,0.4209871292114258,2.6231675803661347
DiscreteSAC,125,final,2404,5404,-0.5701102733612061,10.0,4.0,0.7437714338302612,1.0513556241989135
DiscreteSAC,125,final,2405,5405,-0.42394344210624696,10.0,4.0,0.4340117275714874,0.9575053930282593
DiscreteSAC,125,final,2406,5406,-0.380492627620697,10.0,3.0,0.5912858247756958,0.8390069663524627
DiscreteSAC,125,final,2407,5407,-0.5358918070793153,10.0,6.0,0.6806570291519165,0.5140498161315918
DiscreteSAC,125,final,2408,5408,0.007398145198822023,7.0,3.0,0.7778816223144531,0.7159009618418557
DiscreteSAC,125,final,2409,5409,-0.30451126098632814,10.0,4.0,0.5865211486816406,0.2262841522693634
DiscreteSAC,125,final,2410,5410,-0.5187019944190979,10.0,5.0,0.8400744199752808,0.3387305915355682
DiscreteSAC,125,final,2411,5411,-0.5623551100492478,10.0,5.0,0.33345165848731995,0.4683276951313019
DiscreteSAC,125,final,2412,5412,-0.27128227353096007,5.0,3.0,0.6057624816894531,-0.047220814228057864
DiscreteSAC,125,final,2413,5413,-0.4161710262298584,10.0,4.0,0.6946788430213928,287.9600181937218
DiscreteSAC,125,final,2414,5414,-0.5040056109428406,10.0,3.0,0.7464399933815002,0.16396082639694215
DiscreteSAC,125,final,2415,5415,-0.4144825100898743,10.0,6.0,0.22708331048488617,0.1942618042230606
DiscreteSAC,125,final,2416,5416,0.22460902690887452,4.0,3.0,0.5624505281448364,0.015639185905456543
DiscreteSAC,125,final,2417,5417,-0.02739056229591373,8.0,4.0,0.39376309514045715,0.4442541226744652
DiscreteSAC,125,final,2418,5418,-0.39483851194381714,10.0,3.0,0.836273729801178,1.1666903734207152
DiscreteSAC,125,final,2419,5419,-0.4397920906543732,10.0,5.0,0.526678204536438,-0.014310669898986817
DiscreteSAC,125,final,2420,5420,0.16750604629516602,3.0,3.0,0.5526464581489563,-0.017734090487162273
DiscreteSAC,125,final,2421,5421,-0.32669198513031006,10.0,3.0,0.6815475821495056,0.12065953016281128
DiscreteSAC,125,final,2422,5422,-0.34524427652359013,10.0,7.0,0.23694877326488495,-0.037988129258155826
DiscreteSAC,125,final,2423,5423,-0.4741284966468811,10.0,4.0,0.6950732469558716,0.1142425775527954
DiscreteSAC,125,final,2424,5424,-0.298064923286438,10.0,6.0,0.7713661789894104,0.20823755264282226
DiscreteSAC,125,final,2425,5425,-0.3749652147293091,10.0,5.0,0.9024115800857544,106.26506248116493
DiscreteSAC,125,final,2426,5426,-0.14082782745361327,8.0,4.0,0.6811203956604004,0.0971699059009552
DiscreteSAC,125,final,2427,5427,-0.33500248193740845,10.0,3.0,0.8136745095252991,0.047407716512680054
DiscreteSAC,125,final,2428,5428,-0.12850366830825805,5.0,3.0,0.7526172399520874,0.020770084857940675
DiscreteSAC,125,final,2429,5429,-0.0962306261062622,5.0,4.0,0.4775722324848175,0.14010009765625
DiscreteSAC,125,final,2430,5430,-0.43850102424621584,10.0,5.0,0.2440485656261444,19.901710480451584
DiscreteSAC,125,final,2431,5431,-0.29355358362197875,8.0,4.0,0.4162629544734955,7.742814376950264
DiscreteSAC,125,final,2432,5432,0.1374964165687561,7.0,4.0,0.6675072908401489,-2.993025779724121
DiscreteSAC,125,final,2433,5433,-0.3427219557762146,8.0,6.0,0.8077531456947327,0.2949184477329254
DiscreteSAC,125,final,2434,5434,0.27806193351745606,3.0,3.0,0.9273796081542969,0.41670821110407513
DiscreteSAC,125,final,2435,5435,-0.07685857534408568,7.0,4.0,0.8662064671516418,205.01790195277758
DiscreteSAC,125,final,2436,5436,-0.3455114603042603,10.0,5.0,0.7373774647712708,0.3697818696498871
DiscreteSAC,125,final,2437,5437,-0.04213128805160522,2.0,2.0,0.23083271086215973,0.06155380606651306
DiscreteSAC,125,final,2438,5438,-0.4599886476993561,10.0,5.0,0.5198310613632202,1.1164668500423431
DiscreteSAC,125,final,2439,5439,-0.4576761245727539,10.0,4.0,0.8556751608848572,0.2522460579872131
DiscreteSAC,125,final,2440,5440,-0.42025012969970704,10.0,4.0,0.3462826907634735,34.002932453155516
DiscreteSAC,125,final,2441,5441,-0.2800578951835633,10.0,7.0,0.45093944668769836,7933.603563660383
DiscreteSAC,125,final,2442,5442,-0.318844211101532,10.0,4.0,0.9651722311973572,7.7159312009811405
DiscreteSAC,125,final,2443,5443,0.021836009025573727,6.0,2.0,0.7305583953857422,7.101813515027364
DiscreteSAC,125,final,2444,5444,-0.2605108320713043,10.0,5.0,0.2623710036277771,3.212424874305725
DiscreteSAC,125,final,2445,5445,-0.6709795594215393,10.0,3.0,0.8259965777397156,1.9485810041427611
DiscreteSAC,125,final,2446,5446,-0.2841419935226441,10.0,6.0,0.6335000991821289,1557.826711243391
DiscreteSAC,125,final,2447,5447,-0.6317188858985902,10.0,4.0,0.772663950920105,3.9686252534389497
DiscreteSAC,125,final,2448,5448,-0.12112896919250489,8.0,4.0,0.7972264885902405,2.067817136645317
DiscreteSAC,125,final,2449,5449,-0.21847909688949585,10.0,5.0,0.9759876132011414,1.757117760181427
DiscreteSAC,125,final,2450,5450,0.04158469200134278,4.0,2.0,0.9500387907028198,1.159658670425415
DiscreteSAC,125,final,2451,5451,-0.14608466386795044,6.0,4.0,0.7082356214523315,1.6423782110214233
DiscreteSAC,125,final,2452,5452,-0.1553054428100586,6.0,4.0,0.7760802507400513,2.7488663593928018
DiscreteSAC,125,final,2453,5453,-0.25187895983457564,9.0,4.0,0.08315683901309967,6.277489132351345
DiscreteSAC,125,final,2454,5454,0.05582834243774414,4.0,3.0,1.0614203214645386,1.6301855146884918
DiscreteSAC,125,final,2455,5455,-0.4112495422363281,10.0,5.0,1.018383264541626,104.5464240193367
DiscreteSAC,125,final,2456,5456,-0.36920338571071626,10.0,4.0,0.17979170382022858,24.036763972043993
DiscreteSAC,125,final,2457,5457,-0.12369684576988223,10.0,6.0,0.48301783204078674,1.091256183385849
DiscreteSAC,125,final,2458,5458,-0.23574835062026978,10.0,3.0,0.948659360408783,11.846858066320419
DiscreteSAC,125,final,2459,5459,-0.5335940875113011,10.0,4.0,0.14290383458137512,1650.1179556846619
DiscreteSAC,125,final,2460,5460,-0.7301073789596559,10.0,4.0,0.6143534779548645,2.648853325843811
DiscreteSAC,125,final,2461,5461,0.13331414937973024,2.0,2.0,0.9220052361488342,1.450503170490265
DiscreteSAC,125,final,2462,5462,-0.4785561539232731,10.0,5.0,0.13215434551239014,1.179684764146805
DiscreteSAC,125,final,2463,5463,-0.7203356921672823,10.0,3.0,0.415820449590683,12.349848276376724
DiscreteSAC,125,final,2464,5464,-0.4183071464300156,10.0,6.0,0.2631378769874573,5.319296956062317
DiscreteSAC,125,final,2465,5465,-0.7011989283561709,8.0,4.0,1.1158158779144287,508.16802805662155
DiscreteSAC,125,final,2466,5466,0.2276005220413208,3.0,3.0,0.754292905330658,1.1772218942642212
DiscreteSAC,125,final,2467,5467,-0.284502649307251,10.0,5.0,0.5179349780082703,1.4782053768634795
DiscreteSAC,125,final,2468,5468,0.10544735908508301,3.0,3.0,0.8157158493995667,1.122866153717041
DiscreteSAC,125,final,2469,5469,-0.3411789345741272,8.0,3.0,0.9910140037536621,1.9090667963027954
DiscreteSAC,125,final,2470,5470,-0.445873761177063,10.0,5.0,0.47722432017326355,7.772350811958313
DiscreteSAC,125,final,2471,5471,-0.35635584592819214,10.0,5.0,0.4618527889251709,1.0892246186733245
DiscreteSAC,125,final,2472,5472,-0.3836801886558533,10.0,5.0,0.757253110408783,435.3391611725092
DiscreteSAC,125,final,2473,5473,-0.09941359162330628,5.0,3.0,0.24643853306770325,1.0588149905204773
DiscreteSAC,125,final,2474,5474,-0.5588795334100725,10.0,5.0,0.3009212911128998,107.65260388255119
DiscreteSAC,125,final,2475,5475,-0.4771122455596924,10.0,4.0,0.8162006139755249,1.411955291032791
DiscreteSAC,125,final,2476,5476,0.19250667810440064,3.0,3.0,0.7752442955970764,0.9827402234077454
DiscreteSAC,125,final,2477,5477,-0.0783983051776886,5.0,3.0,0.34444454312324524,5.177038478851318
DiscreteSAC,125,final,2478,5478,-0.24096670806407927,6.0,3.0,0.34146007895469666,8.282298982143402
DiscreteSAC,125,final,2479,5479,0.2836785936355591,6.0,4.0,1.1528546810150146,2.4020804166793823
DiscreteSAC,125,final,2480,5480,-0.12257399201393128,4.0,3.0,0.5209203958511353,1.1636041700839996
DiscreteSAC,125,final,2481,5481,-0.02760568499565122,4.0,4.0,0.3815644085407257,1.0000542402267456
DiscreteSAC,125,final,2482,5482,-0.22901724815368651,9.0,4.0,0.8364151120185852,1.0784994098875258
DiscreteSAC,125,final,2483,5483,0.19290936946868897,4.0,3.0,1.0184754133224487,5.853481978178024
DiscreteSAC,125,final,2484,5484,0.15659213781356812,3.0,3.0,0.7881678938865662,1.3682953119277954
DiscreteSAC,125,final,2485,5485,-0.08101636648178102,8.0,5.0,0.8632531762123108,1.0800606310367584
DiscreteSAC,125,final,2486,5486,-0.02097444772720336,4.0,3.0,0.923852801322937,1.797617644071579
DiscreteSAC,125,final,2487,5487,-0.05629755735397339,8.0,6.0,0.27077487111091614,0.8187246695160866
DiscreteSAC,125,final,2488,5488,-0.022231276035308847,7.0,4.0,0.9640859961509705,1.0624102439199175
DiscreteSAC,125,final,2489,5489,-0.15822336554527283,8.0,5.0,0.4689694941043854,0.7933368980884552
DiscreteSAC,125,final,2490,5490,0.10030841827392578,5.0,4.0,0.851995050907135,0.730546772480011
DiscreteSAC,125,final,2491,5491,0.05739850521087647,3.0,3.0,0.6128298044204712,1.1802438497543335
DiscreteSAC,125,final,2492,5492,0.09000000000000001,1.0,1.0,1.0519920587539673,20190.916015625
DiscreteSAC,125,final,2493,5493,0.016649598479270944,4.0,3.0,0.18023023009300232,4.248008966445923
DiscreteSAC,125,final,2494,5494,-0.5421684384346008,10.0,3.0,0.21018193662166595,1.6978148221969604
DiscreteSAC,125,final,2495,5495,0.008418039083480836,9.0,6.0,0.38395288586616516,3.3462407986323037
DiscreteSAC,125,final,2496,5496,-0.37600072622299197,10.0,5.0,0.3745521903038025,52.29510328769684
DiscreteSAC,125,final,2497,5497,0.09000000000000001,1.0,1.0,0.9810776710510254,2.389441728591919
DiscreteSAC,125,final,2498,5498,-0.40865631103515626,10.0,4.0,0.7435716390609741,2034.46362490654
DiscreteSAC,125,final,2499,5499,-0.4383666574954987,10.0,6.0,0.5493685007095337,9.676319265365601
DiscreteSAC,125,final,2500,5500,-0.3088990211486817,10.0,6.0,0.4231450855731964,3.334884059429169
DiscreteSAC,125,final,2501,5501,-0.615636244416237,10.0,3.0,0.3116060793399811,1108.2575835347175
DiscreteSAC,125,final,2502,5502,-0.25327726602554324,10.0,5.0,0.9305610060691833,2.5443898916244505
DiscreteSAC,125,final,2503,5503,-0.4675412058830261,10.0,2.0,0.33183377981185913,2.985702449083328
DiscreteSAC,125,final,2504,5504,-0.2470020174980164,10.0,4.0,0.6035176515579224,2.0799330830574037
DiscreteSAC,125,final,2505,5505,-0.3216598272323608,10.0,5.0,0.7373897433280945,3.3359875679016113
DiscreteSAC,125,final,2506,5506,-0.6085036545991898,10.0,3.0,0.26194578409194946,2.9539700627326964
DiscreteSAC,125,final,2507,5507,-0.2499159932136536,10.0,6.0,0.7775753140449524,2612.6151164054872
DiscreteSAC,125,final,2508,5508,-0.5994911074638367,10.0,2.0,0.7033402323722839,21.122769165039063
DiscreteSAC,125,final,2509,5509,-0.365269672870636,10.0,4.0,0.618895411491394,9.888204050064086
DiscreteSAC,125,final,2510,5510,-0.6783527612686158,10.0,2.0,0.4833375811576843,4.553354930877686
DiscreteSAC,125,final,2511,5511,-0.6049429655075075,10.0,2.0,1.0790013074874878,3.1395846247673034
DiscreteSAC,125,final,2512,5512,-0.33338727951049807,10.0,5.0,0.9127441644668579,1.70053688287735
DiscreteSAC,125,final,2513,5513,-0.48715656995773315,10.0,3.0,0.8167625665664673,339.78425126075746
DiscreteSAC,125,final,2514,5514,-0.19604372978210452,10.0,3.0,0.7145256996154785,2.230987548828125
DiscreteSAC,125,final,2515,5515,-0.5241943001747131,10.0,3.0,0.7693434357643127,29.90877925157547
DiscreteSAC,125,final,2516,5516,-0.41682125329971315,10.0,4.0,0.4733404517173767,3.5741016268730164
DiscreteSAC,125,final,2517,5517,-0.12171756267547608,9.0,4.0,1.069726586341858,2.2203261719809637
DiscreteSAC,125,final,2518,5518,-0.40769214630126954,10.0,4.0,0.8030287027359009,1.625068151950836
DiscreteSAC,125,final,2519,5519,-0.318790088891983,8.0,3.0,0.5838678479194641,1.3835806399583817
DiscreteSAC,125,final,2520,5520,-0.1425445914268494,10.0,5.0,0.5763245224952698,2.431572061777115
DiscreteSAC,125,final,2521,5521,-0.5032461047172547,10.0,6.0,0.3410646319389343,2.001241648197174
DiscreteSAC,125,final,2522,5522,-0.16331867694854735,7.0,3.0,0.947139322757721,2.803495304925101
DiscreteSAC,125,final,2523,5523,-0.40316936969757083,10.0,6.0,0.2916282117366791,1.656362622976303
DiscreteSAC,125,final,2524,5524,-0.11021348237991335,10.0,5.0,0.7195000052452087,1.26402890086174
DiscreteSAC,125,final,2525,5525,-0.4376902401447296,10.0,4.0,0.19749656319618225,1.0468932688236237
DiscreteSAC,125,final,2526,5526,-0.21008872270584106,8.0,4.0,0.761434018611908,2.039734326303005
DiscreteSAC,125,final,2527,5527,-0.5492964804172517,10.0,4.0,0.470782607793808,1554.6017708718778
DiscreteSAC,125,final,2528,5528,-0.5191072046756745,10.0,4.0,0.34691691398620605,49.07324409484863
DiscreteSAC,125,final,2529,5529,-0.5463924884796143,10.0,2.0,0.6780387163162231,19.208185958862305
DiscreteSAC,125,final,2530,5530,-0.5880040407180787,10.0,2.0,0.586520254611969,10.31045560836792
DiscreteSAC,125,final,2531,5531,-0.5689056217670441,10.0,3.0,0.4382314682006836,7.372713184356689
DiscreteSAC,125,final,2532,5532,-0.4905780553817749,10.0,3.0,0.9159407019615173,3.897373986244202
DiscreteSAC,125,final,2533,5533,-0.39393168687820435,10.0,3.0,0.8952698111534119,6254.012860798835
DiscreteSAC,125,final,2534,5534,-0.3571434736251831,10.0,4.0,0.4784037470817566,30.175999879837036
DiscreteSAC,125,final,2535,5535,-0.28880258798599245,10.0,5.0,0.4719107151031494,219.56444115638732
DiscreteSAC,125,final,2536,5536,-0.5470901131629944,10.0,3.0,0.7900261282920837,646.3345994949341
DiscreteSAC,125,final,2537,5537,-0.32299100160598754,10.0,4.0,0.4218287467956543,9.363299584388733
DiscreteSAC,125,final,2538,5538,-0.4685487055778504,9.0,4.0,0.45248883962631226,15.032364262474907
DiscreteSAC,125,final,2539,5539,-0.18456090688705445,10.0,4.0,0.6621779799461365,222695.9061688423
DiscreteSAC,125,final,2540,5540,-0.4181809812784195,10.0,5.0,0.21046996116638184,25.839956855773927
DiscreteSAC,125,final,2541,5541,-0.4266019254922867,10.0,5.0,0.2592391073703766,12.67618932723999
DiscreteSAC,125,final,2542,5542,0.05683321714401246,4.0,3.0,0.9351361393928528,8.02570641040802
DiscreteSAC,125,final,2543,5543,0.24233067750930787,3.0,3.0,0.5144599080085754,4.844491799672444
DiscreteSAC,125,final,2544,5544,0.13235026597976685,5.0,4.0,0.8508087992668152,62609.60959296227
DiscreteSAC,125,final,2545,5545,-0.2846397113800049,7.0,4.0,0.7754114270210266,8.270644051688057
DiscreteSAC,125,final,2546,5546,0.22261995792388917,3.0,3.0,1.2319875955581665,8.915095647176107
DiscreteSAC,125,final,2547,5547,-0.18168264865875244,9.0,5.0,0.6518125534057617,8.054342216915554
DiscreteSAC,125,final,2548,5548,-0.15800135850906372,7.0,4.0,0.28990378975868225,5.812130110604422
DiscreteSAC,125,final,2549,5549,-0.46611993908882143,10.0,5.0,0.5124691724777222,54321.75524351597
DiscreteSAC,125,final,2550,5550,0.2560697317123413,5.0,3.0,0.7245512008666992,25.93261775970459
DiscreteSAC,125,final,2551,5551,0.015020400285720839,5.0,4.0,0.2804413139820099,27.71890811920166
DiscreteSAC,125,final,2552,5552,-0.04692959070205689,8.0,4.0,0.7083912491798401,26.045029401779175
DiscreteSAC,125,final,2553,5553,-0.3202195942401886,10.0,4.0,0.29709169268608093,19.964482021331786
DiscreteSAC,125,final,2554,5554,0.09000000000000001,1.0,1.0,1.186678171157837,11.553047180175781
DiscreteSAC,125,final,2555,5555,-0.1308802270889282,4.0,3.0,0.4343254864215851,46424.26705288887
DiscreteSAC,125,final,2556,5556,-0.07517685770988465,3.0,3.0,0.5962286591529846,17.930588404337566
DiscreteSAC,125,final,2557,5557,0.09000000000000001,1.0,1.0,0.8784063458442688,7.141294956207275
DiscreteSAC,125,final,2558,5558,0.09000000000000001,1.0,1.0,0.9570689797401428,18.095806121826172
DiscreteSAC,125,final,2559,5559,-0.20420403599739073,7.0,3.0,0.4902920424938202,14.07830388205392
DiscreteSAC,125,final,2560,5560,0.09815676689147951,2.0,2.0,0.7922016978263855,7.763134479522705
DiscreteSAC,125,final,2561,5561,0.08605976581573488,2.0,2.0,0.38758236169815063,10.056087017059326
DiscreteSAC,125,final,2562,5562,-0.14792458295822142,3.0,2.0,0.8248372673988342,13.39373779296875
DiscreteSAC,125,final,2563,5563,0.08775676250457765,4.0,3.0,0.4290895462036133,7.0925018191337585
DiscreteSAC,125,final,2564,5564,0.15202873706817627,4.0,4.0,1.1324774026870728,6.098410367965698
DiscreteSAC,125,final,2565,5565,0.2337657380104065,2.0,2.0,0.6908521056175232,137507.54559755325
DiscreteSAC,125,final,2566,5566,0.031418094635009775,4.0,3.0,1.0096380710601807,6.538355588912964
DiscreteSAC,125,final,2567,5567,-0.4743367671966553,10.0,5.0,0.4099207818508148,7.427721118927002
DiscreteSAC,125,final,2568,5568,0.037492237091064445,9.0,3.0,0.6647688746452332,17331.798396666843
DiscreteSAC,125,final,2569,5569,0.1620683240890503,2.0,2.0,0.6986562609672546,24840.053181886673
DiscreteSAC,125,final,2570,5570,-0.09546671867370606,6.0,3.0,0.4610523283481598,9.549705346425375
DiscreteSAC,125,final,2571,5571,0.09000000000000001,1.0,1.0,0.7368493676185608,14.563421249389648
DiscreteSAC,125,final,2572,5572,0.04652107477188111,8.0,4.0,0.7145160436630249,6.31729394197464
DiscreteSAC,125,final,2573,5573,-0.40529770851135255,10.0,4.0,0.6302371621131897,4.182049190998077
DiscreteSAC,125,final,2574,5574,-0.21787612915039062,8.0,4.0,0.6223847270011902,6.510371506214142
DiscreteSAC,125,final,2575,5575,0.18938948392868044,2.0,2.0,0.6190635561943054,5.932476878166199
DiscreteSAC,125,final,2576,5576,-0.13119125366210938,5.0,4.0,0.2870500087738037,21.715968751907347
DiscreteSAC,125,final,2577,5577,-0.19265674114227294,6.0,3.0,0.7442753911018372,3.4909522930781045
DiscreteSAC,125,final,2578,5578,0.07250173807144165,3.0,2.0,0.6065787672996521,3.0792715152104697
DiscreteSAC,125,final,2579,5579,-0.02089607715606688,5.0,4.0,0.6816401481628418,4.039605045318604
DiscreteSAC,125,final,2580,5580,-0.11280487298965454,7.0,3.0,0.7205901145935059,2.402530789375305
DiscreteSAC,125,final,2581,5581,0.030464675724506382,3.0,2.0,0.10948026925325394,2.5334157943725586
DiscreteSAC,125,final,2582,5582,0.07238291382789613,2.0,2.0,0.3486180901527405,3.4221112728118896
DiscreteSAC,125,final,2583,5583,-0.40273489952087405,10.0,5.0,0.6120745539665222,2.1838244080543516
DiscreteSAC,125,final,2584,5584,-0.1353089714050293,9.0,4.0,0.41914933919906616,4.9047019481658936
DiscreteSAC,125,final,2585,5585,0.10181128501892091,8.0,5.0,0.6973930597305298,7.795511320233345
DiscreteSAC,125,final,2586,5586,-0.10974566817283628,8.0,6.0,0.43633097410202026,229.74292120337486
DiscreteSAC,125,final,2587,5587,0.2514490354061127,2.0,2.0,0.40266236662864685,176.58534920215607
DiscreteSAC,125,final,2588,5588,-0.0647640061378479,2.0,2.0,0.7246636748313904,1.8425599932670593
DiscreteSAC,125,final,2589,5589,-0.17611525058746336,5.0,2.0,0.8512077927589417,15293.858497667312
DiscreteSAC,125,final,2590,5590,-0.15705614328384399,4.0,3.0,0.7094519734382629,3.3325984477996826
DiscreteSAC,125,final,2591,5591,-0.19288633584976195,2.0,2.0,0.7957548499107361,2.666934847831726
DiscreteSAC,125,final,2592,5592,0.09000000000000001,1.0,1.0,0.08625525236129761,27.145618438720703
DiscreteSAC,125,final,2593,5593,-0.13233299255371098,10.0,4.0,0.5822038650512695,3.613330841064453
DiscreteSAC,125,final,2594,5594,-0.11718472599983216,6.0,4.0,0.3830549716949463,2.231271247069041
DiscreteSAC,125,final,2595,5595,-0.448930025100708,10.0,3.0,0.523125410079956,8941.956096285581
DiscreteSAC,125,final,2596,5596,0.014731485843658451,3.0,2.0,0.847129762172699,2.0832436879475913
DiscreteSAC,125,final,2597,5597,-0.17101197719573974,3.0,3.0,0.5977703332901001,1.4459561904271443
DiscreteSAC,125,final,2598,5598,0.12738279461860658,4.0,3.0,0.2910729944705963,64.19859367609024
DiscreteSAC,125,final,2599,5599,0.05696501255035402,3.0,2.0,0.7218204140663147,1.3773047924041748
DiscreteSAC,125,final,2600,5600,-0.055631206035614014,6.0,3.0,0.6970477104187012,3.1063005725542703
DiscreteSAC,125,final,2601,5601,-0.6471492403745652,9.0,4.0,0.5914239883422852,1.819170938597785
DiscreteSAC,125,final,2602,5602,-0.03674828529357911,7.0,4.0,0.7390415072441101,1.6264031614576067
DiscreteSAC,125,final,2603,5603,0.09000000000000001,1.0,1.0,0.7958871722221375,2.9587368965148926
DiscreteSAC,125,final,2604,5604,-0.32372910976409913,10.0,4.0,0.6550400853157043,208264.23415124416
DiscreteSAC,125,final,2605,5605,0.09000000000000001,1.0,1.0,0.9578074812889099,7.465895652770996
DiscreteSAC,125,final,2606,5606,0.09000000000000001,1.0,1.0,1.5272636413574219,5.605099201202393
DiscreteSAC,125,final,2607,5607,-0.5655008077621461,10.0,4.0,0.6430295705795288,6.50018961429596
DiscreteSAC,125,final,2608,5608,0.09000000000000001,1.0,1.0,0.29892462491989136,3.2207655906677246
DiscreteSAC,125,final,2609,5609,0.1391399645805359,6.0,3.0,0.9137217402458191,4.3341971437136335
DiscreteSAC,125,final,2610,5610,-0.20564640045166016,8.0,5.0,0.6021626591682434,9.339311137795448
DiscreteSAC,125,final,2611,5611,-0.4837434411048889,10.0,4.0,0.42440906167030334,2.4491390705108644
DiscreteSAC,125,final,2612,5612,0.16138024091720582,4.0,3.0,0.8733416199684143,2.496419906616211
DiscreteSAC,125,final,2613,5613,-0.22298837661743165,6.0,5.0,0.6981835961341858,1.870759109656016
DiscreteSAC,125,final,2614,5614,0.09306235790252687,2.0,2.0,0.7164837718009949,124365.7885710299
DiscreteSAC,125,final,2615,5615,0.03909135043621064,2.0,2.0,0.22427216172218323,3.840501546859741
DiscreteSAC,125,final,2616,5616,0.061144845485687264,2.0,2.0,0.8836508989334106,2.369235396385193
DiscreteSAC,125,final,2617,5617,0.07807918071746828,2.0,2.0,0.6659887433052063,1.955101191997528
DiscreteSAC,125,final,2618,5618,0.09000000000000001,1.0,1.0,0.5429883599281311,2.564584255218506
DiscreteSAC,125,final,2619,5619,-0.2805152177810669,10.0,5.0,0.7502288222312927,3.1093409061431885
DiscreteSAC,125,final,2620,5620,-0.1017207407951355,9.0,4.0,0.6410327553749084,1813.9043736192916
DiscreteSAC,125,final,2621,5621,0.011024141311645516,5.0,2.0,0.9224557876586914,1.5204569339752196
DiscreteSAC,125,final,2622,5622,-0.1181482458114624,4.0,2.0,0.6239579319953918,1.01280876994133
DiscreteSAC,125,final,2623,5623,-0.2583496570587158,10.0,5.0,0.6004658341407776,2212.6729766130447
DiscreteSAC,125,final,2624,5624,-0.17110949754714966,5.0,4.0,0.6407598257064819,60.41237945556641
DiscreteSAC,125,final,2625,5625,0.19897437810897828,3.0,3.0,0.7872854471206665,38.34214719136556
DiscreteSAC,125,final,2626,5626,0.19640927195549013,2.0,2.0,0.25325989723205566,32.631181716918945
DiscreteSAC,125,final,2627,5627,0.12905532121658325,5.0,4.0,0.9156138300895691,19.04103813171387
DiscreteSAC,125,final,2628,5628,0.10795385599136353,4.0,3.0,0.8342575430870056,16.930412769317627
DiscreteSAC,125,final,2629,5629,0.09000000000000001,1.0,1.0,0.6272597312927246,20.154525756835938
DiscreteSAC,125,final,2630,5630,-0.1720075988769531,4.0,2.0,0.473176509141922,9.195051074028015
DiscreteSAC,125,final,2631,5631,0.12192429780960085,2.0,2.0,0.47244614362716675,16.11729621887207
DiscreteSAC,125,final,2632,5632,-0.32638779282569885,10.0,3.0,0.28694623708724976,6.120803022384644
DiscreteSAC,125,final,2633,5633,0.09000000000000001,1.0,1.0,0.4458138346672058,0.8067271113395691
DiscreteSAC,125,final,2634,5634,-0.15146647214889525,2.0,2.0,0.5365415811538696,4.4752397537231445
DiscreteSAC,125,final,2635,5635,-0.08067219734191895,3.0,3.0,0.5890119671821594,4.682674010594686
DiscreteSAC,125,final,2636,5636,-0.1289545452594757,6.0,3.0,0.22355103492736816,3.128067930539449
DiscreteSAC,125,final,2637,5637,0.003521273136138925,4.0,3.0,0.7522431015968323,3.8690625429153442
DiscreteSAC,125,final,2638,5638,-0.010476341247558599,4.0,3.0,0.5377416610717773,2.564518928527832
DiscreteSAC,125,final,2639,5639,0.21420850038528444,2.0,2.0,0.5996953248977661,2.022956609725952
DiscreteSAC,125,final,2640,5640,0.011234627962112442,2.0,2.0,0.47966858744621277,1.2915947437286377
DiscreteSAC,125,final,2641,5641,0.06687941074371338,3.0,2.0,0.8413295149803162,1.6291251182556152
DiscreteSAC,125,final,2642,5642,-0.2433511447906494,7.0,3.0,0.7820307016372681,1.0922142352376665
DiscreteSAC,125,final,2643,5643,0.09000000000000001,1.0,1.0,0.15327003598213196,1.2434567213058472
DiscreteSAC,125,final,2644,5644,0.09000000000000001,1.0,1.0,0.23704394698143005,1.7565159797668457
DiscreteSAC,125,final,2645,5645,0.09000000000000001,1.0,1.0,0.32109329104423523,0.55098557472229
DiscreteSAC,125,final,2646,5646,-0.09785335540771485,3.0,3.0,0.7577565312385559,2.63842511177063
DiscreteSAC,125,final,2647,5647,0.09000000000000001,1.0,1.0,0.8612523078918457,0.5974196195602417
DiscreteSAC,125,final,2648,5648,0.05943771123886109,3.0,2.0,0.18018539249897003,0.9038123488426208
DiscreteSAC,125,final,2649,5649,0.09000000000000001,1.0,1.0,0.6583840250968933,0.5653244256973267
DiscreteSAC,125,final,2650,5650,0.09000000000000001,1.0,1.0,0.4669733941555023,0.7907979488372803
DiscreteSAC,125,final,2651,5651,0.17131800413131715,4.0,3.0,0.6248971819877625,1.1703811287879944
DiscreteSAC,125,final,2652,5652,0.09000000000000001,1.0,1.0,0.30001500248908997,0.37936702370643616
DiscreteSAC,125,final,2653,5653,-0.03986122488975523,3.0,3.0,0.4239969253540039,0.6484245856602987
DiscreteSAC,125,final,2654,5654,0.09000000000000001,1.0,1.0,0.6539503931999207,1.5771547555923462
DiscreteSAC,125,final,2655,5655,0.09000000000000001,1.0,1.0,0.8705191612243652,1.34958016872406
DiscreteSAC,125,final,2656,5656,0.09000000000000001,1.0,1.0,0.9065189361572266,1.9442898035049438
DiscreteSAC,125,final,2657,5657,-0.2648705959320069,10.0,4.0,1.2737292051315308,1.1994709491729736
DiscreteSAC,125,final,2658,5658,-0.01199882507324218,3.0,3.0,0.8991544842720032,1.0496903260548909
DiscreteSAC,125,final,2659,5659,0.3846633207798004,3.0,3.0,0.44446781277656555,2.3762571811676025
DiscreteSAC,125,final,2660,5660,0.00927497386932373,6.0,3.0,0.6740739941596985,1.0477985541025798
DiscreteSAC,125,final,2661,5661,0.09000000000000001,1.0,1.0,0.7250608205795288,0.41444993019104004
DiscreteSAC,125,final,2662,5662,-0.3054323723912239,6.0,3.0,0.26448020339012146,1.465389147400856
DiscreteSAC,125,final,2663,5663,-0.770320534706116,10.0,3.0,0.7710996270179749,0.7852991104125977
DiscreteSAC,125,final,2664,5664,0.15034397125244142,2.0,2.0,0.6058105230331421,1.6191946268081665
DiscreteSAC,125,final,2665,5665,0.15675165414810183,4.0,2.0,0.8812920451164246,1.2913099229335785
DiscreteSAC,125,final,2666,5666,0.09000000000000001,1.0,1.0,0.7312403321266174,0.7006285786628723
DiscreteSAC,125,final,2667,5667,0.09000000000000001,1.0,1.0,0.3601841926574707,1.7805893421173096
DiscreteSAC,125,final,2668,5668,0.07228835105895998,2.0,2.0,0.4755162298679352,0.8107724189758301
DiscreteSAC,125,final,2669,5669,-0.47964627742767335,10.0,4.0,0.3960207402706146,1.4769716262817383
DiscreteSAC,125,final,2670,5670,-0.1790747821331024,5.0,3.0,0.4631805121898651,1.263446581363678
DiscreteSAC,125,final,2671,5671,-0.2995848977565765,9.0,5.0,0.4797113239765167,1.0665400955412123
DiscreteSAC,125,final,2672,5672,0.08634043693542481,4.0,3.0,0.9365741014480591,1.1826739758253098
DiscreteSAC,125,final,2673,5673,-0.10871636390686036,7.0,4.0,0.7945770025253296,1.7775061556271143
DiscreteSAC,125,final,2674,5674,0.06417034983634949,3.0,2.0,0.4978805482387543,1.696591854095459
DiscreteSAC,125,final,2675,5675,-0.23113346576690674,8.0,5.0,0.6289909482002258,3.3046024963259697
DiscreteSAC,125,final,2676,5676,-0.09263402938842775,7.0,5.0,0.2912145256996155,5.738721055643899
DiscreteSAC,125,final,2677,5677,-0.14017595171928404,2.0,2.0,0.6198115348815918,2.4788147807121277
DiscreteSAC,125,final,2678,5678,-0.08618950843811031,5.0,4.0,0.8908342719078064,1.068319708108902
DiscreteSAC,125,final,2679,5679,-0.02127718687057495,6.0,4.0,0.5496824979782104,1.1521744628747304
DiscreteSAC,125,final,2680,5680,-0.38334777355194094,10.0,5.0,1.1483992338180542,1.1699074506759644
DiscreteSAC,125,final,2681,5681,-0.06822149991989136,9.0,4.0,0.8732184767723083,18.387997739844852
DiscreteSAC,125,final,2682,5682,-0.15600988566875457,5.0,3.0,0.18948528170585632,1.2558476209640503
DiscreteSAC,125,final,2683,5683,0.22132881164550783,2.0,2.0,0.6878247261047363,1.4111788272857666
DiscreteSAC,125,final,2684,5684,-0.5375591158866884,10.0,5.0,0.8007966876029968,20068.945101046564
DiscreteSAC,125,final,2685,5685,0.09000000000000001,1.0,1.0,0.9791980981826782,3.3580331802368164
DiscreteSAC,125,final,2686,5686,-0.5649816513061524,10.0,4.0,0.7315685153007507,4.410717487335205
DiscreteSAC,125,final,2687,5687,-0.020203092098236106,9.0,3.0,0.9881215691566467,2.519232498274909
DiscreteSAC,125,final,2688,5688,-0.29930662155151366,4.0,3.0,0.7454636693000793,1.068950116634369
DiscreteSAC,125,final,2689,5689,-0.021983089447021487,4.0,4.0,0.5814221501350403,3.523013710975647
DiscreteSAC,125,final,2690,5690,-0.145492947101593,5.0,2.0,1.000725507736206,2.0199065685272215
DiscreteSAC,125,final,2691,5691,-0.2152678596973419,8.0,4.0,0.2940382957458496,1.5811285078525543
DiscreteSAC,125,final,2692,5692,-0.010558943748474117,3.0,2.0,0.33818739652633667,2.5117274125417075
DiscreteSAC,125,final,2693,5693,0.2342370915412903,2.0,2.0,0.5394115447998047,22.90038251876831
DiscreteSAC,125,final,2694,5694,-0.06783961534500123,8.0,4.0,0.7854689359664917,4.685993656516075
DiscreteSAC,125,final,2695,5695,0.013743953704834,2.0,2.0,0.20957444608211517,3.700218439102173
DiscreteSAC,125,final,2696,5696,-0.03426975846290588,4.0,2.0,0.48558545112609863,0.8941493481397629
DiscreteSAC,125,final,2697,5697,-0.26628761768341064,8.0,4.0,0.7903199791908264,2.059030957520008
DiscreteSAC,125,final,2698,5698,0.09000000000000001,1.0,1.0,0.24765534698963165,0.5739975571632385
DiscreteSAC,125,final,2699,5699,0.16316171169281007,2.0,2.0,0.8099996447563171,1.6016791462898254
DiscreteSAC,125,final,2700,5700,-0.051511757373809794,8.0,4.0,0.7712459564208984,3.4055251963436604
DiscreteSAC,125,final,2701,5701,0.0006284785270691123,3.0,3.0,0.7095240354537964,2.052890121936798
DiscreteSAC,125,final,2702,5702,0.09000000000000001,1.0,1.0,0.76446133852005,0.4969043731689453
DiscreteSAC,125,final,2703,5703,-0.14709555149078368,4.0,3.0,0.6683419942855835,0.9524099826812744
DiscreteSAC,125,final,2704,5704,-0.40362603664398194,10.0,4.0,0.5282344818115234,0.9050803303718566
DiscreteSAC,125,final,2705,5705,-0.0716460466384888,10.0,4.0,0.9704965353012085,1.6556876361370088
DiscreteSAC,125,final,2706,5706,-0.2700209975242615,10.0,6.0,0.8793916702270508,1.549161234498024
DiscreteSAC,125,final,2707,5707,-0.22058653831481934,10.0,3.0,0.5513957142829895,1.0085257053375245
DiscreteSAC,125,final,2708,5708,0.033042678833007814,4.0,3.0,0.6963525414466858,0.31952860951423645
DiscreteSAC,125,final,2709,5709,0.09000000000000001,1.0,1.0,0.728996753692627,0.3875895142555237
DiscreteSAC,125,final,2710,5710,0.30967408180236816,4.0,4.0,0.7072878479957581,12.817421644926071
DiscreteSAC,125,final,2711,5711,-0.05112767696380614,8.0,5.0,0.9543653726577759,0.8259267061948776
DiscreteSAC,125,final,2712,5712,-0.1251322403550148,5.0,4.0,0.24712717533111572,1.7557147145271301
DiscreteSAC,125,final,2713,5713,0.10381712198257448,2.0,2.0,0.8538421988487244,1.490748941898346
DiscreteSAC,125,final,2714,5714,-0.43242826461791994,10.0,5.0,0.3331451714038849,17315.062054431437
DiscreteSAC,125,final,2715,5715,0.04667210578918456,10.0,5.0,0.6197368502616882,2.4448230981826784
DiscreteSAC,125,final,2716,5716,-0.1752696752548218,10.0,6.0,0.8536238074302673,1.4203990817070007
DiscreteSAC,125,final,2717,5717,-0.6169120490550997,10.0,4.0,0.469150573015213,6.341004878282547
DiscreteSAC,125,final,2718,5718,0.13112946033477785,2.0,2.0,0.7429050207138062,1.5965083837509155
DiscreteSAC,125,final,2719,5719,0.05554945945739747,2.0,2.0,0.3192804753780365,1.4717394411563873
DiscreteSAC,125,final,2720,5720,-0.11789563059806822,6.0,4.0,0.36324283480644226,1.4989741047223408
DiscreteSAC,125,final,2721,5721,0.03125365495681764,3.0,2.0,0.8139470219612122,9.364097476005554
DiscreteSAC,125,final,2722,5722,0.0911905336380005,2.0,2.0,0.20065121352672577,4.2107290625572205
DiscreteSAC,125,final,2723,5723,0.03261321485042573,5.0,3.0,0.21166567504405975,1.2307057619094848
DiscreteSAC,125,final,2724,5724,0.08732266902923586,2.0,2.0,0.8639011979103088,3.435042977333069
DiscreteSAC,125,final,2725,5725,-0.26512067556381225,9.0,4.0,0.49677810072898865,2.2588724030388727
DiscreteSAC,125,final,2726,5726,0.22832315921783447,4.0,4.0,0.7985137701034546,0.9249015599489212
DiscreteSAC,125,final,2727,5727,-0.3328006130456924,7.0,2.0,0.3373226523399353,19489.474039903707
DiscreteSAC,125,final,2728,5728,-0.5568065643310547,10.0,3.0,0.28380879759788513,12487.647604238988
DiscreteSAC,125,final,2729,5729,-0.8270416855812075,10.0,3.0,1.119006633758545,57.60507171154022
DiscreteSAC,125,final,2730,5730,-0.29434775829315185,7.0,4.0,0.6894332766532898,3.0516420091901506
DiscreteSAC,125,final,2731,5731,0.1981186866760254,5.0,4.0,0.9893355369567871,65.46430897712708
DiscreteSAC,125,final,2732,5732,0.20061666488647462,3.0,3.0,0.3380427956581116,6.7728837331136065
DiscreteSAC,125,final,2733,5733,0.09000000000000001,1.0,1.0,0.49630388617515564,4.307680130004883
DiscreteSAC,125,final,2734,5734,-0.07237848997116088,6.0,2.0,0.8674994111061096,14.333681960900625
DiscreteSAC,125,final,2735,5735,0.06747973442077634,7.0,4.0,0.8237705230712891,3.7293181249073575
DiscreteSAC,125,final,2736,5736,0.018584628105163578,3.0,2.0,1.0152387619018555,268.5471939643224
DiscreteSAC,125,final,2737,5737,0.09621729254722597,5.0,5.0,0.22451594471931458,45.31659832000732
DiscreteSAC,125,final,2738,5738,-0.4361071825027466,10.0,5.0,0.5207223296165466,4.705964183807373
DiscreteSAC,125,final,2739,5739,-0.03308833718299865,3.0,2.0,0.3471672236919403,3.0116719404856362
DiscreteSAC,125,final,2740,5740,0.09000000000000001,1.0,1.0,0.7702150344848633,2.6856203079223633
DiscreteSAC,125,final,2741,5741,0.03557313203811646,3.0,3.0,0.5605499744415283,1.4066119988759358
DiscreteSAC,125,final,2742,5742,0.047006027698516854,2.0,2.0,0.506688117980957,2.901780843734741
DiscreteSAC,125,final,2743,5743,0.06795175552368166,2.0,2.0,1.052085280418396,3.891347289085388
DiscreteSAC,125,final,2744,5744,0.22439075231552125,3.0,3.0,0.7516889572143555,37.82651130358378
DiscreteSAC,125,final,2745,5745,0.23538894176483155,3.0,3.0,0.09992009401321411,2.9189104437828064
DiscreteSAC,125,final,2746,5746,0.0899723243713379,3.0,3.0,1.1469241380691528,2.596946120262146
DiscreteSAC,125,final,2747,5747,0.012032823562622086,2.0,2.0,0.4768427908420563,1.7591318488121033
DiscreteSAC,125,final,2748,5748,0.039117567539215074,7.0,5.0,0.700580894947052,12.33152985572815
DiscreteSAC,125,final,2749,5749,-0.17892992734909058,9.0,5.0,0.6174755692481995,10443.18925582038
DiscreteSAC,125,final,2750,5750,-0.6281463593244554,10.0,5.0,0.39546868205070496,251.2270208835602
DiscreteSAC,125,final,2751,5751,0.029821770191192636,2.0,2.0,0.5851068496704102,9.12479543685913
DiscreteSAC,125,final,2752,5752,-0.07073619723320008,6.0,4.0,0.21013133227825165,10.630331039428711
DiscreteSAC,125,final,2753,5753,0.12647367238998414,3.0,3.0,0.643925666809082,7.201239903767903
DiscreteSAC,125,final,2754,5754,0.17436553716659547,2.0,2.0,0.8080426454544067,5.543067216873169
DiscreteSAC,125,final,2755,5755,0.09000000000000001,1.0,1.0,0.3180680572986603,3.4735381603240967
DiscreteSAC,125,final,2756,5756,-0.667987033724785,10.0,3.0,0.329971581697464,318.845395898819
DiscreteSAC,125,final,2757,5757,0.07897637963294984,2.0,2.0,0.4824919104576111,5.934862852096558
DiscreteSAC,125,final,2758,5758,-0.08775396347045898,5.0,5.0,0.40000587701797485,5.921214199066162
DiscreteSAC,125,final,2759,5759,0.09000000000000001,1.0,1.0,0.348844438791275,4.112713813781738
DiscreteSAC,125,final,2760,5760,0.09000000000000001,1.0,1.0,0.18702058494091034,4.6260085105896
DiscreteSAC,125,final,2761,5761,-0.6950360059738161,10.0,4.0,0.8140966296195984,4.833608305454254
DiscreteSAC,125,final,2762,5762,-0.3997484356164932,10.0,6.0,0.22000549733638763,2.061176961660385
DiscreteSAC,125,final,2763,5763,-0.2437342682480812,9.0,4.0,0.11467494815587997,2.1185398830307856
DiscreteSAC,125,final,2764,5764,-0.36512933373451234,10.0,4.0,0.302089124917984,23.566464483737946
DiscreteSAC,125,final,2765,5765,-0.057241439819335924,5.0,4.0,0.8263297080993652,2.1686742544174193
DiscreteSAC,125,final,2766,5766,0.09000000000000001,1.0,1.0,0.22796478867530823,78507.6875
DiscreteSAC,125,final,2767,5767,-0.040641288757324215,3.0,2.0,0.9337989091873169,2.9799277782440186
DiscreteSAC,125,final,2768,5768,-0.22713249206542968,8.0,4.0,0.7831355333328247,2.0291475355625153
DiscreteSAC,125,final,2769,5769,-0.49296053647995,10.0,5.0,1.0691286325454712,5.888327240943909
DiscreteSAC,125,final,2770,5770,-0.5049892932176591,10.0,4.0,0.17183692753314972,8.617014861106872
DiscreteSAC,125,final,2771,5771,-0.5190304517745972,10.0,3.0,0.7409247756004333,4.239918804168701
DiscreteSAC,125,final,2772,5772,-0.06909012794494628,5.0,4.0,0.696645200252533,13.283497762680053
DiscreteSAC,125,final,2773,5773,-0.13147430360317225,4.0,4.0,0.42159563302993774,4.657627880573273
DiscreteSAC,125,final,2774,5774,0.08800321251153947,2.0,2.0,0.10720578581094742,2.804613947868347
DiscreteSAC,125,final,2775,5775,-0.17210014700889587,4.0,3.0,0.46767595410346985,11.629162847995758
DiscreteSAC,125,final,2776,5776,-0.010907940268516533,7.0,5.0,0.22343523800373077,58.15316901036671
DiscreteSAC,125,final,2777,5777,-0.15047179460525512,5.0,3.0,0.7602073550224304,3.490832734107971
DiscreteSAC,125,final,2778,5778,-0.21349847555160523,9.0,5.0,0.42087697982788086,7239.18013381958
DiscreteSAC,125,final,2779,5779,-0.1481596803665161,6.0,4.0,0.3543564975261688,3.6324923237164817
DiscreteSAC,125,final,2780,5780,-0.261959046125412,10.0,5.0,0.46116822957992554,159.72839064598082
DiscreteSAC,125,final,2781,5781,0.04009469270706178,3.0,2.0,0.6242779493331909,3.970098336537679
DiscreteSAC,125,final,2782,5782,0.09000000000000001,1.0,1.0,0.21679608523845673,4.628796100616455
DiscreteSAC,125,final,2783,5783,-0.21333407163619994,5.0,3.0,0.8916657567024231,5.019952869415283
DiscreteSAC,125,final,2784,5784,-0.04583956241607669,9.0,6.0,1.0086274147033691,3.331851853264703
DiscreteSAC,125,final,2785,5785,0.1765029001235962,2.0,2.0,0.8110504150390625,35.239901185035706
DiscreteSAC,125,final,2786,5786,-0.46880435943603516,10.0,3.0,0.4784092903137207,3.175838369131088
DiscreteSAC,125,final,2787,5787,-0.1532159972190857,8.0,4.0,0.7795630693435669,2.375811532139778
DiscreteSAC,125,final,2788,5788,0.09230412721633913,2.0,2.0,0.47220370173454285,10.446552276611328
DiscreteSAC,125,final,2789,5789,-0.227551691532135,8.0,4.0,0.7677354216575623,35.145537704229355
DiscreteSAC,125,final,2790,5790,-0.5125200092792511,10.0,5.0,0.4532019793987274,2.296904110908508
DiscreteSAC,125,final,2791,5791,-0.13589210152626036,4.0,2.0,0.5228560566902161,2.6886908411979675
DiscreteSAC,125,final,2792,5792,-0.03634859800338745,8.0,6.0,0.8161530494689941,3.249927908182144
DiscreteSAC,125,final,2793,5793,0.12436736583709718,4.0,3.0,0.8308234810829163,1.9962795674800873
DiscreteSAC,125,final,2794,5794,0.09000000000000001,1.0,1.0,0.45869460701942444,1.6759456396102905
DiscreteSAC,125,final,2795,5795,-0.20126545906066895,8.0,5.0,0.8324238061904907,9.112527683377266
DiscreteSAC,125,final,2796,5796,-0.595206391811371,10.0,4.0,0.7666162848472595,5263.233371460437
DiscreteSAC,125,final,2797,5797,0.18831444025039673,6.0,4.0,0.44629693031311035,19.783405085404713
DiscreteSAC,125,final,2798,5798,-0.15410421609878538,2.0,2.0,0.6635192036628723,2.1098419427871704
DiscreteSAC,125,final,2799,5799,-0.06527837932109833,2.0,2.0,0.32664754986763,3.2877405881881714
DiscreteSAC,125,final,2800,5800,-0.4305446147918701,10.0,3.0,0.6663363575935364,2.2043094754219057
DiscreteSAC,125,final,2801,5801,-0.07836252212524415,6.0,4.0,0.12088388949632645,7.238276700178782
DiscreteSAC,125,final,2802,5802,-0.021982069015502925,7.0,4.0,0.6597799062728882,2.396753430366516
DiscreteSAC,125,final,2803,5803,0.09000000000000001,1.0,1.0,0.20770467817783356,2.9380922317504883
DiscreteSAC,125,final,2804,5804,0.04096346020698548,3.0,2.0,0.40985849499702454,2.717384099960327
DiscreteSAC,125,final,2805,5805,0.20204989910125734,5.0,5.0,0.78184574842453,4.560736060142517
DiscreteSAC,125,final,2806,5806,-0.5616121411323548,10.0,4.0,0.6626231074333191,10.179672968387603
DiscreteSAC,125,final,2807,5807,-0.5981262743473055,10.0,4.0,0.42641136050224304,2.911309850215912
DiscreteSAC,125,final,2808,5808,-0.11382180213928224,6.0,4.0,0.5774925351142883,2.7377787033716836
DiscreteSAC,125,final,2809,5809,-0.47916561365127563,10.0,3.0,0.7947515249252319,7.941692972183228
DiscreteSAC,125,final,2810,5810,-0.3888555407524109,10.0,5.0,0.9702288508415222,4.06537024974823
DiscreteSAC,125,final,2811,5811,-0.6439146399497987,10.0,3.0,0.49460023641586304,9.542510151863098
DiscreteSAC,125,final,2812,5812,-0.20877757072448733,10.0,5.0,1.0233126878738403,4.701181280612945
DiscreteSAC,125,final,2813,5813,-0.27421162128448484,10.0,6.0,0.841351330280304,4.600490593910218
DiscreteSAC,125,final,2814,5814,-0.43902456760406494,10.0,3.0,0.3652121424674988,5.209737491607666
DiscreteSAC,125,final,2815,5815,-0.08490599036216735,4.0,2.0,0.22852671146392822,10.090745627880096
DiscreteSAC,125,final,2816,5816,-0.3782137417793274,9.0,3.0,0.5102968811988831,10.122792747285631
DiscreteSAC,125,final,2817,5817,-0.20622518062591555,10.0,5.0,0.6043205857276917,2.818259435892105
DiscreteSAC,125,final,2818,5818,-0.5520034104585648,10.0,4.0,0.2993451952934265,2.741355562210083
DiscreteSAC,125,final,2819,5819,-0.5329150557518005,10.0,3.0,0.6275282502174377,2.5171970963478087
DiscreteSAC,125,final,2820,5820,-0.3095468640327454,10.0,6.0,0.30309322476387024,2.2273913264274596
DiscreteSAC,125,final,2821,5821,-0.28121650218963623,10.0,5.0,0.29707011580467224,6.547234201431275
DiscreteSAC,125,final,2822,5822,-0.32051686048507694,10.0,6.0,0.7314029335975647,2.7484405040740967
DiscreteSAC,125,final,2823,5823,-0.4510796651244164,10.0,6.0,0.16722773015499115,1.851508092880249
DiscreteSAC,125,final,2824,5824,-0.477422121167183,10.0,4.0,0.3795018196105957,7.760519325733185
DiscreteSAC,125,final,2825,5825,0.01774284720420838,7.0,4.0,0.4947979152202606,4.888639450073242
DiscreteSAC,125,final,2826,5826,-0.11805575370788575,8.0,4.0,1.1907426118850708,48.186564579606056
DiscreteSAC,125,final,2827,5827,-0.2596489071846008,10.0,4.0,0.3454062044620514,3.394226777553558
DiscreteSAC,125,final,2828,5828,0.054006881713867194,3.0,3.0,0.7994254231452942,1.9246452649434407
DiscreteSAC,125,final,2829,5829,0.09000000000000001,1.0,1.0,0.8543837666511536,1.9181904792785645
DiscreteSAC,125,final,2830,5830,-0.5559246063232421,10.0,4.0,0.8088936805725098,11.081336033344268
DiscreteSAC,125,final,2831,5831,-0.3133764088153839,10.0,4.0,0.3037281036376953,2931.083286321163
DiscreteSAC,125,final,2832,5832,0.24623386025428773,4.0,3.0,0.46618208289146423,21.743605613708496
DiscreteSAC,125,final,2833,5833,0.2296413254737854,8.0,4.0,0.7122098803520203,14.535328030586243
DiscreteSAC,125,final,2834,5834,-0.18768662750720977,4.0,3.0,0.4457343518733978,18.5702246427536
DiscreteSAC,125,final,2835,5835,0.09000000000000001,1.0,1.0,0.5990812182426453,18.43741226196289
DiscreteSAC,125,final,2836,5836,0.09000000000000001,1.0,1.0,1.0073212385177612,6.959346771240234
DiscreteSAC,125,final,2837,5837,-0.13501764088869095,5.0,4.0,0.22929266095161438,7.570403289794922
DiscreteSAC,125,final,2838,5838,-0.07299003839492797,4.0,2.0,0.3880801200866699,2854.3793482780457
DiscreteSAC,125,final,2839,5839,-0.11321274757385254,7.0,3.0,0.6308890581130981,16.149614674704416
DiscreteSAC,125,final,2840,5840,0.1456486749649048,2.0,2.0,1.1473191976547241,9.493591785430908
DiscreteSAC,125,final,2841,5841,-0.2934762018918991,8.0,4.0,0.290039598941803,7.282576501369476
DiscreteSAC,125,final,2842,5842,-0.1428380489349365,5.0,3.0,0.656229555606842,40.3626311302185
DiscreteSAC,125,final,2843,5843,0.11225480556488038,3.0,3.0,0.7769384980201721,7.226588249206543
DiscreteSAC,125,final,2844,5844,0.02035023450851442,2.0,2.0,0.7112802863121033,9.938287258148193
DiscreteSAC,125,final,2845,5845,0.09000000000000001,1.0,1.0,0.637569010257721,4.426933288574219
DiscreteSAC,125,final,2846,5846,0.02948296785354615,3.0,3.0,0.5711090564727783,4.539909998575847
DiscreteSAC,125,final,2847,5847,0.2074062991142273,2.0,2.0,0.975565493106842,37934.09169006348
DiscreteSAC,125,final,2848,5848,-0.15203443527221677,6.0,2.0,0.5370073914527893,8.531888643900553
DiscreteSAC,125,final,2849,5849,0.12597973823547365,2.0,2.0,0.8904866576194763,15.335516929626465
DiscreteSAC,125,final,2850,5850,-0.3668737649917603,10.0,5.0,0.7706572413444519,6.263461279869079
DiscreteSAC,125,final,2851,5851,0.0628840845823288,3.0,3.0,0.17140670120716095,5.270224571228027
DiscreteSAC,125,final,2852,5852,0.07503403186798097,4.0,3.0,0.8196773529052734,4.71946918964386
DiscreteSAC,125,final,2853,5853,0.1031701159477234,3.0,2.0,0.849936842918396,11308.524253209433
DiscreteSAC,125,final,2854,5854,-0.23079537153244017,10.0,4.0,0.7153140902519226,2.6573163747787474
DiscreteSAC,125,final,2855,5855,-0.12241821050643921,6.0,3.0,0.5175865888595581,2.9304155309995017
DiscreteSAC,125,final,2856,5856,0.09000000000000001,1.0,1.0,0.3119024634361267,1.826416254043579
DiscreteSAC,125,final,2857,5857,-0.00867802381515502,8.0,5.0,0.8238173127174377,3.1986899077892303
DiscreteSAC,125,final,2858,5858,0.04619259834289552,5.0,3.0,1.0864866971969604,2.405372512340546
DiscreteSAC,125,final,2859,5859,-0.13488256037235258,5.0,2.0,0.18028035759925842,2.684718942642212
DiscreteSAC,125,final,2860,5860,0.09000000000000001,1.0,1.0,0.37616589665412903,2.616781711578369
DiscreteSAC,125,final,2861,5861,0.09000000000000001,1.0,1.0,0.39244967699050903,3.6314070224761963
DiscreteSAC,125,final,2862,5862,0.022354295253753667,6.0,5.0,0.6804789900779724,1.6027437647183735
DiscreteSAC,125,final,2863,5863,-0.19986155033111574,10.0,5.0,0.7217358946800232,2.1886610865592955
DiscreteSAC,125,final,2864,5864,0.10376525878906251,4.0,3.0,0.41126585006713867,5075.329615458846
DiscreteSAC,125,final,2865,5865,0.07825565099716188,4.0,4.0,0.817084014415741,2.7629921436309814
DiscreteSAC,125,final,2866,5866,-0.28149837255477905,10.0,3.0,0.6331542134284973,1351.250832915306
DiscreteSAC,125,final,2867,5867,-0.008196033239364617,7.0,5.0,0.4564225375652313,3.062136377607073
DiscreteSAC,125,final,2868,5868,0.10444105625152589,4.0,3.0,0.8123455047607422,1.9134412109851837
DiscreteSAC,125,final,2869,5869,0.086475989818573,4.0,2.0,0.7117518782615662,42.892121374607086
DiscreteSAC,125,final,2870,5870,0.0761960017681122,2.0,2.0,0.4244242012500763,5.426856994628906
DiscreteSAC,125,final,2871,5871,0.12016894340515138,3.0,2.0,1.0326608419418335,7.424387613932292
DiscreteSAC,125,final,2872,5872,0.09803576946258546,2.0,2.0,0.24487170577049255,4.605357646942139
DiscreteSAC,125,final,2873,5873,0.12031151533126833,2.0,2.0,0.7515329122543335,2.6939629316329956
DiscreteSAC,125,final,2874,5874,0.10177562892436981,4.0,4.0,0.18764977157115936,52.71004617214203
DiscreteSAC,125,final,2875,5875,0.09000000000000001,1.0,1.0,0.5823744535446167,7.275337219238281
DiscreteSAC,125,final,2876,5876,-0.09082006216049195,5.0,3.0,0.6899996995925903,45.90757975578308
DiscreteSAC,125,final,2877,5877,0.17095180034637453,2.0,2.0,0.707601010799408,6.43182897567749
DiscreteSAC,125,final,2878,5878,0.09000000000000001,1.0,1.0,0.6845625638961792,5.2968597412109375
DiscreteSAC,125,final,2879,5879,0.0825652050971985,2.0,2.0,0.4049728810787201,3.4584569931030273
DiscreteSAC,125,final,2880,5880,-0.33102008104324343,10.0,5.0,0.18964484333992004,3.4723179817199705
DiscreteSAC,125,final,2881,5881,-0.393671727180481,10.0,6.0,0.657553493976593,22.424553513526917
DiscreteSAC,125,final,2882,5882,-0.0756124782562256,8.0,4.0,0.6455926299095154,2.170655682682991
DiscreteSAC,125,final,2883,5883,0.01506073474884033,5.0,3.0,0.5991008877754211,16.272836565971375
DiscreteSAC,125,final,2884,5884,-0.021708620786666855,2.0,2.0,0.5405569672584534,3.6429320573806763
DiscreteSAC,125,final,2885,5885,-0.0797229290008545,5.0,3.0,1.0972551107406616,2.360927152633667
DiscreteSAC,125,final,2886,5886,-0.22975132942199705,8.0,3.0,1.0032238960266113,2.2881769090890884
DiscreteSAC,125,final,2887,5887,-0.264205539226532,10.0,5.0,0.6054514646530151,2.848542666435242
DiscreteSAC,125,final,2888,5888,0.13761992931365968,2.0,2.0,0.35163769125938416,2.973487138748169
DiscreteSAC,125,final,2889,5889,-0.5818337202072144,10.0,3.0,0.23523207008838654,909.7908822059632
DiscreteSAC,125,final,2890,5890,-0.004040246009826651,8.0,5.0,0.8289810419082642,3.5227167308330536
DiscreteSAC,125,final,2891,5891,0.09000000000000001,1.0,1.0,1.2156362533569336,9.311534881591797
DiscreteSAC,125,final,2892,5892,-0.08664904832839963,5.0,3.0,0.30940690636634827,3.2639663219451904
DiscreteSAC,125,final,2893,5893,-0.010446621179580673,2.0,2.0,0.22917138040065765,3.6972851753234863
DiscreteSAC,125,final,2894,5894,0.26088126182556154,2.0,2.0,0.9120279550552368,3.1589020490646362
DiscreteSAC,125,final,2895,5895,0.26962893962860107,4.0,4.0,0.7552530169487,3.1093920469284058
DiscreteSAC,125,final,2896,5896,-0.4860234558582306,10.0,3.0,0.12684322893619537,9.853456211090087
DiscreteSAC,125,final,2897,5897,0.02152806997299196,7.0,4.0,0.3284197151660919,33.36915286949703
DiscreteSAC,125,final,2898,5898,-0.524742841720581,10.0,3.0,1.064670205116272,2.626757276058197
DiscreteSAC,125,final,2899,5899,-0.13010561048984526,3.0,2.0,0.3148408830165863,2.199661215146383
DiscreteSAC,125,final,2900,5900,0.03317379713058472,4.0,4.0,0.6198010444641113,2.4062649309635162
DiscreteSAC,125,final,2901,5901,-0.021973944902420037,7.0,5.0,0.3645494282245636,23.74443166596549
DiscreteSAC,125,final,2902,5902,-0.3285783767700195,10.0,5.0,0.6817579865455627,4.570285415649414
DiscreteSAC,125,final,2903,5903,-0.08955828905105591,6.0,3.0,0.853430449962616,2.1032360792160034
DiscreteSAC,125,final,2904,5904,0.25092424631118776,2.0,2.0,0.7570132613182068,3.306365489959717
DiscreteSAC,125,final,2905,5905,-0.11169524431228638,9.0,6.0,0.6655176281929016,1.8227606217066448
DiscreteSAC,125,final,2906,5906,-0.28784226417541503,9.0,4.0,0.5449082851409912,104.48531203799777
DiscreteSAC,125,final,2907,5907,-0.06325656712055207,4.0,3.0,0.2694312632083893,11.925026655197144
DiscreteSAC,125,final,2908,5908,0.09000000000000001,1.0,1.0,1.2440115213394165,8.145493507385254
DiscreteSAC,125,final,2909,5909,0.09000000000000001,1.0,1.0,0.3211289048194885,8.496091842651367
DiscreteSAC,125,final,2910,5910,0.11025977849960328,3.0,3.0,0.5453280806541443,9.083580493927002
DiscreteSAC,125,final,2911,5911,0.006045330762863163,3.0,2.0,0.23515547811985016,6.51899528503418
DiscreteSAC,125,final,2912,5912,-0.46578789949417115,10.0,4.0,0.6727877855300903,6.319725918769836
DiscreteSAC,125,final,2913,5913,-0.0174251103401184,4.0,3.0,0.7195026278495789,3.345287263393402
DiscreteSAC,125,final,2914,5914,0.000961322784423832,3.0,2.0,0.9833620190620422,2.8834704558054605
DiscreteSAC,125,final,2915,5915,0.05823306918144227,2.0,2.0,0.3184400200843811,1.8013684749603271
DiscreteSAC,125,final,2916,5916,0.005479772090911869,3.0,2.0,0.7973836660385132,1.705113450686137
DiscreteSAC,125,final,2917,5917,0.04099221706390382,2.0,2.0,0.7014302611351013,1.8757768869400024
DiscreteSAC,125,final,2918,5918,-0.11146007776260376,5.0,3.0,0.20728906989097595,138.14730050563813
DiscreteSAC,125,final,2919,5919,0.10980706214904787,5.0,5.0,0.39062783122062683,63.97080297470093
DiscreteSAC,125,final,2920,5920,-0.6945391923189165,10.0,2.0,0.35378244519233704,4.849893283843994
DiscreteSAC,125,final,2921,5921,0.10823951840400697,2.0,2.0,0.42192575335502625,3.6754547357559204
DiscreteSAC,125,final,2922,5922,0.029289259910583502,6.0,3.0,0.9274188280105591,3.2267911235491433
DiscreteSAC,125,final,2923,5923,-0.11690739154815673,6.0,2.0,1.0031894445419312,2.392494559288025
DiscreteSAC,125,final,2924,5924,0.09000000000000001,1.0,1.0,0.19181716442108154,1.3592380285263062
DiscreteSAC,125,final,2925,5925,0.07633181095123293,2.0,2.0,0.5281428694725037,2.3365460634231567
DiscreteSAC,125,final,2926,5926,-0.19348092913627624,4.0,3.0,0.4447317123413086,3.0659502148628235
DiscreteSAC,125,final,2927,5927,-0.44354336738586425,8.0,4.0,0.8097931146621704,2.4791053384542465
DiscreteSAC,125,final,2928,5928,-0.5901588678359986,10.0,2.0,0.3485698103904724,944.9860504508018
DiscreteSAC,125,final,2929,5929,-0.4162948429584503,10.0,3.0,0.3589901924133301,91.33074972629547
DiscreteSAC,125,final,2930,5930,0.2010218667984009,2.0,2.0,0.8931282758712769,135.8880364894867
DiscreteSAC,125,final,2931,5931,0.10694539546966553,5.0,4.0,1.2195186614990234,959.5356098175049
DiscreteSAC,125,final,2932,5932,0.09000000000000001,1.0,1.0,0.06301461160182953,3.107412338256836
DiscreteSAC,125,final,2933,5933,-0.09798841953277586,8.0,4.0,0.5580616593360901,6.643727898597717
DiscreteSAC,125,final,2934,5934,0.009858833551406876,2.0,2.0,0.3784971237182617,3.3173065185546875
DiscreteSAC,125,final,2935,5935,-0.1972683048248291,6.0,4.0,0.839453399181366,30.363764504591625
DiscreteSAC,125,final,2936,5936,-0.27261419892311095,5.0,3.0,0.5729719400405884,2.5547367811203
DiscreteSAC,125,final,2937,5937,0.08750784397125244,5.0,4.0,0.8388045430183411,11.809989523887634
DiscreteSAC,125,final,2938,5938,0.06349577188491823,2.0,2.0,0.5618343949317932,8.26526129245758
DiscreteSAC,125,final,2939,5939,0.0051022338867187655,2.0,2.0,0.7004750370979309,2.6146764755249023
DiscreteSAC,125,final,2940,5940,-0.30948840379714965,10.0,4.0,0.9648327231407166,3.4634774684906007
DiscreteSAC,125,final,2941,5941,-0.127186678647995,8.0,4.0,0.1047363132238388,345.5431452989578
DiscreteSAC,125,final,2942,5942,-0.33885430097579955,10.0,4.0,0.42276790738105774,3.4853965044021606
DiscreteSAC,125,final,2943,5943,-0.2448451566696167,8.0,5.0,0.6655653119087219,2.575745314359665
DiscreteSAC,125,final,2944,5944,-0.10219289898872376,4.0,3.0,0.4294505715370178,1.9155435860157013
DiscreteSAC,125,final,2945,5945,0.010708535313606271,4.0,3.0,0.18427637219429016,1.875001847743988
DiscreteSAC,125,final,2946,5946,0.037060205936431896,7.0,4.0,0.6279943585395813,11.324737089020866
DiscreteSAC,125,final,2947,5947,0.062183992862701425,2.0,2.0,0.38919904828071594,2.767683744430542
DiscreteSAC,125,final,2948,5948,0.0814145076274872,2.0,2.0,0.3455801010131836,2.1020384430885315
DiscreteSAC,125,final,2949,5949,0.11649744153022767,6.0,3.0,0.374742716550827,2.340478301048279
DiscreteSAC,125,final,2950,5950,-0.04155593156814576,4.0,3.0,0.8760612607002258,2.950542628765106
DiscreteSAC,125,final,2951,5951,-0.058142890930175786,4.0,3.0,0.6568014025688171,2.701772630214691
DiscreteSAC,125,final,2952,5952,0.21433187246322633,3.0,3.0,0.8768841624259949,525.5057531992594
DiscreteSAC,125,final,2953,5953,-0.6529805660247803,10.0,3.0,0.667438805103302,205.58926539421083
DiscreteSAC,125,final,2954,5954,-0.13724827766418457,5.0,4.0,1.2591499090194702,1137.3962238311767
DiscreteSAC,125,final,2955,5955,-0.04451189517974853,3.0,2.0,1.0005924701690674,151.13443851470947
DiscreteSAC,125,final,2956,5956,0.3244930076599121,2.0,2.0,1.128490686416626,19214.2969121933
DiscreteSAC,125,final,2957,5957,-0.3752186238765717,10.0,5.0,0.4049173891544342,87.84995574951172
DiscreteSAC,125,final,2958,5958,-0.41511906385421754,10.0,4.0,0.6004492044448853,45.5645809173584
DiscreteSAC,125,final,2959,5959,-0.5976983606815338,10.0,3.0,0.40073511004447937,105.15185298919678
DiscreteSAC,125,final,2960,5960,-0.47073841094970703,10.0,3.0,0.8972834944725037,12.424510860443116
DiscreteSAC,125,final,2961,5961,-0.3986331105232239,10.0,2.0,0.6290416121482849,7.852665615081787
DiscreteSAC,125,final,2962,5962,-0.2648995530605316,7.0,2.0,0.15734484791755676,164.03407055991036
DiscreteSAC,125,final,2963,5963,-0.3369146347045899,10.0,6.0,0.37726444005966187,4.880043148994446
DiscreteSAC,125,final,2964,5964,0.05487166762351991,3.0,2.0,0.3024890124797821,2.458041191101074
DiscreteSAC,125,final,2965,5965,-0.05572895288467407,8.0,3.0,0.40331798791885376,3.04293529689312
DiscreteSAC,125,final,2966,5966,-0.054344793558120705,4.0,3.0,0.4385826587677002,3.1275798082351685
DiscreteSAC,125,final,2967,5967,-0.161127028465271,6.0,4.0,0.2265549749135971,2.883992354075114
DiscreteSAC,125,final,2968,5968,-0.023599542379379265,7.0,5.0,0.25339391827583313,2.701232433319092
DiscreteSAC,125,final,2969,5969,0.07286466836929323,2.0,2.0,0.7581915259361267,2.5463770627975464
DiscreteSAC,125,final,2970,5970,-0.10597312450408937,5.0,4.0,0.9310103058815002,3.087431716918945
DiscreteSAC,125,final,2971,5971,0.12101025104522706,3.0,3.0,0.5584935545921326,3.4536873499552407
DiscreteSAC,125,final,2972,5972,-0.4682700276374817,10.0,5.0,0.5883230566978455,4.726402151584625
DiscreteSAC,125,final,2973,5973,-0.3787119150161743,10.0,3.0,0.4108700156211853,2.2959965467453003
DiscreteSAC,125,final,2974,5974,-0.11020429730415345,5.0,3.0,0.2709823250770569,3.3539353132247927
DiscreteSAC,125,final,2975,5975,-0.048824536800384524,5.0,3.0,0.4780862033367157,1.920406460762024
DiscreteSAC,125,final,2976,5976,-0.07462794661521911,3.0,2.0,0.4350452423095703,4.497695088386536
DiscreteSAC,125,final,2977,5977,0.03279674768447877,3.0,3.0,0.5426514148712158,2.7304636240005493
DiscreteSAC,125,final,2978,5978,-0.4321734428405762,10.0,4.0,1.0494390726089478,2.9422168493270875
DiscreteSAC,125,final,2979,5979,0.0027167963981628573,2.0,2.0,0.7463397979736328,3.0552406907081604
DiscreteSAC,125,final,2980,5980,-0.36117938995361326,9.0,3.0,0.4624701142311096,2.82073183854421
DiscreteSAC,125,final,2981,5981,0.09000000000000001,1.0,1.0,0.26283755898475647,4.061305999755859
DiscreteSAC,125,final,2982,5982,-0.046839659214019766,8.0,5.0,0.5472749471664429,3.367092877626419
DiscreteSAC,125,final,2983,5983,-0.508794915676117,10.0,4.0,0.6935067176818848,2.834479820728302
DiscreteSAC,125,final,2984,5984,-0.6337773203849794,10.0,3.0,0.27175161242485046,1.9806628704071045
DiscreteSAC,125,final,2985,5985,0.22437620878219605,3.0,3.0,0.7520344853401184,1.7949994802474976
DiscreteSAC,125,final,2986,5986,0.09000000000000001,1.0,1.0,0.5765714049339294,2.2575838565826416
DiscreteSAC,125,final,2987,5987,-0.2120760202407837,10.0,6.0,0.43874427676200867,2.8204652070999146
DiscreteSAC,125,final,2988,5988,-0.08385668516159057,7.0,3.0,0.5950154066085815,7.751625316483634
DiscreteSAC,125,final,2989,5989,0.06502446711063387,2.0,2.0,0.2163773626089096,1.9059373140335083
DiscreteSAC,125,final,2990,5990,0.13135260581970215,6.0,4.0,1.0567467212677002,2.870770573616028
DiscreteSAC,125,final,2991,5991,-0.303196394443512,10.0,5.0,0.5527850389480591,5.329321551322937
DiscreteSAC,125,final,2992,5992,-0.27046665132045744,8.0,3.0,0.20059321820735931,2.2943802177906036
DiscreteSAC,125,final,2993,5993,-0.023636430501937852,5.0,4.0,0.2615432143211365,1.6917705297470094
DiscreteSAC,125,final,2994,5994,-0.2244019627571106,10.0,6.0,0.6271036267280579,1.8518350839614868
DiscreteSAC,125,final,2995,5995,-0.09658840656280517,6.0,2.0,0.6138142943382263,173.50538397828737
DiscreteSAC,125,final,2996,5996,-0.5267834752798081,10.0,5.0,0.3491239845752716,1.910485965013504
DiscreteSAC,125,final,2997,5997,0.09000000000000001,1.0,1.0,0.10460591316223145,0.7727272510528564
DiscreteSAC,125,final,2998,5998,0.353063645362854,6.0,4.0,0.763323187828064,7.896316627661387
DiscreteSAC,125,final,2999,5999,0.0482657027244568,3.0,3.0,0.5696868896484375,9.431489626566568
DiscreteSAC,125,final,3000,6000,0.08611162185668947,2.0,2.0,0.7445887327194214,2.6158733665943146
