agent,seed,phase,local_episode,cumulative_episode,reward,steps,selected_regions,classification_loss,optimization_loss
DiscreteSAC,5,mid,1,1001,-0.5798215091228485,10.0,4.0,0.44931942224502563,-1.2705437302589417
DiscreteSAC,5,mid,2,1002,-0.47306342124938966,10.0,4.0,0.2689574062824249,-1.2877756237983704
DiscreteSAC,5,mid,3,1003,-0.38618314266204834,10.0,3.0,0.39302587509155273,-1.277267837524414
DiscreteSAC,5,mid,4,1004,-0.33018357753753663,10.0,4.0,0.6301990151405334,-1.2485961079597474
DiscreteSAC,5,mid,5,1005,-0.21060162782669067,10.0,5.0,0.23703202605247498,-1.2874552845954894
DiscreteSAC,5,mid,6,1006,-0.49712520837783813,10.0,3.0,0.719779372215271,-1.2920692086219787
DiscreteSAC,5,mid,7,1007,-0.22482873201370235,10.0,6.0,0.9822670817375183,-1.2577315092086792
DiscreteSAC,5,mid,8,1008,-0.44452036023139957,10.0,6.0,0.4733622670173645,-1.246422278881073
DiscreteSAC,5,mid,9,1009,-0.3707351088523865,10.0,3.0,0.9949312806129456,-1.2618534445762635
DiscreteSAC,5,mid,10,1010,-0.5494538784027101,10.0,5.0,0.5294876098632812,-1.2988781094551087
DiscreteSAC,5,mid,11,1011,-0.44275381565093996,10.0,5.0,0.6178451776504517,-1.286462140083313
DiscreteSAC,5,mid,12,1012,-0.4523772567510605,10.0,4.0,0.23626621067523956,-1.3073548674583435
DiscreteSAC,5,mid,13,1013,-0.3380348145961762,10.0,6.0,0.2767106294631958,-1.3021666407585144
DiscreteSAC,5,mid,14,1014,-0.5766472935676574,10.0,4.0,0.2559698224067688,-1.3064385890960692
DiscreteSAC,5,mid,15,1015,-0.22985429763793946,10.0,4.0,0.4450682997703552,-1.3114519357681274
DiscreteSAC,5,mid,16,1016,-0.4098883032798767,10.0,3.0,0.5623599290847778,-1.2967963218688965
DiscreteSAC,5,mid,17,1017,-0.7990942001342776,10.0,3.0,1.313297152519226,-1.2772579550743104
DiscreteSAC,5,mid,18,1018,-0.5466323614120484,10.0,4.0,0.7824371457099915,-1.2806015968322755
DiscreteSAC,5,mid,19,1019,-0.6381240755319595,10.0,4.0,0.3948809504508972,-1.2966751098632812
DiscreteSAC,5,mid,20,1020,-0.6730416238307955,10.0,4.0,0.6766721606254578,-1.3015288233757019
DiscreteSAC,5,mid,21,1021,-0.27238192558288576,10.0,5.0,0.3588921129703522,-1.2325106024742127
DiscreteSAC,5,mid,22,1022,-0.26451356410980226,10.0,4.0,0.5830482840538025,-1.2918610095977783
DiscreteSAC,5,mid,23,1023,-0.10182304382324223,10.0,4.0,0.7077733278274536,-1.244662618637085
DiscreteSAC,5,mid,24,1024,-0.5159958004951477,10.0,3.0,0.5490727424621582,-1.2909914255142212
DiscreteSAC,5,mid,25,1025,-0.6536996483802797,10.0,4.0,0.5100331902503967,-1.2693448543548584
DiscreteSAC,5,mid,26,1026,-0.44466408491134646,10.0,5.0,0.5616645812988281,-1.2935894966125487
DiscreteSAC,5,mid,27,1027,-0.13021806597709656,7.0,5.0,0.5257192850112915,-1.252720832824707
DiscreteSAC,5,mid,28,1028,-0.3283980131149292,10.0,5.0,0.8437753319740295,-1.2772968530654907
DiscreteSAC,5,mid,29,1029,-0.4197792798280716,10.0,5.0,0.21703343093395233,-1.2420115351676941
DiscreteSAC,5,mid,30,1030,-0.050556354522705085,8.0,4.0,0.9179296493530273,-1.3416357785463333
DiscreteSAC,5,mid,31,1031,0.07018541812896727,8.0,5.0,1.1790688037872314,-1.230328917503357
DiscreteSAC,5,mid,32,1032,-0.6079055786132812,10.0,4.0,0.7122102379798889,-1.2512944340705872
DiscreteSAC,5,mid,33,1033,-0.5575583577156067,10.0,3.0,0.5574649572372437,-1.287235140800476
DiscreteSAC,5,mid,34,1034,-0.41209251880645753,10.0,4.0,0.9556823372840881,-1.2607586860656739
DiscreteSAC,5,mid,35,1035,-0.002582126855850242,10.0,5.0,0.3851507604122162,-1.288834309577942
DiscreteSAC,5,mid,36,1036,-0.5172226428985596,10.0,3.0,0.35598912835121155,-1.3198888182640076
DiscreteSAC,5,mid,37,1037,-0.002968379259109491,4.0,2.0,0.15556882321834564,-1.2391904592514038
DiscreteSAC,5,mid,38,1038,-0.31939312219619753,10.0,5.0,0.705220639705658,-1.2805865168571473
DiscreteSAC,5,mid,39,1039,-0.3782647967338562,10.0,4.0,0.36156973242759705,-1.2399066090583801
DiscreteSAC,5,mid,40,1040,-0.2750751280784607,9.0,4.0,0.8467488884925842,-1.2831380234824286
DiscreteSAC,5,mid,41,1041,-0.39764257669448855,10.0,5.0,0.6199336051940918,-1.2803223133087158
DiscreteSAC,5,mid,42,1042,-0.5306400895118714,10.0,5.0,0.5220099687576294,-1.304028534889221
DiscreteSAC,5,mid,43,1043,0.07273684501647945,9.0,6.0,0.5523043274879456,-1.281826827261183
DiscreteSAC,5,mid,44,1044,-0.10540315032005311,7.0,4.0,0.30158647894859314,-1.31843216078622
DiscreteSAC,5,mid,45,1045,-0.19331436425447462,7.0,3.0,0.1359347552061081,-1.296069587979998
DiscreteSAC,5,mid,46,1046,-0.18731249928474425,6.0,3.0,0.3395252227783203,-1.2469807664553325
DiscreteSAC,5,mid,47,1047,-0.28205477595329287,10.0,5.0,0.44509437680244446,-1.2434817671775817
DiscreteSAC,5,mid,48,1048,-0.30707625150680545,10.0,6.0,0.8056515455245972,-1.266726517677307
DiscreteSAC,5,mid,49,1049,-0.38094712495803834,10.0,4.0,0.6280558705329895,-1.2576793789863587
DiscreteSAC,5,mid,50,1050,-0.3805365800857544,10.0,5.0,0.9149060249328613,-1.2667834639549256
DiscreteSAC,5,mid,51,1051,-0.22125680446624757,10.0,4.0,0.7593465447425842,-1.2694517493247985
DiscreteSAC,5,mid,52,1052,-0.27217295169830324,10.0,5.0,0.7355570793151855,-1.2984438061714172
DiscreteSAC,5,mid,53,1053,-0.3114698648452759,10.0,4.0,0.8605772256851196,-1.2618613243103027
DiscreteSAC,5,mid,54,1054,-0.4292751669883728,10.0,4.0,0.39156147837638855,-1.2791157603263854
DiscreteSAC,5,mid,55,1055,-0.39038126468658446,10.0,4.0,0.23753000795841217,-1.261643648147583
DiscreteSAC,5,mid,56,1056,-0.4499876990914345,10.0,4.0,0.08279851824045181,-1.2873207449913024
DiscreteSAC,5,mid,57,1057,-0.4963619947433472,10.0,5.0,0.3890232443809509,-1.285300076007843
DiscreteSAC,5,mid,58,1058,-0.24330314397811886,10.0,5.0,0.8067682981491089,-1.2583563804626465
DiscreteSAC,5,mid,59,1059,-0.38372459411621096,10.0,5.0,0.5685074925422668,-1.3183201670646667
DiscreteSAC,5,mid,60,1060,-0.41973204612731935,10.0,4.0,0.33769017457962036,-1.2495833873748778
DiscreteSAC,5,mid,61,1061,-0.16141921281814575,10.0,5.0,0.693722665309906,-1.236804473400116
DiscreteSAC,5,mid,62,1062,-0.5632669985294343,10.0,6.0,0.5024970173835754,-1.2562777280807496
DiscreteSAC,5,mid,63,1063,-0.28432286977767945,10.0,4.0,0.9178392291069031,-1.2337716102600098
DiscreteSAC,5,mid,64,1064,-0.38667993843555454,10.0,6.0,0.20611174404621124,-1.2938228130340577
DiscreteSAC,5,mid,65,1065,-0.40831577181816103,10.0,5.0,0.35463884472846985,-1.3065375804901123
DiscreteSAC,5,mid,66,1066,-0.24724810123443608,10.0,7.0,0.5898398756980896,-1.2648215889930725
DiscreteSAC,5,mid,67,1067,-0.4804640650749207,10.0,5.0,0.8671725392341614,-1.3155367732048036
DiscreteSAC,5,mid,68,1068,-0.20840429306030273,9.0,4.0,0.7119575142860413,-1.258876707818773
DiscreteSAC,5,mid,69,1069,-0.5383899748325348,10.0,5.0,0.49156782031059265,-1.2550739765167236
DiscreteSAC,5,mid,70,1070,-0.47924448251724244,10.0,4.0,0.7238584160804749,-1.3174372553825378
DiscreteSAC,5,mid,71,1071,-0.706393074989319,10.0,4.0,0.8987021446228027,-1.257039487361908
DiscreteSAC,5,mid,72,1072,-0.2718210220336914,10.0,5.0,0.3960535228252411,-1.2646288394927978
DiscreteSAC,5,mid,73,1073,-0.4627318471670151,10.0,5.0,0.29239100217819214,-1.2725499629974366
DiscreteSAC,5,mid,74,1074,-0.2467648506164551,10.0,4.0,0.8801059722900391,-1.2263279557228088
DiscreteSAC,5,mid,75,1075,-0.13313194513320925,10.0,5.0,0.5919314622879028,-1.2378838658332825
DiscreteSAC,5,mid,76,1076,-0.2654722571372986,10.0,5.0,0.8073920607566833,-1.2805349230766296
DiscreteSAC,5,mid,77,1077,-0.561736309528351,10.0,5.0,0.7098004221916199,-1.3055455803871154
DiscreteSAC,5,mid,78,1078,-0.3767028450965882,10.0,3.0,0.8679227828979492,-1.2797794103622437
DiscreteSAC,5,mid,79,1079,-0.3215642809867859,10.0,5.0,0.8108119964599609,-1.3058313488960267
DiscreteSAC,5,mid,80,1080,-0.4381011784076691,10.0,6.0,0.5568754076957703,-1.2456423878669738
DiscreteSAC,5,mid,81,1081,-0.39805039167404177,10.0,5.0,0.3737547695636749,-1.31994686126709
DiscreteSAC,5,mid,82,1082,-0.30361772775650026,10.0,4.0,0.7431225776672363,-1.3023924112319947
DiscreteSAC,5,mid,83,1083,-0.42763897478580476,10.0,4.0,0.14922545850276947,-1.2491424441337586
DiscreteSAC,5,mid,84,1084,-0.17925043106079103,10.0,6.0,0.648680567741394,-1.276880693435669
DiscreteSAC,5,mid,85,1085,-0.22750629186630253,10.0,4.0,0.8373576998710632,-1.271208119392395
DiscreteSAC,5,mid,86,1086,-0.5786063432693482,10.0,6.0,0.8354695439338684,-1.2483449578285217
DiscreteSAC,5,mid,87,1087,-0.3350603222846985,10.0,5.0,0.6306473612785339,-1.3146227717399597
DiscreteSAC,5,mid,88,1088,-0.32982726097106935,10.0,4.0,0.808914303779602,-1.2749596118927002
DiscreteSAC,5,mid,89,1089,-0.39943250417709353,10.0,5.0,0.5728514790534973,-1.3115248322486877
DiscreteSAC,5,mid,90,1090,0.05123286962509152,8.0,5.0,0.6714138388633728,-1.2831003218889236
DiscreteSAC,5,mid,91,1091,-0.5113846361637115,10.0,3.0,0.3779195249080658,-1.2703916668891906
DiscreteSAC,5,mid,92,1092,-0.37857468128204347,10.0,4.0,0.6211481094360352,-1.2761488080024719
DiscreteSAC,5,mid,93,1093,-0.00010502099990844505,6.0,4.0,0.500487208366394,-1.274290959040324
DiscreteSAC,5,mid,94,1094,-0.22497968673706054,10.0,4.0,0.6863546967506409,-1.278696858882904
DiscreteSAC,5,mid,95,1095,-0.2512926959991455,9.0,4.0,0.5618808269500732,-1.3127627637651231
DiscreteSAC,5,mid,96,1096,-0.21203292012214658,10.0,6.0,0.37187817692756653,-1.2621623635292054
DiscreteSAC,5,mid,97,1097,-0.2751346111297608,10.0,7.0,1.100736379623413,-1.2744120836257935
DiscreteSAC,5,mid,98,1098,-0.4417395055294037,10.0,6.0,0.4557653069496155,-1.2711516499519349
DiscreteSAC,5,mid,99,1099,-0.3411913871765137,10.0,6.0,0.6278090476989746,-1.2293151378631593
DiscreteSAC,5,mid,100,1100,-0.5941311538219451,10.0,4.0,0.4362875521183014,-1.2238457798957825
DiscreteSAC,5,mid,101,1101,-0.297207772731781,10.0,5.0,0.3830621540546417,-1.2616522550582885
DiscreteSAC,5,mid,102,1102,-0.29416518449783324,9.0,4.0,0.9836600422859192,-1.294874416457282
DiscreteSAC,5,mid,103,1103,-0.44880051612854005,10.0,4.0,0.7189119458198547,-1.2881240963935852
DiscreteSAC,5,mid,104,1104,-0.4015353560447693,10.0,5.0,0.20298221707344055,-1.276296043395996
DiscreteSAC,5,mid,105,1105,-0.6269355535507202,10.0,4.0,0.4374217092990875,-1.2656494498252868
DiscreteSAC,5,mid,106,1106,-0.12771910667419428,9.0,5.0,0.610462486743927,-1.2962980800204806
DiscreteSAC,5,mid,107,1107,-0.4073526859283447,10.0,3.0,0.9390134811401367,-1.2772403478622436
DiscreteSAC,5,mid,108,1108,-0.5466832518577576,10.0,3.0,0.7570818662643433,-1.264780330657959
DiscreteSAC,5,mid,109,1109,-0.5613788485527039,10.0,4.0,0.3191757798194885,-1.2295129299163818
DiscreteSAC,5,mid,110,1110,-0.5073424249887467,10.0,4.0,0.25097140669822693,-1.2800731778144836
DiscreteSAC,5,mid,111,1111,-0.33007370471954345,9.0,4.0,0.6093887090682983,-1.2705539464950562
DiscreteSAC,5,mid,112,1112,0.10701947927474975,8.0,5.0,0.995621383190155,-1.2328060120344162
DiscreteSAC,5,mid,113,1113,-0.3041871845722198,10.0,6.0,0.41346386075019836,-1.293841540813446
DiscreteSAC,5,mid,114,1114,-0.10853357791900635,8.0,6.0,0.6854506134986877,-1.2581618130207062
DiscreteSAC,5,mid,115,1115,-0.3166088402271271,10.0,5.0,0.4360314905643463,-1.2956757307052613
DiscreteSAC,5,mid,116,1116,0.031182880401611338,8.0,5.0,0.7724570035934448,-1.2803654819726944
DiscreteSAC,5,mid,117,1117,-0.3995177686214447,10.0,5.0,0.45606866478919983,-1.2928307890892028
DiscreteSAC,5,mid,118,1118,-0.2457280039787293,10.0,7.0,0.9870303273200989,-1.232993471622467
DiscreteSAC,5,mid,119,1119,-0.4876182794570923,10.0,4.0,0.6167882084846497,-1.2679691910743713
DiscreteSAC,5,mid,120,1120,-0.3772149443626404,10.0,6.0,0.544448733329773,-1.237741184234619
DiscreteSAC,5,mid,121,1121,-0.34310447573661806,10.0,5.0,0.4087105393409729,-1.2587128639221192
DiscreteSAC,5,mid,122,1122,-0.23791808366775513,8.0,5.0,0.6965466737747192,-1.2579325288534164
DiscreteSAC,5,mid,123,1123,-0.4172525137662888,10.0,7.0,0.2587278485298157,-1.2721291422843932
DiscreteSAC,5,mid,124,1124,-0.5518287658691406,10.0,5.0,0.9294334053993225,-1.2659797668457031
DiscreteSAC,5,mid,125,1125,-0.4433354824781418,10.0,5.0,0.15784840285778046,-1.3094460368156433
DiscreteSAC,5,mid,126,1126,-0.43772222399711613,10.0,7.0,0.5203312039375305,-1.290391206741333
DiscreteSAC,5,mid,127,1127,-0.10890145301818849,10.0,4.0,0.6929416656494141,-1.320132803916931
DiscreteSAC,5,mid,128,1128,-0.23426461458206177,9.0,5.0,0.550758421421051,-1.2884831693437364
DiscreteSAC,5,mid,129,1129,-0.4932259440422058,10.0,4.0,0.6797558069229126,-1.2720905542373657
DiscreteSAC,5,mid,130,1130,-0.021020793914794937,10.0,5.0,0.5814529657363892,-1.2505606770515443
DiscreteSAC,5,mid,131,1131,-0.3597137451171875,10.0,4.0,0.6131454110145569,-1.2710131525993347
DiscreteSAC,5,mid,132,1132,-0.25919355154037477,10.0,6.0,0.6730838418006897,-1.2885293006896972
DiscreteSAC,5,mid,133,1133,-0.23715270757675172,10.0,6.0,0.5940880179405212,-1.2759000301361083
DiscreteSAC,5,mid,134,1134,-0.4842978984117508,10.0,4.0,0.19573433697223663,-1.2934096813201905
DiscreteSAC,5,mid,135,1135,-0.3275477409362793,10.0,4.0,1.0316011905670166,-1.2450672507286071
DiscreteSAC,5,mid,136,1136,-0.27530133962631226,9.0,5.0,0.7213239669799805,-1.268458538585239
DiscreteSAC,5,mid,137,1137,-0.4826738953590393,10.0,4.0,0.16725994646549225,-1.2754913091659545
DiscreteSAC,5,mid,138,1138,-0.9816630005836489,10.0,4.0,0.7820984125137329,-1.277894675731659
DiscreteSAC,5,mid,139,1139,-0.6346209764480593,10.0,4.0,0.8674986958503723,-1.2525427699089051
DiscreteSAC,5,mid,140,1140,-1.167212873697281,10.0,3.0,1.1436240673065186,-1.268872821331024
DiscreteSAC,5,mid,141,1141,-0.5189593359827995,10.0,3.0,0.11475754529237747,-1.2848012089729308
DiscreteSAC,5,mid,142,1142,-0.38227347135543827,10.0,6.0,0.9839739799499512,-1.2950241923332215
DiscreteSAC,5,mid,143,1143,-0.441987481713295,10.0,4.0,0.24316023290157318,-1.2874515414237977
DiscreteSAC,5,mid,144,1144,-0.3775615096092224,10.0,3.0,0.9074690937995911,-1.3087005853652953
DiscreteSAC,5,mid,145,1145,-0.3896471500396729,10.0,5.0,1.0317758321762085,-1.2668425917625428
DiscreteSAC,5,mid,146,1146,-0.12065457582473756,8.0,4.0,0.934386134147644,-1.203080177307129
DiscreteSAC,5,mid,147,1147,-0.40697237849235535,10.0,3.0,0.37188035249710083,-1.3021085023880006
DiscreteSAC,5,mid,148,1148,-0.2787957841157913,9.0,4.0,0.20726418495178223,-1.2670314841800265
DiscreteSAC,5,mid,149,1149,-0.11414145946502686,7.0,4.0,0.17778518795967102,-1.235634173665728
DiscreteSAC,5,mid,150,1150,-0.4938963890075684,10.0,5.0,0.7025183439254761,-1.3125030040740966
DiscreteSAC,5,mid,151,1151,-0.010254238843917837,8.0,5.0,0.43413034081459045,-1.2897917479276657
DiscreteSAC,5,mid,152,1152,-0.294563969373703,9.0,4.0,0.5015949010848999,-1.246204866303338
DiscreteSAC,5,mid,153,1153,-0.5226690292358399,10.0,4.0,0.6579257249832153,-1.2499066233634948
DiscreteSAC,5,mid,154,1154,-0.4642129302024841,10.0,6.0,0.7360162138938904,-1.2983928799629212
DiscreteSAC,5,mid,155,1155,-0.413851734995842,10.0,4.0,0.23906929790973663,-1.2456335306167603
DiscreteSAC,5,mid,156,1156,-0.4759301513433457,10.0,4.0,0.2752053141593933,-1.256667160987854
DiscreteSAC,5,mid,157,1157,-0.43581165075302125,10.0,4.0,0.6401839852333069,-1.3024028182029723
DiscreteSAC,5,mid,158,1158,-0.3969735026359558,10.0,4.0,0.6618391871452332,-1.2619724035263062
DiscreteSAC,5,mid,159,1159,-0.4343841016292572,10.0,5.0,0.4961913526058197,-1.2598711729049683
DiscreteSAC,5,mid,160,1160,-0.4266293168067932,10.0,4.0,0.8376579880714417,-1.2413371205329895
DiscreteSAC,5,mid,161,1161,-0.33971877098083497,10.0,4.0,0.46449780464172363,-1.292803907394409
DiscreteSAC,5,mid,162,1162,-0.14443441629409792,10.0,5.0,0.5567132830619812,-1.2295657873153687
DiscreteSAC,5,mid,163,1163,-0.44637306928634646,10.0,5.0,0.47221654653549194,-1.3255849003791809
DiscreteSAC,5,mid,164,1164,-0.29398463368415834,10.0,4.0,0.44860079884529114,-1.2835434436798097
DiscreteSAC,5,mid,165,1165,-0.6661421030759813,10.0,4.0,0.43972787261009216,-1.243463122844696
DiscreteSAC,5,mid,166,1166,-0.11941186904907226,7.0,3.0,0.7016392350196838,-1.2694576638085502
DiscreteSAC,5,mid,167,1167,-0.2743140935897827,10.0,4.0,0.6420404314994812,-1.292091703414917
DiscreteSAC,5,mid,168,1168,-0.8231381773948672,10.0,3.0,0.9576525688171387,-1.2455973863601684
DiscreteSAC,5,mid,169,1169,-0.03623730182647704,9.0,5.0,0.808708667755127,-1.2582022216584947
DiscreteSAC,5,mid,170,1170,-0.12599849939346314,9.0,5.0,0.5176282525062561,-1.2776552968555026
DiscreteSAC,5,mid,171,1171,-0.10726935863494877,10.0,4.0,0.7345327138900757,-1.3010981678962708
DiscreteSAC,5,mid,172,1172,-0.604640007019043,10.0,3.0,0.45282742381095886,-1.2722590446472168
DiscreteSAC,5,mid,173,1173,-0.4567128479480744,10.0,6.0,0.4568617641925812,-1.26631338596344
DiscreteSAC,5,mid,174,1174,-0.11650996685028074,8.0,4.0,0.6337146162986755,-1.2839239835739136
DiscreteSAC,5,mid,175,1175,-0.5442269563674927,10.0,4.0,0.7498818635940552,-1.291582465171814
DiscreteSAC,5,mid,176,1176,-0.47590914070606233,10.0,4.0,0.12344478815793991,-1.2596468687057496
DiscreteSAC,5,mid,177,1177,-0.04124987363815309,9.0,5.0,0.515478253364563,-1.2693793773651123
DiscreteSAC,5,mid,178,1178,-0.16494048833847047,10.0,6.0,0.40310177206993103,-1.2402559876441956
DiscreteSAC,5,mid,179,1179,-0.7424336791038515,10.0,4.0,0.4543570876121521,-1.2747268080711365
DiscreteSAC,5,mid,180,1180,-0.48648127913475053,10.0,3.0,0.22412562370300293,-1.2884633183479308
DiscreteSAC,5,mid,181,1181,-0.30513058900833134,10.0,7.0,0.2804137170314789,-1.2959453463554382
DiscreteSAC,5,mid,182,1182,-0.5413017094135285,10.0,4.0,0.39913246035575867,-1.2713780283927918
DiscreteSAC,5,mid,183,1183,-0.599568009376526,10.0,3.0,0.8912497758865356,-1.258051085472107
DiscreteSAC,5,mid,184,1184,-0.37458481788635256,10.0,5.0,0.6306975483894348,-1.2720277428627014
DiscreteSAC,5,mid,185,1185,0.07839737296104429,9.0,4.0,0.44870802760124207,-1.292185280058119
DiscreteSAC,5,mid,186,1186,-0.47216482162475587,10.0,4.0,0.6770791411399841,-1.248832380771637
DiscreteSAC,5,mid,187,1187,-0.3554553687572479,10.0,3.0,0.350151002407074,-1.2691037774085998
DiscreteSAC,5,mid,188,1188,-0.43122698068618776,10.0,4.0,0.5015579462051392,-1.286452853679657
DiscreteSAC,5,mid,189,1189,0.14786789894104005,7.0,6.0,1.002948522567749,-1.2661968129021781
DiscreteSAC,5,mid,190,1190,-0.33973815441131594,10.0,5.0,0.7312238812446594,-1.291673743724823
DiscreteSAC,5,mid,191,1191,-0.3106570363044739,10.0,4.0,0.6077451705932617,-1.2543234705924988
DiscreteSAC,5,mid,192,1192,-0.15289451122283937,9.0,6.0,0.35795238614082336,-1.2690375645955403
DiscreteSAC,5,mid,193,1193,-0.3981047928333283,10.0,6.0,0.3235708177089691,-1.2627951145172118
DiscreteSAC,5,mid,194,1194,-0.3573452472686768,10.0,5.0,0.7323803305625916,-1.2898748397827149
DiscreteSAC,5,mid,195,1195,-0.14018370151519777,9.0,6.0,0.6831613183021545,-1.247880710495843
DiscreteSAC,5,mid,196,1196,-0.18650792241096498,10.0,6.0,0.4154846668243408,-1.2675127983093262
DiscreteSAC,5,mid,197,1197,-0.31940295696258547,10.0,5.0,0.8732686638832092,-1.2606556057929992
DiscreteSAC,5,mid,198,1198,-0.28901444673538207,10.0,7.0,0.4372682273387909,-1.2656067252159118
DiscreteSAC,5,mid,199,1199,-0.517197847366333,10.0,3.0,0.8609867691993713,-1.2645163774490356
DiscreteSAC,5,mid,200,1200,-0.29805793762207033,10.0,5.0,0.7591460943222046,-1.2640949130058288
DiscreteSAC,5,mid,201,1201,-0.34067789912223817,10.0,4.0,0.3553776741027832,-1.2505739212036133
DiscreteSAC,5,mid,202,1202,-0.5121928945183755,10.0,4.0,0.18629051744937897,-1.289260470867157
DiscreteSAC,5,mid,203,1203,-0.16630368947982788,7.0,4.0,0.2917398512363434,-1.3009696687970842
DiscreteSAC,5,mid,204,1204,-0.4178042143583299,10.0,4.0,0.2835864722728729,-1.2971007466316222
DiscreteSAC,5,mid,205,1205,-0.2765028715133667,10.0,5.0,0.3299887478351593,-1.2761466383934021
DiscreteSAC,5,mid,206,1206,-0.22129068374633792,10.0,6.0,0.9439018964767456,-1.2535854697227478
DiscreteSAC,5,mid,207,1207,-0.21571666479110718,8.0,5.0,0.3422251343727112,-1.3191490322351456
DiscreteSAC,5,mid,208,1208,-0.12751246929168703,9.0,6.0,1.108138084411621,-1.266146394941542
DiscreteSAC,5,mid,209,1209,-0.18502708673477175,10.0,5.0,0.6917619705200195,-1.2958868384361266
DiscreteSAC,5,mid,210,1210,-0.2275024652481079,10.0,5.0,0.6363769769668579,-1.2380882143974303
DiscreteSAC,5,mid,211,1211,-0.21182003855705261,9.0,5.0,0.2552725076675415,-1.2928953833050199
DiscreteSAC,5,mid,212,1212,-0.41328595876693724,10.0,4.0,0.5039629936218262,-1.2278939604759216
DiscreteSAC,5,mid,213,1213,-0.299360179901123,10.0,5.0,0.6189767718315125,-1.2370608568191528
DiscreteSAC,5,mid,214,1214,-0.17053450584411617,9.0,6.0,0.6019651293754578,-1.2978960408104792
DiscreteSAC,5,mid,215,1215,-0.43515114337205885,10.0,6.0,0.16360938549041748,-1.2669185280799866
DiscreteSAC,5,mid,216,1216,-0.5451171517372132,10.0,4.0,0.691909909248352,-1.2790513038635254
DiscreteSAC,5,mid,217,1217,-0.4419741153717041,10.0,4.0,0.794246256351471,-1.198255443572998
DiscreteSAC,5,mid,218,1218,-0.3775810956954956,10.0,3.0,0.6561952233314514,-1.2910956501960755
DiscreteSAC,5,mid,219,1219,-0.18475286483764647,7.0,3.0,0.6319556832313538,-1.2607051815305437
DiscreteSAC,5,mid,220,1220,0.11940319299697874,4.0,3.0,0.5696200132369995,-1.1873697936534882
DiscreteSAC,5,mid,221,1221,-0.5101729273796082,10.0,5.0,0.2640547454357147,-1.2753272652626038
DiscreteSAC,5,mid,222,1222,-0.4606292247772217,10.0,3.0,0.47795242071151733,-1.2565320611000061
DiscreteSAC,5,mid,223,1223,-0.4090536057949066,10.0,4.0,0.26322421431541443,-1.2762920141220093
DiscreteSAC,5,mid,224,1224,-0.5041673421859741,10.0,5.0,0.6829915046691895,-1.2380403399467468
DiscreteSAC,5,mid,225,1225,-0.535223138332367,10.0,4.0,0.4514932632446289,-1.240940022468567
DiscreteSAC,5,mid,226,1226,-0.5858084976673126,10.0,4.0,0.6134507060050964,-1.2339730143547059
DiscreteSAC,5,mid,227,1227,-0.10361016511917114,7.0,5.0,0.4077107012271881,-1.2373056071145194
DiscreteSAC,5,mid,228,1228,-0.31370710134506224,10.0,4.0,0.36736053228378296,-1.2725921392440795
DiscreteSAC,5,mid,229,1229,-0.40802396535873414,10.0,4.0,0.671126663684845,-1.2511874198913575
DiscreteSAC,5,mid,230,1230,0.2386406660079956,10.0,5.0,1.3511273860931396,-1.2818491578102111
DiscreteSAC,5,mid,231,1231,-0.469753634929657,10.0,4.0,0.881876528263092,-1.238361382484436
DiscreteSAC,5,mid,232,1232,-0.6851514875888827,10.0,3.0,0.532676637172699,-1.261123824119568
DiscreteSAC,5,mid,233,1233,0.057179152965545633,10.0,5.0,0.7746143937110901,-1.249341034889221
DiscreteSAC,5,mid,234,1234,0.1264148187637329,8.0,6.0,0.7008852958679199,-1.2628204971551895
DiscreteSAC,5,mid,235,1235,-0.02246458172798159,9.0,3.0,0.4615274965763092,-1.242810845375061
DiscreteSAC,5,mid,236,1236,-0.4365415215492249,10.0,5.0,0.6514297723770142,-1.227691149711609
DiscreteSAC,5,mid,237,1237,-0.5277111053466798,10.0,4.0,0.7215315699577332,-1.2506072163581847
DiscreteSAC,5,mid,238,1238,-0.318628990650177,10.0,5.0,0.23288938403129578,-1.242080068588257
DiscreteSAC,5,mid,239,1239,0.018570430278778083,8.0,4.0,0.5319461226463318,-1.2877540737390518
DiscreteSAC,5,mid,240,1240,-0.1442169785499573,10.0,5.0,0.8722160458564758,-1.2224514722824096
DiscreteSAC,5,mid,241,1241,-0.22214828729629515,10.0,4.0,0.6873563528060913,-1.2808006644248962
DiscreteSAC,5,mid,242,1242,-0.45970065593719484,10.0,4.0,0.33554646372795105,-1.2450439572334289
DiscreteSAC,5,mid,243,1243,-0.31759153842926025,9.0,4.0,0.5780325531959534,-1.2674199475182428
DiscreteSAC,5,mid,244,1244,-0.5697512745857238,10.0,4.0,0.3842136561870575,-1.2700355648994446
DiscreteSAC,5,mid,245,1245,-0.3821918153762817,9.0,3.0,0.8703641891479492,-1.2494568427403767
DiscreteSAC,5,mid,246,1246,-0.1294056534767151,10.0,6.0,0.7926363348960876,-1.2397018551826477
DiscreteSAC,5,mid,247,1247,-0.44522769451141353,10.0,4.0,0.7413173317909241,-1.2474072456359864
DiscreteSAC,5,mid,248,1248,-0.32866218090057375,10.0,5.0,0.5367276668548584,-1.2524121165275575
DiscreteSAC,5,mid,249,1249,-0.5833872854709626,10.0,3.0,0.3635689318180084,-1.2648573160171508
DiscreteSAC,5,mid,250,1250,-0.34823828935623174,10.0,5.0,0.31077560782432556,-1.2555446743965148
DiscreteSAC,5,mid,251,1251,-0.4864099144935608,10.0,4.0,0.2928853929042816,-1.2636027336120605
DiscreteSAC,5,mid,252,1252,-0.0032495534420013544,6.0,4.0,0.3940518796443939,-1.226458231608073
DiscreteSAC,5,mid,253,1253,-0.07320947647094728,10.0,4.0,1.0704858303070068,-1.285701823234558
DiscreteSAC,5,mid,254,1254,-0.4568482756614685,10.0,4.0,0.5626324415206909,-1.2414599895477294
DiscreteSAC,5,mid,255,1255,-0.20834202766418458,10.0,4.0,0.588766872882843,-1.226728618144989
DiscreteSAC,5,mid,256,1256,-0.4574779808521271,10.0,5.0,0.25770583748817444,-1.2709839344024658
DiscreteSAC,5,mid,257,1257,-0.38256186842918394,10.0,6.0,0.49538663029670715,-1.2385566353797912
DiscreteSAC,5,mid,258,1258,-0.5086176991462708,10.0,3.0,0.29414865374565125,-1.2570326685905457
DiscreteSAC,5,mid,259,1259,-0.6653797149658205,10.0,4.0,0.7764059901237488,-1.2487132906913758
DiscreteSAC,5,mid,260,1260,-0.42720181941986085,10.0,4.0,0.7679080367088318,-1.274485719203949
DiscreteSAC,5,mid,261,1261,-0.28649903535842897,10.0,4.0,0.9678782820701599,-1.2693478345870972
DiscreteSAC,5,mid,262,1262,-0.43104101419448854,10.0,4.0,0.5379412174224854,-1.2489667296409608
DiscreteSAC,5,mid,263,1263,-0.38293302059173584,10.0,3.0,0.2116704285144806,-1.2610902547836305
DiscreteSAC,5,mid,264,1264,-0.11077424168586729,8.0,4.0,0.4555412828922272,-1.2743749618530273
DiscreteSAC,5,mid,265,1265,-0.32451860308647157,10.0,4.0,0.4830199182033539,-1.292432677745819
DiscreteSAC,5,mid,266,1266,-0.47618839144706726,10.0,3.0,0.40919584035873413,-1.254952609539032
DiscreteSAC,5,mid,267,1267,-0.47928203344345094,10.0,4.0,0.630794882774353,-1.2779733180999755
DiscreteSAC,5,mid,268,1268,-0.4033405423164368,10.0,5.0,0.48873281478881836,-1.3037742614746093
DiscreteSAC,5,mid,269,1269,-0.37160261869430544,10.0,5.0,0.7343137860298157,-1.287337851524353
DiscreteSAC,5,mid,270,1270,-0.34500023126602175,10.0,5.0,0.48181772232055664,-1.2601529359817505
DiscreteSAC,5,mid,271,1271,-0.19922769904136656,9.0,3.0,0.4551710784435272,-1.268131309085422
DiscreteSAC,5,mid,272,1272,-0.44427030682563784,10.0,5.0,0.39713114500045776,-1.2280774354934691
DiscreteSAC,5,mid,273,1273,-0.14098058581352235,9.0,6.0,0.3118749260902405,-1.2356228431065877
DiscreteSAC,5,mid,274,1274,-0.14133509397506716,10.0,5.0,0.8671844601631165,-1.267292082309723
DiscreteSAC,5,mid,275,1275,-0.4159966230392456,10.0,4.0,0.6836771368980408,-1.2049075484275817
DiscreteSAC,5,mid,276,1276,-0.4329243004322052,10.0,3.0,0.46050354838371277,-1.2961567640304565
DiscreteSAC,5,mid,277,1277,-0.10861746072769167,10.0,6.0,0.9133852124214172,-1.2704940676689147
DiscreteSAC,5,mid,278,1278,-0.47360814809799195,10.0,4.0,0.5957256555557251,-1.2141369462013245
DiscreteSAC,5,mid,279,1279,-0.4128960371017456,10.0,3.0,0.2615813612937927,-1.2532695412635804
DiscreteSAC,5,mid,280,1280,-0.3667208790779114,10.0,5.0,0.927615761756897,-1.2636398077011108
DiscreteSAC,5,mid,281,1281,-0.4705665871500969,10.0,5.0,0.15457575023174286,-1.2749019980430603
DiscreteSAC,5,mid,282,1282,-0.23002591133117678,10.0,5.0,0.7034584283828735,-1.228828990459442
DiscreteSAC,5,mid,283,1283,-0.07378380298614502,5.0,3.0,0.22409169375896454,-1.2499012708663941
DiscreteSAC,5,mid,284,1284,-0.30540722131729126,7.0,4.0,0.8884320855140686,-1.2443725211279733
DiscreteSAC,5,mid,285,1285,-0.08169847011566163,8.0,4.0,0.7646062970161438,-1.2678550332784653
DiscreteSAC,5,mid,286,1286,-0.39193528890609736,10.0,5.0,0.7975901961326599,-1.3049846649169923
DiscreteSAC,5,mid,287,1287,-0.37072066068649295,10.0,6.0,0.638810932636261,-1.2665284037590028
DiscreteSAC,5,mid,288,1288,-0.2345866084098816,10.0,4.0,0.6907649636268616,-1.238227951526642
DiscreteSAC,5,mid,289,1289,-0.27738742828369145,10.0,7.0,0.953737199306488,-1.2490032076835633
DiscreteSAC,5,mid,290,1290,-0.3001692831516266,10.0,5.0,0.3829955756664276,-1.2757056832313538
DiscreteSAC,5,mid,291,1291,-0.09264040708541872,7.0,5.0,0.8214176297187805,-1.2254468713487898
DiscreteSAC,5,mid,292,1292,-0.10627459764480589,8.0,4.0,0.6666639447212219,-1.3097654283046722
DiscreteSAC,5,mid,293,1293,-0.3596052646636963,10.0,4.0,0.5305184125900269,-1.2518475770950317
DiscreteSAC,5,mid,294,1294,-0.5806702375411988,10.0,3.0,0.3631253242492676,-1.2712929129600525
DiscreteSAC,5,mid,295,1295,-0.38935519456863404,10.0,4.0,0.8150914311408997,-1.2851319313049316
DiscreteSAC,5,mid,296,1296,-0.3558341383934021,10.0,4.0,0.6864350438117981,-1.2723734617233275
DiscreteSAC,5,mid,297,1297,0.029823179244995134,8.0,5.0,0.8578325510025024,-1.2813996970653534
DiscreteSAC,5,mid,298,1298,-0.21269437074661257,10.0,7.0,0.3473280966281891,-1.2758848905563354
DiscreteSAC,5,mid,299,1299,-0.3088666915893555,10.0,4.0,1.2329410314559937,-1.2808189392089844
DiscreteSAC,5,mid,300,1300,-0.12956209421157838,9.0,6.0,0.43379321694374084,-1.224952154689365
DiscreteSAC,5,mid,301,1301,-0.3729266464710236,10.0,5.0,0.45713815093040466,-1.2990610003471375
DiscreteSAC,5,mid,302,1302,-0.29375007152557375,10.0,5.0,0.5851734280586243,-1.278648889064789
DiscreteSAC,5,mid,303,1303,-0.41010279655456544,10.0,4.0,0.5763004422187805,-1.2282760381698608
DiscreteSAC,5,mid,304,1304,-0.349391782283783,10.0,5.0,0.8456254601478577,-1.2543315529823302
DiscreteSAC,5,mid,305,1305,-0.22930063128471373,7.0,3.0,0.4073044955730438,-1.2101289544786726
DiscreteSAC,5,mid,306,1306,-0.07362848043441773,7.0,4.0,0.7685335874557495,-1.2384399005344935
DiscreteSAC,5,mid,307,1307,-0.39835366010665896,10.0,5.0,0.7580574154853821,-1.2271879315376282
DiscreteSAC,5,mid,308,1308,-0.04654282093048097,6.0,4.0,0.9628691077232361,-1.256195346514384
DiscreteSAC,5,mid,309,1309,-0.5289188027381897,10.0,3.0,0.7221866250038147,-1.2778520464897156
DiscreteSAC,5,mid,310,1310,-0.45985807180404664,10.0,4.0,0.6525192260742188,-1.2515701532363892
DiscreteSAC,5,mid,311,1311,-0.1889927387237549,10.0,3.0,0.8191022872924805,-1.2588270664215089
DiscreteSAC,5,mid,312,1312,-0.7581407248973848,10.0,4.0,0.7917261123657227,-1.2839045763015746
DiscreteSAC,5,mid,313,1313,-0.6492202579975128,10.0,3.0,0.4055810570716858,-1.2657299757003784
DiscreteSAC,5,mid,314,1314,-0.4165716409683228,10.0,5.0,0.3188086152076721,-1.2172569036483765
DiscreteSAC,5,mid,315,1315,-0.2343953251838684,10.0,3.0,0.8815461993217468,-1.251240360736847
DiscreteSAC,5,mid,316,1316,-0.10924757003784182,8.0,5.0,0.8223773241043091,-1.2639370262622833
DiscreteSAC,5,mid,317,1317,-0.5270806193351746,10.0,5.0,0.46653956174850464,-1.224661660194397
DiscreteSAC,5,mid,318,1318,-0.3679781794548035,10.0,5.0,0.09173286706209183,-1.2347816944122314
DiscreteSAC,5,mid,319,1319,-0.38131387829780583,10.0,7.0,0.4522411525249481,-1.2572572827339172
DiscreteSAC,5,mid,320,1320,-0.059230899810791035,10.0,6.0,1.0655618906021118,-1.243348443508148
DiscreteSAC,5,mid,321,1321,-0.21464930713176728,9.0,5.0,0.2310955822467804,-1.2432133091820612
DiscreteSAC,5,mid,322,1322,-0.3745635747909546,10.0,5.0,0.5344890356063843,-1.2562491416931152
DiscreteSAC,5,mid,323,1323,-0.06831179320812224,6.0,4.0,0.20433995127677917,-1.2039635181427002
DiscreteSAC,5,mid,324,1324,-0.6207922220230104,10.0,4.0,0.7425820231437683,-1.2299184918403625
DiscreteSAC,5,mid,325,1325,-0.43716528415679934,10.0,5.0,0.7760168313980103,-1.2635582208633422
DiscreteSAC,5,mid,326,1326,0.11589079141616823,6.0,5.0,0.6446067094802856,-1.233491837978363
DiscreteSAC,5,mid,327,1327,-0.4923048734664918,10.0,4.0,1.1537787914276123,-1.2255921840667725
DiscreteSAC,5,mid,328,1328,-0.5465290665626527,10.0,4.0,0.7354664206504822,-1.2666624426841735
DiscreteSAC,5,mid,329,1329,-0.5960373103618624,10.0,4.0,0.6372693777084351,-1.2549760222434998
DiscreteSAC,5,mid,330,1330,-0.36021852493286133,10.0,3.0,0.5538529753684998,-1.2845332026481628
DiscreteSAC,5,mid,331,1331,-0.5236620664596557,10.0,6.0,0.7613052129745483,-1.226874542236328
DiscreteSAC,5,mid,332,1332,-0.13481373786926273,10.0,4.0,0.6025884747505188,-1.2348307967185974
DiscreteSAC,5,mid,333,1333,0.018298854827880864,6.0,5.0,0.7173991799354553,-1.2389201720555623
DiscreteSAC,5,mid,334,1334,-0.11533033847808839,10.0,5.0,0.5691377520561218,-1.2888794541358948
DiscreteSAC,5,mid,335,1335,-0.4129825407266617,9.0,5.0,0.4218910336494446,-1.2490880091985066
DiscreteSAC,5,mid,336,1336,-0.1850106620788574,9.0,4.0,0.596284806728363,-1.2595525317721896
DiscreteSAC,5,mid,337,1337,-0.43166213631629946,10.0,5.0,0.45797520875930786,-1.26498122215271
DiscreteSAC,5,mid,338,1338,-0.39570594727993014,10.0,5.0,0.17308977246284485,-1.2452996969223022
DiscreteSAC,5,mid,339,1339,-0.5279002726078034,10.0,5.0,0.4193454682826996,-1.2488837480545043
DiscreteSAC,5,mid,340,1340,-0.6804677844047549,10.0,3.0,0.5346804857254028,-1.2149581789970398
DiscreteSAC,5,mid,341,1341,-0.2480741935968399,8.0,5.0,0.3249271512031555,-1.3161023557186127
DiscreteSAC,5,mid,342,1342,-0.4062698543071747,10.0,6.0,0.5282390713691711,-1.238175630569458
DiscreteSAC,5,mid,343,1343,-0.16177901029586794,10.0,5.0,0.8063291907310486,-1.2793107509613038
DiscreteSAC,5,mid,344,1344,-0.2196532011032104,10.0,6.0,0.408141553401947,-1.2217102766036987
DiscreteSAC,5,mid,345,1345,-0.10804128885269167,9.0,5.0,0.7762161493301392,-1.2626679208543565
DiscreteSAC,5,mid,346,1346,-0.3136760115623474,10.0,4.0,0.8402217030525208,-1.2449554920196533
DiscreteSAC,5,mid,347,1347,-0.47137253880500796,10.0,5.0,0.5272279977798462,-1.2292097210884094
DiscreteSAC,5,mid,348,1348,-0.3281698226928711,10.0,3.0,0.545552670955658,-1.2522256731987
DiscreteSAC,5,mid,349,1349,-0.3650292634963989,10.0,4.0,0.22932370007038116,-1.1938911199569702
DiscreteSAC,5,mid,350,1350,-0.3566355586051941,10.0,4.0,0.9460468292236328,-1.2407100677490235
DiscreteSAC,5,mid,351,1351,-0.49011432826519014,10.0,4.0,0.2809593677520752,-1.2323182940483093
DiscreteSAC,5,mid,352,1352,-0.19290010929107665,10.0,7.0,0.48226088285446167,-1.2773113250732422
DiscreteSAC,5,mid,353,1353,-0.42990710735321047,10.0,5.0,0.5327638387680054,-1.2632199883461
DiscreteSAC,5,mid,354,1354,-0.45061097145080575,10.0,6.0,0.8931587338447571,-1.2813565492630006
DiscreteSAC,5,mid,355,1355,-0.6214829206466675,10.0,4.0,0.4310772716999054,-1.2348293781280517
DiscreteSAC,5,mid,356,1356,-0.3760098457336426,10.0,5.0,0.6442874073982239,-1.234591281414032
DiscreteSAC,5,mid,357,1357,-0.2986649298667908,9.0,5.0,0.5276830196380615,-1.2491582896974351
DiscreteSAC,5,mid,358,1358,-0.4179754972457886,10.0,4.0,0.8198511004447937,-1.2297815322875976
DiscreteSAC,5,mid,359,1359,-0.5536402285099029,10.0,4.0,0.373809814453125,-1.213213360309601
DiscreteSAC,5,mid,360,1360,-0.43630175814032557,10.0,5.0,0.09103094041347504,-1.2426716208457946
DiscreteSAC,5,mid,361,1361,-0.407275402545929,10.0,5.0,0.6927899122238159,-1.2640888333320617
DiscreteSAC,5,mid,362,1362,-0.38140329122543337,10.0,5.0,0.30612292885780334,-1.2641562581062318
DiscreteSAC,5,mid,363,1363,-0.1097310131788254,6.0,5.0,0.2538793385028839,-1.2781385779380798
DiscreteSAC,5,mid,364,1364,-0.2640824842453003,8.0,4.0,0.28899434208869934,-1.292597457766533
DiscreteSAC,5,mid,365,1365,-0.21564628422260285,9.0,5.0,0.183752179145813,-1.2426085207197402
DiscreteSAC,5,mid,366,1366,-0.4258191525936127,10.0,5.0,0.45432043075561523,-1.252678346633911
DiscreteSAC,5,mid,367,1367,-0.4482813000679016,10.0,4.0,0.8983630537986755,-1.2356857657432556
DiscreteSAC,5,mid,368,1368,-0.15314711332321168,10.0,4.0,0.8131229281425476,-1.265436327457428
DiscreteSAC,5,mid,369,1369,-0.19040154814720156,10.0,7.0,0.18376152217388153,-1.2382407426834106
DiscreteSAC,5,mid,370,1370,-0.3258913278579712,10.0,4.0,0.8299641013145447,-1.2743517279624939
DiscreteSAC,5,mid,371,1371,-0.531701171398163,10.0,5.0,0.49315616488456726,-1.253654170036316
DiscreteSAC,5,mid,372,1372,-0.679226839542389,10.0,5.0,0.9469075798988342,-1.2671530604362489
DiscreteSAC,5,mid,373,1373,-0.49482150077819825,10.0,4.0,0.9114115834236145,-1.264524471759796
DiscreteSAC,5,mid,374,1374,-0.14541401863098147,10.0,5.0,1.0187599658966064,-1.2380808472633362
DiscreteSAC,5,mid,375,1375,-0.016127943992614746,10.0,5.0,0.783720850944519,-1.2327741384506226
DiscreteSAC,5,mid,376,1376,-0.23168623447418213,10.0,3.0,0.691883385181427,-1.269433283805847
DiscreteSAC,5,mid,377,1377,-0.4637166678905487,10.0,4.0,0.25359076261520386,-1.2634750843048095
DiscreteSAC,5,mid,378,1378,-0.2278964310884476,10.0,7.0,0.20369963347911835,-1.2464286088943481
DiscreteSAC,5,mid,379,1379,0.07772123336791992,8.0,5.0,0.7179332375526428,-1.2146255671977997
DiscreteSAC,5,mid,380,1380,-0.29641908645629883,9.0,5.0,0.6134281158447266,-1.2908969455295138
DiscreteSAC,5,mid,381,1381,-0.5184630751609802,10.0,3.0,0.8754664063453674,-1.2673327684402467
DiscreteSAC,5,mid,382,1382,-0.363937226831913,9.0,4.0,0.235090970993042,-1.255039135615031
DiscreteSAC,5,mid,383,1383,0.03333103418350217,9.0,5.0,0.6574867367744446,-1.279785434405009
DiscreteSAC,5,mid,384,1384,-0.8545526862144472,10.0,3.0,0.7494010329246521,-1.3368849158287048
DiscreteSAC,5,mid,385,1385,-0.5039641797542572,10.0,5.0,0.2857966423034668,-1.288088893890381
DiscreteSAC,5,mid,386,1386,-0.10237347364425657,8.0,4.0,0.5216051936149597,-1.2987389713525772
DiscreteSAC,5,mid,387,1387,-0.4322964191436768,10.0,5.0,0.6505252718925476,-1.2730687022209168
DiscreteSAC,5,mid,388,1388,-0.21521152257919313,10.0,6.0,0.9008966088294983,-1.272514235973358
DiscreteSAC,5,mid,389,1389,-0.30504817962646485,10.0,4.0,0.6834473013877869,-1.26072096824646
DiscreteSAC,5,mid,390,1390,0.07113057136535647,9.0,5.0,0.7310852408409119,-1.2472922272152371
DiscreteSAC,5,mid,391,1391,-0.23460878133773805,10.0,6.0,0.6132969856262207,-1.2738980054855347
DiscreteSAC,5,mid,392,1392,-0.14843111515045165,8.0,4.0,0.9681048393249512,-1.2493370175361633
DiscreteSAC,5,mid,393,1393,-0.46154406070709225,10.0,5.0,0.8742918372154236,-1.2101377367973327
DiscreteSAC,5,mid,394,1394,-0.49533046185970303,10.0,5.0,0.2159886211156845,-1.2635108709335328
DiscreteSAC,5,mid,395,1395,-0.18559606075286866,10.0,4.0,0.492176353931427,-1.2498134970664978
DiscreteSAC,5,mid,396,1396,-0.15991204977035522,10.0,5.0,0.8487991094589233,-1.236508345603943
DiscreteSAC,5,mid,397,1397,-0.5364548563957214,10.0,3.0,0.13545463979244232,-1.2762823939323424
DiscreteSAC,5,mid,398,1398,-0.19047157168388368,10.0,6.0,0.48009076714515686,-1.2575268030166626
DiscreteSAC,5,mid,399,1399,-0.4587469696998596,10.0,3.0,0.6869016885757446,-1.230270254611969
DiscreteSAC,5,mid,400,1400,-0.4305407524108887,10.0,4.0,0.7116660475730896,-1.2345032930374145
DiscreteSAC,5,mid,401,1401,-0.16975748538970947,10.0,3.0,0.5177046060562134,-1.254957675933838
DiscreteSAC,5,mid,402,1402,0.33017564058303833,6.0,4.0,0.41187000274658203,-1.3001540501912434
DiscreteSAC,5,mid,403,1403,-0.13821269750595094,8.0,6.0,0.8707190752029419,-1.230079472064972
DiscreteSAC,5,mid,404,1404,-0.18295654058456423,10.0,5.0,0.8025508522987366,-1.2172245144844056
DiscreteSAC,5,mid,405,1405,-0.31249443888664247,10.0,4.0,0.37188127636909485,-1.231503438949585
DiscreteSAC,5,mid,406,1406,-0.36475677490234376,10.0,4.0,0.6066957116127014,-1.2649910926818848
DiscreteSAC,5,mid,407,1407,-0.5131979405879975,10.0,4.0,0.22770392894744873,-1.2706486701965332
DiscreteSAC,5,mid,408,1408,-0.16455041170120238,10.0,4.0,0.8604706525802612,-1.2631764650344848
DiscreteSAC,5,mid,409,1409,-0.18708925247192382,10.0,4.0,0.9743529558181763,-1.24635591506958
DiscreteSAC,5,mid,410,1410,-0.23605636954307554,10.0,4.0,0.42797401547431946,-1.217179048061371
DiscreteSAC,5,mid,411,1411,-0.36523611545562745,10.0,4.0,0.6808684468269348,-1.2283807754516602
DiscreteSAC,5,mid,412,1412,-0.44391337037086487,10.0,3.0,0.17601965367794037,-1.2671420097351074
DiscreteSAC,5,mid,413,1413,-0.03196449518203735,9.0,6.0,0.6601720452308655,-1.261523723602295
DiscreteSAC,5,mid,414,1414,-0.5176723003387451,10.0,3.0,0.45939674973487854,-1.232482922077179
DiscreteSAC,5,mid,415,1415,-0.15391907334327698,9.0,5.0,0.340261310338974,-1.196993350982666
DiscreteSAC,5,mid,416,1416,-0.45157756805419924,10.0,5.0,0.45344510674476624,-1.2925956130027771
DiscreteSAC,5,mid,417,1417,-0.38445643186569217,10.0,6.0,0.8680838346481323,-1.3044034004211427
DiscreteSAC,5,mid,418,1418,-0.3285087585449219,10.0,5.0,0.9982026815414429,-1.248496150970459
DiscreteSAC,5,mid,419,1419,-0.22051061391830445,10.0,4.0,0.5666640400886536,-1.2474146604537963
DiscreteSAC,5,mid,420,1420,-0.30832136869430543,10.0,4.0,0.7683061361312866,-1.2547539234161378
DiscreteSAC,5,mid,421,1421,-0.5072106838226318,10.0,4.0,0.6813101172447205,-1.2424675226211548
DiscreteSAC,5,mid,422,1422,-0.33703055381774905,10.0,5.0,0.788293719291687,-1.267580807209015
DiscreteSAC,5,mid,423,1423,-0.3044642925262452,10.0,4.0,0.5869084596633911,-1.269377887248993
DiscreteSAC,5,mid,424,1424,0.044216756820678715,7.0,4.0,0.9393448829650879,-1.2672107219696045
DiscreteSAC,5,mid,425,1425,-0.434531843662262,10.0,6.0,0.5230379700660706,-1.2881763458251954
DiscreteSAC,5,mid,426,1426,-0.4675801217556,10.0,4.0,0.3479751944541931,-1.2265910267829896
DiscreteSAC,5,mid,427,1427,-0.7884725630283358,10.0,3.0,0.531096339225769,-1.2555832386016845
DiscreteSAC,5,mid,428,1428,-0.5101980805397034,10.0,5.0,0.37173494696617126,-1.2333973169326782
DiscreteSAC,5,mid,429,1429,-0.18330689668655398,10.0,5.0,0.8216654658317566,-1.264271903038025
DiscreteSAC,5,mid,430,1430,-0.44612428545951843,10.0,3.0,0.34444162249565125,-1.2696310520172118
DiscreteSAC,5,mid,431,1431,-0.5232798546552658,10.0,5.0,0.34348705410957336,-1.2228742837905884
DiscreteSAC,5,mid,432,1432,-0.4970829546451569,10.0,6.0,0.4007474482059479,-1.2877586364746094
DiscreteSAC,5,mid,433,1433,-0.3063521385192871,10.0,5.0,0.1862023025751114,-1.2754438161849975
DiscreteSAC,5,mid,434,1434,-0.12695962190628052,10.0,5.0,0.8730077147483826,-1.2990617752075195
DiscreteSAC,5,mid,435,1435,-0.44932836890220645,10.0,6.0,0.26386210322380066,-1.2574865579605103
DiscreteSAC,5,mid,436,1436,0.12814647674560548,8.0,4.0,0.2700647711753845,-1.252192422747612
DiscreteSAC,5,mid,437,1437,-0.5602080643177033,10.0,4.0,0.22686134278774261,-1.2819514393806457
DiscreteSAC,5,mid,438,1438,-0.45501883029937745,10.0,4.0,0.6012392640113831,-1.2984277367591859
DiscreteSAC,5,mid,439,1439,-0.29376080632209783,10.0,3.0,0.4705234467983246,-1.2626641154289246
DiscreteSAC,5,mid,440,1440,-0.2848663407564163,8.0,4.0,0.2814621925354004,-1.2653776407241821
DiscreteSAC,5,mid,441,1441,-0.4374405980110168,10.0,5.0,0.32258686423301697,-1.2503970623016358
DiscreteSAC,5,mid,442,1442,-0.3154758453369141,10.0,5.0,0.8103111982345581,-1.2758910417556764
DiscreteSAC,5,mid,443,1443,-0.5159335434436798,10.0,3.0,0.35927465558052063,-1.2815466046333313
DiscreteSAC,5,mid,444,1444,-0.16796210646629334,9.0,5.0,0.3714751601219177,-1.268425424893697
DiscreteSAC,5,mid,445,1445,-0.08468316793441773,10.0,4.0,0.4581969380378723,-1.2388186931610108
DiscreteSAC,5,mid,446,1446,-0.05744059085845948,10.0,4.0,0.6522737741470337,-1.251797652244568
DiscreteSAC,5,mid,447,1447,-0.140115385055542,8.0,5.0,0.6011484861373901,-1.2662323564291
DiscreteSAC,5,mid,448,1448,0.0036311388015746113,10.0,6.0,1.072460651397705,-1.2234856009483337
DiscreteSAC,5,mid,449,1449,-0.15195197463035587,10.0,6.0,0.4110833704471588,-1.2227014780044556
DiscreteSAC,5,mid,450,1450,-0.18311751127243042,9.0,5.0,0.640376091003418,-1.227539234691196
DiscreteSAC,5,mid,451,1451,-0.46943475008010865,10.0,4.0,0.7579027414321899,-1.2554651737213134
DiscreteSAC,5,mid,452,1452,-0.5562913537025451,10.0,4.0,0.8539885878562927,-1.2642379522323608
DiscreteSAC,5,mid,453,1453,0.057192959785461434,6.0,6.0,0.29219725728034973,-1.2615041931470234
DiscreteSAC,5,mid,454,1454,-0.47125585079193116,10.0,4.0,1.004014253616333,-1.2631407618522643
DiscreteSAC,5,mid,455,1455,-0.21072810888290405,10.0,5.0,0.5016404390335083,-1.2721786379814148
DiscreteSAC,5,mid,456,1456,-0.476309597492218,10.0,3.0,0.6709235310554504,-1.2578352451324464
DiscreteSAC,5,mid,457,1457,-0.17486287236213682,8.0,3.0,0.3059714436531067,-1.2729419469833374
DiscreteSAC,5,mid,458,1458,-0.43003733158111573,10.0,4.0,0.43767207860946655,-1.22153080701828
DiscreteSAC,5,mid,459,1459,-0.16332102060317993,9.0,5.0,0.8441709280014038,-1.2504644129011366
DiscreteSAC,5,mid,460,1460,-0.43073026537895204,10.0,4.0,0.25491863489151,-1.2939685225486754
DiscreteSAC,5,mid,461,1461,-0.13757033944129943,5.0,3.0,0.37643003463745117,-1.263403582572937
DiscreteSAC,5,mid,462,1462,-0.3642127871513367,10.0,6.0,0.5504680275917053,-1.2582724571228028
DiscreteSAC,5,mid,463,1463,-0.5533388972282409,10.0,4.0,1.0449676513671875,-1.260294997692108
DiscreteSAC,5,mid,464,1464,-0.3381492280960083,9.0,3.0,0.6141667366027832,-1.2200628254148695
DiscreteSAC,5,mid,465,1465,-0.12858092069625854,8.0,4.0,0.7808467745780945,-1.267467975616455
DiscreteSAC,5,mid,466,1466,0.013733077049255388,10.0,6.0,0.6529374718666077,-1.2311407208442688
DiscreteSAC,5,mid,467,1467,-0.3805017113685608,10.0,5.0,0.5531796216964722,-1.2120079040527343
DiscreteSAC,5,mid,468,1468,-0.5235840201377869,10.0,4.0,0.7273870706558228,-1.268831694126129
DiscreteSAC,5,mid,469,1469,-0.5162803173065186,10.0,5.0,0.7311772704124451,-1.2505118012428285
DiscreteSAC,5,mid,470,1470,-0.2026565146446228,7.0,5.0,0.7696925401687622,-1.2828223364693778
DiscreteSAC,5,mid,471,1471,-0.546888393163681,10.0,4.0,0.3594391644001007,-1.2888280749320984
DiscreteSAC,5,mid,472,1472,-0.17534326553344726,9.0,4.0,0.5015636086463928,-1.2331746816635132
DiscreteSAC,5,mid,473,1473,-0.16419883966445925,10.0,5.0,0.7162941694259644,-1.2381678700447083
DiscreteSAC,5,mid,474,1474,-0.4251470357179642,10.0,5.0,0.12186839431524277,-1.2366453528404235
DiscreteSAC,5,mid,475,1475,-0.4218941807746887,10.0,2.0,0.5269409418106079,-1.2333848834037782
DiscreteSAC,5,mid,476,1476,-0.17138742923736566,7.0,4.0,0.4116908013820648,-1.29622483253479
DiscreteSAC,5,mid,477,1477,-0.03206677436828613,10.0,6.0,0.8691940307617188,-1.2675000786781312
DiscreteSAC,5,mid,478,1478,-0.26961277723312377,10.0,4.0,0.2882847785949707,-1.245991086959839
DiscreteSAC,5,mid,479,1479,-0.08461504459381104,8.0,4.0,0.6936249136924744,-1.2374559044837952
DiscreteSAC,5,mid,480,1480,-0.3394066452980042,10.0,6.0,0.6718558073043823,-1.2863542914390564
DiscreteSAC,5,mid,481,1481,-0.6369449317455294,10.0,4.0,0.4259745478630066,-1.2654077529907226
DiscreteSAC,5,mid,482,1482,-0.2484540492296219,10.0,5.0,0.23485329747200012,-1.2472348809242249
DiscreteSAC,5,mid,483,1483,-0.23425519704818726,9.0,5.0,0.6557474136352539,-1.2227538956536188
DiscreteSAC,5,mid,484,1484,-0.4344556823372841,10.0,4.0,0.1204451397061348,-1.2279214143753052
DiscreteSAC,5,mid,485,1485,-0.003148915767669694,9.0,5.0,0.8280302882194519,-1.2866384983062744
DiscreteSAC,5,mid,486,1486,-0.47579204440116885,10.0,5.0,0.5572738647460938,-1.246448314189911
DiscreteSAC,5,mid,487,1487,-0.33500232696533205,10.0,5.0,0.5107446908950806,-1.2558541297912598
DiscreteSAC,5,mid,488,1488,-0.14606227874755862,10.0,5.0,0.7658637762069702,-1.258944606781006
DiscreteSAC,5,mid,489,1489,-0.6368033885955812,10.0,3.0,0.8528560400009155,-1.2532262802124023
DiscreteSAC,5,mid,490,1490,-0.31378378868103024,10.0,5.0,0.805525004863739,-1.2771518349647522
DiscreteSAC,5,mid,491,1491,-0.40185394287109377,10.0,5.0,0.5740240216255188,-1.2598576188087462
DiscreteSAC,5,mid,492,1492,-0.1112882661819458,8.0,6.0,0.6132184267044067,-1.2322349846363068
DiscreteSAC,5,mid,493,1493,-0.03772050619125365,8.0,5.0,0.8328036665916443,-1.3040180504322052
DiscreteSAC,5,mid,494,1494,-0.4028563737869263,10.0,5.0,0.8815866112709045,-1.2325947284698486
DiscreteSAC,5,mid,495,1495,-0.26892551183700564,10.0,5.0,0.6283588409423828,-1.2586176991462708
DiscreteSAC,5,mid,496,1496,0.10980182170867918,7.0,5.0,0.6623002886772156,-1.3054353509630476
DiscreteSAC,5,mid,497,1497,-0.48670212626457215,10.0,4.0,0.4369737505912781,-1.2758832693099975
DiscreteSAC,5,mid,498,1498,-0.6005212783813477,10.0,4.0,0.42654654383659363,-1.2757645964622497
DiscreteSAC,5,mid,499,1499,-0.2130283534526825,10.0,6.0,0.42885881662368774,-1.287732434272766
DiscreteSAC,5,mid,500,1500,-0.31329805850982667,10.0,4.0,0.700843870639801,-1.2529912829399108
DiscreteSAC,5,mid,501,1501,-0.285690450668335,10.0,5.0,0.5095571279525757,-1.2453144073486329
DiscreteSAC,5,mid,502,1502,-0.4889407277107239,10.0,4.0,0.5487159490585327,-1.2539217710494994
DiscreteSAC,5,mid,503,1503,-0.11850720167160032,7.0,4.0,0.36486151814460754,-1.240942052432469
DiscreteSAC,5,mid,504,1504,-0.6222581326961518,10.0,6.0,0.6804322004318237,-1.2272512555122375
DiscreteSAC,5,mid,505,1505,-0.2556523633003235,7.0,4.0,0.2494419664144516,-1.2344706569399153
DiscreteSAC,5,mid,506,1506,-0.5208489716053009,10.0,4.0,0.5264037847518921,-1.267159640789032
DiscreteSAC,5,mid,507,1507,-0.3076668202877045,10.0,4.0,0.3019067347049713,-1.232386863231659
DiscreteSAC,5,mid,508,1508,-0.2691825032234192,10.0,3.0,0.7631334662437439,-1.2562511086463928
DiscreteSAC,5,mid,509,1509,-0.43025346994400027,10.0,5.0,0.15660667419433594,-1.2554722905158997
DiscreteSAC,5,mid,510,1510,-0.4672988623380661,10.0,4.0,0.23767206072807312,-1.2472958087921142
DiscreteSAC,5,mid,511,1511,0.06652093648910523,8.0,4.0,0.7344132661819458,-1.282826155424118
DiscreteSAC,5,mid,512,1512,-0.8270929872989656,10.0,4.0,0.8211877942085266,-1.28519287109375
DiscreteSAC,5,mid,513,1513,-0.34534303545951844,10.0,4.0,0.3857375979423523,-1.2675391912460328
DiscreteSAC,5,mid,514,1514,0.17452170491218566,6.0,5.0,0.402789443731308,-1.216798981030782
DiscreteSAC,5,mid,515,1515,-0.29981681108474734,10.0,5.0,0.3798649311065674,-1.253134059906006
DiscreteSAC,5,mid,516,1516,-0.43528432846069337,10.0,4.0,0.5609825849533081,-1.2648961424827576
DiscreteSAC,5,mid,517,1517,-0.4368304014205932,10.0,5.0,0.529396653175354,-1.2913740277290344
DiscreteSAC,5,mid,518,1518,-0.12189863681793213,6.0,3.0,0.4818967282772064,-1.256945292154948
DiscreteSAC,5,mid,519,1519,-0.5653183877468109,10.0,4.0,0.42032885551452637,-1.2431996822357179
DiscreteSAC,5,mid,520,1520,-0.41776907444000244,10.0,3.0,0.6457288861274719,-1.2898613810539246
DiscreteSAC,5,mid,521,1521,-0.3667436957359314,10.0,4.0,0.5847920775413513,-1.260848832130432
DiscreteSAC,5,mid,522,1522,-0.5504867106676102,10.0,4.0,0.25653010606765747,-1.2630544900894165
DiscreteSAC,5,mid,523,1523,-0.6811701357364655,10.0,3.0,0.5317652821540833,-1.2704307675361632
DiscreteSAC,5,mid,524,1524,-0.3702221155166626,10.0,5.0,0.875341534614563,-1.242126178741455
DiscreteSAC,5,mid,525,1525,-0.08944773674011232,10.0,5.0,0.6858301758766174,-1.2716993808746337
DiscreteSAC,5,mid,526,1526,-0.28850295543670657,10.0,5.0,0.9401435852050781,-1.241427969932556
DiscreteSAC,5,mid,527,1527,-0.021284525394439716,8.0,5.0,0.874614417552948,-1.25227490067482
DiscreteSAC,5,mid,528,1528,-0.28555772453546524,10.0,5.0,0.1081540510058403,-1.2788877606391906
DiscreteSAC,5,mid,529,1529,-0.5015455007553101,10.0,4.0,0.4233434796333313,-1.2861013889312745
DiscreteSAC,5,mid,530,1530,-0.2485991954803467,10.0,5.0,0.8730560541152954,-1.3051291584968567
DiscreteSAC,5,mid,531,1531,-0.5885032609105111,10.0,4.0,0.2586890161037445,-1.2691843867301942
DiscreteSAC,5,mid,532,1532,-0.6012477725744247,10.0,3.0,0.3017243444919586,-1.240562379360199
DiscreteSAC,5,mid,533,1533,-0.41000455617904663,10.0,3.0,0.5672805905342102,-1.2671950221061707
DiscreteSAC,5,mid,534,1534,-0.07971743941307069,10.0,4.0,0.38161423802375793,-1.243769884109497
DiscreteSAC,5,mid,535,1535,-0.49508808255195613,10.0,4.0,0.4790687561035156,-1.261710286140442
DiscreteSAC,5,mid,536,1536,-0.11349928617477416,9.0,5.0,0.9046681523323059,-1.215599536895752
DiscreteSAC,5,mid,537,1537,-0.4853461623191833,10.0,5.0,0.8294054269790649,-1.2384347438812255
DiscreteSAC,5,mid,538,1538,-0.3757080793380737,10.0,6.0,1.0842692852020264,-1.236650252342224
DiscreteSAC,5,mid,539,1539,-0.4728314995765686,10.0,4.0,0.2967837154865265,-1.256322169303894
DiscreteSAC,5,mid,540,1540,-0.5452374070882797,10.0,3.0,0.18802353739738464,-1.213515329360962
DiscreteSAC,5,mid,541,1541,-0.06302492141723633,7.0,3.0,0.9058476686477661,-1.2403763362339564
DiscreteSAC,5,mid,542,1542,-0.5634334683418275,10.0,3.0,0.7967557311058044,-1.2645514369010926
DiscreteSAC,5,mid,543,1543,-0.3713306188583374,10.0,3.0,0.48954445123672485,-1.2861796498298645
DiscreteSAC,5,mid,544,1544,-0.540712720155716,10.0,6.0,0.4753769338130951,-1.2661982536315919
DiscreteSAC,5,mid,545,1545,0.0927400517463684,7.0,5.0,0.5464960336685181,-1.2418583461216517
DiscreteSAC,5,mid,546,1546,-0.43293405771255494,10.0,4.0,0.5531752705574036,-1.2686702847480773
DiscreteSAC,5,mid,547,1547,-0.38390510678291323,10.0,5.0,0.3791358172893524,-1.2830413222312926
DiscreteSAC,5,mid,548,1548,-0.1487517261505127,9.0,4.0,0.7448546290397644,-1.2201692130830553
DiscreteSAC,5,mid,549,1549,-0.30807189941406254,10.0,7.0,0.6124650239944458,-1.269870901107788
DiscreteSAC,5,mid,550,1550,-0.09873228549957276,8.0,4.0,0.723089873790741,-1.2204008847475052
DiscreteSAC,5,mid,551,1551,-0.3218447208404541,10.0,5.0,0.4387001395225525,-1.2355914115905762
DiscreteSAC,5,mid,552,1552,-0.39441121816635133,10.0,4.0,0.5902705788612366,-1.2772184252738952
DiscreteSAC,5,mid,553,1553,-0.2907520532608033,10.0,3.0,0.47468024492263794,-1.283600127696991
DiscreteSAC,5,mid,554,1554,-0.5371299505233764,10.0,4.0,0.5216487050056458,-1.2693878054618835
DiscreteSAC,5,mid,555,1555,-0.43843807429075243,10.0,5.0,0.1234813705086708,-1.2801216840744019
DiscreteSAC,5,mid,556,1556,-0.29080839157104493,10.0,6.0,0.5630666613578796,-1.247332751750946
DiscreteSAC,5,mid,557,1557,-0.177551007270813,10.0,6.0,1.0757628679275513,-1.2390507459640503
DiscreteSAC,5,mid,558,1558,-0.4674458920955658,10.0,4.0,0.39914172887802124,-1.2729926586151123
DiscreteSAC,5,mid,559,1559,-0.5193096995353699,10.0,3.0,0.2610548138618469,-1.2295460104942322
DiscreteSAC,5,mid,560,1560,-0.4174538254737854,10.0,3.0,0.6332374811172485,-1.2226069808006286
DiscreteSAC,5,mid,561,1561,-0.33539379835128785,10.0,4.0,0.36967703700065613,-1.235931897163391
DiscreteSAC,5,mid,562,1562,-0.032524647712707536,9.0,5.0,0.8247827887535095,-1.2587261862225003
DiscreteSAC,5,mid,563,1563,-0.2564216375350952,10.0,6.0,0.8445250391960144,-1.2916127920150757
DiscreteSAC,5,mid,564,1564,-0.3272895336151123,10.0,4.0,0.820697009563446,-1.2403700947761536
DiscreteSAC,5,mid,565,1565,-0.39120607972145083,10.0,5.0,0.20150329172611237,-1.2312740087509155
DiscreteSAC,5,mid,566,1566,-0.2312515616416931,10.0,5.0,0.6822227239608765,-1.2290478587150573
DiscreteSAC,5,mid,567,1567,-0.34257543087005615,10.0,5.0,0.9371111989021301,-1.2795758485794066
DiscreteSAC,5,mid,568,1568,-0.3271860972046852,10.0,6.0,0.23896297812461853,-1.2957418441772461
DiscreteSAC,5,mid,569,1569,-0.10445862293243409,8.0,4.0,0.7524444460868835,-1.273468017578125
DiscreteSAC,5,mid,570,1570,-0.36869200468063357,10.0,5.0,0.791098415851593,-1.2510135173797607
DiscreteSAC,5,mid,571,1571,-0.008387029170990004,10.0,5.0,0.6166234016418457,-1.262684428691864
DiscreteSAC,5,mid,572,1572,-0.3161358416080475,10.0,4.0,0.31626859307289124,-1.236787247657776
DiscreteSAC,5,mid,573,1573,-0.5096458911895753,10.0,4.0,0.780754029750824,-1.2368155598640442
DiscreteSAC,5,mid,574,1574,-0.5860276430845263,10.0,3.0,0.42843931913375854,-1.2280621647834777
DiscreteSAC,5,mid,575,1575,-0.3230013221502304,10.0,4.0,0.1717696636915207,-1.2574211597442626
DiscreteSAC,5,mid,576,1576,-0.5411720275878906,10.0,3.0,0.7114192843437195,-1.2320668339729308
DiscreteSAC,5,mid,577,1577,-0.3150183200836182,10.0,5.0,1.0157502889633179,-1.2981420159339905
DiscreteSAC,5,mid,578,1578,-0.48975896537303926,10.0,4.0,0.18415145576000214,-1.2549041032791137
DiscreteSAC,5,mid,579,1579,-0.4645763635635376,10.0,3.0,0.8602714538574219,-1.2552744269371032
DiscreteSAC,5,mid,580,1580,-0.10676072835922244,10.0,7.0,0.6253466010093689,-1.232408344745636
DiscreteSAC,5,mid,581,1581,-0.3038240551948547,10.0,7.0,0.8365582823753357,-1.271752405166626
DiscreteSAC,5,mid,582,1582,-0.4484657883644104,10.0,5.0,0.4788777530193329,-1.3147725820541383
DiscreteSAC,5,mid,583,1583,-0.2677675366401672,10.0,4.0,0.7810112833976746,-1.2313462972640992
DiscreteSAC,5,mid,584,1584,0.024249072074890132,8.0,5.0,0.8635812997817993,-1.2633852511644363
DiscreteSAC,5,mid,585,1585,-0.5041125163435936,10.0,4.0,0.1486622840166092,-1.2626891255378723
DiscreteSAC,5,mid,586,1586,-0.48487884402275083,10.0,6.0,0.6113847494125366,-1.2761244654655457
DiscreteSAC,5,mid,587,1587,-0.386402416229248,10.0,4.0,0.8075051307678223,-1.2514511823654175
DiscreteSAC,5,mid,588,1588,-0.4267439961433411,10.0,4.0,0.6078318357467651,-1.2620526909828187
DiscreteSAC,5,mid,589,1589,-0.32278922796249393,10.0,6.0,0.5030838847160339,-1.2270907878875732
DiscreteSAC,5,mid,590,1590,-0.2648375153541565,10.0,4.0,0.7404919862747192,-1.2632857084274292
DiscreteSAC,5,mid,591,1591,-0.46464983820915223,10.0,4.0,0.4201354682445526,-1.2760432481765747
DiscreteSAC,5,mid,592,1592,-0.45176390260457994,10.0,4.0,0.12117521464824677,-1.2460160970687866
DiscreteSAC,5,mid,593,1593,-0.3083930253982544,10.0,5.0,0.6471414566040039,-1.2370770931243897
DiscreteSAC,5,mid,594,1594,-0.46034575104713443,10.0,6.0,0.4252576231956482,-1.224649393558502
DiscreteSAC,5,mid,595,1595,-0.31311674118041993,10.0,6.0,0.46406134963035583,-1.2785730004310607
DiscreteSAC,5,mid,596,1596,-0.21273288726806644,10.0,6.0,0.6940051317214966,-1.2997085809707642
DiscreteSAC,5,mid,597,1597,-0.10919666290283205,10.0,5.0,0.8229328989982605,-1.2480904102325439
DiscreteSAC,5,mid,598,1598,-0.31496701240539554,10.0,6.0,0.5260434746742249,-1.2581615209579469
DiscreteSAC,5,mid,599,1599,-0.3726818680763245,10.0,4.0,0.5158186554908752,-1.2799302577972411
DiscreteSAC,5,mid,600,1600,-0.16276090383529662,9.0,4.0,0.7073495984077454,-1.2451811366611056
DiscreteSAC,5,mid,601,1601,-0.5447729155421257,10.0,3.0,0.12104315310716629,-1.241824984550476
DiscreteSAC,5,mid,602,1602,-0.5334007263183596,10.0,4.0,0.26131299138069153,-1.2538726210594178
DiscreteSAC,5,mid,603,1603,-0.13885671377182007,8.0,5.0,0.3918604254722595,-1.2755249738693237
DiscreteSAC,5,mid,604,1604,-0.5170579552650452,10.0,3.0,0.4990174472332001,-1.2795060992240905
DiscreteSAC,5,mid,605,1605,-0.48747788071632386,10.0,4.0,0.3017798066139221,-1.2673563718795777
DiscreteSAC,5,mid,606,1606,-0.3742344111204147,10.0,4.0,0.2746981382369995,-1.241611397266388
DiscreteSAC,5,mid,607,1607,-0.5295406222343445,10.0,5.0,0.7665291428565979,-1.23813294172287
DiscreteSAC,5,mid,608,1608,-0.3444467306137085,10.0,4.0,0.38827067613601685,-1.2479645490646363
DiscreteSAC,5,mid,609,1609,-0.4497815132141113,10.0,6.0,0.4218047559261322,-1.2887465000152587
DiscreteSAC,5,mid,610,1610,-0.6218309640884401,10.0,5.0,1.1556360721588135,-1.2638271927833558
DiscreteSAC,5,mid,611,1611,-0.5994525998830795,10.0,3.0,0.3100162148475647,-1.2433956503868102
DiscreteSAC,5,mid,612,1612,-0.5136497855186463,10.0,5.0,0.30956903100013733,-1.2321963429450988
DiscreteSAC,5,mid,613,1613,-0.4162704586982727,10.0,5.0,0.8470543026924133,-1.2332166314125061
DiscreteSAC,5,mid,614,1614,-0.37002646923065186,10.0,3.0,0.5274115204811096,-1.2771069884300232
DiscreteSAC,5,mid,615,1615,-0.23436756134033204,10.0,6.0,0.8246957063674927,-1.254230797290802
DiscreteSAC,5,mid,616,1616,-0.40829238831996917,9.0,4.0,0.38127562403678894,-1.2614476548300848
DiscreteSAC,5,mid,617,1617,-0.11801611900329591,7.0,4.0,0.4314045011997223,-1.2433354684284754
DiscreteSAC,5,mid,618,1618,-0.3855853617191315,10.0,5.0,0.37359458208084106,-1.2825135827064513
DiscreteSAC,5,mid,619,1619,-0.29548559069633484,8.0,5.0,0.5413597226142883,-1.2719556838274002
DiscreteSAC,5,mid,620,1620,-0.48811685144901273,10.0,6.0,0.30722862482070923,-1.266338336467743
DiscreteSAC,5,mid,621,1621,-0.3369768023490906,10.0,6.0,0.1774405986070633,-1.2560000777244569
DiscreteSAC,5,mid,622,1622,-0.4759333491325379,10.0,6.0,0.20898473262786865,-1.26605943441391
DiscreteSAC,5,mid,623,1623,-0.3407629132270813,10.0,3.0,0.757651150226593,-1.2813467025756835
DiscreteSAC,5,mid,624,1624,-0.19454177498817443,8.0,4.0,0.37373611330986023,-1.2515536695718765
DiscreteSAC,5,mid,625,1625,-0.5325310528278351,10.0,3.0,0.5279141068458557,-1.2464006900787354
DiscreteSAC,5,mid,626,1626,-0.4085874605178833,8.0,5.0,0.7582160830497742,-1.2751938551664352
DiscreteSAC,5,mid,627,1627,-0.39132745265960694,10.0,4.0,0.728696882724762,-1.227539336681366
DiscreteSAC,5,mid,628,1628,-0.2865426063537598,10.0,4.0,1.017565369606018,-1.2771938800811768
DiscreteSAC,5,mid,629,1629,-0.29625701904296875,10.0,5.0,0.20674869418144226,-1.2759851813316345
DiscreteSAC,5,mid,630,1630,-0.5438000082969665,10.0,4.0,0.45728757977485657,-1.2472643852233887
DiscreteSAC,5,mid,631,1631,-0.32991924285888674,10.0,5.0,0.7544651031494141,-1.2672711491584778
DiscreteSAC,5,mid,632,1632,-0.28873501300811766,8.0,3.0,0.6787854433059692,-1.2536246925592422
DiscreteSAC,5,mid,633,1633,-0.42608722448349,10.0,5.0,0.47803759574890137,-1.2680093050003052
DiscreteSAC,5,mid,634,1634,-0.35253848373889923,9.0,5.0,0.3092193901538849,-1.292056057188246
DiscreteSAC,5,mid,635,1635,-0.22258419990539552,10.0,4.0,0.8118796348571777,-1.2615264296531676
DiscreteSAC,5,mid,636,1636,-0.4370653033256531,10.0,3.0,0.8289003968238831,-1.2852016806602478
DiscreteSAC,5,mid,637,1637,-0.2269153356552124,10.0,6.0,0.6896185874938965,-1.2126103520393372
DiscreteSAC,5,mid,638,1638,-0.43049010038375857,10.0,5.0,0.6901072263717651,-1.2494072914123535
DiscreteSAC,5,mid,639,1639,0.09427720308303833,10.0,5.0,0.9743583798408508,-1.267436671257019
DiscreteSAC,5,mid,640,1640,-0.413745367527008,10.0,5.0,0.9508486986160278,-1.2649761319160462
DiscreteSAC,5,mid,641,1641,-0.37827242612838746,10.0,4.0,0.9515038132667542,-1.2455413222312928
DiscreteSAC,5,mid,642,1642,-0.437170022726059,10.0,5.0,0.5073784589767456,-1.2794692635536193
DiscreteSAC,5,mid,643,1643,-0.3308503270149231,10.0,5.0,0.6055421829223633,-1.237194561958313
DiscreteSAC,5,mid,644,1644,-0.4709222257137299,10.0,5.0,0.1385989636182785,-1.302039659023285
DiscreteSAC,5,mid,645,1645,-0.49317474067211153,10.0,5.0,0.1921936571598053,-1.21980562210083
DiscreteSAC,5,mid,646,1646,-0.41982408761978146,10.0,5.0,0.46900278329849243,-1.2504148721694945
DiscreteSAC,5,mid,647,1647,-0.4022842198610306,10.0,5.0,0.3310173451900482,-1.2727206468582153
DiscreteSAC,5,mid,648,1648,-0.5553524613380432,10.0,4.0,0.756606936454773,-1.2829447627067565
DiscreteSAC,5,mid,649,1649,-0.4614864408969879,10.0,4.0,0.1711292415857315,-1.2117249250411988
DiscreteSAC,5,mid,650,1650,-0.42149574756622316,10.0,4.0,0.5828717350959778,-1.285774290561676
DiscreteSAC,5,mid,651,1651,-0.45485246181488037,10.0,3.0,0.61505526304245,-1.2596872210502625
DiscreteSAC,5,mid,652,1652,-0.48636549711227417,10.0,3.0,0.6098531484603882,-1.2630926251411438
DiscreteSAC,5,mid,653,1653,-0.5117873191833497,10.0,5.0,0.6303558349609375,-1.266150951385498
DiscreteSAC,5,mid,654,1654,-0.044959282875061075,10.0,6.0,0.7454885244369507,-1.2543573379516602
DiscreteSAC,5,mid,655,1655,-0.31754293441772463,10.0,5.0,1.0583745241165161,-1.2550258398056031
DiscreteSAC,5,mid,656,1656,-0.43024240136146547,10.0,4.0,0.2831680178642273,-1.248139500617981
DiscreteSAC,5,mid,657,1657,-0.3633371710777283,10.0,4.0,0.5746707320213318,-1.2822055697441102
DiscreteSAC,5,mid,658,1658,-0.2905805468559265,10.0,6.0,0.9576877951622009,-1.298460805416107
DiscreteSAC,5,mid,659,1659,-0.40571220219135284,10.0,3.0,0.24359272420406342,-1.268656027317047
DiscreteSAC,5,mid,660,1660,-0.6117675721645355,10.0,4.0,0.44430747628211975,-1.236930775642395
DiscreteSAC,5,mid,661,1661,-0.13515300750732423,10.0,4.0,0.7025083303451538,-1.2961320281028748
DiscreteSAC,5,mid,662,1662,-0.21278780937194824,9.0,5.0,0.8951804041862488,-1.2660761674245198
DiscreteSAC,5,mid,663,1663,-0.5628308176994323,10.0,4.0,0.6560236215591431,-1.2353747487068176
DiscreteSAC,5,mid,664,1664,-0.30458779335021974,10.0,4.0,0.816113293170929,-1.283436620235443
DiscreteSAC,5,mid,665,1665,-0.568175345659256,10.0,3.0,0.514301598072052,-1.2915722727775574
DiscreteSAC,5,mid,666,1666,-0.20520590066909788,7.0,3.0,0.5025402307510376,-1.3472659758159093
DiscreteSAC,5,mid,667,1667,-0.16130446910858154,7.0,4.0,0.4276115596294403,-1.281981144632612
DiscreteSAC,5,mid,668,1668,-0.09652148723602295,9.0,4.0,1.028268814086914,-1.268610093328688
DiscreteSAC,5,mid,669,1669,-0.6029016792774201,10.0,4.0,0.4860532581806183,-1.304477298259735
DiscreteSAC,5,mid,670,1670,-0.2766084909439087,10.0,5.0,0.7712274789810181,-1.2772476434707642
DiscreteSAC,5,mid,671,1671,-0.2912435436248779,9.0,4.0,0.6819397211074829,-1.285335037443373
DiscreteSAC,5,mid,672,1672,-0.35868444442749026,10.0,5.0,0.5508309602737427,-1.2831869721412659
DiscreteSAC,5,mid,673,1673,-0.45883714556694033,10.0,5.0,0.22161097824573517,-1.2831836938858032
DiscreteSAC,5,mid,674,1674,-0.40201051235198976,10.0,4.0,0.44429734349250793,-1.2647037386894227
DiscreteSAC,5,mid,675,1675,-0.3569405496120453,10.0,4.0,0.25747960805892944,-1.2212197303771972
DiscreteSAC,5,mid,676,1676,-0.2465292692184448,10.0,4.0,0.7242140173912048,-1.25593101978302
DiscreteSAC,5,mid,677,1677,-0.17250216245651245,9.0,5.0,0.854894757270813,-1.2361144357257419
DiscreteSAC,5,mid,678,1678,-0.3723056674003601,10.0,6.0,0.937423050403595,-1.2807608246803284
DiscreteSAC,5,mid,679,1679,-0.549210798740387,10.0,4.0,0.865980327129364,-1.2712374567985534
DiscreteSAC,5,mid,680,1680,-0.3934884309768677,10.0,5.0,0.9350366592407227,-1.2905794620513915
DiscreteSAC,5,mid,681,1681,-0.1950278759002686,10.0,7.0,1.0362075567245483,-1.2417701959609986
DiscreteSAC,5,mid,682,1682,-0.1442302992939949,6.0,3.0,0.14587096869945526,-1.2788991530736287
DiscreteSAC,5,mid,683,1683,-0.15877474546432496,10.0,4.0,0.4550042748451233,-1.3096172094345093
DiscreteSAC,5,mid,684,1684,-0.5358370691537857,10.0,3.0,0.09621597081422806,-1.249565851688385
DiscreteSAC,5,mid,685,1685,-0.31040294766426085,10.0,4.0,0.47854354977607727,-1.2875579714775085
DiscreteSAC,5,mid,686,1686,-0.46553797721862794,10.0,4.0,0.47019529342651367,-1.243753480911255
DiscreteSAC,5,mid,687,1687,-0.6029918491840364,10.0,3.0,0.39760059118270874,-1.2820579528808593
DiscreteSAC,5,mid,688,1688,-0.3415527701377869,10.0,6.0,0.41333627700805664,-1.248189628124237
DiscreteSAC,5,mid,689,1689,-0.49507089853286745,10.0,5.0,0.774931013584137,-1.252537977695465
DiscreteSAC,5,mid,690,1690,-0.538267743587494,10.0,4.0,0.37492942810058594,-1.2535755276679992
DiscreteSAC,5,mid,691,1691,-0.530997633934021,10.0,3.0,0.8548135161399841,-1.2373664140701295
DiscreteSAC,5,mid,692,1692,-0.41537867188453675,10.0,4.0,0.43653687834739685,-1.297249984741211
DiscreteSAC,5,mid,693,1693,-0.11215150356292726,10.0,5.0,0.6528577208518982,-1.2838595628738403
DiscreteSAC,5,mid,694,1694,-0.5724296838045121,10.0,4.0,0.29387712478637695,-1.2488829731941222
DiscreteSAC,5,mid,695,1695,-0.2886838555335999,10.0,5.0,0.3446734845638275,-1.2695354104042054
DiscreteSAC,5,mid,696,1696,-0.4985716089606285,10.0,4.0,0.1292511522769928,-1.2873274564743042
DiscreteSAC,5,mid,697,1697,-0.408594810962677,10.0,5.0,0.7295559644699097,-1.2508553862571716
DiscreteSAC,5,mid,698,1698,-0.6394203424453735,10.0,4.0,0.7492108345031738,-1.2295456409454346
DiscreteSAC,5,mid,699,1699,-0.2892313325405121,9.0,5.0,0.35688844323158264,-1.2313918007744684
DiscreteSAC,5,mid,700,1700,-0.6932405233383179,10.0,3.0,0.776256263256073,-1.2797136783599854
DiscreteSAC,5,mid,701,1701,-0.22570693492889404,10.0,5.0,0.5513672232627869,-1.2348821401596068
DiscreteSAC,5,mid,702,1702,-0.031201486587524405,8.0,5.0,0.6389175653457642,-1.2191848009824753
DiscreteSAC,5,mid,703,1703,-0.3841136932373047,10.0,5.0,0.601922869682312,-1.2393580317497253
DiscreteSAC,5,mid,704,1704,-0.1879925012588501,10.0,4.0,0.7793149948120117,-1.2408812761306762
DiscreteSAC,5,mid,705,1705,-0.564129215478897,10.0,4.0,0.4221763014793396,-1.2709413647651673
DiscreteSAC,5,mid,706,1706,-0.47133512496948243,10.0,4.0,0.9246220588684082,-1.2749370217323304
DiscreteSAC,5,mid,707,1707,-0.3908228397369385,10.0,4.0,0.3172838091850281,-1.2391173601150514
DiscreteSAC,5,mid,708,1708,-0.3223674774169922,10.0,4.0,0.4646308124065399,-1.252303695678711
DiscreteSAC,5,mid,709,1709,-0.4677405595779419,10.0,5.0,0.35468098521232605,-1.2674969911575318
DiscreteSAC,5,mid,710,1710,-0.3157973170280457,10.0,7.0,0.7795282006263733,-1.2464826703071594
DiscreteSAC,5,mid,711,1711,-0.0357997262477875,9.0,6.0,0.35261911153793335,-1.2637406322691176
DiscreteSAC,5,mid,712,1712,-0.052500492334365885,10.0,6.0,0.46769508719444275,-1.2539967060089112
DiscreteSAC,5,mid,713,1713,-0.6196645140647888,10.0,5.0,0.7266735434532166,-1.2638721227645875
DiscreteSAC,5,mid,714,1714,-0.2805107355117798,10.0,4.0,0.7927070260047913,-1.2680009722709655
DiscreteSAC,5,mid,715,1715,-0.5167656958103181,10.0,4.0,0.23062849044799805,-1.2339659929275513
DiscreteSAC,5,mid,716,1716,-0.6891309261322023,10.0,5.0,0.8660109639167786,-1.245389711856842
DiscreteSAC,5,mid,717,1717,-0.1278881430625915,10.0,5.0,0.3708498179912567,-1.2510506749153136
DiscreteSAC,5,mid,718,1718,-0.45379456162452697,8.0,4.0,0.5602055788040161,-1.2505182921886444
DiscreteSAC,5,mid,719,1719,-0.29325516223907466,10.0,6.0,0.38663047552108765,-1.2669442653656007
DiscreteSAC,5,mid,720,1720,-0.333527422696352,10.0,4.0,0.09239602833986282,-1.2676518321037293
DiscreteSAC,5,mid,721,1721,-0.3717808783054352,10.0,6.0,0.16465850174427032,-1.253117573261261
DiscreteSAC,5,mid,722,1722,-0.4714987397193909,10.0,4.0,0.7626295685768127,-1.202605426311493
DiscreteSAC,5,mid,723,1723,-0.44909264445304875,10.0,7.0,0.44044753909111023,-1.2843259811401366
DiscreteSAC,5,mid,724,1724,-0.28415646553039553,10.0,5.0,0.5595101118087769,-1.2633894085884094
DiscreteSAC,5,mid,725,1725,0.009004855155944798,10.0,6.0,0.9432191848754883,-1.2454188466072083
DiscreteSAC,5,mid,726,1726,-0.21446968793869015,8.0,6.0,0.7337646484375,-1.2580661326646805
DiscreteSAC,5,mid,727,1727,-0.4134437084197998,10.0,5.0,0.39110928773880005,-1.2759277105331421
DiscreteSAC,5,mid,728,1728,-0.41010720133781436,10.0,6.0,0.5262296795845032,-1.2616079330444336
DiscreteSAC,5,mid,729,1729,-0.15643531322479248,9.0,5.0,0.5645172595977783,-1.2419529491000705
DiscreteSAC,5,mid,730,1730,0.1617126417160034,8.0,5.0,1.0698490142822266,-1.2915236055850983
DiscreteSAC,5,mid,731,1731,-0.34054777622222904,10.0,6.0,0.83731609582901,-1.2447826266288757
DiscreteSAC,5,mid,732,1732,-0.17274702787399293,10.0,6.0,0.6913531422615051,-1.3017099261283875
DiscreteSAC,5,mid,733,1733,-0.12817418813705445,9.0,5.0,0.40102824568748474,-1.258432428042094
DiscreteSAC,5,mid,734,1734,0.028490555286407454,10.0,4.0,0.43055444955825806,-1.2328428983688355
DiscreteSAC,5,mid,735,1735,-0.4201884269714356,10.0,5.0,0.7003033757209778,-1.2922636985778808
DiscreteSAC,5,mid,736,1736,-0.21425050973892212,8.0,5.0,0.975651741027832,-1.2953277975320816
DiscreteSAC,5,mid,737,1737,-0.43504137396812437,10.0,6.0,0.34752121567726135,-1.2442727565765381
DiscreteSAC,5,mid,738,1738,-0.1618737483024597,9.0,4.0,0.9196984171867371,-1.2437645064459906
DiscreteSAC,5,mid,739,1739,-0.05346511125564575,7.0,3.0,0.7259306311607361,-1.3146997860499792
DiscreteSAC,5,mid,740,1740,-0.1289689064025879,10.0,6.0,0.5132075548171997,-1.26151282787323
DiscreteSAC,5,mid,741,1741,-0.2508073925971985,10.0,4.0,0.34411248564720154,-1.2745171308517456
DiscreteSAC,5,mid,742,1742,-0.2770170146226883,9.0,5.0,0.28342095017433167,-1.2701909409628973
DiscreteSAC,5,mid,743,1743,-0.21595166325569154,10.0,6.0,0.14083008468151093,-1.2300172448158264
DiscreteSAC,5,mid,744,1744,-0.21235276460647584,10.0,6.0,0.4222782254219055,-1.2844798922538758
DiscreteSAC,5,mid,745,1745,-0.5200933814048767,10.0,3.0,0.33564653992652893,-1.2504364013671876
DiscreteSAC,5,mid,746,1746,-1.0085147321224215,10.0,3.0,0.9316502809524536,-1.2558651328086854
DiscreteSAC,5,mid,747,1747,-0.456172288954258,10.0,5.0,0.16030199825763702,-1.2307504534721374
DiscreteSAC,5,mid,748,1748,-0.3382191777229309,10.0,4.0,0.597589373588562,-1.2749542593955994
DiscreteSAC,5,mid,749,1749,-0.41160436868667605,10.0,5.0,0.5715655088424683,-1.2893395900726319
DiscreteSAC,5,mid,750,1750,-0.3839420676231384,10.0,3.0,0.6642321944236755,-1.2396620631217956
DiscreteSAC,5,mid,751,1751,-0.3456365346908569,10.0,4.0,0.4850432574748993,-1.2369632720947266
DiscreteSAC,5,mid,752,1752,-0.21393380165100095,10.0,6.0,1.0662459135055542,-1.2108352541923524
DiscreteSAC,5,mid,753,1753,-0.3090592622756958,10.0,5.0,0.5777555108070374,-1.2653892397880555
DiscreteSAC,5,mid,754,1754,-0.3138535737991333,10.0,4.0,0.6543959975242615,-1.2700058221817017
DiscreteSAC,5,mid,755,1755,-0.3434234857559204,10.0,3.0,1.0490859746932983,-1.2990750193595886
DiscreteSAC,5,mid,756,1756,-0.44570794701576233,10.0,3.0,0.25599223375320435,-1.2668691277503967
DiscreteSAC,5,mid,757,1757,-0.46915404200553895,10.0,4.0,0.49246746301651,-1.2663327932357789
DiscreteSAC,5,mid,758,1758,-0.27670310735702514,10.0,4.0,0.5799688696861267,-1.2637663245201112
DiscreteSAC,5,mid,759,1759,0.06429284095764162,7.0,5.0,0.7240687012672424,-1.2766516208648682
DiscreteSAC,5,mid,760,1760,-0.26084131479263306,8.0,5.0,0.8300980925559998,-1.224521979689598
DiscreteSAC,5,mid,761,1761,-0.19045447111129765,10.0,7.0,0.795793354511261,-1.2986760139465332
DiscreteSAC,5,mid,762,1762,-0.35701866149902345,10.0,4.0,0.3882988393306732,-1.2542380452156068
DiscreteSAC,5,mid,763,1763,-0.474468731880188,10.0,5.0,0.5766635537147522,-1.2256711959838866
DiscreteSAC,5,mid,764,1764,-0.018782224655151378,9.0,7.0,0.8021827340126038,-1.2431901295979817
DiscreteSAC,5,mid,765,1765,-0.23867906332015992,10.0,4.0,0.48955345153808594,-1.2519620776176452
DiscreteSAC,5,mid,766,1766,-0.16077040910720825,8.0,4.0,0.9782993197441101,-1.266236886382103
DiscreteSAC,5,mid,767,1767,-0.5491790294647219,10.0,4.0,0.31896737217903137,-1.2726004362106322
DiscreteSAC,5,mid,768,1768,-0.25931854248046876,10.0,6.0,0.16980354487895966,-1.2489813327789308
DiscreteSAC,5,mid,769,1769,-0.42593045234680177,10.0,4.0,0.7103732228279114,-1.3011349439620972
DiscreteSAC,5,mid,770,1770,-0.1463903605937958,10.0,6.0,0.24217653274536133,-1.3081698417663574
DiscreteSAC,5,mid,771,1771,0.09629006147384644,9.0,4.0,0.676906168460846,-1.2696486843956842
DiscreteSAC,5,mid,772,1772,-0.3769677817821503,10.0,5.0,0.31505635380744934,-1.259249198436737
DiscreteSAC,5,mid,773,1773,-0.20465921640396117,8.0,4.0,0.3148188591003418,-1.2637349516153336
DiscreteSAC,5,mid,774,1774,-0.15143751621246337,7.0,4.0,0.4864209294319153,-1.2889900207519531
DiscreteSAC,5,mid,775,1775,-0.5460297584533692,10.0,4.0,0.7539511919021606,-1.2864429354667664
DiscreteSAC,5,mid,776,1776,-0.272008490562439,10.0,4.0,0.7135055661201477,-1.2652877569198608
DiscreteSAC,5,mid,777,1777,-0.23866471052169802,10.0,5.0,0.6627480387687683,-1.2401143550872802
DiscreteSAC,5,mid,778,1778,0.081857213973999,9.0,4.0,0.7153333425521851,-1.273821022775438
DiscreteSAC,5,mid,779,1779,-0.16128805875778196,10.0,3.0,0.719222366809845,-1.256220281124115
DiscreteSAC,5,mid,780,1780,-0.14727656841278075,10.0,4.0,0.593626856803894,-1.2500104308128357
DiscreteSAC,5,mid,781,1781,-0.436320436000824,10.0,4.0,0.7169246077537537,-1.213371503353119
DiscreteSAC,5,mid,782,1782,-0.22059007167816164,8.0,6.0,0.7610892653465271,-1.2714846283197403
DiscreteSAC,5,mid,783,1783,-0.13424147367477418,10.0,4.0,0.9224002957344055,-1.1993273615837097
DiscreteSAC,5,mid,784,1784,-0.03279346704483031,8.0,5.0,0.7607247233390808,-1.2549480497837067
DiscreteSAC,5,mid,785,1785,0.01070068597793579,8.0,6.0,0.5150980949401855,-1.243910789489746
DiscreteSAC,5,mid,786,1786,-0.3998819708824158,10.0,4.0,0.9475822448730469,-1.2532254099845885
DiscreteSAC,5,mid,787,1787,-0.4266554802656174,10.0,5.0,0.25411975383758545,-1.2841775178909303
DiscreteSAC,5,mid,788,1788,-0.43661795258522035,10.0,4.0,0.27035054564476013,-1.2801882147789
DiscreteSAC,5,mid,789,1789,-0.6505218535661699,10.0,5.0,0.4779078960418701,-1.2907034397125243
DiscreteSAC,5,mid,790,1790,-0.26581401824951173,10.0,4.0,0.9347413778305054,-1.280042827129364
DiscreteSAC,5,mid,791,1791,-0.28925366401672364,10.0,4.0,0.5623107552528381,-1.2775011658668518
DiscreteSAC,5,mid,792,1792,-0.45711488723754884,10.0,4.0,0.9762161374092102,-1.2482465147972106
DiscreteSAC,5,mid,793,1793,-0.4915882766246796,10.0,4.0,0.47687265276908875,-1.2395739674568176
DiscreteSAC,5,mid,794,1794,-0.33725314140319823,10.0,4.0,0.14551961421966553,-1.2550121784210204
DiscreteSAC,5,mid,795,1795,-0.5491143703460694,10.0,5.0,0.8255950212478638,-1.2983373165130616
DiscreteSAC,5,mid,796,1796,-0.14200955867767334,9.0,5.0,0.7680338025093079,-1.2563203440772162
DiscreteSAC,5,mid,797,1797,-0.11642605543136599,8.0,5.0,0.5998536944389343,-1.2952672243118286
DiscreteSAC,5,mid,798,1798,-0.07336170673370361,10.0,6.0,0.7847207188606262,-1.2658380270004272
DiscreteSAC,5,mid,799,1799,0.0395272970199585,5.0,4.0,0.9014117121696472,-1.2213703393936157
DiscreteSAC,5,mid,800,1800,-0.44892954230308535,10.0,5.0,0.25951623916625977,-1.2171818137168884
DiscreteSAC,5,mid,801,1801,-0.16649704456329345,8.0,4.0,0.5603373646736145,-1.2598477900028229
DiscreteSAC,5,mid,802,1802,-0.33909196853637696,10.0,4.0,1.0114574432373047,-1.2556893229484558
DiscreteSAC,5,mid,803,1803,-0.1480319744348526,6.0,5.0,0.3645802438259125,-1.2496848503748577
DiscreteSAC,5,mid,804,1804,-0.33275667428970335,10.0,6.0,0.815543532371521,-1.2529446005821228
DiscreteSAC,5,mid,805,1805,-0.5469621121883392,10.0,3.0,0.15860970318317413,-1.2755797863006593
DiscreteSAC,5,mid,806,1806,-0.39237303733825685,10.0,4.0,0.5796679854393005,-1.2467756867408752
DiscreteSAC,5,mid,807,1807,-0.507992160320282,10.0,4.0,0.7982686161994934,-1.2693532705307007
DiscreteSAC,5,mid,808,1808,-0.5510415643453598,10.0,3.0,0.3859579563140869,-1.2541429281234742
DiscreteSAC,5,mid,809,1809,-0.02994988322257995,6.0,5.0,0.26880937814712524,-1.2820369402567546
DiscreteSAC,5,mid,810,1810,-0.46314590871334077,10.0,4.0,0.10593108832836151,-1.274619710445404
DiscreteSAC,5,mid,811,1811,-0.34024553298950194,10.0,4.0,0.8379272818565369,-1.2758345007896423
DiscreteSAC,5,mid,812,1812,-0.5198222637176514,10.0,5.0,0.5594266057014465,-1.2740849494934081
DiscreteSAC,5,mid,813,1813,-0.24602786302566532,10.0,6.0,0.9191213250160217,-1.3144054174423219
DiscreteSAC,5,mid,814,1814,-0.405585977435112,10.0,4.0,0.3097209334373474,-1.2622928619384766
DiscreteSAC,5,mid,815,1815,-0.49794135689735414,10.0,4.0,0.36634379625320435,-1.3111523151397706
DiscreteSAC,5,mid,816,1816,-0.26905563473701477,10.0,5.0,0.3507234752178192,-1.2260594844818116
DiscreteSAC,5,mid,817,1817,-0.5253750920295716,10.0,5.0,0.6371490359306335,-1.311042320728302
DiscreteSAC,5,mid,818,1818,-0.33092374801635743,10.0,4.0,0.8206580281257629,-1.2500282526016235
DiscreteSAC,5,mid,819,1819,-0.10807656764984132,7.0,4.0,0.4968096613883972,-1.216615148953029
DiscreteSAC,5,mid,820,1820,-0.5171887874603271,10.0,3.0,0.7433896660804749,-1.2824684977531433
DiscreteSAC,5,mid,821,1821,0.03724496364593504,10.0,6.0,1.058468222618103,-1.2910719156265258
DiscreteSAC,5,mid,822,1822,-0.44457263946533204,10.0,4.0,0.46866825222969055,-1.2465081453323363
DiscreteSAC,5,mid,823,1823,-0.19309778451919551,9.0,6.0,0.5005383491516113,-1.2625530825720892
DiscreteSAC,5,mid,824,1824,-0.3361266314983368,10.0,6.0,0.22767792642116547,-1.2515545129776
DiscreteSAC,5,mid,825,1825,-0.5187200456857681,10.0,3.0,0.183900386095047,-1.279060471057892
DiscreteSAC,5,mid,826,1826,-0.5460844874382019,10.0,5.0,0.3898903727531433,-1.245962953567505
DiscreteSAC,5,mid,827,1827,-0.2820698797702789,10.0,4.0,0.2502969801425934,-1.2716789960861206
DiscreteSAC,5,mid,828,1828,-0.009513102769851692,8.0,4.0,0.47407767176628113,-1.2601133435964584
DiscreteSAC,5,mid,829,1829,-0.38716686964035035,10.0,4.0,0.8397501707077026,-1.2626128792762756
DiscreteSAC,5,mid,830,1830,-0.46670269668102266,10.0,4.0,0.18639282882213593,-1.3067484974861145
DiscreteSAC,5,mid,831,1831,-0.3830796003341675,10.0,4.0,0.7107643485069275,-1.3147873520851134
DiscreteSAC,5,mid,832,1832,-0.23695879459381103,8.0,4.0,0.21745479106903076,-1.2785121202468872
DiscreteSAC,5,mid,833,1833,-0.3093308711051941,9.0,4.0,0.9967766404151917,-1.264900114801195
DiscreteSAC,5,mid,834,1834,-0.7588712692260744,10.0,4.0,0.9137780070304871,-1.2324722409248352
DiscreteSAC,5,mid,835,1835,-0.31580730676651003,10.0,5.0,0.7362894415855408,-1.2474866151809691
DiscreteSAC,5,mid,836,1836,-0.33459087610244753,10.0,5.0,0.9521791338920593,-1.253190517425537
DiscreteSAC,5,mid,837,1837,-0.17258525967597954,8.0,3.0,0.45529302954673767,-1.2154377549886703
DiscreteSAC,5,mid,838,1838,-0.2919869351387024,8.0,4.0,0.6860708594322205,-1.2652146071195602
DiscreteSAC,5,mid,839,1839,-0.18258966207504276,10.0,4.0,0.47762781381607056,-1.2591415166854858
DiscreteSAC,5,mid,840,1840,-0.41170804500579833,10.0,4.0,0.5627735257148743,-1.2875486254692077
DiscreteSAC,5,mid,841,1841,-0.5410692036151887,10.0,5.0,0.4856235682964325,-1.2633385419845582
DiscreteSAC,5,mid,842,1842,-0.47618787825107584,9.0,3.0,0.3556091785430908,-1.2831812964545355
DiscreteSAC,5,mid,843,1843,0.09869818687438964,10.0,4.0,0.6984723806381226,-1.2707204341888427
DiscreteSAC,5,mid,844,1844,-0.19455475807189945,10.0,4.0,0.5480974912643433,-1.247536313533783
DiscreteSAC,5,mid,845,1845,-0.43575639724731446,10.0,4.0,0.37870851159095764,-1.2953031420707704
DiscreteSAC,5,mid,846,1846,-0.22368936538696288,10.0,4.0,0.4717927575111389,-1.280374014377594
DiscreteSAC,5,mid,847,1847,-0.31900676488876345,10.0,5.0,0.7472304701805115,-1.2644489645957946
DiscreteSAC,5,mid,848,1848,-0.4028389692306519,10.0,5.0,1.025850772857666,-1.2554920196533204
DiscreteSAC,5,mid,849,1849,0.05724688053131105,7.0,3.0,0.8046914339065552,-1.2825944593974523
DiscreteSAC,5,mid,850,1850,-0.1941014575958252,8.0,5.0,0.41405051946640015,-1.2470459192991257
DiscreteSAC,5,mid,851,1851,-0.18483628809452052,8.0,5.0,0.14490032196044922,-1.2846236675977707
DiscreteSAC,5,mid,852,1852,-0.12144877195358277,8.0,6.0,0.1574440747499466,-1.2404827624559402
DiscreteSAC,5,mid,853,1853,0.0031279683113097853,10.0,5.0,0.6153745055198669,-1.2970917224884033
DiscreteSAC,5,mid,854,1854,-0.2573344349861145,10.0,5.0,0.6128910779953003,-1.2469951152801513
DiscreteSAC,5,mid,855,1855,-0.4655781149864197,10.0,6.0,0.6573067903518677,-1.2748395681381226
DiscreteSAC,5,mid,856,1856,-0.26727797985076907,10.0,5.0,1.1766048669815063,-1.2556484937667847
DiscreteSAC,5,mid,857,1857,-0.23124179840087894,10.0,6.0,0.6199830174446106,-1.2823463082313538
DiscreteSAC,5,mid,858,1858,-0.44755542278289795,10.0,3.0,0.6633610129356384,-1.257780170440674
DiscreteSAC,5,mid,859,1859,-0.03786844253540041,9.0,5.0,0.7930337190628052,-1.3046324517991807
DiscreteSAC,5,mid,860,1860,-0.07644899129867554,9.0,6.0,0.5278486013412476,-1.2754629717932806
DiscreteSAC,5,mid,861,1861,-0.40071409046649936,10.0,6.0,0.17684845626354218,-1.2685537576675414
DiscreteSAC,5,mid,862,1862,-0.18812848329544068,10.0,4.0,0.536072850227356,-1.23752920627594
DiscreteSAC,5,mid,863,1863,-0.5834065914154053,10.0,5.0,0.7167763113975525,-1.274001920223236
DiscreteSAC,5,mid,864,1864,-0.35574055910110475,10.0,4.0,0.9059993624687195,-1.2640743494033813
DiscreteSAC,5,mid,865,1865,-0.009126250743865985,8.0,5.0,0.5010433793067932,-1.2736821323633194
DiscreteSAC,5,mid,866,1866,-0.3852007001638413,10.0,6.0,0.2656046152114868,-1.2310142159461974
DiscreteSAC,5,mid,867,1867,-0.16295689344406122,10.0,5.0,0.9742024540901184,-1.3028684973716735
DiscreteSAC,5,mid,868,1868,-0.3315980941057205,10.0,3.0,0.17149555683135986,-1.2458322644233704
DiscreteSAC,5,mid,869,1869,-0.20480491995811462,8.0,4.0,0.2839967906475067,-1.2723456174135208
DiscreteSAC,5,mid,870,1870,-0.5377164006233215,10.0,4.0,0.26660218834877014,-1.2821816563606263
DiscreteSAC,5,mid,871,1871,-0.3736657500267029,10.0,5.0,0.27236929535865784,-1.2625100374221803
DiscreteSAC,5,mid,872,1872,-0.03129805326461793,10.0,4.0,0.6156178116798401,-1.2357591032981872
DiscreteSAC,5,mid,873,1873,-0.33396225452423095,8.0,4.0,0.4730595052242279,-1.2735754698514938
DiscreteSAC,5,mid,874,1874,-0.2197532296180725,10.0,5.0,0.787257730960846,-1.2538185000419617
DiscreteSAC,5,mid,875,1875,-0.4054254233837128,10.0,5.0,0.19525562226772308,-1.244380283355713
DiscreteSAC,5,mid,876,1876,-0.20210608243942263,10.0,5.0,0.7024920582771301,-1.2645458459854126
DiscreteSAC,5,mid,877,1877,-0.5227261900901795,10.0,4.0,0.625601589679718,-1.2912314772605895
DiscreteSAC,5,mid,878,1878,-0.22863874435424802,10.0,6.0,1.3488889932632446,-1.281335747241974
DiscreteSAC,5,mid,879,1879,-0.2918088465929031,10.0,4.0,0.14311449229717255,-1.2453166842460632
DiscreteSAC,5,mid,880,1880,-0.47093548774719235,10.0,5.0,0.3617388606071472,-1.244959568977356
DiscreteSAC,5,mid,881,1881,-0.698269207775593,10.0,4.0,0.357028067111969,-1.2565093755722045
DiscreteSAC,5,mid,882,1882,-0.6317769885063171,10.0,3.0,0.6227523684501648,-1.2308417081832885
DiscreteSAC,5,mid,883,1883,-0.40190362334251406,10.0,5.0,0.42654305696487427,-1.264130997657776
DiscreteSAC,5,mid,884,1884,-0.4027986884117127,10.0,6.0,0.3146996796131134,-1.2453613758087159
DiscreteSAC,5,mid,885,1885,-0.5217319667339325,10.0,5.0,0.3123602271080017,-1.24563330411911
DiscreteSAC,5,mid,886,1886,-0.40619883537292484,10.0,6.0,0.4297056496143341,-1.2666465520858765
DiscreteSAC,5,mid,887,1887,-0.19428354740142822,9.0,5.0,0.9454231858253479,-1.2848050594329834
DiscreteSAC,5,mid,888,1888,-0.30292404890060426,10.0,4.0,0.7364627718925476,-1.2730379819869995
DiscreteSAC,5,mid,889,1889,-0.2838900208473206,10.0,4.0,0.8169242739677429,-1.2700349926948546
DiscreteSAC,5,mid,890,1890,-0.46124101877212526,10.0,4.0,0.6212019324302673,-1.2858805656433105
DiscreteSAC,5,mid,891,1891,-0.4553251087665558,10.0,4.0,0.4131750464439392,-1.2389432549476624
DiscreteSAC,5,mid,892,1892,-0.6179541617631913,10.0,4.0,0.4011497497558594,-1.2908275127410889
DiscreteSAC,5,mid,893,1893,-0.21808991670608519,9.0,3.0,0.6611928939819336,-1.2615594334072537
DiscreteSAC,5,mid,894,1894,-0.4444713830947876,10.0,5.0,0.29678651690483093,-1.2598891019821168
DiscreteSAC,5,mid,895,1895,-0.48957329988479614,10.0,3.0,0.5262656211853027,-1.2828500747680665
DiscreteSAC,5,mid,896,1896,-0.33993055820465085,10.0,5.0,0.5374553203582764,-1.2319250583648682
DiscreteSAC,5,mid,897,1897,-0.3948505163192749,10.0,5.0,0.27827176451683044,-1.256671679019928
DiscreteSAC,5,mid,898,1898,-0.3086899369955063,10.0,5.0,0.29960551857948303,-1.3005205988883972
DiscreteSAC,5,mid,899,1899,-0.28102759122848514,10.0,6.0,0.6782341003417969,-1.260771906375885
DiscreteSAC,5,mid,900,1900,-0.38230199813842775,10.0,4.0,0.3419681489467621,-1.2872588515281678
DiscreteSAC,5,mid,901,1901,-0.3926477789878845,10.0,6.0,0.5067938566207886,-1.2391007900238038
DiscreteSAC,5,mid,902,1902,-0.2643716409802437,10.0,5.0,0.09588050842285156,-1.2349283814430236
DiscreteSAC,5,mid,903,1903,-0.34654673337936404,10.0,5.0,0.5479761362075806,-1.243446934223175
DiscreteSAC,5,mid,904,1904,-0.4985475927591324,10.0,5.0,0.3146933913230896,-1.2307434558868409
DiscreteSAC,5,mid,905,1905,-0.5854142278432847,10.0,4.0,0.2362113893032074,-1.237407386302948
DiscreteSAC,5,mid,906,1906,-0.17479940652847292,10.0,5.0,0.5398411154747009,-1.246979010105133
DiscreteSAC,5,mid,907,1907,-0.45233052372932436,10.0,5.0,0.38029295206069946,-1.248573648929596
DiscreteSAC,5,mid,908,1908,-0.15464438199996952,10.0,4.0,0.5206772089004517,-1.2561707377433777
DiscreteSAC,5,mid,909,1909,-0.24581955909729003,9.0,4.0,0.6768236756324768,-1.3121904797024198
DiscreteSAC,5,mid,910,1910,-0.19336017370224,10.0,5.0,0.8959745764732361,-1.2780674934387206
DiscreteSAC,5,mid,911,1911,-0.3419738054275513,10.0,5.0,0.6025261282920837,-1.2523694276809691
DiscreteSAC,5,mid,912,1912,-0.1735367226600647,8.0,5.0,0.4243132174015045,-1.2727346569299698
DiscreteSAC,5,mid,913,1913,-0.2773794013261795,8.0,4.0,0.2377859205007553,-1.264683097600937
DiscreteSAC,5,mid,914,1914,-0.16231225728988646,10.0,4.0,0.5809918642044067,-1.2788579940795899
DiscreteSAC,5,mid,915,1915,-0.4007978677749634,10.0,5.0,0.3979130685329437,-1.2605823278427124
DiscreteSAC,5,mid,916,1916,-0.40099098086357116,10.0,4.0,0.2739318013191223,-1.2742328763008117
DiscreteSAC,5,mid,917,1917,-0.2284460186958313,10.0,4.0,0.6730037927627563,-1.2799853682518005
DiscreteSAC,5,mid,918,1918,0.031644135713577264,5.0,4.0,0.20255742967128754,-1.3000444412231444
DiscreteSAC,5,mid,919,1919,-0.2259466552734375,9.0,4.0,0.23193331062793732,-1.2787736256917317
DiscreteSAC,5,mid,920,1920,-0.3492317199707031,10.0,3.0,0.8359637260437012,-1.278256595134735
DiscreteSAC,5,mid,921,1921,-0.4277740120887757,10.0,5.0,0.4645865559577942,-1.2268781304359435
DiscreteSAC,5,mid,922,1922,-0.1376594853401184,7.0,4.0,0.4051959216594696,-1.3013278075626917
DiscreteSAC,5,mid,923,1923,-0.3092781901359558,10.0,3.0,0.545926570892334,-1.275763165950775
DiscreteSAC,5,mid,924,1924,-0.6579339027404787,10.0,4.0,0.5980448722839355,-1.3105413556098937
DiscreteSAC,5,mid,925,1925,-0.40385472774505615,10.0,3.0,0.7116321921348572,-1.2810216546058655
DiscreteSAC,5,mid,926,1926,-0.2766690015792847,10.0,6.0,0.585567057132721,-1.302938199043274
DiscreteSAC,5,mid,927,1927,-0.17721058666706085,9.0,5.0,0.2356186807155609,-1.2218476798799303
DiscreteSAC,5,mid,928,1928,-0.4726808458566666,10.0,5.0,0.21912360191345215,-1.2680483341217041
DiscreteSAC,5,mid,929,1929,-0.18569312095642093,10.0,6.0,0.6437143683433533,-1.2608336329460144
DiscreteSAC,5,mid,930,1930,-0.30245950222015383,10.0,5.0,0.5719766020774841,-1.2562029838562012
DiscreteSAC,5,mid,931,1931,-0.06548055410385135,10.0,5.0,0.6131504774093628,-1.247755801677704
DiscreteSAC,5,mid,932,1932,-0.5847458660602569,10.0,4.0,0.5834941267967224,-1.2558151364326477
DiscreteSAC,5,mid,933,1933,-0.6345902621746063,10.0,5.0,0.6436866521835327,-1.2579658150672912
DiscreteSAC,5,mid,934,1934,-0.46974597275257113,10.0,5.0,0.2353367805480957,-1.256294023990631
DiscreteSAC,5,mid,935,1935,-0.3170278310775757,10.0,5.0,0.5972496867179871,-1.2747307777404786
DiscreteSAC,5,mid,936,1936,-0.4952970266342163,10.0,4.0,0.7053548693656921,-1.2268898725509643
DiscreteSAC,5,mid,937,1937,-0.7005667388439181,10.0,3.0,0.6055734753608704,-1.2550394773483275
DiscreteSAC,5,mid,938,1938,-0.4761720418930054,10.0,4.0,0.7229148745536804,-1.2754180192947389
DiscreteSAC,5,mid,939,1939,-0.019445974826812748,7.0,6.0,0.7078811526298523,-1.265173043523516
DiscreteSAC,5,mid,940,1940,-0.4096230387687683,10.0,4.0,0.9527836441993713,-1.2642117977142333
DiscreteSAC,5,mid,941,1941,-0.253890061378479,10.0,5.0,0.49447911977767944,-1.3112313270568847
DiscreteSAC,5,mid,942,1942,-0.24426687955856324,10.0,4.0,0.8156703114509583,-1.2473542451858521
DiscreteSAC,5,mid,943,1943,-0.3665284144878387,8.0,4.0,0.44809481501579285,-1.2443799525499344
DiscreteSAC,5,mid,944,1944,-0.36634578108787536,10.0,4.0,0.28591200709342957,-1.2903412222862243
DiscreteSAC,5,mid,945,1945,-0.2861869716644287,9.0,3.0,0.6355673670768738,-1.2430637545055814
DiscreteSAC,5,mid,946,1946,-0.3001307606697082,10.0,3.0,0.6074527502059937,-1.2897122263908387
DiscreteSAC,5,mid,947,1947,-0.12642515182495118,8.0,5.0,0.4447173476219177,-1.2612890005111694
DiscreteSAC,5,mid,948,1948,-0.3062857508659363,10.0,4.0,0.28861477971076965,-1.2974536180496217
DiscreteSAC,5,mid,949,1949,-0.5093798160552978,10.0,4.0,0.7836324572563171,-1.283906674385071
DiscreteSAC,5,mid,950,1950,-0.17405541777610778,9.0,4.0,0.4587564170360565,-1.2862012651231554
DiscreteSAC,5,mid,951,1951,-0.42316272258758547,10.0,5.0,0.5969128608703613,-1.2715877532958983
DiscreteSAC,5,mid,952,1952,-0.43905950486660006,10.0,5.0,0.12211088836193085,-1.2222545504570008
DiscreteSAC,5,mid,953,1953,-0.055288559198379536,10.0,3.0,0.3835795223712921,-1.2694272637367248
DiscreteSAC,5,mid,954,1954,-0.503943482041359,10.0,5.0,0.20986703038215637,-1.2750799059867859
DiscreteSAC,5,mid,955,1955,-0.14755642414093018,10.0,5.0,0.6532638669013977,-1.228626298904419
DiscreteSAC,5,mid,956,1956,-0.18974712014198303,7.0,4.0,0.447732150554657,-1.2674520696912492
DiscreteSAC,5,mid,957,1957,-0.4707006931304932,10.0,4.0,1.1015921831130981,-1.264631712436676
DiscreteSAC,5,mid,958,1958,-0.18363934755325312,10.0,5.0,0.8200788497924805,-1.273549735546112
DiscreteSAC,5,mid,959,1959,-0.7739752531051636,10.0,3.0,1.0385315418243408,-1.2483339071273805
DiscreteSAC,5,mid,960,1960,-0.4960302606225014,10.0,4.0,0.15736040472984314,-1.2765987634658813
DiscreteSAC,5,mid,961,1961,-0.18866751194000245,10.0,6.0,0.6082057356834412,-1.2234651803970338
DiscreteSAC,5,mid,962,1962,-0.2304978096485138,9.0,5.0,0.4604930281639099,-1.2588191164864435
DiscreteSAC,5,mid,963,1963,-0.47477496936917307,10.0,5.0,0.12847508490085602,-1.2735575437545776
DiscreteSAC,5,mid,964,1964,-0.4288717806339264,10.0,3.0,0.447345107793808,-1.217732810974121
DiscreteSAC,5,mid,965,1965,-0.34024574756622317,10.0,5.0,0.7143557667732239,-1.2337370276451112
DiscreteSAC,5,mid,966,1966,-0.5421268463134765,10.0,4.0,0.6535175442695618,-1.231201696395874
DiscreteSAC,5,mid,967,1967,0.03894423246383665,10.0,6.0,0.6594190001487732,-1.2941742300987245
DiscreteSAC,5,mid,968,1968,-0.21266276836395268,10.0,4.0,0.6819494962692261,-1.276433026790619
DiscreteSAC,5,mid,969,1969,-0.4016863346099854,10.0,5.0,1.046286702156067,-1.2797788619995116
DiscreteSAC,5,mid,970,1970,-0.22951528429985046,10.0,5.0,0.32541996240615845,-1.2542211532592773
DiscreteSAC,5,mid,971,1971,-0.21377007961273195,10.0,7.0,0.7604880332946777,-1.2869915962219238
DiscreteSAC,5,mid,972,1972,-0.378083860874176,10.0,6.0,0.370279997587204,-1.26405428647995
DiscreteSAC,5,mid,973,1973,-0.2353644275665283,9.0,4.0,0.7400805354118347,-1.2716175185309515
DiscreteSAC,5,mid,974,1974,-0.1072266101837158,10.0,5.0,1.0504469871520996,-1.311015546321869
DiscreteSAC,5,mid,975,1975,-0.5018320322036744,10.0,5.0,0.7617694139480591,-1.2866586923599244
DiscreteSAC,5,mid,976,1976,-0.40689964294433595,10.0,4.0,1.4340908527374268,-1.3071218609809876
DiscreteSAC,5,mid,977,1977,-0.2728404641151428,10.0,5.0,0.7171666026115417,-1.327253782749176
DiscreteSAC,5,mid,978,1978,-0.4374328076839447,10.0,4.0,0.25322502851486206,-1.275110697746277
DiscreteSAC,5,mid,979,1979,-0.5708492398262024,10.0,3.0,0.8397988080978394,-1.2758538365364074
DiscreteSAC,5,mid,980,1980,-0.29483338236808776,9.0,4.0,0.438800573348999,-1.261283318201701
DiscreteSAC,5,mid,981,1981,-0.4076032042503357,10.0,3.0,0.7549933791160583,-1.300200390815735
DiscreteSAC,5,mid,982,1982,-0.5290249407291413,10.0,4.0,0.5186413526535034,-1.3084923505783081
DiscreteSAC,5,mid,983,1983,-0.28763790130615235,10.0,4.0,0.7739313840866089,-1.2624174118041993
DiscreteSAC,5,mid,984,1984,-0.4720816850662233,10.0,5.0,0.2229290008544922,-1.2501359939575196
DiscreteSAC,5,mid,985,1985,-0.5540594995021821,10.0,5.0,0.2818146347999573,-1.2644840002059936
DiscreteSAC,5,mid,986,1986,-0.5532332122325898,10.0,6.0,0.40920162200927734,-1.2950040221214294
DiscreteSAC,5,mid,987,1987,-0.4439752817153931,10.0,4.0,0.540079653263092,-1.2488001823425292
DiscreteSAC,5,mid,988,1988,-0.1728602695465088,8.0,5.0,0.8034535646438599,-1.3067259937524796
DiscreteSAC,5,mid,989,1989,-0.14847901463508606,10.0,5.0,0.26318392157554626,-1.263817512989044
DiscreteSAC,5,mid,990,1990,-0.2890771239995957,10.0,6.0,0.2480434626340866,-1.2542581796646117
DiscreteSAC,5,mid,991,1991,-0.2605412006378174,10.0,3.0,0.6021973490715027,-1.2563884854316711
DiscreteSAC,5,mid,992,1992,-0.475389164686203,10.0,4.0,0.338668555021286,-1.2563228487968445
DiscreteSAC,5,mid,993,1993,-0.2173285245895386,10.0,6.0,0.6255287528038025,-1.2571949005126952
DiscreteSAC,5,mid,994,1994,-0.3997000575065613,10.0,4.0,0.7890529632568359,-1.2158225655555726
DiscreteSAC,5,mid,995,1995,-0.5215885758399963,10.0,4.0,0.20592477917671204,-1.279546046257019
DiscreteSAC,5,mid,996,1996,-0.4778158187866211,10.0,4.0,0.7536206841468811,-1.2236270189285279
DiscreteSAC,5,mid,997,1997,-0.05795173883438111,9.0,4.0,0.5843262076377869,-1.2793003453148737
DiscreteSAC,5,mid,998,1998,-0.3745790958404541,10.0,5.0,0.8306220769882202,-1.2679486989974975
DiscreteSAC,5,mid,999,1999,-0.2210747599601745,10.0,5.0,0.7780126333236694,-1.2098047256469726
DiscreteSAC,5,mid,1000,2000,-0.38445199728012086,10.0,4.0,0.7659072279930115,-1.2713983058929443
DiscreteSAC,5,mid,1001,2001,-0.2016081118583679,9.0,4.0,0.73103266954422,-1.2596681647830539
DiscreteSAC,5,mid,1002,2002,0.05566625118255614,8.0,6.0,0.6376535296440125,-1.2707482725381851
DiscreteSAC,5,mid,1003,2003,-0.40661766529083254,10.0,5.0,0.5048879981040955,-1.2483202934265136
DiscreteSAC,5,mid,1004,2004,-0.6317483305931091,10.0,4.0,0.7824991941452026,-1.2807924151420593
DiscreteSAC,5,mid,1005,2005,-0.4141428673267365,9.0,4.0,0.5597001910209656,-1.2954859733581543
DiscreteSAC,5,mid,1006,2006,-0.1685197854042053,9.0,4.0,0.5239893794059753,-1.266904526286655
DiscreteSAC,5,mid,1007,2007,-0.3841668039560318,10.0,4.0,0.196807399392128,-1.2557413101196289
DiscreteSAC,5,mid,1008,2008,-0.18271931409835818,10.0,5.0,0.6518198847770691,-1.2243684530258179
DiscreteSAC,5,mid,1009,2009,-0.27901588678359984,10.0,4.0,0.3232320249080658,-1.2859978199005127
DiscreteSAC,5,mid,1010,2010,-0.4731167942285538,10.0,5.0,0.24649573862552643,-1.279966700077057
DiscreteSAC,5,mid,1011,2011,-0.5767858892679214,10.0,4.0,0.24278119206428528,-1.2610759496688844
DiscreteSAC,5,mid,1012,2012,-0.295068633556366,10.0,4.0,0.9899588227272034,-1.260194754600525
DiscreteSAC,5,mid,1013,2013,-0.17308590412139896,10.0,6.0,0.4839184880256653,-1.2837905764579773
DiscreteSAC,5,mid,1014,2014,0.03062546253204345,10.0,3.0,0.6093553304672241,-1.3145661115646363
DiscreteSAC,5,mid,1015,2015,-0.43951185345649724,10.0,7.0,0.4458825886249542,-1.2468068838119506
DiscreteSAC,5,mid,1016,2016,-0.24006323218345643,10.0,4.0,0.2791569232940674,-1.31144517660141
DiscreteSAC,5,mid,1017,2017,-0.33512244224548343,10.0,6.0,0.5462678074836731,-1.29490168094635
DiscreteSAC,5,mid,1018,2018,-0.2990480065345764,10.0,3.0,0.8228891491889954,-1.2818607211112976
DiscreteSAC,5,mid,1019,2019,-0.07740933895111085,10.0,4.0,1.042292833328247,-1.3025076150894166
DiscreteSAC,5,mid,1020,2020,-0.25049626767635347,9.0,6.0,0.2541573941707611,-1.2722554206848145
DiscreteSAC,5,mid,1021,2021,-0.028690340518951418,9.0,5.0,0.4896894097328186,-1.3217183748881023
DiscreteSAC,5,mid,1022,2022,-0.13965248107910155,9.0,4.0,0.8349710702896118,-1.2571314175923665
DiscreteSAC,5,mid,1023,2023,-0.46494076251983646,10.0,6.0,0.6288952231407166,-1.2472891926765441
DiscreteSAC,5,mid,1024,2024,-0.27519795894622806,10.0,6.0,0.6740655303001404,-1.2476659297943116
DiscreteSAC,5,mid,1025,2025,-0.5607518553733826,10.0,3.0,0.6536298394203186,-1.2526908278465272
DiscreteSAC,5,mid,1026,2026,-0.3199682950973511,10.0,4.0,1.0060964822769165,-1.2998616099357605
DiscreteSAC,5,mid,1027,2027,-0.2665781259536743,10.0,4.0,0.6975730061531067,-1.287646758556366
DiscreteSAC,5,mid,1028,2028,-0.5940027326345444,10.0,5.0,0.35208696126937866,-1.2692089557647706
DiscreteSAC,5,mid,1029,2029,-0.3387753188610077,10.0,4.0,0.3718164265155792,-1.2492733597755432
DiscreteSAC,5,mid,1030,2030,-0.3989054009318352,10.0,4.0,0.10930044203996658,-1.2729241847991943
DiscreteSAC,5,mid,1031,2031,-0.3176194310188293,10.0,4.0,0.49136731028556824,-1.2665443062782287
DiscreteSAC,5,mid,1032,2032,-0.28373600244522096,10.0,6.0,0.3188362419605255,-1.2735917925834657
DiscreteSAC,5,mid,1033,2033,0.24038135528564453,8.0,5.0,0.7915395498275757,-1.259411871433258
DiscreteSAC,5,mid,1034,2034,-0.456813657283783,10.0,5.0,0.8621201515197754,-1.2875232100486755
DiscreteSAC,5,mid,1035,2035,-0.5539601564407349,10.0,4.0,0.8634358048439026,-1.2411195874214171
DiscreteSAC,5,mid,1036,2036,-0.17783660173416138,8.0,5.0,0.6071369051933289,-1.2931224405765533
DiscreteSAC,5,mid,1037,2037,-0.536024609208107,10.0,5.0,0.3102591931819916,-1.2490888595581056
DiscreteSAC,5,mid,1038,2038,-0.40657014623284343,10.0,6.0,0.09874213486909866,-1.2695032000541686
DiscreteSAC,5,mid,1039,2039,-0.14665138959884644,9.0,5.0,0.5811367034912109,-1.3019355138142903
DiscreteSAC,5,mid,1040,2040,-0.4369660705327988,10.0,5.0,0.24016687273979187,-1.2512347936630248
DiscreteSAC,5,mid,1041,2041,-0.446312689781189,10.0,5.0,0.2970831096172333,-1.259483230113983
DiscreteSAC,5,mid,1042,2042,-0.011271421909332252,8.0,5.0,0.5346313714981079,-1.2375327348709106
DiscreteSAC,5,mid,1043,2043,-0.06581034660339358,10.0,5.0,1.1863925457000732,-1.2553386688232422
DiscreteSAC,5,mid,1044,2044,-0.210055410861969,10.0,5.0,0.6777302026748657,-1.2820733666419983
DiscreteSAC,5,mid,1045,2045,-0.14952625036239625,10.0,6.0,0.6541203856468201,-1.2842697381973267
DiscreteSAC,5,mid,1046,2046,-0.3322474598884583,10.0,5.0,0.9870921969413757,-1.2866013884544372
DiscreteSAC,5,mid,1047,2047,-0.20832727789878847,9.0,6.0,0.2514372766017914,-1.27488284640842
DiscreteSAC,5,mid,1048,2048,-0.4056609392166137,10.0,4.0,0.8999868631362915,-1.2391916155815124
DiscreteSAC,5,mid,1049,2049,-0.24493712425231934,9.0,5.0,0.4765010178089142,-1.2993500894970365
DiscreteSAC,5,mid,1050,2050,-0.3808629810810089,10.0,3.0,0.32252222299575806,-1.2789436340332032
DiscreteSAC,5,mid,1051,2051,-0.2574807643890381,10.0,5.0,0.6721500158309937,-1.2123831510543823
DiscreteSAC,5,mid,1052,2052,-0.09349401473999024,8.0,6.0,0.6998782157897949,-1.2299019992351532
DiscreteSAC,5,mid,1053,2053,-0.34709914922714236,10.0,5.0,0.6209916472434998,-1.2609476327896119
DiscreteSAC,5,mid,1054,2054,-0.47500206232070924,10.0,4.0,0.5498519539833069,-1.2934021711349488
DiscreteSAC,5,mid,1055,2055,-0.441481101512909,10.0,7.0,0.6900656819343567,-1.2466856479644775
DiscreteSAC,5,mid,1056,2056,-0.22387492656707764,10.0,3.0,0.303727924823761,-1.2533581614494325
DiscreteSAC,5,mid,1057,2057,-0.2080174684524536,10.0,5.0,0.5855732560157776,-1.2880346417427062
DiscreteSAC,5,mid,1058,2058,-0.014046432971954362,9.0,5.0,0.8367064595222473,-1.2659556203418307
DiscreteSAC,5,mid,1059,2059,-0.3950903326272965,10.0,6.0,0.25207415223121643,-1.2820236682891846
DiscreteSAC,5,mid,1060,2060,-0.1570084983110428,9.0,6.0,0.21027599275112152,-1.276862965689765
DiscreteSAC,5,mid,1061,2061,0.03400028705596926,9.0,4.0,1.0895859003067017,-1.30431248082055
DiscreteSAC,5,mid,1062,2062,-0.2724494099617004,10.0,6.0,0.711321234703064,-1.25094473361969
DiscreteSAC,5,mid,1063,2063,-0.33554395437240603,10.0,5.0,0.7529972195625305,-1.2351490378379821
DiscreteSAC,5,mid,1064,2064,-0.27987035512924197,10.0,5.0,0.8476568460464478,-1.270588505268097
DiscreteSAC,5,mid,1065,2065,-0.37521613836288453,10.0,4.0,0.7316856384277344,-1.2574724078178405
DiscreteSAC,5,mid,1066,2066,-0.4166794061660767,10.0,5.0,0.8588415384292603,-1.3078960299491882
DiscreteSAC,5,mid,1067,2067,-0.2402233362197876,10.0,4.0,0.8438529968261719,-1.2797856211662293
DiscreteSAC,5,mid,1068,2068,-0.4739576816558838,10.0,5.0,0.4137060344219208,-1.2833287835121154
DiscreteSAC,5,mid,1069,2069,-0.5595583409070969,10.0,5.0,0.3675881028175354,-1.2624333262443543
DiscreteSAC,5,mid,1070,2070,-0.4534988522529602,10.0,4.0,0.1965854912996292,-1.2430548071861267
DiscreteSAC,5,mid,1071,2071,-0.23330540359020235,10.0,7.0,0.30603131651878357,-1.2259416460990906
DiscreteSAC,5,mid,1072,2072,-0.2122759699821472,10.0,4.0,0.8206967115402222,-1.2471514582633971
DiscreteSAC,5,mid,1073,2073,-0.4950607091188431,10.0,4.0,0.19313156604766846,-1.2585494875907899
DiscreteSAC,5,mid,1074,2074,-0.42496849298477174,10.0,4.0,0.8095802664756775,-1.2544106364250183
DiscreteSAC,5,mid,1075,2075,-0.5109233498573305,10.0,5.0,0.5103660821914673,-1.2699402093887329
DiscreteSAC,5,mid,1076,2076,-0.1834459125995636,10.0,6.0,0.3012029826641083,-1.2867175340652466
DiscreteSAC,5,mid,1077,2077,-0.5837469667196274,10.0,4.0,0.3744736313819885,-1.2693555116653443
DiscreteSAC,5,mid,1078,2078,-0.4084439218044281,10.0,5.0,0.4669242203235626,-1.236161708831787
DiscreteSAC,5,mid,1079,2079,-0.31770684719085696,10.0,5.0,0.47952693700790405,-1.2676605105400085
DiscreteSAC,5,mid,1080,2080,-0.07545814633369445,7.0,5.0,0.47872716188430786,-1.2813182047435216
DiscreteSAC,5,mid,1081,2081,0.1438411283493042,7.0,6.0,1.1914291381835938,-1.244257824761527
DiscreteSAC,5,mid,1082,2082,-0.4056765258312225,10.0,4.0,0.2942255139350891,-1.2926108360290527
DiscreteSAC,5,mid,1083,2083,-0.43178614377975466,10.0,5.0,0.4993307888507843,-1.2584266781806945
DiscreteSAC,5,mid,1084,2084,-0.09065718650817872,10.0,4.0,0.9810575246810913,-1.2226839184761047
DiscreteSAC,5,mid,1085,2085,-0.27387160062789917,10.0,5.0,0.5750939249992371,-1.2655280351638794
DiscreteSAC,5,mid,1086,2086,-0.15863757371902465,9.0,4.0,0.7859542965888977,-1.245849331219991
DiscreteSAC,5,mid,1087,2087,-0.44182581901550294,10.0,4.0,0.37516239285469055,-1.3015202164649964
DiscreteSAC,5,mid,1088,2088,-0.34698383808135985,10.0,4.0,0.6396724581718445,-1.2909860968589784
DiscreteSAC,5,mid,1089,2089,-0.29234881401062013,10.0,4.0,0.7037531733512878,-1.2633362412452698
DiscreteSAC,5,mid,1090,2090,-0.09539788961410524,10.0,5.0,0.6254939436912537,-1.276500141620636
DiscreteSAC,5,mid,1091,2091,-0.5405076742172242,10.0,3.0,0.7611398696899414,-1.2811158180236817
DiscreteSAC,5,mid,1092,2092,-0.21703653335571288,10.0,4.0,0.3210483193397522,-1.2959063529968262
DiscreteSAC,5,mid,1093,2093,-0.5251056969165803,10.0,4.0,0.13852359354496002,-1.2322208642959596
DiscreteSAC,5,mid,1094,2094,-0.1886250251531601,9.0,5.0,0.22276875376701355,-1.296696596675449
DiscreteSAC,5,mid,1095,2095,-0.24501845836639405,10.0,6.0,0.675088107585907,-1.2318742513656615
DiscreteSAC,5,mid,1096,2096,-0.05117782473564146,7.0,4.0,0.4183570444583893,-1.2294202872685023
DiscreteSAC,5,mid,1097,2097,-0.23242115020751952,9.0,4.0,0.4056735038757324,-1.2417095634672377
DiscreteSAC,5,mid,1098,2098,-0.31028778553009034,10.0,4.0,0.5447456240653992,-1.2338818550109862
DiscreteSAC,5,mid,1099,2099,-0.47251368761062623,10.0,4.0,0.8175143599510193,-1.2645880341529847
DiscreteSAC,5,mid,1100,2100,-0.2437870144844055,10.0,5.0,0.6016735434532166,-1.2073844075202942
DiscreteSAC,5,mid,1101,2101,-0.409878146648407,10.0,4.0,0.5405906438827515,-1.2366027116775513
DiscreteSAC,5,mid,1102,2102,-0.41511741876602176,10.0,6.0,0.33846643567085266,-1.275593888759613
DiscreteSAC,5,mid,1103,2103,-0.4057150363922119,10.0,7.0,0.6745051741600037,-1.2691062927246093
DiscreteSAC,5,mid,1104,2104,-0.34793705940246583,10.0,4.0,1.1021748781204224,-1.2454986095428466
DiscreteSAC,5,mid,1105,2105,-0.4731049358844757,10.0,4.0,0.16210763156414032,-1.2390922427177429
DiscreteSAC,5,mid,1106,2106,-0.8744009852409365,10.0,4.0,0.9287758469581604,-1.2772827863693237
DiscreteSAC,5,mid,1107,2107,-0.4654687285423279,10.0,5.0,0.979219377040863,-1.247634518146515
DiscreteSAC,5,mid,1108,2108,-0.48091537952423097,10.0,4.0,0.6083465814590454,-1.2822577357292175
DiscreteSAC,5,mid,1109,2109,-0.06885705649852751,6.0,4.0,0.18193261325359344,-1.298193057378133
DiscreteSAC,5,mid,1110,2110,-0.188219690322876,10.0,5.0,0.7773338556289673,-1.2420514822006226
DiscreteSAC,5,mid,1111,2111,-0.48494723439216614,10.0,3.0,0.3239462077617645,-1.255129909515381
DiscreteSAC,5,mid,1112,2112,-0.3239919304847717,10.0,6.0,0.5915306806564331,-1.3068219780921937
DiscreteSAC,5,mid,1113,2113,-0.2147023558616638,10.0,4.0,0.8013995885848999,-1.2371130347251893
DiscreteSAC,5,mid,1114,2114,-0.5384315520524978,10.0,4.0,0.3260878026485443,-1.2625665426254273
DiscreteSAC,5,mid,1115,2115,-0.3504683494567871,10.0,4.0,0.6708007454872131,-1.3086030602455139
DiscreteSAC,5,mid,1116,2116,-0.5468668162822724,10.0,4.0,0.5172874331474304,-1.3145035982131958
DiscreteSAC,5,mid,1117,2117,-0.3281011819839478,10.0,5.0,1.071284532546997,-1.2637123346328736
DiscreteSAC,5,mid,1118,2118,-0.4263307571411133,10.0,4.0,0.6572785973548889,-1.2826920390129088
DiscreteSAC,5,mid,1119,2119,-0.45203830003738404,10.0,4.0,0.732761800289154,-1.2427897572517395
DiscreteSAC,5,mid,1120,2120,-0.04317898988723755,9.0,6.0,0.6190186738967896,-1.2538825008604262
DiscreteSAC,5,mid,1121,2121,-0.45925450325012207,10.0,3.0,0.6425846219062805,-1.2450085401535034
DiscreteSAC,5,mid,1122,2122,-0.45929173827171327,10.0,4.0,0.3844151794910431,-1.2592451095581054
DiscreteSAC,5,mid,1123,2123,-0.32610735893249515,10.0,6.0,0.5417054295539856,-1.2547011137008668
DiscreteSAC,5,mid,1124,2124,-0.41379977464675904,10.0,4.0,0.8498298525810242,-1.282502257823944
DiscreteSAC,5,mid,1125,2125,-0.3475003957748413,10.0,4.0,0.5926293134689331,-1.2303450942039489
DiscreteSAC,5,mid,1126,2126,-0.32847516775131225,9.0,4.0,0.7928309440612793,-1.3121300141016643
DiscreteSAC,5,mid,1127,2127,-0.3211373031139374,10.0,5.0,0.34201887249946594,-1.2523857593536376
DiscreteSAC,5,mid,1128,2128,-0.1817396628856659,8.0,5.0,0.2329518049955368,-1.281858280301094
DiscreteSAC,5,mid,1129,2129,-0.32282695770263675,10.0,6.0,0.7835314869880676,-1.2420900344848633
DiscreteSAC,5,mid,1130,2130,-0.13144577741622926,10.0,4.0,0.7434543967247009,-1.2830064296722412
DiscreteSAC,5,mid,1131,2131,-0.41777088642120364,10.0,5.0,1.0614744424819946,-1.3040661334991455
DiscreteSAC,5,mid,1132,2132,-0.13823310136795042,10.0,3.0,0.6337102055549622,-1.257334339618683
DiscreteSAC,5,mid,1133,2133,-0.5437617599964142,10.0,3.0,0.5313509702682495,-1.3029188632965087
DiscreteSAC,5,mid,1134,2134,-0.2359585404396057,10.0,5.0,0.62531578540802,-1.2597378611564636
DiscreteSAC,5,mid,1135,2135,-0.41450889110565187,10.0,4.0,0.9744114875793457,-1.2407871603965759
DiscreteSAC,5,mid,1136,2136,-0.3921724796295166,10.0,5.0,0.16803057491779327,-1.29163556098938
DiscreteSAC,5,mid,1137,2137,-0.3818371415138245,10.0,4.0,0.7074335813522339,-1.2771687150001525
DiscreteSAC,5,mid,1138,2138,-0.23939775466918944,9.0,4.0,0.3753521144390106,-1.2626498142878215
DiscreteSAC,5,mid,1139,2139,-0.09293313026428225,10.0,4.0,0.8501921892166138,-1.306701624393463
DiscreteSAC,5,mid,1140,2140,-0.14926395416259766,10.0,6.0,0.6594838500022888,-1.2751962542533875
DiscreteSAC,5,mid,1141,2141,-0.10610108375549314,10.0,4.0,0.5265613794326782,-1.2778033137321472
DiscreteSAC,5,mid,1142,2142,0.029193863868713386,9.0,6.0,1.068703055381775,-1.2749271127912734
DiscreteSAC,5,mid,1143,2143,-0.477388858795166,10.0,3.0,0.6309033036231995,-1.3093235731124877
DiscreteSAC,5,mid,1144,2144,-0.11076103448867795,10.0,4.0,0.6468601822853088,-1.2788890719413757
DiscreteSAC,5,mid,1145,2145,-0.4036841630935669,10.0,5.0,0.77295982837677,-1.2758190035820007
DiscreteSAC,5,mid,1146,2146,-0.4701239109039308,10.0,5.0,0.29524657130241394,-1.2435195922851563
DiscreteSAC,5,mid,1147,2147,-0.40440753698349,10.0,6.0,0.6210572123527527,-1.21631760597229
DiscreteSAC,5,mid,1148,2148,-0.27398826479911803,10.0,4.0,0.45383143424987793,-1.2756648659706116
DiscreteSAC,5,mid,1149,2149,-0.6737993143498899,10.0,4.0,0.28198522329330444,-1.255412220954895
DiscreteSAC,5,mid,1150,2150,-0.3951803982257843,10.0,5.0,0.4989576041698456,-1.2696653127670288
DiscreteSAC,5,mid,1151,2151,-0.05641241908073423,9.0,4.0,0.4833373725414276,-1.2497759792539809
DiscreteSAC,5,mid,1152,2152,-0.26794085502624515,10.0,6.0,0.15799014270305634,-1.279844093322754
DiscreteSAC,5,mid,1153,2153,-0.35154945254325864,10.0,6.0,0.3068051040172577,-1.2775105476379394
DiscreteSAC,5,mid,1154,2154,-0.5987676024436952,10.0,5.0,0.6341637969017029,-1.2686872124671935
DiscreteSAC,5,mid,1155,2155,-0.18035309314727782,10.0,4.0,0.9622827768325806,-1.2726240277290344
DiscreteSAC,5,mid,1156,2156,-0.21810441017150878,10.0,4.0,0.6352551579475403,-1.286371898651123
DiscreteSAC,5,mid,1157,2157,-0.491795015335083,10.0,4.0,0.35816216468811035,-1.245370662212372
DiscreteSAC,5,mid,1158,2158,-0.39645684957504274,10.0,4.0,0.9696115851402283,-1.2612946033477783
DiscreteSAC,5,mid,1159,2159,-0.21107662439346314,7.0,5.0,0.8114122152328491,-1.2648978233337402
DiscreteSAC,5,mid,1160,2160,-0.37207945227622985,9.0,4.0,0.5128612518310547,-1.3112223810619779
DiscreteSAC,5,mid,1161,2161,-0.5810813426971437,10.0,4.0,0.6290836334228516,-1.2573925137519837
DiscreteSAC,5,mid,1162,2162,-0.23006947040557862,10.0,4.0,1.1663075685501099,-1.2611212849617004
DiscreteSAC,5,mid,1163,2163,-0.22831022143363955,10.0,5.0,0.46385160088539124,-1.3054085850715638
DiscreteSAC,5,mid,1164,2164,-0.38198848962783816,10.0,5.0,0.85239177942276,-1.248210072517395
DiscreteSAC,5,mid,1165,2165,0.06525933504104614,9.0,5.0,0.7880859971046448,-1.237285402086046
DiscreteSAC,5,mid,1166,2166,-0.2561302542686463,10.0,6.0,0.6093263626098633,-1.3101062059402466
DiscreteSAC,5,mid,1167,2167,-0.42707284688949587,10.0,5.0,0.412153035402298,-1.231309950351715
DiscreteSAC,5,mid,1168,2168,-0.12530311703681946,6.0,4.0,0.34181976318359375,-1.2745092709859211
DiscreteSAC,5,mid,1169,2169,-0.08659659624099732,10.0,4.0,0.9839949011802673,-1.2688520312309266
DiscreteSAC,5,mid,1170,2170,-0.3750744223594666,10.0,6.0,0.7675555348396301,-1.220326316356659
DiscreteSAC,5,mid,1171,2171,-0.35000660419464114,10.0,5.0,1.0685275793075562,-1.3310804128646851
DiscreteSAC,5,mid,1172,2172,-0.056314642429351816,7.0,4.0,0.5236257910728455,-1.2327193362372262
DiscreteSAC,5,mid,1173,2173,-0.5026681244373322,10.0,4.0,0.3271481990814209,-1.2282045125961303
DiscreteSAC,5,mid,1174,2174,-0.32289593219757085,10.0,7.0,0.2914693057537079,-1.2418501138687135
DiscreteSAC,5,mid,1175,2175,-0.17652614116668697,10.0,6.0,0.525754451751709,-1.2832337856292724
DiscreteSAC,5,mid,1176,2176,-0.3824040174484253,10.0,4.0,0.22745060920715332,-1.2260511755943297
DiscreteSAC,5,mid,1177,2177,-0.41677195429801944,10.0,6.0,0.2645762860774994,-1.2968994855880738
DiscreteSAC,5,mid,1178,2178,-0.5425608277320862,10.0,4.0,0.6697458028793335,-1.2714171290397644
DiscreteSAC,5,mid,1179,2179,-0.37561604976654056,10.0,6.0,0.7293633222579956,-1.2930400133132935
DiscreteSAC,5,mid,1180,2180,-0.24740262031555177,10.0,4.0,0.9462815523147583,-1.268090832233429
DiscreteSAC,5,mid,1181,2181,-0.6114855110645295,10.0,3.0,0.40717434883117676,-1.2631399035453796
DiscreteSAC,5,mid,1182,2182,-0.2992861270904541,10.0,5.0,0.875971257686615,-1.241701316833496
DiscreteSAC,5,mid,1183,2183,-0.2870630025863648,10.0,8.0,0.17786693572998047,-1.2577216386795045
DiscreteSAC,5,mid,1184,2184,-0.5456363379955291,10.0,4.0,0.29203933477401733,-1.294402575492859
DiscreteSAC,5,mid,1185,2185,-0.5561980485916139,10.0,4.0,0.7906067967414856,-1.2633318662643434
DiscreteSAC,5,mid,1186,2186,0.050937825441360475,10.0,3.0,0.4609520137310028,-1.2915868401527404
DiscreteSAC,5,mid,1187,2187,-0.3471260666847229,10.0,3.0,0.8092839121818542,-1.280843234062195
DiscreteSAC,5,mid,1188,2188,-0.06493047475814821,10.0,6.0,0.573552668094635,-1.2845144867897034
DiscreteSAC,5,mid,1189,2189,-0.5387224078178405,10.0,4.0,0.47200801968574524,-1.274509334564209
DiscreteSAC,5,mid,1190,2190,-0.20224881172180176,10.0,5.0,0.40826287865638733,-1.2493953943252563
DiscreteSAC,5,mid,1191,2191,-0.19455494880676272,10.0,5.0,0.8219280242919922,-1.3071115493774415
DiscreteSAC,5,mid,1192,2192,-0.27568213880062103,9.0,5.0,0.23014043271541595,-1.262475609779358
DiscreteSAC,5,mid,1193,2193,-0.10802023649215699,9.0,4.0,0.5446022152900696,-1.2837996085484822
DiscreteSAC,5,mid,1194,2194,-0.35860882997512816,10.0,4.0,0.22727833688259125,-1.2767255425453186
DiscreteSAC,5,mid,1195,2195,-0.5166437149047851,10.0,4.0,0.5909596085548401,-1.2397954225540162
DiscreteSAC,5,mid,1196,2196,-0.44935020208358767,10.0,5.0,0.30325883626937866,-1.2343385934829711
DiscreteSAC,5,mid,1197,2197,-0.3176478326320648,10.0,4.0,0.15925896167755127,-1.280065941810608
DiscreteSAC,5,mid,1198,2198,-0.20105757713317873,10.0,5.0,1.0948399305343628,-1.240483558177948
DiscreteSAC,5,mid,1199,2199,-0.2772299110889435,10.0,6.0,0.47543397545814514,-1.2489444136619567
DiscreteSAC,5,mid,1200,2200,-0.5306949734687806,10.0,4.0,0.7261303067207336,-1.2420765519142152
DiscreteSAC,5,mid,1201,2201,-0.5328260779380799,10.0,4.0,0.44179216027259827,-1.2353730201721191
DiscreteSAC,5,mid,1202,2202,-0.2136814922094345,10.0,4.0,0.13566695153713226,-1.2783629059791566
DiscreteSAC,5,mid,1203,2203,-0.43076353669166567,10.0,5.0,0.17126107215881348,-1.2693708658218383
DiscreteSAC,5,mid,1204,2204,-0.3842131018638611,10.0,4.0,0.6757901310920715,-1.2616977572441102
DiscreteSAC,5,mid,1205,2205,-0.48534546196460726,10.0,5.0,0.27028486132621765,-1.2872994780540465
DiscreteSAC,5,mid,1206,2206,-0.49090551733970644,10.0,5.0,0.4271796643733978,-1.2469722270965575
DiscreteSAC,5,mid,1207,2207,-0.27429898977279665,10.0,5.0,0.7976167798042297,-1.2732405543327332
DiscreteSAC,5,mid,1208,2208,-0.45535707473754883,10.0,3.0,0.8232212066650391,-1.2773735523223877
DiscreteSAC,5,mid,1209,2209,-0.5844348520040513,10.0,3.0,0.27065935730934143,-1.2378400921821595
DiscreteSAC,5,mid,1210,2210,-0.5949842035770417,10.0,3.0,0.24213294684886932,-1.2934574604034423
DiscreteSAC,5,mid,1211,2211,-0.16185759305953984,10.0,4.0,0.5408529043197632,-1.2870784401893616
DiscreteSAC,5,mid,1212,2212,-0.45988660454750063,10.0,5.0,0.3343079090118408,-1.277995491027832
DiscreteSAC,5,mid,1213,2213,-0.6816709786653521,10.0,3.0,0.4199109971523285,-1.3047873973846436
DiscreteSAC,5,mid,1214,2214,-0.3407211899757385,10.0,3.0,0.5067765712738037,-1.2646658778190614
DiscreteSAC,5,mid,1215,2215,-0.2249260178208351,6.0,3.0,0.2055281698703766,-1.2787846326828003
DiscreteSAC,5,mid,1216,2216,-0.2022213363647461,9.0,5.0,0.4786188006401062,-1.284600681728787
DiscreteSAC,5,mid,1217,2217,-0.1278949797153473,10.0,6.0,0.4351021945476532,-1.2418227195739746
DiscreteSAC,5,mid,1218,2218,-0.3862466335296631,10.0,4.0,0.7262087464332581,-1.2514048099517823
DiscreteSAC,5,mid,1219,2219,-0.3523456573486328,10.0,4.0,0.8979342579841614,-1.198667287826538
DiscreteSAC,5,mid,1220,2220,-0.4115148320794106,10.0,6.0,0.1588473618030548,-1.2650985360145568
DiscreteSAC,5,mid,1221,2221,-0.3460729241371155,10.0,4.0,0.6114287972450256,-1.235720407962799
DiscreteSAC,5,mid,1222,2222,-0.24533163547515868,9.0,4.0,0.28796663880348206,-1.3094296322928534
DiscreteSAC,5,mid,1223,2223,-0.03188308477401738,10.0,5.0,0.6999335885047913,-1.2556619048118591
DiscreteSAC,5,mid,1224,2224,0.007875034809112516,9.0,4.0,0.9196743369102478,-1.2234849002626207
DiscreteSAC,5,mid,1225,2225,-0.34687669277191163,10.0,4.0,1.2113813161849976,-1.2840810775756837
DiscreteSAC,5,mid,1226,2226,-0.36892012357711795,10.0,6.0,0.5155753493309021,-1.276548731327057
DiscreteSAC,5,mid,1227,2227,-0.36751843690872193,10.0,4.0,0.253115713596344,-1.2961689352989196
DiscreteSAC,5,mid,1228,2228,-0.38470580577850344,10.0,5.0,1.0384504795074463,-1.2646942019462586
DiscreteSAC,5,mid,1229,2229,-0.31676364541053775,10.0,6.0,0.3280549645423889,-1.2371974349021913
DiscreteSAC,5,mid,1230,2230,-0.518441241979599,10.0,4.0,0.49353912472724915,-1.2377900719642638
DiscreteSAC,5,mid,1231,2231,-0.4841176986694336,10.0,4.0,0.8232741951942444,-1.3315486431121826
DiscreteSAC,5,mid,1232,2232,-0.13919029831886293,10.0,4.0,0.45706066489219666,-1.3030712842941283
DiscreteSAC,5,mid,1233,2233,-0.27685376405715945,10.0,5.0,0.7547915577888489,-1.2402189254760743
DiscreteSAC,5,mid,1234,2234,-0.4237546741962433,10.0,4.0,0.27929380536079407,-1.3078701734542846
DiscreteSAC,5,mid,1235,2235,-0.36242621183395385,9.0,4.0,0.4607900083065033,-1.3077753119998508
DiscreteSAC,5,mid,1236,2236,-0.4949535369873047,10.0,5.0,0.7264033555984497,-1.2690784931182861
DiscreteSAC,5,mid,1237,2237,-0.5401994526386261,10.0,5.0,0.34271493554115295,-1.2778467416763306
DiscreteSAC,5,mid,1238,2238,-0.6585245728492737,10.0,3.0,0.3423253893852234,-1.2640336990356444
DiscreteSAC,5,mid,1239,2239,-0.6549075543880463,10.0,3.0,0.5007091164588928,-1.261409842967987
DiscreteSAC,5,mid,1240,2240,-0.19632458686828613,10.0,5.0,1.0508753061294556,-1.2494093298912048
DiscreteSAC,5,mid,1241,2241,-0.31587598323822025,10.0,6.0,0.6586160659790039,-1.2717299222946168
DiscreteSAC,5,mid,1242,2242,-0.4889862120151521,10.0,4.0,0.5938931107521057,-1.2628668189048766
DiscreteSAC,5,mid,1243,2243,-0.40818703174591064,10.0,3.0,0.5484399199485779,-1.2782292127609254
DiscreteSAC,5,mid,1244,2244,-0.1625390648841858,10.0,5.0,0.32685089111328125,-1.2679807424545289
DiscreteSAC,5,mid,1245,2245,0.031909046173095715,9.0,5.0,0.7703595757484436,-1.2472649150424533
DiscreteSAC,5,mid,1246,2246,-0.1494417095184326,9.0,4.0,1.0829044580459595,-1.2754023207558527
DiscreteSAC,5,mid,1247,2247,-0.3656742304563522,10.0,4.0,0.2229684293270111,-1.2403778672218322
DiscreteSAC,5,mid,1248,2248,-0.05103636503219604,7.0,5.0,0.8338114619255066,-1.2680668319974626
DiscreteSAC,5,mid,1249,2249,0.0482297444343567,6.0,5.0,0.5253458619117737,-1.2323088645935059
DiscreteSAC,5,mid,1250,2250,-0.47739952206611636,10.0,5.0,0.4857945740222931,-1.2579549431800843
DiscreteSAC,5,mid,1251,2251,0.0851998805999756,10.0,6.0,0.7701748609542847,-1.2417085766792297
DiscreteSAC,5,mid,1252,2252,-0.06692239046096803,10.0,7.0,0.7446072697639465,-1.2708431363105774
DiscreteSAC,5,mid,1253,2253,-0.2801693916320801,10.0,5.0,0.5849412083625793,-1.2345558404922485
DiscreteSAC,5,mid,1254,2254,-0.40966876745224,10.0,5.0,0.9295682311058044,-1.2642295002937316
DiscreteSAC,5,mid,1255,2255,-0.7003415226936343,10.0,3.0,0.4565604031085968,-1.2986836552619934
DiscreteSAC,5,mid,1256,2256,-0.45026213824748995,10.0,5.0,0.19601507484912872,-1.2829769134521485
DiscreteSAC,5,mid,1257,2257,-0.04349145889282231,10.0,6.0,0.5600518584251404,-1.251436138153076
DiscreteSAC,5,mid,1258,2258,-0.244837287068367,10.0,4.0,0.2024381309747696,-1.2977262616157532
DiscreteSAC,5,mid,1259,2259,-0.2040489935874939,9.0,5.0,0.5532822608947754,-1.2233818107181125
DiscreteSAC,5,mid,1260,2260,-0.36774447798728943,9.0,5.0,0.5962823033332825,-1.2694962157143488
DiscreteSAC,5,mid,1261,2261,-0.30022838115692135,10.0,5.0,0.4324011206626892,-1.2738908529281616
DiscreteSAC,5,mid,1262,2262,-0.1593944549560547,10.0,6.0,0.5961980819702148,-1.2592584371566773
DiscreteSAC,5,mid,1263,2263,-0.62365300655365,10.0,4.0,0.5749028325080872,-1.238889992237091
DiscreteSAC,5,mid,1264,2264,-0.3712119221687317,10.0,6.0,0.8029922246932983,-1.2811497926712037
DiscreteSAC,5,mid,1265,2265,-0.423942768573761,10.0,5.0,0.43233782052993774,-1.2688983798027038
DiscreteSAC,5,mid,1266,2266,-0.3199250817298889,10.0,4.0,0.6040665507316589,-1.3065768718719482
DiscreteSAC,5,mid,1267,2267,-0.4208675265312195,10.0,5.0,0.7727358937263489,-1.2970267176628112
DiscreteSAC,5,mid,1268,2268,-0.4278321355581284,10.0,5.0,0.15327218174934387,-1.3037994146347045
DiscreteSAC,5,mid,1269,2269,-0.443500155210495,10.0,5.0,0.40999579429626465,-1.2956435918807983
DiscreteSAC,5,mid,1270,2270,-0.5611395061016083,10.0,4.0,0.3302907943725586,-1.229810070991516
DiscreteSAC,5,mid,1271,2271,-0.40634084641933443,10.0,5.0,0.19008374214172363,-1.2689561128616333
DiscreteSAC,5,mid,1272,2272,-0.4188321709632874,10.0,7.0,0.2629106640815735,-1.2759233713150024
DiscreteSAC,5,mid,1273,2273,-0.5781269013881685,10.0,5.0,0.5408186316490173,-1.2491241574287415
DiscreteSAC,5,mid,1274,2274,-0.32738480567932127,10.0,3.0,1.0162550210952759,-1.249446940422058
DiscreteSAC,5,mid,1275,2275,0.09180967330932616,8.0,6.0,0.7052698731422424,-1.2344177216291428
DiscreteSAC,5,mid,1276,2276,-0.45868439674377437,10.0,4.0,0.9678110480308533,-1.2634119033813476
DiscreteSAC,5,mid,1277,2277,-0.4641023278236389,10.0,3.0,0.48128968477249146,-1.2870665192604065
DiscreteSAC,5,mid,1278,2278,-0.6554654955863952,10.0,4.0,0.6753146052360535,-1.2213652014732361
DiscreteSAC,5,mid,1279,2279,-0.46426319479942324,10.0,5.0,0.2996979355812073,-1.3001508593559266
DiscreteSAC,5,mid,1280,2280,-0.41998906135559083,10.0,4.0,0.9359424710273743,-1.2783058285713196
DiscreteSAC,5,mid,1281,2281,-0.0460628414154053,9.0,6.0,0.6680576205253601,-1.2522903680801392
DiscreteSAC,5,mid,1282,2282,-0.45794813930988315,10.0,6.0,0.277884304523468,-1.2383461713790893
DiscreteSAC,5,mid,1283,2283,-0.4004431009292603,10.0,5.0,0.7147765755653381,-1.2829437971115112
DiscreteSAC,5,mid,1284,2284,-0.4688306659460068,10.0,6.0,0.26812800765037537,-1.2748531937599181
DiscreteSAC,5,mid,1285,2285,-0.5512627899646759,10.0,5.0,0.4370887875556946,-1.2333479523658752
DiscreteSAC,5,mid,1286,2286,-0.018363888263702374,7.0,4.0,0.6460813879966736,-1.2403841359274728
DiscreteSAC,5,mid,1287,2287,-0.33975973129272463,10.0,5.0,1.1707273721694946,-1.2528626918792725
DiscreteSAC,5,mid,1288,2288,0.053079669475555424,7.0,4.0,0.6893014311790466,-1.2705171278544836
DiscreteSAC,5,mid,1289,2289,-0.22964195013046265,10.0,6.0,0.7116427421569824,-1.2715133786201478
DiscreteSAC,5,mid,1290,2290,-0.2620502412319183,10.0,5.0,0.3107585310935974,-1.2801905989646911
DiscreteSAC,5,mid,1291,2291,-0.47333704829216006,10.0,5.0,0.24005982279777527,-1.2594977974891663
DiscreteSAC,5,mid,1292,2292,-0.1307349026203156,10.0,4.0,0.4504210650920868,-1.2807107090950012
DiscreteSAC,5,mid,1293,2293,-0.25736260652542114,9.0,5.0,0.27094560861587524,-1.2777571148342557
DiscreteSAC,5,mid,1294,2294,-0.3731460809707642,10.0,5.0,0.2916925251483917,-1.252162218093872
DiscreteSAC,5,mid,1295,2295,-0.47152565121650697,10.0,4.0,0.30131766200065613,-1.2478155970573426
DiscreteSAC,5,mid,1296,2296,-0.5137666583061218,10.0,4.0,0.605364203453064,-1.283079981803894
DiscreteSAC,5,mid,1297,2297,-0.4702361017465591,10.0,5.0,0.2973700165748596,-1.2618609309196471
DiscreteSAC,5,mid,1298,2298,-0.5106325566768647,10.0,4.0,0.33332422375679016,-1.3034762382507323
DiscreteSAC,5,mid,1299,2299,-0.16549969911575318,10.0,6.0,0.7520085573196411,-1.2340801000595092
DiscreteSAC,5,mid,1300,2300,-0.40629356503486636,10.0,5.0,0.15029692649841309,-1.3156641006469727
DiscreteSAC,5,mid,1301,2301,-0.6263713657855989,10.0,4.0,0.3559862971305847,-1.2398008942604064
DiscreteSAC,5,mid,1302,2302,-0.25382399559020996,10.0,3.0,0.6631695032119751,-1.3083820819854737
DiscreteSAC,5,mid,1303,2303,-0.12702733278274536,10.0,5.0,0.6950632333755493,-1.2550144791603088
DiscreteSAC,5,mid,1304,2304,-0.7234275460243227,10.0,4.0,0.8364224433898926,-1.2794662594795227
DiscreteSAC,5,mid,1305,2305,-0.3672848224639893,10.0,7.0,0.15527941286563873,-1.2810670733451843
DiscreteSAC,5,mid,1306,2306,-0.1841510057449341,10.0,6.0,0.6496618390083313,-1.2590948462486267
DiscreteSAC,5,mid,1307,2307,-0.2304552769660949,6.0,4.0,0.6315531730651855,-1.2768380641937256
DiscreteSAC,5,mid,1308,2308,-0.007143979072570791,8.0,5.0,0.7100924849510193,-1.252073511481285
DiscreteSAC,5,mid,1309,2309,-0.44579477310180665,10.0,4.0,0.525422215461731,-1.2715980052947997
DiscreteSAC,5,mid,1310,2310,-0.46917581260204316,10.0,4.0,0.2430863082408905,-1.25124192237854
DiscreteSAC,5,mid,1311,2311,-0.3511329233646393,10.0,5.0,0.49278131127357483,-1.2629693508148194
DiscreteSAC,5,mid,1312,2312,-0.15955109596252443,10.0,6.0,0.5925048589706421,-1.2495133042335511
DiscreteSAC,5,mid,1313,2313,-0.5664961010217667,10.0,4.0,0.24891169369220734,-1.2693621516227722
DiscreteSAC,5,mid,1314,2314,0.07120210647583008,8.0,4.0,0.7032331824302673,-1.28725665807724
DiscreteSAC,5,mid,1315,2315,-0.542398762702942,10.0,4.0,1.199032187461853,-1.2553067445755004
DiscreteSAC,5,mid,1316,2316,-0.4945649027824402,10.0,4.0,0.3207724988460541,-1.260090172290802
DiscreteSAC,5,mid,1317,2317,-0.050282433032989474,9.0,6.0,0.8927403688430786,-1.2509451574749417
DiscreteSAC,5,mid,1318,2318,-0.04670111060142519,7.0,5.0,0.4778406322002411,-1.241876585142953
DiscreteSAC,5,mid,1319,2319,-0.592162561416626,10.0,4.0,0.4428956210613251,-1.2540130496025086
DiscreteSAC,5,mid,1320,2320,-0.49113800525665285,10.0,5.0,0.9417749047279358,-1.2657629251480103
DiscreteSAC,5,mid,1321,2321,-0.1253674030303955,10.0,5.0,0.9090890884399414,-1.2643978118896484
DiscreteSAC,5,mid,1322,2322,-0.3222828412055969,9.0,4.0,0.8738139867782593,-1.2127914031346638
DiscreteSAC,5,mid,1323,2323,-0.3863163959980011,7.0,5.0,0.5534760355949402,-1.2516356366021293
DiscreteSAC,5,mid,1324,2324,-0.09165691614151002,8.0,4.0,0.6211575269699097,-1.2664713263511658
DiscreteSAC,5,mid,1325,2325,-0.36811652302742004,7.0,4.0,0.5551694631576538,-1.3173432861055647
DiscreteSAC,5,mid,1326,2326,-0.26959381103515623,10.0,6.0,1.045719027519226,-1.3067706942558288
DiscreteSAC,5,mid,1327,2327,-0.25010974645614625,9.0,6.0,0.44725847244262695,-1.2657733890745375
DiscreteSAC,5,mid,1328,2328,-0.1801713824272156,10.0,4.0,0.765947163105011,-1.2745000123977661
DiscreteSAC,5,mid,1329,2329,-0.2509147524833679,10.0,5.0,0.2748683989048004,-1.2723353147506713
DiscreteSAC,5,mid,1330,2330,-0.15674644947052002,9.0,5.0,0.7808350920677185,-1.254751205444336
DiscreteSAC,5,mid,1331,2331,-0.382011729478836,10.0,4.0,0.5686237215995789,-1.283082127571106
DiscreteSAC,5,mid,1332,2332,-0.4698176205158234,10.0,4.0,0.4693378806114197,-1.2465846300125123
DiscreteSAC,5,mid,1333,2333,-0.571660615503788,10.0,3.0,0.1240101307630539,-1.2518184542655946
DiscreteSAC,5,mid,1334,2334,-0.3594664335250854,10.0,5.0,0.729545533657074,-1.2494417905807496
DiscreteSAC,5,mid,1335,2335,-0.6117184162139894,10.0,3.0,0.6564043760299683,-1.277290403842926
DiscreteSAC,5,mid,1336,2336,-0.4454667687416077,10.0,4.0,0.8334941864013672,-1.2407800197601317
DiscreteSAC,5,mid,1337,2337,-0.2851011872291565,10.0,4.0,0.5592667460441589,-1.2822582006454468
DiscreteSAC,5,mid,1338,2338,-0.2697103077173233,9.0,4.0,0.2352714240550995,-1.2594978676901922
DiscreteSAC,5,mid,1339,2339,-0.2926554322242737,10.0,5.0,0.5515602827072144,-1.3008044600486754
DiscreteSAC,5,mid,1340,2340,-0.32062138855457306,9.0,5.0,0.2795270085334778,-1.2781742811203003
DiscreteSAC,5,mid,1341,2341,-0.14699023962020874,10.0,5.0,0.4463757872581482,-1.2525530457496643
DiscreteSAC,5,mid,1342,2342,-0.24867657423019413,10.0,6.0,0.5354865193367004,-1.3109488010406494
DiscreteSAC,5,mid,1343,2343,-0.17935574531555176,8.0,5.0,0.17470912635326385,-1.2829608768224716
DiscreteSAC,5,mid,1344,2344,-0.28062466382980344,10.0,6.0,0.7928510904312134,-1.2606228590011597
DiscreteSAC,5,mid,1345,2345,-0.369947624206543,10.0,4.0,1.0617517232894897,-1.2678815484046937
DiscreteSAC,5,mid,1346,2346,-0.5257207930088044,10.0,4.0,0.6294345259666443,-1.287214171886444
DiscreteSAC,5,mid,1347,2347,-0.23252851009368897,9.0,5.0,0.30788612365722656,-1.2936666011810303
DiscreteSAC,5,mid,1348,2348,-0.22978612184524538,10.0,5.0,0.8266958594322205,-1.2422463774681092
DiscreteSAC,5,mid,1349,2349,-0.06595760583877565,10.0,5.0,0.5374335646629333,-1.2864932060241698
DiscreteSAC,5,mid,1350,2350,-0.5780385106801987,10.0,4.0,0.33081910014152527,-1.267389178276062
DiscreteSAC,5,mid,1351,2351,-0.3759217739105225,10.0,7.0,0.49324631690979004,-1.2876967430114745
DiscreteSAC,5,mid,1352,2352,-0.1291271924972534,10.0,7.0,0.3049022853374481,-1.2421853065490722
DiscreteSAC,5,mid,1353,2353,-0.47107703387737276,10.0,5.0,0.15721683204174042,-1.2404592871665954
DiscreteSAC,5,mid,1354,2354,-0.3009994953870773,10.0,4.0,0.19707128405570984,-1.2828349590301513
DiscreteSAC,5,mid,1355,2355,-0.13366506934165956,9.0,6.0,0.40792131423950195,-1.2846504979663425
DiscreteSAC,5,mid,1356,2356,-0.4906733125448227,10.0,5.0,0.23244968056678772,-1.2541183710098267
DiscreteSAC,5,mid,1357,2357,-0.3755099415779114,10.0,5.0,0.5794052481651306,-1.2219502806663514
DiscreteSAC,5,mid,1358,2358,-0.37026544809341433,10.0,5.0,0.5268594622612,-1.2492756724357605
DiscreteSAC,5,mid,1359,2359,-0.42977010607719424,10.0,5.0,0.519094705581665,-1.276537585258484
DiscreteSAC,5,mid,1360,2360,-0.2620663523674011,10.0,4.0,0.5672405362129211,-1.2859948039054871
DiscreteSAC,5,mid,1361,2361,-0.2292839527130127,10.0,5.0,0.9852843284606934,-1.261274242401123
DiscreteSAC,5,mid,1362,2362,-0.48743380308151246,10.0,4.0,0.6394890546798706,-1.2896522521972655
DiscreteSAC,5,mid,1363,2363,-0.18077439069747925,10.0,5.0,0.5733759999275208,-1.2622503876686095
DiscreteSAC,5,mid,1364,2364,-0.040256733894348154,7.0,4.0,0.8049336075782776,-1.244149156979152
DiscreteSAC,5,mid,1365,2365,-0.4007214307785034,10.0,3.0,0.6073245406150818,-1.2860580921173095
DiscreteSAC,5,mid,1366,2366,-0.6108280658721925,10.0,5.0,0.34849315881729126,-1.3461721062660217
DiscreteSAC,5,mid,1367,2367,-0.4227718472480774,10.0,6.0,0.8628000617027283,-1.2658705592155457
DiscreteSAC,5,mid,1368,2368,-0.002208590507507338,10.0,5.0,0.5563386082649231,-1.2557996392250061
DiscreteSAC,5,mid,1369,2369,-0.32050814628601076,10.0,5.0,0.58564692735672,-1.2749926924705506
DiscreteSAC,5,mid,1370,2370,-0.4545369535684586,10.0,5.0,0.10561181604862213,-1.2750045537948609
DiscreteSAC,5,mid,1371,2371,-0.3279131293296814,10.0,5.0,0.8077128529548645,-1.2928146600723267
DiscreteSAC,5,mid,1372,2372,-0.4562939524650574,10.0,4.0,0.9216381907463074,-1.289734661579132
DiscreteSAC,5,mid,1373,2373,-0.29371013641357424,10.0,5.0,1.0564523935317993,-1.2786527752876282
DiscreteSAC,5,mid,1374,2374,-0.35953851938247683,10.0,5.0,0.3579532206058502,-1.2782206058502197
DiscreteSAC,5,mid,1375,2375,-0.01958654761314392,9.0,6.0,0.47837331891059875,-1.217203934987386
DiscreteSAC,5,mid,1376,2376,-0.4759514570236206,10.0,5.0,0.7914270758628845,-1.3020817995071412
DiscreteSAC,5,mid,1377,2377,-0.09954010725021363,8.0,4.0,0.905596137046814,-1.2820778042078018
DiscreteSAC,5,mid,1378,2378,-0.28849072456359864,10.0,4.0,0.8283125758171082,-1.2365085124969482
DiscreteSAC,5,mid,1379,2379,-0.4269448280334473,10.0,3.0,0.2325720489025116,-1.2365575909614563
DiscreteSAC,5,mid,1380,2380,-0.15503785014152527,10.0,5.0,0.35119006037712097,-1.2321255087852478
DiscreteSAC,5,mid,1381,2381,-0.6155658185482027,10.0,4.0,0.6439024806022644,-1.2395701289176941
DiscreteSAC,5,mid,1382,2382,-0.523617172241211,10.0,5.0,0.8534093499183655,-1.2888508796691895
DiscreteSAC,5,mid,1383,2383,-0.32367728650569916,10.0,5.0,0.2701912820339203,-1.2659014582633972
DiscreteSAC,5,mid,1384,2384,-0.38074281215667727,10.0,5.0,0.6216309666633606,-1.2591383695602416
DiscreteSAC,5,mid,1385,2385,-0.48854098916053773,10.0,4.0,0.32646751403808594,-1.2741184830665588
DiscreteSAC,5,mid,1386,2386,-0.2916101098060608,10.0,4.0,0.8754010200500488,-1.2981993079185485
DiscreteSAC,5,mid,1387,2387,-0.07654436826705932,10.0,5.0,0.5852106809616089,-1.252056646347046
DiscreteSAC,5,mid,1388,2388,-0.6639905214309694,10.0,5.0,0.6727083325386047,-1.2517341732978822
DiscreteSAC,5,mid,1389,2389,-0.2692517042160034,10.0,5.0,0.8522390127182007,-1.2729318261146545
DiscreteSAC,5,mid,1390,2390,-0.3210829854011536,10.0,6.0,0.6376975178718567,-1.2549125909805299
DiscreteSAC,5,mid,1391,2391,-0.5318568736314775,10.0,5.0,0.3474772870540619,-1.313491988182068
DiscreteSAC,5,mid,1392,2392,-0.1579061770439148,9.0,5.0,0.42502087354660034,-1.2863528331120808
DiscreteSAC,5,mid,1393,2393,-0.35232235193252565,10.0,4.0,0.5482178926467896,-1.2185725688934326
DiscreteSAC,5,mid,1394,2394,0.055669839382171626,8.0,5.0,0.491091787815094,-1.2827839106321335
DiscreteSAC,5,mid,1395,2395,-0.4336157560348511,10.0,4.0,0.38642269372940063,-1.2882594108581542
DiscreteSAC,5,mid,1396,2396,-0.44029484391212464,10.0,4.0,0.11865943670272827,-1.2828624367713928
DiscreteSAC,5,mid,1397,2397,-0.2191240096092224,9.0,4.0,0.28660011291503906,-1.2959712743759155
DiscreteSAC,5,mid,1398,2398,-0.6369199603796005,10.0,3.0,0.25037458539009094,-1.2940236687660218
DiscreteSAC,5,mid,1399,2399,-0.3908044219017029,10.0,4.0,0.751379132270813,-1.3148946642875672
DiscreteSAC,5,mid,1400,2400,-0.46304919719696047,10.0,5.0,0.4634379744529724,-1.2844382762908935
DiscreteSAC,5,mid,1401,2401,-0.11449636459350589,9.0,6.0,0.5554667711257935,-1.244694670041402
DiscreteSAC,5,mid,1402,2402,-0.6330738484859468,10.0,4.0,0.43498924374580383,-1.2714010953903199
DiscreteSAC,5,mid,1403,2403,-0.13048789501190186,10.0,6.0,0.7760049700737,-1.2580936312675477
DiscreteSAC,5,mid,1404,2404,-0.4256489396095276,10.0,4.0,0.7514663338661194,-1.287090814113617
DiscreteSAC,5,mid,1405,2405,-0.294755836725235,9.0,4.0,0.35655316710472107,-1.2672048939598932
DiscreteSAC,5,mid,1406,2406,-0.37702134847640995,10.0,6.0,0.3552658259868622,-1.2545916318893433
DiscreteSAC,5,mid,1407,2407,-0.32637374401092534,10.0,7.0,0.49195602536201477,-1.2906348943710326
DiscreteSAC,5,mid,1408,2408,-0.18566055536270143,9.0,6.0,0.7830230593681335,-1.2460203965504963
DiscreteSAC,5,mid,1409,2409,-0.29138909578323363,10.0,4.0,0.5439194440841675,-1.287664496898651
DiscreteSAC,5,mid,1410,2410,-0.20798664331436156,9.0,4.0,0.4048018455505371,-1.2344799174202814
DiscreteSAC,5,mid,1411,2411,-0.2098156863451004,9.0,4.0,0.1888759881258011,-1.3022663593292236
DiscreteSAC,5,mid,1412,2412,-0.317156994342804,10.0,5.0,0.7306598424911499,-1.27499018907547
DiscreteSAC,5,mid,1413,2413,-0.4839452147483826,10.0,5.0,0.7197483777999878,-1.229185450077057
DiscreteSAC,5,mid,1414,2414,-0.2513150215148926,10.0,5.0,0.7164073586463928,-1.2926588654518127
DiscreteSAC,5,mid,1415,2415,-0.15810120105743408,10.0,5.0,0.35018977522850037,-1.2986290454864502
DiscreteSAC,5,mid,1416,2416,-0.08070658206939697,6.0,3.0,0.6248075366020203,-1.2834046483039856
DiscreteSAC,5,mid,1417,2417,-0.13390526771545413,10.0,6.0,0.6638734936714172,-1.2791062474250794
DiscreteSAC,5,mid,1418,2418,-0.07471290230751039,5.0,4.0,0.3687516152858734,-1.2991280555725098
DiscreteSAC,5,mid,1419,2419,-0.46059456467628485,10.0,5.0,0.4796259105205536,-1.2967243790626526
DiscreteSAC,5,mid,1420,2420,-0.20669612288475037,10.0,3.0,0.413586288690567,-1.2300917625427246
DiscreteSAC,5,mid,1421,2421,-0.414238703250885,10.0,4.0,0.8928627967834473,-1.314817476272583
DiscreteSAC,5,mid,1422,2422,-0.28654953837394714,10.0,3.0,0.3787563741207123,-1.3060456037521362
DiscreteSAC,5,mid,1423,2423,-0.40567063689231875,10.0,5.0,0.19355426728725433,-1.273339855670929
DiscreteSAC,5,mid,1424,2424,-0.1980824887752533,10.0,6.0,0.24847769737243652,-1.2575485229492187
DiscreteSAC,5,mid,1425,2425,-0.5483813405036927,10.0,4.0,0.8642943501472473,-1.2532653570175172
DiscreteSAC,5,mid,1426,2426,-0.3378059506416321,10.0,5.0,0.5924990773200989,-1.2845346450805664
DiscreteSAC,5,mid,1427,2427,-0.3546398627758026,8.0,5.0,0.5164893865585327,-1.2707985043525696
DiscreteSAC,5,mid,1428,2428,-0.2701858639717102,10.0,6.0,0.697529673576355,-1.2492924571037292
DiscreteSAC,5,mid,1429,2429,-0.0019453859329223444,6.0,5.0,0.8401337265968323,-1.242204229036967
DiscreteSAC,5,mid,1430,2430,-0.4321671628952026,9.0,4.0,0.9326301217079163,-1.2581514252556696
DiscreteSAC,5,mid,1431,2431,-0.47904678583145144,10.0,5.0,0.7679709792137146,-1.2636095881462097
DiscreteSAC,5,mid,1432,2432,-0.4834546267986297,10.0,4.0,0.25681596994400024,-1.2629977107048034
DiscreteSAC,5,mid,1433,2433,-0.3585825085639954,10.0,4.0,0.6887415051460266,-1.2749906301498413
DiscreteSAC,5,mid,1434,2434,-0.474173241853714,10.0,5.0,0.3239695429801941,-1.2668073773384094
DiscreteSAC,5,mid,1435,2435,-0.23718025684356692,10.0,5.0,0.7218863368034363,-1.2467119812965393
DiscreteSAC,5,mid,1436,2436,-0.39177695512771604,10.0,3.0,0.547085165977478,-1.2830456137657165
DiscreteSAC,5,mid,1437,2437,-0.3822221875190735,10.0,4.0,0.5249172449111938,-1.2724172472953796
DiscreteSAC,5,mid,1438,2438,-0.48130702376365664,10.0,5.0,0.13324949145317078,-1.286453330516815
DiscreteSAC,5,mid,1439,2439,-0.05028719902038577,10.0,4.0,0.850737452507019,-1.2471391320228578
DiscreteSAC,5,mid,1440,2440,-0.4523234009742737,10.0,5.0,0.7647308111190796,-1.3247335791587829
DiscreteSAC,5,mid,1441,2441,-0.6409531354904175,10.0,4.0,0.7839747071266174,-1.2728342890739441
DiscreteSAC,5,mid,1442,2442,-0.5470261096954345,10.0,4.0,0.6772813200950623,-1.2926431536674499
DiscreteSAC,5,mid,1443,2443,-0.3249048590660095,10.0,5.0,0.36348024010658264,-1.3384281039237975
DiscreteSAC,5,mid,1444,2444,-0.4091895937919617,10.0,4.0,0.7440807223320007,-1.2779954552650452
DiscreteSAC,5,mid,1445,2445,-0.49686250090599066,10.0,5.0,0.46585842967033386,-1.3141639828681946
DiscreteSAC,5,mid,1446,2446,-0.5011354207992554,10.0,4.0,0.3536098301410675,-1.2589415788650513
DiscreteSAC,5,mid,1447,2447,-0.13851749897003174,10.0,5.0,0.7486651539802551,-1.2514692187309264
DiscreteSAC,5,mid,1448,2448,-0.38270432949066163,10.0,4.0,0.9019798040390015,-1.282002329826355
DiscreteSAC,5,mid,1449,2449,-0.3367189407348633,10.0,5.0,0.5853267312049866,-1.2340921401977538
DiscreteSAC,5,mid,1450,2450,-0.4972633242607116,10.0,4.0,0.4416755735874176,-1.246382439136505
DiscreteSAC,5,mid,1451,2451,-0.16134055733680724,8.0,4.0,0.15210159122943878,-1.2762196362018585
DiscreteSAC,5,mid,1452,2452,-0.4235449254512787,10.0,4.0,0.3719163239002228,-1.2782946467399596
DiscreteSAC,5,mid,1453,2453,-0.39665229320526124,10.0,4.0,0.3252823054790497,-1.2684130430221559
DiscreteSAC,5,mid,1454,2454,-0.21822004556655883,9.0,4.0,0.32596492767333984,-1.2344653871324327
DiscreteSAC,5,mid,1455,2455,-0.2038167241215706,8.0,5.0,0.13392873108386993,-1.3077647984027863
DiscreteSAC,5,mid,1456,2456,-0.5291682720184328,10.0,5.0,1.2457302808761597,-1.2746824979782105
DiscreteSAC,5,mid,1457,2457,-0.14657655596733093,9.0,5.0,0.41363900899887085,-1.3094541894065008
DiscreteSAC,5,mid,1458,2458,-0.25016926765441894,9.0,4.0,0.24206793308258057,-1.2594522767596774
DiscreteSAC,5,mid,1459,2459,-0.11129459679126742,9.0,6.0,0.21222850680351257,-1.2679565217759874
DiscreteSAC,5,mid,1460,2460,-0.24381601810455322,10.0,5.0,0.6603978276252747,-1.257628583908081
DiscreteSAC,5,mid,1461,2461,-0.28968192338943477,10.0,6.0,0.7362289428710938,-1.279716956615448
DiscreteSAC,5,mid,1462,2462,-0.42545558214187623,10.0,4.0,0.45897984504699707,-1.2747112035751342
DiscreteSAC,5,mid,1463,2463,-0.3106354117393494,10.0,5.0,0.3959353268146515,-1.240135383605957
DiscreteSAC,5,mid,1464,2464,-0.6245651960372924,10.0,4.0,1.2262846231460571,-1.274472749233246
DiscreteSAC,5,mid,1465,2465,-0.5115522265434266,10.0,4.0,0.5637470483779907,-1.2101757526397705
DiscreteSAC,5,mid,1466,2466,-0.305558180809021,10.0,6.0,1.0192759037017822,-1.2747807621955871
DiscreteSAC,5,mid,1467,2467,-0.5612659573554992,10.0,4.0,0.35619232058525085,-1.2581661343574524
DiscreteSAC,5,mid,1468,2468,-0.5386971831321717,10.0,5.0,0.584993302822113,-1.2743879914283753
DiscreteSAC,5,mid,1469,2469,-0.6459629699587823,10.0,5.0,0.31111568212509155,-1.287779188156128
DiscreteSAC,5,mid,1470,2470,-0.18808827400207517,10.0,6.0,0.8275402784347534,-1.2683929800987244
DiscreteSAC,5,mid,1471,2471,-0.24059695243835444,9.0,5.0,0.8169357180595398,-1.291163484255473
DiscreteSAC,5,mid,1472,2472,-0.4745219469070435,10.0,4.0,0.7181804776191711,-1.301282489299774
DiscreteSAC,5,mid,1473,2473,-0.42579379081726076,10.0,5.0,0.6481526494026184,-1.2887660026550294
DiscreteSAC,5,mid,1474,2474,-0.24567632675170897,10.0,4.0,0.6393071413040161,-1.259956920146942
DiscreteSAC,5,mid,1475,2475,-0.12715836584568024,7.0,5.0,0.21526744961738586,-1.269148792539324
DiscreteSAC,5,mid,1476,2476,-0.5176214218139649,10.0,5.0,0.7326064109802246,-1.2419383525848389
DiscreteSAC,5,mid,1477,2477,-0.14054763317108154,10.0,5.0,0.519520103931427,-1.2877570033073424
DiscreteSAC,5,mid,1478,2478,-0.6772596061229705,10.0,4.0,0.3849019408226013,-1.2174286007881165
DiscreteSAC,5,mid,1479,2479,-0.37500993013381956,10.0,6.0,0.8290707468986511,-1.2243202924728394
DiscreteSAC,5,mid,1480,2480,-0.2523536801338196,10.0,6.0,0.3290793001651764,-1.2894181966781617
DiscreteSAC,5,mid,1481,2481,-0.16336851596832275,8.0,4.0,0.9243696331977844,-1.274278074502945
DiscreteSAC,5,mid,1482,2482,-0.15887446641921993,9.0,6.0,0.1557239145040512,-1.245117015308804
DiscreteSAC,5,mid,1483,2483,-0.08700178861618046,10.0,7.0,0.6732103228569031,-1.2855119347572326
DiscreteSAC,5,mid,1484,2484,-0.1116369390487671,9.0,5.0,0.6607829928398132,-1.2903886768552992
DiscreteSAC,5,mid,1485,2485,-0.7432932898402216,10.0,4.0,0.3977186679840088,-1.2715107679367066
DiscreteSAC,5,mid,1486,2486,-0.28785163164138794,10.0,5.0,0.6881502866744995,-1.294105303287506
DiscreteSAC,5,mid,1487,2487,-0.4179551720619202,10.0,4.0,0.5664992928504944,-1.30774085521698
DiscreteSAC,5,mid,1488,2488,-0.4379452377557755,10.0,6.0,0.29384645819664,-1.2784663915634156
DiscreteSAC,5,mid,1489,2489,-0.35740729570388796,10.0,5.0,0.6919841766357422,-1.231766366958618
DiscreteSAC,5,mid,1490,2490,-0.43422779291868213,10.0,6.0,0.20795467495918274,-1.278772270679474
DiscreteSAC,5,mid,1491,2491,-0.24184573888778688,10.0,4.0,0.7159451842308044,-1.2990009903907775
DiscreteSAC,5,mid,1492,2492,-0.2787039637565613,10.0,6.0,0.6721514463424683,-1.2807379245758057
DiscreteSAC,5,mid,1493,2493,-0.1543270218372345,8.0,6.0,0.3250775933265686,-1.276139885187149
DiscreteSAC,5,mid,1494,2494,-0.19317492842674255,10.0,5.0,0.3387782871723175,-1.2551137208938599
DiscreteSAC,5,mid,1495,2495,-0.5952042043209076,10.0,3.0,0.2219245284795761,-1.3143433690071107
DiscreteSAC,5,mid,1496,2496,-0.5505342423915863,10.0,5.0,0.4965358376502991,-1.2899197578430175
DiscreteSAC,5,mid,1497,2497,-0.36024103164672855,10.0,6.0,0.9019488096237183,-1.2430928111076356
DiscreteSAC,5,mid,1498,2498,-0.4560749650001526,10.0,4.0,0.2987913191318512,-1.2753786206245423
DiscreteSAC,5,mid,1499,2499,-0.37824522495269775,9.0,4.0,1.0813591480255127,-1.2954979472690158
DiscreteSAC,5,mid,1500,2500,-0.4663074016571045,10.0,3.0,1.2137212753295898,-1.27056325674057
DiscreteSAC,5,mid,1501,2501,-0.23980386257171632,10.0,4.0,0.7734461426734924,-1.245166254043579
DiscreteSAC,5,mid,1502,2502,-0.4981863021850586,10.0,4.0,0.20998556911945343,-1.2272063374519349
DiscreteSAC,5,mid,1503,2503,-0.17082227468490602,10.0,6.0,0.9153727293014526,-1.2672683715820312
DiscreteSAC,5,mid,1504,2504,-0.32632083892822267,10.0,4.0,1.056110143661499,-1.243716287612915
DiscreteSAC,5,mid,1505,2505,-0.1998304152488708,9.0,5.0,0.7759497761726379,-1.3035470247268677
DiscreteSAC,5,mid,1506,2506,-0.27364596009254455,8.0,4.0,0.49204206466674805,-1.2342561334371567
DiscreteSAC,5,mid,1507,2507,-0.3345663323998451,10.0,5.0,0.12253062427043915,-1.2641358256340027
DiscreteSAC,5,mid,1508,2508,-0.4883131980895996,10.0,3.0,0.8259581923484802,-1.2741954684257508
DiscreteSAC,5,mid,1509,2509,-0.5133565187454224,10.0,4.0,0.38657698035240173,-1.2906521439552308
DiscreteSAC,5,mid,1510,2510,-0.3084309816360473,10.0,4.0,0.8387616276741028,-1.2960420370101928
DiscreteSAC,5,mid,1511,2511,-0.3807347500324249,9.0,3.0,0.36329978704452515,-1.2479615343941584
DiscreteSAC,5,mid,1512,2512,-0.3580017328262329,10.0,5.0,0.8992166519165039,-1.2873161077499389
DiscreteSAC,5,mid,1513,2513,-0.36439139246940616,10.0,6.0,0.4256117641925812,-1.2993305921554565
DiscreteSAC,5,mid,1514,2514,0.029406778812408448,7.0,5.0,0.8101089596748352,-1.2708791153771537
DiscreteSAC,5,mid,1515,2515,-0.10546785116195677,7.0,4.0,0.7079896926879883,-1.281355823789324
DiscreteSAC,5,mid,1516,2516,-0.29093114733695985,10.0,4.0,0.3264900743961334,-1.2821304678916932
DiscreteSAC,5,mid,1517,2517,-0.4552846908569336,10.0,6.0,0.3202035427093506,-1.2785017013549804
DiscreteSAC,5,mid,1518,2518,-0.18870306491851807,8.0,5.0,0.19670094549655914,-1.275628700852394
DiscreteSAC,5,mid,1519,2519,-0.5815494775772095,10.0,4.0,0.8190109133720398,-1.2791725993156433
DiscreteSAC,5,mid,1520,2520,-0.18363128542900087,9.0,6.0,0.5252329707145691,-1.2437843084335327
DiscreteSAC,5,mid,1521,2521,-0.37259723544120793,10.0,7.0,0.36954978108406067,-1.25889732837677
DiscreteSAC,5,mid,1522,2522,-0.06760919332504271,9.0,5.0,0.8941193222999573,-1.2276015016767714
DiscreteSAC,5,mid,1523,2523,-0.4185930609703064,10.0,4.0,0.6876896619796753,-1.2568073391914367
DiscreteSAC,5,mid,1524,2524,-0.15934770107269286,10.0,4.0,0.42622262239456177,-1.2780537605285645
DiscreteSAC,5,mid,1525,2525,-0.21150583267211914,9.0,5.0,0.6093486547470093,-1.2516221867667303
DiscreteSAC,5,mid,1526,2526,-0.016137051582336442,10.0,7.0,0.6452123522758484,-1.3125243186950684
DiscreteSAC,5,mid,1527,2527,-0.14592811644077303,8.0,6.0,0.21070276200771332,-1.2834643572568893
DiscreteSAC,5,mid,1528,2528,-0.5099281311035156,10.0,5.0,0.5826383233070374,-1.3026813983917236
DiscreteSAC,5,mid,1529,2529,-0.5122410416603089,10.0,6.0,0.8547783493995667,-1.246415114402771
DiscreteSAC,5,mid,1530,2530,-0.09848011732101443,10.0,6.0,0.8353384137153625,-1.2654994606971741
DiscreteSAC,5,mid,1531,2531,-0.46899878680706025,10.0,4.0,0.1902761161327362,-1.2909476995468139
DiscreteSAC,5,mid,1532,2532,-0.5751137256622314,10.0,4.0,0.542245090007782,-1.299303364753723
DiscreteSAC,5,mid,1533,2533,-0.590644982457161,10.0,4.0,0.3569447994232178,-1.2842315316200257
DiscreteSAC,5,mid,1534,2534,0.04034082412719724,8.0,6.0,0.9947267770767212,-1.2804682701826096
DiscreteSAC,5,mid,1535,2535,-0.47190100848674776,10.0,5.0,0.29726579785346985,-1.2748909831047057
DiscreteSAC,5,mid,1536,2536,-0.3128344058990479,10.0,5.0,0.6115206480026245,-1.2633220911026002
DiscreteSAC,5,mid,1537,2537,-0.36268306970596315,10.0,4.0,0.5798362493515015,-1.2234589815139771
DiscreteSAC,5,mid,1538,2538,-0.4760034203529358,10.0,4.0,0.49896129965782166,-1.240825605392456
DiscreteSAC,5,mid,1539,2539,-0.4048768997192383,10.0,4.0,0.45718592405319214,-1.2694347977638245
DiscreteSAC,5,mid,1540,2540,-0.13138656139373778,7.0,3.0,0.46328067779541016,-1.2426315546035767
DiscreteSAC,5,mid,1541,2541,-0.5037564539909364,9.0,4.0,0.8094810843467712,-1.306858195198907
DiscreteSAC,5,mid,1542,2542,-0.5460585474967956,10.0,4.0,0.5568777918815613,-1.2534576892852782
DiscreteSAC,5,mid,1543,2543,-0.2657129526138306,10.0,6.0,1.0772241353988647,-1.3365530252456665
DiscreteSAC,5,mid,1544,2544,-0.27043280005455017,10.0,3.0,0.3556629717350006,-1.2869797229766846
DiscreteSAC,5,mid,1545,2545,-0.7943679809570314,10.0,4.0,0.6606740951538086,-1.230872344970703
DiscreteSAC,5,mid,1546,2546,-0.9040234684944155,10.0,3.0,1.000604271888733,-1.295827531814575
DiscreteSAC,5,mid,1547,2547,-0.5621699184179306,10.0,5.0,0.3481748402118683,-1.2362143397331238
DiscreteSAC,5,mid,1548,2548,-0.30781403779983524,10.0,6.0,0.5382983088493347,-1.2947288870811462
DiscreteSAC,5,mid,1549,2549,-0.4495139241218567,10.0,4.0,0.606808602809906,-1.2463662266731261
DiscreteSAC,5,mid,1550,2550,-0.3629140108823776,10.0,5.0,0.18877556920051575,-1.2872090220451355
DiscreteSAC,5,mid,1551,2551,-0.3340925216674805,10.0,5.0,0.7317537665367126,-1.2624313592910767
DiscreteSAC,5,mid,1552,2552,-0.08990310430526736,10.0,4.0,0.5814370512962341,-1.3098729372024536
DiscreteSAC,5,mid,1553,2553,-0.1925867700576782,9.0,4.0,0.8961930871009827,-1.2986672851774428
DiscreteSAC,5,mid,1554,2554,-0.3056367614865303,9.0,4.0,0.16597028076648712,-1.2686340941323175
DiscreteSAC,5,mid,1555,2555,-0.30430997610092164,10.0,4.0,0.8244308829307556,-1.2709262013435363
DiscreteSAC,5,mid,1556,2556,-0.44330954790115357,9.0,5.0,0.3720571994781494,-1.245576990975274
DiscreteSAC,5,mid,1557,2557,-0.34477605819702145,10.0,5.0,1.1311060190200806,-1.296285080909729
DiscreteSAC,5,mid,1558,2558,-0.5068188607692719,10.0,3.0,0.35773858428001404,-1.2867242574691773
DiscreteSAC,5,mid,1559,2559,-0.24688644409179689,10.0,6.0,0.9794455766677856,-1.2456600069999695
DiscreteSAC,5,mid,1560,2560,-0.053251197338104225,9.0,4.0,0.8702428936958313,-1.2667149702707927
DiscreteSAC,5,mid,1561,2561,-0.49378433227539065,10.0,5.0,0.5994060635566711,-1.2682778596878053
DiscreteSAC,5,mid,1562,2562,0.03708575487136841,8.0,6.0,0.557923436164856,-1.2628739923238754
DiscreteSAC,5,mid,1563,2563,-0.4788696736097336,10.0,4.0,0.24349288642406464,-1.234593391418457
DiscreteSAC,5,mid,1564,2564,-0.03643869876861573,7.0,4.0,0.7647941708564758,-1.2585838862827845
DiscreteSAC,5,mid,1565,2565,-0.4036222562193871,10.0,5.0,0.1163235753774643,-1.2748975992202758
DiscreteSAC,5,mid,1566,2566,-0.3296629369258881,10.0,7.0,0.34091001749038696,-1.2636290788650513
DiscreteSAC,5,mid,1567,2567,-0.5848013877868652,10.0,4.0,0.435051292181015,-1.2884361147880554
DiscreteSAC,5,mid,1568,2568,-0.2796321898698807,10.0,7.0,0.27619627118110657,-1.2617849111557007
DiscreteSAC,5,mid,1569,2569,-0.29011552572250365,9.0,4.0,0.4799683392047882,-1.2808942000071208
DiscreteSAC,5,mid,1570,2570,-0.3422663593292236,9.0,3.0,0.43233993649482727,-1.3206177684995863
DiscreteSAC,5,mid,1571,2571,-0.1739342081546783,8.0,6.0,0.4186677634716034,-1.2790623754262924
DiscreteSAC,5,mid,1572,2572,-0.18602831959724425,10.0,4.0,0.20941314101219177,-1.2482357740402221
DiscreteSAC,5,mid,1573,2573,-0.30662045121192927,9.0,5.0,0.41918617486953735,-1.2427753739886813
DiscreteSAC,5,mid,1574,2574,-0.14175432920455933,10.0,5.0,0.5202692151069641,-1.2520159006118774
DiscreteSAC,5,mid,1575,2575,-0.25913087129592893,10.0,6.0,0.5510786771774292,-1.2819230198860168
DiscreteSAC,5,mid,1576,2576,-0.21600212693214416,9.0,4.0,0.33617299795150757,-1.2857008112801447
DiscreteSAC,5,mid,1577,2577,-0.11294886469841005,10.0,3.0,0.3593713343143463,-1.22250394821167
DiscreteSAC,5,mid,1578,2578,-0.24761501401662828,10.0,6.0,0.16452112793922424,-1.2774303674697876
DiscreteSAC,5,mid,1579,2579,-0.5356276154518127,10.0,4.0,0.8460140824317932,-1.255155861377716
DiscreteSAC,5,mid,1580,2580,-0.5086966127157212,10.0,4.0,0.2299921065568924,-1.2960003733634948
DiscreteSAC,5,mid,1581,2581,-0.29409375190734866,10.0,5.0,0.988134503364563,-1.27163108587265
DiscreteSAC,5,mid,1582,2582,-0.5005893230438233,10.0,4.0,0.5571799874305725,-1.3607481598854065
DiscreteSAC,5,mid,1583,2583,-0.3431110024452209,10.0,5.0,0.5638474822044373,-1.2938823342323302
DiscreteSAC,5,mid,1584,2584,-0.552190750837326,10.0,3.0,0.5107050538063049,-1.2945473790168762
DiscreteSAC,5,mid,1585,2585,-0.45134167522192004,10.0,5.0,0.13040375709533691,-1.290434753894806
DiscreteSAC,5,mid,1586,2586,-0.409040904045105,10.0,6.0,0.6377173066139221,-1.26905437707901
DiscreteSAC,5,mid,1587,2587,-0.43204018771648406,10.0,7.0,0.36800724267959595,-1.2525947570800782
DiscreteSAC,5,mid,1588,2588,-0.3230108141899109,10.0,4.0,0.7669660449028015,-1.2430251955986023
DiscreteSAC,5,mid,1589,2589,-0.17862802982330322,9.0,5.0,0.718538224697113,-1.30167023340861
DiscreteSAC,5,mid,1590,2590,-0.5457479774951935,10.0,4.0,0.23669730126857758,-1.2576060891151428
DiscreteSAC,5,mid,1591,2591,-0.17920415878295898,8.0,4.0,0.6603800654411316,-1.2784104198217392
DiscreteSAC,5,mid,1592,2592,-0.2450142502784729,10.0,5.0,0.1975550800561905,-1.2835842967033386
DiscreteSAC,5,mid,1593,2593,-0.2629286432266235,9.0,3.0,0.2930300533771515,-1.2722686529159546
DiscreteSAC,5,mid,1594,2594,-0.7227704465389253,10.0,5.0,0.7117577791213989,-1.2674434185028076
DiscreteSAC,5,mid,1595,2595,-0.34287339448928833,10.0,5.0,0.5961574912071228,-1.2551754474639893
DiscreteSAC,5,mid,1596,2596,-0.2916437745094299,10.0,3.0,0.6276446580886841,-1.2546077013015746
DiscreteSAC,5,mid,1597,2597,-0.15067901611328127,10.0,5.0,0.7023915648460388,-1.2525017380714416
DiscreteSAC,5,mid,1598,2598,-0.25391396284103396,10.0,5.0,0.9012196660041809,-1.2770338177680969
DiscreteSAC,5,mid,1599,2599,-0.33147316575050356,10.0,5.0,0.3926219344139099,-1.2504024028778076
DiscreteSAC,5,mid,1600,2600,-0.6271023154258729,10.0,3.0,0.6734395623207092,-1.2926450610160827
DiscreteSAC,5,mid,1601,2601,-0.3095159709453583,10.0,7.0,0.2070591002702713,-1.333030593395233
DiscreteSAC,5,mid,1602,2602,-0.308208978176117,10.0,6.0,0.6761258840560913,-1.2606990456581115
DiscreteSAC,5,mid,1603,2603,-0.47704690098762514,10.0,5.0,0.40642279386520386,-1.2675418972969055
DiscreteSAC,5,mid,1604,2604,-0.21097400188446047,10.0,5.0,0.5135291814804077,-1.2946803450584412
DiscreteSAC,5,mid,1605,2605,-0.3226078927516937,10.0,4.0,0.3517158329486847,-1.239930808544159
DiscreteSAC,5,mid,1606,2606,-0.47343863248825074,10.0,4.0,0.6188263893127441,-1.2980430722236633
DiscreteSAC,5,mid,1607,2607,-0.4051997184753418,10.0,4.0,0.7240089774131775,-1.2760753512382508
DiscreteSAC,5,mid,1608,2608,-0.4652325749397278,10.0,5.0,0.27175289392471313,-1.2317535161972046
DiscreteSAC,5,mid,1609,2609,-0.21339897155761717,9.0,3.0,0.5963472127914429,-1.2698896725972493
DiscreteSAC,5,mid,1610,2610,-0.21590652465820312,10.0,5.0,1.4431190490722656,-1.2665849447250366
DiscreteSAC,5,mid,1611,2611,-0.4414624571800232,10.0,3.0,0.7776678204536438,-1.2476594686508178
DiscreteSAC,5,mid,1612,2612,-0.4996004819869995,10.0,4.0,0.6999402642250061,-1.275654935836792
DiscreteSAC,5,mid,1613,2613,-0.22193522453308107,10.0,4.0,0.8709920644760132,-1.2571481585502624
DiscreteSAC,5,mid,1614,2614,-0.3955068588256836,10.0,3.0,0.7287421226501465,-1.254875361919403
DiscreteSAC,5,mid,1615,2615,-0.4824193358421326,10.0,5.0,0.3040565848350525,-1.285773265361786
DiscreteSAC,5,mid,1616,2616,-0.44216282069683077,10.0,5.0,0.2402043640613556,-1.272522747516632
DiscreteSAC,5,mid,1617,2617,-0.3454477429389954,10.0,5.0,0.4512905478477478,-1.2689239740371705
DiscreteSAC,5,mid,1618,2618,-0.5153354272246361,10.0,5.0,0.2128443866968155,-1.3485638618469238
DiscreteSAC,5,mid,1619,2619,-0.13996315002441406,10.0,5.0,0.8278854489326477,-1.3134495615959167
DiscreteSAC,5,mid,1620,2620,-0.4081427574157715,10.0,4.0,0.7849292159080505,-1.308267068862915
DiscreteSAC,5,mid,1621,2621,-0.42955985069274905,10.0,5.0,0.5450399518013,-1.2787932753562927
DiscreteSAC,5,mid,1622,2622,-0.4006395876407623,10.0,5.0,0.42800626158714294,-1.2665491700172424
DiscreteSAC,5,mid,1623,2623,-0.1363513469696045,10.0,5.0,0.7663893103599548,-1.2483039498329163
DiscreteSAC,5,mid,1624,2624,-0.6233257889747621,10.0,5.0,0.8709398508071899,-1.2783909559249877
DiscreteSAC,5,mid,1625,2625,-0.03791290760040282,9.0,5.0,1.1311100721359253,-1.2666025691562228
DiscreteSAC,5,mid,1626,2626,-0.43082805871963503,10.0,5.0,0.6849066615104675,-1.2582920670509339
DiscreteSAC,5,mid,1627,2627,-0.021849992275238053,9.0,5.0,0.9607345461845398,-1.2804675367143419
DiscreteSAC,5,mid,1628,2628,-0.35130671739578245,8.0,3.0,0.8884183168411255,-1.2774259746074677
DiscreteSAC,5,mid,1629,2629,-0.24162981510162357,10.0,6.0,0.5217797756195068,-1.247235071659088
DiscreteSAC,5,mid,1630,2630,-0.5231313228607177,10.0,4.0,0.7470149397850037,-1.265962040424347
DiscreteSAC,5,mid,1631,2631,-0.4811219096183777,10.0,4.0,0.8681579232215881,-1.3065131068229676
DiscreteSAC,5,mid,1632,2632,-0.4089436173439026,10.0,5.0,0.4601861536502838,-1.3096310257911683
DiscreteSAC,5,mid,1633,2633,0.24322259187698364,9.0,5.0,0.9333141446113586,-1.2342650095621746
DiscreteSAC,5,mid,1634,2634,-0.3892113089561462,10.0,4.0,0.6474398970603943,-1.300502610206604
DiscreteSAC,5,mid,1635,2635,-0.15464430093765258,9.0,4.0,0.5743794441223145,-1.2738711171680026
DiscreteSAC,5,mid,1636,2636,-0.18096893310546874,8.0,4.0,0.7612360119819641,-1.2446532398462296
DiscreteSAC,5,mid,1637,2637,-0.20209355831146242,8.0,6.0,0.5830436944961548,-1.3073158413171768
DiscreteSAC,5,mid,1638,2638,-0.5275724023580551,10.0,5.0,0.28427577018737793,-1.236563265323639
DiscreteSAC,5,mid,1639,2639,-0.1325449454784393,8.0,3.0,0.30059507489204407,-1.2593782246112823
DiscreteSAC,5,mid,1640,2640,-0.12440879344940188,10.0,6.0,0.6064537763595581,-1.2854400992393493
DiscreteSAC,5,mid,1641,2641,-0.4781790792942047,10.0,4.0,0.33182212710380554,-1.2720754384994506
DiscreteSAC,5,mid,1642,2642,-0.31857124567031864,10.0,6.0,0.8658852577209473,-1.2858083963394165
DiscreteSAC,5,mid,1643,2643,-0.2388716840744018,9.0,4.0,0.9799336194992065,-1.2676896651585896
DiscreteSAC,5,mid,1644,2644,-0.019134212732315067,7.0,6.0,0.48302528262138367,-1.289251446723938
DiscreteSAC,5,mid,1645,2645,-0.10286210775375366,10.0,4.0,0.8230625987052917,-1.2717382073402406
DiscreteSAC,5,mid,1646,2646,-0.3911195516586304,10.0,4.0,0.603286623954773,-1.2441280007362365
DiscreteSAC,5,mid,1647,2647,-0.1159584403038025,10.0,7.0,0.606622576713562,-1.2316653609275818
DiscreteSAC,5,mid,1648,2648,-0.25988059043884276,10.0,4.0,0.9697831869125366,-1.268387544155121
DiscreteSAC,5,mid,1649,2649,-0.5588100790977478,10.0,5.0,0.45958608388900757,-1.2974132657051087
DiscreteSAC,5,mid,1650,2650,-0.21747926115989685,9.0,5.0,0.20841197669506073,-1.207666317621867
DiscreteSAC,5,mid,1651,2651,-0.2987879276275635,10.0,6.0,0.5252835154533386,-1.2930399417877196
DiscreteSAC,5,mid,1652,2652,-0.2429723048210144,9.0,4.0,0.8519258499145508,-1.3146765099631414
DiscreteSAC,5,mid,1653,2653,-0.48045159578323365,10.0,4.0,0.33844423294067383,-1.3054434061050415
DiscreteSAC,5,mid,1654,2654,-0.4290166437625885,10.0,5.0,0.36563754081726074,-1.2973490715026856
DiscreteSAC,5,mid,1655,2655,-0.3216449671983719,9.0,4.0,0.23364059627056122,-1.3029914961920843
DiscreteSAC,5,mid,1656,2656,-0.22448337078094482,10.0,5.0,0.6887933611869812,-1.2861286878585816
DiscreteSAC,5,mid,1657,2657,-0.08874295473098755,7.0,3.0,0.5030115246772766,-1.2528009414672852
DiscreteSAC,5,mid,1658,2658,0.009551758766174326,8.0,5.0,0.7086800932884216,-1.242716446518898
DiscreteSAC,5,mid,1659,2659,-0.4373381853103638,10.0,4.0,0.9062310457229614,-1.2998210668563843
DiscreteSAC,5,mid,1660,2660,-0.38749984741210936,9.0,3.0,0.4477376341819763,-1.2613538238737318
DiscreteSAC,5,mid,1661,2661,-0.11895915150642396,8.0,4.0,0.3217918574810028,-1.2611171454191208
DiscreteSAC,5,mid,1662,2662,-0.18595250844955447,10.0,5.0,0.5483275651931763,-1.280538833141327
DiscreteSAC,5,mid,1663,2663,-0.056318466663360614,8.0,5.0,0.4254339337348938,-1.2678950428962708
DiscreteSAC,5,mid,1664,2664,-0.26194269657135016,10.0,4.0,0.5780721306800842,-1.2463382124900817
DiscreteSAC,5,mid,1665,2665,-0.5708598911762238,10.0,4.0,0.48464611172676086,-1.2909926891326904
DiscreteSAC,5,mid,1666,2666,-0.5329249590635301,10.0,5.0,0.3226526081562042,-1.2517941474914551
DiscreteSAC,5,mid,1667,2667,-0.04940735578536988,8.0,4.0,0.4858520030975342,-1.2710601836442947
DiscreteSAC,5,mid,1668,2668,-0.30989707708358766,10.0,6.0,1.0012983083724976,-1.275998330116272
DiscreteSAC,5,mid,1669,2669,-0.42586452364921573,10.0,6.0,0.457454115152359,-1.2922819972038269
DiscreteSAC,5,mid,1670,2670,-0.20069462835788726,8.0,4.0,0.21610711514949799,-1.307296097278595
DiscreteSAC,5,mid,1671,2671,-0.44975603818893434,10.0,4.0,0.2263978272676468,-1.2544780731201173
DiscreteSAC,5,mid,1672,2672,-0.21301164746284484,7.0,4.0,0.29960134625434875,-1.2703319958278112
DiscreteSAC,5,mid,1673,2673,-0.24988966226577758,9.0,4.0,0.6803764700889587,-1.2310195366541545
DiscreteSAC,5,mid,1674,2674,-0.35169749259948735,10.0,7.0,0.4854622483253479,-1.2784237623214723
DiscreteSAC,5,mid,1675,2675,-0.28780882596969604,9.0,4.0,0.25644296407699585,-1.258682370185852
DiscreteSAC,5,mid,1676,2676,-0.02732372045516969,6.0,4.0,0.6006959676742554,-1.2978896101315816
DiscreteSAC,5,mid,1677,2677,-0.2117905044555664,9.0,5.0,0.39465752243995667,-1.3042234579722087
DiscreteSAC,5,mid,1678,2678,-0.151028573513031,10.0,5.0,0.5306037664413452,-1.294442594051361
DiscreteSAC,5,mid,1679,2679,-0.36635948419570924,10.0,4.0,0.684481680393219,-1.2773182392120361
DiscreteSAC,5,mid,1680,2680,-0.1531158381700516,9.0,6.0,0.1525593101978302,-1.2808129654990301
DiscreteSAC,5,mid,1681,2681,-0.43167316317558285,10.0,5.0,0.5226020216941833,-1.263589870929718
DiscreteSAC,5,mid,1682,2682,-0.27640900611877445,10.0,6.0,0.48506879806518555,-1.2570417404174805
DiscreteSAC,5,mid,1683,2683,-0.38645534992218017,8.0,4.0,0.7692884206771851,-1.2911280989646912
DiscreteSAC,5,mid,1684,2684,-0.3039372026920319,10.0,6.0,0.4503977298736572,-1.2666288614273071
DiscreteSAC,5,mid,1685,2685,-0.38236596882343293,10.0,4.0,0.22677914798259735,-1.2784884095191955
DiscreteSAC,5,mid,1686,2686,-0.2031129837036133,10.0,5.0,0.656351625919342,-1.28921240568161
DiscreteSAC,5,mid,1687,2687,-0.4989755797386169,8.0,5.0,0.647727370262146,-1.3018250912427902
DiscreteSAC,5,mid,1688,2688,-0.2574823045730591,9.0,6.0,0.6020249128341675,-1.24811499648624
DiscreteSAC,5,mid,1689,2689,-0.4150376558303833,10.0,5.0,0.653037965297699,-1.2740877151489258
DiscreteSAC,5,mid,1690,2690,-0.24169849157333373,10.0,4.0,0.7020886540412903,-1.264328694343567
DiscreteSAC,5,mid,1691,2691,-0.25961498409509653,9.0,5.0,0.18334868550300598,-1.225248999065823
DiscreteSAC,5,mid,1692,2692,-0.5363956809043884,10.0,4.0,0.36852502822875977,-1.2780217170715331
DiscreteSAC,5,mid,1693,2693,-0.4891077780723572,9.0,4.0,0.8766741752624512,-1.2539020379384358
DiscreteSAC,5,mid,1694,2694,-0.5037245869636536,10.0,4.0,0.7137995958328247,-1.2720417022705077
DiscreteSAC,5,mid,1695,2695,-0.3059372782707214,10.0,4.0,0.5970659852027893,-1.2826877593994142
DiscreteSAC,5,mid,1696,2696,-0.4012796998023987,10.0,4.0,0.3272453844547272,-1.3253873467445374
DiscreteSAC,5,mid,1697,2697,-0.20094334065914154,8.0,5.0,0.2712090015411377,-1.263128638267517
DiscreteSAC,5,mid,1698,2698,-0.2048701882362366,10.0,5.0,0.9263266921043396,-1.2920652270317077
DiscreteSAC,5,mid,1699,2699,-0.37099465131759646,10.0,5.0,0.4358256757259369,-1.2545268535614014
DiscreteSAC,5,mid,1700,2700,-0.5937354683876038,10.0,4.0,0.4007275402545929,-1.2768877506256104
DiscreteSAC,5,mid,1701,2701,-0.4235893726348877,10.0,5.0,0.6847449541091919,-1.2927175164222717
DiscreteSAC,5,mid,1702,2702,-0.3198258996009827,10.0,4.0,0.7401066422462463,-1.2849857687950135
DiscreteSAC,5,mid,1703,2703,-0.11381723403930662,7.0,6.0,1.148125410079956,-1.2780426570347376
DiscreteSAC,5,mid,1704,2704,-0.07557649135589602,7.0,5.0,0.41394487023353577,-1.2917691298893519
DiscreteSAC,5,mid,1705,2705,-0.5167357444763183,10.0,4.0,0.40065935254096985,-1.2831286907196044
DiscreteSAC,5,mid,1706,2706,-0.5399718627333641,10.0,4.0,0.15263797342777252,-1.2721178889274598
DiscreteSAC,5,mid,1707,2707,-0.4941446423530579,10.0,5.0,0.7929309606552124,-1.2670222640037536
DiscreteSAC,5,mid,1708,2708,-0.20928429841995233,8.0,4.0,0.610978901386261,-1.2333035320043564
DiscreteSAC,5,mid,1709,2709,-0.47122032642364503,10.0,4.0,0.5669827461242676,-1.282914388179779
DiscreteSAC,5,mid,1710,2710,-0.47532358169555666,10.0,5.0,0.691336989402771,-1.2388202667236328
DiscreteSAC,5,mid,1711,2711,-0.2504906380176544,9.0,5.0,0.21766437590122223,-1.2398206260469224
DiscreteSAC,5,mid,1712,2712,-0.1358940720558167,10.0,4.0,0.5268493294715881,-1.2521648049354552
DiscreteSAC,5,mid,1713,2713,-0.21882128715515137,10.0,5.0,0.7176888585090637,-1.2763766050338745
DiscreteSAC,5,mid,1714,2714,-0.36781919002532953,10.0,5.0,0.47323206067085266,-1.2797605752944947
DiscreteSAC,5,mid,1715,2715,-0.2821140646934509,10.0,6.0,0.8068608045578003,-1.2689839482307435
DiscreteSAC,5,mid,1716,2716,-0.3523332536220551,10.0,6.0,0.2923310697078705,-1.2802988171577454
DiscreteSAC,5,mid,1717,2717,-0.4513808012008667,10.0,4.0,0.18592487275600433,-1.281584334373474
DiscreteSAC,5,mid,1718,2718,-0.07805867433547971,9.0,6.0,0.8169347047805786,-1.2986366086535983
DiscreteSAC,5,mid,1719,2719,-0.3773894429206848,10.0,4.0,0.5178810954093933,-1.2132712602615356
DiscreteSAC,5,mid,1720,2720,-0.5844627439975739,10.0,4.0,0.4680217206478119,-1.2653897523880004
DiscreteSAC,5,mid,1721,2721,-0.15750479698181152,10.0,5.0,0.38946428894996643,-1.2657543301582337
DiscreteSAC,5,mid,1722,2722,-0.19861531496047974,9.0,5.0,0.8783535361289978,-1.2486628161536322
DiscreteSAC,5,mid,1723,2723,-0.6949316978454592,10.0,4.0,0.49573954939842224,-1.275560212135315
DiscreteSAC,5,mid,1724,2724,-0.3049789452552795,9.0,3.0,0.6729084849357605,-1.2720597452587552
DiscreteSAC,5,mid,1725,2725,-0.2485357666015625,9.0,6.0,0.34794870018959045,-1.2808639473385282
DiscreteSAC,5,mid,1726,2726,-0.6614989504218103,10.0,5.0,0.36555150151252747,-1.300584852695465
DiscreteSAC,5,mid,1727,2727,0.14224040269851684,9.0,5.0,0.6492424607276917,-1.2795184320873685
DiscreteSAC,5,mid,1728,2728,-0.1523786687850952,9.0,4.0,0.8094877004623413,-1.2671845886442397
DiscreteSAC,5,mid,1729,2729,-0.3986094057559967,10.0,3.0,0.42843717336654663,-1.2880545616149903
DiscreteSAC,5,mid,1730,2730,-0.7570627778768542,10.0,3.0,0.4873194694519043,-1.2936533331871032
DiscreteSAC,5,mid,1731,2731,-0.1902123928070068,10.0,7.0,0.7930708527565002,-1.2801332473754883
DiscreteSAC,5,mid,1732,2732,-0.6653784036636354,10.0,4.0,0.7699003219604492,-1.2734561562538147
DiscreteSAC,5,mid,1733,2733,-0.5258590817451476,10.0,5.0,0.6630099415779114,-1.3183200001716613
DiscreteSAC,5,mid,1734,2734,-0.5695656239986421,10.0,3.0,0.5595341920852661,-1.219343864917755
DiscreteSAC,5,mid,1735,2735,-0.05754297971725465,10.0,5.0,0.6314513087272644,-1.3103770732879638
DiscreteSAC,5,mid,1736,2736,-0.42819673717021944,10.0,5.0,0.2648780345916748,-1.270782470703125
DiscreteSAC,5,mid,1737,2737,-0.3416057616472244,10.0,5.0,0.1646679937839508,-1.2763363122940063
DiscreteSAC,5,mid,1738,2738,-0.4207649350166321,10.0,4.0,0.38722679018974304,-1.27340167760849
DiscreteSAC,5,mid,1739,2739,-0.3565266072750092,10.0,5.0,0.4546241760253906,-1.2546197295188903
DiscreteSAC,5,mid,1740,2740,-0.4599109411239624,10.0,4.0,0.8344212174415588,-1.258158230781555
DiscreteSAC,5,mid,1741,2741,-0.45834537744522097,10.0,5.0,0.8374348878860474,-1.2943781852722167
DiscreteSAC,5,mid,1742,2742,-0.16381359100341797,10.0,5.0,0.2829764187335968,-1.2511956214904785
DiscreteSAC,5,mid,1743,2743,-0.44272167682647706,10.0,4.0,1.2063237428665161,-1.2598362565040588
DiscreteSAC,5,mid,1744,2744,-0.3411466631293297,8.0,4.0,0.2614903748035431,-1.2682724744081497
DiscreteSAC,5,mid,1745,2745,-0.16883323073387146,8.0,5.0,0.2504163384437561,-1.2850039899349213
DiscreteSAC,5,mid,1746,2746,-0.37962820529937746,10.0,5.0,0.7506537437438965,-1.3027644395828246
DiscreteSAC,5,mid,1747,2747,-0.39713319540023806,10.0,5.0,0.3495960235595703,-1.2955721616744995
DiscreteSAC,5,mid,1748,2748,-0.10980193614959717,10.0,4.0,0.23753127455711365,-1.2938451647758484
DiscreteSAC,5,mid,1749,2749,-0.3366835355758667,10.0,5.0,0.6306371688842773,-1.2871219873428346
DiscreteSAC,5,mid,1750,2750,-0.4443239212036133,10.0,5.0,0.7195793986320496,-1.3000525951385498
DiscreteSAC,5,mid,1751,2751,-0.2264051866531372,7.0,3.0,0.8982825875282288,-1.2748994316373552
DiscreteSAC,5,mid,1752,2752,-0.5268238306045532,10.0,4.0,0.6365671157836914,-1.257801926136017
DiscreteSAC,5,mid,1753,2753,-0.541019093990326,10.0,4.0,0.3805925250053406,-1.2966554164886475
DiscreteSAC,5,mid,1754,2754,-0.2935728907585144,10.0,4.0,0.3815329968929291,-1.2712120175361634
DiscreteSAC,5,mid,1755,2755,-0.2683845067024231,9.0,4.0,0.5854525566101074,-1.29114658302731
DiscreteSAC,5,mid,1756,2756,-0.262907555103302,9.0,4.0,0.7393180727958679,-1.2647233936521742
DiscreteSAC,5,mid,1757,2757,-0.2915749529004097,9.0,4.0,0.1378307044506073,-1.3080826600392659
DiscreteSAC,5,mid,1758,2758,-0.426639449596405,10.0,4.0,0.9418812990188599,-1.2775864839553832
DiscreteSAC,5,mid,1759,2759,-0.5609625101089478,10.0,4.0,0.4555993378162384,-1.2443481802940368
DiscreteSAC,5,mid,1760,2760,-0.3123407483100891,10.0,4.0,0.6561029553413391,-1.2748521447181702
DiscreteSAC,5,mid,1761,2761,-0.36825759410858155,10.0,4.0,0.5342432856559753,-1.2498241305351256
DiscreteSAC,5,mid,1762,2762,-0.46694167852401736,10.0,5.0,0.7067599892616272,-1.2574702143669128
DiscreteSAC,5,mid,1763,2763,-0.01672663092613219,10.0,9.0,0.47580888867378235,-1.274213707447052
DiscreteSAC,5,mid,1764,2764,0.01327787399291995,9.0,6.0,0.7735977172851562,-1.28519606590271
DiscreteSAC,5,mid,1765,2765,-0.5068910837173463,10.0,4.0,0.6679844856262207,-1.2651643991470336
DiscreteSAC,5,mid,1766,2766,-0.4869490683078766,10.0,4.0,0.4448504149913788,-1.3031224727630615
DiscreteSAC,5,mid,1767,2767,-0.5943901658058168,10.0,4.0,0.20130813121795654,-1.2937323570251464
DiscreteSAC,5,mid,1768,2768,-0.40434950590133667,10.0,3.0,0.8088069558143616,-1.3251328587532043
DiscreteSAC,5,mid,1769,2769,-0.37002053260803225,10.0,5.0,0.570603609085083,-1.3055378794670105
DiscreteSAC,5,mid,1770,2770,-0.38724735975265506,10.0,6.0,0.4043709933757782,-1.22390159368515
DiscreteSAC,5,mid,1771,2771,-0.4981260418891907,10.0,4.0,0.6132938265800476,-1.285761785507202
DiscreteSAC,5,mid,1772,2772,-0.30351431369781495,10.0,6.0,0.5449310541152954,-1.2868575692176818
DiscreteSAC,5,mid,1773,2773,-0.23711931705474854,10.0,5.0,0.5987252593040466,-1.3054503202438354
DiscreteSAC,5,mid,1774,2774,-0.5495920449495315,10.0,4.0,0.27334362268447876,-1.2671255111694335
DiscreteSAC,5,mid,1775,2775,-0.48798818290233614,10.0,5.0,0.27387258410453796,-1.2873559236526488
DiscreteSAC,5,mid,1776,2776,-0.24520573019981384,10.0,5.0,0.47328758239746094,-1.2587855577468872
DiscreteSAC,5,mid,1777,2777,-0.5217036724090576,10.0,4.0,0.21909736096858978,-1.3052877545356751
DiscreteSAC,5,mid,1778,2778,-0.2208223581314087,10.0,5.0,1.1073640584945679,-1.2980970859527587
DiscreteSAC,5,mid,1779,2779,-0.2824454605579376,10.0,5.0,0.18076933920383453,-1.265413796901703
DiscreteSAC,5,mid,1780,2780,-0.3012011289596558,10.0,5.0,0.7423976063728333,-1.3164798736572265
DiscreteSAC,5,mid,1781,2781,-0.34548529267311096,8.0,4.0,0.41610226035118103,-1.2566601932048798
DiscreteSAC,5,mid,1782,2782,-0.31191291809082033,10.0,5.0,0.5297079086303711,-1.2492011785507202
DiscreteSAC,5,mid,1783,2783,-0.11434161901474,9.0,5.0,0.8317527174949646,-1.274333397547404
DiscreteSAC,5,mid,1784,2784,-0.29765238165855407,10.0,4.0,0.42878392338752747,-1.2724869012832642
DiscreteSAC,5,mid,1785,2785,-0.1776932954788208,10.0,4.0,0.7653617858886719,-1.3124362587928773
DiscreteSAC,5,mid,1786,2786,-0.4106204241514206,10.0,4.0,0.30812302231788635,-1.2794398546218873
DiscreteSAC,5,mid,1787,2787,-0.15658725500106807,10.0,6.0,0.6530211567878723,-1.2585170149803162
DiscreteSAC,5,mid,1788,2788,-0.19739751815795897,10.0,4.0,0.8744875192642212,-1.2890030860900878
DiscreteSAC,5,mid,1789,2789,0.10825390815734862,10.0,4.0,0.6078633069992065,-1.2140812516212462
DiscreteSAC,5,mid,1790,2790,0.11406718492507933,10.0,6.0,0.7147809863090515,-1.2893059730529786
DiscreteSAC,5,mid,1791,2791,-0.3314796984195709,10.0,3.0,0.2788788378238678,-1.2679519772529602
DiscreteSAC,5,mid,1792,2792,-0.4973280668258667,10.0,5.0,0.33471670746803284,-1.276908779144287
DiscreteSAC,5,mid,1793,2793,-0.36030947864055635,10.0,4.0,0.23351766169071198,-1.3123827934265138
DiscreteSAC,5,mid,1794,2794,-0.3781828284263611,10.0,3.0,0.5316062569618225,-1.2394371271133422
DiscreteSAC,5,mid,1795,2795,-0.423391991853714,10.0,5.0,0.37044909596443176,-1.29364070892334
DiscreteSAC,5,mid,1796,2796,-0.2503811478614807,10.0,6.0,0.8853155374526978,-1.304240608215332
DiscreteSAC,5,mid,1797,2797,-0.2646015018224716,10.0,4.0,0.1993841677904129,-1.276412832736969
DiscreteSAC,5,mid,1798,2798,-0.45515534877777103,10.0,6.0,0.38124459981918335,-1.2751795411109925
DiscreteSAC,5,mid,1799,2799,-0.17497512102127077,10.0,5.0,0.9135764241218567,-1.2333520889282226
DiscreteSAC,5,mid,1800,2800,-0.4458204746246338,10.0,5.0,0.65923672914505,-1.284645688533783
DiscreteSAC,5,mid,1801,2801,-0.4487329363822937,10.0,5.0,0.2776942849159241,-1.2794641852378845
DiscreteSAC,5,mid,1802,2802,-0.5869440674781801,10.0,5.0,0.5186050534248352,-1.2547994613647462
DiscreteSAC,5,mid,1803,2803,-0.555001449584961,10.0,4.0,0.7668389678001404,-1.3178570747375489
DiscreteSAC,5,mid,1804,2804,-0.4551410943269729,10.0,4.0,0.2524462640285492,-1.2698047280311584
DiscreteSAC,5,mid,1805,2805,-0.2339987242221832,4.0,2.0,0.3931505084037781,-1.2723450064659119
DiscreteSAC,5,mid,1806,2806,-0.461680868268013,10.0,5.0,0.20031723380088806,-1.31646568775177
DiscreteSAC,5,mid,1807,2807,-0.40768452882766726,10.0,5.0,0.5798646211624146,-1.3182020902633667
DiscreteSAC,5,mid,1808,2808,-0.14170743227005006,10.0,4.0,0.6674206852912903,-1.285846507549286
DiscreteSAC,5,mid,1809,2809,-0.07359534502029419,10.0,3.0,0.8807596564292908,-1.293853724002838
DiscreteSAC,5,mid,1810,2810,-0.3627957344055176,10.0,5.0,0.8782398104667664,-1.2977658271789552
DiscreteSAC,5,mid,1811,2811,-0.3811753988265991,10.0,3.0,0.5399627089500427,-1.2978670120239257
DiscreteSAC,5,mid,1812,2812,-0.32088203430175777,10.0,4.0,1.0068415403366089,-1.2897873520851135
DiscreteSAC,5,mid,1813,2813,-0.19168924331665038,9.0,4.0,0.545009970664978,-1.2449775669309828
DiscreteSAC,5,mid,1814,2814,-0.38004836440086365,10.0,3.0,0.44227334856987,-1.2791966676712037
DiscreteSAC,5,mid,1815,2815,-0.3603758692741394,10.0,4.0,0.575969398021698,-1.3130040407180785
DiscreteSAC,5,mid,1816,2816,-0.1427550196647644,10.0,4.0,0.8921909928321838,-1.235307252407074
DiscreteSAC,5,mid,1817,2817,0.07699291467666625,9.0,6.0,0.647342324256897,-1.2846471733517117
DiscreteSAC,5,mid,1818,2818,-0.40076865553855895,10.0,4.0,0.4352453351020813,-1.2726438283920287
DiscreteSAC,5,mid,1819,2819,-0.18716471672058105,8.0,4.0,0.8361640572547913,-1.2952758967876434
DiscreteSAC,5,mid,1820,2820,-0.48566643968224527,10.0,4.0,0.0696340873837471,-1.311340606212616
DiscreteSAC,5,mid,1821,2821,-0.37807769775390626,10.0,4.0,0.31806930899620056,-1.2620028734207154
DiscreteSAC,5,mid,1822,2822,-0.3650864601135254,10.0,5.0,0.5523430109024048,-1.2713411927223206
DiscreteSAC,5,mid,1823,2823,-0.3692367017269135,10.0,5.0,0.2856752276420593,-1.298624873161316
DiscreteSAC,5,mid,1824,2824,-0.4590813159942627,10.0,5.0,0.20921550691127777,-1.2692965388298034
DiscreteSAC,5,mid,1825,2825,-0.5176699280738831,10.0,4.0,0.32757213711738586,-1.273079514503479
DiscreteSAC,5,mid,1826,2826,-0.4948829913139344,9.0,4.0,0.6087979674339294,-1.2827880647447374
DiscreteSAC,5,mid,1827,2827,-0.5174692273139955,10.0,5.0,0.7807117700576782,-1.2260637760162354
DiscreteSAC,5,mid,1828,2828,-0.24046927213668823,7.0,4.0,0.9099909067153931,-1.2728372641972132
DiscreteSAC,5,mid,1829,2829,-0.5868773579597473,10.0,4.0,0.7571439743041992,-1.283620536327362
DiscreteSAC,5,mid,1830,2830,-0.6097651243209838,10.0,4.0,0.5894688963890076,-1.2464609503746034
DiscreteSAC,5,mid,1831,2831,-0.4671055793762207,10.0,4.0,0.961753249168396,-1.247123396396637
DiscreteSAC,5,mid,1832,2832,-0.44028196930885316,10.0,4.0,0.35908937454223633,-1.282436728477478
DiscreteSAC,5,mid,1833,2833,-0.12587215900421145,10.0,5.0,0.7766251564025879,-1.2945372939109803
DiscreteSAC,5,mid,1834,2834,-0.21035227775573728,10.0,3.0,0.5684500932693481,-1.2933424353599547
DiscreteSAC,5,mid,1835,2835,0.06294852018356323,8.0,5.0,0.8605802655220032,-1.3458529114723206
DiscreteSAC,5,mid,1836,2836,-0.5011584773659706,10.0,5.0,0.2086949646472931,-1.2651657342910767
DiscreteSAC,5,mid,1837,2837,-0.38099299669265746,10.0,4.0,0.5884655714035034,-1.2989213585853576
DiscreteSAC,5,mid,1838,2838,-0.4447570562362671,10.0,4.0,0.7048740983009338,-1.253638255596161
DiscreteSAC,5,mid,1839,2839,-0.32200788259506224,10.0,4.0,0.8026474118232727,-1.2665610909461975
DiscreteSAC,5,mid,1840,2840,-0.2898667514324188,10.0,6.0,0.3199368119239807,-1.3069794178009033
DiscreteSAC,5,mid,1841,2841,-0.5389520943164826,10.0,4.0,0.27632156014442444,-1.2634970426559449
DiscreteSAC,5,mid,1842,2842,-0.33531448245048523,10.0,5.0,0.5775452256202698,-1.258839738368988
DiscreteSAC,5,mid,1843,2843,-0.30147663354873655,10.0,6.0,0.8214970827102661,-1.3099627017974853
DiscreteSAC,5,mid,1844,2844,-0.3760863959789276,10.0,4.0,0.36375847458839417,-1.2794368863105774
DiscreteSAC,5,mid,1845,2845,-0.25329711437225344,10.0,5.0,0.6890622973442078,-1.2756934642791748
DiscreteSAC,5,mid,1846,2846,-0.3094815850257874,10.0,5.0,0.7156783938407898,-1.3088237643241882
DiscreteSAC,5,mid,1847,2847,-0.09709801077842713,10.0,4.0,0.4302161633968353,-1.307247245311737
DiscreteSAC,5,mid,1848,2848,-0.3357428550720215,10.0,5.0,0.8104060888290405,-1.2984843850135803
DiscreteSAC,5,mid,1849,2849,-0.3558022737503052,10.0,6.0,0.18778686225414276,-1.27387877702713
DiscreteSAC,5,mid,1850,2850,-0.1595648050308228,10.0,4.0,0.6470710039138794,-1.2740612626075745
DiscreteSAC,5,mid,1851,2851,-0.31466820240020754,10.0,5.0,0.804632842540741,-1.283840811252594
DiscreteSAC,5,mid,1852,2852,-0.5688373148441315,10.0,3.0,0.24509631097316742,-1.29199560880661
DiscreteSAC,5,mid,1853,2853,-0.2354909443855286,9.0,7.0,0.62596595287323,-1.2565737830268011
DiscreteSAC,5,mid,1854,2854,-0.06300137519836423,8.0,3.0,0.8166436553001404,-1.2645071297883987
DiscreteSAC,5,mid,1855,2855,-0.36605861186981203,10.0,5.0,0.6797345280647278,-1.2940677523612976
DiscreteSAC,5,mid,1856,2856,-0.43219414353370667,10.0,3.0,0.4606325924396515,-1.3064606189727783
DiscreteSAC,5,mid,1857,2857,-0.23382036089897157,10.0,4.0,0.4590843617916107,-1.290622353553772
DiscreteSAC,5,mid,1858,2858,-0.15871746540069584,10.0,4.0,0.8057025671005249,-1.277170753479004
DiscreteSAC,5,mid,1859,2859,-0.17068444967269897,8.0,4.0,0.3238622844219208,-1.27119879424572
DiscreteSAC,5,mid,1860,2860,-0.3122889041900635,10.0,5.0,0.4389307498931885,-1.2783244967460632
DiscreteSAC,5,mid,1861,2861,-0.49872360825538636,10.0,6.0,0.6818303465843201,-1.262557315826416
DiscreteSAC,5,mid,1862,2862,-0.5971895575523377,10.0,4.0,0.6022984385490417,-1.2460069417953492
DiscreteSAC,5,mid,1863,2863,-0.4273247361183167,10.0,5.0,0.28554925322532654,-1.3219874620437622
DiscreteSAC,5,mid,1864,2864,-0.46939563751220703,10.0,3.0,0.7122614979743958,-1.2713942766189574
DiscreteSAC,5,mid,1865,2865,-0.5110145747661591,10.0,5.0,0.4940832257270813,-1.298309051990509
DiscreteSAC,5,mid,1866,2866,-0.6490123093128206,10.0,4.0,0.2933543622493744,-1.3002412080764771
DiscreteSAC,5,mid,1867,2867,-0.2786547392606735,10.0,5.0,0.2295248806476593,-1.2914916753768921
DiscreteSAC,5,mid,1868,2868,-0.011967115402221687,8.0,4.0,0.7340909838676453,-1.2474754750728607
DiscreteSAC,5,mid,1869,2869,-0.6325103163719178,10.0,4.0,0.4636099338531494,-1.260845708847046
DiscreteSAC,5,mid,1870,2870,-0.25893914103508,10.0,5.0,0.40801551938056946,-1.2814383625984191
DiscreteSAC,5,mid,1871,2871,-0.2510842204093933,10.0,6.0,0.6947423219680786,-1.2214058876037597
DiscreteSAC,5,mid,1872,2872,-0.2114868521690369,10.0,6.0,0.892810046672821,-1.2737525701522827
DiscreteSAC,5,mid,1873,2873,-0.3301653027534485,10.0,6.0,0.26671794056892395,-1.2640235066413879
DiscreteSAC,5,mid,1874,2874,-0.6337736785411836,10.0,5.0,0.507161557674408,-1.2745386481285095
DiscreteSAC,5,mid,1875,2875,-0.48018446266651155,10.0,4.0,0.1740572303533554,-1.2582402110099793
DiscreteSAC,5,mid,1876,2876,-0.2399049425125122,9.0,5.0,0.5767588019371033,-1.2879921065436468
DiscreteSAC,5,mid,1877,2877,-0.1905835890769958,9.0,5.0,0.6989718079566956,-1.2417232592900593
DiscreteSAC,5,mid,1878,2878,-0.09796253442764283,10.0,6.0,0.6418370008468628,-1.267435073852539
DiscreteSAC,5,mid,1879,2879,-0.0764508891105652,8.0,5.0,0.7983863949775696,-1.2402271777391434
DiscreteSAC,5,mid,1880,2880,-0.547592306137085,10.0,5.0,0.7635499238967896,-1.273972177505493
DiscreteSAC,5,mid,1881,2881,-0.15881367802619933,8.0,4.0,0.3223646283149719,-1.2940402925014496
DiscreteSAC,5,mid,1882,2882,-0.46035385131835943,10.0,5.0,0.8082515001296997,-1.2370080590248107
DiscreteSAC,5,mid,1883,2883,-0.49272285103797914,10.0,4.0,0.45289966464042664,-1.2717897176742554
DiscreteSAC,5,mid,1884,2884,-0.3709624528884888,10.0,4.0,0.626848042011261,-1.2958134293556214
DiscreteSAC,5,mid,1885,2885,-0.5195300877094269,10.0,3.0,0.3143157362937927,-1.2669858455657959
DiscreteSAC,5,mid,1886,2886,-0.3971814751625061,10.0,5.0,0.8100042939186096,-1.260397458076477
DiscreteSAC,5,mid,1887,2887,-0.17945443868637084,8.0,4.0,0.23907247185707092,-1.2596799582242966
DiscreteSAC,5,mid,1888,2888,-0.4870675325393677,10.0,4.0,0.9426137208938599,-1.2120957493782043
DiscreteSAC,5,mid,1889,2889,-0.2562067747116089,10.0,5.0,0.6670013070106506,-1.2343595266342162
DiscreteSAC,5,mid,1890,2890,-0.3253569364547729,10.0,3.0,0.9400227665901184,-1.2862978458404541
DiscreteSAC,5,mid,1891,2891,-0.04767227172851564,10.0,5.0,0.35906296968460083,-1.2512925386428833
DiscreteSAC,5,mid,1892,2892,-0.42780936360359195,10.0,6.0,0.29115989804267883,-1.2585493326187134
DiscreteSAC,5,mid,1893,2893,-0.1883488416671753,10.0,6.0,0.7531064748764038,-1.2813707351684571
DiscreteSAC,5,mid,1894,2894,-0.08625272512435915,10.0,6.0,0.6660326719284058,-1.2783795237541198
DiscreteSAC,5,mid,1895,2895,-0.47641451060771944,10.0,5.0,0.2505277991294861,-1.2718996405601501
DiscreteSAC,5,mid,1896,2896,-0.20949132442474366,10.0,6.0,0.7202631831169128,-1.2521056056022644
DiscreteSAC,5,mid,1897,2897,-0.6094525545835496,10.0,5.0,0.35243144631385803,-1.282800316810608
DiscreteSAC,5,mid,1898,2898,-0.14013618469238281,9.0,5.0,0.6346772909164429,-1.2731213172276814
DiscreteSAC,5,mid,1899,2899,-0.44844129085540774,10.0,5.0,0.3098592162132263,-1.301132905483246
DiscreteSAC,5,mid,1900,2900,-0.4220809698104858,10.0,6.0,0.49108248949050903,-1.254381823539734
DiscreteSAC,5,mid,1901,2901,-0.2719894552230835,9.0,4.0,0.8167184591293335,-1.2617880238427057
DiscreteSAC,5,mid,1902,2902,-0.19026156663894656,10.0,5.0,0.8330627083778381,-1.3092265605926514
DiscreteSAC,5,mid,1903,2903,-0.35936105251312256,10.0,5.0,0.6300303339958191,-1.2874387741088866
DiscreteSAC,5,mid,1904,2904,-0.037941780090332014,9.0,7.0,0.6308724284172058,-1.2914352152082655
DiscreteSAC,5,mid,1905,2905,-0.09653478384017945,7.0,4.0,0.5625558495521545,-1.2982875279017858
DiscreteSAC,5,mid,1906,2906,-0.10664354443550113,8.0,6.0,0.47298118472099304,-1.2538301050662994
DiscreteSAC,5,mid,1907,2907,-0.42830753326416016,10.0,3.0,1.0152372121810913,-1.337869119644165
DiscreteSAC,5,mid,1908,2908,0.07498095750808717,8.0,6.0,0.6365125775337219,-1.2626048475503922
DiscreteSAC,5,mid,1909,2909,-0.2631059527397156,10.0,5.0,0.7416305541992188,-1.2648836374282837
DiscreteSAC,5,mid,1910,2910,-0.2028942108154297,10.0,5.0,0.4936886429786682,-1.2817489385604859
DiscreteSAC,5,mid,1911,2911,-0.34926304817199705,10.0,6.0,0.8257635235786438,-1.2970139384269714
DiscreteSAC,5,mid,1912,2912,-0.43683216273784636,10.0,4.0,0.3215477764606476,-1.2996118187904357
DiscreteSAC,5,mid,1913,2913,-0.24859420061111454,10.0,6.0,0.3885927200317383,-1.2975748181343079
DiscreteSAC,5,mid,1914,2914,-0.4345965623855591,10.0,5.0,0.3554726541042328,-1.2770063281059265
DiscreteSAC,5,mid,1915,2915,-0.3138971567153931,10.0,5.0,1.1278789043426514,-1.2727546572685242
DiscreteSAC,5,mid,1916,2916,-0.2775256156921387,10.0,6.0,1.0837901830673218,-1.3052131891250611
DiscreteSAC,5,mid,1917,2917,-0.351517017185688,10.0,4.0,0.1483183652162552,-1.2938885927200316
DiscreteSAC,5,mid,1918,2918,-0.2602494537830352,10.0,4.0,0.4136534631252289,-1.3090856671333313
DiscreteSAC,5,mid,1919,2919,-0.4821176886558533,10.0,6.0,0.23827685415744781,-1.2864093899726867
DiscreteSAC,5,mid,1920,2920,-0.41984119415283205,10.0,5.0,0.5339133143424988,-1.2491921186447144
DiscreteSAC,5,mid,1921,2921,-0.5734447956085206,10.0,4.0,0.8866203427314758,-1.29475576877594
DiscreteSAC,5,mid,1922,2922,-0.4546804428100586,10.0,3.0,0.7494188547134399,-1.270394790172577
DiscreteSAC,5,mid,1923,2923,-0.2798744940757751,9.0,4.0,0.26464155316352844,-1.26162850856781
DiscreteSAC,5,mid,1924,2924,-0.028358685970306427,10.0,4.0,0.545674204826355,-1.2984525442123414
DiscreteSAC,5,mid,1925,2925,-0.47782799005508425,10.0,5.0,0.7433838248252869,-1.2972941994667053
DiscreteSAC,5,mid,1926,2926,-0.4448467016220093,10.0,4.0,0.7136440277099609,-1.3025282859802245
DiscreteSAC,5,mid,1927,2927,-0.4984205484390259,10.0,4.0,0.7185254096984863,-1.269287919998169
DiscreteSAC,5,mid,1928,2928,-0.18669335842132567,10.0,4.0,0.38869184255599976,-1.2845112681388855
DiscreteSAC,5,mid,1929,2929,-0.30023033618927003,10.0,4.0,0.2660422921180725,-1.2904825568199159
DiscreteSAC,5,mid,1930,2930,-0.2904292815923691,9.0,5.0,0.2914753556251526,-1.3032480875651042
DiscreteSAC,5,mid,1931,2931,-0.26656159162521365,10.0,5.0,0.6936476826667786,-1.2431736707687377
DiscreteSAC,5,mid,1932,2932,-0.22253957390785217,10.0,5.0,0.3301941454410553,-1.2693444967269898
DiscreteSAC,5,mid,1933,2933,-0.2180110454559326,10.0,5.0,0.7050176858901978,-1.274998915195465
DiscreteSAC,5,mid,1934,2934,-0.22871157526969912,10.0,8.0,0.4867459833621979,-1.2762990713119506
DiscreteSAC,5,mid,1935,2935,-0.3455445885658264,10.0,4.0,0.576481282711029,-1.2844004869461059
DiscreteSAC,5,mid,1936,2936,-0.5243096321821212,10.0,4.0,0.20388546586036682,-1.3188239336013794
DiscreteSAC,5,mid,1937,2937,-0.49393580555915834,10.0,4.0,0.17008964717388153,-1.258380913734436
DiscreteSAC,5,mid,1938,2938,-0.3552728652954102,10.0,6.0,0.7176546454429626,-1.2592287421226502
DiscreteSAC,5,mid,1939,2939,-0.29300864934921267,10.0,5.0,0.921306312084198,-1.286614215373993
DiscreteSAC,5,mid,1940,2940,-0.29456791281700134,10.0,5.0,0.38570085167884827,-1.3181010127067565
DiscreteSAC,5,mid,1941,2941,-0.15263478755950927,10.0,4.0,0.7252838015556335,-1.2494507789611817
DiscreteSAC,5,mid,1942,2942,-0.22016733169555663,8.0,4.0,0.46097332239151,-1.2674146890640259
DiscreteSAC,5,mid,1943,2943,-0.47467418015003204,10.0,3.0,0.24180321395397186,-1.277687704563141
DiscreteSAC,5,mid,1944,2944,-0.16472851037979125,10.0,4.0,0.9153351187705994,-1.2546917796134949
DiscreteSAC,5,mid,1945,2945,-0.506321457028389,10.0,4.0,0.23442769050598145,-1.29960697889328
DiscreteSAC,5,mid,1946,2946,-0.26495769023895266,10.0,5.0,0.7703518867492676,-1.292106318473816
DiscreteSAC,5,mid,1947,2947,-0.1725577163696289,8.0,5.0,0.685218870639801,-1.2711674869060516
DiscreteSAC,5,mid,1948,2948,-0.3307109117507935,10.0,5.0,0.6429306864738464,-1.2752687573432921
DiscreteSAC,5,mid,1949,2949,-0.48213298320770265,10.0,4.0,0.8313111066818237,-1.261599361896515
DiscreteSAC,5,mid,1950,2950,-0.4266078472137452,10.0,5.0,0.617071807384491,-1.2479878902435302
DiscreteSAC,5,mid,1951,2951,-0.3775358349084854,10.0,5.0,0.2774370014667511,-1.2709869861602783
DiscreteSAC,5,mid,1952,2952,-0.504280310869217,10.0,4.0,0.31667545437812805,-1.2763366937637328
DiscreteSAC,5,mid,1953,2953,-0.0801147043704987,10.0,4.0,0.3799668848514557,-1.2725403547286986
DiscreteSAC,5,mid,1954,2954,-0.4753201723098755,10.0,4.0,1.2698181867599487,-1.2847127556800841
DiscreteSAC,5,mid,1955,2955,-0.4988809943199158,10.0,4.0,0.33408641815185547,-1.2373440146446228
DiscreteSAC,5,mid,1956,2956,-0.4022052526473999,10.0,5.0,0.6052421927452087,-1.2915080308914184
DiscreteSAC,5,mid,1957,2957,-0.13856765031814577,10.0,5.0,0.9283875823020935,-1.282060933113098
DiscreteSAC,5,mid,1958,2958,-0.23403357505798333,9.0,4.0,0.6303184628486633,-1.2495448191960652
DiscreteSAC,5,mid,1959,2959,-0.5136985719203949,10.0,5.0,0.4141622483730316,-1.2986096024513245
DiscreteSAC,5,mid,1960,2960,-0.0659358620643616,10.0,4.0,0.6434711813926697,-1.270432221889496
DiscreteSAC,5,mid,1961,2961,-0.3239428400993347,10.0,5.0,0.8601030111312866,-1.271896731853485
DiscreteSAC,5,mid,1962,2962,-0.41982023119926454,10.0,4.0,0.20260609686374664,-1.254110836982727
DiscreteSAC,5,mid,1963,2963,-0.43012504875659935,10.0,3.0,0.32432428002357483,-1.2818854689598083
DiscreteSAC,5,mid,1964,2964,-0.3831886887550354,10.0,5.0,0.6985122561454773,-1.2685373067855834
DiscreteSAC,5,mid,1965,2965,-0.07963454961776735,9.0,5.0,0.567858099937439,-1.2777390347586737
DiscreteSAC,5,mid,1966,2966,-0.19691119670867918,8.0,3.0,1.016884446144104,-1.2610795348882675
DiscreteSAC,5,mid,1967,2967,-0.43800955414772036,10.0,5.0,0.2967551648616791,-1.2460899949073792
DiscreteSAC,5,mid,1968,2968,-0.5508595943450928,10.0,5.0,0.8690357804298401,-1.2943623185157775
DiscreteSAC,5,mid,1969,2969,-0.3436435103416443,10.0,5.0,0.5299354791641235,-1.2526902437210083
DiscreteSAC,5,mid,1970,2970,-0.2925164222717285,10.0,4.0,0.6348425149917603,-1.266317367553711
DiscreteSAC,5,mid,1971,2971,-0.6364532351493837,10.0,5.0,0.7748034596443176,-1.2625177025794982
DiscreteSAC,5,mid,1972,2972,-0.04443968534469608,10.0,4.0,0.652341902256012,-1.2578449487686156
DiscreteSAC,5,mid,1973,2973,-0.17412274122238158,9.0,4.0,0.8327513933181763,-1.3202942742241754
DiscreteSAC,5,mid,1974,2974,-0.06753554821014406,8.0,7.0,0.4138811230659485,-1.2611377984285355
DiscreteSAC,5,mid,1975,2975,-0.3330443471670151,10.0,6.0,0.26818543672561646,-1.2909313440322876
DiscreteSAC,5,mid,1976,2976,-0.3796505570411682,10.0,5.0,0.4316778779029846,-1.2855770707130432
DiscreteSAC,5,mid,1977,2977,-0.23810319900512694,10.0,4.0,0.7858719825744629,-1.3235925436019897
DiscreteSAC,5,mid,1978,2978,-0.3839277744293213,10.0,4.0,0.7347789406776428,-1.2479133248329162
DiscreteSAC,5,mid,1979,2979,-0.09512660503387453,10.0,6.0,0.4915490746498108,-1.2663342237472535
DiscreteSAC,5,mid,1980,2980,-0.47922643423080447,10.0,5.0,0.42242226004600525,-1.2748388767242431
DiscreteSAC,5,mid,1981,2981,-0.2860466766357421,8.0,4.0,0.6540477871894836,-1.2996416091918945
DiscreteSAC,5,mid,1982,2982,-0.37703546285629275,10.0,5.0,0.5553229451179504,-1.28820858001709
DiscreteSAC,5,mid,1983,2983,-0.5585344552993776,10.0,4.0,0.36638501286506653,-1.26512850522995
DiscreteSAC,5,mid,1984,2984,-0.6098293960094454,10.0,3.0,0.47258612513542175,-1.3369186401367188
DiscreteSAC,5,mid,1985,2985,-0.10055407881736757,10.0,5.0,0.44473662972450256,-1.2793790578842164
DiscreteSAC,5,mid,1986,2986,-0.4264009684324265,10.0,5.0,0.26274731755256653,-1.2597689270973205
DiscreteSAC,5,mid,1987,2987,-0.31265543699264525,10.0,4.0,0.5750759840011597,-1.257481300830841
DiscreteSAC,5,mid,1988,2988,-0.16151154041290278,10.0,5.0,0.8886906504631042,-1.2652017712593078
DiscreteSAC,5,mid,1989,2989,-0.10936414003372193,10.0,4.0,0.6788402795791626,-1.296389365196228
DiscreteSAC,5,mid,1990,2990,-0.027383756637573267,10.0,4.0,0.6576751470565796,-1.2950558304786681
DiscreteSAC,5,mid,1991,2991,-0.4357350468635559,10.0,3.0,0.5253492593765259,-1.2793351411819458
DiscreteSAC,5,mid,1992,2992,-0.5023750483989716,10.0,4.0,0.44551610946655273,-1.290078842639923
DiscreteSAC,5,mid,1993,2993,-0.44567891359329226,10.0,5.0,0.7867192029953003,-1.274335753917694
DiscreteSAC,5,mid,1994,2994,-0.2685439705848694,10.0,6.0,0.3766448199748993,-1.3077966809272765
DiscreteSAC,5,mid,1995,2995,-0.2619295001029968,10.0,4.0,0.7105051279067993,-1.280782687664032
DiscreteSAC,5,mid,1996,2996,-0.0599138617515564,10.0,4.0,0.6762399673461914,-1.2887004494667054
DiscreteSAC,5,mid,1997,2997,-0.3106612861156464,10.0,8.0,0.39040258526802063,-1.271549689769745
DiscreteSAC,5,mid,1998,2998,-0.4559816032648087,10.0,3.0,0.2968257963657379,-1.298584806919098
DiscreteSAC,5,mid,1999,2999,-0.4002216294407845,10.0,6.0,0.15430128574371338,-1.3103482842445373
DiscreteSAC,5,mid,2000,3000,-0.6454245567321777,10.0,4.0,0.7138130068778992,-1.2899493336677552
