agent,seed,phase,local_episode,cumulative_episode,reward,steps,selected_regions,classification_loss,optimization_loss
DiscreteSAC,125,mid,1,1001,-0.45829994678497316,10.0,4.0,0.9762102365493774,-1.2637973189353944
DiscreteSAC,125,mid,2,1002,-0.4755446434020996,10.0,4.0,0.5909627079963684,-1.2499535918235778
DiscreteSAC,125,mid,3,1003,-0.7397020280361177,10.0,4.0,0.623100221157074,-1.2071342587471008
DiscreteSAC,125,mid,4,1004,-0.06117344379425051,8.0,5.0,0.8031502962112427,-1.2163587361574173
DiscreteSAC,125,mid,5,1005,-0.4445301592350006,10.0,3.0,0.40085479617118835,-1.2527480483055116
DiscreteSAC,125,mid,6,1006,-0.248163914680481,10.0,6.0,0.8381704688072205,-1.2534627795219422
DiscreteSAC,125,mid,7,1007,-0.4851800322532654,10.0,4.0,0.5490769147872925,-1.2941026091575623
DiscreteSAC,125,mid,8,1008,-0.5313251405954362,10.0,5.0,0.2579592764377594,-1.221420407295227
DiscreteSAC,125,mid,9,1009,-0.6708513736724855,10.0,5.0,0.5585481524467468,-1.2351462960243225
DiscreteSAC,125,mid,10,1010,-0.5057377338409423,10.0,4.0,0.8464354872703552,-1.2469590306282043
DiscreteSAC,125,mid,11,1011,-0.1787840247154236,10.0,6.0,0.4343247711658478,-1.2235253691673278
DiscreteSAC,125,mid,12,1012,-0.12772197008132935,8.0,5.0,0.6642160415649414,-1.2271356731653214
DiscreteSAC,125,mid,13,1013,-0.3684233546257019,10.0,4.0,0.7522260546684265,-1.2188990592956543
DiscreteSAC,125,mid,14,1014,-0.46356094479560855,10.0,6.0,0.428804874420166,-1.2331242442131043
DiscreteSAC,125,mid,15,1015,-0.26295682191848757,10.0,5.0,0.5281750559806824,-1.2726875424385071
DiscreteSAC,125,mid,16,1016,-0.4679542899131775,10.0,4.0,0.39044633507728577,-1.260861611366272
DiscreteSAC,125,mid,17,1017,0.10472035884857175,7.0,4.0,0.7111045122146606,-1.251930935042245
DiscreteSAC,125,mid,18,1018,-0.36556802988052367,10.0,4.0,0.5737642049789429,-1.3091566801071166
DiscreteSAC,125,mid,19,1019,-0.4227145254611969,10.0,5.0,0.23618748784065247,-1.3046775937080384
DiscreteSAC,125,mid,20,1020,-0.4806832194328308,10.0,4.0,0.3627966344356537,-1.2700201392173767
DiscreteSAC,125,mid,21,1021,0.121307008266449,7.0,5.0,0.7420154213905334,-1.2475992270878382
DiscreteSAC,125,mid,22,1022,-0.24629688262939453,10.0,5.0,0.8006736040115356,-1.275476372241974
DiscreteSAC,125,mid,23,1023,-0.37618405222892765,10.0,6.0,0.43819260597229004,-1.2520678997039796
DiscreteSAC,125,mid,24,1024,-0.39787009060382844,10.0,4.0,0.24584244191646576,-1.3177911520004273
DiscreteSAC,125,mid,25,1025,0.1846665620803833,5.0,5.0,0.6825680136680603,-1.2548677921295166
DiscreteSAC,125,mid,26,1026,-0.46760208010673526,10.0,6.0,0.2601366639137268,-1.260012137889862
DiscreteSAC,125,mid,27,1027,0.16471452474594117,9.0,4.0,0.6020967364311218,-1.2247835132810805
DiscreteSAC,125,mid,28,1028,-0.18846938192844392,8.0,6.0,0.25218096375465393,-1.2163646072149277
DiscreteSAC,125,mid,29,1029,-0.3347956955432892,10.0,4.0,0.26166003942489624,-1.2138345003128053
DiscreteSAC,125,mid,30,1030,-0.3020204663276672,10.0,6.0,0.5035359859466553,-1.2449699521064759
DiscreteSAC,125,mid,31,1031,-0.3198735505342484,10.0,5.0,0.16237501800060272,-1.2424410700798034
DiscreteSAC,125,mid,32,1032,-0.6856371760368347,10.0,3.0,0.33302441239356995,-1.2128193140029908
DiscreteSAC,125,mid,33,1033,-0.20516328811645507,10.0,4.0,0.5523129105567932,-1.252559196949005
DiscreteSAC,125,mid,34,1034,-0.7868334174156191,10.0,4.0,0.8246921896934509,-1.2299757719039917
DiscreteSAC,125,mid,35,1035,-0.3005263388156891,10.0,4.0,0.3246474266052246,-1.2045684933662415
DiscreteSAC,125,mid,36,1036,0.19466645002365113,7.0,4.0,0.7911284565925598,-1.232282076563154
DiscreteSAC,125,mid,37,1037,-0.30745257139205934,10.0,4.0,0.6513270139694214,-1.2693573236465454
DiscreteSAC,125,mid,38,1038,-0.5653326749801636,10.0,5.0,0.8231741786003113,-1.2743666887283325
DiscreteSAC,125,mid,39,1039,-0.05343976020812989,10.0,7.0,0.7759865522384644,-1.2517332196235658
DiscreteSAC,125,mid,40,1040,-0.38898634910583496,10.0,5.0,0.2770901024341583,-1.2441997289657594
DiscreteSAC,125,mid,41,1041,-0.05421764135360717,8.0,5.0,0.48778897523880005,-1.1826272010803223
DiscreteSAC,125,mid,42,1042,-0.07431513547897338,8.0,5.0,0.9497004151344299,-1.2431536763906479
DiscreteSAC,125,mid,43,1043,-0.5580243885517121,10.0,4.0,0.5032278299331665,-1.2308390498161317
DiscreteSAC,125,mid,44,1044,-0.5164437294006348,10.0,3.0,0.14177446067333221,-1.2022031903266908
DiscreteSAC,125,mid,45,1045,-0.12638925075531005,6.0,3.0,0.593189537525177,-1.2379059195518494
DiscreteSAC,125,mid,46,1046,0.12757257938385008,8.0,6.0,0.8112951517105103,-1.2832918763160706
DiscreteSAC,125,mid,47,1047,-0.44872047901153567,10.0,5.0,0.3080349564552307,-1.3098048210144042
DiscreteSAC,125,mid,48,1048,-0.4881092309951782,10.0,3.0,0.6825990676879883,-1.3122186541557312
DiscreteSAC,125,mid,49,1049,-0.5004078447818756,10.0,3.0,0.3471490442752838,-1.2088118553161622
DiscreteSAC,125,mid,50,1050,-0.3403461456298828,10.0,4.0,0.6916531324386597,-1.260422933101654
DiscreteSAC,125,mid,51,1051,-0.4383323729038239,10.0,5.0,0.22391478717327118,-1.2588306784629821
DiscreteSAC,125,mid,52,1052,-0.37994506359100344,10.0,5.0,0.6137687563896179,-1.188293707370758
DiscreteSAC,125,mid,53,1053,-0.43142887353897097,10.0,5.0,0.7567881941795349,-1.239932131767273
DiscreteSAC,125,mid,54,1054,-0.3899818301200867,10.0,5.0,0.7486882209777832,-1.2252928256988525
DiscreteSAC,125,mid,55,1055,-0.5865651905536653,10.0,5.0,0.5981402397155762,-1.2421621918678283
DiscreteSAC,125,mid,56,1056,-0.4554774880409241,10.0,4.0,0.6889399886131287,-1.2793853163719178
DiscreteSAC,125,mid,57,1057,-0.24258792400360107,10.0,5.0,1.0725899934768677,-1.2493579149246217
DiscreteSAC,125,mid,58,1058,-0.5293321549892426,10.0,5.0,0.4576905369758606,-1.2037837386131287
DiscreteSAC,125,mid,59,1059,-0.4744641900062561,10.0,4.0,0.3221687376499176,-1.2506487727165223
DiscreteSAC,125,mid,60,1060,0.13118802189826967,2.0,2.0,0.1971171796321869,-1.1820111870765686
DiscreteSAC,125,mid,61,1061,-0.44322391748428347,10.0,5.0,0.3559845983982086,-1.19286105632782
DiscreteSAC,125,mid,62,1062,-0.5209414482116699,10.0,4.0,0.8047506213188171,-1.248042607307434
DiscreteSAC,125,mid,63,1063,-0.14748751640319824,7.0,4.0,0.5137904286384583,-1.2571528809411185
DiscreteSAC,125,mid,64,1064,-0.3634635150432587,10.0,5.0,0.4646972715854645,-1.2554997324943542
DiscreteSAC,125,mid,65,1065,-0.2895940959453583,10.0,4.0,0.2657654583454132,-1.2643553614616394
DiscreteSAC,125,mid,66,1066,-0.5360648095607758,10.0,6.0,0.48295074701309204,-1.223366129398346
DiscreteSAC,125,mid,67,1067,-0.44399849176406864,10.0,6.0,0.2963980734348297,-1.2562554717063903
DiscreteSAC,125,mid,68,1068,-0.6414826929569245,10.0,4.0,0.40295976400375366,-1.3199864149093627
DiscreteSAC,125,mid,69,1069,-0.4710977986454964,10.0,5.0,0.1484573930501938,-1.2588696837425233
DiscreteSAC,125,mid,70,1070,-0.23796344995498664,10.0,4.0,0.8815252184867859,-1.2216337203979493
DiscreteSAC,125,mid,71,1071,-0.9589473426342012,10.0,4.0,0.9588223695755005,-1.212274706363678
DiscreteSAC,125,mid,72,1072,-0.2135710954666138,10.0,5.0,0.9976738691329956,-1.2306496262550355
DiscreteSAC,125,mid,73,1073,-0.11704801201820371,8.0,6.0,0.4833235740661621,-1.2655254006385803
DiscreteSAC,125,mid,74,1074,-0.6627162843942642,10.0,3.0,0.3700132966041565,-1.2569941282272339
DiscreteSAC,125,mid,75,1075,-0.5078341484069825,10.0,4.0,0.8288446068763733,-1.2757724165916442
DiscreteSAC,125,mid,76,1076,-0.55407155752182,10.0,4.0,1.0449206829071045,-1.2728590726852418
DiscreteSAC,125,mid,77,1077,-0.4420874208211899,10.0,5.0,0.1921594887971878,-1.2620505571365357
DiscreteSAC,125,mid,78,1078,-0.25378394126892095,10.0,3.0,0.7328422665596008,-1.245582377910614
DiscreteSAC,125,mid,79,1079,-0.4233012080192566,10.0,4.0,0.8974849581718445,-1.2326132535934449
DiscreteSAC,125,mid,80,1080,-0.391324782371521,10.0,5.0,0.7479337453842163,-1.2188717246055603
DiscreteSAC,125,mid,81,1081,-0.23103115439414978,8.0,5.0,0.5202000737190247,-1.3048023730516434
DiscreteSAC,125,mid,82,1082,-0.17722386360168457,9.0,5.0,0.40368756651878357,-1.210721943113539
DiscreteSAC,125,mid,83,1083,-0.35245260000228884,10.0,5.0,0.46223241090774536,-1.217260468006134
DiscreteSAC,125,mid,84,1084,-0.19217495143413543,7.0,4.0,0.2627887427806854,-1.2412558964320592
DiscreteSAC,125,mid,85,1085,-0.8529153585433962,10.0,4.0,0.7242949604988098,-1.0927968978881837
DiscreteSAC,125,mid,86,1086,0.06252214431762695,8.0,7.0,0.7898349761962891,-1.1692045778036118
DiscreteSAC,125,mid,87,1087,0.33347994804382325,8.0,4.0,0.334750235080719,-0.7977513745427132
DiscreteSAC,125,mid,88,1088,-0.45569146871566774,10.0,4.0,0.2219824492931366,-1.060126280784607
DiscreteSAC,125,mid,89,1089,-0.46994237303733827,10.0,4.0,0.13392604887485504,-1.1056615114212036
DiscreteSAC,125,mid,90,1090,-0.2747389316558838,10.0,5.0,0.8682370781898499,-1.1248699188232423
DiscreteSAC,125,mid,91,1091,-0.7256801724433901,10.0,3.0,0.9391912817955017,-1.1154312074184418
DiscreteSAC,125,mid,92,1092,-0.3709133148193359,10.0,4.0,0.6159898638725281,-1.1753482937812805
DiscreteSAC,125,mid,93,1093,-0.3052088052034378,10.0,4.0,0.21425588428974152,-1.135430347919464
DiscreteSAC,125,mid,94,1094,-0.5447089970111847,10.0,3.0,0.4897051155567169,-1.1679866075515748
DiscreteSAC,125,mid,95,1095,-0.6316495060920717,10.0,4.0,0.7809610366821289,-1.1261638760566712
DiscreteSAC,125,mid,96,1096,-0.3276651680469513,10.0,4.0,0.4692952334880829,-1.1123757719993592
DiscreteSAC,125,mid,97,1097,-0.4506101131439209,10.0,4.0,0.5524197816848755,-1.144931161403656
DiscreteSAC,125,mid,98,1098,-0.5556158363819123,10.0,5.0,0.3344082832336426,-1.1264974474906921
DiscreteSAC,125,mid,99,1099,-0.06169081926345826,10.0,4.0,0.6249352097511292,-1.1684698700904845
DiscreteSAC,125,mid,100,1100,-0.587862026691437,10.0,4.0,0.8003177046775818,-1.2294578433036805
DiscreteSAC,125,mid,101,1101,-0.468305778503418,10.0,4.0,0.613914966583252,-1.1169369578361512
DiscreteSAC,125,mid,102,1102,-0.27184754610061646,10.0,5.0,0.5548475384712219,-1.1488813757896423
DiscreteSAC,125,mid,103,1103,-0.20863425731658936,10.0,5.0,0.7287254333496094,-1.1154452681541442
DiscreteSAC,125,mid,104,1104,-0.09985015273094179,8.0,5.0,0.32782939076423645,-1.1537817567586899
DiscreteSAC,125,mid,105,1105,-0.37694659233093264,10.0,5.0,0.7021788954734802,-1.131246840953827
DiscreteSAC,125,mid,106,1106,-0.6656467959284782,10.0,4.0,0.33845990896224976,-1.1420484066009522
DiscreteSAC,125,mid,107,1107,-0.49636595845222475,10.0,5.0,0.3819417655467987,-1.1265953302383422
DiscreteSAC,125,mid,108,1108,-0.17820270895957946,9.0,4.0,0.2804335355758667,-1.137747844060262
DiscreteSAC,125,mid,109,1109,-0.11579098701477053,10.0,5.0,0.5188666582107544,-1.1161411225795745
DiscreteSAC,125,mid,110,1110,-0.09588983058929446,10.0,5.0,0.8235296010971069,-1.1335996866226197
DiscreteSAC,125,mid,111,1111,-0.43136413097381593,10.0,4.0,0.7647722959518433,-1.1166625678539277
DiscreteSAC,125,mid,112,1112,-0.1954772233963013,10.0,6.0,0.6581191420555115,-1.107448899745941
DiscreteSAC,125,mid,113,1113,-0.359589421749115,10.0,5.0,0.6589475274085999,-1.1653437852859496
DiscreteSAC,125,mid,114,1114,-0.38247342109680177,10.0,4.0,0.5563628077507019,-1.1865466356277465
DiscreteSAC,125,mid,115,1115,-0.5038517713546753,10.0,3.0,0.1438559740781784,-1.151407253742218
DiscreteSAC,125,mid,116,1116,-0.0512781047821045,9.0,4.0,0.6837248206138611,-1.1706183221605089
DiscreteSAC,125,mid,117,1117,0.18536387205123903,8.0,6.0,0.705699622631073,-1.1625800877809525
DiscreteSAC,125,mid,118,1118,-0.2956082344055176,10.0,4.0,0.8597918748855591,-1.1834573864936828
DiscreteSAC,125,mid,119,1119,-0.1715780246257782,8.0,5.0,0.3927592635154724,-1.1726559698581696
DiscreteSAC,125,mid,120,1120,-0.5914088010787965,10.0,4.0,0.8230586051940918,-1.1485407590866088
DiscreteSAC,125,mid,121,1121,-0.05941021680831911,9.0,5.0,0.7661998867988586,-1.2113252480824788
DiscreteSAC,125,mid,122,1122,0.0009522676467895175,10.0,6.0,1.1445209980010986,-1.1352948009967805
DiscreteSAC,125,mid,123,1123,-0.4056279319524765,8.0,3.0,0.36051103472709656,-1.164595514535904
DiscreteSAC,125,mid,124,1124,-0.5053015351295471,10.0,3.0,0.429033488035202,-1.1538797974586488
DiscreteSAC,125,mid,125,1125,-0.1181822443008423,9.0,5.0,0.6120538115501404,-1.205462204085456
DiscreteSAC,125,mid,126,1126,-0.13033844232559208,10.0,4.0,0.864385187625885,-1.1623237609863282
DiscreteSAC,125,mid,127,1127,-0.3895252898335457,10.0,4.0,0.19396021962165833,-1.17042133808136
DiscreteSAC,125,mid,128,1128,-0.5357858180999756,10.0,5.0,0.7378162145614624,-1.129715806245804
DiscreteSAC,125,mid,129,1129,-0.03330022335052492,9.0,5.0,0.7337797284126282,-1.2325018379423354
DiscreteSAC,125,mid,130,1130,-0.3245313882827759,10.0,4.0,0.5270563364028931,-1.1102686882019044
DiscreteSAC,125,mid,131,1131,-0.2794113516807556,10.0,6.0,0.9100346565246582,-1.1883392214775086
DiscreteSAC,125,mid,132,1132,-0.36986165642738345,10.0,5.0,0.20003269612789154,-1.163610327243805
DiscreteSAC,125,mid,133,1133,-0.47674494981765747,10.0,3.0,0.6153135299682617,-1.1746293544769286
DiscreteSAC,125,mid,134,1134,-0.42596163749694826,10.0,5.0,0.7386044263839722,-1.2047666668891908
DiscreteSAC,125,mid,135,1135,-0.506990146636963,10.0,4.0,0.3745667636394501,-1.1855586409568786
DiscreteSAC,125,mid,136,1136,-0.2662028670310974,10.0,3.0,0.753903865814209,-1.2036050319671632
DiscreteSAC,125,mid,137,1137,-0.4708266228437424,10.0,4.0,0.2350219488143921,-1.2122267365455628
DiscreteSAC,125,mid,138,1138,-0.0648232936859131,10.0,5.0,0.31742358207702637,-1.1061395823955535
DiscreteSAC,125,mid,139,1139,-0.41697570085525515,10.0,5.0,0.826990008354187,-1.1450124621391295
DiscreteSAC,125,mid,140,1140,-0.5126446008682252,10.0,4.0,0.5673039555549622,-1.1423050880432128
DiscreteSAC,125,mid,141,1141,-0.1683412593603134,7.0,4.0,0.13914655148983002,-1.1777462788990565
DiscreteSAC,125,mid,142,1142,-0.4180041790008545,10.0,5.0,0.2161780446767807,-1.2293808460235596
DiscreteSAC,125,mid,143,1143,-0.3891698920726776,9.0,4.0,0.44358035922050476,-1.2214668061998155
DiscreteSAC,125,mid,144,1144,-0.10748570203781128,9.0,4.0,0.605380117893219,-1.1982109546661377
DiscreteSAC,125,mid,145,1145,-0.3556449830532074,10.0,4.0,0.3263535499572754,-1.1761794924736022
DiscreteSAC,125,mid,146,1146,-0.27879115343093874,10.0,5.0,0.6036872863769531,-1.184864056110382
DiscreteSAC,125,mid,147,1147,0.018760676383972177,8.0,5.0,0.4301590919494629,-1.1698801517486572
DiscreteSAC,125,mid,148,1148,-0.0946974754333496,10.0,5.0,0.6943273544311523,-1.1534714341163634
DiscreteSAC,125,mid,149,1149,-0.3529466807842255,10.0,4.0,0.4661581218242645,-1.2514296770095825
DiscreteSAC,125,mid,150,1150,-0.6755042910575869,10.0,5.0,0.915476381778717,-1.2209975361824035
DiscreteSAC,125,mid,151,1151,-0.37341991662979124,10.0,3.0,0.6502857804298401,-1.1363956451416015
DiscreteSAC,125,mid,152,1152,-0.5174450397491456,10.0,4.0,0.8430102467536926,-1.201574683189392
DiscreteSAC,125,mid,153,1153,-0.29543987512588504,10.0,6.0,0.7225360870361328,-1.2059094548225402
DiscreteSAC,125,mid,154,1154,-0.39807063341140747,10.0,3.0,0.38921862840652466,-1.154917800426483
DiscreteSAC,125,mid,155,1155,0.044901907444000244,5.0,4.0,0.917391300201416,-1.2247841835021973
DiscreteSAC,125,mid,156,1156,-0.40086620151996616,10.0,6.0,0.24007351696491241,-1.2105177998542787
DiscreteSAC,125,mid,157,1157,-0.26704771518707277,10.0,4.0,0.8293684720993042,-1.220104420185089
DiscreteSAC,125,mid,158,1158,-0.19040622711181643,10.0,5.0,0.6418570876121521,-1.1504838705062865
DiscreteSAC,125,mid,159,1159,-0.3374117910861969,10.0,3.0,0.4354685842990875,-1.199524211883545
DiscreteSAC,125,mid,160,1160,-0.06447495222091677,10.0,6.0,0.8603293299674988,-1.2248420238494873
DiscreteSAC,125,mid,161,1161,-0.03727561235427855,5.0,4.0,0.7827440500259399,-1.1913903474807739
DiscreteSAC,125,mid,162,1162,-0.36844625473022463,10.0,5.0,0.5739194750785828,-1.142791497707367
DiscreteSAC,125,mid,163,1163,-0.4876541018486023,10.0,4.0,0.18600349128246307,-1.1546064734458923
DiscreteSAC,125,mid,164,1164,-0.5657742664217948,10.0,4.0,0.1974826604127884,-1.1627991914749145
DiscreteSAC,125,mid,165,1165,-0.05092025995254519,10.0,6.0,0.6686627268791199,-1.2000394463539124
DiscreteSAC,125,mid,166,1166,-0.5620889186859132,10.0,4.0,0.9116771817207336,-1.1588066697120667
DiscreteSAC,125,mid,167,1167,-0.4473143041133881,10.0,4.0,0.4796425700187683,-1.2006989598274231
DiscreteSAC,125,mid,168,1168,-0.24925688505172733,10.0,6.0,0.47905832529067993,-1.160529112815857
DiscreteSAC,125,mid,169,1169,-0.3420359492301941,10.0,3.0,0.4944460391998291,-1.1680680632591247
DiscreteSAC,125,mid,170,1170,-0.5372183069586755,10.0,4.0,0.16277654469013214,-1.1771016597747803
DiscreteSAC,125,mid,171,1171,-0.3952754735946655,10.0,3.0,0.42928117513656616,-1.2997094750404359
DiscreteSAC,125,mid,172,1172,-0.2927714705467224,10.0,4.0,0.865488588809967,-1.212309193611145
DiscreteSAC,125,mid,173,1173,-0.13223727345466613,10.0,4.0,0.4897071421146393,-1.2503722786903382
DiscreteSAC,125,mid,174,1174,0.021235222816467267,8.0,5.0,1.06544828414917,-1.190109983086586
DiscreteSAC,125,mid,175,1175,-0.2872326850891113,10.0,4.0,0.25864341855049133,-1.1974635004997254
DiscreteSAC,125,mid,176,1176,-0.4706552743911744,10.0,4.0,0.35118988156318665,-1.1959750294685363
DiscreteSAC,125,mid,177,1177,-0.28412675857543945,10.0,5.0,0.7756928205490112,-1.2047505140304566
DiscreteSAC,125,mid,178,1178,-0.2827640402317047,8.0,4.0,0.460299551486969,-1.1788206845521927
DiscreteSAC,125,mid,179,1179,-0.29742363691329954,10.0,6.0,0.604127049446106,-1.238413918018341
DiscreteSAC,125,mid,180,1180,-0.4607559680938721,10.0,5.0,0.6677244305610657,-1.2440755367279053
DiscreteSAC,125,mid,181,1181,-0.32308207988739013,9.0,4.0,0.8614440560340881,-1.2202440765168932
DiscreteSAC,125,mid,182,1182,-0.39664722681045533,10.0,4.0,0.5750874876976013,-1.1730841755867005
DiscreteSAC,125,mid,183,1183,-0.4744016468524933,10.0,5.0,0.5520943999290466,-1.260853886604309
DiscreteSAC,125,mid,184,1184,0.09171880483627318,10.0,4.0,0.8726637959480286,-1.2749194264411927
DiscreteSAC,125,mid,185,1185,-0.11555098295211792,10.0,4.0,0.6245997548103333,-1.3455606698989868
DiscreteSAC,125,mid,186,1186,-0.5969661891460418,10.0,4.0,0.620984673500061,-1.1940366268157958
DiscreteSAC,125,mid,187,1187,-0.365142297744751,10.0,4.0,0.6506767868995667,-1.2514020800590515
DiscreteSAC,125,mid,188,1188,-0.3215233325958252,10.0,5.0,0.5901390910148621,-1.1941543698310852
DiscreteSAC,125,mid,189,1189,-0.5157363504171372,10.0,5.0,0.26177552342414856,-1.1852066040039062
DiscreteSAC,125,mid,190,1190,-0.4437131106853485,10.0,4.0,0.26444634795188904,-1.187938964366913
DiscreteSAC,125,mid,191,1191,-0.5065178871154785,10.0,3.0,0.5075980424880981,-1.2464369177818297
DiscreteSAC,125,mid,192,1192,-0.390282940864563,10.0,4.0,0.6711750030517578,-1.1797210812568664
DiscreteSAC,125,mid,193,1193,-0.47684082090854646,10.0,4.0,0.14200285077095032,-1.2065237641334534
DiscreteSAC,125,mid,194,1194,-0.2874688744544983,10.0,5.0,0.7489835619926453,-1.2529943227767943
DiscreteSAC,125,mid,195,1195,-0.4259048640727997,10.0,5.0,0.3268299102783203,-1.1928386211395263
DiscreteSAC,125,mid,196,1196,-0.5486575901508332,10.0,5.0,0.5478488206863403,-1.1798676252365112
DiscreteSAC,125,mid,197,1197,-0.029558484554290762,8.0,5.0,0.4696502089500427,-1.2014539688825607
DiscreteSAC,125,mid,198,1198,-0.5966982007026673,10.0,6.0,0.7686131596565247,-1.1895432233810426
DiscreteSAC,125,mid,199,1199,-0.4231013894081116,10.0,5.0,0.33285757899284363,-1.2231048226356507
DiscreteSAC,125,mid,200,1200,-0.24926602840423584,10.0,5.0,0.7996209859848022,-1.285958969593048
DiscreteSAC,125,mid,201,1201,-0.20196888446807862,10.0,6.0,1.1121453046798706,-1.1597874522209168
DiscreteSAC,125,mid,202,1202,0.02308806538581848,9.0,5.0,0.4766615331172943,-1.1940138339996338
DiscreteSAC,125,mid,203,1203,-0.004775052070617666,8.0,5.0,0.6495862007141113,-1.1985822916030884
DiscreteSAC,125,mid,204,1204,-0.1936836361885071,10.0,4.0,0.49658507108688354,-1.265167510509491
DiscreteSAC,125,mid,205,1205,-0.1577903699874878,7.0,5.0,1.0313003063201904,-1.1895207507269723
DiscreteSAC,125,mid,206,1206,-0.302793025970459,10.0,5.0,0.21586652100086212,-1.2974315643310548
DiscreteSAC,125,mid,207,1207,-0.30242176055908204,10.0,4.0,0.736497700214386,-1.1850517868995667
DiscreteSAC,125,mid,208,1208,-0.013025052547454827,7.0,5.0,0.6429232358932495,-1.209862198148455
DiscreteSAC,125,mid,209,1209,-0.2095701575279236,10.0,7.0,0.38191407918930054,-1.2241796612739564
DiscreteSAC,125,mid,210,1210,-0.058816499710083,7.0,5.0,0.6393817663192749,-1.2758892263684953
DiscreteSAC,125,mid,211,1211,-0.8199757456779483,10.0,4.0,0.7310625910758972,-1.2622427940368652
DiscreteSAC,125,mid,212,1212,0.09754567146301268,10.0,4.0,1.1142935752868652,-1.191503745317459
DiscreteSAC,125,mid,213,1213,-0.38820272088050845,10.0,5.0,0.3633684515953064,-1.3199377655982971
DiscreteSAC,125,mid,214,1214,-0.6287512481212617,10.0,3.0,0.4845278263092041,-1.1919889330863953
DiscreteSAC,125,mid,215,1215,0.20457029581069947,6.0,4.0,0.9956061244010925,-1.215001364549001
DiscreteSAC,125,mid,216,1216,-0.08258247375488283,10.0,5.0,0.8639974594116211,-1.2042721509933472
DiscreteSAC,125,mid,217,1217,-0.24808025360107425,10.0,3.0,0.6573914289474487,-1.257089912891388
DiscreteSAC,125,mid,218,1218,-0.21687126636505122,8.0,5.0,1.278946042060852,-1.2376529723405838
DiscreteSAC,125,mid,219,1219,-0.4324305772781372,10.0,4.0,0.7043030858039856,-1.2769464015960694
DiscreteSAC,125,mid,220,1220,-0.3847329139709473,10.0,4.0,0.8275485038757324,-1.206619656085968
DiscreteSAC,125,mid,221,1221,-0.41171168684959414,10.0,5.0,0.1255408227443695,-1.1977457761764527
DiscreteSAC,125,mid,222,1222,-0.3752262353897095,10.0,6.0,0.7415009140968323,-1.153834044933319
DiscreteSAC,125,mid,223,1223,-0.46378701776266096,10.0,6.0,0.22881817817687988,-1.1970364332199097
DiscreteSAC,125,mid,224,1224,-0.3095417857170105,10.0,7.0,0.3675178587436676,-1.1761709213256837
DiscreteSAC,125,mid,225,1225,-0.845101021230221,10.0,3.0,0.46717050671577454,-1.227569818496704
DiscreteSAC,125,mid,226,1226,-0.40227354764938356,10.0,4.0,0.8311738967895508,-1.2001656651496888
DiscreteSAC,125,mid,227,1227,-0.31787935972213743,8.0,3.0,0.36468270421028137,-1.0768813788890839
DiscreteSAC,125,mid,228,1228,-0.31774541139602663,10.0,5.0,0.3108522891998291,-1.2148977041244506
DiscreteSAC,125,mid,229,1229,-0.4011196076869965,10.0,7.0,0.41136518120765686,-1.1670950412750245
DiscreteSAC,125,mid,230,1230,-0.40112176761031154,10.0,6.0,0.10522351413965225,-1.162577247619629
DiscreteSAC,125,mid,231,1231,-0.43369669914245607,10.0,4.0,0.355656236410141,-1.1668162941932678
DiscreteSAC,125,mid,232,1232,-0.3873256921768189,10.0,7.0,0.35502031445503235,-1.1571892738342284
DiscreteSAC,125,mid,233,1233,-0.3538397789001465,10.0,5.0,0.9770087003707886,-1.1881273627281188
DiscreteSAC,125,mid,234,1234,-0.4420543730258942,10.0,4.0,0.16246478259563446,-1.1872272491455078
DiscreteSAC,125,mid,235,1235,-0.7033529251813888,10.0,4.0,0.4861562252044678,-1.1809065759181976
DiscreteSAC,125,mid,236,1236,-0.7777494609355928,10.0,4.0,0.8276035189628601,-0.9058400332927704
DiscreteSAC,125,mid,237,1237,-0.4623999118804932,10.0,4.0,0.5790125131607056,-1.0595856130123138
DiscreteSAC,125,mid,238,1238,-0.48813236951828004,10.0,4.0,1.0223804712295532,-1.2040787100791932
DiscreteSAC,125,mid,239,1239,-0.6809687554836275,10.0,5.0,0.5785321593284607,-1.1249460697174072
DiscreteSAC,125,mid,240,1240,-0.4770034641027451,10.0,5.0,0.2050354778766632,-1.145632803440094
DiscreteSAC,125,mid,241,1241,-0.5284654766321183,10.0,4.0,0.17293919622898102,-1.1363806188106538
DiscreteSAC,125,mid,242,1242,-0.398331755399704,10.0,5.0,0.22744832932949066,-1.1436903715133666
DiscreteSAC,125,mid,243,1243,-0.05041753709316256,6.0,5.0,0.2195795327425003,-1.1812241276105244
DiscreteSAC,125,mid,244,1244,-0.5181469470262527,10.0,3.0,0.16629467904567719,-1.1109649300575257
DiscreteSAC,125,mid,245,1245,-0.4689794898033142,10.0,4.0,0.8832283616065979,-1.1359976410865784
DiscreteSAC,125,mid,246,1246,-0.7149956464767457,10.0,5.0,1.4181022644042969,-1.1480940461158753
DiscreteSAC,125,mid,247,1247,-0.40132845640182496,10.0,4.0,0.6000329256057739,-1.1775986790657043
DiscreteSAC,125,mid,248,1248,-0.2858107328414917,10.0,5.0,0.9156168699264526,-1.0985643982887268
DiscreteSAC,125,mid,249,1249,-0.4959560751914978,10.0,4.0,0.6679359078407288,-1.079435658454895
DiscreteSAC,125,mid,250,1250,-0.3560084342956543,10.0,5.0,0.6914510130882263,-1.0803258061408996
DiscreteSAC,125,mid,251,1251,-0.4413268327713013,10.0,6.0,0.8933714032173157,-1.1416365563869477
DiscreteSAC,125,mid,252,1252,-0.5442413926124572,10.0,5.0,0.8520370721817017,-1.0399043440818787
DiscreteSAC,125,mid,253,1253,0.19588488101959228,4.0,4.0,1.672781229019165,-1.1193190813064575
DiscreteSAC,125,mid,254,1254,-0.2667962968349457,10.0,6.0,0.399942010641098,-1.171061062812805
DiscreteSAC,125,mid,255,1255,0.22223303794860838,7.0,6.0,1.0350866317749023,-1.1451174872262138
DiscreteSAC,125,mid,256,1256,-0.08848186016082767,8.0,6.0,0.3473854660987854,-1.2062263935804367
DiscreteSAC,125,mid,257,1257,-0.48856290578842165,10.0,5.0,0.9376128911972046,-1.193211603164673
DiscreteSAC,125,mid,258,1258,-0.3997995376586914,10.0,4.0,0.916319727897644,-1.1666428804397584
DiscreteSAC,125,mid,259,1259,-0.3053748458623886,10.0,5.0,0.27358368039131165,-1.1266879796981812
DiscreteSAC,125,mid,260,1260,-0.4998126864433289,10.0,5.0,0.6243377327919006,-1.1468457341194154
DiscreteSAC,125,mid,261,1261,-0.371807610988617,10.0,6.0,0.5786505341529846,-1.1941189169883728
DiscreteSAC,125,mid,262,1262,-0.6524265632033349,10.0,3.0,0.2583094835281372,-1.121665120124817
DiscreteSAC,125,mid,263,1263,-0.2374279499053955,10.0,5.0,0.755463182926178,-1.154459297657013
DiscreteSAC,125,mid,264,1264,-0.2525618600845337,8.0,4.0,0.31013235449790955,-1.1548286899924278
DiscreteSAC,125,mid,265,1265,-0.23179031610488893,10.0,4.0,0.7434683442115784,-1.1444080829620362
DiscreteSAC,125,mid,266,1266,-0.42846204042434693,10.0,4.0,0.5897340774536133,-1.1959357142448426
DiscreteSAC,125,mid,267,1267,0.15853951573371888,5.0,3.0,0.45417436957359314,-1.3150758504867555
DiscreteSAC,125,mid,268,1268,-0.4124996848404408,10.0,5.0,0.2160978764295578,-1.2625465154647828
DiscreteSAC,125,mid,269,1269,-0.34981710314750675,10.0,6.0,0.28224459290504456,-1.1465446829795838
DiscreteSAC,125,mid,270,1270,-0.2928873658180237,10.0,6.0,0.5056585669517517,-1.1633478641510009
DiscreteSAC,125,mid,271,1271,-0.15236423730850218,7.0,3.0,0.6671515107154846,-1.1854379858289446
DiscreteSAC,125,mid,272,1272,-0.13902812242507934,9.0,4.0,0.8898868560791016,-1.1458435985777113
DiscreteSAC,125,mid,273,1273,-0.4168866455554962,10.0,4.0,0.5417792797088623,-1.1882617235183717
DiscreteSAC,125,mid,274,1274,-0.5057063221931457,10.0,4.0,0.5366914868354797,-1.1293953657150269
DiscreteSAC,125,mid,275,1275,-0.1926049518585205,8.0,4.0,0.5477556586265564,-1.2192283049225807
DiscreteSAC,125,mid,276,1276,-0.16182451725006103,8.0,4.0,0.22029468417167664,-1.1143456995487213
DiscreteSAC,125,mid,277,1277,-0.028063533306121838,6.0,4.0,0.6144658327102661,-1.296154797077179
DiscreteSAC,125,mid,278,1278,-0.4220818817615509,10.0,5.0,0.3364904522895813,-1.1325546622276306
DiscreteSAC,125,mid,279,1279,-0.04216187953948973,6.0,4.0,0.5290340185165405,-1.1894549131393433
DiscreteSAC,125,mid,280,1280,-0.4982453376054764,10.0,5.0,0.32736921310424805,-1.130253005027771
DiscreteSAC,125,mid,281,1281,-0.2688852095603943,9.0,6.0,0.2549735903739929,-1.1799742778142293
DiscreteSAC,125,mid,282,1282,-0.4694361627101898,10.0,5.0,0.4354665279388428,-1.2146346926689149
DiscreteSAC,125,mid,283,1283,-0.40747158825397495,10.0,6.0,0.13754859566688538,-1.1674490690231323
DiscreteSAC,125,mid,284,1284,-0.4858706578612328,10.0,6.0,0.2179773598909378,-1.1905486941337586
DiscreteSAC,125,mid,285,1285,-0.2089171493053436,9.0,3.0,0.4526423513889313,-1.177704095840454
DiscreteSAC,125,mid,286,1286,-0.1960851907730103,10.0,6.0,0.6469817757606506,-1.2105562567710877
DiscreteSAC,125,mid,287,1287,-0.15764545917510986,7.0,4.0,0.5466333627700806,-1.1592772006988525
DiscreteSAC,125,mid,288,1288,-0.30424990952014924,10.0,4.0,0.2170521467924118,-1.1917169451713563
DiscreteSAC,125,mid,289,1289,-0.5473098546266556,10.0,5.0,0.30032554268836975,-1.069101333618164
DiscreteSAC,125,mid,290,1290,-0.45013244152069093,10.0,4.0,0.692929208278656,-1.2275501132011413
DiscreteSAC,125,mid,291,1291,-0.5211261630058288,10.0,4.0,0.461060494184494,-1.1560454964637756
DiscreteSAC,125,mid,292,1292,-0.1893572235107422,9.0,5.0,0.3104800283908844,-1.165421141518487
DiscreteSAC,125,mid,293,1293,-0.35820015668869015,10.0,5.0,0.7372458577156067,-1.138604497909546
DiscreteSAC,125,mid,294,1294,0.0064555811882019,7.0,6.0,0.7056045532226562,-1.124240619795663
DiscreteSAC,125,mid,295,1295,-0.490578693151474,10.0,4.0,0.2524901032447815,-1.16640967130661
DiscreteSAC,125,mid,296,1296,-0.25189346075057983,10.0,8.0,0.5410491228103638,-1.0539169430732727
DiscreteSAC,125,mid,297,1297,-0.41092379093170167,10.0,4.0,0.7006334662437439,-0.9662494540214539
DiscreteSAC,125,mid,298,1298,-0.20778038382530212,8.0,4.0,0.49549371004104614,-1.060448832809925
DiscreteSAC,125,mid,299,1299,-0.387539803981781,10.0,3.0,0.6271827816963196,-1.0770503044128419
DiscreteSAC,125,mid,300,1300,-0.3711196559667587,8.0,4.0,0.43017974495887756,-1.037881225347519
DiscreteSAC,125,mid,301,1301,-0.6640070527791979,10.0,3.0,0.3119097054004669,-1.106405121088028
DiscreteSAC,125,mid,302,1302,-0.6307032942771913,10.0,5.0,0.5749235153198242,-0.8969181537628174
DiscreteSAC,125,mid,303,1303,-0.4101293206214905,10.0,4.0,0.5405817031860352,-1.1030329883098602
DiscreteSAC,125,mid,304,1304,-0.5423700332641601,10.0,4.0,0.42661571502685547,-1.093035501241684
DiscreteSAC,125,mid,305,1305,-0.17314158916473382,9.0,4.0,0.6095592379570007,-1.0938471555709839
DiscreteSAC,125,mid,306,1306,-0.5482764661312103,10.0,4.0,0.5307389497756958,-1.0977060198783875
DiscreteSAC,125,mid,307,1307,-0.1676470184326172,9.0,6.0,0.5060160756111145,-1.0057242181566026
DiscreteSAC,125,mid,308,1308,-0.4344631001353264,10.0,5.0,0.14624062180519104,-1.081964111328125
DiscreteSAC,125,mid,309,1309,-0.007774009704589829,9.0,6.0,1.0053945779800415,-0.38551941845152116
DiscreteSAC,125,mid,310,1310,-0.46464807987213136,10.0,4.0,0.14647774398326874,-1.0415332674980164
DiscreteSAC,125,mid,311,1311,-0.34938625097274784,10.0,6.0,0.5717860460281372,-1.0337572693824768
DiscreteSAC,125,mid,312,1312,-0.42415107488632203,10.0,4.0,0.6807523965835571,-1.0155205249786377
DiscreteSAC,125,mid,313,1313,-0.38238264322280885,10.0,4.0,0.733187735080719,-1.0300748765468597
DiscreteSAC,125,mid,314,1314,-0.1593458652496338,10.0,5.0,0.6772879958152771,-1.0724504709243774
DiscreteSAC,125,mid,315,1315,-0.2915300488471985,10.0,6.0,0.5968740582466125,-0.7779509902000428
DiscreteSAC,125,mid,316,1316,-0.48007103204727175,10.0,5.0,0.7158522605895996,-0.8855737030506134
DiscreteSAC,125,mid,317,1317,-0.13123475313186644,10.0,4.0,0.8925415873527527,-1.021900749206543
DiscreteSAC,125,mid,318,1318,-0.17917814254760742,10.0,5.0,0.5184802412986755,-1.0668299078941346
DiscreteSAC,125,mid,319,1319,-0.24866598248481753,10.0,5.0,0.37200382351875305,-1.2266687631607056
DiscreteSAC,125,mid,320,1320,-0.055715805292129536,10.0,8.0,0.4257526397705078,-1.1281082034111023
DiscreteSAC,125,mid,321,1321,-0.28634194135665897,10.0,6.0,0.6752774119377136,-1.043529635667801
DiscreteSAC,125,mid,322,1322,-0.01563416719436643,10.0,7.0,0.36496680974960327,-1.0764627277851104
DiscreteSAC,125,mid,323,1323,-0.38495933413505556,10.0,5.0,0.4573924243450165,-1.1173109889030457
DiscreteSAC,125,mid,324,1324,-0.7060603618621828,10.0,4.0,0.9550918340682983,-1.0841744899749757
DiscreteSAC,125,mid,325,1325,-0.1386390233039856,9.0,4.0,0.6895396113395691,-1.073045896159278
DiscreteSAC,125,mid,326,1326,-0.45708513259887695,10.0,3.0,0.7316380143165588,-1.0714287519454957
DiscreteSAC,125,mid,327,1327,-0.20978028774261478,10.0,4.0,0.619445264339447,-1.0913280844688416
DiscreteSAC,125,mid,328,1328,-0.5048771858215333,10.0,6.0,0.7900946736335754,-1.1722967505455018
DiscreteSAC,125,mid,329,1329,-0.1875767731666565,9.0,5.0,0.757705569267273,-1.1697113381491766
DiscreteSAC,125,mid,330,1330,-0.21120684146881102,10.0,4.0,0.8972503542900085,-1.1131352066993714
DiscreteSAC,125,mid,331,1331,-0.035633951425552375,10.0,3.0,0.48717644810676575,-1.076448094844818
DiscreteSAC,125,mid,332,1332,-0.5042451977729797,10.0,6.0,0.3238762319087982,-1.1297179043293
DiscreteSAC,125,mid,333,1333,-0.32860885858535765,10.0,4.0,0.3561733067035675,-1.07216774225235
DiscreteSAC,125,mid,334,1334,-0.3032624351978302,8.0,4.0,0.26303890347480774,-1.0786107927560806
DiscreteSAC,125,mid,335,1335,-0.49896467924118043,10.0,4.0,0.6112850308418274,-1.0975075244903565
DiscreteSAC,125,mid,336,1336,-0.4568824291229248,10.0,4.0,0.4324193000793457,-1.1083041071891784
DiscreteSAC,125,mid,337,1337,-0.14465478360652922,10.0,4.0,0.19890840351581573,-1.1187554597854614
DiscreteSAC,125,mid,338,1338,-0.33413764238357546,10.0,5.0,0.6892609000205994,-1.0816534399986266
DiscreteSAC,125,mid,339,1339,-0.47929354906082156,10.0,5.0,0.6010052561759949,-1.1632679224014282
DiscreteSAC,125,mid,340,1340,-0.4417722225189209,10.0,3.0,0.3422940671443939,-1.0955029845237731
DiscreteSAC,125,mid,341,1341,-0.1430378556251526,10.0,5.0,0.3408478796482086,-1.0942071974277496
DiscreteSAC,125,mid,342,1342,-0.30824350714683535,10.0,5.0,0.1869523525238037,-1.133531254529953
DiscreteSAC,125,mid,343,1343,-0.22421849966049195,10.0,6.0,0.5345097184181213,-1.1175079226493836
DiscreteSAC,125,mid,344,1344,0.021760520935058578,9.0,5.0,0.9345842599868774,-1.1174284153514438
DiscreteSAC,125,mid,345,1345,-0.27225736021995545,9.0,5.0,0.3862420618534088,-1.1184911065631442
DiscreteSAC,125,mid,346,1346,-0.48010694682598115,10.0,4.0,0.2488560676574707,-1.1178633511066436
DiscreteSAC,125,mid,347,1347,-0.11910719871520997,10.0,4.0,1.1944307088851929,-1.1125244498252869
DiscreteSAC,125,mid,348,1348,-0.17394964933395385,9.0,4.0,0.7283681035041809,-1.0878507826063368
DiscreteSAC,125,mid,349,1349,-0.5521945714950561,10.0,3.0,0.5557417273521423,-1.0974451303482056
DiscreteSAC,125,mid,350,1350,-0.08222026824951174,10.0,4.0,1.0629737377166748,-1.1351850211620331
DiscreteSAC,125,mid,351,1351,-0.20565819263458252,7.0,4.0,0.7872299551963806,-1.108046361378261
DiscreteSAC,125,mid,352,1352,-0.5360483646392823,10.0,4.0,0.45866742730140686,-1.1073420286178588
DiscreteSAC,125,mid,353,1353,-0.49186169505119326,10.0,5.0,0.39171889424324036,-1.2247532248497008
DiscreteSAC,125,mid,354,1354,-0.42940148115158083,10.0,5.0,0.8191642761230469,-1.162285566329956
DiscreteSAC,125,mid,355,1355,-0.4798165500164032,10.0,5.0,0.4830331802368164,-1.1098829865455628
DiscreteSAC,125,mid,356,1356,0.055358284711837735,10.0,6.0,0.37020060420036316,-1.1760828614234924
DiscreteSAC,125,mid,357,1357,-0.09426520615816116,5.0,2.0,0.12311301380395889,-1.2577611684799195
DiscreteSAC,125,mid,358,1358,-0.1564181327819825,10.0,7.0,0.7590019106864929,-1.1730537414550781
DiscreteSAC,125,mid,359,1359,-0.1110480260848999,7.0,3.0,0.6399899125099182,-1.1581734589168005
DiscreteSAC,125,mid,360,1360,-0.6173438906669618,10.0,4.0,1.0275309085845947,-1.1024523735046388
DiscreteSAC,125,mid,361,1361,-0.4828378677368164,10.0,4.0,0.888143002986908,-0.33133294582366946
DiscreteSAC,125,mid,362,1362,-0.33919043868780135,8.0,4.0,0.2644122540950775,-1.0686776787042618
DiscreteSAC,125,mid,363,1363,-0.7798259377479555,10.0,4.0,0.6082263588905334,-0.9055879890918732
DiscreteSAC,125,mid,364,1364,-0.014064147472381591,9.0,6.0,0.9453549981117249,-0.974234594239129
DiscreteSAC,125,mid,365,1365,-0.5527436137199402,10.0,3.0,0.6531623005867004,-1.0675063669681548
DiscreteSAC,125,mid,366,1366,-0.785453835129738,10.0,5.0,0.5797090530395508,-1.0239985287189484
DiscreteSAC,125,mid,367,1367,-0.3620478630065918,10.0,4.0,0.992939829826355,-1.117943036556244
DiscreteSAC,125,mid,368,1368,-0.5998024046421051,10.0,3.0,0.4965863823890686,-1.0918427467346192
DiscreteSAC,125,mid,369,1369,-0.43086759448051454,10.0,4.0,0.39617517590522766,-1.089888870716095
DiscreteSAC,125,mid,370,1370,-0.3084999370574951,8.0,5.0,0.700032651424408,-1.0898327454924583
DiscreteSAC,125,mid,371,1371,-0.6090394258499147,10.0,3.0,0.33528921008110046,-1.053492259979248
DiscreteSAC,125,mid,372,1372,-0.27809993028640745,10.0,6.0,0.9093217849731445,-1.086418128013611
DiscreteSAC,125,mid,373,1373,-0.16200615406036378,9.0,6.0,0.3707364499568939,-1.0189019640286763
DiscreteSAC,125,mid,374,1374,-0.13080042123794555,7.0,4.0,0.3236237168312073,-1.0552615693637304
DiscreteSAC,125,mid,375,1375,-0.3676441848278046,10.0,5.0,0.4466366767883301,-1.1101558983325959
DiscreteSAC,125,mid,376,1376,-0.3706764817237854,10.0,5.0,0.5702407360076904,-1.0223439693450929
DiscreteSAC,125,mid,377,1377,-0.38298354625701897,8.0,3.0,0.7559666037559509,-1.163322128355503
DiscreteSAC,125,mid,378,1378,-0.46975161671638505,9.0,4.0,0.6574341654777527,-1.1652455594804552
DiscreteSAC,125,mid,379,1379,0.015322918891906734,8.0,5.0,0.6924419403076172,-1.0625972598791122
DiscreteSAC,125,mid,380,1380,-0.5154259324073791,10.0,4.0,0.6594452857971191,-1.0366297006607055
DiscreteSAC,125,mid,381,1381,-0.44833375215530397,10.0,4.0,0.2611234486103058,-1.1394446194171906
DiscreteSAC,125,mid,382,1382,-0.43409736156463624,10.0,4.0,0.9173970818519592,-1.220159375667572
DiscreteSAC,125,mid,383,1383,-0.26059325933456423,10.0,5.0,0.9516902565956116,-1.0263447344303132
DiscreteSAC,125,mid,384,1384,0.03359450221061707,8.0,6.0,0.4886613190174103,-1.0392984598875046
DiscreteSAC,125,mid,385,1385,-0.006859139204025269,6.0,3.0,0.32964080572128296,-1.1308654646078746
DiscreteSAC,125,mid,386,1386,-0.7756036043167116,10.0,4.0,0.9434924125671387,-1.0693250715732574
DiscreteSAC,125,mid,387,1387,-0.3560022354125977,10.0,5.0,0.7318896651268005,-1.0503017246723174
DiscreteSAC,125,mid,388,1388,-0.30572366714477545,10.0,3.0,1.0301153659820557,-1.0769407868385314
DiscreteSAC,125,mid,389,1389,-0.22994432449340818,10.0,3.0,0.2540806829929352,-1.0439637124538421
DiscreteSAC,125,mid,390,1390,-0.3409399509429932,10.0,4.0,0.5242106318473816,-1.0542368650436402
DiscreteSAC,125,mid,391,1391,-0.44232929944992067,10.0,4.0,0.9782012104988098,-1.0888966739177703
DiscreteSAC,125,mid,392,1392,-0.23875131607055664,10.0,5.0,0.7385438680648804,-1.0652556896209717
DiscreteSAC,125,mid,393,1393,-0.49683603048324587,10.0,5.0,0.8368159532546997,-1.1638282060623169
DiscreteSAC,125,mid,394,1394,-0.4027821958065033,10.0,5.0,0.35348495841026306,-1.0501219034194946
DiscreteSAC,125,mid,395,1395,0.1326098465919495,6.0,4.0,0.5508023500442505,-1.190355360507965
DiscreteSAC,125,mid,396,1396,-0.4076897621154785,10.0,4.0,0.34711408615112305,-1.0475941359996797
DiscreteSAC,125,mid,397,1397,-0.27272608280181887,10.0,5.0,0.6008828282356262,-1.0714167833328248
DiscreteSAC,125,mid,398,1398,-0.11510276764631273,7.0,5.0,0.12033099681138992,-1.0567030140331812
DiscreteSAC,125,mid,399,1399,-0.45714248418807985,10.0,4.0,0.2903086245059967,-1.149532413482666
DiscreteSAC,125,mid,400,1400,-0.9624305784702305,10.0,4.0,0.845978319644928,-1.1264494061470032
DiscreteSAC,125,mid,401,1401,-0.21103416681289672,10.0,4.0,0.7991995215415955,-1.0964287638664245
DiscreteSAC,125,mid,402,1402,-0.5714131563901901,10.0,4.0,0.32600143551826477,-1.1782008171081544
DiscreteSAC,125,mid,403,1403,-0.5455858826637268,10.0,4.0,0.8104371428489685,-1.1555511116981507
DiscreteSAC,125,mid,404,1404,-0.21739045262336731,8.0,5.0,0.29637855291366577,-1.0735258609056473
DiscreteSAC,125,mid,405,1405,-0.23162506818771364,10.0,7.0,0.9170810580253601,-1.077126258611679
DiscreteSAC,125,mid,406,1406,0.19359214544296266,6.0,3.0,0.8094514012336731,-1.093610942363739
DiscreteSAC,125,mid,407,1407,-0.6716983437538149,10.0,4.0,0.5494085550308228,-1.1550292909145354
DiscreteSAC,125,mid,408,1408,-0.26411975622177125,10.0,4.0,0.7894045114517212,-1.0797402143478394
DiscreteSAC,125,mid,409,1409,-0.2778656840324402,10.0,6.0,0.6299645304679871,-1.1139617443084717
DiscreteSAC,125,mid,410,1410,-0.5607047319412233,10.0,5.0,0.8917557597160339,-1.0071505069732667
DiscreteSAC,125,mid,411,1411,-0.1995466470718384,10.0,6.0,0.4300866723060608,-1.3395389318466187
DiscreteSAC,125,mid,412,1412,-0.4104908347129822,10.0,5.0,0.5238712430000305,1.1413433372974395
DiscreteSAC,125,mid,413,1413,-0.4639761567115784,10.0,4.0,0.7028428912162781,-0.8439915001392364
DiscreteSAC,125,mid,414,1414,-0.6140797257423403,10.0,4.0,0.8733087778091431,-0.8872387051582337
DiscreteSAC,125,mid,415,1415,-0.30408064126968387,10.0,6.0,0.6952494382858276,-0.8947797417640686
DiscreteSAC,125,mid,416,1416,-0.37008144557476047,10.0,6.0,0.2522623538970947,-0.9151599526405334
DiscreteSAC,125,mid,417,1417,-0.3094112038612366,10.0,6.0,0.7869242429733276,-0.9210566997528076
DiscreteSAC,125,mid,418,1418,-0.021741819381713892,10.0,4.0,0.5637018084526062,4.740266680717468
DiscreteSAC,125,mid,419,1419,-0.05565046072006224,10.0,7.0,0.5034413933753967,-0.5979250729084015
DiscreteSAC,125,mid,420,1420,-0.34858778715133665,10.0,6.0,0.7380236387252808,-0.751631212234497
DiscreteSAC,125,mid,421,1421,-0.4451184242963791,10.0,4.0,0.22031167149543762,-0.8103012800216675
DiscreteSAC,125,mid,422,1422,-0.03319036722183226,6.0,4.0,0.6122018098831177,-0.8718132476011912
DiscreteSAC,125,mid,423,1423,-0.3409766793251038,10.0,5.0,0.750492513179779,-0.8193880915641785
DiscreteSAC,125,mid,424,1424,-0.2563054659962654,9.0,5.0,0.17177064716815948,-0.8316978414853414
DiscreteSAC,125,mid,425,1425,0.014120454788208017,8.0,5.0,1.0436738729476929,-0.8529963493347168
DiscreteSAC,125,mid,426,1426,-0.14979982852935791,8.0,5.0,0.9536762833595276,-0.8401683121919632
DiscreteSAC,125,mid,427,1427,-0.3887797862291336,10.0,6.0,0.26955345273017883,-0.8977511346340179
DiscreteSAC,125,mid,428,1428,-0.08857412099838254,6.0,5.0,0.7843616604804993,-0.8542605737845103
DiscreteSAC,125,mid,429,1429,-0.3803276002407074,10.0,4.0,0.3078702390193939,-0.8346481919288635
DiscreteSAC,125,mid,430,1430,-0.2690268635749817,10.0,4.0,0.5878969430923462,-0.8033913850784302
DiscreteSAC,125,mid,431,1431,-0.2831857442855835,10.0,5.0,0.6235194802284241,-0.8491703987121582
DiscreteSAC,125,mid,432,1432,-0.12349123001098632,9.0,5.0,0.7613369822502136,-0.8368077079455057
DiscreteSAC,125,mid,433,1433,-0.43591642975807193,10.0,6.0,0.5324816107749939,-0.8485087513923645
DiscreteSAC,125,mid,434,1434,0.028333333134651188,5.0,3.0,0.21134836971759796,-0.8499037146568298
DiscreteSAC,125,mid,435,1435,-0.1939565181732178,10.0,5.0,0.8728150129318237,-0.8253933131694794
DiscreteSAC,125,mid,436,1436,0.04760120630264284,8.0,6.0,0.9586462378501892,-0.8749625161290169
DiscreteSAC,125,mid,437,1437,-0.4545445740222931,10.0,3.0,0.36246660351753235,-0.8264764964580535
DiscreteSAC,125,mid,438,1438,0.013199026584625254,8.0,5.0,0.8801184296607971,-1.019194521009922
DiscreteSAC,125,mid,439,1439,-0.06027390599250791,4.0,3.0,0.5680945515632629,-0.8178615570068359
DiscreteSAC,125,mid,440,1440,-0.6166375845670701,10.0,4.0,0.3385761082172394,-0.8545675933361053
DiscreteSAC,125,mid,441,1441,-0.6801557779312134,10.0,5.0,0.4454033672809601,-0.8583248376846313
DiscreteSAC,125,mid,442,1442,-0.2788025045394897,9.0,4.0,0.7036246657371521,5.6925296319855585
DiscreteSAC,125,mid,443,1443,-0.4648701369762421,10.0,4.0,0.151817187666893,-0.2551949262619019
DiscreteSAC,125,mid,444,1444,-0.40763419270515444,10.0,5.0,0.2806265950202942,-0.7360280632972718
DiscreteSAC,125,mid,445,1445,-0.48752054274082185,10.0,4.0,0.12211782485246658,-0.7654318571090698
DiscreteSAC,125,mid,446,1446,-0.34309767484664916,10.0,4.0,0.5547102093696594,-0.7911242187023163
DiscreteSAC,125,mid,447,1447,-0.18442099571228027,8.0,4.0,0.6406030058860779,-0.8135183975100517
DiscreteSAC,125,mid,448,1448,-0.060915303230285676,10.0,4.0,0.8827849626541138,-0.811287260055542
DiscreteSAC,125,mid,449,1449,-0.19820842385292048,9.0,5.0,0.31306368112564087,-0.8467444048987495
DiscreteSAC,125,mid,450,1450,-0.24613071799278258,7.0,3.0,0.33309534192085266,-0.8312717931611198
DiscreteSAC,125,mid,451,1451,-0.24806106090545657,10.0,3.0,0.5299272537231445,-0.8316556870937347
DiscreteSAC,125,mid,452,1452,-0.06695384740829467,6.0,5.0,0.25781264901161194,-0.8364506860574087
DiscreteSAC,125,mid,453,1453,-0.49834491312503815,10.0,3.0,0.17409130930900574,-0.8453439950942994
DiscreteSAC,125,mid,454,1454,-0.07094278335571294,10.0,5.0,0.9265307188034058,-0.8386254727840423
DiscreteSAC,125,mid,455,1455,-0.677100157737732,10.0,6.0,0.8768334984779358,-0.9927996754646301
DiscreteSAC,125,mid,456,1456,-0.3954913854598999,10.0,5.0,0.6425623893737793,-0.8457191705703735
DiscreteSAC,125,mid,457,1457,-0.5596706882119179,10.0,5.0,0.2637656629085541,0.7660917103290558
DiscreteSAC,125,mid,458,1458,-0.20599936485290526,9.0,4.0,1.0668540000915527,-0.7895684838294983
DiscreteSAC,125,mid,459,1459,-0.5439165234565735,10.0,3.0,0.7376288175582886,-0.94619220495224
DiscreteSAC,125,mid,460,1460,-0.3703204298019409,9.0,4.0,0.926028311252594,-0.8649468157026503
DiscreteSAC,125,mid,461,1461,-0.3384346091747284,9.0,5.0,0.2922212779521942,-0.8918838169839647
DiscreteSAC,125,mid,462,1462,-0.49321320056915285,10.0,5.0,1.1163192987442017,-0.854443472623825
DiscreteSAC,125,mid,463,1463,-0.3714932888746262,10.0,5.0,0.2422265261411667,-0.8939425706863403
DiscreteSAC,125,mid,464,1464,-0.4642028480768204,10.0,4.0,0.2230532020330429,-0.6587434053421021
DiscreteSAC,125,mid,465,1465,-0.254804013967514,8.0,2.0,0.30389952659606934,-0.8681061863899231
DiscreteSAC,125,mid,466,1466,-0.2459725379943848,10.0,5.0,0.7086353302001953,-0.9150479018688202
DiscreteSAC,125,mid,467,1467,-0.004051375389099152,10.0,7.0,1.1912400722503662,0.8004495859146118
DiscreteSAC,125,mid,468,1468,-0.38940609693527223,10.0,4.0,0.5518213510513306,2.2868114084005358
DiscreteSAC,125,mid,469,1469,-0.2706664204597473,10.0,3.0,0.763831615447998,-0.7739014089107513
DiscreteSAC,125,mid,470,1470,-0.47101762294769284,10.0,5.0,0.3520200848579407,-0.4813742756843567
DiscreteSAC,125,mid,471,1471,-0.43435128331184386,10.0,7.0,0.61920166015625,-0.8549365997314453
DiscreteSAC,125,mid,472,1472,-0.3436828762292862,10.0,6.0,0.1420326679944992,-0.8715642690658569
DiscreteSAC,125,mid,473,1473,-0.2582429051399231,10.0,5.0,0.6730039715766907,-1.1927609145641327
DiscreteSAC,125,mid,474,1474,-0.4521230697631836,10.0,5.0,0.796691358089447,-0.8754505336284637
DiscreteSAC,125,mid,475,1475,-0.14620030164718628,9.0,5.0,0.894267201423645,-0.8957559201452467
DiscreteSAC,125,mid,476,1476,-0.4828116297721863,10.0,3.0,0.8267852067947388,-0.9252310216426849
DiscreteSAC,125,mid,477,1477,-0.5608681485056878,10.0,4.0,0.22361265122890472,-0.9061671972274781
DiscreteSAC,125,mid,478,1478,-0.094229633808136,7.0,4.0,0.3832651674747467,-0.9222671048981803
DiscreteSAC,125,mid,479,1479,-0.3311251401901245,10.0,5.0,0.7226012349128723,-0.9326419711112977
DiscreteSAC,125,mid,480,1480,-0.09788714408874512,6.0,3.0,1.1331489086151123,-0.8989746471246084
DiscreteSAC,125,mid,481,1481,-0.6733137488365174,10.0,4.0,0.6412059664726257,-0.9302050113677979
DiscreteSAC,125,mid,482,1482,-0.09003609895706179,8.0,5.0,0.3607845604419708,-0.9162360802292824
DiscreteSAC,125,mid,483,1483,-0.5354796469211579,10.0,4.0,0.32146257162094116,-0.9428126811981201
DiscreteSAC,125,mid,484,1484,-0.5104670494794845,10.0,4.0,0.21087941527366638,-0.9255993485450744
DiscreteSAC,125,mid,485,1485,0.14934607028961183,2.0,2.0,0.6207976341247559,-0.952840268611908
DiscreteSAC,125,mid,486,1486,-0.3737990319728851,10.0,3.0,0.2959083020687103,-0.13440726995468139
DiscreteSAC,125,mid,487,1487,-0.054697883129119905,10.0,9.0,0.5297647714614868,-0.9008943915367127
DiscreteSAC,125,mid,488,1488,-0.05432242155075072,10.0,5.0,0.826414167881012,0.12661416530609132
DiscreteSAC,125,mid,489,1489,-0.46711618900299073,10.0,4.0,1.0096040964126587,-0.5812049865722656
DiscreteSAC,125,mid,490,1490,0.011157071590423562,10.0,5.0,0.5291051864624023,-1.2286659359931946
DiscreteSAC,125,mid,491,1491,-0.15704954147338868,8.0,5.0,0.6526631116867065,-0.9128947407007217
DiscreteSAC,125,mid,492,1492,-0.09403204917907716,10.0,5.0,1.2194088697433472,-0.8304036736488343
DiscreteSAC,125,mid,493,1493,-0.36257363557815553,10.0,4.0,0.7878848314285278,-0.9434665083885193
DiscreteSAC,125,mid,494,1494,-0.23513550758361818,10.0,4.0,0.761729896068573,-0.9944071769714355
DiscreteSAC,125,mid,495,1495,-0.019212377071380626,10.0,4.0,0.9059702754020691,-0.937116539478302
DiscreteSAC,125,mid,496,1496,-0.10841893672943113,7.0,4.0,0.7227845788002014,-0.9847062400409153
DiscreteSAC,125,mid,497,1497,-0.3592101573944092,10.0,5.0,0.6587855219841003,-0.9231728613376617
DiscreteSAC,125,mid,498,1498,-0.5361202478408814,10.0,4.0,0.48370498418807983,-0.9855025410652161
DiscreteSAC,125,mid,499,1499,-0.21993769407272343,10.0,4.0,0.6893233060836792,-1.2790898263454438
DiscreteSAC,125,mid,500,1500,-0.31271226406097413,10.0,4.0,1.0475943088531494,-1.184060698747635
DiscreteSAC,125,mid,501,1501,-0.46572714447975155,10.0,5.0,0.47760137915611267,-1.0022526562213898
DiscreteSAC,125,mid,502,1502,-0.2111488997936249,10.0,6.0,0.40426602959632874,5.775509062409401
DiscreteSAC,125,mid,503,1503,-0.5620459496974946,10.0,7.0,0.5715922117233276,4.719492542743683
DiscreteSAC,125,mid,504,1504,-0.264205002784729,10.0,5.0,0.6576114892959595,-0.9237933933734894
DiscreteSAC,125,mid,505,1505,-0.24082967042922976,10.0,5.0,0.8177334070205688,-0.8726339221000672
DiscreteSAC,125,mid,506,1506,-0.20733835697174074,10.0,5.0,0.8568086624145508,-1.255766999721527
DiscreteSAC,125,mid,507,1507,-0.32704077959060673,10.0,7.0,0.4691791832447052,-0.9694691359996795
DiscreteSAC,125,mid,508,1508,-0.6474605917930603,10.0,4.0,0.7985106110572815,-1.1697125554084777
DiscreteSAC,125,mid,509,1509,-0.42955365478992463,10.0,4.0,0.20972469449043274,-0.9436436891555786
DiscreteSAC,125,mid,510,1510,-0.40653141736984255,10.0,5.0,0.826147198677063,-0.9140465915203094
DiscreteSAC,125,mid,511,1511,-0.5862146139144898,10.0,4.0,0.26320528984069824,-1.153557801246643
DiscreteSAC,125,mid,512,1512,-0.31625649929046634,10.0,6.0,0.6760976910591125,-0.9043421149253845
DiscreteSAC,125,mid,513,1513,-0.32717988491058353,10.0,6.0,0.1751452535390854,-0.9531683683395386
DiscreteSAC,125,mid,514,1514,-0.3377400696277619,10.0,6.0,0.30304622650146484,-0.9889303147792816
DiscreteSAC,125,mid,515,1515,-0.49719316959381105,10.0,4.0,0.7788919806480408,-1.0700634360313415
DiscreteSAC,125,mid,516,1516,-0.1412946581840515,10.0,8.0,0.5859478712081909,1.9589780032634736
DiscreteSAC,125,mid,517,1517,-0.17352124452590945,10.0,5.0,0.6804805994033813,-0.292387455701828
DiscreteSAC,125,mid,518,1518,-0.40233591198921204,10.0,3.0,0.4028532803058624,-0.9214802801609039
DiscreteSAC,125,mid,519,1519,-0.42869343757629397,10.0,5.0,0.5890434384346008,-0.9954553663730621
DiscreteSAC,125,mid,520,1520,-0.274858033657074,10.0,6.0,0.632327675819397,-0.993123859167099
DiscreteSAC,125,mid,521,1521,-0.4447386980056763,10.0,4.0,0.7835212349891663,-0.9625317037105561
DiscreteSAC,125,mid,522,1522,-0.22390398979187015,10.0,6.0,0.9247196912765503,-0.981151670217514
DiscreteSAC,125,mid,523,1523,-0.5250832080841065,10.0,5.0,0.5867404341697693,-0.9901261806488038
DiscreteSAC,125,mid,524,1524,-0.26805549919605254,6.0,3.0,0.29264041781425476,-1.0008841653664906
DiscreteSAC,125,mid,525,1525,-0.3423859000205994,10.0,4.0,0.39677053689956665,-1.004672008752823
DiscreteSAC,125,mid,526,1526,-0.2888228416442871,10.0,4.0,0.5083569288253784,-1.1508730947971344
DiscreteSAC,125,mid,527,1527,-0.4506129384040833,10.0,6.0,0.4924370348453522,-0.9868389248847962
DiscreteSAC,125,mid,528,1528,-0.3887970924377442,10.0,2.0,0.5706453919410706,-0.9834982633590699
DiscreteSAC,125,mid,529,1529,-0.10324380278587338,8.0,5.0,0.18379800021648407,-1.042191781103611
DiscreteSAC,125,mid,530,1530,-0.3956313252449036,10.0,4.0,0.985474169254303,0.772582471370697
DiscreteSAC,125,mid,531,1531,-0.3773093044757843,10.0,4.0,0.3958253264427185,1.2010529935359955
DiscreteSAC,125,mid,532,1532,-0.524715280532837,10.0,6.0,0.8287726640701294,-0.9773159027099609
DiscreteSAC,125,mid,533,1533,-0.3079942584037781,10.0,4.0,0.4966338276863098,-1.023057472705841
DiscreteSAC,125,mid,534,1534,-0.22678953111171726,10.0,4.0,0.24953971803188324,-1.0230127274990082
DiscreteSAC,125,mid,535,1535,-0.0456268298625946,8.0,3.0,0.4886815845966339,-1.0747209340333939
DiscreteSAC,125,mid,536,1536,-0.3855195999145508,10.0,6.0,0.5765756964683533,3.5254128694534304
DiscreteSAC,125,mid,537,1537,-0.25059850037097925,7.0,4.0,0.2902800440788269,1.3948365790503365
DiscreteSAC,125,mid,538,1538,-0.5101261198520662,10.0,3.0,0.317824125289917,9.545354798436165
DiscreteSAC,125,mid,539,1539,-0.5456824541091919,10.0,5.0,1.1783608198165894,-0.8526388227939605
DiscreteSAC,125,mid,540,1540,-0.48547900915145875,10.0,4.0,0.9116597771644592,-0.5612828016281128
DiscreteSAC,125,mid,541,1541,-0.25446553230285646,10.0,4.0,1.112545132637024,-0.872066205739975
DiscreteSAC,125,mid,542,1542,-0.382331383228302,10.0,4.0,0.8266612887382507,1.4922348260879517
DiscreteSAC,125,mid,543,1543,-0.42197134494781496,10.0,5.0,0.1863788515329361,5.215593129396439
DiscreteSAC,125,mid,544,1544,-0.37931532859802247,10.0,4.0,1.1678928136825562,-0.9850503623485565
DiscreteSAC,125,mid,545,1545,-0.08813376426696781,10.0,4.0,0.7382196187973022,-1.0868622004985808
DiscreteSAC,125,mid,546,1546,-0.34874523878097535,10.0,4.0,0.9013347029685974,0.3292477369308472
DiscreteSAC,125,mid,547,1547,-0.2731371998786926,10.0,4.0,0.5116459131240845,-1.167417323589325
DiscreteSAC,125,mid,548,1548,-0.1285910451412201,9.0,6.0,0.47708648443222046,-1.1244774063428242
DiscreteSAC,125,mid,549,1549,-0.2950930714607239,10.0,4.0,0.668531060218811,-1.1226474523544312
DiscreteSAC,125,mid,550,1550,-0.47119305133819583,10.0,6.0,0.7089020609855652,-1.396136039495468
DiscreteSAC,125,mid,551,1551,-0.1607047986984253,7.0,5.0,0.41875556111335754,-1.3794331891196114
DiscreteSAC,125,mid,552,1552,-0.5794489473104478,10.0,5.0,0.34962743520736694,0.5334034025669098
DiscreteSAC,125,mid,553,1553,-0.3237358570098877,10.0,5.0,0.6209456324577332,-0.8596167922019958
DiscreteSAC,125,mid,554,1554,-0.06570656299591068,10.0,4.0,0.8092812299728394,-1.2793901979923248
DiscreteSAC,125,mid,555,1555,-0.6403991997241976,10.0,4.0,0.47665220499038696,-0.9635224282741547
DiscreteSAC,125,mid,556,1556,-0.4622719526290894,10.0,5.0,0.617082953453064,-0.9664752840995788
DiscreteSAC,125,mid,557,1557,-0.5418418169021606,10.0,4.0,0.6855307221412659,-0.721284145116806
DiscreteSAC,125,mid,558,1558,-0.5454737186431886,10.0,5.0,0.7083760499954224,-1.0302321672439576
DiscreteSAC,125,mid,559,1559,-0.6028143167495729,10.0,3.0,0.2876955568790436,-0.8641348421573639
DiscreteSAC,125,mid,560,1560,-0.39211167097091676,10.0,4.0,0.7500227689743042,-1.0081830501556397
DiscreteSAC,125,mid,561,1561,-0.23014284372329713,10.0,4.0,0.8385655283927917,-1.2458402037620544
DiscreteSAC,125,mid,562,1562,-0.22213442325592042,10.0,4.0,0.5875574350357056,0.22253597974777223
DiscreteSAC,125,mid,563,1563,-0.41829381585121156,10.0,4.0,0.21064744889736176,-0.9943279564380646
DiscreteSAC,125,mid,564,1564,-0.11515709161758425,10.0,5.0,0.6973256468772888,74.08012303709984
DiscreteSAC,125,mid,565,1565,-0.30773617029190065,10.0,4.0,0.6324321031570435,-0.9423186779022217
DiscreteSAC,125,mid,566,1566,-0.2679557859897614,10.0,6.0,0.4971952736377716,-0.9683522462844849
DiscreteSAC,125,mid,567,1567,-0.5810075640678405,10.0,5.0,0.6008309125900269,-0.9589107871055603
DiscreteSAC,125,mid,568,1568,-0.4874475419521332,10.0,4.0,0.24588988721370697,-0.9458634972572326
DiscreteSAC,125,mid,569,1569,-0.22669949173927306,9.0,4.0,0.4203820824623108,-1.0059588154157002
DiscreteSAC,125,mid,570,1570,-0.2568319174647331,8.0,3.0,0.09565536677837372,9.780300587415695
DiscreteSAC,125,mid,571,1571,-0.42609781920909884,10.0,5.0,0.27550265192985535,-1.056883656978607
DiscreteSAC,125,mid,572,1572,0.05945928573608399,2.0,2.0,0.8866524696350098,-1.023800015449524
DiscreteSAC,125,mid,573,1573,-0.1718415594100952,6.0,4.0,1.0309432744979858,-0.9328089753786722
DiscreteSAC,125,mid,574,1574,-0.5527334809303285,10.0,3.0,0.4125611484050751,6.2968159198760985
DiscreteSAC,125,mid,575,1575,-0.16988794803619384,10.0,4.0,0.5121429562568665,-0.9441069543361664
DiscreteSAC,125,mid,576,1576,-0.10553313016891479,7.0,5.0,0.43582281470298767,12.885841126952853
DiscreteSAC,125,mid,577,1577,-0.3545249134302139,10.0,4.0,0.2792053818702698,-0.8059633612632752
DiscreteSAC,125,mid,578,1578,-0.3494054913520813,10.0,5.0,0.7598540186882019,-0.8037717401981354
DiscreteSAC,125,mid,579,1579,-0.3089130759239197,10.0,5.0,0.8632799386978149,-0.9511722385883331
DiscreteSAC,125,mid,580,1580,-0.38172277212142947,10.0,5.0,0.8326429724693298,-0.5729526042938232
DiscreteSAC,125,mid,581,1581,-0.5399749100208282,10.0,4.0,0.5816797614097595,0.3328437268733978
DiscreteSAC,125,mid,582,1582,-0.39107048511505127,10.0,3.0,1.0492719411849976,1.417973232269287
DiscreteSAC,125,mid,583,1583,-0.5267152905464173,10.0,4.0,0.16184423863887787,-0.9484806001186371
DiscreteSAC,125,mid,584,1584,-0.6905818045139314,10.0,6.0,0.5935494303703308,-0.9722556412220001
DiscreteSAC,125,mid,585,1585,-0.3699289083480835,10.0,4.0,0.9376392364501953,-1.1498108327388763
DiscreteSAC,125,mid,586,1586,-0.2531361222267151,10.0,5.0,0.9591004252433777,-0.9594970524311066
DiscreteSAC,125,mid,587,1587,-0.32785030603408816,10.0,5.0,0.5014687776565552,-0.6312268674373627
DiscreteSAC,125,mid,588,1588,-0.43566597104072574,10.0,6.0,0.46479278802871704,-0.9608920872211456
DiscreteSAC,125,mid,589,1589,-0.513223421573639,10.0,4.0,0.7198243737220764,-0.9965846717357636
DiscreteSAC,125,mid,590,1590,-0.09652630090713503,10.0,6.0,0.4584331512451172,-0.9586917757987976
DiscreteSAC,125,mid,591,1591,-0.32079845666885376,10.0,3.0,0.403991162776947,-0.1536001145839691
DiscreteSAC,125,mid,592,1592,-0.09580858945846563,10.0,5.0,0.7375851273536682,-1.45420583486557
DiscreteSAC,125,mid,593,1593,-0.37229348421096803,10.0,4.0,0.9476129412651062,-1.0226576626300812
DiscreteSAC,125,mid,594,1594,-0.3002345681190491,10.0,4.0,0.5351411700248718,-1.1434801161289214
DiscreteSAC,125,mid,595,1595,-0.3730823159217835,10.0,6.0,0.5950236320495605,4.93006746172905
DiscreteSAC,125,mid,596,1596,-0.2693599224090576,10.0,6.0,0.5726713538169861,-0.8583106219768524
DiscreteSAC,125,mid,597,1597,-0.1374379754066467,10.0,6.0,0.5146331787109375,-0.9387844026088714
DiscreteSAC,125,mid,598,1598,-0.37755699157714845,10.0,4.0,0.5445454716682434,-0.8710759997367858
DiscreteSAC,125,mid,599,1599,-0.17285343408584597,10.0,5.0,0.6417767405509949,-1.0119565963745116
DiscreteSAC,125,mid,600,1600,-0.44702522158622743,10.0,4.0,0.4283980429172516,-0.9645165503025055
DiscreteSAC,125,mid,601,1601,-0.41277157515287405,10.0,5.0,0.25194525718688965,-1.0180043399333953
DiscreteSAC,125,mid,602,1602,-0.1532309478521347,6.0,4.0,0.33204886317253113,-1.0443678796291351
DiscreteSAC,125,mid,603,1603,0.18878558635711667,9.0,7.0,0.6597240567207336,-0.9478536049524943
DiscreteSAC,125,mid,604,1604,-0.5360546976327897,10.0,4.0,0.24367807805538177,-1.2853630006313324
DiscreteSAC,125,mid,605,1605,-0.24659554660320282,10.0,5.0,0.20550024509429932,-1.2050742268562318
DiscreteSAC,125,mid,606,1606,-0.35015355348587035,10.0,4.0,0.7078275084495544,-0.693892878293991
DiscreteSAC,125,mid,607,1607,0.04021085262298582,9.0,4.0,0.6555867791175842,0.4608236617512173
DiscreteSAC,125,mid,608,1608,-0.46034550070762636,10.0,5.0,0.42117395997047424,-1.0552530169487
DiscreteSAC,125,mid,609,1609,-0.43388661444187165,10.0,4.0,0.15788641571998596,-1.350386393070221
DiscreteSAC,125,mid,610,1610,-0.21140189170837403,10.0,4.0,0.6679266095161438,-1.2349552512168884
DiscreteSAC,125,mid,611,1611,-0.26874622106552126,10.0,5.0,0.6282457113265991,-1.0854660272598267
DiscreteSAC,125,mid,612,1612,-0.39433858394622806,10.0,6.0,1.0928436517715454,-1.2239932477474214
DiscreteSAC,125,mid,613,1613,-0.006512653827667261,10.0,4.0,0.6440268158912659,-0.11309484243392945
DiscreteSAC,125,mid,614,1614,-0.49276342391967776,10.0,5.0,0.5629706978797913,-1.191915464401245
DiscreteSAC,125,mid,615,1615,-0.5179059028625488,10.0,4.0,0.6596068143844604,-1.0823149383068085
DiscreteSAC,125,mid,616,1616,-0.3199430346488953,10.0,5.0,0.6327551007270813,-1.1168280839920044
DiscreteSAC,125,mid,617,1617,-0.19851855516433714,8.0,3.0,0.5999282002449036,-1.0266944020986557
DiscreteSAC,125,mid,618,1618,-0.4757130265235901,10.0,4.0,0.47372967004776,-1.431468653678894
DiscreteSAC,125,mid,619,1619,-0.3161814391613007,10.0,7.0,0.3306765556335449,-1.3078790426254272
DiscreteSAC,125,mid,620,1620,-0.2768554735183716,8.0,5.0,0.6542794108390808,-1.0323225483298302
DiscreteSAC,125,mid,621,1621,-0.2256867051124573,10.0,6.0,0.6760932207107544,-1.0631922423839568
DiscreteSAC,125,mid,622,1622,-0.21499574422836304,9.0,5.0,0.8236843347549438,-1.0591958430078294
DiscreteSAC,125,mid,623,1623,-0.42947410941123965,10.0,5.0,0.44828489422798157,-1.0466939508914948
DiscreteSAC,125,mid,624,1624,-0.3401262879371643,10.0,4.0,0.5118370652198792,-1.4635194063186645
DiscreteSAC,125,mid,625,1625,-0.2904885768890381,10.0,6.0,0.754306972026825,-1.436838400363922
DiscreteSAC,125,mid,626,1626,-0.23161044120788576,10.0,5.0,0.5682114958763123,-1.6868771314620972
DiscreteSAC,125,mid,627,1627,-0.24767459034919737,10.0,6.0,0.3338436782360077,2.176073706150055
DiscreteSAC,125,mid,628,1628,-0.14945867300033572,9.0,7.0,0.22203664481639862,-0.992242713769277
DiscreteSAC,125,mid,629,1629,-0.2921745300292969,10.0,4.0,0.5167649984359741,-1.184139895439148
DiscreteSAC,125,mid,630,1630,-0.05784225463867189,10.0,5.0,0.7093032002449036,-1.1177367329597474
DiscreteSAC,125,mid,631,1631,-0.386099112033844,10.0,4.0,0.608249306678772,3.1592259824275972
DiscreteSAC,125,mid,632,1632,-0.2671301007270813,10.0,5.0,0.5430887341499329,-1.0137265264987945
DiscreteSAC,125,mid,633,1633,-0.4794376015663147,10.0,4.0,0.8464171290397644,-0.9585681259632111
DiscreteSAC,125,mid,634,1634,-0.43120235502719884,10.0,7.0,0.3577822148799896,-1.1578063786029815
DiscreteSAC,125,mid,635,1635,-0.222336483001709,10.0,4.0,0.5713261961936951,-1.076152318716049
DiscreteSAC,125,mid,636,1636,-0.4730184569954872,10.0,4.0,0.10667645186185837,-1.0233161568641662
DiscreteSAC,125,mid,637,1637,-0.36875985860824584,10.0,7.0,0.7831009030342102,-1.0663789570331574
DiscreteSAC,125,mid,638,1638,-0.4121614933013916,10.0,5.0,0.5879348516464233,-1.180732387304306
DiscreteSAC,125,mid,639,1639,-0.2801401138305665,10.0,4.0,0.6689535975456238,-1.2875921249389648
DiscreteSAC,125,mid,640,1640,-0.07400214195251466,7.0,4.0,0.5227685570716858,-1.4273327929633004
DiscreteSAC,125,mid,641,1641,-0.5139998316764832,10.0,4.0,0.6428313255310059,-1.0898471534252168
DiscreteSAC,125,mid,642,1642,-0.5454473048448563,10.0,3.0,0.1492152363061905,-1.0986004710197448
DiscreteSAC,125,mid,643,1643,-0.28174208402633666,10.0,4.0,0.6403340101242065,-1.0961281895637511
DiscreteSAC,125,mid,644,1644,-0.46376885175704957,10.0,4.0,0.3091924488544464,-1.0979106545448303
DiscreteSAC,125,mid,645,1645,-0.4543708682060242,10.0,4.0,0.5882869958877563,-1.0803436279296874
DiscreteSAC,125,mid,646,1646,-0.0731239891052246,6.0,4.0,0.843963086605072,3.071283519268036
DiscreteSAC,125,mid,647,1647,-0.0757783889770508,10.0,5.0,0.5940302014350891,-1.044603592157364
DiscreteSAC,125,mid,648,1648,0.1691063117980957,8.0,4.0,0.8168858289718628,-0.9820975735783577
DiscreteSAC,125,mid,649,1649,0.05774762630462646,10.0,8.0,0.7289423942565918,-1.048051941394806
DiscreteSAC,125,mid,650,1650,-0.537637335062027,10.0,4.0,0.4266694188117981,-1.2129682719707489
DiscreteSAC,125,mid,651,1651,-0.4332325398921967,10.0,5.0,0.28858211636543274,-1.3502806007862092
DiscreteSAC,125,mid,652,1652,-0.39867597818374634,10.0,3.0,0.4829288125038147,-1.0986932635307312
DiscreteSAC,125,mid,653,1653,-0.4242446541786194,10.0,4.0,0.3179446756839752,-1.4362314999103547
DiscreteSAC,125,mid,654,1654,-0.2726218485832214,9.0,3.0,0.6919717788696289,-1.3683931562635634
DiscreteSAC,125,mid,655,1655,-0.16857832193374633,7.0,4.0,0.21012453734874725,-1.778151001249041
DiscreteSAC,125,mid,656,1656,-0.5514834344387055,10.0,4.0,0.23294050991535187,1.0145331978797913
DiscreteSAC,125,mid,657,1657,-0.5236103594303132,10.0,6.0,0.4664132297039032,0.26828762888908386
DiscreteSAC,125,mid,658,1658,-0.5494591712951661,10.0,4.0,0.31958964467048645,-1.0780538737773895
DiscreteSAC,125,mid,659,1659,-0.2937600040435791,9.0,5.0,0.41243210434913635,-0.7359231975343492
DiscreteSAC,125,mid,660,1660,-0.43038790524005893,10.0,6.0,0.21037352085113525,-1.1468897581100463
DiscreteSAC,125,mid,661,1661,-0.05041949152946472,10.0,6.0,0.30942824482917786,-1.0861112475395203
DiscreteSAC,125,mid,662,1662,-0.5174368560314179,10.0,5.0,0.310618132352829,-1.1155295491218566
DiscreteSAC,125,mid,663,1663,-0.09082941293716433,8.0,3.0,0.7079158425331116,1.0162909850478172
DiscreteSAC,125,mid,664,1664,-0.2648297190666199,10.0,5.0,0.8387266993522644,-1.10550537109375
DiscreteSAC,125,mid,665,1665,-0.04843454837799073,8.0,4.0,0.7575212121009827,-1.0794678702950478
DiscreteSAC,125,mid,666,1666,-0.47337396144866944,10.0,4.0,0.563679575920105,104.17756243050098
DiscreteSAC,125,mid,667,1667,-0.5234926700592042,10.0,6.0,0.49812108278274536,-0.8269306361675263
DiscreteSAC,125,mid,668,1668,-0.3530689597129822,10.0,4.0,0.9212300181388855,30.942842298746108
DiscreteSAC,125,mid,669,1669,-0.31768963336944583,10.0,6.0,0.5117211937904358,-0.819158536195755
DiscreteSAC,125,mid,670,1670,-0.4662464424967766,10.0,5.0,0.18533609807491302,28.25254760980606
DiscreteSAC,125,mid,671,1671,-0.40475386977195743,10.0,6.0,0.34102997183799744,45.853612053394315
DiscreteSAC,125,mid,672,1672,-0.06870592832565312,10.0,4.0,0.8313639760017395,48.46620877981186
DiscreteSAC,125,mid,673,1673,-0.1558865356445312,8.0,5.0,0.7675060033798218,-1.0617290064692497
DiscreteSAC,125,mid,674,1674,-0.1482755482196808,10.0,5.0,0.431018203496933,6.928258147835732
DiscreteSAC,125,mid,675,1675,-0.31335718035697935,10.0,6.0,0.4333905875682831,-0.666849073767662
DiscreteSAC,125,mid,676,1676,-0.40422130823135377,10.0,4.0,0.8739500045776367,-0.7025966763496398
DiscreteSAC,125,mid,677,1677,-0.17697489857673646,10.0,6.0,0.41730788350105286,-0.13682854175567627
DiscreteSAC,125,mid,678,1678,-0.5863041996955872,10.0,4.0,0.517811119556427,-0.1307919442653656
DiscreteSAC,125,mid,679,1679,-0.5515002965927124,10.0,6.0,0.5289015173912048,-0.7410396575927735
DiscreteSAC,125,mid,680,1680,-0.0723638391494751,6.0,3.0,0.31940001249313354,-0.7813215355078379
DiscreteSAC,125,mid,681,1681,-0.1639126145839691,9.0,4.0,0.4241795241832733,51.40735446082221
DiscreteSAC,125,mid,682,1682,-0.18458985090255736,5.0,3.0,0.5230896472930908,-0.56098792552948
DiscreteSAC,125,mid,683,1683,-0.3388980984687805,10.0,6.0,0.6436974406242371,-0.8161249339580536
DiscreteSAC,125,mid,684,1684,-0.4561929225921631,10.0,4.0,0.7507091760635376,-0.650646322965622
DiscreteSAC,125,mid,685,1685,-0.3509425163269043,10.0,5.0,0.6945405602455139,29.123504251241684
DiscreteSAC,125,mid,686,1686,-0.0024774599075317455,8.0,4.0,0.5633358359336853,-0.7366231679916382
DiscreteSAC,125,mid,687,1687,-0.29761768579483033,10.0,4.0,0.9130701422691345,-0.7081900119781495
DiscreteSAC,125,mid,688,1688,-0.3437726438045502,10.0,5.0,0.408310204744339,-0.2652557909488678
DiscreteSAC,125,mid,689,1689,-0.04509514570236205,5.0,4.0,0.129701629281044,-0.7752122998237609
DiscreteSAC,125,mid,690,1690,-0.16215322494506834,8.0,3.0,0.8833984136581421,-0.7202404737472534
DiscreteSAC,125,mid,691,1691,-0.24818460464477538,7.0,3.0,0.9170789122581482,-0.7880727648735046
DiscreteSAC,125,mid,692,1692,-0.14405006647109986,8.0,5.0,0.8188905119895935,-0.7387431114912033
DiscreteSAC,125,mid,693,1693,-0.20980393886566162,10.0,5.0,0.7071771025657654,8.164651405811309
DiscreteSAC,125,mid,694,1694,-0.49157354831695554,10.0,6.0,0.9382703900337219,-0.7212156176567077
DiscreteSAC,125,mid,695,1695,-0.18921802997589104,6.0,3.0,0.5857056379318237,-0.7568257649739584
DiscreteSAC,125,mid,696,1696,-0.44828500747680666,10.0,5.0,0.3608875274658203,-1.0007579624652863
DiscreteSAC,125,mid,697,1697,-0.31346883773803713,10.0,5.0,0.7016290426254272,-0.7676043927669525
DiscreteSAC,125,mid,698,1698,-0.16684964895248416,10.0,6.0,0.6586900353431702,0.9979670584201813
DiscreteSAC,125,mid,699,1699,-0.10202992200851439,9.0,5.0,0.5046741962432861,-0.8015272749794854
DiscreteSAC,125,mid,700,1700,-0.307815682888031,10.0,6.0,0.2869901955127716,-0.7802739560604095
DiscreteSAC,125,mid,701,1701,-0.3939850747585297,10.0,4.0,0.2631296217441559,-1.013368344306946
DiscreteSAC,125,mid,702,1702,-0.5383059024810791,10.0,5.0,0.7163566946983337,-0.7915858328342438
DiscreteSAC,125,mid,703,1703,-0.46981855630874636,10.0,5.0,0.32306036353111267,0.635243809223175
DiscreteSAC,125,mid,704,1704,-0.1631403207778931,10.0,5.0,1.0965864658355713,1.2113534212112427
DiscreteSAC,125,mid,705,1705,-0.05668830394744874,7.0,4.0,0.8289484977722168,-0.80353901215962
DiscreteSAC,125,mid,706,1706,-0.36453087329864503,10.0,4.0,0.6160630583763123,-0.8097037255764008
DiscreteSAC,125,mid,707,1707,0.15154938697814943,5.0,5.0,0.9981069564819336,-0.8388090014457703
DiscreteSAC,125,mid,708,1708,0.0718865370750427,9.0,5.0,0.7100824117660522,-0.8163111474778917
DiscreteSAC,125,mid,709,1709,-0.19682264566421503,9.0,5.0,0.7370715141296387,-0.7943020860354105
DiscreteSAC,125,mid,710,1710,-0.46162298917770384,10.0,6.0,0.8327165842056274,-0.8273123145103455
DiscreteSAC,125,mid,711,1711,-0.17455247640609745,10.0,6.0,0.5718029737472534,-0.7981333136558533
DiscreteSAC,125,mid,712,1712,-0.3050773084163666,10.0,7.0,0.6115838289260864,-0.836228221654892
DiscreteSAC,125,mid,713,1713,-0.35569007396697994,10.0,4.0,0.6605405807495117,5.936963343620301
DiscreteSAC,125,mid,714,1714,-0.1655124068260193,10.0,7.0,0.6013913750648499,-0.6490702688694
DiscreteSAC,125,mid,715,1715,-0.04259602785110474,6.0,3.0,0.7810336351394653,1.3274773160616558
DiscreteSAC,125,mid,716,1716,-0.5265938758850098,10.0,4.0,0.9722991585731506,-0.8560977816581726
DiscreteSAC,125,mid,717,1717,-0.3719530344009399,10.0,5.0,0.6402446031570435,1.0810181021690368
DiscreteSAC,125,mid,718,1718,-0.5355555951595307,10.0,5.0,0.4701177179813385,-0.7853252112865448
DiscreteSAC,125,mid,719,1719,-0.4137068033218384,10.0,5.0,0.4493506848812103,0.7852583050727844
DiscreteSAC,125,mid,720,1720,-0.3263599991798401,10.0,4.0,0.841081976890564,-0.8416242659091949
DiscreteSAC,125,mid,721,1721,-0.31888134479522706,10.0,4.0,0.9400800466537476,-0.8589907050132751
DiscreteSAC,125,mid,722,1722,-0.30290795564651485,10.0,4.0,0.7509263753890991,-0.85698903799057
DiscreteSAC,125,mid,723,1723,-0.5752546727657318,10.0,5.0,0.6557473540306091,-0.8912906765937805
DiscreteSAC,125,mid,724,1724,-0.1257253932952881,8.0,5.0,0.8804367780685425,-0.8651125878095627
DiscreteSAC,125,mid,725,1725,-0.30530768632888794,10.0,5.0,0.2236277312040329,2.53645606637001
DiscreteSAC,125,mid,726,1726,-0.1936694085597992,10.0,5.0,0.256620317697525,-0.8793991088867188
DiscreteSAC,125,mid,727,1727,-0.3102743148803711,10.0,4.0,0.5958505868911743,-0.850151664018631
DiscreteSAC,125,mid,728,1728,-0.014458169937133766,4.0,3.0,0.39998698234558105,-0.9001574665307999
DiscreteSAC,125,mid,729,1729,-0.3365185379981995,10.0,4.0,0.543369710445404,-0.8711251735687255
DiscreteSAC,125,mid,730,1730,-0.593581223487854,10.0,5.0,0.7173648476600647,-0.9079422175884246
DiscreteSAC,125,mid,731,1731,-0.6375660002231599,10.0,3.0,0.30499380826950073,-0.8849954009056091
DiscreteSAC,125,mid,732,1732,-0.1787068367004395,10.0,4.0,0.712595522403717,37.88427754640579
DiscreteSAC,125,mid,733,1733,-0.19469435334205626,7.0,3.0,0.2279595136642456,-1.1122608610561915
DiscreteSAC,125,mid,734,1734,-0.3568442702293396,10.0,5.0,0.5619951486587524,-0.8655837535858154
DiscreteSAC,125,mid,735,1735,-0.19531763792037965,10.0,4.0,0.48648905754089355,-0.8471740067005158
DiscreteSAC,125,mid,736,1736,0.06644708156585694,6.0,4.0,0.7342690825462341,-0.8965150813261668
DiscreteSAC,125,mid,737,1737,-0.1884149789810181,10.0,7.0,0.8222188949584961,0.07324295043945313
DiscreteSAC,125,mid,738,1738,-0.21134117841720584,10.0,6.0,0.6466824412345886,-0.918834674358368
DiscreteSAC,125,mid,739,1739,-0.3435726761817932,10.0,3.0,0.8928038477897644,3.0360765755176544
DiscreteSAC,125,mid,740,1740,-0.1533009767532349,10.0,6.0,0.8310121297836304,-0.9951502323150635
DiscreteSAC,125,mid,741,1741,-0.5491629362106324,10.0,4.0,0.6880136132240295,0.0177648663520813
DiscreteSAC,125,mid,742,1742,-0.09708200693130498,10.0,7.0,0.7557621598243713,-0.9402471065521241
DiscreteSAC,125,mid,743,1743,-0.5014747589826584,10.0,6.0,0.3052293360233307,-0.5382516920566559
DiscreteSAC,125,mid,744,1744,-0.3823187410831452,10.0,6.0,0.24481546878814697,-0.9517208397388458
DiscreteSAC,125,mid,745,1745,-0.3177743792533874,10.0,5.0,0.4421272873878479,-1.0502046823501587
DiscreteSAC,125,mid,746,1746,-0.44916250705718996,10.0,5.0,0.3093649446964264,0.5097181081771851
DiscreteSAC,125,mid,747,1747,-0.46559139490127566,10.0,5.0,0.6150074005126953,-0.9200746774673462
DiscreteSAC,125,mid,748,1748,-0.04568975925445555,6.0,4.0,0.47179800271987915,-1.1775076289971669
DiscreteSAC,125,mid,749,1749,-0.34133834481239317,9.0,3.0,0.22866155207157135,-1.4288111925125122
DiscreteSAC,125,mid,750,1750,-0.252729012966156,9.0,6.0,0.7063755989074707,41.532689021693336
DiscreteSAC,125,mid,751,1751,-0.3376303553581238,10.0,5.0,0.8769558668136597,-0.9147312819957734
DiscreteSAC,125,mid,752,1752,-0.21763570308685304,10.0,6.0,0.37289413809776306,2.274373722076416
DiscreteSAC,125,mid,753,1753,-0.024438428878784182,10.0,4.0,0.6107619404792786,-0.9021798551082612
DiscreteSAC,125,mid,754,1754,0.0018651485443115373,5.0,4.0,0.753318727016449,0.4444170117378235
DiscreteSAC,125,mid,755,1755,-0.2980639696121216,10.0,6.0,0.6456938982009888,-0.9408686697483063
DiscreteSAC,125,mid,756,1756,-0.023585289716720567,5.0,4.0,0.34914258122444153,-0.9338639259338379
DiscreteSAC,125,mid,757,1757,-0.2866597414016724,10.0,5.0,1.0737041234970093,-0.7629017770290375
DiscreteSAC,125,mid,758,1758,-0.5189994215965271,10.0,5.0,0.658879280090332,-0.9474949598312378
DiscreteSAC,125,mid,759,1759,-0.6059647336602211,10.0,6.0,0.36147642135620117,-0.9642609596252442
DiscreteSAC,125,mid,760,1760,-0.2823363780975342,10.0,5.0,0.8200939297676086,-1.0411552846431733
DiscreteSAC,125,mid,761,1761,-0.5789553791284562,10.0,4.0,0.3082110285758972,32.37472995519638
DiscreteSAC,125,mid,762,1762,-0.32574719190597534,10.0,3.0,0.7837463021278381,-0.9920482814311982
DiscreteSAC,125,mid,763,1763,-0.5145138084888459,10.0,7.0,0.562704861164093,-0.9318130195140839
DiscreteSAC,125,mid,764,1764,-0.17738150119781493,6.0,3.0,0.8864136934280396,1.2488988439242046
DiscreteSAC,125,mid,765,1765,-0.3296404182910919,10.0,5.0,0.4201391637325287,-0.9219897329807282
DiscreteSAC,125,mid,766,1766,-0.497771680355072,10.0,3.0,0.7642276883125305,-0.14328388571739198
DiscreteSAC,125,mid,767,1767,-0.38907123208045963,10.0,6.0,0.4582583010196686,-0.6093657195568085
DiscreteSAC,125,mid,768,1768,-0.7185105800628664,10.0,4.0,0.664287269115448,-0.9925220847129822
DiscreteSAC,125,mid,769,1769,-0.250706160068512,10.0,5.0,0.7651462554931641,-0.9607483327388764
DiscreteSAC,125,mid,770,1770,-0.41815885305404665,10.0,5.0,0.6522015333175659,4.640372955799103
DiscreteSAC,125,mid,771,1771,-0.36235755681991577,10.0,3.0,0.39652538299560547,-1.0526566565036775
DiscreteSAC,125,mid,772,1772,-0.5794242441654206,10.0,4.0,0.3114139437675476,-1.0008674025535584
DiscreteSAC,125,mid,773,1773,-0.5234899938106538,10.0,4.0,0.3394986689090729,-1.0000060021877288
DiscreteSAC,125,mid,774,1774,-0.28036227226257326,10.0,5.0,0.581673264503479,-0.9789918959140778
DiscreteSAC,125,mid,775,1775,-0.6302037954330445,10.0,4.0,0.5448784232139587,-1.102605551481247
DiscreteSAC,125,mid,776,1776,-0.5964323997497559,10.0,4.0,0.48824018239974976,-0.9645467698574066
DiscreteSAC,125,mid,777,1777,-0.34775811433792114,10.0,3.0,0.6779870986938477,-1.0101951956748962
DiscreteSAC,125,mid,778,1778,-0.267214834690094,10.0,5.0,0.9415965676307678,-1.0204146385192872
DiscreteSAC,125,mid,779,1779,-0.745910316705704,10.0,3.0,0.4611232876777649,-0.3968648433685303
DiscreteSAC,125,mid,780,1780,-0.2517768502235413,10.0,6.0,0.6644718050956726,3.503195959329605
DiscreteSAC,125,mid,781,1781,-0.3240562558174134,10.0,7.0,0.25429028272628784,-0.13390328288078307
DiscreteSAC,125,mid,782,1782,-0.29964466094970704,10.0,4.0,0.5495687127113342,-1.1371777176856994
DiscreteSAC,125,mid,783,1783,-0.14287214875221252,10.0,5.0,0.4598005712032318,-0.8690361142158508
DiscreteSAC,125,mid,784,1784,-0.6675092577934266,10.0,3.0,0.7820983529090881,-1.0073716402053834
DiscreteSAC,125,mid,785,1785,-0.19668374061584476,10.0,6.0,0.7430259585380554,-1.0388011574745177
DiscreteSAC,125,mid,786,1786,0.31074819803237913,6.0,6.0,0.96185702085495,-1.0403380195299785
DiscreteSAC,125,mid,787,1787,-0.4614021420478821,10.0,5.0,0.5406287908554077,-1.057541275024414
DiscreteSAC,125,mid,788,1788,-0.47228158414363863,10.0,5.0,0.2348073273897171,-1.1740620017051697
DiscreteSAC,125,mid,789,1789,-0.5393467247486115,10.0,3.0,0.33287855982780457,3.073997050523758
DiscreteSAC,125,mid,790,1790,-0.31244286298751833,10.0,5.0,0.846344530582428,42.98482095897198
DiscreteSAC,125,mid,791,1791,-0.3330737590789795,10.0,5.0,0.18839505314826965,-0.9268500983715058
DiscreteSAC,125,mid,792,1792,-0.4229035496711731,10.0,4.0,0.5854626893997192,-0.9874175369739533
DiscreteSAC,125,mid,793,1793,-0.4633515238761902,10.0,6.0,0.953743040561676,-0.9962918877601623
DiscreteSAC,125,mid,794,1794,-0.12926477432250977,9.0,5.0,0.6502822041511536,33.86954630745782
DiscreteSAC,125,mid,795,1795,-0.6019493758678436,10.0,4.0,0.5474967360496521,-0.9241774559020997
DiscreteSAC,125,mid,796,1796,-0.37262791991233823,10.0,6.0,0.4476441740989685,-0.9310870587825775
DiscreteSAC,125,mid,797,1797,-0.17507978558540344,8.0,4.0,0.4609707295894623,4.30389130115509
DiscreteSAC,125,mid,798,1798,-0.24730273485183715,10.0,5.0,0.6789226531982422,-1.2562799990177154
DiscreteSAC,125,mid,799,1799,-0.24599722266197205,9.0,5.0,0.4595673978328705,26.121331612269085
DiscreteSAC,125,mid,800,1800,-0.5070512413978577,10.0,4.0,0.6053082346916199,3.8894036412239075
DiscreteSAC,125,mid,801,1801,-0.24994047880172732,10.0,5.0,0.5380253791809082,6.165889656543731
DiscreteSAC,125,mid,802,1802,-0.5554430425167084,10.0,5.0,0.4910982549190521,-1.0079474747180939
DiscreteSAC,125,mid,803,1803,-0.20180861234664915,8.0,3.0,0.7920608520507812,-1.0512755811214447
DiscreteSAC,125,mid,804,1804,-0.41826643943786623,10.0,5.0,0.595310389995575,-0.9991641819477082
DiscreteSAC,125,mid,805,1805,-0.3404795289039612,10.0,6.0,0.9673478007316589,-1.0385465145111084
DiscreteSAC,125,mid,806,1806,-0.36314845085144043,10.0,8.0,0.7878454923629761,-1.0659043073654175
DiscreteSAC,125,mid,807,1807,-0.36792875528335567,10.0,4.0,0.7244436144828796,-1.0550154089927672
DiscreteSAC,125,mid,808,1808,-0.11852209568023683,10.0,7.0,0.4812178611755371,-1.035360050201416
DiscreteSAC,125,mid,809,1809,-0.4010730504989624,10.0,4.0,0.7142705917358398,-1.043582683801651
DiscreteSAC,125,mid,810,1810,-0.3758295297622681,10.0,4.0,1.0805708169937134,1.0251434803009034
DiscreteSAC,125,mid,811,1811,-0.6178526222705842,10.0,5.0,0.5933994650840759,-1.0330029487609864
DiscreteSAC,125,mid,812,1812,-0.24643849074840546,9.0,5.0,0.23330415785312653,0.413019855817159
DiscreteSAC,125,mid,813,1813,-0.5512768000364304,10.0,4.0,0.16302548348903656,-1.2159909188747406
DiscreteSAC,125,mid,814,1814,-0.4500501394271851,10.0,5.0,0.1522466391324997,-1.0248735308647157
DiscreteSAC,125,mid,815,1815,-0.4674462676048279,10.0,3.0,0.6700873970985413,-1.0717492818832397
DiscreteSAC,125,mid,816,1816,-0.09254077792167666,7.0,5.0,0.3983110785484314,-1.0313950521605355
DiscreteSAC,125,mid,817,1817,-0.585098711401224,10.0,5.0,0.24229088425636292,-1.0741716384887696
DiscreteSAC,125,mid,818,1818,-0.3177408814430237,10.0,5.0,0.9509854912757874,-1.081356942653656
DiscreteSAC,125,mid,819,1819,-0.2709777593612671,10.0,5.0,0.6131035685539246,-0.618057131767273
DiscreteSAC,125,mid,820,1820,-0.5353571295738221,10.0,4.0,0.6128463745117188,-1.0434281051158905
DiscreteSAC,125,mid,821,1821,-0.5135178238153458,10.0,4.0,0.3051527440547943,-0.5884875893592835
DiscreteSAC,125,mid,822,1822,-0.3790637969970703,10.0,4.0,1.0122922658920288,-1.0700741827487945
DiscreteSAC,125,mid,823,1823,-0.2381282687187195,10.0,5.0,0.9439745545387268,2.143937647342682
DiscreteSAC,125,mid,824,1824,-0.2224124312400818,10.0,5.0,0.6329512596130371,3.7082584261894227
DiscreteSAC,125,mid,825,1825,-0.5850907742977145,10.0,7.0,0.4864311218261719,-1.0414164662361145
DiscreteSAC,125,mid,826,1826,-0.31113477945327755,10.0,5.0,0.9178152680397034,-1.1756989359855652
DiscreteSAC,125,mid,827,1827,-0.1187230467796326,10.0,4.0,0.8359081149101257,-1.0451651573181153
DiscreteSAC,125,mid,828,1828,-0.2576339527964592,10.0,3.0,0.06291764229536057,-1.0892400979995727
DiscreteSAC,125,mid,829,1829,-0.39444713592529296,10.0,4.0,0.17994128167629242,1.1479840934276582
DiscreteSAC,125,mid,830,1830,-0.41590737700462344,10.0,5.0,0.2967544198036194,-1.0736829042434692
DiscreteSAC,125,mid,831,1831,-0.33108259439468385,10.0,4.0,0.5437783598899841,-0.7992933690547943
DiscreteSAC,125,mid,832,1832,-0.3963718056678772,10.0,5.0,0.542921245098114,0.7685732185840607
DiscreteSAC,125,mid,833,1833,-0.35338492393493653,10.0,4.0,0.7281047701835632,-1.102685993909836
DiscreteSAC,125,mid,834,1834,-0.20968900442123412,7.0,3.0,0.1800222247838974,-1.0356289403779166
DiscreteSAC,125,mid,835,1835,-0.254375159740448,10.0,5.0,0.6049497723579407,-1.0421944320201875
DiscreteSAC,125,mid,836,1836,-0.07631177961826326,6.0,4.0,0.2601776421070099,-1.4069793423016865
DiscreteSAC,125,mid,837,1837,-0.19524456083774566,7.0,4.0,0.2898419499397278,-1.343496322631836
DiscreteSAC,125,mid,838,1838,-0.3181913375854492,10.0,4.0,0.4709343910217285,-1.1298190832138062
DiscreteSAC,125,mid,839,1839,-0.27037414312362673,10.0,5.0,0.7558588981628418,-1.2629351377487184
DiscreteSAC,125,mid,840,1840,-0.5621547043323517,10.0,5.0,0.4298013150691986,-1.4814787924289703
DiscreteSAC,125,mid,841,1841,-0.3065981507301331,10.0,5.0,0.7679163217544556,-1.328897273540497
DiscreteSAC,125,mid,842,1842,-0.060378484725952156,8.0,4.0,0.5335742235183716,74.93132027983665
DiscreteSAC,125,mid,843,1843,-0.20490894496440887,8.0,4.0,0.2700478434562683,0.19282983243465424
DiscreteSAC,125,mid,844,1844,-0.3137478828430176,10.0,5.0,0.8190463185310364,-1.039538723230362
DiscreteSAC,125,mid,845,1845,-0.10776102304458614,6.0,4.0,0.7265097498893738,1.9324273765087128
DiscreteSAC,125,mid,846,1846,-0.23830890655517578,10.0,5.0,0.8915796875953674,-1.0995368242263794
DiscreteSAC,125,mid,847,1847,-0.12785356283187865,9.0,4.0,0.5572102665901184,-1.0989916192160711
DiscreteSAC,125,mid,848,1848,-0.3220811754465103,10.0,6.0,0.3172895908355713,-1.1172474086284638
DiscreteSAC,125,mid,849,1849,-0.739378806948662,10.0,4.0,0.5381730794906616,-1.1252006888389587
DiscreteSAC,125,mid,850,1850,-0.11711501359939573,8.0,4.0,0.6124476194381714,1.684211105108261
DiscreteSAC,125,mid,851,1851,-0.049800708293914794,9.0,6.0,0.7252660393714905,0.9935186240408156
DiscreteSAC,125,mid,852,1852,-0.7253623425960543,10.0,4.0,0.552135705947876,-1.0819348216056823
DiscreteSAC,125,mid,853,1853,-0.3225027859210968,10.0,5.0,0.43032923340797424,-1.125007724761963
DiscreteSAC,125,mid,854,1854,-0.38739426136016847,10.0,4.0,0.7239319682121277,-1.106085515022278
DiscreteSAC,125,mid,855,1855,-0.22680330038070673,6.0,4.0,0.4254656136035919,-1.4226898550987244
DiscreteSAC,125,mid,856,1856,-0.18625813245773315,7.0,4.0,0.578062117099762,-0.7622735670634678
DiscreteSAC,125,mid,857,1857,-0.3673974394798279,10.0,4.0,0.5498166084289551,-1.081574833393097
DiscreteSAC,125,mid,858,1858,-0.47439464330673214,10.0,5.0,0.6777697801589966,1.20982106924057
DiscreteSAC,125,mid,859,1859,-0.3198310434818268,10.0,5.0,0.5135421752929688,-1.1393547177314758
DiscreteSAC,125,mid,860,1860,-0.18265283346176148,9.0,5.0,0.809325098991394,-1.106431735886468
DiscreteSAC,125,mid,861,1861,-0.350712788105011,10.0,4.0,0.5962117314338684,-1.160305917263031
DiscreteSAC,125,mid,862,1862,-0.4025320529937744,10.0,4.0,0.8142297863960266,1.3438785791397094
DiscreteSAC,125,mid,863,1863,-0.23405649662017824,10.0,5.0,1.0664621591567993,-1.1092206120491028
DiscreteSAC,125,mid,864,1864,-0.29868566513061523,7.0,4.0,1.023303508758545,-1.1148333294051034
DiscreteSAC,125,mid,865,1865,-0.26517202854156496,10.0,5.0,1.1848843097686768,-0.7212224006652832
DiscreteSAC,125,mid,866,1866,-0.178285551071167,10.0,6.0,0.6118527054786682,-1.167036485671997
DiscreteSAC,125,mid,867,1867,-0.42304296493530275,10.0,4.0,0.993925929069519,-1.1350807070732116
DiscreteSAC,125,mid,868,1868,-0.3188705325126648,10.0,4.0,0.9139930605888367,-1.2473159193992616
DiscreteSAC,125,mid,869,1869,-0.3937770426273346,10.0,3.0,0.1825258433818817,-1.1302884697914124
DiscreteSAC,125,mid,870,1870,-0.24788480281829833,8.0,4.0,0.2325761318206787,-1.1150650084018707
DiscreteSAC,125,mid,871,1871,-0.4674332857131958,10.0,6.0,0.6632099747657776,-1.136027216911316
DiscreteSAC,125,mid,872,1872,-0.4371189117431641,10.0,5.0,0.41811004281044006,-0.7151299953460694
DiscreteSAC,125,mid,873,1873,-0.0465747857093811,9.0,6.0,0.886945903301239,-1.2434190511703491
DiscreteSAC,125,mid,874,1874,-0.15295184850692745,10.0,6.0,0.6528500318527222,-1.2839197516441345
DiscreteSAC,125,mid,875,1875,-0.4700780749320984,10.0,5.0,0.8211713433265686,-1.3314764857292176
DiscreteSAC,125,mid,876,1876,-0.16786412000656128,10.0,6.0,0.8075817823410034,-1.4481756031513213
DiscreteSAC,125,mid,877,1877,-0.4282641649246216,10.0,5.0,0.774190366268158,-1.4105745077133178
DiscreteSAC,125,mid,878,1878,-0.8450502932071687,10.0,2.0,0.5088688731193542,-1.5814530014991761
DiscreteSAC,125,mid,879,1879,-0.3540505695343017,8.0,4.0,0.6350559592247009,-1.1354479491710663
DiscreteSAC,125,mid,880,1880,-0.04842598676681516,9.0,6.0,0.950078547000885,-1.4061350689993963
DiscreteSAC,125,mid,881,1881,-0.5568167686462403,10.0,4.0,0.6775653958320618,-1.3759100437164307
DiscreteSAC,125,mid,882,1882,-0.2779682159423828,10.0,4.0,0.6684212684631348,-1.4027941584587098
DiscreteSAC,125,mid,883,1883,-0.24341627359390258,10.0,5.0,0.9685973525047302,-1.1158833742141723
DiscreteSAC,125,mid,884,1884,-0.2785540342330933,10.0,4.0,0.8066864609718323,-1.1783310532569886
DiscreteSAC,125,mid,885,1885,-0.44012423753738406,10.0,5.0,0.8931912183761597,-1.178253424167633
DiscreteSAC,125,mid,886,1886,-0.3608869814872741,9.0,4.0,0.6040539741516113,1.9752625359429254
DiscreteSAC,125,mid,887,1887,-0.3638480758666992,6.0,3.0,0.9585336446762085,118.28682920336723
DiscreteSAC,125,mid,888,1888,-0.6418594837188722,10.0,4.0,0.7666754126548767,-1.0532005190849305
DiscreteSAC,125,mid,889,1889,-0.5330169916152954,10.0,4.0,0.5569241642951965,-1.1435647785663605
DiscreteSAC,125,mid,890,1890,-0.4834629714488983,10.0,4.0,0.3039313852787018,3.61218101978302
DiscreteSAC,125,mid,891,1891,-0.459482741355896,10.0,4.0,0.2511313259601593,-1.1156704783439637
DiscreteSAC,125,mid,892,1892,-0.3818054258823395,10.0,6.0,0.20283730328083038,-1.114627432823181
DiscreteSAC,125,mid,893,1893,-0.41544648408889767,10.0,5.0,0.45033150911331177,-1.1163745164871215
DiscreteSAC,125,mid,894,1894,-0.528770062327385,10.0,7.0,0.4229479432106018,-1.1228719472885131
DiscreteSAC,125,mid,895,1895,-0.513657808303833,10.0,3.0,0.9063027501106262,-1.304794704914093
DiscreteSAC,125,mid,896,1896,-0.5337939679622651,10.0,4.0,0.4494819939136505,-1.1005468487739563
DiscreteSAC,125,mid,897,1897,-0.45474203824996956,10.0,5.0,0.6058676838874817,-1.1251492142677306
DiscreteSAC,125,mid,898,1898,-0.37034068107604984,10.0,6.0,0.6739346385002136,-1.1654221057891845
DiscreteSAC,125,mid,899,1899,-0.417547345161438,10.0,3.0,0.5442213416099548,-1.515573763847351
DiscreteSAC,125,mid,900,1900,-0.3328342795372009,10.0,6.0,0.3588668406009674,-1.1017120718955993
DiscreteSAC,125,mid,901,1901,-0.5043939411640167,10.0,6.0,0.3322804272174835,-1.1643362164497375
DiscreteSAC,125,mid,902,1902,-0.20357979536056522,10.0,4.0,0.5104239583015442,-1.3900455474853515
DiscreteSAC,125,mid,903,1903,-0.3030941128730774,10.0,5.0,0.7525481581687927,-1.1622118473052978
DiscreteSAC,125,mid,904,1904,-0.34322227239608766,10.0,4.0,0.6987018585205078,-1.116271960735321
DiscreteSAC,125,mid,905,1905,-0.0006988763809204351,10.0,4.0,0.45327597856521606,5.7429190397262575
DiscreteSAC,125,mid,906,1906,-0.38588824272155764,10.0,5.0,0.527217447757721,1.3993922352790833
DiscreteSAC,125,mid,907,1907,-0.26857416629791264,10.0,7.0,0.7422301173210144,-1.325942224264145
DiscreteSAC,125,mid,908,1908,-0.6156430244445801,10.0,3.0,0.5090876221656799,-1.2002047538757323
DiscreteSAC,125,mid,909,1909,-0.1697518348693848,10.0,4.0,0.5619012117385864,-0.8510416269302368
DiscreteSAC,125,mid,910,1910,-0.4223320722579956,10.0,5.0,0.8131522536277771,-1.086789846420288
DiscreteSAC,125,mid,911,1911,-0.47254771888256075,10.0,5.0,0.29740986227989197,-1.10758376121521
DiscreteSAC,125,mid,912,1912,-0.43325762748718266,10.0,7.0,0.66551673412323,65.0341524362564
DiscreteSAC,125,mid,913,1913,-0.1913329124450684,10.0,6.0,1.1344964504241943,-1.0727790415287017
DiscreteSAC,125,mid,914,1914,-0.28489127159118655,10.0,5.0,0.6832610368728638,8.914358174800872
DiscreteSAC,125,mid,915,1915,-0.3798476576805115,10.0,4.0,0.6313022971153259,-1.068709534406662
DiscreteSAC,125,mid,916,1916,-0.47301998138427737,10.0,5.0,0.5651530623435974,-1.0908496737480164
DiscreteSAC,125,mid,917,1917,-0.38064666986465456,10.0,5.0,0.659850537776947,-1.130274760723114
DiscreteSAC,125,mid,918,1918,-0.39505213499069214,10.0,3.0,0.7517050504684448,6.644339191913605
DiscreteSAC,125,mid,919,1919,-0.3253962635993958,10.0,5.0,0.6920494437217712,-1.0506308019161223
DiscreteSAC,125,mid,920,1920,-0.18935117721557618,10.0,6.0,0.7285248041152954,-1.1506630897521972
DiscreteSAC,125,mid,921,1921,-0.3264922142028809,10.0,5.0,0.6851430535316467,0.22788714170455932
DiscreteSAC,125,mid,922,1922,-0.41927357912063595,10.0,5.0,0.788820743560791,-0.13033305406570433
DiscreteSAC,125,mid,923,1923,-0.4162471413612366,10.0,4.0,0.5963507294654846,-1.0947853207588196
DiscreteSAC,125,mid,924,1924,-0.3401287019252777,10.0,4.0,0.3367026448249817,-0.3454235017299652
DiscreteSAC,125,mid,925,1925,-0.2384906470775604,10.0,6.0,0.4901790916919708,-1.0375218391418457
DiscreteSAC,125,mid,926,1926,-0.4636917352676392,10.0,5.0,0.7123652100563049,-0.7545089662075043
DiscreteSAC,125,mid,927,1927,-0.5696022152900696,10.0,5.0,0.4365714490413666,-0.7947815358638763
DiscreteSAC,125,mid,928,1928,-0.44167532920837405,10.0,5.0,0.6120685338973999,-0.9454116284847259
DiscreteSAC,125,mid,929,1929,-0.5635705471038819,10.0,7.0,0.6296218037605286,-1.1492901384830474
DiscreteSAC,125,mid,930,1930,-0.39033572971820835,10.0,6.0,0.2876282036304474,-1.146597182750702
DiscreteSAC,125,mid,931,1931,-0.36446049213409426,10.0,5.0,0.4072268307209015,-0.9999301314353943
DiscreteSAC,125,mid,932,1932,-0.35641285181045534,10.0,5.0,0.5563792586326599,1.1880162358283997
DiscreteSAC,125,mid,933,1933,-0.2708032846450806,10.0,4.0,0.7291225790977478,-0.774968296289444
DiscreteSAC,125,mid,934,1934,-0.20373914241790775,10.0,6.0,0.9048776626586914,-1.3432873249053956
DiscreteSAC,125,mid,935,1935,-0.7301103889942171,10.0,4.0,0.5469817519187927,-0.6643977761268616
DiscreteSAC,125,mid,936,1936,-0.4706605911254883,10.0,5.0,0.8126603364944458,-1.1614054441452026
DiscreteSAC,125,mid,937,1937,-0.44862682521343233,10.0,5.0,0.2118702083826065,1.3903695404529572
DiscreteSAC,125,mid,938,1938,-0.18720569610595705,10.0,5.0,0.6610806584358215,-1.031666874885559
DiscreteSAC,125,mid,939,1939,-0.5307291746139526,10.0,3.0,0.7538565993309021,-0.9512184500694275
DiscreteSAC,125,mid,940,1940,-0.5620116084814072,10.0,5.0,0.38121700286865234,-1.144579529762268
DiscreteSAC,125,mid,941,1941,-0.37876661717891696,10.0,6.0,0.15417838096618652,-0.3779525399208069
DiscreteSAC,125,mid,942,1942,-0.240870213508606,10.0,6.0,0.6222047209739685,-1.1224313497543335
DiscreteSAC,125,mid,943,1943,-0.3800810217857361,10.0,5.0,0.49390894174575806,-1.1988964915275573
DiscreteSAC,125,mid,944,1944,-0.14998071432113647,9.0,4.0,0.5521354079246521,-1.1464480956395466
DiscreteSAC,125,mid,945,1945,-0.4209277153015137,10.0,4.0,0.8645815849304199,-1.1196153521537782
DiscreteSAC,125,mid,946,1946,-0.4761116623878479,10.0,4.0,0.6333357095718384,0.3352351665496826
DiscreteSAC,125,mid,947,1947,-0.3994042992591858,10.0,4.0,0.6573373675346375,-1.1557213187217712
DiscreteSAC,125,mid,948,1948,-0.10309488058090209,8.0,5.0,0.823153018951416,5.21719928085804
DiscreteSAC,125,mid,949,1949,-0.3007159948348999,10.0,4.0,0.6092190146446228,-1.1415626645088195
DiscreteSAC,125,mid,950,1950,-0.3406274944543839,10.0,7.0,0.17420174181461334,-1.1564950942993164
DiscreteSAC,125,mid,951,1951,-0.37530472278594973,10.0,5.0,0.4453810751438141,-1.1487581253051757
DiscreteSAC,125,mid,952,1952,-0.3386987090110779,10.0,5.0,0.9110758900642395,-0.29530322551727295
DiscreteSAC,125,mid,953,1953,-0.5721224367618561,10.0,4.0,0.4801150858402252,0.35304166078567506
DiscreteSAC,125,mid,954,1954,-0.4860182046890259,10.0,5.0,0.7290825843811035,-0.1936203122138977
DiscreteSAC,125,mid,955,1955,0.08474569559097289,6.0,5.0,0.8653913140296936,-1.356393814086914
DiscreteSAC,125,mid,956,1956,-0.4979876965284347,10.0,5.0,0.28332051634788513,-1.039514148235321
DiscreteSAC,125,mid,957,1957,-0.14602153301239018,10.0,7.0,0.6979815363883972,-1.1541803479194641
DiscreteSAC,125,mid,958,1958,0.051303962469100926,9.0,4.0,0.45124366879463196,-0.7034826146231757
DiscreteSAC,125,mid,959,1959,-0.3800047874450684,10.0,5.0,0.7703010439872742,-1.1903965473175049
DiscreteSAC,125,mid,960,1960,-0.12586867451667788,9.0,7.0,0.26474589109420776,-0.7291559378306071
DiscreteSAC,125,mid,961,1961,-0.4755023688077927,10.0,4.0,0.2651359736919403,-0.4956005811691284
DiscreteSAC,125,mid,962,1962,-0.33500955104827884,10.0,6.0,0.35696908831596375,-1.1694507241249084
DiscreteSAC,125,mid,963,1963,-0.7996972918510439,10.0,4.0,0.8872941732406616,-1.1988541722297668
DiscreteSAC,125,mid,964,1964,-0.3633220374584198,10.0,4.0,0.5026791095733643,-0.7275722742080688
DiscreteSAC,125,mid,965,1965,-0.44209731817245485,10.0,4.0,0.7217035889625549,-1.357777202129364
DiscreteSAC,125,mid,966,1966,-0.4187974035739899,10.0,5.0,0.35716453194618225,-1.1980329513549806
DiscreteSAC,125,mid,967,1967,-0.0193385303020477,10.0,6.0,0.4752015173435211,-0.017642998695373537
DiscreteSAC,125,mid,968,1968,-0.14508050918579096,9.0,5.0,0.8443512320518494,-0.4301384687423706
DiscreteSAC,125,mid,969,1969,-0.08407728672027588,10.0,4.0,1.1450302600860596,-1.0949316143989563
DiscreteSAC,125,mid,970,1970,-0.40846803188323977,10.0,5.0,0.689396321773529,-1.2919021725654602
DiscreteSAC,125,mid,971,1971,-0.3114772796630859,10.0,6.0,1.0527116060256958,20.40261763930321
DiscreteSAC,125,mid,972,1972,-0.02709736824035648,10.0,5.0,0.4722588062286377,-1.063148272037506
DiscreteSAC,125,mid,973,1973,-0.28637537956237796,10.0,6.0,0.8264269232749939,19.528602999448776
DiscreteSAC,125,mid,974,1974,-0.46082255840301517,10.0,6.0,0.46137335896492004,-0.9105988025665284
DiscreteSAC,125,mid,975,1975,-0.3965839982032776,10.0,5.0,0.7417603135108948,-1.2187583506107331
DiscreteSAC,125,mid,976,1976,-0.3246649861335755,10.0,6.0,0.8038167953491211,-1.1236802458763122
DiscreteSAC,125,mid,977,1977,-0.5505065858364105,10.0,5.0,0.32182034850120544,-1.5287443399429321
DiscreteSAC,125,mid,978,1978,-0.01714220046997074,10.0,5.0,0.2881169319152832,-0.9820871949195862
DiscreteSAC,125,mid,979,1979,-0.3343502998352051,10.0,4.0,1.1989333629608154,1.0492719769477845
DiscreteSAC,125,mid,980,1980,-0.451886248588562,10.0,4.0,0.6478862762451172,9.54415946006775
DiscreteSAC,125,mid,981,1981,-0.5175427794456482,10.0,3.0,0.3498525321483612,6.9926636695861815
DiscreteSAC,125,mid,982,1982,-0.17953307628631596,10.0,4.0,0.7563525438308716,-1.1413891553878783
DiscreteSAC,125,mid,983,1983,-0.6710550636053085,10.0,3.0,0.38387271761894226,-0.6250490784645081
DiscreteSAC,125,mid,984,1984,-0.399635374546051,10.0,3.0,0.5859323740005493,-1.2401880979537965
DiscreteSAC,125,mid,985,1985,-0.2906981766223908,10.0,6.0,0.45941224694252014,0.11345391273498535
DiscreteSAC,125,mid,986,1986,-0.4166460454463959,10.0,4.0,0.46938976645469666,-1.1664624452590941
DiscreteSAC,125,mid,987,1987,-0.39450358152389525,10.0,4.0,0.41480496525764465,-1.0938206553459167
DiscreteSAC,125,mid,988,1988,0.09573508501052852,10.0,7.0,0.9858483672142029,-1.2756903767585754
DiscreteSAC,125,mid,989,1989,-0.460513573884964,10.0,4.0,0.36298975348472595,3.7488559246063233
DiscreteSAC,125,mid,990,1990,-0.425540429353714,10.0,4.0,0.3714699149131775,-1.2040080428123474
DiscreteSAC,125,mid,991,1991,-0.2112100303173065,10.0,7.0,0.45013824105262756,-1.1149657487869262
DiscreteSAC,125,mid,992,1992,-0.21126229763031007,10.0,4.0,0.8171529769897461,-0.9726530969142914
DiscreteSAC,125,mid,993,1993,-0.5405405998229981,10.0,5.0,0.7753292322158813,7.431878161430359
DiscreteSAC,125,mid,994,1994,-0.3922606229782104,10.0,4.0,0.3408675789833069,-1.0560875535011292
DiscreteSAC,125,mid,995,1995,-0.41892879605293276,10.0,5.0,0.4714367687702179,-1.1050248563289642
DiscreteSAC,125,mid,996,1996,-0.13950944185256958,9.0,5.0,0.5209816098213196,0.45791951815287274
DiscreteSAC,125,mid,997,1997,-0.4831909775733948,10.0,5.0,0.8815433382987976,-1.1580924272537232
DiscreteSAC,125,mid,998,1998,-0.5597555607557296,10.0,4.0,0.3325578272342682,-1.067829394340515
DiscreteSAC,125,mid,999,1999,-0.5079975843429565,10.0,4.0,0.3036263883113861,-1.1465567111968995
DiscreteSAC,125,mid,1000,2000,-0.3139039993286133,10.0,4.0,1.2577629089355469,-1.0926544964313507
DiscreteSAC,125,mid,1001,2001,-0.29552089571952816,10.0,7.0,0.6071906685829163,-1.460737133026123
DiscreteSAC,125,mid,1002,2002,-0.057329120635986316,9.0,5.0,0.6619599461555481,-1.1964828040864732
DiscreteSAC,125,mid,1003,2003,-0.3728899240493775,10.0,7.0,0.40678325295448303,10.810607129335404
DiscreteSAC,125,mid,1004,2004,-0.22917732000350954,10.0,5.0,0.9009425044059753,-1.4161328196525573
DiscreteSAC,125,mid,1005,2005,-0.36496322631835937,8.0,4.0,1.0555466413497925,-0.5916856974363327
DiscreteSAC,125,mid,1006,2006,-0.21347472667694095,10.0,6.0,1.070818543434143,-1.1502930998802186
DiscreteSAC,125,mid,1007,2007,-0.6965410351753236,10.0,5.0,0.4140024185180664,-0.9843588948249817
DiscreteSAC,125,mid,1008,2008,0.07319079637527465,10.0,4.0,0.8439791798591614,-1.066261100769043
DiscreteSAC,125,mid,1009,2009,-0.3077225923538208,10.0,5.0,0.45367103815078735,-1.2241541385650634
DiscreteSAC,125,mid,1010,2010,-0.18262933492660527,10.0,7.0,0.368358314037323,-1.071424514055252
DiscreteSAC,125,mid,1011,2011,-0.3522724628448486,10.0,4.0,0.6983686685562134,-0.3276697039604187
DiscreteSAC,125,mid,1012,2012,-0.4330749639868737,9.0,4.0,0.30475011467933655,-1.1710079113642375
DiscreteSAC,125,mid,1013,2013,-0.22558259963989258,10.0,5.0,0.37705734372138977,-0.9135848701000213
DiscreteSAC,125,mid,1014,2014,-0.4317227900028229,10.0,3.0,0.34084945917129517,-1.4825910568237304
DiscreteSAC,125,mid,1015,2015,-0.14848162412643434,8.0,6.0,0.7323579788208008,-1.1991762667894363
DiscreteSAC,125,mid,1016,2016,-0.3154256844520569,9.0,4.0,0.352741539478302,-1.1815305418438382
DiscreteSAC,125,mid,1017,2017,-0.48822751045227053,10.0,5.0,0.6407859921455383,-1.8458579123020171
DiscreteSAC,125,mid,1018,2018,-0.005047926902770977,6.0,5.0,0.539426326751709,-1.1912681063016255
DiscreteSAC,125,mid,1019,2019,-0.6298125743865968,10.0,6.0,0.6559508442878723,-2.1466350078582765
DiscreteSAC,125,mid,1020,2020,-0.23905369579792024,9.0,6.0,0.2880495488643646,-0.9351829952663846
DiscreteSAC,125,mid,1021,2021,-0.22957743406295777,10.0,4.0,0.7535109519958496,-1.7008481740951538
DiscreteSAC,125,mid,1022,2022,-0.25645925998687746,10.0,5.0,0.7560024857521057,-1.7191692113876342
DiscreteSAC,125,mid,1023,2023,0.03999534845352172,10.0,5.0,0.5816953778266907,-1.1748175263404845
DiscreteSAC,125,mid,1024,2024,-0.30345498502254487,8.0,5.0,0.31790781021118164,-1.8170503824949265
DiscreteSAC,125,mid,1025,2025,-0.1369061291217804,10.0,6.0,0.4489511549472809,-1.6818871974945069
DiscreteSAC,125,mid,1026,2026,-0.3673897886276245,9.0,4.0,0.4894329607486725,-1.6301345825195312
DiscreteSAC,125,mid,1027,2027,-0.1336696267127991,10.0,4.0,0.4270945191383362,-1.6779913425445556
DiscreteSAC,125,mid,1028,2028,-0.1815765142440796,10.0,5.0,0.43420690298080444,-1.1420678973197937
DiscreteSAC,125,mid,1029,2029,-0.5426972031593323,10.0,4.0,0.9447011351585388,-1.2097815871238708
DiscreteSAC,125,mid,1030,2030,-0.1878315329551697,10.0,4.0,0.5502493381500244,-1.2485182642936707
DiscreteSAC,125,mid,1031,2031,-0.15010541677474976,10.0,5.0,0.7530322074890137,-1.2371299266815186
DiscreteSAC,125,mid,1032,2032,-0.45193841904401777,10.0,6.0,0.19131360948085785,-2.261457622051239
DiscreteSAC,125,mid,1033,2033,-0.12781776189804078,10.0,6.0,0.7987304925918579,-1.19044748544693
DiscreteSAC,125,mid,1034,2034,-0.10298186779022218,9.0,5.0,1.1076066493988037,-1.6809719403584797
DiscreteSAC,125,mid,1035,2035,-0.2626302599906921,10.0,6.0,0.7770643830299377,271.12106932401656
DiscreteSAC,125,mid,1036,2036,-0.13406272530555724,5.0,3.0,0.4452526271343231,7.273130011558533
DiscreteSAC,125,mid,1037,2037,-0.22520788908004763,10.0,5.0,0.9309421181678772,179.3527119398117
DiscreteSAC,125,mid,1038,2038,-0.5073166608810425,10.0,4.0,1.2939412593841553,55.77362699508667
DiscreteSAC,125,mid,1039,2039,-0.6029781937599183,10.0,5.0,0.5654774308204651,64.9322247505188
DiscreteSAC,125,mid,1040,2040,-0.3663426399230957,10.0,6.0,0.6368146538734436,-1.1555443942546844
DiscreteSAC,125,mid,1041,2041,-0.1222795367240906,10.0,4.0,0.8363350033760071,4.000768941640854
DiscreteSAC,125,mid,1042,2042,-0.3729907989501953,10.0,4.0,0.7113469243049622,-1.1263254880905151
DiscreteSAC,125,mid,1043,2043,-0.23260701894760133,10.0,4.0,0.7018476128578186,21.11991537809372
DiscreteSAC,125,mid,1044,2044,-0.22995651960372926,10.0,4.0,0.685947060585022,-1.1100561141967773
DiscreteSAC,125,mid,1045,2045,-0.34589303731918336,10.0,4.0,0.5488394498825073,-1.23683061003685
DiscreteSAC,125,mid,1046,2046,-0.18451105356216432,10.0,7.0,0.26656273007392883,-1.1881356596946717
DiscreteSAC,125,mid,1047,2047,-0.34201284870505333,10.0,5.0,0.12698261439800262,-1.245426309108734
DiscreteSAC,125,mid,1048,2048,0.18661444187164308,5.0,5.0,0.8307861089706421,-1.2459254026412965
DiscreteSAC,125,mid,1049,2049,-0.542331898212433,10.0,5.0,0.7502502799034119,29.655629181861876
DiscreteSAC,125,mid,1050,2050,-0.16767215728759766,10.0,5.0,0.7995894551277161,-1.120900046825409
DiscreteSAC,125,mid,1051,2051,-0.08381279706954958,10.0,5.0,0.851679265499115,-1.5163726449012755
DiscreteSAC,125,mid,1052,2052,-0.382831335067749,10.0,3.0,0.9967392683029175,4.608814990520477
DiscreteSAC,125,mid,1053,2053,-0.3654905676841736,10.0,4.0,0.5811967849731445,-0.9125843286514282
DiscreteSAC,125,mid,1054,2054,0.0018787264823913324,10.0,6.0,0.5550090670585632,1.2693024396896362
DiscreteSAC,125,mid,1055,2055,-0.3394832253456116,10.0,5.0,0.5166383385658264,8.713888025283813
DiscreteSAC,125,mid,1056,2056,-0.14107178211212157,6.0,3.0,0.6428293585777283,-1.274455765883128
DiscreteSAC,125,mid,1057,2057,-0.37162342071533205,10.0,5.0,0.5436368584632874,-0.07423720359802247
DiscreteSAC,125,mid,1058,2058,-0.3634433463215828,10.0,5.0,0.075912706553936,-0.3368058979511261
DiscreteSAC,125,mid,1059,2059,-0.21619851589202882,10.0,6.0,0.8087242245674133,-0.8815426349639892
DiscreteSAC,125,mid,1060,2060,-0.34882217198610305,10.0,4.0,0.12243874371051788,-1.2564496278762818
DiscreteSAC,125,mid,1061,2061,-0.3946744441986084,10.0,5.0,0.887452244758606,1.5709580957889557
DiscreteSAC,125,mid,1062,2062,-0.5175705194473267,10.0,5.0,0.7597236037254333,-1.8579163312911988
DiscreteSAC,125,mid,1063,2063,-0.5430033445358277,10.0,5.0,0.6641111373901367,-1.4724597692489625
DiscreteSAC,125,mid,1064,2064,-0.27576916217803954,10.0,4.0,0.40169796347618103,0.34272929430007937
DiscreteSAC,125,mid,1065,2065,-0.745641213655472,10.0,4.0,0.749240517616272,-1.2701493144035338
DiscreteSAC,125,mid,1066,2066,-0.41436574757099154,10.0,5.0,0.2129165232181549,17.33579025268555
DiscreteSAC,125,mid,1067,2067,-0.28699119091033937,10.0,4.0,1.0863772630691528,0.2827626347541809
DiscreteSAC,125,mid,1068,2068,-0.5358603417873382,10.0,4.0,0.4898446202278137,-1.2600443959236145
DiscreteSAC,125,mid,1069,2069,-0.6453835010528564,10.0,5.0,0.8685063719749451,-0.3745916485786438
DiscreteSAC,125,mid,1070,2070,-0.42193385362625124,10.0,5.0,0.16963355243206024,-1.8327990531921388
DiscreteSAC,125,mid,1071,2071,-0.10249891281127932,10.0,5.0,1.2769529819488525,33.87653618454933
DiscreteSAC,125,mid,1072,2072,-0.7131432443857193,10.0,3.0,0.3476850092411041,-1.2272883772850036
DiscreteSAC,125,mid,1073,2073,-0.3992352843284607,10.0,6.0,0.5632230043411255,-1.2374003887176515
DiscreteSAC,125,mid,1074,2074,-0.2211670517921448,10.0,5.0,0.6301525831222534,-0.9629772305488586
DiscreteSAC,125,mid,1075,2075,-0.5317415416240692,10.0,4.0,0.4865800738334656,340.9356895923614
DiscreteSAC,125,mid,1076,2076,-0.45551069974899294,10.0,5.0,0.779377281665802,-1.0850693702697753
DiscreteSAC,125,mid,1077,2077,-0.4037944197654724,10.0,4.0,0.4471828043460846,-0.7382077276706696
DiscreteSAC,125,mid,1078,2078,-0.5121151626110076,10.0,4.0,0.46929770708084106,-0.5355130732059479
DiscreteSAC,125,mid,1079,2079,-0.5171088099479676,10.0,4.0,0.12814274430274963,251.15302416086197
DiscreteSAC,125,mid,1080,2080,-0.4206450223922729,10.0,5.0,0.731256365776062,-1.000122505426407
DiscreteSAC,125,mid,1081,2081,-0.3079792633652687,10.0,5.0,0.14292891323566437,-1.0455760896205901
DiscreteSAC,125,mid,1082,2082,-0.5297134041786195,10.0,4.0,0.6114527583122253,-1.112869107723236
DiscreteSAC,125,mid,1083,2083,-0.6084909588098526,10.0,3.0,0.3233436942100525,26.671358132362364
DiscreteSAC,125,mid,1084,2084,-0.2636685132980347,10.0,6.0,0.7599437832832336,180.5530787408352
DiscreteSAC,125,mid,1085,2085,-0.31586007177829745,10.0,5.0,0.16533303260803223,-1.058754998445511
DiscreteSAC,125,mid,1086,2086,-0.21789222955703735,10.0,5.0,0.8244262337684631,-1.0934465944766998
DiscreteSAC,125,mid,1087,2087,-0.31324541807174683,9.0,5.0,0.41868969798088074,-0.9922144545449151
DiscreteSAC,125,mid,1088,2088,-0.42651144504547117,9.0,3.0,0.7437676787376404,55.0479429297977
DiscreteSAC,125,mid,1089,2089,-0.5102728128433228,10.0,4.0,0.7767806649208069,-0.988592904806137
DiscreteSAC,125,mid,1090,2090,-0.21619848191738128,8.0,4.0,0.21606850624084473,-1.1501038521528244
DiscreteSAC,125,mid,1091,2091,-0.4333508133888245,10.0,4.0,0.6720336675643921,-1.4578848123550414
DiscreteSAC,125,mid,1092,2092,-0.4331991195678711,10.0,4.0,0.8199842572212219,83.67725871801376
DiscreteSAC,125,mid,1093,2093,-0.16876720905303955,7.0,4.0,0.2525385916233063,-1.0755541580063956
DiscreteSAC,125,mid,1094,2094,-0.38309345841407777,10.0,4.0,0.324808806180954,4.664912295341492
DiscreteSAC,125,mid,1095,2095,-0.1645662808418274,9.0,5.0,0.7261160612106323,-1.0926458173327975
DiscreteSAC,125,mid,1096,2096,-0.39194889068603517,10.0,4.0,0.762637734413147,13.572207188606262
DiscreteSAC,125,mid,1097,2097,-0.2177247726917267,9.0,5.0,0.29417118430137634,-1.0757852064238653
DiscreteSAC,125,mid,1098,2098,-0.389833402633667,10.0,4.0,0.5318995118141174,-1.127526593208313
DiscreteSAC,125,mid,1099,2099,-0.3475847440958023,8.0,5.0,0.3585105240345001,-1.1061879768967628
DiscreteSAC,125,mid,1100,2100,0.0019499516487121588,9.0,6.0,0.9222837090492249,-1.1340694030125935
DiscreteSAC,125,mid,1101,2101,-0.17906492233276367,8.0,4.0,0.4103369116783142,-1.0992326736450195
DiscreteSAC,125,mid,1102,2102,-0.07406468868255613,8.0,6.0,0.9072185158729553,-1.1158646047115326
DiscreteSAC,125,mid,1103,2103,-0.4205116391181946,10.0,6.0,0.8745831847190857,-1.110087811946869
DiscreteSAC,125,mid,1104,2104,-0.45688028335571285,10.0,4.0,0.6392702460289001,-1.0929351091384887
DiscreteSAC,125,mid,1105,2105,-0.369157612323761,10.0,3.0,0.8299376368522644,-1.13470516204834
DiscreteSAC,125,mid,1106,2106,-0.6412118613719942,10.0,5.0,0.4758305251598358,-1.0650710582733154
DiscreteSAC,125,mid,1107,2107,-0.24631557464599613,10.0,6.0,0.6223779916763306,9.06355631351471
DiscreteSAC,125,mid,1108,2108,0.10523818731307981,10.0,6.0,0.5872330665588379,13.870647716522218
DiscreteSAC,125,mid,1109,2109,-0.3669515490531921,10.0,5.0,0.9175772666931152,1.9242160379886628
DiscreteSAC,125,mid,1110,2110,-0.3948344373703003,9.0,3.0,0.6106842160224915,-1.105898870362176
DiscreteSAC,125,mid,1111,2111,-0.16231751680374146,9.0,5.0,0.5931299924850464,-1.496733049551646
DiscreteSAC,125,mid,1112,2112,-0.584376595914364,10.0,3.0,0.2085597962141037,-1.1300267994403839
DiscreteSAC,125,mid,1113,2113,-0.3087543919682503,10.0,5.0,0.1798141747713089,-1.0846580147743226
DiscreteSAC,125,mid,1114,2114,0.04855953216552735,9.0,6.0,0.6970635652542114,-1.0542332728703816
DiscreteSAC,125,mid,1115,2115,-0.009021353721618677,10.0,6.0,1.07992684841156,-1.0819039344787598
DiscreteSAC,125,mid,1116,2116,-0.11883087158203122,10.0,6.0,0.7426519393920898,-0.9131179451942444
DiscreteSAC,125,mid,1117,2117,-0.30165172815322877,10.0,6.0,0.6599444150924683,-1.0649225175380708
DiscreteSAC,125,mid,1118,2118,-0.5246214985847474,10.0,4.0,0.3201322853565216,-0.6299877285957336
DiscreteSAC,125,mid,1119,2119,-0.42443140745162966,10.0,5.0,0.5484696626663208,5.8271222651004795
DiscreteSAC,125,mid,1120,2120,-0.4010938309133053,10.0,5.0,0.05030405521392822,-1.1143987834453584
DiscreteSAC,125,mid,1121,2121,0.012609410285949675,10.0,4.0,0.5090710520744324,-1.0452409565448761
DiscreteSAC,125,mid,1122,2122,-0.3681614398956299,10.0,3.0,0.8961013555526733,-1.4248464584350586
DiscreteSAC,125,mid,1123,2123,-0.27536054849624636,10.0,5.0,0.6943211555480957,-1.1414698004722594
DiscreteSAC,125,mid,1124,2124,-0.10442769289016722,6.0,4.0,0.9270087480545044,-1.0534329811731975
DiscreteSAC,125,mid,1125,2125,-0.39299740791320803,10.0,5.0,0.8932172656059265,-1.123587393760681
DiscreteSAC,125,mid,1126,2126,-0.43292094469070436,10.0,4.0,0.8592997789382935,-1.1691437780857086
DiscreteSAC,125,mid,1127,2127,-0.20070802688598632,7.0,4.0,0.670272707939148,-1.0841220276696342
DiscreteSAC,125,mid,1128,2128,-0.2418714761734009,10.0,3.0,0.721394956111908,-1.5102087616920472
DiscreteSAC,125,mid,1129,2129,-0.6993550777435305,10.0,4.0,0.760869562625885,-1.1246583938598633
DiscreteSAC,125,mid,1130,2130,-0.3503234767913818,9.0,3.0,0.900060772895813,-1.0805192920896742
DiscreteSAC,125,mid,1131,2131,-0.4114223837852478,10.0,4.0,0.33724546432495117,-1.1155658841133118
DiscreteSAC,125,mid,1132,2132,0.007923645973205565,8.0,6.0,0.8887905478477478,20.069185562431812
DiscreteSAC,125,mid,1133,2133,-0.21523952484130862,10.0,3.0,0.7517389059066772,-1.022314465045929
DiscreteSAC,125,mid,1134,2134,-0.5078219592571259,10.0,4.0,0.3898809254169464,-0.16125668287277223
DiscreteSAC,125,mid,1135,2135,0.0762058925628662,8.0,6.0,1.100130319595337,18.4390022829175
DiscreteSAC,125,mid,1136,2136,-0.40034022331237795,10.0,5.0,0.38299936056137085,-1.8956116318702698
DiscreteSAC,125,mid,1137,2137,-0.24000447988510132,10.0,5.0,0.7323216795921326,-1.373372459411621
DiscreteSAC,125,mid,1138,2138,-0.2339568376541138,10.0,5.0,0.6197014451026917,-1.0306143879890441
DiscreteSAC,125,mid,1139,2139,-0.4377695441246033,10.0,4.0,0.6588220596313477,-1.5700250267982483
DiscreteSAC,125,mid,1140,2140,-0.37055030167102815,10.0,4.0,0.17975975573062897,-1.0724972546100617
DiscreteSAC,125,mid,1141,2141,-0.4688172459602356,10.0,4.0,0.5953252911567688,27.870697355270387
DiscreteSAC,125,mid,1142,2142,-0.4274447917938233,10.0,6.0,0.9197263121604919,39.2312853872776
DiscreteSAC,125,mid,1143,2143,-0.4474556684494019,10.0,5.0,0.36287838220596313,-0.5823789656162262
DiscreteSAC,125,mid,1144,2144,-0.6202083349227907,10.0,4.0,0.5372756719589233,-1.1245445907115936
DiscreteSAC,125,mid,1145,2145,-0.26351380348205566,10.0,3.0,0.9617805480957031,-1.6001237452030181
DiscreteSAC,125,mid,1146,2146,-0.08982063055038454,7.0,5.0,0.3407909572124481,-1.0684928808893477
DiscreteSAC,125,mid,1147,2147,-0.6185033589601517,10.0,4.0,0.29243966937065125,-1.0733033418655396
DiscreteSAC,125,mid,1148,2148,-0.02265358924865725,6.0,5.0,0.603405773639679,-1.0093201200167339
DiscreteSAC,125,mid,1149,2149,-0.3293987274169922,10.0,6.0,1.031383752822876,-0.9787351369857789
DiscreteSAC,125,mid,1150,2150,-0.009564362764358514,8.0,4.0,0.4469875395298004,-1.8446481749415398
DiscreteSAC,125,mid,1151,2151,-0.2497724533081055,10.0,5.0,0.9947842359542847,-0.807212495803833
DiscreteSAC,125,mid,1152,2152,0.11417841434478757,8.0,5.0,1.0359363555908203,-0.997794508934021
DiscreteSAC,125,mid,1153,2153,-0.4227187156677246,10.0,4.0,0.4348694980144501,-1.692127388715744
DiscreteSAC,125,mid,1154,2154,-0.40590540766716005,10.0,4.0,0.4878257215023041,-1.1179714381694794
DiscreteSAC,125,mid,1155,2155,-0.3300126373767853,10.0,7.0,0.21389345824718475,-0.9840546369552612
DiscreteSAC,125,mid,1156,2156,-0.5422274559736252,10.0,5.0,0.25264784693717957,6.448239094018936
DiscreteSAC,125,mid,1157,2157,-0.43823308348655704,10.0,6.0,0.5533212423324585,-0.9893643260002136
DiscreteSAC,125,mid,1158,2158,-0.36030128598213196,10.0,3.0,0.29893526434898376,-1.067424589395523
DiscreteSAC,125,mid,1159,2159,-0.022345281839370706,7.0,5.0,0.36605650186538696,-1.7251882893698556
DiscreteSAC,125,mid,1160,2160,-0.08647900342941285,7.0,4.0,0.8654971122741699,15.618246325424739
DiscreteSAC,125,mid,1161,2161,-0.34362258911132815,10.0,5.0,0.7036176919937134,-1.1143902003765107
DiscreteSAC,125,mid,1162,2162,-0.3611905097961426,10.0,4.0,0.7525466084480286,-0.7462337017059326
DiscreteSAC,125,mid,1163,2163,-0.16041312217712406,10.0,6.0,0.6885464787483215,0.5119921207427979
DiscreteSAC,125,mid,1164,2164,-0.5101495742797851,10.0,6.0,0.8072499632835388,-0.11802765130996704
DiscreteSAC,125,mid,1165,2165,-0.5088392615318299,10.0,4.0,0.21161596477031708,-1.61066535115242
DiscreteSAC,125,mid,1166,2166,0.009088367223739624,10.0,5.0,0.3904828727245331,-0.9959223330020904
DiscreteSAC,125,mid,1167,2167,0.028939542770385733,9.0,5.0,0.8094915151596069,-1.0437870224316914
DiscreteSAC,125,mid,1168,2168,-0.23462337732315064,8.0,5.0,0.708315372467041,-1.9100233167409897
DiscreteSAC,125,mid,1169,2169,-0.6024834036827088,10.0,4.0,0.6638747453689575,-0.9061609864234924
DiscreteSAC,125,mid,1170,2170,-0.5574383735656739,10.0,3.0,0.46583566069602966,-1.0000036001205443
DiscreteSAC,125,mid,1171,2171,0.4185713207721709,9.0,5.0,0.2832978665828705,18.317691524823505
DiscreteSAC,125,mid,1172,2172,-0.3684212774038315,10.0,6.0,0.16410663723945618,-1.6509479641914369
DiscreteSAC,125,mid,1173,2173,-0.34353927373886106,10.0,3.0,0.8799782395362854,-1.1740659773349762
DiscreteSAC,125,mid,1174,2174,-0.3568611264228821,10.0,4.0,0.5998438596725464,-1.7857862412929535
DiscreteSAC,125,mid,1175,2175,-0.45274020433425904,10.0,4.0,0.9260889887809753,17.561624157428742
DiscreteSAC,125,mid,1176,2176,-0.2391068816184998,10.0,7.0,0.7022810578346252,-0.8994061589241028
DiscreteSAC,125,mid,1177,2177,-0.5060837090015412,10.0,4.0,0.4015809893608093,11.463583099842072
DiscreteSAC,125,mid,1178,2178,-0.5316640257835388,10.0,4.0,0.7495474219322205,-0.9765417873859406
DiscreteSAC,125,mid,1179,2179,-0.36703588962554934,10.0,5.0,0.842531681060791,-0.22341994047164918
DiscreteSAC,125,mid,1180,2180,-0.5053053438663483,10.0,5.0,0.4957102835178375,-2.1326307237148283
DiscreteSAC,125,mid,1181,2181,-0.31066427528858187,10.0,5.0,0.14719966053962708,-1.0557785034179688
DiscreteSAC,125,mid,1182,2182,-0.3275034546852112,10.0,4.0,0.8010503649711609,-1.6853357315063477
DiscreteSAC,125,mid,1183,2183,-0.530319356918335,10.0,5.0,0.6121709942817688,21.270146518945694
DiscreteSAC,125,mid,1184,2184,-0.09183375835418701,5.0,3.0,0.42798206210136414,6.893164348602295
DiscreteSAC,125,mid,1185,2185,-0.44315530061721803,10.0,4.0,0.8041996359825134,-0.8989289939403534
DiscreteSAC,125,mid,1186,2186,-0.4402408242225647,10.0,5.0,0.18425311148166656,-0.9097454309463501
DiscreteSAC,125,mid,1187,2187,-0.23023402094841006,10.0,5.0,0.4303337037563324,-0.8953856825828552
DiscreteSAC,125,mid,1188,2188,-0.29781292676925664,10.0,7.0,0.604638934135437,-1.4286104679107665
DiscreteSAC,125,mid,1189,2189,-0.19468287229537964,10.0,6.0,0.7530239820480347,-0.9816251337528229
DiscreteSAC,125,mid,1190,2190,-0.3772117137908936,10.0,5.0,0.30295974016189575,-1.0736197531223297
DiscreteSAC,125,mid,1191,2191,-0.1778486865758896,8.0,5.0,0.27427664399147034,-0.34567730128765106
DiscreteSAC,125,mid,1192,2192,-0.4014260530471802,10.0,6.0,0.4226161539554596,-1.0098685681819917
DiscreteSAC,125,mid,1193,2193,-0.35277942806482315,9.0,5.0,0.2783364951610565,-1.091853830549452
DiscreteSAC,125,mid,1194,2194,-0.3382927656173706,10.0,4.0,0.6918920874595642,1.1299592137336731
DiscreteSAC,125,mid,1195,2195,-0.4193040490150452,10.0,6.0,0.7498728632926941,-1.094323194026947
DiscreteSAC,125,mid,1196,2196,0.01345960021018984,8.0,4.0,0.4344974458217621,-1.0993970185518265
DiscreteSAC,125,mid,1197,2197,-0.252766752243042,10.0,5.0,0.8931757211685181,-0.8207906723022461
DiscreteSAC,125,mid,1198,2198,-0.3027474403381348,10.0,6.0,0.9777248501777649,19.10824618935585
DiscreteSAC,125,mid,1199,2199,-0.6770920455455781,10.0,3.0,0.6051980257034302,0.6374601304531098
DiscreteSAC,125,mid,1200,2200,-0.40900132656097415,10.0,6.0,0.5493835806846619,-0.6956472516059875
DiscreteSAC,125,mid,1201,2201,-0.0624733114242554,9.0,6.0,0.8810968995094299,2.7155049045880637
DiscreteSAC,125,mid,1202,2202,0.10560310363769529,7.0,4.0,0.3135046362876892,-0.4434055430548532
DiscreteSAC,125,mid,1203,2203,-0.3512253880500793,10.0,4.0,0.9210227131843567,-1.7298194527626038
DiscreteSAC,125,mid,1204,2204,-0.5207312524318695,10.0,4.0,0.4494948387145996,-0.8033917188644409
DiscreteSAC,125,mid,1205,2205,-0.3121845841407776,10.0,4.0,0.7231976389884949,-1.0476685225963593
DiscreteSAC,125,mid,1206,2206,-0.5778762623667718,10.0,3.0,0.17246286571025848,-0.39735751152038573
DiscreteSAC,125,mid,1207,2207,-0.4940698266029358,10.0,4.0,0.1937730461359024,-0.6376581728458405
DiscreteSAC,125,mid,1208,2208,-0.2172354340553284,10.0,7.0,0.9363659024238586,-1.71606702208519
DiscreteSAC,125,mid,1209,2209,-0.4605196014046669,10.0,4.0,0.0912412628531456,2.7429887533187864
DiscreteSAC,125,mid,1210,2210,-0.3549192905426025,10.0,6.0,0.2586788237094879,-0.7343755662441254
DiscreteSAC,125,mid,1211,2211,-0.2170248627662658,10.0,5.0,0.4342304766178131,-1.1389702796936034
DiscreteSAC,125,mid,1212,2212,-0.4080167770385742,10.0,6.0,0.7974420785903931,30.412336695194245
DiscreteSAC,125,mid,1213,2213,-0.16598809003829956,9.0,5.0,0.5195663571357727,-0.925802575217353
DiscreteSAC,125,mid,1214,2214,0.007196581363677949,10.0,5.0,0.9866623282432556,4.612785619497299
DiscreteSAC,125,mid,1215,2215,-0.2935467004776001,10.0,5.0,1.3117262125015259,9.320759230852127
DiscreteSAC,125,mid,1216,2216,-0.31445013284683226,10.0,4.0,0.6025222539901733,53.49460771679878
DiscreteSAC,125,mid,1217,2217,-0.42278158068656924,10.0,5.0,0.29958492517471313,24.983005106449127
DiscreteSAC,125,mid,1218,2218,-0.1430238389968872,9.0,4.0,0.8028712272644043,-0.9305321176846822
DiscreteSAC,125,mid,1219,2219,-0.4685926079750061,10.0,5.0,0.6289833784103394,-1.0319877207279204
DiscreteSAC,125,mid,1220,2220,-0.3362034916877747,10.0,6.0,0.9810641407966614,1.0172254920005799
DiscreteSAC,125,mid,1221,2221,-0.6327040314674378,10.0,4.0,0.8717631697654724,-0.9664731621742249
DiscreteSAC,125,mid,1222,2222,-0.07866934537887574,10.0,6.0,0.7583927512168884,11.133842873573304
DiscreteSAC,125,mid,1223,2223,-0.21583544492721557,8.0,4.0,0.8322367668151855,-1.0618735998868942
DiscreteSAC,125,mid,1224,2224,-0.1013965964317322,10.0,6.0,0.8056121468544006,0.13540742993354798
DiscreteSAC,125,mid,1225,2225,-0.35842764377593994,10.0,3.0,0.5884009003639221,-0.7789081573486328
DiscreteSAC,125,mid,1226,2226,-0.5075592994689941,10.0,3.0,0.39247220754623413,-0.6444414973258972
DiscreteSAC,125,mid,1227,2227,-0.5778788894414902,10.0,4.0,0.27895548939704895,2.0823847115039826
DiscreteSAC,125,mid,1228,2228,-0.23119526505470278,10.0,5.0,0.38128307461738586,5.411949282884597
DiscreteSAC,125,mid,1229,2229,-0.6115652322769165,10.0,3.0,0.28546857833862305,8.91364066004753
DiscreteSAC,125,mid,1230,2230,-0.5472594499588013,10.0,3.0,0.8358498811721802,0.9368715584278107
DiscreteSAC,125,mid,1231,2231,-0.32650748491287235,10.0,6.0,0.41447898745536804,-1.0465559482574462
DiscreteSAC,125,mid,1232,2232,-0.4403009429574013,10.0,5.0,0.13543711602687836,-1.0317562341690063
DiscreteSAC,125,mid,1233,2233,-0.23005136847496033,10.0,5.0,0.27005308866500854,-1.0893087148666383
DiscreteSAC,125,mid,1234,2234,-0.35003970861434935,10.0,4.0,0.7716573476791382,-1.0462192058563233
DiscreteSAC,125,mid,1235,2235,-0.12392916679382326,10.0,5.0,0.6836748719215393,-1.2175626814365388
DiscreteSAC,125,mid,1236,2236,-0.3254003763198853,10.0,5.0,0.5140178799629211,-1.7566113889217376
DiscreteSAC,125,mid,1237,2237,-0.13393391370773317,10.0,4.0,0.6020468473434448,-0.8373647272586823
DiscreteSAC,125,mid,1238,2238,-0.4329928159713745,10.0,3.0,0.4111648499965668,26.615437853336335
DiscreteSAC,125,mid,1239,2239,-0.6036547586321832,10.0,5.0,0.3190312087535858,-0.9212682962417602
DiscreteSAC,125,mid,1240,2240,-0.19043111205101013,10.0,5.0,0.48974868655204773,-0.22187191247940063
DiscreteSAC,125,mid,1241,2241,-0.4292677164077759,10.0,4.0,1.1298729181289673,-0.9382059812545777
DiscreteSAC,125,mid,1242,2242,-0.44342641234397895,10.0,4.0,0.34612730145454407,-1.0280894696712495
DiscreteSAC,125,mid,1243,2243,-0.00414797067642214,10.0,5.0,0.6234381794929504,-0.9816726088523865
DiscreteSAC,125,mid,1244,2244,-0.4251192331314087,10.0,4.0,0.6494918465614319,14.709750032424926
DiscreteSAC,125,mid,1245,2245,-0.19987325906753534,9.0,4.0,0.876987099647522,891.8652364942762
DiscreteSAC,125,mid,1246,2246,-0.1671413540840149,10.0,6.0,0.7995508909225464,8.234536719322204
DiscreteSAC,125,mid,1247,2247,-0.44577537626028063,10.0,5.0,0.14791366457939148,0.173795622587204
DiscreteSAC,125,mid,1248,2248,-0.450876796245575,10.0,5.0,0.6410379409790039,-0.8453909158706665
DiscreteSAC,125,mid,1249,2249,-0.5038184642791748,10.0,4.0,0.6124501824378967,-1.6704871892929076
DiscreteSAC,125,mid,1250,2250,-0.35430790185928346,10.0,4.0,0.5940923094749451,-1.039328008890152
DiscreteSAC,125,mid,1251,2251,-0.16598089933395388,10.0,5.0,0.6562089920043945,-1.0106267392635346
DiscreteSAC,125,mid,1252,2252,-0.175560736656189,10.0,5.0,0.8312326669692993,-1.0044798254966736
DiscreteSAC,125,mid,1253,2253,-0.1928041696548462,10.0,6.0,0.7978553175926208,102.83172817230225
DiscreteSAC,125,mid,1254,2254,-0.10657005310058595,10.0,7.0,0.618245005607605,-0.9843859732151031
DiscreteSAC,125,mid,1255,2255,-0.4744586318731308,10.0,4.0,0.1415044069290161,130.847725045681
DiscreteSAC,125,mid,1256,2256,-0.33903322219848636,10.0,6.0,0.5092061758041382,-0.5871545076370239
DiscreteSAC,125,mid,1257,2257,-0.12501778721809387,7.0,4.0,0.23957200348377228,-0.20982067925589426
DiscreteSAC,125,mid,1258,2258,-0.12330691814422612,10.0,7.0,0.5388991236686707,19.412380892038346
DiscreteSAC,125,mid,1259,2259,0.12063204765319824,8.0,5.0,0.946121096611023,16.55682496726513
DiscreteSAC,125,mid,1260,2260,-0.6019207030534746,10.0,5.0,0.34769701957702637,17.448204308748245
DiscreteSAC,125,mid,1261,2261,-0.46834237277507784,10.0,5.0,0.25539931654930115,4.557806468009948
DiscreteSAC,125,mid,1262,2262,-0.38718452453613283,10.0,5.0,0.6730746030807495,30.93328057229519
DiscreteSAC,125,mid,1263,2263,-0.4776960611343384,10.0,3.0,0.7361618280410767,-0.49429277777671815
DiscreteSAC,125,mid,1264,2264,-0.24040812492370606,9.0,5.0,0.8411739468574524,-0.9058481057484945
DiscreteSAC,125,mid,1265,2265,-0.205087947845459,10.0,7.0,0.7544856071472168,-0.6666853785514831
DiscreteSAC,125,mid,1266,2266,-0.4756714105606079,10.0,3.0,0.8051804900169373,-0.011383181810379029
DiscreteSAC,125,mid,1267,2267,-0.28926575183868414,10.0,3.0,0.7449069619178772,-0.9521405875682831
DiscreteSAC,125,mid,1268,2268,-0.3106972098350525,10.0,6.0,0.8279604315757751,-1.0873200178146363
DiscreteSAC,125,mid,1269,2269,-0.24487943649291993,10.0,4.0,0.4258398413658142,-1.0748665809631348
DiscreteSAC,125,mid,1270,2270,-0.7102285325527191,10.0,3.0,0.4128151834011078,-1.140077567100525
DiscreteSAC,125,mid,1271,2271,-0.4206738591194153,10.0,4.0,0.5500554442405701,-0.8687454521656036
DiscreteSAC,125,mid,1272,2272,-0.05833631038665772,8.0,4.0,1.0323023796081543,-1.0925589874386787
DiscreteSAC,125,mid,1273,2273,-0.5655144721269608,10.0,4.0,0.2464919090270996,-1.0860806345939635
DiscreteSAC,125,mid,1274,2274,-0.4004774510860443,10.0,4.0,0.49026384949684143,-1.0985697031021118
DiscreteSAC,125,mid,1275,2275,-0.4918604493141175,10.0,5.0,0.6209201812744141,49.871526741981505
DiscreteSAC,125,mid,1276,2276,-0.495391321182251,10.0,4.0,0.8002480864524841,283.0603714346886
DiscreteSAC,125,mid,1277,2277,-0.41990448236465455,10.0,4.0,0.6300815343856812,-0.5031630337238312
DiscreteSAC,125,mid,1278,2278,-0.4470516264438629,10.0,4.0,0.44486165046691895,29.94229507446289
DiscreteSAC,125,mid,1279,2279,-0.6106396257877351,10.0,5.0,0.5569435358047485,1.4993046879768372
DiscreteSAC,125,mid,1280,2280,-0.542584964632988,10.0,5.0,0.36328956484794617,-0.7577106773853302
DiscreteSAC,125,mid,1281,2281,-0.4908966511487961,10.0,5.0,0.24144162237644196,-0.7153871953487396
DiscreteSAC,125,mid,1282,2282,-0.4726073265075685,10.0,4.0,0.5313356518745422,-0.9554898560047149
DiscreteSAC,125,mid,1283,2283,-0.5140639066696168,10.0,4.0,0.2939101755619049,-1.0193371534347535
DiscreteSAC,125,mid,1284,2284,-0.5672134399414063,10.0,5.0,0.3294678032398224,-1.0297430634498597
DiscreteSAC,125,mid,1285,2285,-0.4867156267166138,10.0,4.0,0.6539074778556824,10.864002501964569
DiscreteSAC,125,mid,1286,2286,-0.4979900538921356,10.0,4.0,0.4952292740345001,3.1557574331760407
DiscreteSAC,125,mid,1287,2287,-0.4415142059326172,10.0,4.0,0.8142045736312866,-1.0353728830814362
DiscreteSAC,125,mid,1288,2288,-0.14040793001651763,7.0,4.0,0.2248401641845703,-1.027131165776934
DiscreteSAC,125,mid,1289,2289,-0.3390406370162964,10.0,5.0,0.4687735140323639,61.678156924247745
DiscreteSAC,125,mid,1290,2290,-0.019106090068817125,5.0,4.0,0.7377397418022156,3.4928863286972045
DiscreteSAC,125,mid,1291,2291,-0.20883444547653202,10.0,6.0,0.5271333456039429,-0.9730920672416687
DiscreteSAC,125,mid,1292,2292,-0.19070559740066528,10.0,3.0,0.8477193713188171,-1.0202455341815948
DiscreteSAC,125,mid,1293,2293,-0.10451699495315549,10.0,6.0,0.6839133501052856,17.40248218178749
DiscreteSAC,125,mid,1294,2294,-0.5257180526852607,10.0,4.0,0.1983473300933838,3.0578925728797914
DiscreteSAC,125,mid,1295,2295,-0.36806675195693966,10.0,5.0,0.8689714670181274,-0.9709609746932983
DiscreteSAC,125,mid,1296,2296,-0.27461764812469486,10.0,6.0,0.8368512988090515,2.1193647384643555
DiscreteSAC,125,mid,1297,2297,0.0641966438293457,9.0,5.0,0.8605166673660278,143.254728462961
DiscreteSAC,125,mid,1298,2298,-0.38405199944972995,10.0,6.0,0.24397405982017517,31.12343637943268
DiscreteSAC,125,mid,1299,2299,-0.11668624877929691,10.0,5.0,0.9503403902053833,2.5493695080280303
DiscreteSAC,125,mid,1300,2300,-0.7370066583156587,10.0,5.0,0.5049663782119751,21.839242494106294
DiscreteSAC,125,mid,1301,2301,-0.3936942577362061,10.0,6.0,0.6439663171768188,-1.3207756638526917
DiscreteSAC,125,mid,1302,2302,-0.17327710390090942,10.0,5.0,0.8586412072181702,-1.49273322224617
DiscreteSAC,125,mid,1303,2303,-0.3196215867996216,10.0,5.0,0.6552658081054688,-0.9724481642246247
DiscreteSAC,125,mid,1304,2304,-0.2060701298713684,8.0,5.0,0.5735363960266113,-1.0147870928049088
DiscreteSAC,125,mid,1305,2305,-0.5621957033872605,10.0,3.0,0.2668982148170471,-1.6647730469703674
DiscreteSAC,125,mid,1306,2306,-0.3109122157096863,10.0,5.0,0.5556322336196899,-2.0047101020812987
DiscreteSAC,125,mid,1307,2307,-0.1304904443025589,7.0,5.0,0.2870396077632904,14.963722552571978
DiscreteSAC,125,mid,1308,2308,-0.35159512758255007,10.0,5.0,0.5042358636856079,-0.7252711772918701
DiscreteSAC,125,mid,1309,2309,-0.1679427266120911,10.0,5.0,0.9439815878868103,27.815427762269973
DiscreteSAC,125,mid,1310,2310,-0.41977595388889316,10.0,6.0,0.24401023983955383,-0.8369606256484985
DiscreteSAC,125,mid,1311,2311,-0.2895887267589569,7.0,5.0,0.3965681493282318,-1.3892512236322676
DiscreteSAC,125,mid,1312,2312,-0.3997900128364563,10.0,5.0,0.5396585464477539,-0.8026099860668182
DiscreteSAC,125,mid,1313,2313,-0.5571042120456696,10.0,4.0,0.2727459669113159,-0.9681045711040497
DiscreteSAC,125,mid,1314,2314,-0.564576217532158,10.0,5.0,0.3706982135772705,-0.9624845802783966
DiscreteSAC,125,mid,1315,2315,-0.4585507452487946,10.0,5.0,0.43692824244499207,0.08250613212585449
DiscreteSAC,125,mid,1316,2316,0.02751800477504729,9.0,6.0,0.24147097766399384,138.282287451956
DiscreteSAC,125,mid,1317,2317,-0.3094400489330292,9.0,5.0,0.41434019804000854,-0.8034942348798116
DiscreteSAC,125,mid,1318,2318,-0.1688261151313782,10.0,4.0,0.8255786299705505,-2.054686516523361
DiscreteSAC,125,mid,1319,2319,-0.1005563187599182,8.0,5.0,0.9184007048606873,-0.15551599115133286
DiscreteSAC,125,mid,1320,2320,-0.2845330357551575,10.0,4.0,0.5813919901847839,-3.25303635597229
DiscreteSAC,125,mid,1321,2321,-0.07835787773132326,9.0,5.0,0.8632296323776245,-0.9876981112692091
DiscreteSAC,125,mid,1322,2322,-0.4954481363296509,10.0,5.0,1.1774073839187622,18.235052877664565
DiscreteSAC,125,mid,1323,2323,-0.3450221347808838,8.0,4.0,0.7607170343399048,-0.8248487561941147
DiscreteSAC,125,mid,1324,2324,-0.36932896375656127,10.0,4.0,0.35192856192588806,2.811264526844025
DiscreteSAC,125,mid,1325,2325,-0.40290387272834777,10.0,7.0,0.4819636046886444,-0.7858600616455078
DiscreteSAC,125,mid,1326,2326,-0.26983379125595097,10.0,7.0,0.7728534936904907,-0.8578342080116272
DiscreteSAC,125,mid,1327,2327,-0.3217000007629395,10.0,5.0,0.9158872365951538,1.8669472813606263
DiscreteSAC,125,mid,1328,2328,-0.24212303161621096,10.0,5.0,1.1216636896133423,0.2437574803829193
DiscreteSAC,125,mid,1329,2329,-0.021916515827178976,7.0,5.0,0.8356404304504395,-0.9305826936449323
DiscreteSAC,125,mid,1330,2330,-0.1913106679916382,10.0,5.0,0.528001070022583,-2.147026705741882
DiscreteSAC,125,mid,1331,2331,-0.14443297386169435,10.0,4.0,0.5478195548057556,-1.101775598526001
DiscreteSAC,125,mid,1332,2332,-0.3454958438873291,10.0,5.0,0.6715582609176636,-1.0151545584201813
DiscreteSAC,125,mid,1333,2333,-0.6261863112449647,10.0,3.0,0.6445377469062805,-1.0849576890468597
DiscreteSAC,125,mid,1334,2334,-0.4064247101545334,10.0,5.0,0.2271590530872345,-1.0556796431541442
DiscreteSAC,125,mid,1335,2335,-0.28899755477905276,10.0,5.0,0.597730278968811,-1.0601364850997925
DiscreteSAC,125,mid,1336,2336,-0.40539453029632566,10.0,3.0,0.34042826294898987,-1.0558265089988708
DiscreteSAC,125,mid,1337,2337,-0.43197641968727113,10.0,4.0,0.4372090697288513,-0.8964565634727478
DiscreteSAC,125,mid,1338,2338,-0.2908993244171143,10.0,7.0,0.5355836749076843,-1.0055466771125794
DiscreteSAC,125,mid,1339,2339,-0.17223281860351564,10.0,4.0,0.9946192502975464,0.2623066484928131
DiscreteSAC,125,mid,1340,2340,-0.08927731513977048,10.0,7.0,0.6260411143302917,24.37908905148506
DiscreteSAC,125,mid,1341,2341,-0.21321959733963008,9.0,6.0,0.31791332364082336,-2.32120011250178
DiscreteSAC,125,mid,1342,2342,-0.6053724288940431,10.0,3.0,1.0681122541427612,0.14575133323669434
DiscreteSAC,125,mid,1343,2343,-0.21828251481056216,10.0,5.0,0.3917181193828583,0.5007303357124329
DiscreteSAC,125,mid,1344,2344,-0.40109236240386964,10.0,4.0,0.7695746421813965,-0.9647610366344452
DiscreteSAC,125,mid,1345,2345,-0.4841871023178101,10.0,6.0,0.39971235394477844,-1.0699530839920044
DiscreteSAC,125,mid,1346,2346,0.19968759059906008,6.0,5.0,0.7315254807472229,-0.8552330434322357
DiscreteSAC,125,mid,1347,2347,-0.4304958701133728,10.0,4.0,0.8265307545661926,-0.9824285268783569
DiscreteSAC,125,mid,1348,2348,-0.23352066278457642,10.0,6.0,0.5147010684013367,-0.9149481892585755
DiscreteSAC,125,mid,1349,2349,-0.1908914256095886,8.0,3.0,0.7450249791145325,-0.8392047062516212
DiscreteSAC,125,mid,1350,2350,-0.273750638961792,10.0,6.0,0.8008953928947449,-0.9054540932178498
DiscreteSAC,125,mid,1351,2351,-0.3656100034713745,10.0,3.0,0.717600405216217,3.581984120607376
DiscreteSAC,125,mid,1352,2352,-0.4246545672416687,10.0,5.0,0.7320314049720764,-1.110431396961212
DiscreteSAC,125,mid,1353,2353,-0.1760245203971863,10.0,5.0,0.5856786966323853,270.97367902994154
DiscreteSAC,125,mid,1354,2354,-0.45758726000785827,10.0,4.0,0.49967673420906067,-0.8223924756050109
DiscreteSAC,125,mid,1355,2355,-0.2510362470149994,9.0,4.0,0.13589389622211456,-0.9591535925865173
DiscreteSAC,125,mid,1356,2356,-0.4556948959827423,10.0,4.0,0.43251514434814453,60.96122534871101
DiscreteSAC,125,mid,1357,2357,-0.3453856134414673,9.0,5.0,0.4966403841972351,-1.056392616695828
DiscreteSAC,125,mid,1358,2358,-0.11063169479370115,9.0,4.0,1.0003730058670044,-0.7269376251432631
DiscreteSAC,125,mid,1359,2359,-0.5031660243868828,10.0,4.0,0.12063147872686386,107.99571682214737
DiscreteSAC,125,mid,1360,2360,-0.6977475702762606,10.0,4.0,0.5483216643333435,15.71226624250412
DiscreteSAC,125,mid,1361,2361,-0.3590557098388672,10.0,4.0,1.2117797136306763,2.215438014268875
DiscreteSAC,125,mid,1362,2362,-0.3551844358444214,10.0,3.0,0.7479276657104492,-1.8692773401737213
DiscreteSAC,125,mid,1363,2363,-0.4583692133426666,10.0,7.0,0.413867712020874,-0.8139475524425507
DiscreteSAC,125,mid,1364,2364,-0.38709611892700196,10.0,4.0,0.48960405588150024,-0.8879852414131164
DiscreteSAC,125,mid,1365,2365,0.10246710777282714,10.0,6.0,0.6307312250137329,-2.074072629213333
DiscreteSAC,125,mid,1366,2366,-0.37387924641370773,10.0,5.0,0.22362741827964783,-1.0102459371089936
DiscreteSAC,125,mid,1367,2367,-0.28942064046859745,10.0,6.0,0.6831299066543579,-3.3982445538043975
DiscreteSAC,125,mid,1368,2368,-0.4513693988323212,10.0,5.0,0.44390466809272766,-0.7863647699356079
DiscreteSAC,125,mid,1369,2369,-0.44785598516464237,10.0,6.0,0.7169313430786133,19.73052313327789
DiscreteSAC,125,mid,1370,2370,-0.5558125495910646,10.0,4.0,0.2678908407688141,5.513828605413437
DiscreteSAC,125,mid,1371,2371,-0.21518551349639892,9.0,4.0,0.6668999791145325,0.9861579140027364
DiscreteSAC,125,mid,1372,2372,-0.1620604944229126,7.0,4.0,0.979509174823761,4.349197421755109
DiscreteSAC,125,mid,1373,2373,-0.36596091985702517,10.0,5.0,0.7614863514900208,-0.8824463844299316
DiscreteSAC,125,mid,1374,2374,-0.22773807048797612,10.0,7.0,1.0001533031463623,-0.9618478894233704
DiscreteSAC,125,mid,1375,2375,-0.4196790099143982,10.0,5.0,0.6751726269721985,-1.0637843549251556
DiscreteSAC,125,mid,1376,2376,-0.07943717241287235,10.0,6.0,0.7552023530006409,-0.7736050426959992
DiscreteSAC,125,mid,1377,2377,-0.3618142932653427,10.0,4.0,0.3028019368648529,-0.31641802191734314
DiscreteSAC,125,mid,1378,2378,-0.5537509888410569,10.0,4.0,0.28905385732650757,21.86591879725456
DiscreteSAC,125,mid,1379,2379,-0.6350832402706146,10.0,4.0,0.572095513343811,81.11905809640885
DiscreteSAC,125,mid,1380,2380,-0.14067442715167994,5.0,4.0,0.36038926243782043,-0.6266366362571716
DiscreteSAC,125,mid,1381,2381,-0.40853109359741213,10.0,5.0,0.848728597164154,1.1891200512647628
DiscreteSAC,125,mid,1382,2382,-0.47595146894454954,10.0,6.0,0.8943520784378052,-2.06486000418663
DiscreteSAC,125,mid,1383,2383,-0.27287702798843383,9.0,4.0,0.8642488121986389,2.5350965791278415
DiscreteSAC,125,mid,1384,2384,-0.4701128721237183,10.0,4.0,0.5858028531074524,1915.2690693110228
DiscreteSAC,125,mid,1385,2385,-0.07889878273010255,7.0,4.0,1.025049090385437,-0.7437608752931867
DiscreteSAC,125,mid,1386,2386,-0.21754959821701053,10.0,6.0,0.7053738236427307,-0.713578748703003
DiscreteSAC,125,mid,1387,2387,-0.3112480878829956,10.0,5.0,0.686309814453125,-0.8874280631542206
DiscreteSAC,125,mid,1388,2388,-0.616808158159256,10.0,4.0,0.35058823227882385,-0.9484476685523987
DiscreteSAC,125,mid,1389,2389,-0.5919076162576676,8.0,3.0,0.5378786325454712,-0.9958105310797691
DiscreteSAC,125,mid,1390,2390,-0.3729830026626587,10.0,5.0,0.6696659922599792,-0.9718583822250366
DiscreteSAC,125,mid,1391,2391,-0.42080098390579224,10.0,3.0,0.790692925453186,-1.0073854088783265
DiscreteSAC,125,mid,1392,2392,-0.4842997029423714,10.0,6.0,0.2212432324886322,-1.0414984941482544
DiscreteSAC,125,mid,1393,2393,-0.3939978003501892,10.0,4.0,0.6490076184272766,310.9772470831871
DiscreteSAC,125,mid,1394,2394,-0.118665874004364,10.0,5.0,0.8820331692695618,-0.9755864620208741
DiscreteSAC,125,mid,1395,2395,-0.03930940628051756,10.0,7.0,0.8938723802566528,-1.974995893239975
DiscreteSAC,125,mid,1396,2396,-0.33227654695510866,10.0,5.0,0.7139077186584473,-1.9110313057899475
DiscreteSAC,125,mid,1397,2397,-0.5768396750092506,10.0,4.0,0.20393435657024384,-1.0291122019290924
DiscreteSAC,125,mid,1398,2398,-0.48624066412448885,10.0,5.0,0.30107131600379944,-1.0403656840324402
DiscreteSAC,125,mid,1399,2399,-0.6907269775867464,10.0,4.0,0.4705900549888611,-1.0748588740825653
DiscreteSAC,125,mid,1400,2400,-0.1821906566619873,10.0,5.0,0.5135956406593323,1250.0519828349352
DiscreteSAC,125,mid,1401,2401,-0.2781961321830752,10.0,6.0,0.22584858536720276,-0.9024284958839417
DiscreteSAC,125,mid,1402,2402,-0.6791570007801058,10.0,4.0,0.5134811997413635,-0.9153422892093659
DiscreteSAC,125,mid,1403,2403,-0.10060846209526063,10.0,7.0,0.3961796462535858,-0.95111563205719
DiscreteSAC,125,mid,1404,2404,-0.3303139328956604,10.0,4.0,0.8405875563621521,-1.0025277495384217
DiscreteSAC,125,mid,1405,2405,-0.008191272616386414,5.0,4.0,0.18244044482707977,-0.9057045578956604
DiscreteSAC,125,mid,1406,2406,-0.42805918455123904,10.0,5.0,0.5726862549781799,231.63381878733634
DiscreteSAC,125,mid,1407,2407,-0.3854562878608704,10.0,5.0,0.25233781337738037,107.70778451561928
DiscreteSAC,125,mid,1408,2408,-0.5126936554908753,10.0,4.0,0.7220668792724609,-1.6029344737529754
DiscreteSAC,125,mid,1409,2409,-0.24470380544662476,10.0,6.0,0.7854929566383362,-1.040163552761078
DiscreteSAC,125,mid,1410,2410,-0.38933624029159547,10.0,4.0,0.507851243019104,-1.0427544593811036
DiscreteSAC,125,mid,1411,2411,-0.07882843852043155,9.0,6.0,0.2549622654914856,-1.0048150950007968
DiscreteSAC,125,mid,1412,2412,-0.3328833103179932,10.0,4.0,1.0105230808258057,-1.0485879957675934
DiscreteSAC,125,mid,1413,2413,-0.41140096783638,10.0,5.0,0.3594873249530792,-1.0195738613605498
DiscreteSAC,125,mid,1414,2414,-0.2504380106925964,10.0,6.0,0.6849478483200073,213.91056323051453
DiscreteSAC,125,mid,1415,2415,-0.32384007215499877,9.0,4.0,0.7922371625900269,7.883439852131738
DiscreteSAC,125,mid,1416,2416,-0.08055629074573516,9.0,5.0,0.24442259967327118,188.70748335785336
DiscreteSAC,125,mid,1417,2417,-0.45718546360731127,10.0,5.0,0.17888475954532623,-0.9566577076911926
DiscreteSAC,125,mid,1418,2418,-0.3739248722791672,10.0,6.0,0.27330419421195984,-0.2276295840740204
DiscreteSAC,125,mid,1419,2419,-0.27864340633153917,9.0,6.0,0.2076483964920044,41.25264126062393
DiscreteSAC,125,mid,1420,2420,-0.5697975873947143,10.0,4.0,0.2790975570678711,0.8071515738964081
DiscreteSAC,125,mid,1421,2421,0.07705086708068848,6.0,4.0,0.4399344325065613,-1.0494118134180705
DiscreteSAC,125,mid,1422,2422,-0.47806873321533205,10.0,5.0,0.9652560353279114,-0.987911480665207
DiscreteSAC,125,mid,1423,2423,-0.5195622980594635,10.0,5.0,0.2623773217201233,125.14551504850388
DiscreteSAC,125,mid,1424,2424,-0.4564039871096611,10.0,5.0,0.14209821820259094,-0.5943025052547455
DiscreteSAC,125,mid,1425,2425,-0.2759201943874359,10.0,4.0,0.3186054527759552,-0.8704622149467468
DiscreteSAC,125,mid,1426,2426,-0.48339463472366334,10.0,4.0,0.6629737615585327,1751.3334960579873
DiscreteSAC,125,mid,1427,2427,-0.562002056837082,10.0,5.0,0.5017837285995483,9.667461019754409
DiscreteSAC,125,mid,1428,2428,-0.5123048245906829,10.0,4.0,0.4221939444541931,1708.9159570008517
DiscreteSAC,125,mid,1429,2429,-0.6189329266548158,10.0,5.0,0.45626744627952576,1347.7317690432071
DiscreteSAC,125,mid,1430,2430,-0.1691030025482178,10.0,6.0,1.22838294506073,-1.0495494842529296
DiscreteSAC,125,mid,1431,2431,-0.14931967258453374,10.0,5.0,0.7188196778297424,8.386471205949784
DiscreteSAC,125,mid,1432,2432,-0.41125949621200564,10.0,5.0,0.4537043571472168,15.545972472429275
DiscreteSAC,125,mid,1433,2433,0.039059336185455346,8.0,5.0,0.9990141987800598,-1.059078462421894
DiscreteSAC,125,mid,1434,2434,-0.16069534480571745,6.0,3.0,0.2716864049434662,-1.0102379818757374
DiscreteSAC,125,mid,1435,2435,-0.29866143465042116,10.0,5.0,0.6451515555381775,-1.1047499060630799
DiscreteSAC,125,mid,1436,2436,-0.4045109570026398,10.0,4.0,0.4758077561855316,-1.0565952777862548
DiscreteSAC,125,mid,1437,2437,-0.1511808180809021,9.0,6.0,0.4833381474018097,304.86762985918256
DiscreteSAC,125,mid,1438,2438,-0.6030167162418366,10.0,4.0,0.3077111542224884,425.6240285158157
DiscreteSAC,125,mid,1439,2439,-0.31400523185729984,10.0,6.0,0.7150059938430786,-1.0078258216381073
DiscreteSAC,125,mid,1440,2440,-0.20510132312774662,10.0,4.0,0.7276291847229004,-0.9888049721717834
DiscreteSAC,125,mid,1441,2441,-0.32252382636070254,10.0,5.0,0.2796606421470642,118.9596559226513
DiscreteSAC,125,mid,1442,2442,-0.5582868099212647,10.0,5.0,0.7096828818321228,-0.34450032114982604
DiscreteSAC,125,mid,1443,2443,-0.42193552255630495,10.0,5.0,0.484320729970932,-1.0159646272659302
DiscreteSAC,125,mid,1444,2444,-0.5302585512399673,10.0,3.0,0.15763846039772034,106.73785955905915
DiscreteSAC,125,mid,1445,2445,-0.5641685962677002,10.0,5.0,0.8959881067276001,-0.9419075071811676
DiscreteSAC,125,mid,1446,2446,-0.36246273159980774,9.0,5.0,0.5407083630561829,-0.07480821344587538
DiscreteSAC,125,mid,1447,2447,-0.4510132908821106,10.0,5.0,0.5932105779647827,180.17552586197854
DiscreteSAC,125,mid,1448,2448,-0.4670800924301148,10.0,6.0,0.7018283009529114,1926.655944365263
DiscreteSAC,125,mid,1449,2449,-0.3318767428398133,10.0,7.0,0.4886927902698517,-1.0253043532371522
DiscreteSAC,125,mid,1450,2450,-0.4382304072380066,10.0,4.0,0.7371376752853394,-0.9221617758274079
DiscreteSAC,125,mid,1451,2451,0.15073859453201296,4.0,4.0,0.9133078455924988,-1.1443911790847778
DiscreteSAC,125,mid,1452,2452,-0.31400734782218936,10.0,6.0,0.2545565366744995,342.108455991745
DiscreteSAC,125,mid,1453,2453,-0.3489375114440918,10.0,3.0,0.7265710234642029,-0.9690783083438873
DiscreteSAC,125,mid,1454,2454,0.05049502849578858,5.0,4.0,0.7003323435783386,-0.9266696691513061
DiscreteSAC,125,mid,1455,2455,-0.35984292030334475,10.0,5.0,0.711252748966217,113.51027536392212
DiscreteSAC,125,mid,1456,2456,-0.5032720685005188,10.0,4.0,0.5631415843963623,38.08703860044479
DiscreteSAC,125,mid,1457,2457,-0.4110647797584534,10.0,6.0,0.9061437845230103,145.50630427598952
DiscreteSAC,125,mid,1458,2458,-0.42650825381278995,10.0,6.0,0.34637004137039185,-2.2298798859119415
DiscreteSAC,125,mid,1459,2459,-0.11668212234973908,7.0,4.0,0.19154873490333557,108.99597511972699
DiscreteSAC,125,mid,1460,2460,-0.46734578609466554,10.0,4.0,0.815647304058075,-0.7726705014705658
DiscreteSAC,125,mid,1461,2461,0.0077313232421875044,7.0,4.0,0.7883691787719727,1.0580960512161255
DiscreteSAC,125,mid,1462,2462,-0.293049430847168,10.0,6.0,1.1127126216888428,91.97658419013024
DiscreteSAC,125,mid,1463,2463,-0.5072757840156557,10.0,5.0,0.21453581750392914,0.5911498248577118
DiscreteSAC,125,mid,1464,2464,-0.5022474050521851,10.0,4.0,0.5826595425605774,1.7093168795108795
DiscreteSAC,125,mid,1465,2465,-0.3394479870796204,10.0,4.0,0.9567261338233948,0.3089812397956848
DiscreteSAC,125,mid,1466,2466,-0.3381341964006424,10.0,6.0,0.3457581102848053,-0.6735324561595917
DiscreteSAC,125,mid,1467,2467,-0.2829949498176575,10.0,5.0,0.7984508872032166,-0.6627059400081634
DiscreteSAC,125,mid,1468,2468,-0.4439772188663483,10.0,4.0,0.35638850927352905,248.04159749746321
DiscreteSAC,125,mid,1469,2469,-0.5297652602195739,10.0,4.0,0.481015682220459,67.97143790125847
DiscreteSAC,125,mid,1470,2470,-0.22354234457015992,10.0,6.0,0.2673930823802948,2.55572971701622
DiscreteSAC,125,mid,1471,2471,-0.3746229648590088,10.0,5.0,0.8181748986244202,9.272460913658142
DiscreteSAC,125,mid,1472,2472,-0.4011239528656006,10.0,4.0,0.609495997428894,-0.8057186305522919
DiscreteSAC,125,mid,1473,2473,-0.4545950651168824,10.0,6.0,0.7944959998130798,-1.6549731492996216
DiscreteSAC,125,mid,1474,2474,0.18551588535308838,7.0,4.0,0.6828323006629944,-0.2251857348850795
DiscreteSAC,125,mid,1475,2475,-0.3500174641609192,10.0,6.0,0.3313429653644562,-0.5292352557182312
DiscreteSAC,125,mid,1476,2476,-0.3863781809806824,10.0,4.0,0.7067028880119324,0.23358717560768127
DiscreteSAC,125,mid,1477,2477,-0.32292933464050294,10.0,4.0,0.7786126732826233,102.55544782876969
DiscreteSAC,125,mid,1478,2478,-0.500062844157219,10.0,6.0,0.37097951769828796,1.217131459712982
DiscreteSAC,125,mid,1479,2479,-0.482164603471756,10.0,4.0,0.24732334911823273,-0.6219554960727691
DiscreteSAC,125,mid,1480,2480,-0.0928744578361511,4.0,3.0,0.44069090485572815,-0.868775486946106
DiscreteSAC,125,mid,1481,2481,-0.341548764705658,10.0,5.0,0.5341930389404297,-0.6699331283569336
DiscreteSAC,125,mid,1482,2482,-0.40143004655838016,10.0,6.0,0.2943320870399475,-0.7899785041809082
DiscreteSAC,125,mid,1483,2483,-0.23680486679077148,10.0,5.0,0.826773464679718,6.393488645553589
DiscreteSAC,125,mid,1484,2484,-0.4014550805091858,10.0,6.0,0.5637818574905396,-1.7111340820789338
DiscreteSAC,125,mid,1485,2485,-0.19588944911956785,10.0,6.0,0.584542453289032,-0.8369805753231049
DiscreteSAC,125,mid,1486,2486,-0.7998915731906894,10.0,4.0,0.7605363130569458,-0.9626435935497284
DiscreteSAC,125,mid,1487,2487,-0.12057169675827029,10.0,5.0,0.5666922330856323,108.71374871730805
DiscreteSAC,125,mid,1488,2488,0.2894779396057129,8.0,5.0,0.8073850870132446,0.22973276674747467
DiscreteSAC,125,mid,1489,2489,-0.35363432168960574,10.0,5.0,0.8042077422142029,-0.6918947100639343
DiscreteSAC,125,mid,1490,2490,-0.44441805481910707,10.0,4.0,0.18309517204761505,2.871946668624878
DiscreteSAC,125,mid,1491,2491,-0.4585120648145676,10.0,4.0,0.15548302233219147,0.6490292191505432
DiscreteSAC,125,mid,1492,2492,-0.30172731876373293,10.0,5.0,0.7726012468338013,87.25737879872322
DiscreteSAC,125,mid,1493,2493,-0.2751449465751648,10.0,4.0,0.8658407330513,5.814325726032257
DiscreteSAC,125,mid,1494,2494,-0.4450796484947205,10.0,5.0,0.31577059626579285,1.1485028266906738
DiscreteSAC,125,mid,1495,2495,-0.363111686706543,10.0,4.0,0.6920725107192993,3.5896098613739014
DiscreteSAC,125,mid,1496,2496,-0.4780219614505768,10.0,4.0,0.1649928092956543,-0.23196715712547303
DiscreteSAC,125,mid,1497,2497,-0.4591228783130646,10.0,4.0,0.28802555799484253,-0.7415714204311371
DiscreteSAC,125,mid,1498,2498,-0.35205008685588834,10.0,6.0,0.23123793303966522,5.341954857110977
DiscreteSAC,125,mid,1499,2499,-0.5649501442909242,10.0,6.0,0.6343926191329956,71.18629785180092
DiscreteSAC,125,mid,1500,2500,-0.15333331823349,10.0,4.0,0.41733354330062866,4214.519941562414
DiscreteSAC,125,mid,1501,2501,-0.4809634923934936,10.0,5.0,1.1055548191070557,104.64404345154762
DiscreteSAC,125,mid,1502,2502,-0.41075496673583983,10.0,4.0,0.3752288222312927,-0.43955252766609193
DiscreteSAC,125,mid,1503,2503,0.08862530589103695,10.0,6.0,0.3605155050754547,-0.7938430607318878
DiscreteSAC,125,mid,1504,2504,-0.6617463469505311,10.0,5.0,0.39702898263931274,-0.5555384516716003
DiscreteSAC,125,mid,1505,2505,-0.4931536287069321,10.0,4.0,0.11898493021726608,-0.780142605304718
DiscreteSAC,125,mid,1506,2506,-0.5780224800109863,10.0,3.0,0.7271732687950134,-0.9216087937355042
DiscreteSAC,125,mid,1507,2507,-0.4726095855236054,10.0,6.0,0.3777621388435364,-1.0534298717975616
DiscreteSAC,125,mid,1508,2508,-0.3971696257591248,10.0,6.0,0.7519330978393555,-1.0250351190567017
DiscreteSAC,125,mid,1509,2509,-0.07485716581344605,9.0,4.0,0.7158728837966919,-0.8147283660040961
DiscreteSAC,125,mid,1510,2510,-0.2407494962215424,10.0,7.0,0.25860595703125,965.2415006577969
DiscreteSAC,125,mid,1511,2511,-0.1975888252258301,10.0,5.0,1.0157215595245361,-0.5517160713672637
DiscreteSAC,125,mid,1512,2512,-0.48166064620018006,10.0,4.0,0.39872652292251587,-0.8692108631134033
DiscreteSAC,125,mid,1513,2513,-0.4690257653594017,10.0,4.0,0.10931527614593506,-0.8838583290576935
DiscreteSAC,125,mid,1514,2514,-0.007802658081054667,8.0,4.0,1.1363192796707153,155.39454656094313
DiscreteSAC,125,mid,1515,2515,-0.3156920433044434,10.0,6.0,0.815703809261322,-1.086160957813263
DiscreteSAC,125,mid,1516,2516,-0.388012433052063,10.0,5.0,0.5427703261375427,434.3078245639801
DiscreteSAC,125,mid,1517,2517,-0.3944141507148743,10.0,5.0,0.3049839437007904,256.39657602906226
DiscreteSAC,125,mid,1518,2518,-0.2726000124216079,9.0,5.0,0.1677914410829544,-0.9376798603269789
DiscreteSAC,125,mid,1519,2519,-0.4093915194272995,10.0,4.0,0.21789969503879547,-1.0721951246261596
DiscreteSAC,125,mid,1520,2520,-0.3549413913488388,9.0,3.0,0.2753349840641022,160.86441250642142
DiscreteSAC,125,mid,1521,2521,-0.5055077910423279,10.0,5.0,0.30331721901893616,-0.9765085875988007
DiscreteSAC,125,mid,1522,2522,-0.4059157133102417,10.0,6.0,0.6465563178062439,82.84697245955468
DiscreteSAC,125,mid,1523,2523,-0.2927375197410584,10.0,6.0,0.379987895488739,-0.9304298460483551
DiscreteSAC,125,mid,1524,2524,-0.29003454446792604,10.0,4.0,0.5316142439842224,-0.9070295929908753
DiscreteSAC,125,mid,1525,2525,-0.4791517093777657,10.0,6.0,0.23402024805545807,-0.8864496409893036
DiscreteSAC,125,mid,1526,2526,-0.49880085587501527,10.0,4.0,0.49400296807289124,23.72182273864746
DiscreteSAC,125,mid,1527,2527,-0.1330608010292053,10.0,4.0,0.8665351271629333,8.370093882083893
DiscreteSAC,125,mid,1528,2528,-0.4149166256189346,10.0,6.0,0.23204658925533295,-1.0187129855155945
DiscreteSAC,125,mid,1529,2529,0.04118381977081301,6.0,5.0,0.7748420834541321,1036.663802464803
DiscreteSAC,125,mid,1530,2530,-0.4509678483009339,10.0,8.0,0.4738556444644928,-0.553429925441742
DiscreteSAC,125,mid,1531,2531,-0.22499982118606568,10.0,6.0,0.6293414235115051,185.33849509358407
DiscreteSAC,125,mid,1532,2532,-0.6320349991321565,10.0,4.0,0.302630752325058,14.31375636458397
DiscreteSAC,125,mid,1533,2533,-0.5025180578231812,10.0,3.0,0.7439241409301758,9.944273948669434
DiscreteSAC,125,mid,1534,2534,-0.249836939573288,10.0,7.0,0.4606764614582062,-0.6570439606904983
DiscreteSAC,125,mid,1535,2535,-0.041825079917907744,10.0,5.0,1.1434757709503174,0.4385646045207977
DiscreteSAC,125,mid,1536,2536,-0.2289371132850647,10.0,5.0,0.7508114576339722,-2.387247097492218
DiscreteSAC,125,mid,1537,2537,-0.33623942732810974,10.0,3.0,0.33385413885116577,-0.9208194613456726
DiscreteSAC,125,mid,1538,2538,-0.37433227300643923,10.0,5.0,0.5521422624588013,-0.8711925387382508
DiscreteSAC,125,mid,1539,2539,-0.29758868217468265,10.0,6.0,1.0153981447219849,-0.966694039106369
DiscreteSAC,125,mid,1540,2540,-0.6434805214405062,10.0,4.0,0.6072011590003967,21.33080675005913
DiscreteSAC,125,mid,1541,2541,-0.4497595429420471,10.0,3.0,0.945790708065033,-0.9632309257984162
DiscreteSAC,125,mid,1542,2542,-0.26946363449096683,10.0,6.0,0.7569574117660522,13.923290699720383
DiscreteSAC,125,mid,1543,2543,-0.32912654876708985,10.0,4.0,0.5927912592887878,-0.8819860517978668
DiscreteSAC,125,mid,1544,2544,-0.5593548297882082,10.0,7.0,0.6354078650474548,4942.384251305461
DiscreteSAC,125,mid,1545,2545,-0.07944619894027712,9.0,5.0,0.7115400433540344,265.3195880519019
DiscreteSAC,125,mid,1546,2546,-0.25178155899047855,10.0,6.0,0.8976336121559143,-0.47991124987602235
DiscreteSAC,125,mid,1547,2547,-0.33603379130363464,10.0,5.0,0.5591918230056763,224.61957014799117
DiscreteSAC,125,mid,1548,2548,-0.45616204738616956,10.0,4.0,0.5875778794288635,-0.8566848456859588
DiscreteSAC,125,mid,1549,2549,-0.3448012709617615,10.0,5.0,0.7108639478683472,7.0891793191432955
DiscreteSAC,125,mid,1550,2550,-0.2416584014892578,10.0,4.0,0.48683542013168335,35.29838538169861
DiscreteSAC,125,mid,1551,2551,-0.35333517789840696,10.0,6.0,0.6759325861930847,-0.3775524437427521
DiscreteSAC,125,mid,1552,2552,-0.3805332660675049,10.0,7.0,0.7632949948310852,82.16926609277725
DiscreteSAC,125,mid,1553,2553,0.01314684152603146,10.0,6.0,0.6609646677970886,3635.140036070347
DiscreteSAC,125,mid,1554,2554,-0.43533329367637635,10.0,4.0,0.31280073523521423,-0.9104144752025605
DiscreteSAC,125,mid,1555,2555,-0.1782771599292755,7.0,4.0,0.3427343964576721,465.1500610964639
DiscreteSAC,125,mid,1556,2556,-0.30953689813613894,10.0,5.0,0.5578652620315552,-1.0369595050811768
DiscreteSAC,125,mid,1557,2557,-0.42439612150192263,10.0,5.0,0.745366096496582,-1.025034099817276
DiscreteSAC,125,mid,1558,2558,0.211394681930542,6.0,3.0,0.8048032522201538,221.48911037047705
DiscreteSAC,125,mid,1559,2559,-0.33413276672363285,10.0,6.0,0.8153356909751892,-1.0211581766605378
DiscreteSAC,125,mid,1560,2560,-0.3786904811859131,10.0,3.0,0.5392405986785889,-1.0422001898288726
DiscreteSAC,125,mid,1561,2561,-0.31421478986740115,10.0,5.0,0.6902119517326355,406.3001732945442
DiscreteSAC,125,mid,1562,2562,-0.48614535927772523,10.0,4.0,0.23015345633029938,-1.046578598022461
DiscreteSAC,125,mid,1563,2563,0.019234895706176786,10.0,5.0,1.061926245689392,-0.811241227388382
DiscreteSAC,125,mid,1564,2564,-0.7297699570655825,10.0,4.0,0.6512560844421387,-0.678059560060501
DiscreteSAC,125,mid,1565,2565,-0.5206679821014405,10.0,4.0,0.7494454979896545,120.05587294697762
DiscreteSAC,125,mid,1566,2566,-0.33543214797973636,10.0,6.0,1.0873024463653564,96.09709447622299
DiscreteSAC,125,mid,1567,2567,-0.17540507555007934,9.0,4.0,0.5740004777908325,-0.6989047328631083
DiscreteSAC,125,mid,1568,2568,-0.40568441003561023,10.0,6.0,0.15145638585090637,-0.7284464418888092
DiscreteSAC,125,mid,1569,2569,-0.4673624634742737,10.0,3.0,0.8371372818946838,-0.44879681468009947
DiscreteSAC,125,mid,1570,2570,-0.28704225063323974,9.0,4.0,0.4089987576007843,-0.37014781766467625
DiscreteSAC,125,mid,1571,2571,-0.3194865703582764,10.0,4.0,0.6566696763038635,4228.683999925852
DiscreteSAC,125,mid,1572,2572,-0.33138006925582886,10.0,5.0,0.6000185012817383,-0.8110455870628357
DiscreteSAC,125,mid,1573,2573,-0.47869577407836916,10.0,5.0,0.9518533945083618,346.1243072509766
DiscreteSAC,125,mid,1574,2574,-0.7502287328243258,10.0,3.0,0.620269775390625,-0.956589686870575
DiscreteSAC,125,mid,1575,2575,-0.44917013049125676,10.0,7.0,0.6365203857421875,-1.0271977245807649
DiscreteSAC,125,mid,1576,2576,-0.45464896559715273,10.0,5.0,0.20256780087947845,303.5686915278435
DiscreteSAC,125,mid,1577,2577,-0.5614086925983429,10.0,5.0,0.4481229782104492,-0.6706765174865723
DiscreteSAC,125,mid,1578,2578,-0.2719810426235199,10.0,6.0,0.5655932426452637,-1.0427316188812257
DiscreteSAC,125,mid,1579,2579,-0.23510352373123167,10.0,6.0,0.6746654510498047,-0.9236834287643433
DiscreteSAC,125,mid,1580,2580,-0.45013802528381347,8.0,4.0,0.9599772095680237,499.38520580530167
DiscreteSAC,125,mid,1581,2581,-0.08334605932235715,4.0,3.0,0.1831812709569931,-0.8043725788593292
DiscreteSAC,125,mid,1582,2582,-0.4609439045190811,10.0,4.0,0.09788163751363754,385.5474625885487
DiscreteSAC,125,mid,1583,2583,-0.22425053119659424,10.0,6.0,0.6458220481872559,115.38111723661423
DiscreteSAC,125,mid,1584,2584,-0.4376144647598267,10.0,5.0,0.8280755281448364,16.201360559463502
DiscreteSAC,125,mid,1585,2585,0.04623394966125486,9.0,5.0,0.7384646534919739,131.6440872285101
DiscreteSAC,125,mid,1586,2586,-0.5432878524065018,10.0,5.0,0.3546793460845947,-0.8047963112592698
DiscreteSAC,125,mid,1587,2587,-0.39632017612457277,10.0,4.0,0.6766735911369324,0.27640712857246397
DiscreteSAC,125,mid,1588,2588,-0.22586073875427246,10.0,5.0,0.6895738244056702,-0.7924767017364502
DiscreteSAC,125,mid,1589,2589,-0.44538595974445344,10.0,4.0,0.19899509847164154,83.21174646615982
DiscreteSAC,125,mid,1590,2590,-0.8172919154167178,10.0,3.0,0.9399834871292114,75.44364061951637
DiscreteSAC,125,mid,1591,2591,-0.29391460299491884,8.0,6.0,0.4644749164581299,-0.9213422536849976
DiscreteSAC,125,mid,1592,2592,-0.3928554892539978,10.0,5.0,0.8834385275840759,0.6868206143379212
DiscreteSAC,125,mid,1593,2593,-0.5221746683120728,10.0,4.0,0.6127604246139526,-0.26721628904342654
DiscreteSAC,125,mid,1594,2594,-0.4038160562515259,10.0,4.0,0.6218639612197876,23.98487074971199
DiscreteSAC,125,mid,1595,2595,-0.4167154453694821,10.0,6.0,0.1273748129606247,-0.4312474012374878
DiscreteSAC,125,mid,1596,2596,-0.2667692029476166,9.0,5.0,0.41653013229370117,-0.4544188578923543
DiscreteSAC,125,mid,1597,2597,-0.15018078088760375,10.0,5.0,0.8642060160636902,5253.326664206385
DiscreteSAC,125,mid,1598,2598,-0.3357990801334381,10.0,4.0,0.22609984874725342,215.90454856157302
DiscreteSAC,125,mid,1599,2599,-0.8336006760597231,10.0,3.0,0.65992671251297,457.1308182477951
DiscreteSAC,125,mid,1600,2600,-0.494845312833786,10.0,4.0,0.40619829297065735,-0.740297120809555
DiscreteSAC,125,mid,1601,2601,-0.5789749890565872,10.0,4.0,0.2191658914089203,0.43390161395072935
DiscreteSAC,125,mid,1602,2602,-0.28579120874404906,9.0,4.0,0.9897274374961853,-0.7559037804603577
DiscreteSAC,125,mid,1603,2603,-0.34835768938064576,10.0,4.0,0.38914424180984497,551.0666849017143
DiscreteSAC,125,mid,1604,2604,0.06305319070816041,5.0,4.0,0.4714317321777344,0.19609588384628296
DiscreteSAC,125,mid,1605,2605,-0.19872515201568602,5.0,3.0,0.6526796221733093,-0.8659653544425965
DiscreteSAC,125,mid,1606,2606,-0.15196999311447146,10.0,5.0,0.5505776405334473,924.4429352581501
DiscreteSAC,125,mid,1607,2607,-0.24805947542190554,10.0,5.0,0.7661443948745728,565.9858897924423
DiscreteSAC,125,mid,1608,2608,-0.3104949712753296,10.0,4.0,0.5705747008323669,-0.733318543434143
DiscreteSAC,125,mid,1609,2609,-0.4593394160270691,10.0,6.0,0.6689122319221497,1390.893396139145
DiscreteSAC,125,mid,1610,2610,-0.0933573067188263,10.0,4.0,0.44160816073417664,-0.7171524882316589
DiscreteSAC,125,mid,1611,2611,-0.5081218838691712,10.0,6.0,0.6743160486221313,-0.7603091180324555
DiscreteSAC,125,mid,1612,2612,-0.3755592107772827,10.0,5.0,0.43984368443489075,-0.8045942425727844
DiscreteSAC,125,mid,1613,2613,-0.6637604355812075,10.0,4.0,1.0602961778640747,-1.777951419353485
DiscreteSAC,125,mid,1614,2614,-0.3148732602596283,10.0,6.0,0.39575642347335815,-0.6745530903339386
DiscreteSAC,125,mid,1615,2615,-0.32348366975784304,10.0,5.0,0.29041215777397156,-0.786870950460434
DiscreteSAC,125,mid,1616,2616,-0.46339752674102785,10.0,5.0,0.3986801505088806,-0.8840429902076721
DiscreteSAC,125,mid,1617,2617,-0.5583186566829682,10.0,4.0,0.38287824392318726,390.31451919078825
DiscreteSAC,125,mid,1618,2618,-0.2089565122127533,9.0,5.0,0.11521230638027191,-1.103646715482076
DiscreteSAC,125,mid,1619,2619,-0.3614287614822388,10.0,5.0,0.815097987651825,37.552412420511246
DiscreteSAC,125,mid,1620,2620,-0.18508639931678772,5.0,4.0,0.46243515610694885,525.39123762846
DiscreteSAC,125,mid,1621,2621,-0.38888343572616574,10.0,5.0,0.4426586329936981,0.580918937921524
DiscreteSAC,125,mid,1622,2622,-0.5022920191287995,10.0,4.0,0.3186693787574768,-0.5924532532691955
DiscreteSAC,125,mid,1623,2623,-0.25005260705947874,10.0,6.0,0.681960940361023,109.49471316337585
DiscreteSAC,125,mid,1624,2624,-0.446601414680481,10.0,5.0,0.5871970057487488,548.0269631862641
DiscreteSAC,125,mid,1625,2625,-0.20350862145423892,10.0,6.0,0.2530774474143982,2.362310308218002
DiscreteSAC,125,mid,1626,2626,-0.6495888501405715,10.0,4.0,0.43778395652770996,265.10511600375173
DiscreteSAC,125,mid,1627,2627,-0.16769194006919863,10.0,5.0,0.3674996793270111,223.81242628693582
DiscreteSAC,125,mid,1628,2628,-0.5110532462596895,10.0,4.0,0.539703905582428,-0.445561283826828
DiscreteSAC,125,mid,1629,2629,-0.5097970873117448,10.0,6.0,0.2762811481952667,-0.7640892028808594
DiscreteSAC,125,mid,1630,2630,-0.12122032642364507,10.0,6.0,0.7662741541862488,2.5974474370479586
DiscreteSAC,125,mid,1631,2631,-0.5399058699607849,10.0,5.0,0.7101340889930725,-0.8377195775508881
DiscreteSAC,125,mid,1632,2632,-0.22481587529182434,10.0,5.0,0.33841758966445923,0.5392165958881379
DiscreteSAC,125,mid,1633,2633,-0.5559211730957032,10.0,6.0,0.8150221109390259,-0.7164180219173432
DiscreteSAC,125,mid,1634,2634,-0.6633228778839113,10.0,4.0,0.5922146439552307,-0.6414492070674896
DiscreteSAC,125,mid,1635,2635,-0.5893789768218995,10.0,5.0,0.7871432900428772,-0.6977612137794494
DiscreteSAC,125,mid,1636,2636,-0.39690246880054475,10.0,4.0,0.2427694946527481,-4.340322059392929
DiscreteSAC,125,mid,1637,2637,-0.5357335925102233,10.0,4.0,1.0846350193023682,-0.786838299036026
DiscreteSAC,125,mid,1638,2638,-0.4552833378314972,10.0,5.0,0.3383210301399231,35.069503808021544
DiscreteSAC,125,mid,1639,2639,-0.5802264809608461,10.0,3.0,0.675201952457428,78.87662456631661
DiscreteSAC,125,mid,1640,2640,-0.2932325959205627,10.0,6.0,0.9131155014038086,2.4710027396678926
DiscreteSAC,125,mid,1641,2641,-0.558077871799469,10.0,3.0,0.6604136228561401,-0.148634672164917
DiscreteSAC,125,mid,1642,2642,-0.4917511582374573,10.0,5.0,0.8023377656936646,-0.34746275544166566
DiscreteSAC,125,mid,1643,2643,-0.2795704424381256,10.0,4.0,0.39763882756233215,-5.114869856834412
DiscreteSAC,125,mid,1644,2644,-0.027121615409851092,10.0,4.0,1.2156856060028076,-0.9362823009490967
DiscreteSAC,125,mid,1645,2645,-0.37313218116760255,10.0,4.0,0.5329477190971375,-2.868138575553894
DiscreteSAC,125,mid,1646,2646,-0.3311853766441345,10.0,6.0,0.8604078888893127,-0.747203254699707
DiscreteSAC,125,mid,1647,2647,-0.4076723575592041,10.0,4.0,0.5690552592277527,-0.9502132892608642
DiscreteSAC,125,mid,1648,2648,-0.4585459649562836,10.0,4.0,0.29217347502708435,-0.9798210322856903
DiscreteSAC,125,mid,1649,2649,-0.2992086410522461,10.0,5.0,0.5333330035209656,-0.923161381483078
DiscreteSAC,125,mid,1650,2650,-0.29958834648132326,10.0,5.0,0.6387932896614075,-0.9709783613681793
DiscreteSAC,125,mid,1651,2651,-0.44048171639442446,10.0,5.0,0.32088565826416016,-0.9633187592029572
DiscreteSAC,125,mid,1652,2652,-0.59558984041214,10.0,5.0,0.3945181667804718,7.003426843881607
DiscreteSAC,125,mid,1653,2653,-0.5047556698322296,10.0,5.0,0.41093212366104126,11.393072056770325
DiscreteSAC,125,mid,1654,2654,-0.24220099449157717,10.0,5.0,0.8470511436462402,-0.417440664768219
DiscreteSAC,125,mid,1655,2655,-0.32396802902221683,10.0,6.0,0.27279040217399597,272.76382833719254
DiscreteSAC,125,mid,1656,2656,-0.306578540802002,10.0,5.0,0.7866213917732239,-0.7407267987728119
DiscreteSAC,125,mid,1657,2657,-0.30926200151443484,10.0,5.0,0.6507091522216797,-0.7265323758125305
DiscreteSAC,125,mid,1658,2658,-0.3159859800338745,9.0,5.0,0.28310754895210266,17.21843170457416
DiscreteSAC,125,mid,1659,2659,-0.33805329203605655,10.0,6.0,0.4610256254673004,-0.6538511216640472
DiscreteSAC,125,mid,1660,2660,-0.555557918548584,10.0,4.0,0.1955806463956833,-0.9115272998809815
DiscreteSAC,125,mid,1661,2661,-0.02429031133651738,10.0,7.0,0.75694340467453,-0.6841757714748382
DiscreteSAC,125,mid,1662,2662,-0.11865483760833744,9.0,4.0,0.6218327283859253,2610.5977194574143
DiscreteSAC,125,mid,1663,2663,-0.4885701179504394,10.0,5.0,0.8668814897537231,0.8480174601078033
DiscreteSAC,125,mid,1664,2664,-0.4422671586275101,10.0,5.0,0.2669927477836609,238.26255460977555
DiscreteSAC,125,mid,1665,2665,-0.2783968329429627,10.0,7.0,0.9951844811439514,0.6780404508113861
DiscreteSAC,125,mid,1666,2666,-0.31779527068138125,10.0,5.0,0.38105279207229614,157.59068774580956
DiscreteSAC,125,mid,1667,2667,-0.24919041395187377,10.0,5.0,0.7230615615844727,0.1977527379989624
DiscreteSAC,125,mid,1668,2668,-0.36652536392211915,10.0,4.0,1.0437979698181152,-0.7039742887020111
DiscreteSAC,125,mid,1669,2669,-0.37934101819992067,10.0,4.0,0.7175117135047913,53.458647871017455
DiscreteSAC,125,mid,1670,2670,-0.28575136661529543,10.0,5.0,1.1190508604049683,-0.9481798827648162
DiscreteSAC,125,mid,1671,2671,-0.2625318348407745,10.0,4.0,0.26015812158584595,30.08361964225769
DiscreteSAC,125,mid,1672,2672,-0.3226916551589966,10.0,6.0,0.6516948938369751,-0.8778343856334686
DiscreteSAC,125,mid,1673,2673,-0.34976285696029663,10.0,3.0,0.5540614128112793,1.3972126424312592
DiscreteSAC,125,mid,1674,2674,-0.24992933273315432,10.0,5.0,0.7983868718147278,1.163566768169403
DiscreteSAC,125,mid,1675,2675,-0.41605534553527834,10.0,5.0,0.6839327216148376,156.89086058735847
DiscreteSAC,125,mid,1676,2676,-0.025741847753524782,4.0,4.0,0.46122169494628906,494.1619061604142
DiscreteSAC,125,mid,1677,2677,0.11385387659072874,7.0,4.0,0.530670702457428,-0.1615994828087943
DiscreteSAC,125,mid,1678,2678,-0.4806733727455139,10.0,3.0,0.6162925362586975,2.2490408658981322
DiscreteSAC,125,mid,1679,2679,-0.22240784168243408,10.0,5.0,0.7391749024391174,177.14135315418244
DiscreteSAC,125,mid,1680,2680,-0.3024139761924744,10.0,6.0,0.8555430769920349,0.02490643858909607
DiscreteSAC,125,mid,1681,2681,-0.11169375002384187,7.0,4.0,0.23322783410549164,10616.563323259354
DiscreteSAC,125,mid,1682,2682,-0.44682772159576417,10.0,4.0,0.7880889773368835,-0.09150722920894623
DiscreteSAC,125,mid,1683,2683,-0.4809372663497925,10.0,5.0,0.2835482060909271,133.57950539588927
DiscreteSAC,125,mid,1684,2684,-0.21779307126998904,10.0,5.0,0.5927055478096008,-0.5584463655948639
DiscreteSAC,125,mid,1685,2685,-0.5763727098703385,10.0,4.0,0.3580315113067627,-0.6872267067432404
DiscreteSAC,125,mid,1686,2686,-0.36893090009689333,10.0,5.0,0.6689338684082031,-0.7980653524398804
DiscreteSAC,125,mid,1687,2687,-0.43065704107284547,10.0,4.0,0.7485991716384888,-0.7657361149787902
DiscreteSAC,125,mid,1688,2688,-0.0031550380587577753,3.0,3.0,0.1745723932981491,-0.8550577958424886
DiscreteSAC,125,mid,1689,2689,-0.3000136810541153,8.0,5.0,0.3934294879436493,120.84977367520332
DiscreteSAC,125,mid,1690,2690,-0.8008568787574769,9.0,4.0,1.1899434328079224,-2.037125998073154
DiscreteSAC,125,mid,1691,2691,-0.1324084448814392,8.0,5.0,0.67818683385849,-0.7829591557383537
DiscreteSAC,125,mid,1692,2692,-0.5331498980522156,10.0,3.0,0.8052862882614136,-0.8778598427772522
DiscreteSAC,125,mid,1693,2693,-0.4839287340641022,10.0,5.0,0.5127549767494202,-4.124336403608322
DiscreteSAC,125,mid,1694,2694,-0.6647761762142183,10.0,3.0,0.47250229120254517,-0.8561134696006775
DiscreteSAC,125,mid,1695,2695,-0.6494500160217287,10.0,4.0,1.0142792463302612,-0.8508473336696625
DiscreteSAC,125,mid,1696,2696,-0.314749139547348,10.0,4.0,0.30825257301330566,0.33193730711936953
DiscreteSAC,125,mid,1697,2697,-0.34157882928848265,10.0,4.0,0.6423864364624023,-0.9747966647148132
DiscreteSAC,125,mid,1698,2698,-0.4863046407699585,10.0,3.0,0.8388751745223999,455.15593857765197
DiscreteSAC,125,mid,1699,2699,-0.21095334529876708,9.0,4.0,0.5892820358276367,-0.8337021403842502
DiscreteSAC,125,mid,1700,2700,-0.10835307836532594,10.0,5.0,0.8458274006843567,-0.8615052402019501
DiscreteSAC,125,mid,1701,2701,-0.6187492728233337,10.0,4.0,0.389310747385025,15.046696174144746
DiscreteSAC,125,mid,1702,2702,-0.4008537888526917,10.0,6.0,0.3834000527858734,762.8217701613903
DiscreteSAC,125,mid,1703,2703,-0.509699696302414,10.0,5.0,0.3242519795894623,256.650069963932
DiscreteSAC,125,mid,1704,2704,-0.04871436357498171,10.0,5.0,0.8568913340568542,-0.742107218503952
DiscreteSAC,125,mid,1705,2705,-0.1452939534187317,9.0,5.0,0.34580197930336,-0.567611296971639
DiscreteSAC,125,mid,1706,2706,-0.47516014575958254,10.0,5.0,0.2120051383972168,-0.676745480298996
DiscreteSAC,125,mid,1707,2707,-0.30366904735565187,10.0,4.0,0.5511080622673035,99.4998947262764
DiscreteSAC,125,mid,1708,2708,-0.2499169945716858,10.0,5.0,0.6828769445419312,71.54075585007668
DiscreteSAC,125,mid,1709,2709,-0.5034881591796876,10.0,6.0,0.7187272906303406,58.33238399028778
DiscreteSAC,125,mid,1710,2710,-0.48548593521118166,10.0,5.0,0.3537880480289459,-0.5006950616836547
DiscreteSAC,125,mid,1711,2711,-0.4835236936807632,10.0,4.0,0.27608928084373474,2.392510885000229
DiscreteSAC,125,mid,1712,2712,-0.5956567943096162,10.0,4.0,0.4443270266056061,-0.542143851518631
DiscreteSAC,125,mid,1713,2713,0.09331004619598388,10.0,4.0,0.43142086267471313,0.012333208322525024
DiscreteSAC,125,mid,1714,2714,-0.9120198905467989,10.0,4.0,0.9403086304664612,259.4796131789684
DiscreteSAC,125,mid,1715,2715,-0.5075972318649292,10.0,5.0,0.5364100337028503,274.23312605023386
DiscreteSAC,125,mid,1716,2716,-0.1745591759681701,10.0,5.0,0.5632242560386658,1.7455903828144073
DiscreteSAC,125,mid,1717,2717,-0.06795856595039367,9.0,5.0,0.4921382963657379,-2.3477381004227533
DiscreteSAC,125,mid,1718,2718,-0.30231974601745604,8.0,3.0,1.119367241859436,525.0685317739844
DiscreteSAC,125,mid,1719,2719,-0.42272402048110963,10.0,4.0,0.9440761804580688,7.01436265707016
DiscreteSAC,125,mid,1720,2720,-0.44157572984695437,10.0,5.0,0.3554619252681732,18.633180981874467
DiscreteSAC,125,mid,1721,2721,-0.37206563949584964,10.0,6.0,0.7747798562049866,6.669061461091042
DiscreteSAC,125,mid,1722,2722,-0.13893287897109985,7.0,4.0,0.1252443790435791,1.7991190212113517
DiscreteSAC,125,mid,1723,2723,-0.46966180801391605,10.0,6.0,0.20139338076114655,32.238551729917525
DiscreteSAC,125,mid,1724,2724,-0.19037790775299074,8.0,6.0,0.5457736849784851,-0.2440706044435501
DiscreteSAC,125,mid,1725,2725,-0.2870101273059845,10.0,5.0,0.36502179503440857,8.60041800737381
DiscreteSAC,125,mid,1726,2726,-0.3286412000656128,10.0,5.0,1.0434142351150513,0.6294393718242646
DiscreteSAC,125,mid,1727,2727,-0.43860780596733095,10.0,5.0,0.25503775477409363,40.40989116430283
DiscreteSAC,125,mid,1728,2728,-0.3655718207359314,10.0,5.0,0.8673766255378723,-0.021107041835784913
DiscreteSAC,125,mid,1729,2729,-0.5203806579113007,10.0,4.0,0.410118967294693,-0.6349702477455139
DiscreteSAC,125,mid,1730,2730,-0.10800617456436158,7.0,4.0,0.7236928939819336,-0.5941542557307652
DiscreteSAC,125,mid,1731,2731,-0.28830460727214813,7.0,4.0,0.34824126958847046,-0.0934518575668335
DiscreteSAC,125,mid,1732,2732,-0.546116778254509,10.0,5.0,0.2308109998703003,-0.7597202599048615
DiscreteSAC,125,mid,1733,2733,-0.08083819866180418,7.0,4.0,0.8690559267997742,13.515084317752294
DiscreteSAC,125,mid,1734,2734,-0.5271185576915741,10.0,5.0,0.5002921223640442,24.87942490577698
DiscreteSAC,125,mid,1735,2735,-0.4444234162569046,10.0,5.0,0.17886964976787567,-0.3833662450313568
DiscreteSAC,125,mid,1736,2736,-0.41016518622636794,10.0,7.0,0.2150273621082306,94.23388895988464
DiscreteSAC,125,mid,1737,2737,-0.5066182136535645,10.0,4.0,0.8834710717201233,-0.7627429485321044
DiscreteSAC,125,mid,1738,2738,-0.5156810075044632,10.0,5.0,0.22583436965942383,-0.5815388858318329
DiscreteSAC,125,mid,1739,2739,-0.4792629241943359,10.0,6.0,0.7027774453163147,-0.4247639775276184
DiscreteSAC,125,mid,1740,2740,-0.31108738183975215,10.0,6.0,0.7087032198905945,-0.28201608657836913
DiscreteSAC,125,mid,1741,2741,-0.2824339985847473,10.0,4.0,0.6066480875015259,-3.6256786227226256
DiscreteSAC,125,mid,1742,2742,-0.25997176170349123,10.0,5.0,0.9598101377487183,-0.7071338832378388
DiscreteSAC,125,mid,1743,2743,-0.47412583827972415,10.0,3.0,0.2790447771549225,-0.709864592552185
DiscreteSAC,125,mid,1744,2744,-0.4486462265253067,10.0,5.0,0.28059712052345276,0.7620776891708374
DiscreteSAC,125,mid,1745,2745,-0.584725046157837,10.0,5.0,0.39621782302856445,-0.6326634466648102
DiscreteSAC,125,mid,1746,2746,0.09806227803230286,8.0,7.0,0.4911583364009857,2.4673916697502136
DiscreteSAC,125,mid,1747,2747,-0.7996439456939699,10.0,4.0,1.1353439092636108,44.79370502829552
DiscreteSAC,125,mid,1748,2748,-0.1302529096603394,10.0,4.0,1.2975032329559326,0.9737688183784485
DiscreteSAC,125,mid,1749,2749,-0.324584436416626,10.0,4.0,0.6409392952919006,1.7894948303699494
DiscreteSAC,125,mid,1750,2750,-0.16149676859378814,7.0,4.0,0.25391262769699097,-0.17867840187890188
DiscreteSAC,125,mid,1751,2751,-0.28827860951423645,10.0,5.0,0.3552558124065399,-0.4816284000873566
DiscreteSAC,125,mid,1752,2752,-0.41340702772140503,10.0,3.0,0.5274027585983276,-0.6306884288787842
DiscreteSAC,125,mid,1753,2753,-0.2860584485530853,8.0,4.0,0.5807905197143555,0.9850224852561951
DiscreteSAC,125,mid,1754,2754,-0.5409640073776245,10.0,3.0,0.9034308791160583,222.86137402653694
DiscreteSAC,125,mid,1755,2755,-0.28694686293601995,10.0,3.0,0.17509892582893372,48.91418389678002
DiscreteSAC,125,mid,1756,2756,-0.07959007978439332,6.0,4.0,0.30659574270248413,5809.641959915559
DiscreteSAC,125,mid,1757,2757,-0.12440677523612977,4.0,3.0,0.6049246788024902,0.8765346556901932
DiscreteSAC,125,mid,1758,2758,-0.30423524379730227,10.0,5.0,0.4621885418891907,6.460513234138489
DiscreteSAC,125,mid,1759,2759,-0.24720730781555178,10.0,7.0,0.7171552777290344,6.498926174640656
DiscreteSAC,125,mid,1760,2760,-0.21261764764785768,10.0,6.0,0.6104029417037964,1030.7758334875107
DiscreteSAC,125,mid,1761,2761,-0.4350850865244866,10.0,6.0,0.18105439841747284,84.11121168136597
DiscreteSAC,125,mid,1762,2762,-0.15091907382011416,10.0,5.0,0.36031994223594666,6.053754031658173
DiscreteSAC,125,mid,1763,2763,-0.3513173818588257,10.0,6.0,0.5895903706550598,7.206484007835388
DiscreteSAC,125,mid,1764,2764,-0.32674084305763246,10.0,4.0,0.47335579991340637,-0.1691504180431366
DiscreteSAC,125,mid,1765,2765,-0.408017036318779,10.0,4.0,0.18887870013713837,6.752341789007187
DiscreteSAC,125,mid,1766,2766,-0.4847517728805542,10.0,4.0,0.6146730184555054,24.28824958205223
DiscreteSAC,125,mid,1767,2767,-0.1810755729675293,10.0,5.0,0.6886987686157227,0.9386227011680603
DiscreteSAC,125,mid,1768,2768,-0.2500144481658936,10.0,5.0,1.26462721824646,11.793094956874848
DiscreteSAC,125,mid,1769,2769,-0.4542376726865769,10.0,7.0,0.34432315826416016,0.43028187155723574
DiscreteSAC,125,mid,1770,2770,0.03025291681289677,8.0,6.0,0.374329537153244,2320.2685746774077
DiscreteSAC,125,mid,1771,2771,-0.26914818882942204,10.0,7.0,0.1886982023715973,0.4102210193872452
DiscreteSAC,125,mid,1772,2772,-0.4518644005060196,10.0,5.0,0.20847120881080627,724.1363688111305
DiscreteSAC,125,mid,1773,2773,-0.4461100101470947,10.0,3.0,0.7161508798599243,1.5086622416973114
DiscreteSAC,125,mid,1774,2774,-0.3274649024009705,10.0,5.0,0.6238026022911072,31.291438156366347
DiscreteSAC,125,mid,1775,2775,0.04895181417465211,4.0,3.0,0.604133665561676,12.294711828231812
DiscreteSAC,125,mid,1776,2776,0.040125200748443605,4.0,3.0,0.6867485046386719,28.11800792813301
DiscreteSAC,125,mid,1777,2777,-0.2289728152751922,8.0,4.0,0.4544915556907654,-0.32830701023340225
DiscreteSAC,125,mid,1778,2778,-0.29890138506889347,10.0,6.0,0.44224220514297485,-0.4151425898075104
DiscreteSAC,125,mid,1779,2779,-0.1805273628234863,6.0,2.0,1.1941473484039307,-0.5483707884947459
DiscreteSAC,125,mid,1780,2780,-0.09819599509239198,7.0,4.0,0.32512643933296204,-0.7398895876748222
DiscreteSAC,125,mid,1781,2781,-0.1582170057296753,8.0,4.0,0.8141780495643616,-0.342976450920105
DiscreteSAC,125,mid,1782,2782,-0.041324472427368204,10.0,6.0,0.739012598991394,-0.7091884315013885
DiscreteSAC,125,mid,1783,2783,-0.4456705689430237,10.0,5.0,0.3922610580921173,34.852066934108734
DiscreteSAC,125,mid,1784,2784,-0.42408080101013185,10.0,4.0,0.6689520478248596,-0.6434224098920822
DiscreteSAC,125,mid,1785,2785,-0.2161324477195739,6.0,3.0,0.6201820969581604,-4.907336920499802
DiscreteSAC,125,mid,1786,2786,-0.13933151721954345,6.0,4.0,0.8296610713005066,-0.7924809356530508
DiscreteSAC,125,mid,1787,2787,-0.2521668910980225,10.0,5.0,1.0216033458709717,-2.047630190849304
DiscreteSAC,125,mid,1788,2788,-0.38778487443923954,10.0,6.0,0.9965659976005554,-0.7332074582576752
DiscreteSAC,125,mid,1789,2789,-0.3520835041999817,10.0,5.0,0.717568039894104,130.8239548265934
DiscreteSAC,125,mid,1790,2790,-0.10790352821350098,5.0,3.0,0.4250054955482483,-0.6804683089256287
DiscreteSAC,125,mid,1791,2791,-0.17925851821899413,8.0,4.0,0.5888069272041321,49.41271883249283
DiscreteSAC,125,mid,1792,2792,-0.6643319994211199,10.0,4.0,0.3825100362300873,-0.6474010467529296
DiscreteSAC,125,mid,1793,2793,-0.28759087324142457,10.0,4.0,0.5936565399169922,-0.6365837097167969
DiscreteSAC,125,mid,1794,2794,-0.3479809880256653,10.0,4.0,0.8938330411911011,-0.6077876210212707
DiscreteSAC,125,mid,1795,2795,-0.4198432683944702,10.0,4.0,0.33457818627357483,-0.6857662737369538
DiscreteSAC,125,mid,1796,2796,-0.7528071522712709,10.0,4.0,0.8279027342796326,10502.762099856138
DiscreteSAC,125,mid,1797,2797,-0.3501341462135315,10.0,4.0,0.8864037394523621,0.13206067085266113
DiscreteSAC,125,mid,1798,2798,-0.20944274067878726,10.0,6.0,0.3816765248775482,-0.13260259628295898
DiscreteSAC,125,mid,1799,2799,-0.2101889789104462,10.0,5.0,0.38303282856941223,687.3250407397747
DiscreteSAC,125,mid,1800,2800,-0.17042883634567263,10.0,5.0,0.990932047367096,-0.5697406530380249
DiscreteSAC,125,mid,1801,2801,-0.6011039286851884,10.0,4.0,0.30412134528160095,41.03213027715683
DiscreteSAC,125,mid,1802,2802,-0.6159281671047212,10.0,5.0,0.47041839361190796,507.65794037878516
DiscreteSAC,125,mid,1803,2803,-0.3907260209321976,10.0,6.0,0.2556876242160797,-0.7020881831645965
DiscreteSAC,125,mid,1804,2804,-0.15265769958496095,10.0,4.0,0.6953314542770386,7729.922388511896
DiscreteSAC,125,mid,1805,2805,-0.546869546175003,10.0,3.0,0.3192843794822693,-0.34569084644317627
DiscreteSAC,125,mid,1806,2806,-0.4971724271774292,10.0,4.0,0.6182782053947449,1631.4699452310801
DiscreteSAC,125,mid,1807,2807,-0.45995497405529023,10.0,4.0,0.12077103555202484,3.2182758867740633
DiscreteSAC,125,mid,1808,2808,-0.40433370471000674,10.0,5.0,0.28953197598457336,-0.7435606241226196
DiscreteSAC,125,mid,1809,2809,-0.5378837406635285,10.0,4.0,0.33853790163993835,547.5889173805714
DiscreteSAC,125,mid,1810,2810,-0.5904725909233094,10.0,4.0,0.6539140939712524,-0.7567416310310364
DiscreteSAC,125,mid,1811,2811,-0.36943037509918214,10.0,4.0,0.6900435090065002,-0.6765726327896118
DiscreteSAC,125,mid,1812,2812,-0.1042893171310425,10.0,5.0,0.728890061378479,625.696199285984
DiscreteSAC,125,mid,1813,2813,-0.5461871296167374,10.0,4.0,0.26659753918647766,-0.7083566725254059
DiscreteSAC,125,mid,1814,2814,-0.17486994147300722,8.0,6.0,0.46732574701309204,-0.6777483373880386
DiscreteSAC,125,mid,1815,2815,-0.45209463834762575,10.0,5.0,0.7595566511154175,-0.6593087375164032
DiscreteSAC,125,mid,1816,2816,-0.4751814606785774,8.0,4.0,0.3906674087047577,-0.639177992939949
DiscreteSAC,125,mid,1817,2817,-0.600883984565735,10.0,5.0,0.5220804810523987,542.3646795630455
DiscreteSAC,125,mid,1818,2818,-0.2161894768476486,10.0,4.0,0.19828982651233673,-0.6896495550870896
DiscreteSAC,125,mid,1819,2819,-0.25778430938720703,9.0,5.0,0.6239697337150574,0.21372141440709433
DiscreteSAC,125,mid,1820,2820,-0.15443697541952134,7.0,5.0,0.18629248440265656,3971.804622258459
DiscreteSAC,125,mid,1821,2821,-0.14090450048446657,9.0,6.0,0.28833702206611633,-0.0027378035916222464
DiscreteSAC,125,mid,1822,2822,-0.33218363523483274,10.0,3.0,0.7788881063461304,0.07454261779785157
DiscreteSAC,125,mid,1823,2823,-0.2296879768371582,10.0,4.0,0.3174145817756653,-0.26538147032260895
DiscreteSAC,125,mid,1824,2824,0.03388272285461428,9.0,6.0,0.6041077375411987,148.88411992788315
DiscreteSAC,125,mid,1825,2825,-0.1395546841621399,8.0,5.0,0.6960522532463074,-0.5516026504337788
DiscreteSAC,125,mid,1826,2826,-0.3865852355957031,10.0,3.0,0.9293423891067505,-0.6429075270891189
DiscreteSAC,125,mid,1827,2827,-0.10570269346237181,7.0,4.0,0.6790507435798645,311.7762988550322
DiscreteSAC,125,mid,1828,2828,-0.27352768182754517,10.0,5.0,0.9117789268493652,-0.6468867480754852
DiscreteSAC,125,mid,1829,2829,-0.3591169357299805,10.0,5.0,0.5056418776512146,-0.7023603618144989
DiscreteSAC,125,mid,1830,2830,-0.2689249992370606,10.0,7.0,0.7951980829238892,160.77502650618553
DiscreteSAC,125,mid,1831,2831,-0.1418194913864136,9.0,6.0,0.3343382179737091,-0.7036139104101393
DiscreteSAC,125,mid,1832,2832,-0.3836698889732361,10.0,6.0,0.7804805040359497,81.6241370677948
DiscreteSAC,125,mid,1833,2833,-0.08578775823116304,5.0,4.0,0.28653472661972046,-0.7036946654319763
DiscreteSAC,125,mid,1834,2834,-0.24219179153442383,10.0,3.0,0.7602709531784058,-0.35509186387062075
DiscreteSAC,125,mid,1835,2835,-0.4155423551797867,10.0,6.0,0.3069572448730469,9635.804527941345
DiscreteSAC,125,mid,1836,2836,-0.40366175174713137,10.0,5.0,1.2182681560516357,-0.4423320174217224
DiscreteSAC,125,mid,1837,2837,-0.047680909633636484,7.0,4.0,0.5108199119567871,-0.5185451507568359
DiscreteSAC,125,mid,1838,2838,-0.5702686429023744,10.0,4.0,0.8307717442512512,-0.5767474293708801
DiscreteSAC,125,mid,1839,2839,-0.5428491652011871,10.0,4.0,0.4640501141548157,1121.8373155385257
DiscreteSAC,125,mid,1840,2840,0.10904293775558468,8.0,5.0,0.840958297252655,0.09275192022323608
DiscreteSAC,125,mid,1841,2841,-0.4263450145721436,10.0,5.0,0.8381045460700989,-0.02522931694984436
DiscreteSAC,125,mid,1842,2842,-0.546353605389595,10.0,4.0,0.30477169156074524,-0.2620782732963562
DiscreteSAC,125,mid,1843,2843,-0.32153656482696535,10.0,5.0,0.9723110198974609,923.0056069850922
DiscreteSAC,125,mid,1844,2844,-0.5172986507415771,10.0,4.0,0.9419475197792053,388.1477181434631
DiscreteSAC,125,mid,1845,2845,-0.5239692866802216,10.0,5.0,0.5175255537033081,-0.5704424768686295
DiscreteSAC,125,mid,1846,2846,0.010142083168029795,8.0,5.0,0.5855875611305237,269.49181935191154
DiscreteSAC,125,mid,1847,2847,-0.06866793155670166,7.0,3.0,0.9338611364364624,-0.6078852798257556
DiscreteSAC,125,mid,1848,2848,-0.4377182722091675,10.0,3.0,1.294421911239624,-0.6708802223205567
DiscreteSAC,125,mid,1849,2849,-0.3989807963371277,10.0,3.0,0.8420138955116272,-0.6848782241344452
DiscreteSAC,125,mid,1850,2850,-0.3105848431587219,10.0,5.0,0.267121821641922,0.9150147318840027
DiscreteSAC,125,mid,1851,2851,0.012669155597686763,9.0,4.0,0.6022221446037292,-3.8959980275895862
DiscreteSAC,125,mid,1852,2852,-0.24259027242660525,10.0,5.0,0.7613938450813293,-0.751074093580246
DiscreteSAC,125,mid,1853,2853,-0.6172401142120362,7.0,3.0,0.8685896992683411,50.73830887249538
DiscreteSAC,125,mid,1854,2854,-0.20215155363082882,8.0,6.0,0.7933487892150879,-0.7690669223666191
DiscreteSAC,125,mid,1855,2855,-0.8400546282529833,10.0,4.0,0.572905421257019,111.12362209558486
DiscreteSAC,125,mid,1856,2856,-0.42434980869293215,10.0,5.0,0.8526530265808105,-0.6771543085575104
DiscreteSAC,125,mid,1857,2857,-0.08380904793739317,5.0,4.0,0.45800623297691345,-0.7420226812362671
DiscreteSAC,125,mid,1858,2858,-0.2818049120903015,8.0,4.0,0.9715144038200378,164.95629362761974
DiscreteSAC,125,mid,1859,2859,-0.7126124799251556,10.0,3.0,0.645095944404602,-0.7186248302459717
DiscreteSAC,125,mid,1860,2860,-0.3408158540725708,10.0,4.0,0.48407191038131714,-0.7450634598731994
DiscreteSAC,125,mid,1861,2861,-0.0646546280384064,6.0,5.0,0.16747954487800598,-0.7489707668622335
DiscreteSAC,125,mid,1862,2862,-0.3428721368312836,10.0,5.0,0.4267921447753906,44.270090186595915
DiscreteSAC,125,mid,1863,2863,-0.015214316844940165,3.0,3.0,0.9788681864738464,-0.8533482154210409
DiscreteSAC,125,mid,1864,2864,-0.4459212958812714,10.0,5.0,0.5450845956802368,-0.7694537222385407
DiscreteSAC,125,mid,1865,2865,-0.37892428278923035,9.0,5.0,0.6554595232009888,29.756976478629642
DiscreteSAC,125,mid,1866,2866,-0.41641446352005007,10.0,5.0,0.6424040794372559,-0.23007768392562866
DiscreteSAC,125,mid,1867,2867,-0.5459262728691102,10.0,3.0,0.5635754466056824,1088.6222368836402
DiscreteSAC,125,mid,1868,2868,-0.4270946502685547,10.0,4.0,0.8636800646781921,36.37477443814278
DiscreteSAC,125,mid,1869,2869,-0.40420428514480594,10.0,6.0,0.4261835515499115,-0.5511834174394608
DiscreteSAC,125,mid,1870,2870,-0.6914149641990661,10.0,4.0,0.5901417136192322,-0.5494053065776825
DiscreteSAC,125,mid,1871,2871,-0.24985873699188232,10.0,5.0,0.35713058710098267,-2.5855575412511826
DiscreteSAC,125,mid,1872,2872,-0.4639898180961609,10.0,5.0,0.8699949979782104,-0.027369409799575806
DiscreteSAC,125,mid,1873,2873,-0.5099316477775574,10.0,5.0,0.6386237740516663,-0.6794804811477662
DiscreteSAC,125,mid,1874,2874,-0.49223594069480897,10.0,4.0,0.3551626205444336,65.86418803334236
DiscreteSAC,125,mid,1875,2875,-0.4596294105052948,10.0,5.0,0.31177034974098206,683.3720139950514
DiscreteSAC,125,mid,1876,2876,-0.5450948864221573,10.0,5.0,0.2761270999908447,1.1225550681352616
DiscreteSAC,125,mid,1877,2877,-0.36253684759140015,10.0,5.0,0.4086858928203583,7.262101054191589
DiscreteSAC,125,mid,1878,2878,0.10393052577972411,7.0,5.0,0.7464296221733093,-0.45670156819479807
DiscreteSAC,125,mid,1879,2879,-0.7526469230651858,10.0,3.0,1.1095870733261108,-0.4622096002101898
DiscreteSAC,125,mid,1880,2880,-0.4484832644462586,10.0,6.0,0.4418547451496124,2.341928082704544
DiscreteSAC,125,mid,1881,2881,-0.12158823251724239,9.0,5.0,0.5553780794143677,11185.580085549089
DiscreteSAC,125,mid,1882,2882,-0.48971255719661716,10.0,6.0,0.2666749060153961,0.016450393199920654
DiscreteSAC,125,mid,1883,2883,-0.4873232305049896,10.0,6.0,0.5547505021095276,-0.26856218874454496
DiscreteSAC,125,mid,1884,2884,-0.05164928674697876,9.0,6.0,0.863846480846405,-0.5386487212446001
DiscreteSAC,125,mid,1885,2885,-0.09234162926673888,6.0,4.0,0.46023908257484436,-0.6415126323699951
DiscreteSAC,125,mid,1886,2886,0.2447735023498535,8.0,5.0,0.7070664167404175,-0.7261285148561001
DiscreteSAC,125,mid,1887,2887,-0.6108075350522996,10.0,4.0,0.38476988673210144,-0.7082611054182053
DiscreteSAC,125,mid,1888,2888,-0.33524346351623535,10.0,3.0,1.0284111499786377,88.83656492233277
DiscreteSAC,125,mid,1889,2889,0.05379753589630126,7.0,5.0,0.8501201272010803,-0.7335139342716762
DiscreteSAC,125,mid,1890,2890,-0.4166842222213745,10.0,4.0,0.6790559887886047,7.147453707456589
DiscreteSAC,125,mid,1891,2891,-0.27337921857833863,10.0,4.0,0.9354425072669983,-0.7068045824766159
DiscreteSAC,125,mid,1892,2892,-0.11063982963562012,7.0,6.0,0.910450279712677,1285.208701806409
DiscreteSAC,125,mid,1893,2893,-0.2786810636520386,10.0,5.0,1.0289361476898193,-0.7201260089874267
DiscreteSAC,125,mid,1894,2894,-0.3430053055286408,10.0,6.0,0.16700510680675507,-0.7096359252929687
DiscreteSAC,125,mid,1895,2895,-0.3121655106544495,10.0,4.0,0.8338820338249207,627.2855581283569
DiscreteSAC,125,mid,1896,2896,-0.3957429051399231,10.0,4.0,0.9929116368293762,-0.8249530017375946
DiscreteSAC,125,mid,1897,2897,-0.3954046273231506,9.0,4.0,1.1219054460525513,-0.6948639021979438
DiscreteSAC,125,mid,1898,2898,-0.43118498325347904,10.0,6.0,0.3092748820781708,-0.7671938300132751
DiscreteSAC,125,mid,1899,2899,-0.31818035840988157,10.0,6.0,0.6667190790176392,-0.811037278175354
DiscreteSAC,125,mid,1900,2900,-0.07438428163528442,6.0,5.0,0.5671823620796204,-0.8413532872994741
DiscreteSAC,125,mid,1901,2901,-0.186284487247467,8.0,5.0,0.9886727333068848,-0.8534599617123604
DiscreteSAC,125,mid,1902,2902,-0.13923751294612885,8.0,5.0,0.20935139060020447,-0.8474411591887474
DiscreteSAC,125,mid,1903,2903,-0.6420552849769593,10.0,4.0,0.46552518010139465,791.7409697592259
DiscreteSAC,125,mid,1904,2904,0.0641527271270752,4.0,3.0,0.7602356672286987,-0.6882761716842651
DiscreteSAC,125,mid,1905,2905,0.07104235172271728,7.0,5.0,0.6997104287147522,985.7223842144012
DiscreteSAC,125,mid,1906,2906,-0.06481611967086791,9.0,5.0,0.5757271647453308,376.03382324510153
DiscreteSAC,125,mid,1907,2907,-0.3187725365161896,10.0,4.0,0.3670383095741272,0.12608563303947448
DiscreteSAC,125,mid,1908,2908,-0.28756237030029297,10.0,5.0,0.6715707778930664,96.4813331246376
DiscreteSAC,125,mid,1909,2909,-0.1490814709663391,9.0,5.0,0.5938383340835571,0.5617659091949463
DiscreteSAC,125,mid,1910,2910,0.12543898344039917,8.0,5.0,0.4523250460624695,2.0182595029473305
DiscreteSAC,125,mid,1911,2911,-0.3905928134918213,10.0,3.0,0.7061633467674255,46.35443612337112
DiscreteSAC,125,mid,1912,2912,-0.4030320346355439,10.0,3.0,0.46849361062049866,14.493470668792725
DiscreteSAC,125,mid,1913,2913,-0.669373691082001,10.0,3.0,1.017135500907898,0.031460538506507874
DiscreteSAC,125,mid,1914,2914,-0.2752215623855591,10.0,6.0,0.902296245098114,3.538048487901688
DiscreteSAC,125,mid,1915,2915,-0.12635140419006352,10.0,7.0,0.8316782712936401,7.211679202318192
DiscreteSAC,125,mid,1916,2916,-0.28392139673233036,10.0,6.0,0.9867537617683411,1128.7822654396296
DiscreteSAC,125,mid,1917,2917,-0.05454802036285401,7.0,4.0,0.6265392303466797,-0.12593891790934972
DiscreteSAC,125,mid,1918,2918,-0.08384997844696045,10.0,6.0,0.8150413632392883,4.631657290458679
DiscreteSAC,125,mid,1919,2919,-0.3810617458820343,7.0,3.0,0.26798155903816223,4.4910516909190585
DiscreteSAC,125,mid,1920,2920,-0.05839383363723756,6.0,4.0,0.6887114644050598,0.21160194277763367
DiscreteSAC,125,mid,1921,2921,0.026324076652526854,8.0,6.0,0.3925848603248596,-0.4338216632604599
DiscreteSAC,125,mid,1922,2922,-0.23065962433815002,4.0,3.0,0.45143765211105347,-0.5777954608201981
DiscreteSAC,125,mid,1923,2923,-0.309167468547821,10.0,5.0,0.9590893387794495,-0.5563474148511887
DiscreteSAC,125,mid,1924,2924,-0.09809114456176755,7.0,6.0,0.1537116914987564,-0.46600828426224844
DiscreteSAC,125,mid,1925,2925,-0.23570666313171387,10.0,6.0,0.6866277456283569,128.6436424821615
DiscreteSAC,125,mid,1926,2926,-0.6635385572910308,10.0,4.0,0.2820391356945038,94.13942464888096
DiscreteSAC,125,mid,1927,2927,-0.20543948888778685,8.0,3.0,0.5551499724388123,8.053035631775856
DiscreteSAC,125,mid,1928,2928,-0.2232368040084839,8.0,5.0,0.7155508995056152,90.97801656275988
DiscreteSAC,125,mid,1929,2929,-0.35045801401138305,10.0,4.0,0.32723137736320496,59.97556813657284
DiscreteSAC,125,mid,1930,2930,-0.260918140411377,10.0,8.0,0.7540610432624817,0.3134386450052261
DiscreteSAC,125,mid,1931,2931,-0.3132545471191407,10.0,4.0,0.7216253876686096,-2.360886389017105
DiscreteSAC,125,mid,1932,2932,-0.351493912935257,10.0,7.0,0.2745893597602844,-0.2974195539951324
DiscreteSAC,125,mid,1933,2933,-0.2937761008739472,10.0,6.0,0.4404342472553253,-0.415860915184021
DiscreteSAC,125,mid,1934,2934,-0.3188302576541901,10.0,6.0,0.24855315685272217,156.23816251158715
DiscreteSAC,125,mid,1935,2935,-0.027081692218780526,10.0,5.0,0.8977442383766174,10.84329812526703
DiscreteSAC,125,mid,1936,2936,-0.43944239616394043,10.0,3.0,0.5006054043769836,-2.369445300102234
DiscreteSAC,125,mid,1937,2937,-0.2773404717445374,10.0,3.0,0.6037430167198181,202.14829573631286
DiscreteSAC,125,mid,1938,2938,-0.5492086410522461,10.0,3.0,0.6056533455848694,4.376446914672852
DiscreteSAC,125,mid,1939,2939,-0.3471704959869385,10.0,5.0,0.3497774302959442,278.1270565629005
DiscreteSAC,125,mid,1940,2940,-0.4439430832862854,10.0,3.0,0.9235944747924805,3.0667386293411254
DiscreteSAC,125,mid,1941,2941,-0.14838701486587524,10.0,3.0,0.853470504283905,1.2404450714588164
DiscreteSAC,125,mid,1942,2942,-0.5707896351814271,10.0,3.0,0.39965876936912537,4413.707007020712
DiscreteSAC,125,mid,1943,2943,-0.5337090402841569,10.0,6.0,0.41970115900039673,1.3228984832763673
DiscreteSAC,125,mid,1944,2944,0.00023491382598876676,5.0,3.0,0.7695755362510681,4743.79410996437
DiscreteSAC,125,mid,1945,2945,0.09489149093627929,6.0,4.0,0.8324581980705261,6.17567053437233
DiscreteSAC,125,mid,1946,2946,-0.29841286182403565,9.0,5.0,0.7862460017204285,-0.2901466422610813
DiscreteSAC,125,mid,1947,2947,-0.4912878215312958,10.0,5.0,0.2116275280714035,1.0150277942419053
DiscreteSAC,125,mid,1948,2948,-0.3543464183807373,10.0,5.0,0.3806228041648865,52.058149453997615
DiscreteSAC,125,mid,1949,2949,-0.10238955974578857,6.0,3.0,0.39859670400619507,5437.186254560947
DiscreteSAC,125,mid,1950,2950,-0.25398414611816406,8.0,4.0,0.6281668543815613,170.16403902322054
DiscreteSAC,125,mid,1951,2951,0.01926290988922119,5.0,4.0,0.44103845953941345,245.2186562895775
DiscreteSAC,125,mid,1952,2952,-0.40835119485855104,10.0,4.0,0.8617152571678162,-0.12629713416099547
DiscreteSAC,125,mid,1953,2953,-0.39090591073036196,10.0,5.0,0.2360728234052658,86.55412996411323
DiscreteSAC,125,mid,1954,2954,0.16540826559066768,10.0,7.0,0.6553911566734314,40.99341560006142
DiscreteSAC,125,mid,1955,2955,-0.6507409751415254,10.0,5.0,0.6872226595878601,0.8712337195873261
DiscreteSAC,125,mid,1956,2956,-0.29273810386657717,10.0,5.0,0.763335108757019,14.007353022694588
DiscreteSAC,125,mid,1957,2957,-0.3843186140060425,10.0,5.0,0.19428196549415588,15052.85457701087
DiscreteSAC,125,mid,1958,2958,-0.4823013037443161,10.0,5.0,0.33176088333129883,-0.17686448097229004
DiscreteSAC,125,mid,1959,2959,-0.461716365814209,10.0,4.0,0.6820102334022522,-0.17213550806045533
DiscreteSAC,125,mid,1960,2960,-0.5295139998197556,10.0,3.0,0.15838845074176788,0.24907913208007812
DiscreteSAC,125,mid,1961,2961,-0.16981124877929688,10.0,5.0,0.5631090402603149,-0.26793409287929537
DiscreteSAC,125,mid,1962,2962,-0.3342237114906311,10.0,5.0,0.30394741892814636,-0.47589725255966187
DiscreteSAC,125,mid,1963,2963,-0.5638069108128548,10.0,4.0,0.2379901111125946,-0.39890930652618406
DiscreteSAC,125,mid,1964,2964,-0.11333000898361202,9.0,5.0,0.907543957233429,-0.562729451391432
DiscreteSAC,125,mid,1965,2965,-0.027850325107574472,7.0,4.0,0.952907383441925,-0.5969300057206836
DiscreteSAC,125,mid,1966,2966,-0.21876456737518313,10.0,5.0,0.7506088614463806,10331.925280711055
DiscreteSAC,125,mid,1967,2967,-0.356663191318512,10.0,5.0,0.9726929068565369,3161.0899705946445
DiscreteSAC,125,mid,1968,2968,-0.48147332072258,10.0,5.0,0.33282238245010376,719.308646851778
DiscreteSAC,125,mid,1969,2969,-0.18564490079879764,10.0,6.0,0.630750834941864,0.16225022673606873
DiscreteSAC,125,mid,1970,2970,-0.4023703336715698,10.0,3.0,0.5168290138244629,-0.17887198328971862
DiscreteSAC,125,mid,1971,2971,-0.026506581306457513,4.0,2.0,0.26636531949043274,-0.5585471391677856
DiscreteSAC,125,mid,1972,2972,-0.18798242703080176,7.0,3.0,0.07944754511117935,-0.3467893472739628
DiscreteSAC,125,mid,1973,2973,-0.30466384887695314,10.0,4.0,0.6796411275863647,7.0662477791309355
DiscreteSAC,125,mid,1974,2974,-0.4678826630115509,10.0,3.0,0.31042739748954773,13.256161540746689
DiscreteSAC,125,mid,1975,2975,-0.4255764245986939,10.0,6.0,0.717353880405426,-0.6527950048446656
DiscreteSAC,125,mid,1976,2976,-0.32607641220092776,10.0,5.0,0.869730532169342,1323.768621957302
DiscreteSAC,125,mid,1977,2977,-0.5040843397378922,10.0,6.0,0.27108556032180786,-0.5720774352550506
DiscreteSAC,125,mid,1978,2978,-0.20420190095901491,10.0,5.0,0.5255488157272339,-0.6785039067268371
DiscreteSAC,125,mid,1979,2979,-0.3294364452362061,10.0,5.0,0.5002392530441284,-0.5802777707576752
DiscreteSAC,125,mid,1980,2980,-0.12275592505931855,7.0,4.0,0.18822479248046875,3985.68797277127
DiscreteSAC,125,mid,1981,2981,-0.1034406304359436,5.0,3.0,0.4014783501625061,-0.21704086065292358
DiscreteSAC,125,mid,1982,2982,0.045609657764434826,7.0,4.0,0.747295081615448,0.2519452231270926
DiscreteSAC,125,mid,1983,2983,-0.4658623576164246,10.0,5.0,0.6019636988639832,-0.28339402079582215
DiscreteSAC,125,mid,1984,2984,-0.03881083726882935,5.0,3.0,0.9371088743209839,-0.2773872375488281
DiscreteSAC,125,mid,1985,2985,-0.03948866844177247,7.0,4.0,0.31633856892585754,-0.3488541543483734
DiscreteSAC,125,mid,1986,2986,-0.10546223640441894,7.0,3.0,0.7546008229255676,-0.43845197558403015
DiscreteSAC,125,mid,1987,2987,-0.586735188961029,10.0,3.0,0.4284808337688446,-0.5276839077472687
DiscreteSAC,125,mid,1988,2988,-0.2333773070573807,9.0,6.0,0.18956610560417175,-0.538335939248403
DiscreteSAC,125,mid,1989,2989,-0.29719241857528683,10.0,5.0,0.5523417592048645,148.9608549773693
DiscreteSAC,125,mid,1990,2990,-0.1822065114974976,10.0,8.0,0.6335048079490662,-0.6897368431091309
DiscreteSAC,125,mid,1991,2991,-0.07595550537109373,7.0,4.0,0.6637455821037292,848.57801007373
DiscreteSAC,125,mid,1992,2992,-0.12336575746536256,6.0,4.0,0.8183988928794861,-0.5798883338769277
DiscreteSAC,125,mid,1993,2993,-0.5618205785751343,10.0,4.0,0.5315212607383728,-0.641361090540886
DiscreteSAC,125,mid,1994,2994,0.00551370292901994,4.0,4.0,0.15662458539009094,-0.5763924270868301
DiscreteSAC,125,mid,1995,2995,-0.11289849281311036,10.0,5.0,1.4754105806350708,396.0583285987377
DiscreteSAC,125,mid,1996,2996,-0.3128328680992126,10.0,6.0,0.9305339455604553,-0.7182584881782532
DiscreteSAC,125,mid,1997,2997,-0.5946834683418274,10.0,3.0,0.6334033608436584,-0.7246885895729065
DiscreteSAC,125,mid,1998,2998,0.09372650027275084,6.0,3.0,0.3168428838253021,-0.7482137878735861
DiscreteSAC,125,mid,1999,2999,-0.07072127342224123,8.0,5.0,0.6160441040992737,651.9505765140057
DiscreteSAC,125,mid,2000,3000,-0.38221546411514284,10.0,5.0,0.4028187394142151,-0.6528507530689239
