agent,seed,phase,local_episode,cumulative_episode,reward,steps,selected_regions,classification_loss,optimization_loss
DQN,25,mid,1,1001,0.09000000000000001,1.0,1.0,0.4005753695964813,0.0003181675565429032
DQN,25,mid,2,1002,0.29321861267089844,5.0,4.0,0.5135015249252319,0.00021239139314275235
DQN,25,mid,3,1003,-0.2451153302192688,4.0,3.0,0.5950537323951721,0.00028431085593183525
DQN,25,mid,4,1004,0.32304688453674313,9.0,8.0,0.7531743049621582,0.00034897226497479196
DQN,25,mid,5,1005,0.10613025903701784,2.0,2.0,0.608853816986084,0.00019272569625172764
DQN,25,mid,6,1006,-0.08395504713058473,6.0,4.0,0.3247830271720886,0.0004009763991537814
DQN,25,mid,7,1007,0.08744426250457765,2.0,2.0,0.49177175760269165,0.00023666022025281563
DQN,25,mid,8,1008,-0.04499351024627686,4.0,3.0,0.21469826996326447,0.0002699473116081208
DQN,25,mid,9,1009,0.09000000000000001,1.0,1.0,0.49568066000938416,0.00016980458167381585
DQN,25,mid,10,1010,-0.02653421282768248,2.0,2.0,0.5473814606666565,0.00028022207698086277
DQN,25,mid,11,1011,0.08486886501312257,2.0,2.0,0.2163027673959732,0.0003553680726327002
DQN,25,mid,12,1012,0.03183616876602174,2.0,2.0,0.5837758183479309,0.00026319952303310856
DQN,25,mid,13,1013,0.09000000000000001,1.0,1.0,0.3364408314228058,0.00018079543951898813
DQN,25,mid,14,1014,0.10226673603057863,3.0,3.0,0.7645578980445862,0.00015599746014534807
DQN,25,mid,15,1015,-0.3629794919490814,4.0,3.0,0.6893669962882996,0.00021161180302442517
DQN,25,mid,16,1016,-0.05536228179931639,6.0,4.0,0.5827425718307495,0.00022204831717923904
DQN,25,mid,17,1017,0.013709206581115727,3.0,2.0,0.6949800848960876,0.00026396165291468304
DQN,25,mid,18,1018,0.011294163465499885,3.0,3.0,0.5375207662582397,0.0001530428538292957
DQN,25,mid,19,1019,0.07981874704360964,4.0,2.0,0.5754824280738831,0.0002473041313351132
DQN,25,mid,20,1020,-0.302406108379364,10.0,3.0,0.5167685747146606,0.00020765564549947159
DQN,25,mid,21,1021,-0.5735747814178468,10.0,3.0,0.8319656252861023,0.00033531758381286634
DQN,25,mid,22,1022,0.14225996255874634,3.0,3.0,0.5705369710922241,0.00034809878464632976
DQN,25,mid,23,1023,-0.01227793931961059,4.0,2.0,0.7087363004684448,0.00037561027420451865
DQN,25,mid,24,1024,0.060663925409317025,2.0,2.0,0.44315534830093384,0.0004669423069572076
DQN,25,mid,25,1025,0.09000000000000001,1.0,1.0,0.9574841260910034,0.00032677402487024665
DQN,25,mid,26,1026,0.08604677557945253,6.0,5.0,0.48702940344810486,0.00033170559133092564
DQN,25,mid,27,1027,0.09000000000000001,1.0,1.0,0.22581514716148376,0.0007563182152807713
DQN,25,mid,28,1028,0.16093082189559937,4.0,3.0,0.747822642326355,0.0002782162955554668
DQN,25,mid,29,1029,0.09000000000000001,1.0,1.0,0.16902609169483185,0.00039771926822140813
DQN,25,mid,30,1030,0.09000000000000001,1.0,1.0,0.1661941111087799,0.0003113837447017431
DQN,25,mid,31,1031,0.09000000000000001,1.0,1.0,0.2242899090051651,0.0004694585513789207
DQN,25,mid,32,1032,0.20723839521408083,3.0,2.0,0.8789730668067932,0.000283799987907211
DQN,25,mid,33,1033,0.09000000000000001,1.0,1.0,0.1769092082977295,0.00035591074265539646
DQN,25,mid,34,1034,-0.05316220998764036,8.0,4.0,0.8760080933570862,0.0003942411731259199
DQN,25,mid,35,1035,0.05925499618053437,3.0,3.0,0.23960718512535095,0.00041860336204990745
DQN,25,mid,36,1036,0.2154949975013733,3.0,3.0,0.5818079710006714,0.0002681246163168301
DQN,25,mid,37,1037,0.04006124496459961,4.0,3.0,0.5707908272743225,0.00023671039161854424
DQN,25,mid,38,1038,0.1492846477031708,2.0,2.0,0.3061103820800781,0.0002863781701307744
DQN,25,mid,39,1039,0.09000000000000001,1.0,1.0,0.5307973623275757,0.00047620554687455297
DQN,25,mid,40,1040,0.032133595943450936,2.0,2.0,0.6133823394775391,0.00026344164507463574
DQN,25,mid,41,1041,0.1396481114625931,2.0,2.0,0.19486434757709503,0.00017059192032320425
DQN,25,mid,42,1042,0.09000000000000001,1.0,1.0,0.29254165291786194,0.00021465583995450288
DQN,25,mid,43,1043,0.09000000000000001,1.0,1.0,0.6843985319137573,0.00019109234563075006
DQN,25,mid,44,1044,-0.25972479104995727,7.0,4.0,0.9916481375694275,0.00029689502636236805
DQN,25,mid,45,1045,-0.4418928146362305,10.0,4.0,0.8812660574913025,0.0002928866189904511
DQN,25,mid,46,1046,-0.16280273914337157,7.0,3.0,0.2747240662574768,0.00029274345225920636
DQN,25,mid,47,1047,-0.00575975894927977,2.0,2.0,0.7286543250083923,0.0004899135237792507
DQN,25,mid,48,1048,0.09000000000000001,1.0,1.0,0.11735431104898453,0.0003452201490290463
DQN,25,mid,49,1049,0.09000000000000001,1.0,1.0,0.4321514070034027,0.00016035565931815654
DQN,25,mid,50,1050,-0.07459425628185272,5.0,5.0,0.32460516691207886,0.00022243628336582333
DQN,25,mid,51,1051,0.19214940994977953,2.0,2.0,0.09016463905572891,0.0004260550776962191
DQN,25,mid,52,1052,0.22289103269577026,5.0,4.0,0.9349437355995178,0.00036376258940435947
DQN,25,mid,53,1053,0.09000000000000001,1.0,1.0,0.1565290242433548,0.0003858789277728647
DQN,25,mid,54,1054,0.006887232065200796,7.0,4.0,0.35503676533699036,0.00024555970282692997
DQN,25,mid,55,1055,0.2506219172477722,6.0,4.0,0.9405189156532288,0.0002969579897277678
DQN,25,mid,56,1056,0.13157536268234254,2.0,2.0,0.5849331617355347,0.00017585828754818067
DQN,25,mid,57,1057,0.05843164682388307,4.0,2.0,0.6847894787788391,0.0002065831358777359
DQN,25,mid,58,1058,0.4012834429740906,5.0,4.0,0.6804291605949402,0.00024970738450065256
DQN,25,mid,59,1059,-0.012947781085968002,2.0,2.0,0.354199081659317,0.00034231556492159143
DQN,25,mid,60,1060,0.09000000000000001,1.0,1.0,0.6423934698104858,0.00027991022216156125
DQN,25,mid,61,1061,0.09000000000000001,1.0,1.0,0.29456907510757446,0.00012067234638379887
DQN,25,mid,62,1062,0.09000000000000001,1.0,1.0,0.590122401714325,0.0002905870496761054
DQN,25,mid,63,1063,0.09000000000000001,1.0,1.0,0.2228579819202423,0.0001342337636742741
DQN,25,mid,64,1064,0.09000000000000001,1.0,1.0,0.5509734153747559,0.00018816230294760317
DQN,25,mid,65,1065,0.1578104567527771,3.0,3.0,0.4527289867401123,0.0002789530941906075
DQN,25,mid,66,1066,-0.061089560985565186,6.0,3.0,0.708919882774353,0.00024290682874076688
DQN,25,mid,67,1067,0.1980851459503174,2.0,2.0,0.5007979869842529,0.0003302657278254628
DQN,25,mid,68,1068,0.09000000000000001,1.0,1.0,0.039757318794727325,0.00020564689475577325
DQN,25,mid,69,1069,0.13284111738204957,3.0,3.0,0.8092526793479919,0.0003345792065374553
DQN,25,mid,70,1070,0.09000000000000001,1.0,1.0,0.079815573990345,0.00023145173327066004
DQN,25,mid,71,1071,0.09000000000000001,1.0,1.0,0.2497151792049408,0.00018358361558057368
DQN,25,mid,72,1072,0.19176496744155885,2.0,2.0,0.9372351765632629,0.00021578973246505484
DQN,25,mid,73,1073,0.005352414846420309,3.0,3.0,0.5268802046775818,0.0003669017120652522
DQN,25,mid,74,1074,0.11608447313308717,2.0,2.0,0.268483430147171,0.00031555764144286513
DQN,25,mid,75,1075,-0.07520725131034851,5.0,3.0,0.4091886579990387,0.0003591668442822993
DQN,25,mid,76,1076,0.11120493888854982,2.0,2.0,0.9194496870040894,0.0004682908474933356
DQN,25,mid,77,1077,-0.034118525981903056,3.0,3.0,1.0160439014434814,0.000255910970736295
DQN,25,mid,78,1078,0.13908756494522095,3.0,3.0,0.606878399848938,0.000365430794772692
DQN,25,mid,79,1079,-0.178981773853302,8.0,4.0,0.6106061339378357,0.0002822653377734241
DQN,25,mid,80,1080,-0.6251184940338135,10.0,3.0,1.0117119550704956,0.0003319255105452612
DQN,25,mid,81,1081,0.18890625953674317,3.0,3.0,0.6337878108024597,0.00034849556686822325
DQN,25,mid,82,1082,-0.04049980640411378,5.0,4.0,0.7041832804679871,0.000279313387000002
DQN,25,mid,83,1083,0.09000000000000001,1.0,1.0,0.10785787552595139,0.0002481925766915083
DQN,25,mid,84,1084,0.09000000000000001,1.0,1.0,0.13543443381786346,0.0004637049278244376
DQN,25,mid,85,1085,0.0851550889015198,3.0,2.0,0.7318013906478882,0.00028052317308417213
DQN,25,mid,86,1086,0.16459538221359254,2.0,2.0,0.6925296187400818,0.00019217435328755528
DQN,25,mid,87,1087,-0.037086603641509994,6.0,4.0,0.6957035064697266,0.0002858545340131968
DQN,25,mid,88,1088,0.10032237768173219,5.0,3.0,0.6117380857467651,0.00036084470339119433
DQN,25,mid,89,1089,0.09000000000000001,1.0,1.0,0.5656953454017639,0.0003916373534593731
DQN,25,mid,90,1090,0.1589163112640381,2.0,2.0,1.0599242448806763,0.00023204187164083123
DQN,25,mid,91,1091,-0.10363967418670657,10.0,6.0,0.7343277931213379,0.00032136882218765096
DQN,25,mid,92,1092,-0.026634752750396715,5.0,4.0,0.6458700895309448,0.00036298090999480336
DQN,25,mid,93,1093,0.19943432688713075,2.0,2.0,0.4535631239414215,0.00025063927023438737
DQN,25,mid,94,1094,-0.03915817856788635,2.0,2.0,0.523202657699585,0.00026648620405467227
DQN,25,mid,95,1095,0.1466535794734955,2.0,2.0,0.3402060568332672,0.00033448520116508007
DQN,25,mid,96,1096,0.03799873352050782,4.0,4.0,0.8398919105529785,0.00021049383940408006
DQN,25,mid,97,1097,0.09000000000000001,1.0,1.0,0.23154714703559875,0.0003315696958452463
DQN,25,mid,98,1098,-0.016081525087356552,2.0,2.0,0.5509905219078064,0.00021920963627053425
DQN,25,mid,99,1099,0.09000000000000001,1.0,1.0,0.23652860522270203,0.0002864705747924745
DQN,25,mid,100,1100,-0.21174365043640136,6.0,4.0,0.6883419156074524,0.000207679233426461
DQN,25,mid,101,1101,-0.021217632293701175,5.0,3.0,0.36372753977775574,0.0003031766100320965
DQN,25,mid,102,1102,0.18731765627861025,2.0,2.0,0.472563236951828,0.00027688552654581144
DQN,25,mid,103,1103,0.09000000000000001,1.0,1.0,0.9157804250717163,0.00030421034898608923
DQN,25,mid,104,1104,0.1371371912956238,2.0,2.0,0.8893958926200867,0.00018901564908446744
DQN,25,mid,105,1105,0.07497907638549806,4.0,3.0,0.9272480607032776,0.00025804708639043383
DQN,25,mid,106,1106,-0.36845238208770753,10.0,4.0,0.5771360993385315,0.00026621094439178706
DQN,25,mid,107,1107,-0.04284695625305175,4.0,2.0,0.16443192958831787,0.00032289920636685565
DQN,25,mid,108,1108,0.09302886545658112,3.0,3.0,0.1341293901205063,0.0003291741110539685
DQN,25,mid,109,1109,0.1751981544494629,2.0,2.0,0.38181087374687195,0.00028483400819823146
DQN,25,mid,110,1110,0.09000000000000001,1.0,1.0,0.8812543153762817,0.00011789264681283385
DQN,25,mid,111,1111,0.3109210824966431,4.0,3.0,0.9921712875366211,0.00021685100364265963
DQN,25,mid,112,1112,0.10827411890029909,2.0,2.0,0.3212648928165436,0.00027789129671873525
DQN,25,mid,113,1113,0.11861706018447876,6.0,4.0,0.7336797118186951,0.00021802611687841514
DQN,25,mid,114,1114,0.09953184843063356,3.0,2.0,0.640308678150177,0.00027585663095427054
DQN,25,mid,115,1115,0.06495077133178712,3.0,3.0,0.28555768728256226,0.00026743035414256155
DQN,25,mid,116,1116,-0.09349493503570556,7.0,3.0,1.187517523765564,0.00025038855632634034
DQN,25,mid,117,1117,-0.01462906420230864,2.0,2.0,0.3345670700073242,0.0002447813894832507
DQN,25,mid,118,1118,0.1073947048187256,4.0,3.0,0.9060431718826294,0.00025208471924997866
DQN,25,mid,119,1119,-0.13668992996215823,8.0,2.0,0.9687036275863647,0.00029464334147633053
DQN,25,mid,120,1120,0.053476526737213155,6.0,3.0,0.6799286603927612,0.00022887599819417423
DQN,25,mid,121,1121,0.02853025674819947,2.0,2.0,0.3283784091472626,0.0002452751505188644
DQN,25,mid,122,1122,0.08892700999975206,2.0,2.0,0.11023290455341339,0.00020386188407428563
DQN,25,mid,123,1123,-0.06493031263351438,3.0,3.0,0.48203977942466736,0.00023354501172434539
DQN,25,mid,124,1124,0.12296283483505252,6.0,4.0,0.5467320680618286,0.0002610366597461204
DQN,25,mid,125,1125,0.31345619440078737,2.0,2.0,0.6828056573867798,0.00033632681879680604
DQN,25,mid,126,1126,0.09000000000000001,1.0,1.0,0.9411203265190125,0.0001562064717290923
DQN,25,mid,127,1127,0.0023778545856475986,2.0,2.0,0.3118942677974701,0.00019929536210838705
DQN,25,mid,128,1128,0.09000000000000001,1.0,1.0,0.6066011190414429,0.00022892505512572825
DQN,25,mid,129,1129,0.09000000000000001,1.0,1.0,0.04121742770075798,0.00018101299065165222
DQN,25,mid,130,1130,0.010550625324249288,3.0,3.0,0.9171743988990784,0.00015351893186258772
DQN,25,mid,131,1131,0.14466506719589234,7.0,4.0,0.7324643731117249,0.00023803667448061918
DQN,25,mid,132,1132,0.06028736114501954,7.0,4.0,0.8603631258010864,0.00019141984271949956
DQN,25,mid,133,1133,0.3515233564376831,2.0,2.0,0.7889102697372437,0.0003111704863840714
DQN,25,mid,134,1134,0.09000000000000001,1.0,1.0,0.25713738799095154,0.0001773934782249853
DQN,25,mid,135,1135,0.09000000000000001,1.0,1.0,0.18954478204250336,0.00019669723405968398
DQN,25,mid,136,1136,0.09775240898132326,2.0,2.0,0.3330986797809601,0.00018139250460080802
DQN,25,mid,137,1137,0.09159830927848817,3.0,3.0,0.3611016571521759,0.00044347830892850954
DQN,25,mid,138,1138,-0.19045778989791867,8.0,2.0,0.6278064846992493,0.0002862331712094601
DQN,25,mid,139,1139,0.09000000000000001,1.0,1.0,0.7446529269218445,0.0002045681612798944
DQN,25,mid,140,1140,0.04204945445060731,2.0,2.0,0.49481114745140076,0.00039066186582203954
DQN,25,mid,141,1141,0.40249032497406007,3.0,3.0,0.7406231164932251,0.00021670472051482648
DQN,25,mid,142,1142,0.14686668634414674,3.0,3.0,0.7696297764778137,0.0001768240520808225
DQN,25,mid,143,1143,-0.04206530332565307,3.0,2.0,0.317842960357666,0.00023318989163575074
DQN,25,mid,144,1144,0.037898590713739404,2.0,2.0,0.08783220499753952,0.00026182126748608425
DQN,25,mid,145,1145,0.086292462348938,2.0,2.0,0.3866146206855774,0.00024564048362663016
DQN,25,mid,146,1146,-0.10228405714035034,7.0,3.0,0.6759689450263977,0.0002458009766996838
DQN,25,mid,147,1147,0.09000000000000001,1.0,1.0,0.18703043460845947,0.0004838807799387723
DQN,25,mid,148,1148,-0.17129896163940428,8.0,3.0,0.24210548400878906,0.0004167848273937125
DQN,25,mid,149,1149,0.14444680690765382,2.0,2.0,0.7150725722312927,0.0003347928068251349
DQN,25,mid,150,1150,-0.3798449158668518,10.0,4.0,0.9271067976951599,0.0003447801384027116
DQN,25,mid,151,1151,0.3316732168197632,5.0,3.0,0.47331053018569946,0.00032733949774410576
DQN,25,mid,152,1152,0.09000000000000001,1.0,1.0,0.3444792926311493,0.0002920454426202923
DQN,25,mid,153,1153,0.09000000000000001,1.0,1.0,0.3020627200603485,0.0002710502012632787
DQN,25,mid,154,1154,0.1314871084690094,3.0,3.0,0.30814284086227417,0.00032333525208135444
DQN,25,mid,155,1155,0.11105470538139345,2.0,2.0,0.4232958257198334,0.00019578794308472425
DQN,25,mid,156,1156,0.114485399723053,2.0,2.0,0.8323336839675903,0.00033737629564711824
DQN,25,mid,157,1157,0.1487074398994446,6.0,5.0,0.8979833722114563,0.00023604132244751477
DQN,25,mid,158,1158,0.1889936375617981,7.0,4.0,0.6083723306655884,0.0002757067600863853
DQN,25,mid,159,1159,0.09000000000000001,1.0,1.0,0.1942170411348343,0.0002671984548214823
DQN,25,mid,160,1160,0.23319197654724122,4.0,3.0,0.5459986925125122,0.00031470127214561217
DQN,25,mid,161,1161,-0.13813352823257447,9.0,5.0,0.8720216155052185,0.00020273523760907765
DQN,25,mid,162,1162,0.11302541375160219,2.0,2.0,0.3484601080417633,0.0002886853035306558
DQN,25,mid,163,1163,0.09000000000000001,1.0,1.0,0.08667634427547455,0.00016456870071124285
DQN,25,mid,164,1164,-0.17637322902679442,6.0,3.0,0.9351043105125427,0.0002727542935948198
DQN,25,mid,165,1165,0.0037285780906677196,4.0,3.0,0.8261343836784363,0.00024988736549858004
DQN,25,mid,166,1166,0.31687618017196656,3.0,3.0,0.5909543037414551,0.000401805901977544
DQN,25,mid,167,1167,0.09024469733238222,2.0,2.0,0.3368178904056549,0.0001921527145896107
DQN,25,mid,168,1168,0.04077643871307374,3.0,3.0,0.5665269494056702,0.0004912866085457305
DQN,25,mid,169,1169,0.09000000000000001,1.0,1.0,0.2604696750640869,0.00019351908122189343
DQN,25,mid,170,1170,0.09011960744857789,3.0,3.0,0.6007809638977051,0.00025821960298344493
DQN,25,mid,171,1171,0.09000000000000001,1.0,1.0,0.2383294403553009,0.00029242481105029583
DQN,25,mid,172,1172,0.06002839624881745,3.0,3.0,0.14365704357624054,0.0002714002475840971
DQN,25,mid,173,1173,0.005724054574966442,5.0,3.0,0.3568609654903412,0.00027223952929489315
DQN,25,mid,174,1174,0.06768553137779237,2.0,2.0,0.18738941848278046,0.00017536437735543586
DQN,25,mid,175,1175,0.1619446873664856,5.0,4.0,0.6073092222213745,0.0003133525693556294
DQN,25,mid,176,1176,0.08345422863960267,3.0,3.0,0.1827164590358734,0.0003040388837689534
DQN,25,mid,177,1177,0.05719882965087891,3.0,3.0,0.9865562319755554,0.00026256403361912817
DQN,25,mid,178,1178,0.09000000000000001,1.0,1.0,0.21070478856563568,0.00016059431072790176
DQN,25,mid,179,1179,-0.5050949692726135,10.0,5.0,0.9310102462768555,0.00023849816207075492
DQN,25,mid,180,1180,0.25784661531448366,4.0,2.0,0.3763924241065979,0.00027140961901750416
DQN,25,mid,181,1181,0.08149294734001161,2.0,2.0,0.3561409115791321,0.0008550435595680028
DQN,25,mid,182,1182,0.16556448459625245,3.0,3.0,0.8341054916381836,0.0003437482325049738
DQN,25,mid,183,1183,0.09000000000000001,1.0,1.0,0.12555886805057526,0.0002444785204716027
DQN,25,mid,184,1184,0.07080780744552613,7.0,5.0,0.8165615200996399,0.0003130907384080014
DQN,25,mid,185,1185,-0.042637865543365475,3.0,2.0,0.570501983165741,0.00018580978697476289
DQN,25,mid,186,1186,0.2187298607826233,3.0,3.0,0.8372100591659546,0.0003778325335588306
DQN,25,mid,187,1187,-0.0006338709592819125,4.0,3.0,0.15866251289844513,0.00030118145514279604
DQN,25,mid,188,1188,0.09000000000000001,1.0,1.0,0.525041937828064,0.00031267289887182415
DQN,25,mid,189,1189,0.05228281736373902,3.0,3.0,0.6975584030151367,0.00039408487888673943
DQN,25,mid,190,1190,0.11782283306121824,8.0,4.0,0.338392972946167,0.00021088970606797375
DQN,25,mid,191,1191,-0.1643011474609375,4.0,3.0,0.8067851066589355,0.00020391309590195306
DQN,25,mid,192,1192,0.3202027773857117,4.0,3.0,0.6477859616279602,0.0003735814389074221
DQN,25,mid,193,1193,0.13513739585876466,2.0,2.0,0.4875105023384094,0.00033188673114636913
DQN,25,mid,194,1194,0.04427893877029419,3.0,2.0,0.6451007127761841,0.0002824937061329062
DQN,25,mid,195,1195,0.09991843223571778,3.0,3.0,0.5832129120826721,0.000277603374949346
DQN,25,mid,196,1196,-0.028773151636123664,3.0,3.0,0.5612468123435974,0.0002870552222399662
DQN,25,mid,197,1197,0.09000000000000001,1.0,1.0,0.2093869000673294,0.0002974212693516165
DQN,25,mid,198,1198,0.11118306398391725,2.0,2.0,0.4682135581970215,0.00028556096367537975
DQN,25,mid,199,1199,0.13324582755565645,2.0,2.0,0.18294616043567657,0.0001428963296348229
DQN,25,mid,200,1200,-0.002266911864280685,2.0,2.0,0.3103819191455841,0.0002138903146260418
DQN,25,mid,201,1201,0.09000000000000001,1.0,1.0,0.20112290978431702,0.00013886179658584297
DQN,25,mid,202,1202,0.16954560041427613,4.0,3.0,0.5180630087852478,0.00017769169244274963
DQN,25,mid,203,1203,0.09000000000000001,1.0,1.0,0.22902433574199677,0.0002217567671323195
DQN,25,mid,204,1204,0.13407804250717165,2.0,2.0,0.6472587585449219,0.00019979313219664618
DQN,25,mid,205,1205,0.09000000000000001,1.0,1.0,0.33818337321281433,0.00018045560864266008
DQN,25,mid,206,1206,0.09000000000000001,1.0,1.0,0.24074792861938477,0.0003321733674965799
DQN,25,mid,207,1207,0.05012393712997437,3.0,3.0,0.7731538414955139,0.00021320621211392185
DQN,25,mid,208,1208,-0.09380186080932619,8.0,5.0,0.6793813109397888,0.00028649316300288774
DQN,25,mid,209,1209,0.1608159112930298,2.0,2.0,0.5016830563545227,0.0003346412268001586
DQN,25,mid,210,1210,0.07874037742614748,3.0,2.0,1.119766116142273,0.0003033601921439792
DQN,25,mid,211,1211,0.09000000000000001,1.0,1.0,0.09160836040973663,0.00022254713985603303
DQN,25,mid,212,1212,0.09386510848999025,5.0,3.0,0.7532160878181458,0.0003185989102348685
DQN,25,mid,213,1213,0.19880510091781617,3.0,3.0,0.5520297884941101,0.00033301754350153107
DQN,25,mid,214,1214,-0.08201937973499297,5.0,2.0,0.21946477890014648,0.00027336782368365676
DQN,25,mid,215,1215,0.18888134479522706,3.0,3.0,0.7416401505470276,0.00039229695782220614
DQN,25,mid,216,1216,0.07485647678375246,2.0,2.0,0.5008487105369568,0.00042154367838520557
DQN,25,mid,217,1217,0.09000000000000001,1.0,1.0,0.13825619220733643,0.00041257264092564583
DQN,25,mid,218,1218,0.2757395970821381,2.0,2.0,0.4860799014568329,0.0003076561479247175
DQN,25,mid,219,1219,0.1710630524158478,2.0,2.0,0.4474349915981293,0.0002614345066831447
DQN,25,mid,220,1220,0.15599037885665895,2.0,2.0,0.8141249418258667,0.00028522807406261563
DQN,25,mid,221,1221,0.11545027971267702,2.0,2.0,0.663652777671814,0.00043562366045080125
DQN,25,mid,222,1222,0.13133386492729188,3.0,3.0,0.3211960196495056,0.0003475723448597516
DQN,25,mid,223,1223,0.09000000000000001,1.0,1.0,0.19024017453193665,0.0001328459766227752
DQN,25,mid,224,1224,0.09000000000000001,1.0,1.0,0.06944584101438522,0.00027211231645196676
DQN,25,mid,225,1225,0.05738497704267503,2.0,2.0,0.11091775447130203,0.0001851117704063654
DQN,25,mid,226,1226,0.2125324285030365,4.0,4.0,0.40880873799324036,0.00020644285541493446
DQN,25,mid,227,1227,-0.006789786815643295,2.0,2.0,0.7855781316757202,0.00026868721761275083
DQN,25,mid,228,1228,0.17110914945602418,4.0,3.0,0.9034537672996521,0.0003755261750484351
DQN,25,mid,229,1229,0.09000000000000001,1.0,1.0,0.07903891056776047,0.00033598608570173383
DQN,25,mid,230,1230,-0.18634259223937988,7.0,4.0,0.7378085851669312,0.0002636659441382757
DQN,25,mid,231,1231,0.02355321168899538,3.0,2.0,0.5103433728218079,0.0002497436701863383
DQN,25,mid,232,1232,-0.754607141017914,10.0,3.0,1.103644609451294,0.00024196788290282712
DQN,25,mid,233,1233,-0.1304271125793457,4.0,3.0,0.6782812476158142,0.00026587455067783594
DQN,25,mid,234,1234,0.31826622009277344,3.0,3.0,0.8034807443618774,0.00020267488919974616
DQN,25,mid,235,1235,0.09000000000000001,1.0,1.0,0.12484567612409592,0.00025651699979789555
DQN,25,mid,236,1236,0.11216139972209932,2.0,2.0,0.15220794081687927,0.00028409862716216594
DQN,25,mid,237,1237,0.1052974033355713,2.0,2.0,0.8106507658958435,0.0002361402366659604
DQN,25,mid,238,1238,0.09000000000000001,1.0,1.0,0.587105929851532,0.0009326761355623603
DQN,25,mid,239,1239,0.09000000000000001,1.0,1.0,0.42295175790786743,0.00018591596744954586
DQN,25,mid,240,1240,0.29018391847610475,2.0,2.0,0.5997970700263977,0.0001838827010942623
DQN,25,mid,241,1241,0.04822960913181305,3.0,2.0,0.24165000021457672,0.00025360895961057395
DQN,25,mid,242,1242,0.27434999465942383,3.0,3.0,0.5316514372825623,0.00038295443907069665
DQN,25,mid,243,1243,0.09000000000000001,1.0,1.0,0.09784460812807083,0.00018288889259565622
DQN,25,mid,244,1244,0.09000000000000001,1.0,1.0,0.6853197813034058,0.00019908776448573917
DQN,25,mid,245,1245,0.07191817641258241,2.0,2.0,0.4243096709251404,0.00029097238439135253
DQN,25,mid,246,1246,0.1819844937324524,4.0,3.0,0.3915734887123108,0.0003475708799669519
DQN,25,mid,247,1247,0.13560230255126954,3.0,3.0,0.7416404485702515,0.00022524055869628987
DQN,25,mid,248,1248,0.051104443073272714,2.0,2.0,0.7554035782814026,0.0002791807273752056
DQN,25,mid,249,1249,0.11283995628356935,3.0,2.0,0.6419422030448914,0.0004602571716532111
DQN,25,mid,250,1250,-0.11927769184112548,5.0,2.0,0.623900830745697,0.00023413010640069843
DQN,25,mid,251,1251,0.10471076488494874,3.0,3.0,0.6100980639457703,0.0002737123577389866
DQN,25,mid,252,1252,0.09000000000000001,1.0,1.0,1.1630220413208008,0.00037031227839179337
DQN,25,mid,253,1253,0.0780156397819519,6.0,3.0,0.7863508462905884,0.00025033793402447674
DQN,25,mid,254,1254,0.28459561586380006,3.0,3.0,0.5325697660446167,0.00032446804107166827
DQN,25,mid,255,1255,0.11232765197753908,2.0,2.0,0.2214360535144806,0.00024306628620252013
DQN,25,mid,256,1256,0.09000000000000001,1.0,1.0,0.8540114164352417,0.0004139311786275357
DQN,25,mid,257,1257,0.14109130859375,4.0,2.0,0.7644584774971008,0.0003145748269162141
DQN,25,mid,258,1258,0.09000000000000001,1.0,1.0,0.5670104622840881,0.00028294112416915596
DQN,25,mid,259,1259,0.09262211084365846,4.0,3.0,0.6136763691902161,0.0003372561950527597
DQN,25,mid,260,1260,0.04896063327789308,3.0,3.0,0.2748030722141266,0.00022622496180702
DQN,25,mid,261,1261,0.03206797122955323,2.0,2.0,0.6167136430740356,0.00020890780433546752
DQN,25,mid,262,1262,0.17699171781539919,2.0,2.0,0.666305661201477,0.0002892037300625816
DQN,25,mid,263,1263,0.08495731353759767,5.0,3.0,1.0251661539077759,0.0002479669579770416
DQN,25,mid,264,1264,0.007815856933593754,3.0,2.0,0.33276817202568054,0.00020776798677009842
DQN,25,mid,265,1265,-0.15924803018569944,5.0,2.0,0.21543361246585846,0.0002131508954335004
DQN,25,mid,266,1266,0.27362664461135866,3.0,2.0,0.30121803283691406,0.000373692072268265
DQN,25,mid,267,1267,0.1342740821838379,2.0,2.0,0.29241466522216797,0.0002566655311966315
DQN,25,mid,268,1268,-0.058929750919342036,6.0,5.0,0.34939315915107727,0.0002781096506320561
DQN,25,mid,269,1269,0.0014332699775695956,2.0,2.0,0.48631471395492554,0.00024640458286739886
DQN,25,mid,270,1270,-0.2284147900342941,7.0,2.0,0.14283965528011322,0.000235026706442503
DQN,25,mid,271,1271,-0.19074498653411864,4.0,3.0,0.8857592940330505,0.00021633749929605983
DQN,25,mid,272,1272,-0.005255146026611313,2.0,2.0,0.9847348928451538,0.0002976347750518471
DQN,25,mid,273,1273,0.043389061391353616,2.0,2.0,0.12078932672739029,0.00030240879277698696
DQN,25,mid,274,1274,-0.160363609790802,7.0,4.0,0.5851515531539917,0.0002936022719950415
DQN,25,mid,275,1275,0.07136375427246094,3.0,3.0,0.869105875492096,0.00032293444868021953
DQN,25,mid,276,1276,0.03738933801651001,5.0,4.0,0.7785246968269348,0.00027197235613130033
DQN,25,mid,277,1277,-0.19373469352722167,5.0,3.0,0.7249597907066345,0.0003068553865887225
DQN,25,mid,278,1278,0.024838022589683553,3.0,3.0,0.21007156372070312,0.0003158479812555015
DQN,25,mid,279,1279,0.2698327994346619,4.0,3.0,0.6396079063415527,0.0002785134711302817
DQN,25,mid,280,1280,0.1388580894470215,4.0,3.0,0.8385442495346069,0.00025038521926035173
DQN,25,mid,281,1281,0.09000000000000001,1.0,1.0,0.39370933175086975,0.0003631287254393101
DQN,25,mid,282,1282,0.24804294288158418,2.0,2.0,0.23827381432056427,0.00023324315407080576
DQN,25,mid,283,1283,0.15948476612567902,3.0,3.0,0.15417292714118958,0.0002209670152903224
DQN,25,mid,284,1284,0.22945363998413087,2.0,2.0,0.8445714116096497,0.00017054503405233845
DQN,25,mid,285,1285,0.13655997037887574,3.0,3.0,0.8091046214103699,0.0002829515093859906
DQN,25,mid,286,1286,-0.06127357542514801,6.0,3.0,0.24468596279621124,0.00022559363181547573
DQN,25,mid,287,1287,-0.166079580783844,10.0,5.0,0.9156627058982849,0.0002962993603432551
DQN,25,mid,288,1288,0.04451032161712647,2.0,2.0,0.6741056442260742,0.0002811602025758475
DQN,25,mid,289,1289,0.14981620967388154,4.0,3.0,0.24876831471920013,0.0002930728660430759
DQN,25,mid,290,1290,0.09000000000000001,1.0,1.0,0.7591672539710999,0.0003493467520456761
DQN,25,mid,291,1291,-0.4047825336456299,10.0,3.0,1.0319432020187378,0.0003108709555817768
DQN,25,mid,292,1292,0.0959774422645569,2.0,2.0,0.38854551315307617,0.00028435220883693546
DQN,25,mid,293,1293,-0.0402794361114502,5.0,3.0,0.5088690519332886,0.0003489260969217867
DQN,25,mid,294,1294,0.022258474826812744,6.0,3.0,0.5291112661361694,0.0002985670677541445
DQN,25,mid,295,1295,-0.03184818029403687,5.0,3.0,0.8309539556503296,0.0005015156755689531
DQN,25,mid,296,1296,0.15372277021408082,3.0,3.0,0.7190136909484863,0.0003003915868854771
DQN,25,mid,297,1297,0.2090601420402527,4.0,3.0,0.6222361326217651,0.0003534049028530717
DQN,25,mid,298,1298,0.09000000000000001,1.0,1.0,0.3933691680431366,0.00018333792104385793
DQN,25,mid,299,1299,0.01976257324218751,4.0,4.0,0.29860207438468933,0.0002945481610368006
DQN,25,mid,300,1300,0.13852735042572023,2.0,2.0,0.3869158923625946,0.0003690566954901442
DQN,25,mid,301,1301,0.08533281803131106,3.0,3.0,0.7984884977340698,0.00021913628734182566
DQN,25,mid,302,1302,0.11909229278564454,3.0,3.0,0.6269769668579102,0.00029229842766653746
DQN,25,mid,303,1303,0.09000000000000001,1.0,1.0,0.32776927947998047,0.0001637950772419572
DQN,25,mid,304,1304,0.013475315570831314,2.0,2.0,0.5968157052993774,0.00019769515347434208
DQN,25,mid,305,1305,-0.3691184759140015,10.0,5.0,0.5445712208747864,0.0005029464809922501
DQN,25,mid,306,1306,-0.193079035282135,8.0,3.0,0.8871702551841736,0.00036615120552596636
DQN,25,mid,307,1307,0.27254521608352666,4.0,4.0,0.558607280254364,0.00035604468212113716
DQN,25,mid,308,1308,-0.08871621370315551,8.0,5.0,0.4360109269618988,0.00025475523943896405
DQN,25,mid,309,1309,0.047144819498062145,3.0,2.0,0.35069897770881653,0.0002992292526566113
DQN,25,mid,310,1310,0.06559232592582703,3.0,3.0,0.3518123924732208,0.00032722754986025393
DQN,25,mid,311,1311,0.08993462443351746,3.0,3.0,0.4426004886627197,0.00037165240307028097
DQN,25,mid,312,1312,0.2752703595161438,2.0,2.0,0.7643124461174011,0.00021892579388804734
DQN,25,mid,313,1313,-0.4517350673675537,10.0,2.0,1.0403789281845093,0.00032435330795124175
DQN,25,mid,314,1314,0.15799378633499148,7.0,5.0,0.72594153881073,0.00037483669127271114
DQN,25,mid,315,1315,0.24011807322502138,2.0,2.0,0.3687526285648346,0.0006567004893440753
DQN,25,mid,316,1316,0.13134939193725587,3.0,3.0,0.3507772982120514,0.0003583580789078648
DQN,25,mid,317,1317,0.09000000000000001,1.0,1.0,0.12405439466238022,0.0007970929145812988
DQN,25,mid,318,1318,0.17109732508659364,2.0,2.0,0.44885048270225525,0.00030141518800519407
DQN,25,mid,319,1319,0.09000000000000001,1.0,1.0,0.14795613288879395,0.0003308012674096972
DQN,25,mid,320,1320,0.09000000000000001,1.0,1.0,0.211313858628273,0.0003430534852668643
DQN,25,mid,321,1321,0.10670502662658693,2.0,2.0,0.3591339886188507,0.00028577753982972354
DQN,25,mid,322,1322,0.06713902950286865,5.0,4.0,0.8904833197593689,0.00022348692000377922
DQN,25,mid,323,1323,0.1648255902528763,2.0,2.0,0.15885891020298004,0.00024036181275732815
DQN,25,mid,324,1324,-0.07517521142959595,6.0,3.0,0.5566128492355347,0.0003814617254344436
DQN,25,mid,325,1325,0.02341569900512698,6.0,3.0,0.5211623907089233,0.0007375183680172389
DQN,25,mid,326,1326,0.09000000000000001,1.0,1.0,0.11757611483335495,0.0004400567268021405
DQN,25,mid,327,1327,-0.13625656127929686,6.0,3.0,0.8216462135314941,0.0004994699896390861
DQN,25,mid,328,1328,-0.2058321988582611,6.0,3.0,0.4745174050331116,0.0010778600020178903
DQN,25,mid,329,1329,0.16059816598892213,3.0,3.0,0.6680577397346497,0.0004748647431066881
DQN,25,mid,330,1330,0.09000000000000001,1.0,1.0,0.4045339524745941,0.0002809978905133903
DQN,25,mid,331,1331,0.09000000000000001,1.0,1.0,0.42096179723739624,0.00039584384649060667
DQN,25,mid,332,1332,-0.0072700583934783986,4.0,3.0,0.43753719329833984,0.00047011445712996647
DQN,25,mid,333,1333,0.19251484394073487,3.0,3.0,0.680004894733429,0.00046471556803832453
DQN,25,mid,334,1334,0.2905258011817932,3.0,3.0,0.5508888959884644,0.00042217024019919336
DQN,25,mid,335,1335,0.10326667308807375,2.0,2.0,0.6355070471763611,0.0003877063136314973
DQN,25,mid,336,1336,0.09000000000000001,1.0,1.0,0.4884573519229889,0.0002773955056909472
DQN,25,mid,337,1337,0.07743772298097612,2.0,2.0,0.12675996124744415,0.00041557339136488736
DQN,25,mid,338,1338,0.09000000000000001,1.0,1.0,0.3082263171672821,0.00029623525915667415
DQN,25,mid,339,1339,0.09464133501052857,3.0,3.0,0.6838576197624207,0.00039203516401660937
DQN,25,mid,340,1340,0.3345791172981262,3.0,3.0,0.813615620136261,0.0003683903972463061
DQN,25,mid,341,1341,0.06857419192790987,2.0,2.0,0.17069077491760254,0.00032094662310555577
DQN,25,mid,342,1342,0.21557720184326173,2.0,2.0,0.6059690117835999,0.0003744019122677855
DQN,25,mid,343,1343,-0.5161389887332917,10.0,2.0,0.23542499542236328,0.0010526211044634692
DQN,25,mid,344,1344,0.038208024501800546,2.0,2.0,0.4803648889064789,0.00042367976857349277
DQN,25,mid,345,1345,0.009436678886413571,5.0,3.0,0.6052921414375305,0.0009605568367987872
DQN,25,mid,346,1346,0.09000000000000001,1.0,1.0,0.1989353597164154,0.0006809718324802816
DQN,25,mid,347,1347,-0.5770458906888962,10.0,7.0,0.5030127167701721,0.0005674497253494338
DQN,25,mid,348,1348,0.07025119841098787,2.0,2.0,0.16297639906406403,0.0005427704600151628
DQN,25,mid,349,1349,0.013338406085968021,3.0,2.0,0.2596724331378937,0.0004582182349016269
DQN,25,mid,350,1350,0.09000000000000001,1.0,1.0,0.19498835504055023,0.0005368840065784752
DQN,25,mid,351,1351,0.10731305599212647,3.0,2.0,0.7661900520324707,0.0006187804974615574
DQN,25,mid,352,1352,0.1341062355041504,2.0,2.0,0.3306557834148407,0.00433207384776324
DQN,25,mid,353,1353,0.09000000000000001,1.0,1.0,0.7782880067825317,0.000552564684767276
DQN,25,mid,354,1354,0.06625747114419939,2.0,2.0,0.12571275234222412,0.00036196535802446306
DQN,25,mid,355,1355,-0.009267442226409892,3.0,3.0,0.6372843980789185,0.00035530945751816034
DQN,25,mid,356,1356,0.09000000000000001,1.0,1.0,0.14347349107265472,0.0005446971044875681
DQN,25,mid,357,1357,0.12378997325897217,3.0,3.0,0.8410512208938599,0.0029961297598977885
DQN,25,mid,358,1358,0.23128191351890565,3.0,3.0,0.4365507662296295,0.0005180156149435788
DQN,25,mid,359,1359,0.04816901862621308,2.0,2.0,0.23451808094978333,0.000393320107832551
DQN,25,mid,360,1360,0.04239661455154419,4.0,3.0,0.5171505808830261,0.0003470964657026343
DQN,25,mid,361,1361,0.09000000000000001,1.0,1.0,0.27481609582901,0.00037884191260673106
DQN,25,mid,362,1362,0.005569467544555659,4.0,3.0,0.7834287881851196,0.0002940979029517621
DQN,25,mid,363,1363,0.09000000000000001,1.0,1.0,0.40053850412368774,0.00027805654099211097
DQN,25,mid,364,1364,0.07878490209579468,3.0,2.0,0.2994135022163391,0.00034429781953804195
DQN,25,mid,365,1365,0.09000000000000001,1.0,1.0,0.49142101407051086,0.00030702052754350007
DQN,25,mid,366,1366,0.04804803609848023,2.0,2.0,0.6154171228408813,0.0002449824896757491
DQN,25,mid,367,1367,0.09000000000000001,1.0,1.0,0.2869463562965393,0.0026088787708431482
DQN,25,mid,368,1368,0.1640892791748047,2.0,2.0,0.5634940266609192,0.0003193929442204535
DQN,25,mid,369,1369,0.22303462743759156,3.0,3.0,0.4517630934715271,0.00032683482762270916
DQN,25,mid,370,1370,0.08767439603805544,2.0,2.0,0.8127638697624207,0.0006667860870948061
DQN,25,mid,371,1371,0.10439390659332276,3.0,3.0,0.7192946076393127,0.0004654925918051352
DQN,25,mid,372,1372,0.05985428810119629,3.0,2.0,0.9138919115066528,0.0002833251589133094
DQN,25,mid,373,1373,0.09000000000000001,1.0,1.0,0.8859095573425293,0.0003643290838226676
DQN,25,mid,374,1374,-0.42676467895507814,10.0,4.0,1.0208743810653687,0.0004055805417010561
DQN,25,mid,375,1375,0.11195974230766298,2.0,2.0,0.3511660397052765,0.0003798448742600158
DQN,25,mid,376,1376,0.04645712852478028,2.0,2.0,0.320870965719223,0.0006223736272659153
DQN,25,mid,377,1377,0.09000000000000001,1.0,1.0,0.1584782898426056,0.0001890854473458603
DQN,25,mid,378,1378,0.09000000000000001,1.0,1.0,0.8313577771186829,0.0004037639300804585
DQN,25,mid,379,1379,0.09000000000000001,1.0,1.0,0.14166799187660217,0.0009395736851729453
DQN,25,mid,380,1380,0.16536261320114137,2.0,2.0,0.5860333442687988,0.00020935537031618878
DQN,25,mid,381,1381,0.1346318292617798,2.0,2.0,0.45412832498550415,0.000260976972640492
DQN,25,mid,382,1382,0.036776179671287546,4.0,3.0,0.09024418890476227,0.0003026979429705534
DQN,25,mid,383,1383,0.2534641695022583,3.0,3.0,0.9207867383956909,0.000335026173464333
DQN,25,mid,384,1384,0.10544544696807862,6.0,4.0,0.5087317824363708,0.0003749370540996703
DQN,25,mid,385,1385,0.09000000000000001,1.0,1.0,0.6362291574478149,0.00014540717529598624
DQN,25,mid,386,1386,0.036488838195800795,3.0,3.0,0.6639785766601562,0.0003960301304080834
DQN,25,mid,387,1387,0.10298474311828615,2.0,2.0,1.0057743787765503,0.00030502887966576964
DQN,25,mid,388,1388,0.1594404745101929,2.0,2.0,1.0014142990112305,0.0002842517933459021
DQN,25,mid,389,1389,0.10027463912963869,2.0,2.0,0.21086978912353516,0.0002314661251148209
DQN,25,mid,390,1390,0.15792368531227113,2.0,2.0,0.46762749552726746,0.00023053158656693995
DQN,25,mid,391,1391,0.09000000000000001,1.0,1.0,0.2164621502161026,0.00030859714024700224
DQN,25,mid,392,1392,0.09000000000000001,1.0,1.0,0.16637425124645233,0.000348912290064618
DQN,25,mid,393,1393,0.025130589008331317,3.0,2.0,0.747586727142334,0.00028393231332302094
DQN,25,mid,394,1394,0.09000000000000001,1.0,1.0,0.13946233689785004,0.00022797388373874128
DQN,25,mid,395,1395,0.09000000000000001,1.0,1.0,0.0642138347029686,0.0004634726501535624
DQN,25,mid,396,1396,-0.10755797028541565,5.0,3.0,0.4934389591217041,0.0002557831699959934
DQN,25,mid,397,1397,0.09000000000000001,1.0,1.0,0.09530865401029587,0.00017634207324590534
DQN,25,mid,398,1398,0.2778830099105835,2.0,2.0,0.7572556734085083,0.00024191309785237536
DQN,25,mid,399,1399,0.0014307218790054477,2.0,2.0,0.2968325614929199,0.0001688205957179889
DQN,25,mid,400,1400,-0.18199761748313903,4.0,3.0,0.351868212223053,0.00021900058163737413
DQN,25,mid,401,1401,-0.0052274346351623285,5.0,3.0,0.6399239897727966,0.0002771880535874516
DQN,25,mid,402,1402,0.19526238918304445,2.0,2.0,0.6288565993309021,0.00020000696531496942
DQN,25,mid,403,1403,0.1819295358657837,3.0,3.0,0.37367352843284607,0.0004481081074724595
DQN,25,mid,404,1404,0.014766913652420041,5.0,3.0,0.3085421621799469,0.0002914700366090983
DQN,25,mid,405,1405,0.33068562269210816,3.0,3.0,0.8408209681510925,0.00043879975176726777
DQN,25,mid,406,1406,0.014897996783256554,4.0,3.0,0.2174290269613266,0.0002580276923254132
DQN,25,mid,407,1407,0.17117233753204347,2.0,2.0,0.3280588984489441,0.00035888129787053913
DQN,25,mid,408,1408,0.028066883087158205,4.0,3.0,0.3573209345340729,0.0003863179954350926
DQN,25,mid,409,1409,0.0339690911769867,2.0,2.0,0.293506920337677,0.0003759747924050316
DQN,25,mid,410,1410,0.21917761087417603,3.0,3.0,0.952838122844696,0.0004293907162112494
DQN,25,mid,411,1411,-0.5219307839870453,10.0,3.0,0.2759301960468292,0.00042774023677338846
DQN,25,mid,412,1412,0.058947624564170846,2.0,2.0,0.21496783196926117,0.0003018866846105084
DQN,25,mid,413,1413,0.03936107873916627,3.0,2.0,0.6743232011795044,0.00037601706571877003
DQN,25,mid,414,1414,0.09000000000000001,1.0,1.0,1.1452767848968506,0.0003330813196953386
DQN,25,mid,415,1415,0.27606289863586425,7.0,5.0,1.0422090291976929,0.00037729770701844245
DQN,25,mid,416,1416,0.09000000000000001,1.0,1.0,0.5237599015235901,0.0002959551347885281
DQN,25,mid,417,1417,0.09842908620834351,6.0,4.0,0.6243413686752319,0.0005355525790946558
DQN,25,mid,418,1418,0.020640695691108712,4.0,3.0,0.0923558920621872,0.0003082849143538624
DQN,25,mid,419,1419,0.04888840436935426,3.0,2.0,0.5392006635665894,0.0005292414668171356
DQN,25,mid,420,1420,0.011567311286926285,2.0,2.0,0.872810423374176,0.00023676086129853502
DQN,25,mid,421,1421,-0.04920154809951781,5.0,4.0,0.5598472952842712,0.00027707532281056045
DQN,25,mid,422,1422,0.11988121032714846,4.0,4.0,0.775374710559845,0.0002925426379078999
DQN,25,mid,423,1423,-0.05083452939987183,3.0,3.0,0.6253458261489868,0.00022522677560724938
DQN,25,mid,424,1424,-0.256470091342926,7.0,5.0,0.9240851998329163,0.0003740983125421086
DQN,25,mid,425,1425,0.06891769349575044,2.0,2.0,0.19018007814884186,0.0002236351210740395
DQN,25,mid,426,1426,-0.1623768925666809,10.0,4.0,0.6887887120246887,0.000326999177923426
DQN,25,mid,427,1427,0.14291449069976808,2.0,2.0,0.6159487366676331,0.00028029082022840157
DQN,25,mid,428,1428,0.06945960164070131,6.0,3.0,0.4248376190662384,0.00036407659596685943
DQN,25,mid,429,1429,0.2769181299209595,2.0,2.0,0.4941248893737793,0.00026482928660698235
DQN,25,mid,430,1430,0.16094398677349092,2.0,2.0,0.20328055322170258,0.0003043160540983081
DQN,25,mid,431,1431,0.09000000000000001,1.0,1.0,0.34810563921928406,0.0002709281397983432
DQN,25,mid,432,1432,0.09000000000000001,1.0,1.0,0.7429388761520386,0.00019964792591053993
DQN,25,mid,433,1433,0.09115006208419801,2.0,2.0,0.6751633882522583,0.00040814606472849846
DQN,25,mid,434,1434,0.09000000000000001,1.0,1.0,0.3670775592327118,0.0002815416664816439
DQN,25,mid,435,1435,0.23792739391326906,2.0,2.0,0.35251277685165405,0.00016068280092440546
DQN,25,mid,436,1436,0.09000000000000001,1.0,1.0,0.3372681438922882,0.0007271129870787263
DQN,25,mid,437,1437,0.04520190477371217,3.0,3.0,0.7906450033187866,0.00020034104333414385
DQN,25,mid,438,1438,-0.1384532141685486,8.0,2.0,0.8742498755455017,0.0002758877253654646
DQN,25,mid,439,1439,0.12448783397674562,2.0,2.0,0.6834210753440857,0.0004082372470293194
DQN,25,mid,440,1440,0.11298904776573182,4.0,3.0,0.38297101855278015,0.00024312821915373206
DQN,25,mid,441,1441,0.17400331974029543,2.0,2.0,0.6941060423851013,0.00029663601890206337
DQN,25,mid,442,1442,0.13479693412780763,2.0,2.0,0.7941509485244751,0.000376964955648873
DQN,25,mid,443,1443,0.09000000000000001,1.0,1.0,0.05982132628560066,0.00013918890908826143
DQN,25,mid,444,1444,0.3257344436645508,3.0,3.0,0.4000367522239685,0.00027493447608624894
DQN,25,mid,445,1445,0.11911495208740236,2.0,2.0,0.8804263472557068,0.0002964421291835606
DQN,25,mid,446,1446,0.04251749277114869,4.0,3.0,0.6549800634384155,0.00022507828543893993
DQN,25,mid,447,1447,-0.09998099565505982,6.0,3.0,0.6869653463363647,0.00022169188256763542
DQN,25,mid,448,1448,0.09000000000000001,1.0,1.0,0.3432919681072235,0.00022552412701770663
DQN,25,mid,449,1449,0.2828804922103882,3.0,3.0,0.9095350503921509,0.0001783687233303984
DQN,25,mid,450,1450,-0.08567791461944578,3.0,3.0,0.5343009233474731,0.00012947744107805192
DQN,25,mid,451,1451,0.0632892918586731,3.0,3.0,0.971812903881073,0.00030858256892922026
DQN,25,mid,452,1452,0.12047977924346925,2.0,2.0,0.9803519248962402,0.00022256083320826292
DQN,25,mid,453,1453,0.17167104959487917,2.0,2.0,0.8733538389205933,0.00030824640998616815
DQN,25,mid,454,1454,0.16273965120315553,2.0,2.0,0.7853870987892151,0.00022630258172284812
DQN,25,mid,455,1455,0.259162015914917,3.0,3.0,0.6223426461219788,0.00019876755929241577
DQN,25,mid,456,1456,0.08589621067047121,2.0,2.0,0.6570582985877991,0.00011599899153225124
DQN,25,mid,457,1457,0.08415062904357912,2.0,2.0,0.7394006848335266,0.00013590535672847182
DQN,25,mid,458,1458,0.06439735174179079,2.0,2.0,0.6615580916404724,0.00014850201114313677
DQN,25,mid,459,1459,0.2110989761352539,3.0,3.0,0.7170633673667908,0.00019908385972181955
DQN,25,mid,460,1460,-0.05019032001495362,4.0,3.0,0.561282217502594,0.00017345044761896133
DQN,25,mid,461,1461,-0.05073757290840149,2.0,2.0,0.47280746698379517,0.0002476705558365211
DQN,25,mid,462,1462,0.41421605825424196,2.0,2.0,0.6146899461746216,0.0001669476696406491
DQN,25,mid,463,1463,0.06844256997108461,2.0,2.0,0.30321964621543884,0.00012157441960880533
DQN,25,mid,464,1464,0.08213565468788148,3.0,3.0,0.31840091943740845,0.00030407215914844227
DQN,25,mid,465,1465,0.09000000000000001,1.0,1.0,0.20692984759807587,0.0003215255565010011
DQN,25,mid,466,1466,0.14437212228775026,2.0,2.0,0.37186115980148315,0.0007898448457126506
DQN,25,mid,467,1467,0.053406765460968016,6.0,5.0,0.6977428197860718,0.0003914285043720156
DQN,25,mid,468,1468,-0.009023737907409665,5.0,5.0,0.330799400806427,0.00037877938011661173
DQN,25,mid,469,1469,0.07864058494567872,7.0,4.0,0.6296006441116333,0.0002336609738579552
DQN,25,mid,470,1470,0.16892135858535767,3.0,3.0,0.6847752332687378,0.0003391394517772521
DQN,25,mid,471,1471,0.19950194835662843,2.0,2.0,0.7052538990974426,0.00029928488947916776
DQN,25,mid,472,1472,0.2162597942352295,2.0,2.0,0.6338139772415161,0.0003093007981078699
DQN,25,mid,473,1473,-0.04241417884826661,4.0,3.0,0.5223068594932556,0.00026475255435798317
DQN,25,mid,474,1474,0.09000000000000001,1.0,1.0,0.47860899567604065,0.00025842501781880856
DQN,25,mid,475,1475,0.022564746141433722,3.0,3.0,0.4647582173347473,0.0002046456744816775
DQN,25,mid,476,1476,0.10391892671585085,2.0,2.0,0.4539572298526764,0.0009816228848649189
DQN,25,mid,477,1477,0.1521864700317383,2.0,2.0,0.3103641867637634,0.00035766392829827964
DQN,25,mid,478,1478,0.16905445575714112,3.0,3.0,0.3666014075279236,0.0002380349712135891
DQN,25,mid,479,1479,0.03873884439468384,4.0,4.0,0.1490962952375412,0.0002972137663164176
DQN,25,mid,480,1480,0.09000000000000001,1.0,1.0,0.16422083973884583,0.0005012946203351021
DQN,25,mid,481,1481,0.01541680276393892,2.0,2.0,0.30466678738594055,0.00017729059618432075
DQN,25,mid,482,1482,0.15746939897537232,3.0,3.0,0.9248704314231873,0.00026233702374156564
DQN,25,mid,483,1483,-0.05159025669097901,3.0,3.0,0.8360527157783508,0.00023201063352947435
DQN,25,mid,484,1484,-0.08913825511932373,6.0,3.0,0.3402240574359894,0.0003429884260791975
DQN,25,mid,485,1485,0.1400640082359314,3.0,3.0,0.5856901407241821,0.00020284916778715947
DQN,25,mid,486,1486,0.054809937477111825,4.0,3.0,0.739565908908844,0.00029314239327504765
DQN,25,mid,487,1487,0.05023664951324464,3.0,3.0,0.6796750426292419,0.00020256084584010145
DQN,25,mid,488,1488,0.09000000000000001,1.0,1.0,0.3749837577342987,0.0002527118776924908
DQN,25,mid,489,1489,0.09000000000000001,1.0,1.0,0.6029506325721741,0.0003180032654199749
DQN,25,mid,490,1490,0.010976475179195408,3.0,2.0,0.1060560867190361,0.00021209016752739748
DQN,25,mid,491,1491,-0.3501781225204468,10.0,3.0,0.564089298248291,0.00019110560897388494
DQN,25,mid,492,1492,0.09000000000000001,1.0,1.0,0.5987259745597839,0.00034787438926286995
DQN,25,mid,493,1493,0.14893604040145875,3.0,3.0,0.530293345451355,0.00020581300486810505
DQN,25,mid,494,1494,0.09000000000000001,1.0,1.0,0.25459057092666626,0.0004535467887762934
DQN,25,mid,495,1495,0.08182953476905824,2.0,2.0,0.4732946455478668,0.00018648745026439428
DQN,25,mid,496,1496,0.0843032467365265,2.0,2.0,0.2674398422241211,0.00034827283525373787
DQN,25,mid,497,1497,0.16416574239730836,3.0,3.0,0.751194179058075,0.00020020497807612023
DQN,25,mid,498,1498,-0.0274550151824951,2.0,2.0,0.6563006043434143,0.00019904980581486598
DQN,25,mid,499,1499,0.2041278648376465,2.0,2.0,0.8095914721488953,0.0004428742977324873
DQN,25,mid,500,1500,-0.15452218055725098,10.0,3.0,0.6637743711471558,0.0002319254752364941
DQN,25,mid,501,1501,0.09000000000000001,1.0,1.0,1.134460687637329,0.00047547745634801686
DQN,25,mid,502,1502,0.017935024499893204,2.0,2.0,0.534744381904602,0.0003030873340321705
DQN,25,mid,503,1503,0.20392400979995728,4.0,3.0,0.8646240830421448,0.00019143619283568114
DQN,25,mid,504,1504,0.17612518548965456,2.0,2.0,0.682770311832428,0.0006935495985089801
DQN,25,mid,505,1505,0.11433150053024294,2.0,2.0,0.639894425868988,0.00027210990083403885
DQN,25,mid,506,1506,0.09000000000000001,1.0,1.0,0.23661231994628906,0.00019083282677456737
DQN,25,mid,507,1507,0.1838657331466675,3.0,3.0,0.9153867959976196,0.0003784072274963061
DQN,25,mid,508,1508,-0.05301136553287504,3.0,3.0,0.2720087170600891,0.0002938644999327759
DQN,25,mid,509,1509,0.09000000000000001,1.0,1.0,0.5820614695549011,0.00017202676099259406
DQN,25,mid,510,1510,0.11088492155075075,2.0,2.0,0.3706408143043518,0.00023028379655443132
DQN,25,mid,511,1511,0.09000000000000001,1.0,1.0,0.1681736260652542,0.0004230234189890325
DQN,25,mid,512,1512,0.09000000000000001,1.0,1.0,0.3165034353733063,0.0005438461084850132
DQN,25,mid,513,1513,0.0528834629058838,2.0,2.0,0.7455155253410339,0.00016297410184051841
DQN,25,mid,514,1514,-0.017634079456329346,6.0,3.0,0.7066219449043274,0.00017956592152283216
DQN,25,mid,515,1515,0.09000000000000001,1.0,1.0,0.3960631787776947,0.0002333855809411034
DQN,25,mid,516,1516,0.09008098602294923,4.0,3.0,0.36128073930740356,0.00021477605878317263
DQN,25,mid,517,1517,0.34721619606018067,3.0,3.0,0.5958904027938843,0.00026282206817995757
DQN,25,mid,518,1518,0.04753459453582764,4.0,3.0,0.5953750610351562,0.0004085658583790064
DQN,25,mid,519,1519,0.1700669503211975,4.0,4.0,0.8651451468467712,0.00029590284975711256
DQN,25,mid,520,1520,0.09000000000000001,1.0,1.0,0.47301313281059265,9.202607907354832e-05
DQN,25,mid,521,1521,0.09000000000000001,1.0,1.0,0.08131936937570572,0.00023784005315974355
DQN,25,mid,522,1522,0.1345380711555481,2.0,2.0,0.3121929168701172,0.00014313975407276303
DQN,25,mid,523,1523,0.13992794036865236,2.0,2.0,0.4658861756324768,0.00027889059128938243
DQN,25,mid,524,1524,0.10018243074417116,2.0,2.0,0.2798929512500763,0.00023702080943621695
DQN,25,mid,525,1525,0.2974930477142334,3.0,3.0,0.6983924508094788,0.0002547141630202532
DQN,25,mid,526,1526,0.09000000000000001,1.0,1.0,0.29889944195747375,0.0003403639420866966
DQN,25,mid,527,1527,-0.04084723234176636,4.0,3.0,0.5562888979911804,0.0002586119771876838
DQN,25,mid,528,1528,-0.03256612062454224,4.0,3.0,0.6785944104194641,0.0002286694543727208
DQN,25,mid,529,1529,0.09160888195037842,5.0,4.0,0.5960871577262878,0.00020159539708402007
DQN,25,mid,530,1530,0.09000000000000001,1.0,1.0,0.08108358830213547,0.0002037322410615161
DQN,25,mid,531,1531,0.07170379877090455,3.0,3.0,0.5840268135070801,0.00029598970043783385
DQN,25,mid,532,1532,0.09000000000000001,1.0,1.0,0.37701722979545593,0.0002573184319771826
DQN,25,mid,533,1533,-0.371958863735199,10.0,4.0,0.7891910672187805,0.0002554838887590449
DQN,25,mid,534,1534,0.15014118671417237,3.0,3.0,0.6403904557228088,0.0001372670206668166
DQN,25,mid,535,1535,0.014847717285156256,4.0,2.0,0.7015581130981445,0.00044371340845827945
DQN,25,mid,536,1536,-0.06496237993240354,3.0,3.0,0.4352435767650604,0.0002088187805687388
DQN,25,mid,537,1537,0.09000000000000001,1.0,1.0,0.12329376488924026,0.0001697219704510644
DQN,25,mid,538,1538,0.1981384325027466,2.0,2.0,0.6719826459884644,0.00033240010088775307
DQN,25,mid,539,1539,0.2259345817565918,2.0,2.0,0.7768235206604004,0.0005387612764025107
DQN,25,mid,540,1540,0.09000000000000001,1.0,1.0,0.07386723905801773,0.0002160675940103829
DQN,25,mid,541,1541,0.1926380264759064,2.0,2.0,0.4653676450252533,0.00038606296584475785
DQN,25,mid,542,1542,0.13999093532562257,4.0,3.0,0.5877691507339478,0.00030170209720381536
DQN,25,mid,543,1543,0.04983164548873902,2.0,2.0,0.17193235456943512,0.0003826310894510243
DQN,25,mid,544,1544,0.09000000000000001,1.0,1.0,0.7433933615684509,0.00016822689212858677
DQN,25,mid,545,1545,0.1978906559944153,2.0,2.0,0.7941118478775024,0.00023459789372282103
DQN,25,mid,546,1546,0.06372066020965578,2.0,2.0,0.5315691828727722,0.00026348658866481856
DQN,25,mid,547,1547,0.12138365387916566,2.0,2.0,0.15573763847351074,0.00016891935956664383
DQN,25,mid,548,1548,0.084941463470459,2.0,2.0,0.5391296744346619,0.00016725364548619837
DQN,25,mid,549,1549,0.01587666273117065,5.0,3.0,0.5017926096916199,0.00022532922157552092
DQN,25,mid,550,1550,0.1660991406440735,4.0,3.0,0.8154940605163574,0.00029047039060969837
DQN,25,mid,551,1551,0.09000000000000001,1.0,1.0,0.18417640030384064,0.00015315786004066467
DQN,25,mid,552,1552,0.14389868259429933,2.0,2.0,1.0070019960403442,0.00028446136275306344
DQN,25,mid,553,1553,0.03729952096939088,3.0,3.0,0.6225719451904297,0.00018670935241971165
DQN,25,mid,554,1554,0.04017536759376526,3.0,2.0,0.30933088064193726,0.0004356702120276168
DQN,25,mid,555,1555,0.303725368976593,3.0,3.0,0.767200767993927,0.0002329737471882254
DQN,25,mid,556,1556,0.09000000000000001,1.0,1.0,0.34433984756469727,0.0008372633019462228
DQN,25,mid,557,1557,0.09000000000000001,1.0,1.0,0.1913503259420395,0.00018624689255375415
DQN,25,mid,558,1558,0.13748023867607118,4.0,3.0,0.4442785084247589,0.0001968434917216655
DQN,25,mid,559,1559,0.1254930067062378,2.0,2.0,0.633775532245636,0.00025672953051980585
DQN,25,mid,560,1560,0.17356319904327394,2.0,2.0,0.5781897306442261,0.0001997681611101143
DQN,25,mid,561,1561,0.0659072768688202,3.0,3.0,0.463605135679245,0.00022463385054531196
DQN,25,mid,562,1562,0.09000000000000001,1.0,1.0,0.1996854990720749,0.0002416890929453075
DQN,25,mid,563,1563,0.09000000000000001,1.0,1.0,0.5038884282112122,0.0002791678416542709
DQN,25,mid,564,1564,0.09000000000000001,1.0,1.0,0.08073735982179642,0.0001846564991865307
DQN,25,mid,565,1565,0.20455169677734375,5.0,4.0,0.6532220244407654,0.00024534566910006106
DQN,25,mid,566,1566,0.21599740505218507,3.0,3.0,0.5142589807510376,0.0004831164066369335
DQN,25,mid,567,1567,0.09646011114120484,3.0,3.0,0.43047529458999634,0.00022224726368828365
DQN,25,mid,568,1568,-0.022307744026184087,4.0,3.0,0.48221859335899353,0.0002849140073521994
DQN,25,mid,569,1569,0.09000000000000001,1.0,1.0,0.1512807160615921,0.000250196666456759
DQN,25,mid,570,1570,0.09000000000000001,1.0,1.0,0.16987541317939758,0.000330024806316942
DQN,25,mid,571,1571,0.10989560604095461,3.0,2.0,0.5899863839149475,0.00024667281347016495
DQN,25,mid,572,1572,0.014529274702072159,2.0,2.0,0.4644566476345062,0.00022355426335707307
DQN,25,mid,573,1573,-0.014934716522693639,4.0,3.0,0.12292085587978363,0.00032164735239348374
DQN,25,mid,574,1574,0.0027706718444824308,4.0,3.0,0.4979154169559479,0.00023604452871950343
DQN,25,mid,575,1575,0.09000000000000001,1.0,1.0,0.5306888222694397,0.00015629534027539194
DQN,25,mid,576,1576,0.09000000000000001,1.0,1.0,0.5146473050117493,0.00032385619124397635
DQN,25,mid,577,1577,0.12207450151443483,2.0,2.0,0.6480899453163147,0.00023817694454919547
DQN,25,mid,578,1578,0.09000000000000001,1.0,1.0,0.5460861921310425,0.0001704176829662174
DQN,25,mid,579,1579,0.05970044612884522,2.0,2.0,0.5259605050086975,0.000245988936512731
DQN,25,mid,580,1580,0.17565293788909914,2.0,2.0,0.6083812713623047,0.00022467504459200427
DQN,25,mid,581,1581,0.15296469807624818,2.0,2.0,0.392042338848114,0.0005439435772132128
DQN,25,mid,582,1582,0.10235442399978639,2.0,2.0,0.3218355178833008,0.00023886982671683654
DQN,25,mid,583,1583,0.212070928812027,2.0,2.0,0.39928969740867615,0.0002317776088602841
DQN,25,mid,584,1584,0.11719073534011842,2.0,2.0,0.2054622620344162,0.00013460182526614517
DQN,25,mid,585,1585,0.16581745624542238,2.0,2.0,1.0421615839004517,0.00014405335241463035
DQN,25,mid,586,1586,0.004814319014549276,3.0,3.0,0.28475892543792725,0.00025479155495607603
DQN,25,mid,587,1587,-0.0020790922641753945,3.0,3.0,0.548773467540741,0.00020364415346800038
DQN,25,mid,588,1588,0.09000000000000001,1.0,1.0,0.07479412108659744,0.0005817629862576723
DQN,25,mid,589,1589,0.13329287052154543,2.0,2.0,0.6790624260902405,0.00021386701700976118
DQN,25,mid,590,1590,0.09613426208496095,2.0,2.0,0.46232515573501587,0.00015869759226916358
DQN,25,mid,591,1591,0.09000000000000001,1.0,1.0,0.636634349822998,0.00018138180894311517
DQN,25,mid,592,1592,-0.1270837426185608,10.0,5.0,0.7944418787956238,0.00018885403624153697
DQN,25,mid,593,1593,-0.057312831580638865,3.0,3.0,0.23284539580345154,0.00022238355692631254
DQN,25,mid,594,1594,0.22181958675384522,3.0,3.0,0.8706797361373901,0.00016021454939618707
DQN,25,mid,595,1595,0.09000000000000001,1.0,1.0,0.3485008776187897,0.00011586215259740129
DQN,25,mid,596,1596,0.4297047257423401,5.0,4.0,0.7001200318336487,0.00021166290243854747
DQN,25,mid,597,1597,0.09000000000000001,1.0,1.0,0.2535620629787445,0.0002445480495225638
DQN,25,mid,598,1598,-0.0564961189031601,4.0,3.0,0.18599152565002441,0.00037201498707872815
DQN,25,mid,599,1599,0.241868691444397,2.0,2.0,1.0181418657302856,0.0005028059749747626
DQN,25,mid,600,1600,0.14136637926101686,2.0,2.0,0.7974897027015686,0.00013042093996773474
DQN,25,mid,601,1601,0.0038792955875396884,2.0,2.0,0.40406784415245056,0.00033769718720577657
DQN,25,mid,602,1602,0.09000000000000001,1.0,1.0,0.11512675136327744,0.00026802255888469517
DQN,25,mid,603,1603,0.11221135377883912,3.0,3.0,0.7796593904495239,0.00026592370704747736
DQN,25,mid,604,1604,0.09000000000000001,1.0,1.0,0.6208990216255188,0.00020212275558151305
DQN,25,mid,605,1605,0.009048063755035404,3.0,2.0,0.23329465091228485,0.0002483632124494761
DQN,25,mid,606,1606,0.09000000000000001,1.0,1.0,0.08289648592472076,0.00016822053294163197
DQN,25,mid,607,1607,0.047823426723480215,4.0,4.0,0.18097375333309174,0.00031793058587936684
DQN,25,mid,608,1608,0.09000000000000001,1.0,1.0,0.6626202464103699,0.0004255716921761632
DQN,25,mid,609,1609,0.20137965857982637,2.0,2.0,0.17420004308223724,0.00021527829085243866
DQN,25,mid,610,1610,0.08422513484954836,2.0,2.0,0.5443798303604126,0.00019420198077568784
DQN,25,mid,611,1611,0.06512613773345949,2.0,2.0,0.4235949218273163,0.0001908714257297106
DQN,25,mid,612,1612,-0.2572953224182129,10.0,6.0,0.5690662264823914,0.000271539187815506
DQN,25,mid,613,1613,0.30813627123832704,2.0,2.0,0.46955886483192444,0.00045666559890378267
DQN,25,mid,614,1614,0.09000000000000001,1.0,1.0,0.2498053014278412,0.0004482035874389112
DQN,25,mid,615,1615,-0.309503436088562,10.0,3.0,0.9631128311157227,0.00030492410733131694
DQN,25,mid,616,1616,0.09000000000000001,1.0,1.0,0.5309858918190002,0.00022842310136184096
DQN,25,mid,617,1617,0.09975232362747194,2.0,2.0,0.3806355893611908,0.0002564943133620545
DQN,25,mid,618,1618,-0.08509907722473144,5.0,2.0,0.5523931980133057,0.0002783299976726994
DQN,25,mid,619,1619,0.09000000000000001,1.0,1.0,0.12234757095575333,0.00034548252006061375
DQN,25,mid,620,1620,0.1363097894191742,2.0,2.0,0.4455089867115021,0.00023762865021126345
DQN,25,mid,621,1621,0.09000000000000001,1.0,1.0,0.11090502887964249,0.00017316883895546198
DQN,25,mid,622,1622,0.011026332378387474,4.0,3.0,0.5293372869491577,0.00027340519227436744
DQN,25,mid,623,1623,-0.017425190210342403,3.0,2.0,0.4076126217842102,0.00020709770130148777
DQN,25,mid,624,1624,0.09000000000000001,1.0,1.0,0.8005649447441101,0.00022525715758092701
DQN,25,mid,625,1625,-0.08244001388549806,7.0,4.0,0.728603184223175,0.0002636605121162055
DQN,25,mid,626,1626,0.09991551399230958,4.0,3.0,0.6721946597099304,0.00047185277799144387
DQN,25,mid,627,1627,0.19236196756362917,2.0,2.0,0.634553074836731,0.00037694645288866013
DQN,25,mid,628,1628,0.09000000000000001,1.0,1.0,0.23280242085456848,0.0003278219373896718
DQN,25,mid,629,1629,-0.12991922378540038,3.0,3.0,0.47922590374946594,0.000333016369647036
DQN,25,mid,630,1630,0.05713265895843506,4.0,4.0,0.46979695558547974,0.0005065731711511035
DQN,25,mid,631,1631,-0.12471919059753418,5.0,3.0,0.6898632645606995,0.0002753333857981488
DQN,25,mid,632,1632,0.14103344798088074,3.0,3.0,0.26707541942596436,0.0001988626318052411
DQN,25,mid,633,1633,0.05458775877952577,3.0,3.0,0.43034452199935913,0.00026921058209457743
DQN,25,mid,634,1634,-0.20315199136734008,9.0,4.0,0.5741897821426392,0.0004551898786707574
DQN,25,mid,635,1635,0.20166677415370943,2.0,2.0,0.1612490862607956,0.00027890927594853565
DQN,25,mid,636,1636,0.005395431518554691,3.0,2.0,0.4569590985774994,0.0002817475178744644
DQN,25,mid,637,1637,0.12689174175262452,4.0,3.0,0.6374281048774719,0.0002234993844467681
DQN,25,mid,638,1638,0.19326239585876465,4.0,4.0,0.6076549291610718,0.00031654587291995995
DQN,25,mid,639,1639,0.21472318649291994,2.0,2.0,0.7237037420272827,0.00032909596484387293
DQN,25,mid,640,1640,0.09000000000000001,1.0,1.0,0.6960506439208984,0.00015503159374929965
DQN,25,mid,641,1641,-0.03454042553901672,3.0,2.0,0.29415562748908997,0.000473447017914926
DQN,25,mid,642,1642,0.12211351275444032,2.0,2.0,0.4857829511165619,0.0002750003041001037
DQN,25,mid,643,1643,-0.014443445205688465,5.0,3.0,1.1436861753463745,0.00030914625385776163
DQN,25,mid,644,1644,0.09000000000000001,1.0,1.0,0.4257538616657257,0.0003869556821882725
DQN,25,mid,645,1645,0.09000000000000001,1.0,1.0,0.1182766929268837,0.00024035941169131547
DQN,25,mid,646,1646,0.06003664851188661,3.0,2.0,0.25110018253326416,0.0006682871414038042
DQN,25,mid,647,1647,0.14218504905700685,2.0,2.0,0.6786090135574341,0.0001695618047961034
DQN,25,mid,648,1648,0.2050014901161194,2.0,2.0,0.5659061074256897,0.0003357914974913001
DQN,25,mid,649,1649,0.1468625831604004,2.0,2.0,0.4239075481891632,0.0004356101853772998
DQN,25,mid,650,1650,0.08110022723674776,2.0,2.0,0.20564603805541992,0.0004130944289499894
DQN,25,mid,651,1651,0.037258492708206185,2.0,2.0,0.47703805565834045,0.00038350211980286986
DQN,25,mid,652,1652,0.0907357156276703,5.0,3.0,0.34626898169517517,0.00024831297050695864
DQN,25,mid,653,1653,0.15502102851867677,2.0,2.0,0.5969324707984924,0.00030540598527295515
DQN,25,mid,654,1654,-0.03818396925926211,5.0,5.0,0.507270872592926,0.00018027987971436232
DQN,25,mid,655,1655,0.09000000000000001,1.0,1.0,0.36058950424194336,0.0001503240200690925
DQN,25,mid,656,1656,0.12972206830978392,4.0,3.0,0.6776212453842163,0.0002173362227040343
DQN,25,mid,657,1657,0.09000000000000001,1.0,1.0,0.10967155545949936,0.00031011327519081533
DQN,25,mid,658,1658,0.16685326576232912,2.0,2.0,0.9078852534294128,0.0002785498945740983
DQN,25,mid,659,1659,0.09000000000000001,1.0,1.0,0.32674551010131836,0.0008056191145442426
DQN,25,mid,660,1660,0.11621881723403932,5.0,3.0,0.8426700234413147,0.00023499933595303447
DQN,25,mid,661,1661,0.09000000000000001,1.0,1.0,0.6438869833946228,0.00019719343981705606
DQN,25,mid,662,1662,0.11710043430328371,2.0,2.0,0.31665167212486267,0.00023188006889540702
DQN,25,mid,663,1663,0.45226274609565736,2.0,2.0,0.44008669257164,0.0002440420794300735
DQN,25,mid,664,1664,0.1491947793960571,6.0,4.0,0.9950261116027832,0.0002899859925188745
DQN,25,mid,665,1665,0.3029359745979309,2.0,2.0,0.7670572996139526,0.00025444170751143247
DQN,25,mid,666,1666,0.04721817553043366,2.0,2.0,0.13342945277690887,0.0002927442401414737
DQN,25,mid,667,1667,0.09000000000000001,1.0,1.0,0.33478015661239624,0.0002465221332386136
DQN,25,mid,668,1668,0.20698385119438173,2.0,2.0,0.3990308940410614,0.00024464158923365176
DQN,25,mid,669,1669,0.08678228378295899,3.0,3.0,0.6861294507980347,0.0003006460562270756
DQN,25,mid,670,1670,0.09000000000000001,1.0,1.0,0.13192218542099,0.00019098952179774642
DQN,25,mid,671,1671,-0.09431862831115721,5.0,4.0,0.7563477158546448,0.00036367223656270654
DQN,25,mid,672,1672,0.09000000000000001,1.0,1.0,0.14964887499809265,0.00015329806774389
DQN,25,mid,673,1673,0.03867493748664857,2.0,2.0,0.20865607261657715,0.00020432368910405785
DQN,25,mid,674,1674,0.09000000000000001,1.0,1.0,0.09346486628055573,0.00024710677098482847
DQN,25,mid,675,1675,0.09000000000000001,1.0,1.0,0.43342819809913635,0.0003059995360672474
DQN,25,mid,676,1676,0.1195636558532715,2.0,2.0,0.5107211470603943,0.00029667237686226144
DQN,25,mid,677,1677,0.2143733072280884,2.0,2.0,0.8480213284492493,0.0002474672655807808
DQN,25,mid,678,1678,0.1729544222354889,5.0,3.0,0.42834970355033875,0.00024865141313057393
DQN,25,mid,679,1679,0.2305972445011139,2.0,2.0,0.3845626413822174,0.00013508240226656199
DQN,25,mid,680,1680,0.14176006793975832,2.0,2.0,0.1690223067998886,0.0002000710228458047
DQN,25,mid,681,1681,0.1854569184780121,2.0,2.0,0.47409114241600037,0.00025943222863133997
DQN,25,mid,682,1682,0.09000000000000001,1.0,1.0,0.2333223521709442,0.0002204980846727267
DQN,25,mid,683,1683,0.09000000000000001,1.0,1.0,0.11882257461547852,0.000525419251061976
DQN,25,mid,684,1684,0.09000000000000001,1.0,1.0,0.50104159116745,0.0002921014092862606
DQN,25,mid,685,1685,0.002185088992118861,4.0,4.0,0.23966911435127258,0.00039825926796766
DQN,25,mid,686,1686,0.13330358982086182,3.0,3.0,0.6140240430831909,0.00019560409903836748
DQN,25,mid,687,1687,0.09000000000000001,1.0,1.0,0.32347893714904785,0.0005991618381813169
DQN,25,mid,688,1688,0.014801204204559326,5.0,4.0,0.7746613621711731,0.0002771184779703617
DQN,25,mid,689,1689,0.005782921314239506,3.0,2.0,0.6661524772644043,0.0002444694400765002
DQN,25,mid,690,1690,0.5129813921451568,3.0,3.0,0.4702514111995697,0.0007465099576317394
DQN,25,mid,691,1691,0.09000000000000001,1.0,1.0,0.4468837082386017,0.00018399770488031209
DQN,25,mid,692,1692,-0.09130155563354493,7.0,4.0,0.6812094449996948,0.00046668629927028505
DQN,25,mid,693,1693,0.17564149379730226,2.0,2.0,0.6214944124221802,0.00030181778129190207
DQN,25,mid,694,1694,0.09000000000000001,1.0,1.0,0.4788505434989929,0.00017147987091448158
DQN,25,mid,695,1695,0.09967614889144899,2.0,2.0,0.5826274752616882,0.00036430264299269766
DQN,25,mid,696,1696,0.09000000000000001,1.0,1.0,0.48621436953544617,0.00029531761538237333
DQN,25,mid,697,1697,-0.045817685127258326,5.0,5.0,1.0672141313552856,0.00019673191127367318
DQN,25,mid,698,1698,0.07642317533493043,3.0,3.0,0.7663282752037048,0.00025207855893919867
DQN,25,mid,699,1699,0.0733454990386963,2.0,2.0,0.14621779322624207,0.00017284604837186635
DQN,25,mid,700,1700,0.041240937709808356,3.0,3.0,0.5141578912734985,0.00019674476546545824
DQN,25,mid,701,1701,0.2619814944267273,3.0,3.0,0.9468590617179871,0.00021324854363532117
DQN,25,mid,702,1702,0.3121730160713196,3.0,3.0,0.5955348610877991,0.00023004602796087661
DQN,25,mid,703,1703,0.00778307199478151,2.0,2.0,0.23475579917430878,0.00014014956104801968
DQN,25,mid,704,1704,0.09000000000000001,1.0,1.0,0.5787429809570312,0.0002816958003677428
DQN,25,mid,705,1705,0.18159242153167726,2.0,2.0,0.35514217615127563,0.0014842327946098521
DQN,25,mid,706,1706,0.09000000000000001,1.0,1.0,0.3454113006591797,0.00010893667058553547
DQN,25,mid,707,1707,0.09000000000000001,1.0,1.0,0.0886864885687828,0.00039584096521139145
DQN,25,mid,708,1708,0.09000000000000001,1.0,1.0,0.2750822901725769,0.00020885877893306315
DQN,25,mid,709,1709,-0.37219794988632204,10.0,5.0,0.5106886625289917,0.0003418435284402221
DQN,25,mid,710,1710,0.20607019424438477,4.0,3.0,0.7930627465248108,0.0002400981575192418
DQN,25,mid,711,1711,0.09000000000000001,1.0,1.0,0.3085004985332489,0.0002711705747060478
DQN,25,mid,712,1712,0.09000000000000001,1.0,1.0,0.44769471883773804,0.0002487588790245354
DQN,25,mid,713,1713,0.12564195156097413,4.0,3.0,0.5577979683876038,0.0004825067844649311
DQN,25,mid,714,1714,0.09000000000000001,1.0,1.0,0.6949130296707153,0.0001190899929497391
DQN,25,mid,715,1715,0.09000000000000001,1.0,1.0,0.45167216658592224,0.0002897087251767516
DQN,25,mid,716,1716,0.0897657346725464,3.0,3.0,0.5221951007843018,0.000645278642574946
DQN,25,mid,717,1717,0.09000000000000001,1.0,1.0,0.10863801091909409,0.000525003531947732
DQN,25,mid,718,1718,0.11423552989959716,4.0,3.0,0.5159660577774048,0.00042525222670519724
DQN,25,mid,719,1719,0.1650883424282074,2.0,2.0,0.4206574261188507,0.0004512112500378862
DQN,25,mid,720,1720,0.20864464521408083,2.0,2.0,0.22088348865509033,0.00045305573439691216
DQN,25,mid,721,1721,0.06292973637580873,2.0,2.0,0.23421187698841095,0.000220674613956362
DQN,25,mid,722,1722,-0.7159072041511536,10.0,2.0,1.0826385021209717,0.000540904027002398
DQN,25,mid,723,1723,0.09000000000000001,1.0,1.0,1.2727587223052979,0.00021109660156071186
DQN,25,mid,724,1724,-0.06321990251541139,6.0,4.0,0.7319377064704895,0.0003353697999652165
DQN,25,mid,725,1725,0.09000000000000001,1.0,1.0,0.1321728527545929,0.0007299662102013826
DQN,25,mid,726,1726,0.16311867713928224,2.0,2.0,0.8095563054084778,0.0002023516208282672
DQN,25,mid,727,1727,0.09000000000000001,1.0,1.0,0.5389031171798706,0.0004215295775793493
DQN,25,mid,728,1728,0.06549055337905885,4.0,3.0,0.9485003352165222,0.00032509653829038143
DQN,25,mid,729,1729,-0.1351405882835388,4.0,3.0,0.457835853099823,0.0008088672038866207
DQN,25,mid,730,1730,-0.034207625389099106,2.0,2.0,0.613589882850647,0.00041071028681471944
DQN,25,mid,731,1731,0.1043307948112488,2.0,2.0,0.6550477147102356,0.0002547065378166735
DQN,25,mid,732,1732,0.09000000000000001,1.0,1.0,0.08250068128108978,0.00029417997575365007
DQN,25,mid,733,1733,-0.2603909754753112,9.0,3.0,0.7218475341796875,0.00037736481075019884
DQN,25,mid,734,1734,0.07170780181884767,2.0,2.0,1.1037099361419678,0.000326886132825166
DQN,25,mid,735,1735,0.06837155103683473,2.0,2.0,0.3577673137187958,0.002078392368275672
DQN,25,mid,736,1736,-0.10088318824768068,4.0,4.0,0.704314112663269,0.0004329474031692371
DQN,25,mid,737,1737,0.18729175806045534,2.0,2.0,0.7706886529922485,0.00038591922202613205
DQN,25,mid,738,1738,-0.12289796829223633,6.0,3.0,0.8117626905441284,0.0003276002098573372
DQN,25,mid,739,1739,0.1124612855911255,2.0,2.0,0.578182578086853,0.00022304747108137235
DQN,25,mid,740,1740,0.09823824644088747,2.0,2.0,0.35355329513549805,0.00024150700483005494
DQN,25,mid,741,1741,0.1500570344924927,2.0,2.0,0.3296606242656708,0.0004630820476450026
DQN,25,mid,742,1742,0.40889106154441834,4.0,3.0,0.4729754626750946,0.0005643982804031111
DQN,25,mid,743,1743,0.1402104663848877,2.0,2.0,0.27259448170661926,0.0001493236777605489
DQN,25,mid,744,1744,-0.03586602210998534,10.0,5.0,0.8827255964279175,0.0004657424404285848
DQN,25,mid,745,1745,0.09000000000000001,1.0,1.0,0.2502506673336029,0.000258267973549664
DQN,25,mid,746,1746,0.1378410029411316,2.0,2.0,0.8154348731040955,0.00020786362438229844
DQN,25,mid,747,1747,0.3353568387031555,3.0,3.0,0.33459192514419556,0.0002508020503834511
DQN,25,mid,748,1748,0.04021735668182374,2.0,2.0,0.7972891926765442,0.0003428651107242331
DQN,25,mid,749,1749,0.09000000000000001,1.0,1.0,0.0754253938794136,0.0005169258802197874
DQN,25,mid,750,1750,0.17429394245147706,3.0,3.0,0.8497219681739807,0.00023489753948524594
DQN,25,mid,751,1751,0.21340198993682863,2.0,2.0,0.9268730878829956,0.00017542158457217738
DQN,25,mid,752,1752,0.15965010404586794,2.0,2.0,0.689825713634491,0.00024320736702065915
DQN,25,mid,753,1753,0.09575130224227907,2.0,2.0,0.44205257296562195,0.0003395284293219447
DQN,25,mid,754,1754,0.09000000000000001,1.0,1.0,0.28529077768325806,0.00027640096959657967
DQN,25,mid,755,1755,0.09000000000000001,1.0,1.0,0.12381793558597565,0.0002669217938091606
DQN,25,mid,756,1756,0.09000000000000001,1.0,1.0,0.3277478516101837,0.0005493381177075207
DQN,25,mid,757,1757,0.1641348969936371,3.0,3.0,0.2748037278652191,0.0005090274838342642
DQN,25,mid,758,1758,0.09000000000000001,1.0,1.0,0.587253749370575,0.0002600581501610577
DQN,25,mid,759,1759,0.07739741325378419,3.0,3.0,0.8087231516838074,0.0002849842858267948
DQN,25,mid,760,1760,0.24437928915023804,3.0,3.0,0.575765073299408,0.00015403064996159324
DQN,25,mid,761,1761,0.07250668287277223,2.0,2.0,0.7128303647041321,0.00020400820358190686
DQN,25,mid,762,1762,-0.07121417760848998,4.0,2.0,0.8936821222305298,0.0002685317049326841
DQN,25,mid,763,1763,0.09000000000000001,1.0,1.0,0.5741966962814331,0.00012690835865214467
DQN,25,mid,764,1764,-0.444950270652771,10.0,2.0,0.4372715950012207,0.0002908739828853868
DQN,25,mid,765,1765,-0.2728688597679138,10.0,4.0,0.69155353307724,0.00029649604257429016
DQN,25,mid,766,1766,0.09000000000000001,1.0,1.0,0.2971014976501465,0.002248520264402032
DQN,25,mid,767,1767,0.12869599640369417,2.0,2.0,0.22372032701969147,0.00026372882712166756
DQN,25,mid,768,1768,0.05481399059295655,4.0,3.0,0.730884850025177,0.0002751927859208081
DQN,25,mid,769,1769,0.09000000000000001,1.0,1.0,0.5515175461769104,0.0004696682735811919
DQN,25,mid,770,1770,-0.5591859817504883,10.0,3.0,1.0852564573287964,0.0002193695487221703
DQN,25,mid,771,1771,0.09665083885192872,5.0,4.0,0.7074071764945984,0.0002893948229029775
DQN,25,mid,772,1772,0.05917726635932923,2.0,2.0,0.2318659871816635,0.00028084767109248787
DQN,25,mid,773,1773,0.09000000000000001,1.0,1.0,0.16741123795509338,0.0003351319464854896
DQN,25,mid,774,1774,0.09000000000000001,1.0,1.0,0.18392939865589142,0.00024125927302520722
DQN,25,mid,775,1775,0.12098778963088991,2.0,2.0,0.7104485630989075,0.00022930210980121046
DQN,25,mid,776,1776,-0.27934709072113034,8.0,2.0,0.38651221990585327,0.00045990877697477117
DQN,25,mid,777,1777,0.09000000000000001,1.0,1.0,0.3834814429283142,0.0002904997090809047
DQN,25,mid,778,1778,0.10887015819549561,4.0,3.0,0.929829478263855,0.0004565521812764928
DQN,25,mid,779,1779,0.18246711969375612,2.0,2.0,0.5929780602455139,0.00028695880610030144
DQN,25,mid,780,1780,0.0438466238975525,2.0,2.0,0.5590721964836121,0.0004725563485408202
DQN,25,mid,781,1781,0.09000000000000001,1.0,1.0,0.2786282002925873,0.0002575645921751857
DQN,25,mid,782,1782,0.03342276811599732,5.0,4.0,0.5782185196876526,0.00026219280989607795
DQN,25,mid,783,1783,0.09556294202804566,3.0,3.0,0.5757123231887817,0.00020986657667284211
DQN,25,mid,784,1784,0.09000000000000001,1.0,1.0,0.09805808216333389,0.0018756735371425748
DQN,25,mid,785,1785,0.26354931473731996,2.0,2.0,0.42482784390449524,0.0004478611226659268
DQN,25,mid,786,1786,0.09846337318420412,2.0,2.0,0.6996764540672302,0.00045366787526290864
DQN,25,mid,787,1787,0.2231604027748108,2.0,2.0,0.6901527643203735,0.0007569511799374595
DQN,25,mid,788,1788,-0.13282940864562987,8.0,3.0,0.7274741530418396,0.00030278881422418635
DQN,25,mid,789,1789,0.2277916169166565,4.0,3.0,0.8283353447914124,0.00022003792582836468
DQN,25,mid,790,1790,-0.07397644996643064,3.0,3.0,0.44357627630233765,0.00035264021911037463
DQN,25,mid,791,1791,0.11077051043510439,2.0,2.0,0.36938413977622986,0.00035453772579785436
DQN,25,mid,792,1792,0.21864496350288393,2.0,2.0,0.3653911054134369,0.0002521341812098399
DQN,25,mid,793,1793,-0.47963552474975585,10.0,2.0,0.8636347055435181,0.00034906310320366175
DQN,25,mid,794,1794,0.0790781992673874,2.0,2.0,0.16855266690254211,0.00037361976865213364
DQN,25,mid,795,1795,0.1465377974510193,2.0,2.0,0.31637969613075256,0.00020034302724525332
DQN,25,mid,796,1796,0.09000000000000001,1.0,1.0,0.18207183480262756,0.00014364783419296145
DQN,25,mid,797,1797,-0.057419739961624125,3.0,3.0,0.6035782098770142,0.0008372760785277933
DQN,25,mid,798,1798,0.17934948921203614,3.0,3.0,0.504085123538971,0.00039732237928546965
DQN,25,mid,799,1799,0.09000000000000001,1.0,1.0,0.16320309042930603,0.0007225719164125621
DQN,25,mid,800,1800,0.20913166522979737,3.0,3.0,0.6301210522651672,0.00018639482732396573
DQN,25,mid,801,1801,0.09000000000000001,1.0,1.0,0.565355658531189,0.0002982103906106204
DQN,25,mid,802,1802,0.06023109138011933,2.0,2.0,0.10906540602445602,0.00023394133313558996
DQN,25,mid,803,1803,0.042834649085998544,4.0,3.0,0.7137742638587952,0.0002490092138032196
DQN,25,mid,804,1804,0.09000000000000001,1.0,1.0,0.17379939556121826,0.0002836344647221267
DQN,25,mid,805,1805,0.2666728663444519,2.0,2.0,0.9705727696418762,0.0002823039540089667
DQN,25,mid,806,1806,0.09000000000000001,1.0,1.0,1.1252435445785522,0.00018398054817225784
DQN,25,mid,807,1807,0.0046891069412231395,4.0,3.0,0.7067852020263672,0.0002590670083009172
DQN,25,mid,808,1808,0.08871592760086061,2.0,2.0,0.8277064561843872,0.00021161152835702524
DQN,25,mid,809,1809,0.10929769456386568,2.0,2.0,0.21081459522247314,0.00025204710982507095
DQN,25,mid,810,1810,0.09000000000000001,1.0,1.0,0.19482050836086273,0.00021948787616565824
DQN,25,mid,811,1811,0.17692645072937013,2.0,2.0,0.6450585722923279,0.00032061115780379623
DQN,25,mid,812,1812,-0.017717091441154464,2.0,2.0,0.27923107147216797,0.000250189914368093
DQN,25,mid,813,1813,0.12895406961441042,2.0,2.0,0.730466365814209,0.000379415403585881
DQN,25,mid,814,1814,0.22929968118667604,2.0,2.0,0.41764402389526367,0.00021054325043223798
DQN,25,mid,815,1815,0.03336475968360902,2.0,2.0,0.33549126982688904,0.00015403871657326818
DQN,25,mid,816,1816,0.09000000000000001,1.0,1.0,0.24931487441062927,0.00016453566786367446
DQN,25,mid,817,1817,0.09000000000000001,1.0,1.0,0.0714554637670517,0.00022453791461884975
DQN,25,mid,818,1818,0.09000000000000001,1.0,1.0,0.9303602576255798,0.0003359901893418282
DQN,25,mid,819,1819,0.1619618606567383,3.0,3.0,0.5200295448303223,0.00027904973831027746
DQN,25,mid,820,1820,0.09000000000000001,1.0,1.0,0.28415557742118835,0.000171926076291129
DQN,25,mid,821,1821,0.24396921873092653,2.0,2.0,0.6011134386062622,0.00013829615272697993
DQN,25,mid,822,1822,0.16942759037017824,2.0,2.0,0.8840235471725464,0.00021297598868841305
DQN,25,mid,823,1823,-0.007162084579467778,4.0,3.0,0.7687749266624451,0.0015762471011839807
DQN,25,mid,824,1824,0.12186260700225832,2.0,2.0,0.7311672568321228,0.000186522702279035
DQN,25,mid,825,1825,0.12760290503501892,5.0,4.0,0.35183995962142944,0.0003576748596969992
DQN,25,mid,826,1826,0.09000000000000001,1.0,1.0,0.14456807076931,0.0004164404817856848
DQN,25,mid,827,1827,0.09000000000000001,1.0,1.0,0.26230859756469727,0.0003512923140078783
DQN,25,mid,828,1828,0.10109420299530031,2.0,2.0,0.42512771487236023,0.0004156334325671196
DQN,25,mid,829,1829,0.17128570556640627,2.0,2.0,0.3372328579425812,0.00031990242132451385
DQN,25,mid,830,1830,0.09000000000000001,1.0,1.0,0.46455398201942444,0.00023379127378575504
DQN,25,mid,831,1831,0.05585851430892945,4.0,2.0,0.6269025206565857,0.0004421114317665342
DQN,25,mid,832,1832,0.015180416107177755,3.0,3.0,0.8306263089179993,0.0003526752261677757
DQN,25,mid,833,1833,0.06313932657241822,3.0,3.0,0.24723608791828156,0.000287456379737705
DQN,25,mid,834,1834,0.09000000000000001,1.0,1.0,0.13187383115291595,0.00034348652116023004
DQN,25,mid,835,1835,0.008574731349945075,3.0,3.0,0.5697302222251892,0.0005763179312149683
DQN,25,mid,836,1836,0.09000000000000001,1.0,1.0,0.30657944083213806,0.0002617468708194792
DQN,25,mid,837,1837,-0.14405237674713134,9.0,4.0,0.6117010116577148,0.00026637558605418436
DQN,25,mid,838,1838,0.09000000000000001,1.0,1.0,0.33694785833358765,0.00021649108384735882
DQN,25,mid,839,1839,0.09000000000000001,1.0,1.0,0.43855026364326477,0.00020623864838853478
DQN,25,mid,840,1840,-0.01745491266250611,4.0,3.0,0.7119103670120239,0.00029383727815002203
DQN,25,mid,841,1841,0.13311756372451783,3.0,3.0,0.6384056806564331,0.0002939449768746272
DQN,25,mid,842,1842,0.09000000000000001,1.0,1.0,0.19734302163124084,0.00033969810465350747
DQN,25,mid,843,1843,0.015046494007110611,2.0,2.0,0.49168434739112854,0.00014416809062822722
DQN,25,mid,844,1844,0.021782772541046158,2.0,2.0,0.7581642866134644,0.00028283632127568126
DQN,25,mid,845,1845,0.09000000000000001,1.0,1.0,0.4121462404727936,0.00020351372950244695
DQN,25,mid,846,1846,0.09000000000000001,1.0,1.0,0.49161961674690247,0.00032466999255120754
DQN,25,mid,847,1847,0.2415843176841736,2.0,2.0,0.8749181628227234,0.00027998481527902186
DQN,25,mid,848,1848,0.09000000000000001,1.0,1.0,0.2483062446117401,0.0007176641374826431
DQN,25,mid,849,1849,0.09928919553756715,2.0,2.0,0.6399151682853699,0.0002924144937423989
DQN,25,mid,850,1850,0.26805097579956055,3.0,3.0,0.6695942282676697,0.0005621906360223269
DQN,25,mid,851,1851,0.09000000000000001,1.0,1.0,0.5482746958732605,0.0003306035359855741
DQN,25,mid,852,1852,0.09000000000000001,1.0,1.0,0.10256128758192062,0.0006786458543501794
DQN,25,mid,853,1853,0.11227591514587404,2.0,2.0,0.7774785161018372,0.0006614841695409268
DQN,25,mid,854,1854,0.23633302927017213,2.0,2.0,0.7246713638305664,0.00041311795939691365
DQN,25,mid,855,1855,0.22186251163482668,2.0,2.0,0.5338093638420105,0.0003557586605893448
DQN,25,mid,856,1856,-0.2110301673412323,10.0,4.0,0.38441696763038635,0.0003850415436318144
DQN,25,mid,857,1857,0.11318571090698243,3.0,3.0,0.7912910580635071,0.00027059541510728496
DQN,25,mid,858,1858,-0.018518908023834213,2.0,2.0,0.2449118047952652,0.00042534098611213267
DQN,25,mid,859,1859,0.16307479858398438,3.0,3.0,0.6847432255744934,0.0002497558016330004
DQN,25,mid,860,1860,0.10929511666297914,2.0,2.0,0.4374953806400299,0.0002159948635380715
DQN,25,mid,861,1861,-0.014421327114105209,2.0,2.0,0.6773512959480286,0.00028498235042206943
DQN,25,mid,862,1862,0.09000000000000001,1.0,1.0,0.07622069865465164,0.00038085615960881114
DQN,25,mid,863,1863,0.2766095471382141,3.0,3.0,0.8556755185127258,0.00023687445112348846
DQN,25,mid,864,1864,0.181296603679657,2.0,2.0,0.9997091889381409,0.0002204227275797166
DQN,25,mid,865,1865,0.09000000000000001,1.0,1.0,0.5568024516105652,0.0002748675469774753
DQN,25,mid,866,1866,0.09000000000000001,1.0,1.0,0.3257589042186737,0.0009055042755790055
DQN,25,mid,867,1867,-0.0066315531730651855,5.0,4.0,0.7628337144851685,0.0002645647153258324
DQN,25,mid,868,1868,0.09395517587661745,2.0,2.0,0.7468367218971252,0.00017892173491418362
DQN,25,mid,869,1869,0.09000000000000001,1.0,1.0,0.19983892142772675,0.0002099920529872179
DQN,25,mid,870,1870,0.17971882402896883,2.0,2.0,0.19200898706912994,0.0002823950635502115
DQN,25,mid,871,1871,0.020384557247161886,3.0,3.0,0.8161020278930664,0.00023103493731468916
DQN,25,mid,872,1872,0.10132201194763185,2.0,2.0,0.08293040841817856,0.0003679649016703479
DQN,25,mid,873,1873,0.07922996759414674,2.0,2.0,0.6526932120323181,0.0005552069924306124
DQN,25,mid,874,1874,0.09000000000000001,1.0,1.0,0.4921249747276306,0.00024232847499661148
DQN,25,mid,875,1875,0.09000000000000001,1.0,1.0,0.1343730390071869,0.00031363326706923544
DQN,25,mid,876,1876,0.12235686898231507,3.0,3.0,0.26954641938209534,0.00021664295248532048
DQN,25,mid,877,1877,0.09000000000000001,1.0,1.0,0.27144840359687805,0.0005559009732678533
DQN,25,mid,878,1878,0.10710151672363283,2.0,2.0,0.834285318851471,0.0004127178981434554
DQN,25,mid,879,1879,0.22665585756301881,2.0,2.0,0.6849197149276733,0.00014769814879400656
DQN,25,mid,880,1880,0.1869714426994324,2.0,2.0,0.7235316038131714,0.00022272521891864017
DQN,25,mid,881,1881,0.017463601827621467,3.0,3.0,0.5133243203163147,0.0009575952281011268
DQN,25,mid,882,1882,0.09000000000000001,1.0,1.0,0.1282729208469391,0.0005041980184614658
DQN,25,mid,883,1883,0.09000000000000001,1.0,1.0,0.12560299038887024,0.0001432890276191756
DQN,25,mid,884,1884,-0.10982883006334303,3.0,3.0,0.29131031036376953,0.00021852122154086828
DQN,25,mid,885,1885,0.17571588039398195,2.0,2.0,0.26826611161231995,0.0002490006445441395
DQN,25,mid,886,1886,0.09000000000000001,1.0,1.0,0.18330727517604828,0.0002562526206020266
DQN,25,mid,887,1887,-0.27418859004974366,10.0,4.0,0.6450085639953613,0.0004399774799821898
DQN,25,mid,888,1888,-0.587120294570923,10.0,3.0,0.6339667439460754,0.0002582560788141564
DQN,25,mid,889,1889,0.13517369508743288,2.0,2.0,0.6501578092575073,0.00023857509950175881
DQN,25,mid,890,1890,0.26738441705703736,3.0,3.0,0.879700243473053,0.0003142637142445892
DQN,25,mid,891,1891,0.09000000000000001,1.0,1.0,0.19228307902812958,0.0008689495152793825
DQN,25,mid,892,1892,0.008003420829772956,3.0,3.0,0.7028331756591797,0.0004211197568414112
DQN,25,mid,893,1893,0.16278566598892213,2.0,2.0,0.4643626809120178,0.00044721816084347665
DQN,25,mid,894,1894,0.3067353439331055,3.0,3.0,0.8731776475906372,0.0012123998991834621
DQN,25,mid,895,1895,-0.47508490085601807,10.0,3.0,1.0616965293884277,0.0003891578133334406
DQN,25,mid,896,1896,0.2260615396499634,2.0,2.0,0.6334641575813293,0.0003300965327071026
DQN,25,mid,897,1897,-0.004243267774581894,2.0,2.0,0.4886452853679657,0.000853604928124696
DQN,25,mid,898,1898,0.25941837549209595,3.0,3.0,0.6850957274436951,0.0004760471250241001
DQN,25,mid,899,1899,0.09000000000000001,1.0,1.0,0.15999500453472137,0.00034633284667506814
DQN,25,mid,900,1900,0.10107512950897218,2.0,2.0,0.3636239469051361,0.000357533193891868
DQN,25,mid,901,1901,0.17905141592025758,2.0,2.0,0.8315154910087585,0.0022586200648220256
DQN,25,mid,902,1902,0.09000000000000001,1.0,1.0,0.124903105199337,0.001902504009194672
DQN,25,mid,903,1903,0.1190483570098877,5.0,4.0,1.160451889038086,0.001112358644604683
DQN,25,mid,904,1904,-0.2123833084106445,4.0,2.0,0.43847623467445374,0.0009190456476062536
DQN,25,mid,905,1905,0.15739803194999696,2.0,2.0,0.38592764735221863,0.001014996349113062
DQN,25,mid,906,1906,0.09000000000000001,1.0,1.0,0.32632526755332947,0.0014492407208308578
DQN,25,mid,907,1907,0.053165899515151986,2.0,2.0,0.3066166341304779,0.0007335244008572772
DQN,25,mid,908,1908,0.07789936840534212,2.0,2.0,0.10695760697126389,0.0005114214582135901
DQN,25,mid,909,1909,0.1922124791145325,2.0,2.0,0.7388063073158264,0.007679293747060001
DQN,25,mid,910,1910,0.2940787148475647,3.0,3.0,0.5774372220039368,0.0007768408007298907
DQN,25,mid,911,1911,-0.10144077062606811,2.0,2.0,0.839126467704773,0.0007147947617340833
DQN,25,mid,912,1912,0.05427523136138917,2.0,2.0,0.6141716837882996,0.0008543457952328026
DQN,25,mid,913,1913,0.1054243165254593,2.0,2.0,0.22482635080814362,0.0013287229812704027
DQN,25,mid,914,1914,0.026845427155494705,2.0,2.0,0.30049917101860046,0.0020609806233551353
DQN,25,mid,915,1915,0.222325758934021,2.0,2.0,0.7660794854164124,0.0003337458474561572
DQN,25,mid,916,1916,0.06783723264932634,2.0,2.0,0.12310868501663208,0.00689841755956877
DQN,25,mid,917,1917,0.09000000000000001,1.0,1.0,0.05478709191083908,0.000515033898409456
DQN,25,mid,918,1918,-0.11029136776924132,5.0,2.0,0.23169615864753723,0.0006676640827208757
DQN,25,mid,919,1919,0.24495593667030335,4.0,3.0,0.2954001724720001,0.0004837209198740311
DQN,25,mid,920,1920,0.09000000000000001,1.0,1.0,0.17553448677062988,0.000535615487024188
DQN,25,mid,921,1921,0.09000000000000001,1.0,1.0,0.38827064633369446,0.0005467491573654115
DQN,25,mid,922,1922,-0.43289804458618164,10.0,3.0,0.9372788667678833,0.0006582867034012451
DQN,25,mid,923,1923,0.09000000000000001,1.0,1.0,0.6029906272888184,0.0003228302812203765
DQN,25,mid,924,1924,-0.03342925786972044,3.0,3.0,0.40174606442451477,0.0009189643218026807
DQN,25,mid,925,1925,0.09000000000000001,1.0,1.0,0.2957446575164795,0.0005913067725487053
DQN,25,mid,926,1926,0.09000000000000001,1.0,1.0,0.17546407878398895,0.0012232990702614188
DQN,25,mid,927,1927,0.09000000000000001,1.0,1.0,0.30672597885131836,0.0012637801701202989
DQN,25,mid,928,1928,0.05751420736312867,2.0,2.0,0.7618955373764038,0.0009192954748868942
DQN,25,mid,929,1929,0.09622705698013306,3.0,3.0,0.9275191426277161,0.0006055686972104013
DQN,25,mid,930,1930,0.08903174281120302,2.0,2.0,0.47312816977500916,0.0004676922399085015
DQN,25,mid,931,1931,0.14737303733825685,2.0,2.0,0.7183274030685425,0.00046481486060656607
DQN,25,mid,932,1932,0.08999813318252564,3.0,3.0,0.7599296569824219,0.000782000618831565
DQN,25,mid,933,1933,0.09000000000000001,1.0,1.0,0.19334469735622406,0.00037987501127645373
DQN,25,mid,934,1934,0.09000000000000001,1.0,1.0,0.5127770304679871,0.0008458452066406608
DQN,25,mid,935,1935,-0.0868558669090271,9.0,3.0,0.896107017993927,0.0005987589570900633
DQN,25,mid,936,1936,0.09000000000000001,1.0,1.0,0.7444750070571899,0.0006679798243567348
DQN,25,mid,937,1937,0.2313994336128235,2.0,2.0,0.5725744366645813,0.0003176386817358434
DQN,25,mid,938,1938,-0.23705333471298215,10.0,3.0,0.5599565505981445,0.0005748702766140923
DQN,25,mid,939,1939,0.09000000000000001,1.0,1.0,0.2358388751745224,0.000728689949028194
DQN,25,mid,940,1940,0.0032463464140892184,2.0,2.0,0.19319288432598114,0.0006086687935749069
DQN,25,mid,941,1941,0.09000000000000001,1.0,1.0,0.10403423011302948,0.0011744784424081445
DQN,25,mid,942,1942,0.18716097593307496,3.0,3.0,0.7829157710075378,0.0004919434140902013
DQN,25,mid,943,1943,0.31703455924987795,2.0,2.0,0.5102367997169495,0.0005832402675878257
DQN,25,mid,944,1944,0.037310711741447455,3.0,3.0,0.1686273068189621,0.00043146144404696923
DQN,25,mid,945,1945,0.11409909248352051,3.0,3.0,0.6191302537918091,0.0003947621250214676
DQN,25,mid,946,1946,-0.5612879276275635,10.0,2.0,1.1228581666946411,0.0004841946269152686
DQN,25,mid,947,1947,0.13888630986213685,3.0,3.0,0.3153095245361328,0.0005616537722138067
DQN,25,mid,948,1948,0.05901707887649537,2.0,2.0,0.8820503950119019,0.0004598357481881976
DQN,25,mid,949,1949,0.07476688146591187,3.0,3.0,0.8152733445167542,0.0016685007528091471
DQN,25,mid,950,1950,0.09000000000000001,1.0,1.0,0.061131007969379425,0.0007580042583867908
DQN,25,mid,951,1951,0.21788023591041566,2.0,2.0,0.4028923809528351,0.0007182245899457484
DQN,25,mid,952,1952,0.20864099979400635,3.0,3.0,0.48419827222824097,0.0005020934525722017
DQN,25,mid,953,1953,0.18656091570854189,2.0,2.0,0.431841105222702,0.00045995123218744993
DQN,25,mid,954,1954,-0.5419380068778992,10.0,3.0,0.6377273797988892,0.00050120763189625
DQN,25,mid,955,1955,0.2615794014930725,3.0,3.0,0.8772545456886292,0.0007217494518651316
DQN,25,mid,956,1956,0.10690315246582033,2.0,2.0,0.4490647614002228,0.00048396826605312526
DQN,25,mid,957,1957,-0.0440846610069275,8.0,4.0,0.9323641657829285,0.000629225902230246
DQN,25,mid,958,1958,0.09000000000000001,1.0,1.0,0.29350289702415466,0.0002757601614575833
DQN,25,mid,959,1959,0.1175577211380005,2.0,2.0,0.4179582893848419,0.0003828275657724589
DQN,25,mid,960,1960,-0.05991988658905027,3.0,3.0,0.47839587926864624,0.0006258961414763083
DQN,25,mid,961,1961,0.17408271312713625,2.0,2.0,0.5833341479301453,0.0004813882114831358
DQN,25,mid,962,1962,0.11064267873764039,3.0,3.0,0.580437183380127,0.0003456982085481286
DQN,25,mid,963,1963,0.15410049438476564,2.0,2.0,0.6892313361167908,0.00029690240626223385
DQN,25,mid,964,1964,0.17414452314376833,2.0,2.0,0.6258098483085632,0.0003125205112155527
DQN,25,mid,965,1965,0.14040030717849733,2.0,2.0,0.7763375043869019,0.0003592993598431349
DQN,25,mid,966,1966,0.09000000000000001,1.0,1.0,0.22366604208946228,0.00033819733653217554
DQN,25,mid,967,1967,0.050773905515670785,2.0,2.0,0.14635123312473297,0.00041842416976578534
DQN,25,mid,968,1968,0.13869179964065553,2.0,2.0,0.6299182176589966,0.0005148932978045195
DQN,25,mid,969,1969,-0.019029133319854716,3.0,3.0,0.7106608152389526,0.0005427295982372016
DQN,25,mid,970,1970,0.10431999683380126,3.0,3.0,1.1421689987182617,0.00037968403194099665
DQN,25,mid,971,1971,0.16868860244750977,3.0,3.0,0.6214524507522583,0.0007075002455773453
DQN,25,mid,972,1972,-0.1257116651535034,6.0,3.0,0.6251112818717957,0.0004919282995009174
DQN,25,mid,973,1973,0.09000000000000001,1.0,1.0,0.09404943138360977,0.0003576973977033049
DQN,25,mid,974,1974,-0.33986854553222656,10.0,3.0,0.9561463594436646,0.00042331604636274277
DQN,25,mid,975,1975,0.2612693977355957,3.0,3.0,0.6838072538375854,0.00031461205799132586
DQN,25,mid,976,1976,-0.7045606374740603,10.0,3.0,0.7051887512207031,0.0006805911019910127
DQN,25,mid,977,1977,0.19570483446121217,2.0,2.0,0.5841566324234009,0.0004034365265397355
DQN,25,mid,978,1978,-0.022591717839241007,3.0,3.0,0.2655804455280304,0.0005367608973756433
DQN,25,mid,979,1979,0.08584229826927187,2.0,2.0,0.26880285143852234,0.0004438305040821433
DQN,25,mid,980,1980,-0.06733962178230284,3.0,3.0,0.4485154151916504,0.00032720192878817517
DQN,25,mid,981,1981,0.2560200071334839,4.0,4.0,0.615636944770813,0.001270099608518649
DQN,25,mid,982,1982,0.09000000000000001,1.0,1.0,0.13859181106090546,0.00027832866180688143
DQN,25,mid,983,1983,0.03216083526611329,2.0,2.0,0.525978147983551,0.00032868079142645
DQN,25,mid,984,1984,0.09000000000000001,1.0,1.0,0.24132463335990906,0.0003149272233713418
DQN,25,mid,985,1985,0.06673810839653016,4.0,3.0,0.396290123462677,0.00041306544153485447
DQN,25,mid,986,1986,0.09000000000000001,1.0,1.0,0.7465710043907166,0.0004674876981880516
DQN,25,mid,987,1987,0.08469729304313661,2.0,2.0,0.2639700770378113,0.0005302086065057665
DQN,25,mid,988,1988,0.1424229907989502,2.0,2.0,0.6121300458908081,0.00031710702751297504
DQN,25,mid,989,1989,0.09000000000000001,1.0,1.0,0.14358235895633698,0.0002327784022781998
DQN,25,mid,990,1990,0.04967541217803956,3.0,3.0,0.5241273045539856,0.0009311381242393205
DQN,25,mid,991,1991,0.09000000000000001,1.0,1.0,0.23760859668254852,0.00044607650488615036
DQN,25,mid,992,1992,0.09000000000000001,1.0,1.0,0.30454587936401367,0.0005925322184339166
DQN,25,mid,993,1993,0.41319549798965455,3.0,3.0,0.6343749761581421,0.00044651109783444554
DQN,25,mid,994,1994,0.09000000000000001,1.0,1.0,0.4955595135688782,0.0007514916360378265
DQN,25,mid,995,1995,0.027149817943573004,4.0,2.0,0.6743128895759583,0.00036931542126694694
DQN,25,mid,996,1996,0.10677506208419801,2.0,2.0,0.26540929079055786,0.0006496616988442838
DQN,25,mid,997,1997,0.09000000000000001,1.0,1.0,0.2245195060968399,0.00021694335737265646
DQN,25,mid,998,1998,0.18964140534400942,3.0,2.0,0.36707422137260437,0.00035688520680802566
DQN,25,mid,999,1999,0.09000000000000001,1.0,1.0,0.37235742807388306,0.0002490938059054315
DQN,25,mid,1000,2000,-0.6416679203510285,10.0,2.0,0.5525327920913696,0.000448171170137357
DQN,25,mid,1001,2001,0.09186537742614748,2.0,2.0,0.5859562754631042,0.00029954794445075095
DQN,25,mid,1002,2002,0.060996131896972665,2.0,2.0,0.2529337406158447,0.0002959703342639841
DQN,25,mid,1003,2003,0.07867212772369386,2.0,2.0,0.27146798372268677,0.0006815977103542536
DQN,25,mid,1004,2004,0.0761708188056946,2.0,2.0,0.6988778114318848,0.00046043458860367537
DQN,25,mid,1005,2005,-0.000158183574676507,3.0,3.0,0.1432311087846756,0.00046515459932076436
DQN,25,mid,1006,2006,0.18314428806304933,2.0,2.0,0.5513188242912292,0.00034903491905424744
DQN,25,mid,1007,2007,0.09000000000000001,1.0,1.0,0.258819043636322,0.00045799853978678584
DQN,25,mid,1008,2008,0.09000000000000001,1.0,1.0,0.20068128407001495,0.0005477325175888836
DQN,25,mid,1009,2009,0.18567533969879152,2.0,2.0,0.7634176015853882,0.00034429930383339524
DQN,25,mid,1010,2010,0.026257712841033926,8.0,3.0,0.8702879548072815,0.00031253746055881493
DQN,25,mid,1011,2011,0.0806961727142334,3.0,3.0,0.5234668850898743,0.0002764997916528955
DQN,25,mid,1012,2012,0.11499341011047365,2.0,2.0,0.8206242322921753,0.00026929297018796206
DQN,25,mid,1013,2013,0.2912470769882202,3.0,3.0,0.6191138625144958,0.0005012450080054501
DQN,25,mid,1014,2014,0.09543167233467104,2.0,2.0,0.4528837502002716,0.00028864695923402905
DQN,25,mid,1015,2015,0.053680824041366586,2.0,2.0,0.3870302736759186,0.00019332517695147544
DQN,25,mid,1016,2016,-0.2773043143749237,3.0,3.0,0.8211222290992737,0.00023037678329274058
DQN,25,mid,1017,2017,0.09000000000000001,1.0,1.0,0.2674334943294525,0.0002610991941764951
DQN,25,mid,1018,2018,0.056860632896423347,3.0,3.0,0.590097963809967,0.0002521531908617665
DQN,25,mid,1019,2019,0.09000000000000001,1.0,1.0,0.18954673409461975,0.00022190998424775898
DQN,25,mid,1020,2020,0.2730961012840271,2.0,2.0,0.5587143301963806,0.00033776351483538747
DQN,25,mid,1021,2021,-0.12397144794464111,6.0,3.0,0.2862503230571747,0.0002521621887960161
DQN,25,mid,1022,2022,0.09000000000000001,1.0,1.0,0.2832801938056946,0.0005824103718623519
DQN,25,mid,1023,2023,0.14512497901916505,3.0,3.0,0.7558881640434265,0.0003306675450100253
DQN,25,mid,1024,2024,0.17729814529418947,2.0,2.0,0.8369544744491577,0.00036364502739161253
DQN,25,mid,1025,2025,0.09000000000000001,1.0,1.0,0.1669986993074417,0.0005799460923299193
DQN,25,mid,1026,2026,0.12137350618839265,2.0,2.0,0.14296463131904602,0.0003298484953120351
DQN,25,mid,1027,2027,0.05672206163406373,2.0,2.0,0.781204879283905,0.0002834445404005237
DQN,25,mid,1028,2028,0.09000000000000001,1.0,1.0,0.42563673853874207,0.00034155469620600343
DQN,25,mid,1029,2029,0.23656498193740844,5.0,5.0,0.6743829846382141,0.00034617118071764705
DQN,25,mid,1030,2030,0.13351880192756654,2.0,2.0,0.42643219232559204,0.00021011153876315802
DQN,25,mid,1031,2031,0.067126042842865,3.0,3.0,0.7083489298820496,0.00022321124561131
DQN,25,mid,1032,2032,0.09000000000000001,1.0,1.0,0.31162723898887634,0.0003248091961722821
DQN,25,mid,1033,2033,0.0814520186185837,4.0,2.0,0.23071341216564178,0.0002872460463549942
DQN,25,mid,1034,2034,0.14761314511299134,3.0,3.0,0.15895187854766846,0.0002650046905425067
DQN,25,mid,1035,2035,0.1733863925933838,4.0,4.0,0.5351361632347107,0.0002724619007494766
DQN,25,mid,1036,2036,0.017096774578094498,2.0,2.0,0.8718951344490051,0.00013017059245612472
DQN,25,mid,1037,2037,0.09000000000000001,1.0,1.0,0.27916884422302246,0.00021671113790944219
DQN,25,mid,1038,2038,0.09000000000000001,1.0,1.0,0.5110832452774048,0.0003072285035159439
DQN,25,mid,1039,2039,0.09000000000000001,1.0,1.0,0.3496653735637665,0.00020980947010684758
DQN,25,mid,1040,2040,0.09000000000000001,1.0,1.0,0.17279282212257385,0.0001482525549363345
DQN,25,mid,1041,2041,0.09000000000000001,1.0,1.0,0.12225703150033951,0.0002808252756949514
DQN,25,mid,1042,2042,0.09000000000000001,1.0,1.0,0.1309572458267212,0.0001602770935278386
DQN,25,mid,1043,2043,0.14703567504882814,2.0,2.0,0.6065963506698608,0.0005619890143861994
DQN,25,mid,1044,2044,-0.022173814773559564,3.0,3.0,1.1009865999221802,0.00025353118932495516
DQN,25,mid,1045,2045,0.09000000000000001,1.0,1.0,0.1544799953699112,0.000203241768758744
DQN,25,mid,1046,2046,0.09000000000000001,1.0,1.0,0.1771879941225052,0.0004318626597523689
DQN,25,mid,1047,2047,-0.09115474700927735,3.0,3.0,0.7980744242668152,0.0003270271554356441
DQN,25,mid,1048,2048,0.09000000000000001,1.0,1.0,0.36851856112480164,0.0005045050056651235
DQN,25,mid,1049,2049,0.14434117794036866,3.0,3.0,0.7214969992637634,0.00040482289720481884
DQN,25,mid,1050,2050,-0.34509416818618777,10.0,5.0,0.999078094959259,0.0002974005095893517
DQN,25,mid,1051,2051,0.12551907420158387,3.0,3.0,0.25674039125442505,0.00026233729052667815
DQN,25,mid,1052,2052,0.072240788936615,3.0,2.0,0.23384788632392883,0.0002848007328187426
DQN,25,mid,1053,2053,0.2354486155509949,7.0,3.0,0.7528738379478455,0.00024670934778571663
DQN,25,mid,1054,2054,0.08937941670417787,2.0,2.0,0.38870784640312195,0.0002387832646491006
DQN,25,mid,1055,2055,0.09000000000000001,1.0,1.0,0.5452629923820496,0.00010900631605181843
DQN,25,mid,1056,2056,0.15789050579071046,3.0,3.0,1.0169914960861206,0.00030176570483793813
DQN,25,mid,1057,2057,0.09000000000000001,1.0,1.0,0.15946924686431885,0.0003530188405420631
DQN,25,mid,1058,2058,0.06089933395385743,2.0,2.0,0.7359841465950012,0.00025444632046855986
DQN,25,mid,1059,2059,0.0946908760070801,2.0,2.0,0.5602300763130188,0.0003567124513210729
DQN,25,mid,1060,2060,0.2613017725944519,2.0,2.0,0.7598823308944702,0.0005623367032967508
DQN,25,mid,1061,2061,-0.5602465569972993,10.0,3.0,0.4112139344215393,0.0002723665675148368
DQN,25,mid,1062,2062,0.21499020576477051,3.0,3.0,0.8894170522689819,0.0003685825892413656
DQN,25,mid,1063,2063,0.0806990933418274,3.0,3.0,0.7636961936950684,0.0006845918542239815
DQN,25,mid,1064,2064,0.1665423583984375,3.0,3.0,0.30001360177993774,0.00039503281004726887
DQN,25,mid,1065,2065,0.09000000000000001,1.0,1.0,0.05154397711157799,0.0004159433883614838
DQN,25,mid,1066,2066,0.1117593812942505,2.0,2.0,1.06778883934021,0.00038463422970380634
DQN,25,mid,1067,2067,0.07863981246948243,3.0,3.0,0.6964084506034851,0.0007246149082978567
DQN,25,mid,1068,2068,0.09000000000000001,1.0,1.0,0.05797582119703293,0.00040738534880802035
DQN,25,mid,1069,2069,0.051706830263137826,4.0,3.0,0.37172794342041016,0.0008484445716021582
DQN,25,mid,1070,2070,0.1066889238357544,3.0,3.0,0.7967337965965271,0.0004620204175201555
DQN,25,mid,1071,2071,0.06070445656776429,2.0,2.0,0.39513614773750305,0.0007295521209016442
DQN,25,mid,1072,2072,-0.46123586893081664,10.0,2.0,0.7233729958534241,0.00036123573809163643
DQN,25,mid,1073,2073,0.0035570728778839267,2.0,2.0,0.30483007431030273,0.0004659344267565757
DQN,25,mid,1074,2074,0.09000000000000001,1.0,1.0,0.37978434562683105,0.00040189240826293826
DQN,25,mid,1075,2075,0.2266751003265381,3.0,3.0,0.5666391253471375,0.0007497687862875561
DQN,25,mid,1076,2076,0.09000000000000001,1.0,1.0,0.16991117596626282,0.00048616272397339344
DQN,25,mid,1077,2077,0.2613577365875244,5.0,3.0,0.9612737894058228,0.0005606391816399992
DQN,25,mid,1078,2078,-0.6243004679679872,10.0,2.0,1.0217138528823853,0.0005759235471487045
DQN,25,mid,1079,2079,0.209410765171051,6.0,6.0,0.7020822167396545,0.0003500696523891141
DQN,25,mid,1080,2080,0.09000000000000001,1.0,1.0,0.5411764979362488,0.0002915986115112901
DQN,25,mid,1081,2081,0.3270040822029114,3.0,3.0,0.6599384546279907,0.0002490183930300797
DQN,25,mid,1082,2082,0.03685358881950379,3.0,3.0,0.5104491114616394,0.00032950574920202297
DQN,25,mid,1083,2083,0.09000000000000001,1.0,1.0,0.0704646110534668,0.00018340349197387695
DQN,25,mid,1084,2084,0.22136913418769838,2.0,2.0,0.2829163372516632,0.0004034754238091409
DQN,25,mid,1085,2085,0.11392480850219727,3.0,3.0,0.6869967579841614,0.0002730370421583454
DQN,25,mid,1086,2086,0.09000000000000001,1.0,1.0,0.24889473617076874,0.00030561338644474745
DQN,25,mid,1087,2087,0.22864182472229005,2.0,2.0,0.5508920550346375,0.00032953883055597544
DQN,25,mid,1088,2088,0.107095302939415,2.0,2.0,0.21366429328918457,0.00034920456528197974
DQN,25,mid,1089,2089,0.12279478430747987,3.0,3.0,0.35324355959892273,0.00032741124353682
DQN,25,mid,1090,2090,0.11927283763885499,4.0,3.0,1.0942606925964355,0.0002362097984587308
DQN,25,mid,1091,2091,0.09281079649925233,2.0,2.0,0.17448218166828156,0.0010939453495666385
DQN,25,mid,1092,2092,0.18489659547805787,3.0,3.0,0.7353389859199524,0.00032689788107139367
DQN,25,mid,1093,2093,-0.05245104789733886,6.0,2.0,0.5412437915802002,0.00031965135228044045
DQN,25,mid,1094,2094,0.2754155874252319,5.0,5.0,0.6027339100837708,0.000661013467470184
DQN,25,mid,1095,2095,-0.03680920362472535,6.0,4.0,0.504479706287384,0.0008250316362439966
DQN,25,mid,1096,2096,0.2246732485294342,3.0,3.0,0.4528738558292389,0.00021621381165459752
DQN,25,mid,1097,2097,0.06089027404785157,2.0,2.0,0.9696410894393921,0.0006455813709180802
DQN,25,mid,1098,2098,0.17142838954925538,3.0,3.0,0.8686375617980957,0.0005638208628321687
DQN,25,mid,1099,2099,0.12393779516220094,4.0,3.0,0.535517692565918,0.000525343060871819
DQN,25,mid,1100,2100,-0.31122968196868894,10.0,3.0,0.6687619090080261,0.0003465998059255071
DQN,25,mid,1101,2101,0.09000000000000001,1.0,1.0,0.10049919039011002,0.00048794635222293437
DQN,25,mid,1102,2102,0.09000000000000001,1.0,1.0,0.2864537239074707,0.0003361158596817404
DQN,25,mid,1103,2103,0.07318635702133179,3.0,2.0,0.21704116463661194,0.00035931693855673075
DQN,25,mid,1104,2104,0.09000000000000001,1.0,1.0,0.6042951941490173,0.0022707823663949966
DQN,25,mid,1105,2105,0.09000000000000001,1.0,1.0,0.1984775811433792,0.0003248029970563948
DQN,25,mid,1106,2106,-0.2723186254501343,10.0,2.0,0.8221467137336731,0.0010665574169252067
DQN,25,mid,1107,2107,0.10722506999969483,4.0,3.0,1.0919982194900513,0.0005944067888776772
DQN,25,mid,1108,2108,-0.2087045073509216,10.0,3.0,0.2667536735534668,0.0005546849744860083
DQN,25,mid,1109,2109,0.09000000000000001,1.0,1.0,0.06193986162543297,0.0004001287161372602
DQN,25,mid,1110,2110,0.2149124813079834,3.0,3.0,0.6090866923332214,0.0007290786015801132
DQN,25,mid,1111,2111,0.15853963971138002,2.0,2.0,0.4271213114261627,0.0006427922926377505
DQN,25,mid,1112,2112,0.09000000000000001,1.0,1.0,0.33280473947525024,0.00031956558814272285
DQN,25,mid,1113,2113,0.042737679481506356,2.0,2.0,0.6185724139213562,0.0004891948046861216
DQN,25,mid,1114,2114,-0.09611897706985471,4.0,3.0,0.6183664202690125,0.0005841433667228557
DQN,25,mid,1115,2115,0.09000000000000001,1.0,1.0,0.09656534343957901,0.0005187017377465963
DQN,25,mid,1116,2116,0.16377763628959657,2.0,2.0,0.4947473704814911,0.001149601099314168
DQN,25,mid,1117,2117,0.09000000000000001,1.0,1.0,0.37677818536758423,0.000806260562967509
DQN,25,mid,1118,2118,-0.01582597255706787,6.0,3.0,0.40237346291542053,0.00234522722409262
DQN,25,mid,1119,2119,0.15314985990524294,2.0,2.0,0.703689694404602,0.0008458718075416982
DQN,25,mid,1120,2120,-0.5296823263168335,10.0,2.0,0.9108452796936035,0.0005965227261185646
DQN,25,mid,1121,2121,0.0417153012752533,3.0,3.0,0.3597278594970703,0.0006923538749106228
DQN,25,mid,1122,2122,0.09000000000000001,1.0,1.0,0.4805920720100403,0.0002973280497826636
DQN,25,mid,1123,2123,0.09000000000000001,1.0,1.0,0.24442341923713684,0.0006923478213138878
DQN,25,mid,1124,2124,0.028742350339889533,3.0,3.0,0.49405035376548767,0.00041442075356220204
DQN,25,mid,1125,2125,0.17971882402896883,2.0,2.0,0.19200898706912994,0.00048773801245260984
DQN,25,mid,1126,2126,0.09000000000000001,1.0,1.0,0.09070494025945663,0.0005568479537032545
DQN,25,mid,1127,2127,0.26272518157958985,3.0,3.0,0.7064329981803894,0.0028722277687241635
DQN,25,mid,1128,2128,0.09000000000000001,1.0,1.0,0.144636869430542,0.0005199784645810723
DQN,25,mid,1129,2129,0.1443150806427002,2.0,2.0,0.30638355016708374,0.0004234859225107357
DQN,25,mid,1130,2130,0.11154640436172486,3.0,3.0,0.5623692870140076,0.0004097297884679089
DQN,25,mid,1131,2131,-0.525679636001587,10.0,2.0,0.5299547910690308,0.0006898746389197186
DQN,25,mid,1132,2132,0.23365707874298097,2.0,2.0,0.6542338132858276,0.0005953764048172161
DQN,25,mid,1133,2133,0.09000000000000001,1.0,1.0,0.42967718839645386,0.0003845347964670509
DQN,25,mid,1134,2134,0.09450538635253908,2.0,2.0,0.21941514313220978,0.0003430929937167093
DQN,25,mid,1135,2135,-0.0015278962254524076,2.0,2.0,0.19659364223480225,0.0006615885940846056
DQN,25,mid,1136,2136,0.09000000000000001,1.0,1.0,0.3697119355201721,0.0016081762732937932
DQN,25,mid,1137,2137,0.09000000000000001,1.0,1.0,0.3781490921974182,0.0007440863410010934
DQN,25,mid,1138,2138,-0.12474082231521606,7.0,3.0,0.4250514805316925,0.0005265250594155597
DQN,25,mid,1139,2139,0.029468724727630617,4.0,3.0,0.8901906609535217,0.0006184137819218449
DQN,25,mid,1140,2140,0.04254277467727662,3.0,2.0,0.21738740801811218,0.00046475010458379984
DQN,25,mid,1141,2141,0.09000000000000001,1.0,1.0,0.9401353001594543,0.00032691500382497907
DQN,25,mid,1142,2142,0.10807003259658815,2.0,2.0,0.518785297870636,0.00029013349558226764
DQN,25,mid,1143,2143,0.17386134147644045,2.0,2.0,0.29979321360588074,0.0003648295532912016
DQN,25,mid,1144,2144,0.1088476347923279,2.0,2.0,0.6280151605606079,0.0006308888550847769
DQN,25,mid,1145,2145,0.09000000000000001,1.0,1.0,0.5861325860023499,0.0005240124883130193
DQN,25,mid,1146,2146,0.09000000000000001,1.0,1.0,0.22393573820590973,0.0011953901266679168
DQN,25,mid,1147,2147,0.16668902516365053,2.0,2.0,0.2787458002567291,0.00036890871706418693
DQN,25,mid,1148,2148,0.09000000000000001,1.0,1.0,0.366592675447464,0.0003459198051132262
DQN,25,mid,1149,2149,-0.0690977430343628,6.0,3.0,0.6607998609542847,0.00047997473302530125
DQN,25,mid,1150,2150,0.15294130325317384,2.0,2.0,0.765200674533844,0.0004401031183078885
DQN,25,mid,1151,2151,0.09000000000000001,1.0,1.0,0.28888553380966187,0.000329538801452145
DQN,25,mid,1152,2152,0.09000000000000001,1.0,1.0,0.08297129720449448,0.0006145471706986427
DQN,25,mid,1153,2153,0.09000000000000001,1.0,1.0,0.2507919371128082,0.0002943217405118048
DQN,25,mid,1154,2154,0.09000000000000001,1.0,1.0,0.20378968119621277,0.0014221012825146317
DQN,25,mid,1155,2155,0.09000000000000001,1.0,1.0,0.16775192320346832,0.00031970147392712533
DQN,25,mid,1156,2156,0.10999934554100038,2.0,2.0,0.48989465832710266,0.0004034013909404166
DQN,25,mid,1157,2157,0.23248408913612367,2.0,2.0,0.290458619594574,0.0005859882949152961
DQN,25,mid,1158,2158,0.09000000000000001,1.0,1.0,0.6749940514564514,0.00021382907289080322
DQN,25,mid,1159,2159,-0.06090221405029296,5.0,2.0,0.3572465777397156,0.00047778984589967876
DQN,25,mid,1160,2160,0.09000000000000001,1.0,1.0,0.4742027223110199,0.00047185050789266825
DQN,25,mid,1161,2161,-0.46861177682876587,10.0,3.0,0.817191481590271,0.0005267974775051698
DQN,25,mid,1162,2162,0.07340844154357912,2.0,2.0,0.6272277235984802,0.00045786009286530316
DQN,25,mid,1163,2163,-0.4335196018218994,10.0,3.0,0.6389089822769165,0.00045749126002192497
DQN,25,mid,1164,2164,0.09000000000000001,1.0,1.0,0.11026477813720703,0.0002572205848991871
DQN,25,mid,1165,2165,-0.5609284818172455,10.0,2.0,0.37730053067207336,0.0004075568722328171
DQN,25,mid,1166,2166,0.3246783185005188,2.0,2.0,0.6187866926193237,0.00027978145226370543
DQN,25,mid,1167,2167,0.09000000000000001,1.0,1.0,0.8195676803588867,0.00035466201370581985
DQN,25,mid,1168,2168,0.23005743503570558,2.0,2.0,0.5048151612281799,0.0002293485013069585
DQN,25,mid,1169,2169,0.09000000000000001,1.0,1.0,0.33554381132125854,0.0005806288681924343
DQN,25,mid,1170,2170,0.09000000000000001,1.0,1.0,0.43951892852783203,0.0004004258953500539
DQN,25,mid,1171,2171,0.09000000000000001,1.0,1.0,0.30256912112236023,0.0005577597767114639
DQN,25,mid,1172,2172,0.3797311353683472,2.0,2.0,0.555644154548645,0.0006451187655329704
DQN,25,mid,1173,2173,0.09000000000000001,1.0,1.0,0.18052788078784943,0.0004028434050269425
DQN,25,mid,1174,2174,0.22296513795852663,2.0,2.0,0.5426159501075745,0.0004862677596975118
DQN,25,mid,1175,2175,0.09000000000000001,1.0,1.0,0.25094661116600037,0.00018054402607958764
DQN,25,mid,1176,2176,0.0757031160593033,2.0,2.0,0.19901762902736664,0.0003435742110013962
DQN,25,mid,1177,2177,0.06715108633041383,2.0,2.0,0.0785103365778923,0.00025414126139367
DQN,25,mid,1178,2178,0.09000000000000001,1.0,1.0,0.1486082375049591,0.00024854185176081955
DQN,25,mid,1179,2179,0.07637696504592897,6.0,5.0,0.7191802263259888,0.00033112377180562663
DQN,25,mid,1180,2180,0.2231821882724762,2.0,2.0,0.47314712405204773,0.00031911826226860285
DQN,25,mid,1181,2181,0.06823776841163637,2.0,2.0,0.41700124740600586,0.00028441144968383014
DQN,25,mid,1182,2182,0.09000000000000001,1.0,1.0,0.6865760087966919,0.00034369403147138655
DQN,25,mid,1183,2183,0.12378997325897217,3.0,3.0,0.8410512208938599,0.00021308253538639596
DQN,25,mid,1184,2184,0.008616464138031021,2.0,2.0,0.6760674118995667,0.0002907835878431797
DQN,25,mid,1185,2185,0.038167865872383126,2.0,2.0,0.2739560902118683,0.0003015104157384485
DQN,25,mid,1186,2186,0.10883762121200563,2.0,2.0,0.5851536989212036,0.0006106613727752119
DQN,25,mid,1187,2187,0.09000000000000001,1.0,1.0,0.1538272202014923,0.0006818371475674212
DQN,25,mid,1188,2188,0.27086878538131715,3.0,3.0,0.8030597567558289,0.00042038077178100747
DQN,25,mid,1189,2189,0.0653184223175049,2.0,2.0,0.4128149449825287,0.0003444963658694178
DQN,25,mid,1190,2190,0.21766831159591676,2.0,2.0,0.8422511219978333,0.0003415566316107288
DQN,25,mid,1191,2191,0.1380587887763977,3.0,3.0,0.5159047842025757,0.0002768520498648286
DQN,25,mid,1192,2192,0.09000000000000001,1.0,1.0,0.10334424674510956,0.00025685352738946676
DQN,25,mid,1193,2193,0.1077116894721985,2.0,2.0,0.5383738279342651,0.0005545841704588383
DQN,25,mid,1194,2194,0.07681873321533204,7.0,7.0,0.778179943561554,0.00041819373810929913
DQN,25,mid,1195,2195,0.05536185026168824,8.0,6.0,0.7772342562675476,0.0005541698083106894
DQN,25,mid,1196,2196,-0.20905852437019345,7.0,2.0,0.2610176205635071,0.0003321809511232589
DQN,25,mid,1197,2197,0.3197749924659729,3.0,3.0,0.5679610371589661,0.00036440537466357153
DQN,25,mid,1198,2198,0.3546696197986603,3.0,2.0,0.4918985664844513,0.0003210020901557679
DQN,25,mid,1199,2199,-0.19364476561546323,6.0,2.0,0.33353787660598755,0.0002729426584361742
DQN,25,mid,1200,2200,0.07647414922714234,3.0,2.0,0.5071414709091187,0.00023524119266464064
DQN,25,mid,1201,2201,0.09000000000000001,1.0,1.0,0.10722003132104874,0.0004175765789113939
DQN,25,mid,1202,2202,0.09000000000000001,1.0,1.0,0.1752987802028656,0.00026226576301269233
DQN,25,mid,1203,2203,0.0644555014371872,3.0,3.0,0.2369251549243927,0.0003579465652971218
DQN,25,mid,1204,2204,0.10796098589897157,2.0,2.0,0.15413737297058105,0.00044132764742244035
DQN,25,mid,1205,2205,0.09000000000000001,1.0,1.0,0.27660492062568665,0.0002818741195369512
DQN,25,mid,1206,2206,0.09000000000000001,1.0,1.0,0.5432210564613342,0.0003464945766609162
DQN,25,mid,1207,2207,0.03539148688316346,3.0,3.0,0.3243955969810486,0.0002520897881671165
DQN,25,mid,1208,2208,0.14659904122352602,2.0,2.0,0.2221008539199829,0.00025406654458492994
DQN,25,mid,1209,2209,0.05662568092346192,2.0,2.0,0.7924335598945618,0.00026104987773578614
DQN,25,mid,1210,2210,0.09000000000000001,1.0,1.0,0.07800370454788208,0.00022888883540872484
DQN,25,mid,1211,2211,0.09000000000000001,1.0,1.0,0.6292229294776917,0.00015231245197355747
DQN,25,mid,1212,2212,0.3139066767692566,3.0,3.0,0.6745632290840149,0.0003164777881465852
DQN,25,mid,1213,2213,-0.1642873740196228,6.0,3.0,0.30472129583358765,0.0005238457718708863
DQN,25,mid,1214,2214,-0.4341035485267639,10.0,3.0,0.8068376779556274,0.00041457303595962005
DQN,25,mid,1215,2215,0.019577817916870133,2.0,2.0,0.7295008301734924,0.00025387484492966905
DQN,25,mid,1216,2216,0.09000000000000001,1.0,1.0,0.4899922013282776,0.00015328265726566315
DQN,25,mid,1217,2217,0.07200230836868288,2.0,2.0,0.5081962943077087,0.0002858578955056146
DQN,25,mid,1218,2218,0.09000000000000001,1.0,1.0,0.2886238098144531,0.0002735081361606717
DQN,25,mid,1219,2219,0.3343733024597168,3.0,3.0,0.7963184118270874,0.0002128900378011167
DQN,25,mid,1220,2220,0.09000000000000001,1.0,1.0,0.4117650091648102,0.00045239372411742806
DQN,25,mid,1221,2221,0.1319886612892151,2.0,2.0,0.4604525566101074,0.0010761557205114514
DQN,25,mid,1222,2222,0.22100515842437746,2.0,2.0,0.7039250731468201,0.0002781414150376804
DQN,25,mid,1223,2223,0.09412647008895875,3.0,3.0,0.6731290817260742,0.0004045650130137801
DQN,25,mid,1224,2224,0.004207623004913327,5.0,3.0,0.5548605918884277,0.0003506078472128138
DQN,25,mid,1225,2225,0.1698683273792267,3.0,3.0,0.271859347820282,0.0002617565623950213
DQN,25,mid,1226,2226,0.09000000000000001,1.0,1.0,0.6666486859321594,0.00025166847626678646
DQN,25,mid,1227,2227,0.15116979360580446,2.0,2.0,0.9166951775550842,0.0006047817587386817
DQN,25,mid,1228,2228,-0.1173010492324829,9.0,5.0,0.5764216780662537,0.0004129059088882059
DQN,25,mid,1229,2229,0.16238136768341066,2.0,2.0,0.7345294952392578,0.00017039431259036064
DQN,25,mid,1230,2230,-0.16074430227279662,3.0,3.0,0.6657737493515015,0.00035787352923459065
DQN,25,mid,1231,2231,0.2348687815666199,2.0,2.0,0.6222110986709595,0.000379667486413382
DQN,25,mid,1232,2232,0.3615431261062622,3.0,3.0,0.35750627517700195,0.0005221707979217172
DQN,25,mid,1233,2233,0.12258846282958985,3.0,3.0,0.2785409092903137,0.00029127016993394744
DQN,25,mid,1234,2234,0.25325406312942506,3.0,3.0,0.7330465316772461,0.00035396354117741186
DQN,25,mid,1235,2235,0.10132284641265871,2.0,2.0,0.8310871124267578,0.00030037864053156227
DQN,25,mid,1236,2236,0.09000000000000001,1.0,1.0,0.27734506130218506,0.00044670377974398434
DQN,25,mid,1237,2237,0.13410227179527284,2.0,2.0,0.3990599513053894,0.0004738899879157543
DQN,25,mid,1238,2238,-0.31354188919067383,10.0,3.0,0.7830262780189514,0.000271104685816681
DQN,25,mid,1239,2239,0.10569128572940828,2.0,2.0,0.21841728687286377,0.0002651480754138902
DQN,25,mid,1240,2240,0.22460861682891847,2.0,2.0,0.3491143584251404,0.00014511620247503743
DQN,25,mid,1241,2241,0.29287870407104494,2.0,2.0,0.8905409574508667,0.00040473754052072763
DQN,25,mid,1242,2242,0.09000000000000001,1.0,1.0,0.17438365519046783,0.00022037581948097795
DQN,25,mid,1243,2243,0.17440760850906373,3.0,3.0,0.9640454649925232,0.0001873500101889173
DQN,25,mid,1244,2244,0.09000000000000001,1.0,1.0,0.40969350934028625,0.00020518638484645635
DQN,25,mid,1245,2245,0.22835324883461,2.0,2.0,0.31903401017189026,0.00021272078447509557
DQN,25,mid,1246,2246,0.2153907585144043,2.0,2.0,0.536253809928894,0.00024279487843159586
DQN,25,mid,1247,2247,0.10708809852600099,4.0,3.0,0.8830703496932983,0.0002579498504928779
DQN,25,mid,1248,2248,0.09000000000000001,1.0,1.0,0.4494800269603729,0.00014891859609633684
DQN,25,mid,1249,2249,0.09000000000000001,1.0,1.0,0.524373471736908,0.00023453208268620074
DQN,25,mid,1250,2250,0.09000000000000001,1.0,1.0,0.8921699523925781,0.0002985491300933063
DQN,25,mid,1251,2251,0.12874885082244875,2.0,2.0,0.4542222023010254,0.00029071533936075866
DQN,25,mid,1252,2252,0.08405867397785188,2.0,2.0,0.21883392333984375,0.0003363842988619581
DQN,25,mid,1253,2253,0.09000000000000001,1.0,1.0,0.2278653234243393,0.000600735074840486
DQN,25,mid,1254,2254,0.11839761018753053,2.0,2.0,0.4735141396522522,0.0004300525033613667
DQN,25,mid,1255,2255,-0.10405177116394045,9.0,5.0,1.0055807828903198,0.0005587279916249423
DQN,25,mid,1256,2256,0.3281237053871155,2.0,2.0,0.3599258065223694,0.0002614895856822841
DQN,25,mid,1257,2257,0.13741753101348875,10.0,5.0,0.7912732362747192,0.0002598757520900108
DQN,25,mid,1258,2258,-0.5660777568817139,10.0,2.0,0.6610992550849915,0.00024309562431881204
DQN,25,mid,1259,2259,0.03369967103004456,4.0,3.0,0.2510291635990143,0.00028711618870147504
DQN,25,mid,1260,2260,0.11537227749824525,3.0,3.0,0.46777066588401794,0.0005184931311911593
DQN,25,mid,1261,2261,0.09000000000000001,1.0,1.0,0.7125309705734253,0.00022286645253188908
DQN,25,mid,1262,2262,-0.025737745761871322,2.0,2.0,0.40497955679893494,0.0004307717317715287
DQN,25,mid,1263,2263,-0.0007279920578002891,3.0,2.0,0.9756778478622437,0.0007778890285408124
DQN,25,mid,1264,2264,0.09000000000000001,1.0,1.0,0.07311593741178513,0.0005143372109159827
DQN,25,mid,1265,2265,-0.3900232434272766,10.0,4.0,0.5431845784187317,0.0003718561929417774
DQN,25,mid,1266,2266,0.09000000000000001,1.0,1.0,0.07595933228731155,0.0005836944910697639
DQN,25,mid,1267,2267,0.09000000000000001,1.0,1.0,0.14047767221927643,0.0002265116199851036
DQN,25,mid,1268,2268,0.2233668041229248,3.0,3.0,1.0520052909851074,0.0002722485999887188
DQN,25,mid,1269,2269,-0.13873384475708006,8.0,3.0,0.6859222650527954,0.00029970957984915003
DQN,25,mid,1270,2270,0.134533531665802,3.0,3.0,0.8043937683105469,0.00031516209128312767
DQN,25,mid,1271,2271,0.09000000000000001,1.0,1.0,0.16391848027706146,0.0003060921444557607
DQN,25,mid,1272,2272,0.04440126538276673,3.0,3.0,0.5175390243530273,0.00032226993062067777
DQN,25,mid,1273,2273,-0.026768367290496822,3.0,2.0,0.6847873330116272,0.0004108289140276611
DQN,25,mid,1274,2274,0.09000000000000001,1.0,1.0,0.3111817538738251,0.00027591403340920806
DQN,25,mid,1275,2275,0.09000000000000001,1.0,1.0,0.2384423315525055,0.0002967990003526211
DQN,25,mid,1276,2276,0.25786269426345826,3.0,3.0,0.8664870858192444,0.0002581485944877689
DQN,25,mid,1277,2277,0.12250824451446535,2.0,2.0,0.694657027721405,0.0003199802595190704
DQN,25,mid,1278,2278,0.06584926128387453,2.0,2.0,0.20450028777122498,0.00044305826304480433
DQN,25,mid,1279,2279,0.23161197423934937,3.0,3.0,0.8809334635734558,0.0001461153976075972
DQN,25,mid,1280,2280,0.09000000000000001,1.0,1.0,0.37945252656936646,0.0001789987727534026
DQN,25,mid,1281,2281,0.22279866218566896,2.0,2.0,0.6411327123641968,0.0001664752999204211
DQN,25,mid,1282,2282,0.06043636977672578,2.0,2.0,0.08376538753509521,0.00017588702030479908
DQN,25,mid,1283,2283,0.1772576141357422,2.0,2.0,0.598190188407898,0.00022382162569556385
DQN,25,mid,1284,2284,0.18287952423095705,2.0,2.0,0.6337668299674988,0.00022966756660025567
DQN,25,mid,1285,2285,0.24582094669342042,3.0,3.0,0.5487741231918335,0.0002939784511302908
DQN,25,mid,1286,2286,0.09000000000000001,1.0,1.0,0.17960405349731445,0.00017190603830385953
DQN,25,mid,1287,2287,0.12632692813873292,4.0,3.0,0.8476069569587708,0.000229557652346557
DQN,25,mid,1288,2288,0.2397217917442322,2.0,2.0,0.8414236903190613,0.00026196706312475726
DQN,25,mid,1289,2289,0.04576392650604249,2.0,2.0,0.5165663957595825,0.00024037386901909485
DQN,25,mid,1290,2290,0.09000000000000001,1.0,1.0,0.09563363343477249,0.0001679293200140819
DQN,25,mid,1291,2291,0.29574610471725465,2.0,2.0,0.5828365087509155,0.0003674525651149452
DQN,25,mid,1292,2292,0.15400822639465334,2.0,2.0,0.5450342297554016,0.0002564799360698089
DQN,25,mid,1293,2293,0.09000000000000001,1.0,1.0,0.4767368733882904,0.0002623262407723814
DQN,25,mid,1294,2294,0.041930930614471444,2.0,2.0,0.7053165435791016,0.00031702408159617335
DQN,25,mid,1295,2295,0.24532498598098756,2.0,2.0,0.5437942147254944,0.0003989788092439994
DQN,25,mid,1296,2296,0.2957745361328125,2.0,2.0,0.8544970750808716,0.0002564306269050576
DQN,25,mid,1297,2297,0.38184197425842287,2.0,2.0,0.4364017844200134,0.00023254957341123372
DQN,25,mid,1298,2298,0.0436421823501587,3.0,2.0,0.9608272910118103,0.0004225450053733463
DQN,25,mid,1299,2299,-0.14771658957004546,3.0,3.0,0.4398709237575531,0.0004170487663941458
DQN,25,mid,1300,2300,0.10633832931518555,3.0,3.0,1.0848044157028198,0.00017775522186032808
DQN,25,mid,1301,2301,0.21608818292617799,3.0,3.0,0.762694239616394,0.00016994812176562846
DQN,25,mid,1302,2302,0.11410300612449648,2.0,2.0,0.29812344908714294,0.00019098156917607412
DQN,25,mid,1303,2303,0.09221564412117006,2.0,2.0,0.19973357021808624,0.00019524545496096835
DQN,25,mid,1304,2304,0.09000000000000001,1.0,1.0,0.26964271068573,0.0004041604697704315
DQN,25,mid,1305,2305,-0.6343410491943361,10.0,2.0,0.5386385321617126,0.00021378934325184674
DQN,25,mid,1306,2306,-0.02411625564098356,3.0,3.0,0.23299288749694824,0.00017311989116327217
DQN,25,mid,1307,2307,0.14306421756744386,2.0,2.0,0.5080676674842834,0.000327170651871711
DQN,25,mid,1308,2308,0.09000000000000001,1.0,1.0,0.20328892767429352,0.0004779942973982543
DQN,25,mid,1309,2309,0.09000000000000001,1.0,1.0,0.776328980922699,0.00045594421681016684
DQN,25,mid,1310,2310,-0.3984801054000855,10.0,2.0,0.6081156730651855,0.00039472167918574996
DQN,25,mid,1311,2311,-0.25851487159729003,4.0,3.0,0.9833360314369202,0.0002588264978840016
DQN,25,mid,1312,2312,0.10046585083007814,2.0,2.0,0.2573763430118561,0.0014596664914279245
DQN,25,mid,1313,2313,0.08744563341140749,2.0,2.0,0.5451872944831848,0.0005283158097881824
DQN,25,mid,1314,2314,0.025528805255889908,2.0,2.0,0.7316144108772278,0.00044574377534445375
DQN,25,mid,1315,2315,0.041832374334335336,2.0,2.0,0.23136578500270844,0.00029204603197285905
DQN,25,mid,1316,2316,0.20806716561317445,2.0,2.0,0.4713899791240692,0.00025381051818840206
DQN,25,mid,1317,2317,0.09000000000000001,1.0,1.0,0.20407673716545105,0.00046555569861084223
DQN,25,mid,1318,2318,-0.06243656635284424,6.0,3.0,0.5763159394264221,0.00024523265407575917
DQN,25,mid,1319,2319,0.23771892666816713,2.0,2.0,0.46246203780174255,0.0015810021795914508
DQN,25,mid,1320,2320,0.09000000000000001,1.0,1.0,0.29093804955482483,0.0002152492816094309
DQN,25,mid,1321,2321,0.09000000000000001,1.0,1.0,0.8132673501968384,0.0004180693067610264
DQN,25,mid,1322,2322,0.28241594314575197,2.0,2.0,0.507552444934845,0.00022124371025711298
DQN,25,mid,1323,2323,0.1686940658092499,2.0,2.0,0.35961493849754333,0.00041817880992311984
DQN,25,mid,1324,2324,0.0801703165471554,2.0,2.0,0.04214814677834511,0.0002052501731668599
DQN,25,mid,1325,2325,-0.030669581890106212,5.0,5.0,1.0535868406295776,0.0003220193088054657
DQN,25,mid,1326,2326,0.09000000000000001,1.0,1.0,0.731037974357605,0.0003324924036860466
DQN,25,mid,1327,2327,0.22864282846450806,3.0,3.0,0.34041139483451843,0.00034119151678169146
DQN,25,mid,1328,2328,0.20929970026016237,2.0,2.0,0.8757497668266296,0.0012918590218760073
DQN,25,mid,1329,2329,0.09000000000000001,1.0,1.0,0.14897574484348297,0.001143990084528923
DQN,25,mid,1330,2330,0.21180845975875856,2.0,2.0,0.5448897480964661,0.00018516930867917836
DQN,25,mid,1331,2331,0.24692447662353517,2.0,2.0,0.6298606991767883,0.00036904642183799297
DQN,25,mid,1332,2332,0.17674370288848879,2.0,2.0,0.6619433164596558,0.0003024153411388397
DQN,25,mid,1333,2333,0.23635310649871827,3.0,3.0,0.8106798529624939,0.00038777542067691684
DQN,25,mid,1334,2334,0.05462189197540284,2.0,2.0,0.5659839510917664,0.0003575906084734015
DQN,25,mid,1335,2335,0.17851102113723755,4.0,4.0,0.9368115067481995,0.0003338366514071822
DQN,25,mid,1336,2336,0.24840102314949036,3.0,3.0,0.2688029408454895,0.0002606104341490815
DQN,25,mid,1337,2337,0.13997544527053835,2.0,2.0,0.6473105549812317,0.00021136894065421075
DQN,25,mid,1338,2338,-0.4587622582912445,10.0,3.0,0.18897433578968048,0.0007493705386877991
DQN,25,mid,1339,2339,0.09000000000000001,1.0,1.0,0.09999491274356842,0.0002665150968823582
DQN,25,mid,1340,2340,0.0134878182411194,6.0,4.0,0.7884679436683655,0.0003132676162446539
DQN,25,mid,1341,2341,0.11142818808555605,2.0,2.0,0.3357453942298889,0.00031623756512999535
DQN,25,mid,1342,2342,0.09000000000000001,1.0,1.0,0.5996547341346741,0.00022902360069565475
DQN,25,mid,1343,2343,0.13204593181610108,3.0,3.0,0.9780540466308594,0.00026793494665374357
DQN,25,mid,1344,2344,0.09000000000000001,1.0,1.0,0.3561529219150543,0.00033112269011326134
DQN,25,mid,1345,2345,0.08981146097183229,2.0,2.0,0.623932957649231,0.0005161389417480677
DQN,25,mid,1346,2346,0.0750116777420044,3.0,3.0,0.9375118017196655,0.0003425143174050997
DQN,25,mid,1347,2347,0.09000000000000001,1.0,1.0,0.46032601594924927,0.0003187014372088015
DQN,25,mid,1348,2348,0.09000000000000001,1.0,1.0,0.15587954223155975,0.00047378387534990907
DQN,25,mid,1349,2349,0.4143837869167328,5.0,5.0,0.453357070684433,0.0003556910203769803
DQN,25,mid,1350,2350,0.09000000000000001,1.0,1.0,0.11037450283765793,0.0002945602755062282
DQN,25,mid,1351,2351,-0.07066388964653016,4.0,3.0,0.5570018887519836,0.0003855420072795823
DQN,25,mid,1352,2352,0.1566129493713379,2.0,2.0,0.6461030840873718,0.00017443078468204476
DQN,25,mid,1353,2353,0.11719669580459596,2.0,2.0,0.8294246792793274,0.00020053022308275104
DQN,25,mid,1354,2354,0.09000000000000001,1.0,1.0,0.16300296783447266,0.0004326789639890194
DQN,25,mid,1355,2355,0.09000000000000001,1.0,1.0,0.22753897309303284,0.0003825242747552693
DQN,25,mid,1356,2356,0.10677231073379519,3.0,3.0,0.66810542345047,0.0002372369538837423
DQN,25,mid,1357,2357,-0.18718801975250243,9.0,4.0,0.6029132008552551,0.0002776771386076386
DQN,25,mid,1358,2358,-0.2338424324989319,10.0,3.0,0.8586421608924866,0.0004236953827785328
DQN,25,mid,1359,2359,0.09000000000000001,1.0,1.0,0.9255649447441101,0.0003694292390719056
DQN,25,mid,1360,2360,0.08839965581893922,3.0,3.0,0.8878694772720337,0.00016600512511407337
DQN,25,mid,1361,2361,0.09000000000000001,1.0,1.0,0.05176127701997757,0.00022675497166346759
DQN,25,mid,1362,2362,0.23775477886199953,2.0,2.0,0.3012017607688904,0.00023504695855081081
DQN,25,mid,1363,2363,0.09000000000000001,1.0,1.0,0.4711091220378876,0.00022475951118394732
DQN,25,mid,1364,2364,0.09000000000000001,1.0,1.0,0.15709449350833893,0.00026822640211321414
DQN,25,mid,1365,2365,0.09008403301239015,2.0,2.0,0.6040668487548828,0.000511956459376961
DQN,25,mid,1366,2366,-0.10799050569534303,4.0,4.0,0.7781416177749634,0.00034778821282088757
DQN,25,mid,1367,2367,0.12434722661972047,2.0,2.0,0.61369788646698,0.00014537705283146352
DQN,25,mid,1368,2368,0.18246276855468752,2.0,2.0,0.3790602684020996,0.00023156178212957457
DQN,25,mid,1369,2369,0.09000000000000001,1.0,1.0,0.27465590834617615,0.0002984875172842294
DQN,25,mid,1370,2370,0.12953533411026003,2.0,2.0,0.7717796564102173,0.00016124493413371965
DQN,25,mid,1371,2371,0.046576486825943,2.0,2.0,0.1735282689332962,0.0005042750999564305
DQN,25,mid,1372,2372,0.09000000000000001,1.0,1.0,0.3971634805202484,0.0003373506770003587
DQN,25,mid,1373,2373,0.12130594015121461,4.0,4.0,0.7391473054885864,0.0002845418202923611
DQN,25,mid,1374,2374,0.09000000000000001,1.0,1.0,0.27965378761291504,0.00024233144358731806
DQN,25,mid,1375,2375,0.09000000000000001,1.0,1.0,0.4512042999267578,0.000241680842009373
DQN,25,mid,1376,2376,0.0930404829978943,2.0,2.0,0.2639242708683014,0.0004062276566401124
DQN,25,mid,1377,2377,-0.4773430109024048,10.0,2.0,0.8420473337173462,0.0002562870504334569
DQN,25,mid,1378,2378,0.13663454532623293,2.0,2.0,0.7962623238563538,0.0002350926079088822
DQN,25,mid,1379,2379,0.14485849618911745,2.0,2.0,0.5848242044448853,0.0003095121501246467
DQN,25,mid,1380,2380,0.10750545740127565,2.0,2.0,0.601702094078064,0.000271676093689166
DQN,25,mid,1381,2381,0.05954316437244416,2.0,2.0,0.17374971508979797,0.0002713714202400297
DQN,25,mid,1382,2382,0.2856163454055786,3.0,3.0,0.6124444007873535,0.0004934966273140162
DQN,25,mid,1383,2383,0.07253033638000489,3.0,3.0,0.8264269232749939,0.0003135143148635204
DQN,25,mid,1384,2384,0.08327932834625246,2.0,2.0,0.564976155757904,0.00025431724498048425
DQN,25,mid,1385,2385,0.007730739116668717,2.0,2.0,0.33589717745780945,0.00027660824707709253
DQN,25,mid,1386,2386,0.023358471393585226,3.0,3.0,0.6092430949211121,0.0002403199226440241
DQN,25,mid,1387,2387,0.12243421554565431,2.0,2.0,0.40721839666366577,0.00030024074658285826
DQN,25,mid,1388,2388,0.21026193857192993,4.0,4.0,0.9134467244148254,0.0027616264269454405
DQN,25,mid,1389,2389,0.09000000000000001,1.0,1.0,0.5258128046989441,0.00039080673013813794
DQN,25,mid,1390,2390,0.029770644307136544,2.0,2.0,0.20820924639701843,0.00039865578582976013
DQN,25,mid,1391,2391,-0.17568253755569457,3.0,3.0,0.8470987677574158,0.00045943611379091937
DQN,25,mid,1392,2392,0.09000000000000001,1.0,1.0,0.5853105187416077,0.000677697651553899
DQN,25,mid,1393,2393,0.09000000000000001,1.0,1.0,0.2785443365573883,0.00021842344722244889
DQN,25,mid,1394,2394,0.10553503751754761,3.0,3.0,0.6783049702644348,0.0009193533138992885
DQN,25,mid,1395,2395,0.07890804290771486,2.0,2.0,0.34547290205955505,0.00028308542096056044
DQN,25,mid,1396,2396,0.09000000000000001,1.0,1.0,0.5844456553459167,0.0008813942549750209
DQN,25,mid,1397,2397,0.20729501724243166,2.0,2.0,0.6991991400718689,0.0003366270539117977
DQN,25,mid,1398,2398,0.023269371986389176,2.0,2.0,0.5131734609603882,0.000997203569568228
DQN,25,mid,1399,2399,0.09000000000000001,1.0,1.0,0.2459164410829544,0.00031491293339058757
DQN,25,mid,1400,2400,-0.20882111907005307,7.0,2.0,0.4676680564880371,0.00042614150775729546
DQN,25,mid,1401,2401,0.09000000000000001,1.0,1.0,0.8564650416374207,0.0008886437863111496
DQN,25,mid,1402,2402,-0.07091690301895145,10.0,4.0,0.8840805888175964,0.00036556777195073664
DQN,25,mid,1403,2403,0.09887559890747072,2.0,2.0,0.6208051443099976,0.0005995855899527669
DQN,25,mid,1404,2404,0.1569128203392029,2.0,2.0,0.8395733833312988,0.00040961224294733256
DQN,25,mid,1405,2405,0.1251667904853821,2.0,2.0,0.5891388654708862,0.0005296252929838374
DQN,25,mid,1406,2406,0.24859882593154908,5.0,3.0,0.8491901755332947,0.00039035185473039745
DQN,25,mid,1407,2407,0.11594473004341127,2.0,2.0,0.3826947808265686,0.00035608201869763434
DQN,25,mid,1408,2408,0.07781087040901186,2.0,2.0,0.2551755905151367,0.00040740387339610606
DQN,25,mid,1409,2409,0.20442176580429078,3.0,3.0,0.6161126494407654,0.00026692424338155735
DQN,25,mid,1410,2410,-0.6921509802341461,10.0,3.0,0.5280519723892212,0.00024762931861914693
DQN,25,mid,1411,2411,0.11942567110061647,2.0,2.0,0.9774100184440613,0.00033470284688519314
DQN,25,mid,1412,2412,0.06911404609680177,2.0,2.0,0.3000914454460144,0.00029088990413583815
DQN,25,mid,1413,2413,0.09000000000000001,1.0,1.0,0.0978296771645546,0.0003978506429120898
DQN,25,mid,1414,2414,0.08074470043182375,2.0,2.0,0.7362232208251953,0.0002788624769891612
DQN,25,mid,1415,2415,0.24241990566253663,3.0,3.0,0.5021393299102783,0.0003551379874503861
DQN,25,mid,1416,2416,0.16181482553482057,2.0,2.0,0.6447428464889526,0.0003022404125658795
DQN,25,mid,1417,2417,0.09000000000000001,1.0,1.0,0.4578748345375061,0.0002194099797634408
DQN,25,mid,1418,2418,0.03972340583801271,4.0,3.0,1.0657923221588135,0.00017332675633952022
DQN,25,mid,1419,2419,0.28465766429901124,3.0,3.0,0.5780414938926697,0.00028584707373132307
DQN,25,mid,1420,2420,0.12647497653961184,5.0,4.0,0.822651207447052,0.0003099686000496149
DQN,25,mid,1421,2421,0.22671146869659425,2.0,2.0,0.30699411034584045,0.0002705038496060297
DQN,25,mid,1422,2422,0.176602737903595,2.0,2.0,0.4304366707801819,0.00021117550204508007
DQN,25,mid,1423,2423,0.08181901454925539,2.0,2.0,0.7237600684165955,0.0016637560038361698
DQN,25,mid,1424,2424,0.12871082305908205,2.0,2.0,0.608144223690033,0.0002794900501612574
DQN,25,mid,1425,2425,0.15927512168884278,3.0,3.0,0.6726567149162292,0.002772781978516529
DQN,25,mid,1426,2426,-0.5335413545370102,10.0,2.0,0.1945786029100418,0.0005488477589096874
DQN,25,mid,1427,2427,-0.5615520358085633,10.0,2.0,0.7260146141052246,0.0011043468344723805
DQN,25,mid,1428,2428,0.004680473804473881,3.0,2.0,0.6659315824508667,0.0010647744638845325
DQN,25,mid,1429,2429,0.09000000000000001,1.0,1.0,0.5808411836624146,0.0003387781325727701
DQN,25,mid,1430,2430,0.02559290289878846,4.0,3.0,0.45836779475212097,0.0005720303161069751
DQN,25,mid,1431,2431,0.09000000000000001,1.0,1.0,0.10252607613801956,0.0024280650541186333
DQN,25,mid,1432,2432,0.07014215707778931,3.0,3.0,0.45542559027671814,0.0005016293531904618
DQN,25,mid,1433,2433,0.09000000000000001,1.0,1.0,0.25170207023620605,0.0025932302232831717
DQN,25,mid,1434,2434,0.2803525495529175,2.0,2.0,0.6057912111282349,0.000989400883554481
DQN,25,mid,1435,2435,0.079155752658844,4.0,3.0,0.5872787833213806,0.0005929218968958594
DQN,25,mid,1436,2436,0.09479822397232057,2.0,2.0,0.5407723188400269,0.00035668371128849685
DQN,25,mid,1437,2437,0.12528074502944947,3.0,3.0,0.9093655943870544,0.0004811877540002267
DQN,25,mid,1438,2438,0.0914538073539734,2.0,2.0,0.7338169813156128,0.0007410481048282236
DQN,25,mid,1439,2439,-0.05613117694854734,3.0,3.0,0.4288437068462372,0.00030369449329252046
DQN,25,mid,1440,2440,0.15994538545608522,2.0,2.0,0.40602239966392517,0.0007762480236124247
DQN,25,mid,1441,2441,0.31350730538368227,2.0,2.0,0.4376651346683502,0.000455669141956605
DQN,25,mid,1442,2442,0.09000000000000001,1.0,1.0,0.10791187733411789,0.00038574542850255966
DQN,25,mid,1443,2443,0.09000000000000001,1.0,1.0,0.2587524950504303,0.000316682766424492
DQN,25,mid,1444,2444,0.0613198745250702,2.0,2.0,0.46388348937034607,0.0003763916902244091
DQN,25,mid,1445,2445,0.11336125612258913,2.0,2.0,0.16944047808647156,0.0003472325188340619
DQN,25,mid,1446,2446,0.1493301558494568,2.0,2.0,0.2402447760105133,0.00039141740126069635
DQN,25,mid,1447,2447,0.08831031799316408,2.0,2.0,0.22548487782478333,0.0006190367130329832
DQN,25,mid,1448,2448,0.08502255558967592,2.0,2.0,0.42321276664733887,0.00038569192111026496
DQN,25,mid,1449,2449,0.09000000000000001,1.0,1.0,0.16209523379802704,0.00020674803818110377
DQN,25,mid,1450,2450,-0.36526470184326176,10.0,2.0,0.9414812326431274,0.0009126409742748365
DQN,25,mid,1451,2451,-0.05331652164459229,5.0,3.0,0.5687742829322815,0.001056835410417989
DQN,25,mid,1452,2452,0.18016518354415895,5.0,3.0,0.7028433680534363,0.0005837861099280417
DQN,25,mid,1453,2453,0.09000000000000001,1.0,1.0,1.0795832872390747,0.00038049090653657913
DQN,25,mid,1454,2454,0.1395473647117615,2.0,2.0,0.4154141843318939,0.0004148203443037346
DQN,25,mid,1455,2455,0.09000000000000001,1.0,1.0,0.1332332193851471,0.0007903670193627477
DQN,25,mid,1456,2456,0.035313116312026986,2.0,2.0,0.2574867606163025,0.000915598138817586
DQN,25,mid,1457,2457,0.09000000000000001,1.0,1.0,0.11786685138940811,0.0005982191651128232
DQN,25,mid,1458,2458,0.09000000000000001,1.0,1.0,0.6940893530845642,0.0003358110261615366
DQN,25,mid,1459,2459,0.3184780478477478,5.0,4.0,0.8415997624397278,0.0010810171894263475
DQN,25,mid,1460,2460,0.09000000000000001,1.0,1.0,0.12276274710893631,0.0007045098464004695
DQN,25,mid,1461,2461,0.09000000000000001,1.0,1.0,0.10106414556503296,0.00033056450774893165
DQN,25,mid,1462,2462,0.1193873453140259,2.0,2.0,0.7967365980148315,0.0009253871539840475
DQN,25,mid,1463,2463,0.1479812240600586,4.0,4.0,0.8111664056777954,0.0003245005173084792
DQN,25,mid,1464,2464,0.40216337323188783,2.0,2.0,0.3757387101650238,0.0002793259045574814
DQN,25,mid,1465,2465,-0.0872071313858032,3.0,3.0,0.568834662437439,0.00032444131405403215
DQN,25,mid,1466,2466,0.1676138210296631,2.0,2.0,0.8227576017379761,0.00029195539536885917
DQN,25,mid,1467,2467,0.4311102795600891,2.0,2.0,0.6858468651771545,0.00044093736505601555
DQN,25,mid,1468,2468,0.09000000000000001,1.0,1.0,0.06676081568002701,0.0002612831012811512
DQN,25,mid,1469,2469,0.2146067786216736,2.0,2.0,0.5306215882301331,0.00034416023117955774
DQN,25,mid,1470,2470,0.3232098984718323,2.0,2.0,0.7694177031517029,0.0002995708637172356
DQN,25,mid,1471,2471,0.14629188358783723,2.0,2.0,0.19408954679965973,0.0002225340504082851
DQN,25,mid,1472,2472,0.09000000000000001,1.0,1.0,0.11609448492527008,0.0004979377263225615
DQN,25,mid,1473,2473,-0.13597988367080688,3.0,3.0,0.6783541440963745,0.0005603257450275123
DQN,25,mid,1474,2474,0.09000000000000001,1.0,1.0,0.7858028411865234,0.0031152106821537018
DQN,25,mid,1475,2475,0.16678752183914186,2.0,2.0,0.4904114603996277,0.00041459161730017513
DQN,25,mid,1476,2476,0.09000000000000001,1.0,1.0,0.3148375153541565,0.0005016541690565646
DQN,25,mid,1477,2477,0.09000000000000001,1.0,1.0,0.4220130741596222,0.00035633009974844754
DQN,25,mid,1478,2478,0.23256141662597657,3.0,3.0,0.7128554582595825,0.00026236694247927517
DQN,25,mid,1479,2479,0.09000000000000001,1.0,1.0,0.5360584259033203,0.0002917266683652997
DQN,25,mid,1480,2480,0.00684154272079468,6.0,4.0,0.5529850721359253,0.0003036280710754606
DQN,25,mid,1481,2481,0.09341557502746584,2.0,2.0,0.6968051195144653,0.0009185388335026801
DQN,25,mid,1482,2482,0.05908768057823182,2.0,2.0,0.459836483001709,0.0013428432357613929
DQN,25,mid,1483,2483,-0.02080225765705107,2.0,2.0,0.2845650911331177,0.000268329749815166
DQN,25,mid,1484,2484,0.11352683305740358,5.0,3.0,0.577299952507019,0.0003169902600347996
DQN,25,mid,1485,2485,0.46506649494171143,6.0,4.0,0.5279029607772827,0.0003662759215027715
DQN,25,mid,1486,2486,0.09000000000000001,1.0,1.0,0.33717063069343567,0.0002600040752440691
DQN,25,mid,1487,2487,-0.5328295409679413,10.0,2.0,0.421710729598999,0.000795524699788075
DQN,25,mid,1488,2488,-0.5418201088905334,10.0,3.0,0.7374101281166077,0.00041579111421015115
DQN,25,mid,1489,2489,0.2745368051528931,2.0,2.0,0.9455863237380981,0.0002777184563456103
DQN,25,mid,1490,2490,0.09000000000000001,1.0,1.0,0.4978218078613281,0.00020730230608023703
DQN,25,mid,1491,2491,0.08150030851364137,2.0,2.0,0.6384991407394409,0.00098743628768716
DQN,25,mid,1492,2492,0.09000000000000001,1.0,1.0,0.5832569003105164,0.00047749781515449286
DQN,25,mid,1493,2493,0.09000000000000001,1.0,1.0,0.6653634905815125,0.0002803209936246276
DQN,25,mid,1494,2494,0.09000000000000001,1.0,1.0,0.16886673867702484,0.0002094358205795288
DQN,25,mid,1495,2495,-0.13848661720752714,4.0,2.0,0.3305812478065491,0.0006143288192106411
DQN,25,mid,1496,2496,0.09000000000000001,1.0,1.0,0.5255414247512817,0.0018314803019165993
DQN,25,mid,1497,2497,0.09000000000000001,1.0,1.0,0.08025063574314117,0.00030430732294917107
DQN,25,mid,1498,2498,0.17185522794723512,2.0,2.0,0.7118749022483826,0.00039089353231247514
DQN,25,mid,1499,2499,0.09000000000000001,1.0,1.0,0.40697357058525085,0.00034695304930210114
DQN,25,mid,1500,2500,0.09000000000000001,1.0,1.0,0.3980872631072998,0.0002576421247795224
DQN,25,mid,1501,2501,0.23175122022628786,2.0,2.0,0.694339394569397,0.00027217550814384595
DQN,25,mid,1502,2502,0.07190354347229005,2.0,2.0,0.9591063261032104,0.0004665927335736342
DQN,25,mid,1503,2503,0.09000000000000001,1.0,1.0,0.20771338045597076,0.0007462588837370276
DQN,25,mid,1504,2504,0.09000000000000001,1.0,1.0,0.4359579086303711,0.0002710532571654767
DQN,25,mid,1505,2505,0.09000000000000001,1.0,1.0,0.20648299157619476,0.0002113720984198153
DQN,25,mid,1506,2506,0.1381219792366028,2.0,2.0,0.5007246732711792,0.00026658612478058785
DQN,25,mid,1507,2507,0.2126098442077637,2.0,2.0,0.6754069328308105,0.0005286116938805208
DQN,25,mid,1508,2508,0.3181771504878998,2.0,2.0,0.40467002987861633,0.0003450445074122399
DQN,25,mid,1509,2509,0.12914318561553956,3.0,3.0,1.2045894861221313,0.0002589461316044132
DQN,25,mid,1510,2510,-0.5087451815605164,10.0,2.0,0.6507292985916138,0.0004417361837113276
DQN,25,mid,1511,2511,0.09000000000000001,1.0,1.0,0.5899264216423035,0.0002029498282354325
DQN,25,mid,1512,2512,0.05533048629760742,8.0,7.0,0.6884273886680603,0.0012509190346463583
DQN,25,mid,1513,2513,0.09000000000000001,1.0,1.0,0.16923321783542633,0.0005221154424361885
DQN,25,mid,1514,2514,0.001491799652576467,3.0,3.0,0.16535568237304688,0.00043626647675409913
DQN,25,mid,1515,2515,0.09000000000000001,1.0,1.0,0.715472400188446,0.0008263972704298794
DQN,25,mid,1516,2516,0.09000000000000001,1.0,1.0,0.19260084629058838,0.0005630759405903518
DQN,25,mid,1517,2517,0.09000000000000001,1.0,1.0,0.06078454479575157,0.0004475928726606071
DQN,25,mid,1518,2518,0.09000000000000001,1.0,1.0,0.8025860786437988,0.0002862819528672844
DQN,25,mid,1519,2519,0.09000000000000001,1.0,1.0,0.17434774339199066,0.0007138048531487584
DQN,25,mid,1520,2520,0.16025866746902467,2.0,2.0,0.5671373605728149,0.0005667286168318242
DQN,25,mid,1521,2521,0.2297590970993042,5.0,4.0,0.8262161016464233,0.0005426389863714576
DQN,25,mid,1522,2522,0.09000000000000001,1.0,1.0,0.43603914976119995,0.0007763227331452072
DQN,25,mid,1523,2523,0.1988672983646393,3.0,3.0,0.13222533464431763,0.00037880128365941346
DQN,25,mid,1524,2524,0.06078052699565888,2.0,2.0,0.17981456220149994,0.00042201345786452293
DQN,25,mid,1525,2525,-0.05156774163246154,4.0,2.0,0.3587629497051239,0.0003851784276776016
DQN,25,mid,1526,2526,-0.4755992770195007,10.0,2.0,0.9689837098121643,0.0004520296351984143
DQN,25,mid,1527,2527,0.041318254470825204,2.0,2.0,0.3055836260318756,0.0003429624775890261
DQN,25,mid,1528,2528,-0.29189821481704714,10.0,5.0,0.9867329001426697,0.00038110548484837636
DQN,25,mid,1529,2529,0.09000000000000001,1.0,1.0,0.18072295188903809,0.0003375181695446372
DQN,25,mid,1530,2530,0.06342025279998781,2.0,2.0,0.5383967757225037,0.000509850971866399
DQN,25,mid,1531,2531,-0.5348982095718384,10.0,2.0,0.5378783941268921,0.0004182465170742944
DQN,25,mid,1532,2532,0.09000000000000001,1.0,1.0,0.22555766999721527,0.00018476234981790185
DQN,25,mid,1533,2533,0.08635188817977907,2.0,2.0,0.37415817379951477,0.0002983383965329267
DQN,25,mid,1534,2534,0.1275694537162781,2.0,2.0,0.25451189279556274,0.0001994501508306712
DQN,25,mid,1535,2535,0.18400789976119997,2.0,2.0,0.5364344120025635,0.0003284377162344754
DQN,25,mid,1536,2536,0.09000000000000001,1.0,1.0,1.0220590829849243,0.00036962644662708044
DQN,25,mid,1537,2537,0.09000000000000001,1.0,1.0,0.44414186477661133,0.0004593741905409843
DQN,25,mid,1538,2538,-0.3394178438186645,8.0,2.0,0.6309986114501953,0.00038686938933096826
DQN,25,mid,1539,2539,0.24202288866043092,2.0,2.0,0.7178230285644531,0.00019817458087345585
DQN,25,mid,1540,2540,0.19597310543060303,3.0,3.0,0.3146131932735443,0.00044104269666907686
DQN,25,mid,1541,2541,0.10864694595336916,2.0,2.0,0.6394171714782715,0.0003237825440010056
DQN,25,mid,1542,2542,0.0766572952270508,5.0,4.0,0.8540410399436951,0.0009866140026133507
DQN,25,mid,1543,2543,-0.013100346326828008,4.0,3.0,0.37217238545417786,0.0004353107506176457
DQN,25,mid,1544,2544,-0.42778706550598145,10.0,3.0,0.6255212426185608,0.0004931181552819908
DQN,25,mid,1545,2545,0.09218029856681825,2.0,2.0,0.21835143864154816,0.0009009146160678938
DQN,25,mid,1546,2546,0.26260663747787477,2.0,2.0,0.7328165769577026,0.0002635855780681595
DQN,25,mid,1547,2547,0.09000000000000001,1.0,1.0,0.3228897154331207,0.00028634245973080397
DQN,25,mid,1548,2548,0.1054497528076172,2.0,2.0,0.5987911224365234,0.00035721762833418325
DQN,25,mid,1549,2549,0.09000000000000001,1.0,1.0,0.8424130082130432,0.0032972462940961123
DQN,25,mid,1550,2550,0.2140250301361084,4.0,3.0,0.8736867904663086,0.00037035094283055514
DQN,25,mid,1551,2551,0.11822273015975954,2.0,2.0,0.3330612778663635,0.000697849434800446
DQN,25,mid,1552,2552,0.2769413661956787,3.0,3.0,0.6975349187850952,0.0005338129897912344
DQN,25,mid,1553,2553,0.12956111431121825,5.0,5.0,0.9089365005493164,0.00044351208489388225
DQN,25,mid,1554,2554,0.22284932613372804,2.0,2.0,0.44483518600463867,0.000498058827361092
DQN,25,mid,1555,2555,0.024067769050598153,4.0,3.0,0.6270615458488464,0.0007200771651696414
DQN,25,mid,1556,2556,0.0587130355834961,2.0,2.0,0.6755257248878479,0.0006824560841778293
DQN,25,mid,1557,2557,0.042372665405273444,4.0,2.0,1.0105617046356201,0.00035164244400220923
DQN,25,mid,1558,2558,-0.2111447238922119,9.0,3.0,0.5379461646080017,0.0004095699017246564
DQN,25,mid,1559,2559,0.09000000000000001,1.0,1.0,0.15756021440029144,0.00022734467347618192
DQN,25,mid,1560,2560,0.17520411491394045,2.0,2.0,0.6012153029441833,0.00018959098088089377
DQN,25,mid,1561,2561,-0.09667813062667845,3.0,3.0,0.4906127154827118,0.00031991662399377674
DQN,25,mid,1562,2562,0.19982776761054993,3.0,3.0,0.28288179636001587,0.00022118819470051676
DQN,25,mid,1563,2563,0.09000000000000001,1.0,1.0,0.088914655148983,0.00019606453133746982
DQN,25,mid,1564,2564,-0.26140110492706303,10.0,2.0,0.8325401544570923,0.0003970329009462148
DQN,25,mid,1565,2565,-0.012443714141845683,3.0,3.0,0.7777749300003052,0.00034854351057826233
DQN,25,mid,1566,2566,-0.1789574360847473,6.0,2.0,0.5057051777839661,0.00027198611981778714
DQN,25,mid,1567,2567,-0.04223129749298095,5.0,2.0,0.8568428158760071,0.00022534944291692228
DQN,25,mid,1568,2568,0.30499972581863405,2.0,2.0,0.7025750279426575,0.00043706870928872377
DQN,25,mid,1569,2569,0.1537268626689911,2.0,2.0,0.4904567301273346,0.0002730220658122562
DQN,25,mid,1570,2570,-0.02178805351257325,3.0,3.0,0.741644561290741,0.0003733435830023761
DQN,25,mid,1571,2571,0.09000000000000001,1.0,1.0,0.25524094700813293,0.0005208419752307236
DQN,25,mid,1572,2572,0.23599322319030763,2.0,2.0,0.6692164540290833,0.00028811427182517946
DQN,25,mid,1573,2573,0.09000000000000001,1.0,1.0,0.18229874968528748,0.00037341751158237457
DQN,25,mid,1574,2574,0.2386181426048279,3.0,3.0,0.7629923820495605,0.0005089913708313057
DQN,25,mid,1575,2575,0.09000000000000001,1.0,1.0,0.302069753408432,0.0003165170783177018
DQN,25,mid,1576,2576,0.2254262638092041,3.0,3.0,0.8098549246788025,0.00023339291025574008
DQN,25,mid,1577,2577,0.09000000000000001,1.0,1.0,0.35118892788887024,0.0003630050050560385
DQN,25,mid,1578,2578,0.19709028482437135,2.0,2.0,0.9854798913002014,0.0005564677703659981
DQN,25,mid,1579,2579,0.342175053358078,2.0,2.0,0.33056846261024475,0.0002899464961956255
DQN,25,mid,1580,2580,0.10747428894042971,4.0,2.0,0.908079981803894,0.00029601750429719687
DQN,25,mid,1581,2581,0.03698347687721253,2.0,2.0,0.23232293128967285,0.0003206642431905493
DQN,25,mid,1582,2582,0.2220208513736725,2.0,2.0,0.4811966121196747,0.0002576114857220091
DQN,25,mid,1583,2583,0.08481295585632326,2.0,2.0,0.6226292848587036,0.00038710044464096427
DQN,25,mid,1584,2584,0.09000000000000001,1.0,1.0,0.21483993530273438,0.00042161508463323116
DQN,25,mid,1585,2585,-0.715481162071228,10.0,3.0,0.6213886141777039,0.0004187445738352835
DQN,25,mid,1586,2586,0.23966944932937623,3.0,3.0,0.8588576912879944,0.00034239877519818646
DQN,25,mid,1587,2587,0.13827373266220094,2.0,2.0,0.6395667791366577,0.000734997825929895
DQN,25,mid,1588,2588,0.09000000000000001,1.0,1.0,0.1769092082977295,0.00037838862044736743
DQN,25,mid,1589,2589,0.25995968461036684,2.0,2.0,0.43162277340888977,0.0004202398413326591
DQN,25,mid,1590,2590,0.021489508152008063,3.0,3.0,0.6732162833213806,0.00036943709710612893
DQN,25,mid,1591,2591,0.05477644681930543,2.0,2.0,0.6738959550857544,0.00019170122686773539
DQN,25,mid,1592,2592,0.09000000000000001,1.0,1.0,0.2770096957683563,0.0002614040276966989
DQN,25,mid,1593,2593,0.09242381334304811,2.0,2.0,0.6684333682060242,0.0002925992594100535
DQN,25,mid,1594,2594,0.17365189075469972,2.0,2.0,0.6524515151977539,0.0002541883586673066
DQN,25,mid,1595,2595,0.09365330815315248,2.0,2.0,0.3982352614402771,0.0015831359633011743
DQN,25,mid,1596,2596,0.09000000000000001,1.0,1.0,0.2251819223165512,0.0001629697362659499
DQN,25,mid,1597,2597,0.04871498227119447,2.0,2.0,0.18918344378471375,0.0004216849192744121
DQN,25,mid,1598,2598,0.08383067131042482,2.0,2.0,0.542803943157196,0.0005507727764779702
DQN,25,mid,1599,2599,-0.1515723943710327,5.0,3.0,0.5824686884880066,0.00035734974953811617
DQN,25,mid,1600,2600,0.07085694551467897,2.0,2.0,0.7464780807495117,0.002729280233324971
DQN,25,mid,1601,2601,0.32309115648269654,3.0,3.0,0.9247611165046692,0.0012804660824864793
DQN,25,mid,1602,2602,-0.11440100371837615,5.0,2.0,0.2611609399318695,0.0005205960245802998
DQN,25,mid,1603,2603,0.060483025312423715,2.0,2.0,0.16956186294555664,0.00031141965882852674
DQN,25,mid,1604,2604,0.09000000000000001,1.0,1.0,0.1572941094636917,0.0004067044937983155
DQN,25,mid,1605,2605,0.18772544145584108,2.0,2.0,0.6075998544692993,0.0004842993075726554
DQN,25,mid,1606,2606,0.242251353263855,2.0,2.0,0.36334580183029175,0.0004718592972494662
DQN,25,mid,1607,2607,-0.013395402431488027,6.0,2.0,0.5429564118385315,0.0002571438332476343
DQN,25,mid,1608,2608,0.1407617497444153,2.0,2.0,0.5395809412002563,0.0004986859566997737
DQN,25,mid,1609,2609,0.2830599617958069,3.0,3.0,0.7428478598594666,0.0003661462008797874
DQN,25,mid,1610,2610,-0.19819747924804687,7.0,4.0,1.0952905416488647,0.00048471942344414335
DQN,25,mid,1611,2611,0.1578104567527771,3.0,3.0,0.4527289867401123,0.0002712407343400021
DQN,25,mid,1612,2612,0.30441428899765016,2.0,2.0,0.6979193091392517,0.0003158294130116701
DQN,25,mid,1613,2613,0.09000000000000001,1.0,1.0,0.13199520111083984,0.00016532796144019812
DQN,25,mid,1614,2614,-0.08882819890975953,3.0,3.0,1.0171247720718384,0.0007303763801852862
DQN,25,mid,1615,2615,0.05807139158248902,2.0,2.0,0.5961321592330933,0.00039147413917817175
DQN,25,mid,1616,2616,0.1059942263364792,2.0,2.0,0.2414894849061966,0.0005389336147345603
DQN,25,mid,1617,2617,0.155522358417511,5.0,3.0,0.7837286591529846,0.0003009653475601226
DQN,25,mid,1618,2618,0.12528978466987611,2.0,2.0,0.29115357995033264,0.0002126045619661454
DQN,25,mid,1619,2619,0.2628616762161255,3.0,3.0,0.7427806854248047,0.0003653192106867209
DQN,25,mid,1620,2620,0.1363256049156189,3.0,3.0,0.5944514274597168,0.0001853568780158336
DQN,25,mid,1621,2621,0.1134176254272461,10.0,3.0,0.6796747446060181,0.00040075482538668437
DQN,25,mid,1622,2622,0.09000000000000001,1.0,1.0,0.20258000493049622,0.0002653529809322208
DQN,25,mid,1623,2623,0.06497688293457031,5.0,3.0,0.5483751893043518,0.0002237927314126864
DQN,25,mid,1624,2624,-0.4411275386810303,10.0,3.0,1.0983470678329468,0.0004072947645909153
DQN,25,mid,1625,2625,0.06796090483665468,2.0,2.0,0.45065999031066895,0.0004214852233417332
DQN,25,mid,1626,2626,0.2328638005256653,2.0,2.0,0.8037076592445374,0.0002988339401781559
DQN,25,mid,1627,2627,0.20027197122573853,3.0,3.0,0.6869882941246033,0.0002800685664017995
DQN,25,mid,1628,2628,0.09000000000000001,1.0,1.0,0.7481647729873657,0.0002434446505503729
DQN,25,mid,1629,2629,0.15117614150047304,2.0,2.0,0.2943051755428314,0.0002896825171774253
DQN,25,mid,1630,2630,0.09000000000000001,1.0,1.0,0.30611521005630493,0.0006381482235156
DQN,25,mid,1631,2631,0.1385480332374573,2.0,2.0,0.36752960085868835,0.0004758288123412058
DQN,25,mid,1632,2632,0.2321831750869751,2.0,2.0,0.6592281460762024,0.0004898167971987277
DQN,25,mid,1633,2633,0.12679650068283083,2.0,2.0,0.2621152997016907,0.00021707192354369909
DQN,25,mid,1634,2634,0.019757456779479987,3.0,3.0,0.8865852952003479,0.00025047520951678354
DQN,25,mid,1635,2635,0.1705539393424988,2.0,2.0,0.5393107533454895,0.0002959038829430938
DQN,25,mid,1636,2636,0.23771892666816713,2.0,2.0,0.46246203780174255,0.00036426477890927345
DQN,25,mid,1637,2637,0.09000000000000001,1.0,1.0,0.8255903124809265,0.00027499429415911436
DQN,25,mid,1638,2638,0.03362060308456422,3.0,3.0,0.784911572933197,0.00020328543905634433
DQN,25,mid,1639,2639,0.09812481164932252,4.0,3.0,0.6376218795776367,0.00037704942951677367
DQN,25,mid,1640,2640,0.11614038228988649,2.0,2.0,0.5493820905685425,0.0017770255217328668
DQN,25,mid,1641,2641,-0.4040828347206116,10.0,3.0,0.7469896674156189,0.0019729987223399805
DQN,25,mid,1642,2642,0.09000000000000001,1.0,1.0,0.32056549191474915,0.0010448507964611053
DQN,25,mid,1643,2643,0.09000000000000001,1.0,1.0,0.6658576130867004,0.0019124879036098719
DQN,25,mid,1644,2644,0.04031028032302857,2.0,2.0,0.6909938454627991,0.000810962199466303
DQN,25,mid,1645,2645,0.0031019616127014316,2.0,2.0,0.28183799982070923,0.0005326034734025598
DQN,25,mid,1646,2646,-0.1953788900375366,9.0,4.0,0.7993382215499878,0.0006062980586042007
DQN,25,mid,1647,2647,0.11813037276268007,2.0,2.0,0.3614920675754547,0.00039239670149981976
DQN,25,mid,1648,2648,0.09000000000000001,1.0,1.0,0.12961627542972565,0.00036293378798291087
DQN,25,mid,1649,2649,0.07629532337188721,3.0,3.0,0.8419260382652283,0.0004382254749846955
DQN,25,mid,1650,2650,0.09000000000000001,1.0,1.0,0.0838119238615036,0.01096994336694479
DQN,25,mid,1651,2651,-0.005890650749206527,2.0,2.0,0.713447630405426,0.0004314211691962555
DQN,25,mid,1652,2652,0.0975076723098755,2.0,2.0,0.8638688921928406,0.0006674017058685422
DQN,25,mid,1653,2653,0.14795262336730958,3.0,3.0,0.5244513154029846,0.0011925871464579056
DQN,25,mid,1654,2654,-0.26440815448760985,7.0,3.0,0.5704615712165833,0.0005583098474224764
DQN,25,mid,1655,2655,0.09000000000000001,1.0,1.0,0.2186044454574585,0.0007445088704116642
DQN,25,mid,1656,2656,0.09000000000000001,1.0,1.0,0.0966678261756897,0.0004577686486300081
DQN,25,mid,1657,2657,0.09000000000000001,1.0,1.0,0.4269861578941345,0.000559740758035332
DQN,25,mid,1658,2658,0.005663352012634293,2.0,2.0,0.5660425424575806,0.0004832967824768275
DQN,25,mid,1659,2659,0.0799163055419922,3.0,3.0,0.7210052609443665,0.0005544663581531495
DQN,25,mid,1660,2660,0.33035595893859865,2.0,2.0,0.9786014556884766,0.00042261894850526005
DQN,25,mid,1661,2661,0.046386175155639656,7.0,5.0,1.129726767539978,0.0005997017973900906
DQN,25,mid,1662,2662,0.09000000000000001,1.0,1.0,0.5835655331611633,0.00039523548912256956
DQN,25,mid,1663,2663,0.09000000000000001,1.0,1.0,0.17812953889369965,0.00045500678243115544
DQN,25,mid,1664,2664,0.09000000000000001,1.0,1.0,0.7441300749778748,0.00045076527749188244
DQN,25,mid,1665,2665,0.07837791919708254,2.0,2.0,0.6312340497970581,0.0006115568976383656
DQN,25,mid,1666,2666,-0.18922200798988337,5.0,4.0,0.3836360275745392,0.00044697656412608924
DQN,25,mid,1667,2667,0.1996851634979248,3.0,3.0,0.7020944356918335,0.0006717684251877168
DQN,25,mid,1668,2668,0.09000000000000001,1.0,1.0,0.09937948733568192,0.00020921832765452564
DQN,25,mid,1669,2669,0.1463096755743027,2.0,2.0,0.17245128750801086,0.0003971448168158531
DQN,25,mid,1670,2670,0.2829479444026947,2.0,2.0,0.47392538189888,0.00023198416602099314
DQN,25,mid,1671,2671,0.09000000000000001,1.0,1.0,0.6617499589920044,0.00031513074645772576
DQN,25,mid,1672,2672,0.09485466957092287,2.0,2.0,0.517681896686554,0.0002493967767804861
DQN,25,mid,1673,2673,-0.7139616161584856,10.0,3.0,0.4238955080509186,0.0019133898429572582
DQN,25,mid,1674,2674,0.12484580993652344,3.0,3.0,1.0076671838760376,0.0005835043654466668
DQN,25,mid,1675,2675,0.27203536212444307,2.0,2.0,0.17010141909122467,0.0004524078394751996
DQN,25,mid,1676,2676,0.18161422729492188,3.0,3.0,0.8757540583610535,0.0003638642083387822
DQN,25,mid,1677,2677,0.09000000000000001,1.0,1.0,0.7299016714096069,0.00033770131994970143
DQN,25,mid,1678,2678,0.09000000000000001,1.0,1.0,0.3678114116191864,0.0004577412037178874
DQN,25,mid,1679,2679,0.24743039131164551,3.0,3.0,0.8640838861465454,0.0004232158341134588
DQN,25,mid,1680,2680,0.09000000000000001,1.0,1.0,0.32421383261680603,0.0007208820898085833
DQN,25,mid,1681,2681,0.11188562393188478,2.0,2.0,1.0471012592315674,0.00022752088989363983
DQN,25,mid,1682,2682,0.09000000000000001,1.0,1.0,0.09674297273159027,0.00029820806230418384
DQN,25,mid,1683,2683,0.11596317768096925,2.0,2.0,0.8242879509925842,0.0003859167918562889
DQN,25,mid,1684,2684,0.12546247959136964,3.0,3.0,0.5818478465080261,0.000522114773048088
DQN,25,mid,1685,2685,0.035439271926879894,3.0,2.0,0.433845579624176,0.0011110782991939534
DQN,25,mid,1686,2686,0.09000000000000001,1.0,1.0,0.23787984251976013,0.00021985277999192476
DQN,25,mid,1687,2687,-0.05011270523071289,3.0,2.0,0.753818929195404,0.0030207080708350986
DQN,25,mid,1688,2688,0.09000000000000001,1.0,1.0,0.6484526991844177,0.0003225853433832526
DQN,25,mid,1689,2689,0.04689367294311524,2.0,2.0,0.3964659571647644,0.0008613500103820115
DQN,25,mid,1690,2690,0.2775261402130127,5.0,4.0,0.848690390586853,0.000560820719692856
DQN,25,mid,1691,2691,-0.20028655529022216,5.0,3.0,0.8372847437858582,0.0005247247463557869
DQN,25,mid,1692,2692,0.006847875118255631,2.0,2.0,0.3652659058570862,0.0004518583446042612
DQN,25,mid,1693,2693,0.11158128261566164,2.0,2.0,0.6299278140068054,0.00031560940260533243
DQN,25,mid,1694,2694,0.17315001964569093,2.0,2.0,0.7304338812828064,0.0008564170857425779
DQN,25,mid,1695,2695,0.20490284442901613,2.0,2.0,0.8395625948905945,0.0003574549191398546
DQN,25,mid,1696,2696,0.015057699680328385,2.0,2.0,0.7534409165382385,0.001283848425373435
DQN,25,mid,1697,2697,0.2425308895111084,3.0,3.0,0.8497596979141235,0.0005251358476622651
DQN,25,mid,1698,2698,0.09000000000000001,1.0,1.0,0.1127762570977211,0.0002928744943346828
DQN,25,mid,1699,2699,0.15242588758468628,6.0,4.0,0.9972636103630066,0.00043662573443725705
DQN,25,mid,1700,2700,0.09000000000000001,1.0,1.0,0.32640308141708374,0.0005099628469906747
DQN,25,mid,1701,2701,0.09000000000000001,1.0,1.0,0.3219751715660095,0.00042741806828416884
DQN,25,mid,1702,2702,0.08451093912124635,2.0,2.0,0.31161001324653625,0.0003898466966347769
DQN,25,mid,1703,2703,0.17685117006301881,2.0,2.0,0.5684731602668762,0.00041837283060885966
DQN,25,mid,1704,2704,0.06430728912353517,2.0,2.0,0.2075851857662201,0.00027824679273180664
DQN,25,mid,1705,2705,0.1713932228088379,3.0,3.0,0.29448390007019043,0.0003689649117101605
DQN,25,mid,1706,2706,0.09477503776550295,2.0,2.0,0.6147076487541199,0.0003220945945940912
DQN,25,mid,1707,2707,0.09000000000000001,1.0,1.0,0.10178893059492111,0.00025973888114094734
DQN,25,mid,1708,2708,0.11900384902954103,2.0,2.0,0.5085148215293884,0.00035898195346817374
DQN,25,mid,1709,2709,0.09000000000000001,1.0,1.0,0.3524753153324127,0.0006570990663021803
DQN,25,mid,1710,2710,0.10698972821235658,2.0,2.0,0.2751612365245819,0.0003676130872918293
DQN,25,mid,1711,2711,0.3846704137325287,3.0,3.0,0.4866827428340912,0.0004175344171623389
DQN,25,mid,1712,2712,0.09000000000000001,1.0,1.0,0.2841225564479828,0.0005835389601998031
DQN,25,mid,1713,2713,-0.05422168254852293,3.0,3.0,0.6965668797492981,0.00025049793475773185
DQN,25,mid,1714,2714,0.09518894731998445,2.0,2.0,0.08210770040750504,0.0003682325768750161
DQN,25,mid,1715,2715,-0.0293553376197815,4.0,3.0,0.25462231040000916,0.0003871861408697441
DQN,25,mid,1716,2716,0.1503287720680237,2.0,2.0,0.8786278367042542,0.0002937915123766288
DQN,25,mid,1717,2717,0.09631441712379457,2.0,2.0,0.13038156926631927,0.0004723199817817658
DQN,25,mid,1718,2718,0.1946880090236664,2.0,2.0,0.3320182263851166,0.00033504111343063414
DQN,25,mid,1719,2719,0.24400986909866335,2.0,2.0,0.3601904511451721,0.0008013699116418138
DQN,25,mid,1720,2720,0.09000000000000001,1.0,1.0,0.26087331771850586,0.0002963422448374331
DQN,25,mid,1721,2721,0.10807420492172243,2.0,2.0,0.8391381502151489,0.001978967775357887
DQN,25,mid,1722,2722,0.20906872510910035,4.0,3.0,0.5872370004653931,0.00037937778688501567
DQN,25,mid,1723,2723,0.28834290981292726,2.0,2.0,0.6190134882926941,0.00044390131370164454
DQN,25,mid,1724,2724,-0.23478237867355345,8.0,3.0,0.8565459847450256,0.0010478666736162268
DQN,25,mid,1725,2725,0.11671740531921387,3.0,3.0,0.5005344748497009,0.001371795069038247
DQN,25,mid,1726,2726,0.11635457158088686,2.0,2.0,0.35397931933403015,0.0004769473453052342
DQN,25,mid,1727,2727,0.09000000000000001,1.0,1.0,0.22157718241214752,0.00025446267682127655
DQN,25,mid,1728,2728,0.09141889393329622,2.0,2.0,0.20393039286136627,0.00027699326165020466
DQN,25,mid,1729,2729,0.09000000000000001,1.0,1.0,0.18140511214733124,0.0019775377586483955
DQN,25,mid,1730,2730,0.021070815324783346,3.0,3.0,0.31580209732055664,0.0003533437945103894
DQN,25,mid,1731,2731,0.15888680696487428,2.0,2.0,0.8268412351608276,0.00033553666435182095
DQN,25,mid,1732,2732,0.09000000000000001,1.0,1.0,0.3056609630584717,0.0012569194659590721
DQN,25,mid,1733,2733,0.09000000000000001,1.0,1.0,0.27231696248054504,0.00031549931736662984
DQN,25,mid,1734,2734,0.09000000000000001,1.0,1.0,0.3062685430049896,0.0004868262039963156
DQN,25,mid,1735,2735,-0.47752130031585693,10.0,3.0,0.745611846446991,0.00032311348331859335
DQN,25,mid,1736,2736,0.07453677237033846,2.0,2.0,0.2276947796344757,0.0021976776770316064
DQN,25,mid,1737,2737,0.09000000000000001,1.0,1.0,0.45217570662498474,0.0002490753831807524
DQN,25,mid,1738,2738,0.07730205535888673,2.0,2.0,0.9390482902526855,0.0005579290445894003
DQN,25,mid,1739,2739,-0.016112102270126327,2.0,2.0,0.4692571461200714,0.0004558007058221847
DQN,25,mid,1740,2740,0.09000000000000001,1.0,1.0,0.18582002818584442,0.0002619290607981384
DQN,25,mid,1741,2741,0.09000000000000001,1.0,1.0,0.3824000656604767,0.002936507808044553
DQN,25,mid,1742,2742,0.09000000000000001,1.0,1.0,0.18715481460094452,0.0003746983129531145
DQN,25,mid,1743,2743,0.048931034207344064,2.0,2.0,0.27212947607040405,0.0004144778067711741
DQN,25,mid,1744,2744,-0.04977660953998565,3.0,2.0,0.31615421175956726,0.0014277102697330217
DQN,25,mid,1745,2745,0.09000000000000001,1.0,1.0,0.4618954658508301,0.0003880250151269138
DQN,25,mid,1746,2746,0.21354164361953737,2.0,2.0,0.9097560048103333,0.0003798101388383657
DQN,25,mid,1747,2747,0.09000000000000001,1.0,1.0,0.19575609266757965,0.00033899801201187074
DQN,25,mid,1748,2748,0.2931050634384155,4.0,4.0,0.5819218754768372,0.00027623870118986815
DQN,25,mid,1749,2749,-0.4470670700073242,10.0,2.0,0.7496870160102844,0.0005401194764999672
DQN,25,mid,1750,2750,0.09000000000000001,1.0,1.0,0.472350150346756,0.0006630329880863428
DQN,25,mid,1751,2751,0.09000000000000001,1.0,1.0,0.1683644950389862,0.0004816799482796341
DQN,25,mid,1752,2752,0.15312196493148805,2.0,2.0,0.5461133718490601,0.0003230556903872639
DQN,25,mid,1753,2753,0.09000000000000001,1.0,1.0,0.1486966609954834,0.0003015872207470238
DQN,25,mid,1754,2754,0.15439929246902467,2.0,2.0,0.6758233308792114,0.0005487230519065633
DQN,25,mid,1755,2755,0.24879677772521974,2.0,2.0,0.46910911798477173,0.0004674737574532628
DQN,25,mid,1756,2756,0.25133723735809327,3.0,3.0,0.7856580018997192,0.0003517213141700874
DQN,25,mid,1757,2757,0.05879292845726014,4.0,3.0,0.4468998312950134,0.00029343485221033916
DQN,25,mid,1758,2758,0.14926053762435915,2.0,2.0,0.38868215680122375,0.00021609246323350817
DQN,25,mid,1759,2759,0.2162542510032654,2.0,2.0,0.4004520773887634,0.00025032275152625516
DQN,25,mid,1760,2760,0.11050689399242403,2.0,2.0,0.12951180338859558,0.0001974314873223193
DQN,25,mid,1761,2761,0.013322162628173873,10.0,6.0,0.5880392789840698,0.00024681007344042884
DQN,25,mid,1762,2762,-0.2365512180328369,8.0,4.0,0.7069469094276428,0.0005262130398477893
DQN,25,mid,1763,2763,-0.1653668189048767,9.0,4.0,0.9906603693962097,0.00036430333986774914
DQN,25,mid,1764,2764,0.16604093432426453,3.0,3.0,0.3622773587703705,0.0005319713964127004
DQN,25,mid,1765,2765,0.09000000000000001,1.0,1.0,0.41343361139297485,0.00012699309445451945
DQN,25,mid,1766,2766,0.31434131622314454,4.0,3.0,0.6709406971931458,0.00045666416554013267
DQN,25,mid,1767,2767,0.19751322984695435,3.0,3.0,0.6827376484870911,0.0002838771518630286
DQN,25,mid,1768,2768,0.1121323871612549,2.0,2.0,0.4205646514892578,0.00035538375232135877
DQN,25,mid,1769,2769,0.06805391788482668,2.0,2.0,0.7872756719589233,0.0002103733058902435
DQN,25,mid,1770,2770,0.183547602891922,2.0,2.0,0.325441837310791,0.0003601656499085948
DQN,25,mid,1771,2771,0.09535493135452272,2.0,2.0,0.7492331266403198,0.00026445002731634304
DQN,25,mid,1772,2772,0.13720782279968263,2.0,2.0,0.6872671842575073,0.00021506031043827534
DQN,25,mid,1773,2773,0.08655477285385134,3.0,3.0,0.4129284918308258,0.0002589910727692768
DQN,25,mid,1774,2774,-0.6808970451354981,10.0,2.0,0.7305979132652283,0.0006435276911361143
DQN,25,mid,1775,2775,0.11845876455307008,2.0,2.0,0.8864948153495789,0.0003182068030582741
DQN,25,mid,1776,2776,0.13688833236694337,3.0,3.0,0.7053266167640686,0.000347400918447723
DQN,25,mid,1777,2777,0.029058949947357186,2.0,2.0,0.7753366827964783,0.00019877668819390237
DQN,25,mid,1778,2778,0.12461616277694704,2.0,2.0,0.7153120040893555,0.0002800829242914915
DQN,25,mid,1779,2779,0.09000000000000001,1.0,1.0,0.13647961616516113,0.0006325695430859923
DQN,25,mid,1780,2780,0.09000000000000001,1.0,1.0,0.2608339488506317,0.0023098867386579514
DQN,25,mid,1781,2781,0.09000000000000001,1.0,1.0,0.15186145901679993,0.0003892996464855969
DQN,25,mid,1782,2782,0.09000000000000001,1.0,1.0,0.4243446886539459,0.00029027502750977874
DQN,25,mid,1783,2783,0.09000000000000001,1.0,1.0,0.5164030194282532,0.00047120125964283943
DQN,25,mid,1784,2784,0.16517664670944215,2.0,2.0,0.835484504699707,0.00043783101136796176
DQN,25,mid,1785,2785,0.2045837211608887,2.0,2.0,0.3714814782142639,0.000434305053204298
DQN,25,mid,1786,2786,0.08525077223777772,3.0,3.0,0.179396852850914,0.000679711481401076
DQN,25,mid,1787,2787,0.13232226848602296,2.0,2.0,0.7099705934524536,0.0006132509442977607
DQN,25,mid,1788,2788,0.09000000000000001,1.0,1.0,0.26774924993515015,0.00045459711691364646
DQN,25,mid,1789,2789,0.2615774440765381,2.0,2.0,0.8388010263442993,0.0003415842220420018
DQN,25,mid,1790,2790,-0.5546210289001465,10.0,2.0,0.2929851710796356,0.00041337152651976794
DQN,25,mid,1791,2791,0.3338561058044434,5.0,4.0,0.927148699760437,0.0006813574291300029
DQN,25,mid,1792,2792,0.09000000000000001,1.0,1.0,0.21119347214698792,0.000379640085157007
DQN,25,mid,1793,2793,0.17773521661758424,3.0,3.0,0.37278488278388977,0.00022061824468740573
DQN,25,mid,1794,2794,0.2591121864318848,3.0,3.0,0.8072341680526733,0.00034473175765015185
DQN,25,mid,1795,2795,-0.2686402606964111,8.0,3.0,0.8675430417060852,0.0021760030758741777
DQN,25,mid,1796,2796,0.12402828216552736,2.0,2.0,1.0817983150482178,0.0004278636770322919
DQN,25,mid,1797,2797,0.09000000000000001,1.0,1.0,0.23787984251976013,0.0005531247588805854
DQN,25,mid,1798,2798,0.06242679238319398,2.0,2.0,0.21186308562755585,0.0005400836380431429
DQN,25,mid,1799,2799,0.21041436672210695,2.0,2.0,0.4936854839324951,0.004910670162644237
DQN,25,mid,1800,2800,0.09000000000000001,1.0,1.0,0.5992059111595154,0.0005519826663658023
DQN,25,mid,1801,2801,0.08685887813568116,4.0,3.0,0.5530058145523071,0.0008485071666655131
DQN,25,mid,1802,2802,0.05334283590316773,2.0,2.0,0.3938736021518707,0.0004200327821308747
DQN,25,mid,1803,2803,0.18020616650581361,2.0,2.0,0.3205561637878418,0.0006574183935299516
DQN,25,mid,1804,2804,0.09000000000000001,1.0,1.0,0.30675268173217773,0.0007241879939101636
DQN,25,mid,1805,2805,-0.012859039306640604,3.0,3.0,0.6460608243942261,0.00036138099191399914
DQN,25,mid,1806,2806,0.1557301449775696,2.0,2.0,0.8589487671852112,0.0005784125532954931
DQN,25,mid,1807,2807,0.03549748897552491,6.0,4.0,0.6925983428955078,0.0011301454942440614
DQN,25,mid,1808,2808,0.09000000000000001,1.0,1.0,0.23987726867198944,0.000228920005611144
DQN,25,mid,1809,2809,0.21867568969726564,2.0,2.0,0.5473040342330933,0.0004858193133259192
DQN,25,mid,1810,2810,0.10747283875942232,2.0,2.0,0.20275379717350006,0.0005085916636744514
DQN,25,mid,1811,2811,-0.5355755686759949,10.0,3.0,0.5648675560951233,0.0004097038909094408
DQN,25,mid,1812,2812,0.1294688153266907,2.0,2.0,0.7190216183662415,0.00026438620989210904
DQN,25,mid,1813,2813,0.09000000000000001,1.0,1.0,0.6820818781852722,0.0005677677690982819
DQN,25,mid,1814,2814,0.09000000000000001,1.0,1.0,0.1586679369211197,0.0003156550810672343
DQN,25,mid,1815,2815,0.10660769224166872,2.0,2.0,0.750492513179779,0.0005397812637966126
DQN,25,mid,1816,2816,0.09000000000000001,1.0,1.0,0.583766758441925,0.0002495242515578866
DQN,25,mid,1817,2817,0.18789912939071657,2.0,2.0,0.4822232723236084,0.0006105024367570877
DQN,25,mid,1818,2818,0.04286271512508393,2.0,2.0,0.17879891395568848,0.00038485476397909224
DQN,25,mid,1819,2819,0.08083211064338686,2.0,2.0,0.1933518797159195,0.00048810993757797405
DQN,25,mid,1820,2820,0.17716456174850465,3.0,3.0,0.370584636926651,0.0005644018140931925
DQN,25,mid,1821,2821,0.15201577723026277,2.0,2.0,0.24605895578861237,0.0002586565606179647
DQN,25,mid,1822,2822,0.10556746244430543,3.0,3.0,0.8767982721328735,0.00045404799554186565
DQN,25,mid,1823,2823,0.22365718841552734,4.0,4.0,0.507053017616272,0.0008007559154066257
DQN,25,mid,1824,2824,0.11594470024108888,2.0,2.0,0.6966326832771301,0.0004417813033796847
DQN,25,mid,1825,2825,0.03605932950973511,4.0,3.0,0.7286624908447266,0.000764715914556291
DQN,25,mid,1826,2826,0.07029394984245302,2.0,2.0,0.49148035049438477,0.0005197088757995516
DQN,25,mid,1827,2827,0.05739264369010926,2.0,2.0,0.31630802154541016,0.00039094770909287035
DQN,25,mid,1828,2828,0.09961039543151856,3.0,3.0,0.6828494668006897,0.0003428030274032305
DQN,25,mid,1829,2829,0.06776161670684816,2.0,2.0,0.5480948090553284,0.00047601587721146643
DQN,25,mid,1830,2830,0.076622314453125,3.0,3.0,0.33822235465049744,0.00031419961790864664
DQN,25,mid,1831,2831,0.07778938293457033,2.0,2.0,0.8538097739219666,0.0005195467529119924
DQN,25,mid,1832,2832,0.09000000000000001,1.0,1.0,0.6302822828292847,0.00018717904458753765
DQN,25,mid,1833,2833,0.19435173988342286,3.0,3.0,0.6935914158821106,0.00042433233465999365
DQN,25,mid,1834,2834,0.11550570487976075,4.0,3.0,0.6157315969467163,0.00030233327197493054
DQN,25,mid,1835,2835,0.28102904319763183,4.0,4.0,0.9380291700363159,0.0004127867614442948
DQN,25,mid,1836,2836,-0.024813764095306404,3.0,3.0,0.6482635140419006,0.0003583624978394558
DQN,25,mid,1837,2837,0.09000000000000001,1.0,1.0,0.28294047713279724,0.00034809461794793606
DQN,25,mid,1838,2838,0.07383448600769044,3.0,3.0,0.3720080256462097,0.0015035565399254363
DQN,25,mid,1839,2839,-0.12515609741210937,3.0,3.0,1.2065194845199585,0.000571509066503495
DQN,25,mid,1840,2840,0.03825289726257325,3.0,3.0,0.6578114628791809,0.0014342439535539597
DQN,25,mid,1841,2841,0.13640287876129153,9.0,7.0,0.9990839958190918,0.0007492295181792644
DQN,25,mid,1842,2842,0.1695221531391144,2.0,2.0,0.31854262948036194,0.0003029995859833434
DQN,25,mid,1843,2843,0.11064134716987611,2.0,2.0,0.1161237359046936,0.0004612784250639379
DQN,25,mid,1844,2844,0.11107738494873048,2.0,2.0,0.8332305550575256,0.0003256497730035335
DQN,25,mid,1845,2845,0.09000000000000001,1.0,1.0,0.1876688450574875,0.0004201117262709886
DQN,25,mid,1846,2846,0.1277460527420044,3.0,3.0,1.0019004344940186,0.0004237803174570824
DQN,25,mid,1847,2847,0.06062582314014436,2.0,2.0,0.1997493952512741,0.00048164004692807794
DQN,25,mid,1848,2848,-0.04944782495498655,4.0,3.0,0.6107867956161499,0.000378290620574262
DQN,25,mid,1849,2849,0.07692940711975099,2.0,2.0,0.7770472764968872,0.00036361707316245884
DQN,25,mid,1850,2850,0.09000000000000001,1.0,1.0,0.17245958745479584,0.00047375253052450716
DQN,25,mid,1851,2851,0.09000000000000001,1.0,1.0,0.7946425080299377,0.00031700130784884095
DQN,25,mid,1852,2852,-0.4980224251747131,10.0,2.0,0.6364937424659729,0.0020155721926130355
DQN,25,mid,1853,2853,0.09000000000000001,1.0,1.0,0.2311037927865982,0.0008027282310649753
DQN,25,mid,1854,2854,0.11085898399353028,3.0,3.0,0.7034741640090942,0.0003381616067296515
DQN,25,mid,1855,2855,0.09000000000000001,1.0,1.0,0.6412890553474426,0.00032276054844260216
DQN,25,mid,1856,2856,0.09000000000000001,1.0,1.0,0.1550670713186264,0.0003431995282880962
DQN,25,mid,1857,2857,0.09000000000000001,1.0,1.0,0.7708380818367004,0.00029385462403297424
DQN,25,mid,1858,2858,0.09000000000000001,1.0,1.0,0.5144211053848267,0.0003698805230669677
DQN,25,mid,1859,2859,0.11682988882064821,2.0,2.0,0.4260549545288086,0.00027410359325585887
DQN,25,mid,1860,2860,0.09000000000000001,1.0,1.0,0.5448216795921326,0.0004991803434677422
DQN,25,mid,1861,2861,0.093475239276886,2.0,2.0,0.8001202344894409,0.000234834777074866
DQN,25,mid,1862,2862,0.09000000000000001,1.0,1.0,0.3751603662967682,0.00038286164635792375
DQN,25,mid,1863,2863,0.21506126642227175,3.0,2.0,0.4520338177680969,0.0003652976107938836
DQN,25,mid,1864,2864,0.14582051515579225,2.0,2.0,0.3465706408023834,0.00017426197155145928
DQN,25,mid,1865,2865,0.14227462768554688,4.0,3.0,1.0952094793319702,0.0002988885826198384
DQN,25,mid,1866,2866,0.011959807872772232,2.0,2.0,0.7108269929885864,0.00022155453189043328
DQN,25,mid,1867,2867,0.055059472024440774,2.0,2.0,0.13146547973155975,0.00023006861738394946
DQN,25,mid,1868,2868,-0.0030505490303039395,2.0,2.0,0.2755754888057709,0.0003494868869893253
DQN,25,mid,1869,2869,0.09000000000000001,1.0,1.0,0.2680214047431946,0.000499789894092828
DQN,25,mid,1870,2870,0.20115672349929808,5.0,5.0,0.9192020297050476,0.00029694548284169285
DQN,25,mid,1871,2871,0.19762702465057375,2.0,2.0,0.613886296749115,0.0002379393408773467
DQN,25,mid,1872,2872,0.09000000000000001,1.0,1.0,0.5751567482948303,0.00023992516798898578
DQN,25,mid,1873,2873,0.14279456615448,2.0,2.0,0.8434213995933533,0.00019763228920055553
DQN,25,mid,1874,2874,0.16212250471115114,2.0,2.0,0.5571771860122681,0.0003133133432129398
DQN,25,mid,1875,2875,0.09000000000000001,1.0,1.0,0.6325048804283142,0.00016121793305501342
DQN,25,mid,1876,2876,-0.4122970879077911,10.0,2.0,0.38314881920814514,0.0003718410553119611
DQN,25,mid,1877,2877,-0.008446289300918564,2.0,2.0,0.25715428590774536,0.0001776451463229023
DQN,25,mid,1878,2878,0.6033592891693115,3.0,3.0,0.6516152620315552,0.00026230318083738285
DQN,25,mid,1879,2879,0.09000000000000001,1.0,1.0,0.09897641092538834,0.00045274876174516976
DQN,25,mid,1880,2880,0.14239932775497438,2.0,2.0,0.35654783248901367,0.0003284745034761727
DQN,25,mid,1881,2881,0.13897021293640138,2.0,2.0,0.9546031951904297,0.00015659139171475545
DQN,25,mid,1882,2882,0.09000000000000001,1.0,1.0,0.8187695741653442,0.00024988470249809325
DQN,25,mid,1883,2883,0.09000000000000001,1.0,1.0,0.41389331221580505,0.00021015823585912585
DQN,25,mid,1884,2884,0.11470925986766817,2.0,2.0,0.24545173346996307,0.0007432616839651018
DQN,25,mid,1885,2885,0.08690795481204988,2.0,2.0,0.10682801157236099,0.0001696533799986355
DQN,25,mid,1886,2886,0.08392538309097292,2.0,2.0,0.40383973717689514,0.0004212472922517918
DQN,25,mid,1887,2887,0.09000000000000001,1.0,1.0,0.1398201435804367,0.000522228074260056
DQN,25,mid,1888,2888,0.09000000000000001,1.0,1.0,0.724279522895813,0.00016344482719432563
DQN,25,mid,1889,2889,0.16128732442855837,2.0,2.0,0.27314266562461853,0.00021926837507635355
DQN,25,mid,1890,2890,0.3168961477279663,3.0,3.0,0.9260967969894409,0.0002947215010256817
DQN,25,mid,1891,2891,0.09000000000000001,1.0,1.0,0.39044126868247986,0.00014770866255275905
DQN,25,mid,1892,2892,0.09000000000000001,1.0,1.0,0.15186145901679993,0.000357647892087698
DQN,25,mid,1893,2893,0.09000000000000001,1.0,1.0,0.16717050969600677,0.0003111044643446803
DQN,25,mid,1894,2894,0.008114997744560246,3.0,2.0,0.2588585615158081,0.00045931461500003934
DQN,25,mid,1895,2895,0.026484645605087287,3.0,3.0,0.3478919565677643,0.00037851914142568904
DQN,25,mid,1896,2896,0.25112897872924805,3.0,3.0,0.818097710609436,0.0001781495229806751
DQN,25,mid,1897,2897,-0.35906875133514404,10.0,3.0,0.8413949608802795,0.00038662826700601726
DQN,25,mid,1898,2898,0.1089997458457947,2.0,2.0,0.7381787896156311,0.0002745210367720574
DQN,25,mid,1899,2899,0.09000000000000001,1.0,1.0,0.10838709771633148,0.0002769423881545663
DQN,25,mid,1900,2900,0.09000000000000001,1.0,1.0,0.154397651553154,0.0004849647230003029
DQN,25,mid,1901,2901,0.2732889723777771,3.0,3.0,0.7204045057296753,0.0003637481131590903
DQN,25,mid,1902,2902,0.09000000000000001,1.0,1.0,0.558888852596283,0.0003393191145732999
DQN,25,mid,1903,2903,-0.5656261920928956,10.0,2.0,0.5930391550064087,0.0003474110970273614
DQN,25,mid,1904,2904,0.18484206676483156,2.0,2.0,0.883051335811615,0.00019018784223590046
DQN,25,mid,1905,2905,-0.005512915849685648,3.0,3.0,0.2675023674964905,0.00030405087454710156
DQN,25,mid,1906,2906,0.059680473804473874,5.0,3.0,0.9603447318077087,0.0002804166986607015
DQN,25,mid,1907,2907,0.2237715291976929,2.0,2.0,0.6126090884208679,0.00034721900010481477
DQN,25,mid,1908,2908,-0.536516535282135,10.0,2.0,0.8017715215682983,0.0003165097179589793
DQN,25,mid,1909,2909,0.2854877877235413,2.0,2.0,0.529049277305603,0.0002189368533436209
DQN,25,mid,1910,2910,0.4146696197986603,2.0,2.0,0.4918985664844513,0.0002675294963410124
DQN,25,mid,1911,2911,0.10594745159149171,2.0,2.0,0.2718435227870941,0.00034293715725652874
DQN,25,mid,1912,2912,0.14850433349609377,2.0,2.0,0.5593644380569458,0.0003459606014075689
DQN,25,mid,1913,2913,0.18842043161392213,2.0,2.0,0.5427563786506653,0.0002525195886846632
DQN,25,mid,1914,2914,-0.5813702821731568,10.0,2.0,0.8257872462272644,0.00035484709223965183
DQN,25,mid,1915,2915,0.08869964599609376,3.0,3.0,0.5558810234069824,0.0002944518831403305
DQN,25,mid,1916,2916,0.09000000000000001,1.0,1.0,0.7417303919792175,0.00141777447424829
DQN,25,mid,1917,2917,0.26411498308181763,3.0,3.0,0.9591283202171326,0.0003203818729768197
DQN,25,mid,1918,2918,0.23918534994125368,2.0,2.0,0.6725033521652222,0.0002496519300621003
DQN,25,mid,1919,2919,-0.3911286473274231,10.0,2.0,0.6416935920715332,0.0002761581345112063
DQN,25,mid,1920,2920,0.13130647659301758,3.0,3.0,0.8475099802017212,0.0007067866584596535
DQN,25,mid,1921,2921,0.07638091564178467,3.0,3.0,0.743891179561615,0.0002554470847826451
DQN,25,mid,1922,2922,0.10191284298896791,2.0,2.0,0.4696585237979889,0.0003281078388681635
DQN,25,mid,1923,2923,0.14096374273300172,4.0,3.0,0.7239689230918884,0.00031041749753057957
DQN,25,mid,1924,2924,-0.5372685074806214,10.0,2.0,0.8401185274124146,0.00029015326144872234
DQN,25,mid,1925,2925,0.1489295530319214,2.0,2.0,0.6935933232307434,0.0004274048114893958
DQN,25,mid,1926,2926,0.059729642868042,3.0,3.0,0.3322596549987793,0.0002509745778903986
DQN,25,mid,1927,2927,-0.04555290222167967,3.0,3.0,0.6559524536132812,0.00033731891502005357
DQN,25,mid,1928,2928,-0.43715417385101324,10.0,5.0,1.4161031246185303,0.0007489685245673172
DQN,25,mid,1929,2929,0.09000000000000001,1.0,1.0,0.3674886226654053,0.0003245009284000844
DQN,25,mid,1930,2930,0.08426542758941652,2.0,2.0,0.49056047201156616,0.0006770039908587933
DQN,25,mid,1931,2931,0.09000000000000001,1.0,1.0,0.08787766844034195,0.0011718794703483582
DQN,25,mid,1932,2932,0.22267316460609438,2.0,2.0,0.32236427068710327,0.00045889847388025373
DQN,25,mid,1933,2933,0.09000000000000001,1.0,1.0,0.24112439155578613,0.00037051073741167784
DQN,25,mid,1934,2934,0.09000000000000001,1.0,1.0,0.5243369936943054,0.0004593626072164625
DQN,25,mid,1935,2935,0.08405149698257447,3.0,3.0,0.6040759682655334,0.00041493313619866967
DQN,25,mid,1936,2936,0.21815443754196168,3.0,3.0,0.4815482497215271,0.0004252797128477444
DQN,25,mid,1937,2937,0.23650135278701784,2.0,2.0,0.4834590554237366,0.00033186361542902887
DQN,25,mid,1938,2938,0.04750742197036744,2.0,2.0,0.39412564039230347,0.00028141871734987944
DQN,25,mid,1939,2939,0.09000000000000001,1.0,1.0,0.24822096526622772,0.000594120123423636
DQN,25,mid,1940,2940,0.09174467802047731,2.0,2.0,0.2595236301422119,0.0002695520524866879
DQN,25,mid,1941,2941,0.09000000000000001,1.0,1.0,0.2599305510520935,0.0004287242772988975
DQN,25,mid,1942,2942,0.041913578510284426,4.0,3.0,0.622832179069519,0.0009722580143716186
DQN,25,mid,1943,2943,0.13751899003982543,5.0,5.0,0.6728315353393555,0.0010889475350268185
DQN,25,mid,1944,2944,0.16215934038162233,2.0,2.0,0.6448839902877808,0.0017093534988816828
DQN,25,mid,1945,2945,0.09000000000000001,1.0,1.0,0.4305048882961273,0.00046197159099392593
DQN,25,mid,1946,2946,0.2088973891735077,3.0,3.0,0.4941021502017975,0.0004830460432761659
DQN,25,mid,1947,2947,0.16598494529724123,2.0,2.0,0.49493736028671265,0.0004032768920296803
DQN,25,mid,1948,2948,0.010581440925598151,3.0,3.0,0.4755393862724304,0.0005970973482665917
DQN,25,mid,1949,2949,0.26551892042160036,2.0,2.0,0.9312315583229065,0.0004584527632687241
DQN,25,mid,1950,2950,-0.08723582148551941,2.0,2.0,0.6135587692260742,0.000235393839830067
DQN,25,mid,1951,2951,0.09000000000000001,1.0,1.0,0.5261733531951904,0.0002501781564205885
DQN,25,mid,1952,2952,-0.001321656703948959,2.0,2.0,0.6969675421714783,0.0003211525472579524
DQN,25,mid,1953,2953,0.07249243736267091,2.0,2.0,0.6255558133125305,0.00044270553189562634
DQN,25,mid,1954,2954,0.12691624641418459,2.0,2.0,0.667026698589325,0.00034966842213179916
DQN,25,mid,1955,2955,0.23826702117919923,2.0,2.0,0.7905718684196472,0.00035748859954765067
DQN,25,mid,1956,2956,0.09000000000000001,1.0,1.0,0.18395330011844635,0.0005436706123873591
DQN,25,mid,1957,2957,-0.5705024182796479,10.0,2.0,0.4817744195461273,0.0016030212718760595
DQN,25,mid,1958,2958,0.09000000000000001,1.0,1.0,0.4902653694152832,0.0007362099131569266
DQN,25,mid,1959,2959,0.20659719586372377,2.0,2.0,0.3685274124145508,0.0011634228721959516
DQN,25,mid,1960,2960,0.09000000000000001,1.0,1.0,0.3502463698387146,0.00032123230630531907
DQN,25,mid,1961,2961,0.09027435064315797,2.0,2.0,0.8150769472122192,0.0015824557340238243
DQN,25,mid,1962,2962,0.09000000000000001,1.0,1.0,0.4395686984062195,0.0005841267993673682
DQN,25,mid,1963,2963,0.09000000000000001,1.0,1.0,0.14359106123447418,0.00046864114119671285
DQN,25,mid,1964,2964,0.059468941688537606,2.0,2.0,0.38292115926742554,0.0003323833952890709
DQN,25,mid,1965,2965,0.16652651309967043,2.0,2.0,0.7575282454490662,0.00048443487321492285
DQN,25,mid,1966,2966,0.04154760569334031,2.0,2.0,0.15284869074821472,0.0005204967455938458
DQN,25,mid,1967,2967,0.08001447439193726,3.0,3.0,0.9006802439689636,0.0035364877888544775
DQN,25,mid,1968,2968,0.3162611293792725,2.0,2.0,1.090967059135437,0.0003885795013047755
DQN,25,mid,1969,2969,0.09000000000000001,1.0,1.0,0.4846205413341522,0.0007100708899088204
DQN,25,mid,1970,2970,0.09000000000000001,1.0,1.0,0.49194028973579407,0.00040954831638373435
DQN,25,mid,1971,2971,0.15879995346069337,3.0,3.0,0.725718080997467,0.0006313824026923006
DQN,25,mid,1972,2972,0.09000000000000001,1.0,1.0,0.3935127258300781,0.0004960939986631274
DQN,25,mid,1973,2973,0.13775354802608492,2.0,2.0,0.21440617740154266,0.0007100191578501835
DQN,25,mid,1974,2974,0.09000000000000001,1.0,1.0,0.40090253949165344,0.0011803628876805305
DQN,25,mid,1975,2975,-0.5887620925903321,10.0,2.0,0.6235543489456177,0.0007189372961875051
DQN,25,mid,1976,2976,0.09000000000000001,1.0,1.0,0.40652480721473694,0.0006999989273026586
DQN,25,mid,1977,2977,0.26486595153808595,2.0,2.0,0.44824427366256714,0.0002946643508039415
DQN,25,mid,1978,2978,0.20261369824409486,2.0,2.0,0.38035592436790466,0.00022183590044733137
DQN,25,mid,1979,2979,0.09000000000000001,1.0,1.0,0.25135537981987,0.0002715507580433041
DQN,25,mid,1980,2980,0.0778044554591179,2.0,2.0,0.0958373174071312,0.00030732415325473994
DQN,25,mid,1981,2981,0.08249499082565309,2.0,2.0,0.6705212593078613,0.0012664282112382352
DQN,25,mid,1982,2982,0.09471829414367677,2.0,2.0,0.5462292432785034,0.00023815047461539507
DQN,25,mid,1983,2983,0.1328368949890137,2.0,2.0,0.40737491846084595,0.0006702650862280279
DQN,25,mid,1984,2984,0.2135468888282776,2.0,2.0,0.5523544549942017,0.00041991760372184217
DQN,25,mid,1985,2985,0.09000000000000001,1.0,1.0,0.8021479249000549,0.00040661031380295753
DQN,25,mid,1986,2986,-0.061196843385696406,6.0,5.0,0.4316326081752777,0.0005117703403811902
DQN,25,mid,1987,2987,0.16623504638671877,2.0,2.0,0.7641379237174988,0.00025211332103936
DQN,25,mid,1988,2988,0.050430433750152596,2.0,2.0,0.5546465516090393,0.0006053347169654444
DQN,25,mid,1989,2989,0.2087636661529541,3.0,3.0,0.6346773505210876,0.0005941043782513589
DQN,25,mid,1990,2990,0.006173101663589503,4.0,4.0,0.439685583114624,0.00039604016274097376
DQN,25,mid,1991,2991,0.1967714446783066,2.0,2.0,0.13931818306446075,0.005823100596899167
DQN,25,mid,1992,2992,0.3048419225215912,2.0,2.0,0.4200655519962311,0.0003427574993111193
DQN,25,mid,1993,2993,0.20698533177375794,3.0,3.0,0.45880404114723206,0.0003519512101775035
DQN,25,mid,1994,2994,0.09000000000000001,1.0,1.0,0.3477262854576111,0.0003903900505974889
DQN,25,mid,1995,2995,0.09000000000000001,1.0,1.0,0.32873964309692383,0.00027365671121515334
DQN,25,mid,1996,2996,0.08495999097824097,3.0,3.0,0.5971886515617371,0.0005680215933049718
DQN,25,mid,1997,2997,0.09893056929111482,2.0,2.0,0.22294840216636658,0.0004398846213007346
DQN,25,mid,1998,2998,0.09000000000000001,1.0,1.0,0.23751065135002136,0.0008740226621739566
DQN,25,mid,1999,2999,0.09000000000000001,1.0,1.0,0.6259742379188538,0.0003025472688023001
DQN,25,mid,2000,3000,0.09411973476409913,3.0,3.0,0.8611515164375305,0.0006488120416179299
