agent,seed,phase,local_episode,cumulative_episode,reward,steps,selected_regions,classification_loss,optimization_loss
DQN,5,mid,1,1001,0.047318564653396615,2.0,2.0,0.3521793484687805,0.00016549244901398197
DQN,5,mid,2,1002,0.05492977976799012,2.0,2.0,0.27096420526504517,0.0008707560918992385
DQN,5,mid,3,1003,0.15094198465347292,2.0,2.0,0.4359007477760315,0.0003369822952663526
DQN,5,mid,4,1004,0.0014978718757629461,3.0,3.0,0.8185175657272339,0.00024080573833392313
DQN,5,mid,5,1005,0.036605406999588024,3.0,2.0,0.2598249912261963,0.001085947888592879
DQN,5,mid,6,1006,-0.1389673852920532,4.0,3.0,0.8716215491294861,0.0003583530087780673
DQN,5,mid,7,1007,0.3628135395050049,3.0,3.0,0.664624810218811,0.00020418985999034098
DQN,5,mid,8,1008,-0.06095667004585266,2.0,2.0,0.5197985768318176,0.0002622966421768069
DQN,5,mid,9,1009,0.09000000000000001,1.0,1.0,1.124196171760559,0.0002553902450017631
DQN,5,mid,10,1010,-0.032676180601119986,4.0,3.0,0.4227099120616913,0.00029333723068702966
DQN,5,mid,11,1011,0.12475033283233644,2.0,2.0,0.5303410291671753,0.00022833846014691517
DQN,5,mid,12,1012,-0.043672134876251226,4.0,3.0,0.2875610888004303,0.00022280298799159937
DQN,5,mid,13,1013,0.09000000000000001,1.0,1.0,0.28867581486701965,0.00012867954501416534
DQN,5,mid,14,1014,-0.14414708852767943,4.0,3.0,0.28346961736679077,0.0001875678608485032
DQN,5,mid,15,1015,0.07785648822784423,3.0,3.0,0.6573575139045715,0.00032487759987513226
DQN,5,mid,16,1016,0.09000000000000001,1.0,1.0,0.5024716258049011,0.0004974895855411887
DQN,5,mid,17,1017,0.2286877202987671,2.0,2.0,0.8655152320861816,0.00028701273549813777
DQN,5,mid,18,1018,-0.06794190168380736,6.0,4.0,0.6937466859817505,0.00023058252312087765
DQN,5,mid,19,1019,0.06482337594032289,2.0,2.0,0.2219334989786148,0.00028037023002980277
DQN,5,mid,20,1020,0.09000000000000001,1.0,1.0,0.4536305367946625,0.00014096929226070642
DQN,5,mid,21,1021,0.1908178198337555,2.0,2.0,0.37569236755371094,0.00020408937416505069
DQN,5,mid,22,1022,0.0647119188308716,6.0,5.0,0.6938228011131287,0.0002088262238733781
DQN,5,mid,23,1023,0.09900815010070801,8.0,4.0,0.7769421339035034,0.0002193632535636425
DQN,5,mid,24,1024,0.09000000000000001,1.0,1.0,0.5330769419670105,0.00020532001508399844
DQN,5,mid,25,1025,0.09000000000000001,1.0,1.0,0.3063335418701172,0.0006553548155352473
DQN,5,mid,26,1026,0.10379468083381654,2.0,2.0,0.49320581555366516,0.00024028402549447492
DQN,5,mid,27,1027,0.09000000000000001,1.0,1.0,0.46550121903419495,0.0003669915604405105
DQN,5,mid,28,1028,0.16635592460632326,2.0,2.0,0.8290213942527771,0.0002089726840495132
DQN,5,mid,29,1029,-0.05605666160583496,2.0,2.0,0.3333108127117157,0.0007281380167114548
DQN,5,mid,30,1030,0.25499011754989626,2.0,2.0,0.872383177280426,0.00015088713553268462
DQN,5,mid,31,1031,0.29286535263061525,2.0,2.0,1.1663888692855835,0.00017464181655668654
DQN,5,mid,32,1032,-0.596361451148987,8.0,4.0,0.9706661105155945,0.00018383163023827365
DQN,5,mid,33,1033,0.09000000000000001,1.0,1.0,0.49990659952163696,0.0001712818630039692
DQN,5,mid,34,1034,-0.3354471755027771,7.0,3.0,1.1590369939804077,0.00022103194247132966
DQN,5,mid,35,1035,0.3922011649608612,4.0,3.0,0.40036746859550476,0.0002795996224449482
DQN,5,mid,36,1036,0.05834903001785279,2.0,2.0,0.3604174554347992,0.00014355740859173238
DQN,5,mid,37,1037,-0.19714621245861053,9.0,4.0,0.14974665641784668,0.0002766406913805339
DQN,5,mid,38,1038,0.1267052960395813,3.0,3.0,0.7291222214698792,0.00016766699748889854
DQN,5,mid,39,1039,0.10847440361976624,5.0,4.0,0.3248305320739746,0.00039530120266135783
DQN,5,mid,40,1040,0.0945559334754944,3.0,2.0,0.7371178269386292,0.0004882488089303176
DQN,5,mid,41,1041,0.14049495935440065,2.0,2.0,0.5617960691452026,0.0002854779449990019
DQN,5,mid,42,1042,0.09000000000000001,1.0,1.0,0.39136987924575806,0.00020250168745405972
DQN,5,mid,43,1043,-0.32147605419158937,10.0,4.0,0.6365172266960144,0.0003632034466136247
DQN,5,mid,44,1044,0.109240220785141,2.0,2.0,0.28694310784339905,0.0002810439036693424
DQN,5,mid,45,1045,0.0135687929391861,3.0,2.0,0.11905159801244736,0.00016111065148531148
DQN,5,mid,46,1046,0.09000000000000001,1.0,1.0,0.26221272349357605,0.0002813220489770174
DQN,5,mid,47,1047,0.09000000000000001,1.0,1.0,0.5630396008491516,6.411344656953588e-05
DQN,5,mid,48,1048,0.09000000000000001,1.0,1.0,0.8485752940177917,0.0001737872080411762
DQN,5,mid,49,1049,0.09000000000000001,1.0,1.0,0.6971087455749512,0.00016546908591408283
DQN,5,mid,50,1050,0.09000000000000001,1.0,1.0,0.9343694448471069,0.0001954861218109727
DQN,5,mid,51,1051,0.3237657117843628,2.0,2.0,0.7443240284919739,0.0003039865187020041
DQN,5,mid,52,1052,0.11916835784912111,2.0,2.0,0.8242157697677612,0.0005210879899095744
DQN,5,mid,53,1053,0.17754703521728515,4.0,4.0,0.8815603256225586,0.0022665289252472576
DQN,5,mid,54,1054,-0.05893576860427856,7.0,5.0,0.4012220799922943,0.0005056977430025914
DQN,5,mid,55,1055,0.09000000000000001,1.0,1.0,0.1471487432718277,0.00023001297086011618
DQN,5,mid,56,1056,0.09000000000000001,1.0,1.0,0.08281081914901733,0.0003279767697677016
DQN,5,mid,57,1057,0.09000000000000001,1.0,1.0,0.29266124963760376,0.0004902930813841522
DQN,5,mid,58,1058,0.061109271049499515,6.0,2.0,0.7423558831214905,0.0009406029712408781
DQN,5,mid,59,1059,-0.036284260749816874,3.0,3.0,0.6910671591758728,0.00035000735078938305
DQN,5,mid,60,1060,-0.015979248285293582,5.0,3.0,0.3339373767375946,0.0003303773351944983
DQN,5,mid,61,1061,0.22509617805480958,5.0,3.0,0.5072072744369507,0.00029619867564179003
DQN,5,mid,62,1062,0.06358672857284547,2.0,2.0,0.3056432902812958,0.0006653153250226751
DQN,5,mid,63,1063,0.0491393232345581,6.0,4.0,0.9743770360946655,0.0003873350069625303
DQN,5,mid,64,1064,0.09000000000000001,1.0,1.0,0.16943180561065674,0.0003063100157305598
DQN,5,mid,65,1065,0.09000000000000001,1.0,1.0,0.34632307291030884,0.0005369428545236588
DQN,5,mid,66,1066,0.019129347801208507,5.0,3.0,0.5734624266624451,0.00035299939336255195
DQN,5,mid,67,1067,-0.011277370452880839,3.0,3.0,0.8679858446121216,0.00042048383814593154
DQN,5,mid,68,1068,0.1610079574584961,2.0,2.0,0.6625452637672424,0.00022796365374233574
DQN,5,mid,69,1069,0.03678099989891053,2.0,2.0,0.39639684557914734,0.0005531307251658291
DQN,5,mid,70,1070,0.10983433008193971,2.0,2.0,0.6647796034812927,0.00034901569597423077
DQN,5,mid,71,1071,0.1097677516937256,2.0,2.0,0.6125413179397583,0.00041569552558939904
DQN,5,mid,72,1072,0.03557605504989624,4.0,3.0,0.34865644574165344,0.00020190536451991647
DQN,5,mid,73,1073,0.06611715435981752,2.0,2.0,0.24354200065135956,0.0003226997214369476
DQN,5,mid,74,1074,-0.194032301902771,9.0,4.0,1.037373423576355,0.00021593369617928855
DQN,5,mid,75,1075,0.43947019934654236,4.0,4.0,0.47932931780815125,0.00017720287360134535
DQN,5,mid,76,1076,0.06949270963668824,5.0,3.0,0.8224270939826965,0.00037276788789313285
DQN,5,mid,77,1077,-0.3940543234348297,10.0,3.0,0.44211843609809875,0.00020503191481111572
DQN,5,mid,78,1078,0.3690269756317139,2.0,2.0,0.7021929621696472,0.00022143591922940686
DQN,5,mid,79,1079,0.09000000000000001,1.0,1.0,0.889247715473175,0.00016306656470987946
DQN,5,mid,80,1080,0.09000000000000001,1.0,1.0,0.4687742292881012,0.00017854239558801055
DQN,5,mid,81,1081,0.09000000000000001,1.0,1.0,0.3757043778896332,0.00036895659286528826
DQN,5,mid,82,1082,0.13422997474670412,2.0,2.0,0.835274875164032,0.00018549155356595293
DQN,5,mid,83,1083,0.06229956626892091,2.0,2.0,0.18928691744804382,0.00021443642617668957
DQN,5,mid,84,1084,0.11145521879196169,2.0,2.0,0.6379749178886414,0.00012616054664249532
DQN,5,mid,85,1085,0.044962894916534435,5.0,3.0,0.9648885130882263,0.0002178913331590593
DQN,5,mid,86,1086,0.09000000000000001,1.0,1.0,0.6068632006645203,0.00046575660235248506
DQN,5,mid,87,1087,0.0445429801940918,5.0,3.0,0.6010440587997437,0.00027966073830612006
DQN,5,mid,88,1088,0.25586064338684084,2.0,2.0,0.7532263994216919,0.00013741166912950575
DQN,5,mid,89,1089,0.0704419779777527,2.0,2.0,0.5829769968986511,0.0001846434606704861
DQN,5,mid,90,1090,0.03003556728363037,5.0,3.0,0.772611141204834,0.00016839113377500325
DQN,5,mid,91,1091,-0.047700968980789196,6.0,4.0,0.35423585772514343,0.00023207036550350799
DQN,5,mid,92,1092,0.26964266777038576,2.0,2.0,0.502930760383606,0.0003742056724149734
DQN,5,mid,93,1093,0.11693407773971559,2.0,2.0,0.52344810962677,0.0002901139196183067
DQN,5,mid,94,1094,0.21603121042251588,2.0,2.0,0.6253437995910645,0.00023577496904181316
DQN,5,mid,95,1095,0.33114703178405763,2.0,2.0,0.2994410991668701,0.0027628759198705666
DQN,5,mid,96,1096,0.1596585690975189,5.0,5.0,0.400186687707901,0.00027687535621225836
DQN,5,mid,97,1097,-0.03160947322845459,6.0,4.0,1.097211241722107,0.0008127905675792135
DQN,5,mid,98,1098,0.09000000000000001,1.0,1.0,0.3640258014202118,0.00044924201210960746
DQN,5,mid,99,1099,-0.059962615966796876,6.0,3.0,0.5865802764892578,0.0003404899810751279
DQN,5,mid,100,1100,0.09000000000000001,1.0,1.0,0.2921563982963562,0.0002680670004338026
DQN,5,mid,101,1101,-0.034749073982238754,2.0,2.0,0.4506034553050995,0.0014061174006201327
DQN,5,mid,102,1102,0.21002978801727296,3.0,3.0,0.789465069770813,0.0003639602994856735
DQN,5,mid,103,1103,0.10660673856735231,2.0,2.0,0.6935046911239624,0.0003263932012487203
DQN,5,mid,104,1104,0.0697626543045044,3.0,3.0,0.20168420672416687,0.0002647888516852011
DQN,5,mid,105,1105,-0.03929182171821592,3.0,3.0,0.36977797746658325,0.0012312251201365143
DQN,5,mid,106,1106,0.17100406885147096,5.0,3.0,0.4517393112182617,0.00039313859888352455
DQN,5,mid,107,1107,-0.2397723078727722,10.0,4.0,0.9714331030845642,0.0004491739135119133
DQN,5,mid,108,1108,0.09000000000000001,1.0,1.0,0.7103986144065857,0.00020173873053863645
DQN,5,mid,109,1109,0.075392844080925,2.0,2.0,0.21240408718585968,0.00051190095837228
DQN,5,mid,110,1110,0.09000000000000001,1.0,1.0,0.19362898170948029,0.000381940946681425
DQN,5,mid,111,1111,0.11670504689216615,2.0,2.0,0.48260995745658875,0.0005117025575600564
DQN,5,mid,112,1112,0.2690242099761963,2.0,2.0,1.0436166524887085,0.0009582698112353683
DQN,5,mid,113,1113,0.03296192169189454,2.0,2.0,0.506314754486084,0.0003882633172906935
DQN,5,mid,114,1114,0.09000000000000001,1.0,1.0,0.6569170355796814,0.00023342791246250272
DQN,5,mid,115,1115,0.10432577848434449,3.0,3.0,0.48509687185287476,0.0003235872427467257
DQN,5,mid,116,1116,0.2001163959503174,5.0,4.0,0.7335234880447388,0.0003366919758263975
DQN,5,mid,117,1117,0.16300644397735597,3.0,2.0,0.31354445219039917,0.00037557596806436777
DQN,5,mid,118,1118,0.06970793724060059,3.0,3.0,1.041594386100769,0.0004211398190818727
DQN,5,mid,119,1119,0.04096610069274903,3.0,3.0,0.6082038283348083,0.00036485121624233824
DQN,5,mid,120,1120,0.0449929702281952,7.0,3.0,0.3022408187389374,0.0002969961642520502
DQN,5,mid,121,1121,0.09000000000000001,1.0,1.0,0.46560606360435486,0.00023569312179461122
DQN,5,mid,122,1122,-0.04272978782653809,3.0,3.0,0.7013583779335022,0.0002916775653526808
DQN,5,mid,123,1123,0.09000000000000001,1.0,1.0,0.14147533476352692,0.0002466174482833594
DQN,5,mid,124,1124,0.0369932246208191,3.0,2.0,0.7606114149093628,0.0003129581843192379
DQN,5,mid,125,1125,0.09000000000000001,1.0,1.0,0.11451292037963867,0.00016009430692065507
DQN,5,mid,126,1126,0.09000000000000001,1.0,1.0,0.38260897994041443,0.0002609268995001912
DQN,5,mid,127,1127,0.16222520351409914,2.0,2.0,0.9518150091171265,0.0007541835657320917
DQN,5,mid,128,1128,-0.47571823835372934,9.0,3.0,0.6922120451927185,0.0005070274799234337
DQN,5,mid,129,1129,0.09000000000000001,1.0,1.0,0.6365298628807068,0.00036380658275447786
DQN,5,mid,130,1130,0.05149884939193726,3.0,2.0,0.928933322429657,0.0003551722814639409
DQN,5,mid,131,1131,-0.009742846488952614,4.0,3.0,0.723174512386322,0.00047811643889872357
DQN,5,mid,132,1132,0.14535625457763673,2.0,2.0,0.5485340356826782,0.0003843338054139167
DQN,5,mid,133,1133,0.017765007019042975,4.0,2.0,0.49917030334472656,0.0003156475540890824
DQN,5,mid,134,1134,0.09000000000000001,1.0,1.0,0.16143643856048584,0.00036357398494146764
DQN,5,mid,135,1135,0.19445605516433717,6.0,3.0,0.8495973944664001,0.0005329893416880319
DQN,5,mid,136,1136,0.1873794960975647,2.0,2.0,0.5286431312561035,0.00038990279426798224
DQN,5,mid,137,1137,0.09000000000000001,1.0,1.0,0.13458605110645294,0.00033726380206644535
DQN,5,mid,138,1138,0.09000000000000001,1.0,1.0,0.25043541193008423,0.0005353857413865626
DQN,5,mid,139,1139,0.16713512897491456,4.0,3.0,0.5257425904273987,0.00038796825538156554
DQN,5,mid,140,1140,0.11630340099334718,2.0,2.0,0.4401077926158905,0.0002646542925504036
DQN,5,mid,141,1141,0.021833307743072516,3.0,3.0,0.14396490156650543,0.000600332457300586
DQN,5,mid,142,1142,0.09000000000000001,1.0,1.0,0.9517005085945129,0.0003228786226827651
DQN,5,mid,143,1143,0.09000000000000001,1.0,1.0,0.2511727511882782,0.0003526145010255277
DQN,5,mid,144,1144,0.17716409444808962,2.0,2.0,0.932743489742279,0.00038307455542963
DQN,5,mid,145,1145,0.20121145486831665,6.0,4.0,0.780917227268219,0.0002770767775170195
DQN,5,mid,146,1146,0.3443309736251831,3.0,3.0,0.7194005846977234,0.0003046419345385705
DQN,5,mid,147,1147,0.1023418176174164,2.0,2.0,0.4425661563873291,0.0003098130036960356
DQN,5,mid,148,1148,0.13352339148521425,2.0,2.0,0.11494500935077667,0.0004260340501787141
DQN,5,mid,149,1149,0.09000000000000001,1.0,1.0,0.18364372849464417,0.0002455068752169609
DQN,5,mid,150,1150,0.11490429162979127,3.0,3.0,0.5637176632881165,0.00021546103622919569
DQN,5,mid,151,1151,0.23518209338188173,2.0,2.0,0.3986940085887909,0.00018170118710258976
DQN,5,mid,152,1152,0.1892847216129303,4.0,3.0,0.2677462100982666,0.00030847259404254146
DQN,5,mid,153,1153,0.11502601385116579,2.0,2.0,0.5502306818962097,0.00017708633095026016
DQN,5,mid,154,1154,0.2668303716182709,2.0,2.0,0.4349729120731354,0.00023072517069522291
DQN,5,mid,155,1155,0.045931177139282235,2.0,2.0,0.3092863857746124,0.0002510319682187401
DQN,5,mid,156,1156,0.07477319419384004,2.0,2.0,0.25450196862220764,0.00024144695635186508
DQN,5,mid,157,1157,0.28853458881378174,3.0,3.0,0.4358377456665039,0.0003826044315549855
DQN,5,mid,158,1158,0.08572847366333008,3.0,3.0,0.6991372108459473,0.0003589431192570676
DQN,5,mid,159,1159,-0.06470876216888426,3.0,3.0,0.5965160131454468,0.0002494660099425043
DQN,5,mid,160,1160,-0.05252885818481444,5.0,4.0,0.9135575294494629,0.0002545620867749676
DQN,5,mid,161,1161,0.18748091340065004,2.0,2.0,0.46729812026023865,0.00025459215976297855
DQN,5,mid,162,1162,0.19840986251831055,3.0,3.0,0.6838690042495728,0.00027585388549293083
DQN,5,mid,163,1163,0.09000000000000001,1.0,1.0,0.4258434772491455,0.0002593578537926078
DQN,5,mid,164,1164,0.13505102872848512,2.0,2.0,0.5495651364326477,0.00021670024580089375
DQN,5,mid,165,1165,0.09000000000000001,1.0,1.0,0.22358576953411102,0.00015054145478643477
DQN,5,mid,166,1166,0.16829647302627565,2.0,2.0,0.6639308929443359,0.0005986441974528134
DQN,5,mid,167,1167,-0.023039159774780257,6.0,4.0,0.6307654976844788,0.00022182138733721027
DQN,5,mid,168,1168,-0.09802700281143185,5.0,5.0,0.7825413942337036,0.0002248352364404127
DQN,5,mid,169,1169,0.16445780754089356,4.0,3.0,0.8080135583877563,0.00042331247095717117
DQN,5,mid,170,1170,0.0370465111732483,3.0,2.0,0.5645832419395447,0.00011690235987771302
DQN,5,mid,171,1171,0.061565411090850834,5.0,3.0,0.9656979441642761,0.00018577959563117474
DQN,5,mid,172,1172,0.06536741733551027,2.0,2.0,0.36281999945640564,0.0002509230325813405
DQN,5,mid,173,1173,0.038454164266586315,3.0,2.0,0.33169475197792053,0.0007572208220760027
DQN,5,mid,174,1174,-0.28249875545501707,9.0,3.0,0.6897034049034119,0.00037131308959538326
DQN,5,mid,175,1175,0.03905524492263795,2.0,2.0,0.6965996623039246,0.00018163594359066337
DQN,5,mid,176,1176,-0.08470471292734146,4.0,2.0,0.14224036037921906,0.0003237092914787354
DQN,5,mid,177,1177,0.22908635616302492,2.0,2.0,0.515142023563385,0.0005212891555856913
DQN,5,mid,178,1178,0.05675154089927674,4.0,2.0,0.34140974283218384,0.0003293548506917432
DQN,5,mid,179,1179,0.09000000000000001,1.0,1.0,0.16192340850830078,0.0002452886838000268
DQN,5,mid,180,1180,0.09000000000000001,1.0,1.0,0.23764434456825256,0.0002676800941117108
DQN,5,mid,181,1181,0.054416276216506965,3.0,3.0,0.2908668518066406,0.0002992173540405929
DQN,5,mid,182,1182,-0.07823926925659179,7.0,5.0,0.316070020198822,0.00031843972932879945
DQN,5,mid,183,1183,0.09000000000000001,1.0,1.0,0.7916817665100098,0.00045261357445269823
DQN,5,mid,184,1184,0.050472278594970714,3.0,2.0,0.6256404519081116,0.0001944326504599303
DQN,5,mid,185,1185,0.10071315050125124,2.0,2.0,0.7463922500610352,0.0004269853379810229
DQN,5,mid,186,1186,0.004836449623107905,4.0,3.0,0.6600778698921204,0.00033047658143914305
DQN,5,mid,187,1187,0.183468656539917,2.0,2.0,0.39122697710990906,0.0002478007590980269
DQN,5,mid,188,1188,0.17157305955886842,2.0,2.0,0.428757905960083,0.0002514399675419554
DQN,5,mid,189,1189,0.30445117473602296,3.0,3.0,0.9363652467727661,0.00030464393300159526
DQN,5,mid,190,1190,0.1584983539581299,3.0,3.0,0.7029873728752136,0.00048332748216732096
DQN,5,mid,191,1191,0.1033371090888977,5.0,4.0,0.6437510251998901,0.00033454708172939716
DQN,5,mid,192,1192,-0.04566970229148866,6.0,4.0,0.33072757720947266,0.000266443174041342
DQN,5,mid,193,1193,0.10053943276405336,2.0,2.0,0.2549265921115875,0.0004182291013421491
DQN,5,mid,194,1194,-0.08206437349319458,2.0,2.0,0.9370994567871094,0.00024962065799627453
DQN,5,mid,195,1195,0.03608079433441163,2.0,2.0,0.7268968224525452,0.00031847640639171004
DQN,5,mid,196,1196,-0.08237305045127867,6.0,4.0,0.45134979486465454,0.00047545350874618936
DQN,5,mid,197,1197,0.1738433313369751,3.0,3.0,0.8500223755836487,0.0002969631168525666
DQN,5,mid,198,1198,-0.7115184962749483,10.0,3.0,0.6597722768783569,0.00025463420315645634
DQN,5,mid,199,1199,0.09000000000000001,1.0,1.0,0.8437889218330383,0.00026638852432370186
DQN,5,mid,200,1200,-0.0017082595825195085,4.0,3.0,0.8727964162826538,0.0003279465963714756
DQN,5,mid,201,1201,0.19121552228927613,3.0,3.0,0.3434842526912689,0.00033143595889365923
DQN,5,mid,202,1202,-0.048599481880664805,3.0,3.0,0.2426971048116684,0.00044305273816765595
DQN,5,mid,203,1203,0.09000000000000001,1.0,1.0,0.2454361617565155,0.00027354678604751825
DQN,5,mid,204,1204,0.09000000000000001,1.0,1.0,0.16578225791454315,0.00021895923418924212
DQN,5,mid,205,1205,-0.04189828991889956,6.0,5.0,0.48538416624069214,0.00032093963939890574
DQN,5,mid,206,1206,0.3306756091117859,3.0,3.0,0.8119356036186218,0.00047981695873507607
DQN,5,mid,207,1207,0.09000000000000001,1.0,1.0,0.256508469581604,0.00029618959524668753
DQN,5,mid,208,1208,0.10595698833465578,2.0,2.0,1.0946686267852783,0.00016989106370601803
DQN,5,mid,209,1209,0.1381980800628662,6.0,4.0,0.7085368037223816,0.0003333138641513263
DQN,5,mid,210,1210,0.04981512546539307,3.0,3.0,0.6790593862533569,0.0004858208364263798
DQN,5,mid,211,1211,0.08093992054462434,2.0,2.0,0.23251254856586456,0.0002227605291409418
DQN,5,mid,212,1212,-0.22209285974502563,3.0,3.0,0.6827698945999146,0.000266723771346733
DQN,5,mid,213,1213,0.03054649591445923,4.0,3.0,0.6990700960159302,0.00024323911929968745
DQN,5,mid,214,1214,0.09000000000000001,1.0,1.0,0.5714306235313416,0.00046401130384765565
DQN,5,mid,215,1215,0.03590823143720628,2.0,2.0,0.12255001068115234,0.0002951991045847535
DQN,5,mid,216,1216,0.026183443069458023,2.0,2.0,0.6506093144416809,0.0002101677455357276
DQN,5,mid,217,1217,-0.017142765522003167,3.0,3.0,0.88941490650177,0.0003522913223908593
DQN,5,mid,218,1218,0.06458801746368409,3.0,3.0,0.6340261101722717,0.00020586690273679173
DQN,5,mid,219,1219,0.09000000000000001,1.0,1.0,0.6172028183937073,0.0002419114316580817
DQN,5,mid,220,1220,0.14700242042541503,4.0,2.0,0.49202078580856323,0.00025323174850200303
DQN,5,mid,221,1221,-0.1596097707748413,5.0,2.0,0.21349158883094788,0.00022575971961487086
DQN,5,mid,222,1222,0.08028979063034059,4.0,3.0,0.4470334053039551,0.00021504281721718144
DQN,5,mid,223,1223,-0.05508398056030271,4.0,3.0,0.36925458908081055,0.0004122815153095871
DQN,5,mid,224,1224,0.1593857777118683,3.0,3.0,0.48943838477134705,0.00032081622096787515
DQN,5,mid,225,1225,0.05728183865547181,2.0,2.0,0.38898828625679016,0.0004514035827014595
DQN,5,mid,226,1226,0.048053015470504765,3.0,2.0,0.44958919286727905,0.00028818064553585526
DQN,5,mid,227,1227,0.07689012765884401,2.0,2.0,0.377210408449173,0.0003290350141469389
DQN,5,mid,228,1228,0.01282079935073853,3.0,2.0,0.3608326315879822,0.00019055745603206256
DQN,5,mid,229,1229,0.06962306976318361,2.0,2.0,0.7234796285629272,0.0002451012551318854
DQN,5,mid,230,1230,0.024486947059631337,10.0,4.0,1.365281105041504,0.00025269174511777237
DQN,5,mid,231,1231,-0.13893444776535036,9.0,6.0,0.8610573410987854,0.0004072678986833327
DQN,5,mid,232,1232,0.1837731468677521,2.0,2.0,0.24375200271606445,0.00020965206203982234
DQN,5,mid,233,1233,0.16878111839294435,2.0,2.0,0.9930124282836914,0.0003752918491954915
DQN,5,mid,234,1234,0.07190359592437745,4.0,3.0,0.8453965187072754,0.0008689000169397332
DQN,5,mid,235,1235,-0.0992481517791748,3.0,2.0,0.8483110666275024,0.00035257286314542097
DQN,5,mid,236,1236,0.24118860244750978,2.0,2.0,0.45369964838027954,0.0002980178251164034
DQN,5,mid,237,1237,0.09000000000000001,1.0,1.0,0.6438204646110535,0.00037258886732161045
DQN,5,mid,238,1238,0.15814802765846253,3.0,3.0,0.22611236572265625,0.00043139062472619116
DQN,5,mid,239,1239,0.1830291247367859,4.0,3.0,0.557487428188324,0.0004779789232998155
DQN,5,mid,240,1240,0.09000000000000001,1.0,1.0,1.1279990673065186,0.0004059626371599734
DQN,5,mid,241,1241,0.06207896232604981,4.0,3.0,0.7131291031837463,0.00034754263469949365
DQN,5,mid,242,1242,0.07266973137855531,2.0,2.0,0.3331760764122009,0.000499233923619613
DQN,5,mid,243,1243,0.1465862560272217,2.0,2.0,0.43385475873947144,0.0003587415558286011
DQN,5,mid,244,1244,-0.060945044755935665,3.0,2.0,0.3454074263572693,0.00026071526129574824
DQN,5,mid,245,1245,-0.07017271280288696,6.0,3.0,0.7383450865745544,0.00041526964681300643
DQN,5,mid,246,1246,0.10032749891281129,3.0,3.0,0.9829031825065613,0.0003403328300919384
DQN,5,mid,247,1247,0.1932956075668335,4.0,3.0,0.562794029712677,0.0002797901433950756
DQN,5,mid,248,1248,-0.31942936182022097,10.0,5.0,0.5274948477745056,0.00048248940147459506
DQN,5,mid,249,1249,0.0293396282196045,2.0,2.0,0.3308420181274414,0.0001740946972859092
DQN,5,mid,250,1250,-0.0822495222091675,5.0,4.0,0.29478684067726135,0.00025680184189695864
DQN,5,mid,251,1251,0.09000000000000001,1.0,1.0,0.2564754784107208,0.0004771362873725593
DQN,5,mid,252,1252,0.1500394320487976,4.0,4.0,0.36076289415359497,0.00023971185510163195
DQN,5,mid,253,1253,-0.28582091331481935,10.0,4.0,1.283097267150879,0.000388630767702125
DQN,5,mid,254,1254,0.04336494922637941,3.0,3.0,0.582419216632843,0.0002159774060904359
DQN,5,mid,255,1255,0.23518497467041016,3.0,3.0,0.6652398705482483,0.00030592041245351237
DQN,5,mid,256,1256,0.09000000000000001,1.0,1.0,0.20022785663604736,0.0001921272778417915
DQN,5,mid,257,1257,0.09000000000000001,1.0,1.0,0.4628247618675232,0.00024485273752361536
DQN,5,mid,258,1258,0.046625871658325206,3.0,2.0,0.2589050829410553,0.0005531142232939601
DQN,5,mid,259,1259,0.06525071144104005,2.0,2.0,0.5757755637168884,0.0003934300475521013
DQN,5,mid,260,1260,0.09000000000000001,1.0,1.0,0.790706217288971,0.00032484595431014895
DQN,5,mid,261,1261,0.2886484932899475,3.0,3.0,0.9127307534217834,0.00021355828600159535
DQN,5,mid,262,1262,-0.03672001600265502,4.0,2.0,0.5536202192306519,0.00037976673775119707
DQN,5,mid,263,1263,0.025027202963829057,6.0,4.0,0.2437102049589157,0.0004817503674227434
DQN,5,mid,264,1264,0.18580390691757204,2.0,2.0,0.41896313428878784,0.0001369016827084124
DQN,5,mid,265,1265,0.13029784679412842,3.0,3.0,0.5482034683227539,0.00023365572754604122
DQN,5,mid,266,1266,0.09000000000000001,1.0,1.0,0.43300744891166687,0.0003746799484360963
DQN,5,mid,267,1267,0.07140274524688722,2.0,2.0,0.6101101040840149,0.0002635773198562674
DQN,5,mid,268,1268,0.044415907859802255,2.0,2.0,0.5209763646125793,0.00020997571118641645
DQN,5,mid,269,1269,0.0019536805152893105,3.0,2.0,0.780757486820221,0.0003594993856192256
DQN,5,mid,270,1270,0.09000000000000001,1.0,1.0,0.5368174910545349,6.307477451628074e-05
DQN,5,mid,271,1271,0.09000000000000001,1.0,1.0,0.5459433794021606,0.0001474371674703434
DQN,5,mid,272,1272,0.10692732214927675,2.0,2.0,0.3259335160255432,0.00023827498080208898
DQN,5,mid,273,1273,0.09000000000000001,1.0,1.0,0.31089434027671814,0.0001476474426453933
DQN,5,mid,274,1274,-0.48829500675201415,10.0,2.0,1.0641443729400635,0.0004728583837277256
DQN,5,mid,275,1275,0.05263996839523316,3.0,3.0,0.735040545463562,0.0004324827071589728
DQN,5,mid,276,1276,0.00392479419708254,3.0,3.0,0.593654453754425,0.0003435644224130859
DQN,5,mid,277,1277,0.047970421314239516,8.0,4.0,0.9267973303794861,0.0003150718766846694
DQN,5,mid,278,1278,0.09000000000000001,1.0,1.0,0.5721175074577332,0.0005188275245018303
DQN,5,mid,279,1279,0.17753534197807314,2.0,2.0,0.251149982213974,0.00021693431335734203
DQN,5,mid,280,1280,-0.01153908252716064,3.0,2.0,0.9924339652061462,0.0011550095029330503
DQN,5,mid,281,1281,-0.011722505390644067,3.0,3.0,0.16573166847229004,0.0005211137273969749
DQN,5,mid,282,1282,0.1392283606529236,2.0,2.0,0.8142041563987732,0.0004055933386553079
DQN,5,mid,283,1283,0.09000000000000001,1.0,1.0,0.20030789077281952,0.00019960380450356752
DQN,5,mid,284,1284,-0.11551653385162354,4.0,3.0,0.8285413980484009,0.00037181092193350196
DQN,5,mid,285,1285,0.11784762859344483,3.0,3.0,0.8150601983070374,0.0001851308043114841
DQN,5,mid,286,1286,0.03324933528900147,2.0,2.0,0.702405571937561,0.0011423105315770954
DQN,5,mid,287,1287,0.08139337778091432,2.0,2.0,0.6166968941688538,0.0002642948238644749
DQN,5,mid,288,1288,-0.4919542670249939,10.0,3.0,0.8981326222419739,0.000759950774954632
DQN,5,mid,289,1289,0.2602507042884827,2.0,2.0,0.796099066734314,0.00022518722107633948
DQN,5,mid,290,1290,-0.2613873791694641,7.0,2.0,0.5242136716842651,0.00040342947717622986
DQN,5,mid,291,1291,-0.11123245954513551,5.0,4.0,0.9100096821784973,0.0003145533963106573
DQN,5,mid,292,1292,0.07935275316238405,2.0,2.0,0.741036593914032,0.00024808513262541965
DQN,5,mid,293,1293,0.0670320987701416,5.0,4.0,0.553881049156189,0.00024284932733280583
DQN,5,mid,294,1294,0.03011368393898011,2.0,2.0,0.33234140276908875,0.000364162158803083
DQN,5,mid,295,1295,0.15485294342041017,2.0,2.0,0.8008832931518555,0.00020378171029733494
DQN,5,mid,296,1296,0.1155584454536438,5.0,4.0,0.6650424599647522,0.00040639550716150554
DQN,5,mid,297,1297,-0.06406681060791015,7.0,3.0,0.9117225408554077,0.0005144961344610367
DQN,5,mid,298,1298,0.09000000000000001,1.0,1.0,0.28463372588157654,0.00022032327251508832
DQN,5,mid,299,1299,0.37121731758117676,3.0,3.0,1.0728570222854614,0.00045349201051673543
DQN,5,mid,300,1300,0.09000000000000001,1.0,1.0,0.4442311227321625,0.00030754361068829894
DQN,5,mid,301,1301,-0.05645395874977112,6.0,3.0,0.4306654632091522,0.0003043263689808858
DQN,5,mid,302,1302,-0.050045421123504616,4.0,3.0,0.7514687776565552,0.00044144697312731296
DQN,5,mid,303,1303,0.20814694643020631,2.0,2.0,0.4880506992340088,0.00029123371496098116
DQN,5,mid,304,1304,0.14973694801330567,3.0,3.0,0.816496729850769,0.0003171709249727428
DQN,5,mid,305,1305,-0.3067202377319336,8.0,3.0,0.42472410202026367,0.00023907934701128397
DQN,5,mid,306,1306,0.17188684940338134,5.0,5.0,0.6930182576179504,0.0002382489707088098
DQN,5,mid,307,1307,0.2825856876373291,3.0,3.0,0.547118067741394,0.00025887639397600043
DQN,5,mid,308,1308,-0.5330696702003479,10.0,3.0,1.009395956993103,0.0005939875351032242
DQN,5,mid,309,1309,0.003650853633880638,4.0,3.0,0.6996169686317444,0.00046084267160040326
DQN,5,mid,310,1310,0.0782503652572632,2.0,2.0,0.6444107890129089,0.0003732454060809687
DQN,5,mid,311,1311,0.09000000000000001,1.0,1.0,1.1301095485687256,0.00024294097966048867
DQN,5,mid,312,1312,-0.06904752373695373,2.0,2.0,0.6326329112052917,0.00021028464834671468
DQN,5,mid,313,1313,0.09000000000000001,1.0,1.0,0.256360799074173,0.00029527689912356436
DQN,5,mid,314,1314,-0.23066832900047302,8.0,4.0,0.3529053032398224,0.0004271333800716093
DQN,5,mid,315,1315,0.050530796051025395,7.0,4.0,0.976620078086853,0.0005201720798920308
DQN,5,mid,316,1316,0.004153270721435551,3.0,2.0,0.8589764833450317,0.00036118985250747454
DQN,5,mid,317,1317,0.06289707303047182,2.0,2.0,0.3565618693828583,0.00033606402575969696
DQN,5,mid,318,1318,0.09000000000000001,1.0,1.0,0.12375468760728836,0.00034604244865477085
DQN,5,mid,319,1319,0.09000000000000001,1.0,1.0,0.37092727422714233,0.00031951480195857584
DQN,5,mid,320,1320,0.133937611579895,6.0,3.0,1.1123933792114258,0.000255083015266185
DQN,5,mid,321,1321,0.09000000000000001,1.0,1.0,0.20644627511501312,0.00024658668553456664
DQN,5,mid,322,1322,-0.5499443054199219,10.0,5.0,0.5598697662353516,0.00028592280286829916
DQN,5,mid,323,1323,-0.023726610541343673,2.0,2.0,0.2997547686100006,0.0003326915903016925
DQN,5,mid,324,1324,0.09000000000000001,1.0,1.0,0.5717898011207581,0.00037213036557659507
DQN,5,mid,325,1325,0.18688750982284547,3.0,3.0,0.6219640374183655,0.000611548088879014
DQN,5,mid,326,1326,0.1592372226715088,2.0,2.0,0.6912602782249451,0.00030603716732002795
DQN,5,mid,327,1327,0.0567213296890259,5.0,4.0,1.0547525882720947,0.00023473855544580146
DQN,5,mid,328,1328,0.08128287315368653,3.0,2.0,0.5776544809341431,0.0001676425114662076
DQN,5,mid,329,1329,-0.11123347878456115,5.0,2.0,0.502465546131134,0.000284450885374099
DQN,5,mid,330,1330,0.01134258747100833,6.0,4.0,0.6222918629646301,0.00031801917308863875
DQN,5,mid,331,1331,0.012520866394042984,2.0,2.0,0.6551222801208496,0.00017892574032885022
DQN,5,mid,332,1332,0.30943912982940674,3.0,3.0,0.6783356070518494,0.00029628415844247985
DQN,5,mid,333,1333,0.016094036102294942,3.0,3.0,0.7996039986610413,0.0004481597134144977
DQN,5,mid,334,1334,0.2680840063095093,2.0,2.0,0.5157234072685242,0.00041901477379724383
DQN,5,mid,335,1335,0.02267116487026216,2.0,2.0,0.25623732805252075,0.00044308386713964865
DQN,5,mid,336,1336,-0.0026138305664062528,5.0,3.0,0.6038879752159119,0.0003047041711397469
DQN,5,mid,337,1337,0.09000000000000001,1.0,1.0,0.4263130724430084,0.0008786562830209732
DQN,5,mid,338,1338,0.006709463596344001,3.0,3.0,0.24067436158657074,0.000125408647969986
DQN,5,mid,339,1339,-0.05331834197044373,4.0,3.0,0.35476353764533997,0.00029612501748488285
DQN,5,mid,340,1340,-0.11046778440475462,3.0,3.0,0.5346804857254028,0.0002776869368972257
DQN,5,mid,341,1341,0.09000000000000001,1.0,1.0,0.2068529576063156,0.0001762472529662773
DQN,5,mid,342,1342,0.11284278512001039,2.0,2.0,0.4391264319419861,0.00023273484111996368
DQN,5,mid,343,1343,0.057010660171508805,9.0,4.0,0.7475395202636719,0.00026844691536906693
DQN,5,mid,344,1344,0.1041665840148926,2.0,2.0,0.364321768283844,0.00017844892136054114
DQN,5,mid,345,1345,0.09000000000000001,1.0,1.0,0.8581748604774475,0.00038034399040043354
DQN,5,mid,346,1346,0.0692284893989563,3.0,2.0,0.927317202091217,0.0001094457281093734
DQN,5,mid,347,1347,0.09000000000000001,1.0,1.0,0.45585545897483826,0.0003287714789621532
DQN,5,mid,348,1348,0.02737779378890992,4.0,3.0,0.700005054473877,0.0005029031017329544
DQN,5,mid,349,1349,-0.04997105181217194,3.0,3.0,0.2842654883861542,0.0003730504831764847
DQN,5,mid,350,1350,0.09000000000000001,1.0,1.0,0.8894112706184387,0.0003370855120010674
DQN,5,mid,351,1351,0.13799083411693575,2.0,2.0,0.18285420536994934,0.00041064487595576793
DQN,5,mid,352,1352,0.09000000000000001,1.0,1.0,0.589360773563385,0.0001583004486747086
DQN,5,mid,353,1353,0.09000000000000001,1.0,1.0,0.5028567314147949,0.00015828621690161526
DQN,5,mid,354,1354,0.2037636208534241,2.0,2.0,0.6687841415405273,0.00030461125425063074
DQN,5,mid,355,1355,0.09000000000000001,1.0,1.0,0.2595943510532379,0.0006571178673766553
DQN,5,mid,356,1356,-0.26471356391906736,9.0,3.0,0.6429911255836487,0.0003585120543397756
DQN,5,mid,357,1357,0.09005420088768007,2.0,2.0,0.4089638888835907,0.0012617255561053753
DQN,5,mid,358,1358,0.09000000000000001,1.0,1.0,0.8518756031990051,0.0004660018894355744
DQN,5,mid,359,1359,0.03983475446701051,2.0,2.0,0.31033483147621155,0.00029594086663564667
DQN,5,mid,360,1360,0.09000000000000001,1.0,1.0,0.05472918227314949,0.00024383448180742562
DQN,5,mid,361,1361,0.2001116442680359,2.0,2.0,0.5654028654098511,0.0006136252777650952
DQN,5,mid,362,1362,0.07644744396209718,2.0,2.0,0.3282721936702728,0.000973343790974468
DQN,5,mid,363,1363,-0.08955016314983368,3.0,2.0,0.2636984884738922,0.00047874388595422107
DQN,5,mid,364,1364,0.033209244012832644,4.0,3.0,0.1817026138305664,0.0005783047381555662
DQN,5,mid,365,1365,0.06380176723003389,2.0,2.0,0.17430412769317627,0.00034961244091391563
DQN,5,mid,366,1366,-0.03411815404891967,4.0,2.0,0.42261943221092224,0.0004735126130981371
DQN,5,mid,367,1367,0.2581206727027893,2.0,2.0,0.7219610810279846,0.00028951761487405747
DQN,5,mid,368,1368,0.3778671097755432,3.0,3.0,0.8021087050437927,0.00026603860897012055
DQN,5,mid,369,1369,0.09000000000000001,1.0,1.0,0.14335997402668,0.00034032543771900237
DQN,5,mid,370,1370,0.01093231201171875,9.0,6.0,0.8031404614448547,0.0002475822693668306
DQN,5,mid,371,1371,-0.007198177576065043,3.0,3.0,0.4386531710624695,0.00021365685582471391
DQN,5,mid,372,1372,0.1659719514846802,2.0,2.0,0.5817087888717651,0.00026841089129447937
DQN,5,mid,373,1373,0.2778999876976013,3.0,3.0,0.6586900949478149,0.00030301724715779227
DQN,5,mid,374,1374,-0.07068914175033572,10.0,3.0,0.8440350890159607,0.0006597737447009422
DQN,5,mid,375,1375,-0.5828354358673096,10.0,3.0,1.1004283428192139,0.00037758169492008165
DQN,5,mid,376,1376,0.24510033607482912,2.0,2.0,0.7950968146324158,0.000627964960585814
DQN,5,mid,377,1377,0.04037303686141968,4.0,3.0,0.20950105786323547,0.00037335573142627254
DQN,5,mid,378,1378,0.09000000000000001,1.0,1.0,0.12580320239067078,0.0003110916877631098
DQN,5,mid,379,1379,0.19877602577209474,3.0,2.0,0.746878445148468,0.00031221023042841506
DQN,5,mid,380,1380,-0.03744671821594238,3.0,2.0,0.5644557476043701,0.00041271018562838435
DQN,5,mid,381,1381,0.0866128969192505,2.0,2.0,0.8503904342651367,0.0008688390662427992
DQN,5,mid,382,1382,0.09000000000000001,1.0,1.0,0.111153744161129,0.000334612384904176
DQN,5,mid,383,1383,0.17973142862319946,5.0,4.0,0.7010863423347473,0.0004917698854114861
DQN,5,mid,384,1384,0.09000000000000001,1.0,1.0,0.3948483467102051,0.0017967276507988572
DQN,5,mid,385,1385,-0.006211323738098129,2.0,2.0,0.26804378628730774,0.00024585901701357216
DQN,5,mid,386,1386,0.1428963112831116,2.0,2.0,0.5363354086875916,0.0002649609959917143
DQN,5,mid,387,1387,-0.24391071081161497,8.0,3.0,0.6321395635604858,0.00031442250656255055
DQN,5,mid,388,1388,0.0509672236442566,3.0,3.0,0.9047178626060486,0.00033962663534718257
DQN,5,mid,389,1389,0.09000000000000001,1.0,1.0,0.828399121761322,0.0002565037284512073
DQN,5,mid,390,1390,0.17166955947875978,2.0,2.0,0.9005462527275085,0.0002309059418621473
DQN,5,mid,391,1391,0.09000000000000001,1.0,1.0,0.5786882042884827,0.0003280623641330749
DQN,5,mid,392,1392,0.1399967885017395,4.0,2.0,0.81967693567276,0.00027879686967935413
DQN,5,mid,393,1393,0.28158607006073,3.0,2.0,0.5511617064476013,0.0003048332097629706
DQN,5,mid,394,1394,0.09000000000000001,1.0,1.0,0.12065815925598145,0.0005238818703219295
DQN,5,mid,395,1395,-0.2067278504371643,10.0,4.0,0.6633081436157227,0.00034715422807494176
DQN,5,mid,396,1396,0.22406496286392213,2.0,2.0,0.794822096824646,0.0002553426311351359
DQN,5,mid,397,1397,0.09000000000000001,1.0,1.0,0.09899978339672089,0.0003106307704001665
DQN,5,mid,398,1398,-0.49495247840881357,9.0,3.0,0.6945716738700867,0.00034628250836653426
DQN,5,mid,399,1399,-0.24614806175231935,10.0,4.0,0.5243027806282043,0.000366679071157705
DQN,5,mid,400,1400,0.07722908973693848,3.0,3.0,0.7238962054252625,0.0003490336239337921
DQN,5,mid,401,1401,0.3811663556098938,2.0,2.0,0.5467807650566101,0.00045827381836716086
DQN,5,mid,402,1402,-0.46638277053833005,8.0,2.0,0.9884284138679504,0.0003855980176012963
DQN,5,mid,403,1403,0.16529364109039307,3.0,3.0,0.7172127366065979,0.0002679450602348273
DQN,5,mid,404,1404,0.16217845678329468,5.0,4.0,0.8574158549308777,0.00029181474528741094
DQN,5,mid,405,1405,0.09000000000000001,1.0,1.0,0.5093868374824524,0.0002138444979209453
DQN,5,mid,406,1406,0.10066570520401003,2.0,2.0,0.6712732315063477,0.0011897670774487779
DQN,5,mid,407,1407,0.09000000000000001,1.0,1.0,0.1645059883594513,0.00015671983419451863
DQN,5,mid,408,1408,0.09000000000000001,1.0,1.0,0.9959202408790588,0.00022629887098446488
DQN,5,mid,409,1409,0.20667524814605714,2.0,2.0,0.9605884552001953,0.0005492753116413951
DQN,5,mid,410,1410,0.29073493361473085,2.0,2.0,0.43118271231651306,0.0003628508566180244
DQN,5,mid,411,1411,0.09000000000000001,1.0,1.0,0.7656323313713074,0.0002862245892174542
DQN,5,mid,412,1412,0.08772455334663393,2.0,2.0,0.2243817299604416,0.0008352952427230775
DQN,5,mid,413,1413,0.09000000000000001,1.0,1.0,0.7682075500488281,0.0002753213339019567
DQN,5,mid,414,1414,0.09000000000000001,1.0,1.0,0.4417244493961334,0.000488557736389339
DQN,5,mid,415,1415,0.13691745877265932,2.0,2.0,0.3194247782230377,0.00029988841561134905
DQN,5,mid,416,1416,0.16596938848495485,2.0,2.0,0.3158981502056122,0.002723347890423611
DQN,5,mid,417,1417,0.2938647937774658,3.0,3.0,0.6097626090049744,0.0004898084443993866
DQN,5,mid,418,1418,0.21734429359436036,4.0,3.0,0.8623496294021606,0.001009481173241511
DQN,5,mid,419,1419,0.18095912218093874,2.0,2.0,0.6951943039894104,0.0003130071272607893
DQN,5,mid,420,1420,-0.17364606142044064,8.0,2.0,0.8036308288574219,0.0023631689764442854
DQN,5,mid,421,1421,0.16322858810424806,2.0,2.0,0.5408708453178406,0.00079974380787462
DQN,5,mid,422,1422,0.12442517995834351,3.0,3.0,0.7968379855155945,0.004844217677600682
DQN,5,mid,423,1423,0.1911852550506592,3.0,2.0,0.5612589120864868,0.0008725428100054463
DQN,5,mid,424,1424,0.23903865337371827,3.0,3.0,0.9345229864120483,0.0006070965124915043
DQN,5,mid,425,1425,0.09000000000000001,1.0,1.0,0.4385061264038086,0.0005742073990404606
DQN,5,mid,426,1426,0.09000000000000001,1.0,1.0,0.33039507269859314,0.000534319318830967
DQN,5,mid,427,1427,0.09000000000000001,1.0,1.0,0.24262377619743347,0.0005210569361224771
DQN,5,mid,428,1428,0.1055645513534546,2.0,2.0,0.2359723150730133,0.0012097485596314073
DQN,5,mid,429,1429,0.15134347438812257,4.0,3.0,0.8970150947570801,0.0009092578911804594
DQN,5,mid,430,1430,-0.19612146377563477,6.0,5.0,0.5844388008117676,0.0008855229001104211
DQN,5,mid,431,1431,0.09000000000000001,1.0,1.0,0.22020719945430756,0.0005566314794123173
DQN,5,mid,432,1432,0.09000000000000001,1.0,1.0,0.253664493560791,0.0009751795441843569
DQN,5,mid,433,1433,0.09000000000000001,1.0,1.0,0.12985016405582428,0.00042140771984122694
DQN,5,mid,434,1434,-0.0702781009674072,3.0,3.0,1.1363261938095093,0.0008380319341085851
DQN,5,mid,435,1435,-0.07317412495613097,5.0,2.0,0.13770785927772522,0.0007229783979710192
DQN,5,mid,436,1436,-0.1047022819519043,5.0,3.0,0.6329135298728943,0.0007044273428618908
DQN,5,mid,437,1437,0.09000000000000001,1.0,1.0,0.11665327847003937,0.0002681096375454217
DQN,5,mid,438,1438,0.08689589977264406,2.0,2.0,0.5893245339393616,0.000431481035775505
DQN,5,mid,439,1439,0.12248684644699098,2.0,2.0,0.6342757940292358,0.00036186090437695384
DQN,5,mid,440,1440,-0.02101150929927824,3.0,3.0,0.26760736107826233,0.005430984480578142
DQN,5,mid,441,1441,0.10673897683620454,3.0,3.0,0.2484072893857956,0.001456524196934576
DQN,5,mid,442,1442,0.11871647834777832,5.0,4.0,0.7761188745498657,0.0010948110022582114
DQN,5,mid,443,1443,0.09000000000000001,1.0,1.0,0.3433411121368408,0.0006755631766282022
DQN,5,mid,444,1444,0.09000000000000001,1.0,1.0,0.3935130536556244,0.0008530060295015574
DQN,5,mid,445,1445,0.09000000000000001,1.0,1.0,0.6735137701034546,0.0016033545834943652
DQN,5,mid,446,1446,0.2178019881248474,5.0,4.0,0.8270311951637268,0.0006955174554605037
DQN,5,mid,447,1447,0.11394147992134096,3.0,2.0,0.4970916211605072,0.004404475640815993
DQN,5,mid,448,1448,0.16421849250793458,3.0,3.0,1.3318732976913452,0.0010208972768547635
DQN,5,mid,449,1449,0.15346767187118532,2.0,2.0,0.5356637239456177,0.0006349693867377937
DQN,5,mid,450,1450,0.09000000000000001,1.0,1.0,0.6472585797309875,0.0008471825858578086
DQN,5,mid,451,1451,-0.2192151355743408,8.0,3.0,0.7276831269264221,0.0016761917577241547
DQN,5,mid,452,1452,0.09000000000000001,1.0,1.0,0.7476972341537476,0.0004147641593590379
DQN,5,mid,453,1453,0.09000000000000001,1.0,1.0,0.30939021706581116,0.00032200966961681843
DQN,5,mid,454,1454,-0.003423733711242702,7.0,3.0,0.8161821365356445,0.0015917862931798612
DQN,5,mid,455,1455,0.11771722316741945,2.0,2.0,0.5031951069831848,0.0008296968298964202
DQN,5,mid,456,1456,0.10983433008193971,2.0,2.0,0.6647796034812927,0.0005837343051098287
DQN,5,mid,457,1457,0.09000000000000001,1.0,1.0,0.36110857129096985,0.0006680663209408522
DQN,5,mid,458,1458,0.041663069725036625,3.0,2.0,0.4359716773033142,0.0007989347989981374
DQN,5,mid,459,1459,0.10186286449432375,2.0,2.0,0.8489870429039001,0.0006505507044494152
DQN,5,mid,460,1460,0.1054073590040207,2.0,2.0,0.2487810105085373,0.0006168031541164964
DQN,5,mid,461,1461,0.03334362983703614,2.0,2.0,0.3355160653591156,0.0036598906735889614
DQN,5,mid,462,1462,0.19974734067916872,2.0,2.0,0.41650789976119995,0.0006867130578029901
DQN,5,mid,463,1463,0.0878968906402588,3.0,3.0,0.9237318634986877,0.0013504236509713035
DQN,5,mid,464,1464,0.18398226976394655,2.0,2.0,0.46203523874282837,0.0005902468255953863
DQN,5,mid,465,1465,0.09020693063735963,4.0,3.0,0.7520589232444763,0.0004661728598875925
DQN,5,mid,466,1466,0.20450748682022096,2.0,2.0,0.7421630620956421,0.0008006948628462851
DQN,5,mid,467,1467,-0.20889244556427,8.0,3.0,0.5515703558921814,0.0017429827566957101
DQN,5,mid,468,1468,-0.07606874465942383,6.0,3.0,0.6198717951774597,0.0035114841205844036
DQN,5,mid,469,1469,0.09000000000000001,1.0,1.0,0.6148969531059265,0.0010853649582713842
DQN,5,mid,470,1470,0.09885340929031373,5.0,4.0,0.5381826162338257,0.000757433578837663
DQN,5,mid,471,1471,0.026092009544372574,2.0,2.0,0.3164587616920471,0.001016695867292583
DQN,5,mid,472,1472,0.09000000000000001,1.0,1.0,0.5662203431129456,0.0005472251796163619
DQN,5,mid,473,1473,0.09000000000000001,1.0,1.0,0.9520953297615051,0.00025359782739542425
DQN,5,mid,474,1474,0.09000000000000001,1.0,1.0,0.0967213585972786,0.0005424196133390069
DQN,5,mid,475,1475,0.06313450813293459,2.0,2.0,0.6719122529029846,0.0005581940931733698
DQN,5,mid,476,1476,0.014079697132110602,3.0,3.0,0.4162236750125885,0.0007139507991572221
DQN,5,mid,477,1477,0.19765616416931153,4.0,3.0,0.8494710922241211,0.0006483726319856942
DQN,5,mid,478,1478,0.0988156294822693,4.0,3.0,0.22985637187957764,0.0005206176283536479
DQN,5,mid,479,1479,0.01692684173583986,2.0,2.0,0.8520830273628235,0.0009863177547231317
DQN,5,mid,480,1480,-0.47019100189208984,10.0,3.0,0.652640163898468,0.0007060768955852836
DQN,5,mid,481,1481,0.09000000000000001,1.0,1.0,0.23902961611747742,0.0006786208832636476
DQN,5,mid,482,1482,0.09043647527694704,2.0,2.0,0.2259627729654312,0.0005919439572608098
DQN,5,mid,483,1483,-0.526468563079834,10.0,2.0,0.5879607796669006,0.000710068884654902
DQN,5,mid,484,1484,0.07045957624912264,2.0,2.0,0.1455298811197281,0.005399678280809894
DQN,5,mid,485,1485,0.08483194828033448,8.0,5.0,0.8000494241714478,0.0006388380170392338
DQN,5,mid,486,1486,0.09000000000000001,1.0,1.0,0.4814818203449249,0.0004374837735667825
DQN,5,mid,487,1487,-0.1683538508415222,7.0,4.0,0.6240962147712708,0.0007035171064282102
DQN,5,mid,488,1488,0.2385011386871338,3.0,3.0,0.8513003587722778,0.0018495170612974714
DQN,5,mid,489,1489,0.17314590692520143,2.0,2.0,0.6229067444801331,0.00130687648197636
DQN,5,mid,490,1490,0.2448405194282532,2.0,2.0,0.7269006967544556,0.001129517680965364
DQN,5,mid,491,1491,0.09000000000000001,1.0,1.0,0.572170078754425,0.0035529660526663065
DQN,5,mid,492,1492,0.09000000000000001,1.0,1.0,0.5819301605224609,0.0008296542800962925
DQN,5,mid,493,1493,0.26466156721115114,2.0,2.0,0.7404215931892395,0.0015400459815282375
DQN,5,mid,494,1494,0.10237598180770874,4.0,4.0,0.8363542556762695,0.0006505110213765875
DQN,5,mid,495,1495,0.06960530996322632,3.0,2.0,0.7098280191421509,0.00043699149197588366
DQN,5,mid,496,1496,0.23310084819793703,2.0,2.0,0.6890012621879578,0.00046827708138152957
DQN,5,mid,497,1497,0.022963306903839117,4.0,2.0,0.3373083174228668,0.00036398074007593095
DQN,5,mid,498,1498,0.09000000000000001,1.0,1.0,0.27602526545524597,0.0004313061654102057
DQN,5,mid,499,1499,0.14290760636329652,2.0,2.0,0.35292285680770874,0.00039509276393800974
DQN,5,mid,500,1500,0.2131460475921631,2.0,2.0,0.7043997645378113,0.0004971704474883154
DQN,5,mid,501,1501,-0.11503176689147947,5.0,3.0,0.6888984441757202,0.0004165064136032015
DQN,5,mid,502,1502,0.09000000000000001,1.0,1.0,0.5097752213478088,0.00043882959289476275
DQN,5,mid,503,1503,0.09000000000000001,1.0,1.0,0.3663543164730072,0.0004203154530841857
DQN,5,mid,504,1504,0.10801874279975893,2.0,2.0,0.3801553249359131,0.0030112195818219334
DQN,5,mid,505,1505,0.09000000000000001,1.0,1.0,0.11378960311412811,0.002562255132943392
DQN,5,mid,506,1506,0.08613462209701539,4.0,3.0,0.3794201910495758,0.0011468201410025358
DQN,5,mid,507,1507,0.08130733847618105,2.0,2.0,0.4429325759410858,0.00048796902410686016
DQN,5,mid,508,1508,0.15331257104873658,3.0,3.0,0.9106383919715881,0.0008814349809351066
DQN,5,mid,509,1509,-0.028927503228187545,2.0,2.0,0.23528070747852325,0.0004934986063744873
DQN,5,mid,510,1510,0.05970789670944215,2.0,2.0,0.24066530168056488,0.0006173243455123156
DQN,5,mid,511,1511,0.17242831707000733,3.0,3.0,0.8785058856010437,0.00036417321825865656
DQN,5,mid,512,1512,0.07590480327606203,2.0,2.0,0.44819000363349915,0.0010469527333043516
DQN,5,mid,513,1513,0.2568976950645447,3.0,3.0,0.3034968674182892,0.0004428089499318351
DQN,5,mid,514,1514,0.09000000000000001,1.0,1.0,0.5873111486434937,0.00023696848074905574
DQN,5,mid,515,1515,0.1458809542655945,2.0,2.0,0.4141671657562256,0.007649593957467005
DQN,5,mid,516,1516,0.1722609865665436,2.0,2.0,0.48343726992607117,0.0008623288740636781
DQN,5,mid,517,1517,0.09000000000000001,1.0,1.0,0.34256625175476074,0.0012619119370356202
DQN,5,mid,518,1518,0.09000000000000001,1.0,1.0,0.4699980914592743,0.0014775400049984455
DQN,5,mid,519,1519,0.09000000000000001,1.0,1.0,0.30501046776771545,0.0008353405864909291
DQN,5,mid,520,1520,-0.6719097495079043,10.0,3.0,0.8998695611953735,0.0028195912076625974
DQN,5,mid,521,1521,0.11521322250366212,3.0,3.0,0.6228351593017578,0.0005037908170682689
DQN,5,mid,522,1522,0.09000000000000001,1.0,1.0,0.1560433954000473,0.0004427488020155579
DQN,5,mid,523,1523,0.07131723284721375,3.0,3.0,0.34927791357040405,0.0005820414905125896
DQN,5,mid,524,1524,0.13117833614349367,2.0,2.0,0.8539410829544067,0.0003609387204051018
DQN,5,mid,525,1525,0.24895543575286866,3.0,3.0,0.6674270033836365,0.0013101317454129457
DQN,5,mid,526,1526,0.25197101354599,3.0,3.0,0.8696696162223816,0.0005926365459648272
DQN,5,mid,527,1527,0.09000000000000001,1.0,1.0,0.9833298921585083,0.0002980382996611297
DQN,5,mid,528,1528,0.09000000000000001,1.0,1.0,0.07259632647037506,0.0006068620714358985
DQN,5,mid,529,1529,0.09000000000000001,1.0,1.0,0.37179797887802124,0.003789646318182349
DQN,5,mid,530,1530,0.03593825578689577,7.0,5.0,0.918518602848053,0.0008953364532706993
DQN,5,mid,531,1531,0.09000000000000001,1.0,1.0,0.12018575519323349,0.003400194924324751
DQN,5,mid,532,1532,-0.09039362132549285,6.0,2.0,0.13087019324302673,0.0005524435255210847
DQN,5,mid,533,1533,-0.17340903282165526,5.0,3.0,0.7806850671768188,0.0006251356448046863
DQN,5,mid,534,1534,0.1632028412818909,3.0,2.0,0.6086939573287964,0.0004975154297426343
DQN,5,mid,535,1535,-0.006086119413375848,4.0,2.0,0.4000667929649353,0.0007724052484263666
DQN,5,mid,536,1536,0.05093474864959718,2.0,2.0,1.0102341175079346,0.00044690989307127893
DQN,5,mid,537,1537,0.019586043357849137,2.0,2.0,0.8044732213020325,0.001257212868949864
DQN,5,mid,538,1538,0.22454203844070436,2.0,2.0,0.9140191674232483,0.006305839531705715
DQN,5,mid,539,1539,0.017537342309951798,2.0,2.0,0.3364148736000061,0.004164320271229371
DQN,5,mid,540,1540,0.09000000000000001,1.0,1.0,0.14278613030910492,0.0008913679048418999
DQN,5,mid,541,1541,0.27747119188308716,3.0,3.0,0.8053515553474426,0.0004924293995524446
DQN,5,mid,542,1542,0.050805585384368905,2.0,2.0,0.7625166773796082,0.0008688782982062548
DQN,5,mid,543,1543,0.09000000000000001,1.0,1.0,0.6182138323783875,0.0005769877461716533
DQN,5,mid,544,1544,0.09000000000000001,1.0,1.0,0.28466421365737915,0.0008875025669112802
DQN,5,mid,545,1545,0.053963499069213876,2.0,2.0,0.7352725863456726,0.0003250188601668924
DQN,5,mid,546,1546,0.24984053492546082,3.0,3.0,0.3904006779193878,0.0007260575657710433
DQN,5,mid,547,1547,0.09000000000000001,1.0,1.0,0.3952307105064392,0.00048177747521549463
DQN,5,mid,548,1548,-0.03621565103530884,5.0,3.0,0.8223185539245605,0.0006905868707690388
DQN,5,mid,549,1549,0.09540731430053712,3.0,3.0,0.5789858102798462,0.0006208129634615034
DQN,5,mid,550,1550,0.07715607404708863,3.0,3.0,0.7972015142440796,0.007824125699698925
DQN,5,mid,551,1551,0.09052491188049316,5.0,4.0,0.4263305068016052,0.002244383585639298
DQN,5,mid,552,1552,0.09407873630523683,2.0,2.0,0.6317806243896484,0.0005701238987967372
DQN,5,mid,553,1553,0.003972907066345219,3.0,2.0,0.6999552845954895,0.0007697418138074378
DQN,5,mid,554,1554,0.09000000000000001,1.0,1.0,0.4345187544822693,0.0009497434366494417
DQN,5,mid,555,1555,0.09000000000000001,1.0,1.0,0.0850432962179184,0.00039843155536800623
DQN,5,mid,556,1556,0.06053970932960511,2.0,2.0,0.4917185604572296,0.00043741840636357665
DQN,5,mid,557,1557,0.24493248939514162,2.0,2.0,1.0832793712615967,0.0015824460715521127
DQN,5,mid,558,1558,0.09000000000000001,1.0,1.0,0.38169583678245544,0.0006836220854893327
DQN,5,mid,559,1559,0.09000000000000001,1.0,1.0,0.24174511432647705,0.0004284245951566845
DQN,5,mid,560,1560,0.1594253945350647,2.0,2.0,0.6363582611083984,0.0007077426125761122
DQN,5,mid,561,1561,-0.006033858060836797,4.0,3.0,0.5003170967102051,0.008613813821284566
DQN,5,mid,562,1562,0.2827167582511902,3.0,3.0,0.7695413827896118,0.0007631639988782505
DQN,5,mid,563,1563,0.09000000000000001,1.0,1.0,0.7881034016609192,0.0004587831499520689
DQN,5,mid,564,1564,0.19972408533096314,3.0,3.0,0.8136833906173706,0.0004178939658838014
DQN,5,mid,565,1565,0.09000000000000001,1.0,1.0,0.21029721200466156,0.00044232828076928854
DQN,5,mid,566,1566,0.30505252599716187,3.0,3.0,0.6159186363220215,0.0005872631833578149
DQN,5,mid,567,1567,0.23639549493789674,2.0,2.0,0.6881402730941772,0.0006596126186195761
DQN,5,mid,568,1568,0.09000000000000001,1.0,1.0,0.11177688091993332,0.000571571639738977
DQN,5,mid,569,1569,0.09000000000000001,1.0,1.0,0.8279858231544495,0.0005516297533176839
DQN,5,mid,570,1570,0.21085681200027467,2.0,2.0,0.6915495991706848,0.0010084781388286501
DQN,5,mid,571,1571,0.006443068981170655,9.0,6.0,0.7117933034896851,0.0004686974862124771
DQN,5,mid,572,1572,0.09000000000000001,1.0,1.0,0.30013275146484375,0.0007476608152501285
DQN,5,mid,573,1573,-0.025824887752532943,2.0,2.0,0.8269330263137817,0.00045814535405952483
DQN,5,mid,574,1574,0.09000000000000001,1.0,1.0,0.19241167604923248,0.000781667185947299
DQN,5,mid,575,1575,0.1324248778820038,2.0,2.0,0.2463434636592865,0.0016576265916228294
DQN,5,mid,576,1576,0.1379486393928528,3.0,3.0,0.6022986173629761,0.0017568253970239311
DQN,5,mid,577,1577,-0.4006124401092529,9.0,2.0,1.1613444089889526,0.0023645829803879475
DQN,5,mid,578,1578,0.09000000000000001,1.0,1.0,0.1443924903869629,0.0004209855105727911
DQN,5,mid,579,1579,0.09000000000000001,1.0,1.0,0.8956950902938843,0.001399695174768567
DQN,5,mid,580,1580,0.307200448513031,2.0,2.0,0.5913854241371155,0.0010750421788543463
DQN,5,mid,581,1581,0.11776989698410034,5.0,4.0,0.7149643301963806,0.0009166850592009723
DQN,5,mid,582,1582,0.09000000000000001,1.0,1.0,0.4304119646549225,0.0011856640921905637
DQN,5,mid,583,1583,0.09537631988525391,3.0,3.0,0.7878674268722534,0.0018046378972940147
DQN,5,mid,584,1584,0.2021888566017151,3.0,3.0,0.8856415152549744,0.0008551723246152202
DQN,5,mid,585,1585,0.09000000000000001,1.0,1.0,0.0945497676730156,0.00030654144939035177
DQN,5,mid,586,1586,0.09000000000000001,1.0,1.0,0.47650590538978577,0.0006473761750385165
DQN,5,mid,587,1587,0.09000000000000001,1.0,1.0,0.7211027145385742,0.0005392708699218929
DQN,5,mid,588,1588,0.09000000000000001,1.0,1.0,0.6310878396034241,0.0008178263087756932
DQN,5,mid,589,1589,0.04813344240188599,4.0,3.0,0.49216121435165405,0.0006802179632359184
DQN,5,mid,590,1590,-0.2020066261291504,10.0,2.0,0.5776610970497131,0.001441196649102494
DQN,5,mid,591,1591,-0.23124485611915585,10.0,7.0,0.4867304861545563,0.0011259175720624627
DQN,5,mid,592,1592,-0.1458326283097267,3.0,3.0,0.33524394035339355,0.0006812077287274102
DQN,5,mid,593,1593,0.04145557403564454,3.0,3.0,0.767292857170105,0.008679058131140968
DQN,5,mid,594,1594,-0.008909745216369613,2.0,2.0,0.4038216173648834,0.0004942551167914644
DQN,5,mid,595,1595,0.004339791536331183,3.0,3.0,0.41660481691360474,0.0005822866514790803
DQN,5,mid,596,1596,0.1670659947395325,2.0,2.0,0.7442062497138977,0.0008563816663809121
DQN,5,mid,597,1597,0.250005202293396,2.0,2.0,0.7937310338020325,0.0005172179226065055
DQN,5,mid,598,1598,-0.1598637580871582,5.0,3.0,0.6709402203559875,0.003759573545539752
DQN,5,mid,599,1599,-0.24654321193695067,7.0,3.0,0.6696799993515015,0.00048308135592378676
DQN,5,mid,600,1600,0.26606948852539064,2.0,2.0,0.5985192060470581,0.0005647627694997936
DQN,5,mid,601,1601,0.09000000000000001,1.0,1.0,0.07627023756504059,0.0006182138458825648
DQN,5,mid,602,1602,0.09000000000000001,1.0,1.0,0.17791226506233215,0.0013797791907563806
DQN,5,mid,603,1603,0.09000000000000001,1.0,1.0,0.38300371170043945,0.0011476497165858746
DQN,5,mid,604,1604,0.10148133754730226,3.0,2.0,0.40047815442085266,0.0004432646771116803
DQN,5,mid,605,1605,0.09000000000000001,1.0,1.0,0.26430192589759827,0.0006780094699934125
DQN,5,mid,606,1606,0.09000000000000001,1.0,1.0,0.20046372711658478,0.0004494512395467609
DQN,5,mid,607,1607,-0.04564515829086303,3.0,2.0,0.7026336789131165,0.0008282958394071708
DQN,5,mid,608,1608,0.07096623301506044,3.0,2.0,0.4428577125072479,0.002234227334459623
DQN,5,mid,609,1609,0.034644113779068,2.0,2.0,0.3673791289329529,0.00046815580572001636
DQN,5,mid,610,1610,0.13033879518508912,3.0,3.0,0.8734663128852844,0.001783690444426611
DQN,5,mid,611,1611,0.09000000000000001,1.0,1.0,0.21056361496448517,0.0010492712026461959
DQN,5,mid,612,1612,0.09000000000000001,1.0,1.0,0.1959192454814911,0.0004009916738141328
DQN,5,mid,613,1613,0.11747564554214479,2.0,2.0,0.7933081984519958,0.00045977794798091054
DQN,5,mid,614,1614,0.06100036621093752,3.0,2.0,0.6163846850395203,0.018538967065978795
DQN,5,mid,615,1615,-0.3651992321014404,10.0,2.0,0.7555273771286011,0.003489949367940426
DQN,5,mid,616,1616,0.09000000000000001,1.0,1.0,0.21298323571681976,0.00048056492232717574
DQN,5,mid,617,1617,0.09000000000000001,1.0,1.0,0.4333883821964264,0.0005187287461012602
DQN,5,mid,618,1618,0.09000000000000001,1.0,1.0,0.3880092203617096,0.0005430557066574693
DQN,5,mid,619,1619,0.09000000000000001,1.0,1.0,0.3758741319179535,0.0008361855871044099
DQN,5,mid,620,1620,0.07282047152519228,2.0,2.0,0.1762913018465042,0.0020704781636595726
DQN,5,mid,621,1621,0.09000000000000001,1.0,1.0,0.19046379625797272,0.0008771724533289671
DQN,5,mid,622,1622,-0.024159948825836178,3.0,2.0,0.127211332321167,0.0005662580855035534
DQN,5,mid,623,1623,0.16605009317398073,2.0,2.0,0.830838143825531,0.000596235622651875
DQN,5,mid,624,1624,0.09000000000000001,1.0,1.0,0.3591943383216858,0.00071456388104707
DQN,5,mid,625,1625,0.12234087467193605,2.0,2.0,0.4530421793460846,0.0005571542424149811
DQN,5,mid,626,1626,-0.041450779438018795,3.0,2.0,0.5410794019699097,0.0017327017849311233
DQN,5,mid,627,1627,0.09000000000000001,1.0,1.0,0.787369430065155,0.0006141901249065995
DQN,5,mid,628,1628,0.06818760871887206,6.0,3.0,1.0028351545333862,0.0005434847310728704
DQN,5,mid,629,1629,0.06878417909145357,2.0,2.0,0.17170749604701996,0.0004153787740506232
DQN,5,mid,630,1630,0.09000000000000001,1.0,1.0,0.36348757147789,0.0004110537702217698
DQN,5,mid,631,1631,0.095674045085907,3.0,3.0,0.7988718152046204,0.000629554745197917
DQN,5,mid,632,1632,0.2428449857234955,2.0,2.0,0.4572054445743561,0.00034399545984342694
DQN,5,mid,633,1633,0.0213403594493866,3.0,2.0,0.4506100118160248,0.0006455392479741325
DQN,5,mid,634,1634,0.09000000000000001,1.0,1.0,0.14668090641498566,0.000659773126244545
DQN,5,mid,635,1635,0.18168641805648805,2.0,2.0,0.9376090168952942,0.0003498394798953086
DQN,5,mid,636,1636,0.06791401624679566,3.0,3.0,0.8939210772514343,0.0004234618875974168
DQN,5,mid,637,1637,-0.237645308971405,8.0,3.0,0.8203485608100891,0.0006447136765928008
DQN,5,mid,638,1638,0.09000000000000001,1.0,1.0,0.6596171259880066,0.0005476676160469651
DQN,5,mid,639,1639,0.4510604214668274,3.0,3.0,0.9375751614570618,0.00047974579501897097
DQN,5,mid,640,1640,0.0018378663063049472,2.0,2.0,1.0152654647827148,0.00042905774898827076
DQN,5,mid,641,1641,0.17729968547821046,3.0,3.0,0.9159317016601562,0.0004426630524297555
DQN,5,mid,642,1642,0.07130460619926454,2.0,2.0,0.4789038300514221,0.0002863027330022305
DQN,5,mid,643,1643,0.05281241416931153,2.0,2.0,0.7018794417381287,0.0006461781158577651
DQN,5,mid,644,1644,0.09000000000000001,1.0,1.0,0.06767673790454865,0.000297526188660413
DQN,5,mid,645,1645,0.09000000000000001,1.0,1.0,0.09901891648769379,0.000430575804784894
DQN,5,mid,646,1646,0.09000000000000001,1.0,1.0,0.44917869567871094,0.0011632561217993498
DQN,5,mid,647,1647,0.09000000000000001,1.0,1.0,0.17873312532901764,0.00047789455857127905
DQN,5,mid,648,1648,0.09000000000000001,1.0,1.0,0.6512544751167297,0.0005230356473475695
DQN,5,mid,649,1649,0.09000000000000001,1.0,1.0,0.1596428006887436,0.0003191045543644577
DQN,5,mid,650,1650,0.07017625093460084,3.0,3.0,0.6111997365951538,0.0003385445452295244
DQN,5,mid,651,1651,0.1819353175163269,3.0,3.0,0.5482674837112427,0.012572402299459403
DQN,5,mid,652,1652,0.08458770036697388,3.0,3.0,0.6088999509811401,0.0004373088983508448
DQN,5,mid,653,1653,0.11222063183784486,2.0,2.0,0.48634788393974304,0.0009670846629887819
DQN,5,mid,654,1654,0.07396073818206789,2.0,2.0,1.0565685033798218,0.0025041462504304945
DQN,5,mid,655,1655,0.19036311626434327,3.0,3.0,1.0204684734344482,0.0005969845612222949
DQN,5,mid,656,1656,0.10400586009025575,2.0,2.0,0.2789197564125061,0.00031144823879003525
DQN,5,mid,657,1657,0.07087250232696535,2.0,2.0,0.6704610586166382,0.00032695080153644085
DQN,5,mid,658,1658,0.1707595753669739,2.0,2.0,0.9263476729393005,0.000955149153014645
DQN,5,mid,659,1659,0.09000000000000001,1.0,1.0,0.33788052201271057,0.0003973163547925651
DQN,5,mid,660,1660,0.017332891225814828,4.0,3.0,0.2752070128917694,0.0005033011984778568
DQN,5,mid,661,1661,-0.047263009548187254,7.0,3.0,0.8946183323860168,0.001613158279464447
DQN,5,mid,662,1662,0.04768396377563477,4.0,3.0,0.8347086310386658,0.0006485609701485373
DQN,5,mid,663,1663,-0.6372299194335938,10.0,3.0,0.6804227232933044,0.000883900182088837
DQN,5,mid,664,1664,0.09796268463134766,3.0,3.0,0.9335628151893616,0.0005001840569699804
DQN,5,mid,665,1665,0.09000000000000001,1.0,1.0,0.446126252412796,0.000554654048755765
DQN,5,mid,666,1666,0.07669441580772401,2.0,2.0,0.4706399142742157,0.00043900837772525847
DQN,5,mid,667,1667,0.14564778089523317,2.0,2.0,0.3206593096256256,0.0008806545520201325
DQN,5,mid,668,1668,-0.036134228706359836,6.0,3.0,1.097881555557251,0.0005010288393047327
DQN,5,mid,669,1669,0.09000000000000001,1.0,1.0,0.33315157890319824,0.023209581151604652
DQN,5,mid,670,1670,0.19578005552291872,2.0,2.0,0.7788389325141907,0.00048149369831662625
DQN,5,mid,671,1671,0.0346170735359192,3.0,3.0,0.6660791039466858,0.0004715585576680799
DQN,5,mid,672,1672,-0.22329251050949095,8.0,3.0,0.5854390263557434,0.0036120681070315186
DQN,5,mid,673,1673,0.09000000000000001,1.0,1.0,0.16277383267879486,0.0008967233006842434
DQN,5,mid,674,1674,0.025336312055587784,2.0,2.0,0.5469505190849304,0.0006975418946240097
DQN,5,mid,675,1675,0.1376639771461487,2.0,2.0,0.2928750813007355,0.0007451399869751185
DQN,5,mid,676,1676,0.13894660949707033,2.0,2.0,0.7187381386756897,0.000672636233502999
DQN,5,mid,677,1677,0.13931371450424196,2.0,2.0,0.8130788803100586,0.008589741541072726
DQN,5,mid,678,1678,0.09000000000000001,1.0,1.0,0.9151173830032349,0.0006657954072579741
DQN,5,mid,679,1679,0.17482634067535402,2.0,2.0,0.671943187713623,0.0016824282938614488
DQN,5,mid,680,1680,0.20629168272018433,3.0,3.0,0.8052565455436707,0.001007847274498393
DQN,5,mid,681,1681,-0.0031357192993164,4.0,2.0,1.1043154001235962,0.0010681424755603075
DQN,5,mid,682,1682,0.09000000000000001,1.0,1.0,0.11164066940546036,0.003510173177346587
DQN,5,mid,683,1683,0.138866024017334,2.0,2.0,0.6873635053634644,0.0006327144656097516
DQN,5,mid,684,1684,0.09000000000000001,1.0,1.0,0.06037890166044235,0.0022640773095190525
DQN,5,mid,685,1685,0.04797502040863038,2.0,2.0,0.500165581703186,0.000810183904832229
DQN,5,mid,686,1686,0.1411493492126465,3.0,3.0,0.38350796699523926,0.0011315855178205918
DQN,5,mid,687,1687,0.09000000000000001,1.0,1.0,0.2946087419986725,0.0010831367690116167
DQN,5,mid,688,1688,0.09000000000000001,1.0,1.0,0.4217835068702698,0.0005894657806493342
DQN,5,mid,689,1689,0.2556115555763245,2.0,2.0,0.5042485594749451,0.0009247686830349267
DQN,5,mid,690,1690,0.09000000000000001,1.0,1.0,0.28666168451309204,0.0007916636532172561
DQN,5,mid,691,1691,-0.2616062545776367,9.0,3.0,0.7954221367835999,0.0006477163438426538
DQN,5,mid,692,1692,-0.2485132598876953,9.0,3.0,0.4296714663505554,0.0021310594004009748
DQN,5,mid,693,1693,0.09000000000000001,1.0,1.0,0.790706217288971,0.0007966956472955644
DQN,5,mid,694,1694,0.046713786125183114,2.0,2.0,0.20473365485668182,0.0005298337782733142
DQN,5,mid,695,1695,0.17110730886459352,2.0,2.0,0.36488232016563416,0.0008200908487197012
DQN,5,mid,696,1696,0.04294843405485154,2.0,2.0,0.11773110926151276,0.0008273169514723122
DQN,5,mid,697,1697,0.08003181219100952,5.0,4.0,0.6409293413162231,0.0006057192978914828
DQN,5,mid,698,1698,-0.03284262657165525,4.0,3.0,0.6026331186294556,0.0004874770893366076
DQN,5,mid,699,1699,-0.14192598342895507,3.0,3.0,0.46958309412002563,0.0006049585742099831
DQN,5,mid,700,1700,0.020502405166625992,2.0,2.0,0.6425133347511292,0.0004134786140639335
DQN,5,mid,701,1701,-0.5278316617012024,10.0,2.0,0.5534919500350952,0.0006937108788406477
DQN,5,mid,702,1702,0.1238220548629761,4.0,2.0,0.5738940238952637,0.0005125451280036941
DQN,5,mid,703,1703,0.12464237928390504,3.0,3.0,0.5631667971611023,0.0003793501139928897
DQN,5,mid,704,1704,0.054728388786315925,5.0,4.0,0.8365941047668457,0.00042408123845234514
DQN,5,mid,705,1705,0.09000000000000001,1.0,1.0,0.3080470860004425,0.0005756642785854638
DQN,5,mid,706,1706,-0.34799178838729855,10.0,2.0,0.8512787222862244,0.0010083066154038534
DQN,5,mid,707,1707,0.03958256721496583,2.0,2.0,0.4168784022331238,0.0006339895335258916
DQN,5,mid,708,1708,0.10614366054534913,3.0,3.0,0.4061196744441986,0.0006342697015497833
DQN,5,mid,709,1709,-0.4958361089229584,10.0,3.0,0.28277653455734253,0.00044829228281741964
DQN,5,mid,710,1710,0.09000000000000001,1.0,1.0,0.7637308835983276,0.0003737524675671011
DQN,5,mid,711,1711,0.09000000000000001,1.0,1.0,0.4568193852901459,0.00043448578799143434
DQN,5,mid,712,1712,-0.020712947845458976,5.0,2.0,0.6859075427055359,0.0013468473916873336
DQN,5,mid,713,1713,0.09000000000000001,1.0,1.0,0.5070090293884277,0.005352546460926533
DQN,5,mid,714,1714,0.3084705638885498,2.0,2.0,0.7337257266044617,0.017667538195382804
DQN,5,mid,715,1715,0.09000000000000001,1.0,1.0,0.16386279463768005,0.0004041986248921603
DQN,5,mid,716,1716,0.09000000000000001,1.0,1.0,0.5768800377845764,0.0005202376050874591
DQN,5,mid,717,1717,-0.030470799207687374,8.0,3.0,0.29343247413635254,0.0038826928357593715
DQN,5,mid,718,1718,0.09000000000000001,1.0,1.0,0.28641101717948914,0.0003542863414622843
DQN,5,mid,719,1719,0.09000000000000001,1.0,1.0,0.29337531328201294,0.0161010529845953
DQN,5,mid,720,1720,0.09000000000000001,1.0,1.0,0.05886860564351082,0.024447768926620483
DQN,5,mid,721,1721,0.09000000000000001,1.0,1.0,0.14287762343883514,0.016382860019803047
DQN,5,mid,722,1722,0.22171247720718384,3.0,3.0,0.589418351650238,0.001656942399373899
DQN,5,mid,723,1723,0.0383079218864441,2.0,2.0,0.33304697275161743,0.0010079512721858919
DQN,5,mid,724,1724,0.19466681003570557,3.0,3.0,0.5506868362426758,0.0009079117250318328
DQN,5,mid,725,1725,0.19446332931518556,2.0,2.0,1.1877607107162476,0.013903426588512957
DQN,5,mid,726,1726,-0.12951552629470825,6.0,4.0,0.6688104867935181,0.004082297770461689
DQN,5,mid,727,1727,0.09252323389053346,2.0,2.0,0.3651423454284668,0.0006549543759319931
DQN,5,mid,728,1728,0.06727658390998842,2.0,2.0,0.47884589433670044,0.0009333486668765545
DQN,5,mid,729,1729,0.1498416829109192,2.0,2.0,0.5282402634620667,0.0015598427271470428
DQN,5,mid,730,1730,0.24336280822753908,10.0,3.0,0.7681988477706909,0.0017134121269918978
DQN,5,mid,731,1731,0.0702771019935608,3.0,3.0,0.8464912176132202,0.008330606971867383
DQN,5,mid,732,1732,0.1986921501159668,3.0,3.0,0.5899139642715454,0.0010399826957533758
DQN,5,mid,733,1733,0.09000000000000001,1.0,1.0,0.4628540575504303,0.0005818178760819137
DQN,5,mid,734,1734,-0.4767482876777649,10.0,3.0,0.7357932925224304,0.0041980868263635784
DQN,5,mid,735,1735,0.026707665920257584,2.0,2.0,0.5834072828292847,0.0018907677731476724
DQN,5,mid,736,1736,0.23182810068130494,3.0,3.0,0.729573130607605,0.0009108711771356562
DQN,5,mid,737,1737,0.09000000000000001,1.0,1.0,0.26247984170913696,0.0006511900573968887
DQN,5,mid,738,1738,0.07988830089569093,2.0,2.0,0.9979363679885864,0.0013110016006976366
DQN,5,mid,739,1739,0.1957418489456177,2.0,2.0,0.7267236709594727,0.0100351765868254
DQN,5,mid,740,1740,0.19816826462745668,2.0,2.0,0.46607038378715515,0.0016479035548400134
DQN,5,mid,741,1741,0.14676566600799562,2.0,2.0,0.32653942704200745,0.0018286412523593754
DQN,5,mid,742,1742,-0.07964871168136596,4.0,2.0,0.23605264723300934,0.005528579844394699
DQN,5,mid,743,1743,0.09000000000000001,1.0,1.0,0.1248784214258194,0.0006777597591280937
DQN,5,mid,744,1744,0.09000000000000001,1.0,1.0,0.4099254608154297,0.0006159385666251183
DQN,5,mid,745,1745,0.09000000000000001,1.0,1.0,0.3155531585216522,0.0010160226374864578
DQN,5,mid,746,1746,-0.49318215727806086,8.0,5.0,0.7863177061080933,0.0009820293853408657
DQN,5,mid,747,1747,0.09000000000000001,1.0,1.0,0.10412970930337906,0.0009676243062131107
DQN,5,mid,748,1748,0.1064828133583069,4.0,3.0,0.6128873825073242,0.0011875059572048485
DQN,5,mid,749,1749,-0.14236239194869993,5.0,2.0,0.6023235321044922,0.0007240673876367509
DQN,5,mid,750,1750,0.1415491271018982,2.0,2.0,0.7187409996986389,0.0008903427515178919
DQN,5,mid,751,1751,0.018461571931839005,2.0,2.0,0.5009451508522034,0.0007216273515950888
DQN,5,mid,752,1752,0.1594813632965088,2.0,2.0,1.1228307485580444,0.006196736125275493
DQN,5,mid,753,1753,0.17198686480522157,2.0,2.0,0.42670938372612,0.0015514367260038853
DQN,5,mid,754,1754,0.2552726936340332,3.0,3.0,0.605269730091095,0.002419212347983072
DQN,5,mid,755,1755,0.3123909306526184,3.0,3.0,0.9632715582847595,0.0062006926552082104
DQN,5,mid,756,1756,0.15440899312496187,2.0,2.0,0.23587529361248016,0.000709274027030915
DQN,5,mid,757,1757,0.09000000000000001,1.0,1.0,0.47331342101097107,0.0008024381240829825
DQN,5,mid,758,1758,0.0710717010498047,2.0,2.0,0.6121940612792969,0.0006908221112098545
DQN,5,mid,759,1759,0.22502721548080445,5.0,3.0,0.5833343267440796,0.0010441645397804677
DQN,5,mid,760,1760,-0.008578343391418441,2.0,2.0,0.7878351211547852,0.0008829728758428246
DQN,5,mid,761,1761,0.39843106985092164,3.0,3.0,0.5769078135490417,0.0008862283818113307
DQN,5,mid,762,1762,0.04058290719985963,5.0,3.0,0.39069727063179016,0.0007498302846215665
DQN,5,mid,763,1763,0.09000000000000001,1.0,1.0,0.5021948218345642,0.0008207086357288063
DQN,5,mid,764,1764,0.11272497653961183,2.0,2.0,0.8406755328178406,0.0008488835010211915
DQN,5,mid,765,1765,0.2755734491348267,2.0,2.0,0.5053009390830994,0.0007935575558803976
DQN,5,mid,766,1766,0.2594700527191162,3.0,3.0,0.8080588579177856,0.0005993465310893953
DQN,5,mid,767,1767,-0.038708441257476786,3.0,3.0,0.3284967839717865,0.0058490416073861224
DQN,5,mid,768,1768,0.04416666150093079,3.0,3.0,0.13631834089756012,0.0011365444321806233
DQN,5,mid,769,1769,0.06369657278060914,4.0,3.0,0.6807461977005005,0.0007443942740792409
DQN,5,mid,770,1770,0.043229956626892094,3.0,2.0,0.27255621552467346,0.0018325405350575845
DQN,5,mid,771,1771,0.2172328305244446,3.0,3.0,0.8659633994102478,0.0007406253522882859
DQN,5,mid,772,1772,-0.03241403222084044,2.0,2.0,0.4505026042461395,0.0007162500405684114
DQN,5,mid,773,1773,0.09000000000000001,1.0,1.0,0.2901596426963806,0.00038711828528903425
DQN,5,mid,774,1774,0.09000000000000001,1.0,1.0,0.4549834132194519,0.00046762742567807436
DQN,5,mid,775,1775,0.06709194898605347,3.0,3.0,0.660829484462738,0.0004631590854842216
DQN,5,mid,776,1776,0.19235021591186524,3.0,3.0,0.7691468596458435,0.000693338573910296
DQN,5,mid,777,1777,0.16714145421981813,2.0,2.0,0.7369418740272522,0.0006548168603330851
DQN,5,mid,778,1778,0.31857288599014283,3.0,3.0,0.7886176705360413,0.0007793851448999097
DQN,5,mid,779,1779,0.14615042686462404,2.0,2.0,0.841783881187439,0.003164203997584991
DQN,5,mid,780,1780,-0.01951288223266602,4.0,3.0,0.7758631706237793,0.0015005655150162056
DQN,5,mid,781,1781,0.10812427282333376,2.0,2.0,0.702479898929596,0.0005407447461038828
DQN,5,mid,782,1782,0.003629465103149418,3.0,2.0,0.6368697285652161,0.03968196870603909
DQN,5,mid,783,1783,0.2446976375579834,3.0,3.0,1.063461184501648,0.0019528223395658035
DQN,5,mid,784,1784,0.02595185279846192,6.0,5.0,0.8219794034957886,0.008823630036204122
DQN,5,mid,785,1785,0.10387844800949098,4.0,3.0,0.5119203329086304,0.010163572791498154
DQN,5,mid,786,1786,0.07581729650497437,4.0,3.0,0.9318829774856567,0.0008300759072881192
DQN,5,mid,787,1787,0.09000000000000001,1.0,1.0,0.22746427357196808,0.0009544699569232762
DQN,5,mid,788,1788,0.006669210195541397,2.0,2.0,0.3570633828639984,0.0009022640297189355
DQN,5,mid,789,1789,0.09000000000000001,1.0,1.0,0.22738604247570038,0.03770403191447258
DQN,5,mid,790,1790,0.09331966400146485,4.0,3.0,1.0356076955795288,0.011283815474598669
DQN,5,mid,791,1791,0.09000000000000001,1.0,1.0,0.7230570912361145,0.0033468727488070726
DQN,5,mid,792,1792,-0.38678517341613766,10.0,5.0,0.9558864235877991,0.0014049608871573582
DQN,5,mid,793,1793,0.08239390134811403,2.0,2.0,0.43289047479629517,0.00047254993114620447
DQN,5,mid,794,1794,0.09000000000000001,1.0,1.0,0.10826647281646729,0.0007314289687201381
DQN,5,mid,795,1795,0.16439213037490846,2.0,2.0,0.592088520526886,0.0009005824103951454
DQN,5,mid,796,1796,-0.4300612211227417,10.0,3.0,0.7460854649543762,0.0009236436948413029
DQN,5,mid,797,1797,0.07156004190444948,2.0,2.0,0.6218675971031189,0.0008901816618163139
DQN,5,mid,798,1798,0.17986257553100587,2.0,2.0,0.8114964365959167,0.002807953394949436
DQN,5,mid,799,1799,-0.2534677982330322,10.0,3.0,0.6944068074226379,0.0008266036602435634
DQN,5,mid,800,1800,0.09000000000000001,1.0,1.0,0.21058669686317444,0.0010051938006654382
DQN,5,mid,801,1801,0.09833361387252809,2.0,2.0,0.555506706237793,0.02258743422862608
DQN,5,mid,802,1802,0.21759624004364014,3.0,3.0,0.9747692346572876,0.00038470907020382583
DQN,5,mid,803,1803,0.09000000000000001,1.0,1.0,0.22654826939105988,0.00038661633152514696
DQN,5,mid,804,1804,0.0711579489707947,2.0,2.0,0.841628909111023,0.0067222088982816786
DQN,5,mid,805,1805,0.09000000000000001,1.0,1.0,0.1116475909948349,0.001136026345193386
DQN,5,mid,806,1806,0.08540256500244142,2.0,2.0,0.6318923830986023,0.004016989725641906
DQN,5,mid,807,1807,0.14847244501113893,2.0,2.0,0.6718040108680725,0.0005613428947981447
DQN,5,mid,808,1808,0.09000000000000001,1.0,1.0,0.1849163919687271,0.0005171174998395145
DQN,5,mid,809,1809,-0.012770186662673946,3.0,2.0,0.28162968158721924,0.0004235648666508496
DQN,5,mid,810,1810,0.09000000000000001,1.0,1.0,0.09278517961502075,0.0012067119823768735
DQN,5,mid,811,1811,0.053125696182250985,2.0,2.0,0.8245560526847839,0.0007126374403014779
DQN,5,mid,812,1812,0.09000000000000001,1.0,1.0,0.43960434198379517,0.0008458195370621979
DQN,5,mid,813,1813,0.15344412803649904,2.0,2.0,0.9496493339538574,0.023090547445463017
DQN,5,mid,814,1814,0.09000000000000001,1.0,1.0,0.2041349560022354,0.0031180833466351032
DQN,5,mid,815,1815,0.09000000000000001,1.0,1.0,0.3184024393558502,0.0006663115927949548
DQN,5,mid,816,1816,0.052315579652786263,2.0,2.0,0.3593522608280182,0.008010282181203365
DQN,5,mid,817,1817,0.11661471605300905,2.0,2.0,0.475159227848053,0.0005036911315983161
DQN,5,mid,818,1818,-0.09458500623703002,8.0,5.0,0.9043192863464355,0.00480610419617733
DQN,5,mid,819,1819,0.10399405837059023,2.0,2.0,0.4847390353679657,0.032061684352811426
DQN,5,mid,820,1820,0.060679690837860116,2.0,2.0,0.7455211877822876,0.0006559047033078969
DQN,5,mid,821,1821,0.48238440036773683,2.0,2.0,0.8933287858963013,0.0006479615112766623
DQN,5,mid,822,1822,-0.07807035565376282,2.0,2.0,0.6321659684181213,0.0009722124814288691
DQN,5,mid,823,1823,0.09000000000000001,1.0,1.0,0.44744056463241577,0.0015253035817295313
DQN,5,mid,824,1824,0.09000000000000001,1.0,1.0,0.24155129492282867,0.0007906442624516785
DQN,5,mid,825,1825,0.08835064053535463,2.0,2.0,0.15682969987392426,0.001301400741795078
DQN,5,mid,826,1826,0.09000000000000001,1.0,1.0,0.2438058853149414,0.0006681705708615482
DQN,5,mid,827,1827,-0.17457427620887755,4.0,3.0,0.452801376581192,0.0007353168693953194
DQN,5,mid,828,1828,0.0032671856880188144,2.0,2.0,0.7212973833084106,0.0017907579895108938
DQN,5,mid,829,1829,0.08980269908905031,2.0,2.0,0.892780601978302,0.00981332763331011
DQN,5,mid,830,1830,0.05776149213314057,2.0,2.0,0.19192864000797272,0.0005229201779002324
DQN,5,mid,831,1831,0.13894660949707033,2.0,2.0,0.7187381386756897,0.0006784837896702811
DQN,5,mid,832,1832,0.09000000000000001,1.0,1.0,0.16049599647521973,0.0011632591485977173
DQN,5,mid,833,1833,0.06828708171844483,3.0,3.0,0.9291586875915527,0.004850002869109933
DQN,5,mid,834,1834,0.09000000000000001,1.0,1.0,0.6049067378044128,0.00033660512417554855
DQN,5,mid,835,1835,0.22354735612869264,2.0,2.0,0.6769347786903381,0.0006049627554602921
DQN,5,mid,836,1836,0.07293791294097901,3.0,3.0,1.0146503448486328,0.0006297221213268737
DQN,5,mid,837,1837,0.18496532917022707,2.0,2.0,0.407742440700531,0.001029865292366594
DQN,5,mid,838,1838,-0.010374410152435287,2.0,2.0,0.6644583344459534,0.0007305873732548207
DQN,5,mid,839,1839,0.23554922819137575,2.0,2.0,0.5894889235496521,0.0003520524624036625
DQN,5,mid,840,1840,0.09000000000000001,1.0,1.0,0.4510654807090759,0.00048118908307515085
DQN,5,mid,841,1841,0.09000000000000001,1.0,1.0,0.3445543646812439,0.0002651690156199038
DQN,5,mid,842,1842,0.09000000000000001,1.0,1.0,0.16942130029201508,0.0032326888758689165
DQN,5,mid,843,1843,-0.5346506118774415,10.0,2.0,1.2318211793899536,0.0007689056568779051
DQN,5,mid,844,1844,0.1745679545402527,2.0,2.0,0.7089747786521912,0.000947622349485755
DQN,5,mid,845,1845,0.09000000000000001,1.0,1.0,0.3929521143436432,0.002304043620824814
DQN,5,mid,846,1846,0.21847661018371584,2.0,2.0,0.4096267819404602,0.0007513625896535814
DQN,5,mid,847,1847,-0.35543343067169186,9.0,2.0,0.8436571359634399,0.0007377017787398978
DQN,5,mid,848,1848,0.08343024730682375,2.0,2.0,1.0195815563201904,0.0004018595500383526
DQN,5,mid,849,1849,0.31139946699142457,3.0,3.0,0.7905388474464417,0.006780341713844488
DQN,5,mid,850,1850,0.06473191261291505,2.0,2.0,0.3652171492576599,0.0007237816462293267
DQN,5,mid,851,1851,0.09000000000000001,1.0,1.0,0.09006403386592865,0.0005177779821678996
DQN,5,mid,852,1852,0.09000000000000001,1.0,1.0,0.11599530279636383,0.0005173829849809408
DQN,5,mid,853,1853,-0.27368798494338986,9.0,2.0,0.9521904587745667,0.0008171696487503747
DQN,5,mid,854,1854,0.17956306219100954,2.0,2.0,0.6559935808181763,0.0004320221778471023
DQN,5,mid,855,1855,-0.09729242086410521,6.0,4.0,0.5790210962295532,0.005705513719779749
DQN,5,mid,856,1856,0.27424579620361333,4.0,4.0,1.095081090927124,0.0006966895016375929
DQN,5,mid,857,1857,0.04975266933441163,2.0,2.0,0.7689885497093201,0.0003526544023770839
DQN,5,mid,858,1858,0.2060790824890137,2.0,2.0,0.5897265076637268,0.0009355180227430537
DQN,5,mid,859,1859,-0.08195846557617188,8.0,4.0,0.8471237421035767,0.018698115141887683
DQN,5,mid,860,1860,0.14870448589324953,2.0,2.0,0.5226951241493225,0.02417185905505903
DQN,5,mid,861,1861,0.09000000000000001,1.0,1.0,0.12613436579704285,0.0010064746020361781
DQN,5,mid,862,1862,0.29755181789398194,3.0,3.0,0.5703925490379333,0.0009490816543499628
DQN,5,mid,863,1863,0.12671966075897217,3.0,3.0,0.47665005922317505,0.0008099363185465336
DQN,5,mid,864,1864,0.20205159664154054,2.0,2.0,0.8782072067260742,0.0037667774595320225
DQN,5,mid,865,1865,0.25694356083869935,3.0,3.0,0.4349735677242279,0.001189801861376812
DQN,5,mid,866,1866,0.09000000000000001,1.0,1.0,0.23040391504764557,0.0021189935505390167
DQN,5,mid,867,1867,0.192719407081604,3.0,3.0,0.9385261535644531,0.0008935000708637139
DQN,5,mid,868,1868,0.06466350674629212,3.0,3.0,0.19523395597934723,0.0008275599296515187
DQN,5,mid,869,1869,0.09000000000000001,1.0,1.0,0.2591918706893921,0.0007914976449683309
DQN,5,mid,870,1870,0.09000000000000001,1.0,1.0,0.1788857877254486,0.0012647846015170217
DQN,5,mid,871,1871,0.09000000000000001,1.0,1.0,0.14870354533195496,0.0011829403229057789
DQN,5,mid,872,1872,0.09000000000000001,1.0,1.0,1.0343197584152222,0.0036003626883029938
DQN,5,mid,873,1873,0.09000000000000001,1.0,1.0,0.31909725069999695,0.0010972594609484076
DQN,5,mid,874,1874,0.28594686269760133,2.0,2.0,0.7615576386451721,0.0010483417427167296
DQN,5,mid,875,1875,0.09000000000000001,1.0,1.0,0.18983019888401031,0.001180541468784213
DQN,5,mid,876,1876,0.24511749267578126,3.0,3.0,0.7252684831619263,0.0008050957306598624
DQN,5,mid,877,1877,0.09000000000000001,1.0,1.0,0.5528753995895386,0.000839345040731132
DQN,5,mid,878,1878,0.48426992416381837,3.0,3.0,1.0559803247451782,0.0004892649982745448
DQN,5,mid,879,1879,0.08783643126487733,2.0,2.0,0.1434692144393921,0.0014080674154683948
DQN,5,mid,880,1880,0.1590596902370453,2.0,2.0,0.21174368262290955,0.0010324107424821705
DQN,5,mid,881,1881,0.11482765704393388,2.0,2.0,0.07393120229244232,0.0005988826742395759
DQN,5,mid,882,1882,0.008333461284637467,2.0,2.0,0.5626419186592102,0.0004604548594215885
DQN,5,mid,883,1883,0.09000000000000001,1.0,1.0,0.42463943362236023,0.0005453884950838983
DQN,5,mid,884,1884,0.09000000000000001,1.0,1.0,0.26190099120140076,0.02056356519460678
DQN,5,mid,885,1885,-0.6077826797962189,10.0,2.0,0.24841094017028809,0.0014396604849025608
DQN,5,mid,886,1886,0.09000000000000001,1.0,1.0,0.3735068142414093,0.000795725267380476
DQN,5,mid,887,1887,-0.034629456996917704,3.0,3.0,1.0457690954208374,0.0007611987627266595
DQN,5,mid,888,1888,0.0752547574043274,3.0,2.0,0.828283965587616,0.0010086220184651513
DQN,5,mid,889,1889,0.09401220083236694,5.0,4.0,0.8890220522880554,0.016910902224481106
DQN,5,mid,890,1890,0.21190832734107973,2.0,2.0,0.4780525863170624,0.0019627217843662947
DQN,5,mid,891,1891,0.10315700054168703,2.0,2.0,0.3846929371356964,0.0007802603940945119
DQN,5,mid,892,1892,0.09000000000000001,1.0,1.0,0.23319558799266815,0.0006799335242249072
DQN,5,mid,893,1893,0.044905481338500995,4.0,4.0,0.7481974959373474,0.0007945964753162116
DQN,5,mid,894,1894,0.015680627822875992,2.0,2.0,0.31663450598716736,0.0004506043769652024
DQN,5,mid,895,1895,0.09000000000000001,1.0,1.0,0.5366923213005066,0.0008983665611594915
DQN,5,mid,896,1896,0.10265119552612306,2.0,2.0,0.5748735666275024,0.001334663771558553
DQN,5,mid,897,1897,0.09000000000000001,1.0,1.0,0.28342124819755554,0.0007410211255773902
DQN,5,mid,898,1898,-0.30552736222743987,5.0,3.0,0.4964429438114166,0.005448696331586689
DQN,5,mid,899,1899,-0.3322692036628723,10.0,4.0,0.6294757127761841,0.0008930782205425203
DQN,5,mid,900,1900,-0.19938532352447508,9.0,3.0,0.31905147433280945,0.004411196232669883
DQN,5,mid,901,1901,0.08812694430351259,2.0,2.0,0.4560191333293915,0.0011296555894659832
DQN,5,mid,902,1902,0.09000000000000001,1.0,1.0,0.08150886744260788,0.0005893082707189023
DQN,5,mid,903,1903,-0.2325628352165222,7.0,4.0,0.7139922380447388,0.0017791835000805026
DQN,5,mid,904,1904,0.09000000000000001,1.0,1.0,0.21614579856395721,0.000716831476893276
DQN,5,mid,905,1905,0.09000000000000001,1.0,1.0,0.10079716145992279,0.0005175787373445928
DQN,5,mid,906,1906,0.19453580856323244,2.0,2.0,0.6505059003829956,0.0008212291868403554
DQN,5,mid,907,1907,0.08786721706390382,2.0,2.0,0.3200952112674713,0.0023094067291822284
DQN,5,mid,908,1908,0.2563598918914795,2.0,2.0,0.6396729350090027,0.0008041933469939977
DQN,5,mid,909,1909,-0.5321138978004456,10.0,2.0,0.6531180143356323,0.001871957367984578
DQN,5,mid,910,1910,0.32913114309310915,2.0,2.0,0.853483259677887,0.0011203219764865935
DQN,5,mid,911,1911,-0.7231317639350893,10.0,2.0,0.8336840867996216,0.004147096088854596
DQN,5,mid,912,1912,0.09000000000000001,1.0,1.0,0.3807764947414398,0.0005054135108366609
DQN,5,mid,913,1913,0.09000000000000001,1.0,1.0,0.1404065191745758,0.0007712577353231609
DQN,5,mid,914,1914,0.18568308830261232,2.0,2.0,0.612996518611908,0.0015855341916903853
DQN,5,mid,915,1915,0.1135541069507599,2.0,2.0,0.36356109380722046,0.003083301126025617
DQN,5,mid,916,1916,-0.05719282507896421,3.0,3.0,0.3001336455345154,0.0009711724511968592
DQN,5,mid,917,1917,0.09000000000000001,1.0,1.0,0.894557774066925,0.0011049823369830847
DQN,5,mid,918,1918,-0.07750367820262911,5.0,5.0,0.3617052435874939,0.016004283004440366
DQN,5,mid,919,1919,0.09000000000000001,1.0,1.0,0.24598665535449982,0.0012540377210825682
DQN,5,mid,920,1920,-0.16779628515243528,7.0,2.0,0.9345282912254333,0.001031133595720998
DQN,5,mid,921,1921,0.09000000000000001,1.0,1.0,0.28681254386901855,0.0006816101376898587
DQN,5,mid,922,1922,0.038680858612060554,3.0,3.0,0.41885557770729065,0.0006662013377839079
DQN,5,mid,923,1923,-0.6510436534881592,10.0,3.0,0.8876920342445374,0.00262481709360145
DQN,5,mid,924,1924,0.09000000000000001,1.0,1.0,0.39011096954345703,0.0009242285741493106
DQN,5,mid,925,1925,0.13247771739959718,2.0,2.0,0.7552997469902039,0.002358614859986119
DQN,5,mid,926,1926,0.013026432991027848,2.0,2.0,0.7258716225624084,0.0004932097217533737
DQN,5,mid,927,1927,0.09000000000000001,1.0,1.0,0.24840809404850006,0.00048432452604174614
DQN,5,mid,928,1928,-0.018167250156402567,3.0,3.0,0.23461000621318817,0.0009563146062040081
DQN,5,mid,929,1929,0.16062475919723512,2.0,2.0,0.7273964881896973,0.0006092068506404757
DQN,5,mid,930,1930,0.09295334100723268,2.0,2.0,0.6565637588500977,0.0004894368175882846
DQN,5,mid,931,1931,0.15298975229263306,3.0,3.0,0.8646801710128784,0.0003696941372860844
DQN,5,mid,932,1932,0.07101680517196657,2.0,2.0,0.4577314555644989,0.04606858792249113
DQN,5,mid,933,1933,0.0017473173141479698,3.0,3.0,0.47734907269477844,0.0007614836504217237
DQN,5,mid,934,1934,0.09000000000000001,1.0,1.0,0.1655908077955246,0.005245541222393513
DQN,5,mid,935,1935,0.09000000000000001,1.0,1.0,0.6802218556404114,0.0006780753028579056
DQN,5,mid,936,1936,0.1616141963005066,2.0,2.0,0.5784436464309692,0.0009288610599469393
DQN,5,mid,937,1937,0.09000000000000001,1.0,1.0,0.4050067365169525,0.05850370600819588
DQN,5,mid,938,1938,0.23741389989852907,2.0,2.0,0.539328932762146,0.0021444609737955034
DQN,5,mid,939,1939,0.081488676071167,3.0,3.0,0.6969465017318726,0.004349412260732303
DQN,5,mid,940,1940,0.2910668444633484,3.0,2.0,0.7220937609672546,0.0004900096294780573
DQN,5,mid,941,1941,0.0778986978530884,2.0,2.0,0.6426903605461121,0.0007012892456259578
DQN,5,mid,942,1942,-0.4986408233642578,10.0,2.0,0.9700442552566528,0.001135364515357651
DQN,5,mid,943,1943,0.09000000000000001,1.0,1.0,0.2615664005279541,0.0006379866972565651
DQN,5,mid,944,1944,0.09000000000000001,1.0,1.0,0.2195662260055542,0.0003730756579898298
DQN,5,mid,945,1945,-0.07902751922607422,6.0,3.0,0.6084079146385193,0.0006308439333224669
DQN,5,mid,946,1946,0.15703554630279543,2.0,2.0,0.58028644323349,0.0006163514917716384
DQN,5,mid,947,1947,0.09000000000000001,1.0,1.0,0.44829219579696655,0.00039168333751149476
DQN,5,mid,948,1948,0.09000000000000001,1.0,1.0,0.4323290288448334,0.0013330335495993495
DQN,5,mid,949,1949,0.09000000000000001,1.0,1.0,0.7242526412010193,0.0078026060946285725
DQN,5,mid,950,1950,0.09000000000000001,1.0,1.0,0.5247009992599487,0.002040377352386713
DQN,5,mid,951,1951,0.06086779356002808,3.0,3.0,0.5828823447227478,0.0006371044049349924
DQN,5,mid,952,1952,0.03584005117416383,2.0,2.0,0.127211332321167,0.0005250047688605264
DQN,5,mid,953,1953,-0.35221356153488165,10.0,3.0,0.5305045247077942,0.005490125439246185
DQN,5,mid,954,1954,0.09000000000000001,1.0,1.0,0.10592354834079742,0.0003780829720199108
DQN,5,mid,955,1955,0.08303852558135988,2.0,2.0,0.7526689171791077,0.005016901501221582
DQN,5,mid,956,1956,0.09000000000000001,1.0,1.0,0.37798503041267395,0.0007849037065170705
DQN,5,mid,957,1957,-0.4996432542800903,10.0,2.0,1.0305347442626953,0.0004417132688104175
DQN,5,mid,958,1958,0.1528656053543091,2.0,2.0,0.8135738968849182,0.013955177477328107
DQN,5,mid,959,1959,0.09000000000000001,1.0,1.0,0.7645562887191772,0.000309586786897853
DQN,5,mid,960,1960,0.021067479550838486,2.0,2.0,0.1702626645565033,0.0003974964056396857
DQN,5,mid,961,1961,0.13691808462142946,2.0,2.0,0.7126201391220093,0.0006365117151290178
DQN,5,mid,962,1962,0.09000000000000001,1.0,1.0,0.4199952185153961,0.0391051210463047
DQN,5,mid,963,1963,0.09000000000000001,1.0,1.0,0.05370011553168297,0.0006036504055373371
DQN,5,mid,964,1964,0.059164958000183114,2.0,2.0,0.5393083691596985,0.0014901420363457873
DQN,5,mid,965,1965,0.10262490034103394,3.0,3.0,0.7414851188659668,0.0020859355960662165
DQN,5,mid,966,1966,0.3130659627914429,2.0,2.0,0.32832473516464233,0.0008438755467068404
DQN,5,mid,967,1967,0.2379222083091736,2.0,2.0,0.7404410243034363,0.0007517027261201292
DQN,5,mid,968,1968,-0.24311206340789793,10.0,3.0,0.8123987913131714,0.006015383559861221
DQN,5,mid,969,1969,0.08853860378265382,2.0,2.0,1.0360617637634277,0.0006748184387106448
DQN,5,mid,970,1970,-0.08759961366653442,4.0,2.0,0.3935042917728424,0.0005158093626960181
DQN,5,mid,971,1971,0.13248320102691652,2.0,2.0,0.7942347526550293,0.000601159073994495
DQN,5,mid,972,1972,0.09000000000000001,1.0,1.0,0.34219613671302795,0.004540273919701576
DQN,5,mid,973,1973,0.1190756130218506,2.0,2.0,0.7056404948234558,0.0004155678761890158
DQN,5,mid,974,1974,0.0004672718048095853,8.0,2.0,0.9127531051635742,0.00043828576235682704
DQN,5,mid,975,1975,0.17944236278533937,2.0,2.0,0.5604950189590454,0.0005500563274836168
DQN,5,mid,976,1976,0.19558352947235108,3.0,3.0,1.3516076803207397,0.00039818533696234226
DQN,5,mid,977,1977,0.21446480035781862,2.0,2.0,0.7098613381385803,0.008000915113370866
DQN,5,mid,978,1978,0.09866777241230013,2.0,2.0,0.24712444841861725,0.000933773786528036
DQN,5,mid,979,1979,-0.17818858623504635,10.0,2.0,0.5471381545066833,0.00044552043691510336
DQN,5,mid,980,1980,0.09000000000000001,1.0,1.0,0.38396719098091125,0.0002728177059907466
DQN,5,mid,981,1981,0.3151353764533997,2.0,2.0,0.612254798412323,0.007920140982605517
DQN,5,mid,982,1982,0.06266649246215822,2.0,2.0,0.456949919462204,0.0006218828493729234
DQN,5,mid,983,1983,0.17898656606674196,2.0,2.0,0.8373069167137146,0.00047231456846930087
DQN,5,mid,984,1984,0.09957127451896669,2.0,2.0,0.13127604126930237,0.00035140995896654204
DQN,5,mid,985,1985,0.09000000000000001,1.0,1.0,0.12775513529777527,0.00034402799792587757
DQN,5,mid,986,1986,0.15817800343036653,2.0,2.0,0.1277904063463211,0.0003886167687596753
DQN,5,mid,987,1987,0.01398976325988771,2.0,2.0,0.6121146082878113,0.0004910640709567815
DQN,5,mid,988,1988,0.16071041107177736,2.0,2.0,0.6798828840255737,0.000743434444302693
DQN,5,mid,989,1989,0.09000000000000001,1.0,1.0,0.3647049069404602,0.004624189808964729
DQN,5,mid,990,1990,0.12321992397308351,2.0,2.0,0.26574641466140747,0.0004275022220099345
DQN,5,mid,991,1991,0.12315590858459474,2.0,2.0,0.7985002398490906,0.0006102029583416879
DQN,5,mid,992,1992,0.09000000000000001,1.0,1.0,0.313279390335083,0.0005256549920886755
DQN,5,mid,993,1993,0.1806911301612854,3.0,3.0,0.6475090980529785,0.005138347623869777
DQN,5,mid,994,1994,0.09000000000000001,1.0,1.0,0.8393529057502747,0.00043207177077420056
DQN,5,mid,995,1995,0.09000000000000001,1.0,1.0,0.1343362033367157,0.00036773658939637244
DQN,5,mid,996,1996,0.09000000000000001,1.0,1.0,0.72580486536026,0.00040464854100719094
DQN,5,mid,997,1997,0.09000000000000001,1.0,1.0,0.7663744688034058,0.0005511266062967479
DQN,5,mid,998,1998,0.1158025336265564,3.0,3.0,0.8102404475212097,0.000574921170482412
DQN,5,mid,999,1999,0.1845496964454651,3.0,3.0,0.6923881769180298,0.004978105639262746
DQN,5,mid,1000,2000,0.09103698253631592,3.0,3.0,0.8104182481765747,0.005512177323301633
DQN,5,mid,1001,2001,0.1733220887184143,3.0,3.0,0.6661024689674377,0.00026017326551179093
DQN,5,mid,1002,2002,0.2543370294570923,2.0,2.0,0.5989827513694763,0.0005328761762939394
DQN,5,mid,1003,2003,0.09000000000000001,1.0,1.0,0.49827033281326294,0.0006814786465838552
DQN,5,mid,1004,2004,0.12777055978775026,2.0,2.0,0.5529803037643433,0.005531052767764777
DQN,5,mid,1005,2005,0.11896480798721315,2.0,2.0,0.346592515707016,0.0007588104344904423
DQN,5,mid,1006,2006,-0.14906701803207395,6.0,2.0,0.584536612033844,0.009762424451764673
DQN,5,mid,1007,2007,0.09000000000000001,1.0,1.0,0.2626405954360962,0.0006939268205314875
DQN,5,mid,1008,2008,0.3044536781311035,3.0,3.0,0.6346468925476074,0.018378827643270295
DQN,5,mid,1009,2009,-0.149496111869812,6.0,2.0,0.33371224999427795,0.008521967412283024
DQN,5,mid,1010,2010,0.09000000000000001,1.0,1.0,0.17337894439697266,0.0011556006502360106
DQN,5,mid,1011,2011,0.09000000000000001,1.0,1.0,0.11599530279636383,0.0009155441075563431
DQN,5,mid,1012,2012,0.2667899298667908,2.0,2.0,0.9581002593040466,0.0009101734613068402
DQN,5,mid,1013,2013,0.2688541579246521,2.0,2.0,0.47197842597961426,0.00966217223322019
DQN,5,mid,1014,2014,0.2549404072761536,2.0,2.0,0.965040385723114,0.016212533926591277
DQN,5,mid,1015,2015,0.043098347187042245,2.0,2.0,0.3432723879814148,0.0018036600959021598
DQN,5,mid,1016,2016,0.1621349620819092,2.0,2.0,0.4069587290287018,0.0008236478315666318
DQN,5,mid,1017,2017,0.10171421051025392,2.0,2.0,0.5394311547279358,0.0008560229034628719
DQN,5,mid,1018,2018,0.2849096727371216,3.0,3.0,0.8089314699172974,0.0008301769266836345
DQN,5,mid,1019,2019,-0.479153323173523,10.0,2.0,1.3440368175506592,0.0010075407451950013
DQN,5,mid,1020,2020,0.09000000000000001,1.0,1.0,0.14366112649440765,0.0008070155745372176
DQN,5,mid,1021,2021,0.1455614733695984,2.0,2.0,0.5854375958442688,0.0010513135930523276
DQN,5,mid,1022,2022,0.08825124979019167,2.0,2.0,0.9270673394203186,0.0005960371490800753
DQN,5,mid,1023,2023,0.03451044082641602,3.0,3.0,0.5494440197944641,0.0007011991498681406
DQN,5,mid,1024,2024,0.09000000000000001,1.0,1.0,0.7488675713539124,0.0003203315136488527
DQN,5,mid,1025,2025,0.1675021815299988,2.0,2.0,0.5053758025169373,0.0006127152882982045
DQN,5,mid,1026,2026,0.3027370047569275,3.0,3.0,0.9033911824226379,0.00097999752809604
DQN,5,mid,1027,2027,-0.0025096940994262656,3.0,2.0,0.7535045742988586,0.0007610770020013055
DQN,5,mid,1028,2028,0.09000000000000001,1.0,1.0,0.1580842286348343,0.000576547347009182
DQN,5,mid,1029,2029,0.19156925559043886,2.0,2.0,0.3714718520641327,0.0006496613787021488
DQN,5,mid,1030,2030,0.09000000000000001,1.0,1.0,0.1603950411081314,0.00046991038834676147
DQN,5,mid,1031,2031,0.09000000000000001,1.0,1.0,0.4737478792667389,0.000631325354333967
DQN,5,mid,1032,2032,-0.012732071876525863,2.0,2.0,0.32783231139183044,0.0005306363455019891
DQN,5,mid,1033,2033,0.29172877311706547,6.0,6.0,0.9101921319961548,0.0019318561729354162
DQN,5,mid,1034,2034,-0.5852879166603089,10.0,2.0,0.8405944108963013,0.0007311255118111149
DQN,5,mid,1035,2035,0.1841802763938904,2.0,2.0,0.6552953720092773,0.001170989009551704
DQN,5,mid,1036,2036,0.1108930277824402,2.0,2.0,0.5284072756767273,0.0003958066808991134
DQN,5,mid,1037,2037,0.09000000000000001,1.0,1.0,0.17423458397388458,0.0007968500722199678
DQN,5,mid,1038,2038,0.09000000000000001,1.0,1.0,0.042171988636255264,0.0006749494932591915
DQN,5,mid,1039,2039,-0.21023362159729003,3.0,3.0,0.9047189354896545,0.00640674007202809
DQN,5,mid,1040,2040,0.06759430646896364,2.0,2.0,0.21560649573802948,0.0006595144368475303
DQN,5,mid,1041,2041,0.08102193653583528,2.0,2.0,0.24974848330020905,0.0008404869004152715
DQN,5,mid,1042,2042,0.15302496910095215,4.0,4.0,0.5603349804878235,0.0010339020664105192
DQN,5,mid,1043,2043,0.29660113334655763,2.0,2.0,1.303981065750122,0.001911650411784649
DQN,5,mid,1044,2044,0.08786476373672486,3.0,3.0,0.6998100280761719,0.02134023985126987
DQN,5,mid,1045,2045,-0.08514283657073975,6.0,3.0,0.6797369718551636,0.0005655708519043401
DQN,5,mid,1046,2046,0.03643567800521852,6.0,3.0,0.908409059047699,0.0006925111083546653
DQN,5,mid,1047,2047,0.09000000000000001,1.0,1.0,0.18310999870300293,0.002795160748064518
DQN,5,mid,1048,2048,0.17791243076324464,2.0,2.0,0.8464134931564331,0.0008454415074083954
DQN,5,mid,1049,2049,0.12508647322654726,2.0,2.0,0.3764774203300476,0.0004303340247133747
DQN,5,mid,1050,2050,0.09000000000000001,1.0,1.0,0.44165924191474915,0.0016952927689999342
DQN,5,mid,1051,2051,-0.42402029037475586,10.0,3.0,0.7386895418167114,0.0019330455776071175
DQN,5,mid,1052,2052,0.0642386841773987,2.0,2.0,0.702145516872406,0.0006637904152739793
DQN,5,mid,1053,2053,-0.25892430543899536,10.0,5.0,0.6828168034553528,0.0006852112070191652
DQN,5,mid,1054,2054,0.20694767117500307,2.0,2.0,0.3979022204875946,0.0003735671780304983
DQN,5,mid,1055,2055,0.32140584468841554,2.0,2.0,0.3071787357330322,0.0005841007514391094
DQN,5,mid,1056,2056,0.19500146985054018,2.0,2.0,0.4648515284061432,0.0006172031571622938
DQN,5,mid,1057,2057,0.06212038516998292,3.0,3.0,0.6354354023933411,0.009444469188262397
DQN,5,mid,1058,2058,0.18690176486968996,2.0,2.0,0.905758261680603,0.009276017954107374
DQN,5,mid,1059,2059,0.11574565589427949,3.0,3.0,0.1612381637096405,0.0020503041062814495
DQN,5,mid,1060,2060,0.09000000000000001,1.0,1.0,0.19326749444007874,0.0014807450352236629
DQN,5,mid,1061,2061,0.2413470220565796,3.0,3.0,1.1922391653060913,0.002487885794835165
DQN,5,mid,1062,2062,0.08622427463531496,2.0,2.0,0.7826475501060486,0.017454790708143264
DQN,5,mid,1063,2063,0.2576790022850037,2.0,2.0,0.6397742629051208,0.0005336088506737724
DQN,5,mid,1064,2064,0.20986337184906007,3.0,3.0,0.8279231190681458,0.00038120247578869265
DQN,5,mid,1065,2065,0.13979024648666383,4.0,3.0,0.676679253578186,0.004660786835302133
DQN,5,mid,1066,2066,0.1333113479614258,2.0,2.0,0.7888507843017578,0.0003736466751433909
DQN,5,mid,1067,2067,0.09000000000000001,1.0,1.0,0.9036296606063843,0.0003469281946308911
DQN,5,mid,1068,2068,-0.5883758246898652,10.0,2.0,0.3781241774559021,0.004441461662645451
DQN,5,mid,1069,2069,0.09000000000000001,1.0,1.0,0.20802976191043854,0.0003686120908241719
DQN,5,mid,1070,2070,-0.07848025143146513,3.0,3.0,0.34156689047813416,0.0007383164872104923
DQN,5,mid,1071,2071,0.09000000000000001,1.0,1.0,0.22272591292858124,0.0007317605195567012
DQN,5,mid,1072,2072,0.13232793092727663,2.0,2.0,0.8560928106307983,0.024193949531763792
DQN,5,mid,1073,2073,0.09000000000000001,1.0,1.0,0.14807085692882538,0.0003851237415801734
DQN,5,mid,1074,2074,0.12097132921218873,3.0,3.0,0.783640444278717,0.0005235656669052938
DQN,5,mid,1075,2075,-0.2911572980880737,3.0,3.0,0.7606000304222107,0.0006664451405716439
DQN,5,mid,1076,2076,0.09000000000000001,1.0,1.0,0.3177570700645447,0.0074088433757424355
DQN,5,mid,1077,2077,0.09227551698684694,2.0,2.0,0.22845114767551422,0.07495815779839177
DQN,5,mid,1078,2078,0.09000000000000001,1.0,1.0,0.4584802985191345,0.0005423991824500263
DQN,5,mid,1079,2079,0.1244462299346924,2.0,2.0,0.5173738598823547,0.0008146633626893163
DQN,5,mid,1080,2080,0.16335307240486147,2.0,2.0,0.38991594314575195,0.0008145641186274588
DQN,5,mid,1081,2081,0.28452438831329346,3.0,3.0,1.1407458782196045,0.00039413844933733344
DQN,5,mid,1082,2082,0.09000000000000001,1.0,1.0,0.3385489881038666,0.0004105621192138642
DQN,5,mid,1083,2083,0.09000000000000001,1.0,1.0,0.46754464507102966,0.000373619346646592
DQN,5,mid,1084,2084,0.3251361417770386,2.0,2.0,1.095264196395874,0.0003993600548710674
DQN,5,mid,1085,2085,0.0735160279273987,2.0,2.0,0.5577062964439392,0.0006968793750274926
DQN,5,mid,1086,2086,0.13234586238861085,3.0,3.0,0.8049708604812622,0.0011915667273569852
DQN,5,mid,1087,2087,0.04790841221809388,2.0,2.0,0.41542816162109375,0.02988569438457489
DQN,5,mid,1088,2088,-0.500329601764679,10.0,2.0,0.5430182218551636,0.007793790969299152
DQN,5,mid,1089,2089,0.09000000000000001,1.0,1.0,0.8614043593406677,0.0007673369254916906
DQN,5,mid,1090,2090,-0.369276225566864,10.0,3.0,0.6493722796440125,0.012463897629640997
DQN,5,mid,1091,2091,0.23785312652587892,2.0,2.0,0.5627790689468384,0.012927779636811465
DQN,5,mid,1092,2092,0.1096447277069092,2.0,2.0,0.3743670582771301,0.01676556037273258
DQN,5,mid,1093,2093,0.09000000000000001,1.0,1.0,0.06341789662837982,0.0008991655195131898
DQN,5,mid,1094,2094,0.05225482761859895,2.0,2.0,0.2518889009952545,0.0008249768288806081
DQN,5,mid,1095,2095,0.28121442317962647,3.0,3.0,0.5688552260398865,0.005190621052558224
DQN,5,mid,1096,2096,0.17330806136131288,2.0,2.0,0.39387115836143494,0.0006823711446486413
DQN,5,mid,1097,2097,0.012944267988204972,2.0,2.0,0.48030808568000793,0.0027898697298951447
DQN,5,mid,1098,2098,0.08022798776626588,2.0,2.0,0.684229850769043,0.008071951684542
DQN,5,mid,1099,2099,-0.13269011497497557,7.0,3.0,0.7576907873153687,0.0067536996378164205
DQN,5,mid,1100,2100,0.09000000000000001,1.0,1.0,0.757886528968811,0.0009028250933624804
DQN,5,mid,1101,2101,0.09000000000000001,1.0,1.0,0.5807124972343445,0.0008770005078986287
DQN,5,mid,1102,2102,0.09000000000000001,1.0,1.0,0.27334901690483093,0.0008663954795338213
DQN,5,mid,1103,2103,0.009351260662078878,3.0,3.0,0.6294388771057129,0.005280782391006748
DQN,5,mid,1104,2104,0.4194197726249695,3.0,3.0,0.8548180460929871,0.000939647414876769
DQN,5,mid,1105,2105,0.056194068789482125,2.0,2.0,0.1628086268901825,0.0007616275979671627
DQN,5,mid,1106,2106,0.14850534677505495,2.0,2.0,0.4358695149421692,0.0010533285385463387
DQN,5,mid,1107,2107,0.06006421327590943,2.0,2.0,0.9336864352226257,0.0007285572064574808
DQN,5,mid,1108,2108,0.06866230249404909,2.0,2.0,0.5887688994407654,0.0007699521665927023
DQN,5,mid,1109,2109,0.09000000000000001,1.0,1.0,0.17307555675506592,0.0005137270200066268
DQN,5,mid,1110,2110,0.11719047307968139,7.0,5.0,0.8019236922264099,0.006827024327191923
DQN,5,mid,1111,2111,0.019197778701782242,2.0,2.0,0.39980119466781616,0.00119038499542512
DQN,5,mid,1112,2112,0.14587970256805421,2.0,2.0,0.5516590476036072,0.010474018345121294
DQN,5,mid,1113,2113,0.16351354837417603,3.0,3.0,0.7931836843490601,0.012765625957399607
DQN,5,mid,1114,2114,0.09000000000000001,1.0,1.0,0.23765625059604645,0.000855824036989361
DQN,5,mid,1115,2115,-0.5190942168235779,10.0,2.0,0.7394266128540039,0.0014379519561771303
DQN,5,mid,1116,2116,0.08228106975555421,2.0,2.0,0.4181395471096039,0.001401283370796591
DQN,5,mid,1117,2117,0.17601234436035157,3.0,3.0,1.0371710062026978,0.0022923280290948846
DQN,5,mid,1118,2118,-0.2765131378173828,9.0,3.0,0.6674609780311584,0.0009526861960896187
DQN,5,mid,1119,2119,0.1400995421409607,2.0,2.0,0.6706239581108093,0.001880030962638557
DQN,5,mid,1120,2120,0.1043400263786316,4.0,3.0,0.6214996576309204,0.0006615780584979802
DQN,5,mid,1121,2121,0.09000000000000001,1.0,1.0,0.6833301186561584,0.0015998284798115492
DQN,5,mid,1122,2122,0.007191406488418595,2.0,2.0,0.44793203473091125,0.005099181260447949
DQN,5,mid,1123,2123,-0.06235408067703245,3.0,3.0,0.697952151298523,0.0009612581925466657
DQN,5,mid,1124,2124,0.09000000000000001,1.0,1.0,0.8860300779342651,0.0006558072054758668
DQN,5,mid,1125,2125,0.11682988882064821,2.0,2.0,0.6582990288734436,0.0006785875011701137
DQN,5,mid,1126,2126,-0.6732368946075441,10.0,2.0,0.827592670917511,0.0075568477041088045
DQN,5,mid,1127,2127,0.03260962963104251,5.0,5.0,0.4382719397544861,0.0018243150669150054
DQN,5,mid,1128,2128,0.09000000000000001,1.0,1.0,0.1812121421098709,0.008772032335400581
DQN,5,mid,1129,2129,0.13789399147033693,2.0,2.0,0.752810537815094,0.001019560033455491
DQN,5,mid,1130,2130,0.20902116537094115,6.0,3.0,0.7429874539375305,0.006784289425316577
DQN,5,mid,1131,2131,-0.3722107124328613,7.0,2.0,1.1959142684936523,0.0019129054354769842
DQN,5,mid,1132,2132,0.22058791637420655,3.0,3.0,0.6948891878128052,0.009885773780600479
DQN,5,mid,1133,2133,0.17372052550315858,2.0,2.0,0.39386868476867676,0.00092503143241629
DQN,5,mid,1134,2134,0.19333322525024416,2.0,2.0,0.6760240197181702,0.00042041811684612185
DQN,5,mid,1135,2135,0.39413220405578614,3.0,3.0,0.6857703924179077,0.0006198751216288656
DQN,5,mid,1136,2136,0.09000000000000001,1.0,1.0,0.17585809528827667,0.0006184117519296706
DQN,5,mid,1137,2137,0.0950585174560547,2.0,2.0,0.7605379223823547,0.000924544146982953
DQN,5,mid,1138,2138,0.0809150803089142,2.0,2.0,0.375039279460907,0.0003796405508182943
DQN,5,mid,1139,2139,0.3670121502876282,3.0,3.0,0.9102469086647034,0.0005300385334218541
DQN,5,mid,1140,2140,0.21811391592025758,2.0,2.0,0.7221059799194336,0.0011667429062072188
DQN,5,mid,1141,2141,0.1394727396965027,2.0,2.0,0.6609875559806824,0.0024694968888070434
DQN,5,mid,1142,2142,0.2020095705986023,5.0,3.0,0.985887348651886,0.023109926033066587
DQN,5,mid,1143,2143,0.09000000000000001,1.0,1.0,0.6535144448280334,0.0005060962866991758
DQN,5,mid,1144,2144,0.19642396450042726,2.0,2.0,0.7196751832962036,0.0007919040217529982
DQN,5,mid,1145,2145,0.1271711015701294,6.0,4.0,0.5821045637130737,0.004101654461313349
DQN,5,mid,1146,2146,0.09000000000000001,1.0,1.0,0.22512266039848328,0.000983027508482337
DQN,5,mid,1147,2147,-0.024858527183532722,3.0,3.0,0.6615082025527954,0.000807809546434631
DQN,5,mid,1148,2148,0.030605328083038334,5.0,3.0,0.39923784136772156,0.0010171214118599892
DQN,5,mid,1149,2149,0.06403769358992578,2.0,2.0,0.07414821535348892,0.0005389644356910139
DQN,5,mid,1150,2150,0.09000000000000001,1.0,1.0,0.5037772059440613,0.00071060995105654
DQN,5,mid,1151,2151,0.04872609853744508,2.0,2.0,0.6981988549232483,0.053319464495871216
DQN,5,mid,1152,2152,0.09000000000000001,1.0,1.0,0.24004928767681122,0.00044788524974137545
DQN,5,mid,1153,2153,0.06521295189857484,2.0,2.0,0.3200426995754242,0.0006578464817721397
DQN,5,mid,1154,2154,-0.021727366447448715,2.0,2.0,0.5371235609054565,0.00057977122196462
DQN,5,mid,1155,2155,-0.4693334102630615,10.0,3.0,1.0512630939483643,0.004738909989828244
DQN,5,mid,1156,2156,-0.011850399971008285,2.0,2.0,0.8090011477470398,0.0838805277744541
DQN,5,mid,1157,2157,0.09000000000000001,1.0,1.0,0.31636714935302734,0.0012498813448473811
DQN,5,mid,1158,2158,-0.5332241535186768,10.0,2.0,1.0063788890838623,0.0018868571147322654
DQN,5,mid,1159,2159,-0.005978984832763656,2.0,2.0,0.7563145756721497,0.0008105295710265636
DQN,5,mid,1160,2160,0.09000000000000001,1.0,1.0,0.38078179955482483,0.0006185983074828982
DQN,5,mid,1161,2161,0.08352936983108522,2.0,2.0,0.4944729208946228,0.0004533790925052017
DQN,5,mid,1162,2162,0.40395087718963624,3.0,3.0,1.052287220954895,0.000676038044427211
DQN,5,mid,1163,2163,0.16746641874313356,2.0,2.0,0.5480749607086182,0.0017867404385469854
DQN,5,mid,1164,2164,0.2090318274497986,3.0,3.0,0.7313714623451233,0.0005242283126184096
DQN,5,mid,1165,2165,0.021772818565368668,2.0,2.0,1.1015725135803223,0.0006211710860952735
DQN,5,mid,1166,2166,0.1496930193901062,3.0,3.0,0.6235030889511108,0.0009727547585498542
DQN,5,mid,1167,2167,0.09000000000000001,1.0,1.0,0.3850801885128021,0.00028010428650304675
DQN,5,mid,1168,2168,0.03294424891471864,2.0,2.0,0.32357239723205566,0.000789011231972836
DQN,5,mid,1169,2169,-0.22682238817214967,10.0,4.0,0.9742206931114197,0.0035645197087433187
DQN,5,mid,1170,2170,0.12381740093231203,2.0,2.0,0.6986637115478516,0.0003876496193697676
DQN,5,mid,1171,2171,0.10862433910369873,5.0,4.0,1.0098966360092163,0.01126181500731036
DQN,5,mid,1172,2172,0.09000000000000001,1.0,1.0,0.5873111486434937,0.0007799491286277771
DQN,5,mid,1173,2173,-0.016497324705123897,3.0,2.0,0.31097739934921265,0.005592977375878642
DQN,5,mid,1174,2174,0.09000000000000001,1.0,1.0,0.2685733735561371,0.001258150557987392
DQN,5,mid,1175,2175,0.24667737603187562,3.0,3.0,0.37255093455314636,0.0031576944747939706
DQN,5,mid,1176,2176,0.09000000000000001,1.0,1.0,0.14504659175872803,0.07080105692148209
DQN,5,mid,1177,2177,0.09000000000000001,1.0,1.0,0.19780433177947998,0.00900258682668209
DQN,5,mid,1178,2178,-0.27881638288497923,8.0,3.0,0.6260013580322266,0.006763264587789308
DQN,5,mid,1179,2179,0.2128222155570984,2.0,2.0,0.5709250569343567,0.0011415404151193798
DQN,5,mid,1180,2180,0.041193532943725596,5.0,5.0,1.157685399055481,0.0013110159430652856
DQN,5,mid,1181,2181,0.0994443464279175,2.0,2.0,0.27624449133872986,0.0020626500772777945
DQN,5,mid,1182,2182,0.09000000000000001,1.0,1.0,0.8266851305961609,0.0011202908353880048
DQN,5,mid,1183,2183,0.09000000000000001,1.0,1.0,0.14080393314361572,0.0021307028364390135
DQN,5,mid,1184,2184,0.09000000000000001,1.0,1.0,0.19640299677848816,0.0012136540608480573
DQN,5,mid,1185,2185,0.09000000000000001,1.0,1.0,0.5344087481498718,0.03715306892991066
DQN,5,mid,1186,2186,0.12808491468429567,2.0,2.0,0.8138049244880676,0.001088304998120293
DQN,5,mid,1187,2187,0.11299378633499146,4.0,3.0,0.8591640591621399,0.0015168157988227904
DQN,5,mid,1188,2188,0.21137179613113405,2.0,2.0,0.7272503972053528,0.001164327492006123
DQN,5,mid,1189,2189,0.09000000000000001,1.0,1.0,0.38328561186790466,0.0008161766454577446
DQN,5,mid,1190,2190,0.14628292798995973,2.0,2.0,0.38973113894462585,0.003526661836076528
DQN,5,mid,1191,2191,0.13254721879959108,3.0,2.0,0.9148258566856384,0.0013151604992647965
DQN,5,mid,1192,2192,-0.03168923974037169,2.0,2.0,0.2561475336551666,0.0013934809830971062
DQN,5,mid,1193,2193,0.15260143756866457,2.0,2.0,0.603980541229248,0.0007324602047447115
DQN,5,mid,1194,2194,0.09000000000000001,1.0,1.0,0.16866950690746307,0.0017769853584468365
DQN,5,mid,1195,2195,-0.29326544046401976,4.0,2.0,0.7775813341140747,0.005317030067089945
DQN,5,mid,1196,2196,0.09000000000000001,1.0,1.0,0.253908634185791,0.0012755224015563726
DQN,5,mid,1197,2197,0.05103048861026765,2.0,2.0,0.1705806404352188,0.0013114555622451007
DQN,5,mid,1198,2198,0.34379382610321046,2.0,2.0,1.0299885272979736,0.0009426510077901185
DQN,5,mid,1199,2199,0.09000000000000001,1.0,1.0,0.5482040643692017,0.001349149621091783
DQN,5,mid,1200,2200,0.09000000000000001,1.0,1.0,0.6454353332519531,0.0007589307497255504
DQN,5,mid,1201,2201,0.05931098937988282,2.0,2.0,0.3796550929546356,0.0005422955146059394
DQN,5,mid,1202,2202,0.09000000000000001,1.0,1.0,0.22198545932769775,0.0011958072427660227
DQN,5,mid,1203,2203,0.09000000000000001,1.0,1.0,0.14049753546714783,0.09649115800857544
DQN,5,mid,1204,2204,0.1913810443878174,3.0,3.0,0.6201959848403931,0.0013440098846331239
DQN,5,mid,1205,2205,-0.06266727864742279,2.0,2.0,0.3276066780090332,0.000753990316297859
DQN,5,mid,1206,2206,0.12420536756515504,2.0,2.0,0.2920687794685364,0.004156317649176344
DQN,5,mid,1207,2207,0.14217247247695924,2.0,2.0,0.8611453175544739,0.002378860954195261
DQN,5,mid,1208,2208,0.04225011348724366,2.0,2.0,0.9056140184402466,0.0009675906039774418
DQN,5,mid,1209,2209,0.09000000000000001,1.0,1.0,0.18622450530529022,0.00042118944111280143
DQN,5,mid,1210,2210,0.09000000000000001,1.0,1.0,0.1471487432718277,0.068231962621212
DQN,5,mid,1211,2211,0.08573241710662843,2.0,2.0,0.673262894153595,0.0114597431384027
DQN,5,mid,1212,2212,0.09000000000000001,1.0,1.0,0.2744213044643402,0.0006136854644864798
DQN,5,mid,1213,2213,0.04660722792148591,2.0,2.0,0.2716327905654907,0.05140069994376972
DQN,5,mid,1214,2214,0.1763265895843506,2.0,2.0,0.5697287917137146,0.0007053597073536366
DQN,5,mid,1215,2215,0.09000000000000001,1.0,1.0,0.09060215204954147,0.0013561544474214315
DQN,5,mid,1216,2216,0.10079585194587709,2.0,2.0,0.44560161232948303,0.000803644914412871
DQN,5,mid,1217,2217,0.18288029909133913,2.0,2.0,0.4043269157409668,0.0007619399402756244
DQN,5,mid,1218,2218,0.15673048973083498,2.0,2.0,0.71323162317276,0.0006331088661681861
DQN,5,mid,1219,2219,0.09000000000000001,1.0,1.0,0.9955886006355286,0.0005683652707375586
DQN,5,mid,1220,2220,0.09000000000000001,1.0,1.0,0.09733252972364426,0.0008301400230266154
DQN,5,mid,1221,2221,0.18426746845245362,3.0,3.0,0.6010884046554565,0.0005910182371735573
DQN,5,mid,1222,2222,0.046807663440704354,2.0,2.0,0.315827339887619,0.026700056972913444
DQN,5,mid,1223,2223,-0.23984420299530032,10.0,3.0,0.8078947067260742,0.004518303117947653
DQN,5,mid,1224,2224,0.24094958782196046,2.0,2.0,1.0065997838974,0.000675429415423423
DQN,5,mid,1225,2225,-0.11854734897613524,8.0,2.0,1.1530519723892212,0.01908376311257598
DQN,5,mid,1226,2226,0.041513032913208014,3.0,3.0,0.5251421928405762,0.0009779319710408647
DQN,5,mid,1227,2227,0.09000000000000001,1.0,1.0,0.33559727668762207,0.0009411575738340616
DQN,5,mid,1228,2228,0.13848907470703126,3.0,3.0,0.9852555990219116,0.001243873421723644
DQN,5,mid,1229,2229,0.09000000000000001,1.0,1.0,0.3612913191318512,0.15440034866333008
DQN,5,mid,1230,2230,0.09000000000000001,1.0,1.0,0.42509788274765015,0.0011357043404132128
DQN,5,mid,1231,2231,0.1748954224586487,2.0,2.0,0.6942610740661621,0.0010379463783465326
DQN,5,mid,1232,2232,0.1494091320037842,2.0,2.0,0.6984612345695496,0.0018593923305161297
DQN,5,mid,1233,2233,0.22395934343338014,2.0,2.0,0.7339784502983093,0.000822698202682659
DQN,5,mid,1234,2234,0.09000000000000001,1.0,1.0,0.3055391311645508,0.000600930827204138
DQN,5,mid,1235,2235,0.09000000000000001,1.0,1.0,0.33836379647254944,0.0006304610869847238
DQN,5,mid,1236,2236,0.11882765769958498,2.0,2.0,0.5926221609115601,0.0009914287365972996
DQN,5,mid,1237,2237,-0.042734973430633524,3.0,3.0,0.3152504563331604,0.0006339948546762267
DQN,5,mid,1238,2238,0.09000000000000001,1.0,1.0,0.1838008165359497,0.0005139414570294321
DQN,5,mid,1239,2239,0.025930938720703137,4.0,4.0,0.37987062335014343,0.0068188850418664515
DQN,5,mid,1240,2240,0.09145767211914063,3.0,3.0,1.0830930471420288,0.0009535356269528469
DQN,5,mid,1241,2241,0.11708571195602419,2.0,2.0,0.6556543707847595,0.0004970194422639906
DQN,5,mid,1242,2242,0.09000000000000001,1.0,1.0,0.40490689873695374,0.00041139396489597857
DQN,5,mid,1243,2243,-0.3399132251739502,10.0,3.0,0.6301661133766174,0.0011609902168856934
DQN,5,mid,1244,2244,0.01721214413642884,4.0,2.0,0.3570996820926666,0.01354580934275873
DQN,5,mid,1245,2245,0.13836486816406252,2.0,2.0,0.9339037537574768,0.0007189329480752349
DQN,5,mid,1246,2246,-0.280915379524231,10.0,3.0,0.9543781280517578,0.016228015569504352
DQN,5,mid,1247,2247,0.09000000000000001,1.0,1.0,0.15729419887065887,0.004149248823523521
DQN,5,mid,1248,2248,-0.5228590250015259,10.0,2.0,0.8256341218948364,0.0031994415970984847
DQN,5,mid,1249,2249,0.0006075668334961093,2.0,2.0,0.6629680395126343,0.0007346424972638488
DQN,5,mid,1250,2250,0.03917457342147828,2.0,2.0,0.4492204785346985,0.0011016439530067146
DQN,5,mid,1251,2251,0.35427863121032716,3.0,3.0,0.7710961103439331,0.0005625560394643495
DQN,5,mid,1252,2252,0.19848180532455445,3.0,3.0,0.6992030739784241,0.0005745386297348887
DQN,5,mid,1253,2253,0.09000000000000001,1.0,1.0,0.7047718167304993,0.00030874356161803007
DQN,5,mid,1254,2254,-0.5316458940505981,10.0,3.0,0.9515453577041626,0.0022065409953938796
DQN,5,mid,1255,2255,0.09000000000000001,1.0,1.0,0.25621888041496277,0.003730658907443285
DQN,5,mid,1256,2256,0.09000000000000001,1.0,1.0,0.1457529366016388,0.00075794622534886
DQN,5,mid,1257,2257,0.22226465463638306,3.0,3.0,0.7142957448959351,0.0004433761544836064
DQN,5,mid,1258,2258,-0.003927720785140976,2.0,2.0,0.3415285646915436,0.00050338328583166
DQN,5,mid,1259,2259,0.09000000000000001,1.0,1.0,0.5392332673072815,0.0006683592218905687
DQN,5,mid,1260,2260,0.09000000000000001,1.0,1.0,0.41853782534599304,0.0006403939332813025
DQN,5,mid,1261,2261,0.09000000000000001,1.0,1.0,0.5321727395057678,0.0004342982138041407
DQN,5,mid,1262,2262,0.05535734415054322,3.0,3.0,0.6514462828636169,0.015617493443035832
DQN,5,mid,1263,2263,0.09000000000000001,1.0,1.0,0.40124982595443726,0.0006461075972765684
DQN,5,mid,1264,2264,0.01734990596771241,3.0,3.0,0.8344303965568542,0.024251694422370445
DQN,5,mid,1265,2265,0.03917457342147828,2.0,2.0,0.4492204785346985,0.0004375516145955771
DQN,5,mid,1266,2266,0.19563223600387575,2.0,2.0,0.6185092329978943,0.0005994478415232152
DQN,5,mid,1267,2267,0.14023603677749635,2.0,2.0,0.6916323304176331,0.0006823611620347947
DQN,5,mid,1268,2268,0.09000000000000001,1.0,1.0,0.12544004619121552,0.03191627562046051
DQN,5,mid,1269,2269,0.09000000000000001,1.0,1.0,0.36649563908576965,0.0004765777848660946
DQN,5,mid,1270,2270,0.09000000000000001,1.0,1.0,0.21915128827095032,0.00047549139708280563
DQN,5,mid,1271,2271,0.09289862394332887,2.0,2.0,0.17084427177906036,0.0004988592554582283
DQN,5,mid,1272,2272,0.09000000000000001,1.0,1.0,0.14407849311828613,0.00035474804462864995
DQN,5,mid,1273,2273,0.0037847924232483066,2.0,2.0,0.4389069378376007,0.0005368538550101221
DQN,5,mid,1274,2274,-0.036214394569397,7.0,3.0,0.9050846099853516,0.0025546939078984515
DQN,5,mid,1275,2275,0.19362510919570924,2.0,2.0,0.7634544372558594,0.00029053218895569444
DQN,5,mid,1276,2276,0.02881981611251832,2.0,2.0,1.0103068351745605,0.0007211852935142815
DQN,5,mid,1277,2277,0.09000000000000001,1.0,1.0,0.5171873569488525,0.0006748625310137868
DQN,5,mid,1278,2278,0.09000000000000001,1.0,1.0,0.4698491096496582,0.0006475409609265625
DQN,5,mid,1279,2279,0.09000000000000001,1.0,1.0,0.23543474078178406,0.0008187041967175901
DQN,5,mid,1280,2280,0.15257097959518434,2.0,2.0,0.8933824300765991,0.00022528881527250633
DQN,5,mid,1281,2281,0.20683928012847902,2.0,2.0,0.6351554989814758,0.00027583451446844265
DQN,5,mid,1282,2282,0.09000000000000001,1.0,1.0,0.1699361652135849,0.0007024975493550301
DQN,5,mid,1283,2283,0.3342645239830017,3.0,3.0,0.45006895065307617,0.0006631531578022987
DQN,5,mid,1284,2284,0.09000000000000001,1.0,1.0,0.1492973417043686,0.0005132511141709983
DQN,5,mid,1285,2285,0.09000000000000001,1.0,1.0,0.2858259975910187,0.0004202515119686723
DQN,5,mid,1286,2286,-0.05923918485641479,5.0,2.0,0.706956684589386,0.0033629527781158684
DQN,5,mid,1287,2287,-0.2939516305923462,10.0,3.0,1.0249192714691162,0.007542542755254544
DQN,5,mid,1288,2288,0.20989139556884767,2.0,2.0,0.7324897050857544,0.0027636567829176784
DQN,5,mid,1289,2289,0.11838931560516358,3.0,3.0,0.7836114764213562,0.002814840331363181
DQN,5,mid,1290,2290,0.09000000000000001,1.0,1.0,0.2987082898616791,0.0012552888365462422
DQN,5,mid,1291,2291,0.09000000000000001,1.0,1.0,0.16672277450561523,0.0005486964946612716
DQN,5,mid,1292,2292,0.16187746286392213,4.0,3.0,0.6178086996078491,0.0059237319001113065
DQN,5,mid,1293,2293,-0.011369926929473861,2.0,2.0,0.294952929019928,0.0009153733553830534
DQN,5,mid,1294,2294,0.007690327167511002,2.0,2.0,0.3908561170101166,0.0005872526089660823
DQN,5,mid,1295,2295,-0.26440207719802855,6.0,3.0,0.43419408798217773,0.0008939241039721916
DQN,5,mid,1296,2296,0.1394730579853058,3.0,3.0,0.47212448716163635,0.0005790675447011987
DQN,5,mid,1297,2297,0.09000000000000001,1.0,1.0,0.22713391482830048,0.001647475059144199
DQN,5,mid,1298,2298,0.12833751916885378,2.0,2.0,0.22435414791107178,0.0005351237487047911
DQN,5,mid,1299,2299,0.21577215909957886,3.0,3.0,0.6407366991043091,0.0005638774988862375
DQN,5,mid,1300,2300,0.07887832999229433,2.0,2.0,0.14512503147125244,0.004213525768136606
DQN,5,mid,1301,2301,0.03639793574810029,2.0,2.0,0.22321699559688568,0.0008768807165324688
DQN,5,mid,1302,2302,0.25262691259384157,2.0,2.0,0.7367185950279236,0.0007028593972790986
DQN,5,mid,1303,2303,-0.026001667976379386,5.0,2.0,0.7440375685691833,0.0006897610845044255
DQN,5,mid,1304,2304,0.17605630278587342,3.0,3.0,0.45693859457969666,0.007432571423123591
DQN,5,mid,1305,2305,0.09000000000000001,1.0,1.0,0.08799459040164948,0.0007100393995642662
DQN,5,mid,1306,2306,0.06675005674362183,3.0,3.0,0.6687607765197754,0.022086440595254924
DQN,5,mid,1307,2307,0.09000000000000001,1.0,1.0,0.4610978960990906,0.0007041938370093703
DQN,5,mid,1308,2308,-0.016895277500152572,2.0,2.0,0.9298437833786011,0.0009714208426885307
DQN,5,mid,1309,2309,-0.18071001052856445,3.0,3.0,0.7803374528884888,0.0055783471907489
DQN,5,mid,1310,2310,0.09000000000000001,1.0,1.0,0.22391049563884735,0.0011603535385802388
DQN,5,mid,1311,2311,-0.3698330521583557,10.0,3.0,0.41148144006729126,0.002898968436056748
DQN,5,mid,1312,2312,0.11083002567291261,2.0,2.0,0.6021237373352051,0.0007089114806149155
DQN,5,mid,1313,2313,0.010545523762702957,2.0,2.0,0.20187006890773773,0.0008047311566770077
DQN,5,mid,1314,2314,0.11753709793090822,2.0,2.0,0.9168981909751892,0.0008050873002503067
DQN,5,mid,1315,2315,0.3257956075668335,2.0,2.0,0.8608378171920776,0.0010104950924869627
DQN,5,mid,1316,2316,0.0770587193965912,2.0,2.0,0.2791488766670227,0.0005470268370117992
DQN,5,mid,1317,2317,0.28615851879119875,2.0,2.0,0.7762994170188904,0.0006386968598235399
DQN,5,mid,1318,2318,0.07638734340667724,4.0,4.0,0.48475217819213867,0.027332522528013214
DQN,5,mid,1319,2319,0.09000000000000001,1.0,1.0,0.3007330596446991,0.0008665292407386005
DQN,5,mid,1320,2320,0.17678626060485841,2.0,2.0,0.7538506388664246,0.0006652563170064241
DQN,5,mid,1321,2321,0.3395072388648987,2.0,2.0,0.7742144465446472,0.0008599398424848914
DQN,5,mid,1322,2322,0.22228957891464235,2.0,2.0,0.64924156665802,0.0130112458136864
DQN,5,mid,1323,2323,0.09000000000000001,1.0,1.0,0.2371596395969391,0.0008171940571628511
DQN,5,mid,1324,2324,0.1314468550682068,2.0,2.0,0.6580537557601929,0.0005913126224186271
DQN,5,mid,1325,2325,0.05725313901901246,2.0,2.0,0.3297998011112213,0.0011622055026236922
DQN,5,mid,1326,2326,0.11613578319549561,3.0,3.0,1.0799894332885742,0.0007415449751230577
DQN,5,mid,1327,2327,0.08078770518302919,2.0,2.0,0.33636102080345154,0.0005641178286168724
DQN,5,mid,1328,2328,0.22943909645080568,2.0,2.0,0.8863366842269897,0.00037260148383211344
DQN,5,mid,1329,2329,0.09000000000000001,1.0,1.0,0.2739536464214325,0.0005062456475570798
DQN,5,mid,1330,2330,0.19088316679000855,3.0,3.0,0.6932054758071899,0.001244190944513927
DQN,5,mid,1331,2331,0.09000000000000001,1.0,1.0,0.4866119921207428,0.047672465443611145
DQN,5,mid,1332,2332,0.09388931274414064,2.0,2.0,0.4356309473514557,0.002216239459812641
DQN,5,mid,1333,2333,0.036221453845500955,2.0,2.0,0.09612806141376495,0.0005571612855419517
DQN,5,mid,1334,2334,0.09000000000000001,1.0,1.0,0.6200791001319885,0.0010031381389126182
DQN,5,mid,1335,2335,0.09000000000000001,1.0,1.0,0.544685959815979,0.0028998402412980795
DQN,5,mid,1336,2336,0.028217859268188483,3.0,3.0,0.879809558391571,0.010076917339271555
DQN,5,mid,1337,2337,-0.550437080860138,10.0,2.0,0.7246026396751404,0.001097568596014753
DQN,5,mid,1338,2338,0.09000000000000001,1.0,1.0,0.20556111633777618,0.02715657465159893
DQN,5,mid,1339,2339,-0.49839305877685547,10.0,3.0,0.6572979092597961,0.020301697601098567
DQN,5,mid,1340,2340,0.036338897347450265,2.0,2.0,0.19256672263145447,0.000632351337117143
DQN,5,mid,1341,2341,0.18042157769203188,2.0,2.0,0.4489639699459076,0.03369189813383855
DQN,5,mid,1342,2342,0.1326818633079529,2.0,2.0,0.5841280817985535,0.024509530048817396
DQN,5,mid,1343,2343,0.09000000000000001,1.0,1.0,0.1253533810377121,0.0008187069906853139
DQN,5,mid,1344,2344,0.164057092666626,2.0,2.0,0.7781693339347839,0.0006008911004755646
DQN,5,mid,1345,2345,0.3111424016952515,2.0,2.0,0.9106616973876953,0.03823504119645804
DQN,5,mid,1346,2346,-0.0910146963596344,2.0,2.0,0.5747284293174744,0.0005183023167774081
DQN,5,mid,1347,2347,0.09000000000000001,1.0,1.0,0.2653576135635376,0.000963978236541152
DQN,5,mid,1348,2348,0.3420528244972229,3.0,3.0,0.7248569130897522,0.0019425764815726627
DQN,5,mid,1349,2349,0.11077083826065065,2.0,2.0,0.6907051205635071,0.0006666252156719565
DQN,5,mid,1350,2350,0.09000000000000001,1.0,1.0,0.2027805894613266,0.0004128479049541056
DQN,5,mid,1351,2351,0.013656841516494767,2.0,2.0,0.4836677014827728,0.0006098006560932845
DQN,5,mid,1352,2352,-0.09263982653617857,3.0,3.0,0.6384149193763733,0.00557505979668349
DQN,5,mid,1353,2353,0.04084143221378327,2.0,2.0,0.1252983659505844,0.000545400136616081
DQN,5,mid,1354,2354,0.09000000000000001,1.0,1.0,0.1960717886686325,0.0007970465230755508
DQN,5,mid,1355,2355,0.09000000000000001,1.0,1.0,0.4142562448978424,0.0004759653238579631
DQN,5,mid,1356,2356,0.09000000000000001,1.0,1.0,0.14177636802196503,0.0005707671516574919
DQN,5,mid,1357,2357,0.0601245927810669,2.0,2.0,0.6237707138061523,0.0005495742516359314
DQN,5,mid,1358,2358,0.10655166387557985,2.0,2.0,0.5300423502922058,0.009949853119906038
DQN,5,mid,1359,2359,0.09453622221946717,3.0,3.0,0.46478837728500366,0.0006403338047675788
DQN,5,mid,1360,2360,0.0586897897720337,2.0,2.0,0.6264843940734863,0.0006007037882227451
DQN,5,mid,1361,2361,0.07919616222381592,3.0,3.0,1.1468042135238647,0.000579630306068187
DQN,5,mid,1362,2362,0.08256556272506715,2.0,2.0,0.599489688873291,0.0006885875482112169
DQN,5,mid,1363,2363,-0.04929886102676391,4.0,2.0,0.6519004702568054,0.0005688472738256678
DQN,5,mid,1364,2364,-0.49725137948989867,10.0,2.0,0.8319282531738281,0.0005552415124839172
DQN,5,mid,1365,2365,0.12100108146667482,2.0,2.0,0.6656020283699036,0.0007484644884243608
DQN,5,mid,1366,2366,0.09000000000000001,1.0,1.0,0.13766509294509888,0.00047862573410384357
DQN,5,mid,1367,2367,-0.007983736991882304,3.0,3.0,0.8680119514465332,0.057065862347371876
DQN,5,mid,1368,2368,0.2055818510055542,3.0,3.0,0.6685481667518616,0.0005641823906141022
DQN,5,mid,1369,2369,0.30252758383750916,3.0,3.0,0.4326111972332001,0.008307996147777885
DQN,5,mid,1370,2370,0.06042349517345429,2.0,2.0,0.07065136730670929,0.005639391631120816
DQN,5,mid,1371,2371,0.24897582054138184,3.0,3.0,0.7008239030838013,0.0004193739538701872
DQN,5,mid,1372,2372,0.08008982419967653,2.0,2.0,0.9152544140815735,0.0006189175473991781
DQN,5,mid,1373,2373,0.11908812522888185,5.0,3.0,0.9936541318893433,0.008078714221483096
DQN,5,mid,1374,2374,0.13792739033699036,3.0,3.0,0.33048731088638306,0.0009476415386113027
DQN,5,mid,1375,2375,0.13745851993560793,2.0,2.0,0.5413282513618469,0.00046553312859032303
DQN,5,mid,1376,2376,0.07078917503356935,2.0,2.0,0.7246864438056946,0.0023536963562946767
DQN,5,mid,1377,2377,0.17053707122802736,2.0,2.0,0.895518958568573,0.0005864487029612064
DQN,5,mid,1378,2378,0.2064697813987732,3.0,3.0,0.8533520698547363,0.0007862955001958957
DQN,5,mid,1379,2379,0.09000000000000001,1.0,1.0,0.15562722086906433,0.09378251433372498
DQN,5,mid,1380,2380,0.09000000000000001,1.0,1.0,0.4461522102355957,0.002929844195023179
DQN,5,mid,1381,2381,0.09000000000000001,1.0,1.0,0.4783366620540619,0.0003004703321494162
DQN,5,mid,1382,2382,-0.4491817593574524,10.0,5.0,0.7789739370346069,0.0007545901229605078
DQN,5,mid,1383,2383,0.09000000000000001,1.0,1.0,0.19651399552822113,0.0009791908087208867
DQN,5,mid,1384,2384,-0.08167391061782835,4.0,3.0,0.7325620651245117,0.0008750086271902546
DQN,5,mid,1385,2385,0.09000000000000001,1.0,1.0,0.2879265248775482,0.00040431416709907353
DQN,5,mid,1386,2386,0.22478570222854616,2.0,2.0,0.7390052080154419,0.0005457994411699474
DQN,5,mid,1387,2387,0.1298996376991272,2.0,2.0,0.8587666749954224,0.0004967789282090962
DQN,5,mid,1388,2388,-0.013731856346130389,7.0,6.0,0.40244966745376587,0.028991779013137733
DQN,5,mid,1389,2389,0.12473257064819337,2.0,2.0,0.7882547378540039,0.08551070002431516
DQN,5,mid,1390,2390,0.12267572402954102,3.0,3.0,0.6139388084411621,0.08210201850549008
DQN,5,mid,1391,2391,0.07783853232860566,3.0,3.0,0.20778188109397888,0.05225351136565829
DQN,5,mid,1392,2392,0.09000000000000001,1.0,1.0,0.45711469650268555,0.0004978481447324157
DQN,5,mid,1393,2393,0.038735933303833014,3.0,3.0,0.6771596074104309,0.016041118535213172
DQN,5,mid,1394,2394,0.14277877092361452,2.0,2.0,0.6139828562736511,0.0009716360364109278
DQN,5,mid,1395,2395,0.10980864048004152,2.0,2.0,0.37299829721450806,0.0005755863385275006
DQN,5,mid,1396,2396,0.09000000000000001,1.0,1.0,0.12836459279060364,0.000649837835226208
DQN,5,mid,1397,2397,0.09000000000000001,1.0,1.0,0.30747610330581665,0.007574185263365507
DQN,5,mid,1398,2398,0.09000000000000001,1.0,1.0,0.11345462501049042,0.0012515923008322716
DQN,5,mid,1399,2399,0.20828134536743165,3.0,3.0,0.6722933650016785,0.034213002441295735
DQN,5,mid,1400,2400,0.14838399171829225,2.0,2.0,0.3320047855377197,0.010270288214087486
DQN,5,mid,1401,2401,-0.01036040306091307,2.0,2.0,0.6713308095932007,0.0007984781404957175
DQN,5,mid,1402,2402,0.09000000000000001,1.0,1.0,0.2519153952598572,0.009622463025152683
DQN,5,mid,1403,2403,0.1827673387527466,3.0,3.0,0.8827497363090515,0.025343690358567983
DQN,5,mid,1404,2404,-0.48884266614913935,10.0,3.0,0.7646600604057312,0.015164357225876302
DQN,5,mid,1405,2405,0.09000000000000001,1.0,1.0,0.3017973303794861,0.0014459744561463594
DQN,5,mid,1406,2406,0.13699688196182253,2.0,2.0,0.27124759554862976,0.014658465806860477
DQN,5,mid,1407,2407,0.08356474518775941,2.0,2.0,0.4620175361633301,0.0015158903552219272
DQN,5,mid,1408,2408,-0.09759669065475464,6.0,3.0,0.7249591946601868,0.0010910833370871842
DQN,5,mid,1409,2409,-0.2114823770523071,7.0,2.0,0.544012725353241,0.003370788713384952
DQN,5,mid,1410,2410,0.09000000000000001,1.0,1.0,0.43681520223617554,0.000711537548340857
DQN,5,mid,1411,2411,0.09000000000000001,1.0,1.0,0.21906030178070068,0.0008602482848800719
DQN,5,mid,1412,2412,0.08357365608215334,2.0,2.0,0.8099291920661926,0.0011877210636157542
DQN,5,mid,1413,2413,0.03583546161651612,2.0,2.0,0.6799677014350891,0.0007333623652812093
DQN,5,mid,1414,2414,-0.3229414939880371,10.0,4.0,0.7380338311195374,0.012108884454937652
DQN,5,mid,1415,2415,0.09000000000000001,1.0,1.0,0.4420885741710663,0.0011189037468284369
DQN,5,mid,1416,2416,0.09370608091354371,4.0,3.0,0.5703948736190796,0.0005233365372987464
DQN,5,mid,1417,2417,0.23368771553039552,2.0,2.0,0.7262805104255676,0.0005205000779824331
DQN,5,mid,1418,2418,0.09000000000000001,1.0,1.0,0.29403871297836304,0.19894006848335266
DQN,5,mid,1419,2419,-0.0684502327442169,4.0,3.0,0.3474815785884857,0.0013627196312882006
DQN,5,mid,1420,2420,0.2720270824432373,3.0,3.0,0.5048630833625793,0.0031603936998484037
DQN,5,mid,1421,2421,0.09000000000000001,1.0,1.0,0.9286240935325623,0.0007770975353196263
DQN,5,mid,1422,2422,0.29302816271781923,2.0,2.0,0.3791786730289459,0.0007219129474833608
DQN,5,mid,1423,2423,0.09000000000000001,1.0,1.0,0.1878836303949356,0.06632006168365479
DQN,5,mid,1424,2424,0.011793063879013077,2.0,2.0,0.31860214471817017,0.0005595257389359176
DQN,5,mid,1425,2425,0.24795349121093752,2.0,2.0,0.5979595184326172,0.0006089523667469621
DQN,5,mid,1426,2426,0.46805203676223756,3.0,3.0,0.25664108991622925,0.0015558933761591713
DQN,5,mid,1427,2427,0.09000000000000001,1.0,1.0,0.2918495237827301,0.0004915696918033063
DQN,5,mid,1428,2428,-0.46739970445632933,10.0,2.0,0.6947435140609741,0.0009159135806839913
DQN,5,mid,1429,2429,-0.32098005294799803,8.0,3.0,0.939168393611908,0.008237715570430737
DQN,5,mid,1430,2430,0.17010505676269533,2.0,2.0,0.6503579020500183,0.0007400362810585648
DQN,5,mid,1431,2431,0.10602672576904298,2.0,2.0,0.6628974676132202,0.0006804082950111479
DQN,5,mid,1432,2432,0.09000000000000001,1.0,1.0,0.22336134314537048,0.0009301303653046489
DQN,5,mid,1433,2433,0.09000000000000001,1.0,1.0,0.7801589965820312,0.0007644586148671806
DQN,5,mid,1434,2434,0.09000000000000001,1.0,1.0,0.2497963011264801,0.0027931220829486847
DQN,5,mid,1435,2435,0.21460594415664674,2.0,2.0,0.7501001358032227,0.000557911378564313
DQN,5,mid,1436,2436,0.09348343491554262,2.0,2.0,0.49182477593421936,0.0008469765889458358
DQN,5,mid,1437,2437,0.09000000000000001,1.0,1.0,0.5926950573921204,0.000532645673956722
DQN,5,mid,1438,2438,0.09000000000000001,1.0,1.0,0.05194246768951416,0.0011109340703114867
DQN,5,mid,1439,2439,0.3518774676322937,2.0,2.0,0.9785727858543396,0.0014296171721071005
DQN,5,mid,1440,2440,0.09901406049728395,2.0,2.0,0.693393349647522,0.051053989154752344
DQN,5,mid,1441,2441,-0.11441289663314817,3.0,3.0,0.7774344682693481,0.0006319647848916551
DQN,5,mid,1442,2442,-0.00046674728393553133,2.0,2.0,0.6607219576835632,0.001120942208217457
DQN,5,mid,1443,2443,0.09000000000000001,1.0,1.0,0.2885753810405731,0.0020843015518039465
DQN,5,mid,1444,2444,0.21649225234985353,2.0,2.0,0.6483988761901855,0.0008592975791543722
DQN,5,mid,1445,2445,0.09000000000000001,1.0,1.0,0.21899592876434326,0.0008346191025339067
DQN,5,mid,1446,2446,0.09000000000000001,1.0,1.0,0.30247440934181213,0.0011744117364287376
DQN,5,mid,1447,2447,0.09000000000000001,1.0,1.0,0.8601476550102234,0.0003525955544319004
DQN,5,mid,1448,2448,-0.06884247064590455,10.0,5.0,0.7881179451942444,0.0008634494646685198
DQN,5,mid,1449,2449,0.14951451301574709,2.0,2.0,0.5790932774543762,0.02254610919044353
DQN,5,mid,1450,2450,0.09000000000000001,1.0,1.0,0.39441224932670593,0.000501709058880806
DQN,5,mid,1451,2451,0.10910764515399934,2.0,2.0,0.1416533887386322,0.02906169928610325
DQN,5,mid,1452,2452,0.09000000000000001,1.0,1.0,0.3983713984489441,0.00038447813130915165
DQN,5,mid,1453,2453,0.056045154333114626,4.0,3.0,0.33258485794067383,0.0005769167182734236
DQN,5,mid,1454,2454,0.09000000000000001,1.0,1.0,0.347744882106781,0.00028769290656782687
DQN,5,mid,1455,2455,0.09000000000000001,1.0,1.0,0.06011200696229935,0.0004693155933637172
DQN,5,mid,1456,2456,0.3941964077949524,2.0,2.0,0.8023656010627747,0.0008255469729192555
DQN,5,mid,1457,2457,-0.024098776578903205,3.0,3.0,0.5511612296104431,0.11655700954725035
DQN,5,mid,1458,2458,0.09000000000000001,1.0,1.0,0.23189866542816162,0.0006776787922717631
DQN,5,mid,1459,2459,0.04547531366348267,4.0,3.0,0.2054585963487625,0.03372016685898416
DQN,5,mid,1460,2460,0.09644897460937502,2.0,2.0,0.6501328349113464,0.0063711975526530296
DQN,5,mid,1461,2461,0.11790569305419923,2.0,2.0,0.6086413264274597,0.2740555332711665
DQN,5,mid,1462,2462,0.09000000000000001,1.0,1.0,0.48352426290512085,0.0006138124736025929
DQN,5,mid,1463,2463,-0.06034895062446592,3.0,3.0,0.6156488656997681,0.0008992697985377163
DQN,5,mid,1464,2464,0.2481787967681885,2.0,2.0,0.8835406303405762,0.000821800233097747
DQN,5,mid,1465,2465,0.09000000000000001,1.0,1.0,0.5021948218345642,0.48824071884155273
DQN,5,mid,1466,2466,0.20924384117126466,3.0,3.0,0.9244738817214966,0.004886519105639309
DQN,5,mid,1467,2467,0.08014725327491762,2.0,2.0,0.24477910995483398,0.000408523905207403
DQN,5,mid,1468,2468,0.09000000000000001,1.0,1.0,0.2962961196899414,0.0007130187004804611
DQN,5,mid,1469,2469,0.09000000000000001,1.0,1.0,0.06515271216630936,0.0014037304790690541
DQN,5,mid,1470,2470,0.07530437707901,10.0,4.0,0.4641476273536682,0.005241482172277756
DQN,5,mid,1471,2471,0.02702528953552248,3.0,3.0,0.8093134760856628,0.000726532821621125
DQN,5,mid,1472,2472,-0.0006260180473327687,4.0,3.0,0.7042845487594604,0.0014342803187901154
DQN,5,mid,1473,2473,0.18775887966156007,2.0,2.0,0.5145999789237976,0.001957363943802193
DQN,5,mid,1474,2474,0.06933863639831545,2.0,2.0,0.7042921781539917,0.003646833822131157
DQN,5,mid,1475,2475,0.09000000000000001,1.0,1.0,0.15810908377170563,0.004147966392338276
DQN,5,mid,1476,2476,-0.4488996767997742,9.0,4.0,0.8238846659660339,0.00103002001479682
DQN,5,mid,1477,2477,0.10136659622192384,2.0,2.0,0.6076058745384216,0.003700390923768282
DQN,5,mid,1478,2478,0.09000000000000001,1.0,1.0,0.15764233469963074,0.0009957118891179562
DQN,5,mid,1479,2479,0.21968104124069215,2.0,2.0,0.6643797755241394,0.0008464878483209759
DQN,5,mid,1480,2480,0.10328842878341676,2.0,2.0,0.25343719124794006,0.1094326930178795
DQN,5,mid,1481,2481,-0.45151960849761963,10.0,3.0,0.8925207257270813,0.02566409525461495
DQN,5,mid,1482,2482,0.09000000000000001,1.0,1.0,0.13684944808483124,0.0019179657101631165
DQN,5,mid,1483,2483,0.2192360830307007,3.0,3.0,0.736972451210022,0.0019865622743964195
DQN,5,mid,1484,2484,0.19441802978515627,2.0,2.0,0.6247280240058899,0.0008438690274488181
DQN,5,mid,1485,2485,-0.017165428102016433,2.0,2.0,0.20159080624580383,0.002754904155153781
DQN,5,mid,1486,2486,0.21968056440353395,2.0,2.0,0.5106180906295776,0.0012327872682362795
DQN,5,mid,1487,2487,0.22848583936691286,2.0,2.0,0.4500582814216614,0.0006747832958353683
DQN,5,mid,1488,2488,-0.4249990397691727,9.0,2.0,0.29090026021003723,0.005680159672111686
DQN,5,mid,1489,2489,-0.11609503984451293,6.0,2.0,0.6906719207763672,0.0007277629241192093
DQN,5,mid,1490,2490,0.09000000000000001,1.0,1.0,0.12372688204050064,0.0004046558169648051
DQN,5,mid,1491,2491,0.2123948812484741,5.0,5.0,0.7617045640945435,0.0076841447502374646
DQN,5,mid,1492,2492,0.20859743833541872,2.0,2.0,0.6148500442504883,0.00042494879744481295
DQN,5,mid,1493,2493,0.09000000000000001,1.0,1.0,0.2507505714893341,0.00041033007437363267
DQN,5,mid,1494,2494,0.0937310028076172,2.0,2.0,0.38187235593795776,0.0007234500662889332
DQN,5,mid,1495,2495,0.09000000000000001,1.0,1.0,0.12672032415866852,0.00268758088350296
DQN,5,mid,1496,2496,0.00464294075965882,3.0,3.0,0.41135865449905396,0.0030496454564854503
DQN,5,mid,1497,2497,0.07406599998474123,2.0,2.0,0.8976417779922485,0.1363337691000197
DQN,5,mid,1498,2498,0.09000000000000001,1.0,1.0,0.2927163541316986,0.0009243201930075884
DQN,5,mid,1499,2499,0.17493857622146608,2.0,2.0,0.8481753468513489,0.0004494996537687257
DQN,5,mid,1500,2500,0.3186174702644348,3.0,3.0,0.9987964034080505,0.0009999822941608727
DQN,5,mid,1501,2501,0.012382395267486579,3.0,3.0,1.0412598848342896,0.0006147270032670349
DQN,5,mid,1502,2502,0.09000000000000001,1.0,1.0,0.16179926693439484,0.0006980054313316941
DQN,5,mid,1503,2503,0.128748254776001,2.0,2.0,0.8958021998405457,0.0017206964548677206
DQN,5,mid,1504,2504,-0.08946094989776611,8.0,3.0,1.0392502546310425,0.001986095965548884
DQN,5,mid,1505,2505,0.13017298460006715,2.0,2.0,0.7159463763237,0.0005348114791559055
DQN,5,mid,1506,2506,0.09000000000000001,1.0,1.0,0.3983961045742035,0.0006690760492347181
DQN,5,mid,1507,2507,0.09000000000000001,1.0,1.0,0.037964291870594025,0.0005357047775760293
DQN,5,mid,1508,2508,0.22980369806289674,2.0,2.0,0.6878412961959839,0.0006499178416561335
DQN,5,mid,1509,2509,0.09000000000000001,1.0,1.0,0.32322046160697937,0.0010672048665583134
DQN,5,mid,1510,2510,0.11627204895019533,2.0,2.0,0.9440585970878601,0.0007539774233009666
DQN,5,mid,1511,2511,0.09000000000000001,1.0,1.0,0.2725650370121002,0.0006280478555709124
DQN,5,mid,1512,2512,0.12617547988891603,2.0,2.0,0.895039439201355,0.0005639860755763948
DQN,5,mid,1513,2513,0.08555023550987245,2.0,2.0,0.4056701362133026,0.0005801196675747633
DQN,5,mid,1514,2514,0.005950288772583023,2.0,2.0,0.9835654497146606,0.0021969392837490886
DQN,5,mid,1515,2515,-0.49591975212097167,10.0,2.0,0.6684415936470032,0.012544009948032907
DQN,5,mid,1516,2516,0.09000000000000001,1.0,1.0,0.4855589270591736,0.00048444006824865937
DQN,5,mid,1517,2517,0.10031774818897249,2.0,2.0,0.19460110366344452,0.014531094813719392
DQN,5,mid,1518,2518,0.09000000000000001,1.0,1.0,0.13799788057804108,0.00042120448779314756
DQN,5,mid,1519,2519,-0.03665099859237671,2.0,2.0,0.804112434387207,0.0005656034627463669
DQN,5,mid,1520,2520,0.09000000000000001,1.0,1.0,0.48160168528556824,0.0007811738760210574
DQN,5,mid,1521,2521,-0.4531181573867798,10.0,4.0,0.30007070302963257,0.0020866256905719637
DQN,5,mid,1522,2522,0.17391921758651735,2.0,2.0,0.9225909113883972,0.000581195461563766
DQN,5,mid,1523,2523,0.03702713966369629,3.0,2.0,0.7020694613456726,0.0029041196200220534
DQN,5,mid,1524,2524,0.09000000000000001,1.0,1.0,0.5668749213218689,0.0011876103235408664
DQN,5,mid,1525,2525,0.061530964374542245,2.0,2.0,0.6063118577003479,0.0008339095511473715
DQN,5,mid,1526,2526,0.21429063558578493,2.0,2.0,0.794784665107727,0.0007091176812537014
DQN,5,mid,1527,2527,0.09000000000000001,1.0,1.0,0.1447746455669403,0.0006286264979280531
DQN,5,mid,1528,2528,0.09000000000000001,1.0,1.0,0.47271019220352173,0.20763763785362244
DQN,5,mid,1529,2529,0.12479688405990602,2.0,2.0,0.6477404236793518,0.0006256538908928633
DQN,5,mid,1530,2530,-0.16149101018905637,6.0,2.0,0.9383493065834045,0.0008329352228126178
DQN,5,mid,1531,2531,0.09000000000000001,1.0,1.0,0.17127732932567596,0.0005853769253008068
DQN,5,mid,1532,2532,0.09000000000000001,1.0,1.0,0.41713136434555054,0.0005139318527653813
DQN,5,mid,1533,2533,0.05825953364372254,2.0,2.0,0.2380402833223343,0.0008189911895897239
DQN,5,mid,1534,2534,-0.05217720508575442,9.0,6.0,1.0272448062896729,0.004146837011729885
DQN,5,mid,1535,2535,-0.07030328810214996,5.0,5.0,0.34566807746887207,0.000795265135820955
DQN,5,mid,1536,2536,0.22333032608032227,3.0,3.0,0.5453559160232544,0.0008275538954573373
DQN,5,mid,1537,2537,0.1344032859802246,4.0,4.0,0.5927498936653137,0.04627427691593766
DQN,5,mid,1538,2538,0.09000000000000001,1.0,1.0,0.47295787930488586,0.0008559123962186277
DQN,5,mid,1539,2539,0.09000000000000001,1.0,1.0,0.5023090243339539,0.0009376679663546383
DQN,5,mid,1540,2540,0.12163998365402223,2.0,2.0,0.46025413274765015,0.000740259769372642
DQN,5,mid,1541,2541,-0.003648145198822006,2.0,2.0,0.629372775554657,0.006808775011450052
DQN,5,mid,1542,2542,0.09000000000000001,1.0,1.0,0.4608192443847656,0.0016511933645233512
DQN,5,mid,1543,2543,0.18848926544189454,3.0,3.0,1.0430219173431396,0.0004804333245071272
DQN,5,mid,1544,2544,0.10670830488204958,2.0,2.0,0.5585218667984009,0.13553061347920448
DQN,5,mid,1545,2545,-0.08234511137008667,2.0,2.0,0.478651225566864,0.0006868360796943307
DQN,5,mid,1546,2546,-0.009369771480560313,8.0,3.0,0.37595057487487793,0.05969389400706859
DQN,5,mid,1547,2547,0.09000000000000001,1.0,1.0,0.18600492179393768,0.0009717169450595975
DQN,5,mid,1548,2548,0.14678086519241335,2.0,2.0,0.5137034058570862,0.002916743280366063
DQN,5,mid,1549,2549,0.09000000000000001,1.0,1.0,0.6072946786880493,0.0010324670001864433
DQN,5,mid,1550,2550,0.03882461220026017,2.0,2.0,0.11703694611787796,0.0008667658548802137
DQN,5,mid,1551,2551,0.06410713195800781,5.0,3.0,0.6835541129112244,0.000886876997537911
DQN,5,mid,1552,2552,-0.2607975006103516,10.0,3.0,0.5523314476013184,0.012597300318884664
DQN,5,mid,1553,2553,0.08432258129119874,4.0,3.0,0.8692837357521057,0.0006514053529826924
DQN,5,mid,1554,2554,0.09000000000000001,1.0,1.0,0.10033351927995682,0.00042124741594307125
DQN,5,mid,1555,2555,0.16457504987716676,4.0,3.0,0.8155458569526672,0.16222309977456462
DQN,5,mid,1556,2556,0.09000000000000001,1.0,1.0,0.11874765157699585,0.0014513878850266337
DQN,5,mid,1557,2557,-0.15683475732803343,10.0,3.0,0.9931647181510925,0.06061315202096011
DQN,5,mid,1558,2558,0.14398090720176698,2.0,2.0,0.2869388163089752,0.0009274379117414355
DQN,5,mid,1559,2559,-0.04186563968658448,3.0,3.0,1.0444247722625732,0.002611073180257032
DQN,5,mid,1560,2560,0.174069242477417,2.0,2.0,0.9629224538803101,0.0014737817691639066
DQN,5,mid,1561,2561,0.09000000000000001,1.0,1.0,0.5056217312812805,0.02302941307425499
DQN,5,mid,1562,2562,0.1499316167831421,3.0,3.0,0.5950775742530823,0.025853415951132774
DQN,5,mid,1563,2563,0.01907600641250612,2.0,2.0,0.27554720640182495,0.015662652673199773
DQN,5,mid,1564,2564,0.09000000000000001,1.0,1.0,0.8483554720878601,0.0007070879219099879
DQN,5,mid,1565,2565,0.09000000000000001,1.0,1.0,0.11270131915807724,0.0009416324319317937
DQN,5,mid,1566,2566,0.03982854604721071,3.0,3.0,0.3414185345172882,0.0013379667846796413
DQN,5,mid,1567,2567,0.09000000000000001,1.0,1.0,0.3002499043941498,0.3095572590827942
DQN,5,mid,1568,2568,0.09000000000000001,1.0,1.0,0.1465640813112259,0.00033423819695599377
DQN,5,mid,1569,2569,-0.08757301211357114,4.0,3.0,0.5274258255958557,0.006210607651155442
DQN,5,mid,1570,2570,0.09000000000000001,1.0,1.0,0.38007357716560364,0.000873374636285007
DQN,5,mid,1571,2571,0.024395931959152226,3.0,2.0,0.3203376233577728,0.0007604374356257418
DQN,5,mid,1572,2572,0.09000000000000001,1.0,1.0,0.3233848214149475,0.0008133205701597035
DQN,5,mid,1573,2573,0.04182402968406678,2.0,2.0,0.34074169397354126,0.055331062409095466
DQN,5,mid,1574,2574,0.10882467985153199,4.0,3.0,0.5296902060508728,0.023390915797790512
DQN,5,mid,1575,2575,-0.37254382371902467,10.0,4.0,0.5644916296005249,0.02029414622229524
DQN,5,mid,1576,2576,0.10366405725479128,2.0,2.0,0.33650681376457214,0.000856978731462732
DQN,5,mid,1577,2577,0.23718585252761842,2.0,2.0,0.5892366170883179,0.0007734842074569315
DQN,5,mid,1578,2578,0.09000000000000001,1.0,1.0,0.11690611392259598,0.0008662997861392796
DQN,5,mid,1579,2579,0.06945003747940065,2.0,2.0,0.7709364295005798,0.0007898617186583579
DQN,5,mid,1580,2580,0.09000000000000001,1.0,1.0,0.17129549384117126,0.06504765152931213
DQN,5,mid,1581,2581,0.17739558935165406,3.0,3.0,0.9866451621055603,0.001078223460353911
DQN,5,mid,1582,2582,0.09000000000000001,1.0,1.0,0.5065906643867493,0.0005600120639428496
DQN,5,mid,1583,2583,0.10811783552169801,2.0,2.0,0.5926186442375183,0.0012310567835811526
DQN,5,mid,1584,2584,0.10160829305648805,2.0,2.0,0.43690600991249084,0.00042930193012580276
DQN,5,mid,1585,2585,0.06076256901025773,3.0,3.0,0.08829951286315918,0.0006900096001724402
DQN,5,mid,1586,2586,0.11214657306671144,2.0,2.0,0.5465298295021057,0.000535696221049875
DQN,5,mid,1587,2587,0.09000000000000001,1.0,1.0,0.23596705496311188,0.0007310196524485946
DQN,5,mid,1588,2588,0.276223349571228,5.0,5.0,0.6677318811416626,0.06186202215612866
DQN,5,mid,1589,2589,0.0950396728515625,3.0,3.0,0.7048705220222473,0.05139707261696458
DQN,5,mid,1590,2590,-0.002679703831672653,2.0,2.0,0.22362902760505676,0.000442548596765846
DQN,5,mid,1591,2591,0.06194342851638795,2.0,2.0,0.6792324781417847,0.006503212731331587
DQN,5,mid,1592,2592,0.09000000000000001,1.0,1.0,0.2025408297777176,0.0008118601399473846
DQN,5,mid,1593,2593,0.019644426107406632,2.0,2.0,0.38045698404312134,0.10368969268165529
DQN,5,mid,1594,2594,0.09000000000000001,1.0,1.0,0.38898733258247375,0.0005735566955991089
DQN,5,mid,1595,2595,0.09000000000000001,1.0,1.0,0.5032840967178345,0.001221528509631753
DQN,5,mid,1596,2596,0.06836588859558107,2.0,2.0,0.6976349949836731,0.002582657878519967
DQN,5,mid,1597,2597,-0.3982105255126953,10.0,3.0,0.8499230742454529,0.001184505596756935
DQN,5,mid,1598,2598,0.2615905499458313,4.0,3.0,0.7957151532173157,0.0009367663587909192
DQN,5,mid,1599,2599,0.18201117396354677,2.0,2.0,0.3591375946998596,0.04272169532487169
DQN,5,mid,1600,2600,0.09000000000000001,1.0,1.0,0.5463372468948364,0.0016430048272013664
DQN,5,mid,1601,2601,0.09000000000000001,1.0,1.0,0.19754312932491302,0.00030554778641089797
DQN,5,mid,1602,2602,-0.5531124949455262,10.0,2.0,0.7210294008255005,0.04155795102706179
DQN,5,mid,1603,2603,0.018477605581283585,2.0,2.0,0.39089828729629517,0.0012062296736985445
DQN,5,mid,1604,2604,0.07496144056320192,2.0,2.0,0.7075937390327454,0.05696529464330524
DQN,5,mid,1605,2605,0.0813861656188965,2.0,2.0,0.3277217745780945,0.015799960121512413
DQN,5,mid,1606,2606,0.09000000000000001,1.0,1.0,0.5953877568244934,0.0010083018569275737
DQN,5,mid,1607,2607,0.09000000000000001,1.0,1.0,0.7688092589378357,0.0075584459118545055
DQN,5,mid,1608,2608,-0.38758613765239713,10.0,3.0,0.2441064566373825,0.011404692544601858
DQN,5,mid,1609,2609,0.2032731568813324,4.0,3.0,0.4796750843524933,0.001005310725304298
DQN,5,mid,1610,2610,0.1769254970550537,7.0,3.0,1.2802870273590088,0.08641529587163989
DQN,5,mid,1611,2611,0.13538785457611086,2.0,2.0,0.7808175086975098,0.0007278256234712899
DQN,5,mid,1612,2612,-0.17539191246032718,10.0,3.0,0.32573169469833374,0.003402718505822122
DQN,5,mid,1613,2613,-0.330216646194458,10.0,3.0,0.9292734861373901,0.0039238783239852635
DQN,5,mid,1614,2614,-0.524906325340271,10.0,2.0,0.8081415891647339,0.0044992587005253885
DQN,5,mid,1615,2615,0.10008727192878725,2.0,2.0,0.2015499770641327,0.0005819890939164907
DQN,5,mid,1616,2616,0.09000000000000001,1.0,1.0,0.19804154336452484,0.0006850818754173815
DQN,5,mid,1617,2617,0.1266972291469574,2.0,2.0,0.45914557576179504,0.0011661242460832
DQN,5,mid,1618,2618,0.04610901504755021,2.0,2.0,0.1313999444246292,0.0006651035218965262
DQN,5,mid,1619,2619,0.28686787366867067,2.0,2.0,0.731054425239563,0.0008425480627920479
DQN,5,mid,1620,2620,0.15808488607406618,2.0,2.0,0.7487015724182129,0.0010563831310719252
DQN,5,mid,1621,2621,0.018545932769775397,3.0,3.0,0.5669341683387756,0.0006884866355297466
DQN,5,mid,1622,2622,0.21915765285491945,2.0,2.0,0.2882090210914612,0.0004431924899108708
DQN,5,mid,1623,2623,0.17801172733306886,5.0,3.0,0.6520262360572815,0.13925177205819636
DQN,5,mid,1624,2624,0.1206281352043152,2.0,2.0,0.6069859266281128,0.0006624847883358598
DQN,5,mid,1625,2625,0.16874534606933594,3.0,3.0,1.1844518184661865,0.1041850247614396
DQN,5,mid,1626,2626,0.09000000000000001,1.0,1.0,0.6540786027908325,0.0009040847653523088
DQN,5,mid,1627,2627,-0.1358923316001892,10.0,3.0,0.764776885509491,0.05817223054473288
DQN,5,mid,1628,2628,-0.0473466944694519,7.0,3.0,0.6444582939147949,0.004756195794990552
DQN,5,mid,1629,2629,0.09000000000000001,1.0,1.0,0.6301499605178833,0.0005404431722126901
DQN,5,mid,1630,2630,-0.3789844512939453,10.0,3.0,0.5528680682182312,0.00541024130070582
DQN,5,mid,1631,2631,0.19579429149627686,3.0,3.0,0.7112417221069336,0.001132000412326306
DQN,5,mid,1632,2632,-0.5889873087406159,10.0,2.0,0.49022984504699707,0.008354883716674522
DQN,5,mid,1633,2633,0.24865843534469606,7.0,3.0,0.9478783011436462,0.00417139200726524
DQN,5,mid,1634,2634,0.11360998630523683,2.0,2.0,0.6746186017990112,0.07117226533591747
DQN,5,mid,1635,2635,0.26261635303497316,2.0,2.0,0.4771187901496887,0.0010196094226557761
DQN,5,mid,1636,2636,0.09000000000000001,1.0,1.0,0.7602670788764954,0.001793578383512795
DQN,5,mid,1637,2637,-0.5829067826271058,10.0,3.0,0.5438569188117981,0.022029036231106146
DQN,5,mid,1638,2638,0.09000000000000001,1.0,1.0,0.15670336782932281,0.0012093513505533338
DQN,5,mid,1639,2639,0.16745505452156068,3.0,3.0,0.30059507489204407,0.0005956931660572687
DQN,5,mid,1640,2640,0.06825948476791383,3.0,3.0,0.6837854981422424,0.022604701458476484
DQN,5,mid,1641,2641,0.0673001277446747,2.0,2.0,0.31634292006492615,0.050796321593225
DQN,5,mid,1642,2642,-0.05696093320846558,3.0,3.0,1.0242749452590942,0.0011821311588088672
DQN,5,mid,1643,2643,0.11516208410263062,4.0,3.0,0.8758998513221741,0.005438224034151062
DQN,5,mid,1644,2644,0.0684992837905884,2.0,2.0,0.4953917860984802,0.024573275033617392
DQN,5,mid,1645,2645,-0.13899204492568967,6.0,2.0,0.9991925358772278,0.003594543862467011
DQN,5,mid,1646,2646,0.1633498239517212,2.0,2.0,0.5788172483444214,0.00944838603027165
DQN,5,mid,1647,2647,0.12828816652297975,2.0,2.0,0.7423759698867798,0.06710583096719347
DQN,5,mid,1648,2648,-0.017580211162567153,10.0,5.0,0.777482807636261,0.031929307099198924
DQN,5,mid,1649,2649,-0.220857218503952,6.0,3.0,0.4116332232952118,0.02460315834226397
DQN,5,mid,1650,2650,0.05764674365520478,3.0,3.0,0.1932859718799591,0.014127124062118432
DQN,5,mid,1651,2651,-0.6674736857414246,10.0,4.0,0.7939692735671997,0.04992707177298143
DQN,5,mid,1652,2652,0.18214488983154298,4.0,3.0,0.6768086552619934,0.0342806116968859
DQN,5,mid,1653,2653,0.032656924724578866,2.0,2.0,0.35533571243286133,0.0014487372827716172
DQN,5,mid,1654,2654,-0.17352921128273008,6.0,2.0,0.35015010833740234,0.012056798004778102
DQN,5,mid,1655,2655,0.0663482564687729,2.0,2.0,0.16564737260341644,0.0022663482232019305
DQN,5,mid,1656,2656,0.03809662342071534,2.0,2.0,0.756213366985321,0.004577543819323182
DQN,5,mid,1657,2657,0.2049276101589203,2.0,2.0,0.4593409597873688,0.13808564562350512
DQN,5,mid,1658,2658,0.1903496551513672,2.0,2.0,0.7378821969032288,0.0015071531815920025
DQN,5,mid,1659,2659,0.2835273814201355,3.0,3.0,0.7053654789924622,0.02064383984543383
DQN,5,mid,1660,2660,0.07177786707878114,2.0,2.0,0.3584599196910858,0.0018670261488296092
DQN,5,mid,1661,2661,0.10448952198028566,2.0,2.0,0.3583431839942932,0.003041846852283925
DQN,5,mid,1662,2662,0.21327203273773193,4.0,4.0,0.6091030240058899,0.001513404306024313
DQN,5,mid,1663,2663,0.12111028790473938,4.0,4.0,0.4380051791667938,0.0034015679848380387
DQN,5,mid,1664,2664,0.06067968130111695,3.0,3.0,0.7754497528076172,0.003211673077506324
DQN,5,mid,1665,2665,-0.5243917107582092,10.0,3.0,0.38817793130874634,0.015525119833182544
DQN,5,mid,1666,2666,0.01785372614860535,3.0,2.0,0.1918739229440689,0.0025871817100172243
DQN,5,mid,1667,2667,0.007769129276275641,4.0,2.0,0.5686755180358887,0.06595700983598363
DQN,5,mid,1668,2668,0.21869076967239381,2.0,2.0,0.7527104616165161,0.010556282242760062
DQN,5,mid,1669,2669,0.17791222214698793,2.0,2.0,0.2836773693561554,0.0010180652316194028
DQN,5,mid,1670,2670,0.10737341821193697,2.0,2.0,0.16803906857967377,0.0011066085426136851
DQN,5,mid,1671,2671,0.09000000000000001,1.0,1.0,0.22664178907871246,0.024975309148430824
DQN,5,mid,1672,2672,0.09000000000000001,1.0,1.0,0.2065896987915039,0.0011252659605816007
DQN,5,mid,1673,2673,0.056542634963989265,5.0,4.0,0.6139441728591919,0.02268809739034623
DQN,5,mid,1674,2674,0.1070386838912964,3.0,3.0,0.3967260718345642,0.0018009241515149672
DQN,5,mid,1675,2675,0.09000000000000001,1.0,1.0,0.2086341381072998,0.0021295470651239157
DQN,5,mid,1676,2676,-0.5071914196014404,10.0,3.0,0.6405636668205261,0.03276428533135913
DQN,5,mid,1677,2677,0.17968417882919313,2.0,2.0,0.27318283915519714,0.009972088038921356
DQN,5,mid,1678,2678,0.07706433296203614,4.0,4.0,0.6125108599662781,0.003389186429558322
DQN,5,mid,1679,2679,-0.39145517349243164,10.0,3.0,0.6595773696899414,0.009338092565303668
DQN,5,mid,1680,2680,0.09000000000000001,1.0,1.0,0.13944347202777863,0.023366600275039673
DQN,5,mid,1681,2681,-0.12632168889045714,6.0,3.0,0.5072505474090576,0.00445228428967918
DQN,5,mid,1682,2682,-0.020172410011291483,3.0,3.0,0.6488322019577026,0.001344396926773091
DQN,5,mid,1683,2683,0.09000000000000001,1.0,1.0,0.5628330707550049,0.002965122926980257
DQN,5,mid,1684,2684,0.03400325775146486,5.0,4.0,0.4624572694301605,0.00979076602961868
DQN,5,mid,1685,2685,0.10401757240295412,2.0,2.0,0.2703956067562103,0.0020059780217707157
DQN,5,mid,1686,2686,0.12518672943115233,5.0,5.0,0.7780519127845764,0.00444648964330554
DQN,5,mid,1687,2687,0.012209005355834981,3.0,3.0,0.3365427851676941,0.15956891661820313
DQN,5,mid,1688,2688,-0.2500740599632263,7.0,2.0,0.5146166682243347,0.0014925229895327771
DQN,5,mid,1689,2689,0.0872414779663086,3.0,3.0,0.6207588315010071,0.001164740863411377
DQN,5,mid,1690,2690,-0.37387394905090326,10.0,3.0,0.6342641115188599,0.0021616574958898127
DQN,5,mid,1691,2691,0.0394620242714882,2.0,2.0,0.1542716771364212,0.01894503558287397
DQN,5,mid,1692,2692,0.04771213412284852,2.0,2.0,0.3144172132015228,0.0012090724776498973
DQN,5,mid,1693,2693,0.09000000000000001,1.0,1.0,0.627566397190094,0.0010222401469945908
DQN,5,mid,1694,2694,0.07629282951354982,2.0,2.0,0.6637821793556213,0.0006588636606466025
DQN,5,mid,1695,2695,0.06637483596801759,4.0,4.0,0.5847538709640503,0.09490157265099697
DQN,5,mid,1696,2696,0.1211454737186432,2.0,2.0,0.3348202109336853,0.0885720950900577
DQN,5,mid,1697,2697,0.05731901705265046,2.0,2.0,0.2229466438293457,0.0008182401943486184
DQN,5,mid,1698,2698,-0.11540793180465699,10.0,4.0,0.93686443567276,0.03168504953500815
DQN,5,mid,1699,2699,0.09000000000000001,1.0,1.0,0.46483102440834045,0.0011544183362275362
DQN,5,mid,1700,2700,0.09000000000000001,1.0,1.0,0.25699207186698914,0.0013252932112663984
DQN,5,mid,1701,2701,0.18644817352294923,2.0,2.0,0.554707407951355,0.01115739019587636
DQN,5,mid,1702,2702,0.25509626388549805,3.0,3.0,0.6851844787597656,0.005809408534939091
DQN,5,mid,1703,2703,-0.32658904790878296,10.0,3.0,0.8808972239494324,0.007655276515288278
DQN,5,mid,1704,2704,0.09000000000000001,1.0,1.0,0.40836837887763977,0.0016991100274026394
DQN,5,mid,1705,2705,-0.03676958203315735,2.0,2.0,0.45069319009780884,0.002135616960003972
DQN,5,mid,1706,2706,-0.5552934408187866,10.0,3.0,0.11795955151319504,0.07942455604788848
DQN,5,mid,1707,2707,0.018995471000671393,3.0,3.0,0.7497908473014832,0.0012852255798255403
DQN,5,mid,1708,2708,0.10231615781784059,2.0,2.0,0.559378445148468,0.26796813518740237
DQN,5,mid,1709,2709,-0.44316821098327636,10.0,4.0,0.6889306306838989,0.15353514747694136
DQN,5,mid,1710,2710,0.1080435585975647,3.0,3.0,0.5779698491096497,0.00328719363703082
DQN,5,mid,1711,2711,0.09000000000000001,1.0,1.0,0.1571737378835678,0.0015725992852821946
DQN,5,mid,1712,2712,-0.5959614992141724,10.0,2.0,0.8869167566299438,0.014861982956063002
DQN,5,mid,1713,2713,0.22046049118041994,2.0,2.0,0.6084070801734924,0.0011962809949181974
DQN,5,mid,1714,2714,-0.027066661119461044,2.0,2.0,0.46247953176498413,0.0013053222210146487
DQN,5,mid,1715,2715,0.15725309371948243,3.0,3.0,0.7874936461448669,0.0006290496094152331
DQN,5,mid,1716,2716,0.09000000000000001,1.0,1.0,0.28999781608581543,0.02176506072282791
DQN,5,mid,1717,2717,0.04155673265457154,2.0,2.0,0.2229873389005661,0.0012556816800497472
DQN,5,mid,1718,2718,-0.4457683444023132,10.0,2.0,0.7746443748474121,0.0018669217708520592
DQN,5,mid,1719,2719,0.2050589394569397,3.0,3.0,0.4554327130317688,0.06622709698664646
DQN,5,mid,1720,2720,-0.22918069124221802,6.0,4.0,0.502739667892456,0.005132826074259356
DQN,5,mid,1721,2721,-0.1055558168888092,9.0,6.0,0.4475153088569641,0.009329914684510894
DQN,5,mid,1722,2722,0.09000000000000001,1.0,1.0,0.8697382211685181,0.0009558720048516989
DQN,5,mid,1723,2723,0.09181431114673616,2.0,2.0,0.2389935404062271,0.001333760388661176
DQN,5,mid,1724,2724,0.053965823650360116,2.0,2.0,0.6839637160301208,0.007120762951672077
DQN,5,mid,1725,2725,0.09000000000000001,1.0,1.0,0.23941293358802795,0.0005966687458567321
DQN,5,mid,1726,2726,0.09000000000000001,1.0,1.0,0.10405255109071732,0.001761721447110176
DQN,5,mid,1727,2727,0.40822768926620484,3.0,3.0,0.6432551741600037,0.0021365669866402945
DQN,5,mid,1728,2728,0.11790622949600221,2.0,2.0,0.8592028021812439,0.010410476243123412
DQN,5,mid,1729,2729,-0.013314535617828346,4.0,3.0,0.4031423032283783,0.011148550402140245
DQN,5,mid,1730,2730,0.09000000000000001,1.0,1.0,0.23025669157505035,0.0046296133659780025
DQN,5,mid,1731,2731,0.09185339689254762,2.0,2.0,0.7410050630569458,0.0018401206471025944
DQN,5,mid,1732,2732,0.22520639181137087,2.0,2.0,0.4093155264854431,0.22609957700478844
DQN,5,mid,1733,2733,-0.6754395365715027,10.0,3.0,0.7125903964042664,0.04240739477681928
DQN,5,mid,1734,2734,0.09000000000000001,1.0,1.0,0.48996856808662415,0.0008586002513766289
DQN,5,mid,1735,2735,-0.2505246090888977,8.0,2.0,0.7944329380989075,0.06326131000969326
DQN,5,mid,1736,2736,0.09000000000000001,1.0,1.0,0.23668129742145538,0.0008947892929427326
DQN,5,mid,1737,2737,0.09000000000000001,1.0,1.0,0.22306223213672638,0.0009129152167588472
DQN,5,mid,1738,2738,0.13071455240249635,2.0,2.0,0.3657473027706146,0.0011064342397730798
DQN,5,mid,1739,2739,0.18174435377120973,2.0,2.0,0.39635321497917175,0.003295976057415828
DQN,5,mid,1740,2740,0.07874055385589601,2.0,2.0,0.8257697224617004,0.0010164508421439677
DQN,5,mid,1741,2741,0.11395307064056398,2.0,2.0,0.7451364398002625,0.0008281013870146126
DQN,5,mid,1742,2742,0.09000000000000001,1.0,1.0,0.36916282773017883,0.0005906358128413558
DQN,5,mid,1743,2743,0.24507804393768312,2.0,2.0,1.048524022102356,0.0005818529025418684
DQN,5,mid,1744,2744,0.09000000000000001,1.0,1.0,0.10034371167421341,0.0011606859043240547
DQN,5,mid,1745,2745,-0.01330561757087706,2.0,2.0,0.3048887252807617,0.0017232507234439254
DQN,5,mid,1746,2746,-0.6041303753852845,10.0,2.0,0.8251559138298035,0.0012188119580969214
DQN,5,mid,1747,2747,0.09000000000000001,1.0,1.0,0.3524628281593323,0.0010065879905596375
DQN,5,mid,1748,2748,0.09000000000000001,1.0,1.0,0.4277293384075165,0.0006289054290391505
DQN,5,mid,1749,2749,-0.42232065200805663,10.0,2.0,0.5662742853164673,0.03554608794511296
DQN,5,mid,1750,2750,0.09000000000000001,1.0,1.0,0.6752554774284363,0.0007260484853759408
DQN,5,mid,1751,2751,0.1887554693222046,2.0,2.0,0.733121931552887,0.004609544965205714
DQN,5,mid,1752,2752,0.017032165527343754,3.0,2.0,0.5627111196517944,0.018982230588638533
DQN,5,mid,1753,2753,0.09000000000000001,1.0,1.0,0.28957343101501465,0.001561308978125453
DQN,5,mid,1754,2754,0.023065345287323014,2.0,2.0,0.4448947608470917,0.000776480621425435
DQN,5,mid,1755,2755,0.11935506224632264,4.0,3.0,0.4477129876613617,0.014405419991817325
DQN,5,mid,1756,2756,0.1934624481201172,2.0,2.0,0.6029480695724487,0.0008945040754042566
DQN,5,mid,1757,2757,0.09000000000000001,1.0,1.0,0.0862557515501976,0.0015080540906637907
DQN,5,mid,1758,2758,0.11827881813049318,2.0,2.0,0.9269630312919617,0.0007243871223181486
DQN,5,mid,1759,2759,-0.09494938731193543,3.0,3.0,0.5095862150192261,0.010348493970620135
DQN,5,mid,1760,2760,-0.35140186548233027,10.0,3.0,0.6451640725135803,0.002234814639086835
DQN,5,mid,1761,2761,0.20623909115791322,2.0,2.0,0.4897466003894806,0.0014518741518259048
DQN,5,mid,1762,2762,-0.002012472152709957,3.0,2.0,0.6618307828903198,0.11442949508394425
DQN,5,mid,1763,2763,0.2381007242202759,2.0,2.0,0.35098153352737427,0.0006585460796486586
DQN,5,mid,1764,2764,0.21224810361862184,2.0,2.0,0.7946274876594543,0.0013136340421624482
DQN,5,mid,1765,2765,0.11141540288925172,2.0,2.0,0.5796779990196228,0.0009890315996017307
DQN,5,mid,1766,2766,-0.053770140409469605,6.0,3.0,0.3516714870929718,0.013748091141072413
DQN,5,mid,1767,2767,0.09000000000000001,1.0,1.0,0.05691796541213989,0.0009639416239224374
DQN,5,mid,1768,2768,-0.0960275936126709,8.0,3.0,0.7704850435256958,0.0012389186667860486
DQN,5,mid,1769,2769,0.05172516584396363,2.0,2.0,0.6288579106330872,0.005250757123576477
DQN,5,mid,1770,2770,-0.16673710942268366,5.0,4.0,0.5338607430458069,0.0008079362800344825
DQN,5,mid,1771,2771,0.2465952801704407,2.0,2.0,0.39857250452041626,0.0006386288732755929
DQN,5,mid,1772,2772,0.09000000000000001,1.0,1.0,0.44141674041748047,0.001287112245336175
DQN,5,mid,1773,2773,0.19439701914787294,2.0,2.0,0.49720892310142517,0.0009064477635547519
DQN,5,mid,1774,2774,0.09000000000000001,1.0,1.0,0.1737515777349472,0.0006690626032650471
DQN,5,mid,1775,2775,0.09000000000000001,1.0,1.0,0.18588440120220184,0.0005227032233960927
DQN,5,mid,1776,2776,0.09000000000000001,1.0,1.0,0.4780818521976471,0.02927333302795887
DQN,5,mid,1777,2777,0.07879270792007448,2.0,2.0,0.1486009806394577,0.017392318870406598
DQN,5,mid,1778,2778,0.18415648460388184,3.0,3.0,1.1723852157592773,0.0008573675683389107
DQN,5,mid,1779,2779,0.09000000000000001,1.0,1.0,0.1483238786458969,0.008696863427758217
DQN,5,mid,1780,2780,-0.157733838558197,8.0,3.0,0.7689303159713745,0.0010918072948697954
DQN,5,mid,1781,2781,-0.6158254444599153,10.0,3.0,0.36644241213798523,0.19524484756984747
DQN,5,mid,1782,2782,0.23152486205101014,3.0,3.0,0.45627012848854065,0.2758189280866645
DQN,5,mid,1783,2783,0.21891762495040895,2.0,2.0,0.7684934735298157,0.001102187903597951
DQN,5,mid,1784,2784,0.09000000000000001,1.0,1.0,0.4311315417289734,0.0009283007821068168
DQN,5,mid,1785,2785,-0.025799248218536394,6.0,2.0,0.7534677386283875,0.000996783821998785
DQN,5,mid,1786,2786,0.09000000000000001,1.0,1.0,0.19750259816646576,0.0019076904281973839
DQN,5,mid,1787,2787,0.009421606063842777,3.0,2.0,0.7070122957229614,0.004104456282220781
DQN,5,mid,1788,2788,0.20870275974273683,2.0,2.0,0.8483872413635254,0.001155866717454046
DQN,5,mid,1789,2789,0.0247052502632141,8.0,3.0,0.7614119648933411,0.11078969358641189
DQN,5,mid,1790,2790,-0.007742264270782492,9.0,3.0,0.7465904355049133,0.09242352588464403
DQN,5,mid,1791,2791,0.09000000000000001,1.0,1.0,0.4473991394042969,0.0009717626962810755
DQN,5,mid,1792,2792,0.09000000000000001,1.0,1.0,0.23738864064216614,0.0009432745282538235
DQN,5,mid,1793,2793,0.13818544864654542,3.0,3.0,0.25502273440361023,0.07149865344399586
DQN,5,mid,1794,2794,0.09843467354774477,7.0,3.0,0.3849887549877167,0.006224667769856751
DQN,5,mid,1795,2795,0.09000000000000001,1.0,1.0,0.3470571041107178,0.0018445485038682818
DQN,5,mid,1796,2796,-0.22544008493423465,10.0,3.0,0.7103744745254517,0.01025633048848249
DQN,5,mid,1797,2797,-0.3981300681829453,10.0,5.0,0.23291273415088654,0.06848301452118903
DQN,5,mid,1798,2798,0.09000000000000001,1.0,1.0,0.27608925104141235,0.0013285931199789047
DQN,5,mid,1799,2799,-0.03379974365234374,5.0,2.0,1.0724010467529297,0.001417409081477672
DQN,5,mid,1800,2800,0.024124639034271256,2.0,2.0,0.669291615486145,0.0010627970332279801
DQN,5,mid,1801,2801,0.09000000000000001,1.0,1.0,0.22896134853363037,0.0010470555862411857
DQN,5,mid,1802,2802,0.09000000000000001,1.0,1.0,0.3316609859466553,0.0009522691834717989
DQN,5,mid,1803,2803,-0.17794453144073485,9.0,4.0,0.5997820496559143,0.006453162175603211
DQN,5,mid,1804,2804,0.09000000000000001,1.0,1.0,0.24730516970157623,0.0012671713484451175
DQN,5,mid,1805,2805,0.09000000000000001,1.0,1.0,0.19915178418159485,0.0020001062657684088
DQN,5,mid,1806,2806,0.09000000000000001,1.0,1.0,0.13863636553287506,0.0018465497996658087
DQN,5,mid,1807,2807,0.09000000000000001,1.0,1.0,0.5721800923347473,0.0012262893142178655
DQN,5,mid,1808,2808,-0.028374078273773196,9.0,5.0,0.8140873312950134,0.059845673321332366
DQN,5,mid,1809,2809,0.5358260750770568,5.0,5.0,0.8213382363319397,0.12407722896896303
DQN,5,mid,1810,2810,0.13272340059280396,4.0,3.0,0.7927206754684448,0.00791458974708803
DQN,5,mid,1811,2811,0.1723280715942383,2.0,2.0,0.5664592385292053,0.0008376589685212821
DQN,5,mid,1812,2812,0.17622967243194582,2.0,2.0,1.0397298336029053,0.0014201618323568255
DQN,5,mid,1813,2813,-0.20736042737960814,8.0,3.0,0.5706811547279358,0.001182053551019635
DQN,5,mid,1814,2814,0.24667610406875612,2.0,2.0,0.39554888010025024,0.1064603712875396
DQN,5,mid,1815,2815,-0.5950983762741089,10.0,3.0,0.6106919050216675,0.050497806747443974
DQN,5,mid,1816,2816,0.09089220762252809,5.0,3.0,0.9085437655448914,0.01161441473523155
DQN,5,mid,1817,2817,0.25118858337402344,3.0,3.0,0.6831466555595398,0.0007207099891578158
DQN,5,mid,1818,2818,0.018917398452758805,2.0,2.0,0.39555928111076355,0.0008300751505885273
DQN,5,mid,1819,2819,0.18428433656692506,3.0,3.0,0.7147150039672852,0.0009248127850393454
DQN,5,mid,1820,2820,0.09000000000000001,1.0,1.0,0.033967647701501846,0.0008831500890664756
DQN,5,mid,1821,2821,0.09000000000000001,1.0,1.0,0.3899916112422943,0.0010245920857414603
DQN,5,mid,1822,2822,0.17891709685325624,2.0,2.0,0.48833945393562317,0.011035756440833211
DQN,5,mid,1823,2823,0.03745164155960084,2.0,2.0,0.35898688435554504,0.0009207369002979249
DQN,5,mid,1824,2824,0.09000000000000001,1.0,1.0,0.15013419091701508,0.0005402225651778281
DQN,5,mid,1825,2825,0.07013236165046693,2.0,2.0,0.2697698473930359,0.0008148871420416981
DQN,5,mid,1826,2826,0.09000000000000001,1.0,1.0,0.3539149761199951,0.0006744380225427449
DQN,5,mid,1827,2827,0.0007812547683715976,2.0,2.0,0.5924612879753113,0.0011405082768760622
DQN,5,mid,1828,2828,-0.10596929550170898,6.0,3.0,0.7854909300804138,0.13737420374915624
DQN,5,mid,1829,2829,0.22952197670936586,2.0,2.0,0.47074463963508606,0.0012398723629303277
DQN,5,mid,1830,2830,-0.7139285087585451,10.0,2.0,0.5936322808265686,0.0010379288927651943
DQN,5,mid,1831,2831,0.3313779401779175,2.0,2.0,0.6932697296142578,0.0005909157916903496
DQN,5,mid,1832,2832,0.09000000000000001,1.0,1.0,0.3688074052333832,0.08988157659769058
DQN,5,mid,1833,2833,0.04322643756866456,2.0,2.0,1.087526559829712,0.0070509955403395
DQN,5,mid,1834,2834,0.07153088808059693,4.0,3.0,0.6465669274330139,0.0016539574426133186
DQN,5,mid,1835,2835,0.08166773796081545,2.0,2.0,1.051861047744751,0.002017156861256808
DQN,5,mid,1836,2836,0.09000000000000001,1.0,1.0,0.10753648728132248,0.005019684787839651
DQN,5,mid,1837,2837,0.09000000000000001,1.0,1.0,0.507472574710846,0.0011173151433467865
DQN,5,mid,1838,2838,0.02486671686172487,2.0,2.0,0.7652503252029419,0.0015670564025640488
DQN,5,mid,1839,2839,0.3245671558380127,2.0,2.0,0.5360723733901978,0.0028912676498293877
DQN,5,mid,1840,2840,0.09000000000000001,1.0,1.0,0.3800700604915619,0.020205965265631676
DQN,5,mid,1841,2841,0.09000000000000001,1.0,1.0,0.1873694658279419,0.0009256579796783626
DQN,5,mid,1842,2842,0.09000000000000001,1.0,1.0,0.49223074316978455,0.0012102085165679455
DQN,5,mid,1843,2843,-0.2894227433204651,8.0,4.0,0.9794431924819946,0.12891320516064297
DQN,5,mid,1844,2844,0.09000000000000001,1.0,1.0,0.43767207860946655,0.0005732870777137578
DQN,5,mid,1845,2845,0.29575385332107545,2.0,2.0,0.6200113296508789,0.0012550953542813659
DQN,5,mid,1846,2846,0.09000000000000001,1.0,1.0,0.8061968088150024,0.0013662137789651752
DQN,5,mid,1847,2847,0.18930912733078004,3.0,3.0,0.5138090252876282,0.0009556877387998005
DQN,5,mid,1848,2848,0.031047241687774667,2.0,2.0,0.9236159920692444,0.0008268199453596026
DQN,5,mid,1849,2849,0.09000000000000001,1.0,1.0,0.18198458850383759,0.07500739395618439
DQN,5,mid,1850,2850,-0.4465163826942444,10.0,2.0,0.834022581577301,0.09427110577817074
DQN,5,mid,1851,2851,0.09000000000000001,1.0,1.0,0.8899646401405334,0.0008740858174860477
DQN,5,mid,1852,2852,0.01402217328548433,2.0,2.0,0.24223682284355164,0.0013697889517061412
DQN,5,mid,1853,2853,-0.14432704210281372,6.0,4.0,0.5648020505905151,0.0014016203058417886
DQN,5,mid,1854,2854,0.18916083097457886,3.0,3.0,0.8644814491271973,0.0009605798210638264
DQN,5,mid,1855,2855,0.1417998242378235,2.0,2.0,0.6518760919570923,0.0011845104745589197
DQN,5,mid,1856,2856,0.09000000000000001,1.0,1.0,0.5284384489059448,0.0012084417976439
DQN,5,mid,1857,2857,-0.12250409364700317,9.0,3.0,0.5077680945396423,0.015339232011077305
DQN,5,mid,1858,2858,0.26410176038742067,2.0,2.0,0.9128833413124084,0.020926564058754593
DQN,5,mid,1859,2859,0.09000000000000001,1.0,1.0,0.3331778347492218,0.0014828280545771122
DQN,5,mid,1860,2860,-0.40674348473548894,10.0,2.0,0.3833853304386139,0.08878739366191439
DQN,5,mid,1861,2861,-0.1257313024997711,2.0,2.0,0.5888380408287048,0.0013043106882832944
DQN,5,mid,1862,2862,0.015438752174377457,2.0,2.0,0.5196701288223267,0.0007620742253493518
DQN,5,mid,1863,2863,0.09000000000000001,1.0,1.0,0.2582245171070099,0.00040497584268450737
DQN,5,mid,1864,2864,0.09000000000000001,1.0,1.0,0.7428658604621887,0.0008334798039868474
DQN,5,mid,1865,2865,-0.5458780527114868,10.0,3.0,0.42894670367240906,0.02553908182308078
DQN,5,mid,1866,2866,0.09000000000000001,1.0,1.0,0.09434205293655396,0.0005128168850205839
DQN,5,mid,1867,2867,0.08591495633125307,2.0,2.0,0.19495518505573273,0.0009382528951391578
DQN,5,mid,1868,2868,0.09452571153640749,2.0,2.0,0.8875981569290161,0.0012284369440749288
DQN,5,mid,1869,2869,0.09000000000000001,1.0,1.0,0.2810996174812317,0.10407056659460068
DQN,5,mid,1870,2870,-0.028079671859741195,2.0,2.0,0.6571560502052307,0.0005279102479107678
DQN,5,mid,1871,2871,0.09000000000000001,1.0,1.0,0.6436581015586853,0.0008991321665234864
DQN,5,mid,1872,2872,-0.43701910972595215,10.0,3.0,0.9683423042297363,0.0024511412862921133
DQN,5,mid,1873,2873,-0.3576388359069824,10.0,3.0,0.14419147372245789,0.0015140918287215755
DQN,5,mid,1874,2874,-0.4068060159683228,10.0,5.0,0.28019389510154724,0.07956055542454124
DQN,5,mid,1875,2875,0.09000000000000001,1.0,1.0,0.14387276768684387,0.0007586517604067922
DQN,5,mid,1876,2876,0.09000000000000001,1.0,1.0,0.5268538594245911,0.1476203203201294
DQN,5,mid,1877,2877,0.17519493579864504,2.0,2.0,0.6031932830810547,0.00089054080308415
DQN,5,mid,1878,2878,0.17581983089447023,2.0,2.0,0.7980546355247498,0.0008294373692478985
DQN,5,mid,1879,2879,0.10354911088943482,5.0,5.0,0.7983863949775696,0.004159677668940276
DQN,5,mid,1880,2880,-0.034962816238403305,2.0,2.0,0.7309204339981079,0.0011531799973454326
DQN,5,mid,1881,2881,0.15618367671966554,2.0,2.0,0.26736727356910706,0.0015144676144700497
DQN,5,mid,1882,2882,0.09000000000000001,1.0,1.0,0.5978976488113403,0.0008635101257823408
DQN,5,mid,1883,2883,0.09000000000000001,1.0,1.0,0.4101768136024475,0.0005436263745650649
DQN,5,mid,1884,2884,0.09000000000000001,1.0,1.0,0.7058855891227722,0.0007922322838567197
DQN,5,mid,1885,2885,0.08887840986251833,2.0,2.0,0.28590723872184753,0.0007802102772984654
DQN,5,mid,1886,2886,0.1412607002258301,2.0,2.0,0.7515621185302734,0.0006796399247832596
DQN,5,mid,1887,2887,0.07109552800655367,2.0,2.0,0.24852250516414642,0.2033465999411419
DQN,5,mid,1888,2888,0.060536155700683596,4.0,3.0,0.8550100326538086,0.0006932716351002455
DQN,5,mid,1889,2889,0.0719560480117798,4.0,3.0,0.748838484287262,0.0009090809180634096
DQN,5,mid,1890,2890,-0.2548771262168884,10.0,3.0,0.8695429563522339,0.001721463887952268
DQN,5,mid,1891,2891,0.3130659627914429,2.0,2.0,0.32832473516464233,0.0021988244843669236
DQN,5,mid,1892,2892,0.09000000000000001,1.0,1.0,0.21335053443908691,0.0009497049613855779
DQN,5,mid,1893,2893,0.12276400804519655,2.0,2.0,0.721993625164032,0.05253421422094107
DQN,5,mid,1894,2894,0.2155325484275818,3.0,3.0,0.7842473983764648,0.01856527718094488
DQN,5,mid,1895,2895,0.09000000000000001,1.0,1.0,0.17411328852176666,0.000848792667966336
DQN,5,mid,1896,2896,0.04842169761657716,2.0,2.0,0.742350161075592,0.002752012340351939
DQN,5,mid,1897,2897,0.09000000000000001,1.0,1.0,0.14297889173030853,0.0007022022036835551
DQN,5,mid,1898,2898,0.011151142120361335,3.0,3.0,0.7433899641036987,0.0032946798019111156
DQN,5,mid,1899,2899,0.09000000000000001,1.0,1.0,0.2614179253578186,0.0009271405870094895
DQN,5,mid,1900,2900,0.09000000000000001,1.0,1.0,0.4190015196800232,0.0015073230024427176
DQN,5,mid,1901,2901,0.20100774049758913,2.0,2.0,0.6637212634086609,0.0019022661726921797
DQN,5,mid,1902,2902,-0.42454962730407714,10.0,2.0,0.9173507690429688,0.012460378918331117
DQN,5,mid,1903,2903,-0.004445652961730953,3.0,2.0,0.5451149344444275,0.001573106545644502
DQN,5,mid,1904,2904,0.03301090717315675,3.0,3.0,0.719919741153717,0.022851095263225336
DQN,5,mid,1905,2905,0.23947606205940247,3.0,3.0,0.41654500365257263,0.0007976330816745758
DQN,5,mid,1906,2906,0.09000000000000001,1.0,1.0,0.44633764028549194,0.0007670986233279109
DQN,5,mid,1907,2907,0.20851035594940187,2.0,2.0,0.9584193229675293,0.001565287122502923
DQN,5,mid,1908,2908,0.09000000000000001,1.0,1.0,0.7914935350418091,1.7115375995635986
DQN,5,mid,1909,2909,0.18145545005798341,2.0,2.0,0.7770691514015198,0.3488559973775409
DQN,5,mid,1910,2910,-0.20920363426208494,6.0,2.0,0.5899980664253235,0.017376108900255833
DQN,5,mid,1911,2911,0.22561527013778687,3.0,3.0,0.6708852052688599,0.0007928754591072599
DQN,5,mid,1912,2912,0.09000000000000001,1.0,1.0,0.1847156137228012,0.0009473488316871226
DQN,5,mid,1913,2913,0.20986385822296144,2.0,2.0,0.36013466119766235,0.0008750465931370854
DQN,5,mid,1914,2914,-0.5545862317085266,10.0,3.0,0.3754623234272003,0.0010228752740658819
DQN,5,mid,1915,2915,0.2328727912902832,3.0,3.0,1.051108956336975,0.0008534280738482872
DQN,5,mid,1916,2916,-0.4647200107574463,10.0,3.0,0.9709845781326294,0.015043637176859193
DQN,5,mid,1917,2917,0.09000000000000001,1.0,1.0,0.09680134803056717,0.004230838734656572
DQN,5,mid,1918,2918,0.09000000000000001,1.0,1.0,0.4534040093421936,0.0015061659505590796
DQN,5,mid,1919,2919,0.09000000000000001,1.0,1.0,0.10615916550159454,0.001342098694294691
DQN,5,mid,1920,2920,0.06401558399200441,2.0,2.0,0.5300565361976624,0.0014428893919102848
DQN,5,mid,1921,2921,0.2781374025344849,2.0,2.0,0.5650381445884705,0.0009396834939252585
DQN,5,mid,1922,2922,-0.593076515197754,10.0,2.0,0.8378149271011353,0.013153734797379002
DQN,5,mid,1923,2923,0.09000000000000001,1.0,1.0,0.2247670590877533,0.003172181313857436
DQN,5,mid,1924,2924,0.2503343892097473,3.0,3.0,0.6369811296463013,0.009639363425473372
DQN,5,mid,1925,2925,0.17856146574020387,2.0,2.0,0.5669943690299988,0.0022737174294888973
DQN,5,mid,1926,2926,0.09000000000000001,1.0,1.0,0.7187973260879517,0.000925809727050364
DQN,5,mid,1927,2927,-0.04424033403396606,4.0,2.0,0.6743451952934265,0.0018513212271500379
DQN,5,mid,1928,2928,0.08482526421546938,2.0,2.0,0.4971732199192047,0.001796797732822597
DQN,5,mid,1929,2929,0.09000000000000001,1.0,1.0,0.4158119559288025,0.0013455222360789776
DQN,5,mid,1930,2930,-0.34601355135440826,9.0,4.0,0.2970596253871918,0.014393482835859887
DQN,5,mid,1931,2931,0.10090859413146974,2.0,2.0,0.8061774969100952,0.0010615995852276683
DQN,5,mid,1932,2932,0.09000000000000001,1.0,1.0,0.3576545715332031,0.0011604768224060535
DQN,5,mid,1933,2933,0.13742389202117922,3.0,2.0,0.7695827484130859,0.026833338430151343
DQN,5,mid,1934,2934,0.1835328805446625,2.0,2.0,0.4045015275478363,0.0006509296363219619
DQN,5,mid,1935,2935,0.04514629602432252,4.0,3.0,0.6457903981208801,0.01145607176295016
DQN,5,mid,1936,2936,0.09000000000000001,1.0,1.0,0.12957583367824554,0.0009381423005834222
DQN,5,mid,1937,2937,0.09000000000000001,1.0,1.0,0.1261538416147232,0.0005859998636879027
DQN,5,mid,1938,2938,0.006520757675170907,4.0,3.0,0.7158610224723816,0.0007943093951325864
DQN,5,mid,1939,2939,0.22887368679046632,2.0,2.0,0.879423975944519,0.0009964483615476638
DQN,5,mid,1940,2940,0.09000000000000001,1.0,1.0,0.3411329388618469,0.0006210132269188762
DQN,5,mid,1941,2941,0.09997666597366334,3.0,3.0,0.8426723480224609,0.0010497546754777431
DQN,5,mid,1942,2942,0.09000000000000001,1.0,1.0,0.42080599069595337,0.06142762675881386
DQN,5,mid,1943,2943,-0.5372873842716217,10.0,3.0,0.3044164180755615,0.011506114614894614
DQN,5,mid,1944,2944,-0.179584813117981,10.0,4.0,0.7801914215087891,0.001156446966342628
DQN,5,mid,1945,2945,0.09000000000000001,1.0,1.0,0.17810623347759247,0.00042750558350235224
DQN,5,mid,1946,2946,0.25452830076217653,2.0,2.0,0.7308658957481384,0.45055415225215256
DQN,5,mid,1947,2947,0.0782503652572632,2.0,2.0,0.6444107890129089,0.021730165230110288
DQN,5,mid,1948,2948,0.23838438272476198,2.0,2.0,0.553835391998291,0.0014046733267605305
DQN,5,mid,1949,2949,-0.440385627746582,10.0,2.0,0.6895637512207031,0.008547287236433476
DQN,5,mid,1950,2950,0.09000000000000001,1.0,1.0,0.44046396017074585,0.0005831450107507408
DQN,5,mid,1951,2951,-0.040760853290557855,4.0,2.0,0.15066201984882355,0.1711313311534468
DQN,5,mid,1952,2952,0.09000000000000001,1.0,1.0,0.26239514350891113,0.0007151931058615446
DQN,5,mid,1953,2953,0.3208675754070282,3.0,3.0,0.49898460507392883,0.0009029874539313217
DQN,5,mid,1954,2954,0.18454689502716065,3.0,3.0,1.1299511194229126,0.0011820182553492486
DQN,5,mid,1955,2955,0.09000000000000001,1.0,1.0,0.2852054238319397,0.0011011172318831086
DQN,5,mid,1956,2956,0.04893608570098878,2.0,2.0,0.6341008543968201,0.0009645148529671133
DQN,5,mid,1957,2957,0.08533968448638916,3.0,2.0,1.1244802474975586,0.001424878486432135
DQN,5,mid,1958,2958,0.09000000000000001,1.0,1.0,0.6362848877906799,0.00078582763671875
DQN,5,mid,1959,2959,0.09000000000000001,1.0,1.0,0.3004636764526367,0.006292378064244986
DQN,5,mid,1960,2960,0.18358989238739015,2.0,2.0,0.923945426940918,0.0008265485521405935
DQN,5,mid,1961,2961,0.15419282197952272,2.0,2.0,0.7119673490524292,0.0011097724782302976
DQN,5,mid,1962,2962,0.09000000000000001,1.0,1.0,0.23278586566448212,0.0007955449400469661
DQN,5,mid,1963,2963,0.09000000000000001,1.0,1.0,0.2441992312669754,0.0007989663281477988
DQN,5,mid,1964,2964,0.09000000000000001,1.0,1.0,0.7153235673904419,0.0008448536391369998
DQN,5,mid,1965,2965,0.07982786417007447,3.0,2.0,0.6183956861495972,0.0008664383203722537
DQN,5,mid,1966,2966,-0.5570360898971558,10.0,2.0,1.0570093393325806,0.14621626864536666
DQN,5,mid,1967,2967,-0.02439631104469299,3.0,2.0,0.30314192175865173,0.04856462252791971
DQN,5,mid,1968,2968,-0.597616195678711,10.0,3.0,0.8157923817634583,0.18392674850183538
DQN,5,mid,1969,2969,0.18440540313720705,2.0,2.0,0.4818865656852722,0.0014165499014779925
DQN,5,mid,1970,2970,-0.36851991415023805,10.0,4.0,0.7108460068702698,0.0013772304693702609
DQN,5,mid,1971,2971,0.09000000000000001,1.0,1.0,0.5383502244949341,1.0456888675689697
DQN,5,mid,1972,2972,0.2777996063232422,5.0,4.0,0.7801026105880737,0.09592730487929657
DQN,5,mid,1973,2973,-0.02327286720275877,7.0,4.0,0.8019015192985535,0.0013755384383590094
DQN,5,mid,1974,2974,-0.43579218387603763,10.0,3.0,0.46213775873184204,0.11189144839299843
DQN,5,mid,1975,2975,0.09000000000000001,1.0,1.0,0.13514108955860138,0.0009270064765587449
DQN,5,mid,1976,2976,0.09000000000000001,1.0,1.0,0.4520273208618164,0.0010748952627182007
DQN,5,mid,1977,2977,0.10997970581054689,2.0,2.0,0.8177890777587891,0.000947812048252672
DQN,5,mid,1978,2978,0.015292901992797855,3.0,2.0,0.8055582642555237,0.0016445893270429224
DQN,5,mid,1979,2979,0.21800299167633058,2.0,2.0,0.6084194779396057,0.09822834597434849
DQN,5,mid,1980,2980,0.09000000000000001,1.0,1.0,0.3431958258152008,0.23756612837314606
DQN,5,mid,1981,2981,0.13757662653923036,2.0,2.0,0.4904244840145111,0.00311960990075022
DQN,5,mid,1982,2982,0.09000000000000001,1.0,1.0,0.5782874822616577,0.06083063408732414
DQN,5,mid,1983,2983,-0.013912330865859981,3.0,2.0,0.2917628884315491,0.010107653176722428
DQN,5,mid,1984,2984,0.09462283730506899,2.0,2.0,0.3481338918209076,0.00092217797646299
DQN,5,mid,1985,2985,0.029276506900787362,2.0,2.0,0.6449060440063477,0.021456323913298547
DQN,5,mid,1986,2986,0.05482289373874665,2.0,2.0,0.26152345538139343,0.001061949267750606
DQN,5,mid,1987,2987,-0.1944178771972656,7.0,3.0,0.58683842420578,0.0042480966076254845
DQN,5,mid,1988,2988,0.11935784101486208,2.0,2.0,0.9378212690353394,0.0010628789605107158
DQN,5,mid,1989,2989,0.2747534680366516,2.0,2.0,0.6747226715087891,0.043624391488265246
DQN,5,mid,1990,2990,0.359060959815979,2.0,2.0,0.8012304306030273,0.0024527290370315313
DQN,5,mid,1991,2991,0.09944851875305177,2.0,2.0,0.5701656937599182,0.0012954014237038791
DQN,5,mid,1992,2992,-0.480424702167511,10.0,3.0,0.37356576323509216,0.009218718972988427
DQN,5,mid,1993,2993,-0.05671341180801391,6.0,5.0,0.787753701210022,0.0023401411793505154
DQN,5,mid,1994,2994,0.09000000000000001,1.0,1.0,0.3081008493900299,0.0004907850525341928
DQN,5,mid,1995,2995,0.09000000000000001,1.0,1.0,0.7485756278038025,0.0009264852851629257
DQN,5,mid,1996,2996,0.18347102165222168,4.0,4.0,0.7928550839424133,0.1475319783494342
DQN,5,mid,1997,2997,-0.09812872409820557,5.0,3.0,0.37787002325057983,0.0009087853715755046
DQN,5,mid,1998,2998,0.09000000000000001,1.0,1.0,0.19084419310092926,0.0012226765975356102
DQN,5,mid,1999,2999,0.09000000000000001,1.0,1.0,0.10407965630292892,0.0005642333999276161
DQN,5,mid,2000,3000,0.09000000000000001,1.0,1.0,0.5183884501457214,0.0014066516887396574
