agent,seed,phase,local_episode,cumulative_episode,reward,steps,selected_regions,classification_loss,optimization_loss
DQN,125,mid,1,1001,0.09000000000000001,1.0,1.0,0.9679102897644043,0.000196358872926794
DQN,125,mid,2,1002,0.057932095527648934,2.0,2.0,0.5874859690666199,0.0002482980562490411
DQN,125,mid,3,1003,0.09000000000000001,1.0,1.0,0.3333981931209564,0.0002132027584593743
DQN,125,mid,4,1004,0.05189145565032959,4.0,3.0,0.8300853967666626,0.00026247404821333475
DQN,125,mid,5,1005,0.09466711640357972,4.0,3.0,0.37165752053260803,0.0002458288290654309
DQN,125,mid,6,1006,0.11080432653427125,3.0,3.0,0.8992022275924683,0.00022264086874201894
DQN,125,mid,7,1007,0.0812183690071106,3.0,3.0,0.5026785135269165,0.0003339457519662877
DQN,125,mid,8,1008,0.09000000000000001,1.0,1.0,0.1266341358423233,0.0002503144205547869
DQN,125,mid,9,1009,-0.16040920257568353,4.0,3.0,0.45810598134994507,0.00024197859966079704
DQN,125,mid,10,1010,0.15190900087356568,3.0,3.0,0.7087887525558472,0.00017650278944832584
DQN,125,mid,11,1011,0.004255689382553121,3.0,3.0,0.5212850570678711,0.00027243389922659844
DQN,125,mid,12,1012,0.042175836563110365,3.0,3.0,0.6943182349205017,0.00022718096928050122
DQN,125,mid,13,1013,0.13583904266357422,4.0,4.0,0.7579636573791504,0.00025134579482255504
DQN,125,mid,14,1014,0.02855733752250672,3.0,3.0,0.3566865921020508,0.00021557913472255072
DQN,125,mid,15,1015,-0.09723568439483644,8.0,5.0,0.6324539184570312,0.00023255112682818435
DQN,125,mid,16,1016,0.09000000000000001,1.0,1.0,0.3724920451641083,0.00012450847134459764
DQN,125,mid,17,1017,0.12550716876983645,7.0,5.0,0.740317702293396,0.00030571987736038864
DQN,125,mid,18,1018,-0.16961174011230468,5.0,3.0,0.6278079152107239,0.00022317736002150924
DQN,125,mid,19,1019,0.10805891633033754,2.0,2.0,0.18541404604911804,0.00015943789185257629
DQN,125,mid,20,1020,0.11945284128189088,3.0,3.0,0.282660573720932,0.00016132361633935943
DQN,125,mid,21,1021,0.09000000000000001,1.0,1.0,0.9333224296569824,0.0001614827779121697
DQN,125,mid,22,1022,-0.029104042053222645,5.0,3.0,0.7834807634353638,0.00017991665081353858
DQN,125,mid,23,1023,0.10784484624862672,2.0,2.0,0.3841637074947357,0.0003240099031245336
DQN,125,mid,24,1024,0.09000000000000001,1.0,1.0,0.29797235131263733,0.00026590190827846527
DQN,125,mid,25,1025,0.14348323822021486,2.0,2.0,0.7537513375282288,0.00018013861699728295
DQN,125,mid,26,1026,0.09000000000000001,1.0,1.0,0.14253458380699158,6.498207949334756e-05
DQN,125,mid,27,1027,0.09000000000000001,1.0,1.0,1.006811261177063,0.0001804185303626582
DQN,125,mid,28,1028,0.09000000000000001,1.0,1.0,0.14371158182621002,0.0002457313530612737
DQN,125,mid,29,1029,0.04138217329978943,4.0,3.0,0.3454821705818176,0.00022325287864077836
DQN,125,mid,30,1030,-0.27507685661315917,9.0,4.0,0.5865923762321472,0.00017182138981297612
DQN,125,mid,31,1031,0.09000000000000001,1.0,1.0,0.24250146746635437,0.0002138494746759534
DQN,125,mid,32,1032,0.09000000000000001,1.0,1.0,0.14738723635673523,0.0002142539160558954
DQN,125,mid,33,1033,0.09000000000000001,1.0,1.0,0.6471496224403381,0.00027499953284859657
DQN,125,mid,34,1034,0.1463520395755768,2.0,2.0,0.42150673270225525,0.00023119748948374763
DQN,125,mid,35,1035,0.04933424472808839,2.0,2.0,0.35478684306144714,0.00011936673035961576
DQN,125,mid,36,1036,0.09000000000000001,1.0,1.0,1.105794906616211,0.00025951338466256857
DQN,125,mid,37,1037,0.16751940727233888,2.0,2.0,0.7063550353050232,0.00011681107571348548
DQN,125,mid,38,1038,0.0017393994331360019,2.0,2.0,0.7361021041870117,0.0005716451414627954
DQN,125,mid,39,1039,0.04748005151748657,7.0,4.0,0.7050667405128479,0.00020150169439148158
DQN,125,mid,40,1040,0.018328668475151078,2.0,2.0,0.1997750848531723,0.00024293377646245062
DQN,125,mid,41,1041,-0.012111227512359615,3.0,2.0,0.5956825613975525,0.00024240473188304654
DQN,125,mid,42,1042,0.02866093397140504,7.0,6.0,0.9567243456840515,0.00023645710150179054
DQN,125,mid,43,1043,-0.06919492363929748,3.0,2.0,0.48439836502075195,0.00021433551834585765
DQN,125,mid,44,1044,-0.056352998614311214,3.0,2.0,0.20168372988700867,0.0001715717080514878
DQN,125,mid,45,1045,0.05175657749176026,2.0,2.0,0.6050437092781067,0.0002884122804971412
DQN,125,mid,46,1046,0.09000000000000001,1.0,1.0,1.0188677310943604,0.0002303101500729099
DQN,125,mid,47,1047,0.0655212378501892,4.0,4.0,0.25379323959350586,0.00018700469809118658
DQN,125,mid,48,1048,-0.11781180381774904,8.0,5.0,0.6823016405105591,0.00017220757308678003
DQN,125,mid,49,1049,0.09000000000000001,1.0,1.0,0.3467411994934082,0.00018799552344717085
DQN,125,mid,50,1050,0.01363856315612795,3.0,3.0,0.7076684236526489,0.00012257759469018006
DQN,125,mid,51,1051,0.10941845357418062,2.0,2.0,0.15616396069526672,0.0001770981471054256
DQN,125,mid,52,1052,-0.05909626722335816,4.0,3.0,0.7029199600219727,0.0002324269007658586
DQN,125,mid,53,1053,-0.029469172954559322,3.0,2.0,0.7748284935951233,0.0003258837969042361
DQN,125,mid,54,1054,0.07410300731658936,4.0,3.0,0.6946033835411072,0.00021482671945705079
DQN,125,mid,55,1055,0.09000000000000001,1.0,1.0,0.411575049161911,0.00028523910441435874
DQN,125,mid,56,1056,-0.0729325270652771,6.0,3.0,0.6463950276374817,0.0002087825196213089
DQN,125,mid,57,1057,0.34842849493026734,3.0,3.0,0.8015735745429993,0.00017986585832356164
DQN,125,mid,58,1058,0.02417864084243776,2.0,2.0,0.3841797411441803,0.0002828487195074558
DQN,125,mid,59,1059,-0.12792231917381286,3.0,3.0,0.49562686681747437,0.00019714895461220294
DQN,125,mid,60,1060,0.024723486900329605,2.0,2.0,0.30358171463012695,0.0003009017018484883
DQN,125,mid,61,1061,0.16877000749111176,3.0,3.0,0.21399067342281342,0.00021602303604595363
DQN,125,mid,62,1062,-0.32183598279953,10.0,7.0,0.7556451559066772,0.0002401781268417835
DQN,125,mid,63,1063,0.09000000000000001,1.0,1.0,0.48630291223526,0.00023528237943537533
DQN,125,mid,64,1064,0.04391426563262941,3.0,3.0,0.5273194909095764,0.0002963049919344485
DQN,125,mid,65,1065,-0.6071394562721254,10.0,4.0,0.7333108186721802,0.00021431812492664904
DQN,125,mid,66,1066,-0.04698853015899658,2.0,2.0,0.42387446761131287,0.00034027023502858356
DQN,125,mid,67,1067,0.09000000000000001,1.0,1.0,0.2023995816707611,0.0006025137845426798
DQN,125,mid,68,1068,0.018601881265640274,2.0,2.0,0.27287518978118896,0.0003552913694875315
DQN,125,mid,69,1069,0.019266465604305283,2.0,2.0,0.13809312880039215,0.0002903149579651654
DQN,125,mid,70,1070,-0.04075782775878904,8.0,4.0,0.9543195962905884,0.00022819251717010047
DQN,125,mid,71,1071,0.09000000000000001,1.0,1.0,0.44987502694129944,0.00015980371972545981
DQN,125,mid,72,1072,0.07756384372711182,4.0,2.0,1.06653892993927,0.0002540941277402453
DQN,125,mid,73,1073,-0.19690574049949644,4.0,2.0,0.6031813025474548,0.0002369282374274917
DQN,125,mid,74,1074,0.08787124037742616,2.0,2.0,0.19942577183246613,0.00012647901894524693
DQN,125,mid,75,1075,0.09719259262084962,3.0,3.0,0.7438178658485413,0.0002780905391167228
DQN,125,mid,76,1076,0.01847727298736572,5.0,3.0,0.8723718523979187,0.00015553897828795015
DQN,125,mid,77,1077,-0.026641381978988632,2.0,2.0,0.2567134499549866,0.00015552725744782947
DQN,125,mid,78,1078,0.15924896478652956,2.0,2.0,0.8998093605041504,0.00026022463862318546
DQN,125,mid,79,1079,0.22452725648880006,2.0,2.0,0.6296564936637878,0.00019458427777863108
DQN,125,mid,80,1080,-0.1577696657180786,6.0,3.0,0.8043786287307739,0.00022573091700905934
DQN,125,mid,81,1081,0.062604056596756,2.0,2.0,0.4365648627281189,0.00023499013332184404
DQN,125,mid,82,1082,0.09000000000000001,1.0,1.0,0.416463702917099,0.00013332195521797985
DQN,125,mid,83,1083,0.06818563699722291,4.0,3.0,0.45159417390823364,0.00023491445608669892
DQN,125,mid,84,1084,0.09000000000000001,1.0,1.0,0.19061379134655,0.0001227319153258577
DQN,125,mid,85,1085,0.09000000000000001,1.0,1.0,0.3213796019554138,0.00030408528982661664
DQN,125,mid,86,1086,-0.07358293771743772,4.0,3.0,0.9659400582313538,0.00034208088982268237
DQN,125,mid,87,1087,0.11975868225097658,2.0,2.0,0.8084715008735657,0.00016373844118788838
DQN,125,mid,88,1088,-0.0016791057586669766,2.0,2.0,0.29797008633613586,0.00017013643810059875
DQN,125,mid,89,1089,0.09000000000000001,1.0,1.0,0.11398367583751678,0.0002581166918389499
DQN,125,mid,90,1090,0.19864650249481203,2.0,2.0,0.874851644039154,0.0001691400320851244
DQN,125,mid,91,1091,-0.014187674522399898,3.0,2.0,0.7476987838745117,0.00021104648476466537
DQN,125,mid,92,1092,0.05120522975921631,5.0,3.0,0.44387131929397583,0.00021316265920177103
DQN,125,mid,93,1093,-0.11036728143692016,2.0,2.0,0.3994143605232239,0.00014657613792223856
DQN,125,mid,94,1094,0.1645584774017334,3.0,3.0,0.35043764114379883,0.0002497443322984812
DQN,125,mid,95,1095,0.07997913837432863,2.0,2.0,0.5993323922157288,0.00017180361464852467
DQN,125,mid,96,1096,0.09171556115150453,2.0,2.0,0.4299145042896271,0.00014965472655603662
DQN,125,mid,97,1097,0.15028302550315858,2.0,2.0,0.481526643037796,0.0002011540491366759
DQN,125,mid,98,1098,0.03283502340316773,2.0,2.0,0.22595742344856262,0.00023046027490636334
DQN,125,mid,99,1099,0.3828784990310669,2.0,2.0,0.710365891456604,0.00017021498933900148
DQN,125,mid,100,1100,0.008117864131927499,4.0,3.0,0.6643378138542175,0.00023131795387598686
DQN,125,mid,101,1101,0.01072205781936647,2.0,2.0,0.6648871302604675,0.0002248334203613922
DQN,125,mid,102,1102,-0.18807432413101194,6.0,2.0,0.5610743165016174,0.0002756389488543694
DQN,125,mid,103,1103,-0.469548773765564,10.0,4.0,0.789639949798584,0.0002777438217890449
DQN,125,mid,104,1104,0.09000000000000001,1.0,1.0,0.3579792380332947,0.00011206279305042699
DQN,125,mid,105,1105,0.1997277903556824,2.0,2.0,0.6055045127868652,0.0002149399369955063
DQN,125,mid,106,1106,-0.0568852576613426,3.0,3.0,0.24969837069511414,0.0002355755326182892
DQN,125,mid,107,1107,-0.15839147806167603,4.0,4.0,0.50396728515625,0.00042100549762835726
DQN,125,mid,108,1108,-0.0795901870727539,6.0,3.0,0.31182101368904114,0.0003563721038517542
DQN,125,mid,109,1109,0.400508291721344,3.0,3.0,0.4725673794746399,0.0002877255998707066
DQN,125,mid,110,1110,0.26147200345993044,2.0,2.0,0.9461677670478821,0.00029637587431352586
DQN,125,mid,111,1111,0.10294987440109254,2.0,2.0,0.7604582905769348,0.0003333217464387417
DQN,125,mid,112,1112,0.15260435819625856,2.0,2.0,0.7400375604629517,0.0001691176148597151
DQN,125,mid,113,1113,0.11551483154296877,2.0,2.0,0.6638432741165161,0.0003435157414060086
DQN,125,mid,114,1114,0.22113632917404175,4.0,4.0,0.4627530574798584,0.0002781319162750151
DQN,125,mid,115,1115,0.09000000000000001,1.0,1.0,0.1400042027235031,0.00029505800921469927
DQN,125,mid,116,1116,0.30730218410491944,3.0,3.0,0.6351445317268372,0.00023714326865350208
DQN,125,mid,117,1117,-0.04515288352966311,8.0,3.0,0.7862163782119751,0.0002714933525567176
DQN,125,mid,118,1118,0.03262157440185547,5.0,3.0,0.931562066078186,0.0003022211400093511
DQN,125,mid,119,1119,0.019864178895950338,3.0,3.0,0.4013170599937439,0.0002659485229135801
DQN,125,mid,120,1120,-0.07917486190795898,6.0,3.0,0.6508246660232544,0.00027200329592839506
DQN,125,mid,121,1121,-0.12441758155822759,9.0,3.0,0.7312072515487671,0.00026202019782633416
DQN,125,mid,122,1122,0.2645085954666138,6.0,5.0,1.2209646701812744,0.0003153554183275749
DQN,125,mid,123,1123,0.09000000000000001,1.0,1.0,0.18488310277462006,0.00021201136405579746
DQN,125,mid,124,1124,0.12898709058761598,2.0,2.0,0.37474486231803894,0.00017527117597637698
DQN,125,mid,125,1125,0.07686563014984132,2.0,2.0,0.6870059370994568,0.0003575565497158095
DQN,125,mid,126,1126,0.32855417013168337,2.0,2.0,0.9354925751686096,0.000270514894509688
DQN,125,mid,127,1127,0.09000000000000001,1.0,1.0,0.10443492978811264,0.0001536948693683371
DQN,125,mid,128,1128,0.12227588653564456,4.0,4.0,0.5397545099258423,0.00031460122772841714
DQN,125,mid,129,1129,0.09000000000000001,1.0,1.0,0.8904795050621033,0.000758805894292891
DQN,125,mid,130,1130,0.0493519401550293,4.0,3.0,0.6131730079650879,0.0003064914853894152
DQN,125,mid,131,1131,-0.4352825880050659,10.0,3.0,0.9159058928489685,0.0002699803240830079
DQN,125,mid,132,1132,0.09000000000000001,1.0,1.0,0.23017103970050812,0.0002750077983364463
DQN,125,mid,133,1133,0.005644559860229492,5.0,4.0,0.6329240202903748,0.0004026565991807729
DQN,125,mid,134,1134,-0.04968476057052611,6.0,4.0,0.70232754945755,0.00032515101581035805
DQN,125,mid,135,1135,0.00469846248626711,3.0,3.0,0.3828781545162201,0.0002898543849975492
DQN,125,mid,136,1136,-0.22097547054290773,10.0,4.0,0.7586764693260193,0.00026840255159186197
DQN,125,mid,137,1137,0.09000000000000001,1.0,1.0,0.21419532597064972,0.0001943012175615877
DQN,125,mid,138,1138,0.09435380220413209,3.0,3.0,0.6282464861869812,0.0003194310702383518
DQN,125,mid,139,1139,0.04156734228134156,2.0,2.0,0.8484469652175903,0.00022286703460849822
DQN,125,mid,140,1140,-0.06112419843673704,3.0,3.0,0.6357835531234741,0.0002152583523032566
DQN,125,mid,141,1141,0.09000000000000001,1.0,1.0,0.0908052921295166,0.000216455475310795
DQN,125,mid,142,1142,0.08262448191642763,2.0,2.0,0.1955493837594986,0.00017118381947511807
DQN,125,mid,143,1143,0.10577512502670289,3.0,3.0,0.25863534212112427,0.00017810526090518883
DQN,125,mid,144,1144,0.1593740200996399,4.0,2.0,0.5385203957557678,0.0002873361518140882
DQN,125,mid,145,1145,0.10212887048721314,3.0,3.0,0.38857969641685486,0.00016672732696558037
DQN,125,mid,146,1146,0.0701103973388672,2.0,2.0,0.7347857356071472,0.0002989473141497001
DQN,125,mid,147,1147,0.16144474625587463,7.0,5.0,0.3474750220775604,0.00018942393113060722
DQN,125,mid,148,1148,0.146642804145813,5.0,4.0,0.7029870748519897,0.0004727983963675797
DQN,125,mid,149,1149,-0.04951011180877686,4.0,3.0,0.6227215528488159,0.00016310420323861763
DQN,125,mid,150,1150,-0.05397825717926026,3.0,3.0,0.7639503479003906,0.0002941789086132
DQN,125,mid,151,1151,0.225127614736557,3.0,3.0,0.4717382490634918,0.00023157445442241928
DQN,125,mid,152,1152,-0.32740853309631346,8.0,3.0,0.8729737401008606,0.0003299831550975796
DQN,125,mid,153,1153,0.16660744667053223,3.0,3.0,0.6804887652397156,0.00030317786149680614
DQN,125,mid,154,1154,0.1591520082950592,3.0,3.0,0.401995986700058,0.0004510324797593057
DQN,125,mid,155,1155,-0.01443504095077515,5.0,3.0,0.9267282485961914,0.00019823102047666907
DQN,125,mid,156,1156,-0.09775221645832062,5.0,3.0,0.2369595319032669,0.00025238699745386837
DQN,125,mid,157,1157,0.10563319206237792,7.0,5.0,0.8366875648498535,0.0003049179379429136
DQN,125,mid,158,1158,0.14917065858840942,4.0,2.0,0.6622802019119263,0.0001766604182193987
DQN,125,mid,159,1159,0.1664887833595276,2.0,2.0,0.511568009853363,0.00030104762117844075
DQN,125,mid,160,1160,-0.24895299673080445,10.0,4.0,0.7948073744773865,0.0003067105630179867
DQN,125,mid,161,1161,0.031490819454193124,2.0,2.0,0.7939776182174683,0.00041395439620828256
DQN,125,mid,162,1162,0.27492030143737795,2.0,2.0,0.4105529189109802,0.00023543230054201558
DQN,125,mid,163,1163,0.09167112588882448,2.0,2.0,0.13667826354503632,0.00025896674196701497
DQN,125,mid,164,1164,0.10147307991981508,2.0,2.0,0.060235314071178436,0.00021710374858230352
DQN,125,mid,165,1165,-0.4556262016296387,10.0,4.0,0.8233686685562134,0.00017501147885923274
DQN,125,mid,166,1166,0.055227415561676034,2.0,2.0,0.8243608474731445,0.0002888643357437104
DQN,125,mid,167,1167,0.1075348722934723,2.0,2.0,0.45479339361190796,0.0003852206573355943
DQN,125,mid,168,1168,-0.13141393899917603,9.0,5.0,0.5212153792381287,0.0004118142048052202
DQN,125,mid,169,1169,-0.4551361322402954,10.0,4.0,0.6575462222099304,0.00033857878879643976
DQN,125,mid,170,1170,0.09000000000000001,1.0,1.0,0.07555823773145676,0.00017709846724756062
DQN,125,mid,171,1171,-0.00455431461334227,2.0,2.0,0.6185600161552429,0.00037909978709649295
DQN,125,mid,172,1172,0.1900549101829529,2.0,2.0,0.9126622080802917,0.00040710720350034535
DQN,125,mid,173,1173,0.07821943044662477,2.0,2.0,0.6592504382133484,0.00025627062132116407
DQN,125,mid,174,1174,0.09000000000000001,1.0,1.0,1.2166835069656372,0.00028973459848202765
DQN,125,mid,175,1175,0.10365921437740327,2.0,2.0,0.24775151908397675,0.00024125784693751484
DQN,125,mid,176,1176,0.09000000000000001,1.0,1.0,0.33053460717201233,0.0002748765691649169
DQN,125,mid,177,1177,-0.00609622716903685,2.0,2.0,0.8276622891426086,0.00024738218053244054
DQN,125,mid,178,1178,0.09000000000000001,1.0,1.0,0.3575355112552643,0.0005263558123260736
DQN,125,mid,179,1179,0.2064119052886963,3.0,3.0,0.5202915072441101,0.0004683391113455097
DQN,125,mid,180,1180,0.05460186481475831,2.0,2.0,0.6323665976524353,0.0003382214345037937
DQN,125,mid,181,1181,0.19999821662902834,2.0,2.0,0.6583637595176697,0.000372048445569817
DQN,125,mid,182,1182,-0.09147827625274658,5.0,3.0,0.6699185371398926,0.0003177820239216089
DQN,125,mid,183,1183,-0.24763983607292173,7.0,2.0,0.5053325891494751,0.00046411224632590475
DQN,125,mid,184,1184,0.2793716907501221,5.0,3.0,0.9350109100341797,0.00024130253586918116
DQN,125,mid,185,1185,0.0986300301551819,3.0,2.0,0.7304187417030334,0.00037954538129270077
DQN,125,mid,186,1186,0.00019250988960267668,2.0,2.0,0.5538259744644165,0.0004063026572111994
DQN,125,mid,187,1187,0.0332896113395691,5.0,4.0,0.7022448778152466,0.0002630170129123144
DQN,125,mid,188,1188,0.03366065740585328,3.0,3.0,0.7049551010131836,0.0002564868821840112
DQN,125,mid,189,1189,0.010540653467178349,3.0,2.0,0.15549851953983307,0.0002810617782718812
DQN,125,mid,190,1190,0.09000000000000001,1.0,1.0,0.2707332372665405,0.0002556422841735184
DQN,125,mid,191,1191,0.09000000000000001,1.0,1.0,0.5010801553726196,0.000457241025287658
DQN,125,mid,192,1192,0.0012778735160827587,4.0,3.0,0.7396141886711121,0.0004553433464025147
DQN,125,mid,193,1193,0.08111714005470277,2.0,2.0,0.11404488980770111,0.0002342991720070131
DQN,125,mid,194,1194,0.20497984409332276,3.0,3.0,0.7265348434448242,0.00018922105179323503
DQN,125,mid,195,1195,-0.034064471721649184,5.0,4.0,0.3349895179271698,0.0002373177499976009
DQN,125,mid,196,1196,0.08172370672225954,2.0,2.0,0.3974675238132477,0.0001670548808760941
DQN,125,mid,197,1197,-0.09732352018356323,2.0,2.0,0.7474152445793152,0.00038235008832998574
DQN,125,mid,198,1198,-0.08164922475814819,3.0,2.0,0.6235641837120056,0.00025307095105138916
DQN,125,mid,199,1199,0.0602236557006836,2.0,2.0,0.32953253388404846,0.00014304151409305632
DQN,125,mid,200,1200,-0.27638021945953367,9.0,3.0,0.7867351770401001,0.00031002251812929497
DQN,125,mid,201,1201,0.2449770736694336,2.0,2.0,1.0951993465423584,0.00019774929751292802
DQN,125,mid,202,1202,0.14224554777145387,2.0,2.0,0.6275040507316589,0.00035965058486908674
DQN,125,mid,203,1203,0.10611563682556152,4.0,4.0,0.7286955118179321,0.00022035408255760558
DQN,125,mid,204,1204,0.29303009986877443,2.0,2.0,0.539871335029602,0.0002649432863108814
DQN,125,mid,205,1205,0.021827654838562027,2.0,2.0,1.0016822814941406,0.00022739378619007766
DQN,125,mid,206,1206,0.09000000000000001,1.0,1.0,0.16307349503040314,0.0002798919449560344
DQN,125,mid,207,1207,0.1790945100784302,2.0,2.0,0.7849814295768738,0.00027823023992823437
DQN,125,mid,208,1208,0.023895094394683833,4.0,3.0,0.6860030889511108,0.00034196319029433653
DQN,125,mid,209,1209,0.13972697615623475,4.0,3.0,0.3426169455051422,0.00027761001547332853
DQN,125,mid,210,1210,-0.010803272724151602,4.0,3.0,0.6713685393333435,0.0004534990184765775
DQN,125,mid,211,1211,-0.046877248287200926,2.0,2.0,0.48796409368515015,0.00023231423256220296
DQN,125,mid,212,1212,0.31540937423706056,10.0,4.0,1.0464298725128174,0.00026263776526320727
DQN,125,mid,213,1213,0.06595219850540163,2.0,2.0,0.38921353220939636,0.0001956984997377731
DQN,125,mid,214,1214,-0.3636096894741058,5.0,3.0,0.6693862676620483,0.00021523713658098132
DQN,125,mid,215,1215,0.0049770736694335765,6.0,2.0,1.0951993465423584,0.0003104266967663231
DQN,125,mid,216,1216,0.03514774322509765,7.0,3.0,0.8262672424316406,0.0002506704633041019
DQN,125,mid,217,1217,0.3045460653305054,3.0,3.0,0.6747651100158691,0.00021175277167155096
DQN,125,mid,218,1218,0.32923001766204835,3.0,3.0,0.9328447580337524,0.0003361705845842759
DQN,125,mid,219,1219,-0.28398827314376834,10.0,6.0,0.6558607816696167,0.0002742262280662544
DQN,125,mid,220,1220,0.04740734815597535,3.0,2.0,0.8654082417488098,0.00031909467846465606
DQN,125,mid,221,1221,0.10298697084188463,2.0,2.0,0.09084216505289078,0.0004037529288325459
DQN,125,mid,222,1222,0.09000000000000001,1.0,1.0,0.7162746787071228,0.00015379565593320876
DQN,125,mid,223,1223,-0.07056836813688276,3.0,3.0,0.2555995285511017,0.0002847163026065876
DQN,125,mid,224,1224,0.09000000000000001,1.0,1.0,0.2079760730266571,0.00011901878315256909
DQN,125,mid,225,1225,0.09000000000000001,1.0,1.0,0.12206948548555374,0.00032424149685539305
DQN,125,mid,226,1226,0.2534156370162964,7.0,5.0,0.5554847121238708,0.00025637052853458693
DQN,125,mid,227,1227,0.09000000000000001,1.0,1.0,0.2768033444881439,0.0002715683658607304
DQN,125,mid,228,1228,-0.38451652050018303,7.0,3.0,0.6076233983039856,0.00030920649130296497
DQN,125,mid,229,1229,0.09000000000000001,1.0,1.0,0.3102455735206604,0.00027882406720891595
DQN,125,mid,230,1230,0.09000000000000001,1.0,1.0,0.054101746529340744,0.0003007741761393845
DQN,125,mid,231,1231,0.02509180426597596,3.0,3.0,0.416867733001709,0.0002560506642718489
DQN,125,mid,232,1232,0.09000000000000001,1.0,1.0,0.2676946222782135,0.00037081268965266645
DQN,125,mid,233,1233,0.027608585357666027,5.0,3.0,0.9455603361129761,0.00023712253023404627
DQN,125,mid,234,1234,-0.0048695880174636635,3.0,3.0,0.24527999758720398,0.0002668302380091821
DQN,125,mid,235,1235,0.09000000000000001,1.0,1.0,0.23280330002307892,0.000371417379938066
DQN,125,mid,236,1236,0.14338879704475405,3.0,2.0,0.3764652609825134,0.00023474000045098364
DQN,125,mid,237,1237,0.09000000000000001,1.0,1.0,0.5666126012802124,0.00023991010675672442
DQN,125,mid,238,1238,0.04495646238327027,2.0,2.0,1.019291639328003,0.00024715528707019985
DQN,125,mid,239,1239,-0.01817251563072203,2.0,2.0,0.3957359194755554,0.0002142606899724342
DQN,125,mid,240,1240,0.049245314598083505,2.0,2.0,0.15878669917583466,0.00031623007089365274
DQN,125,mid,241,1241,0.09000000000000001,1.0,1.0,0.09447371959686279,0.0003969342797063291
DQN,125,mid,242,1242,-0.007132945656776413,2.0,2.0,0.3162495195865631,0.0003271621826570481
DQN,125,mid,243,1243,0.09000000000000001,1.0,1.0,0.17916199564933777,0.00026490073651075363
DQN,125,mid,244,1244,0.09586474478244783,2.0,2.0,0.13228298723697662,0.00037832531961612403
DQN,125,mid,245,1245,-0.0018549561500549455,5.0,4.0,0.8661038279533386,0.00023731066612526775
DQN,125,mid,246,1246,-0.3517241859436035,4.0,2.0,1.4148308038711548,0.0005908727616770193
DQN,125,mid,247,1247,-0.05822049140930176,6.0,3.0,0.5969249606132507,0.00032247624039882794
DQN,125,mid,248,1248,0.11021775960922242,4.0,3.0,0.9295883774757385,0.00026477177743799984
DQN,125,mid,249,1249,0.09000000000000001,1.0,1.0,0.621979832649231,0.00022342662850860506
DQN,125,mid,250,1250,0.24247284412384035,2.0,2.0,0.5729697346687317,0.00017242592730326578
DQN,125,mid,251,1251,-0.2264664101600647,3.0,3.0,1.098510980606079,0.0002613607430248521
DQN,125,mid,252,1252,-0.7147937893867493,10.0,2.0,0.8725894689559937,0.00021813307394040747
DQN,125,mid,253,1253,0.10462488174438478,6.0,3.0,1.5940412282943726,0.00023607372713740915
DQN,125,mid,254,1254,0.09000000000000001,1.0,1.0,0.48314571380615234,0.00019157126371283084
DQN,125,mid,255,1255,0.22806473255157472,2.0,2.0,1.129254937171936,0.00018479345453670248
DQN,125,mid,256,1256,-0.09695475101470948,5.0,3.0,0.38585835695266724,0.00028657013026531784
DQN,125,mid,257,1257,0.24263371706008913,2.0,2.0,0.6864162683486938,0.00027503256569616497
DQN,125,mid,258,1258,-0.43670703172683717,10.0,4.0,0.9532272219657898,0.000280196635867469
DQN,125,mid,259,1259,-8.473575115201804e-05,3.0,3.0,0.2882935702800751,0.00030582965700887144
DQN,125,mid,260,1260,0.09000000000000001,1.0,1.0,0.5245250463485718,0.00030031759524717927
DQN,125,mid,261,1261,0.001229779720306412,2.0,2.0,0.6356131434440613,0.0003185994428349659
DQN,125,mid,262,1262,0.09000000000000001,1.0,1.0,0.1058829203248024,0.00028080728952772915
DQN,125,mid,263,1263,0.02035977363586426,3.0,2.0,0.7676754593849182,0.0002183415247903516
DQN,125,mid,264,1264,0.09000000000000001,1.0,1.0,0.23757049441337585,0.0008155764662660658
DQN,125,mid,265,1265,0.11570567846298219,4.0,3.0,0.8559723496437073,0.00024684573872946203
DQN,125,mid,266,1266,0.18467614769935609,3.0,3.0,0.4965958893299103,0.0002452584837252895
DQN,125,mid,267,1267,0.09208359003067018,2.0,2.0,0.6506302952766418,0.0002746507525444031
DQN,125,mid,268,1268,0.054695410579442987,2.0,2.0,0.07890278100967407,0.00034712377237156034
DQN,125,mid,269,1269,-0.09508139967918396,3.0,2.0,0.3975088894367218,0.00035739695401086163
DQN,125,mid,270,1270,0.09000000000000001,1.0,1.0,0.562771201133728,0.00013415218563750386
DQN,125,mid,271,1271,0.17865610837936402,3.0,3.0,0.5761311650276184,0.0002505369678450127
DQN,125,mid,272,1272,0.09764916419982912,3.0,3.0,0.9632095694541931,0.00023880617906494686
DQN,125,mid,273,1273,0.07002921581268312,2.0,2.0,0.434863418340683,0.0002995088216266595
DQN,125,mid,274,1274,0.09000000000000001,1.0,1.0,0.480985164642334,0.00018107547657564282
DQN,125,mid,275,1275,0.09000000000000001,1.0,1.0,0.5351507067680359,0.00019195702043361962
DQN,125,mid,276,1276,0.11991718590259554,2.0,2.0,0.19855298101902008,0.0002112839647452347
DQN,125,mid,277,1277,0.05697984218597413,3.0,3.0,0.6594224572181702,0.00023712915329573056
DQN,125,mid,278,1278,0.1254557538032532,2.0,2.0,0.2689528167247772,0.0004645563894882798
DQN,125,mid,279,1279,0.09000000000000001,1.0,1.0,0.5468721389770508,0.00042457744712010026
DQN,125,mid,280,1280,0.09000000000000001,1.0,1.0,0.22912387549877167,0.00023198038979899138
DQN,125,mid,281,1281,0.08005851686000826,2.0,2.0,0.1260298639535904,0.000530556368175894
DQN,125,mid,282,1282,-0.1477249491214752,3.0,3.0,0.5837553143501282,0.00029662426095455885
DQN,125,mid,283,1283,-0.21306485950946807,7.0,4.0,0.17314186692237854,0.0003549685705885557
DQN,125,mid,284,1284,0.008141660988330857,2.0,2.0,0.1539650410413742,0.0001617034722585231
DQN,125,mid,285,1285,0.04978419303894043,4.0,3.0,0.4939410090446472,0.00021177011876716278
DQN,125,mid,286,1286,0.07929529428482057,2.0,2.0,0.8016012907028198,0.00029212508525233716
DQN,125,mid,287,1287,-0.0014631056785583407,4.0,3.0,0.520451009273529,0.0003172983469994506
DQN,125,mid,288,1288,0.09000000000000001,1.0,1.0,0.3628022372722626,0.00032137043308466673
DQN,125,mid,289,1289,0.06234620690345765,2.0,2.0,0.17066948115825653,0.0002445723075652495
DQN,125,mid,290,1290,-0.30411702394485474,10.0,5.0,0.7469137907028198,0.00028454047860577704
DQN,125,mid,291,1291,0.024122821092605606,2.0,2.0,0.44581151008605957,0.00021064120664959773
DQN,125,mid,292,1292,0.0664935874938965,2.0,2.0,0.3246292173862457,0.00020300941105233505
DQN,125,mid,293,1293,-0.23874299049377434,7.0,3.0,0.8477886915206909,0.0002721101149550772
DQN,125,mid,294,1294,0.09000000000000001,1.0,1.0,0.7320601344108582,0.00023449638683814555
DQN,125,mid,295,1295,0.07738913774490358,2.0,2.0,0.21452227234840393,0.0002072526840493083
DQN,125,mid,296,1296,0.09000000000000001,1.0,1.0,0.5391556620597839,0.0002480227267369628
DQN,125,mid,297,1297,0.09000000000000001,1.0,1.0,0.7397096753120422,0.00011857492063427344
DQN,125,mid,298,1298,0.09000000000000001,1.0,1.0,0.467713326215744,0.00025382914463989437
DQN,125,mid,299,1299,0.09000000000000001,1.0,1.0,0.7396429777145386,0.00015452830120921135
DQN,125,mid,300,1300,0.09000000000000001,1.0,1.0,0.23906008899211884,0.0001886011305032298
DQN,125,mid,301,1301,0.09000000000000001,1.0,1.0,0.14790265262126923,0.00023322561173699796
DQN,125,mid,302,1302,0.09000000000000001,1.0,1.0,0.34422022104263306,0.00018548135994933546
DQN,125,mid,303,1303,0.10802496194839478,3.0,3.0,0.5424274206161499,0.0002474572732656573
DQN,125,mid,304,1304,0.14934123277664185,3.0,3.0,0.25490444898605347,0.00032042089151218534
DQN,125,mid,305,1305,-0.3247443127632141,8.0,2.0,0.721161961555481,0.0003967701322835637
DQN,125,mid,306,1306,-0.05420353293418882,3.0,3.0,0.5566660165786743,0.00027674887678585947
DQN,125,mid,307,1307,-0.2536209404468536,10.0,4.0,0.43198999762535095,0.000248563195054885
DQN,125,mid,308,1308,0.09000000000000001,1.0,1.0,0.11177752166986465,0.0002493082720320672
DQN,125,mid,309,1309,-0.46942973136901855,10.0,3.0,1.1070502996444702,0.0003532836533850059
DQN,125,mid,310,1310,0.09000000000000001,1.0,1.0,0.1318296641111374,0.0004457986506167799
DQN,125,mid,311,1311,0.0754541826248169,3.0,3.0,0.5669456124305725,0.0003582397281813125
DQN,125,mid,312,1312,0.09000000000000001,1.0,1.0,0.7066013216972351,0.000267253810307011
DQN,125,mid,313,1313,0.28538889408111573,3.0,3.0,0.5854161977767944,0.00023316785033481816
DQN,125,mid,314,1314,0.16058136701583864,2.0,2.0,0.6873607635498047,0.00021396658848971128
DQN,125,mid,315,1315,0.027196059226989755,4.0,3.0,0.6381479501724243,0.0002475140063324943
DQN,125,mid,316,1316,0.09000000000000001,1.0,1.0,0.6357812285423279,0.0003392584330867976
DQN,125,mid,317,1317,0.1901711940765381,5.0,3.0,0.8211356401443481,0.00033553842222318054
DQN,125,mid,318,1318,0.2464920449256897,2.0,2.0,0.5728100538253784,0.00019729561608983204
DQN,125,mid,319,1319,0.24509862780570985,3.0,3.0,0.3482392132282257,0.0003463571483734995
DQN,125,mid,320,1320,0.15253751158714296,2.0,2.0,0.39749932289123535,0.0005649335944326594
DQN,125,mid,321,1321,0.06808768033981324,8.0,6.0,0.5908477902412415,0.00033903346047736704
DQN,125,mid,322,1322,0.1380941963195801,4.0,3.0,0.5212384462356567,0.000384797494916711
DQN,125,mid,323,1323,0.09000000000000001,1.0,1.0,0.47243309020996094,0.00018140696920454502
DQN,125,mid,324,1324,-0.06911443948745728,3.0,3.0,0.838145911693573,0.0003162098000757396
DQN,125,mid,325,1325,0.13206738948822022,3.0,3.0,0.7288331985473633,0.0003773713348588596
DQN,125,mid,326,1326,0.09000000000000001,1.0,1.0,0.7745528817176819,0.0004665207234211266
DQN,125,mid,327,1327,0.09689386606216431,3.0,2.0,0.782771110534668,0.00032398937037214637
DQN,125,mid,328,1328,-0.0465418529510498,2.0,2.0,0.761759340763092,0.0003916048590326682
DQN,125,mid,329,1329,-0.015134682655334478,4.0,3.0,0.7852634787559509,0.00029990975599503145
DQN,125,mid,330,1330,0.25501866817474367,2.0,2.0,0.8110248446464539,0.0003431852819630876
DQN,125,mid,331,1331,0.07024510383605959,2.0,2.0,0.9612973928451538,0.00032531010219827294
DQN,125,mid,332,1332,0.09000000000000001,1.0,1.0,0.16963103413581848,0.00030365571728907526
DQN,125,mid,333,1333,0.10389430999755861,2.0,2.0,0.30367013812065125,0.0003616033136495389
DQN,125,mid,334,1334,0.009238647222518936,2.0,2.0,0.21053782105445862,0.000529501776327379
DQN,125,mid,335,1335,0.09000000000000001,1.0,1.0,0.562320351600647,0.00022657957742922008
DQN,125,mid,336,1336,0.09000000000000001,1.0,1.0,0.4255368709564209,0.00015337075456045568
DQN,125,mid,337,1337,0.09000000000000001,1.0,1.0,0.3542536199092865,0.0002218359149992466
DQN,125,mid,338,1338,0.09000000000000001,1.0,1.0,0.7551232576370239,0.0003777249366976321
DQN,125,mid,339,1339,-0.0490516948699951,3.0,3.0,0.6407634019851685,0.0004562313746040066
DQN,125,mid,340,1340,0.09000000000000001,1.0,1.0,0.400521844625473,0.00030303114908747375
DQN,125,mid,341,1341,0.08425556302070619,2.0,2.0,0.44355446100234985,0.00027939015126321465
DQN,125,mid,342,1342,-0.06337188959121705,3.0,3.0,0.4120807349681854,0.00031615127227269113
DQN,125,mid,343,1343,0.008702533245086685,2.0,2.0,0.5815886855125427,0.00043403683230280876
DQN,125,mid,344,1344,-0.016389250755310072,5.0,4.0,1.162734031677246,0.0003018706542206928
DQN,125,mid,345,1345,0.09000000000000001,1.0,1.0,0.30398470163345337,0.00023794661683496088
DQN,125,mid,346,1346,-0.41270096600055695,10.0,3.0,0.1314500868320465,0.0002699608055991121
DQN,125,mid,347,1347,0.010991129875183123,9.0,2.0,1.1743323802947998,0.0002308946988907539
DQN,125,mid,348,1348,0.08800055265426637,2.0,2.0,0.7864179015159607,0.00014993086733738892
DQN,125,mid,349,1349,0.035852627754211434,2.0,2.0,0.39769452810287476,0.0002157232302124612
DQN,125,mid,350,1350,-0.13856479644775388,7.0,2.0,1.349318265914917,0.00029211121935596954
DQN,125,mid,351,1351,0.04378302574157716,2.0,2.0,0.737788736820221,0.00038270252116490155
DQN,125,mid,352,1352,0.09000000000000001,1.0,1.0,0.37261906266212463,0.000307786394841969
DQN,125,mid,353,1353,-0.006591509580612179,3.0,2.0,0.3264487087726593,0.0002855710869577403
DQN,125,mid,354,1354,0.09000000000000001,1.0,1.0,0.7897627949714661,0.00020912896434310824
DQN,125,mid,355,1355,0.023113446235656754,2.0,2.0,0.46010318398475647,0.00011976817768299952
DQN,125,mid,356,1356,0.18150734424591064,8.0,5.0,0.4640515446662903,0.0002483797707100166
DQN,125,mid,357,1357,0.09000000000000001,1.0,1.0,0.12884780764579773,0.0003804506850428879
DQN,125,mid,358,1358,0.09151840209960936,5.0,4.0,0.8110653758049011,0.0002806808508466929
DQN,125,mid,359,1359,0.021677689552307144,2.0,2.0,0.7572641968727112,0.00021317829668987542
DQN,125,mid,360,1360,-0.13747096300125122,4.0,4.0,0.9076579809188843,0.0002175283916585613
DQN,125,mid,361,1361,0.05247945547103882,4.0,3.0,0.8128256797790527,0.0002524150950193871
DQN,125,mid,362,1362,0.03216988772153855,2.0,2.0,0.1530519276857376,0.00019917556346626952
DQN,125,mid,363,1363,0.09000000000000001,1.0,1.0,0.2784004211425781,0.00017823572852648795
DQN,125,mid,364,1364,0.23501171350479128,2.0,2.0,0.916279137134552,0.00020021224190713838
DQN,125,mid,365,1365,-0.033802611827850326,2.0,2.0,0.7142212986946106,0.00024510051298420876
DQN,125,mid,366,1366,0.061766164302825936,2.0,2.0,0.212489053606987,0.00019368992434465326
DQN,125,mid,367,1367,-0.1106030344963074,10.0,3.0,0.6914950013160706,0.0002613906326587312
DQN,125,mid,368,1368,0.050958709716796884,2.0,2.0,0.4258252680301666,0.00019901394989574328
DQN,125,mid,369,1369,-0.10071633577346802,2.0,2.0,0.5960239171981812,0.00016505705571034923
DQN,125,mid,370,1370,0.1322253215312958,2.0,2.0,0.46930739283561707,0.0003430341021157801
DQN,125,mid,371,1371,0.11676737844944002,2.0,2.0,0.1894824057817459,0.00024573742848588154
DQN,125,mid,372,1372,0.2774869966506958,2.0,2.0,0.7837348580360413,0.0002157655544579029
DQN,125,mid,373,1373,0.016187627315521244,3.0,2.0,0.3525426685810089,0.0001987376066002374
DQN,125,mid,374,1374,0.10662235498428346,2.0,2.0,0.28620094060897827,0.000330041439156048
DQN,125,mid,375,1375,0.06790487647056581,2.0,2.0,0.4910876154899597,0.00038855471939314157
DQN,125,mid,376,1376,0.06586356639862062,2.0,2.0,0.6137006878852844,0.00022976365289650857
DQN,125,mid,377,1377,0.09000000000000001,1.0,1.0,0.6029830574989319,0.00022729839838575572
DQN,125,mid,378,1378,0.211209671497345,2.0,2.0,0.2964728772640228,0.0002542075526434928
DQN,125,mid,379,1379,-0.5559863448143006,10.0,3.0,0.8937512040138245,0.0002793194551486522
DQN,125,mid,380,1380,-0.06256353855133058,5.0,4.0,0.6565828919410706,0.00020286812505219132
DQN,125,mid,381,1381,0.06408844351768495,4.0,3.0,0.2087012529373169,0.00019925427841371857
DQN,125,mid,382,1382,0.09000000000000001,1.0,1.0,0.933299720287323,0.00023177172988653183
DQN,125,mid,383,1383,0.17185039997100832,2.0,2.0,0.9992465972900391,0.00031235619098879397
DQN,125,mid,384,1384,0.09000000000000001,1.0,1.0,0.6022558212280273,0.0004973559989593923
DQN,125,mid,385,1385,0.09000000000000001,1.0,1.0,0.4327816665172577,0.00043109935359098017
DQN,125,mid,386,1386,0.17637612104415895,2.0,2.0,0.5215126872062683,0.00021708632266381755
DQN,125,mid,387,1387,0.07189811229705811,4.0,3.0,0.7139893174171448,0.0002668227934918832
DQN,125,mid,388,1388,0.17506582021713257,7.0,4.0,0.9293258786201477,0.0001954129766090773
DQN,125,mid,389,1389,-0.05613155484199524,2.0,2.0,0.5102679133415222,0.00025237645604647696
DQN,125,mid,390,1390,0.15724230527877808,3.0,3.0,0.5460283756256104,0.0003797115447620551
DQN,125,mid,391,1391,0.14744067907333375,3.0,3.0,0.9084312319755554,0.00018533560796640813
DQN,125,mid,392,1392,0.28787511348724365,4.0,4.0,0.6719174385070801,0.00022357569469022565
DQN,125,mid,393,1393,0.16142476320266724,3.0,3.0,0.6485551595687866,0.0003474368810808907
DQN,125,mid,394,1394,0.07578007102012635,3.0,3.0,0.3449226915836334,0.00031309698533732444
DQN,125,mid,395,1395,0.09000000000000001,1.0,1.0,0.7434121966362,0.00033069722121581435
DQN,125,mid,396,1396,0.09000000000000001,1.0,1.0,0.38942432403564453,0.00025370161165483296
DQN,125,mid,397,1397,0.09000000000000001,1.0,1.0,0.7281567454338074,0.00018000633281189948
DQN,125,mid,398,1398,0.09000000000000001,1.0,1.0,0.07522822916507721,0.0002665155625436455
DQN,125,mid,399,1399,0.015679197311401383,2.0,2.0,0.3474869430065155,0.00021238280169200152
DQN,125,mid,400,1400,-0.016771746873855575,2.0,2.0,0.43031948804855347,0.0003422585941734724
DQN,125,mid,401,1401,0.3283168148994446,3.0,3.0,0.6298485398292542,0.0001907738478621468
DQN,125,mid,402,1402,0.09000000000000001,1.0,1.0,0.20458827912807465,0.00023826475080568343
DQN,125,mid,403,1403,-0.15060131311416625,6.0,3.0,0.755452573299408,0.0001992565048567485
DQN,125,mid,404,1404,-0.018183343410491937,3.0,3.0,0.2971714437007904,0.00023964078476031622
DQN,125,mid,405,1405,0.15096225023269655,2.0,2.0,0.91449373960495,0.00019663160855998285
DQN,125,mid,406,1406,0.2542408275604248,2.0,2.0,0.9388027191162109,0.00026579443510854617
DQN,125,mid,407,1407,0.09000000000000001,1.0,1.0,0.32771021127700806,0.00017777879838831723
DQN,125,mid,408,1408,0.17999727249145508,3.0,3.0,0.8652874827384949,0.0003644506650744006
DQN,125,mid,409,1409,0.26454557657241823,2.0,2.0,0.5175532698631287,0.00020157435938017443
DQN,125,mid,410,1410,-0.13268708944320678,6.0,4.0,0.8037381172180176,0.0002342272515913161
DQN,125,mid,411,1411,0.20487861514091493,2.0,2.0,0.3056614100933075,0.00016332935047103092
DQN,125,mid,412,1412,-0.2618927443027496,9.0,3.0,0.485273152589798,0.00017365139501634985
DQN,125,mid,413,1413,-0.08360033988952635,6.0,4.0,0.7124670743942261,0.00021517824279726483
DQN,125,mid,414,1414,0.11324466943740846,2.0,2.0,0.6759843826293945,0.00018844075384549797
DQN,125,mid,415,1415,0.08645494461059572,2.0,2.0,0.7347138524055481,0.0003373251820448786
DQN,125,mid,416,1416,0.102190660238266,2.0,2.0,0.2099902480840683,0.0002864028647309169
DQN,125,mid,417,1417,0.05930669784545899,2.0,2.0,0.8482063412666321,0.0003138321699225344
DQN,125,mid,418,1418,0.18910128831863404,4.0,3.0,0.8128587007522583,0.00035177516838302836
DQN,125,mid,419,1419,0.20267016649246217,4.0,3.0,0.5551207661628723,0.00034245894494233653
DQN,125,mid,420,1420,-0.062081513404846175,6.0,4.0,0.7415173649787903,0.0003147558212125053
DQN,125,mid,421,1421,0.0841075646877289,2.0,2.0,0.22108568251132965,0.00020731852418975905
DQN,125,mid,422,1422,0.09000000000000001,1.0,1.0,0.6390114426612854,0.00015462121518794447
DQN,125,mid,423,1423,0.0255472755432129,4.0,3.0,0.7939685583114624,0.00027923723973799497
DQN,125,mid,424,1424,-0.015654462873935696,3.0,2.0,0.14111964404582977,0.0003463394532445818
DQN,125,mid,425,1425,0.19327833175659181,3.0,2.0,1.014515995979309,0.00035495115056013066
DQN,125,mid,426,1426,0.06816239833831789,2.0,2.0,0.9457140564918518,0.0003582864737836644
DQN,125,mid,427,1427,0.09000000000000001,1.0,1.0,0.08077366650104523,0.00017679171287454665
DQN,125,mid,428,1428,0.2379643487930298,2.0,2.0,0.5478231906890869,0.00017020916857291013
DQN,125,mid,429,1429,0.09000000000000001,1.0,1.0,0.22754263877868652,0.000445802288595587
DQN,125,mid,430,1430,0.027251489162445075,3.0,3.0,0.6616185903549194,0.00035237327877742547
DQN,125,mid,431,1431,-0.05366122007369993,3.0,3.0,0.8639949560165405,0.00026789649079243344
DQN,125,mid,432,1432,0.15201069593429567,2.0,2.0,0.7558350563049316,0.00017477105575380847
DQN,125,mid,433,1433,-0.09205986857414246,5.0,3.0,0.48862504959106445,0.00017510919860797003
DQN,125,mid,434,1434,0.13939988791942598,2.0,2.0,0.23028181493282318,0.00016376771964132786
DQN,125,mid,435,1435,0.08849263429641725,6.0,4.0,0.9303658604621887,0.00033688732219161466
DQN,125,mid,436,1436,0.10081947803497315,4.0,3.0,0.9954279661178589,0.00024036590366449673
DQN,125,mid,437,1437,0.03798766851425172,3.0,2.0,0.38993436098098755,0.0002036503137787804
DQN,125,mid,438,1438,0.3033954668045044,2.0,2.0,0.799921989440918,0.0002986109466291964
DQN,125,mid,439,1439,-0.033599330186843857,2.0,2.0,0.6114199757575989,0.0001477922996855341
DQN,125,mid,440,1440,-0.2327964061498642,4.0,3.0,0.41473492980003357,0.00018409717085887678
DQN,125,mid,441,1441,-0.0413350582122803,5.0,5.0,0.256582647562027,0.00015993981651263312
DQN,125,mid,442,1442,0.11333830356597902,5.0,3.0,0.5014838576316833,0.00024932152300607415
DQN,125,mid,443,1443,0.06289462924003603,2.0,2.0,0.15405242145061493,0.0003731116157723591
DQN,125,mid,444,1444,0.09000000000000001,1.0,1.0,0.27299240231513977,0.0003710626333486289
DQN,125,mid,445,1445,0.09000000000000001,1.0,1.0,0.08459728211164474,0.00025672983611002564
DQN,125,mid,446,1446,0.09000000000000001,1.0,1.0,0.5116125345230103,0.0003061399329453707
DQN,125,mid,447,1447,-0.1402314257621765,7.0,4.0,0.6564134359359741,0.0002491749660943502
DQN,125,mid,448,1448,0.27715321063995363,2.0,2.0,1.0747164487838745,0.0002502998322597705
DQN,125,mid,449,1449,0.09000000000000001,1.0,1.0,0.30485525727272034,0.00012333386985119432
DQN,125,mid,450,1450,0.09000000000000001,1.0,1.0,0.25696462392807007,0.00022144684044178575
DQN,125,mid,451,1451,0.2742829990386963,3.0,3.0,0.5775831937789917,0.0001538516444270499
DQN,125,mid,452,1452,0.0709610152244568,2.0,2.0,0.20989778637886047,0.00019669295579660684
DQN,125,mid,453,1453,0.09000000000000001,1.0,1.0,0.1757463961839676,8.913577767089009e-05
DQN,125,mid,454,1454,0.26422268867492676,3.0,3.0,1.0613652467727661,0.00027633507367378723
DQN,125,mid,455,1455,0.07054694175720216,2.0,2.0,0.5591863989830017,0.00025035388534888625
DQN,125,mid,456,1456,-0.4491377592086792,10.0,4.0,0.6462087631225586,0.00021875170205021277
DQN,125,mid,457,1457,0.09000000000000001,1.0,1.0,0.1040949746966362,0.0003177014004904777
DQN,125,mid,458,1458,0.23643767595291137,4.0,4.0,0.9244169592857361,0.00022879877360537648
DQN,125,mid,459,1459,0.29896526217460634,2.0,2.0,0.47474703192710876,0.00017828073032433167
DQN,125,mid,460,1460,-0.04220513820648193,2.0,2.0,0.917913019657135,0.00017528868920635432
DQN,125,mid,461,1461,0.09000000000000001,1.0,1.0,0.14378666877746582,0.00023442877863999456
DQN,125,mid,462,1462,-0.06372652530670166,3.0,2.0,1.1068326234817505,0.0002948254890119036
DQN,125,mid,463,1463,0.17506937861442567,2.0,2.0,0.17566385865211487,0.00017577563266968355
DQN,125,mid,464,1464,-0.02745608806610106,2.0,2.0,0.3163064420223236,0.0002936794626293704
DQN,125,mid,465,1465,0.05627750039100648,2.0,2.0,0.35281801223754883,0.00018136517610400915
DQN,125,mid,466,1466,-0.08643362283706664,6.0,2.0,0.7890964150428772,0.0001957966924237553
DQN,125,mid,467,1467,-0.192926287651062,10.0,3.0,1.180114984512329,0.0002287517927470617
DQN,125,mid,468,1468,0.1259297299385071,2.0,2.0,0.5664855241775513,0.00023160364071372896
DQN,125,mid,469,1469,0.20366110086441042,2.0,2.0,0.8695040941238403,0.00021258416381897405
DQN,125,mid,470,1470,0.00844539403915405,5.0,3.0,0.22255706787109375,0.0002949647721834481
DQN,125,mid,471,1471,0.09000000000000001,1.0,1.0,0.48485037684440613,0.00030410729232244194
DQN,125,mid,472,1472,0.12064402729272844,2.0,2.0,0.10770576447248459,0.0002434948255540803
DQN,125,mid,473,1473,0.16424848318099977,2.0,2.0,0.5805125832557678,0.00035085208219243214
DQN,125,mid,474,1474,0.01401795625686647,2.0,2.0,0.810550332069397,0.0002445873760734685
DQN,125,mid,475,1475,0.18970889806747437,4.0,3.0,0.7583580017089844,0.00029378399995039217
DQN,125,mid,476,1476,0.018510639667511,5.0,4.0,0.8254629373550415,0.00014992255746619775
DQN,125,mid,477,1477,0.09000000000000001,1.0,1.0,0.11274450272321701,0.00030251851421780884
DQN,125,mid,478,1478,0.09000000000000001,1.0,1.0,0.4090355336666107,0.0002560583525337279
DQN,125,mid,479,1479,0.14267595291137697,2.0,2.0,0.5788001418113708,0.00030635404255008325
DQN,125,mid,480,1480,0.2136711645126343,2.0,2.0,1.011590600013733,0.0002859226442524232
DQN,125,mid,481,1481,-0.048302226066589335,3.0,3.0,0.5361944437026978,0.00019484980051250508
DQN,125,mid,482,1482,0.09339696884155274,3.0,3.0,0.3773514926433563,0.00016302969985796759
DQN,125,mid,483,1483,0.09450268924236299,2.0,2.0,0.22148023545742035,0.000184692042239476
DQN,125,mid,484,1484,0.09000000000000001,1.0,1.0,0.15041236579418182,0.00029723733314312994
DQN,125,mid,485,1485,0.05894803762435915,4.0,4.0,0.6911956667900085,0.0002243667513539549
DQN,125,mid,486,1486,0.09000000000000001,1.0,1.0,0.2721092700958252,0.0003912298125214875
DQN,125,mid,487,1487,0.20061101198196413,2.0,2.0,0.5544558763504028,0.00017731813568389043
DQN,125,mid,488,1488,0.14358819246292115,3.0,3.0,0.9485035538673401,0.00021471599272141853
DQN,125,mid,489,1489,0.29508007287979127,3.0,3.0,0.7674078345298767,0.00020661128898306438
DQN,125,mid,490,1490,-0.36862621545791624,9.0,3.0,1.0188884735107422,0.0002618471044115722
DQN,125,mid,491,1491,0.07511484384536744,4.0,4.0,0.6104987263679504,0.00017199576177517883
DQN,125,mid,492,1492,0.2272228765487671,2.0,2.0,1.228153944015503,0.00020811318972846493
DQN,125,mid,493,1493,0.1394921612739563,3.0,3.0,0.805819034576416,0.0001781358781348293
DQN,125,mid,494,1494,0.14756967306137087,2.0,2.0,0.909024715423584,0.00025034019199665636
DQN,125,mid,495,1495,0.1267579698562622,6.0,5.0,1.1999999284744263,0.00019229070312576368
DQN,125,mid,496,1496,0.09000000000000001,1.0,1.0,0.7343656420707703,0.0001472027797717601
DQN,125,mid,497,1497,0.09000000000000001,1.0,1.0,0.6995753645896912,0.00012757538934238255
DQN,125,mid,498,1498,0.09000000000000001,1.0,1.0,0.3975847363471985,0.00012680544750764966
DQN,125,mid,499,1499,0.10117872238159181,2.0,2.0,0.898206889629364,0.0001725622423691675
DQN,125,mid,500,1500,0.12421019554138185,2.0,2.0,1.1406718492507935,0.0002572031517047435
DQN,125,mid,501,1501,0.12067328572273256,2.0,2.0,0.37120094895362854,0.00017261604443774559
DQN,125,mid,502,1502,0.09000000000000001,1.0,1.0,0.39311712980270386,0.00026222612359561026
DQN,125,mid,503,1503,0.09885664463043214,2.0,2.0,0.290689617395401,0.00016897518071345985
DQN,125,mid,504,1504,0.12585163831710816,3.0,3.0,0.7375548481941223,0.0001468622067477554
DQN,125,mid,505,1505,-0.04661676883697509,5.0,2.0,0.9235205054283142,0.0002136539202183485
DQN,125,mid,506,1506,0.31861276149749757,3.0,3.0,0.8008575439453125,0.0005202526760209972
DQN,125,mid,507,1507,0.06380404710769655,2.0,2.0,0.458334356546402,0.00025175455084536225
DQN,125,mid,508,1508,0.09000000000000001,1.0,1.0,0.6010500192642212,0.00019774443353526294
DQN,125,mid,509,1509,0.09000000000000001,1.0,1.0,0.23017103970050812,0.00044932938180863857
DQN,125,mid,510,1510,0.06533749580383302,2.0,2.0,0.8342782855033875,0.00020951982151018456
DQN,125,mid,511,1511,0.09000000000000001,1.0,1.0,0.1269906759262085,0.0002846461138688028
DQN,125,mid,512,1512,0.13974221229553224,2.0,2.0,0.650098979473114,0.0003820779820671305
DQN,125,mid,513,1513,0.09000000000000001,1.0,1.0,0.1979653686285019,0.00013030432455707341
DQN,125,mid,514,1514,-0.04159961462020874,2.0,2.0,0.43690577149391174,0.0002894336139434017
DQN,125,mid,515,1515,-0.051564104557037374,7.0,5.0,0.7132629156112671,0.00021890545238940312
DQN,125,mid,516,1516,0.09000000000000001,1.0,1.0,0.6946532130241394,0.00027103337924927473
DQN,125,mid,517,1517,0.13801020383834842,5.0,4.0,0.7689491510391235,0.00031078692991286515
DQN,125,mid,518,1518,-0.01542888641357422,6.0,3.0,0.4059462547302246,0.00024219391828713319
DQN,125,mid,519,1519,0.07502605199813844,2.0,2.0,0.5653239488601685,0.00015174213331192732
DQN,125,mid,520,1520,-0.08026891231536863,3.0,3.0,0.8577385544776917,0.0002458449307596311
DQN,125,mid,521,1521,0.08819581747055055,2.0,2.0,0.7805867195129395,0.0005356190085876733
DQN,125,mid,522,1522,0.20762152194976807,3.0,3.0,0.9131941795349121,0.00036180911168533686
DQN,125,mid,523,1523,0.13016425251960756,2.0,2.0,0.4114929735660553,0.0001440132582501974
DQN,125,mid,524,1524,0.09000000000000001,1.0,1.0,0.1345849186182022,0.00019040518964175135
DQN,125,mid,525,1525,-0.012194387912750224,3.0,3.0,0.5865790247917175,0.00022215234639588743
DQN,125,mid,526,1526,-0.04407058954238892,5.0,3.0,0.6636046767234802,0.00022844623599667103
DQN,125,mid,527,1527,0.007920490503311173,2.0,2.0,0.46390360593795776,0.000379652097763028
DQN,125,mid,528,1528,0.15707089185714723,2.0,2.0,0.6547774076461792,0.0003191293217241764
DQN,125,mid,529,1529,0.09740609645843507,3.0,3.0,0.1831481009721756,0.0002529188592840607
DQN,125,mid,530,1530,0.3545231890678406,3.0,3.0,0.7553196549415588,0.00028219704593842226
DQN,125,mid,531,1531,0.03165159344673158,3.0,3.0,0.5068644285202026,0.0003399820998311043
DQN,125,mid,532,1532,0.031180579662323002,3.0,2.0,0.6428768038749695,0.00032448092436728376
DQN,125,mid,533,1533,0.20087041139602663,2.0,2.0,0.5177691578865051,0.0001958983630174771
DQN,125,mid,534,1534,0.2566488552093506,2.0,2.0,0.29610133171081543,0.0002606800480862148
DQN,125,mid,535,1535,0.0714113211631775,4.0,3.0,0.6116434335708618,0.00023613029588887002
DQN,125,mid,536,1536,0.14826871633529665,2.0,2.0,0.47278738021850586,0.00038134770875331014
DQN,125,mid,537,1537,0.09000000000000001,1.0,1.0,0.1596815437078476,0.0001924029493238777
DQN,125,mid,538,1538,0.08300312578678132,3.0,3.0,0.14469487965106964,0.0002526010163516427
DQN,125,mid,539,1539,0.025003507137298583,6.0,3.0,0.8976748585700989,0.0002190254939099153
DQN,125,mid,540,1540,0.0038435029983520663,2.0,2.0,0.9523372650146484,0.00022750849893782288
DQN,125,mid,541,1541,0.09000000000000001,1.0,1.0,1.3080796003341675,0.0002488023601472378
DQN,125,mid,542,1542,0.35333450317382814,2.0,2.0,0.6209954023361206,0.0002074149888358079
DQN,125,mid,543,1543,0.09000000000000001,1.0,1.0,0.16440750658512115,0.00016897829482331872
DQN,125,mid,544,1544,0.37767977237701417,3.0,3.0,0.9308977127075195,0.00016556676807037243
DQN,125,mid,545,1545,0.25748141288757326,2.0,2.0,0.9226044416427612,0.0003081745599047281
DQN,125,mid,546,1546,0.18224472522735596,3.0,3.0,0.8903447389602661,0.00021959724836051464
DQN,125,mid,547,1547,-0.26771217823028565,9.0,5.0,0.6162208914756775,0.00020977133115391352
DQN,125,mid,548,1548,0.09000000000000001,1.0,1.0,0.48849543929100037,0.0001948963908944279
DQN,125,mid,549,1549,0.2598073649406433,2.0,2.0,0.6436306238174438,0.00015775517385918647
DQN,125,mid,550,1550,0.0316361951828003,2.0,2.0,0.6360728144645691,0.0002661672042449936
DQN,125,mid,551,1551,-0.24271756291389462,8.0,2.0,0.2907683253288269,0.0001485244993091328
DQN,125,mid,552,1552,0.10224919199943544,2.0,2.0,0.14792929589748383,0.00034937584860017523
DQN,125,mid,553,1553,0.20204962968826295,2.0,2.0,0.5751601457595825,0.00015650103887310252
DQN,125,mid,554,1554,0.2946970629692078,2.0,2.0,0.978877604007721,0.00010614384882501327
DQN,125,mid,555,1555,0.09000000000000001,1.0,1.0,0.2862530052661896,0.00011006461863871664
DQN,125,mid,556,1556,0.04503448486328126,2.0,2.0,0.5897765159606934,0.0002469994069542736
DQN,125,mid,557,1557,-0.05812453269958494,4.0,3.0,0.6618134379386902,0.00017706836115394253
DQN,125,mid,558,1558,0.09000000000000001,1.0,1.0,0.5629023313522339,0.0003064323391299695
DQN,125,mid,559,1559,0.09954989135265352,2.0,2.0,0.16533134877681732,0.00018010192434303463
DQN,125,mid,560,1560,-0.2907372832298279,10.0,4.0,0.6486483812332153,0.00020414988975971937
DQN,125,mid,561,1561,0.047498483657836925,3.0,2.0,1.0309242010116577,0.0002004285245978584
DQN,125,mid,562,1562,0.15744555711746216,3.0,3.0,0.727977454662323,0.00025328189561453957
DQN,125,mid,563,1563,0.0925073939561844,2.0,2.0,0.22984623908996582,0.00019900517509086058
DQN,125,mid,564,1564,-0.12145595550537107,5.0,3.0,1.0536245107650757,0.00016182385734282435
DQN,125,mid,565,1565,-0.20426055431365964,9.0,2.0,0.6389564871788025,0.00021546305813697271
DQN,125,mid,566,1566,-0.055462472438812235,3.0,3.0,0.7047019600868225,0.000167443577083759
DQN,125,mid,567,1567,0.056759217977523806,4.0,3.0,0.3730641305446625,0.00013702629075851291
DQN,125,mid,568,1568,0.09000000000000001,1.0,1.0,0.2084423452615738,0.00018352741608396173
DQN,125,mid,569,1569,0.12249578714370729,2.0,2.0,0.39118680357933044,0.00014622158778365701
DQN,125,mid,570,1570,0.053858237266540536,2.0,2.0,0.09496521204710007,0.00019239415269112214
DQN,125,mid,571,1571,0.1599577683210373,2.0,2.0,0.16944706439971924,0.00017998319526668638
DQN,125,mid,572,1572,-0.459722101688385,10.0,3.0,0.8258338570594788,0.0001506882515968755
DQN,125,mid,573,1573,0.16639716386795045,4.0,3.0,0.7627045512199402,0.0002096643584081903
DQN,125,mid,574,1574,0.08778686046600342,3.0,3.0,0.3420408070087433,0.00015978086836791286
DQN,125,mid,575,1575,0.1496249008178711,2.0,2.0,0.5726301074028015,0.0002887795781134628
DQN,125,mid,576,1576,0.09000000000000001,1.0,1.0,0.4002896845340729,0.0002112168731400743
DQN,125,mid,577,1577,0.1697878408432007,2.0,2.0,0.13489262759685516,0.00015411196000059135
DQN,125,mid,578,1578,0.13297064781188966,2.0,2.0,0.757477879524231,0.00018438583356328309
DQN,125,mid,579,1579,0.27583879947662354,3.0,3.0,0.7485280632972717,0.0002613465670341005
DQN,125,mid,580,1580,0.0818287205696106,3.0,3.0,0.8390914797782898,0.0003294305255015691
DQN,125,mid,581,1581,0.09000000000000001,1.0,1.0,0.4917048513889313,0.00016688879986759275
DQN,125,mid,582,1582,0.09000000000000001,1.0,1.0,1.1582014560699463,0.00022372431703843176
DQN,125,mid,583,1583,-0.03853169083595277,5.0,4.0,0.12366063892841339,0.00022141429217299448
DQN,125,mid,584,1584,0.09000000000000001,1.0,1.0,0.25296762585639954,0.00021060268045403063
DQN,125,mid,585,1585,0.06749649524688722,2.0,2.0,1.0302138328552246,0.00023926158610265702
DQN,125,mid,586,1586,0.09000000000000001,1.0,1.0,1.1059643030166626,0.00011719878239091486
DQN,125,mid,587,1587,0.18998224258422852,3.0,3.0,0.4536362290382385,0.0002403164883920302
DQN,125,mid,588,1588,0.13104351043701173,2.0,2.0,0.3280833065509796,0.00023863754177000374
DQN,125,mid,589,1589,0.11509253263473512,2.0,2.0,0.6215084195137024,0.0001843900463427417
DQN,125,mid,590,1590,0.2929415273666382,2.0,2.0,0.498965322971344,0.00023289605451282114
DQN,125,mid,591,1591,0.1891253459453583,2.0,2.0,0.474067360162735,0.00015745210112072527
DQN,125,mid,592,1592,-0.09069360733032227,9.0,6.0,0.9924701452255249,0.00019517304786455093
DQN,125,mid,593,1593,-0.1488846969604492,7.0,3.0,1.0042041540145874,0.0001890104467747733
DQN,125,mid,594,1594,0.16088970184326173,2.0,2.0,0.604016900062561,0.00021968594228383154
DQN,125,mid,595,1595,0.0005020070075988925,2.0,2.0,0.6514393091201782,0.0001771459537849296
DQN,125,mid,596,1596,0.20686431407928468,2.0,2.0,0.5264471173286438,0.000191388200619258
DQN,125,mid,597,1597,0.3034548234939575,3.0,3.0,0.49374037981033325,0.0002261263046724101
DQN,125,mid,598,1598,-0.014507932662963852,2.0,2.0,0.7114964127540588,0.0002425607744953595
DQN,125,mid,599,1599,-0.46468214988708495,10.0,2.0,0.7836054563522339,0.00019135643233312294
DQN,125,mid,600,1600,0.09000000000000001,1.0,1.0,0.43137282133102417,0.00013988043065182865
DQN,125,mid,601,1601,0.09000000000000001,1.0,1.0,0.08917368203401566,0.0002585695474408567
DQN,125,mid,602,1602,0.17767693281173708,2.0,2.0,0.14114098250865936,0.00017813945305533707
DQN,125,mid,603,1603,0.09000000000000001,1.0,1.0,0.9385096430778503,0.0002794690371956676
DQN,125,mid,604,1604,0.09000000000000001,1.0,1.0,0.15762338042259216,0.00019727247126866132
DQN,125,mid,605,1605,0.09615026593208315,2.0,2.0,0.19275443255901337,0.00015046553016873077
DQN,125,mid,606,1606,0.13777685880661011,3.0,3.0,0.589897096157074,0.00024129315958513567
DQN,125,mid,607,1607,0.2886992859840393,2.0,2.0,0.7270983457565308,0.00030917318872525357
DQN,125,mid,608,1608,0.07777820944786074,3.0,2.0,0.3030502498149872,0.00026459966466063634
DQN,125,mid,609,1609,0.06845632910728455,3.0,3.0,0.17554347217082977,0.0001492506344220601
DQN,125,mid,610,1610,0.16959065914154053,3.0,3.0,0.8069340586662292,0.00011489734364052613
DQN,125,mid,611,1611,0.09000000000000001,1.0,1.0,0.7594994902610779,0.00020225459593348205
DQN,125,mid,612,1612,0.22848822355270387,2.0,2.0,0.9000168442726135,0.0001927556295413524
DQN,125,mid,613,1613,0.2630599904060364,2.0,2.0,0.9044541716575623,0.000283020970528014
DQN,125,mid,614,1614,0.15582089304924013,2.0,2.0,0.3943863809108734,0.00027544151816982776
DQN,125,mid,615,1615,-0.044682724475860594,2.0,2.0,0.7163836359977722,0.00017370128989568911
DQN,125,mid,616,1616,-0.36646753549575806,10.0,3.0,0.5792796015739441,0.00020777576573891566
DQN,125,mid,617,1617,0.09000000000000001,1.0,1.0,0.6314096450805664,0.00013049584231339395
DQN,125,mid,618,1618,0.06619318008422853,2.0,2.0,0.4618234634399414,0.00019548951968317851
DQN,125,mid,619,1619,0.09000000000000001,1.0,1.0,0.31449511647224426,0.00015823663852643222
DQN,125,mid,620,1620,0.0841254758834839,2.0,2.0,0.5032984614372253,0.0002593834651634097
DQN,125,mid,621,1621,0.24409873008728028,3.0,3.0,0.6263077855110168,0.0002205474981262038
DQN,125,mid,622,1622,0.08750911235809328,2.0,2.0,0.7911794781684875,0.00012745166532113217
DQN,125,mid,623,1623,0.09000000000000001,1.0,1.0,0.41881078481674194,0.00010624388232827187
DQN,125,mid,624,1624,0.13557130813598633,3.0,3.0,0.5561394691467285,0.00015877545471691215
DQN,125,mid,625,1625,0.07922984123229981,4.0,3.0,0.7445885539054871,0.00014671227108919993
DQN,125,mid,626,1626,0.31595755338668824,3.0,3.0,0.4906435012817383,0.0003182211924771157
DQN,125,mid,627,1627,0.12198063731193542,5.0,4.0,0.3141884505748749,0.00021638091129716486
DQN,125,mid,628,1628,0.06954933881759645,2.0,2.0,0.1730286329984665,0.00015776563668623567
DQN,125,mid,629,1629,0.11790611505508425,4.0,2.0,0.516684353351593,0.00029047100542811677
DQN,125,mid,630,1630,0.28872329711914063,3.0,3.0,0.6827376484870911,0.00011204933252884075
DQN,125,mid,631,1631,0.0901287364959717,2.0,2.0,0.6620214581489563,0.0001978879445232451
DQN,125,mid,632,1632,0.1239203977584839,2.0,2.0,0.6320382356643677,0.0001809250534279272
DQN,125,mid,633,1633,-0.2286164665222168,9.0,4.0,0.8055959939956665,0.0002064466849939587
DQN,125,mid,634,1634,-0.17632785260677336,2.0,2.0,0.4829077124595642,0.00011371511936886236
DQN,125,mid,635,1635,0.09000000000000001,1.0,1.0,0.7989897131919861,0.0001627609453862533
DQN,125,mid,636,1636,0.09000000000000001,1.0,1.0,0.08365799486637115,0.0001355597923975438
DQN,125,mid,637,1637,0.24747051477432253,2.0,2.0,0.5468705296516418,0.0001805562642402947
DQN,125,mid,638,1638,-0.11704543828964233,5.0,2.0,0.5928187966346741,0.0001672118014539592
DQN,125,mid,639,1639,0.22470577239990236,2.0,2.0,0.694107711315155,9.861731814453378e-05
DQN,125,mid,640,1640,-0.6656164407730104,10.0,2.0,0.6843828558921814,0.00016197136210394092
DQN,125,mid,641,1641,0.2661642301082611,2.0,2.0,0.3926672637462616,8.694997814018279e-05
DQN,125,mid,642,1642,0.09000000000000001,1.0,1.0,0.10376793146133423,0.0001302724122069776
DQN,125,mid,643,1643,0.05307228326797486,4.0,3.0,0.615519642829895,0.00013924679478805047
DQN,125,mid,644,1644,-0.1899104571342468,6.0,3.0,0.3753340542316437,0.0002267281561216805
DQN,125,mid,645,1645,-0.14467381477355956,4.0,3.0,0.7385899424552917,0.00022419040396925993
DQN,125,mid,646,1646,0.11540520906448365,3.0,3.0,0.7854338884353638,0.00025873603105234605
DQN,125,mid,647,1647,0.31405981063842775,2.0,2.0,0.6841920018196106,0.0002502953138900921
DQN,125,mid,648,1648,0.09383245706558227,5.0,2.0,0.9721596837043762,0.00024014677328523248
DQN,125,mid,649,1649,0.09000000000000001,1.0,1.0,0.8866900205612183,0.00022818111756350845
DQN,125,mid,650,1650,0.006302254199981705,2.0,2.0,0.41272982954978943,0.00017578378901816905
DQN,125,mid,651,1651,0.07827721714973451,2.0,2.0,0.2570723593235016,0.00020066474098712206
DQN,125,mid,652,1652,0.15505883812904359,3.0,3.0,0.4991939961910248,0.00016109559510368854
DQN,125,mid,653,1653,0.09000000000000001,1.0,1.0,0.34370002150535583,0.00024343159748241305
DQN,125,mid,654,1654,0.060836689472198495,2.0,2.0,0.728513240814209,0.00019847678777296096
DQN,125,mid,655,1655,0.09000000000000001,1.0,1.0,0.16154621541500092,0.00014427854330278933
DQN,125,mid,656,1656,0.09000000000000001,1.0,1.0,0.13145707547664642,0.00024583967751823366
DQN,125,mid,657,1657,-0.028163207769393905,2.0,2.0,0.400966078042984,0.00021883500448893756
DQN,125,mid,658,1658,0.09000000000000001,1.0,1.0,0.22013047337532043,0.0005223219632171094
DQN,125,mid,659,1659,0.09000000000000001,1.0,1.0,0.30867210030555725,0.00012845121091231704
DQN,125,mid,660,1660,0.09000000000000001,1.0,1.0,0.12998561561107635,0.00014390546130016446
DQN,125,mid,661,1661,0.2182804811000824,2.0,2.0,0.32072827219963074,0.00018733814067672938
DQN,125,mid,662,1662,0.09000000000000001,1.0,1.0,0.19318127632141113,0.0002787952253129333
DQN,125,mid,663,1663,-0.1209362483024597,6.0,2.0,0.808022677898407,0.00023619771551845284
DQN,125,mid,664,1664,0.16581273794174195,3.0,3.0,0.8780842423439026,0.00025713531067594886
DQN,125,mid,665,1665,0.15407735109329224,5.0,4.0,0.7350093126296997,0.00024158258747775108
DQN,125,mid,666,1666,0.08324186444282533,6.0,3.0,0.34706375002861023,0.00022447240674713007
DQN,125,mid,667,1667,0.09000000000000001,1.0,1.0,0.32462841272354126,0.0001615384389879182
DQN,125,mid,668,1668,0.32251716375350953,3.0,3.0,0.7656438946723938,0.00023309994382240498
DQN,125,mid,669,1669,0.04686166524887086,2.0,2.0,0.5771698951721191,0.00022762825392419472
DQN,125,mid,670,1670,0.06066780716180802,2.0,2.0,0.13842184841632843,0.0002861832472262904
DQN,125,mid,671,1671,0.09000000000000001,1.0,1.0,0.28627610206604004,0.000286715425318107
DQN,125,mid,672,1672,-0.42833733558654785,10.0,3.0,1.1409953832626343,0.0002044055247097276
DQN,125,mid,673,1673,-0.10061144590377809,6.0,4.0,0.7822309136390686,0.00017573132330047278
DQN,125,mid,674,1674,0.04612392425537112,6.0,4.0,0.5766187310218811,0.00019842457065048316
DQN,125,mid,675,1675,0.15640624046325685,2.0,2.0,0.3936271667480469,0.00010049757474916987
DQN,125,mid,676,1676,0.09000000000000001,1.0,1.0,0.919728696346283,0.00019480819173622876
DQN,125,mid,677,1677,0.10590829133987428,2.0,2.0,0.5644246935844421,0.00018114688282366842
DQN,125,mid,678,1678,0.08841280817985536,2.0,2.0,0.3730941116809845,9.376976595376618e-05
DQN,125,mid,679,1679,-0.09163872718811035,2.0,2.0,0.4990399479866028,0.0001633726424188353
DQN,125,mid,680,1680,0.09000000000000001,1.0,1.0,0.35703617334365845,0.00011963803262915462
DQN,125,mid,681,1681,0.04666616201400758,2.0,2.0,0.5336007475852966,0.0002950093949039001
DQN,125,mid,682,1682,-0.5419619500637055,10.0,4.0,0.4804617464542389,0.00016395228085457346
DQN,125,mid,683,1683,-0.02826308488845823,3.0,3.0,0.7530624270439148,0.00017167238183901645
DQN,125,mid,684,1684,0.17180921316146852,2.0,2.0,0.652707040309906,0.0002190419181715697
DQN,125,mid,685,1685,-0.0010157752037048134,3.0,3.0,0.8146138191223145,0.0001434372776808838
DQN,125,mid,686,1686,0.012145836353302006,3.0,2.0,0.7487125396728516,0.00032876048256487894
DQN,125,mid,687,1687,0.20429713249206544,3.0,3.0,0.9311553239822388,0.00017595784932685396
DQN,125,mid,688,1688,-0.021144015789031967,2.0,2.0,0.5656815767288208,0.00013102161028655246
DQN,125,mid,689,1689,0.09000000000000001,1.0,1.0,0.08460648357868195,0.00018740004452411085
DQN,125,mid,690,1690,0.1462445330619812,3.0,3.0,0.8750006556510925,0.00018669236063336334
DQN,125,mid,691,1691,0.07079126119613649,2.0,2.0,0.8481030464172363,0.00023601052089361474
DQN,125,mid,692,1692,0.14835716962814333,2.0,2.0,0.7364832758903503,0.0002891903350246139
DQN,125,mid,693,1693,0.1022095847129822,2.0,2.0,0.7251635789871216,0.0002381125304964371
DQN,125,mid,694,1694,0.08343506574630738,3.0,3.0,0.783261775970459,0.00021606645411035666
DQN,125,mid,695,1695,-0.07038275480270385,3.0,2.0,0.5968703627586365,0.0001936787690889711
DQN,125,mid,696,1696,0.06320317268371584,2.0,2.0,0.32939934730529785,0.00022791318042436615
DQN,125,mid,697,1697,0.09365542411804201,2.0,2.0,0.7745047807693481,0.00026542516570771113
DQN,125,mid,698,1698,0.07993782997131346,6.0,3.0,0.6519025564193726,0.00021914510822777325
DQN,125,mid,699,1699,0.18746014118194582,2.0,2.0,0.4851841330528259,0.0001788438530638814
DQN,125,mid,700,1700,0.09000000000000001,1.0,1.0,0.1791745126247406,0.0002807593555189669
DQN,125,mid,701,1701,0.09000000000000001,1.0,1.0,0.3191445469856262,0.00015191981219686568
DQN,125,mid,702,1702,-0.058843307495117195,3.0,3.0,0.7068940997123718,0.00019851546191299954
DQN,125,mid,703,1703,0.09000000000000001,1.0,1.0,0.25324180722236633,0.0001026464015012607
DQN,125,mid,704,1704,0.13410015821456908,8.0,3.0,0.9693459868431091,0.00023605013302585576
DQN,125,mid,705,1705,0.11277998447418214,4.0,3.0,0.7894802093505859,0.00018217374235973693
DQN,125,mid,706,1706,-0.13874456405639646,7.0,2.0,0.6202767491340637,0.00021396445351586278
DQN,125,mid,707,1707,0.2290663194656372,3.0,3.0,0.9405900239944458,0.00021033624701279527
DQN,125,mid,708,1708,0.21802069425582887,2.0,2.0,0.8339482545852661,0.0001103408976632636
DQN,125,mid,709,1709,0.09000000000000001,1.0,1.0,0.7302488684654236,8.400089427595958e-05
DQN,125,mid,710,1710,0.027628488540649428,3.0,3.0,0.7634651064872742,0.00024198461809040359
DQN,125,mid,711,1711,0.12971521139144898,3.0,3.0,0.687535285949707,0.00017995749658439308
DQN,125,mid,712,1712,0.07945801496505739,2.0,2.0,0.4570485055446625,0.00039823036058805883
DQN,125,mid,713,1713,0.4923678410053253,3.0,3.0,0.3324826657772064,0.00028302654391154647
DQN,125,mid,714,1714,-0.5204697132110596,10.0,2.0,0.5563486814498901,0.00020568180189002306
DQN,125,mid,715,1715,-0.023522315025329588,6.0,4.0,0.8119599223136902,0.00025306756045514095
DQN,125,mid,716,1716,0.083945529460907,2.0,2.0,0.8917597532272339,0.00027904161834158003
DQN,125,mid,717,1717,-0.021319015026092514,2.0,2.0,0.769610583782196,0.0002010399184655398
DQN,125,mid,718,1718,0.010354267358779923,2.0,2.0,0.40420785546302795,0.00022839360462967306
DQN,125,mid,719,1719,0.13617210268974306,2.0,2.0,0.3794717788696289,0.00031257429509423673
DQN,125,mid,720,1720,0.19818766593933107,7.0,3.0,0.5965343117713928,0.00027217080059926957
DQN,125,mid,721,1721,0.16948034048080446,2.0,2.0,0.9817183613777161,0.00021311991440597922
DQN,125,mid,722,1722,0.21608384132385255,2.0,2.0,0.7619345784187317,0.00024380008107982576
DQN,125,mid,723,1723,0.08637399435043336,4.0,3.0,0.40411868691444397,0.00029887536220485345
DQN,125,mid,724,1724,0.2900443744659424,3.0,3.0,0.664667010307312,0.00022635862114839256
DQN,125,mid,725,1725,0.09000000000000001,1.0,1.0,0.16832004487514496,0.0002897617523558438
DQN,125,mid,726,1726,0.09000000000000001,1.0,1.0,0.31295090913772583,0.00022828709916211665
DQN,125,mid,727,1727,-0.10516601204872134,10.0,5.0,0.44074228405952454,0.00028190587399876674
DQN,125,mid,728,1728,-0.86913138628006,10.0,3.0,0.7446601986885071,0.00017984083388000727
DQN,125,mid,729,1729,-0.10462670087814331,6.0,3.0,0.6514778733253479,0.00021078568048930416
DQN,125,mid,730,1730,0.19646750569343568,2.0,2.0,0.407316118478775,0.0001653849976719357
DQN,125,mid,731,1731,0.09000000000000001,1.0,1.0,0.16742780804634094,9.35545249376446e-05
DQN,125,mid,732,1732,0.09000000000000001,1.0,1.0,0.9838886857032776,0.0009007447515614331
DQN,125,mid,733,1733,0.09000000000000001,1.0,1.0,0.20326516032218933,0.00012935731501784176
DQN,125,mid,734,1734,0.09000000000000001,1.0,1.0,0.6051508784294128,0.00010004639625549316
DQN,125,mid,735,1735,-0.04232572555541993,4.0,3.0,0.7934971451759338,0.0001990045784623362
DQN,125,mid,736,1736,0.1787595319747925,2.0,2.0,0.7619566321372986,0.000183837917575147
DQN,125,mid,737,1737,0.22395528078079224,3.0,3.0,0.7798486351966858,0.0001449707463810531
DQN,125,mid,738,1738,0.15579630613327028,2.0,2.0,0.7095449566841125,0.0002319868144695647
DQN,125,mid,739,1739,-0.1905271291732788,5.0,3.0,1.18975830078125,0.0002128804728272371
DQN,125,mid,740,1740,0.2951570153236389,5.0,4.0,0.7325541377067566,0.0002162170290830545
DQN,125,mid,741,1741,0.1001433801651001,3.0,3.0,0.5587072968482971,0.00026550793457621086
DQN,125,mid,742,1742,0.04413486480712892,4.0,3.0,0.9245452880859375,0.00020618647613446228
DQN,125,mid,743,1743,0.09000000000000001,1.0,1.0,0.1537545770406723,0.00017908007430378348
DQN,125,mid,744,1744,0.09000000000000001,1.0,1.0,0.21249672770500183,0.00011547389294719324
DQN,125,mid,745,1745,0.09000000000000001,1.0,1.0,0.5243529081344604,0.0002708817773964256
DQN,125,mid,746,1746,0.09139038801193239,2.0,2.0,0.24881204962730408,0.00023610537027707323
DQN,125,mid,747,1747,0.23888193249702455,2.0,2.0,0.39053407311439514,0.00023030073498375714
DQN,125,mid,748,1748,0.09000000000000001,1.0,1.0,0.4861082434654236,0.00010449955880176276
DQN,125,mid,749,1749,-0.04242635309696198,4.0,3.0,0.22974956035614014,0.0001476562138122972
DQN,125,mid,750,1750,-0.11470703601837158,2.0,2.0,0.7883536219596863,0.00014880844537401572
DQN,125,mid,751,1751,0.25074137926101686,2.0,2.0,0.768584132194519,0.0002129700660589151
DQN,125,mid,752,1752,0.05033004045486451,4.0,4.0,0.36492839455604553,0.00016890228653210215
DQN,125,mid,753,1753,0.2049343752861023,2.0,2.0,0.7613891363143921,0.00016733146185288206
DQN,125,mid,754,1754,0.26669657945632935,3.0,3.0,0.5584872961044312,0.00020871679104554156
DQN,125,mid,755,1755,0.11594177961349489,2.0,2.0,0.6616881489753723,0.0001933080711751245
DQN,125,mid,756,1756,-0.1291782784461975,3.0,3.0,0.5247355699539185,0.00016933159349719062
DQN,125,mid,757,1757,0.1218871068954468,3.0,2.0,1.0851572751998901,0.00018505993163368353
DQN,125,mid,758,1758,-0.20406342506408692,6.0,5.0,0.7339432835578918,0.0001891323299787473
DQN,125,mid,759,1759,0.01981588631868364,2.0,2.0,0.16569580137729645,0.0001188333990285173
DQN,125,mid,760,1760,0.14702463150024414,5.0,4.0,0.7907329201698303,0.000216590118361637
DQN,125,mid,761,1761,0.09000000000000001,1.0,1.0,0.1792556494474411,9.69398461165838e-05
DQN,125,mid,762,1762,0.11325617551803589,3.0,2.0,0.8647429347038269,0.0001223084885471811
DQN,125,mid,763,1763,0.09000000000000001,1.0,1.0,0.3481910526752472,0.0001932484592543915
DQN,125,mid,764,1764,0.10433574438095095,3.0,2.0,0.7346964478492737,0.0001509375991493774
DQN,125,mid,765,1765,0.09000000000000001,1.0,1.0,0.34049874544143677,0.0001287093764403835
DQN,125,mid,766,1766,-0.12749539375305174,6.0,3.0,0.7839514017105103,0.00021783478829699257
DQN,125,mid,767,1767,0.05659825325012208,3.0,3.0,0.4325888156890869,0.0003187632440434148
DQN,125,mid,768,1768,0.09000000000000001,1.0,1.0,0.3957766890525818,0.000190548540558666
DQN,125,mid,769,1769,0.21207452535629273,3.0,3.0,0.7723655700683594,0.0002952972208731808
DQN,125,mid,770,1770,0.03680516242980957,4.0,3.0,0.6072375178337097,0.0002448343293508515
DQN,125,mid,771,1771,0.07674970149993897,3.0,2.0,0.47741812467575073,0.00029539636549695086
DQN,125,mid,772,1772,0.09000000000000001,1.0,1.0,0.18198969960212708,0.00029149276087991893
DQN,125,mid,773,1773,0.09000000000000001,1.0,1.0,0.2660086750984192,0.00023412937298417091
DQN,125,mid,774,1774,-0.05273919343948365,4.0,3.0,0.7640501856803894,0.00017309040049440227
DQN,125,mid,775,1775,0.09000000000000001,1.0,1.0,0.3646746277809143,0.00028862449107691646
DQN,125,mid,776,1776,0.09000000000000001,1.0,1.0,0.3418077826499939,0.00026285977219231427
DQN,125,mid,777,1777,0.19133354902267458,2.0,2.0,0.718895435333252,0.0001640845148358494
DQN,125,mid,778,1778,0.2501328659057617,3.0,3.0,0.7442488670349121,0.0002701284101931378
DQN,125,mid,779,1779,0.09000000000000001,1.0,1.0,0.21521297097206116,0.00016183509433176368
DQN,125,mid,780,1780,0.19580270528793337,2.0,2.0,0.646892249584198,0.00016532398512936197
DQN,125,mid,781,1781,0.06590800166130067,2.0,2.0,0.24432602524757385,0.0002805807853292208
DQN,125,mid,782,1782,-0.21862701654434202,8.0,3.0,0.6885510683059692,0.0002703870959521737
DQN,125,mid,783,1783,-0.6327201604843141,10.0,2.0,0.7996485829353333,0.0002884147732402198
DQN,125,mid,784,1784,0.08262551784515382,4.0,3.0,0.5419635772705078,0.00028596007177839056
DQN,125,mid,785,1785,0.17943801164627077,2.0,2.0,0.7969042062759399,0.00034243710979353637
DQN,125,mid,786,1786,0.055464282035827636,6.0,3.0,1.0671409368515015,0.00048594903394890326
DQN,125,mid,787,1787,0.04747535467147828,2.0,2.0,0.5117512941360474,0.0003936587745556608
DQN,125,mid,788,1788,0.09000000000000001,1.0,1.0,0.1625257432460785,0.000270260643446818
DQN,125,mid,789,1789,0.030216472148895272,2.0,2.0,0.34331536293029785,0.0002996975090354681
DQN,125,mid,790,1790,0.2203240466117859,3.0,3.0,0.7835776209831238,0.00020032540002527335
DQN,125,mid,791,1791,0.10545456588268282,2.0,2.0,0.22986672818660736,0.00031837862479733303
DQN,125,mid,792,1792,-0.0790181565284729,3.0,2.0,0.711577296257019,0.0003160809477170308
DQN,125,mid,793,1793,-0.11851469755172729,3.0,2.0,0.9789062142372131,0.0002654134586919099
DQN,125,mid,794,1794,0.15017051458358766,4.0,3.0,0.5708469152450562,0.0002845941962732468
DQN,125,mid,795,1795,0.13151966214179994,2.0,2.0,0.34402769804000854,0.00027242385840509087
DQN,125,mid,796,1796,0.09000000000000001,1.0,1.0,0.42501625418663025,0.00026805076049640775
DQN,125,mid,797,1797,0.09000000000000001,1.0,1.0,0.46589094400405884,0.00017748522805050015
DQN,125,mid,798,1798,0.23831446170806886,5.0,3.0,0.5433054566383362,0.00027096499979961663
DQN,125,mid,799,1799,0.10544328570365907,2.0,2.0,0.3781268894672394,0.000207374723686371
DQN,125,mid,800,1800,-0.11092823028564454,3.0,3.0,0.7291852235794067,0.0003288057050667703
DQN,125,mid,801,1801,0.2880877125263214,2.0,2.0,0.4799971878528595,0.00019385469204280525
DQN,125,mid,802,1802,0.09000000000000001,1.0,1.0,0.33565521240234375,0.0008082310669124126
DQN,125,mid,803,1803,0.20871782064437866,4.0,4.0,0.6715344190597534,0.0003059837908949703
DQN,125,mid,804,1804,0.16036449551582338,2.0,2.0,0.4966794550418854,0.00022421339235734195
DQN,125,mid,805,1805,0.05499774932861329,3.0,3.0,0.9918705224990845,0.0002162527913848559
DQN,125,mid,806,1806,0.03727199316024781,2.0,2.0,0.7174250483512878,0.00026833039009943604
DQN,125,mid,807,1807,0.17127849340438844,2.0,2.0,0.7152363657951355,0.00020234617841197178
DQN,125,mid,808,1808,0.23642595291137697,2.0,2.0,0.5062698125839233,0.00019797928689513355
DQN,125,mid,809,1809,0.15753710985183716,3.0,3.0,0.6756604313850403,0.0003635776908292125
DQN,125,mid,810,1810,0.26816237688064576,3.0,3.0,0.9565789103507996,0.0002310901618329808
DQN,125,mid,811,1811,0.0673144030570984,2.0,2.0,0.38823243975639343,0.00015213295409921557
DQN,125,mid,812,1812,0.09000000000000001,1.0,1.0,0.17686566710472107,0.0004742872260976583
DQN,125,mid,813,1813,0.09000000000000001,1.0,1.0,0.0617486834526062,0.000111819535959512
DQN,125,mid,814,1814,0.09000000000000001,1.0,1.0,0.10219649970531464,0.0002102504950016737
DQN,125,mid,815,1815,0.05262900352478028,4.0,3.0,0.6600121259689331,0.00022370836086338386
DQN,125,mid,816,1816,0.09000000000000001,1.0,1.0,0.37577030062675476,0.00011562429426703602
DQN,125,mid,817,1817,0.06983341246843339,3.0,3.0,0.0573587603867054,0.000242401787545532
DQN,125,mid,818,1818,0.0615616536140442,4.0,3.0,0.9816829562187195,0.0002697282761801034
DQN,125,mid,819,1819,0.06709009647369388,6.0,4.0,0.6150357127189636,0.00022579837362476005
DQN,125,mid,820,1820,0.16138631820678712,3.0,3.0,0.4361029267311096,0.00018264480119493479
DQN,125,mid,821,1821,0.09000000000000001,1.0,1.0,0.24163492023944855,0.00024117101565934718
DQN,125,mid,822,1822,-0.1922578239440918,4.0,4.0,1.3354862928390503,0.00022344226454151794
DQN,125,mid,823,1823,0.07986075401306154,3.0,3.0,1.0959855318069458,0.0001544700571685098
DQN,125,mid,824,1824,0.11935556888580323,4.0,3.0,0.7011832594871521,0.00016754310490796342
DQN,125,mid,825,1825,0.09000000000000001,1.0,1.0,0.20134034752845764,0.00042998293065465987
DQN,125,mid,826,1826,0.1781501841545105,3.0,3.0,0.8985303044319153,0.00019059745924702534
DQN,125,mid,827,1827,0.3468976187705994,2.0,2.0,0.9002874493598938,0.00023789914848748595
DQN,125,mid,828,1828,0.13137266218662264,2.0,2.0,0.10391102731227875,0.0002557969419285655
DQN,125,mid,829,1829,0.09000000000000001,1.0,1.0,0.08549414575099945,0.00014456211647484452
DQN,125,mid,830,1830,0.09000000000000001,1.0,1.0,0.28084704279899597,0.0003035955596715212
DQN,125,mid,831,1831,0.05642595291137695,5.0,2.0,0.5062698125839233,0.0001803129882318899
DQN,125,mid,832,1832,-0.29762218236923216,9.0,3.0,0.554171621799469,0.0001830531400628388
DQN,125,mid,833,1833,-0.3927793741226196,10.0,2.0,0.8174992203712463,0.00017843686800915747
DQN,125,mid,834,1834,0.09000000000000001,1.0,1.0,0.14033322036266327,0.00020737671002279967
DQN,125,mid,835,1835,0.08208836793899538,2.0,2.0,0.5984862446784973,0.00017159235358121805
DQN,125,mid,836,1836,0.015608610510826126,2.0,2.0,0.30825725197792053,0.00018009210180025548
DQN,125,mid,837,1837,0.09000000000000001,1.0,1.0,0.21459738910198212,0.0003484590561129153
DQN,125,mid,838,1838,0.20145498394966127,2.0,2.0,0.33128806948661804,0.00025107980764005333
DQN,125,mid,839,1839,0.191128568649292,2.0,2.0,0.7743561863899231,0.00016727671027183533
DQN,125,mid,840,1840,0.029808359146118173,2.0,2.0,0.31783825159072876,0.00020169281197013333
DQN,125,mid,841,1841,0.09000000000000001,1.0,1.0,0.8613181710243225,0.00024148363445419818
DQN,125,mid,842,1842,0.2216948437690735,2.0,2.0,0.511500895023346,0.00023234321997733787
DQN,125,mid,843,1843,0.09000000000000001,1.0,1.0,0.24513889849185944,0.00011630883818725124
DQN,125,mid,844,1844,0.3120385575294495,2.0,2.0,0.5232598781585693,0.00018426024325890467
DQN,125,mid,845,1845,-0.6695337176322937,10.0,2.0,0.7982824444770813,0.00017387808693456464
DQN,125,mid,846,1846,0.3000877571105957,3.0,3.0,0.673183023929596,0.0002470640077566107
DQN,125,mid,847,1847,0.18299461126327515,3.0,3.0,0.5563620924949646,0.00016987568233162165
DQN,125,mid,848,1848,0.030691347718238837,3.0,3.0,0.23451706767082214,0.0002588805800769478
DQN,125,mid,849,1849,-0.04821002066135406,3.0,2.0,0.3170042932033539,0.00021288140851538628
DQN,125,mid,850,1850,0.17359920024871828,2.0,2.0,0.5817334055900574,0.0006116890290286392
DQN,125,mid,851,1851,0.1576815915107727,3.0,3.0,0.727783739566803,0.00023701186970962831
DQN,125,mid,852,1852,0.09000000000000001,1.0,1.0,0.2767733633518219,0.0001861123600974679
DQN,125,mid,853,1853,0.12630157351493837,2.0,2.0,0.4615248739719391,0.00021171136177144945
DQN,125,mid,854,1854,0.13972658634185792,3.0,3.0,0.7168111205101013,0.00019826835098986825
DQN,125,mid,855,1855,0.09000000000000001,1.0,1.0,0.25866231322288513,0.0002041920815827325
DQN,125,mid,856,1856,0.09000000000000001,1.0,1.0,0.5118039846420288,0.000136133938212879
DQN,125,mid,857,1857,0.2294543254375458,2.0,2.0,0.4829648435115814,0.00039143560570664704
DQN,125,mid,858,1858,0.190575407743454,2.0,2.0,0.4927997291088104,0.00022248055029194802
DQN,125,mid,859,1859,0.10396970987319948,2.0,2.0,0.4197414219379425,0.0002528844779590145
DQN,125,mid,860,1860,0.05897755146026612,3.0,3.0,0.8276947140693665,0.0003015559050254524
DQN,125,mid,861,1861,0.09838313579559328,3.0,3.0,0.6671158075332642,0.000301392477316161
DQN,125,mid,862,1862,0.37295705795288087,3.0,3.0,0.5587406754493713,0.0004854315872459362
DQN,125,mid,863,1863,-0.009613866806030255,7.0,4.0,1.1220195293426514,0.00028717108112427274
DQN,125,mid,864,1864,0.13569297075271608,2.0,2.0,0.7889248728752136,0.0002172543536289595
DQN,125,mid,865,1865,0.21227843284606934,3.0,3.0,1.1774338483810425,0.0002896282336829851
DQN,125,mid,866,1866,0.09000000000000001,1.0,1.0,0.6335671544075012,0.00017879756342153996
DQN,125,mid,867,1867,0.07781274318695068,5.0,3.0,0.8930702209472656,0.00027911705255974085
DQN,125,mid,868,1868,-0.08417778253555296,4.0,3.0,0.9893003106117249,0.00022431880279327743
DQN,125,mid,869,1869,0.1859030592441559,2.0,2.0,0.18284574151039124,0.0002697790405363776
DQN,125,mid,870,1870,0.061884390115737924,2.0,2.0,0.18280693888664246,0.00041391144623048604
DQN,125,mid,871,1871,0.009922610521316544,2.0,2.0,0.46585407853126526,0.00028059008764103055
DQN,125,mid,872,1872,0.0924628245830536,2.0,2.0,0.3685283064842224,0.00016833013069117442
DQN,125,mid,873,1873,0.20722796201705934,2.0,2.0,0.8531431555747986,0.0002688921376829967
DQN,125,mid,874,1874,0.001338977813720707,3.0,2.0,0.718559205532074,0.0003227699101747324
DQN,125,mid,875,1875,-0.03511951684951782,2.0,2.0,0.866212785243988,0.000343980806064792
DQN,125,mid,876,1876,0.023470063209533695,3.0,2.0,0.9862475991249084,0.00029433558908446383
DQN,125,mid,877,1877,0.047426826953887946,3.0,3.0,0.7684993743896484,0.00025218407487651956
DQN,125,mid,878,1878,0.09000000000000001,1.0,1.0,0.21381857991218567,0.00024407290038652718
DQN,125,mid,879,1879,0.09000000000000001,1.0,1.0,0.46100538969039917,0.00034568129922263324
DQN,125,mid,880,1880,0.17037655115127565,5.0,3.0,0.8212760090827942,0.0002307831950020045
DQN,125,mid,881,1881,0.09000000000000001,1.0,1.0,0.5707486271858215,0.00017418217612430453
DQN,125,mid,882,1882,-0.22004228830337524,10.0,5.0,0.6604953408241272,0.00021123037586221472
DQN,125,mid,883,1883,0.3383413624763489,3.0,3.0,0.8568397164344788,0.00018540938132597753
DQN,125,mid,884,1884,0.10868634462356569,2.0,2.0,0.9494460821151733,0.00020682688045781106
DQN,125,mid,885,1885,0.28961469411849977,2.0,2.0,0.6434522867202759,0.0002739782285061665
DQN,125,mid,886,1886,0.17251436591148378,2.0,2.0,0.3906526267528534,0.0001757361605996266
DQN,125,mid,887,1887,0.11414361715316773,3.0,3.0,0.6605419516563416,0.0002185174380429089
DQN,125,mid,888,1888,0.09000000000000001,1.0,1.0,0.5748159289360046,0.00041546919965185225
DQN,125,mid,889,1889,0.09000000000000001,1.0,1.0,0.4739071726799011,0.00015556643484160304
DQN,125,mid,890,1890,0.09555883884429933,2.0,2.0,0.25490957498550415,0.0002788012061500922
DQN,125,mid,891,1891,0.11820277750492098,2.0,2.0,0.20344580709934235,0.00019037627498619258
DQN,125,mid,892,1892,0.10668002247810365,2.0,2.0,0.14435185492038727,0.0002034457356785424
DQN,125,mid,893,1893,0.08823780894279482,2.0,2.0,0.42664721608161926,0.00017161965661216527
DQN,125,mid,894,1894,0.09000000000000001,1.0,1.0,0.19417788088321686,0.0001743645843816921
DQN,125,mid,895,1895,0.09000000000000001,1.0,1.0,0.8926449418067932,0.00016418595623690635
DQN,125,mid,896,1896,0.09000000000000001,1.0,1.0,0.3656880259513855,0.0007572211907245219
DQN,125,mid,897,1897,0.2328509855270386,2.0,2.0,0.39827466011047363,0.00023088724265107885
DQN,125,mid,898,1898,0.05367381095886231,3.0,3.0,0.6699201464653015,0.00021840946283191442
DQN,125,mid,899,1899,0.09000000000000001,1.0,1.0,0.6266739964485168,0.00012815436639357358
DQN,125,mid,900,1900,0.1870414185523987,2.0,2.0,0.2689911425113678,0.0003612115979194641
DQN,125,mid,901,1901,0.03822353661060334,2.0,2.0,0.21966294944286346,0.0002553813028498553
DQN,125,mid,902,1902,-0.14255324602127073,10.0,3.0,0.5493974089622498,0.0002363163948757574
DQN,125,mid,903,1903,0.2584613132476807,2.0,2.0,0.6709927320480347,0.00018116643332177773
DQN,125,mid,904,1904,-0.37953031063079834,10.0,3.0,0.6850098967552185,0.0002464361765305512
DQN,125,mid,905,1905,-0.06744995713233948,10.0,3.0,0.47002705931663513,0.0004325505215092562
DQN,125,mid,906,1906,0.09000000000000001,1.0,1.0,0.5413292050361633,0.000349734298652038
DQN,125,mid,907,1907,-0.08834151744842529,2.0,2.0,0.9419974684715271,0.00021786816068924963
DQN,125,mid,908,1908,0.09000000000000001,1.0,1.0,0.39344459772109985,0.00016187981236726046
DQN,125,mid,909,1909,0.19242407083511354,5.0,3.0,0.5997253060340881,0.00026457175554241987
DQN,125,mid,910,1910,0.05419637441635133,2.0,2.0,0.8166238069534302,0.00021348419977584854
DQN,125,mid,911,1911,-0.015592871308326706,2.0,2.0,0.32045501470565796,0.00032346545049222186
DQN,125,mid,912,1912,0.11179937601089479,2.0,2.0,0.5004597306251526,0.0003098495217273012
DQN,125,mid,913,1913,0.3165760636329651,5.0,4.0,0.9765874743461609,0.00024800094251986593
DQN,125,mid,914,1914,0.15630306482315065,2.0,2.0,0.7220667004585266,0.00010460177509230562
DQN,125,mid,915,1915,0.09000000000000001,1.0,1.0,0.7014546394348145,0.0002767348778434098
DQN,125,mid,916,1916,-0.020285646915435787,3.0,2.0,0.5324187278747559,0.00031439876086854685
DQN,125,mid,917,1917,0.08829135417938234,3.0,3.0,0.6609125137329102,0.00015625328038974354
DQN,125,mid,918,1918,0.1766101884841919,2.0,2.0,0.7600427269935608,0.00036870764597551897
DQN,125,mid,919,1919,0.09000000000000001,1.0,1.0,0.7666531801223755,0.0002048480964731425
DQN,125,mid,920,1920,0.09000000000000001,1.0,1.0,0.8891736268997192,0.0004508186539169401
DQN,125,mid,921,1921,0.15939994335174562,2.0,2.0,0.6792508959770203,0.0003613004955695942
DQN,125,mid,922,1922,0.09000000000000001,1.0,1.0,0.769547164440155,0.00018466961046215147
DQN,125,mid,923,1923,-0.17430320501327512,7.0,2.0,0.5844067931175232,0.00023994386096351912
DQN,125,mid,924,1924,0.19492696404457094,2.0,2.0,0.33164697885513306,0.00026985125441569835
DQN,125,mid,925,1925,0.09764910459518433,3.0,3.0,0.5740393400192261,0.0003221754159312695
DQN,125,mid,926,1926,0.0866361427307129,2.0,2.0,0.6420373320579529,0.00032356204610550776
DQN,125,mid,927,1927,0.09000000000000001,1.0,1.0,0.266969233751297,0.00018080587324220687
DQN,125,mid,928,1928,0.15099148631095888,2.0,2.0,0.499401718378067,0.00040550154517404735
DQN,125,mid,929,1929,0.09000000000000001,1.0,1.0,0.36605125665664673,0.0004998102667741477
DQN,125,mid,930,1930,-0.19222575128078462,5.0,5.0,0.4895182251930237,0.00022368612699210643
DQN,125,mid,931,1931,0.09000000000000001,1.0,1.0,0.44276633858680725,0.0004301000153645873
DQN,125,mid,932,1932,0.08138055324554444,3.0,3.0,0.5885858535766602,0.00027948235704873997
DQN,125,mid,933,1933,0.1460899877548218,2.0,2.0,0.8422293066978455,0.00035267135535832494
DQN,125,mid,934,1934,0.2390770983695984,3.0,3.0,0.8820614218711853,0.00022014170341814557
DQN,125,mid,935,1935,0.09000000000000001,1.0,1.0,0.2668713629245758,0.00025259918766096234
DQN,125,mid,936,1936,0.09000000000000001,1.0,1.0,0.7419997453689575,0.00041408996912650764
DQN,125,mid,937,1937,0.09000000000000001,1.0,1.0,0.1632433831691742,0.00022827505017630756
DQN,125,mid,938,1938,0.1710083055496216,2.0,2.0,0.7828666567802429,0.00025398437719559297
DQN,125,mid,939,1939,0.003193936347961432,4.0,2.0,0.679933488368988,0.0002788779165712185
DQN,125,mid,940,1940,0.09000000000000001,1.0,1.0,0.21920539438724518,0.0002452376065775752
DQN,125,mid,941,1941,0.0992917585372925,2.0,2.0,0.10612000524997711,0.0002958435725304298
DQN,125,mid,942,1942,0.21015478849411012,2.0,2.0,0.6011797189712524,0.0002369826615904458
DQN,125,mid,943,1943,0.09000000000000001,1.0,1.0,0.513827919960022,0.0006760535761713982
DQN,125,mid,944,1944,0.2294502127170563,2.0,2.0,0.49270448088645935,0.0002693768765311688
DQN,125,mid,945,1945,-0.04016082763671873,3.0,3.0,1.003814697265625,0.000221996369267193
DQN,125,mid,946,1946,0.09000000000000001,1.0,1.0,0.6072240471839905,0.00012527518265414983
DQN,125,mid,947,1947,0.14239240407943726,3.0,3.0,0.6355406641960144,0.00028863480838481337
DQN,125,mid,948,1948,-0.35508782863616944,10.0,4.0,0.7551459670066833,0.00025284178263973445
DQN,125,mid,949,1949,0.22624606609344483,3.0,3.0,0.6022569537162781,0.00023233509273268282
DQN,125,mid,950,1950,0.09000000000000001,1.0,1.0,0.1335742473602295,0.0002539816778153181
DQN,125,mid,951,1951,0.13168560147285463,2.0,2.0,0.41839075088500977,0.00017126085731433704
DQN,125,mid,952,1952,0.15673329114913942,2.0,2.0,0.8956438899040222,0.0002590584917925298
DQN,125,mid,953,1953,0.15745477557182314,2.0,2.0,0.280537873506546,0.00031025604403112084
DQN,125,mid,954,1954,-0.02583925962448118,4.0,3.0,0.6789036393165588,0.0002636594981595408
DQN,125,mid,955,1955,0.3262727427482605,2.0,2.0,0.713864266872406,0.00022725676535628736
DQN,125,mid,956,1956,0.06878553509712221,2.0,2.0,0.19654728472232819,0.00023320785840041935
DQN,125,mid,957,1957,0.3105395007133484,2.0,2.0,0.6214205026626587,0.00016399726155214012
DQN,125,mid,958,1958,-0.5492388486862183,10.0,2.0,0.7417864799499512,0.000343712636095006
DQN,125,mid,959,1959,-0.5678976058959961,10.0,2.0,0.8081938624382019,0.00031292129715438933
DQN,125,mid,960,1960,0.09000000000000001,1.0,1.0,0.2288772165775299,0.00016979986685328186
DQN,125,mid,961,1961,0.09000000000000001,1.0,1.0,0.23963360488414764,0.000393508787965402
DQN,125,mid,962,1962,0.099406795501709,2.0,2.0,0.35255274176597595,0.0002741227872320451
DQN,125,mid,963,1963,-0.003171784877777084,2.0,2.0,0.620768666267395,0.00020969055913155898
DQN,125,mid,964,1964,0.12900631308555605,2.0,2.0,0.3903507590293884,0.0003191876894561574
DQN,125,mid,965,1965,0.11864771127700807,2.0,2.0,0.690958559513092,0.0003197734913555905
DQN,125,mid,966,1966,0.09000000000000001,1.0,1.0,0.18836712837219238,0.00018897728295996785
DQN,125,mid,967,1967,0.17706515073776247,2.0,2.0,0.5587978363037109,0.00040757331589702517
DQN,125,mid,968,1968,0.10083331346511842,2.0,2.0,0.8684374094009399,0.0004679757112171501
DQN,125,mid,969,1969,-0.1717221736907959,10.0,3.0,1.0326751470565796,0.0003029295869055204
DQN,125,mid,970,1970,0.09000000000000001,1.0,1.0,0.6809282898902893,0.00023653922835364938
DQN,125,mid,971,1971,0.2296064567565918,3.0,3.0,0.9316278696060181,0.00021909440207916
DQN,125,mid,972,1972,0.10218210697174074,2.0,2.0,0.8229793310165405,0.00034620151564013213
DQN,125,mid,973,1973,-0.5166663527488708,10.0,3.0,0.9067178964614868,0.00023826849428587593
DQN,125,mid,974,1974,0.16355689048767091,2.0,2.0,0.266993910074234,0.00022344036551658064
DQN,125,mid,975,1975,-0.06269286394119263,2.0,2.0,0.8878691792488098,0.00025392758834641427
DQN,125,mid,976,1976,0.10401119470596315,2.0,2.0,0.8051406145095825,0.00018205898231826723
DQN,125,mid,977,1977,0.09000000000000001,1.0,1.0,0.17131376266479492,0.00020218099234625697
DQN,125,mid,978,1978,0.2848757374286652,2.0,2.0,0.46609899401664734,0.0003348575337440707
DQN,125,mid,979,1979,0.19325407028198244,2.0,2.0,1.201328992843628,0.00017596702673472464
DQN,125,mid,980,1980,0.14214100122451784,2.0,2.0,0.5838590264320374,0.0001975760533241555
DQN,125,mid,981,1981,0.14758462429046632,3.0,3.0,0.2547251284122467,0.00015927273489069194
DQN,125,mid,982,1982,0.35405964374542237,3.0,3.0,0.7427598237991333,0.00028551734673480195
DQN,125,mid,983,1983,0.09000000000000001,1.0,1.0,0.21281765401363373,0.00016277482791338116
DQN,125,mid,984,1984,0.17722065925598146,2.0,2.0,0.5890763401985168,0.000289823321509175
DQN,125,mid,985,1985,0.08718854904174805,3.0,3.0,0.5015255212783813,0.00019272134522907436
DQN,125,mid,986,1986,0.08652366876602174,2.0,2.0,0.49622005224227905,0.0001766842178767547
DQN,125,mid,987,1987,-0.004693784713745111,4.0,2.0,0.2849951684474945,0.0002653586634551175
DQN,125,mid,988,1988,0.32884854793548585,3.0,3.0,1.1227349042892456,0.00015546365466434509
DQN,125,mid,989,1989,0.09000000000000001,1.0,1.0,0.35247617959976196,0.00014154579548630863
DQN,125,mid,990,1990,0.182153480052948,2.0,2.0,0.2937760055065155,0.0001699576314422302
DQN,125,mid,991,1991,0.270935879945755,2.0,2.0,0.34799233078956604,0.0003781947598326951
DQN,125,mid,992,1992,0.2423930335044861,2.0,2.0,0.89349764585495,0.00016805072664283216
DQN,125,mid,993,1993,0.053011136054992684,2.0,2.0,0.6617774963378906,0.0002712508648983203
DQN,125,mid,994,1994,0.21280487060546877,2.0,2.0,0.2658020853996277,0.0002020765605266206
DQN,125,mid,995,1995,0.06027851223945619,3.0,3.0,0.462229460477829,0.0003715335721305261
DQN,125,mid,996,1996,0.3576545882225037,2.0,2.0,0.29381757974624634,0.0002510231497581117
DQN,125,mid,997,1997,0.11831498861312867,3.0,3.0,0.7500373721122742,0.00016770472090380886
DQN,125,mid,998,1998,-0.09771916806697846,4.0,3.0,0.33052143454551697,0.0002316228419658728
DQN,125,mid,999,1999,0.09000000000000001,1.0,1.0,0.24562880396842957,0.00010710849892348051
DQN,125,mid,1000,2000,0.22517258644104005,3.0,3.0,1.2386863231658936,0.0002234417236953353
DQN,125,mid,1001,2001,0.08430527329444887,2.0,2.0,0.4573644995689392,0.00010793847468448803
DQN,125,mid,1002,2002,-0.032439217567443834,6.0,3.0,0.7170700430870056,0.0003369711121194996
DQN,125,mid,1003,2003,0.13869135260581972,2.0,2.0,0.2752019762992859,0.00037474563578143716
DQN,125,mid,1004,2004,0.22225488901138307,2.0,2.0,0.9295102953910828,0.00027226561360294
DQN,125,mid,1005,2005,-0.08701352596282959,2.0,2.0,1.0375969409942627,0.0005000279634259641
DQN,125,mid,1006,2006,0.12377763748168946,4.0,3.0,1.0935661792755127,0.00027540202063391916
DQN,125,mid,1007,2007,0.06889081180095674,2.0,2.0,0.1285705715417862,0.0002805736003210768
DQN,125,mid,1008,2008,0.19263031005859377,8.0,3.0,0.9445396661758423,0.0003569214604794979
DQN,125,mid,1009,2009,-0.031540207862854,3.0,3.0,0.6474886536598206,0.0003736394961985449
DQN,125,mid,1010,2010,0.03528322458267213,2.0,2.0,0.5304457545280457,0.0004585814895108342
DQN,125,mid,1011,2011,-0.20958278656005858,8.0,3.0,0.7756789922714233,0.0003339939212310128
DQN,125,mid,1012,2012,0.09000000000000001,1.0,1.0,0.11167515069246292,0.0002137926348950714
DQN,125,mid,1013,2013,0.09000000000000001,1.0,1.0,0.4014747440814972,0.0001523871615063399
DQN,125,mid,1014,2014,0.09000000000000001,1.0,1.0,0.4091266691684723,0.00022620380332227796
DQN,125,mid,1015,2015,0.2905709218978882,3.0,3.0,0.44330543279647827,0.0003019996462777878
DQN,125,mid,1016,2016,0.09000000000000001,1.0,1.0,0.2773158550262451,0.00033319820067845285
DQN,125,mid,1017,2017,0.06629853606224062,4.0,2.0,0.4462599456310272,0.0002915181466960348
DQN,125,mid,1018,2018,0.13144923925399782,2.0,2.0,0.4929291605949402,0.0003941528557334095
DQN,125,mid,1019,2019,0.09000000000000001,1.0,1.0,0.37613826990127563,0.00045191863318905234
DQN,125,mid,1020,2020,0.09000000000000001,1.0,1.0,0.1889958530664444,0.00018732543685473502
DQN,125,mid,1021,2021,0.30619407415390015,3.0,3.0,0.7377394437789917,0.00031762233508440357
DQN,125,mid,1022,2022,0.14339019536972047,2.0,2.0,0.8361530303955078,0.00038588850293308496
DQN,125,mid,1023,2023,0.09000000000000001,1.0,1.0,1.0216907262802124,0.0002969463530462235
DQN,125,mid,1024,2024,0.09000000000000001,1.0,1.0,0.14445282518863678,0.00030906678875908256
DQN,125,mid,1025,2025,0.09000000000000001,1.0,1.0,0.5120450258255005,0.0008116209064610302
DQN,125,mid,1026,2026,0.09000000000000001,1.0,1.0,0.362043172121048,0.00036012608325108886
DQN,125,mid,1027,2027,0.1453011202812195,2.0,2.0,0.6781237721443176,0.0003379087575012818
DQN,125,mid,1028,2028,0.3279722797870636,2.0,2.0,0.40465810894966125,0.0005279701872495934
DQN,125,mid,1029,2029,0.19878663301467897,2.0,2.0,0.7332172989845276,0.0002306400638190098
DQN,125,mid,1030,2030,0.1828217673301697,2.0,2.0,0.7095960378646851,0.00025449926033616066
DQN,125,mid,1031,2031,0.19189215421676636,3.0,3.0,0.7310346364974976,0.000335232587531209
DQN,125,mid,1032,2032,0.09000000000000001,1.0,1.0,0.08937519043684006,0.0003404263989068568
DQN,125,mid,1033,2033,0.16547455072402956,2.0,2.0,0.7854381799697876,0.0002844298869604245
DQN,125,mid,1034,2034,0.21873503684997558,4.0,4.0,1.035889744758606,0.0002135184513463173
DQN,125,mid,1035,2035,0.09000000000000001,1.0,1.0,0.8644341230392456,0.0002580844156909734
DQN,125,mid,1036,2036,0.04754106879234315,2.0,2.0,0.39364883303642273,0.00031902079354040325
DQN,125,mid,1037,2037,0.332471079826355,3.0,3.0,0.8432631492614746,0.00028250092388285947
DQN,125,mid,1038,2038,0.12687737464904786,3.0,3.0,1.179747223854065,0.00039195250913811225
DQN,125,mid,1039,2039,-0.06934546709060667,3.0,3.0,0.5018447041511536,0.00026323342171963304
DQN,125,mid,1040,2040,0.2404650914669037,2.0,2.0,0.4600069224834442,0.00019772037921939045
DQN,125,mid,1041,2041,0.2054912543296814,4.0,3.0,0.9685642123222351,0.00044895657993038185
DQN,125,mid,1042,2042,-0.0890219736099243,3.0,3.0,0.9473780989646912,0.00025398735791289556
DQN,125,mid,1043,2043,0.257761127948761,3.0,3.0,0.7314794659614563,0.00024068000978635004
DQN,125,mid,1044,2044,-0.14387666940689087,6.0,4.0,0.9898672103881836,0.0003666930545781118
DQN,125,mid,1045,2045,0.2704493570327759,2.0,2.0,0.4624970555305481,0.00031624541588826105
DQN,125,mid,1046,2046,0.09000000000000001,1.0,1.0,0.3820516765117645,0.00044023728696629405
DQN,125,mid,1047,2047,0.03860258862376214,2.0,2.0,0.07636717706918716,0.00022541421640198678
DQN,125,mid,1048,2048,0.11170572996139527,4.0,3.0,0.8656948208808899,0.0003575725022528786
DQN,125,mid,1049,2049,-0.2737424850463867,10.0,4.0,0.5816608667373657,0.00030277814948931336
DQN,125,mid,1050,2050,0.09000000000000001,1.0,1.0,0.8819172978401184,0.0003460341540630907
DQN,125,mid,1051,2051,0.3956562447547913,2.0,2.0,0.8522102236747742,0.000333810989104677
DQN,125,mid,1052,2052,-0.5498047351837159,10.0,2.0,1.1137126684188843,0.00021271779769449495
DQN,125,mid,1053,2053,-0.21843418359756467,8.0,2.0,0.6041404008865356,0.00023465919002774172
DQN,125,mid,1054,2054,0.2377141880989075,2.0,2.0,0.5991736054420471,0.00024363386910408735
DQN,125,mid,1055,2055,0.23957443952560425,3.0,3.0,0.4075806736946106,0.0002292055869475007
DQN,125,mid,1056,2056,0.07578273296356203,2.0,2.0,0.6159748435020447,0.00016821176541270688
DQN,125,mid,1057,2057,-0.04579161405563355,5.0,3.0,0.5678050518035889,0.00034473270643502473
DQN,125,mid,1058,2058,0.09000000000000001,1.0,1.0,0.11246936023235321,0.00038961967220529914
DQN,125,mid,1059,2059,0.14106370687484743,2.0,2.0,0.7314620018005371,0.00030327753484016284
DQN,125,mid,1060,2060,0.09000000000000001,1.0,1.0,0.07361657172441483,0.00022216903744265437
DQN,125,mid,1061,2061,0.2059159755706787,5.0,5.0,0.7368618249893188,0.00027537655842024833
DQN,125,mid,1062,2062,0.09000000000000001,1.0,1.0,0.6421530842781067,0.00014019131776876748
DQN,125,mid,1063,2063,0.09000000000000001,1.0,1.0,0.5211077928543091,0.0001250790955964476
DQN,125,mid,1064,2064,0.12769736528396608,2.0,2.0,0.3782314360141754,0.0003469026560196653
DQN,125,mid,1065,2065,0.09000000000000001,1.0,1.0,0.45359930396080017,0.00025651653413660824
DQN,125,mid,1066,2066,0.09000000000000001,1.0,1.0,0.1985507756471634,0.0002838246582541615
DQN,125,mid,1067,2067,0.05185777664184571,3.0,3.0,1.2675282955169678,0.00023967266315594316
DQN,125,mid,1068,2068,0.11823330044746401,3.0,3.0,0.3557509779930115,0.00016975107913215956
DQN,125,mid,1069,2069,0.09000000000000001,1.0,1.0,0.6231228709220886,0.0002109921770170331
DQN,125,mid,1070,2070,0.09000000000000001,1.0,1.0,0.14769969880580902,0.00040253292536363006
DQN,125,mid,1071,2071,0.21568859100341797,7.0,4.0,1.2387654781341553,0.0002462636829087777
DQN,125,mid,1072,2072,0.1340890693664551,2.0,2.0,0.08045269548892975,0.00024558379664085805
DQN,125,mid,1073,2073,-0.043089501857757576,3.0,3.0,0.6270772218704224,0.0003160851726230855
DQN,125,mid,1074,2074,0.21375723361968996,2.0,2.0,0.6752282977104187,0.0002426044738967903
DQN,125,mid,1075,2075,0.09000000000000001,1.0,1.0,0.40483853220939636,0.000394537317333743
DQN,125,mid,1076,2076,-0.029673202037811264,2.0,2.0,0.8335397839546204,0.000249182092375122
DQN,125,mid,1077,2077,0.056431280374526986,2.0,2.0,0.5169571042060852,0.00019063211948378012
DQN,125,mid,1078,2078,0.04225253820419313,4.0,4.0,0.42493000626564026,0.00028887318330816925
DQN,125,mid,1079,2079,0.09000000000000001,1.0,1.0,0.061033934354782104,0.00018921511946246028
DQN,125,mid,1080,2080,0.002145476341247579,3.0,3.0,0.7784658670425415,0.00021753150213044137
DQN,125,mid,1081,2081,0.09000000000000001,1.0,1.0,0.08494964987039566,0.00029363931389525533
DQN,125,mid,1082,2082,0.06064016580581665,4.0,3.0,0.4810991883277893,0.00022279140466707759
DQN,125,mid,1083,2083,0.004176409840583817,2.0,2.0,0.2906763255596161,0.00018515186093281955
DQN,125,mid,1084,2084,0.11200850009918213,5.0,5.0,0.7842667698860168,0.0003162636887282133
DQN,125,mid,1085,2085,0.09000000000000001,1.0,1.0,0.2494729608297348,0.00017674324044492096
DQN,125,mid,1086,2086,0.22110576152801514,3.0,3.0,0.7054282426834106,0.0001775959535734728
DQN,125,mid,1087,2087,0.09000000000000001,1.0,1.0,0.2954442799091339,0.00014847434067633003
DQN,125,mid,1088,2088,-0.6227705478668215,10.0,3.0,0.7300267815589905,0.00032426645484520125
DQN,125,mid,1089,2089,0.049547510147094735,2.0,2.0,0.7469603419303894,0.0001927826742758043
DQN,125,mid,1090,2090,0.07500323832035066,2.0,2.0,0.1848667860031128,0.00029603170696645975
DQN,125,mid,1091,2091,0.2580222058296204,2.0,2.0,0.5106606483459473,0.00039660820038989186
DQN,125,mid,1092,2092,0.07351114034652712,2.0,2.0,0.8432739973068237,0.00022525476379087195
DQN,125,mid,1093,2093,0.09000000000000001,1.0,1.0,0.20377138257026672,0.0002927057503256947
DQN,125,mid,1094,2094,0.14804096698760988,2.0,2.0,0.32367438077926636,0.0001692533478490077
DQN,125,mid,1095,2095,0.09000000000000001,1.0,1.0,0.7515497803688049,0.00024488550843670964
DQN,125,mid,1096,2096,0.10987921237945558,2.0,2.0,0.7908096313476562,0.00019514958694344386
DQN,125,mid,1097,2097,0.18207338631153108,2.0,2.0,0.1643730252981186,0.00022602428362006322
DQN,125,mid,1098,2098,-0.03633957147598264,4.0,3.0,0.6384056806564331,0.00021574592756223865
DQN,125,mid,1099,2099,0.09000000000000001,1.0,1.0,0.14092577993869781,0.00040199002251029015
DQN,125,mid,1100,2100,-0.029444389343261726,8.0,4.0,0.9136780500411987,0.0002324625629626098
DQN,125,mid,1101,2101,0.1824565601348877,3.0,3.0,0.29881542921066284,0.00031099500483833253
DQN,125,mid,1102,2102,0.25545639514923096,3.0,3.0,0.7276974320411682,0.00023410214635077864
DQN,125,mid,1103,2103,-0.05758123636245728,4.0,3.0,0.8716527819633484,0.000346901681041345
DQN,125,mid,1104,2104,0.04871679067611695,3.0,3.0,0.6536731719970703,0.00024257872913343212
DQN,125,mid,1105,2105,0.19080640554428102,2.0,2.0,0.8499736189842224,0.0002680756588233635
DQN,125,mid,1106,2106,0.09000000000000001,1.0,1.0,0.2346186637878418,0.00024827016750350595
DQN,125,mid,1107,2107,0.23437096357345583,2.0,2.0,0.5716914534568787,0.00019268085452495143
DQN,125,mid,1108,2108,0.45872424840927123,5.0,5.0,0.4837470054626465,0.00022482216008938848
DQN,125,mid,1109,2109,0.2866459059715271,2.0,2.0,0.743979811668396,0.0003832962247543037
DQN,125,mid,1110,2110,0.08994363427162172,2.0,2.0,0.49590614438056946,0.00027321212110109627
DQN,125,mid,1111,2111,0.18480594635009767,2.0,2.0,0.5160065293312073,0.0003434525424381718
DQN,125,mid,1112,2112,0.07610801577568055,3.0,3.0,0.1180751845240593,0.00024126733963688216
DQN,125,mid,1113,2113,0.09000000000000001,1.0,1.0,0.12105978280305862,0.00019340688595548272
DQN,125,mid,1114,2114,0.3324714970588684,3.0,3.0,0.6231516003608704,0.00019485826487652957
DQN,125,mid,1115,2115,-0.1511422157287598,10.0,3.0,1.0720477104187012,0.0002180979172408115
DQN,125,mid,1116,2116,0.04228867769241334,2.0,2.0,0.8615323901176453,0.0002101069549098611
DQN,125,mid,1117,2117,0.09000000000000001,1.0,1.0,0.5582926869392395,0.0002703855570871383
DQN,125,mid,1118,2118,0.09000000000000001,1.0,1.0,0.2455107867717743,0.0002061360573861748
DQN,125,mid,1119,2119,-0.5581623196601868,10.0,2.0,0.5322005748748779,0.00019833255355479197
DQN,125,mid,1120,2120,0.09000000000000001,1.0,1.0,0.04921022430062294,0.00015239421918522567
DQN,125,mid,1121,2121,0.3431044387817383,2.0,2.0,0.7085760235786438,0.0002463763885316439
DQN,125,mid,1122,2122,0.1662058997154236,2.0,2.0,0.9417340159416199,0.0003594061272451654
DQN,125,mid,1123,2123,0.1647376585006714,2.0,2.0,0.734222948551178,0.00013249312905827537
DQN,125,mid,1124,2124,0.17118645429611207,3.0,3.0,0.7813946008682251,0.0001655702847832193
DQN,125,mid,1125,2125,0.007076141834259059,4.0,4.0,0.9531437158584595,0.0003043803990294691
DQN,125,mid,1126,2126,0.22431512355804445,2.0,2.0,0.7320637106895447,0.00022599045769311488
DQN,125,mid,1127,2127,0.1606916952133179,2.0,2.0,0.5088729858398438,0.00022072335559641942
DQN,125,mid,1128,2128,0.18614959716796875,5.0,4.0,0.7933738827705383,0.00016528454289073126
DQN,125,mid,1129,2129,0.17436821937561037,2.0,2.0,0.4171462655067444,0.00020571518689393997
DQN,125,mid,1130,2130,0.09000000000000001,1.0,1.0,0.8397372961044312,0.0001810031390050426
DQN,125,mid,1131,2131,-0.019366098642349228,2.0,2.0,0.4751891791820526,0.00011617345444392413
DQN,125,mid,1132,2132,0.1476984190940857,2.0,2.0,0.9090157747268677,0.00011482084300951101
DQN,125,mid,1133,2133,0.19049871683120728,3.0,3.0,0.9160006642341614,0.0002265195168244342
DQN,125,mid,1134,2134,0.09000000000000001,1.0,1.0,0.33205896615982056,0.0002508284233044833
DQN,125,mid,1135,2135,0.1314723062515259,2.0,2.0,1.2048639059066772,0.00022576746414415538
DQN,125,mid,1136,2136,0.1458497214317322,2.0,2.0,0.31680941581726074,0.0001287114318984095
DQN,125,mid,1137,2137,0.06453009128570558,2.0,2.0,0.7577871084213257,0.00021372668561525643
DQN,125,mid,1138,2138,0.24252326965332033,2.0,2.0,0.6232213377952576,0.0001843806021497585
DQN,125,mid,1139,2139,0.26584346771240236,2.0,2.0,0.48520904779434204,0.00024457485415041447
DQN,125,mid,1140,2140,0.09000000000000001,1.0,1.0,0.25920945405960083,0.00010033679427579045
DQN,125,mid,1141,2141,0.2628732490539551,2.0,2.0,0.3936347961425781,0.00023929103190312162
DQN,125,mid,1142,2142,0.05677546739578248,2.0,2.0,0.8655060529708862,0.00013820948515785858
DQN,125,mid,1143,2143,-0.062792592048645,3.0,3.0,0.4482153058052063,0.00012775198896027481
DQN,125,mid,1144,2144,0.09000000000000001,1.0,1.0,0.3670673370361328,0.0003427988267503679
DQN,125,mid,1145,2145,0.38612486600875856,2.0,2.0,0.8921418786048889,0.00026189636264462024
DQN,125,mid,1146,2146,0.09000000000000001,1.0,1.0,0.3209703266620636,0.00034131333814002573
DQN,125,mid,1147,2147,0.09000000000000001,1.0,1.0,0.12393631041049957,0.00034457631409168243
DQN,125,mid,1148,2148,0.09000000000000001,1.0,1.0,0.5907521843910217,0.0001800695899873972
DQN,125,mid,1149,2149,0.2525212931632996,2.0,2.0,0.8794637322425842,0.00017440786177758127
DQN,125,mid,1150,2150,0.16797275304794312,4.0,3.0,0.4594504237174988,0.0002838471409631893
DQN,125,mid,1151,2151,0.1588552761077881,2.0,2.0,1.0661565065383911,0.00017603129526833072
DQN,125,mid,1152,2152,0.20051469802856448,5.0,2.0,0.9796000719070435,0.00020046644640387968
DQN,125,mid,1153,2153,0.09000000000000001,1.0,1.0,0.46215078234672546,0.00013511936413124204
DQN,125,mid,1154,2154,-0.06722192525863648,6.0,3.0,0.4891422390937805,0.0002004428921888272
DQN,125,mid,1155,2155,0.09000000000000001,1.0,1.0,0.18388082087039948,0.0005172904930077493
DQN,125,mid,1156,2156,0.09000000000000001,1.0,1.0,0.11042039096355438,0.00038552077603526413
DQN,125,mid,1157,2157,-0.016402198076248153,2.0,2.0,0.5614903569221497,0.0002891507829190232
DQN,125,mid,1158,2158,0.15161521911621095,2.0,2.0,0.36701875925064087,0.00017339123951387592
DQN,125,mid,1159,2159,0.07030303001403809,3.0,3.0,0.41340819001197815,0.0002704634243855253
DQN,125,mid,1160,2160,0.23094565391540528,3.0,3.0,0.7380724549293518,0.0002573850894502054
DQN,125,mid,1161,2161,0.09000000000000001,1.0,1.0,0.7599951028823853,0.00015689010615460575
DQN,125,mid,1162,2162,0.20623733282089235,2.0,2.0,0.7151187658309937,0.00020639513968490064
DQN,125,mid,1163,2163,-0.3249161243438721,10.0,3.0,0.7030494809150696,0.0002512353181373328
DQN,125,mid,1164,2164,0.09000000000000001,1.0,1.0,0.6471003890037537,0.00039040244882926345
DQN,125,mid,1165,2165,0.09000000000000001,1.0,1.0,0.15277670323848724,0.00019814068218693137
DQN,125,mid,1166,2166,0.06856872320175172,2.0,2.0,0.661002516746521,0.0002855901839211583
DQN,125,mid,1167,2167,0.24750961542129518,2.0,2.0,0.8609214425086975,0.0003158661929774098
DQN,125,mid,1168,2168,0.14992411613464357,2.0,2.0,0.5337678790092468,0.0003693917387863621
DQN,125,mid,1169,2169,0.16000773191452028,2.0,2.0,0.4313836097717285,0.0002181206873501651
DQN,125,mid,1170,2170,0.09000000000000001,1.0,1.0,0.40839728713035583,0.0004033191944472492
DQN,125,mid,1171,2171,0.4101120352745056,5.0,3.0,0.4317571520805359,0.00022562257072422653
DQN,125,mid,1172,2172,0.09000000000000001,1.0,1.0,0.1456853598356247,0.0003493012336548418
DQN,125,mid,1173,2173,0.20599825859069826,2.0,2.0,0.7604407072067261,0.00023018317006062716
DQN,125,mid,1174,2174,0.09000000000000001,1.0,1.0,0.6929827332496643,0.00015225264360196888
DQN,125,mid,1175,2175,0.12781638622283936,3.0,3.0,0.865532398223877,0.00014012171110759178
DQN,125,mid,1176,2176,0.23193814039230348,2.0,2.0,0.611236035823822,0.00023668752692174166
DQN,125,mid,1177,2177,0.09000000000000001,1.0,1.0,0.3454972803592682,0.00016804283950477839
DQN,125,mid,1178,2178,0.11543388843536379,2.0,2.0,0.6324495077133179,0.0005456125072669238
DQN,125,mid,1179,2179,0.22646267890930177,2.0,2.0,0.7290331125259399,0.00018892738444264978
DQN,125,mid,1180,2180,0.1381077539920807,3.0,3.0,0.32229718565940857,0.0003277734892132382
DQN,125,mid,1181,2181,0.0916337835788727,2.0,2.0,0.22490160167217255,0.0003980273468187079
DQN,125,mid,1182,2182,-0.23190407037734984,8.0,3.0,0.9254509806632996,0.00025505441408313345
DQN,125,mid,1183,2183,0.06584007263183596,3.0,3.0,0.4860115647315979,0.0003467927211507534
DQN,125,mid,1184,2184,0.09000000000000001,1.0,1.0,0.3861483037471771,0.00014297696179710329
DQN,125,mid,1185,2185,-0.08299879789352417,6.0,3.0,0.7840431332588196,0.00023783268503999958
DQN,125,mid,1186,2186,0.038154037594795236,2.0,2.0,0.18585824966430664,0.0002980556309921667
DQN,125,mid,1187,2187,-0.23271330595016482,10.0,2.0,0.43281298875808716,0.00021546902717091144
DQN,125,mid,1188,2188,0.08876551866531374,2.0,2.0,0.5980604887008667,0.00025645965069998056
DQN,125,mid,1189,2189,0.09000000000000001,1.0,1.0,0.908341109752655,0.00012287225399632007
DQN,125,mid,1190,2190,0.09000000000000001,1.0,1.0,0.3257480263710022,0.00010930858843494207
DQN,125,mid,1191,2191,0.027665587067604074,2.0,2.0,0.2787623703479767,0.00021780435781693086
DQN,125,mid,1192,2192,-0.01335410594940184,2.0,2.0,0.4645442068576813,0.00015833728684810922
DQN,125,mid,1193,2193,0.09000000000000001,1.0,1.0,0.11555706709623337,0.00029697216814383864
DQN,125,mid,1194,2194,0.05280120849609376,2.0,2.0,0.6807981133460999,0.00017440106603316963
DQN,125,mid,1195,2195,0.06852390050888063,2.0,2.0,0.6920449137687683,0.0002766661054920405
DQN,125,mid,1196,2196,0.1257091236114502,3.0,3.0,0.5722479224205017,0.00015353393973782659
DQN,125,mid,1197,2197,0.13347609519958498,2.0,2.0,0.9869328737258911,0.0003319669485790655
DQN,125,mid,1198,2198,-0.10418234586715698,2.0,2.0,1.059159755706787,0.00027037214749725536
DQN,125,mid,1199,2199,0.09000000000000001,1.0,1.0,0.4281059801578522,0.00016414865967817605
DQN,125,mid,1200,2200,0.028974549770355233,2.0,2.0,0.5414077043533325,0.0002610291267046705
DQN,125,mid,1201,2201,0.27140206813812257,3.0,3.0,0.757221519947052,0.00016500923569158962
DQN,125,mid,1202,2202,0.09000000000000001,1.0,1.0,0.5391077399253845,0.00026614160742610693
DQN,125,mid,1203,2203,0.26520580768585206,3.0,3.0,0.8245915174484253,0.0001744655358682697
DQN,125,mid,1204,2204,0.08296577811241151,2.0,2.0,0.3757978081703186,0.00023441025405190885
DQN,125,mid,1205,2205,0.15570533990859986,3.0,3.0,0.7753077149391174,0.0001785529360252743
DQN,125,mid,1206,2206,0.09000000000000001,1.0,1.0,0.09458660334348679,0.0001998221705434844
DQN,125,mid,1207,2207,0.09000000000000001,1.0,1.0,0.1497032195329666,0.00012358299863990396
DQN,125,mid,1208,2208,-0.10406589031219483,7.0,4.0,1.003196358680725,0.00014987746960416968
DQN,125,mid,1209,2209,0.09000000000000001,1.0,1.0,0.0807216614484787,0.0001296314294449985
DQN,125,mid,1210,2210,-0.05028326630592346,2.0,2.0,0.38404279947280884,0.00011349106716807
DQN,125,mid,1211,2211,0.09000000000000001,1.0,1.0,0.46720561385154724,0.0001263033045688644
DQN,125,mid,1212,2212,0.16767335653305054,3.0,3.0,0.6417519450187683,0.0002607546897100595
DQN,125,mid,1213,2213,0.07912863016128541,3.0,3.0,0.5344496369361877,0.00016683477830762664
DQN,125,mid,1214,2214,0.3713436269760132,6.0,3.0,0.9125152826309204,0.00019285971454034248
DQN,125,mid,1215,2215,-0.4461050033569336,10.0,3.0,1.3642845153808594,0.00016570599109400064
DQN,125,mid,1216,2216,0.0339224910736084,4.0,4.0,0.6141496300697327,0.0002090455855068285
DQN,125,mid,1217,2217,0.09000000000000001,1.0,1.0,0.2768033444881439,0.00014713082055095583
DQN,125,mid,1218,2218,0.2339915204048157,2.0,2.0,0.7458558678627014,0.00025932181597454473
DQN,125,mid,1219,2219,1.6696453094489083e-05,3.0,3.0,0.6303740739822388,0.00017164028637732068
DQN,125,mid,1220,2220,0.14166118383407594,2.0,2.0,0.9331994652748108,0.00021497017587535083
DQN,125,mid,1221,2221,0.3168796169757843,2.0,2.0,0.45217952132225037,0.00014316935630631633
DQN,125,mid,1222,2222,0.32349175930023194,3.0,3.0,0.7762316465377808,0.00017632898622347662
DQN,125,mid,1223,2223,0.06960185050964357,2.0,2.0,0.8067994713783264,0.00017128352192230523
DQN,125,mid,1224,2224,0.26518375396728516,3.0,3.0,0.8590317964553833,0.00020322995017825937
DQN,125,mid,1225,2225,0.2064225244522095,2.0,2.0,0.6035507321357727,0.00025903142523020506
DQN,125,mid,1226,2226,0.08292015075683595,2.0,2.0,0.38199275732040405,0.00018414814257994294
DQN,125,mid,1227,2227,0.09000000000000001,1.0,1.0,0.15107659995555878,8.953450014814734e-05
DQN,125,mid,1228,2228,0.09000000000000001,1.0,1.0,0.5500878095626831,0.0002456075744703412
DQN,125,mid,1229,2229,0.09000000000000001,1.0,1.0,0.17390334606170654,0.00028421622118912637
DQN,125,mid,1230,2230,0.06244720697402955,2.0,2.0,0.8061432242393494,0.00014533130160998553
DQN,125,mid,1231,2231,0.2186520266532898,2.0,2.0,0.29931947588920593,0.00022252472990658134
DQN,125,mid,1232,2232,0.09000000000000001,1.0,1.0,0.09513617306947708,0.00017586952890269458
DQN,125,mid,1233,2233,0.059284703731536874,2.0,2.0,0.31071701645851135,0.00016133485405589454
DQN,125,mid,1234,2234,0.05035675525665284,4.0,3.0,0.681260883808136,0.00023573709768243134
DQN,125,mid,1235,2235,0.1131215262413025,2.0,2.0,0.9266241788864136,0.00022589090076508
DQN,125,mid,1236,2236,0.08236093997955324,2.0,2.0,0.5862565636634827,0.0004950045404257253
DQN,125,mid,1237,2237,0.08255113840103151,2.0,2.0,0.9155617952346802,0.0002598221763037145
DQN,125,mid,1238,2238,0.023373891115188603,3.0,2.0,0.47479814291000366,0.00035352070699445903
DQN,125,mid,1239,2239,0.09000000000000001,1.0,1.0,0.11537645012140274,0.0002923153806477785
DQN,125,mid,1240,2240,0.22262485504150392,2.0,2.0,0.5566927194595337,0.00019685325969476253
DQN,125,mid,1241,2241,0.2316019606590271,3.0,3.0,0.9890032410621643,0.00032729943147084367
DQN,125,mid,1242,2242,0.09000000000000001,1.0,1.0,0.3527008891105652,0.00034744557342492044
DQN,125,mid,1243,2243,-0.18995730876922606,5.0,3.0,1.1592475175857544,0.0002718562813242897
DQN,125,mid,1244,2244,0.104091055393219,3.0,3.0,0.6402815580368042,0.00018320711387787014
DQN,125,mid,1245,2245,0.09000000000000001,1.0,1.0,0.9171138405799866,0.0002023587585426867
DQN,125,mid,1246,2246,0.2538335990905762,3.0,3.0,0.7985759377479553,0.0002449379244353622
DQN,125,mid,1247,2247,0.07920736998319627,2.0,2.0,0.10293091833591461,0.0001691673751338385
DQN,125,mid,1248,2248,-0.02456205368041993,3.0,3.0,0.6847231984138489,0.0001657136162975803
DQN,125,mid,1249,2249,-0.026655974388122547,4.0,4.0,0.6452876925468445,0.00019443148266873322
DQN,125,mid,1250,2250,0.09000000000000001,1.0,1.0,0.6897844076156616,0.00010789651423692703
DQN,125,mid,1251,2251,0.2597961497306824,3.0,3.0,0.7004319429397583,0.0002683123020688072
DQN,125,mid,1252,2252,0.1615647006034851,7.0,5.0,0.8241072297096252,0.0002286825724045879
DQN,125,mid,1253,2253,-0.015342812538146969,3.0,2.0,0.8403939604759216,0.000349269558986028
DQN,125,mid,1254,2254,0.1350338625907898,2.0,2.0,0.7566410899162292,0.0001682508154772222
DQN,125,mid,1255,2255,0.09000000000000001,1.0,1.0,0.11704577505588531,0.0003033888933714479
DQN,125,mid,1256,2256,0.09000000000000001,1.0,1.0,0.5201729536056519,0.00027704727835953236
DQN,125,mid,1257,2257,0.07766329467296601,3.0,3.0,0.2268909215927124,0.00027833164494950324
DQN,125,mid,1258,2258,0.16723700046539308,2.0,2.0,0.6283552050590515,0.00028116694738855585
DQN,125,mid,1259,2259,0.07563985347747804,4.0,3.0,1.1311132907867432,0.00023927105212351307
DQN,125,mid,1260,2260,0.09000000000000001,1.0,1.0,0.14577631652355194,0.00016115501057356596
DQN,125,mid,1261,2261,0.09000000000000001,1.0,1.0,0.18705694377422333,0.00046966265654191375
DQN,125,mid,1262,2262,0.22374786615371706,2.0,2.0,0.5421422123908997,0.00022739886480849236
DQN,125,mid,1263,2263,0.16615129232406617,3.0,3.0,0.6623144745826721,0.000241293009215345
DQN,125,mid,1264,2264,-0.4959993839263916,10.0,2.0,0.7367652058601379,0.00019802555761998518
DQN,125,mid,1265,2265,0.12578626155853273,2.0,2.0,0.8036113977432251,0.00020756041340064257
DQN,125,mid,1266,2266,0.09872968673706056,2.0,2.0,0.8107793927192688,0.00014717270096298307
DQN,125,mid,1267,2267,0.23754866600036623,2.0,2.0,0.7980925440788269,0.00022969885321799666
DQN,125,mid,1268,2268,-0.10446243762969971,3.0,3.0,0.8917256593704224,0.0001731345255393535
DQN,125,mid,1269,2269,0.11373825550079347,2.0,2.0,0.5972221493721008,0.00030904856976121664
DQN,125,mid,1270,2270,0.09000000000000001,1.0,1.0,0.20258665084838867,0.00018800422549247742
DQN,125,mid,1271,2271,0.05932617902755739,3.0,3.0,0.5900554060935974,0.00023811691789887846
DQN,125,mid,1272,2272,0.1690370512008667,3.0,3.0,1.0549290180206299,0.0002259233151562512
DQN,125,mid,1273,2273,0.0860117617249489,2.0,2.0,0.12496567517518997,0.00017058847879525274
DQN,125,mid,1274,2274,0.04046446323394775,6.0,4.0,0.43932193517684937,0.0002079002830820779
DQN,125,mid,1275,2275,0.12808863997459413,2.0,2.0,0.3309710919857025,0.00024536567798350006
DQN,125,mid,1276,2276,0.11870480298995972,3.0,3.0,0.7061519622802734,0.0002251943078590557
DQN,125,mid,1277,2277,0.0361419415473938,4.0,3.0,0.6340351104736328,0.0002032287411566358
DQN,125,mid,1278,2278,0.09370012760162355,2.0,2.0,0.4341098964214325,0.0002842231479007751
DQN,125,mid,1279,2279,0.09000000000000001,1.0,1.0,0.34630391001701355,0.0003467384958639741
DQN,125,mid,1280,2280,0.09000000000000001,1.0,1.0,0.2207046002149582,0.00018076949345413595
DQN,125,mid,1281,2281,0.09000000000000001,1.0,1.0,0.15054497122764587,0.00014563398144673556
DQN,125,mid,1282,2282,0.16994755148887636,2.0,2.0,0.41878077387809753,0.00017541890701977536
DQN,125,mid,1283,2283,-0.006353669166564921,3.0,3.0,0.30619993805885315,0.0001592862633212159
DQN,125,mid,1284,2284,-0.06861929416656494,2.0,2.0,0.3108736574649811,0.00026204560708720237
DQN,125,mid,1285,2285,0.09000000000000001,1.0,1.0,0.6171918511390686,0.0004149845626670867
DQN,125,mid,1286,2286,0.09000000000000001,1.0,1.0,0.4472392201423645,0.00012702324602287263
DQN,125,mid,1287,2287,0.22355176687240602,2.0,2.0,0.6791386008262634,0.00020560385019052774
DQN,125,mid,1288,2288,-0.0908484834432602,3.0,3.0,0.36528071761131287,0.00027647402021102607
DQN,125,mid,1289,2289,0.09000000000000001,1.0,1.0,0.3797328770160675,0.00021004870359320194
DQN,125,mid,1290,2290,0.09000000000000001,1.0,1.0,0.7186336517333984,0.00015021322178654373
DQN,125,mid,1291,2291,-0.10252056837081909,7.0,3.0,0.60081946849823,0.00025230334098783454
DQN,125,mid,1292,2292,0.2429050374031067,2.0,2.0,0.9941087365150452,0.00017370817658957094
DQN,125,mid,1293,2293,0.15075995445251467,3.0,2.0,0.6486364006996155,0.00029668268204356235
DQN,125,mid,1294,2294,0.07885807931423189,2.0,2.0,0.12377119809389114,0.00030898132536094636
DQN,125,mid,1295,2295,0.1494112777709961,2.0,2.0,0.8314934372901917,0.00015103834448382258
DQN,125,mid,1296,2296,0.1433006000518799,3.0,3.0,0.8389330506324768,0.0003038051218027249
DQN,125,mid,1297,2297,0.25087221145629884,2.0,2.0,0.9438410997390747,0.00016928268451010808
DQN,125,mid,1298,2298,0.07252368509769441,2.0,2.0,0.21739837527275085,0.00022070537670515478
DQN,125,mid,1299,2299,0.5173080039024353,3.0,3.0,0.7863461375236511,0.00014352677195953825
DQN,125,mid,1300,2300,0.09000000000000001,1.0,1.0,0.16795971989631653,0.0003321167023386806
DQN,125,mid,1301,2301,0.06531913995742798,3.0,2.0,0.5549529194831848,0.0002530515072673249
DQN,125,mid,1302,2302,0.3316425156593323,3.0,3.0,0.8237215876579285,0.00025533270672895014
DQN,125,mid,1303,2303,0.04785056829452515,3.0,2.0,0.707793653011322,0.0001393987137513856
DQN,125,mid,1304,2304,0.08627127289772035,2.0,2.0,0.4911949932575226,0.00013731716899201274
DQN,125,mid,1305,2305,0.09000000000000001,1.0,1.0,0.20470251142978668,0.0003972278209403157
DQN,125,mid,1306,2306,0.17795176029205323,3.0,3.0,0.5367682576179504,0.0001513540919404477
DQN,125,mid,1307,2307,0.09000000000000001,1.0,1.0,0.2265491634607315,0.00017280623433180153
DQN,125,mid,1308,2308,-0.09744786500930784,3.0,3.0,0.7200886011123657,0.00013624327645326653
DQN,125,mid,1309,2309,0.21611817359924318,2.0,2.0,1.039920687675476,0.00028823508182540536
DQN,125,mid,1310,2310,0.04990332007408143,2.0,2.0,0.20433096587657928,0.00017898336955113336
DQN,125,mid,1311,2311,0.09000000000000001,1.0,1.0,0.1769794225692749,0.00012114302080590278
DQN,125,mid,1312,2312,0.13734750628471376,2.0,2.0,0.48252102732658386,0.000172266700246837
DQN,125,mid,1313,2313,0.03125274360179902,2.0,2.0,0.21438901126384735,0.00016746027540648356
DQN,125,mid,1314,2314,0.09000000000000001,1.0,1.0,0.2061219960451126,0.00026240388979204
DQN,125,mid,1315,2315,0.05357684373855592,2.0,2.0,0.4048006534576416,0.00020041500101797283
DQN,125,mid,1316,2316,-0.07738717675209046,3.0,3.0,0.5563761591911316,0.00023056292169106504
DQN,125,mid,1317,2317,0.09000000000000001,1.0,1.0,0.29490014910697937,0.0003005793259944767
DQN,125,mid,1318,2318,0.18980218648910524,2.0,2.0,0.9969503283500671,0.00028781088622054085
DQN,125,mid,1319,2319,0.23394610166549684,7.0,3.0,0.5438982844352722,0.00022034293111313933
DQN,125,mid,1320,2320,0.19910754442214967,2.0,2.0,0.6277514100074768,0.0001804645944503136
DQN,125,mid,1321,2321,0.12306375980377199,2.0,2.0,0.9318079948425293,0.00026658484421204776
DQN,125,mid,1322,2322,-0.2734280824661255,10.0,3.0,0.8553873300552368,0.00022125438117654995
DQN,125,mid,1323,2323,0.09000000000000001,1.0,1.0,0.595694899559021,0.0001351073442492634
DQN,125,mid,1324,2324,0.07138006567955019,2.0,2.0,0.2912195324897766,0.00033260128111578524
DQN,125,mid,1325,2325,0.12808863997459413,2.0,2.0,0.3309710919857025,0.00019550850993255153
DQN,125,mid,1326,2326,0.40705058693885804,3.0,3.0,0.46596911549568176,0.0003251823751876752
DQN,125,mid,1327,2327,0.14852434158325198,4.0,4.0,0.9056628942489624,0.00032846274916664697
DQN,125,mid,1328,2328,0.0764542293548584,3.0,3.0,1.273086428642273,0.00017023304098984227
DQN,125,mid,1329,2329,0.2931051325798035,3.0,3.0,0.660618782043457,0.00016279696622708192
DQN,125,mid,1330,2330,0.14437020540237427,3.0,3.0,0.6623201966285706,0.00023126245650928468
DQN,125,mid,1331,2331,0.13907303094863893,2.0,2.0,0.7943135499954224,0.00019736883405130357
DQN,125,mid,1332,2332,0.18643153429031373,3.0,3.0,0.6096308827400208,0.00018145118277364722
DQN,125,mid,1333,2333,-0.028892867565155037,3.0,3.0,0.617244303226471,0.00019812754908343777
DQN,125,mid,1334,2334,0.03043085515499116,2.0,2.0,0.27030348777770996,0.00015343486302299425
DQN,125,mid,1335,2335,0.1942716407775879,2.0,2.0,0.5944610834121704,0.00018267136329086497
DQN,125,mid,1336,2336,0.09000000000000001,1.0,1.0,0.2850337326526642,0.00024042111181188375
DQN,125,mid,1337,2337,-0.0869872796535492,3.0,3.0,0.6122199296951294,0.0001797438938713943
DQN,125,mid,1338,2338,0.11025340080261231,3.0,3.0,0.5044309496879578,0.0003147817575760807
DQN,125,mid,1339,2339,-0.028640789985656723,2.0,2.0,1.3810272216796875,0.00028174272301839665
DQN,125,mid,1340,2340,0.20444173336029053,3.0,3.0,0.7023220658302307,0.00028670231404248625
DQN,125,mid,1341,2341,0.0783886480331421,2.0,2.0,0.24630507826805115,0.00017299244063906372
DQN,125,mid,1342,2342,0.06410367965698244,2.0,2.0,0.9786361455917358,0.00021251448924886063
DQN,125,mid,1343,2343,0.22591416716575624,2.0,2.0,0.4275214374065399,0.00021225435193628073
DQN,125,mid,1344,2344,-0.4497742533683777,10.0,2.0,0.7182565331459045,0.00021711950685130433
DQN,125,mid,1345,2345,-0.021400732994079574,2.0,2.0,0.366925984621048,0.00022803876345278695
DQN,125,mid,1346,2346,0.16048152923583986,2.0,2.0,0.8607315421104431,0.0002245145951746963
DQN,125,mid,1347,2347,0.16592385053634645,2.0,2.0,0.7601110339164734,0.00022703258582623675
DQN,125,mid,1348,2348,0.10821415662765504,2.0,2.0,0.6029662489891052,0.00021096532873343676
DQN,125,mid,1349,2349,0.20523299455642702,2.0,2.0,0.6589005589485168,0.00028302002465352416
DQN,125,mid,1350,2350,0.05639518022537232,3.0,3.0,0.8907495737075806,0.0002331889021055152
DQN,125,mid,1351,2351,0.11468769788742067,2.0,2.0,0.8173027038574219,0.00017412864690413699
DQN,125,mid,1352,2352,0.09154357194900514,2.0,2.0,0.6958332657814026,0.0002849975280696526
DQN,125,mid,1353,2353,0.01856704711914063,4.0,2.0,0.7510871291160583,0.00021370544709498063
DQN,125,mid,1354,2354,0.10115175127983095,2.0,2.0,0.32093772292137146,0.0002356404802412726
DQN,125,mid,1355,2355,0.09000000000000001,1.0,1.0,0.12485764920711517,0.0003204067761544138
DQN,125,mid,1356,2356,0.1197583842277527,2.0,2.0,0.38706186413764954,0.0001921831317304168
DQN,125,mid,1357,2357,0.11808629512786867,2.0,2.0,0.30316847562789917,0.0001944539908436127
DQN,125,mid,1358,2358,0.2081009912490845,2.0,2.0,1.0016403198242188,0.00021071739320177585
DQN,125,mid,1359,2359,0.09000000000000001,1.0,1.0,0.06746545433998108,0.00030622247140854597
DQN,125,mid,1360,2360,-0.018453501462936395,3.0,3.0,0.38902759552001953,0.00017066424819252765
DQN,125,mid,1361,2361,0.3144067716598511,8.0,8.0,1.008317232131958,0.000202545952561195
DQN,125,mid,1362,2362,0.23879040956497194,2.0,2.0,0.7339528203010559,0.0001526952619315125
DQN,125,mid,1363,2363,0.09000000000000001,1.0,1.0,0.2554984986782074,0.00019272307690698653
DQN,125,mid,1364,2364,0.09000000000000001,1.0,1.0,0.5525079369544983,0.00023111638438422233
DQN,125,mid,1365,2365,0.29602827310562135,2.0,2.0,0.7171700596809387,0.00013709709310205653
DQN,125,mid,1366,2366,0.09000000000000001,1.0,1.0,0.0997481718659401,0.00021635371376760304
DQN,125,mid,1367,2367,-0.07806377887725831,3.0,3.0,0.8917730450630188,0.000246348834480159
DQN,125,mid,1368,2368,0.016988564729690556,3.0,2.0,0.39554670453071594,0.00015026380909451595
DQN,125,mid,1369,2369,0.013213114738464371,2.0,2.0,0.6858622431755066,0.00020334769214969128
DQN,125,mid,1370,2370,0.09000000000000001,1.0,1.0,0.16207829117774963,0.0001449791743652895
DQN,125,mid,1371,2371,0.08718556880950928,3.0,3.0,0.6745288968086243,0.0002560977566948471
DQN,125,mid,1372,2372,0.19883771419525148,2.0,2.0,0.8186109662055969,0.0001799697711248882
DQN,125,mid,1373,2373,0.09000000000000001,1.0,1.0,0.7955254316329956,0.0003789503825828433
DQN,125,mid,1374,2374,0.1943601441383362,3.0,3.0,0.94805508852005,0.00022713472329390547
DQN,125,mid,1375,2375,0.12527419805526735,2.0,2.0,0.610219419002533,0.00011980161798419431
DQN,125,mid,1376,2376,0.30325581312179567,2.0,2.0,0.8025093674659729,0.0002716568415053189
DQN,125,mid,1377,2377,0.09000000000000001,1.0,1.0,0.2409876435995102,0.0001215264928760007
DQN,125,mid,1378,2378,0.09000000000000001,1.0,1.0,0.18530286848545074,0.00013548883725889027
DQN,125,mid,1379,2379,-0.05833540916442871,6.0,3.0,0.3353476822376251,0.00020452492511443174
DQN,125,mid,1380,2380,-0.008826999068260177,2.0,2.0,0.30854183435440063,0.00016974291065707803
DQN,125,mid,1381,2381,0.1769808602333069,3.0,3.0,0.7332166433334351,0.000226705635820205
DQN,125,mid,1382,2382,0.2082142996788025,2.0,2.0,0.6401863098144531,0.0003407265612622723
DQN,125,mid,1383,2383,0.12161911249160767,3.0,3.0,0.7797526717185974,0.00018649403258071592
DQN,125,mid,1384,2384,0.12035907983779909,2.0,2.0,0.5253309011459351,0.0003212293522665277
DQN,125,mid,1385,2385,0.18435700416564943,2.0,2.0,0.9617933034896851,0.0001658528344705701
DQN,125,mid,1386,2386,0.08383573293685914,5.0,3.0,0.7039884924888611,0.00017538504616823047
DQN,125,mid,1387,2387,0.09193100214004518,2.0,2.0,0.7631307244300842,0.000344438711181283
DQN,125,mid,1388,2388,0.07049957096576692,2.0,2.0,0.19328050315380096,0.00019674384384416044
DQN,125,mid,1389,2389,0.09000000000000001,1.0,1.0,0.17597101628780365,0.00021260083303786814
DQN,125,mid,1390,2390,0.08556800842285157,4.0,4.0,0.671114981174469,0.0001524191684438847
DQN,125,mid,1391,2391,0.18335659980773927,2.0,2.0,0.7665353417396545,0.00022741772409062833
DQN,125,mid,1392,2392,-0.05709986954927444,2.0,2.0,0.22404339909553528,0.00017143419972853735
DQN,125,mid,1393,2393,0.26844276666641237,2.0,2.0,0.516567051410675,0.00026131987397093326
DQN,125,mid,1394,2394,0.25965070724487305,5.0,4.0,0.7537165880203247,0.00020647815545089544
DQN,125,mid,1395,2395,-0.5350553274154664,10.0,2.0,0.9896183013916016,0.00026594123773975297
DQN,125,mid,1396,2396,0.17833227634429932,3.0,3.0,0.6732988953590393,0.00025599432895736146
DQN,125,mid,1397,2397,0.09000000000000001,1.0,1.0,0.0770946815609932,0.00040222861571237445
DQN,125,mid,1398,2398,0.09000000000000001,1.0,1.0,0.2148306518793106,0.00022288896434474736
DQN,125,mid,1399,2399,0.09000000000000001,1.0,1.0,0.22986307740211487,0.000252244237344712
DQN,125,mid,1400,2400,0.08875681638717653,2.0,2.0,0.5726481676101685,0.00020624679018510506
DQN,125,mid,1401,2401,0.09000000000000001,1.0,1.0,0.2976524531841278,0.0003208066918887198
DQN,125,mid,1402,2402,0.09000000000000001,1.0,1.0,0.28432419896125793,0.00020119556575082242
DQN,125,mid,1403,2403,0.10865766525268555,3.0,3.0,0.40691351890563965,0.00022906098456587642
DQN,125,mid,1404,2404,0.0942074227333069,2.0,2.0,0.9460662007331848,0.00014446132990997285
DQN,125,mid,1405,2405,0.03077647268772126,2.0,2.0,0.2234726995229721,0.0002371490263612941
DQN,125,mid,1406,2406,0.07008971452713014,2.0,2.0,0.5545373558998108,0.0001773148396750912
DQN,125,mid,1407,2407,0.09000000000000001,1.0,1.0,0.26688152551651,0.00025465767248533666
DQN,125,mid,1408,2408,0.28618887782096863,3.0,3.0,0.44318434596061707,0.00033857981907203794
DQN,125,mid,1409,2409,0.3431834149360657,2.0,2.0,0.6276057362556458,0.00022454159625340253
DQN,125,mid,1410,2410,0.09000000000000001,1.0,1.0,0.5685150027275085,0.00010619729437166825
DQN,125,mid,1411,2411,0.14101876497268678,2.0,2.0,0.2551150619983673,0.00015810485638212413
DQN,125,mid,1412,2412,0.3531863760948181,3.0,3.0,0.8444533944129944,0.00030575057220024365
DQN,125,mid,1413,2413,0.13368274450302126,2.0,2.0,0.294403612613678,0.00029382636421360075
DQN,125,mid,1414,2414,0.16020973205566408,2.0,2.0,0.7043001055717468,0.00029228252969915047
DQN,125,mid,1415,2415,0.09000000000000001,1.0,1.0,0.7083970904350281,0.00014911738981027156
DQN,125,mid,1416,2416,0.08836658477783205,2.0,2.0,0.345499724149704,0.00025017761799972504
DQN,125,mid,1417,2417,0.09000000000000001,1.0,1.0,0.12169929593801498,0.0001961159287020564
DQN,125,mid,1418,2418,0.09000000000000001,1.0,1.0,0.24937932193279266,0.00012963490735273808
DQN,125,mid,1419,2419,0.0630155596137047,2.0,2.0,0.08598943054676056,0.00013459632464218885
DQN,125,mid,1420,2420,-0.043876014947891215,3.0,3.0,0.273175984621048,0.00025744243369748193
DQN,125,mid,1421,2421,0.03909028291702271,3.0,3.0,0.607895016670227,0.0002838309107270713
DQN,125,mid,1422,2422,0.1642769742012024,2.0,2.0,0.802910327911377,0.00022587394778383896
DQN,125,mid,1423,2423,0.09000000000000001,1.0,1.0,0.1428150236606598,0.00014290327089838684
DQN,125,mid,1424,2424,0.09000000000000001,1.0,1.0,0.08569423109292984,0.00034568391856737435
DQN,125,mid,1425,2425,0.16313751220703127,2.0,2.0,0.40954774618148804,0.00030866320594213903
DQN,125,mid,1426,2426,0.11576850891113283,2.0,2.0,0.5938106179237366,0.0002503016439732164
DQN,125,mid,1427,2427,0.08781378149986269,2.0,2.0,0.33196789026260376,0.00026134622748941183
DQN,125,mid,1428,2428,0.09000000000000001,1.0,1.0,0.35988911986351013,0.00016848644008859992
DQN,125,mid,1429,2429,0.03294538140296937,2.0,2.0,0.2843891382217407,0.0003049921215279028
DQN,125,mid,1430,2430,0.2734952735900879,2.0,2.0,1.2157846689224243,0.00023153884103521705
DQN,125,mid,1431,2431,0.2238424587249756,2.0,2.0,0.8256575465202332,0.00021321468375390396
DQN,125,mid,1432,2432,0.0690631639957428,3.0,3.0,0.4433816969394684,0.00022523579294405258
DQN,125,mid,1433,2433,0.15884764671325685,2.0,2.0,1.0892258882522583,0.00019040443294215947
DQN,125,mid,1434,2434,-0.005434136390686031,3.0,2.0,0.24642519652843475,0.0002746217214735225
DQN,125,mid,1435,2435,0.22303219318389894,2.0,2.0,0.6034579277038574,0.0003316497022751719
DQN,125,mid,1436,2436,-0.014480762481689433,3.0,3.0,0.6057775616645813,0.00022356405679602176
DQN,125,mid,1437,2437,0.09314449310302736,2.0,2.0,0.45901283621788025,0.0002878755913116038
DQN,125,mid,1438,2438,0.09000000000000001,1.0,1.0,0.15469443798065186,0.000374187104171142
DQN,125,mid,1439,2439,0.1732005047798157,2.0,2.0,0.6578002572059631,0.0003322207630844787
DQN,125,mid,1440,2440,0.2667889761924744,2.0,2.0,0.7857388854026794,0.00015034575335448608
DQN,125,mid,1441,2441,0.20762415409088136,2.0,2.0,0.22951266169548035,0.00019931991846533492
DQN,125,mid,1442,2442,-0.02117357969284056,2.0,2.0,0.6525696516036987,0.00011782464207499288
DQN,125,mid,1443,2443,0.08575058698654175,3.0,3.0,0.4466346204280853,0.00023357724421657622
DQN,125,mid,1444,2444,0.09000000000000001,1.0,1.0,0.127379909157753,0.00023508589947596192
DQN,125,mid,1445,2445,0.09000000000000001,1.0,1.0,0.7318195104598999,0.00016257219249382615
DQN,125,mid,1446,2446,0.12586631059646608,2.0,2.0,0.32237932085990906,0.0004453077999642119
DQN,125,mid,1447,2447,0.09000000000000001,1.0,1.0,0.5421972870826721,0.00010512181324884295
DQN,125,mid,1448,2448,0.09000000000000001,1.0,1.0,0.5847482085227966,0.00017469901649747044
DQN,125,mid,1449,2449,0.05136262059211732,2.0,2.0,0.48545342683792114,0.00019001808686880395
DQN,125,mid,1450,2450,0.09000000000000001,1.0,1.0,0.7489072680473328,0.000178070884430781
DQN,125,mid,1451,2451,-0.5488697290420532,10.0,3.0,1.052916169166565,0.00022794567776145412
DQN,125,mid,1452,2452,0.059169845581054696,2.0,2.0,0.3113793432712555,0.00011437087596277706
DQN,125,mid,1453,2453,0.121992723941803,2.0,2.0,0.8356407880783081,0.0002940715348813683
DQN,125,mid,1454,2454,-0.03896384716033936,3.0,3.0,0.8597912192344666,0.0001455514672367523
DQN,125,mid,1455,2455,0.047429797649383564,4.0,4.0,0.7639800310134888,0.0002583531750133261
DQN,125,mid,1456,2456,0.022840218544006363,2.0,2.0,0.5670292973518372,0.00021283516980474815
DQN,125,mid,1457,2457,0.09000000000000001,1.0,1.0,0.8450790047645569,0.00016325770411640406
DQN,125,mid,1458,2458,0.09000000000000001,1.0,1.0,0.26986178755760193,0.0001349282101728022
DQN,125,mid,1459,2459,0.09000000000000001,1.0,1.0,0.1948666125535965,0.00016313222295138985
DQN,125,mid,1460,2460,0.09318036556243897,3.0,3.0,0.7751211524009705,0.00031034828862175345
DQN,125,mid,1461,2461,0.17439062118530274,3.0,3.0,0.8117098808288574,0.0002508325390711737
DQN,125,mid,1462,2462,0.15227079391479492,5.0,4.0,1.0173923969268799,0.00015525972121395172
DQN,125,mid,1463,2463,0.0239990669488907,2.0,2.0,0.16326096653938293,0.00028935841692145914
DQN,125,mid,1464,2464,0.09000000000000001,1.0,1.0,0.5304121375083923,0.00016324661555700004
DQN,125,mid,1465,2465,0.1069961190223694,5.0,4.0,0.960282027721405,0.00016638499218970537
DQN,125,mid,1466,2466,0.09000000000000001,1.0,1.0,0.2076239138841629,0.0001637294772081077
DQN,125,mid,1467,2467,0.3023109436035156,5.0,4.0,0.6131449937820435,0.00020733822020702064
DQN,125,mid,1468,2468,0.16108907938003542,2.0,2.0,0.2813222110271454,0.0001997604631469585
DQN,125,mid,1469,2469,-0.03935312509536741,3.0,3.0,0.5106035470962524,0.00020844884177980325
DQN,125,mid,1470,2470,0.09000000000000001,1.0,1.0,0.2438507378101349,0.0003037967544514686
DQN,125,mid,1471,2471,0.16293765783309938,2.0,2.0,0.760614275932312,0.00021581801411230117
DQN,125,mid,1472,2472,-0.06375657796859739,3.0,3.0,0.7921286225318909,0.00017961089421684542
DQN,125,mid,1473,2473,0.1360872554779053,2.0,2.0,0.6338136792182922,0.00026129944308195263
DQN,125,mid,1474,2474,0.3099226427078247,3.0,3.0,0.7484255433082581,0.0002780689295226087
DQN,125,mid,1475,2475,0.09000000000000001,1.0,1.0,0.331325501203537,0.00024129863595589995
DQN,125,mid,1476,2476,0.1054609489440918,3.0,3.0,0.7348637580871582,0.00021689821733161807
DQN,125,mid,1477,2477,0.23723412275314332,3.0,3.0,0.738449215888977,0.00033856417091252905
DQN,125,mid,1478,2478,0.09000000000000001,1.0,1.0,0.22091667354106903,0.00022088389960117638
DQN,125,mid,1479,2479,0.09840128540992737,3.0,3.0,0.18675746023654938,0.0002087335839557151
DQN,125,mid,1480,2480,0.07213168025016786,2.0,2.0,0.3456847667694092,0.00023598689585924149
DQN,125,mid,1481,2481,0.18746014118194582,2.0,2.0,0.4851841330528259,0.00013043762737652287
DQN,125,mid,1482,2482,0.09000000000000001,1.0,1.0,0.24290204048156738,0.00016952274017967284
DQN,125,mid,1483,2483,0.1016113328933716,2.0,2.0,0.968357264995575,0.0002994835449499078
DQN,125,mid,1484,2484,0.09000000000000001,1.0,1.0,0.5123267769813538,0.000148908729897812
DQN,125,mid,1485,2485,-0.3543386101722717,10.0,2.0,0.6929916143417358,0.00018378649474470876
DQN,125,mid,1486,2486,0.09000000000000001,1.0,1.0,0.4106447398662567,0.0002734909066930413
DQN,125,mid,1487,2487,0.4998449754714966,3.0,3.0,0.4162755608558655,0.0001666549530151921
DQN,125,mid,1488,2488,0.2817462778091431,4.0,3.0,0.9551167488098145,0.00025580087458365597
DQN,125,mid,1489,2489,0.311816828250885,2.0,2.0,0.6187565922737122,0.0001663854272919707
DQN,125,mid,1490,2490,0.09000000000000001,1.0,1.0,0.188677117228508,0.000255406106589362
DQN,125,mid,1491,2491,0.09000000000000001,1.0,1.0,0.1469709575176239,0.00016439367027487606
DQN,125,mid,1492,2492,-0.10221415042877195,3.0,3.0,1.0430880784988403,0.00014209106302587315
DQN,125,mid,1493,2493,0.25598801851272585,2.0,2.0,0.8647077679634094,0.00014304879732662812
DQN,125,mid,1494,2494,0.09657029986381532,2.0,2.0,0.2541206479072571,0.0003108331948169507
DQN,125,mid,1495,2495,0.157160120010376,2.0,2.0,0.7018007040023804,0.00012912770398543216
DQN,125,mid,1496,2496,0.09000000000000001,1.0,1.0,0.13697084784507751,0.0004245754680596292
DQN,125,mid,1497,2497,0.13598612129688264,2.0,2.0,0.22291655838489532,0.000204396819754038
DQN,125,mid,1498,2498,0.09000000000000001,1.0,1.0,0.22918784618377686,0.0003028193605132401
DQN,125,mid,1499,2499,0.09000000000000001,1.0,1.0,0.41944247484207153,0.00019283856090623885
DQN,125,mid,1500,2500,0.3614354205131531,3.0,3.0,0.4225648045539856,0.0002958718008206536
DQN,125,mid,1501,2501,0.06620045185089113,2.0,2.0,1.038390874862671,0.0003539412427926436
DQN,125,mid,1502,2502,0.06215087294578553,3.0,3.0,0.27232298254966736,0.00031891328399069607
DQN,125,mid,1503,2503,0.15186526060104372,2.0,2.0,0.727275550365448,0.00038242191658355296
DQN,125,mid,1504,2504,0.09000000000000001,1.0,1.0,0.13528263568878174,0.0002787548000924289
DQN,125,mid,1505,2505,0.09000000000000001,1.0,1.0,0.07583130151033401,0.0003062014002352953
DQN,125,mid,1506,2506,0.1119349765777588,2.0,2.0,0.6172158122062683,0.0004497373156482354
DQN,125,mid,1507,2507,0.047319071292877206,2.0,2.0,0.28783348202705383,0.00022026100486982614
DQN,125,mid,1508,2508,0.014694161415100118,3.0,3.0,0.7600693106651306,0.0002399463701294735
DQN,125,mid,1509,2509,0.23514253616333008,3.0,3.0,0.7158731818199158,0.00019074514905999726
DQN,125,mid,1510,2510,0.25817294597625734,2.0,2.0,0.13968351483345032,0.00022784132306696847
DQN,125,mid,1511,2511,0.06469369888305665,4.0,3.0,1.1634390354156494,0.00019631077884696424
DQN,125,mid,1512,2512,0.09000000000000001,1.0,1.0,0.3670658767223358,0.0003171638527419418
DQN,125,mid,1513,2513,0.09000000000000001,1.0,1.0,0.09028951078653336,0.00013586744898930192
DQN,125,mid,1514,2514,0.28843207836151125,2.0,2.0,1.1000845432281494,0.000233895902056247
DQN,125,mid,1515,2515,0.010772950649261481,3.0,3.0,0.9092388153076172,0.0005405972575924048
DQN,125,mid,1516,2516,0.1367279362678528,3.0,3.0,0.48802995681762695,0.00019275093897401044
DQN,125,mid,1517,2517,-0.0035757923126220476,4.0,3.0,0.3241455852985382,0.00027245483579463325
DQN,125,mid,1518,2518,0.09000000000000001,1.0,1.0,0.08519142866134644,0.00024211054551415145
DQN,125,mid,1519,2519,0.07388936161994936,2.0,2.0,0.26461881399154663,0.00018577140144770965
DQN,125,mid,1520,2520,0.09000000000000001,1.0,1.0,0.21039359271526337,0.00020403538655955344
DQN,125,mid,1521,2521,0.10866768836975099,2.0,2.0,0.1691417396068573,0.00016182278341148049
DQN,125,mid,1522,2522,0.08284790992736818,2.0,2.0,0.587792694568634,0.00013397818474913947
DQN,125,mid,1523,2523,0.08545926928520203,3.0,3.0,0.42179110646247864,0.00020239621517248452
DQN,125,mid,1524,2524,0.2753695118427277,2.0,2.0,0.4962101876735687,0.0001105925184674561
DQN,125,mid,1525,2525,0.09000000000000001,1.0,1.0,0.10486853867769241,0.00018726487178355455
DQN,125,mid,1526,2526,0.1143916416168213,2.0,2.0,0.4108104705810547,0.0001920424765557982
DQN,125,mid,1527,2527,0.13203223228454591,2.0,2.0,0.9814420938491821,0.00021635634948324878
DQN,125,mid,1528,2528,0.09000000000000001,1.0,1.0,0.16712996363639832,0.0001700042193988338
DQN,125,mid,1529,2529,0.043483624458313,4.0,3.0,0.7925422787666321,0.000186978853889741
DQN,125,mid,1530,2530,0.09000000000000001,1.0,1.0,0.27288779616355896,0.00019676258671097457
DQN,125,mid,1531,2531,0.09000000000000001,1.0,1.0,0.7543416023254395,0.0001389534882036969
DQN,125,mid,1532,2532,0.09000000000000001,1.0,1.0,0.12059575319290161,0.0001386598451063037
DQN,125,mid,1533,2533,0.18891610383987428,2.0,2.0,0.6324899792671204,0.000258324493188411
DQN,125,mid,1534,2534,0.10117022871971132,2.0,2.0,0.4896692931652069,0.00027757073985412717
DQN,125,mid,1535,2535,0.32409454345703126,4.0,3.0,1.1875561475753784,0.00016637120279483497
DQN,125,mid,1536,2536,0.04013139724731446,3.0,3.0,0.951742947101593,0.00020197553870578608
DQN,125,mid,1537,2537,0.07045895576477051,3.0,3.0,0.4971557557582855,0.00032957701478153467
DQN,125,mid,1538,2538,-0.1342440235614777,8.0,2.0,0.4320540130138397,0.0002490595306881005
DQN,125,mid,1539,2539,-0.5216380834579468,10.0,2.0,1.039447546005249,0.00022749914642190562
DQN,125,mid,1540,2540,0.09000000000000001,1.0,1.0,0.41372063755989075,0.00018121139146387577
DQN,125,mid,1541,2541,0.13574064493179322,3.0,3.0,0.9302905201911926,0.00021070671209599823
DQN,125,mid,1542,2542,-0.05140209674835207,8.0,5.0,0.7588958740234375,0.0003532116006681463
DQN,125,mid,1543,2543,0.18500115156173708,2.0,2.0,0.6086635589599609,0.00023502255498897284
DQN,125,mid,1544,2544,0.09000000000000001,1.0,1.0,0.3760530352592468,0.000194840831682086
DQN,125,mid,1545,2545,0.09613444089889528,2.0,2.0,0.8059594035148621,0.00029830439598299563
DQN,125,mid,1546,2546,-0.04880146503448486,7.0,3.0,0.8746535181999207,0.0002891164622269571
DQN,125,mid,1547,2547,0.09000000000000001,1.0,1.0,0.4731580317020416,0.00017983221914619207
DQN,125,mid,1548,2548,-0.1274799633026123,3.0,3.0,0.7788957953453064,0.00023835648122864464
DQN,125,mid,1549,2549,-0.12527369260787963,5.0,3.0,0.8413363695144653,0.00031639345979783684
DQN,125,mid,1550,2550,0.03450425148010255,2.0,2.0,0.740672767162323,0.00015850273484829813
DQN,125,mid,1551,2551,0.09000000000000001,1.0,1.0,0.6725974082946777,0.0002066110901068896
DQN,125,mid,1552,2552,0.09000000000000001,1.0,1.0,0.6827617287635803,0.0002839712251443416
DQN,125,mid,1553,2553,0.33869213581085206,3.0,3.0,0.7554193735122681,0.0004415438064218809
DQN,125,mid,1554,2554,-0.008200360536575302,2.0,2.0,0.4156678020954132,0.00021258970082271844
DQN,125,mid,1555,2555,0.12616871476173402,2.0,2.0,0.2382885217666626,0.0007730553479632363
DQN,125,mid,1556,2556,-0.2200292944908142,5.0,4.0,0.8683576583862305,0.0002359567937674001
DQN,125,mid,1557,2557,0.19422001361846924,3.0,3.0,0.5967499613761902,0.00021968804261026284
DQN,125,mid,1558,2558,0.29546465158462526,2.0,2.0,0.9107332825660706,0.00019857644656440243
DQN,125,mid,1559,2559,0.060062296390533454,3.0,3.0,0.841140627861023,0.0002223197225248441
DQN,125,mid,1560,2560,0.23085250139236452,2.0,2.0,0.5096976161003113,0.00029648621421074495
DQN,125,mid,1561,2561,0.1922502589225769,3.0,3.0,0.6537469029426575,0.0003793612219548474
DQN,125,mid,1562,2562,0.09000000000000001,1.0,1.0,0.19400809705257416,0.00023820290516596287
DQN,125,mid,1563,2563,-0.5132419347763062,10.0,2.0,1.294403076171875,0.00035687687923200426
DQN,125,mid,1564,2564,-0.8293445611000064,9.0,4.0,0.9608306884765625,0.00042263538246819127
DQN,125,mid,1565,2565,0.11924697637557985,2.0,2.0,0.6395305395126343,0.0003023361787199974
DQN,125,mid,1566,2566,0.10923071384429933,2.0,2.0,1.0726395845413208,0.00027203433273825794
DQN,125,mid,1567,2567,0.31149028420448305,2.0,2.0,0.40710511803627014,0.000413305577239953
DQN,125,mid,1568,2568,0.09000000000000001,1.0,1.0,0.09577197581529617,0.00019108768901787698
DQN,125,mid,1569,2569,0.12629099369049074,2.0,2.0,0.8234838247299194,0.0002836418498191051
DQN,125,mid,1570,2570,0.08981113314628603,2.0,2.0,0.35214537382125854,0.00032370675035053864
DQN,125,mid,1571,2571,0.12207938909530641,2.0,2.0,0.7451037168502808,0.0002387545391684398
DQN,125,mid,1572,2572,0.16515021204948427,2.0,2.0,0.43348821997642517,0.0003661911468952894
DQN,125,mid,1573,2573,0.06773353338241578,3.0,3.0,0.8754240870475769,0.00022327348415274173
DQN,125,mid,1574,2574,0.09000000000000001,1.0,1.0,0.37004104256629944,0.0005521615967154503
DQN,125,mid,1575,2575,0.06400666356086732,3.0,3.0,0.4933435916900635,0.00048038495394090813
DQN,125,mid,1576,2576,0.09000000000000001,1.0,1.0,0.14791883528232574,0.0004398197925183922
DQN,125,mid,1577,2577,0.09000000000000001,1.0,1.0,0.2867142856121063,0.00018379009270574898
DQN,125,mid,1578,2578,0.09000000000000001,1.0,1.0,0.4936122000217438,0.0005949378246441483
DQN,125,mid,1579,2579,0.16164149522781374,2.0,2.0,0.7079204320907593,0.00023664487525820732
DQN,125,mid,1580,2580,0.09000000000000001,1.0,1.0,0.6898391842842102,0.0003536622680258006
DQN,125,mid,1581,2581,0.09000000000000001,1.0,1.0,0.08983521163463593,0.0003184106608387083
DQN,125,mid,1582,2582,0.09000000000000001,1.0,1.0,0.08693773299455643,9.937423601513728e-05
DQN,125,mid,1583,2583,0.1220961380004883,2.0,2.0,0.7294753789901733,0.00021600196487270296
DQN,125,mid,1584,2584,0.2380923104286194,3.0,3.0,0.6223687529563904,0.0002831406066737448
DQN,125,mid,1585,2585,0.4128875803947449,3.0,3.0,0.6318110227584839,0.00030580056287969154
DQN,125,mid,1586,2586,-0.022029008269309994,3.0,2.0,0.25342050194740295,0.00036055439462264377
DQN,125,mid,1587,2587,0.09598644256591798,2.0,2.0,0.7143669724464417,0.00022554772294824943
DQN,125,mid,1588,2588,-0.14967546701431272,9.0,3.0,0.7233885526657104,0.00040415942688317347
DQN,125,mid,1589,2589,0.09000000000000001,1.0,1.0,0.2036091387271881,0.00012017424160148948
DQN,125,mid,1590,2590,0.12350900650024416,2.0,2.0,0.5791825652122498,0.00035412542638368905
DQN,125,mid,1591,2591,-0.017528514862060543,3.0,2.0,0.2880888283252716,0.00032798535539768636
DQN,125,mid,1592,2592,0.14468194723129274,2.0,2.0,0.8259010910987854,0.0004893138102488592
DQN,125,mid,1593,2593,0.01836419820785523,3.0,3.0,0.5922215580940247,0.0002465931368836512
DQN,125,mid,1594,2594,-0.013346612453460666,5.0,4.0,0.6813945174217224,0.00026452158053871246
DQN,125,mid,1595,2595,0.05522367909550668,2.0,2.0,0.08543568849563599,0.0002321101273992099
DQN,125,mid,1596,2596,0.09000000000000001,1.0,1.0,0.3397609293460846,0.0002730585401877761
DQN,125,mid,1597,2597,0.14580400466918947,2.0,2.0,1.048221230506897,0.00023711277026450261
DQN,125,mid,1598,2598,0.19908020079135896,2.0,2.0,0.22122056782245636,0.0002724952719290741
DQN,125,mid,1599,2599,0.07381522834300996,2.0,2.0,0.18251080811023712,0.00033167266519740224
DQN,125,mid,1600,2600,0.09000000000000001,1.0,1.0,0.36135298013687134,0.0002784492098726332
DQN,125,mid,1601,2601,0.09000000000000001,1.0,1.0,0.09019090235233307,0.0002927819441538304
DQN,125,mid,1602,2602,0.17099154710769654,3.0,3.0,0.8429446816444397,0.00045133666329396266
DQN,125,mid,1603,2603,0.09000000000000001,1.0,1.0,0.4907865524291992,0.0002286313974764198
DQN,125,mid,1604,2604,0.15986265420913698,2.0,2.0,0.4546222686767578,0.00021816376829519868
DQN,125,mid,1605,2605,0.09540872454643251,2.0,2.0,0.4885457456111908,0.00025647729489719495
DQN,125,mid,1606,2606,0.2513448762893677,2.0,2.0,0.6272627711296082,0.0002823074064508546
DQN,125,mid,1607,2607,0.09000000000000001,1.0,1.0,0.9180849194526672,0.00045770430006086826
DQN,125,mid,1608,2608,0.3366141712665558,4.0,3.0,0.38346555829048157,0.0002707533203647472
DQN,125,mid,1609,2609,0.09000000000000001,1.0,1.0,0.5595728158950806,0.0003801454440690577
DQN,125,mid,1610,2610,0.2744953203201294,2.0,2.0,0.603755533695221,0.00025461320183239877
DQN,125,mid,1611,2611,0.09000000000000001,1.0,1.0,0.5161941647529602,0.0001076846310752444
DQN,125,mid,1612,2612,0.06964086174964906,2.0,2.0,0.324643611907959,0.00025669855676824227
DQN,125,mid,1613,2613,0.09000000000000001,1.0,1.0,0.8465357422828674,0.00013626125291921198
DQN,125,mid,1614,2614,0.044425474405288705,2.0,2.0,0.31645768880844116,0.00020367582328617573
DQN,125,mid,1615,2615,0.09000000000000001,1.0,1.0,0.36692848801612854,0.0002066304296022281
DQN,125,mid,1616,2616,0.09000000000000001,1.0,1.0,0.3352826237678528,0.0003008857020176947
DQN,125,mid,1617,2617,-0.020558171272277825,3.0,3.0,0.36511775851249695,0.00020391920406837016
DQN,125,mid,1618,2618,0.09000000000000001,1.0,1.0,0.09625579416751862,0.00023757950111757964
DQN,125,mid,1619,2619,0.1192808222770691,3.0,3.0,0.8043884038925171,0.000291429998469539
DQN,125,mid,1620,2620,0.09000000000000001,1.0,1.0,0.27734875679016113,0.00022448768140748143
DQN,125,mid,1621,2621,0.18568922996520998,3.0,2.0,0.2880859673023224,0.00018637282967877886
DQN,125,mid,1622,2622,0.017527298927307144,2.0,2.0,0.32885006070137024,0.000559346161026042
DQN,125,mid,1623,2623,0.09000000000000001,1.0,1.0,0.7819083333015442,9.960399620467797e-05
DQN,125,mid,1624,2624,0.06820555210113527,2.0,2.0,0.5523900389671326,0.00024160431348718703
DQN,125,mid,1625,2625,0.28903052389621736,2.0,2.0,0.19053830206394196,0.00020967175805708393
DQN,125,mid,1626,2626,0.09000000000000001,1.0,1.0,0.23819510638713837,0.00020393064187373966
DQN,125,mid,1627,2627,0.33846174359321596,2.0,2.0,0.34134599566459656,0.00023704241903033108
DQN,125,mid,1628,2628,0.09000000000000001,1.0,1.0,0.47865065932273865,0.00015938241267576814
DQN,125,mid,1629,2629,0.09000000000000001,1.0,1.0,0.11648406088352203,0.00014607302728109062
DQN,125,mid,1630,2630,0.1300517988204956,3.0,3.0,0.9350020289421082,0.0001817481534089893
DQN,125,mid,1631,2631,0.09000000000000001,1.0,1.0,0.5702282190322876,0.00021272320009302348
DQN,125,mid,1632,2632,0.09000000000000001,1.0,1.0,0.3636017143726349,0.00015656347386538982
DQN,125,mid,1633,2633,-0.18505191087722778,3.0,3.0,0.8641528487205505,0.00019453913652493307
DQN,125,mid,1634,2634,0.23058955550193788,2.0,2.0,0.2283022105693817,0.00017835069593274966
DQN,125,mid,1635,2635,0.17821850061416628,2.0,2.0,0.4995458126068115,0.00023517310910392553
DQN,125,mid,1636,2636,0.0857937800884247,2.0,2.0,0.2900732457637787,0.00038248874625423923
DQN,125,mid,1637,2637,0.114576575756073,4.0,4.0,0.9443248510360718,0.00040660431477590464
DQN,125,mid,1638,2638,0.1483370977640152,2.0,2.0,0.2147005945444107,0.00021773951448267326
DQN,125,mid,1639,2639,0.09000000000000001,1.0,1.0,0.594975471496582,0.00018675148021429777
DQN,125,mid,1640,2640,-0.3525372743606568,10.0,3.0,0.8224201798439026,0.000218584701360669
DQN,125,mid,1641,2641,0.0677484941482544,3.0,3.0,0.6045872569084167,0.00019765303295571357
DQN,125,mid,1642,2642,0.09000000000000001,1.0,1.0,0.7105866074562073,0.00026523665292188525
DQN,125,mid,1643,2643,0.23120442748069764,3.0,3.0,0.4068639576435089,0.000400845655046093
DQN,125,mid,1644,2644,0.17672348976135255,4.0,3.0,1.471840500831604,0.0002240693720523268
DQN,125,mid,1645,2645,0.05337496280670167,2.0,2.0,0.6364405751228333,0.0003011644148500636
DQN,125,mid,1646,2646,0.1867764663696289,3.0,3.0,0.7624460458755493,0.0003947545386229952
DQN,125,mid,1647,2647,0.09000000000000001,1.0,1.0,0.6113829016685486,0.0002472675696481019
DQN,125,mid,1648,2648,0.10300089597702028,2.0,2.0,0.2606266140937805,0.00034445315395714715
DQN,125,mid,1649,2649,0.09000000000000001,1.0,1.0,0.4841243624687195,0.00035279730218462646
DQN,125,mid,1650,2650,0.08432997226715089,4.0,3.0,0.6648749709129333,0.00022731364515493624
DQN,125,mid,1651,2651,0.09000000000000001,1.0,1.0,0.2804039418697357,0.00027937444974668324
DQN,125,mid,1652,2652,0.006102757453918473,2.0,2.0,0.27282556891441345,0.00023754143330734223
DQN,125,mid,1653,2653,0.09000000000000001,1.0,1.0,0.30617645382881165,0.00028723524883389473
DQN,125,mid,1654,2654,-0.02762560844421387,5.0,3.0,0.982475757598877,0.00036538197309710085
DQN,125,mid,1655,2655,0.09000000000000001,1.0,1.0,0.2988223731517792,0.00031952912104316056
DQN,125,mid,1656,2656,0.1451262402534485,2.0,2.0,0.8149166107177734,0.0003396212123334408
DQN,125,mid,1657,2657,0.18938028573989868,4.0,4.0,0.6120668649673462,0.0001431613873137394
DQN,125,mid,1658,2658,-0.03093751549720762,3.0,3.0,0.2580590844154358,0.00020543049807505062
DQN,125,mid,1659,2659,0.09000000000000001,1.0,1.0,0.4729723334312439,0.00033857786911539733
DQN,125,mid,1660,2660,0.09000000000000001,1.0,1.0,0.0900227278470993,0.00021651740826200694
DQN,125,mid,1661,2661,0.323975510597229,3.0,3.0,0.7786775827407837,0.0002285782053756217
DQN,125,mid,1662,2662,0.22767181873321535,2.0,2.0,0.5955060720443726,0.00032696548441890627
DQN,125,mid,1663,2663,-0.20621573448181152,7.0,4.0,0.8645271062850952,0.00025589966389816254
DQN,125,mid,1664,2664,-0.3593879371881485,10.0,4.0,0.2841135263442993,0.00029283719704835675
DQN,125,mid,1665,2665,0.09146023511886597,3.0,3.0,0.9953274130821228,0.0001971146605986481
DQN,125,mid,1666,2666,-0.052880307435989385,4.0,3.0,0.5261378288269043,0.0004629733884939924
DQN,125,mid,1667,2667,0.279952712059021,3.0,3.0,0.6639184355735779,0.0002244464606822779
DQN,125,mid,1668,2668,-0.433590292930603,10.0,3.0,1.0608628988265991,0.0003895990681485273
DQN,125,mid,1669,2669,0.03822054147720338,2.0,2.0,0.8299501538276672,0.000334634656610433
DQN,125,mid,1670,2670,0.3009521961212158,5.0,4.0,0.932347297668457,0.0003543352882843465
DQN,125,mid,1671,2671,0.052262524366378786,4.0,3.0,0.2553637623786926,0.0003303285629954189
DQN,125,mid,1672,2672,-0.04124032735824583,3.0,3.0,0.7902435660362244,0.00027206773423434544
DQN,125,mid,1673,2673,0.0022324514389038125,3.0,2.0,0.7220661044120789,0.0007134871023784702
DQN,125,mid,1674,2674,0.39422065019607544,5.0,4.0,0.554236888885498,0.00023349617840722202
DQN,125,mid,1675,2675,0.20469518184661867,2.0,2.0,0.5431821942329407,0.00018491711671231315
DQN,125,mid,1676,2676,0.09000000000000001,1.0,1.0,0.3754798471927643,0.0004265251918695867
DQN,125,mid,1677,2677,0.09000000000000001,1.0,1.0,0.7645245790481567,0.0002878229133784771
DQN,125,mid,1678,2678,0.008390085697174088,2.0,2.0,0.7072290778160095,0.00034511188277974725
DQN,125,mid,1679,2679,0.3261029291152954,2.0,2.0,0.6706641316413879,0.0003146584640489891
DQN,125,mid,1680,2680,0.08061649084091188,2.0,2.0,0.9025126099586487,0.0004945620021317154
DQN,125,mid,1681,2681,0.0814491528272629,2.0,2.0,0.2400849312543869,0.00029629502387251705
DQN,125,mid,1682,2682,0.09000000000000001,1.0,1.0,0.7912612557411194,0.0003811610513366759
DQN,125,mid,1683,2683,0.09000000000000001,1.0,1.0,0.20261093974113464,0.0002998331328853965
DQN,125,mid,1684,2684,-0.008624300956726047,6.0,3.0,0.6735367774963379,0.00029204495513113216
DQN,125,mid,1685,2685,0.09000000000000001,1.0,1.0,0.23165880143642426,0.00023367966059595346
DQN,125,mid,1686,2686,0.09000000000000001,1.0,1.0,0.7000029683113098,0.0003381390997674316
DQN,125,mid,1687,2687,0.16058136701583864,2.0,2.0,0.6873607635498047,0.00035748424124903977
DQN,125,mid,1688,2688,0.09000000000000001,1.0,1.0,0.10141735523939133,0.00020464345288928598
DQN,125,mid,1689,2689,0.09000000000000001,1.0,1.0,0.223415806889534,0.0002459859533701092
DQN,125,mid,1690,2690,-0.330964081287384,3.0,3.0,1.0300506353378296,0.0001928416168084368
DQN,125,mid,1691,2691,0.06236572742462159,2.0,2.0,0.6934126615524292,0.00023347439855569974
DQN,125,mid,1692,2692,-0.5808048129081727,10.0,2.0,0.8029412031173706,0.00028650335152633486
DQN,125,mid,1693,2693,0.09000000000000001,1.0,1.0,0.428826242685318,0.00031632432364858687
DQN,125,mid,1694,2694,0.09000000000000001,1.0,1.0,0.307726114988327,0.000640363316051662
DQN,125,mid,1695,2695,-0.008713891506195073,4.0,3.0,0.8335431218147278,0.00031570729879604187
DQN,125,mid,1696,2696,0.09000000000000001,1.0,1.0,0.29350343346595764,0.00027027097530663013
DQN,125,mid,1697,2697,0.08184856891632081,3.0,3.0,0.5889590382575989,0.0002982049675968786
DQN,125,mid,1698,2698,0.20487250566482545,2.0,2.0,0.727698028087616,0.00040000127046369016
DQN,125,mid,1699,2699,0.09000000000000001,1.0,1.0,0.6183286905288696,0.00025439661112613976
DQN,125,mid,1700,2700,0.15663035392761232,2.0,2.0,0.9108439683914185,0.0002408239379292354
DQN,125,mid,1701,2701,-0.11321472406387327,3.0,3.0,0.4037761986255646,0.00019489318462243924
DQN,125,mid,1702,2702,0.08124853849411012,2.0,2.0,0.33129772543907166,0.00022083007206674665
DQN,125,mid,1703,2703,0.09000000000000001,1.0,1.0,0.21455228328704834,0.0003325739817228168
DQN,125,mid,1704,2704,0.2076521682739258,2.0,2.0,1.0805248022079468,0.00018179659673478454
DQN,125,mid,1705,2705,0.09000000000000001,1.0,1.0,0.3905080258846283,0.00031617857166565955
DQN,125,mid,1706,2706,0.09000000000000001,1.0,1.0,0.13684499263763428,0.0003290802414994687
DQN,125,mid,1707,2707,0.13267447233200075,2.0,2.0,0.6447645425796509,0.00024200398183893412
DQN,125,mid,1708,2708,0.2832633328437805,3.0,3.0,0.6196966171264648,0.0002072697776990632
DQN,125,mid,1709,2709,-0.05951892614364622,3.0,3.0,0.6947580575942993,0.0002105308036940793
DQN,125,mid,1710,2710,0.09000000000000001,1.0,1.0,0.2683021128177643,0.00012517681170720607
DQN,125,mid,1711,2711,0.09000000000000001,1.0,1.0,0.2425655871629715,0.0001512171875219792
DQN,125,mid,1712,2712,0.09000000000000001,1.0,1.0,0.29867023229599,0.00019874528516083956
DQN,125,mid,1713,2713,0.3354554343223572,2.0,2.0,0.7192754745483398,0.00013178107474232092
DQN,125,mid,1714,2714,0.17732466936111452,2.0,2.0,0.380964070558548,0.000181466260983143
DQN,125,mid,1715,2715,0.09000000000000001,1.0,1.0,0.42881280183792114,0.00022618152434006333
DQN,125,mid,1716,2716,0.09000000000000001,1.0,1.0,0.6386650800704956,0.0004170209576841444
DQN,125,mid,1717,2717,0.3719738793373108,3.0,3.0,0.31220585107803345,0.00024366049910895526
DQN,125,mid,1718,2718,0.11264431953430178,7.0,4.0,0.8144031763076782,0.00025967408769897053
DQN,125,mid,1719,2719,0.1660918664932251,3.0,3.0,0.8752602934837341,0.0001380280446028337
DQN,125,mid,1720,2720,-0.002382917404174789,2.0,2.0,0.3962691128253937,0.0002617631325847469
DQN,125,mid,1721,2721,0.2021116089820862,3.0,3.0,0.6206026077270508,0.0002757989035065596
DQN,125,mid,1722,2722,0.09000000000000001,1.0,1.0,0.10631150007247925,8.357941987924278e-05
DQN,125,mid,1723,2723,0.09000000000000001,1.0,1.0,0.08173157274723053,0.0002114351373165846
DQN,125,mid,1724,2724,0.09000000000000001,1.0,1.0,0.4353957772254944,0.0002779322676360607
DQN,125,mid,1725,2725,0.21604344964027405,3.0,3.0,0.33196821808815,0.000259440959780477
DQN,125,mid,1726,2726,-0.2718554735183716,10.0,3.0,0.8866285085678101,0.00026118759124074133
DQN,125,mid,1727,2727,0.021512316465377823,2.0,2.0,0.2749176323413849,0.0004329383227741346
DQN,125,mid,1728,2728,0.1010388207435608,3.0,3.0,0.8707659840583801,0.0005007065289343396
DQN,125,mid,1729,2729,0.16902227878570558,2.0,2.0,0.25071603059768677,0.00024999971356010064
DQN,125,mid,1730,2730,0.1862763237953186,3.0,3.0,0.6194103956222534,0.0001796168265476202
DQN,125,mid,1731,2731,0.031182156801223763,2.0,2.0,0.22875450551509857,0.00029249197541503236
DQN,125,mid,1732,2732,0.011030243635177628,2.0,2.0,0.1536639779806137,0.00021502958406927064
DQN,125,mid,1733,2733,-0.11656228303909301,5.0,2.0,0.924780011177063,0.00028538107872009275
DQN,125,mid,1734,2734,0.1907560992240906,2.0,2.0,0.2624174654483795,0.0004812335391761735
DQN,125,mid,1735,2735,0.09000000000000001,1.0,1.0,0.13444623351097107,0.00026997519307769835
DQN,125,mid,1736,2736,0.09336105912923814,2.0,2.0,0.09150111675262451,0.00029671407537534833
DQN,125,mid,1737,2737,-0.11580179452896118,2.0,2.0,1.02265465259552,0.0003638005000539124
DQN,125,mid,1738,2738,0.0523937213420868,2.0,2.0,0.13775964081287384,0.0001695639657555148
DQN,125,mid,1739,2739,0.09000000000000001,1.0,1.0,0.5735145211219788,0.0002671083784662187
DQN,125,mid,1740,2740,0.18799366235733034,2.0,2.0,0.48962217569351196,0.0002825574702001177
DQN,125,mid,1741,2741,0.08618010044097901,4.0,3.0,0.6980339884757996,0.0003445240618020762
DQN,125,mid,1742,2742,-0.1091261339187622,7.0,3.0,1.0389645099639893,0.00028800240085859386
DQN,125,mid,1743,2743,0.09000000000000001,1.0,1.0,0.15491893887519836,0.00012524747580755502
DQN,125,mid,1744,2744,0.09000000000000001,1.0,1.0,0.23195089399814606,0.0007321324665099382
DQN,125,mid,1745,2745,0.05679682075977326,2.0,2.0,0.23469595611095428,0.00038815954758320004
DQN,125,mid,1746,2746,0.06046940565109254,2.0,2.0,0.638751208782196,0.0002389396686339751
DQN,125,mid,1747,2747,0.09000000000000001,1.0,1.0,0.7856999635696411,0.00041000026976689696
DQN,125,mid,1748,2748,0.1735221338272095,3.0,2.0,1.4637281894683838,0.0003199706649562965
DQN,125,mid,1749,2749,0.18733418703079224,3.0,3.0,0.6490206718444824,0.00021365929569583386
DQN,125,mid,1750,2750,0.09000000000000001,1.0,1.0,0.21241585910320282,0.0003756237856578082
DQN,125,mid,1751,2751,0.09000000000000001,1.0,1.0,0.31697720289230347,0.0010482575744390488
DQN,125,mid,1752,2752,0.210799800157547,2.0,2.0,0.4831959307193756,0.00023093424533726647
DQN,125,mid,1753,2753,0.13692553520202638,2.0,2.0,0.4178065359592438,0.000266936665866524
DQN,125,mid,1754,2754,0.11597563505172731,2.0,2.0,0.8264912366867065,0.0003053018735954538
DQN,125,mid,1755,2755,0.22453415572643282,2.0,2.0,0.24361790716648102,0.0002859601518139243
DQN,125,mid,1756,2756,0.09000000000000001,1.0,1.0,0.2870056629180908,0.0001814256829675287
DQN,125,mid,1757,2757,-0.656698662042618,10.0,2.0,0.5772165656089783,0.0003275570663390681
DQN,125,mid,1758,2758,0.11362762928009035,2.0,2.0,0.5243256688117981,0.00020022757962578908
DQN,125,mid,1759,2759,0.10648973464965822,2.0,2.0,0.5934582352638245,0.00016201196194742806
DQN,125,mid,1760,2760,0.10851206064224245,2.0,2.0,0.5692732334136963,0.00020458619837881997
DQN,125,mid,1761,2761,0.09000000000000001,1.0,1.0,0.0959693118929863,0.0005262392805889249
DQN,125,mid,1762,2762,-0.01585946321487426,4.0,2.0,0.5852603316307068,0.00031903720446280204
DQN,125,mid,1763,2763,-0.10867939949035645,6.0,3.0,0.5869523882865906,0.0003779761609621346
DQN,125,mid,1764,2764,0.09000000000000001,1.0,1.0,0.5966149568557739,0.00017830294382292777
DQN,125,mid,1765,2765,0.17445719957351685,3.0,3.0,0.12640446424484253,0.0003832302560719351
DQN,125,mid,1766,2766,0.09000000000000001,1.0,1.0,0.5799212455749512,0.00017416561604477465
DQN,125,mid,1767,2767,0.14007188796997072,3.0,2.0,0.6375513076782227,0.0002587858277062575
DQN,125,mid,1768,2768,0.33275397300720216,2.0,2.0,1.1618587970733643,0.0002155002366635017
DQN,125,mid,1769,2769,0.13824345350265504,2.0,2.0,0.13184203207492828,0.00013250179108581506
DQN,125,mid,1770,2770,0.357003755569458,3.0,3.0,0.19757869839668274,0.00023755637327364335
DQN,125,mid,1771,2771,0.106235049366951,3.0,3.0,0.1833149641752243,0.000248925294727087
DQN,125,mid,1772,2772,0.09000000000000001,1.0,1.0,0.15660680830478668,0.0004935582401230931
DQN,125,mid,1773,2773,0.08950555086135864,4.0,4.0,0.740535318851471,0.0008011373629415175
DQN,125,mid,1774,2774,0.23667360067367554,3.0,3.0,0.5296640992164612,0.0003243537503294647
DQN,125,mid,1775,2775,0.19664927005767824,2.0,2.0,0.5264362096786499,0.00017413664318155497
DQN,125,mid,1776,2776,0.14666897773742676,3.0,3.0,0.6402047276496887,0.0002910131006501615
DQN,125,mid,1777,2777,0.09000000000000001,1.0,1.0,0.4055187404155731,0.00012828933540731668
DQN,125,mid,1778,2778,0.1922546195983887,2.0,2.0,0.38108620047569275,0.000295111232844647
DQN,125,mid,1779,2779,0.2536027002334595,2.0,2.0,1.0000172853469849,0.0003026917256647721
DQN,125,mid,1780,2780,0.23296491980552675,2.0,2.0,0.19396552443504333,0.00027064053574576974
DQN,125,mid,1781,2781,0.09000000000000001,1.0,1.0,0.8359610438346863,0.00025001136236824095
DQN,125,mid,1782,2782,0.3252744746208191,3.0,3.0,0.7924136519432068,0.00018168083139850447
DQN,125,mid,1783,2783,0.09000000000000001,1.0,1.0,0.34659048914909363,0.00012943244655616581
DQN,125,mid,1784,2784,0.24869651317596436,3.0,3.0,0.5161747336387634,0.00024927654885686934
DQN,125,mid,1785,2785,0.09000000000000001,1.0,1.0,0.5140496492385864,0.00029031222220510244
DQN,125,mid,1786,2786,0.12274362325668337,2.0,2.0,0.7075859308242798,0.00014984926383476704
DQN,125,mid,1787,2787,0.10623188495635988,2.0,2.0,1.1432045698165894,0.0003480416489765048
DQN,125,mid,1788,2788,0.14934994459152223,2.0,2.0,0.8894311785697937,0.0001726745831547305
DQN,125,mid,1789,2789,0.006120867729187018,3.0,3.0,0.6793636679649353,0.00015277782222256064
DQN,125,mid,1790,2790,0.02428538560867309,4.0,3.0,0.3528165817260742,0.0002048905225819908
DQN,125,mid,1791,2791,0.09904368400573732,2.0,2.0,0.5705047249794006,0.0002348332418478094
DQN,125,mid,1792,2792,-0.02102920234203337,2.0,2.0,0.269207239151001,0.0001848400388553273
DQN,125,mid,1793,2793,0.09000000000000001,1.0,1.0,0.7560656666755676,0.0001179132959805429
DQN,125,mid,1794,2794,0.26649559259414674,3.0,3.0,0.7993564605712891,0.00021192928155263266
DQN,125,mid,1795,2795,0.055010874271392826,3.0,2.0,0.3297240436077118,0.00018829917826224118
DQN,125,mid,1796,2796,0.09000000000000001,1.0,1.0,0.5250955820083618,0.00021702019148506224
DQN,125,mid,1797,2797,0.24183566093444825,3.0,3.0,0.8144339323043823,0.00017219879858506223
DQN,125,mid,1798,2798,0.27658151268959047,2.0,2.0,0.32565227150917053,0.00028092254797229543
DQN,125,mid,1799,2799,0.21315898180007936,2.0,2.0,0.4396848678588867,0.00016891440463950858
DQN,125,mid,1800,2800,0.29259950876235963,4.0,3.0,0.9379037022590637,0.00025888264281093143
DQN,125,mid,1801,2801,0.04532754600048066,2.0,2.0,0.187689870595932,0.00031443621264770627
DQN,125,mid,1802,2802,0.09000000000000001,1.0,1.0,0.2544902265071869,0.00027132307877764106
DQN,125,mid,1803,2803,0.09000000000000001,1.0,1.0,0.21496160328388214,0.0002115078386850655
DQN,125,mid,1804,2804,0.16372932672500612,2.0,2.0,0.9089444279670715,0.0002095647796522826
DQN,125,mid,1805,2805,0.09000000000000001,1.0,1.0,0.27241483330726624,0.0002033310302067548
DQN,125,mid,1806,2806,0.09715779304504396,2.0,2.0,0.5539479851722717,0.00019542828522389755
DQN,125,mid,1807,2807,0.0625958162546158,2.0,2.0,0.12822024524211884,0.000309441085846629
DQN,125,mid,1808,2808,0.09000000000000001,1.0,1.0,0.28519827127456665,0.00017221769667230546
DQN,125,mid,1809,2809,0.006219135522842423,2.0,2.0,0.3244350254535675,0.00021646294044330716
DQN,125,mid,1810,2810,-0.03557936668395996,2.0,2.0,0.6290208697319031,0.00013577813660958782
DQN,125,mid,1811,2811,0.17775829315185548,2.0,2.0,0.6728548407554626,0.00023134411458158866
DQN,125,mid,1812,2812,0.3100204634666443,2.0,2.0,0.7945802807807922,0.00016514971139258705
DQN,125,mid,1813,2813,0.09000000000000001,1.0,1.0,0.1704104095697403,0.00027872752980329096
DQN,125,mid,1814,2814,0.16998483419418337,2.0,2.0,0.2824709713459015,0.0002826045820256695
DQN,125,mid,1815,2815,0.12222410917282106,2.0,2.0,0.6652379035949707,0.0002822238311637193
DQN,125,mid,1816,2816,0.09000000000000001,1.0,1.0,0.09548594802618027,0.0002366907283430919
DQN,125,mid,1817,2817,-0.044592403173446635,3.0,3.0,0.4357888996601105,0.00024829320318531245
DQN,125,mid,1818,2818,0.1220622378587723,2.0,2.0,0.24003811180591583,0.00020474184566410258
DQN,125,mid,1819,2819,0.10058893442153932,2.0,2.0,0.535596489906311,0.00041363833588548005
DQN,125,mid,1820,2820,0.11887468576431276,2.0,2.0,0.06298082321882248,0.0004109760993742384
DQN,125,mid,1821,2821,0.0803890097141266,2.0,2.0,0.2870435118675232,0.0003158758190693334
DQN,125,mid,1822,2822,0.17824883937835695,2.0,2.0,0.6984556317329407,0.0002080420672427863
DQN,125,mid,1823,2823,0.09000000000000001,1.0,1.0,0.3877266049385071,0.00019523987430147827
DQN,125,mid,1824,2824,0.18148203372955324,2.0,2.0,0.6765084266662598,0.000264685986621771
DQN,125,mid,1825,2825,-0.022784333229064938,3.0,2.0,0.7292819023132324,0.0003284894967994963
DQN,125,mid,1826,2826,-0.3299137830734253,10.0,2.0,0.8226709365844727,0.00027439547993708403
DQN,125,mid,1827,2827,-0.38755874633789067,10.0,2.0,0.5309067964553833,0.00029117073863744737
DQN,125,mid,1828,2828,0.025993404388427746,4.0,4.0,0.9222578406333923,0.00019383151447982527
DQN,125,mid,1829,2829,0.09000000000000001,1.0,1.0,0.5465249419212341,0.0004167974984738976
DQN,125,mid,1830,2830,-0.07212071895599366,3.0,3.0,0.9683938026428223,0.0002707860160929461
DQN,125,mid,1831,2831,0.09000000000000001,1.0,1.0,0.33251872658729553,0.00028638436924666166
DQN,125,mid,1832,2832,0.20485426664352419,2.0,2.0,0.6219563484191895,0.0002330591669306159
DQN,125,mid,1833,2833,-0.04955435574054719,3.0,3.0,0.3203013241291046,0.0003781924509288122
DQN,125,mid,1834,2834,0.24118288040161134,2.0,2.0,0.8568962812423706,0.00027261083596386015
DQN,125,mid,1835,2835,0.09000000000000001,1.0,1.0,0.2414148896932602,0.00023210332437884063
DQN,125,mid,1836,2836,0.39151145696640016,2.0,2.0,0.9030949473381042,0.00027085938199888915
DQN,125,mid,1837,2837,0.09000000000000001,1.0,1.0,0.5831390023231506,0.000206246244488284
DQN,125,mid,1838,2838,0.17331636667251588,3.0,3.0,0.6071867346763611,0.00016257440923557928
DQN,125,mid,1839,2839,0.08978732109069826,2.0,2.0,0.3614136278629303,0.0001885489546111785
DQN,125,mid,1840,2840,0.3120646643638611,2.0,2.0,0.8479365706443787,0.00030280101054813713
DQN,125,mid,1841,2841,0.22611469745635987,3.0,3.0,0.6556448340415955,0.0002624326152727008
DQN,125,mid,1842,2842,0.0994099545478821,2.0,2.0,0.18900813162326813,0.00020864453836111352
DQN,125,mid,1843,2843,0.18754757165908814,3.0,3.0,0.9332268834114075,0.00024567429500166327
DQN,125,mid,1844,2844,0.16029645681381227,2.0,2.0,0.7943524122238159,0.000493138562887907
DQN,125,mid,1845,2845,-0.04555388569831846,3.0,3.0,0.509110152721405,0.0003123403439531103
DQN,125,mid,1846,2846,0.0713912320137024,3.0,3.0,0.7243384122848511,0.00018857772617290416
DQN,125,mid,1847,2847,-0.35362538099288937,10.0,2.0,0.9888185858726501,0.00035484526306390763
DQN,125,mid,1848,2848,0.029421634674072272,3.0,3.0,1.3972820043563843,0.0002573550834010045
DQN,125,mid,1849,2849,0.13376243591308595,2.0,2.0,0.8892706632614136,0.0004234453372191638
DQN,125,mid,1850,2850,0.09000000000000001,1.0,1.0,0.20653697848320007,0.0001657305401749909
DQN,125,mid,1851,2851,0.0029513382911682123,6.0,3.0,0.7419399619102478,0.00021076784954251102
DQN,125,mid,1852,2852,-0.24535688161849978,10.0,2.0,0.7641604542732239,0.0002078018995234743
DQN,125,mid,1853,2853,0.09000000000000001,1.0,1.0,0.42134958505630493,0.0001568404695717618
DQN,125,mid,1854,2854,0.1610917615890503,2.0,2.0,0.5901054739952087,0.0001666659336478915
DQN,125,mid,1855,2855,0.09000000000000001,1.0,1.0,0.18285079300403595,0.00023990473710000515
DQN,125,mid,1856,2856,0.1796912717819214,2.0,2.0,0.728611946105957,0.0003219190039089881
DQN,125,mid,1857,2857,0.11479239344596864,2.0,2.0,0.33940479159355164,0.0003423262824071571
DQN,125,mid,1858,2858,-0.012381367683410638,3.0,3.0,0.952090859413147,0.00015957162395352498
DQN,125,mid,1859,2859,-0.034915002584457386,4.0,4.0,0.5273984670639038,0.00022338434064295143
DQN,125,mid,1860,2860,0.07134420394897462,3.0,3.0,0.5919118523597717,0.00023915059379457185
DQN,125,mid,1861,2861,-0.06701537817716598,5.0,2.0,0.0798402950167656,0.0004249136953148991
DQN,125,mid,1862,2862,-0.07518020272254945,5.0,4.0,0.5591002106666565,0.00026203105226159097
DQN,125,mid,1863,2863,0.09000000000000001,1.0,1.0,0.8936538696289062,0.0002470299368724227
DQN,125,mid,1864,2864,0.09000000000000001,1.0,1.0,0.49916329979896545,0.00011935293150600046
DQN,125,mid,1865,2865,0.09000000000000001,1.0,1.0,0.4665352404117584,0.00030162037000991404
DQN,125,mid,1866,2866,-0.19379512310028074,9.0,3.0,0.5297847390174866,0.00022967759933736589
DQN,125,mid,1867,2867,-0.5186815440654755,10.0,2.0,0.48633071780204773,0.00036799361259909347
DQN,125,mid,1868,2868,-0.017690696716308588,4.0,2.0,0.864276111125946,0.0002432312467135489
DQN,125,mid,1869,2869,0.09000000000000001,1.0,1.0,0.3719792664051056,0.00025040170294232666
DQN,125,mid,1870,2870,0.09000000000000001,1.0,1.0,0.348726749420166,0.00025182636454701424
DQN,125,mid,1871,2871,0.09000000000000001,1.0,1.0,0.35727185010910034,0.00025293361977674067
DQN,125,mid,1872,2872,0.11210318088531496,2.0,2.0,0.7739019989967346,0.00032998340611811727
DQN,125,mid,1873,2873,0.09000000000000001,1.0,1.0,0.5286921262741089,0.0002937332901638001
DQN,125,mid,1874,2874,0.09000000000000001,1.0,1.0,0.31292667984962463,9.678685455583036e-05
DQN,125,mid,1875,2875,0.09000000000000001,1.0,1.0,0.25214093923568726,0.0002698940224945545
DQN,125,mid,1876,2876,0.09000000000000001,1.0,1.0,0.13103221356868744,0.000294569821562618
DQN,125,mid,1877,2877,0.09000000000000001,1.0,1.0,0.29614904522895813,0.0003138021857012063
DQN,125,mid,1878,2878,0.09000000000000001,1.0,1.0,0.9203601479530334,0.00025508369435556233
DQN,125,mid,1879,2879,0.1341210174560547,2.0,2.0,0.8028191328048706,0.0002890788309741765
DQN,125,mid,1880,2880,0.09000000000000001,1.0,1.0,0.3433714807033539,0.0005250920075923204
DQN,125,mid,1881,2881,0.034499890804290785,3.0,3.0,0.6592899560928345,0.0001716800519110014
DQN,125,mid,1882,2882,0.08422498583793642,2.0,2.0,0.12273736298084259,0.0005902791162952781
DQN,125,mid,1883,2883,0.13185297131538393,2.0,2.0,0.36557430028915405,0.0002358809178986121
DQN,125,mid,1884,2884,0.1674598026275635,2.0,2.0,0.8647373914718628,0.00021928834030404687
DQN,125,mid,1885,2885,-0.25971042752265927,9.0,2.0,0.34760788083076477,0.00025832968337150913
DQN,125,mid,1886,2886,0.2741545629501343,3.0,2.0,0.8276853561401367,0.00028047691254566115
DQN,125,mid,1887,2887,0.06057253658771516,2.0,2.0,0.2433898150920868,0.0003230325528420508
DQN,125,mid,1888,2888,0.16438801765441896,2.0,2.0,1.1087796688079834,0.00030322281236294657
DQN,125,mid,1889,2889,0.08532418489456178,2.0,2.0,0.9685934782028198,0.00029119625105522573
DQN,125,mid,1890,2890,-0.2044458222389221,7.0,3.0,0.7468175888061523,0.00025351000554759854
DQN,125,mid,1891,2891,0.43272340059280395,4.0,4.0,0.7393398880958557,0.00020369765479699709
DQN,125,mid,1892,2892,0.2805215883255005,2.0,2.0,0.6192888617515564,0.00022656349756289274
DQN,125,mid,1893,2893,0.17393620491027834,2.0,2.0,1.0563188791275024,0.0002745353995123878
DQN,125,mid,1894,2894,0.09000000000000001,1.0,1.0,0.17399980127811432,0.00023405568208545446
DQN,125,mid,1895,2895,0.22304596185684206,2.0,2.0,0.8286705613136292,0.00020801084610866383
DQN,125,mid,1896,2896,0.12636382341384889,4.0,3.0,0.9308049082756042,0.00023872176461736672
DQN,125,mid,1897,2897,0.09000000000000001,1.0,1.0,0.9665008187294006,0.00035876547917723656
DQN,125,mid,1898,2898,0.031166948080062873,3.0,3.0,0.2669229507446289,0.00021230279041143754
DQN,125,mid,1899,2899,0.0876418423652649,3.0,3.0,0.6808968782424927,0.0007889079085240761
DQN,125,mid,1900,2900,0.09000000000000001,1.0,1.0,0.5027980804443359,0.00015433997032232583
DQN,125,mid,1901,2901,-0.17073330640792844,6.0,2.0,0.9431215524673462,0.00031078827790527913
DQN,125,mid,1902,2902,0.09000000000000001,1.0,1.0,0.20011387765407562,0.00020347442477941513
DQN,125,mid,1903,2903,0.09000000000000001,1.0,1.0,0.2734698951244354,0.00044776761205866933
DQN,125,mid,1904,2904,0.10303469181060793,2.0,2.0,0.791353702545166,0.0004147037543589249
DQN,125,mid,1905,2905,0.0814319920539856,3.0,3.0,0.8293207883834839,0.0003147653575676183
DQN,125,mid,1906,2906,0.25348199129104615,3.0,3.0,0.5174290537834167,0.000270254483136038
DQN,125,mid,1907,2907,0.17845882654190065,2.0,2.0,0.399806946516037,0.0002097424876410514
DQN,125,mid,1908,2908,0.1483535933494568,2.0,2.0,0.5656548142433167,0.0006681031372863799
DQN,125,mid,1909,2909,-0.10685059785842894,6.0,2.0,0.581607460975647,0.00031950137054082006
DQN,125,mid,1910,2910,0.08944077968597414,2.0,2.0,0.6983232498168945,0.0003817210381384939
DQN,125,mid,1911,2911,-0.0005928134918212896,6.0,3.0,0.7061633467674255,0.00026799495875214535
DQN,125,mid,1912,2912,0.03530223846435548,2.0,2.0,0.6101593375205994,0.0005480255058500916
DQN,125,mid,1913,2913,0.09000000000000001,1.0,1.0,0.8477618098258972,0.00023395559401251376
DQN,125,mid,1914,2914,-0.5209581136703492,10.0,2.0,0.948032796382904,0.0005621511081699282
DQN,125,mid,1915,2915,0.13497246980667116,2.0,2.0,0.9503543972969055,0.0005300377815729007
DQN,125,mid,1916,2916,0.2720355463027954,3.0,3.0,0.8507968187332153,0.000421325161975498
DQN,125,mid,1917,2917,-0.052708032131195084,4.0,4.0,0.8046992421150208,0.0006400820784620009
DQN,125,mid,1918,2918,0.2513507175445557,2.0,2.0,0.7598406672477722,0.0003502728359308094
DQN,125,mid,1919,2919,0.09000000000000001,1.0,1.0,0.05691981315612793,0.0002416382048977539
DQN,125,mid,1920,2920,0.09000000000000001,1.0,1.0,0.6903176307678223,0.00020292657427489758
DQN,125,mid,1921,2921,0.11848966956138612,2.0,2.0,0.46041926741600037,0.0004139009251957759
DQN,125,mid,1922,2922,0.09000000000000001,1.0,1.0,0.21077802777290344,0.0002983801532536745
DQN,125,mid,1923,2923,0.17500759840011598,2.0,2.0,0.9549142718315125,0.0002710719272727147
DQN,125,mid,1924,2924,0.09000000000000001,1.0,1.0,0.07562054693698883,0.00035218719858676195
DQN,125,mid,1925,2925,0.04103708982467652,3.0,3.0,0.8298839926719666,0.00026834963258200634
DQN,125,mid,1926,2926,0.09000000000000001,1.0,1.0,0.0685005784034729,0.0005249841487966478
DQN,125,mid,1927,2927,0.09000000000000001,1.0,1.0,0.5797104835510254,0.0003738387895282358
DQN,125,mid,1928,2928,-0.004969103336334213,2.0,2.0,0.7072831988334656,0.00021866087627131492
DQN,125,mid,1929,2929,0.09000000000000001,1.0,1.0,0.2767733633518219,0.0002162930031772703
DQN,125,mid,1930,2930,0.09000000000000001,1.0,1.0,0.7431429028511047,0.0002863457193598151
DQN,125,mid,1931,2931,0.26398654460906984,2.0,2.0,0.6743842959403992,0.0004216561501380056
DQN,125,mid,1932,2932,0.09000000000000001,1.0,1.0,0.22309544682502747,0.0003916214918717742
DQN,125,mid,1933,2933,-0.20562284469604492,3.0,3.0,0.7722809910774231,0.00021394780681778988
DQN,125,mid,1934,2934,0.1805721539258957,2.0,2.0,0.1791507452726364,0.000634564581559971
DQN,125,mid,1935,2935,0.2595771026611328,3.0,3.0,1.081085443496704,0.00020831639024739465
DQN,125,mid,1936,2936,0.1547581422328949,2.0,2.0,0.4864048659801483,0.00030189548851922154
DQN,125,mid,1937,2937,0.23371602773666383,2.0,2.0,0.6726865172386169,0.0002595561818452552
DQN,125,mid,1938,2938,0.198696004152298,2.0,2.0,0.4377487003803253,0.00039017990638967603
DQN,125,mid,1939,2939,0.10366011381149293,3.0,3.0,0.3689468204975128,0.0003351120976731181
DQN,125,mid,1940,2940,0.22279680490493775,3.0,3.0,0.8268545866012573,0.00031926726902990293
DQN,125,mid,1941,2941,0.13701648235321046,3.0,3.0,1.1380670070648193,0.00028157627578669536
DQN,125,mid,1942,2942,-0.2917620766162872,8.0,4.0,0.4406312108039856,0.00027840245093102567
DQN,125,mid,1943,2943,0.04020172536373139,2.0,2.0,0.27579039335250854,0.00025439224555157125
DQN,125,mid,1944,2944,0.20494326114654543,4.0,2.0,0.5748671889305115,0.000957020944042597
DQN,125,mid,1945,2945,-0.36277830600738525,10.0,3.0,0.8501279950141907,0.0006541987007949501
DQN,125,mid,1946,2946,0.12312139749526979,2.0,2.0,0.634711742401123,0.0003831737267319113
DQN,125,mid,1947,2947,0.002986224293708817,2.0,2.0,0.19735348224639893,0.0004388813249533996
DQN,125,mid,1948,2948,0.125644690990448,3.0,3.0,0.37063169479370117,0.0009070290446591874
DQN,125,mid,1949,2949,0.040630191564559937,5.0,4.0,0.36557695269584656,0.00032695940462872385
DQN,125,mid,1950,2950,0.09000000000000001,1.0,1.0,0.5541827082633972,0.00037349629565142095
DQN,125,mid,1951,2951,0.09000000000000001,1.0,1.0,0.46030136942863464,0.0008987673791125417
DQN,125,mid,1952,2952,0.09000000000000001,1.0,1.0,0.9033640623092651,0.004051231779158115
DQN,125,mid,1953,2953,0.10047877550125123,3.0,3.0,0.21468813717365265,0.00030840359977446496
DQN,125,mid,1954,2954,-0.36554472446441655,10.0,2.0,0.9363441467285156,0.0004470270199817605
DQN,125,mid,1955,2955,-0.07894655108451841,4.0,3.0,0.5254282355308533,0.0006275463529163972
DQN,125,mid,1956,2956,0.2639137673377991,2.0,2.0,0.6866832375526428,0.0003921141615137458
DQN,125,mid,1957,2957,0.1479006576538086,2.0,2.0,0.1420626938343048,0.0005211472016526386
DQN,125,mid,1958,2958,0.09000000000000001,1.0,1.0,0.24945957958698273,0.00029236552654765546
DQN,125,mid,1959,2959,0.09000000000000001,1.0,1.0,0.6702938675880432,0.0002249836252303794
DQN,125,mid,1960,2960,0.07793753027915956,2.0,2.0,0.13093692064285278,0.0003517842123983428
DQN,125,mid,1961,2961,0.27298198819160463,2.0,2.0,0.45031580328941345,0.00034856311685871333
DQN,125,mid,1962,2962,0.09000000000000001,1.0,1.0,0.36972370743751526,0.0004213871725369245
DQN,125,mid,1963,2963,0.10821367979049684,2.0,2.0,0.09596952050924301,0.0007030464767012745
DQN,125,mid,1964,2964,0.09000000000000001,1.0,1.0,0.9842139482498169,0.0005467330920509994
DQN,125,mid,1965,2965,0.09000000000000001,1.0,1.0,1.0450570583343506,0.00039275834569707513
DQN,125,mid,1966,2966,-0.2102162837982178,10.0,3.0,0.6420605778694153,0.00047656612587161363
DQN,125,mid,1967,2967,0.1837482523918152,3.0,3.0,0.9022814631462097,0.0006984695792198181
DQN,125,mid,1968,2968,0.09000000000000001,1.0,1.0,0.2513490617275238,0.00047646762686781585
DQN,125,mid,1969,2969,-0.16994539022445676,7.0,2.0,0.7450513243675232,0.00039901682092542093
DQN,125,mid,1970,2970,0.13624955892562868,2.0,2.0,0.5582091212272644,0.00041580233664717525
DQN,125,mid,1971,2971,0.09000000000000001,1.0,1.0,0.2798587381839752,0.00033558200811967254
DQN,125,mid,1972,2972,0.09000000000000001,1.0,1.0,0.06146511808037758,0.00023296353174373507
DQN,125,mid,1973,2973,-0.442616868019104,10.0,2.0,0.7175941467285156,0.00042228273814544083
DQN,125,mid,1974,2974,0.09000000000000001,1.0,1.0,0.3425447344779968,0.0002204388874815777
DQN,125,mid,1975,2975,0.09000000000000001,1.0,1.0,0.6417774558067322,0.0003429324133321643
DQN,125,mid,1976,2976,0.09000000000000001,1.0,1.0,0.9436541199684143,0.00028981041396036744
DQN,125,mid,1977,2977,0.04459180116653443,2.0,2.0,0.1524094194173813,0.0002622198735480197
DQN,125,mid,1978,2978,0.23911281108856203,2.0,2.0,0.562234103679657,0.0012991772964596748
DQN,125,mid,1979,2979,-0.13708191633224487,7.0,4.0,0.5878847241401672,0.000388671868547265
DQN,125,mid,1980,2980,0.09000000000000001,1.0,1.0,0.1854688674211502,0.0009133325656875968
DQN,125,mid,1981,2981,0.09000000000000001,1.0,1.0,0.3480377197265625,0.0004019868210889399
DQN,125,mid,1982,2982,0.11771126270294191,2.0,2.0,0.8751934766769409,0.00044192672066856176
DQN,125,mid,1983,2983,-0.01236913919448851,2.0,2.0,0.6284704804420471,0.0003043572069145739
DQN,125,mid,1984,2984,0.1347903084754944,3.0,3.0,0.8835077285766602,0.00035860408873607713
DQN,125,mid,1985,2985,0.10740895748138429,2.0,2.0,0.3694409430027008,0.0005472978664329275
DQN,125,mid,1986,2986,0.16896862506866456,3.0,3.0,0.7201699614524841,0.0002504577472185095
DQN,125,mid,1987,2987,0.02774430990219117,2.0,2.0,0.3940013349056244,0.0004177254450041801
DQN,125,mid,1988,2988,0.03455002784729005,2.0,2.0,0.14163877069950104,0.0004218330723233521
DQN,125,mid,1989,2989,-0.02756016016006467,6.0,3.0,0.5727095007896423,0.00040647710557095706
DQN,125,mid,1990,2990,0.09000000000000001,1.0,1.0,0.7012982964515686,0.0002886951551772654
DQN,125,mid,1991,2991,0.12392105340957643,2.0,2.0,0.6638690233230591,0.00024276530893985182
DQN,125,mid,1992,2992,0.034857201576232934,5.0,5.0,0.7701759338378906,0.000377557281171903
DQN,125,mid,1993,2993,0.16578583598136903,2.0,2.0,0.3339148461818695,0.0007350584783125669
DQN,125,mid,1994,2994,0.09000000000000001,1.0,1.0,0.10213828831911087,0.0004172533517703414
DQN,125,mid,1995,2995,0.09794231414794924,4.0,2.0,1.6245697736740112,0.00036544712929753587
DQN,125,mid,1996,2996,0.29319931745529176,2.0,2.0,0.7545017600059509,0.00024392661725869402
DQN,125,mid,1997,2997,-0.4802559733390808,10.0,4.0,0.5689758658409119,0.00030252342403400687
DQN,125,mid,1998,2998,0.09059579849243166,2.0,2.0,0.5099735856056213,0.00031273379863705486
DQN,125,mid,1999,2999,-0.07980840682983399,3.0,3.0,0.8251312375068665,0.00033232616260647774
DQN,125,mid,2000,3000,0.09962080597877504,2.0,2.0,0.40098246932029724,0.0003378985493327491
