agent,seed,phase,local_episode,cumulative_episode,reward,steps,selected_regions,classification_loss,optimization_loss
DQN,25,final,1,3001,0.15564425468444826,2.0,2.0,0.7352707982063293,0.0003965356445405632
DQN,25,final,2,3002,0.09000000000000001,1.0,1.0,0.21335993707180023,0.0005746951210312545
DQN,25,final,3,3003,0.1655780839920044,2.0,2.0,0.6414130330085754,0.00030945948674343526
DQN,25,final,4,3004,0.04965568304061888,8.0,4.0,0.5679208040237427,0.00040591675860923715
DQN,25,final,5,3005,0.05213768959045411,2.0,2.0,0.336571604013443,0.00017831433797255158
DQN,25,final,6,3006,0.11334254026412965,2.0,2.0,0.6746256947517395,0.00034989639971172437
DQN,25,final,7,3007,0.25674397468566895,3.0,3.0,0.5420727133750916,0.0018525409638338413
DQN,25,final,8,3008,-0.39824645519256596,10.0,2.0,0.801505982875824,0.00034993753070011735
DQN,25,final,9,3009,0.051791207790374764,2.0,2.0,0.3519265949726105,0.0003247734275646508
DQN,25,final,10,3010,0.20833893299102785,2.0,2.0,0.5119128823280334,0.0003911684761987999
DQN,25,final,11,3011,-0.34794336557388306,10.0,3.0,0.7599186301231384,0.000536602790816687
DQN,25,final,12,3012,0.15379186153411867,2.0,2.0,0.6822448968887329,0.00029150902992114425
DQN,25,final,13,3013,0.09000000000000001,1.0,1.0,0.3627738058567047,0.0004302637535147369
DQN,25,final,14,3014,0.09000000000000001,1.0,1.0,0.300181120634079,0.00022192506003193557
DQN,25,final,15,3015,0.09000000000000001,1.0,1.0,0.21105830371379852,0.00025934618315659463
DQN,25,final,16,3016,0.11005372524261477,3.0,3.0,0.297467976808548,0.0005082641922247907
DQN,25,final,17,3017,-0.3574649953842163,9.0,2.0,0.35335084795951843,0.0004962537980948886
DQN,25,final,18,3018,0.09000000000000001,1.0,1.0,0.25504231452941895,0.00025147845735773444
DQN,25,final,19,3019,0.20897412538528443,6.0,4.0,0.6756382584571838,0.001007139925301696
DQN,25,final,20,3020,-0.15920022487640378,6.0,2.0,0.5200613141059875,0.000828306064552938
DQN,25,final,21,3021,0.09000000000000001,1.0,1.0,0.4901522994041443,0.00019366687047295272
DQN,25,final,22,3022,0.09000000000000001,1.0,1.0,0.8446546792984009,0.00037351445644162595
DQN,25,final,23,3023,0.09000000000000001,1.0,1.0,0.2990054488182068,0.0003464174224063754
DQN,25,final,24,3024,-0.2786977887153626,10.0,3.0,0.7630122303962708,0.0008335883205290884
DQN,25,final,25,3025,0.09000000000000001,1.0,1.0,0.1415795236825943,0.0005708185490220785
DQN,25,final,26,3026,0.4222033143043518,5.0,3.0,0.4547843337059021,0.0003800239879637957
DQN,25,final,27,3027,0.09000000000000001,1.0,1.0,0.4132480025291443,0.00030417664675042033
DQN,25,final,28,3028,0.08738811492919923,2.0,2.0,0.4294734597206116,0.0008290133846458048
DQN,25,final,29,3029,0.12637473821640016,2.0,2.0,0.9992637038230896,0.00042212949483655393
DQN,25,final,30,3030,0.09000000000000001,1.0,1.0,0.11926674842834473,0.00025806110352277756
DQN,25,final,31,3031,-0.021003475189208975,4.0,3.0,0.5998323559761047,0.0005594278700300492
DQN,25,final,32,3032,0.09000000000000001,1.0,1.0,0.14247827231884003,0.0002757117326837033
DQN,25,final,33,3033,0.10118610382080079,3.0,3.0,0.7199491858482361,0.00046469220736374456
DQN,25,final,34,3034,0.09000000000000001,1.0,1.0,0.3948863446712494,0.0003231301670894027
DQN,25,final,35,3035,0.09125580310821534,3.0,2.0,0.7257957458496094,0.0007239214125244567
DQN,25,final,36,3036,-0.34136033058166504,10.0,5.0,0.7902684807777405,0.0003436756320297718
DQN,25,final,37,3037,0.07534513592720032,3.0,3.0,0.3818199932575226,0.00022838289442006499
DQN,25,final,38,3038,0.15047802209854128,2.0,2.0,0.40394285321235657,0.0006108364468673244
DQN,25,final,39,3039,-0.3989533305168152,10.0,4.0,0.7881914377212524,0.00035780578473350034
DQN,25,final,40,3040,0.09000000000000001,1.0,1.0,0.1284111589193344,0.00036053068470209837
DQN,25,final,41,3041,0.09192498207092287,2.0,2.0,0.7186015844345093,0.0002770844803308137
DQN,25,final,42,3042,0.018318118453025833,2.0,2.0,0.29021915793418884,0.0002257867599837482
DQN,25,final,43,3043,0.16245262503623964,2.0,2.0,0.49359604716300964,0.0002012138647842221
DQN,25,final,44,3044,0.1315289902687073,2.0,2.0,0.37047019600868225,0.0004380876780487597
DQN,25,final,45,3045,0.15032907009124757,2.0,2.0,0.7955684065818787,0.0004066291148774326
DQN,25,final,46,3046,0.21992928504943848,3.0,3.0,0.8344349265098572,0.00032740413250091177
DQN,25,final,47,3047,0.05162461280822755,2.0,2.0,0.6217812895774841,0.002809574725688435
DQN,25,final,48,3048,0.09000000000000001,1.0,1.0,0.4766691029071808,0.0005106751341372728
DQN,25,final,49,3049,0.08192973017692567,2.0,2.0,0.46112388372421265,0.0019155015688738786
DQN,25,final,50,3050,0.09000000000000001,1.0,1.0,0.5077658295631409,0.0002662945771589875
DQN,25,final,51,3051,0.21459973812103272,4.0,3.0,1.1750048398971558,0.0005782178996014409
DQN,25,final,52,3052,0.09000000000000001,1.0,1.0,0.39053818583488464,0.0005191392847336829
DQN,25,final,53,3053,0.018324213027954117,2.0,2.0,0.4263993799686432,0.0007597727817483246
DQN,25,final,54,3054,0.13012941360473634,2.0,2.0,0.8672279119491577,0.00047561098472215235
DQN,25,final,55,3055,0.06437313556671143,10.0,3.0,0.7741066217422485,0.0009382304328028112
DQN,25,final,56,3056,0.003327267169952408,2.0,2.0,0.6397215723991394,0.00043546074448386207
DQN,25,final,57,3057,0.11889869689941407,3.0,3.0,0.5765220522880554,0.0005342767011219015
DQN,25,final,58,3058,0.09000000000000001,1.0,1.0,0.6167406439781189,0.0003865347825922072
DQN,25,final,59,3059,0.04153596043586732,2.0,2.0,0.5284494757652283,0.0005429786397144198
DQN,25,final,60,3060,-0.5503737807273865,10.0,2.0,0.8801084160804749,0.0032241711422102528
DQN,25,final,61,3061,-0.07288340806961059,3.0,2.0,0.2716992497444153,0.0006384916099098822
DQN,25,final,62,3062,0.12008268594741822,4.0,3.0,0.8297601938247681,0.0007792744727339596
DQN,25,final,63,3063,0.09000000000000001,1.0,1.0,0.3252752423286438,0.0006118206074461341
DQN,25,final,64,3064,0.18270008444786073,2.0,2.0,0.4945513904094696,0.001477716548833996
DQN,25,final,65,3065,0.09000000000000001,1.0,1.0,0.15752659738063812,0.0008169374777935445
DQN,25,final,66,3066,0.3178729581832886,2.0,2.0,0.30484527349472046,0.0005580316937994212
DQN,25,final,67,3067,0.09000000000000001,1.0,1.0,0.07914034277200699,0.0004397763404995203
DQN,25,final,68,3068,0.23721631050109865,2.0,2.0,0.6912449598312378,0.009097747737541795
DQN,25,final,69,3069,0.09000000000000001,1.0,1.0,1.0914194583892822,0.0006451189983636141
DQN,25,final,70,3070,0.32053683876991274,2.0,2.0,0.39441952109336853,0.0007979488000273705
DQN,25,final,71,3071,0.05358468174934388,2.0,2.0,0.37000635266304016,0.0010424999927636236
DQN,25,final,72,3072,0.07396258592605592,2.0,2.0,0.3641899526119232,0.0005919886170886457
DQN,25,final,73,3073,0.06460865393280985,2.0,2.0,0.06693532317876816,0.0012676387559622526
DQN,25,final,74,3074,0.09000000000000001,1.0,1.0,0.7586489319801331,0.0006492406828328967
DQN,25,final,75,3075,0.14310367584228517,2.0,2.0,0.5154358148574829,0.000798673223471269
DQN,25,final,76,3076,0.191997127532959,2.0,2.0,0.6966066360473633,0.00046927298535592854
DQN,25,final,77,3077,0.317794429063797,2.0,2.0,0.3745218813419342,0.0007082535303197801
DQN,25,final,78,3078,0.04144705057144166,3.0,3.0,0.8628911972045898,0.0006741221683720747
DQN,25,final,79,3079,0.4027060437202454,2.0,2.0,0.46121644973754883,0.0005086277815280482
DQN,25,final,80,3080,0.09000000000000001,1.0,1.0,0.060215115547180176,0.0003526334767229855
DQN,25,final,81,3081,0.09000000000000001,1.0,1.0,0.4038172662258148,0.0004735713009722531
DQN,25,final,82,3082,0.09000000000000001,1.0,1.0,0.17101526260375977,0.00029662298038601875
DQN,25,final,83,3083,0.09000000000000001,1.0,1.0,0.1225757747888565,0.0005618518916890025
DQN,25,final,84,3084,0.09000000000000001,1.0,1.0,0.6210776567459106,0.0003523695922922343
DQN,25,final,85,3085,0.09000000000000001,1.0,1.0,0.1836853325366974,0.00041640657582320273
DQN,25,final,86,3086,0.10643465995788576,2.0,2.0,0.5225782990455627,0.0003142787900287658
DQN,25,final,87,3087,0.210580952167511,3.0,3.0,0.6482589840888977,0.0005151889151117454
DQN,25,final,88,3088,0.027925418615341195,2.0,2.0,0.3025503158569336,0.0007170301396399736
DQN,25,final,89,3089,0.09736589521169664,2.0,2.0,0.12163557857275009,0.0004841962072532624
DQN,25,final,90,3090,0.3054670763015747,3.0,3.0,0.7493216395378113,0.0005690331163350493
DQN,25,final,91,3091,0.09000000000000001,1.0,1.0,0.4788135588169098,0.0004348072106949985
DQN,25,final,92,3092,0.09000000000000001,1.0,1.0,0.2204076051712036,0.000637975987046957
DQN,25,final,93,3093,0.09000000000000001,1.0,1.0,0.06030181422829628,0.000499919056892395
DQN,25,final,94,3094,0.08822423398494722,2.0,2.0,0.1339235156774521,0.0005479922401718795
DQN,25,final,95,3095,0.34559828758239747,3.0,3.0,0.6440876722335815,0.0015615929344979425
DQN,25,final,96,3096,0.15429933547973634,2.0,2.0,0.6434768438339233,0.0004022497887490317
DQN,25,final,97,3097,0.25814003467559815,3.0,3.0,1.1366842985153198,0.0004796443196634452
DQN,25,final,98,3098,0.09000000000000001,1.0,1.0,0.30769678950309753,0.0007640167605131865
DQN,25,final,99,3099,-0.04440682709217071,3.0,2.0,0.29037365317344666,0.0007410206793186566
DQN,25,final,100,3100,-0.08693531155586245,10.0,3.0,0.32249346375465393,0.002777700303704478
DQN,25,final,101,3101,0.09000000000000001,1.0,1.0,0.15209051966667175,0.005559456534683704
DQN,25,final,102,3102,0.12122561216354372,2.0,2.0,0.7587968111038208,0.0005947144236415625
DQN,25,final,103,3103,0.0854416060447693,2.0,2.0,0.7040077447891235,0.0009898728458210826
DQN,25,final,104,3104,0.18221933364868165,3.0,3.0,0.44605493545532227,0.0011682629119604826
DQN,25,final,105,3105,-0.19393970251083376,8.0,6.0,0.8562273383140564,0.00404571396211395
DQN,25,final,106,3106,0.31001259565353395,2.0,2.0,0.6885743141174316,0.0011508677853271365
DQN,25,final,107,3107,0.23586393117904664,3.0,3.0,0.635497510433197,0.0007276207325048745
DQN,25,final,108,3108,0.030019359588623055,2.0,2.0,0.7724170088768005,0.0008231652900576591
DQN,25,final,109,3109,-0.17103356122970584,10.0,3.0,0.8314114212989807,0.0008239177725045011
DQN,25,final,110,3110,0.137735493183136,3.0,3.0,0.6637778282165527,0.0007014525181148201
DQN,25,final,111,3111,0.1881344485282898,2.0,2.0,0.4183793067932129,0.0006345779693219811
DQN,25,final,112,3112,0.08937601923942567,2.0,2.0,0.3986979126930237,0.000330614871927537
DQN,25,final,113,3113,0.030770020484924325,2.0,2.0,0.713275134563446,0.000654147966997698
DQN,25,final,114,3114,-0.12117664337158203,7.0,3.0,0.836237370967865,0.0005373637832235545
DQN,25,final,115,3115,0.20409028410911562,2.0,2.0,0.4283175766468048,0.0005251925613265485
DQN,25,final,116,3116,0.019133971929550186,2.0,2.0,0.43018198013305664,0.0007829763053450733
DQN,25,final,117,3117,0.15032907009124757,2.0,2.0,0.7955684065818787,0.0006904687325004488
DQN,25,final,118,3118,0.14264716386795045,2.0,2.0,0.8247135877609253,0.0003842049773084
DQN,25,final,119,3119,0.09000000000000001,1.0,1.0,0.11109425872564316,0.0007108112913556397
DQN,25,final,120,3120,0.09000000000000001,1.0,1.0,0.5977057814598083,0.0004972257884219289
DQN,25,final,121,3121,0.023587899208068863,2.0,2.0,0.67388916015625,0.0004989207373000681
DQN,25,final,122,3122,0.05415022552013398,2.0,2.0,0.1417544186115265,0.0005013593618059531
DQN,25,final,123,3123,0.1581887173652649,2.0,2.0,0.9849081635475159,0.00043593315058387816
DQN,25,final,124,3124,0.09000000000000001,1.0,1.0,0.2532714009284973,0.0006878582062199712
DQN,25,final,125,3125,0.5166938376426696,3.0,3.0,0.5722584128379822,0.003053540305700153
DQN,25,final,126,3126,-0.4866037845611572,10.0,2.0,0.840775191783905,0.0005526100576389581
DQN,25,final,127,3127,0.12795806646347047,3.0,3.0,0.5061506032943726,0.000504552765050903
DQN,25,final,128,3128,0.2115003037452698,2.0,2.0,0.39089852571487427,0.0005101797432871535
DQN,25,final,129,3129,0.05431901097297669,2.0,2.0,0.4207307994365692,0.0003760789695661515
DQN,25,final,130,3130,0.14664234399795534,2.0,2.0,0.7103124260902405,0.0005600981530733407
DQN,25,final,131,3131,0.09000000000000001,1.0,1.0,0.22699248790740967,0.0002863068657461554
DQN,25,final,132,3132,0.12884701967239381,2.0,2.0,0.7196475267410278,0.00046869444486219436
DQN,25,final,133,3133,0.09000000000000001,1.0,1.0,0.15565751492977142,0.000369969115126878
DQN,25,final,134,3134,0.064447261095047,3.0,3.0,0.3712112605571747,0.0004410306573845446
DQN,25,final,135,3135,-0.45730392932891845,10.0,2.0,0.6997739672660828,0.0007242486899485812
DQN,25,final,136,3136,0.09000000000000001,1.0,1.0,0.17496009171009064,0.0005376937915571034
DQN,25,final,137,3137,0.10724611759185793,2.0,2.0,1.0295405387878418,0.00039439674583263695
DQN,25,final,138,3138,0.26340939283370973,2.0,2.0,0.5317748785018921,0.000533818660187535
DQN,25,final,139,3139,0.1313107180595398,2.0,2.0,0.9086715579032898,0.010710202303016558
DQN,25,final,140,3140,0.09000000000000001,1.0,1.0,0.2551668584346771,0.00029050925513729453
DQN,25,final,141,3141,0.025733442902565018,2.0,2.0,0.2966873049736023,0.0007556852069683373
DQN,25,final,142,3142,0.21812899112701417,5.0,3.0,0.7544717788696289,0.0005162010027561336
DQN,25,final,143,3143,0.09000000000000001,1.0,1.0,0.21818868815898895,0.0002617516147438437
DQN,25,final,144,3144,0.11322142362594606,2.0,2.0,0.49533700942993164,0.0004603384295478463
DQN,25,final,145,3145,0.09000000000000001,1.0,1.0,0.5688288807868958,0.0011499057291075587
DQN,25,final,146,3146,0.1455277967453003,2.0,2.0,0.9199914336204529,0.0008930795884225518
DQN,25,final,147,3147,0.01823688268661501,3.0,3.0,0.6434551477432251,0.00036519452502640587
DQN,25,final,148,3148,0.09000000000000001,1.0,1.0,0.19062325358390808,0.0003119402099400759
DQN,25,final,149,3149,0.09000000000000001,1.0,1.0,0.23131966590881348,0.0003535988216754049
DQN,25,final,150,3150,0.004083940982818626,4.0,3.0,0.9204621315002441,0.0004735525872092694
DQN,25,final,151,3151,0.21950902223587038,2.0,2.0,0.8465851545333862,0.0004000926128355786
DQN,25,final,152,3152,0.12162994027137758,2.0,2.0,0.29371193051338196,0.0003528468805598095
DQN,25,final,153,3153,0.05498225450515747,4.0,3.0,0.9347068071365356,0.0004994410555809736
DQN,25,final,154,3154,0.44486600875854493,3.0,3.0,1.1359158754348755,0.00034548806919095415
DQN,25,final,155,3155,0.3581789302825928,2.0,2.0,0.5178595185279846,0.0040004836628213525
DQN,25,final,156,3156,0.22962804317474367,2.0,2.0,0.38301801681518555,0.0006169173575472087
DQN,25,final,157,3157,0.259677426815033,2.0,2.0,0.7511520981788635,0.0007371788669843227
DQN,25,final,158,3158,0.1398757863044739,2.0,2.0,0.1793636530637741,0.0009500149171799421
DQN,25,final,159,3159,0.09000000000000001,1.0,1.0,0.4049839377403259,0.0007932294392958283
DQN,25,final,160,3160,0.09000000000000001,1.0,1.0,0.38838475942611694,0.00041080964729189873
DQN,25,final,161,3161,0.09038625836372377,2.0,2.0,0.3037204146385193,0.000590125797316432
DQN,25,final,162,3162,-0.11841540336608887,5.0,3.0,0.7457699179649353,0.0005846705404110253
DQN,25,final,163,3163,0.08473335385322572,2.0,2.0,0.31530672311782837,0.0006247284181881696
DQN,25,final,164,3164,0.13131261587142945,3.0,3.0,0.5218421220779419,0.000389211782021448
DQN,25,final,165,3165,0.20524360418319704,2.0,2.0,0.7043099999427795,0.0004651357448892668
DQN,25,final,166,3166,0.15108825445175172,2.0,2.0,0.749488353729248,0.0016059044428402558
DQN,25,final,167,3167,0.05696982860565187,3.0,3.0,0.8733054399490356,0.0007756676156229029
DQN,25,final,168,3168,0.1614013481140137,2.0,2.0,0.5699511766433716,0.0009729179146233946
DQN,25,final,169,3169,0.1891679334640503,2.0,2.0,0.5462413430213928,0.001702344190562144
DQN,25,final,170,3170,0.18332389175891878,2.0,2.0,0.22210057079792023,0.0006817958492320031
DQN,25,final,171,3171,0.09000000000000001,1.0,1.0,0.23433564603328705,0.0066871060989797115
DQN,25,final,172,3172,-0.45856189727783203,10.0,3.0,0.5505675077438354,0.0009680314571596683
DQN,25,final,173,3173,0.20547210454940795,7.0,5.0,0.9876915812492371,0.0006180618074722588
DQN,25,final,174,3174,0.16569043874740602,2.0,2.0,0.5478292107582092,0.0006061684689484537
DQN,25,final,175,3175,0.20871923089027405,3.0,3.0,0.2941027283668518,0.00033145320291320485
DQN,25,final,176,3176,0.22580070972442629,2.0,2.0,0.6616777777671814,0.0004382092593004927
DQN,25,final,177,3177,0.13657201051712037,3.0,3.0,0.6926096677780151,0.0010433022398501635
DQN,25,final,178,3178,0.06321621656417847,3.0,3.0,0.5442621111869812,0.000505580595927313
DQN,25,final,179,3179,0.09000000000000001,1.0,1.0,0.3615773618221283,0.0005366094992496073
DQN,25,final,180,3180,0.09000000000000001,1.0,1.0,0.4360501170158386,0.023314109072089195
DQN,25,final,181,3181,0.09000000000000001,1.0,1.0,0.41263818740844727,0.00039406149880960584
DQN,25,final,182,3182,0.09000000000000001,1.0,1.0,0.18372437357902527,0.000302140018902719
DQN,25,final,183,3183,0.1859125566482544,3.0,3.0,0.7184180617332458,0.010691691364627331
DQN,25,final,184,3184,0.16655940771102906,4.0,3.0,0.5136829018592834,0.0005408777942648157
DQN,25,final,185,3185,0.19740642786026003,2.0,2.0,0.4887753129005432,0.0005302954814396799
DQN,25,final,186,3186,0.18402685403823854,2.0,2.0,0.6944699287414551,0.0004977927455911413
DQN,25,final,187,3187,0.0632625985145569,2.0,2.0,0.7813577651977539,0.0015101300668902695
DQN,25,final,188,3188,0.09000000000000001,1.0,1.0,0.45288318395614624,0.0003058775037061423
DQN,25,final,189,3189,0.01250346422195435,3.0,2.0,0.399160772562027,0.0007559074729215354
DQN,25,final,190,3190,0.09000000000000001,1.0,1.0,0.5172393918037415,0.00034099098411388695
DQN,25,final,191,3191,0.13883347988128664,2.0,2.0,0.5034900307655334,0.0004375934222480282
DQN,25,final,192,3192,0.23616833209991456,3.0,3.0,1.0882214307785034,0.00043505018887420494
DQN,25,final,193,3193,-0.01662629127502442,3.0,3.0,0.6905154585838318,0.0005627450882457197
DQN,25,final,194,3194,0.05409318387508393,2.0,2.0,0.23453164100646973,0.0004291852965252474
DQN,25,final,195,3195,0.008421449661254896,7.0,2.0,0.7296997904777527,0.00043720980673762303
DQN,25,final,196,3196,0.05552914172410966,2.0,2.0,0.13671870529651642,0.0004747016937471926
DQN,25,final,197,3197,-0.058588738441467295,7.0,4.0,0.5011903047561646,0.0006972218148543366
DQN,25,final,198,3198,0.21727831840515138,2.0,2.0,0.8060762286186218,0.00046434285468421876
DQN,25,final,199,3199,-0.009078969955444341,4.0,3.0,1.2634409666061401,0.0008727814856683835
DQN,25,final,200,3200,0.09000000000000001,1.0,1.0,0.47708430886268616,0.0004337634891271591
DQN,25,final,201,3201,0.15289695739746095,2.0,2.0,0.6792886853218079,0.00037359519046731293
DQN,25,final,202,3202,0.28705243945121767,2.0,2.0,0.496643990278244,0.0004034034791402519
DQN,25,final,203,3203,0.05519087791442872,2.0,2.0,0.7143474817276001,0.0007006837404333055
DQN,25,final,204,3204,0.0808932873606682,2.0,2.0,0.1034737303853035,0.00041522480023559183
DQN,25,final,205,3205,0.1179062592983246,2.0,2.0,0.4962289035320282,0.001227061788085848
DQN,25,final,206,3206,0.120279358625412,2.0,2.0,0.4741438329219818,0.0003400731220608577
DQN,25,final,207,3207,0.071852343082428,2.0,2.0,0.7125710248947144,0.00035237710108049214
DQN,25,final,208,3208,0.10877679944038393,4.0,2.0,0.41521593928337097,0.0004507170779106673
DQN,25,final,209,3209,0.19898820638656617,3.0,3.0,0.710985541343689,0.000500936604415377
DQN,25,final,210,3210,0.04997118532657624,3.0,3.0,0.1887115240097046,0.00040258798010957736
DQN,25,final,211,3211,0.04157252788543702,2.0,2.0,0.9711864590644836,0.0004957124474458396
DQN,25,final,212,3212,-0.4667271256446838,10.0,2.0,0.7553954720497131,0.00046620640641776846
DQN,25,final,213,3213,0.0351738202571869,2.0,2.0,0.536053478717804,0.0003715623024618253
DQN,25,final,214,3214,0.16899235725402834,2.0,2.0,1.0134018659591675,0.0006195563182700425
DQN,25,final,215,3215,0.10870577573776247,2.0,2.0,0.4187292754650116,0.000422084383899346
DQN,25,final,216,3216,0.09000000000000001,1.0,1.0,0.0783238559961319,0.0004726357292383909
DQN,25,final,217,3217,0.09000000000000001,1.0,1.0,0.2502901256084442,0.000524491595569998
DQN,25,final,218,3218,0.08880378484725954,2.0,2.0,0.5498810410499573,0.00039488136826548725
DQN,25,final,219,3219,0.25564678192138673,2.0,2.0,0.5359969735145569,0.0003965302457800135
DQN,25,final,220,3220,0.2969315218925476,2.0,2.0,0.848358690738678,0.0005312198190949857
DQN,25,final,221,3221,0.08343334674835207,2.0,2.0,0.5982609391212463,0.00034752087958622724
DQN,25,final,222,3222,0.09000000000000001,1.0,1.0,0.22092263400554657,0.0004360396706033498
DQN,25,final,223,3223,0.05222107648849488,2.0,2.0,0.898753821849823,0.0006515155837405473
DQN,25,final,224,3224,-0.5344996333122254,10.0,2.0,0.6886358261108398,0.00041517261415719987
DQN,25,final,225,3225,0.09000000000000001,1.0,1.0,0.17170783877372742,0.00035913524334318936
DQN,25,final,226,3226,0.04990394592285157,2.0,2.0,0.6224603652954102,0.00030417885136557743
DQN,25,final,227,3227,0.1251963543891907,2.0,2.0,0.7496157884597778,0.0004036451136926189
DQN,25,final,228,3228,-0.4399900436401367,10.0,3.0,0.9399694204330444,0.00044155945506645365
DQN,25,final,229,3229,0.05916996479034425,2.0,2.0,0.5656517148017883,0.0004247451724950224
DQN,25,final,230,3230,-0.1132198929786682,5.0,2.0,0.4925099015235901,0.0003331781306769699
DQN,25,final,231,3231,0.22622539281845094,2.0,2.0,0.8150349855422974,0.0002949730842374265
DQN,25,final,232,3232,0.09000000000000001,1.0,1.0,0.24625042080879211,0.0003594014560803771
DQN,25,final,233,3233,0.20135409355163575,3.0,3.0,0.441350519657135,0.00034029048401862383
DQN,25,final,234,3234,0.13806138396263123,4.0,3.0,0.41368135809898376,0.00030403260825551115
DQN,25,final,235,3235,0.08034212112426758,3.0,3.0,0.8037413358688354,0.00041943450438945246
DQN,25,final,236,3236,-0.5453960299491882,10.0,3.0,0.8900136947631836,0.0003913210501195863
DQN,25,final,237,3237,-0.5037882804870606,10.0,2.0,0.6345714926719666,0.0015584947948809713
DQN,25,final,238,3238,0.22875882863998415,2.0,2.0,0.7030919790267944,0.0005476315127452835
DQN,25,final,239,3239,0.09000000000000001,1.0,1.0,0.11873145401477814,0.000288249459117651
DQN,25,final,240,3240,0.21236045837402345,2.0,2.0,0.7818020582199097,0.0006316295766737312
DQN,25,final,241,3241,0.15948565483093263,2.0,2.0,0.2146800458431244,0.0006904107867740095
DQN,25,final,242,3242,0.09000000000000001,1.0,1.0,0.5110832452774048,0.000819168402813375
DQN,25,final,243,3243,0.21786911010742188,3.0,3.0,1.232247233390808,0.000630931385482351
DQN,25,final,244,3244,0.22440016984939576,3.0,3.0,0.5665232539176941,0.00117305249053364
DQN,25,final,245,3245,0.09000000000000001,1.0,1.0,0.1852765530347824,0.0003652641025837511
DQN,25,final,246,3246,0.17229814052581788,3.0,3.0,0.50491863489151,0.000645848059017832
DQN,25,final,247,3247,0.21894390106201173,3.0,3.0,0.86835777759552,0.0004366013842324416
DQN,25,final,248,3248,-0.6841836273670199,10.0,3.0,0.6424368023872375,0.0006776789727155119
DQN,25,final,249,3249,0.09000000000000001,1.0,1.0,0.5199615359306335,0.0005216670106165111
DQN,25,final,250,3250,0.09000000000000001,1.0,1.0,0.06141440197825432,0.0004593245394062251
DQN,25,final,251,3251,0.3315370845794678,2.0,2.0,0.580626368522644,0.0019790496880887076
DQN,25,final,252,3252,-0.43370800018310546,10.0,2.0,0.6091671586036682,0.001519161049509421
DQN,25,final,253,3253,0.07601843953132631,2.0,2.0,0.3611982464790344,0.0006001481378916651
DQN,25,final,254,3254,0.13737102031707765,2.0,2.0,0.7760767936706543,0.000658422039123252
DQN,25,final,255,3255,0.10108541131019594,2.0,2.0,0.31313246488571167,0.0007816934667062014
DQN,25,final,256,3256,-0.004565877914428695,2.0,2.0,0.6241695284843445,0.0008311083947774023
DQN,25,final,257,3257,-0.09436578869819641,2.0,2.0,0.5101323127746582,0.0006693304167129099
DQN,25,final,258,3258,0.09000000000000001,1.0,1.0,0.26813843846321106,0.0003976958687417209
DQN,25,final,259,3259,-0.12198591828346252,5.0,2.0,0.4855952262878418,0.0006371222960297018
DQN,25,final,260,3260,0.16712351322174074,2.0,2.0,0.507117509841919,0.0005305309605319053
DQN,25,final,261,3261,0.20969458103179933,2.0,2.0,0.5694870352745056,0.00039452903729397804
DQN,25,final,262,3262,0.06432752490043642,2.0,2.0,0.3833692967891693,0.0007439425680786371
DQN,25,final,263,3263,0.09000000000000001,1.0,1.0,0.1625128537416458,0.00044701964361593127
DQN,25,final,264,3264,0.16977518975734712,2.0,2.0,0.21654407680034637,0.0004407908272696659
DQN,25,final,265,3265,0.09200199127197267,2.0,2.0,0.3098229765892029,0.0005680258909706026
DQN,25,final,266,3266,-0.4146507978439331,10.0,3.0,0.6917786598205566,0.003450340841664001
DQN,25,final,267,3267,0.09000000000000001,1.0,1.0,0.4729541838169098,0.004133600275963545
DQN,25,final,268,3268,0.09000000000000001,1.0,1.0,0.17026272416114807,0.0004916256293654442
DQN,25,final,269,3269,-0.008411778211593612,2.0,2.0,0.40978604555130005,0.0010168679291382432
DQN,25,final,270,3270,0.1057726311683655,2.0,2.0,0.6500148773193359,0.0019313563243485987
DQN,25,final,271,3271,0.22245569705963136,2.0,2.0,0.6454952955245972,0.0009470731602050364
DQN,25,final,272,3272,0.2044442892074585,5.0,4.0,0.7341048121452332,0.0046199897537007924
DQN,25,final,273,3273,0.20664773225784305,6.0,6.0,0.6654149889945984,0.0019373353182648618
DQN,25,final,274,3274,-0.1801022720336914,7.0,3.0,0.34761306643486023,0.0010556406757262135
DQN,25,final,275,3275,0.09000000000000001,1.0,1.0,0.36100369691848755,0.000535891333129257
DQN,25,final,276,3276,0.19980617046356203,2.0,2.0,0.6004869341850281,0.016768057481385767
DQN,25,final,277,3277,-0.5146723389625549,10.0,3.0,0.8747028708457947,0.0014788458764087408
DQN,25,final,278,3278,-0.04229824781417847,4.0,3.0,1.0000102519989014,0.015531645287410356
DQN,25,final,279,3279,-0.03176587104797361,3.0,3.0,0.5782377123832703,0.0005475338742447396
DQN,25,final,280,3280,0.04494560718536377,4.0,3.0,0.7442905306816101,0.0012607845128513873
DQN,25,final,281,3281,0.09000000000000001,1.0,1.0,0.3195558488368988,0.0007708981283940375
DQN,25,final,282,3282,0.20030171394348145,3.0,3.0,0.85098797082901,0.0007126906032984456
DQN,25,final,283,3283,0.09000000000000001,1.0,1.0,0.6405400037765503,0.011549810878932476
DQN,25,final,284,3284,0.09679733514785768,5.0,5.0,0.5975489020347595,0.002763326762942597
DQN,25,final,285,3285,0.09000000000000001,1.0,1.0,0.15562091767787933,0.0008503581047989428
DQN,25,final,286,3286,0.0857467818260193,2.0,2.0,0.24446383118629456,0.0008685478533152491
DQN,25,final,287,3287,0.1965003776550293,2.0,2.0,1.026949405670166,0.00446878862567246
DQN,25,final,288,3288,0.1235190796852112,2.0,2.0,0.5944228768348694,0.0007152807083912194
DQN,25,final,289,3289,-0.015623018741607653,6.0,3.0,0.8081027269363403,0.001450720146143188
DQN,25,final,290,3290,0.10164489030838014,2.0,2.0,0.19668622314929962,0.0010707126639317721
DQN,25,final,291,3291,0.045289893150329594,8.0,3.0,1.0253418684005737,0.0012734071351587772
DQN,25,final,292,3292,0.09000000000000001,1.0,1.0,0.2829830050468445,0.0011004176922142506
DQN,25,final,293,3293,0.29005295753479005,3.0,3.0,0.56886225938797,0.0013176646704475086
DQN,25,final,294,3294,0.08237172842025758,2.0,2.0,0.7116366028785706,0.0009705844859126955
DQN,25,final,295,3295,0.09000000000000001,1.0,1.0,0.1690274178981781,0.0011627573985606432
DQN,25,final,296,3296,0.2176297378540039,3.0,3.0,1.0724791288375854,0.0009102242959973713
DQN,25,final,297,3297,-0.23876926422119138,7.0,2.0,0.5603498816490173,0.007117002029969756
DQN,25,final,298,3298,0.1829028916358948,3.0,2.0,0.5530841946601868,0.0010302398974696796
DQN,25,final,299,3299,0.10609002590179445,2.0,2.0,1.1173597574234009,0.0007268573390319943
DQN,25,final,300,3300,0.16282446861267091,2.0,2.0,0.9215375185012817,0.0006425172614399344
DQN,25,final,301,3301,-0.1266766023635864,7.0,3.0,0.7865515947341919,0.0009785500172126507
DQN,25,final,302,3302,0.15397886157035828,3.0,3.0,0.39303016662597656,0.0014021960669197142
DQN,25,final,303,3303,0.09000000000000001,1.0,1.0,0.0808379054069519,0.0006943033658899367
DQN,25,final,304,3304,0.09000000000000001,1.0,1.0,0.550081729888916,0.011861171573400497
DQN,25,final,305,3305,0.09000000000000001,1.0,1.0,0.23371796309947968,0.0005439108936116099
DQN,25,final,306,3306,0.1562535333633423,2.0,2.0,0.8378579020500183,0.0009708639699965715
DQN,25,final,307,3307,0.03968319296836854,5.0,4.0,0.2659120559692383,0.000738285481929779
DQN,25,final,308,3308,0.20797927856445314,2.0,2.0,1.2838735580444336,0.0005806297995150089
DQN,25,final,309,3309,0.11643679618835451,2.0,2.0,0.772043764591217,0.0005977989349048585
DQN,25,final,310,3310,0.31928844928741457,2.0,2.0,0.6603794097900391,0.010100971645442769
DQN,25,final,311,3311,0.09000000000000001,1.0,1.0,0.18910010159015656,0.0007093855529092252
DQN,25,final,312,3312,0.09000000000000001,1.0,1.0,0.3032113015651703,0.0005736332968808711
DQN,25,final,313,3313,0.09000000000000001,1.0,1.0,0.5890235304832458,0.0005091470666229725
DQN,25,final,314,3314,0.09000000000000001,1.0,1.0,0.3607470691204071,0.0012262503150850534
DQN,25,final,315,3315,-0.6796883225440981,10.0,2.0,1.1034897565841675,0.005712563055567443
DQN,25,final,316,3316,0.2255722451210022,2.0,2.0,0.42998868227005005,0.00047603702114429325
DQN,25,final,317,3317,0.09000000000000001,1.0,1.0,0.11975463479757309,0.0007444813381880522
DQN,25,final,318,3318,0.10135330438613893,2.0,2.0,0.30519071221351624,0.0004698757693404332
DQN,25,final,319,3319,-0.192563099861145,2.0,2.0,0.9979947209358215,0.0008993112569442019
DQN,25,final,320,3320,0.09000000000000001,1.0,1.0,0.14439977705478668,0.0005687972297891974
DQN,25,final,321,3321,0.05902345657348634,2.0,2.0,0.6391944885253906,0.0011228633811697364
DQN,25,final,322,3322,0.18876357555389406,2.0,2.0,0.7474763989448547,0.0009026199113577604
DQN,25,final,323,3323,0.011418240070343033,2.0,2.0,0.2893470823764801,0.0005756560567533597
DQN,25,final,324,3324,0.2777175688743591,6.0,6.0,0.5918388962745667,0.0012288520423074563
DQN,25,final,325,3325,0.09000000000000001,1.0,1.0,1.0259284973144531,0.0004992015892639756
DQN,25,final,326,3326,0.014327712059021003,3.0,3.0,0.9467577338218689,0.000988737747926886
DQN,25,final,327,3327,0.06580500602722168,5.0,5.0,0.8994978070259094,0.0005155692051630467
DQN,25,final,328,3328,0.25825900554656983,3.0,3.0,0.7410028576850891,0.0006048794214924177
DQN,25,final,329,3329,0.09000000000000001,1.0,1.0,0.11670593172311783,0.0005801505176350474
DQN,25,final,330,3330,0.067320214509964,2.0,2.0,0.2730216383934021,0.001558837539050728
DQN,25,final,331,3331,0.09000000000000001,1.0,1.0,0.20273467898368835,0.0005754519370384514
DQN,25,final,332,3332,0.27345014333724976,3.0,3.0,0.6819965243339539,0.0009406505074972907
DQN,25,final,333,3333,0.03942223072052003,2.0,2.0,0.6354086995124817,0.0009325879509560764
DQN,25,final,334,3334,0.09000000000000001,1.0,1.0,0.41003575921058655,0.0007260777638293803
DQN,25,final,335,3335,0.12319101572036745,2.0,2.0,0.5343507528305054,0.0005595266993623227
DQN,25,final,336,3336,0.09000000000000001,1.0,1.0,0.48716089129447937,0.0010869443649426103
DQN,25,final,337,3337,-0.0030248069763183505,4.0,3.0,0.609948456287384,0.0007525611290475354
DQN,25,final,338,3338,0.09000000000000001,1.0,1.0,0.14191991090774536,0.0009914685506373644
DQN,25,final,339,3339,-0.056770123839378336,3.0,3.0,0.28676512837409973,0.0004855025326833129
DQN,25,final,340,3340,0.20229394912719728,2.0,2.0,0.21594882011413574,0.0006014189857523888
DQN,25,final,341,3341,0.09000000000000001,1.0,1.0,0.6963376998901367,0.0004525634867604822
DQN,25,final,342,3342,0.09000000000000001,1.0,1.0,0.5741935968399048,0.0005176197155378759
DQN,25,final,343,3343,0.09962298154830934,2.0,2.0,0.5616596341133118,0.0005833666800754145
DQN,25,final,344,3344,-0.011174662113189682,2.0,2.0,0.5950666069984436,0.0005662888579536229
DQN,25,final,345,3345,0.06684433102607729,2.0,2.0,0.5079101324081421,0.0005817030905745924
DQN,25,final,346,3346,0.09000000000000001,1.0,1.0,0.20133699476718903,0.000614504620898515
DQN,25,final,347,3347,0.09000000000000001,1.0,1.0,0.1714763641357422,0.002580604050308466
DQN,25,final,348,3348,0.18132681369781495,3.0,3.0,0.579062283039093,0.001094462602244069
DQN,25,final,349,3349,0.21444751501083376,2.0,2.0,0.6951060891151428,0.0004112509486731142
DQN,25,final,350,3350,0.07282063007354736,6.0,2.0,0.5955028533935547,0.0009375295194331557
DQN,25,final,351,3351,0.10033314108848573,2.0,2.0,0.2972728908061981,0.0005788010894320905
DQN,25,final,352,3352,-0.01779298067092895,3.0,2.0,0.6263262033462524,0.0006072923230628172
DQN,25,final,353,3353,0.1530744004249573,2.0,2.0,0.7296904921531677,0.0006613901205128059
DQN,25,final,354,3354,0.12481780529022218,2.0,2.0,0.7952383160591125,0.00042990376823581755
DQN,25,final,355,3355,0.07743247032165529,2.0,2.0,0.16538627445697784,0.000743494849302806
DQN,25,final,356,3356,0.09000000000000001,1.0,1.0,0.7316040992736816,0.0006335758953355253
DQN,25,final,357,3357,0.09000000000000001,1.0,1.0,0.3685683310031891,0.00038022251101210713
DQN,25,final,358,3358,0.09711940765380861,2.0,2.0,0.5604696869850159,0.0003927276120521128
DQN,25,final,359,3359,-0.4586108922958374,10.0,3.0,0.23922955989837646,0.0004634980432456359
DQN,25,final,360,3360,0.17210680961608887,3.0,3.0,0.17261812090873718,0.0004198535461910069
DQN,25,final,361,3361,0.09000000000000001,1.0,1.0,0.304928719997406,0.0004864622897002846
DQN,25,final,362,3362,0.09000000000000001,1.0,1.0,0.1930588185787201,0.0003577359311748296
DQN,25,final,363,3363,0.14631082296371462,2.0,2.0,0.5902973413467407,0.0020215763070154935
DQN,25,final,364,3364,0.20528549671173096,3.0,3.0,0.6068109273910522,0.0015643769487117727
DQN,25,final,365,3365,0.09000000000000001,1.0,1.0,0.8016010522842407,0.0008651636890135705
DQN,25,final,366,3366,0.09000000000000001,1.0,1.0,0.5676495432853699,0.0007491193246096373
DQN,25,final,367,3367,0.16092182874679567,2.0,2.0,0.7217773795127869,0.0010175214556511492
DQN,25,final,368,3368,0.09000000000000001,1.0,1.0,0.10323352366685867,0.001548759057186544
DQN,25,final,369,3369,0.09000000000000001,1.0,1.0,0.36016130447387695,0.0005429115844890475
DQN,25,final,370,3370,0.17958195686340334,2.0,2.0,0.313129186630249,0.00041893906018231064
DQN,25,final,371,3371,0.09000000000000001,1.0,1.0,0.5574898719787598,0.0006522933836095035
DQN,25,final,372,3372,0.07405717849731447,2.0,2.0,0.31998199224472046,0.0007659951806999743
DQN,25,final,373,3373,0.3399846625328064,3.0,3.0,0.6862607002258301,0.0008787591747629145
DQN,25,final,374,3374,0.15812832295894624,2.0,2.0,0.2315630167722702,0.00043917699076700956
DQN,25,final,375,3375,0.09000000000000001,1.0,1.0,0.6371520757675171,0.0006528515368700027
DQN,25,final,376,3376,0.07652892351150514,2.0,2.0,0.5998468399047852,0.0005404037365224212
DQN,25,final,377,3377,0.09000000000000001,1.0,1.0,0.2950804829597473,0.0004279745335225016
DQN,25,final,378,3378,-0.021281188726425163,5.0,2.0,0.38474801182746887,0.001081102929310873
DQN,25,final,379,3379,0.13379968881607057,2.0,2.0,0.49019789695739746,0.00048769965360406786
DQN,25,final,380,3380,0.06132668256759643,5.0,4.0,0.5251428484916687,0.00045091548236086965
DQN,25,final,381,3381,0.16973126649856568,3.0,3.0,0.9116321206092834,0.0005763134686276317
DQN,25,final,382,3382,0.055165774822235114,3.0,3.0,0.5634180307388306,0.0006460147948625187
DQN,25,final,383,3383,0.16069626808166504,5.0,4.0,0.7826162576675415,0.0007504686713218689
DQN,25,final,384,3384,0.1968499290943146,2.0,2.0,0.35577839612960815,0.0006875457183923572
DQN,25,final,385,3385,0.11565394878387453,2.0,2.0,0.8337612152099609,0.0006104750791564584
DQN,25,final,386,3386,0.3050838577747345,2.0,2.0,0.34127721190452576,0.0004213745123706758
DQN,25,final,387,3387,0.019955775737762457,9.0,3.0,0.9107298254966736,0.0004320205092274894
DQN,25,final,388,3388,0.050946838855743415,3.0,3.0,0.561943769454956,0.0005633111771506568
DQN,25,final,389,3389,0.17848591685295107,2.0,2.0,0.48255643248558044,0.0003842501464532688
DQN,25,final,390,3390,-0.07523121595382691,6.0,6.0,0.6434181928634644,0.002860074620305871
DQN,25,final,391,3391,0.11151177406311036,3.0,3.0,0.811894953250885,0.0050406600736702485
DQN,25,final,392,3392,0.35540074825286866,3.0,3.0,0.5392658114433289,0.0006296816087948779
DQN,25,final,393,3393,0.04135907888412476,5.0,3.0,0.5839134454727173,0.0009536295779980719
DQN,25,final,394,3394,0.04332293748855592,2.0,2.0,0.7097692489624023,0.0014436687051784247
DQN,25,final,395,3395,0.09000000000000001,1.0,1.0,0.08697879314422607,0.0004700285498984158
DQN,25,final,396,3396,0.09000000000000001,1.0,1.0,0.1105765774846077,0.0005627687205560505
DQN,25,final,397,3397,0.23122373938560487,3.0,3.0,0.4652193486690521,0.0005786492159434905
DQN,25,final,398,3398,0.09000000000000001,1.0,1.0,0.17355358600616455,0.0006592050776816905
DQN,25,final,399,3399,0.09000000000000001,1.0,1.0,0.21610799431800842,0.0004922334337607026
DQN,25,final,400,3400,0.17116899967193605,2.0,2.0,0.5609574317932129,0.0003468743962002918
DQN,25,final,401,3401,0.09000000000000001,1.0,1.0,0.5741935968399048,0.0008922750130295753
DQN,25,final,402,3402,0.06555487394332887,2.0,2.0,0.24854515492916107,0.0005951058701612055
DQN,25,final,403,3403,0.16338162302970888,2.0,2.0,0.3110964298248291,0.0004404330247780308
DQN,25,final,404,3404,0.09000000000000001,1.0,1.0,0.8042939305305481,0.00048572930973023176
DQN,25,final,405,3405,0.09000000000000001,1.0,1.0,0.40244174003601074,0.00038866372779011726
DQN,25,final,406,3406,0.05590184211730958,2.0,2.0,0.5558838844299316,0.0005567801126744598
DQN,25,final,407,3407,0.09000000000000001,1.0,1.0,0.2366536408662796,0.0006267736898735166
DQN,25,final,408,3408,0.011879639625549332,2.0,2.0,0.8144118189811707,0.0006193972658365965
DQN,25,final,409,3409,0.34995031356811523,5.0,4.0,0.70921790599823,0.0006012365687638521
DQN,25,final,410,3410,0.23114086866378786,2.0,2.0,0.5040882229804993,0.00046303277486003935
DQN,25,final,411,3411,0.16191561698913576,2.0,2.0,0.5337291955947876,0.0008909800089895725
DQN,25,final,412,3412,0.003587051630020141,6.0,3.0,0.46773043274879456,0.0006381571292877197
DQN,25,final,413,3413,0.01690051138401033,2.0,2.0,0.29275640845298767,0.0008323269430547953
DQN,25,final,414,3414,0.12327678680419923,2.0,2.0,0.8624406456947327,0.0005631723906844854
DQN,25,final,415,3415,0.09000000000000001,1.0,1.0,0.5650167465209961,0.0004111039452254772
DQN,25,final,416,3416,0.09295310258865358,2.0,2.0,0.6702265739440918,0.0005825507250847295
DQN,25,final,417,3417,0.27014148950576783,3.0,3.0,0.8555013537406921,0.004300844622775912
DQN,25,final,418,3418,0.14196938991546632,3.0,3.0,0.6470186114311218,0.0007302555604837835
DQN,25,final,419,3419,-0.6098123192787172,10.0,3.0,0.4712570011615753,0.0022283580678049476
DQN,25,final,420,3420,0.09000000000000001,1.0,1.0,0.37578779458999634,0.000279645377304405
DQN,25,final,421,3421,0.01979339838027956,3.0,3.0,0.6593557000160217,0.033366876925962664
DQN,25,final,422,3422,0.29058606147766114,3.0,3.0,0.8036314249038696,0.0011591202928684652
DQN,25,final,423,3423,0.06671557009220125,2.0,2.0,0.21613344550132751,0.001398820139002055
DQN,25,final,424,3424,0.018021771907806405,4.0,3.0,0.6320108771324158,0.0010177752847084776
DQN,25,final,425,3425,0.1592459845542908,2.0,2.0,0.7090471982955933,0.0009978950838558376
DQN,25,final,426,3426,0.18537105798721315,2.0,2.0,0.60349041223526,0.0009987633093260229
DQN,25,final,427,3427,0.09000000000000001,1.0,1.0,0.6384884715080261,0.0008627132046967745
DQN,25,final,428,3428,-0.02196506738662722,8.0,3.0,0.3969091773033142,0.0039047041718731634
DQN,25,final,429,3429,0.1085824239253998,2.0,2.0,0.25347110629081726,0.001016285823425278
DQN,25,final,430,3430,0.2236479687690735,2.0,2.0,0.7793176770210266,0.0005264195351628587
DQN,25,final,431,3431,0.09000000000000001,1.0,1.0,0.278597891330719,0.000707179366145283
DQN,25,final,432,3432,0.18486531257629396,2.0,2.0,0.8227425813674927,0.0006307045405264944
DQN,25,final,433,3433,-0.45116108655929565,10.0,3.0,0.6669750809669495,0.0006292258942266927
DQN,25,final,434,3434,0.11123304247856142,2.0,2.0,0.44155535101890564,0.0007115515181794763
DQN,25,final,435,3435,0.21884907007217408,3.0,3.0,0.8061214089393616,0.004471446794923395
DQN,25,final,436,3436,0.001922495365142829,3.0,3.0,0.8709571957588196,0.0009050048926534752
DQN,25,final,437,3437,-0.17292037963867185,6.0,2.0,0.7006198763847351,0.0012694817075195413
DQN,25,final,438,3438,0.08775194168090822,2.0,2.0,0.939818263053894,0.0010046338429674506
DQN,25,final,439,3439,0.18989898443222047,2.0,2.0,0.6738160848617554,0.000659947661915794
DQN,25,final,440,3440,-0.07844974875450135,3.0,3.0,0.49746015667915344,0.0008353230659849942
DQN,25,final,441,3441,0.13287356674671175,2.0,2.0,0.20575936138629913,0.0006443874153774232
DQN,25,final,442,3442,0.09000000000000001,1.0,1.0,0.585961639881134,0.0006069825030863285
DQN,25,final,443,3443,0.09000000000000001,1.0,1.0,0.07923924922943115,0.0011167615884914994
DQN,25,final,444,3444,0.14530754804611207,3.0,3.0,0.2202293574810028,0.0007100890895041326
DQN,25,final,445,3445,0.09000000000000001,1.0,1.0,0.12686102092266083,0.0006598991458304226
DQN,25,final,446,3446,0.22918187260627748,2.0,2.0,0.40610823035240173,0.0007138923392631114
DQN,25,final,447,3447,0.23647864341735841,2.0,2.0,0.7924103140830994,0.0008710000256542116
DQN,25,final,448,3448,0.245330708026886,2.0,2.0,0.5076470375061035,0.0006150076660560444
DQN,25,final,449,3449,0.20665005028247835,2.0,2.0,0.24921272695064545,0.0005186251655686647
DQN,25,final,450,3450,0.10714579343795777,3.0,3.0,0.5478290319442749,0.0005831931775901467
DQN,25,final,451,3451,0.057434635162353524,2.0,2.0,1.0441973209381104,0.000660641206195578
DQN,25,final,452,3452,0.09000000000000001,1.0,1.0,1.0287591218948364,0.0008887990261428058
DQN,25,final,453,3453,-0.02743772983551024,2.0,2.0,0.8004361987113953,0.0015487029741052538
DQN,25,final,454,3454,0.09073657512664796,3.0,3.0,0.8542587161064148,0.0004725232332323988
DQN,25,final,455,3455,0.1669497060775757,2.0,2.0,0.7193062901496887,0.000417913353885524
DQN,25,final,456,3456,0.10891849517822266,3.0,3.0,0.5538478493690491,0.0007301553074891368
DQN,25,final,457,3457,0.08469398498535158,2.0,2.0,0.5626669526100159,0.00038537499494850636
DQN,25,final,458,3458,0.09000000000000001,1.0,1.0,0.16597290337085724,0.000507576682139188
DQN,25,final,459,3459,0.09000000000000001,1.0,1.0,0.22540582716464996,0.0017207586206495762
DQN,25,final,460,3460,0.09282882690429689,2.0,2.0,0.8508309125900269,0.0008775104361120611
DQN,25,final,461,3461,0.09000000000000001,1.0,1.0,0.22188271582126617,0.0008662663167342544
DQN,25,final,462,3462,0.18402685403823854,2.0,2.0,0.6944699287414551,0.0007858113385736942
DQN,25,final,463,3463,0.13672215461730958,3.0,3.0,0.6332527995109558,0.000847339261478434
DQN,25,final,464,3464,-0.3211717844009399,10.0,2.0,0.6734609007835388,0.0010308930184692144
DQN,25,final,465,3465,0.0492078584432602,3.0,3.0,0.23866915702819824,0.0006670965619074801
DQN,25,final,466,3466,0.32250815629959106,5.0,4.0,0.7345157265663147,0.00045520881540142
DQN,25,final,467,3467,0.024249694347381598,4.0,2.0,0.39149054884910583,0.0008960141276475042
DQN,25,final,468,3468,0.09000000000000001,1.0,1.0,0.33951112627983093,0.0008727096719667315
DQN,25,final,469,3469,0.10234836459159852,3.0,3.0,0.4162992835044861,0.0005272061583430817
DQN,25,final,470,3470,0.20519544363021852,2.0,2.0,0.881355345249176,0.0005922813434153795
DQN,25,final,471,3471,0.09000000000000001,1.0,1.0,0.2298116683959961,0.0003883647150360048
DQN,25,final,472,3472,0.07144231319427491,3.0,3.0,0.8641112446784973,0.0005487657326739281
DQN,25,final,473,3473,0.15193219661712648,2.0,2.0,0.6623738408088684,0.0004680412821471691
DQN,25,final,474,3474,0.09000000000000001,1.0,1.0,0.15305519104003906,0.0004567223077174276
DQN,25,final,475,3475,-0.002824180126190165,3.0,3.0,0.33251237869262695,0.0006031750041681031
DQN,25,final,476,3476,0.009781370162963862,4.0,3.0,0.666326105594635,0.0005967346514808014
DQN,25,final,477,3477,0.0712124276161194,2.0,2.0,0.6052350401878357,0.0008236336288973689
DQN,25,final,478,3478,0.09000000000000001,1.0,1.0,0.21923288702964783,0.000694443064276129
DQN,25,final,479,3479,0.09000000000000001,1.0,1.0,0.45500117540359497,0.0010209816973656416
DQN,25,final,480,3480,0.21778846502304078,3.0,3.0,0.46231240034103394,0.0008931408519856632
DQN,25,final,481,3481,-0.04371233105659485,2.0,2.0,0.618442177772522,0.0012153546267654747
DQN,25,final,482,3482,0.026003392338752762,2.0,2.0,0.2120935618877411,0.0004475778405321762
DQN,25,final,483,3483,0.16262914419174196,2.0,2.0,0.7829191088676453,0.0009196486498694867
DQN,25,final,484,3484,0.09000000000000001,1.0,1.0,0.05711222440004349,0.000583512824960053
DQN,25,final,485,3485,-0.008918119668960556,2.0,2.0,0.37088677287101746,0.008106345019768924
DQN,25,final,486,3486,-0.07300595760345459,2.0,2.0,0.6730490922927856,0.0006433553644455969
DQN,25,final,487,3487,0.1696514654159546,2.0,2.0,0.850749135017395,0.0005434082850115374
DQN,25,final,488,3488,0.10260738611221315,2.0,2.0,0.30602312088012695,0.0006167403189465404
DQN,25,final,489,3489,0.21343465328216554,2.0,2.0,0.6777030825614929,0.0005198826256673783
DQN,25,final,490,3490,0.08471490621566774,2.0,2.0,0.4768209755420685,0.0010569386358838528
DQN,25,final,491,3491,0.05628085851669312,3.0,3.0,0.8413795828819275,0.008052657959827533
DQN,25,final,492,3492,0.09000000000000001,1.0,1.0,0.12463207542896271,0.00031648878939449787
DQN,25,final,493,3493,-0.5391133308410645,10.0,2.0,0.876937210559845,0.0009744137089001015
DQN,25,final,494,3494,0.19881434917449953,2.0,2.0,0.5421995520591736,0.0005191138916416094
DQN,25,final,495,3495,0.09000000000000001,1.0,1.0,0.10640730708837509,0.0009794121142476797
DQN,25,final,496,3496,0.15167118787765504,2.0,2.0,0.3653431832790375,0.013655935996212065
DQN,25,final,497,3497,0.16236050605773927,2.0,2.0,0.82899010181427,0.0008886690193321556
DQN,25,final,498,3498,0.10134132385253908,2.0,2.0,0.6794882416725159,0.0005384449905250221
DQN,25,final,499,3499,-0.17595246553421018,7.0,2.0,0.51018226146698,0.0008217533676153315
DQN,25,final,500,3500,0.12472302675247193,4.0,3.0,0.35934045910835266,0.0007138661385397427
DQN,25,final,501,3501,0.09000000000000001,1.0,1.0,0.11373644322156906,0.0006307020084932446
DQN,25,final,502,3502,0.09000000000000001,1.0,1.0,0.3227381706237793,0.0005977068794891238
DQN,25,final,503,3503,0.21724184036254884,2.0,2.0,0.8354511857032776,0.00099959023646079
DQN,25,final,504,3504,0.10984367311000826,2.0,2.0,0.15472650527954102,0.0006391464121406898
DQN,25,final,505,3505,0.09000000000000001,1.0,1.0,0.3160395622253418,0.0008426960557699203
DQN,25,final,506,3506,0.09000000000000001,1.0,1.0,0.5969907641410828,0.0036418314557522535
DQN,25,final,507,3507,0.09000000000000001,1.0,1.0,0.7213338017463684,0.0006050499505363405
DQN,25,final,508,3508,0.2867297101020813,2.0,2.0,0.9866618514060974,0.00100811428274028
DQN,25,final,509,3509,0.09000000000000001,1.0,1.0,0.08955544978380203,0.000523416674695909
DQN,25,final,510,3510,-0.43666303157806396,10.0,3.0,0.8669976592063904,0.0009844596264883877
DQN,25,final,511,3511,0.045515604019165046,3.0,3.0,0.7944416403770447,0.0006760093965567648
DQN,25,final,512,3512,0.16971726894378664,2.0,2.0,0.7884488105773926,0.0007887066749390215
DQN,25,final,513,3513,0.1155801582336426,2.0,2.0,0.5866977572441101,0.00043371011270210147
DQN,25,final,514,3514,0.054316269159317025,2.0,2.0,0.37131085991859436,0.0007409362297039479
DQN,25,final,515,3515,0.04436488628387452,2.0,2.0,0.6440359354019165,0.0006591598794329911
DQN,25,final,516,3516,0.32423748254776,2.0,2.0,0.7282504439353943,0.0007490178686566651
DQN,25,final,517,3517,0.18493433475494386,2.0,2.0,0.3947450518608093,0.0003887205384671688
DQN,25,final,518,3518,0.09000000000000001,1.0,1.0,0.17852936685085297,0.0006842697039246559
DQN,25,final,519,3519,0.09311301231384278,3.0,3.0,0.548895001411438,0.0006506669839533666
DQN,25,final,520,3520,-0.0643440389633179,9.0,4.0,0.6263360977172852,0.009622029788766263
DQN,25,final,521,3521,0.10919223904609682,2.0,2.0,0.28949135541915894,0.0006773968634661287
DQN,25,final,522,3522,0.09000000000000001,1.0,1.0,0.46757790446281433,0.0006592494901269674
DQN,25,final,523,3523,0.09000000000000001,1.0,1.0,0.08320117741823196,0.0006494618719443679
DQN,25,final,524,3524,0.15979312539100649,2.0,2.0,0.4450337588787079,0.0006565764488186687
DQN,25,final,525,3525,0.2686250972747803,2.0,2.0,0.4338982105255127,0.00111592176835984
DQN,25,final,526,3526,0.10509260177612306,2.0,2.0,0.8129302859306335,0.004677517106756568
DQN,25,final,527,3527,0.09000000000000001,1.0,1.0,0.06773177534341812,0.0013381901662796736
DQN,25,final,528,3528,0.09000000000000001,1.0,1.0,0.7999451756477356,0.0015316440258175135
DQN,25,final,529,3529,-0.12319576740264894,10.0,5.0,0.9867795705795288,0.0024397056433372198
DQN,25,final,530,3530,0.07513632059097292,2.0,2.0,0.20571330189704895,0.0010491806897334754
DQN,25,final,531,3531,0.09000000000000001,1.0,1.0,0.504759669303894,0.0005157981067895889
DQN,25,final,532,3532,0.06511766433715821,3.0,3.0,0.9254452586174011,0.0009235249793467423
DQN,25,final,533,3533,0.07495929479599,2.0,2.0,0.42365366220474243,0.0005084715376142412
DQN,25,final,534,3534,0.19100534915924072,5.0,4.0,0.4548519253730774,0.0006756612448953093
DQN,25,final,535,3535,0.09000000000000001,1.0,1.0,0.09804313629865646,0.0006600880878977478
DQN,25,final,536,3536,-0.34985501170158384,10.0,3.0,0.42893272638320923,0.0010133344068890438
DQN,25,final,537,3537,0.061110036373138436,2.0,2.0,0.5735737681388855,0.0007143666152842343
DQN,25,final,538,3538,0.10897887468338013,3.0,3.0,0.7995160222053528,0.00103416369529441
DQN,25,final,539,3539,0.028818862438201913,2.0,2.0,0.7952524423599243,0.000697920739185065
DQN,25,final,540,3540,0.09000000000000001,1.0,1.0,0.22783933579921722,0.0005007255240343511
DQN,25,final,541,3541,0.23079450607299806,2.0,2.0,1.0518563985824585,0.00038470758590847254
DQN,25,final,542,3542,0.09000000000000001,1.0,1.0,0.22271254658699036,0.0006078979349695146
DQN,25,final,543,3543,0.18275177240371707,4.0,4.0,0.6230314373970032,0.0027937849299632944
DQN,25,final,544,3544,0.30112864255905153,2.0,2.0,0.5320987105369568,0.0006725363637087867
DQN,25,final,545,3545,0.28525537967681885,3.0,3.0,0.8264847993850708,0.0005908063418852786
DQN,25,final,546,3546,0.09000000000000001,1.0,1.0,0.3938123285770416,0.0020150383934378624
DQN,25,final,547,3547,0.09000000000000001,1.0,1.0,0.15734021365642548,0.0006759869866073132
DQN,25,final,548,3548,0.04010303497314454,2.0,2.0,1.0690994262695312,0.0007055196329019964
DQN,25,final,549,3549,-0.08380010247230531,7.0,4.0,0.49152764678001404,0.0007193213095888495
DQN,25,final,550,3550,0.06241297900676728,2.0,2.0,0.2551255524158478,0.0025653048360254616
DQN,25,final,551,3551,0.09969012618064882,2.0,2.0,0.4092687964439392,0.0008698234451003373
DQN,25,final,552,3552,0.09000000000000001,1.0,1.0,0.6273584365844727,0.00032441585790365934
DQN,25,final,553,3553,-0.04418363213539121,4.0,3.0,0.24740199744701385,0.0005774939636467025
DQN,25,final,554,3554,-0.05685721635818482,5.0,3.0,0.7607682943344116,0.000639152544317767
DQN,25,final,555,3555,0.14952071189880373,2.0,2.0,1.231905221939087,0.07183266617357731
DQN,25,final,556,3556,0.15265043258666994,2.0,2.0,0.36820855736732483,0.0006068417278584093
DQN,25,final,557,3557,0.06885284900665284,3.0,3.0,0.34731096029281616,0.000640113236537824
DQN,25,final,558,3558,0.09000000000000001,1.0,1.0,0.32114002108573914,0.0006084049819037318
DQN,25,final,559,3559,0.24101956367492677,2.0,2.0,0.2627128064632416,0.000898729806067422
DQN,25,final,560,3560,0.09000000000000001,1.0,1.0,0.4648560881614685,0.0008727301028557122
DQN,25,final,561,3561,0.17362866520881653,3.0,3.0,0.1862630546092987,0.0010791489427598815
DQN,25,final,562,3562,0.09000000000000001,1.0,1.0,0.14775879681110382,0.0008866662392392755
DQN,25,final,563,3563,0.005409965515136714,4.0,3.0,0.31029579043388367,0.001231825226568617
DQN,25,final,564,3564,0.20400709629058839,3.0,3.0,1.1147053241729736,0.0013883738623311122
DQN,25,final,565,3565,0.09000000000000001,1.0,1.0,0.45298534631729126,0.0009121050825342536
DQN,25,final,566,3566,0.059666292667388925,2.0,2.0,0.6462956070899963,0.0021523009054362774
DQN,25,final,567,3567,0.17865185618400575,2.0,2.0,0.4057861864566803,0.0008407171699218452
DQN,25,final,568,3568,0.007639156579971329,2.0,2.0,0.5446545481681824,0.0004893460572930053
DQN,25,final,569,3569,0.27218783617019654,3.0,3.0,0.2855182886123657,0.0010570919839665294
DQN,25,final,570,3570,0.09000000000000001,1.0,1.0,0.45790985226631165,0.0004846504598390311
DQN,25,final,571,3571,0.058174319267272956,3.0,3.0,0.7785417437553406,0.0021347973961383104
DQN,25,final,572,3572,0.07348740816116334,3.0,3.0,0.5357974767684937,0.011041635162352273
DQN,25,final,573,3573,0.18721012949943544,2.0,2.0,0.4896017014980316,0.0005689849785994738
DQN,25,final,574,3574,0.09619753241539003,2.0,2.0,0.2857438623905182,0.0038391732960008085
DQN,25,final,575,3575,-0.0842717695236206,8.0,3.0,0.9955242872238159,0.001030109851853922
DQN,25,final,576,3576,0.2838308680057526,2.0,2.0,0.3183964192867279,0.000639416160993278
DQN,25,final,577,3577,0.09000000000000001,1.0,1.0,0.5219408273696899,0.05904924497008324
DQN,25,final,578,3578,-0.023278825283050517,3.0,3.0,0.8698912262916565,0.0012498479142474632
DQN,25,final,579,3579,0.09000000000000001,1.0,1.0,0.2575830817222595,0.0007801716565154493
DQN,25,final,580,3580,-0.020309083461761482,3.0,3.0,0.675871729850769,0.011848603802112242
DQN,25,final,581,3581,0.07242240190505983,2.0,2.0,0.7626166939735413,0.0006965632492210716
DQN,25,final,582,3582,-0.008331073522567733,2.0,2.0,0.554689347743988,0.0006655893812421709
DQN,25,final,583,3583,0.09000000000000001,1.0,1.0,0.2650335133075714,0.0009429139900021255
DQN,25,final,584,3584,0.14546625494956972,2.0,2.0,0.3955868184566498,0.0008271937840618193
DQN,25,final,585,3585,0.13916355133056643,4.0,4.0,0.9126256108283997,0.0006390860944520682
DQN,25,final,586,3586,-0.0047708749771118025,5.0,4.0,0.6343953013420105,0.0007161505229305476
DQN,25,final,587,3587,0.17208308696746827,3.0,3.0,0.6450931429862976,0.0008732360632469257
DQN,25,final,588,3588,0.09000000000000001,1.0,1.0,0.38097769021987915,0.0003921812167391181
DQN,25,final,589,3589,0.219157772064209,2.0,2.0,0.5705966949462891,0.00046686080168001354
DQN,25,final,590,3590,0.13288994312286379,2.0,2.0,0.5970351099967957,0.0005626637139357626
DQN,25,final,591,3591,0.10328163385391237,2.0,2.0,0.5004490613937378,0.001009498693747446
DQN,25,final,592,3592,0.09000000000000001,1.0,1.0,0.13111667335033417,0.0003660978109110147
DQN,25,final,593,3593,0.09000000000000001,1.0,1.0,0.5354250073432922,0.0008329112897627056
DQN,25,final,594,3594,0.09000000000000001,1.0,1.0,0.19327934086322784,0.00042324289097450674
DQN,25,final,595,3595,0.13407220125198366,2.0,2.0,0.6251322031021118,0.014776005293242633
DQN,25,final,596,3596,-0.19906738758087156,6.0,2.0,0.528272271156311,0.001497180011938326
DQN,25,final,597,3597,0.07502438306808473,2.0,2.0,0.3138342499732971,0.002220581693109125
DQN,25,final,598,3598,0.0594188141822815,2.0,2.0,0.19935570657253265,0.0004762943717651069
DQN,25,final,599,3599,0.09000000000000001,1.0,1.0,0.5916531682014465,0.0004190945182926953
DQN,25,final,600,3600,0.1317091751098633,2.0,2.0,0.7086043953895569,0.0005849397421116009
DQN,25,final,601,3601,0.06130768537521363,2.0,2.0,0.6641592383384705,0.0004745555197587237
DQN,25,final,602,3602,0.059284435510635385,2.0,2.0,0.23619994521141052,0.0008803605742286891
DQN,25,final,603,3603,0.09000000000000001,1.0,1.0,0.3849593698978424,0.0008627236820757389
DQN,25,final,604,3604,0.08694008171558382,2.0,2.0,0.1600763499736786,0.0005007201107218862
DQN,25,final,605,3605,0.25517040252685547,4.0,4.0,0.8139165639877319,0.00419209452229552
DQN,25,final,606,3606,0.12373544454574584,7.0,3.0,0.9660263657569885,0.0007642225994329367
DQN,25,final,607,3607,0.04441072463989256,8.0,3.0,0.7448316812515259,0.004760113311931491
DQN,25,final,608,3608,0.09000000000000001,1.0,1.0,0.08060289919376373,0.017571717500686646
DQN,25,final,609,3609,0.05264158725738526,2.0,2.0,0.6745089292526245,0.017768828256521374
DQN,25,final,610,3610,0.09000000000000001,1.0,1.0,0.10030048340559006,0.049166109412908554
DQN,25,final,611,3611,0.06547463655471802,3.0,3.0,0.34577861428260803,0.0014784585994978745
DQN,25,final,612,3612,0.19904555082321168,5.0,3.0,0.9839646220207214,0.0006603367044590413
DQN,25,final,613,3613,0.06150985479354859,3.0,3.0,0.5604014992713928,0.005630487091063212
DQN,25,final,614,3614,0.10900540828704836,2.0,2.0,0.3920117914676666,0.0014955769875086844
DQN,25,final,615,3615,0.11139971733093264,3.0,3.0,0.5257315039634705,0.0011701053008437157
DQN,25,final,616,3616,0.19443912982940675,2.0,2.0,0.7055624723434448,0.0014342766371555626
DQN,25,final,617,3617,0.10156090736389162,2.0,2.0,0.4395448565483093,0.0006693408358842134
DQN,25,final,618,3618,0.09000000000000001,1.0,1.0,0.9084377288818359,0.0007433637510985136
DQN,25,final,619,3619,0.05760555148124696,2.0,2.0,0.28227508068084717,0.001843273697886616
DQN,25,final,620,3620,0.07895635247230531,2.0,2.0,0.17092783749103546,0.002919140155427158
DQN,25,final,621,3621,0.20777394056320192,2.0,2.0,0.7769368290901184,0.0008367712143808603
DQN,25,final,622,3622,-0.5552734136581421,10.0,3.0,1.1991897821426392,0.0010197876836173236
DQN,25,final,623,3623,-0.265460741519928,10.0,4.0,0.9928991198539734,0.0006759282230632379
DQN,25,final,624,3624,0.17746655821800233,2.0,2.0,0.3673957884311676,0.0006742533587384969
DQN,25,final,625,3625,0.1224676686525345,2.0,2.0,0.16886374354362488,0.0005572022928390652
DQN,25,final,626,3626,0.11046113252639772,2.0,2.0,0.27052900195121765,0.0008045563299674541
DQN,25,final,627,3627,0.09000000000000001,1.0,1.0,0.6849707365036011,0.0007665304001420736
DQN,25,final,628,3628,0.35991008758544923,2.0,2.0,0.972284197807312,0.002767392696114257
DQN,25,final,629,3629,0.017006652355194107,2.0,2.0,0.8614727854728699,0.0015794823120813817
DQN,25,final,630,3630,0.17702479839324953,2.0,2.0,0.24510225653648376,0.0007208426541183144
DQN,25,final,631,3631,0.1404512691497803,2.0,2.0,0.6679014563560486,0.0005943090654909611
DQN,25,final,632,3632,0.09000000000000001,1.0,1.0,0.3630712926387787,0.0008742841309867799
DQN,25,final,633,3633,0.05531973361968996,3.0,3.0,0.6161144375801086,0.0009195648599416018
DQN,25,final,634,3634,0.09000000000000001,1.0,1.0,0.1745252162218094,0.14584338665008545
DQN,25,final,635,3635,0.09000000000000001,1.0,1.0,0.31739872694015503,0.0005781061481684446
DQN,25,final,636,3636,0.1701457381248474,5.0,5.0,0.9061369299888611,0.0009326847619377076
DQN,25,final,637,3637,0.2754241394996643,2.0,2.0,0.4303668141365051,0.0006329998723231256
DQN,25,final,638,3638,0.11383862972259523,2.0,2.0,0.7240378260612488,0.0006707124703098089
DQN,25,final,639,3639,0.082020001411438,2.0,2.0,0.5258384346961975,0.018167745671235025
DQN,25,final,640,3640,-0.35022640228271484,10.0,3.0,1.004698395729065,0.0021760484203696253
DQN,25,final,641,3641,-0.26276365518569944,10.0,3.0,0.7493671774864197,0.002812455117236823
DQN,25,final,642,3642,-0.2707588505744934,7.0,3.0,0.2778901755809784,0.001471858363532062
DQN,25,final,643,3643,0.22934274554252626,2.0,2.0,0.389852911233902,0.0012535087298601866
DQN,25,final,644,3644,0.09000000000000001,1.0,1.0,0.21166911721229553,0.00104837107937783
DQN,25,final,645,3645,0.2756686079502106,2.0,2.0,0.29277992248535156,0.000902503525139764
DQN,25,final,646,3646,0.08676189899444581,3.0,3.0,0.4185730516910553,0.0019252440348888438
DQN,25,final,647,3647,0.10388870716094972,2.0,2.0,1.1144315004348755,0.0009076702117454261
DQN,25,final,648,3648,0.055956320762634286,2.0,2.0,0.7103315591812134,0.0009934138506650925
DQN,25,final,649,3649,0.09000000000000001,1.0,1.0,0.17669592797756195,0.0007031154818832874
DQN,25,final,650,3650,0.09615777611732484,2.0,2.0,0.46750521659851074,0.0016673755017109215
DQN,25,final,651,3651,0.09000000000000001,1.0,1.0,0.4425908625125885,0.0008077018428593874
DQN,25,final,652,3652,-0.44835764169692993,10.0,3.0,0.6358019113540649,0.0007532827992690727
DQN,25,final,653,3653,0.07399739503860475,2.0,2.0,0.6633092164993286,0.0006202058866620064
DQN,25,final,654,3654,0.3418645429611206,2.0,2.0,0.6583144068717957,0.0006843048031441867
DQN,25,final,655,3655,0.09000000000000001,1.0,1.0,0.5535587668418884,0.0007283147424459457
DQN,25,final,656,3656,-0.05769567012786865,2.0,2.0,0.4484460651874542,0.0009214414749294519
DQN,25,final,657,3657,-0.11767032027244569,3.0,3.0,0.6775340437889099,0.0007319254994702836
DQN,25,final,658,3658,0.09000000000000001,1.0,1.0,0.4262407124042511,0.0005473726196214557
DQN,25,final,659,3659,0.09000000000000001,1.0,1.0,0.0748511329293251,0.0006372396601364017
DQN,25,final,660,3660,0.31369651079177857,3.0,3.0,0.8021989464759827,0.0005120698381991436
DQN,25,final,661,3661,0.09378220319747926,2.0,2.0,0.5758352279663086,0.0005913637141929939
DQN,25,final,662,3662,0.14948517799377442,3.0,3.0,0.4330093264579773,0.0008649706918125352
DQN,25,final,663,3663,-0.03912486910820008,3.0,3.0,0.26389285922050476,0.0008719263132661581
DQN,25,final,664,3664,0.09697680354118349,2.0,2.0,0.42841842770576477,0.001995492319110781
DQN,25,final,665,3665,0.12827025532722475,2.0,2.0,0.4815138280391693,0.0007439427427016199
DQN,25,final,666,3666,0.0705570149421692,2.0,2.0,0.8865081071853638,0.0019269129843451083
DQN,25,final,667,3667,0.12729761719703675,3.0,3.0,0.40578916668891907,0.0006455293041653931
DQN,25,final,668,3668,0.06358315229415895,2.0,2.0,0.28022661805152893,0.03318484127521515
DQN,25,final,669,3669,0.1618283987045288,5.0,4.0,0.7244191765785217,0.011364959500497207
DQN,25,final,670,3670,0.16249717950820924,2.0,2.0,0.9155322313308716,0.02125240510213189
DQN,25,final,671,3671,0.1772864627838135,2.0,2.0,0.6994355320930481,0.0006251210579648614
DQN,25,final,672,3672,0.12415425658226015,2.0,2.0,0.25582852959632874,0.0009382072312291712
DQN,25,final,673,3673,0.17307037830352784,3.0,3.0,0.26884832978248596,0.0005426984280347824
DQN,25,final,674,3674,0.09000000000000001,1.0,1.0,0.6950039863586426,0.0005343156517483294
DQN,25,final,675,3675,-0.05410201668739319,2.0,2.0,0.22575609385967255,0.0008926237642299384
DQN,25,final,676,3676,0.20672854959964754,2.0,2.0,0.23944009840488434,0.0018339075613766909
DQN,25,final,677,3677,0.09000000000000001,1.0,1.0,0.131599560379982,0.0009572617709636688
DQN,25,final,678,3678,0.07635480880737305,3.0,3.0,0.7087301015853882,0.0010916876878278952
DQN,25,final,679,3679,0.0934048366546631,3.0,3.0,1.0758792161941528,0.0029330616428827247
DQN,25,final,680,3680,0.09000000000000001,1.0,1.0,0.7442523241043091,0.000547155097592622
DQN,25,final,681,3681,0.3271320629119873,2.0,2.0,0.6481814980506897,0.0015244985115714371
DQN,25,final,682,3682,0.09000000000000001,1.0,1.0,0.32701629400253296,0.0007000603945925832
DQN,25,final,683,3683,0.09000000000000001,1.0,1.0,0.27259325981140137,0.0009670095168985426
DQN,25,final,684,3684,0.09000000000000001,1.0,1.0,0.6665545105934143,0.018297770991921425
DQN,25,final,685,3685,0.11390210866928102,2.0,2.0,0.640293300151825,0.0010895035520661622
DQN,25,final,686,3686,0.13029758334159852,5.0,3.0,0.4702408015727997,0.0006471813190728426
DQN,25,final,687,3687,0.09000000000000001,1.0,1.0,0.11990171670913696,0.0005307751125656068
DQN,25,final,688,3688,0.12380613565444948,2.0,2.0,0.6782076954841614,0.0009170504054054618
DQN,25,final,689,3689,0.09000000000000001,1.0,1.0,0.21335063874721527,0.0006474473048001528
DQN,25,final,690,3690,0.24135530710220338,3.0,3.0,0.7493472695350647,0.0008575069368816912
DQN,25,final,691,3691,-0.005721162557601925,3.0,2.0,0.3789605498313904,0.00104246981209144
DQN,25,final,692,3692,0.262138671875,3.0,3.0,0.6769542694091797,0.0005777491993891696
DQN,25,final,693,3693,0.09000000000000001,1.0,1.0,0.6577515006065369,0.027121657505631447
DQN,25,final,694,3694,0.03355284214019776,2.0,2.0,0.38357946276664734,0.0004026715614600107
DQN,25,final,695,3695,-0.032608313560485824,2.0,2.0,0.8126007914543152,0.0010507192637305707
DQN,25,final,696,3696,0.26845157861709595,3.0,3.0,0.7407158613204956,0.04178799062113588
DQN,25,final,697,3697,0.3789674210548401,2.0,2.0,0.8077235817909241,0.0011816759360954165
DQN,25,final,698,3698,0.09000000000000001,1.0,1.0,0.1675451546907425,0.0008451642352156341
DQN,25,final,699,3699,0.24789001226425172,2.0,2.0,0.54345703125,0.0033400411484763026
DQN,25,final,700,3700,0.09000000000000001,1.0,1.0,0.42907771468162537,0.0010725569445639849
DQN,25,final,701,3701,0.09000000000000001,1.0,1.0,0.26995036005973816,0.0011317154858261347
DQN,25,final,702,3702,0.21303548097610475,2.0,2.0,0.5445467829704285,0.004032311728224158
DQN,25,final,703,3703,-0.13350688934326171,7.0,4.0,0.700560986995697,0.005048010598069855
DQN,25,final,704,3704,0.09000000000000001,1.0,1.0,0.4800105094909668,0.0014439703663811088
DQN,25,final,705,3705,0.09000000000000001,1.0,1.0,0.13906113803386688,0.0014367668190971017
DQN,25,final,706,3706,0.015083956718444827,5.0,5.0,0.7126790881156921,0.001324743067380041
DQN,25,final,707,3707,0.18258030891418459,2.0,2.0,0.754327654838562,0.0006677155906800181
DQN,25,final,708,3708,0.07861907005310059,3.0,3.0,0.8078257441520691,0.0009326981380581856
DQN,25,final,709,3709,0.09000000000000001,1.0,1.0,0.5521410703659058,0.0005098922410979867
DQN,25,final,710,3710,0.08983238220214845,2.0,2.0,0.31889986991882324,0.000669455126626417
DQN,25,final,711,3711,0.09895636320114137,2.0,2.0,0.13608811795711517,0.0008197168353945017
DQN,25,final,712,3712,0.2632286047935486,4.0,3.0,0.710788905620575,0.0009645911486586556
DQN,25,final,713,3713,0.0600817370414734,2.0,2.0,0.34789329767227173,0.000625208456767723
DQN,25,final,714,3714,0.08479400157928468,2.0,2.0,0.2656976282596588,0.0010283477895427495
DQN,25,final,715,3715,0.3251710605621338,3.0,3.0,0.7388657927513123,0.0009586000038931767
DQN,25,final,716,3716,0.09000000000000001,1.0,1.0,0.34484466910362244,0.0009684702381491661
DQN,25,final,717,3717,0.3205789399147034,3.0,3.0,0.3790068030357361,0.0009744095732457936
DQN,25,final,718,3718,0.2507504391670227,2.0,2.0,0.6466704607009888,0.0006418944540200755
DQN,25,final,719,3719,0.09000000000000001,1.0,1.0,0.21020163595676422,0.0011227615177631378
DQN,25,final,720,3720,0.20811444282531738,4.0,4.0,0.7206392884254456,0.0009744171038619243
DQN,25,final,721,3721,0.09000000000000001,1.0,1.0,0.21061602234840393,0.0006602673092857003
DQN,25,final,722,3722,-0.12185781240463257,4.0,3.0,0.8261447548866272,0.004303834488382563
DQN,25,final,723,3723,0.19773794889450075,2.0,2.0,0.5012668371200562,0.001187157176900655
DQN,25,final,724,3724,0.09000000000000001,1.0,1.0,0.2689359784126282,0.000257349107414484
DQN,25,final,725,3725,0.21794784784317017,3.0,3.0,0.728143036365509,0.0006554719293490052
DQN,25,final,726,3726,0.10980652570724488,5.0,5.0,0.5510815382003784,0.001177619944792241
DQN,25,final,727,3727,0.09000000000000001,1.0,1.0,0.22496353089809418,0.0009097798028960824
DQN,25,final,728,3728,0.09000000000000001,1.0,1.0,0.1537196934223175,0.023029644042253494
DQN,25,final,729,3729,0.09000000000000001,1.0,1.0,0.21003565192222595,0.0004682229191530496
DQN,25,final,730,3730,0.19914842367172242,3.0,3.0,0.8341836929321289,0.0007941399817354977
DQN,25,final,731,3731,0.09000000000000001,1.0,1.0,0.5071543455123901,0.0008217361755669117
DQN,25,final,732,3732,0.09000000000000001,1.0,1.0,0.31090301275253296,0.0014396354090422392
DQN,25,final,733,3733,0.2564724850654602,2.0,2.0,0.4851608872413635,0.003722148685483262
DQN,25,final,734,3734,0.16653651714324952,3.0,3.0,0.8615423440933228,0.0006473014364019036
DQN,25,final,735,3735,0.19547988653182985,2.0,2.0,0.4709606170654297,0.0005808765126857907
DQN,25,final,736,3736,0.1825357747077942,3.0,3.0,0.5326992869377136,0.0009222071773062149
DQN,25,final,737,3737,0.09000000000000001,1.0,1.0,0.3153136372566223,0.0006041296874172986
DQN,25,final,738,3738,0.07931014329195024,2.0,2.0,0.08169970661401749,0.012080441811122
DQN,25,final,739,3739,0.20229101896286011,3.0,3.0,0.46254491806030273,0.0007947615813463926
DQN,25,final,740,3740,0.09000000000000001,1.0,1.0,0.49586009979248047,0.0006967445369809866
DQN,25,final,741,3741,-0.007498612403869634,4.0,3.0,0.8117037415504456,0.0005337239854270592
DQN,25,final,742,3742,0.263577299118042,2.0,2.0,0.4523095488548279,0.003091212813160382
DQN,25,final,743,3743,-0.16102777004241942,8.0,3.0,0.9614278078079224,0.000692126832291251
DQN,25,final,744,3744,0.2161121141910553,3.0,3.0,0.48229727149009705,0.0006795425045614442
DQN,25,final,745,3745,0.09000000000000001,1.0,1.0,0.09405011683702469,0.0009126453078351915
DQN,25,final,746,3746,0.15442122697830202,2.0,2.0,0.5108319520950317,0.00045970843348186463
DQN,25,final,747,3747,0.5023160052299499,3.0,3.0,0.9807763695716858,0.0010101572067166369
DQN,25,final,748,3748,0.128869788646698,2.0,2.0,0.18494121730327606,0.011525263398652896
DQN,25,final,749,3749,0.09000000000000001,1.0,1.0,0.09433246403932571,0.0002988524211104959
DQN,25,final,750,3750,0.09000000000000001,1.0,1.0,0.20562472939491272,0.0002403438847977668
DQN,25,final,751,3751,0.09000000000000001,1.0,1.0,0.4489014744758606,0.000594069657381624
DQN,25,final,752,3752,0.09000000000000001,1.0,1.0,0.5687648057937622,0.0006271887687034905
DQN,25,final,753,3753,0.3110780191421509,3.0,3.0,0.6567965149879456,0.0019078665839818616
DQN,25,final,754,3754,0.07233150482177736,2.0,2.0,0.38871559500694275,0.0007479927589884028
DQN,25,final,755,3755,0.09000000000000001,1.0,1.0,0.32963719964027405,0.000527815253008157
DQN,25,final,756,3756,0.3108793067932129,2.0,2.0,0.6796897649765015,0.0008124282176140696
DQN,25,final,757,3757,-0.0345373010635376,6.0,3.0,0.3892313838005066,0.00069335975664823
DQN,25,final,758,3758,0.22177289605140688,2.0,2.0,0.43418630957603455,0.000562694578547962
DQN,25,final,759,3759,0.25790672183036806,2.0,2.0,0.4896666705608368,0.000402982288505882
DQN,25,final,760,3760,0.09865276694297792,2.0,2.0,0.23324963450431824,0.0008191367815015838
DQN,25,final,761,3761,0.3009563255310059,2.0,2.0,0.7345584034919739,0.0009945242782123387
DQN,25,final,762,3762,0.24544227838516236,3.0,3.0,0.7593635320663452,0.0004548594491401066
DQN,25,final,763,3763,-0.6737759590148927,10.0,2.0,1.1577037572860718,0.0038144610793096946
DQN,25,final,764,3764,0.09000000000000001,1.0,1.0,0.15271782875061035,0.0006472214590758085
DQN,25,final,765,3765,0.1287220883369446,2.0,2.0,0.5906880497932434,0.0006149724358692765
DQN,25,final,766,3766,0.11522547125816346,3.0,3.0,0.4980832636356354,0.025056075256240245
DQN,25,final,767,3767,0.05765785455703736,2.0,2.0,0.597582221031189,0.0009756599902175367
DQN,25,final,768,3768,0.15603138685226442,2.0,2.0,0.4498152732849121,0.0007703298761043698
DQN,25,final,769,3769,0.07448045134544373,3.0,3.0,0.33573803305625916,0.0007723486827065548
DQN,25,final,770,3770,0.04609920263290406,2.0,2.0,0.21536800265312195,0.0007823973428457975
DQN,25,final,771,3771,0.09000000000000001,1.0,1.0,0.31492599844932556,0.0009948865044862032
DQN,25,final,772,3772,-0.05471042335033417,4.0,3.0,0.2187758982181549,0.0006976590739213862
DQN,25,final,773,3773,0.013362516164779667,3.0,2.0,0.2847668528556824,0.0006604130612686276
DQN,25,final,774,3774,0.1527273225784302,2.0,2.0,0.34279605746269226,0.0006590029515791684
DQN,25,final,775,3775,0.13873614549636842,2.0,2.0,0.5138496160507202,0.000685459905071184
DQN,25,final,776,3776,0.09000000000000001,1.0,1.0,0.6759849786758423,0.0007140067755244672
DQN,25,final,777,3777,0.46810384273529054,2.0,2.0,0.42713356018066406,0.0005396061460487545
DQN,25,final,778,3778,0.09000000000000001,1.0,1.0,0.40883874893188477,0.0013673283392563462
DQN,25,final,779,3779,0.1733043658733368,2.0,2.0,0.40905454754829407,0.0008307119423989207
DQN,25,final,780,3780,-0.3765456557273865,10.0,2.0,0.6052137613296509,0.0011446886579506098
DQN,25,final,781,3781,0.2629461359977722,3.0,3.0,0.6629514098167419,0.00105848900663356
DQN,25,final,782,3782,0.05505418777465821,5.0,4.0,0.764630913734436,0.0006075303012039512
DQN,25,final,783,3783,0.06321422189474107,2.0,2.0,0.13803566992282867,0.0005091013881610706
DQN,25,final,784,3784,-0.012483346462249759,5.0,3.0,0.7853258848190308,0.0007375695626251399
DQN,25,final,785,3785,0.07910241365432741,2.0,2.0,0.5076609253883362,0.0006172019348014146
DQN,25,final,786,3786,-0.5411311566829682,10.0,2.0,0.46648678183555603,0.0007322067307541147
DQN,25,final,787,3787,-0.21747044801712034,8.0,3.0,0.5372532606124878,0.0006283923612500075
DQN,25,final,788,3788,0.04216796875000001,3.0,3.0,0.6965221166610718,0.000553551052386562
DQN,25,final,789,3789,0.08832247257232666,5.0,3.0,0.7104697227478027,0.03354660851182416
DQN,25,final,790,3790,0.09000000000000001,1.0,1.0,0.8037007451057434,0.0006357330130413175
DQN,25,final,791,3791,-0.03475807189941406,3.0,2.0,0.5817974805831909,0.002119107433827594
DQN,25,final,792,3792,-0.060696287155151366,2.0,2.0,0.7754605412483215,0.0006129902903921902
DQN,25,final,793,3793,0.11368359804153444,2.0,2.0,0.3699447810649872,0.0006192540458869189
DQN,25,final,794,3794,0.09000000000000001,1.0,1.0,0.7326679825782776,0.0009936142014339566
DQN,25,final,795,3795,0.04506357192993165,2.0,2.0,0.302523136138916,0.0060048585291951895
DQN,25,final,796,3796,0.0909011232852936,2.0,2.0,0.1428813934326172,0.0005431523604784161
DQN,25,final,797,3797,0.09000000000000001,1.0,1.0,0.5559764504432678,0.0005088272737339139
DQN,25,final,798,3798,0.04927513718605042,3.0,3.0,0.3584018349647522,0.0008757102962893745
DQN,25,final,799,3799,0.09000000000000001,1.0,1.0,0.10764864832162857,0.0011002678656950593
DQN,25,final,800,3800,0.24495776176452638,2.0,2.0,0.4588804841041565,0.00039818265940994024
DQN,25,final,801,3801,0.09000000000000001,1.0,1.0,0.8715597987174988,0.0006447313353419304
DQN,25,final,802,3802,0.09000000000000001,1.0,1.0,0.4687940180301666,0.00035748581285588443
DQN,25,final,803,3803,0.09000000000000001,1.0,1.0,0.23007115721702576,0.0006148403626866639
DQN,25,final,804,3804,0.09000000000000001,1.0,1.0,0.8383823037147522,0.0006403608131222427
DQN,25,final,805,3805,0.26596813201904296,5.0,5.0,0.6650129556655884,0.0013663374353200196
DQN,25,final,806,3806,0.09000000000000001,1.0,1.0,0.23144154250621796,0.0006078857695683837
DQN,25,final,807,3807,0.09000000000000001,1.0,1.0,0.18421271443367004,0.14643537998199463
DQN,25,final,808,3808,0.09810461819171906,3.0,3.0,0.14129048585891724,0.0009247839140395323
DQN,25,final,809,3809,0.23841135382652284,2.0,2.0,0.37582263350486755,0.0005259951140033081
DQN,25,final,810,3810,0.13799740552902223,2.0,2.0,0.5994633436203003,0.0007606837025377899
DQN,25,final,811,3811,0.10477937936782838,2.0,2.0,0.5331746339797974,0.0007000929326750338
DQN,25,final,812,3812,0.09000000000000001,1.0,1.0,0.15524721145629883,0.0011980036506429315
DQN,25,final,813,3813,0.13072665214538576,2.0,2.0,0.5399240255355835,0.000473775522550568
DQN,25,final,814,3814,0.08971561670303346,2.0,2.0,0.5259451866149902,0.0007236419914988801
DQN,25,final,815,3815,0.09000000000000001,1.0,1.0,0.5650167465209961,0.02102987840771675
DQN,25,final,816,3816,0.025547461509704605,2.0,2.0,0.5530770421028137,0.0006633558950852603
DQN,25,final,817,3817,0.09385119915008545,6.0,5.0,0.834245502948761,0.0009452255568855131
DQN,25,final,818,3818,0.12354488134384156,4.0,3.0,0.7667034864425659,0.0006921174135641195
DQN,25,final,819,3819,0.15682073116302492,2.0,2.0,0.45345932245254517,0.0005549894121941179
DQN,25,final,820,3820,-0.5319289445877076,10.0,2.0,0.540821373462677,0.0007630008272826672
DQN,25,final,821,3821,0.09000000000000001,1.0,1.0,0.7863203287124634,0.0004721636069007218
DQN,25,final,822,3822,0.127167341709137,4.0,4.0,0.8559778928756714,0.028858351695816964
DQN,25,final,823,3823,0.04803688287734986,4.0,3.0,0.8398684859275818,0.0004802013354492374
DQN,25,final,824,3824,0.10562671899795534,2.0,2.0,0.6977781653404236,0.010523987453780137
DQN,25,final,825,3825,0.22884448051452638,2.0,2.0,1.0023319721221924,0.0005902608681935817
DQN,25,final,826,3826,0.1812261509895325,2.0,2.0,0.5049833059310913,0.0003989185788668692
DQN,25,final,827,3827,0.09000000000000001,1.0,1.0,0.27674931287765503,0.00031202059471979737
DQN,25,final,828,3828,0.2211087417602539,3.0,3.0,1.1110904216766357,0.0005156713305041194
DQN,25,final,829,3829,0.09000000000000001,1.0,1.0,0.7026670575141907,0.001088408869691193
DQN,25,final,830,3830,-0.2967759370803833,10.0,3.0,0.6181346774101257,0.0005606117774732411
DQN,25,final,831,3831,0.09000000000000001,1.0,1.0,0.11069989204406738,0.0009732896578498185
DQN,25,final,832,3832,0.09000000000000001,1.0,1.0,0.1533413976430893,0.0005711230915039778
DQN,25,final,833,3833,0.19096400022506715,2.0,2.0,0.8123807311058044,0.0008253833802882582
DQN,25,final,834,3834,0.09000000000000001,1.0,1.0,0.2775851786136627,0.000979917123913765
DQN,25,final,835,3835,0.09000000000000001,1.0,1.0,0.2548343539237976,0.0004687560722231865
DQN,25,final,836,3836,-0.07197117209434513,10.0,5.0,0.3161294162273407,0.00047811749682296066
DQN,25,final,837,3837,0.03161554217338563,2.0,2.0,0.3888406455516815,0.000490419814013876
DQN,25,final,838,3838,0.03207338809967042,4.0,3.0,0.6712494492530823,0.000524926399521064
DQN,25,final,839,3839,0.07972996115684511,2.0,2.0,0.3659903407096863,0.0006258422217797488
DQN,25,final,840,3840,0.09000000000000001,1.0,1.0,0.08316855877637863,0.00121397920884192
DQN,25,final,841,3841,0.09000000000000001,1.0,1.0,0.3010810315608978,0.0006593207945115864
DQN,25,final,842,3842,0.03525081992149354,3.0,3.0,0.23321400582790375,0.002004455716814846
DQN,25,final,843,3843,0.08207637786865235,3.0,3.0,0.7397404313087463,0.0005223433739350488
DQN,25,final,844,3844,0.18452169179916383,2.0,2.0,0.3500824272632599,0.0005734073638450354
DQN,25,final,845,3845,0.07603759765625001,5.0,3.0,0.8558000922203064,0.0006351367104798555
DQN,25,final,846,3846,0.11463508725166321,3.0,3.0,0.44697239995002747,0.0005208363775939991
DQN,25,final,847,3847,0.11278804361820222,3.0,3.0,0.22035853564739227,0.000635609447878475
DQN,25,final,848,3848,0.09000000000000001,1.0,1.0,0.3542797267436981,0.0006321121472865343
DQN,25,final,849,3849,0.08964686274528505,2.0,2.0,0.4983612596988678,0.0005778393970103934
DQN,25,final,850,3850,0.2398904037475586,3.0,3.0,1.0418084859848022,0.00045955727303711075
DQN,25,final,851,3851,0.1763167452812195,3.0,3.0,0.32537588477134705,0.0004671072820201516
DQN,25,final,852,3852,0.09000000000000001,1.0,1.0,0.19889876246452332,0.00035338272573426366
DQN,25,final,853,3853,0.07240907073020936,3.0,3.0,0.42287397384643555,0.0004149671779790272
DQN,25,final,854,3854,0.09000000000000001,1.0,1.0,0.2011294811964035,0.0003672356251627207
DQN,25,final,855,3855,0.09000000000000001,1.0,1.0,0.177120640873909,0.0004943264066241682
DQN,25,final,856,3856,0.22025658369064333,2.0,2.0,0.4484160542488098,0.0006564583745785058
DQN,25,final,857,3857,0.12587467551231385,3.0,3.0,0.4744037091732025,0.00046624364525390166
DQN,25,final,858,3858,0.09000000000000001,1.0,1.0,0.7495918273925781,0.00045346328988671303
DQN,25,final,859,3859,0.09000000000000001,1.0,1.0,0.29169902205467224,0.00045935908565297723
DQN,25,final,860,3860,0.06597334861755372,3.0,3.0,0.8942134976387024,0.011235345077390472
DQN,25,final,861,3861,-0.5057454586029053,10.0,2.0,0.879517138004303,0.0006337375409202651
DQN,25,final,862,3862,0.09000000000000001,1.0,1.0,0.3783332407474518,0.0005306367529556155
DQN,25,final,863,3863,0.03300227403640748,2.0,2.0,0.20013801753520966,0.00034573326411191374
DQN,25,final,864,3864,-0.26115465164184576,10.0,3.0,0.7248613238334656,0.001215205539483577
DQN,25,final,865,3865,0.17056995391845703,4.0,4.0,0.8933364152908325,0.003005232247232925
DQN,25,final,866,3866,0.08336967945098878,3.0,3.0,0.7671428322792053,0.00041262465917194885
DQN,25,final,867,3867,0.10115803956985475,2.0,2.0,0.5863907933235168,0.0005942365096416324
DQN,25,final,868,3868,0.015120893418788917,3.0,3.0,0.1377197951078415,0.0006128071302858492
DQN,25,final,869,3869,0.1372335720062256,2.0,2.0,0.7114832997322083,0.0006737298099324107
DQN,25,final,870,3870,0.13155025959014893,3.0,3.0,0.8180211782455444,0.0006840100589518746
DQN,25,final,871,3871,0.18049013376235964,4.0,4.0,0.5770277380943298,0.0012531231550383382
DQN,25,final,872,3872,-0.033604972362518304,3.0,3.0,0.7562392354011536,0.0005396061751525849
DQN,25,final,873,3873,0.194803364276886,3.0,3.0,0.33297428488731384,0.0006474732654169202
DQN,25,final,874,3874,0.09000000000000001,1.0,1.0,0.1080315038561821,0.000919151701964438
DQN,25,final,875,3875,0.09000000000000001,1.0,1.0,0.19953656196594238,0.0007113051251508296
DQN,25,final,876,3876,0.09000000000000001,1.0,1.0,0.15120621025562286,0.0007422531489282846
DQN,25,final,877,3877,-0.43837714195251465,10.0,3.0,0.14214543998241425,0.0007683064206503332
DQN,25,final,878,3878,0.2459057140350342,2.0,2.0,0.8195086121559143,0.0006929538503754884
DQN,25,final,879,3879,0.1848063635826111,2.0,2.0,0.7423715591430664,0.0008345686364918947
DQN,25,final,880,3880,0.2177052664756775,2.0,2.0,0.6481599807739258,0.0004364486376289278
DQN,25,final,881,3881,0.09000000000000001,1.0,1.0,0.43502944707870483,0.0008072477648966014
DQN,25,final,882,3882,0.1381072473526001,3.0,3.0,0.9544974565505981,0.0005610855781317999
DQN,25,final,883,3883,0.09000000000000001,1.0,1.0,0.2451702356338501,0.0007299257558770478
DQN,25,final,884,3884,0.09000000000000001,1.0,1.0,0.2591274678707123,0.0006445435574278235
DQN,25,final,885,3885,0.09000000000000001,1.0,1.0,0.7642641663551331,0.0005189025541767478
DQN,25,final,886,3886,0.06883408308029176,2.0,2.0,0.4271450340747833,0.0007399116293527186
DQN,25,final,887,3887,0.23104328632354737,3.0,3.0,0.5948361754417419,0.0006125250559610625
DQN,25,final,888,3888,0.1865153479576111,2.0,2.0,0.5859057307243347,0.0007107696146704257
DQN,25,final,889,3889,-0.2196542227268219,9.0,4.0,0.31441545486450195,0.0008358069592052036
DQN,25,final,890,3890,-0.1327545404434204,5.0,2.0,0.5253650546073914,0.0006207624799571931
DQN,25,final,891,3891,0.17380041599273682,3.0,3.0,0.5284141302108765,0.0005459279054775834
DQN,25,final,892,3892,-0.18429478049278258,4.0,3.0,0.552119791507721,0.0004547747885226272
DQN,25,final,893,3893,-0.5274306416511536,10.0,2.0,0.9009637832641602,0.0025651261588791386
DQN,25,final,894,3894,0.050403790473938,2.0,2.0,0.3182225823402405,0.0008372023003175855
DQN,25,final,895,3895,0.09311301231384278,3.0,3.0,0.548895001411438,0.0005101774974415699
DQN,25,final,896,3896,0.09000000000000001,1.0,1.0,0.6051239967346191,0.0003911604580935091
DQN,25,final,897,3897,0.09000000000000001,1.0,1.0,0.20980000495910645,0.0005599746946245432
DQN,25,final,898,3898,0.02612226963043214,4.0,4.0,0.7950081825256348,0.020584268182574306
DQN,25,final,899,3899,0.10621345758438112,3.0,3.0,0.7304744720458984,0.0009838863043114543
DQN,25,final,900,3900,0.2828123939037323,3.0,3.0,0.36191412806510925,0.0005962060822639614
DQN,25,final,901,3901,-0.2557569742202759,10.0,3.0,0.6131426095962524,0.0006077384081436321
DQN,25,final,902,3902,-0.015537142753601081,10.0,3.0,1.1991357803344727,0.0023812070256099107
DQN,25,final,903,3903,0.1891297197341919,4.0,3.0,1.029423475265503,0.0005130332210683264
DQN,25,final,904,3904,0.05557517886161805,2.0,2.0,0.17740599811077118,0.0005411631136666983
DQN,25,final,905,3905,0.09000000000000001,1.0,1.0,0.11339378356933594,0.000678243872243911
DQN,25,final,906,3906,0.10101642429828644,3.0,3.0,0.24185268580913544,0.000509059929754585
DQN,25,final,907,3907,0.09000000000000001,1.0,1.0,0.11241471022367477,0.0008074391516856849
DQN,25,final,908,3908,0.0821217465400696,2.0,2.0,0.5290794968605042,0.0005389548750827089
DQN,25,final,909,3909,0.09000000000000001,1.0,1.0,0.6400135159492493,0.00040793250082060695
DQN,25,final,910,3910,0.08495249032974245,2.0,2.0,0.6652835011482239,0.0003501211176626384
DQN,25,final,911,3911,0.09000000000000001,1.0,1.0,0.23297296464443207,0.00048075689119286835
DQN,25,final,912,3912,0.2003095817565918,3.0,3.0,0.7844328880310059,0.05329061641047398
DQN,25,final,913,3913,0.07951763451099397,2.0,2.0,0.1953606903553009,0.0005646559729939327
DQN,25,final,914,3914,0.22151000976562502,2.0,2.0,0.49146270751953125,0.0011008326546289027
DQN,25,final,915,3915,-0.007354729175567606,3.0,3.0,0.8968638777732849,0.0017259538484116395
DQN,25,final,916,3916,0.15145518064498903,2.0,2.0,0.23984503746032715,0.0009337153169326484
DQN,25,final,917,3917,0.1500052285194397,3.0,3.0,0.6120887398719788,0.0006311135366559029
DQN,25,final,918,3918,0.09000000000000001,1.0,1.0,0.5093353390693665,0.00044165196595713496
DQN,25,final,919,3919,0.19640417575836183,2.0,2.0,0.5434113144874573,0.0004849865654250607
DQN,25,final,920,3920,0.09000000000000001,1.0,1.0,0.1602068394422531,0.0005846378044225276
DQN,25,final,921,3921,0.1061448919773102,2.0,2.0,0.4941876232624054,0.0007894241716712713
DQN,25,final,922,3922,0.09000000000000001,1.0,1.0,0.13480469584465027,0.0004111769958399236
DQN,25,final,923,3923,0.26503235816955567,3.0,3.0,0.5721672177314758,0.0008608690501811603
DQN,25,final,924,3924,0.1148334962129593,3.0,3.0,0.17626555263996124,0.0004643224140939613
DQN,25,final,925,3925,0.07697237253189089,3.0,3.0,0.7263740301132202,0.000608994479989633
DQN,25,final,926,3926,0.1068560552597046,3.0,3.0,0.7177723050117493,0.008676347264554352
DQN,25,final,927,3927,-0.49282723665237427,10.0,3.0,0.784618079662323,0.001042873173719272
DQN,25,final,928,3928,0.09859470248222352,3.0,3.0,0.3103967607021332,0.0006120627222117037
DQN,25,final,929,3929,0.09000000000000001,1.0,1.0,0.5322238802909851,0.0010784969199448824
DQN,25,final,930,3930,0.11461509943008424,2.0,2.0,0.5411714315414429,0.004087104462087154
DQN,25,final,931,3931,-0.5212595462799072,10.0,3.0,0.59157794713974,0.0011917249066755176
DQN,25,final,932,3932,0.1979807782173157,2.0,2.0,0.7782106399536133,0.000600000872509554
DQN,25,final,933,3933,0.01417662382125856,2.0,2.0,0.4017985463142395,0.0006370380870066583
DQN,25,final,934,3934,-0.36840440034866334,10.0,4.0,0.5988742113113403,0.0006917663413332775
DQN,25,final,935,3935,0.09000000000000001,1.0,1.0,0.4673631489276886,0.0005029704771004617
DQN,25,final,936,3936,0.09000000000000001,1.0,1.0,0.7986493706703186,0.0005043913261033595
DQN,25,final,937,3937,0.03891510725021363,4.0,3.0,0.7526611685752869,0.0005487217276822776
DQN,25,final,938,3938,-0.1744427919387818,10.0,5.0,1.005834698677063,0.0006233564839931205
DQN,25,final,939,3939,-0.2665005922317505,10.0,3.0,0.654644787311554,0.0006293144746450707
DQN,25,final,940,3940,-0.016241123676300054,4.0,3.0,0.7989761233329773,0.0006729912420269102
DQN,25,final,941,3941,0.09000000000000001,1.0,1.0,0.30143800377845764,0.000623775995336473
DQN,25,final,942,3942,0.09000000000000001,1.0,1.0,0.12529663741588593,0.0003496312419883907
DQN,25,final,943,3943,0.09000000000000001,1.0,1.0,0.16214506328105927,0.00041073007741943
DQN,25,final,944,3944,0.2770562744140625,4.0,4.0,0.8926242589950562,0.0007645819714525715
DQN,25,final,945,3945,-0.07283162117004392,9.0,4.0,0.5198758244514465,0.002746073215449643
DQN,25,final,946,3946,-0.08139890670776366,4.0,4.0,0.6443495750427246,0.0005778252016170882
DQN,25,final,947,3947,0.07601720094680786,5.0,4.0,0.7259364128112793,0.0005380213260650635
DQN,25,final,948,3948,-0.2853423357009888,10.0,3.0,0.5780414938926697,0.000706692723906599
DQN,25,final,949,3949,0.09000000000000001,1.0,1.0,0.6970067620277405,0.0003211751172784716
DQN,25,final,950,3950,0.08703304052352907,3.0,3.0,0.48508089780807495,0.0007275005142825345
DQN,25,final,951,3951,0.15338687777519228,2.0,2.0,0.46219900250434875,0.0006097882287576795
DQN,25,final,952,3952,0.19491698026657106,2.0,2.0,0.9005460143089294,0.0006787864258512855
DQN,25,final,953,3953,0.09000000000000001,1.0,1.0,0.1534625142812729,0.0005216520512476563
DQN,25,final,954,3954,-0.3803781151771546,10.0,2.0,0.9232695698738098,0.001934681777493097
DQN,25,final,955,3955,0.20533401489257813,3.0,3.0,0.7564714550971985,0.0005256597166104863
DQN,25,final,956,3956,0.09000000000000001,1.0,1.0,0.12318794429302216,0.0005734852747991681
DQN,25,final,957,3957,0.09000000000000001,1.0,1.0,0.17332784831523895,0.0008290967089124024
DQN,25,final,958,3958,0.09000000000000001,1.0,1.0,0.5413392782211304,0.0023695225827395916
DQN,25,final,959,3959,0.24371768712997438,2.0,2.0,0.827192485332489,0.000491272789076902
DQN,25,final,960,3960,0.23122016310691834,3.0,3.0,0.3623088300228119,0.0007006153270291785
DQN,25,final,961,3961,0.07733933806419374,2.0,2.0,0.2835986316204071,0.0006533587584272027
DQN,25,final,962,3962,0.09000000000000001,1.0,1.0,0.3366536796092987,0.0006897213752381504
DQN,25,final,963,3963,0.2431576418876648,2.0,2.0,0.6516136527061462,0.000637003657175228
DQN,25,final,964,3964,0.30011207580566407,3.0,3.0,0.709729790687561,0.0004637295399637272
DQN,25,final,965,3965,0.32180454015731813,2.0,2.0,0.9690129160881042,0.00046865580952726305
DQN,25,final,966,3966,-0.18223349332809446,8.0,3.0,0.6241520643234253,0.0004910119205305818
DQN,25,final,967,3967,0.09000000000000001,1.0,1.0,0.08446799218654633,0.000400802178774029
DQN,25,final,968,3968,0.09000000000000001,1.0,1.0,0.22622060775756836,0.0004735655093099922
DQN,25,final,969,3969,0.12460045695304872,2.0,2.0,0.36867374181747437,0.00043472982360981405
DQN,25,final,970,3970,0.06611611127853395,2.0,2.0,0.8418350219726562,0.00045730452984571457
DQN,25,final,971,3971,-0.19211272954940795,6.0,3.0,0.4694492518901825,0.0029950825701234862
DQN,25,final,972,3972,0.0009982585906982283,5.0,4.0,0.9094178080558777,0.0008586062001995742
DQN,25,final,973,3973,0.11223270177841188,2.0,2.0,0.7256437540054321,0.000642041297396645
DQN,25,final,974,3974,-0.5993707656860352,10.0,2.0,0.6221485137939453,0.019910689984681085
DQN,25,final,975,3975,0.20562215328216554,2.0,2.0,0.5912176966667175,0.0009608615655452013
DQN,25,final,976,3976,0.03333188772201539,2.0,2.0,0.53040611743927,0.0009384235600009561
DQN,25,final,977,3977,0.09000000000000001,1.0,1.0,0.6402994394302368,0.0006495199049822986
DQN,25,final,978,3978,0.3105620908737183,2.0,2.0,0.5152706503868103,0.0007812482945155352
DQN,25,final,979,3979,0.09000000000000001,1.0,1.0,0.11352306604385376,0.0005729444674216211
DQN,25,final,980,3980,-0.47662757635116576,10.0,2.0,0.9551752209663391,0.0007706537551712244
DQN,25,final,981,3981,0.10749073505401613,2.0,2.0,0.6175453066825867,0.008277808054117486
DQN,25,final,982,3982,0.09000000000000001,1.0,1.0,0.2896547019481659,0.002469578990712762
DQN,25,final,983,3983,0.39250500679016115,2.0,2.0,0.5033007264137268,0.0008264262578450143
DQN,25,final,984,3984,0.0784185028076172,4.0,3.0,0.9028339385986328,0.0007474236335838214
DQN,25,final,985,3985,0.1869854998588562,3.0,3.0,0.6918935775756836,0.0006645785178989172
DQN,25,final,986,3986,0.2547642660140991,3.0,3.0,0.9698276519775391,0.0005489371445340415
DQN,25,final,987,3987,0.306359179019928,3.0,3.0,0.7142934203147888,0.0011612811746696632
DQN,25,final,988,3988,-0.01498007059097288,3.0,3.0,0.4172499179840088,0.0007954569882713258
DQN,25,final,989,3989,-0.6256452202796937,10.0,3.0,0.7350397706031799,0.0009701229340862483
DQN,25,final,990,3990,0.09000000000000001,1.0,1.0,0.21885545551776886,0.0007541310624219477
DQN,25,final,991,3991,0.3171430003643036,3.0,3.0,0.40826931595802307,0.0006931261159479618
DQN,25,final,992,3992,0.05803848028182984,3.0,3.0,0.644293487071991,0.0011312527931295335
DQN,25,final,993,3993,0.07506284296512605,2.0,2.0,0.1524428427219391,0.010106209520017728
DQN,25,final,994,3994,0.2528568971157074,2.0,2.0,0.2859540581703186,0.0006492729589808732
DQN,25,final,995,3995,0.09000000000000001,1.0,1.0,0.7135105729103088,0.0005846708081662655
DQN,25,final,996,3996,-0.05936143040657042,4.0,4.0,0.514508068561554,0.00044716933189192787
DQN,25,final,997,3997,0.0678969192504883,2.0,2.0,0.14969393610954285,0.0006958576559554785
DQN,25,final,998,3998,0.09471585512161257,4.0,2.0,0.7185245156288147,0.0006599179614568129
DQN,25,final,999,3999,0.1599019241333008,3.0,3.0,0.62410968542099,0.021887397645817448
DQN,25,final,1000,4000,0.16177131414413454,2.0,2.0,0.3892402648925781,0.0006383645522873849
DQN,25,final,1001,4001,0.09000000000000001,1.0,1.0,0.5585231184959412,0.0011752867139875889
DQN,25,final,1002,4002,0.09000000000000001,1.0,1.0,0.3365454375743866,0.0005772957811132073
DQN,25,final,1003,4003,0.09000000000000001,1.0,1.0,0.13656926155090332,0.0005843171966262162
DQN,25,final,1004,4004,0.09000000000000001,1.0,1.0,0.2513483762741089,0.0003291507891844958
DQN,25,final,1005,4005,0.12712127685546876,3.0,3.0,0.8209091424942017,0.0007682261833300194
DQN,25,final,1006,4006,0.03339357852935792,2.0,2.0,0.770565390586853,0.000547501360415481
DQN,25,final,1007,4007,0.09000000000000001,1.0,1.0,0.7015618085861206,0.0005046403384767473
DQN,25,final,1008,4008,0.08268942117691042,2.0,2.0,0.4256625175476074,0.0004519682697718963
DQN,25,final,1009,4009,0.10349072694778444,2.0,2.0,0.6901270747184753,0.0005322083306964487
DQN,25,final,1010,4010,0.25495381832122804,2.0,2.0,0.600238025188446,0.0006165522790979594
DQN,25,final,1011,4011,0.21553741931915282,6.0,5.0,0.7376396059989929,0.0006186512522011375
DQN,25,final,1012,4012,0.09000000000000001,1.0,1.0,0.2961983382701874,0.0036057448014616966
DQN,25,final,1013,4013,0.25216799199581147,3.0,3.0,0.17620472609996796,0.0006560727100198468
DQN,25,final,1014,4014,0.09000000000000001,1.0,1.0,0.41780322790145874,0.0003910864470526576
DQN,25,final,1015,4015,0.07830102920532228,2.0,2.0,0.49331849813461304,0.0008283675997518003
DQN,25,final,1016,4016,-0.1572680878639221,8.0,3.0,0.911034107208252,0.0007943969394546002
DQN,25,final,1017,4017,0.09000000000000001,1.0,1.0,0.2566767632961273,0.0005142310983501375
DQN,25,final,1018,4018,0.049011560082435617,2.0,2.0,0.2378655970096588,0.0005296570889186114
DQN,25,final,1019,4019,0.06714587092399599,2.0,2.0,0.3627452254295349,0.0005192441749386489
DQN,25,final,1020,4020,0.09000000000000001,1.0,1.0,0.13699747622013092,0.0004515587934292853
DQN,25,final,1021,4021,0.1332268285751343,2.0,2.0,1.1826889514923096,0.0006951240357011557
DQN,25,final,1022,4022,0.09000000000000001,1.0,1.0,0.3750586211681366,0.0005198075668886304
DQN,25,final,1023,4023,0.09000000000000001,1.0,1.0,0.10573147237300873,0.00042157122516073287
DQN,25,final,1024,4024,0.09000000000000001,1.0,1.0,0.14847397804260254,0.0008065953152254224
DQN,25,final,1025,4025,1.968145370483121e-05,5.0,3.0,0.5968284010887146,0.0007492836215533316
DQN,25,final,1026,4026,0.00855945467948914,3.0,2.0,0.4488959312438965,0.0004440618892355512
DQN,25,final,1027,4027,0.020798230469226853,2.0,2.0,0.16586780548095703,0.00030602541664848104
DQN,25,final,1028,4028,0.09000000000000001,1.0,1.0,0.35118892788887024,0.0005621802411042154
DQN,25,final,1029,4029,0.09000000000000001,1.0,1.0,0.3852865695953369,0.0008510190527886152
DQN,25,final,1030,4030,0.09000000000000001,1.0,1.0,0.14929446578025818,0.0002863021509256214
DQN,25,final,1031,4031,0.09000000000000001,1.0,1.0,0.5861325860023499,0.000942975573707372
DQN,25,final,1032,4032,-0.2285037636756897,10.0,3.0,0.6386617422103882,0.003186729137087241
DQN,25,final,1033,4033,0.09471042633056642,2.0,2.0,0.6737950444221497,0.0006102763436501846
DQN,25,final,1034,4034,-0.27246107697486877,9.0,4.0,0.38259825110435486,0.019060647231526673
DQN,25,final,1035,4035,-0.5249457359313965,10.0,3.0,1.3700429201126099,0.002027703300700523
DQN,25,final,1036,4036,0.09000000000000001,1.0,1.0,0.39406129717826843,0.0004904119996353984
DQN,25,final,1037,4037,-0.482340407371521,10.0,4.0,1.1636728048324585,0.006723363086348399
DQN,25,final,1038,4038,0.09000000000000001,1.0,1.0,0.5312944650650024,0.000687483639921993
DQN,25,final,1039,4039,0.2911502194404602,3.0,3.0,0.6141057014465332,0.013784342678263783
DQN,25,final,1040,4040,0.07889186143875124,5.0,5.0,0.511986255645752,0.008388571126852184
DQN,25,final,1041,4041,0.16437252044677736,2.0,2.0,0.5793744325637817,0.0006637209444306791
DQN,25,final,1042,4042,0.1517897415161133,2.0,2.0,0.6793215870857239,0.11010341794462875
DQN,25,final,1043,4043,0.09000000000000001,1.0,1.0,0.6987414360046387,0.0006748490268364549
DQN,25,final,1044,4044,0.10544414043426514,3.0,3.0,0.8251581788063049,0.0015444417755740385
DQN,25,final,1045,4045,0.10624154090881349,2.0,2.0,0.6296571493148804,0.001010137377306819
DQN,25,final,1046,4046,-0.23317633628845214,6.0,3.0,0.4656051993370056,0.0020828211563639343
DQN,25,final,1047,4047,-0.058491855859756484,5.0,4.0,0.3562432825565338,0.005826101603452117
DQN,25,final,1048,4048,0.09000000000000001,1.0,1.0,0.23131966590881348,0.0004402502963785082
DQN,25,final,1049,4049,0.04716362237930299,2.0,2.0,0.8788250088691711,0.0020865839323960245
DQN,25,final,1050,4050,-0.5435859143733979,10.0,2.0,0.20862741768360138,0.006441776634892449
DQN,25,final,1051,4051,0.09000000000000001,1.0,1.0,0.18119044601917267,0.0008329076808877289
DQN,25,final,1052,4052,0.0558158028125763,2.0,2.0,0.3089258372783661,0.13884943060111254
DQN,25,final,1053,4053,0.1370558309555054,2.0,2.0,0.284636914730072,0.0011829742579720914
DQN,25,final,1054,4054,0.08890627503395082,2.0,2.0,0.11289399117231369,0.0007769297226332128
DQN,25,final,1055,4055,0.06555473983287813,2.0,2.0,0.2219047099351883,0.0008291284466395155
DQN,25,final,1056,4056,0.09000000000000001,1.0,1.0,0.1717592477798462,0.000727704493328929
DQN,25,final,1057,4057,-0.3746579051017761,10.0,3.0,0.6246619820594788,0.0014252722903620452
DQN,25,final,1058,4058,-0.39407825469970703,10.0,3.0,0.961295485496521,0.00063738331082277
DQN,25,final,1059,4059,0.14359946727752687,2.0,2.0,0.5391939282417297,0.0010598058870527893
DQN,25,final,1060,4060,0.21082045316696169,2.0,2.0,0.4070115089416504,0.0009327337029390037
DQN,25,final,1061,4061,0.09000000000000001,1.0,1.0,0.21221652626991272,0.000861724722199142
DQN,25,final,1062,4062,0.05864120244979859,3.0,3.0,0.7617668509483337,0.007125435086588065
DQN,25,final,1063,4063,0.09000000000000001,1.0,1.0,0.5096113085746765,0.0005850238376297057
DQN,25,final,1064,4064,0.18040228605270386,3.0,3.0,0.5406073927879333,0.0034217993767621615
DQN,25,final,1065,4065,-0.5080188989639283,10.0,2.0,0.8004714250564575,0.0011499619053211064
DQN,25,final,1066,4066,0.09000000000000001,1.0,1.0,0.1500309407711029,0.0007885638042353094
DQN,25,final,1067,4067,0.09000000000000001,1.0,1.0,0.23279915750026703,0.0006208354025147855
DQN,25,final,1068,4068,0.19312352657318116,3.0,3.0,0.47262948751449585,0.002731595692845682
DQN,25,final,1069,4069,0.09000000000000001,1.0,1.0,0.17197959125041962,0.001023628981783986
DQN,25,final,1070,4070,0.11302541375160219,2.0,2.0,0.3484601080417633,0.0023106819135136902
DQN,25,final,1071,4071,0.09000000000000001,1.0,1.0,0.7008944749832153,0.001388242468237877
DQN,25,final,1072,4072,0.09000000000000001,1.0,1.0,0.5123958587646484,0.0009865195024758577
DQN,25,final,1073,4073,0.24693700313568118,6.0,2.0,0.9791536331176758,0.0009006066538859159
DQN,25,final,1074,4074,-0.017475945949554428,2.0,2.0,0.6917153000831604,0.0011901985271833837
DQN,25,final,1075,4075,0.09000000000000001,1.0,1.0,0.2071218192577362,0.0007868704851716757
DQN,25,final,1076,4076,0.14963526248931885,3.0,3.0,0.7076572775840759,0.0007692079137389859
DQN,25,final,1077,4077,-0.5031748294830323,10.0,2.0,0.3250819146633148,0.003911916026845574
DQN,25,final,1078,4078,0.13083525180816652,2.0,2.0,0.5584034323692322,0.008187739877030253
DQN,25,final,1079,4079,0.09000000000000001,1.0,1.0,0.2540071904659271,0.0008597904816269875
DQN,25,final,1080,4080,0.09000000000000001,1.0,1.0,0.4717237949371338,0.0007240403792820871
DQN,25,final,1081,4081,-0.004340782165527371,9.0,6.0,0.9808441400527954,0.0020201619546343056
DQN,25,final,1082,4082,0.13106043815612795,2.0,2.0,0.6889808773994446,0.0011562635190784931
DQN,25,final,1083,4083,0.16682191371917726,2.0,2.0,0.6471600532531738,0.0006940310704521835
DQN,25,final,1084,4084,0.09810127496719362,2.0,2.0,0.4540764391422272,0.0008559213601984084
DQN,25,final,1085,4085,0.09000000000000001,1.0,1.0,0.09734608232975006,0.0010475697927176952
DQN,25,final,1086,4086,-0.01904445171356199,3.0,3.0,0.7131540179252625,0.018563730991445482
DQN,25,final,1087,4087,0.09000000000000001,1.0,1.0,0.4378785192966461,0.0008952675270847976
DQN,25,final,1088,4088,-0.03375022649765014,4.0,3.0,0.6543940901756287,0.0010404157947050408
DQN,25,final,1089,4089,0.21214993476867677,2.0,2.0,1.056466817855835,0.0008810982690192759
DQN,25,final,1090,4090,0.18447072982788087,2.0,2.0,0.7274733185768127,0.002627141628181562
DQN,25,final,1091,4091,0.030574219226837167,2.0,2.0,0.3146951198577881,0.014698764629429206
DQN,25,final,1092,4092,0.07174815416336061,2.0,2.0,0.57628333568573,0.0006005594041198492
DQN,25,final,1093,4093,0.09000000000000001,1.0,1.0,0.3779890239238739,0.0007488745613954961
DQN,25,final,1094,4094,0.09000000000000001,1.0,1.0,0.15126216411590576,0.00038767943624407053
DQN,25,final,1095,4095,0.09000000000000001,1.0,1.0,0.11924773454666138,0.0008140788413584232
DQN,25,final,1096,4096,0.14059997320175172,3.0,3.0,0.6397120356559753,0.0010715322374987106
DQN,25,final,1097,4097,0.21419836759567262,2.0,2.0,0.3964974880218506,0.018629270722158253
DQN,25,final,1098,4098,0.09000000000000001,1.0,1.0,0.1855178326368332,0.0008342759683728218
DQN,25,final,1099,4099,-0.07977826595306395,10.0,4.0,0.6941947937011719,0.0007461476605385541
DQN,25,final,1100,4100,-0.5328611612319947,10.0,2.0,0.8816980719566345,0.0009068473766092211
DQN,25,final,1101,4101,-0.48839579820632933,10.0,2.0,0.862167477607727,0.04377325610257685
DQN,25,final,1102,4102,-0.13228856325149535,5.0,3.0,0.5673959851264954,0.0011745834373869002
DQN,25,final,1103,4103,0.09000000000000001,1.0,1.0,0.15415708720684052,0.0008300818735733628
DQN,25,final,1104,4104,0.09000000000000001,1.0,1.0,0.6293756365776062,0.0005308627733029425
DQN,25,final,1105,4105,0.09000000000000001,1.0,1.0,0.3745737075805664,0.0004690933565143496
DQN,25,final,1106,4106,0.09000000000000001,1.0,1.0,0.14298398792743683,0.001184179913252592
DQN,25,final,1107,4107,0.01217396736145021,2.0,2.0,0.6148999333381653,0.004040588886709884
DQN,25,final,1108,4108,0.09000000000000001,1.0,1.0,0.3661186397075653,0.000814019120298326
DQN,25,final,1109,4109,0.11299053549766541,3.0,3.0,0.2712974548339844,0.0012130806571803987
DQN,25,final,1110,4110,0.2282571268081665,3.0,3.0,0.5808220505714417,0.0009367597134162983
DQN,25,final,1111,4111,-0.34021680355072026,10.0,2.0,0.8100776672363281,0.0009484449634328485
DQN,25,final,1112,4112,-0.024931232929229732,3.0,2.0,0.5414530038833618,0.0030013694583127895
DQN,25,final,1113,4113,0.2112760615348816,3.0,3.0,0.9280386567115784,0.01084188789051647
DQN,25,final,1114,4114,0.17588402509689333,2.0,2.0,0.7330150604248047,0.000698017975082621
DQN,25,final,1115,4115,0.07145671725273134,2.0,2.0,0.43962574005126953,0.0006963933701626956
DQN,25,final,1116,4116,0.0668609979748726,2.0,2.0,0.07583127915859222,0.006843472481705248
DQN,25,final,1117,4117,-0.2569995903968811,9.0,3.0,0.42663517594337463,0.0020249515590775344
DQN,25,final,1118,4118,0.3739574420452118,2.0,2.0,0.45248696208000183,0.0011593341478146613
DQN,25,final,1119,4119,0.09000000000000001,1.0,1.0,0.47130900621414185,0.0007477996405214071
DQN,25,final,1120,4120,0.09000000000000001,1.0,1.0,0.12245553731918335,0.000538574589882046
DQN,25,final,1121,4121,0.1956686544418335,2.0,2.0,0.6864853501319885,0.000744773366022855
DQN,25,final,1122,4122,0.13018615722656252,2.0,2.0,1.1076774597167969,0.0007648750324733555
DQN,25,final,1123,4123,-0.41260817646980286,10.0,3.0,0.4691188633441925,0.0007638695446075871
DQN,25,final,1124,4124,0.07064140796661378,4.0,3.0,0.9008369445800781,0.0016040452028391883
DQN,25,final,1125,4125,0.1762963104248047,2.0,2.0,0.6564525365829468,0.0008006659045349807
DQN,25,final,1126,4126,0.09000000000000001,1.0,1.0,0.36071109771728516,0.0005631234962493181
DQN,25,final,1127,4127,-0.19784535288810728,7.0,3.0,0.33552980422973633,0.004397928061994857
DQN,25,final,1128,4128,0.09296341419219972,2.0,2.0,0.2957593500614166,0.0005867850850336254
DQN,25,final,1129,4129,-0.010597808361053451,2.0,2.0,0.7616230845451355,0.0007579621451441199
DQN,25,final,1130,4130,0.14941086053848268,2.0,2.0,0.6539744138717651,0.0006964578351471573
DQN,25,final,1131,4131,0.207821683883667,2.0,2.0,0.29664602875709534,0.0006776254449505359
DQN,25,final,1132,4132,0.06307764530181886,2.0,2.0,0.7952942848205566,0.0017597860132809728
DQN,25,final,1133,4133,0.08340861082077028,2.0,2.0,0.6373216509819031,0.0007185461290646344
DQN,25,final,1134,4134,0.26591880798339845,2.0,2.0,0.57551109790802,0.0006938683800399303
DQN,25,final,1135,4135,0.05908137738704682,2.0,2.0,0.2311844676733017,0.002801600145176053
DQN,25,final,1136,4136,0.09000000000000001,1.0,1.0,0.13187383115291595,0.0004946603439748287
DQN,25,final,1137,4137,0.03927739620208741,4.0,2.0,0.3415030837059021,0.0008727940876269713
DQN,25,final,1138,4138,0.05784255981445314,3.0,3.0,0.7418857216835022,0.10292096932729085
DQN,25,final,1139,4139,-0.49473391771316527,10.0,2.0,0.5248820185661316,0.02315362279477995
DQN,25,final,1140,4140,0.060193614959716805,2.0,2.0,0.4607091546058655,0.0015585951623506844
DQN,25,final,1141,4141,-0.01635994791984556,3.0,3.0,0.35668060183525085,0.0012919048119025927
DQN,25,final,1142,4142,0.11904627799987794,3.0,3.0,0.643722414970398,0.002439245154770712
DQN,25,final,1143,4143,0.32038301944732667,3.0,3.0,0.6417903304100037,0.05131556652486324
DQN,25,final,1144,4144,0.20810932636260987,3.0,3.0,0.42781466245651245,0.001535902653510372
DQN,25,final,1145,4145,-0.2015036106109619,10.0,3.0,0.7338081002235413,0.0048757187731098385
DQN,25,final,1146,4146,-0.48156290054321294,10.0,2.0,0.8106807470321655,0.007801063076476567
DQN,25,final,1147,4147,0.21461095094680788,2.0,2.0,0.8798498511314392,0.00730139558436349
DQN,25,final,1148,4148,0.24796076059341432,6.0,3.0,0.669795572757721,0.005311093094254223
DQN,25,final,1149,4149,0.11127259016036989,2.0,2.0,0.7050945162773132,0.0012984443455934525
DQN,25,final,1150,4150,0.3034277629852295,3.0,3.0,0.6592856049537659,0.004765391970674197
DQN,25,final,1151,4151,0.09000000000000001,1.0,1.0,0.1322035789489746,0.0007484048255719244
DQN,25,final,1152,4152,-0.11166620254516604,10.0,3.0,0.6588693857192993,0.0011593786533921958
DQN,25,final,1153,4153,0.06249942064285279,2.0,2.0,0.6761512756347656,0.006469237734563649
DQN,25,final,1154,4154,0.09000000000000001,1.0,1.0,0.5430906414985657,0.0009619555785320699
DQN,25,final,1155,4155,0.09000000000000001,1.0,1.0,0.7553914785385132,0.0010865031508728862
DQN,25,final,1156,4156,0.1610639262199402,2.0,2.0,0.7981966733932495,0.0006675985059700906
DQN,25,final,1157,4157,0.09000000000000001,1.0,1.0,0.15987059473991394,0.0010619299719110131
DQN,25,final,1158,4158,0.26452131748199464,2.0,2.0,0.588373064994812,0.0027374455239623785
DQN,25,final,1159,4159,0.09000000000000001,1.0,1.0,0.4543505311012268,0.034292276948690414
DQN,25,final,1160,4160,0.017242731451988236,2.0,2.0,0.30042627453804016,0.0073132236720994115
DQN,25,final,1161,4161,-0.22370049476623532,7.0,2.0,0.8632746934890747,0.003682717090539102
DQN,25,final,1162,4162,0.09000000000000001,1.0,1.0,0.18999631702899933,0.0007648413884453475
DQN,25,final,1163,4163,-0.0824305248260498,2.0,2.0,0.8124414682388306,0.003058235510252416
DQN,25,final,1164,4164,0.12921454191207887,2.0,2.0,0.8176838159561157,0.0010944567911792547
DQN,25,final,1165,4165,0.09000000000000001,1.0,1.0,0.4927896559238434,0.0009002548758871853
DQN,25,final,1166,4166,0.20129729986190797,2.0,2.0,0.656272292137146,0.17904685228131711
DQN,25,final,1167,4167,0.29267431020736695,3.0,3.0,0.6861400008201599,0.0007449490755485991
DQN,25,final,1168,4168,0.09000000000000001,1.0,1.0,0.22072389721870422,0.0007319239666685462
DQN,25,final,1169,4169,0.2563104498386383,2.0,2.0,0.15413498878479004,0.0009018857090268284
DQN,25,final,1170,4170,0.09000000000000001,1.0,1.0,0.19168224930763245,0.0009108204976655543
DQN,25,final,1171,4171,0.09000000000000001,1.0,1.0,0.6236611604690552,0.02274649776518345
DQN,25,final,1172,4172,0.028802828788757333,2.0,2.0,0.6638677716255188,0.0010035469895228744
DQN,25,final,1173,4173,0.11275197744369508,2.0,2.0,0.787388265132904,0.0019852618570439517
DQN,25,final,1174,4174,0.03529706776142121,2.0,2.0,0.25196075439453125,0.004442917415872216
DQN,25,final,1175,4175,0.17812140464782716,2.0,2.0,0.47650599479675293,0.0011402515228837729
DQN,25,final,1176,4176,0.10607667446136476,2.0,2.0,0.9676823616027832,0.001224371517309919
DQN,25,final,1177,4177,0.1495984959602356,2.0,2.0,0.40934643149375916,0.003785411361604929
DQN,25,final,1178,4178,0.09000000000000001,1.0,1.0,0.4447130858898163,0.0010083424858748913
DQN,25,final,1179,4179,0.3405198621749878,2.0,2.0,0.7308014035224915,0.0011775892635341734
DQN,25,final,1180,4180,0.1150552797317505,2.0,2.0,0.4737936854362488,0.0008342039363924414
DQN,25,final,1181,4181,0.1818873453140259,2.0,2.0,1.0414164066314697,0.0012876082910224795
DQN,25,final,1182,4182,0.3143672811985016,2.0,2.0,0.4414260685443878,0.0009376003581564873
DQN,25,final,1183,4183,0.06873600363731386,2.0,2.0,0.5106255412101746,0.000982506258878857
DQN,25,final,1184,4184,0.09000000000000001,1.0,1.0,0.3383379876613617,0.0008176996489055455
DQN,25,final,1185,4185,0.0940524208545685,2.0,2.0,0.18238334357738495,0.0012813150533474982
DQN,25,final,1186,4186,0.07468934535980226,2.0,2.0,0.09857162088155746,0.0008772243745625019
DQN,25,final,1187,4187,0.09000000000000001,1.0,1.0,0.12418185919523239,0.0009500256855972111
DQN,25,final,1188,4188,0.18669082403182985,2.0,2.0,0.5169102549552917,0.0024216261808760464
DQN,25,final,1189,4189,-0.0623439335823059,4.0,2.0,0.23767831921577454,0.000911433991859667
DQN,25,final,1190,4190,0.09000000000000001,1.0,1.0,0.24412091076374054,0.0010667983442544937
DQN,25,final,1191,4191,0.0006857734918594427,3.0,3.0,0.2678055167198181,0.0010611255808422964
DQN,25,final,1192,4192,0.004653410911560074,2.0,2.0,0.46942776441574097,0.0010032161953859031
DQN,25,final,1193,4193,0.09000000000000001,1.0,1.0,0.129273921251297,0.0007153370534069836
DQN,25,final,1194,4194,0.04202826499938966,2.0,2.0,0.2685542106628418,0.000925532600376755
DQN,25,final,1195,4195,0.08221368670463564,2.0,2.0,0.2991265654563904,0.0007293639646377414
DQN,25,final,1196,4196,0.09000000000000001,1.0,1.0,0.2680814862251282,0.0005217659054324031
DQN,25,final,1197,4197,0.07693748354911806,2.0,2.0,0.36459991335868835,0.0007371558749582618
DQN,25,final,1198,4198,0.09000000000000001,1.0,1.0,0.14110217988491058,0.0009995079599320889
DQN,25,final,1199,4199,0.25111247777938844,2.0,2.0,0.4836847186088562,0.0009362306445837021
DQN,25,final,1200,4200,0.09000000000000001,1.0,1.0,0.5024790167808533,0.00057595333782956
DQN,25,final,1201,4201,0.09000000000000001,1.0,1.0,0.4588771462440491,0.0005727997631765902
DQN,25,final,1202,4202,0.059088664054870614,2.0,2.0,0.433424174785614,0.0009318758093286306
DQN,25,final,1203,4203,0.09000000000000001,1.0,1.0,0.38788706064224243,0.0005557090626098216
DQN,25,final,1204,4204,0.12669567197561266,2.0,2.0,0.10679291933774948,0.0007800181920174509
DQN,25,final,1205,4205,0.14479525566101076,2.0,2.0,0.7704058885574341,0.0007621899712830782
DQN,25,final,1206,4206,0.19940985918045045,2.0,2.0,0.6248117685317993,0.0006422308797482401
DQN,25,final,1207,4207,0.09000000000000001,1.0,1.0,0.6759971976280212,0.0008270048419944942
DQN,25,final,1208,4208,0.005437062978744522,2.0,2.0,0.5345712304115295,0.0006558490567840636
DQN,25,final,1209,4209,0.09000000000000001,1.0,1.0,0.7983240485191345,0.0004396061704028398
DQN,25,final,1210,4210,0.09000000000000001,1.0,1.0,0.4085308611392975,0.0006458536954596639
DQN,25,final,1211,4211,-0.031784825325012186,3.0,3.0,0.6615572571754456,0.001758141986404856
DQN,25,final,1212,4212,-0.02875646233558654,3.0,3.0,0.36450743675231934,0.007668049423955381
DQN,25,final,1213,4213,0.09000000000000001,1.0,1.0,0.6189342737197876,0.000299677049042657
DQN,25,final,1214,4214,0.06505121469497682,2.0,2.0,0.4428257346153259,0.0004177736700512469
DQN,25,final,1215,4215,0.09096444576978685,2.0,2.0,0.07848654687404633,0.0006475688569480553
DQN,25,final,1216,4216,0.09000000000000001,1.0,1.0,0.17848603427410126,0.00104447768535465
DQN,25,final,1217,4217,0.11583586215972902,2.0,2.0,0.44949403405189514,0.0006073157419450581
DQN,25,final,1218,4218,0.2994532060623169,3.0,3.0,0.6790556311607361,0.0007215151951337854
DQN,25,final,1219,4219,0.09000000000000001,1.0,1.0,0.130958691239357,0.0009012205409817398
DQN,25,final,1220,4220,0.09000000000000001,1.0,1.0,0.15650691092014313,0.0004322165041230619
DQN,25,final,1221,4221,0.1890897822380066,3.0,3.0,0.5279211401939392,0.0008520800620317459
DQN,25,final,1222,4222,0.0879682692885399,2.0,2.0,0.08827542513608932,0.0009522374602966011
DQN,25,final,1223,4223,0.04603884547948838,2.0,2.0,0.12129374593496323,0.0010059649357572198
DQN,25,final,1224,4224,0.19383925914764405,3.0,3.0,0.6639829277992249,0.0004128459161923577
DQN,25,final,1225,4225,0.15587899804115296,3.0,3.0,0.3119582235813141,0.0005763193670039376
DQN,25,final,1226,4226,0.06348708078265192,2.0,2.0,0.07369866222143173,0.000980836251983419
DQN,25,final,1227,4227,0.13909329652786256,2.0,2.0,0.7894060015678406,0.0006329371681204066
DQN,25,final,1228,4228,0.0791644322872162,2.0,2.0,0.23543505370616913,0.0005205107590882108
DQN,25,final,1229,4229,0.09691561937332155,2.0,2.0,0.4680447578430176,0.0005935284571023658
DQN,25,final,1230,4230,0.08068831682205202,3.0,2.0,0.6324224472045898,0.0006919815302050362
DQN,25,final,1231,4231,0.1589924168586731,3.0,3.0,0.7168065309524536,0.0008161274599842727
DQN,25,final,1232,4232,0.14901863217353822,2.0,2.0,0.42101922631263733,0.0009619419579394162
DQN,25,final,1233,4233,0.1270834183692932,4.0,4.0,0.5492396950721741,0.0008346100366907194
DQN,25,final,1234,4234,-0.03309184312820433,5.0,4.0,0.8578103184700012,0.011955115001183004
DQN,25,final,1235,4235,0.09894295215606691,2.0,2.0,0.3184213936328888,0.0005214270786382258
DQN,25,final,1236,4236,0.1206758487224579,2.0,2.0,0.41930168867111206,0.0005146805488038808
DQN,25,final,1237,4237,0.2411422896385193,2.0,2.0,0.8725751042366028,0.0009550488030072302
DQN,25,final,1238,4238,0.1821755838394165,3.0,3.0,1.0029345750808716,0.0006588139610054592
DQN,25,final,1239,4239,0.09000000000000001,1.0,1.0,0.12994486093521118,0.0005146371549926698
DQN,25,final,1240,4240,0.1312998402118683,2.0,2.0,0.45975252985954285,0.0005449798190966249
DQN,25,final,1241,4241,0.09000000000000001,1.0,1.0,0.7282525300979614,0.0008361730142496526
DQN,25,final,1242,4242,0.19310023069381715,2.0,2.0,0.510388195514679,0.0007563798571936786
DQN,25,final,1243,4243,-0.16388080596923826,8.0,3.0,0.6487979888916016,0.0032357663512811996
DQN,25,final,1244,4244,-0.28142409324645995,10.0,4.0,0.8504182696342468,0.0006958080804906786
DQN,25,final,1245,4245,0.27443881511688234,2.0,2.0,0.6782447695732117,0.0016269723419100046
DQN,25,final,1246,4246,0.17895849227905275,2.0,2.0,0.49419838190078735,0.02137382174259983
DQN,25,final,1247,4247,0.09000000000000001,1.0,1.0,0.206379696726799,0.000605439068749547
DQN,25,final,1248,4248,-0.014308919906616216,4.0,3.0,0.5714583396911621,0.0009816387027967721
DQN,25,final,1249,4249,-0.062843941450119,3.0,3.0,0.5537843108177185,0.0008479780905569593
DQN,25,final,1250,4250,0.09000000000000001,1.0,1.0,0.6667059659957886,0.0008207996725104749
DQN,25,final,1251,4251,-0.06609068632125854,2.0,2.0,0.8404515385627747,0.0016662952257320285
DQN,25,final,1252,4252,0.11561329841613771,2.0,2.0,0.5158445239067078,0.1237256885797251
DQN,25,final,1253,4253,-0.09386508941650391,8.0,4.0,1.0986309051513672,0.0013546778136515059
DQN,25,final,1254,4254,0.24953426599502565,2.0,2.0,0.4828546643257141,0.0006486351630883291
DQN,25,final,1255,4255,0.09000000000000001,1.0,1.0,0.23946498334407806,0.00040481655742041767
DQN,25,final,1256,4256,-0.3228825807571411,10.0,4.0,1.1640841960906982,0.040409962111152706
DQN,25,final,1257,4257,0.09000000000000001,1.0,1.0,0.17551176249980927,0.0006622622604481876
DQN,25,final,1258,4258,0.06038702487945557,4.0,3.0,1.082828164100647,0.003511021059239283
DQN,25,final,1259,4259,0.09000000000000001,1.0,1.0,0.171397402882576,0.000568445713724941
DQN,25,final,1260,4260,0.0785520648956299,4.0,4.0,1.0403138399124146,0.001476988400099799
DQN,25,final,1261,4261,0.04274695336818696,3.0,3.0,0.26857703924179077,0.0012313609477132559
DQN,25,final,1262,4262,0.2769783902168274,2.0,2.0,0.5434176325798035,0.0010826477664522827
DQN,25,final,1263,4263,0.0683255958557129,2.0,2.0,0.5989281535148621,0.0007063513330649585
DQN,25,final,1264,4264,-0.47548583149909973,10.0,3.0,0.4307853877544403,0.015293673580163158
DQN,25,final,1265,4265,0.23465087234973908,3.0,3.0,0.2031121402978897,0.0006970587613371512
DQN,25,final,1266,4266,0.09806843280792238,2.0,2.0,0.7134092450141907,0.0006488030485343188
DQN,25,final,1267,4267,0.04662974357604981,2.0,2.0,0.7277616858482361,0.000869711977429688
DQN,25,final,1268,4268,0.09000000000000001,1.0,1.0,0.2928062081336975,0.0008838905487209558
DQN,25,final,1269,4269,0.08473820447921754,4.0,3.0,0.68464595079422,0.010537974332692102
DQN,25,final,1270,4270,0.09000000000000001,1.0,1.0,0.1406184732913971,0.00124980544205755
DQN,25,final,1271,4271,0.08361846923828126,3.0,3.0,0.5575391054153442,0.0032405646440262594
DQN,25,final,1272,4272,0.21983033597469331,2.0,2.0,0.22032694518566132,0.0007477739127352834
DQN,25,final,1273,4273,0.3849184083938599,2.0,2.0,0.7265874147415161,0.01760809669212904
DQN,25,final,1274,4274,0.18214692354202272,2.0,2.0,0.7153864502906799,0.0014065235736779869
DQN,25,final,1275,4275,0.16163708448410036,2.0,2.0,0.5128724575042725,0.05562779775937088
DQN,25,final,1276,4276,0.13405133962631227,2.0,2.0,0.8471465110778809,0.016243277495959774
DQN,25,final,1277,4277,-0.26691011905670164,7.0,3.0,0.6862562298774719,0.007227734280084925
DQN,25,final,1278,4278,-0.014059534072875968,4.0,3.0,0.650654673576355,0.0031620546942576766
DQN,25,final,1279,4279,0.03331859588623048,2.0,2.0,0.7432832717895508,0.0009560126927681267
DQN,25,final,1280,4280,0.18537748575210572,3.0,3.0,0.40459495782852173,0.0015607337118126452
DQN,25,final,1281,4281,0.19681023240089418,2.0,2.0,0.48748698830604553,0.0015458164270967245
DQN,25,final,1282,4282,0.10367375791072847,2.0,2.0,0.2271622270345688,0.0007930166320875287
DQN,25,final,1283,4283,0.09000000000000001,1.0,1.0,0.16375382244586945,0.0009847411420196295
DQN,25,final,1284,4284,0.33175511837005617,2.0,2.0,0.7258074879646301,0.0014416619669646025
DQN,25,final,1285,4285,0.14099987030029298,2.0,2.0,1.0458333492279053,0.03342391212936491
DQN,25,final,1286,4286,-0.14469737172126768,6.0,2.0,0.19133703410625458,0.04210451429632182
DQN,25,final,1287,4287,0.09000000000000001,1.0,1.0,0.35097837448120117,0.06065467745065689
DQN,25,final,1288,4288,0.3047075343132019,3.0,3.0,0.43811410665512085,0.000914503529202193
DQN,25,final,1289,4289,0.09000000000000001,1.0,1.0,0.09610002487897873,0.0005110948695801198
DQN,25,final,1290,4290,0.2796498703956604,2.0,2.0,0.5006789565086365,0.0013188812881708145
DQN,25,final,1291,4291,0.09000000000000001,1.0,1.0,0.22117550671100616,0.005446393508464098
DQN,25,final,1292,4292,0.11214055418968201,5.0,5.0,0.40747854113578796,0.002013012021780014
DQN,25,final,1293,4293,0.09000000000000001,1.0,1.0,0.44636639952659607,0.000667833723127842
DQN,25,final,1294,4294,0.09505059003829958,2.0,2.0,0.6640650629997253,0.0008598245040047914
DQN,25,final,1295,4295,0.02701852440834046,3.0,3.0,0.19146586954593658,0.007383893370085086
DQN,25,final,1296,4296,0.0428814458847046,2.0,2.0,0.7248145937919617,0.0014712535194121301
DQN,25,final,1297,4297,0.12136406660079957,4.0,3.0,0.8373020887374878,0.018917640787549317
DQN,25,final,1298,4298,0.09000000000000001,1.0,1.0,1.1512682437896729,0.0014368370175361633
DQN,25,final,1299,4299,0.14249499320983888,2.0,2.0,0.6963990926742554,0.0008096147794276476
DQN,25,final,1300,4300,0.13879983305931093,2.0,2.0,0.49601462483406067,0.0007074521854519844
DQN,25,final,1301,4301,0.09000000000000001,1.0,1.0,0.620937168598175,0.0013523282250389457
DQN,25,final,1302,4302,0.1836813259124756,2.0,2.0,1.3089441061019897,0.0014615159889217466
DQN,25,final,1303,4303,-0.36401939392089844,10.0,3.0,0.718876302242279,0.01161918676807545
DQN,25,final,1304,4304,0.09000000000000001,1.0,1.0,0.2717757821083069,0.000988256768323481
DQN,25,final,1305,4305,0.12011899232864381,2.0,2.0,0.5373652577400208,0.0010763898317236453
DQN,25,final,1306,4306,0.09958960294723512,2.0,2.0,0.16448958218097687,0.0011568368936423212
DQN,25,final,1307,4307,0.11893190622329713,2.0,2.0,0.6254739761352539,0.019693638518219814
DQN,25,final,1308,4308,0.09000000000000001,1.0,1.0,0.7526342272758484,0.0007277631666511297
DQN,25,final,1309,4309,0.200621554851532,4.0,3.0,0.7417437434196472,0.0008563928568037227
DQN,25,final,1310,4310,0.09000000000000001,1.0,1.0,0.523349940776825,0.0006438256823457778
DQN,25,final,1311,4311,0.035435504913330085,3.0,3.0,0.33022865653038025,0.028372763966520626
DQN,25,final,1312,4312,0.12562359094619752,3.0,3.0,0.8183144330978394,0.0009261569745528201
DQN,25,final,1313,4313,-0.07457373619079592,8.0,3.0,0.8098549246788025,0.004467494691198226
DQN,25,final,1314,4314,-0.01628791570663453,3.0,3.0,1.0743145942687988,0.0008451723066779474
DQN,25,final,1315,4315,-0.6094492554664612,10.0,2.0,0.6854662895202637,0.0007815259741619229
DQN,25,final,1316,4316,0.3215525317192078,2.0,2.0,0.8242855668067932,0.0006642213265877217
DQN,25,final,1317,4317,0.09000000000000001,1.0,1.0,0.4762810170650482,0.0008114090305753052
DQN,25,final,1318,4318,0.26197463989257813,3.0,3.0,0.8626893758773804,0.0005810037643338243
DQN,25,final,1319,4319,0.3020889234542847,3.0,3.0,0.6022488474845886,0.001002947586433341
DQN,25,final,1320,4320,0.04998322010040284,2.0,2.0,0.4924319386482239,0.0006808931939303875
DQN,25,final,1321,4321,-0.01510111570358276,3.0,2.0,0.4217393100261688,0.0008472193925020596
DQN,25,final,1322,4322,0.09000000000000001,1.0,1.0,0.08792080730199814,0.0008224471239373088
DQN,25,final,1323,4323,-0.07062864303588866,5.0,4.0,0.6637282371520996,0.002528263779822737
DQN,25,final,1324,4324,0.09000000000000001,1.0,1.0,0.14553676545619965,0.000507510092575103
DQN,25,final,1325,4325,0.09000000000000001,1.0,1.0,0.625930666923523,0.0007104823598638177
DQN,25,final,1326,4326,0.14929522752761842,2.0,2.0,0.3911402225494385,0.0009112544939853251
DQN,25,final,1327,4327,0.14282520294189455,2.0,2.0,0.7305164337158203,0.0009684224496595562
DQN,25,final,1328,4328,0.09000000000000001,1.0,1.0,0.2596360445022583,0.0010178328957408667
DQN,25,final,1329,4329,-0.12421007990837103,9.0,4.0,0.3906896412372589,0.000748210709490296
DQN,25,final,1330,4330,0.09000000000000001,1.0,1.0,0.2001527100801468,0.01273531373590231
DQN,25,final,1331,4331,0.09000000000000001,1.0,1.0,0.32974863052368164,0.000723762612324208
DQN,25,final,1332,4332,0.17501415491104128,2.0,2.0,0.5567033886909485,0.0006974861607886851
DQN,25,final,1333,4333,0.18724740266799927,3.0,3.0,0.6257096529006958,0.0008847454640393456
DQN,25,final,1334,4334,0.09000000000000001,1.0,1.0,0.2437264621257782,0.00047880486818030477
DQN,25,final,1335,4335,0.02197866559028626,3.0,2.0,0.16729195415973663,0.0010474570832836132
DQN,25,final,1336,4336,0.09155549287796022,2.0,2.0,0.5147837400436401,0.003584852966014296
DQN,25,final,1337,4337,0.3110210371017456,3.0,3.0,1.2581465244293213,0.0020347459552188716
DQN,25,final,1338,4338,0.09000000000000001,1.0,1.0,0.5658389329910278,0.0017335349693894386
DQN,25,final,1339,4339,0.09000000000000001,1.0,1.0,0.3430679738521576,0.000604522880166769
DQN,25,final,1340,4340,0.09000000000000001,1.0,1.0,0.24382926523685455,0.0007317119743674994
DQN,25,final,1341,4341,0.09000000000000001,1.0,1.0,0.1209648996591568,0.0007587019354104996
DQN,25,final,1342,4342,0.1117959785461426,2.0,2.0,0.4960257411003113,0.01761108951177448
DQN,25,final,1343,4343,0.09000000000000001,1.0,1.0,0.17436860501766205,0.0010697840480133891
DQN,25,final,1344,4344,-0.5270568013191224,10.0,2.0,0.3290054500102997,0.001268983108457178
DQN,25,final,1345,4345,0.1625929641723633,7.0,3.0,0.5255218148231506,0.00173826765967533
DQN,25,final,1346,4346,0.09000000000000001,1.0,1.0,0.11046881228685379,0.0012489684158936143
DQN,25,final,1347,4347,0.09000000000000001,1.0,1.0,0.2503497004508972,0.0007196370279416442
DQN,25,final,1348,4348,-0.05908026576042173,3.0,3.0,0.6270093321800232,0.0006997417076490819
DQN,25,final,1349,4349,-0.44412739872932433,10.0,2.0,0.37120622396469116,0.0072944755345815794
DQN,25,final,1350,4350,0.09000000000000001,1.0,1.0,0.3341715633869171,0.0011139404959976673
DQN,25,final,1351,4351,0.011357800960540787,2.0,2.0,0.29455140233039856,0.0013741999282501638
DQN,25,final,1352,4352,-0.02701147675514219,3.0,3.0,0.5220023393630981,0.0007313204696401954
DQN,25,final,1353,4353,0.13252593755722047,2.0,2.0,0.6891435980796814,0.0006614331214223057
DQN,25,final,1354,4354,0.12123979806900026,2.0,2.0,0.6262544393539429,0.0011908201850019395
DQN,25,final,1355,4355,0.2301652204990387,3.0,3.0,0.43374910950660706,0.0008324669324792922
DQN,25,final,1356,4356,0.16202290534973146,2.0,2.0,0.3483183681964874,0.0016690388729330152
DQN,25,final,1357,4357,0.09000000000000001,1.0,1.0,0.26455578207969666,0.0008412310853600502
DQN,25,final,1358,4358,0.09000000000000001,1.0,1.0,0.17320744693279266,0.0006987741217017174
DQN,25,final,1359,4359,0.05664472460746766,2.0,2.0,0.4201151728630066,0.0006217507761903107
DQN,25,final,1360,4360,0.09000000000000001,1.0,1.0,0.21871785819530487,0.0010944297537207603
DQN,25,final,1361,4361,-0.011044783592224106,2.0,2.0,0.4705265164375305,0.0025699458201415837
DQN,25,final,1362,4362,0.09000000000000001,1.0,1.0,0.3368900716304779,0.04398028552532196
DQN,25,final,1363,4363,0.05181330621242524,2.0,2.0,0.2502039968967438,0.000779498484916985
DQN,25,final,1364,4364,0.26993358850479127,3.0,3.0,0.525290846824646,0.001506160789479812
DQN,25,final,1365,4365,-0.42532147467136383,10.0,3.0,0.20127074420452118,0.0010366245871409774
DQN,25,final,1366,4366,-0.01518645167350767,3.0,3.0,0.5386368036270142,0.0006720575814445814
DQN,25,final,1367,4367,0.09000000000000001,1.0,1.0,0.2530108392238617,0.000998286996036768
DQN,25,final,1368,4368,-0.05739775538444518,4.0,4.0,0.27944523096084595,0.001293889043154195
DQN,25,final,1369,4369,-0.4651901602745056,10.0,2.0,0.746418833732605,0.0019484591903164983
DQN,25,final,1370,4370,0.2999010252952576,2.0,2.0,0.6227894425392151,0.0007547247805632651
DQN,25,final,1371,4371,0.09000000000000001,1.0,1.0,0.259746789932251,0.0007496870239265263
DQN,25,final,1372,4372,0.05397479414939881,2.0,2.0,0.2670566141605377,0.014017420471645892
DQN,25,final,1373,4373,-0.09807044506072997,4.0,4.0,0.8869423866271973,0.0008298456232296303
DQN,25,final,1374,4374,0.06008077383041381,3.0,3.0,0.672054648399353,0.0008190368729022642
DQN,25,final,1375,4375,0.18311960220336915,3.0,3.0,0.5035219788551331,0.17886636891247085
DQN,25,final,1376,4376,-0.07440536499023435,3.0,3.0,0.7007778882980347,0.001019815623294562
DQN,25,final,1377,4377,0.2741708934307099,5.0,5.0,0.4611775577068329,0.0006235928565729409
DQN,25,final,1378,4378,0.2738811445236206,3.0,3.0,1.0245068073272705,0.0017455631750635803
DQN,25,final,1379,4379,0.09354415714740755,2.0,2.0,0.16843004524707794,0.000893223361345008
DQN,25,final,1380,4380,0.09000000000000001,1.0,1.0,0.5367506742477417,0.002924968022853136
DQN,25,final,1381,4381,0.11818267583847047,2.0,2.0,0.4068913459777832,0.0006923906330484897
DQN,25,final,1382,4382,0.0650517511367798,2.0,2.0,0.19850340485572815,0.0033229737309738994
DQN,25,final,1383,4383,0.22214634895324709,2.0,2.0,0.6346848607063293,0.0011792837467510253
DQN,25,final,1384,4384,0.09000000000000001,1.0,1.0,0.2825090289115906,0.0008829057915136218
DQN,25,final,1385,4385,0.09000000000000001,1.0,1.0,0.19099704921245575,0.0020205045584589243
DQN,25,final,1386,4386,0.09000000000000001,1.0,1.0,0.5236021876335144,0.0007341484306380153
DQN,25,final,1387,4387,0.2634582090377808,2.0,2.0,0.6800135970115662,0.000769411213696003
DQN,25,final,1388,4388,-0.5010087370872498,10.0,2.0,0.5210914015769958,0.0008991547831101343
DQN,25,final,1389,4389,0.09000000000000001,1.0,1.0,0.2790398597717285,0.051861368119716644
DQN,25,final,1390,4390,0.09000000000000001,1.0,1.0,0.2251819223165512,0.0015288032591342926
DQN,25,final,1391,4391,0.0454512906074524,3.0,3.0,0.21714361011981964,0.0007482473350440463
DQN,25,final,1392,4392,0.03875859260559083,2.0,2.0,0.9218359589576721,0.0007142282265704125
DQN,25,final,1393,4393,0.09000000000000001,1.0,1.0,0.4306940734386444,0.0010631070472300053
DQN,25,final,1394,4394,-0.4138825535774231,10.0,3.0,0.8540803790092468,0.0015744906791951506
DQN,25,final,1395,4395,0.09000000000000001,1.0,1.0,0.388599693775177,0.0006598227191716433
DQN,25,final,1396,4396,0.18873425245285036,3.0,2.0,0.36348962783813477,0.0007523426320403814
DQN,25,final,1397,4397,0.08301495194435121,2.0,2.0,0.09170999377965927,0.0006938699225429446
DQN,25,final,1398,4398,0.09000000000000001,1.0,1.0,0.36021867394447327,0.0006869180942885578
DQN,25,final,1399,4399,0.18824601888656617,3.0,3.0,0.7893210053443909,0.0007101817949054142
DQN,25,final,1400,4400,0.09000000000000001,1.0,1.0,0.3339977264404297,0.0022426703944802284
DQN,25,final,1401,4401,0.16834886550903322,2.0,2.0,0.8354817628860474,0.0006241693190531805
DQN,25,final,1402,4402,0.24640162467956545,2.0,2.0,0.5412442088127136,0.0008911947370506823
DQN,25,final,1403,4403,0.09000000000000001,1.0,1.0,0.5963574051856995,0.0010853065177798271
DQN,25,final,1404,4404,0.09000000000000001,1.0,1.0,0.3129926025867462,0.06499471515417099
DQN,25,final,1405,4405,0.09000000000000001,1.0,1.0,0.24962346255779266,0.0006957390578463674
DQN,25,final,1406,4406,0.09000000000000001,1.0,1.0,0.18240006268024445,0.0009517412981949747
DQN,25,final,1407,4407,0.06154382944107056,3.0,3.0,0.6426187753677368,0.0011976265426104267
DQN,25,final,1408,4408,0.10765493631362916,3.0,3.0,0.7787898778915405,0.001415970386005938
DQN,25,final,1409,4409,0.2784121108055115,3.0,3.0,0.3817102909088135,0.0012124197868009408
DQN,25,final,1410,4410,0.11914880752563478,2.0,2.0,0.5665490031242371,0.0013675160007551312
DQN,25,final,1411,4411,0.09000000000000001,1.0,1.0,0.40652480721473694,0.000491086975671351
DQN,25,final,1412,4412,0.12831695556640627,2.0,2.0,0.6288919448852539,0.05753532238304615
DQN,25,final,1413,4413,0.2264001536369324,2.0,2.0,0.322180837392807,0.0011968105100095272
DQN,25,final,1414,4414,0.16524233102798463,2.0,2.0,0.5848326086997986,0.020899397262837738
DQN,25,final,1415,4415,0.09000000000000001,1.0,1.0,0.33333083987236023,0.05860767513513565
DQN,25,final,1416,4416,0.11391578793525697,2.0,2.0,0.3345889449119568,0.0026528373709879816
DQN,25,final,1417,4417,0.07468122959136964,3.0,3.0,0.7558781504631042,0.002264455077238381
DQN,25,final,1418,4418,-0.7464939832687381,10.0,2.0,1.0958154201507568,0.005364986753556877
DQN,25,final,1419,4419,-0.2640940088033676,8.0,2.0,0.20492209494113922,0.0016414189376519062
DQN,25,final,1420,4420,0.039754528999328624,3.0,2.0,0.5711690783500671,0.018902353825978935
DQN,25,final,1421,4421,0.06370558261871338,3.0,2.0,0.5620055794715881,0.003664925131791582
DQN,25,final,1422,4422,-0.02558860957622526,3.0,3.0,0.24025821685791016,0.0029858437289173403
DQN,25,final,1423,4423,0.07580493569374086,2.0,2.0,0.4736783504486084,0.001124783739214763
DQN,25,final,1424,4424,0.1741778349876404,4.0,3.0,0.7875484228134155,0.014130701703834347
DQN,25,final,1425,4425,0.09000000000000001,1.0,1.0,0.1956080049276352,0.005037291906774044
DQN,25,final,1426,4426,0.09000000000000001,1.0,1.0,0.12578387558460236,0.0010180171811953187
DQN,25,final,1427,4427,0.2641474771499634,2.0,2.0,0.7094596028327942,0.0010793849360197783
DQN,25,final,1428,4428,0.019287841320037857,2.0,2.0,0.672463059425354,0.001080441172234714
DQN,25,final,1429,4429,0.020860649347305305,3.0,3.0,0.2977240979671478,0.0014170421830688913
DQN,25,final,1430,4430,0.18253780126571656,3.0,3.0,0.8228150606155396,0.0013127148267813027
DQN,25,final,1431,4431,0.09000000000000001,1.0,1.0,0.26033005118370056,0.000859464518725872
DQN,25,final,1432,4432,0.19299103498458864,2.0,2.0,0.9442843794822693,0.0012353667407296598
DQN,25,final,1433,4433,0.12243832826614381,2.0,2.0,0.7016063332557678,0.0008915131911635399
DQN,25,final,1434,4434,0.301301943063736,2.0,2.0,0.42153069376945496,0.0008619694563094527
DQN,25,final,1435,4435,0.1587126421928406,2.0,2.0,0.307894229888916,0.002224477066192776
DQN,25,final,1436,4436,0.09000000000000001,1.0,1.0,0.17357923090457916,0.01107206754386425
DQN,25,final,1437,4437,0.34510106801986695,4.0,3.0,0.7454401850700378,0.007854249386582524
DQN,25,final,1438,4438,0.08462942361831666,3.0,3.0,0.5786493420600891,0.010769873896303276
DQN,25,final,1439,4439,-0.1477261781692505,5.0,4.0,0.6028924584388733,0.0024907974526286124
DQN,25,final,1440,4440,0.11849959373474123,2.0,2.0,0.5577234625816345,0.0006031121301930398
DQN,25,final,1441,4441,0.11667854547500611,4.0,3.0,0.4730234146118164,0.04798261317773722
DQN,25,final,1442,4442,0.1753197479248047,2.0,2.0,0.6663816571235657,0.06603147753048688
DQN,25,final,1443,4443,0.09000000000000001,1.0,1.0,0.22581514716148376,0.0009093089029192924
DQN,25,final,1444,4444,0.053679006099700936,2.0,2.0,0.8586043119430542,0.011479933862574399
DQN,25,final,1445,4445,0.32776904821395875,3.0,3.0,0.5819969177246094,0.00139522571892788
DQN,25,final,1446,4446,0.13185130238533022,2.0,2.0,0.4838015139102936,0.0010843360214494169
DQN,25,final,1447,4447,0.1478423047065735,2.0,2.0,0.5069049000740051,0.001911692088469863
DQN,25,final,1448,4448,0.07778446555137636,2.0,2.0,0.4299303889274597,0.004073573974892497
DQN,25,final,1449,4449,0.09000000000000001,1.0,1.0,0.23733428120613098,0.0016151240561157465
DQN,25,final,1450,4450,0.09000000000000001,1.0,1.0,0.09995748102664948,0.002780647249892354
DQN,25,final,1451,4451,0.1197017002105713,2.0,2.0,0.3790123760700226,0.0011900212848559022
DQN,25,final,1452,4452,0.09000000000000001,1.0,1.0,0.04825964197516441,0.0009918244322761893
DQN,25,final,1453,4453,0.09000000000000001,1.0,1.0,0.7724629044532776,0.12932181358337402
DQN,25,final,1454,4454,0.10367375791072847,2.0,2.0,0.2271622270345688,0.009708492609206587
DQN,25,final,1455,4455,0.09000000000000001,1.0,1.0,0.47193270921707153,0.0009684007382020354
DQN,25,final,1456,4456,0.0716270822286606,2.0,2.0,0.18350696563720703,0.001553015667013824
DQN,25,final,1457,4457,0.18173027753829957,3.0,3.0,0.6676546335220337,0.0011208305368199944
DQN,25,final,1458,4458,0.16056271314620973,8.0,3.0,0.4934391975402832,0.00378577097581001
DQN,25,final,1459,4459,0.028960006237030038,2.0,2.0,0.25585880875587463,0.0011051248875446618
DQN,25,final,1460,4460,0.08278908014297487,7.0,3.0,0.3945755362510681,0.0009130307090734797
DQN,25,final,1461,4461,0.09000000000000001,1.0,1.0,0.16169345378875732,0.0008241394534707069
DQN,25,final,1462,4462,0.279605872631073,3.0,3.0,0.8048549294471741,0.01966540530944864
DQN,25,final,1463,4463,0.07682803452014925,2.0,2.0,0.18747834861278534,0.0008015852945391089
DQN,25,final,1464,4464,0.09000000000000001,1.0,1.0,0.13473723828792572,0.000942667422350496
DQN,25,final,1465,4465,0.0561907309293747,2.0,2.0,0.23651836812496185,0.003056466521229595
DQN,25,final,1466,4466,0.11133994340896608,2.0,2.0,0.5911813378334045,0.021272038109600544
DQN,25,final,1467,4467,0.09000000000000001,1.0,1.0,0.2213800698518753,0.0014201784506440163
DQN,25,final,1468,4468,0.06554296791553499,2.0,2.0,0.07041393965482712,0.0006223876553121954
DQN,25,final,1469,4469,0.1719347405433655,2.0,2.0,0.3562087416648865,0.0011945454170927405
DQN,25,final,1470,4470,0.1643725109100342,3.0,3.0,0.852022111415863,0.027576284250244498
DQN,25,final,1471,4471,0.09000000000000001,1.0,1.0,0.42600756883621216,0.00040399422869086266
DQN,25,final,1472,4472,0.09000000000000001,1.0,1.0,0.3951728940010071,0.0012521191965788603
DQN,25,final,1473,4473,0.1258255410194397,2.0,2.0,0.436454713344574,0.0012468696222640574
DQN,25,final,1474,4474,0.09000000000000001,1.0,1.0,0.49862363934516907,0.0008947202004492283
DQN,25,final,1475,4475,0.09000000000000001,1.0,1.0,0.18729297816753387,0.0012737547513097525
DQN,25,final,1476,4476,0.14893420219421388,2.0,2.0,1.136257290840149,0.0009989164827857167
DQN,25,final,1477,4477,0.09000000000000001,1.0,1.0,0.34989792108535767,0.0006920141167938709
DQN,25,final,1478,4478,-0.6735177040100099,10.0,3.0,0.5171087384223938,0.0010558397450949996
DQN,25,final,1479,4479,0.01944984674453737,2.0,2.0,0.721260130405426,0.0007758392894174904
DQN,25,final,1480,4480,0.1409640181064606,2.0,2.0,0.41592031717300415,0.0006891968369018286
DQN,25,final,1481,4481,0.09000000000000001,1.0,1.0,0.5341338515281677,0.004815133288502693
DQN,25,final,1482,4482,0.24297388076782228,2.0,2.0,0.5293130278587341,0.0007549086876679212
DQN,25,final,1483,4483,0.09000000000000001,1.0,1.0,0.74629145860672,0.0011332682333886623
DQN,25,final,1484,4484,0.09000000000000001,1.0,1.0,0.5780771374702454,0.000666589243337512
DQN,25,final,1485,4485,0.09000000000000001,1.0,1.0,0.2227005958557129,0.0011225763009861112
DQN,25,final,1486,4486,0.09000000000000001,1.0,1.0,0.070578932762146,0.0018339894013479352
DQN,25,final,1487,4487,-0.5002913355827332,10.0,2.0,0.33726367354393005,0.007147304707905278
DQN,25,final,1488,4488,0.10854960203170777,3.0,3.0,0.5091087222099304,0.019010272653152544
DQN,25,final,1489,4489,0.1955364215373993,2.0,2.0,0.3757464289665222,0.0017446333658881485
DQN,25,final,1490,4490,0.09000000000000001,1.0,1.0,0.44860219955444336,0.36113640666007996
DQN,25,final,1491,4491,0.09000000000000001,1.0,1.0,0.5165714621543884,0.0015344175044447184
DQN,25,final,1492,4492,0.09584893465042116,2.0,2.0,0.6316967606544495,0.0029410796123556793
DQN,25,final,1493,4493,0.15442122697830202,2.0,2.0,0.5108319520950317,0.0017373509472236037
DQN,25,final,1494,4494,0.09000000000000001,1.0,1.0,0.656379759311676,0.0012871079379692674
DQN,25,final,1495,4495,0.09179030537605287,2.0,2.0,0.4164373576641083,0.0010301473375875503
DQN,25,final,1496,4496,0.09000000000000001,1.0,1.0,0.06030464917421341,0.004442562349140644
DQN,25,final,1497,4497,0.18049846768379213,2.0,2.0,0.2919551432132721,0.001166411442682147
DQN,25,final,1498,4498,0.06929106235504151,3.0,3.0,0.6834118962287903,0.0015323246091914673
DQN,25,final,1499,4499,0.1920490336418152,3.0,3.0,0.38989728689193726,0.0007873192468347648
DQN,25,final,1500,4500,0.09000000000000001,1.0,1.0,0.4876829981803894,0.0012967981165274978
DQN,25,final,1501,4501,0.019810261130332962,2.0,2.0,0.25090575218200684,0.001015169982565567
DQN,25,final,1502,4502,0.09000000000000001,1.0,1.0,0.11924600601196289,0.001005901605822146
DQN,25,final,1503,4503,-0.008344613313674906,3.0,3.0,0.5052180886268616,0.0016132581513375044
DQN,25,final,1504,4504,0.040420668125152596,2.0,2.0,0.5411359667778015,0.0009002963488455862
DQN,25,final,1505,4505,0.2794208002090454,3.0,3.0,0.7226128578186035,0.0009933765589570005
DQN,25,final,1506,4506,0.24253553867340089,3.0,3.0,0.7021508812904358,0.0008341567396807174
DQN,25,final,1507,4507,0.09000000000000001,1.0,1.0,0.19635888934135437,0.0037715539801865816
DQN,25,final,1508,4508,0.1481855082511902,2.0,2.0,0.6963062286376953,0.0008883366826921701
DQN,25,final,1509,4509,0.2323433828353882,3.0,3.0,0.8276622891426086,0.0008946388649443785
DQN,25,final,1510,4510,0.1935433614253998,2.0,2.0,0.4521273076534271,0.001822061778511852
DQN,25,final,1511,4511,0.09000000000000001,1.0,1.0,0.37528032064437866,0.0005819783546030521
DQN,25,final,1512,4512,0.3054905104637146,7.0,3.0,0.6748103499412537,0.023200454456465586
DQN,25,final,1513,4513,0.09000000000000001,1.0,1.0,0.14969266951084137,0.0005618615541607141
DQN,25,final,1514,4514,0.09000000000000001,1.0,1.0,0.2522689998149872,0.0010330762015655637
DQN,25,final,1515,4515,0.29644145250320436,2.0,2.0,0.2451915442943573,0.0008512044878443703
DQN,25,final,1516,4516,0.02058306515216829,2.0,2.0,0.27999672293663025,0.0054849833832122386
DQN,25,final,1517,4517,0.18769665241241457,2.0,2.0,0.6712900996208191,0.0007279850833583623
DQN,25,final,1518,4518,0.09000000000000001,1.0,1.0,0.23452790081501007,0.052812911570072174
DQN,25,final,1519,4519,0.16075040578842165,2.0,2.0,0.7390370965003967,0.0009382441348861903
DQN,25,final,1520,4520,0.09000000000000001,1.0,1.0,0.17744599282741547,0.000893050862941891
DQN,25,final,1521,4521,0.1479486393928528,2.0,2.0,0.6222838163375854,0.001144731737440452
DQN,25,final,1522,4522,0.1601370441913605,2.0,2.0,0.4694025218486786,0.0006716139614582062
DQN,25,final,1523,4523,0.04804803609848023,2.0,2.0,0.6154171228408813,0.0010334656108170748
DQN,25,final,1524,4524,0.059828298091888436,2.0,2.0,0.3720296323299408,0.002352187904762104
DQN,25,final,1525,4525,0.09000000000000001,1.0,1.0,0.3857520520687103,0.0009231948060914874
DQN,25,final,1526,4526,0.13840933322906496,2.0,2.0,0.9327234029769897,0.011437943176133558
DQN,25,final,1527,4527,0.09844683289527895,2.0,2.0,0.45710521936416626,0.0008557230466976762
DQN,25,final,1528,4528,0.09000000000000001,1.0,1.0,0.49698227643966675,0.0007147566648200154
DQN,25,final,1529,4529,0.1766582727432251,5.0,4.0,0.5564911365509033,0.001923705928493291
DQN,25,final,1530,4530,0.06863463640213013,3.0,3.0,0.5965343117713928,0.0009851851500570774
DQN,25,final,1531,4531,0.09000000000000001,1.0,1.0,0.20047275722026825,0.0010906457901000977
DQN,25,final,1532,4532,0.07452269077301027,2.0,2.0,0.49815303087234497,0.0007089939317665994
DQN,25,final,1533,4533,0.029075033664703376,3.0,3.0,0.5875921845436096,0.0006626264366786927
DQN,25,final,1534,4534,0.12197692871093752,2.0,2.0,0.665166974067688,0.0009285683918278664
DQN,25,final,1535,4535,0.09000000000000001,1.0,1.0,0.15138742327690125,0.0010267002508044243
DQN,25,final,1536,4536,0.12639639496803284,3.0,3.0,0.3908548653125763,0.002884087172181656
DQN,25,final,1537,4537,0.10820258915424347,4.0,4.0,0.19962048530578613,0.001394597114995122
DQN,25,final,1538,4538,0.09000000000000001,1.0,1.0,0.5469646453857422,0.0008077586535364389
DQN,25,final,1539,4539,0.1130506467819214,3.0,3.0,0.6397092938423157,0.0009674636336664358
DQN,25,final,1540,4540,0.09000000000000001,1.0,1.0,0.3188619613647461,0.0034272046759724617
DQN,25,final,1541,4541,0.05706693410873414,2.0,2.0,0.6534820199012756,0.0012144064530730247
DQN,25,final,1542,4542,0.09000000000000001,1.0,1.0,0.6087626814842224,0.0013065759558230639
DQN,25,final,1543,4543,-0.4470471739768982,10.0,3.0,0.5647285580635071,0.0026439974113600328
DQN,25,final,1544,4544,-0.058129661083221415,3.0,3.0,0.9586242437362671,0.0033715806591014066
DQN,25,final,1545,4545,0.09000000000000001,1.0,1.0,0.5700355768203735,0.0031146621331572533
DQN,25,final,1546,4546,0.4170960855484009,3.0,3.0,0.634452760219574,0.16767726056665802
DQN,25,final,1547,4547,0.09000000000000001,1.0,1.0,0.18493731319904327,0.027215713635087013
DQN,25,final,1548,4548,0.328482346534729,2.0,2.0,0.6624563932418823,0.000806412601377815
DQN,25,final,1549,4549,0.05478383779525758,2.0,2.0,0.8454585671424866,0.0007976923661772162
DQN,25,final,1550,4550,-0.031345171928405746,2.0,2.0,1.1633350849151611,0.001096824649721384
DQN,25,final,1551,4551,0.09000000000000001,1.0,1.0,0.07484902441501617,0.0008302278583869338
DQN,25,final,1552,4552,0.09000000000000001,1.0,1.0,0.22068388760089874,0.001979066990315914
DQN,25,final,1553,4553,0.09000000000000001,1.0,1.0,0.5670033693313599,0.0010165757266804576
DQN,25,final,1554,4554,0.05304224967956544,2.0,2.0,0.36967650055885315,0.0012409236514940858
DQN,25,final,1555,4555,-0.012475006580352777,3.0,3.0,0.8884838819503784,0.0008953426925775906
DQN,25,final,1556,4556,0.07933862686157228,2.0,2.0,0.45424869656562805,0.021729865635279566
DQN,25,final,1557,4557,0.09000000000000001,1.0,1.0,0.15569564700126648,0.0008309702388942242
DQN,25,final,1558,4558,-0.0978045916557312,6.0,3.0,0.6639242768287659,0.0007724124977054695
DQN,25,final,1559,4559,0.4518116784095764,3.0,3.0,0.8265214562416077,0.0008515005077545842
DQN,25,final,1560,4560,0.0725515651702881,2.0,2.0,0.1458500623703003,0.0021119722223374993
DQN,25,final,1561,4561,0.3572195339202881,2.0,2.0,0.6703651547431946,0.0006155370792839676
DQN,25,final,1562,4562,0.1154171895980835,3.0,3.0,0.29336780309677124,0.0007563700589040915
DQN,25,final,1563,4563,0.09000000000000001,1.0,1.0,0.20435276627540588,0.0007545757689513266
DQN,25,final,1564,4564,0.09000000000000001,1.0,1.0,0.2096954882144928,0.000818752043414861
DQN,25,final,1565,4565,0.26897110223770143,2.0,2.0,0.5119615793228149,0.002038850274402648
DQN,25,final,1566,4566,0.22154678583145143,2.0,2.0,0.8742498755455017,0.00046261218085419387
DQN,25,final,1567,4567,0.14612256169319154,2.0,2.0,0.31288471817970276,0.0008157286792993546
DQN,25,final,1568,4568,0.16082279562950136,2.0,2.0,0.40483060479164124,0.0007141099777072668
DQN,25,final,1569,4569,0.09000000000000001,1.0,1.0,0.1474597007036209,0.0011891969479620457
DQN,25,final,1570,4570,0.09000000000000001,1.0,1.0,0.470638245344162,0.0031753159128129482
DQN,25,final,1571,4571,0.22223657608032227,6.0,4.0,0.9309059381484985,0.07495924106721456
DQN,25,final,1572,4572,0.11399521112442018,2.0,2.0,0.6373502016067505,0.0005607914354186505
DQN,25,final,1573,4573,-0.04088865756988523,4.0,3.0,0.573795735836029,0.007160732420743443
DQN,25,final,1574,4574,0.09000000000000001,1.0,1.0,0.2529902458190918,0.0013678810792043805
DQN,25,final,1575,4575,0.08896798610687258,3.0,3.0,0.7689166069030762,0.004053720641726007
DQN,25,final,1576,4576,0.14291150093078614,3.0,3.0,0.5713261961936951,0.000692248383226494
DQN,25,final,1577,4577,0.10630799055099488,3.0,3.0,0.8642134666442871,0.0006598935772975286
DQN,25,final,1578,4578,-0.7869337797164917,10.0,3.0,0.5460092425346375,0.0008946191141149029
DQN,25,final,1579,4579,0.17641551971435548,2.0,2.0,0.6471583247184753,0.0005924170545767993
DQN,25,final,1580,4580,0.09534608125686646,5.0,5.0,0.7292841672897339,0.000658845470752567
DQN,25,final,1581,4581,0.20146627187728883,4.0,3.0,0.8069214224815369,0.0007825049106031656
DQN,25,final,1582,4582,0.09000000000000001,1.0,1.0,0.19141533970832825,0.0039043882861733437
DQN,25,final,1583,4583,0.30364652156829836,2.0,2.0,0.6341595649719238,0.0015639652265235782
DQN,25,final,1584,4584,0.08714205980300904,4.0,3.0,0.8529408574104309,0.001595997717231512
DQN,25,final,1585,4585,0.09000000000000001,1.0,1.0,0.7114798426628113,0.0006753086927346885
DQN,25,final,1586,4586,0.24303365468978883,3.0,3.0,0.6335955262184143,0.0005930186210510632
DQN,25,final,1587,4587,-0.05166592478752134,3.0,3.0,0.5715140700340271,0.0006162635399959981
DQN,25,final,1588,4588,0.09000000000000001,1.0,1.0,0.13802173733711243,0.0006280391826294363
DQN,25,final,1589,4589,-0.03490196943283079,3.0,3.0,0.6047582030296326,0.0007034988375380635
DQN,25,final,1590,4590,0.09000000000000001,1.0,1.0,0.09914431720972061,0.0007574207265861332
DQN,25,final,1591,4591,0.09000000000000001,1.0,1.0,0.13180679082870483,0.0008107578614726663
DQN,25,final,1592,4592,-0.6169459700584412,10.0,2.0,1.0219160318374634,0.008766902226489038
DQN,25,final,1593,4593,0.20128084897994997,2.0,2.0,0.6103712916374207,0.05225946556311101
DQN,25,final,1594,4594,0.09848417520523073,2.0,2.0,0.3957301080226898,0.0033790460438467562
DQN,25,final,1595,4595,0.09635876297950746,2.0,2.0,0.45053189992904663,0.0010720202117227018
DQN,25,final,1596,4596,0.1812970507144928,2.0,2.0,0.41926059126853943,0.04538898327155039
DQN,25,final,1597,4597,0.09733011007308962,2.0,2.0,0.8022293448448181,0.0007992143509909511
DQN,25,final,1598,4598,0.051654534339904794,2.0,2.0,0.5581366419792175,0.0009033545793499798
DQN,25,final,1599,4599,0.07650162458419801,2.0,2.0,0.3013208210468292,0.0010207726154476404
DQN,25,final,1600,4600,0.09000000000000001,1.0,1.0,0.2871576249599457,0.0008250189712271094
DQN,25,final,1601,4601,-0.10104250192642213,3.0,3.0,0.5952306389808655,0.0012182769132778049
DQN,25,final,1602,4602,0.1825655770301819,3.0,3.0,0.541415810585022,0.0016050097377349932
DQN,25,final,1603,4603,-0.004633646011352535,3.0,2.0,0.686258852481842,0.0019627196985917785
DQN,25,final,1604,4604,0.14695735692977907,3.0,2.0,0.8188987374305725,0.008347064082045108
DQN,25,final,1605,4605,0.09000000000000001,1.0,1.0,0.7063029408454895,0.002187097445130348
DQN,25,final,1606,4606,0.18746967792510988,2.0,2.0,0.6548811793327332,0.0006785644072806463
DQN,25,final,1607,4607,0.09000000000000001,1.0,1.0,0.05494152754545212,0.0011059858370572329
DQN,25,final,1608,4608,0.09000000000000001,1.0,1.0,0.6668986082077026,0.0008099413244053721
DQN,25,final,1609,4609,0.09000000000000001,1.0,1.0,0.22350303828716278,0.0006847743643447757
DQN,25,final,1610,4610,0.06503226041793825,2.0,2.0,0.6685477495193481,0.0013890482077840716
DQN,25,final,1611,4611,0.06347604751586915,4.0,2.0,0.7897816300392151,0.0014949982869438827
DQN,25,final,1612,4612,0.2088544535636902,2.0,2.0,0.9774426817893982,0.0010017939493991435
DQN,25,final,1613,4613,0.09000000000000001,1.0,1.0,0.33919742703437805,0.0004590069584082812
DQN,25,final,1614,4614,0.0621974837779999,3.0,3.0,0.37616416811943054,0.00641953789939483
DQN,25,final,1615,4615,0.09000000000000001,1.0,1.0,0.2714093327522278,0.0011724885553121567
DQN,25,final,1616,4616,0.13585306882858278,2.0,2.0,0.9083070158958435,0.000775703345425427
DQN,25,final,1617,4617,0.09000000000000001,1.0,1.0,0.4260316491127014,0.0016731012146919966
DQN,25,final,1618,4618,-0.37929941415786744,10.0,4.0,0.6261216402053833,0.001692257053218782
DQN,25,final,1619,4619,0.07916091561317445,2.0,2.0,0.39026811718940735,0.0007402431801892817
DQN,25,final,1620,4620,0.09000000000000001,1.0,1.0,0.15888895094394684,0.0026413341984152794
DQN,25,final,1621,4621,0.09000000000000001,1.0,1.0,0.19449971616268158,0.5519607067108154
DQN,25,final,1622,4622,0.09000000000000001,1.0,1.0,0.4651525318622589,0.0022529440466314554
DQN,25,final,1623,4623,0.09000000000000001,1.0,1.0,0.5468267202377319,0.000578253180719912
DQN,25,final,1624,4624,-0.026172481775283793,3.0,3.0,0.5377498865127563,0.0005803872481919825
DQN,25,final,1625,4625,0.06652899265289308,2.0,2.0,0.8802632689476013,0.018311146879568696
DQN,25,final,1626,4626,0.09000000000000001,1.0,1.0,0.26584792137145996,0.003762428183108568
DQN,25,final,1627,4627,0.09000000000000001,1.0,1.0,0.1552513986825943,0.009172435849905014
DQN,25,final,1628,4628,0.17652900695800783,2.0,2.0,0.5645250082015991,0.3708974092733115
DQN,25,final,1629,4629,0.00823909759521485,3.0,3.0,0.8886488080024719,0.04637311528980111
DQN,25,final,1630,4630,0.12034000635147096,2.0,2.0,0.5934204459190369,0.0011314881849102676
DQN,25,final,1631,4631,0.09000000000000001,1.0,1.0,0.14297707378864288,0.001192264026030898
DQN,25,final,1632,4632,0.2583573627471924,2.0,2.0,0.8350383043289185,0.0010304533352609724
DQN,25,final,1633,4633,0.09000000000000001,1.0,1.0,0.1989353597164154,0.0822879821062088
DQN,25,final,1634,4634,0.07934557080268861,2.0,2.0,0.287376344203949,0.0018020468414761126
DQN,25,final,1635,4635,0.06219063878059388,2.0,2.0,0.19131718575954437,0.0014665687922388315
DQN,25,final,1636,4636,0.1764021384716034,2.0,2.0,0.163092702627182,0.0008046390430536121
DQN,25,final,1637,4637,0.09000000000000001,1.0,1.0,0.5762123465538025,0.0014158061239868402
DQN,25,final,1638,4638,0.0783615279197693,2.0,2.0,0.21649429202079773,0.0009816292440518737
DQN,25,final,1639,4639,0.09000000000000001,1.0,1.0,0.4330332577228546,0.1307898312807083
DQN,25,final,1640,4640,0.09000000000000001,1.0,1.0,0.4407164752483368,0.0009863752638921142
DQN,25,final,1641,4641,0.09000000000000001,1.0,1.0,0.12540684640407562,0.0007031856803223491
DQN,25,final,1642,4642,0.17162598848342897,2.0,2.0,0.8396292924880981,0.004341197258327156
DQN,25,final,1643,4643,0.09000000000000001,1.0,1.0,0.12638504803180695,0.001221892423927784
DQN,25,final,1644,4644,0.2108279037475586,2.0,2.0,0.5290406346321106,0.0012502922327257693
DQN,25,final,1645,4645,0.21697569608688355,3.0,3.0,0.6004645228385925,0.05669312074314803
DQN,25,final,1646,4646,0.14462275505065916,5.0,3.0,1.086620569229126,0.002582177799195051
DQN,25,final,1647,4647,0.0631822443008423,4.0,3.0,0.9016431570053101,0.002662226223037578
DQN,25,final,1648,4648,0.12211911559104921,2.0,2.0,0.46888241171836853,0.003210049035260454
DQN,25,final,1649,4649,0.07217855930328371,2.0,2.0,0.3319561183452606,0.0024196748854592443
DQN,25,final,1650,4650,0.6807233166694641,3.0,3.0,0.5835149884223938,0.002012922273327907
DQN,25,final,1651,4651,0.07313628435134889,6.0,3.0,0.8708557486534119,0.0213209727856641
DQN,25,final,1652,4652,-0.4009762287139893,10.0,2.0,0.699912965297699,0.015782008063979447
DQN,25,final,1653,4653,0.07837541580200197,2.0,2.0,0.9053459763526917,0.002404855709755793
DQN,25,final,1654,4654,0.08232033967971802,3.0,3.0,0.2674877345561981,0.008543583758485815
DQN,25,final,1655,4655,0.09000000000000001,1.0,1.0,0.11519882827997208,0.10550593584775925
DQN,25,final,1656,4656,0.09000000000000001,1.0,1.0,0.3346390128135681,0.005167926661670208
DQN,25,final,1657,4657,0.018688628673553462,4.0,3.0,0.6436599493026733,0.020146547656622715
DQN,25,final,1658,4658,0.09601427793502809,2.0,2.0,0.4255634844303131,0.0011004400148522109
DQN,25,final,1659,4659,0.04626244485378266,2.0,2.0,0.15159058570861816,0.0023082884144969285
DQN,25,final,1660,4660,0.12833160877227784,3.0,3.0,0.7672098278999329,0.004725952438699703
DQN,25,final,1661,4661,0.09000000000000001,1.0,1.0,0.2221365123987198,0.0022692426573485136
DQN,25,final,1662,4662,0.03697539091110231,3.0,3.0,0.18614645302295685,0.0023376875712225833
DQN,25,final,1663,4663,-0.27992300033569334,9.0,3.0,0.5948671102523804,0.011183816829644557
DQN,25,final,1664,4664,0.035554296970367445,3.0,3.0,0.6003122925758362,0.009269577412245175
DQN,25,final,1665,4665,-0.22709469556808465,6.0,3.0,1.0212746858596802,0.0015283838050284733
DQN,25,final,1666,4666,0.12915761947631837,2.0,2.0,0.6554412245750427,0.3087070320616476
DQN,25,final,1667,4667,0.09000000000000001,1.0,1.0,0.3140583634376526,0.0009473676327615976
DQN,25,final,1668,4668,0.09000000000000001,1.0,1.0,0.4240346848964691,0.0008955951780080795
DQN,25,final,1669,4669,0.09000000000000001,1.0,1.0,0.1715882122516632,0.0011363615049049258
DQN,25,final,1670,4670,0.2820158076286316,3.0,3.0,0.7903671860694885,0.003581796035480996
DQN,25,final,1671,4671,0.24599887609481813,2.0,2.0,0.8822875618934631,0.0011521789710968733
DQN,25,final,1672,4672,0.10784048557281495,3.0,3.0,0.8098943829536438,0.0020352995100741587
DQN,25,final,1673,4673,0.16506279468536378,4.0,3.0,0.45993465185165405,0.005832092865603045
DQN,25,final,1674,4674,0.09730500161647798,2.0,2.0,0.20310084521770477,0.0039197592122945935
DQN,25,final,1675,4675,0.1715495902299881,2.0,2.0,0.17954592406749725,0.020991208963096142
DQN,25,final,1676,4676,0.09000000000000001,1.0,1.0,0.38677579164505005,0.0019318015547469258
DQN,25,final,1677,4677,0.09000000000000001,1.0,1.0,0.43644729256629944,0.000969457789324224
DQN,25,final,1678,4678,0.2750411105155945,3.0,3.0,0.541002631187439,0.0015523782931268215
DQN,25,final,1679,4679,0.09000000000000001,1.0,1.0,0.18311095237731934,0.0020125543233007193
DQN,25,final,1680,4680,-0.008417708873748764,2.0,2.0,0.5541805624961853,0.0031867463840171695
DQN,25,final,1681,4681,0.20013942003250124,2.0,2.0,0.8488435745239258,0.001112894096877426
DQN,25,final,1682,4682,0.08678598880767824,2.0,2.0,0.2915308177471161,0.0016353143146261573
DQN,25,final,1683,4683,0.14934645771980287,2.0,2.0,0.4578952491283417,0.001393704384099692
DQN,25,final,1684,4684,0.031423041820526125,4.0,3.0,0.5538744330406189,0.0009812363132368773
DQN,25,final,1685,4685,0.09000000000000001,1.0,1.0,0.8948225975036621,0.4198482930660248
DQN,25,final,1686,4686,-0.441283643245697,10.0,3.0,0.658025860786438,0.027765527286101134
DQN,25,final,1687,4687,0.09000000000000001,1.0,1.0,0.05381125956773758,0.0008701033657416701
DQN,25,final,1688,4688,0.20394176959991456,3.0,3.0,0.5667647123336792,0.0016046945238485932
DQN,25,final,1689,4689,0.15678216695785524,2.0,2.0,0.7577775716781616,0.0012814865331165493
DQN,25,final,1690,4690,0.09000000000000001,1.0,1.0,0.06823890656232834,0.004692626651376486
DQN,25,final,1691,4691,0.09000000000000001,1.0,1.0,0.8341197371482849,0.0007408941746689379
DQN,25,final,1692,4692,0.17943521022796632,2.0,2.0,0.4143218994140625,0.0011065692524425685
DQN,25,final,1693,4693,0.09000000000000001,1.0,1.0,0.13782677054405212,0.0007981604430824518
DQN,25,final,1694,4694,0.14443637609481813,2.0,2.0,0.32346996665000916,0.0007685055898036808
DQN,25,final,1695,4695,0.09000000000000001,1.0,1.0,0.09707052260637283,0.001326685305684805
DQN,25,final,1696,4696,0.09000000000000001,1.0,1.0,0.3013797402381897,0.0007492015138268471
DQN,25,final,1697,4697,-0.38694483041763306,10.0,3.0,0.5178399682044983,0.011832737404620274
DQN,25,final,1698,4698,0.043882734775543226,3.0,3.0,0.5397328734397888,0.0009216824934507409
DQN,25,final,1699,4699,-0.6629028916358949,10.0,3.0,0.6450377106666565,0.0021300670952768995
DQN,25,final,1700,4700,-0.044051034450531004,2.0,2.0,0.8104677796363831,0.001973849139176309
DQN,25,final,1701,4701,0.2244511413574219,2.0,2.0,0.7462624311447144,0.0012902664602734149
DQN,25,final,1702,4702,0.14359300017356874,2.0,2.0,0.4857671558856964,0.0009594904840923846
DQN,25,final,1703,4703,0.06448026180267336,2.0,2.0,0.290601909160614,0.0013881672057323158
DQN,25,final,1704,4704,0.09000000000000001,1.0,1.0,0.2848179042339325,0.003616750705987215
DQN,25,final,1705,4705,0.09446068525314331,3.0,2.0,0.42774200439453125,0.0009234399767592549
DQN,25,final,1706,4706,-0.0023544037342071583,4.0,3.0,0.4916900098323822,0.0011648261861409992
DQN,25,final,1707,4707,0.09000000000000001,1.0,1.0,0.250434011220932,0.0010782582685351372
DQN,25,final,1708,4708,0.24413544654846192,3.0,3.0,1.0714917182922363,0.008301657643945267
DQN,25,final,1709,4709,0.13469393730163576,2.0,2.0,0.5063113570213318,0.0006913513934705406
DQN,25,final,1710,4710,0.09000000000000001,1.0,1.0,0.09099956601858139,0.0013272182550281286
DQN,25,final,1711,4711,0.09000000000000001,1.0,1.0,0.5689986944198608,0.0007749017677269876
DQN,25,final,1712,4712,0.11177618980407716,2.0,2.0,0.8852921724319458,0.0010487353429198265
DQN,25,final,1713,4713,0.12214088201522827,4.0,4.0,0.7727593183517456,0.0009026940824696794
DQN,25,final,1714,4714,0.1515832018852234,3.0,3.0,0.5961441993713379,0.0021847240471591554
DQN,25,final,1715,4715,0.07464832782745362,3.0,3.0,0.7386388778686523,0.02351171080954373
DQN,25,final,1716,4716,0.27028693437576295,2.0,2.0,0.32709628343582153,0.0031542425276711583
DQN,25,final,1717,4717,-0.016466431617736824,3.0,3.0,0.7527380585670471,0.051741957276438676
DQN,25,final,1718,4718,0.1503728497028351,2.0,2.0,0.14987504482269287,0.0014863121905364096
DQN,25,final,1719,4719,0.16027886390686036,3.0,3.0,0.6060916781425476,0.001049453664260606
DQN,25,final,1720,4720,0.07841052293777467,2.0,2.0,0.3086223900318146,0.0006407425826182589
DQN,25,final,1721,4721,0.004099614620208761,3.0,3.0,0.5066173672676086,0.0014184937657167513
DQN,25,final,1722,4722,0.074913786649704,2.0,2.0,0.2878909409046173,0.0015539310406893492
DQN,25,final,1723,4723,0.09000000000000001,1.0,1.0,0.18282780051231384,0.0069970618933439255
DQN,25,final,1724,4724,0.09000000000000001,1.0,1.0,0.2886073887348175,0.005386312026530504
DQN,25,final,1725,4725,-0.29694686651229857,7.0,3.0,0.6487232446670532,0.0021847184148750137
DQN,25,final,1726,4726,0.03944267511367799,2.0,2.0,0.2458331286907196,0.0010867632809095085
DQN,25,final,1727,4727,-0.17169765174388885,4.0,3.0,0.36567869782447815,0.007898849711637013
DQN,25,final,1728,4728,-0.07282520651817322,2.0,2.0,0.3104165196418762,0.0015277954516932368
DQN,25,final,1729,4729,0.0859655010700226,2.0,2.0,0.4761923849582672,0.04629805710283108
DQN,25,final,1730,4730,0.09000000000000001,1.0,1.0,0.15131382644176483,0.05117150768637657
DQN,25,final,1731,4731,0.2787231731414795,7.0,5.0,0.7481027841567993,0.005896074722321438
DQN,25,final,1732,4732,-0.00911034464836119,2.0,2.0,0.4961666464805603,0.0008382702217204496
DQN,25,final,1733,4733,0.15129302620887758,2.0,2.0,0.30231183767318726,0.0013562493841163814
DQN,25,final,1734,4734,0.09000000000000001,1.0,1.0,0.6985601782798767,0.0036984733305871487
DQN,25,final,1735,4735,0.041387863159179694,3.0,3.0,0.316294401884079,0.0009543237780841688
DQN,25,final,1736,4736,0.09000000000000001,1.0,1.0,0.13680973649024963,0.0012482998427003622
DQN,25,final,1737,4737,-0.013847522735595683,3.0,3.0,0.4396824240684509,0.0021138391845549145
DQN,25,final,1738,4738,-0.21066609144210813,7.0,2.0,0.9052441716194153,0.010230433495183076
DQN,25,final,1739,4739,0.09000000000000001,1.0,1.0,0.16424894332885742,0.0009242722298949957
DQN,25,final,1740,4740,0.09000000000000001,1.0,1.0,0.2838989198207855,0.0011100063566118479
DQN,25,final,1741,4741,0.09000000000000001,1.0,1.0,0.3630461096763611,0.0004582560795824975
DQN,25,final,1742,4742,0.05924499958753587,2.0,2.0,0.14027050137519836,0.0012023678718833253
DQN,25,final,1743,4743,0.09000000000000001,1.0,1.0,0.29729700088500977,0.0011283248895779252
DQN,25,final,1744,4744,0.09000000000000001,1.0,1.0,0.19343781471252441,0.0006798671674914658
DQN,25,final,1745,4745,-0.2383017349243164,8.0,3.0,0.40193668007850647,0.0010734340612543747
DQN,25,final,1746,4746,0.11827314853668214,4.0,3.0,1.0842514038085938,0.0008287862583529204
DQN,25,final,1747,4747,-0.006010949611663832,5.0,4.0,0.632075309753418,0.005213568673934787
DQN,25,final,1748,4748,0.021539587974548344,3.0,2.0,0.18516024947166443,0.009224898531101644
DQN,25,final,1749,4749,0.09000000000000001,1.0,1.0,0.42916709184646606,0.0025751639623194933
DQN,25,final,1750,4750,0.05470967292785645,5.0,4.0,0.7903894782066345,0.0011373238521628082
DQN,25,final,1751,4751,0.2123390007019043,2.0,2.0,0.6429997682571411,0.001020828785840422
DQN,25,final,1752,4752,0.09000000000000001,1.0,1.0,0.18369007110595703,0.0009578208555467427
DQN,25,final,1753,4753,-0.07715187788009643,2.0,2.0,0.78626549243927,0.0007989063451532274
DQN,25,final,1754,4754,-0.3926832377910614,10.0,3.0,0.3273482918739319,0.008739585283910856
DQN,25,final,1755,4755,0.09249383926391604,3.0,3.0,1.1074672937393188,0.0017202988577385743
DQN,25,final,1756,4756,0.33790428161621094,3.0,3.0,0.6997663378715515,0.0015542811015620828
DQN,25,final,1757,4757,0.2311698365211487,2.0,2.0,0.5576415657997131,0.0010061060020234436
DQN,25,final,1758,4758,-0.034112595319747904,3.0,3.0,0.5803767442703247,0.0007159623201005161
DQN,25,final,1759,4759,0.10146696090698244,3.0,3.0,1.0748714208602905,0.08273688226472586
DQN,25,final,1760,4760,0.09000000000000001,1.0,1.0,0.09327125549316406,0.0011638602009043097
DQN,25,final,1761,4761,0.2525650429725647,2.0,2.0,0.7525809407234192,0.0018485902110114694
DQN,25,final,1762,4762,0.21650035858154298,2.0,2.0,0.693494975566864,0.000847611838253215
DQN,25,final,1763,4763,0.09000000000000001,1.0,1.0,0.4854860305786133,0.0016412248369306326
DQN,25,final,1764,4764,-0.24091484427452087,3.0,3.0,0.661810576915741,0.0013719180521244805
DQN,25,final,1765,4765,0.09000000000000001,1.0,1.0,0.12783513963222504,0.0008223396725952625
DQN,25,final,1766,4766,0.13754762887954713,2.0,2.0,0.7394757270812988,0.0011378584313206375
DQN,25,final,1767,4767,0.09000000000000001,1.0,1.0,0.09287790209054947,0.0008899091044440866
DQN,25,final,1768,4768,-0.6051702946424485,10.0,3.0,0.27265408635139465,0.0017815522442106158
DQN,25,final,1769,4769,0.09000000000000001,1.0,1.0,0.5250769853591919,0.0006814341177232563
DQN,25,final,1770,4770,0.09000000000000001,1.0,1.0,0.3230912983417511,0.0005615393165498972
DQN,25,final,1771,4771,0.44634746730327607,3.0,3.0,0.24978984892368317,0.002889941621106118
DQN,25,final,1772,4772,0.06884241819381715,3.0,3.0,0.6043360829353333,0.0006571211658107737
DQN,25,final,1773,4773,0.09000000000000001,1.0,1.0,0.28720542788505554,0.013832226395606995
DQN,25,final,1774,4774,0.16034323692321778,3.0,3.0,0.5670225024223328,0.0013837236911058426
DQN,25,final,1775,4775,0.23543121099472047,2.0,2.0,0.5348159670829773,0.0012506133643910289
DQN,25,final,1776,4776,-0.04544304609298706,5.0,3.0,0.4604804813861847,0.001115793047938496
DQN,25,final,1777,4777,0.01614294171333315,3.0,3.0,0.36934342980384827,0.005065379276250799
DQN,25,final,1778,4778,0.09318267524242403,3.0,3.0,0.23228757083415985,0.0011001958046108484
DQN,25,final,1779,4779,-0.2861609280109406,10.0,4.0,0.37243184447288513,0.0018262118974234909
DQN,25,final,1780,4780,0.0456667709350586,2.0,2.0,0.6740617156028748,0.001224569568876177
DQN,25,final,1781,4781,0.09000000000000001,1.0,1.0,0.3290266692638397,0.0011504656868055463
DQN,25,final,1782,4782,0.09000000000000001,1.0,1.0,0.5215276479721069,0.0012898495187982917
DQN,25,final,1783,4783,0.042077558040618905,2.0,2.0,0.8406668305397034,0.001996434642933309
DQN,25,final,1784,4784,0.09000000000000001,1.0,1.0,0.6478245854377747,0.0011199244763702154
DQN,25,final,1785,4785,0.09412230730056764,2.0,2.0,0.4154881536960602,0.051888317975681275
DQN,25,final,1786,4786,0.13622282624244691,2.0,2.0,0.3380807340145111,0.009382233227370307
DQN,25,final,1787,4787,0.1637591886520386,2.0,2.0,0.7114874720573425,0.001415993901900947
DQN,25,final,1788,4788,0.039812402725219735,2.0,2.0,0.3528575897216797,0.0030016463133506477
DQN,25,final,1789,4789,0.14413310766220094,2.0,2.0,0.8117639422416687,0.0010822818730957806
DQN,25,final,1790,4790,-0.024940806627273562,5.0,3.0,0.3629443347454071,0.0012828256003558636
DQN,25,final,1791,4791,0.09000000000000001,1.0,1.0,0.5910586714744568,0.0006835227832198143
DQN,25,final,1792,4792,0.10257633209228517,2.0,2.0,0.8514989018440247,0.0014789835549890995
DQN,25,final,1793,4793,0.323790020942688,3.0,3.0,0.8504608869552612,0.0018425483916265268
DQN,25,final,1794,4794,0.09000000000000001,1.0,1.0,0.19910715520381927,0.004888005554676056
DQN,25,final,1795,4795,0.0920685398578644,2.0,2.0,0.4634704291820526,0.0026131801423616707
DQN,25,final,1796,4796,-0.1382033109664917,5.0,3.0,0.7761141657829285,0.01378738391213119
DQN,25,final,1797,4797,0.07238175690174103,3.0,3.0,0.23874008655548096,0.0013830432823548715
DQN,25,final,1798,4798,0.2896507453918457,3.0,3.0,0.6964722275733948,0.0013055270537734032
DQN,25,final,1799,4799,0.09000000000000001,1.0,1.0,0.3985254466533661,0.02595384418964386
DQN,25,final,1800,4800,0.1669359874725342,3.0,3.0,0.9383783340454102,0.001574747827059279
DQN,25,final,1801,4801,0.24157495975494386,2.0,2.0,0.2231067419052124,0.0008972130599431694
DQN,25,final,1802,4802,0.16505922555923463,2.0,2.0,0.6535447239875793,0.001275296788662672
DQN,25,final,1803,4803,0.14100642681121828,2.0,2.0,0.831111490726471,0.0009639558265917003
DQN,25,final,1804,4804,0.17610533714294435,2.0,2.0,1.0586687326431274,0.0006866841285955161
DQN,25,final,1805,4805,0.09000000000000001,1.0,1.0,0.07259638607501984,0.00200224993750453
DQN,25,final,1806,4806,0.09000000000000001,1.0,1.0,0.5866078734397888,0.014204020611941814
DQN,25,final,1807,4807,0.09000000000000001,1.0,1.0,0.0932488963007927,0.0017906047869473696
DQN,25,final,1808,4808,-0.046019487380981425,3.0,3.0,0.8725987076759338,0.00378866291915377
DQN,25,final,1809,4809,0.09000000000000001,1.0,1.0,0.41581419110298157,0.0007609566673636436
DQN,25,final,1810,4810,0.26276077508926393,2.0,2.0,0.6812958121299744,0.0015116804279386997
DQN,25,final,1811,4811,0.07664127826690675,2.0,2.0,0.5200852155685425,0.0010117867204826325
DQN,25,final,1812,4812,0.06054208397865296,3.0,3.0,0.3895709812641144,0.0011258092514860134
DQN,25,final,1813,4813,0.24939060926437379,3.0,3.0,0.6260862350463867,0.0028310410173920295
DQN,25,final,1814,4814,0.11525542259216309,3.0,3.0,0.8362897038459778,0.0036295702448114753
DQN,25,final,1815,4815,0.09000000000000001,1.0,1.0,0.12678545713424683,0.0007185534341260791
DQN,25,final,1816,4816,0.09000000000000001,1.0,1.0,0.8297056555747986,0.0012555132852867246
DQN,25,final,1817,4817,0.1258016023039818,2.0,2.0,0.10912498086690903,0.0008486892038490623
DQN,25,final,1818,4818,0.09000000000000001,1.0,1.0,0.17123515903949738,0.0010799707379192114
DQN,25,final,1819,4819,0.09000000000000001,1.0,1.0,0.14391931891441345,0.0007220609113574028
DQN,25,final,1820,4820,0.09000000000000001,1.0,1.0,0.37617650628089905,0.001125804497860372
DQN,25,final,1821,4821,0.08728701829910279,4.0,3.0,0.6744919419288635,0.0010264889133395627
DQN,25,final,1822,4822,-0.4298185110092163,10.0,3.0,0.7034924626350403,0.006966220057802275
DQN,25,final,1823,4823,0.15763957977294923,2.0,2.0,0.8264380693435669,0.0010383593617007136
DQN,25,final,1824,4824,-0.5056668967008591,10.0,3.0,0.20813186466693878,0.0021957308694254608
DQN,25,final,1825,4825,0.2461963963508606,3.0,3.0,0.8494940400123596,0.0006387758282168458
DQN,25,final,1826,4826,-0.026348581314086905,4.0,3.0,0.5866954922676086,0.0012774636270478368
DQN,25,final,1827,4827,-0.12150376319885255,8.0,4.0,0.8233961462974548,0.0010356227721786126
DQN,25,final,1828,4828,0.22552324056625367,3.0,3.0,0.49158167839050293,0.0008929557516239583
DQN,25,final,1829,4829,0.09000000000000001,1.0,1.0,0.2492007464170456,0.001803216291591525
DQN,25,final,1830,4830,0.3284878206253052,3.0,3.0,0.8731409311294556,0.0027403569547459483
DQN,25,final,1831,4831,0.2294191586971283,2.0,2.0,0.33060193061828613,0.0013371708919294178
DQN,25,final,1832,4832,0.09000000000000001,1.0,1.0,0.4164716899394989,0.0004790025996044278
DQN,25,final,1833,4833,0.10641748428344729,3.0,3.0,0.5981402397155762,0.0010567229862014453
DQN,25,final,1834,4834,0.09000000000000001,1.0,1.0,0.5497763752937317,0.0010675074299797416
DQN,25,final,1835,4835,0.06747557401657106,2.0,2.0,0.6911786198616028,0.327298022370087
DQN,25,final,1836,4836,0.09000000000000001,1.0,1.0,0.7005628943443298,0.0008587989723309875
DQN,25,final,1837,4837,0.09000000000000001,1.0,1.0,0.15681399405002594,0.0007380967726930976
DQN,25,final,1838,4838,0.1471713948249817,2.0,2.0,0.6155679821968079,0.0017675195704214275
DQN,25,final,1839,4839,0.09000000000000001,1.0,1.0,0.22242920100688934,0.0005450009484775364
DQN,25,final,1840,4840,-0.4567472815513611,10.0,2.0,0.541875958442688,0.0008828205696772784
DQN,25,final,1841,4841,0.09000000000000001,1.0,1.0,0.2249785214662552,0.0016740172868594527
DQN,25,final,1842,4842,0.09000000000000001,1.0,1.0,0.1398201435804367,0.0015239969361573458
DQN,25,final,1843,4843,0.1779114079475403,8.0,4.0,0.6789283156394958,0.0013992134990985505
DQN,25,final,1844,4844,0.09000000000000001,1.0,1.0,0.6523523330688477,0.005476330406963825
DQN,25,final,1845,4845,0.12928475618362428,2.0,2.0,0.6457200050354004,0.0014080647961236537
DQN,25,final,1846,4846,-0.5573121190071106,10.0,2.0,0.8945919275283813,0.0008910750620998442
DQN,25,final,1847,4847,0.16782522916793824,3.0,3.0,0.6173976063728333,0.0007593830038482944
DQN,25,final,1848,4848,0.09000000000000001,1.0,1.0,0.6207958459854126,0.0010602428810670972
DQN,25,final,1849,4849,0.09000000000000001,1.0,1.0,0.20275260508060455,0.0005649036029353738
DQN,25,final,1850,4850,0.2698555159568787,2.0,2.0,0.40785616636276245,0.001382085756631568
DQN,25,final,1851,4851,0.21084089756011964,2.0,2.0,0.7502303719520569,0.0004535826883511618
DQN,25,final,1852,4852,-0.000350513458251947,4.0,2.0,0.7155109643936157,0.0008984244777821004
DQN,25,final,1853,4853,0.09000000000000001,1.0,1.0,0.8570889830589294,0.0008858646033331752
DQN,25,final,1854,4854,0.1577447819709778,2.0,2.0,0.6504647135734558,0.0018315614433959126
DQN,25,final,1855,4855,0.09000000000000001,1.0,1.0,0.15743912756443024,0.0013559780782088637
DQN,25,final,1856,4856,0.27333705306053163,2.0,2.0,0.345407098531723,0.0009300989913754165
DQN,25,final,1857,4857,0.40310575246810915,2.0,2.0,0.4999072551727295,0.020722548884805292
DQN,25,final,1858,4858,0.09000000000000001,1.0,1.0,0.13839763402938843,0.00046503081102855504
DQN,25,final,1859,4859,0.33557719707489014,3.0,3.0,0.470270574092865,0.00046133499320906896
DQN,25,final,1860,4860,0.09000000000000001,1.0,1.0,0.2654440701007843,0.0007750461809337139
DQN,25,final,1861,4861,0.3776651692390442,3.0,3.0,0.6783741116523743,0.0009022059772784511
DQN,25,final,1862,4862,0.28917177200317384,2.0,2.0,0.9160007238388062,0.0010895852465182543
DQN,25,final,1863,4863,0.15477044105529786,3.0,3.0,0.7420073747634888,0.0017544873990118504
DQN,25,final,1864,4864,0.1240720319747925,2.0,2.0,0.8789867758750916,0.0011655829730443656
DQN,25,final,1865,4865,0.09000000000000001,1.0,1.0,0.19275379180908203,0.000717588176485151
DQN,25,final,1866,4866,0.20422027230262757,3.0,3.0,0.4234417974948883,0.0026920600600230196
DQN,25,final,1867,4867,0.09000000000000001,1.0,1.0,0.20834098756313324,0.04385233670473099
DQN,25,final,1868,4868,0.18585313796997072,6.0,3.0,0.5791882276535034,0.025873283283241715
DQN,25,final,1869,4869,0.15152050733566286,2.0,2.0,0.9798982739448547,0.001243553269887343
DQN,25,final,1870,4870,0.20573218941688537,7.0,5.0,0.4432527720928192,0.059262672696994353
DQN,25,final,1871,4871,0.09000000000000001,1.0,1.0,0.09477315843105316,0.011460253037512302
DQN,25,final,1872,4872,0.02705533742904663,6.0,3.0,0.7334142923355103,0.0008847231656545773
DQN,25,final,1873,4873,0.07145597219467165,2.0,2.0,0.9493665099143982,0.001097708271117881
DQN,25,final,1874,4874,-0.3049427390098572,10.0,4.0,0.7934918403625488,0.034043885726714504
DQN,25,final,1875,4875,0.09000000000000001,1.0,1.0,0.1693732887506485,0.00107944430783391
DQN,25,final,1876,4876,0.09000000000000001,1.0,1.0,0.6678978204727173,0.0010732521768659353
DQN,25,final,1877,4877,0.09000000000000001,1.0,1.0,0.16391848027706146,0.00045921941637061536
DQN,25,final,1878,4878,0.026614563465118424,2.0,2.0,0.9243817925453186,0.0016377011488657445
DQN,25,final,1879,4879,0.25756694555282594,2.0,2.0,0.8866466879844666,0.0010927144321613014
DQN,25,final,1880,4880,0.09000000000000001,1.0,1.0,0.4321514070034027,0.0016504948725923896
DQN,25,final,1881,4881,0.055003829002380385,3.0,3.0,0.641575276851654,0.0008945413477097949
DQN,25,final,1882,4882,0.17415358304977419,2.0,2.0,0.7574993968009949,0.0005067365855211392
DQN,25,final,1883,4883,0.09000000000000001,1.0,1.0,0.6736708283424377,0.0006295845378190279
DQN,25,final,1884,4884,0.3040126633644104,3.0,3.0,0.5429492592811584,0.0007679973108073076
DQN,25,final,1885,4885,0.10258336544036867,2.0,2.0,0.8354191184043884,0.0016260261763818562
DQN,25,final,1886,4886,-0.2680980682373047,10.0,4.0,0.6002244353294373,0.0030051358975470067
DQN,25,final,1887,4887,0.09000000000000001,1.0,1.0,0.2488788515329361,0.0005312880966812372
DQN,25,final,1888,4888,0.297418372631073,2.0,2.0,0.5030198097229004,0.009640558040700853
DQN,25,final,1889,4889,0.09642855048179627,3.0,3.0,0.49413564801216125,0.2278881303500384
DQN,25,final,1890,4890,0.09000000000000001,1.0,1.0,0.26569265127182007,0.0005720936460420489
DQN,25,final,1891,4891,0.3273869228363037,3.0,3.0,1.0022832155227661,0.002954810159280896
DQN,25,final,1892,4892,-0.0076667070388793945,5.0,4.0,0.2833658754825592,0.0007809106959030032
DQN,25,final,1893,4893,0.09911509037017824,2.0,2.0,0.4523198902606964,0.02737330381933134
DQN,25,final,1894,4894,0.09000000000000001,1.0,1.0,0.5100201964378357,0.0017619794234633446
DQN,25,final,1895,4895,-0.09062551259994504,5.0,3.0,0.756384015083313,0.004060634889174253
DQN,25,final,1896,4896,0.09000000000000001,1.0,1.0,0.6350578665733337,0.0022476064041256905
DQN,25,final,1897,4897,0.05399216175079346,4.0,3.0,0.7372300028800964,0.04599701348342933
DQN,25,final,1898,4898,0.09000000000000001,1.0,1.0,0.16891659796237946,0.0027549397200345993
DQN,25,final,1899,4899,0.09000000000000001,1.0,1.0,0.7086794972419739,0.0009065082995221019
DQN,25,final,1900,4900,0.19346705794334412,3.0,3.0,0.39873918890953064,0.0008096595217163364
DQN,25,final,1901,4901,0.16327177166938783,2.0,2.0,0.4521040618419647,0.005326686659827828
DQN,25,final,1902,4902,0.13451934576034547,3.0,3.0,0.6043412089347839,0.0036107755343740187
DQN,25,final,1903,4903,0.14899499893188478,2.0,2.0,1.0803143978118896,0.0011310203990433365
DQN,25,final,1904,4904,0.09000000000000001,1.0,1.0,0.18967558443546295,0.0010363130131736398
DQN,25,final,1905,4905,-0.017638556957244866,3.0,3.0,1.0357598066329956,0.00468849732230107
DQN,25,final,1906,4906,0.057160364389419564,2.0,2.0,0.3489139676094055,0.005203456559684128
DQN,25,final,1907,4907,0.14198360562324525,3.0,3.0,0.32333558797836304,0.0013790944358333945
DQN,25,final,1908,4908,0.19603641510009767,2.0,2.0,1.0235565900802612,0.0009265544649679214
DQN,25,final,1909,4909,-0.3316311836242676,10.0,3.0,0.3781227469444275,0.0031058102787937967
DQN,25,final,1910,4910,0.07016231298446657,2.0,2.0,0.46665388345718384,0.0009066635393537581
DQN,25,final,1911,4911,0.1474891471862793,2.0,2.0,0.6541973352432251,0.2963490472175181
DQN,25,final,1912,4912,0.18579758882522585,2.0,2.0,0.4941731095314026,0.0016118017956614494
DQN,25,final,1913,4913,0.14966519355773927,2.0,2.0,0.2564935088157654,0.0009203953668475151
DQN,25,final,1914,4914,0.06299801349639894,2.0,2.0,1.272022008895874,0.0008015173079911619
DQN,25,final,1915,4915,0.1847828495502472,2.0,2.0,0.44201353192329407,0.0021536647400353104
DQN,25,final,1916,4916,0.09000000000000001,1.0,1.0,0.166246697306633,0.00145189359318465
DQN,25,final,1917,4917,0.03158558130264283,3.0,3.0,0.5103077292442322,0.0010919424045520525
DQN,25,final,1918,4918,0.02618587732315064,3.0,3.0,0.4409705698490143,0.0012619468422296147
DQN,25,final,1919,4919,0.09000000000000001,1.0,1.0,0.14344756305217743,0.0006133669521659613
DQN,25,final,1920,4920,-0.1328635251522064,6.0,2.0,0.448209673166275,0.0015993313281796873
DQN,25,final,1921,4921,0.09000000000000001,1.0,1.0,0.18412771821022034,0.0009786711307242513
DQN,25,final,1922,4922,-0.5249063849449158,10.0,2.0,0.6707738041877747,0.002347090421244502
DQN,25,final,1923,4923,0.09000000000000001,1.0,1.0,0.14717073738574982,0.00125244096852839
DQN,25,final,1924,4924,0.21050620794296265,3.0,3.0,0.7806516885757446,0.001031133714908113
DQN,25,final,1925,4925,0.20635511159896852,2.0,2.0,0.48487353324890137,0.0008634351543150842
DQN,25,final,1926,4926,0.16944615721702577,2.0,2.0,0.31678837537765503,0.0006948200170882046
DQN,25,final,1927,4927,-0.053359858989715556,3.0,3.0,0.7237516045570374,0.0007429513110158344
DQN,25,final,1928,4928,0.13085122585296632,2.0,2.0,0.6773554086685181,0.0007681499992031604
DQN,25,final,1929,4929,0.09747952938079835,3.0,3.0,0.5530719757080078,0.000905046685754011
DQN,25,final,1930,4930,0.19841106414794923,2.0,2.0,1.1036700010299683,0.0008332562283612788
DQN,25,final,1931,4931,-0.49028964042663575,10.0,4.0,0.6338115930557251,0.00689741907408461
DQN,25,final,1932,4932,0.09000000000000001,1.0,1.0,0.3210696280002594,0.0005324159283190966
DQN,25,final,1933,4933,0.1697049903869629,2.0,2.0,1.139148473739624,0.0006443964084610343
DQN,25,final,1934,4934,-0.565358567237854,10.0,2.0,0.845585286617279,0.02097558302921243
DQN,25,final,1935,4935,0.10749714255332948,2.0,2.0,0.2365250289440155,0.082834952569101
DQN,25,final,1936,4936,0.11946798086166383,3.0,3.0,0.7175068259239197,0.000893759347187976
DQN,25,final,1937,4937,0.12895818233489992,2.0,2.0,0.6184419989585876,0.0012416645186021924
DQN,25,final,1938,4938,0.09000000000000001,1.0,1.0,0.2929820120334625,0.0007038423209451139
DQN,25,final,1939,4939,0.24997286677360536,2.0,2.0,0.2191711664199829,0.00203190790489316
DQN,25,final,1940,4940,0.018033163547515885,2.0,2.0,0.7210333943367004,0.0018882396398112178
DQN,25,final,1941,4941,-0.28313965201377866,5.0,2.0,0.5988227128982544,0.0008614211168605834
DQN,25,final,1942,4942,0.16749848604202272,2.0,2.0,0.6150395274162292,0.001981133420486003
DQN,25,final,1943,4943,0.09000000000000001,1.0,1.0,0.3949219584465027,0.663358747959137
DQN,25,final,1944,4944,0.17999996423721315,2.0,2.0,0.507599413394928,0.001045772572979331
DQN,25,final,1945,4945,-0.539274823665619,10.0,4.0,0.6038904786109924,0.06546575916290749
DQN,25,final,1946,4946,0.09194219827651978,3.0,3.0,0.3936317265033722,0.02414380244833107
DQN,25,final,1947,4947,0.14364864856004717,2.0,2.0,0.12400949746370316,0.013288003858178854
DQN,25,final,1948,4948,-0.005333565473556526,3.0,3.0,0.4210658669471741,0.0008943564995812873
DQN,25,final,1949,4949,0.04123795747756959,3.0,3.0,0.6266971826553345,0.0018132174930845697
DQN,25,final,1950,4950,0.06874980211257936,2.0,2.0,0.1465059071779251,0.0007340096344705671
DQN,25,final,1951,4951,0.22236490964889527,3.0,3.0,0.5129743814468384,0.0015848962454280506
DQN,25,final,1952,4952,0.21635516166687013,2.0,2.0,0.5287954211235046,0.0008709795074537396
DQN,25,final,1953,4953,0.09297384500503542,2.0,2.0,0.8126164674758911,0.0014583321753889322
DQN,25,final,1954,4954,0.25689516186714173,3.0,3.0,0.40226057171821594,0.0007154814278086027
DQN,25,final,1955,4955,0.1007609534263611,2.0,2.0,0.8081271052360535,0.000703281897585839
DQN,25,final,1956,4956,0.2772452998161316,2.0,2.0,0.7979881167411804,0.0010516642360016704
DQN,25,final,1957,4957,0.09000000000000001,1.0,1.0,0.6358823776245117,0.0011753912549465895
DQN,25,final,1958,4958,0.1342711615562439,2.0,2.0,0.637237548828125,0.0009217866463586688
DQN,25,final,1959,4959,0.14989914178848268,2.0,2.0,0.8024538159370422,0.0008141221187543124
DQN,25,final,1960,4960,0.14195473670959474,2.0,2.0,0.6739807724952698,0.003720024134963751
DQN,25,final,1961,4961,0.09000000000000001,1.0,1.0,0.0495682954788208,0.00043479548185132444
DQN,25,final,1962,4962,0.09000000000000001,1.0,1.0,0.39302563667297363,0.0007466099923476577
DQN,25,final,1963,4963,0.13001491308212282,2.0,2.0,0.9776546359062195,0.0009508569492027164
DQN,25,final,1964,4964,-0.07702145814895629,4.0,2.0,0.4523387551307678,0.0007935623289085925
DQN,25,final,1965,4965,0.09000000000000001,1.0,1.0,0.13555487990379333,0.0010639053070917726
DQN,25,final,1966,4966,0.16095537126064302,2.0,2.0,0.21950803697109222,0.005145862407516688
DQN,25,final,1967,4967,0.1307592558860779,2.0,2.0,0.7554221749305725,0.0010816912399604917
DQN,25,final,1968,4968,0.15375162839889528,2.0,2.0,0.4828927516937256,0.0011322450591251254
DQN,25,final,1969,4969,0.09000000000000001,1.0,1.0,0.11567781865596771,0.000654421397484839
DQN,25,final,1970,4970,0.09000000000000001,1.0,1.0,0.22699248790740967,0.0008991042268462479
DQN,25,final,1971,4971,0.3246505677700043,5.0,3.0,0.43390724062919617,0.0007931288739200682
DQN,25,final,1972,4972,0.036754734516143805,3.0,3.0,0.8566914200782776,0.0008514003129675984
DQN,25,final,1973,4973,0.18347604751586916,2.0,2.0,0.7897816300392151,0.0009049799991771579
DQN,25,final,1974,4974,0.09667690277099611,2.0,2.0,0.25805407762527466,0.06106778001412749
DQN,25,final,1975,4975,0.09000000000000001,1.0,1.0,0.372824490070343,0.0037610135041177273
DQN,25,final,1976,4976,0.09000000000000001,1.0,1.0,0.8941380381584167,0.0006841698777861893
DQN,25,final,1977,4977,0.1394706439971924,3.0,3.0,0.7140737771987915,0.002195803700791051
DQN,25,final,1978,4978,0.017258234024047872,3.0,3.0,0.5961355566978455,0.04457937035476789
DQN,25,final,1979,4979,0.026149122714996323,7.0,2.0,0.59926837682724,0.0011591325331080174
DQN,25,final,1980,4980,0.09000000000000001,1.0,1.0,0.4658780097961426,0.0006942462059669197
DQN,25,final,1981,4981,-0.009313298463821396,2.0,2.0,0.3544847369194031,0.002325882815057412
DQN,25,final,1982,4982,0.09000000000000001,1.0,1.0,0.7268911004066467,0.0006290273158811033
DQN,25,final,1983,4983,0.17207075834274294,2.0,2.0,0.7560938000679016,0.0014821017975918949
DQN,25,final,1984,4984,0.009719984531402603,2.0,2.0,0.7268143892288208,0.0009385875309817493
DQN,25,final,1985,4985,0.06409938812255861,2.0,2.0,0.6534568071365356,0.0011098415998276323
DQN,25,final,1986,4986,0.09000000000000001,1.0,1.0,0.2949048578739166,0.00799819640815258
DQN,25,final,1987,4987,0.07562880396842958,2.0,2.0,0.3451492488384247,0.01614763936959207
DQN,25,final,1988,4988,0.09000000000000001,1.0,1.0,0.30675214529037476,0.0006522485637106001
DQN,25,final,1989,4989,0.14265813112258913,2.0,2.0,0.640335202217102,0.0005541274149436504
DQN,25,final,1990,4990,0.12890697240829468,3.0,3.0,0.725162923336029,0.24734227374816933
DQN,25,final,1991,4991,0.1866362762451172,3.0,3.0,0.7336073517799377,0.0014226404212725658
DQN,25,final,1992,4992,0.09000000000000001,1.0,1.0,0.2978818714618683,0.00445570470765233
DQN,25,final,1993,4993,0.15886755466461183,2.0,2.0,0.6507267951965332,0.0010440692130941898
DQN,25,final,1994,4994,0.09000000000000001,1.0,1.0,0.2802935540676117,0.0008356878533959389
DQN,25,final,1995,4995,0.2050225901603699,2.0,2.0,0.7343581318855286,0.0007924700330477208
DQN,25,final,1996,4996,0.09491396129131319,2.0,2.0,0.24959899485111237,0.0008776350587140769
DQN,25,final,1997,4997,0.09000000000000001,1.0,1.0,0.13491190969944,0.0010926045943051577
DQN,25,final,1998,4998,0.17283989667892458,2.0,2.0,0.6082003712654114,0.0006135069415904582
DQN,25,final,1999,4999,0.10542418241500856,2.0,2.0,0.577273964881897,0.0011520235566422343
DQN,25,final,2000,5000,0.09000000000000001,1.0,1.0,0.21970677375793457,0.0006167828105390072
DQN,25,final,2001,5001,0.2710633444786072,2.0,2.0,0.9415386319160461,0.0025204433768521994
DQN,25,final,2002,5002,0.03949850022792817,3.0,3.0,0.18588678538799286,0.002294332099457582
DQN,25,final,2003,5003,0.18704492568969727,3.0,3.0,0.7433056235313416,0.012691584221708277
DQN,25,final,2004,5004,0.09000000000000001,1.0,1.0,0.2333223521709442,0.0007731390651315451
DQN,25,final,2005,5005,0.17328892827033998,2.0,2.0,0.3029906153678894,0.0005921741831116378
DQN,25,final,2006,5006,0.0788105130195618,5.0,4.0,0.969566285610199,0.0007683188130613416
DQN,25,final,2007,5007,0.09000000000000001,1.0,1.0,0.3506121039390564,0.0010960776126012206
DQN,25,final,2008,5008,0.09000000000000001,1.0,1.0,0.2259979397058487,0.0007890398846939206
DQN,25,final,2009,5009,0.09459109783172609,2.0,2.0,0.6010732650756836,0.0009286246786359698
DQN,25,final,2010,5010,0.16891451358795168,2.0,2.0,0.5019848942756653,0.0015788477030582726
DQN,25,final,2011,5011,0.1169536876678467,2.0,2.0,1.2137118577957153,0.0005888846499146894
DQN,25,final,2012,5012,-0.32732020616531377,10.0,2.0,0.6134618520736694,0.014597462979145348
DQN,25,final,2013,5013,0.09000000000000001,1.0,1.0,0.5517786145210266,0.0008309822878800333
DQN,25,final,2014,5014,0.09000000000000001,1.0,1.0,0.7910160422325134,0.0006129941903054714
DQN,25,final,2015,5015,0.09000000000000001,1.0,1.0,0.07688435167074203,0.0006224403623491526
DQN,25,final,2016,5016,-0.13837658643722534,3.0,3.0,0.8056527376174927,0.0008565670383783678
DQN,25,final,2017,5017,0.3523825478553772,3.0,3.0,0.7557750344276428,0.0008765791620438298
DQN,25,final,2018,5018,0.1618116068840027,2.0,2.0,0.6021868586540222,0.004534746665740386
DQN,25,final,2019,5019,0.016977475881576554,2.0,2.0,0.3445918560028076,0.0008285725198220462
DQN,25,final,2020,5020,0.09000000000000001,1.0,1.0,0.13155759871006012,0.0009429402998648584
DQN,25,final,2021,5021,0.08861837506294251,3.0,3.0,0.46901431679725647,0.007747185950089867
DQN,25,final,2022,5022,0.30318273782730104,2.0,2.0,0.3410549759864807,0.3303819395368919
DQN,25,final,2023,5023,0.09000000000000001,1.0,1.0,0.15757600963115692,0.0008398948702961206
DQN,25,final,2024,5024,0.09000000000000001,1.0,1.0,0.11708540469408035,0.0007338121649809182
DQN,25,final,2025,5025,0.06363601207733155,3.0,3.0,0.6177785992622375,0.0011236204494101305
DQN,25,final,2026,5026,0.08638460159301758,3.0,3.0,0.5718850493431091,0.0013403220800682902
DQN,25,final,2027,5027,0.14078362464904787,2.0,2.0,0.5335670113563538,0.0007556506898254156
DQN,25,final,2028,5028,-0.13955566883087156,5.0,2.0,0.9930701851844788,0.1136797392508015
DQN,25,final,2029,5029,0.05106605768203736,2.0,2.0,0.17740830779075623,0.0007654951768927276
DQN,25,final,2030,5030,0.09000000000000001,1.0,1.0,0.22483780980110168,0.0008842783281579614
DQN,25,final,2031,5031,0.09000000000000001,1.0,1.0,0.5683874487876892,0.0015496487030759454
DQN,25,final,2032,5032,0.0977602916955948,2.0,2.0,0.21625396609306335,0.03548503411002457
DQN,25,final,2033,5033,0.2162694799900055,2.0,2.0,0.46934428811073303,0.0006471601373050362
DQN,25,final,2034,5034,0.09000000000000001,1.0,1.0,0.8453599214553833,0.0004585210990626365
DQN,25,final,2035,5035,0.09000000000000001,1.0,1.0,0.37941500544548035,0.004236958920955658
DQN,25,final,2036,5036,0.09000000000000001,1.0,1.0,0.556257426738739,0.0009135360596701503
DQN,25,final,2037,5037,-0.5403691530227661,10.0,3.0,0.3059592843055725,0.029610297954059207
DQN,25,final,2038,5038,0.14476277112960817,2.0,2.0,0.8220074772834778,0.001037550304317847
DQN,25,final,2039,5039,0.3075609302520752,4.0,3.0,0.2994554042816162,0.0006536341315950267
DQN,25,final,2040,5040,0.09000000000000001,1.0,1.0,0.46359825134277344,0.0008895128266885877
DQN,25,final,2041,5041,0.1250048351287842,3.0,3.0,1.0238193273544312,0.001104624515088896
DQN,25,final,2042,5042,-0.18619959831237792,3.0,3.0,0.7333160042762756,0.0009910415780420105
DQN,25,final,2043,5043,0.08964686274528505,2.0,2.0,0.4983612596988678,0.02396962232887745
DQN,25,final,2044,5044,0.09000000000000001,1.0,1.0,0.18641333281993866,0.0009011557558551431
DQN,25,final,2045,5045,0.14563406467437745,4.0,3.0,0.6804517507553101,0.001030694882501848
DQN,25,final,2046,5046,0.16164028823375703,2.0,2.0,0.17707006633281708,0.0007832204282749444
DQN,25,final,2047,5047,0.013207323551177985,3.0,3.0,0.3580722510814667,0.0007292644489401331
DQN,25,final,2048,5048,0.19502230167388918,2.0,2.0,0.7938286662101746,0.002452522807288915
DQN,25,final,2049,5049,0.09017880439758302,2.0,2.0,0.2603485882282257,0.001464213477447629
DQN,25,final,2050,5050,0.09000000000000001,1.0,1.0,0.5699707865715027,0.0020146521274000406
DQN,25,final,2051,5051,0.06923593044281007,4.0,3.0,0.6792870759963989,0.0007173483609221876
DQN,25,final,2052,5052,0.6365824508666992,2.0,2.0,0.6886521577835083,0.0009747750009410083
DQN,25,final,2053,5053,0.16164888620376588,2.0,2.0,0.9411473870277405,0.3334982953965664
DQN,25,final,2054,5054,0.014012314081192037,3.0,3.0,0.5547295212745667,0.14754549571080133
DQN,25,final,2055,5055,0.09000000000000001,1.0,1.0,0.5632601380348206,0.00083168875426054
DQN,25,final,2056,5056,0.07786174297332765,2.0,2.0,0.7203852534294128,0.07391659280983731
DQN,25,final,2057,5057,0.16228087425231935,2.0,2.0,0.8414503931999207,0.0030905773455742747
DQN,25,final,2058,5058,0.09000000000000001,1.0,1.0,0.16513289511203766,0.0007001402555033565
DQN,25,final,2059,5059,0.09000000000000001,1.0,1.0,0.2909368574619293,0.0009683677926659584
DQN,25,final,2060,5060,0.010037200450897232,2.0,2.0,0.776659369468689,0.0008959872066043317
DQN,25,final,2061,5061,0.09000000000000001,1.0,1.0,0.31545954942703247,0.5215047001838684
DQN,25,final,2062,5062,0.1441945004463196,2.0,2.0,0.7658661007881165,0.0010000600886996835
DQN,25,final,2063,5063,0.05808814048767091,2.0,2.0,0.8297457098960876,0.0006566488009411842
DQN,25,final,2064,5064,0.10096819877624513,2.0,2.0,0.5928753614425659,0.009828684153035283
DQN,25,final,2065,5065,0.23391871333122255,2.0,2.0,0.4040549695491791,0.39064079616218805
DQN,25,final,2066,5066,0.2271729874610901,2.0,2.0,0.486137330532074,0.0030882349237799644
DQN,25,final,2067,5067,0.09000000000000001,1.0,1.0,0.37018340826034546,0.0009598064352758229
DQN,25,final,2068,5068,0.137588130235672,2.0,2.0,0.23794877529144287,0.0014646694180555642
DQN,25,final,2069,5069,0.09000000000000001,1.0,1.0,0.559866726398468,0.001612250693142414
DQN,25,final,2070,5070,0.1336024570465088,2.0,2.0,0.21951815485954285,0.0011597320553846657
DQN,25,final,2071,5071,0.05166144475340844,2.0,2.0,0.08815988153219223,0.0012034816318191588
DQN,25,final,2072,5072,-0.4473065137863159,10.0,3.0,0.31269535422325134,0.0016043425071984529
DQN,25,final,2073,5073,0.049120256900787355,4.0,3.0,0.6611542105674744,0.005692799139069393
DQN,25,final,2074,5074,0.07490421056747437,3.0,3.0,0.2495270073413849,0.2543712301024546
DQN,25,final,2075,5075,0.08010620594024659,3.0,3.0,0.5681657195091248,0.16508299383955696
DQN,25,final,2076,5076,0.04217522025108338,2.0,2.0,0.26805728673934937,0.001190551818581298
DQN,25,final,2077,5077,0.09340955495834352,2.0,2.0,0.47879233956336975,0.0010370153177063912
DQN,25,final,2078,5078,0.13981337070465089,3.0,3.0,0.6851023435592651,0.024233674669327836
DQN,25,final,2079,5079,0.1506738829612732,2.0,2.0,0.44106483459472656,0.0008308607793878764
DQN,25,final,2080,5080,-0.003053827285766586,2.0,2.0,0.6255083084106445,0.0011374716414138675
DQN,25,final,2081,5081,0.13355751514434816,2.0,2.0,1.0712206363677979,0.004312798962928355
DQN,25,final,2082,5082,-0.3631236791610718,10.0,5.0,0.9961379766464233,0.0010093953867908567
DQN,25,final,2083,5083,0.13283725261688234,2.0,2.0,0.5068783760070801,0.0013008312380407006
DQN,25,final,2084,5084,-0.005162768363952616,3.0,3.0,0.5304359793663025,0.0016463643405586481
DQN,25,final,2085,5085,0.12328733682632448,2.0,2.0,0.7212973237037659,0.0007303796301130205
DQN,25,final,2086,5086,0.17246182441711427,2.0,2.0,0.8140473961830139,0.0013066223473288119
DQN,25,final,2087,5087,0.09000000000000001,1.0,1.0,0.28999653458595276,0.0034245001152157784
DQN,25,final,2088,5088,0.09000000000000001,1.0,1.0,0.38797760009765625,0.0011102244025096297
DQN,25,final,2089,5089,0.07029271841049195,3.0,3.0,0.5026702880859375,0.0009884304211785395
DQN,25,final,2090,5090,0.15995080947875978,2.0,2.0,0.3445403277873993,0.0008995714306365699
DQN,25,final,2091,5091,0.20141001224517824,2.0,2.0,0.5659435987472534,0.0006465051264967769
DQN,25,final,2092,5092,0.08252990424633028,2.0,2.0,0.19058731198310852,0.02452525997068733
DQN,25,final,2093,5093,-0.048789076805114726,3.0,3.0,0.766184389591217,0.030128275665144127
DQN,25,final,2094,5094,0.11947821259498598,2.0,2.0,0.40423813462257385,0.19632674154127017
DQN,25,final,2095,5095,0.09000000000000001,1.0,1.0,0.16374193131923676,0.7922455668449402
DQN,25,final,2096,5096,0.06283403396606446,4.0,3.0,0.7555879354476929,0.37154970661504194
DQN,25,final,2097,5097,0.0711129379272461,3.0,3.0,0.8152841925621033,0.0008163974077130357
DQN,25,final,2098,5098,0.09000000000000001,1.0,1.0,0.42048972845077515,0.0015862524742260575
DQN,25,final,2099,5099,0.09000000000000001,1.0,1.0,0.1477901041507721,0.0004954832256771624
DQN,25,final,2100,5100,-0.017393095493316635,2.0,2.0,0.5765672922134399,0.0010491489665582776
DQN,25,final,2101,5101,-0.5619979977607727,10.0,2.0,0.6448662877082825,0.0657472973514814
DQN,25,final,2102,5102,0.14495318591594697,4.0,3.0,0.1496565192937851,0.001152768571046181
DQN,25,final,2103,5103,0.15558590710163117,3.0,3.0,0.2416723519563675,0.0009735147274720172
DQN,25,final,2104,5104,0.11342294692993166,2.0,2.0,0.6492636799812317,0.0012314485211391002
DQN,25,final,2105,5105,0.1405432987213135,2.0,2.0,1.0191831588745117,0.0025230087339878082
DQN,25,final,2106,5106,0.016403294801712043,3.0,3.0,0.4423084557056427,0.007158228623059888
DQN,25,final,2107,5107,-0.006406776905059822,3.0,3.0,0.8521562814712524,0.0007327576555932561
DQN,25,final,2108,5108,0.08614832878112794,3.0,3.0,0.968524158000946,0.006504074476348857
DQN,25,final,2109,5109,0.4770589542388916,3.0,3.0,0.6116317510604858,0.0018367762677371502
DQN,25,final,2110,5110,0.227769113779068,3.0,3.0,0.43478086590766907,0.0007256401392320792
DQN,25,final,2111,5111,0.12766666889190675,2.0,2.0,0.4100974202156067,0.0005528659385163337
DQN,25,final,2112,5112,0.12318588972091676,2.0,2.0,0.3797009289264679,0.016104370093671605
DQN,25,final,2113,5113,0.09000000000000001,1.0,1.0,0.49698251485824585,0.0006832765648141503
DQN,25,final,2114,5114,0.06253256082534792,2.0,2.0,0.3864434063434601,0.0011389764840714633
DQN,25,final,2115,5115,0.09000000000000001,1.0,1.0,0.15272749960422516,0.0011136808898299932
DQN,25,final,2116,5116,0.1858228611946106,2.0,2.0,0.8749118447303772,0.0013267647300381213
DQN,25,final,2117,5117,0.30829681634902956,2.0,2.0,0.8010795712471008,0.027463968261145055
DQN,25,final,2118,5118,0.033126579523086556,2.0,2.0,0.3363792300224304,0.0008097531972452998
DQN,25,final,2119,5119,0.22862069487571718,2.0,2.0,0.43776342272758484,0.0009019978169817477
DQN,25,final,2120,5120,0.13444788932800295,2.0,2.0,0.7322162985801697,0.0021095099218655378
DQN,25,final,2121,5121,0.3055465388298035,2.0,2.0,0.5662804841995239,0.002842910122126341
DQN,25,final,2122,5122,0.009645478725433365,2.0,2.0,0.4489360451698303,0.001315693894866854
DQN,25,final,2123,5123,0.1006863808631897,4.0,3.0,0.7122225165367126,0.0019997092749690637
DQN,25,final,2124,5124,0.14576192378997804,2.0,2.0,0.5705808997154236,0.0009011466172523797
DQN,25,final,2125,5125,0.0416748595237732,3.0,3.0,0.8085688352584839,0.0012481841646755736
DQN,25,final,2126,5126,0.20518236041069032,2.0,2.0,0.49587973952293396,0.6003509901929647
DQN,25,final,2127,5127,0.09000000000000001,1.0,1.0,0.7652415037155151,0.0009424884337931871
DQN,25,final,2128,5128,0.14198941707611085,3.0,3.0,0.6100064516067505,0.0006260366450684766
DQN,25,final,2129,5129,-0.0034409391880035195,3.0,3.0,0.31839656829833984,0.0008466235982875029
DQN,25,final,2130,5130,-0.07454409539699554,4.0,2.0,0.2202686220407486,0.0007738216081634164
DQN,25,final,2131,5131,0.09000000000000001,1.0,1.0,0.5005117058753967,0.0012139733880758286
DQN,25,final,2132,5132,0.05982739448547364,3.0,3.0,0.7396250367164612,0.0007885735637197892
DQN,25,final,2133,5133,0.15920584082603456,2.0,2.0,0.47768017649650574,0.001547062594909221
DQN,25,final,2134,5134,0.10949047088623048,2.0,2.0,0.25205445289611816,0.05169881178881042
DQN,25,final,2135,5135,0.09000000000000001,1.0,1.0,0.5825341939926147,0.0009909882210195065
DQN,25,final,2136,5136,-0.017312576770782476,4.0,3.0,0.8976467251777649,0.001171859126770869
DQN,25,final,2137,5137,0.03466250181198121,2.0,2.0,0.7151404619216919,0.003717788291396573
DQN,25,final,2138,5138,0.09652252674102785,2.0,2.0,0.9583663940429688,0.022170815151184797
DQN,25,final,2139,5139,0.09000000000000001,1.0,1.0,0.45236071944236755,0.0012221045326441526
DQN,25,final,2140,5140,0.09000000000000001,1.0,1.0,0.39452746510505676,0.0005960025009699166
DQN,25,final,2141,5141,0.09000000000000001,1.0,1.0,0.9663053154945374,0.000788811594247818
DQN,25,final,2142,5142,0.09000000000000001,1.0,1.0,0.7029933333396912,0.002111900132149458
DQN,25,final,2143,5143,0.20600873947143555,3.0,3.0,0.622999370098114,0.0008441170599932472
DQN,25,final,2144,5144,0.08425639748573305,2.0,2.0,0.36925894021987915,0.0013733006198890507
DQN,25,final,2145,5145,0.09000000000000001,1.0,1.0,0.6886425614356995,0.0012713863980025053
DQN,25,final,2146,5146,-0.06001816987991333,10.0,4.0,0.8029513955116272,0.0012165025109425187
DQN,25,final,2147,5147,0.09000000000000001,1.0,1.0,0.07839721441268921,0.0008933302015066147
DQN,25,final,2148,5148,0.0021565127372741855,2.0,2.0,0.5871744751930237,0.0009605817322153598
DQN,25,final,2149,5149,0.09000000000000001,1.0,1.0,0.4365346133708954,0.001312323845922947
DQN,25,final,2150,5150,0.09000000000000001,1.0,1.0,0.2521366477012634,0.0013497817562893033
DQN,25,final,2151,5151,0.11795707225799562,2.0,2.0,0.6039939522743225,0.0013343908940441906
DQN,25,final,2152,5152,0.09000000000000001,1.0,1.0,0.5813100934028625,0.0010875355219468474
DQN,25,final,2153,5153,0.09000000000000001,1.0,1.0,0.41048845648765564,0.5687536001205444
DQN,25,final,2154,5154,-0.6147414326667786,10.0,2.0,0.8731634020805359,0.005867197940824553
DQN,25,final,2155,5155,0.12712963342666628,3.0,2.0,0.27599868178367615,0.0010422799969092011
DQN,25,final,2156,5156,0.139239000082016,2.0,2.0,0.44640669226646423,0.0006279610388446599
DQN,25,final,2157,5157,0.16044785261154176,2.0,2.0,0.7479275465011597,0.0007146991993067786
DQN,25,final,2158,5158,0.09000000000000001,1.0,1.0,0.20716261863708496,0.0007601089891977608
DQN,25,final,2159,5159,-0.6008227467536927,10.0,3.0,0.8153902292251587,0.0009184948983602225
DQN,25,final,2160,5160,0.2162089514732361,2.0,2.0,0.8854864239692688,0.0010662174026947469
DQN,25,final,2161,5161,0.09000000000000001,1.0,1.0,0.044229745864868164,0.0006949302041903138
DQN,25,final,2162,5162,0.2580548095703125,2.0,2.0,0.6427740454673767,0.0008110975613817573
DQN,25,final,2163,5163,0.09000000000000001,1.0,1.0,0.3733837902545929,0.000860081403516233
DQN,25,final,2164,5164,0.189347939491272,2.0,2.0,0.7713696360588074,0.0007561265665572137
DQN,25,final,2165,5165,0.17006813168525697,2.0,2.0,0.2873900532722473,0.0005973307124804705
DQN,25,final,2166,5166,0.09000000000000001,1.0,1.0,1.2134207487106323,0.0030977781862020493
DQN,25,final,2167,5167,0.017249889373779304,3.0,3.0,0.732556939125061,0.0007825671151901284
DQN,25,final,2168,5168,0.09000000000000001,1.0,1.0,0.3890940845012665,0.0006713658221997321
DQN,25,final,2169,5169,0.13108635663986207,3.0,3.0,0.45315665006637573,0.37498499881864217
DQN,25,final,2170,5170,0.09000000000000001,1.0,1.0,0.8871773481369019,0.027947459369897842
DQN,25,final,2171,5171,0.11182721376419069,3.0,2.0,0.3391251564025879,0.17860740467828387
DQN,25,final,2172,5172,0.20655186653137209,2.0,2.0,1.098367691040039,0.0007552909082733095
DQN,25,final,2173,5173,0.1332334351539612,3.0,3.0,0.9387273192405701,0.0006105914944782853
DQN,25,final,2174,5174,0.20846033811569215,3.0,3.0,0.575079083442688,0.0007855285269518694
DQN,25,final,2175,5175,0.18961639881134035,2.0,2.0,0.8508052229881287,0.05147464631590992
DQN,25,final,2176,5176,0.03327656507492066,3.0,3.0,0.7390161752700806,0.002124586763481299
DQN,25,final,2177,5177,0.09142901182174684,2.0,2.0,0.5375658273696899,0.0011151000508107245
DQN,25,final,2178,5178,0.23093329548835756,2.0,2.0,0.3317987620830536,0.001676431274972856
DQN,25,final,2179,5179,0.09000000000000001,1.0,1.0,0.3126474916934967,0.001762373256497085
DQN,25,final,2180,5180,0.10558845281600954,2.0,2.0,0.6160749197006226,0.0010960028157569468
DQN,25,final,2181,5181,-0.592212736606598,10.0,3.0,0.836532473564148,0.020240703353192658
DQN,25,final,2182,5182,0.09000000000000001,1.0,1.0,0.1938723772764206,0.00106410204898566
DQN,25,final,2183,5183,0.09930916309356691,2.0,2.0,1.061697244644165,0.0008158350537996739
DQN,25,final,2184,5184,0.09000000000000001,1.0,1.0,0.5080698728561401,0.0009074461995624006
DQN,25,final,2185,5185,0.20877755403518677,3.0,3.0,0.7682176828384399,0.001094914604133616
DQN,25,final,2186,5186,0.013911516666412369,8.0,7.0,0.9120493531227112,0.04493060650565894
DQN,25,final,2187,5187,0.08221195816993715,2.0,2.0,0.47262653708457947,0.05816642171703279
DQN,25,final,2188,5188,-0.023188357353210468,8.0,5.0,0.8840985298156738,0.011859583471959922
DQN,25,final,2189,5189,0.16862321853637696,4.0,3.0,0.5157143473625183,0.010279226684360765
DQN,25,final,2190,5190,0.04557356953620912,3.0,3.0,0.4951663315296173,0.016867520501061033
DQN,25,final,2191,5191,0.08055169105529786,3.0,3.0,0.9104951620101929,0.0012295017174134653
DQN,25,final,2192,5192,-0.06241766929626465,2.0,2.0,0.6552897691726685,0.0013032312272116542
DQN,25,final,2193,5193,0.2404341173171997,3.0,3.0,0.5187678933143616,0.08615850886174788
DQN,25,final,2194,5194,0.12075282812118532,2.0,2.0,0.5378527045249939,0.0011070114560425282
DQN,25,final,2195,5195,0.11558151960372925,3.0,3.0,0.6021938323974609,0.12367403807972248
DQN,25,final,2196,5196,0.09000000000000001,1.0,1.0,0.34681057929992676,0.0005953122163191438
DQN,25,final,2197,5197,0.11563895821571352,2.0,2.0,0.43280601501464844,0.010287788143614307
DQN,25,final,2198,5198,-0.21140018701553343,10.0,3.0,0.9986841082572937,0.0012690979172475636
DQN,25,final,2199,5199,0.09000000000000001,1.0,1.0,0.2440967708826065,0.0010097635677084327
DQN,25,final,2200,5200,0.2731218910217285,4.0,4.0,0.7631999254226685,0.02701044737477787
DQN,25,final,2201,5201,0.013159651756286625,3.0,2.0,0.2628336250782013,0.003726512339198962
DQN,25,final,2202,5202,0.008571462631225601,2.0,2.0,0.8163345456123352,0.0014570804196409881
DQN,25,final,2203,5203,0.2109292221069336,3.0,3.0,0.6261770129203796,0.04195956604477639
DQN,25,final,2204,5204,0.01778017163276674,2.0,2.0,0.31816360354423523,0.0009771596232894808
DQN,25,final,2205,5205,0.09000000000000001,1.0,1.0,0.17549239099025726,0.0007370744133368134
DQN,25,final,2206,5206,-0.015560902953147868,3.0,3.0,0.26459524035453796,0.0006393087096512318
DQN,25,final,2207,5207,0.09000000000000001,1.0,1.0,0.19416038691997528,0.0009448301279917359
DQN,25,final,2208,5208,0.1438002061843872,3.0,3.0,0.7775581479072571,0.001416494216149052
DQN,25,final,2209,5209,0.09000000000000001,1.0,1.0,0.6897455453872681,0.0015313939657062292
DQN,25,final,2210,5210,0.34043909788131715,2.0,2.0,0.48285573720932007,0.0008241918112616986
DQN,25,final,2211,5211,0.09000000000000001,1.0,1.0,0.3287960886955261,0.0005842687678523362
DQN,25,final,2212,5212,0.08778433680534364,2.0,2.0,0.20456959307193756,0.0012772012560162693
DQN,25,final,2213,5213,0.042575912475585946,2.0,2.0,0.27517595887184143,0.15378123472328298
DQN,25,final,2214,5214,0.11233879804611208,2.0,2.0,0.5419390797615051,0.0007261351856868714
DQN,25,final,2215,5215,0.039812402725219735,2.0,2.0,0.3528575897216797,0.000658102915622294
DQN,25,final,2216,5216,0.09000000000000001,1.0,1.0,0.24836096167564392,0.09656886756420135
DQN,25,final,2217,5217,0.14719182431697847,2.0,2.0,0.19507719576358795,0.00255551899317652
DQN,25,final,2218,5218,0.019067423343658463,2.0,2.0,0.7481359839439392,0.000831703917356208
DQN,25,final,2219,5219,0.29043020486831667,2.0,2.0,0.7684078216552734,0.0007286547333933413
DQN,25,final,2220,5220,0.09000000000000001,1.0,1.0,0.2171672135591507,0.0009525283821858466
DQN,25,final,2221,5221,-0.2189325380325317,8.0,2.0,0.8167023658752441,0.0008803076998447068
DQN,25,final,2222,5222,0.07286436557769777,5.0,3.0,0.4585264325141907,0.026987543166615068
DQN,25,final,2223,5223,0.04242122650146485,7.0,4.0,0.8037029504776001,0.03114898458755176
DQN,25,final,2224,5224,0.18728061199188234,2.0,2.0,0.6484085917472839,0.000919865007745102
DQN,25,final,2225,5225,0.16110594749450685,2.0,2.0,0.6408955454826355,0.0005943778087384999
DQN,25,final,2226,5226,0.048440197706222536,4.0,3.0,0.16775332391262054,0.09292160518816672
DQN,25,final,2227,5227,0.2226499390602112,3.0,3.0,0.7715663313865662,0.03230165666900575
DQN,25,final,2228,5228,0.09000000000000001,1.0,1.0,0.2947518229484558,0.0024403289426118135
DQN,25,final,2229,5229,0.09000000000000001,1.0,1.0,0.2528708875179291,0.0009090544772334397
DQN,25,final,2230,5230,0.09448535680770873,6.0,3.0,0.613423228263855,0.0018612884159665555
DQN,25,final,2231,5231,0.1860656213760376,3.0,3.0,0.34522637724876404,0.0008218185588096579
DQN,25,final,2232,5232,0.12361617565155031,2.0,2.0,1.1227864027023315,0.004942271509207785
DQN,25,final,2233,5233,0.22014777541160585,2.0,2.0,0.4409535229206085,0.0009406299504917115
DQN,25,final,2234,5234,0.09000000000000001,1.0,1.0,0.2628231346607208,0.027836378663778305
DQN,25,final,2235,5235,0.4045043659210205,3.0,3.0,0.43246573209762573,0.08307246991898865
DQN,25,final,2236,5236,0.1181029748916626,3.0,3.0,0.6835775375366211,0.001180563762318343
DQN,25,final,2237,5237,0.003542141914367705,7.0,3.0,1.0880024433135986,0.1488675809232518
DQN,25,final,2238,5238,0.2360313606262207,3.0,3.0,0.6947523951530457,0.02305235118061925
DQN,25,final,2239,5239,0.1854244637489319,2.0,2.0,0.5610777139663696,0.0009745834395289421
DQN,25,final,2240,5240,0.16720898628234865,2.0,2.0,0.3669314384460449,0.0075747931259684265
DQN,25,final,2241,5241,0.1162530279159546,4.0,3.0,0.8447365760803223,0.0400457364594331
DQN,25,final,2242,5242,0.19526316404342653,2.0,2.0,0.625414252281189,0.000853039906360209
DQN,25,final,2243,5243,0.062218891382217416,2.0,2.0,0.3041561543941498,0.029770808294415474
DQN,25,final,2244,5244,0.01920325279235842,3.0,3.0,1.3923882246017456,0.014123417786322534
DQN,25,final,2245,5245,0.10367395162582399,2.0,2.0,0.5124000310897827,0.075067637139
DQN,25,final,2246,5246,0.17167185425758363,2.0,2.0,0.40103667974472046,0.0008431646274402738
DQN,25,final,2247,5247,-0.3434702754020691,10.0,3.0,0.6855684518814087,0.0012638890941161663
DQN,25,final,2248,5248,0.09000000000000001,1.0,1.0,0.06662832945585251,0.0008924058638513088
DQN,25,final,2249,5249,0.08032025575637819,2.0,2.0,0.598269522190094,0.13541894033551216
DQN,25,final,2250,5250,0.09000000000000001,1.0,1.0,0.27348920702934265,0.09071321040391922
DQN,25,final,2251,5251,0.09000000000000001,1.0,1.0,0.6936836242675781,0.0014400852378457785
DQN,25,final,2252,5252,0.06913058638572694,2.0,2.0,0.4921911656856537,0.0010223985300399363
DQN,25,final,2253,5253,-0.4614285707473755,10.0,2.0,0.8970438838005066,0.014237147103995085
DQN,25,final,2254,5254,0.018494503498077408,2.0,2.0,0.43480730056762695,0.0008188748906832188
DQN,25,final,2255,5255,0.09000000000000001,1.0,1.0,0.20840035378932953,0.0007520895451307297
DQN,25,final,2256,5256,0.1645928192138672,2.0,2.0,0.6336237192153931,0.0008865823619998991
DQN,25,final,2257,5257,0.04420909464359284,2.0,2.0,0.21665914356708527,0.0009860919089987874
DQN,25,final,2258,5258,0.09000000000000001,1.0,1.0,0.5496468544006348,0.006196640431880951
DQN,25,final,2259,5259,0.18633277893066408,2.0,2.0,0.5938058495521545,0.32380230410490185
DQN,25,final,2260,5260,0.09000000000000001,1.0,1.0,0.36467984318733215,0.0013913719449192286
DQN,25,final,2261,5261,-0.09435453295707703,3.0,3.0,0.5873152613639832,0.0023369601694867015
DQN,25,final,2262,5262,0.021797842979431173,3.0,3.0,0.3032984733581543,0.03724815025149534
DQN,25,final,2263,5263,0.09940330117940904,2.0,2.0,0.06599700450897217,0.002082837570924312
DQN,25,final,2264,5264,0.06410783708095552,2.0,2.0,0.15915977954864502,0.0014331266283988953
DQN,25,final,2265,5265,0.15018110156059267,2.0,2.0,0.3072720170021057,0.001570920692756772
DQN,25,final,2266,5266,0.09000000000000001,1.0,1.0,0.12245301157236099,0.0010893099242821336
DQN,25,final,2267,5267,-0.5781979441642762,10.0,2.0,0.5999859571456909,0.0018614069151226432
DQN,25,final,2268,5268,0.1301135587692261,2.0,2.0,0.2292480766773224,0.0009242688538506627
DQN,25,final,2269,5269,0.20720605731010439,2.0,2.0,0.49618515372276306,0.0761468792334199
DQN,25,final,2270,5270,-0.35365642905235295,10.0,2.0,0.3760116994380951,0.05948534286872018
DQN,25,final,2271,5271,0.04744734287261963,3.0,2.0,0.19057349860668182,0.001359453269590934
DQN,25,final,2272,5272,0.09000000000000001,1.0,1.0,0.1127968356013298,0.0011036418145522475
DQN,25,final,2273,5273,0.14965237855911256,2.0,2.0,0.7235026359558105,0.0021847507741767913
DQN,25,final,2274,5274,0.1479949426651001,3.0,3.0,0.7073372602462769,0.0007916799222584814
DQN,25,final,2275,5275,0.09000000000000001,1.0,1.0,0.28914839029312134,0.000514202518388629
DQN,25,final,2276,5276,0.17209588170051576,2.0,2.0,0.4260932505130768,0.0007555710908491164
DQN,25,final,2277,5277,0.39213223934173586,2.0,2.0,0.4748440384864807,0.000941132428124547
DQN,25,final,2278,5278,0.2539260458946228,3.0,3.0,0.9187882542610168,0.009373416115219394
DQN,25,final,2279,5279,0.5396555531024932,2.0,2.0,0.34814175963401794,0.0009035188995767385
DQN,25,final,2280,5280,0.09000000000000001,1.0,1.0,0.2393498569726944,0.000831222627311945
DQN,25,final,2281,5281,0.09000000000000001,1.0,1.0,0.29740768671035767,0.0018662671791389585
DQN,25,final,2282,5282,0.10907919883728029,2.0,2.0,0.6720644235610962,0.0007467358373105526
DQN,25,final,2283,5283,0.05224915027618409,2.0,2.0,0.3762694001197815,0.16281011805403978
DQN,25,final,2284,5284,-0.35500908493995664,10.0,3.0,0.33882585167884827,0.0011498347797896714
DQN,25,final,2285,5285,0.05504523396492005,2.0,2.0,0.28253376483917236,0.0010316624830011278
DQN,25,final,2286,5286,0.24812795400619508,2.0,2.0,0.6164990067481995,0.0010357587598264217
DQN,25,final,2287,5287,0.09205122470855714,2.0,2.0,0.48885631561279297,0.0012184817169327289
DQN,25,final,2288,5288,-0.08934352517127993,7.0,5.0,0.30207177996635437,0.0006439996567288679
DQN,25,final,2289,5289,0.09000000000000001,1.0,1.0,0.393553763628006,0.000873483601026237
DQN,25,final,2290,5290,0.09000000000000001,1.0,1.0,0.19286039471626282,0.0022992605809122324
DQN,25,final,2291,5291,0.09000000000000001,1.0,1.0,0.344587117433548,0.0005653822445310652
DQN,25,final,2292,5292,0.0782704818248749,2.0,2.0,0.08880903571844101,0.0008159975695889443
DQN,25,final,2293,5293,0.09000000000000001,1.0,1.0,0.33604368567466736,0.0004725373291876167
DQN,25,final,2294,5294,0.037296133041381845,2.0,2.0,0.8848127126693726,0.0006862409209134057
DQN,25,final,2295,5295,0.09000000000000001,1.0,1.0,0.15249915421009064,0.004465295001864433
DQN,25,final,2296,5296,0.15651448249816896,2.0,2.0,0.3952716886997223,0.0005856494535692036
DQN,25,final,2297,5297,0.09000000000000001,1.0,1.0,0.13889837265014648,0.0005170943331904709
DQN,25,final,2298,5298,0.23157195925712587,2.0,2.0,0.15697476267814636,0.02022527004010044
DQN,25,final,2299,5299,0.09000000000000001,1.0,1.0,0.11606834083795547,0.12817707657814026
DQN,25,final,2300,5300,0.09000000000000001,1.0,1.0,0.28888553380966187,0.0011343241203576326
DQN,25,final,2301,5301,0.059837089776992806,2.0,2.0,0.4996644854545593,0.06703753568581305
DQN,25,final,2302,5302,0.08935143232345583,2.0,2.0,0.5923277735710144,0.006846735079307109
DQN,25,final,2303,5303,0.16952491521835328,3.0,3.0,0.7903048396110535,0.0009554109807747105
DQN,25,final,2304,5304,0.23538268327713013,3.0,3.0,0.7199848294258118,0.0007816186407580972
DQN,25,final,2305,5305,0.09000000000000001,1.0,1.0,0.3118340075016022,0.4027921259403229
DQN,25,final,2306,5306,0.09000000000000001,1.0,1.0,0.6398448348045349,0.0010422863997519016
DQN,25,final,2307,5307,0.09000000000000001,1.0,1.0,0.17684218287467957,0.0007827412337064743
DQN,25,final,2308,5308,0.011024670600891129,2.0,2.0,0.6520398855209351,0.02219289052300155
DQN,25,final,2309,5309,0.20513237237930299,3.0,3.0,0.9305258393287659,0.0009585700657529136
DQN,25,final,2310,5310,0.12251009225845338,2.0,2.0,0.39100170135498047,0.0006600098859053105
DQN,25,final,2311,5311,0.09000000000000001,1.0,1.0,0.3134801983833313,0.0010863959323614836
DQN,25,final,2312,5312,0.0779606866836548,2.0,2.0,0.6356886029243469,0.0007942283409647644
DQN,25,final,2313,5313,0.15433444261550905,2.0,2.0,0.7269560694694519,0.0017143726581707597
DQN,25,final,2314,5314,0.09000000000000001,1.0,1.0,0.3864336609840393,0.0005462244153022766
DQN,25,final,2315,5315,0.17114532709121705,3.0,3.0,0.6681120991706848,0.001526390202343464
DQN,25,final,2316,5316,0.021048262119293226,6.0,3.0,0.7240444421768188,0.1098434666346293
DQN,25,final,2317,5317,0.02516670703887941,2.0,2.0,1.129501461982727,0.004262130125425756
DQN,25,final,2318,5318,0.1328581738471985,2.0,2.0,0.6207000017166138,0.000998487405013293
DQN,25,final,2319,5319,0.014964507818222061,2.0,2.0,0.46251675486564636,0.0023273242404684424
DQN,25,final,2320,5320,0.09000000000000001,1.0,1.0,0.08816458284854889,0.0016645940486341715
DQN,25,final,2321,5321,0.21520950078964235,2.0,2.0,0.6890984177589417,0.10602876433404163
DQN,25,final,2322,5322,0.09000000000000001,1.0,1.0,0.17927952110767365,0.0006681304075755179
DQN,25,final,2323,5323,0.06431128263473512,2.0,2.0,0.2964487373828888,0.0009782025590538979
DQN,25,final,2324,5324,0.15130587100982668,2.0,2.0,0.7154011130332947,0.0008243891061283648
DQN,25,final,2325,5325,0.34732128858566286,2.0,2.0,0.7325623631477356,0.0007360337185673416
DQN,25,final,2326,5326,0.15559677958488466,2.0,2.0,0.3938901126384735,0.046997695812024176
DQN,25,final,2327,5327,0.20129192590713502,3.0,3.0,0.7749208211898804,0.000921527564059943
DQN,25,final,2328,5328,-0.020713744759559616,2.0,2.0,0.34409254789352417,0.0009694879408925772
DQN,25,final,2329,5329,0.09263543963432314,2.0,2.0,0.29799944162368774,0.001004556950647384
DQN,25,final,2330,5330,0.09000000000000001,1.0,1.0,0.18412508070468903,0.0021694789174944162
DQN,25,final,2331,5331,0.001362187266349818,4.0,4.0,0.29001468420028687,0.006213948858203366
DQN,25,final,2332,5332,0.10432363271713258,3.0,3.0,0.6894674897193909,0.0033626684065287313
DQN,25,final,2333,5333,0.12907583236694337,3.0,3.0,0.6976596117019653,0.08811542989375691
DQN,25,final,2334,5334,0.03911509037017823,3.0,2.0,0.4523198902606964,0.0010657095505545537
DQN,25,final,2335,5335,0.10155029058456422,4.0,3.0,0.6510350108146667,0.04891147671878571
DQN,25,final,2336,5336,0.11851567745208741,3.0,3.0,0.8088989853858948,0.0010136895774242778
DQN,25,final,2337,5337,0.005622880458831803,2.0,2.0,0.8939980864524841,0.0009149648540187627
DQN,25,final,2338,5338,0.13058127641677858,2.0,2.0,0.8120092153549194,0.0008644607150927186
DQN,25,final,2339,5339,0.16354031085968018,3.0,3.0,0.3647266924381256,0.057875724121307336
DQN,25,final,2340,5340,0.09000000000000001,1.0,1.0,0.6900388598442078,0.0011188398348167539
DQN,25,final,2341,5341,0.14564107537269594,2.0,2.0,0.37469011545181274,0.0016003060736693442
DQN,25,final,2342,5342,0.16698277711868287,3.0,3.0,0.6130016446113586,0.0009480528339433173
DQN,25,final,2343,5343,-0.15237738490104674,5.0,3.0,0.5785620808601379,0.000793300406076014
DQN,25,final,2344,5344,0.09000000000000001,1.0,1.0,0.24929022789001465,0.10078710317611694
DQN,25,final,2345,5345,0.17334427118301393,2.0,2.0,0.6862360239028931,0.0005918173119425774
DQN,25,final,2346,5346,0.2486910891532898,3.0,3.0,0.7398518323898315,0.0007843018975108862
DQN,25,final,2347,5347,0.09000000000000001,1.0,1.0,0.2068544328212738,0.000560600368771702
DQN,25,final,2348,5348,0.09000000000000001,1.0,1.0,0.5831102728843689,0.0012809019535779953
DQN,25,final,2349,5349,0.30249757289886475,3.0,3.0,0.7016108632087708,0.001010600555067261
DQN,25,final,2350,5350,0.09000000000000001,1.0,1.0,0.36131444573402405,0.11704650521278381
DQN,25,final,2351,5351,0.12744756698608398,4.0,2.0,0.6303572058677673,0.004158208917942829
DQN,25,final,2352,5352,0.09000000000000001,1.0,1.0,0.27270108461380005,0.0016252571949735284
DQN,25,final,2353,5353,0.09000000000000001,1.0,1.0,0.4538208544254303,0.0008263041381724179
DQN,25,final,2354,5354,0.1202914732694626,2.0,2.0,0.23259831964969635,0.02946628353674896
DQN,25,final,2355,5355,0.16282446861267091,2.0,2.0,0.9215375185012817,0.0006539095193147659
DQN,25,final,2356,5356,-0.5447888851165772,10.0,2.0,0.6783409714698792,0.04829324175370857
DQN,25,final,2357,5357,-0.32418122291564944,10.0,5.0,1.005858063697815,0.011885152594186366
DQN,25,final,2358,5358,0.3059822487831116,2.0,2.0,0.39200854301452637,0.0008139006386045367
DQN,25,final,2359,5359,0.1351826560497284,3.0,3.0,0.48359379172325134,0.0010007821838371456
DQN,25,final,2360,5360,0.10874495089054109,2.0,2.0,0.13225708901882172,0.5731968903564848
DQN,25,final,2361,5361,0.1756983268260956,2.0,2.0,0.2003052532672882,0.0006949927192181349
DQN,25,final,2362,5362,0.10081315755844117,3.0,3.0,0.8673795461654663,0.0009558361101274689
DQN,25,final,2363,5363,0.09000000000000001,1.0,1.0,0.6681848168373108,0.04953623190522194
DQN,25,final,2364,5364,0.11980833292007448,2.0,2.0,0.6195592284202576,0.0006900380540173501
DQN,25,final,2365,5365,0.09000000000000001,1.0,1.0,0.7610740661621094,0.0008713379502296448
DQN,25,final,2366,5366,-0.10613627552986145,2.0,2.0,0.6766878962516785,0.0010950906143989414
DQN,25,final,2367,5367,0.18152849555015566,2.0,2.0,0.45735546946525574,0.0013059887569397688
DQN,25,final,2368,5368,0.09000000000000001,1.0,1.0,0.11517681926488876,0.0009602335630916059
DQN,25,final,2369,5369,0.09056241035461426,3.0,3.0,0.6793692708015442,0.0032753668880710998
DQN,25,final,2370,5370,0.09000000000000001,1.0,1.0,0.1486910581588745,0.0009138830355368555
DQN,25,final,2371,5371,-0.04606411695480346,4.0,2.0,0.9387151598930359,0.018251833811518736
DQN,25,final,2372,5372,0.2802968192100525,2.0,2.0,0.6174001097679138,0.00237722133169882
DQN,25,final,2373,5373,0.1267450022697449,2.0,2.0,0.7003075480461121,0.004810031445231289
DQN,25,final,2374,5374,0.15192843198776246,3.0,3.0,0.8656417727470398,0.024890957167372108
DQN,25,final,2375,5375,0.09000000000000001,1.0,1.0,0.47778382897377014,0.0010149599984288216
DQN,25,final,2376,5376,0.20005852699279786,3.0,3.0,0.7863819003105164,0.000886420855143418
DQN,25,final,2377,5377,0.179561026096344,3.0,3.0,0.5568034648895264,0.0036853460672621927
DQN,25,final,2378,5378,0.21160681724548341,2.0,2.0,0.5770400762557983,0.009145919379079714
DQN,25,final,2379,5379,-0.29724745512008666,6.0,3.0,0.8191593289375305,0.0006579046748811379
DQN,25,final,2380,5380,0.12412667989730836,3.0,3.0,0.5567751526832581,0.0007564275874756277
DQN,25,final,2381,5381,0.06291294813156129,3.0,3.0,0.3340236246585846,0.0008740990694301823
DQN,25,final,2382,5382,-0.05356518745422363,2.0,2.0,1.2068160772323608,0.0008960815903265029
DQN,25,final,2383,5383,0.11259968757629396,2.0,2.0,0.4197375774383545,0.0007912461878731847
DQN,25,final,2384,5384,0.09000000000000001,1.0,1.0,0.049911100417375565,0.0005300789489410818
DQN,25,final,2385,5385,0.24688488960266114,3.0,3.0,0.9984971284866333,0.0023322467459365726
DQN,25,final,2386,5386,0.07382063746452333,2.0,2.0,0.2091173678636551,0.000749330734834075
DQN,25,final,2387,5387,0.16661667585372925,4.0,4.0,0.7169787287712097,0.002133048968971707
DQN,25,final,2388,5388,-0.4347835063934326,10.0,2.0,1.102365255355835,0.011487180774565786
DQN,25,final,2389,5389,0.0661811399459839,2.0,2.0,0.6122997403144836,0.0006591510609723628
DQN,25,final,2390,5390,0.06272001743316652,2.0,2.0,0.29166916012763977,0.0006030955555615947
DQN,25,final,2391,5391,0.09000000000000001,1.0,1.0,0.42849212884902954,0.001218560733832419
DQN,25,final,2392,5392,0.09000000000000001,1.0,1.0,0.18207183480262756,0.0004078191122971475
DQN,25,final,2393,5393,0.2691092956066132,2.0,2.0,0.3173702657222748,0.0008019674860406667
DQN,25,final,2394,5394,0.43313313245773316,3.0,3.0,0.5078502893447876,0.0009966940075779955
DQN,25,final,2395,5395,0.10396397829055788,3.0,3.0,0.8232868313789368,0.0006909327736745278
DQN,25,final,2396,5396,0.03850788593292237,3.0,3.0,0.345039039850235,0.03127471400269618
DQN,25,final,2397,5397,0.10119210362434389,2.0,2.0,0.39433127641677856,0.0009880354919005185
DQN,25,final,2398,5398,0.20840729951858522,2.0,2.0,0.6443077921867371,0.0004933421150781214
DQN,25,final,2399,5399,0.09000000000000001,1.0,1.0,0.15379451215267181,0.117405466735363
DQN,25,final,2400,5400,0.03743249893188477,3.0,3.0,0.6695581674575806,0.06358274654485285
DQN,25,final,2401,5401,0.29053053975105286,3.0,3.0,0.31048664450645447,0.3870295191494127
DQN,25,final,2402,5402,0.20055793404579164,2.0,2.0,0.4632371962070465,0.0006809661281295121
DQN,25,final,2403,5403,0.08200927257537843,2.0,2.0,0.5902044177055359,0.0007753290992695838
DQN,25,final,2404,5404,0.3654017519950867,3.0,3.0,0.7862750887870789,0.0006867539680873355
DQN,25,final,2405,5405,0.16533029794692994,3.0,3.0,0.7800934910774231,0.043068586790468544
DQN,25,final,2406,5406,0.2946927118301392,2.0,2.0,0.6331949234008789,0.001094936451409012
DQN,25,final,2407,5407,0.10789263963699341,3.0,3.0,0.7145357131958008,0.001402880297973752
DQN,25,final,2408,5408,0.13912492752075195,4.0,4.0,0.6067764163017273,0.001444396169972606
DQN,25,final,2409,5409,0.1976683306694031,2.0,2.0,0.6677664518356323,0.0008303603390231729
DQN,25,final,2410,5410,-0.06442189455032347,4.0,4.0,0.6482089161872864,0.0015755883796373382
DQN,25,final,2411,5411,0.27413244724273683,2.0,2.0,0.6929229497909546,0.0008109188638627529
DQN,25,final,2412,5412,0.18212778091430665,3.0,3.0,0.703508198261261,0.0011267014973176022
DQN,25,final,2413,5413,0.09000000000000001,1.0,1.0,0.11182182282209396,0.0007115217158570886
DQN,25,final,2414,5414,0.19293125152587892,2.0,2.0,0.7737611532211304,0.28668378229485825
DQN,25,final,2415,5415,-0.015094799995422348,2.0,2.0,0.7527959942817688,0.0006794460641685873
DQN,25,final,2416,5416,0.2368627953529358,2.0,2.0,0.6661109328269958,0.0006625721871387213
DQN,25,final,2417,5417,0.09000000000000001,1.0,1.0,0.20346473157405853,0.0005330949788913131
DQN,25,final,2418,5418,0.09031911373138429,2.0,2.0,0.9574428796768188,0.0011210493394173682
DQN,25,final,2419,5419,0.09000000000000001,1.0,1.0,0.0714554637670517,0.00088523980230093
DQN,25,final,2420,5420,0.09000000000000001,1.0,1.0,0.3823285698890686,0.0012034702813252807
DQN,25,final,2421,5421,0.1799361276626587,2.0,2.0,0.6468672752380371,0.0010255414817947894
DQN,25,final,2422,5422,0.09000000000000001,1.0,1.0,0.1084425076842308,0.0006717117503285408
DQN,25,final,2423,5423,0.19581784486770631,2.0,2.0,0.35751599073410034,0.0005459138483274728
DQN,25,final,2424,5424,0.07420833587646486,2.0,2.0,0.6328969597816467,0.03093977179378271
DQN,25,final,2425,5425,0.08464147329330446,2.0,2.0,0.5486395955085754,0.0006251297309063375
DQN,25,final,2426,5426,0.14891754269599916,2.0,2.0,0.3672949969768524,0.0008565280877519399
DQN,25,final,2427,5427,-0.16610190391540525,7.0,2.0,0.7875353097915649,0.0014747681561857462
DQN,25,final,2428,5428,0.2267607617378235,2.0,2.0,0.7128412127494812,0.0018145785143133253
DQN,25,final,2429,5429,0.22668046474456788,3.0,3.0,0.621411144733429,0.0009782072350693245
DQN,25,final,2430,5430,-0.2910535097122192,10.0,3.0,0.5391559600830078,0.07352525036549196
DQN,25,final,2431,5431,0.09000000000000001,1.0,1.0,0.3148462772369385,0.00046795117668807507
DQN,25,final,2432,5432,0.37922478437423707,3.0,3.0,0.8420587182044983,0.013416141465616723
DQN,25,final,2433,5433,0.09000000000000001,1.0,1.0,0.8204382658004761,0.0006779617397114635
DQN,25,final,2434,5434,0.3519783091545105,3.0,3.0,0.8300860524177551,0.000684711616486311
DQN,25,final,2435,5435,0.09000000000000001,1.0,1.0,0.14647163450717926,0.00045416023931466043
DQN,25,final,2436,5436,0.1858948040008545,2.0,2.0,0.8932312726974487,0.0014876714849378914
DQN,25,final,2437,5437,0.1520481872558594,2.0,2.0,0.7022392153739929,0.0010991416056640446
DQN,25,final,2438,5438,0.09000000000000001,1.0,1.0,0.16802655160427094,0.0005894037312828004
DQN,25,final,2439,5439,0.07272225856781006,6.0,4.0,0.7129512429237366,0.17594917037058622
DQN,25,final,2440,5440,0.09000000000000001,1.0,1.0,0.10121738910675049,0.0015496215783059597
DQN,25,final,2441,5441,0.09000000000000001,1.0,1.0,0.5474886298179626,0.0010720549616962671
DQN,25,final,2442,5442,0.02692999124526979,2.0,2.0,0.4474334120750427,0.0008162069716490805
DQN,25,final,2443,5443,0.2647011351585388,3.0,3.0,0.8909263014793396,0.0006030389437607179
DQN,25,final,2444,5444,0.05575637936592103,3.0,2.0,0.361269474029541,0.0010472805782531698
DQN,25,final,2445,5445,0.09000000000000001,1.0,1.0,0.0637577623128891,0.0009080113377422094
DQN,25,final,2446,5446,0.1545736360549927,2.0,2.0,1.0079387426376343,0.05258856702130288
DQN,25,final,2447,5447,0.2143715786933899,2.0,2.0,0.7202906608581543,0.002043094311375171
DQN,25,final,2448,5448,0.11315478563308717,2.0,2.0,0.5672765970230103,0.0013279746635816991
DQN,25,final,2449,5449,0.1468957978487015,2.0,2.0,0.24582116305828094,0.0005707546806661412
DQN,25,final,2450,5450,0.09000000000000001,1.0,1.0,0.2597005069255829,0.000658150645904243
DQN,25,final,2451,5451,-0.02769997000694273,3.0,3.0,0.5834633708000183,0.0072332058334723115
DQN,25,final,2452,5452,0.09000000000000001,1.0,1.0,0.4137931764125824,0.000579111510887742
DQN,25,final,2453,5453,0.09000000000000001,1.0,1.0,0.12832798063755035,0.0010478229960426688
DQN,25,final,2454,5454,0.09000000000000001,1.0,1.0,0.6289933919906616,0.0010031051933765411
DQN,25,final,2455,5455,0.2047607672214508,3.0,3.0,0.26261380314826965,0.08443818765226752
DQN,25,final,2456,5456,0.06525428771972658,2.0,2.0,0.5814357995986938,0.08416422421578318
DQN,25,final,2457,5457,0.11671382904052735,3.0,3.0,1.114906907081604,0.000982987442209075
DQN,25,final,2458,5458,0.09000000000000001,1.0,1.0,0.2984798550605774,0.0030553904362022877
DQN,25,final,2459,5459,0.09000000000000001,1.0,1.0,0.19355536997318268,0.000447044032625854
DQN,25,final,2460,5460,0.09000000000000001,1.0,1.0,0.38206347823143005,0.16773560643196106
DQN,25,final,2461,5461,0.09000000000000001,1.0,1.0,0.22052744030952454,0.0014346266398206353
DQN,25,final,2462,5462,0.09000000000000001,1.0,1.0,0.26316067576408386,0.028048451989889145
DQN,25,final,2463,5463,0.08278162956237795,2.0,2.0,0.5382482409477234,0.0012035653344355524
DQN,25,final,2464,5464,0.11148582577705385,2.0,2.0,0.489187091588974,0.001066117372829467
DQN,25,final,2465,5465,0.24754215002059937,3.0,3.0,0.657713770866394,0.0025173722533509135
DQN,25,final,2466,5466,0.08471518933773042,2.0,2.0,0.2012251317501068,0.001254889415577054
DQN,25,final,2467,5467,0.09000000000000001,1.0,1.0,0.07909983396530151,0.000805353163741529
DQN,25,final,2468,5468,0.09000000000000001,1.0,1.0,0.43682438135147095,0.003796019358560443
DQN,25,final,2469,5469,0.08872826576232912,2.0,2.0,0.6494812369346619,0.0011224232730455697
DQN,25,final,2470,5470,0.10440588712692261,3.0,3.0,0.7570675015449524,0.0018845699378289282
DQN,25,final,2471,5471,0.09000000000000001,1.0,1.0,0.2838989198207855,0.0010122687090188265
DQN,25,final,2472,5472,0.22404915809631348,3.0,3.0,0.5461606383323669,0.032388235752781235
DQN,25,final,2473,5473,0.09000000000000001,1.0,1.0,0.04361032694578171,0.00123538076877594
DQN,25,final,2474,5474,0.09000000000000001,1.0,1.0,0.5776997208595276,0.0007936193724162877
DQN,25,final,2475,5475,0.07857573747634888,3.0,3.0,0.5813929438591003,0.00499932054663077
DQN,25,final,2476,5476,0.1344012784957886,2.0,2.0,0.4835447669029236,0.0007614393543917686
DQN,25,final,2477,5477,0.10260111808776856,3.0,3.0,0.8130723834037781,0.0014244623210591574
DQN,25,final,2478,5478,0.2180594301223755,4.0,3.0,0.4741034507751465,0.0009704506519483402
DQN,25,final,2479,5479,0.09000000000000001,1.0,1.0,0.5200144648551941,0.0007254381780512631
DQN,25,final,2480,5480,0.4039224457740784,3.0,3.0,0.5995059013366699,0.0024810800484071174
DQN,25,final,2481,5481,0.09000000000000001,1.0,1.0,0.2026396244764328,0.01191195473074913
DQN,25,final,2482,5482,-0.12682882785797117,4.0,2.0,0.6747991442680359,0.0011587493063416332
DQN,25,final,2483,5483,0.16533412218093874,2.0,2.0,0.7852817177772522,0.0011421143426559865
DQN,25,final,2484,5484,0.15133603096008302,2.0,2.0,0.7891449332237244,0.002607073955005035
DQN,25,final,2485,5485,-0.18760461926460265,2.0,2.0,0.6179008483886719,0.0011476416839286685
DQN,25,final,2486,5486,0.2855034041404724,2.0,2.0,0.7725332975387573,0.0008689499809406698
DQN,25,final,2487,5487,0.07047547578811647,2.0,2.0,0.7057821154594421,0.05387166849686764
DQN,25,final,2488,5488,0.08505769252777101,2.0,2.0,0.1728728860616684,0.0008882383117452264
DQN,25,final,2489,5489,0.23670257806777956,2.0,2.0,0.43256640434265137,0.001316193724051118
DQN,25,final,2490,5490,0.09000000000000001,1.0,1.0,0.13646359741687775,0.0009647877304814756
DQN,25,final,2491,5491,0.2193815577030182,2.0,2.0,0.44466432929039,0.07452413765713573
DQN,25,final,2492,5492,0.09000000000000001,1.0,1.0,0.1423267126083374,0.0008365173125639558
DQN,25,final,2493,5493,0.09000000000000001,1.0,1.0,0.16384026408195496,0.001304765697568655
DQN,25,final,2494,5494,0.18626399517059328,2.0,2.0,0.607458770275116,0.0014382805384229869
DQN,25,final,2495,5495,0.007005728483200066,3.0,3.0,0.3770880401134491,0.018319535457218688
DQN,25,final,2496,5496,0.09000000000000001,1.0,1.0,0.32190415263175964,0.0010812699329108
DQN,25,final,2497,5497,0.09000000000000001,1.0,1.0,0.07945450395345688,0.0005746281240135431
DQN,25,final,2498,5498,0.22296454191207887,2.0,2.0,0.4421577453613281,0.0006345458969008178
DQN,25,final,2499,5499,0.05341230511665345,2.0,2.0,0.4129294753074646,0.0008168758649844676
DQN,25,final,2500,5500,0.09000000000000001,1.0,1.0,0.2074594497680664,0.0008883819100446999
DQN,25,final,2501,5501,0.09000000000000001,1.0,1.0,0.18968112766742706,0.0010426638182252645
DQN,25,final,2502,5502,0.09000000000000001,1.0,1.0,0.34596723318099976,0.0005267514497973025
DQN,25,final,2503,5503,0.09000000000000001,1.0,1.0,0.6507393717765808,0.0009286735439673066
DQN,25,final,2504,5504,0.06551855981349947,2.0,2.0,0.18213483691215515,0.008344993984792382
DQN,25,final,2505,5505,0.09378929615020754,2.0,2.0,0.4689875543117523,0.6166483778506517
DQN,25,final,2506,5506,0.22070069789886476,2.0,2.0,0.28062382340431213,0.0014509133761748672
DQN,25,final,2507,5507,0.10166563510894777,3.0,2.0,0.6520457863807678,0.0008868082077242434
DQN,25,final,2508,5508,0.09000000000000001,1.0,1.0,0.5535091161727905,0.014417678117752075
DQN,25,final,2509,5509,0.09062607765197755,2.0,2.0,0.7829726338386536,0.0012988370726816356
DQN,25,final,2510,5510,0.09000000000000001,1.0,1.0,0.333190381526947,0.001233818125911057
DQN,25,final,2511,5511,0.09000000000000001,1.0,1.0,0.2691109776496887,0.0010833028936758637
DQN,25,final,2512,5512,0.07082690477371217,2.0,2.0,0.22344504296779633,0.06702698901062831
DQN,25,final,2513,5513,0.028983728885650643,2.0,2.0,0.791627824306488,0.0722834347980097
DQN,25,final,2514,5514,0.25310607433319093,2.0,2.0,0.535657525062561,0.36934714124072343
DQN,25,final,2515,5515,-0.022814912796020492,2.0,2.0,0.8615241646766663,0.005981001551845111
DQN,25,final,2516,5516,0.19820125579833986,2.0,2.0,0.8686336278915405,0.0013611995382234454
DQN,25,final,2517,5517,0.050786452293396005,2.0,2.0,0.6621504426002502,0.0010581742972135544
DQN,25,final,2518,5518,0.13569154024124147,2.0,2.0,0.358940452337265,0.0007350212254095823
DQN,25,final,2519,5519,0.09000000000000001,1.0,1.0,0.5430490374565125,0.0012060513254255056
DQN,25,final,2520,5520,0.09000000000000001,1.0,1.0,0.8704591393470764,0.0015897139674052596
DQN,25,final,2521,5521,0.09000000000000001,1.0,1.0,0.6060530543327332,0.12882505357265472
DQN,25,final,2522,5522,0.09000000000000001,1.0,1.0,0.7345243096351624,0.0009999838657677174
DQN,25,final,2523,5523,0.1988490390777588,2.0,2.0,0.5683472752571106,0.0014967999886721373
DQN,25,final,2524,5524,0.23545213222503664,2.0,2.0,0.7777068018913269,0.010928527917712927
DQN,25,final,2525,5525,0.2548836785554886,2.0,2.0,0.21571631729602814,0.0009480220614932477
DQN,25,final,2526,5526,0.09000000000000001,1.0,1.0,0.5780771374702454,0.0010094582103192806
DQN,25,final,2527,5527,0.09000000000000001,1.0,1.0,0.12908180058002472,0.0014869683654978871
DQN,25,final,2528,5528,0.3423979449272156,2.0,2.0,0.951904833316803,0.0008275099098682404
DQN,25,final,2529,5529,0.09000000000000001,1.0,1.0,0.2055448740720749,0.0006977442535571754
DQN,25,final,2530,5530,0.09000000000000001,1.0,1.0,0.10815168917179108,0.1334957480430603
DQN,25,final,2531,5531,0.09000000000000001,1.0,1.0,0.23923785984516144,0.1022702306509018
DQN,25,final,2532,5532,0.09000000000000001,1.0,1.0,0.17987318336963654,0.0011516498634591699
DQN,25,final,2533,5533,0.03970521688461304,5.0,4.0,0.7448948621749878,0.0010458479984663427
DQN,25,final,2534,5534,0.09000000000000001,1.0,1.0,0.058526456356048584,0.0009046090417541564
DQN,25,final,2535,5535,0.2307513225078583,2.0,2.0,0.2770461440086365,0.0017360561760142446
DQN,25,final,2536,5536,0.27899617671966553,3.0,3.0,0.9998396635055542,0.0018173574062529951
DQN,25,final,2537,5537,0.17014426946640016,4.0,3.0,0.7218024134635925,0.0015077231510076672
DQN,25,final,2538,5538,0.09000000000000001,1.0,1.0,0.22846712172031403,0.001181387109681964
DQN,25,final,2539,5539,0.09000000000000001,1.0,1.0,0.054589416831731796,0.001381200272589922
DQN,25,final,2540,5540,0.10460843324661256,2.0,2.0,0.7841790914535522,0.0009583696955814958
DQN,25,final,2541,5541,0.06273479938507082,2.0,2.0,0.10591975599527359,0.001121601788327098
DQN,25,final,2542,5542,0.21052463531494142,2.0,2.0,0.8291438817977905,0.001061399350874126
DQN,25,final,2543,5543,-0.310832679271698,10.0,3.0,0.2699434161186218,0.0008407413493841887
DQN,25,final,2544,5544,0.09000000000000001,1.0,1.0,0.15267710387706757,0.001089553814381361
DQN,25,final,2545,5545,0.2756773900985718,3.0,3.0,0.6405109763145447,0.0008525979743960003
DQN,25,final,2546,5546,0.18381084680557253,2.0,2.0,0.7393105626106262,0.0006948632071726024
DQN,25,final,2547,5547,0.07601843953132631,2.0,2.0,0.3611982464790344,0.0013170882884878665
DQN,25,final,2548,5548,0.18022804141044618,2.0,2.0,0.3414463996887207,0.0007342781173065305
DQN,25,final,2549,5549,0.010440843105316178,2.0,2.0,0.6143562197685242,0.002232205733889714
DQN,25,final,2550,5550,0.2970234322547913,2.0,2.0,0.6502208709716797,0.0009163010690826923
DQN,25,final,2551,5551,0.05020602226257325,2.0,2.0,1.079365849494934,0.0006705648847855628
DQN,25,final,2552,5552,-0.004607571363449081,2.0,2.0,0.5295080542564392,0.0006285009148996323
DQN,25,final,2553,5553,0.3645028245449066,3.0,3.0,0.49076423048973083,0.0007174758162970344
DQN,25,final,2554,5554,0.09000000000000001,1.0,1.0,0.21821461617946625,0.0012736089993268251
DQN,25,final,2555,5555,0.09000000000000001,1.0,1.0,0.44821181893348694,0.0009099704911932349
DQN,25,final,2556,5556,0.09000000000000001,1.0,1.0,1.0371896028518677,0.0006297848303802311
DQN,25,final,2557,5557,0.24236168146133424,2.0,2.0,0.5405014753341675,0.0011625642364379019
DQN,25,final,2558,5558,0.09000000000000001,1.0,1.0,0.42290157079696655,0.00042186607606709003
DQN,25,final,2559,5559,0.09000000000000001,1.0,1.0,0.2366536408662796,0.0007856678566895425
DQN,25,final,2560,5560,0.09000000000000001,1.0,1.0,0.6618911623954773,0.0005829590372741222
DQN,25,final,2561,5561,0.2719415497779846,3.0,3.0,0.7961010336875916,0.001237688314480086
DQN,25,final,2562,5562,0.09000000000000001,1.0,1.0,0.23030386865139008,0.0011209563817828894
DQN,25,final,2563,5563,0.09000000000000001,1.0,1.0,0.21526697278022766,0.13294674456119537
DQN,25,final,2564,5564,0.07091158807277681,2.0,2.0,0.25026556849479675,0.0011239603045396507
DQN,25,final,2565,5565,0.24363680362701418,2.0,2.0,0.7562907934188843,0.004507256904616952
DQN,25,final,2566,5566,0.22779919385910036,2.0,2.0,0.7784539461135864,0.0022567455598618835
DQN,25,final,2567,5567,0.09000000000000001,1.0,1.0,0.35678157210350037,0.0010454971343278885
DQN,25,final,2568,5568,0.09000000000000001,1.0,1.0,0.5677539706230164,0.0012839590199291706
DQN,25,final,2569,5569,0.11912870585918428,2.0,2.0,0.23229549825191498,0.0008182204910553992
DQN,25,final,2570,5570,0.23929680109024049,3.0,3.0,0.7865747213363647,0.0006500691330681244
DQN,25,final,2571,5571,0.09000000000000001,1.0,1.0,0.10082177072763443,0.0007074789609760046
DQN,25,final,2572,5572,0.22550848305225374,2.0,2.0,0.20649053156375885,0.0006770747131668031
DQN,25,final,2573,5573,0.09000000000000001,1.0,1.0,0.12641450762748718,0.0006202108925208449
DQN,25,final,2574,5574,0.1464079785346985,2.0,2.0,0.7236325144767761,0.0005024962738389149
DQN,25,final,2575,5575,0.22663815498352052,2.0,2.0,0.8751739263534546,0.04243977776786778
DQN,25,final,2576,5576,0.4082706046104431,3.0,3.0,0.6796750426292419,0.04073333175620064
DQN,25,final,2577,5577,0.29347624063491823,2.0,2.0,0.6418519616127014,0.0006660711660515517
DQN,25,final,2578,5578,0.20264353036880495,2.0,2.0,0.5527505278587341,0.0008310771372634917
DQN,25,final,2579,5579,-0.050585560798645,3.0,3.0,0.8292022943496704,0.0007573597249574959
DQN,25,final,2580,5580,0.04864527463912965,2.0,2.0,0.5891562700271606,0.0006057267019059509
DQN,25,final,2581,5581,0.09000000000000001,1.0,1.0,0.4870014190673828,0.0013163292314857244
DQN,25,final,2582,5582,0.07421680510044099,3.0,3.0,0.24963505566120148,0.018830053605294477
DQN,25,final,2583,5583,-0.28045599699020385,9.0,4.0,0.7833012342453003,0.003150775834607581
DQN,25,final,2584,5584,0.06543956875801088,2.0,2.0,0.41925546526908875,0.0008258874295279384
DQN,25,final,2585,5585,0.15019233703613283,2.0,2.0,0.4489005208015442,0.0009324999991804361
DQN,25,final,2586,5586,0.04685272455215455,2.0,2.0,0.27687373757362366,0.007575722178444266
DQN,25,final,2587,5587,0.12169805347919466,2.0,2.0,0.08085576444864273,0.0010425270884297788
DQN,25,final,2588,5588,0.09000000000000001,1.0,1.0,0.5621282458305359,0.0008428168366663158
DQN,25,final,2589,5589,0.2228584361076355,3.0,3.0,0.7181435823440552,0.0028210728778503835
DQN,25,final,2590,5590,0.09000000000000001,1.0,1.0,0.3133784234523773,0.0007450036355294287
DQN,25,final,2591,5591,0.12133284091949464,2.0,2.0,0.7514528632164001,0.0009648384584579617
DQN,25,final,2592,5592,-0.39820968985557553,8.0,2.0,0.5343723297119141,0.0018218872937723063
DQN,25,final,2593,5593,0.15629984617233278,2.0,2.0,0.4114033877849579,0.0013662830460816622
DQN,25,final,2594,5594,-0.0037461054325103604,2.0,2.0,0.4813228249549866,0.0031920336768962443
DQN,25,final,2595,5595,0.09000000000000001,1.0,1.0,0.09996085613965988,0.000925317348446697
DQN,25,final,2596,5596,0.16813765764236452,5.0,5.0,0.7512525320053101,0.0011639141710475087
DQN,25,final,2597,5597,0.179698543548584,2.0,2.0,0.9212354421615601,0.0010793752735480666
DQN,25,final,2598,5598,0.2821194696426392,2.0,2.0,0.9546403884887695,0.0015236311592161655
DQN,25,final,2599,5599,0.09000000000000001,1.0,1.0,0.2920765280723572,0.0006630505667999387
DQN,25,final,2600,5600,0.09000000000000001,1.0,1.0,0.3644292652606964,0.002800325397402048
DQN,25,final,2601,5601,0.05664886713027955,2.0,2.0,0.7061048150062561,0.0012274734326638281
DQN,25,final,2602,5602,0.31232882261276246,3.0,3.0,0.6826900243759155,0.011024353899604952
DQN,25,final,2603,5603,0.2143091130256653,2.0,2.0,0.5790615677833557,0.0009042768797371536
DQN,25,final,2604,5604,0.3929793906211853,3.0,3.0,0.7735849022865295,0.0008698558473649124
DQN,25,final,2605,5605,0.0634806525707245,3.0,3.0,0.37990304827690125,0.0015535346465185285
DQN,25,final,2606,5606,0.16246088027954103,2.0,2.0,0.8002822995185852,0.0009361030824948102
DQN,25,final,2607,5607,-0.15938851594924924,6.0,2.0,0.7566452026367188,0.002216217117772127
DQN,25,final,2608,5608,0.09000000000000001,1.0,1.0,0.2195109874010086,0.0005156670813448727
DQN,25,final,2609,5609,0.20481516599655153,2.0,2.0,0.5593191385269165,0.0009108007652685046
DQN,25,final,2610,5610,0.11267851471900941,2.0,2.0,0.3503596782684326,0.0007120093796402216
DQN,25,final,2611,5611,0.2014738190174103,2.0,2.0,0.39625629782676697,0.0011155419051647186
DQN,25,final,2612,5612,0.06165534973144532,3.0,3.0,0.7249780297279358,0.0018414671843250592
DQN,25,final,2613,5613,0.09000000000000001,1.0,1.0,0.14352300763130188,0.0006685294210910797
DQN,25,final,2614,5614,0.021634714603424088,2.0,2.0,0.4323332607746124,0.0012811733176931739
DQN,25,final,2615,5615,0.04421745419502259,2.0,2.0,0.443125456571579,0.0006732612382620573
DQN,25,final,2616,5616,0.16195340633392336,2.0,2.0,0.5164254307746887,0.0015598771860823035
DQN,25,final,2617,5617,0.17974533319473268,2.0,2.0,0.8268988728523254,0.0008524963341187686
DQN,25,final,2618,5618,0.25941635847091676,2.0,2.0,0.9631847739219666,0.000467970734462142
DQN,25,final,2619,5619,0.09000000000000001,1.0,1.0,0.5679683089256287,0.0004367622022982687
DQN,25,final,2620,5620,0.05414283454418183,2.0,2.0,0.21542859077453613,0.0007572101603727788
DQN,25,final,2621,5621,0.06469041824340821,3.0,3.0,0.6023259162902832,0.028849009443850566
DQN,25,final,2622,5622,0.15391428947448732,2.0,2.0,0.6191657781600952,0.0007034278241917491
DQN,25,final,2623,5623,0.09000000000000001,1.0,1.0,0.14122644066810608,0.5246082544326782
DQN,25,final,2624,5624,0.15150194048881532,2.0,2.0,0.14336316287517548,0.0006708760338369757
DQN,25,final,2625,5625,0.03192863821983338,4.0,3.0,0.4771081507205963,0.0012990448158234358
DQN,25,final,2626,5626,0.09000000000000001,1.0,1.0,0.6251760721206665,0.0008974692318588495
DQN,25,final,2627,5627,0.12243301391601563,3.0,3.0,0.6368370652198792,0.001670947065576911
DQN,25,final,2628,5628,0.37189216136932374,3.0,3.0,1.0612729787826538,0.01399593090172857
DQN,25,final,2629,5629,0.04981897950172425,2.0,2.0,0.2442985475063324,0.000672282709274441
DQN,25,final,2630,5630,0.1546836566925049,3.0,3.0,0.5957197546958923,0.003141672845231369
DQN,25,final,2631,5631,0.13961230397224428,2.0,2.0,0.28845521807670593,0.0007088871498126537
DQN,25,final,2632,5632,0.1100683379173279,2.0,2.0,0.5204685926437378,0.11182391835609451
DQN,25,final,2633,5633,0.09000000000000001,1.0,1.0,0.16976888477802277,0.0014963250141590834
DQN,25,final,2634,5634,-0.5474530935287476,10.0,2.0,0.6879390478134155,0.004349092283518985
DQN,25,final,2635,5635,0.15995080947875978,2.0,2.0,0.3445403277873993,0.23318965383805335
DQN,25,final,2636,5636,0.27174825191497803,3.0,3.0,0.6997464299201965,0.0015132555272430182
DQN,25,final,2637,5637,0.30399513959884644,3.0,3.0,0.5026615858078003,0.4167818696975398
DQN,25,final,2638,5638,-0.02815075039863585,2.0,2.0,0.4489235579967499,0.2187009716872126
DQN,25,final,2639,5639,0.09000000000000001,1.0,1.0,0.2154843807220459,0.0013824740890413523
DQN,25,final,2640,5640,-0.009498430490493759,2.0,2.0,0.5277789831161499,0.003200734267011285
DQN,25,final,2641,5641,0.1127507257461548,2.0,2.0,0.5135883092880249,0.019462954718619585
DQN,25,final,2642,5642,0.2753423023223877,2.0,2.0,0.4721524715423584,0.002323852851986885
DQN,25,final,2643,5643,0.09000000000000001,1.0,1.0,0.7249055504798889,0.0013298738049343228
DQN,25,final,2644,5644,0.18672408342361452,2.0,2.0,0.7712885141372681,0.0019105487735942006
DQN,25,final,2645,5645,0.2636462914943695,2.0,2.0,0.490437775850296,0.0009848930640146136
DQN,25,final,2646,5646,0.1302203702926636,2.0,2.0,0.5498247146606445,0.0011645848862826824
DQN,25,final,2647,5647,0.021499590873718277,2.0,2.0,0.2610635757446289,0.0010004047653637826
DQN,25,final,2648,5648,0.059338273406028756,2.0,2.0,0.2375103086233139,0.04007581900805235
DQN,25,final,2649,5649,0.09000000000000001,1.0,1.0,0.6049513220787048,0.0009953936096280813
DQN,25,final,2650,5650,0.17090738773345948,4.0,3.0,0.5761849284172058,0.0016688798496033996
DQN,25,final,2651,5651,0.10850411832332613,2.0,2.0,0.1795525848865509,0.0010853888816200197
DQN,25,final,2652,5652,0.09000000000000001,1.0,1.0,0.21244929730892181,0.028557807207107544
DQN,25,final,2653,5653,0.006110074520111114,6.0,4.0,0.5644446611404419,0.019332989623459678
DQN,25,final,2654,5654,0.1900236701965332,4.0,3.0,0.5914839506149292,0.0014055761857889593
DQN,25,final,2655,5655,0.24381072998046877,2.0,2.0,0.8094419240951538,0.0010803943732753396
DQN,25,final,2656,5656,0.06244565725326539,2.0,2.0,0.30850061774253845,0.009621170873288065
DQN,25,final,2657,5657,0.09000000000000001,1.0,1.0,0.22076532244682312,0.002296741586178541
DQN,25,final,2658,5658,0.1698297429084778,2.0,2.0,0.31133124232292175,0.0019314575474709272
DQN,25,final,2659,5659,0.10368795871734621,2.0,2.0,0.5771084427833557,0.0020011149463243783
DQN,25,final,2660,5660,0.15865551114082338,2.0,2.0,0.4357406198978424,0.003934345906600356
DQN,25,final,2661,5661,0.025750445127487198,2.0,2.0,0.3292234539985657,0.001648708595894277
DQN,25,final,2662,5662,0.014169366955757157,2.0,2.0,0.2812378406524658,0.0014072677004151046
DQN,25,final,2663,5663,-0.1815560096502304,4.0,2.0,0.35629966855049133,0.0017162543081212789
DQN,25,final,2664,5664,0.011081593036651627,2.0,2.0,0.36853909492492676,0.023273469822015613
DQN,25,final,2665,5665,0.22100825786590578,2.0,2.0,1.0002442598342896,0.0013062342768535018
DQN,25,final,2666,5666,0.07426618218421938,2.0,2.0,0.3033143877983093,0.004222472198307514
DQN,25,final,2667,5667,0.09000000000000001,1.0,1.0,0.2800700068473816,0.0013089233543723822
DQN,25,final,2668,5668,-0.009313449859619141,6.0,3.0,0.34953340888023376,0.04164234809771491
DQN,25,final,2669,5669,0.1946880090236664,2.0,2.0,0.3320182263851166,0.001217166252899915
DQN,25,final,2670,5670,0.09000000000000001,1.0,1.0,0.17969126999378204,0.0008165985927917063
DQN,25,final,2671,5671,0.09568110823631287,3.0,3.0,0.15187454223632812,0.0008286424563266337
DQN,25,final,2672,5672,0.09000000000000001,1.0,1.0,0.45419904589653015,0.0009126279037445784
DQN,25,final,2673,5673,0.14742124795913697,3.0,3.0,0.4538732171058655,0.03527566866250709
DQN,25,final,2674,5674,-0.07024201035499571,3.0,3.0,0.49397650361061096,0.0009575701357486347
DQN,25,final,2675,5675,0.143600172996521,3.0,3.0,0.5774565935134888,0.0017909585149027407
DQN,25,final,2676,5676,0.0490858030319214,3.0,3.0,1.1211774349212646,0.007762677928743263
DQN,25,final,2677,5677,0.318959481716156,3.0,3.0,0.7972000241279602,0.024083332197430234
DQN,25,final,2678,5678,-0.004647285044193261,3.0,3.0,0.19077609479427338,0.0009520423870223264
DQN,25,final,2679,5679,0.1403059530258179,2.0,2.0,0.6554684638977051,0.16654190073313657
DQN,25,final,2680,5680,0.09000000000000001,1.0,1.0,0.2874200642108917,0.0008597610285505652
DQN,25,final,2681,5681,0.09000000000000001,1.0,1.0,0.6615836024284363,0.004617347847670317
DQN,25,final,2682,5682,0.16634579181671144,2.0,2.0,0.4076858162879944,0.0008122284489218146
DQN,25,final,2683,5683,0.09000000000000001,1.0,1.0,0.4286663830280304,0.000676838040817529
DQN,25,final,2684,5684,-0.2213789677619934,6.0,3.0,0.27379754185676575,0.003130486496957019
DQN,25,final,2685,5685,0.17661996364593507,2.0,2.0,0.8573026061058044,0.0008162744634319097
DQN,25,final,2686,5686,0.1341074872016907,2.0,2.0,0.7335564494132996,0.0010196362272836268
DQN,25,final,2687,5687,0.14683613896369935,3.0,3.0,0.4858083426952362,0.007714808879730602
DQN,25,final,2688,5688,0.06703303933143617,2.0,2.0,0.3948822021484375,0.0011797823244705796
DQN,25,final,2689,5689,-0.6633766919374467,10.0,2.0,0.2726106345653534,0.002363574499031529
DQN,25,final,2690,5690,0.09000000000000001,1.0,1.0,0.5845900774002075,0.0017303115455433726
DQN,25,final,2691,5691,0.09000000000000001,1.0,1.0,0.21280112862586975,0.003962208051234484
DQN,25,final,2692,5692,0.14429004669189455,2.0,2.0,1.072495460510254,0.0034191274316981435
DQN,25,final,2693,5693,0.09307173848152162,4.0,3.0,0.22499918937683105,0.002330858522327617
DQN,25,final,2694,5694,0.16549713134765626,3.0,3.0,0.7004257440567017,0.0009468275432785352
DQN,25,final,2695,5695,0.260342435836792,2.0,2.0,0.48238128423690796,0.0007818988815415651
DQN,25,final,2696,5696,0.09000000000000001,1.0,1.0,0.5389031171798706,0.36820539832115173
DQN,25,final,2697,5697,0.042147891521453866,2.0,2.0,0.4141401946544647,0.008374019991606474
DQN,25,final,2698,5698,0.04091043949127198,2.0,2.0,0.42183083295822144,0.0021716452320106328
DQN,25,final,2699,5699,0.09000000000000001,1.0,1.0,0.272232323884964,0.0011606293264776468
DQN,25,final,2700,5700,0.09000000000000001,1.0,1.0,0.5656216740608215,0.008363894186913967
DQN,25,final,2701,5701,-0.39887218475341796,10.0,2.0,0.9940141439437866,0.008790817117551341
DQN,25,final,2702,5702,0.09000000000000001,1.0,1.0,0.12077223509550095,0.0023377565667033195
DQN,25,final,2703,5703,0.09582210510969164,2.0,2.0,0.11079912632703781,0.0017311344272457063
DQN,25,final,2704,5704,0.15233840227127077,2.0,2.0,0.5786834955215454,0.0011264883796684444
DQN,25,final,2705,5705,0.09000000000000001,1.0,1.0,0.40807393193244934,0.0015749025624245405
DQN,25,final,2706,5706,0.07017818093299866,5.0,4.0,0.4486643970012665,0.0015973043162375688
DQN,25,final,2707,5707,0.09000000000000001,1.0,1.0,0.38731813430786133,0.0008594578830525279
DQN,25,final,2708,5708,0.21063310623168946,3.0,3.0,0.49718815088272095,0.0014358566647085051
DQN,25,final,2709,5709,0.12988655447959901,2.0,2.0,0.40558329224586487,0.0011550071358215064
DQN,25,final,2710,5710,0.09000000000000001,1.0,1.0,0.2590872347354889,0.0007693057996220887
DQN,25,final,2711,5711,-0.011358082294464097,5.0,4.0,0.8244660496711731,0.0073971080128103495
DQN,25,final,2712,5712,0.07754946470260621,3.0,3.0,0.6632782220840454,0.0009089691253999869
DQN,25,final,2713,5713,0.09000000000000001,1.0,1.0,0.49313637614250183,0.0006093579577282071
DQN,25,final,2714,5714,0.19063760519027712,2.0,2.0,0.2560000419616699,0.0008196179405786097
DQN,25,final,2715,5715,0.07434769153594972,2.0,2.0,0.22620846331119537,0.000843666639411822
DQN,25,final,2716,5716,-0.04979978322982788,2.0,2.0,0.6606106758117676,0.0009127091034315526
DQN,25,final,2717,5717,0.09000000000000001,1.0,1.0,0.19900093972682953,0.000498242094181478
DQN,25,final,2718,5718,0.09000000000000001,1.0,1.0,0.6885743737220764,0.000988009269349277
DQN,25,final,2719,5719,0.12265146493911744,3.0,3.0,0.8159879446029663,0.0008099676730732123
DQN,25,final,2720,5720,0.09000000000000001,1.0,1.0,0.24426676332950592,0.0005769861745648086
DQN,25,final,2721,5721,0.17084177017211916,2.0,2.0,0.669884979724884,0.00063953353674151
DQN,25,final,2722,5722,0.07231731891632082,2.0,2.0,0.5003034472465515,0.0006629648851230741
DQN,25,final,2723,5723,0.09346719264984132,2.0,2.0,0.7260632514953613,0.0005766251852037385
DQN,25,final,2724,5724,0.09000000000000001,1.0,1.0,0.511590301990509,0.0007050727144815028
DQN,25,final,2725,5725,0.1362230944633484,2.0,2.0,0.6651174426078796,0.0007994834159035236
DQN,25,final,2726,5726,0.2586354494094849,5.0,5.0,0.4183480143547058,0.0008749898755922913
DQN,25,final,2727,5727,0.18972641944885255,3.0,3.0,0.8003460168838501,0.000729100410050402
DQN,25,final,2728,5728,-0.5614584863185883,10.0,2.0,0.46631765365600586,0.11506661862367765
DQN,25,final,2729,5729,0.09000000000000001,1.0,1.0,0.2802935540676117,0.0006858155247755349
DQN,25,final,2730,5730,0.09000000000000001,1.0,1.0,0.645415186882019,0.0012796251103281975
DQN,25,final,2731,5731,-0.522022294998169,10.0,2.0,0.567810595035553,0.07142590910661965
DQN,25,final,2732,5732,0.09000000000000001,1.0,1.0,0.2539285719394684,0.0009139130124822259
DQN,25,final,2733,5733,0.09000000000000001,1.0,1.0,0.1767244040966034,0.0006389025948010385
DQN,25,final,2734,5734,0.3025417399406433,3.0,3.0,0.7876681685447693,0.0014089720595317583
DQN,25,final,2735,5735,0.09000000000000001,1.0,1.0,0.38347670435905457,0.045986875891685486
DQN,25,final,2736,5736,0.10064704895019533,2.0,2.0,0.7620081305503845,0.0011151491198688745
DQN,25,final,2737,5737,0.34520596981048585,3.0,3.0,0.4000697135925293,0.0013047140867759783
DQN,25,final,2738,5738,0.09000000000000001,1.0,1.0,0.7165853381156921,0.0014210015069693327
DQN,25,final,2739,5739,-0.2500652503967285,7.0,3.0,0.6416034698486328,0.0011512461683845945
DQN,25,final,2740,5740,0.09000000000000001,1.0,1.0,0.19731763005256653,0.0011628970969468355
DQN,25,final,2741,5741,0.09000000000000001,1.0,1.0,0.4762832224369049,0.0011474528582766652
DQN,25,final,2742,5742,0.1066326665878296,2.0,2.0,0.663881242275238,0.5274139192624716
DQN,25,final,2743,5743,0.08233583927154542,4.0,3.0,0.6443920135498047,0.001981342677026987
DQN,25,final,2744,5744,0.20260934710502626,2.0,2.0,0.258311003446579,0.0009776937949936837
DQN,25,final,2745,5745,0.09000000000000001,1.0,1.0,0.14244595170021057,0.0032994661014527082
DQN,25,final,2746,5746,0.09000000000000001,1.0,1.0,0.18290039896965027,0.000512079568579793
DQN,25,final,2747,5747,0.09000000000000001,1.0,1.0,0.5240234136581421,0.001342936186119914
DQN,25,final,2748,5748,0.1424722146987915,3.0,3.0,0.43274474143981934,0.0008870392145278553
DQN,25,final,2749,5749,-0.0022675275802612332,5.0,3.0,0.8328821063041687,0.0009354504873044789
DQN,25,final,2750,5750,0.09000000000000001,1.0,1.0,0.30921533703804016,0.0008299140026792884
DQN,25,final,2751,5751,0.25036747932434084,2.0,2.0,0.8081694841384888,0.0010276578250341117
DQN,25,final,2752,5752,0.2430181980133057,5.0,5.0,0.7709993124008179,0.0007599876611493528
DQN,25,final,2753,5753,0.09000000000000001,1.0,1.0,0.36563920974731445,0.0008597233681939542
DQN,25,final,2754,5754,0.25615801095962526,2.0,2.0,0.8701675534248352,0.006595837679924443
DQN,25,final,2755,5755,0.23364629030227663,2.0,2.0,0.489410936832428,0.0009058636205736548
DQN,25,final,2756,5756,-0.48356454372406005,10.0,2.0,0.46700310707092285,0.017370335996383802
DQN,25,final,2757,5757,0.09000000000000001,1.0,1.0,0.27065688371658325,0.0006138824974186718
DQN,25,final,2758,5758,0.09000000000000001,1.0,1.0,0.19913318753242493,0.000596477766521275
DQN,25,final,2759,5759,0.09000000000000001,1.0,1.0,0.0681891217827797,0.0008001546375453472
DQN,25,final,2760,5760,0.09000000000000001,1.0,1.0,0.09759723395109177,0.0008753873989917338
DQN,25,final,2761,5761,0.09000000000000001,1.0,1.0,0.15492431819438934,0.009167581796646118
DQN,25,final,2762,5762,-0.6631637990474702,10.0,2.0,0.5017805099487305,0.0011737742694094776
DQN,25,final,2763,5763,0.22959037303924562,2.0,2.0,0.5356953740119934,0.0009095328277908266
DQN,25,final,2764,5764,0.09000000000000001,1.0,1.0,0.23397104442119598,0.0010162097169086337
DQN,25,final,2765,5765,0.22576593041419984,2.0,2.0,0.3092168867588043,0.0005340261268429458
DQN,25,final,2766,5766,0.15956945180892945,4.0,3.0,0.6979121565818787,0.0010186297004111111
DQN,25,final,2767,5767,0.2065540623664856,3.0,3.0,0.6063887476921082,0.0007418274569014708
DQN,25,final,2768,5768,0.06025843501091004,2.0,2.0,0.27637234330177307,0.001121661567594856
DQN,25,final,2769,5769,0.09000000000000001,1.0,1.0,0.10263620316982269,0.0008429944282397628
DQN,25,final,2770,5770,0.09000000000000001,1.0,1.0,0.3213934004306793,0.000645442574750632
DQN,25,final,2771,5771,0.09000000000000001,1.0,1.0,0.15462003648281097,0.001579737989231944
DQN,25,final,2772,5772,0.09000000000000001,1.0,1.0,0.6787418723106384,0.0012133175041526556
DQN,25,final,2773,5773,0.09000000000000001,1.0,1.0,0.4868715703487396,0.0006231360603123903
DQN,25,final,2774,5774,0.17300780296325685,2.0,2.0,0.6920477747917175,0.0009400772105436772
DQN,25,final,2775,5775,0.09000000000000001,1.0,1.0,0.5410531163215637,0.0008270684629678726
DQN,25,final,2776,5776,0.19918436527252198,3.0,3.0,0.7265680432319641,0.0007724759634584188
DQN,25,final,2777,5777,0.10076596021652223,2.0,2.0,0.30393433570861816,0.0006294603081187233
DQN,25,final,2778,5778,0.09000000000000001,1.0,1.0,0.27381426095962524,0.0009068369399756193
DQN,25,final,2779,5779,0.15137554168701173,4.0,3.0,0.6358309388160706,0.0008296483283629641
DQN,25,final,2780,5780,0.15226610183715822,2.0,2.0,0.6567569971084595,0.000767829711548984
DQN,25,final,2781,5781,0.09000000000000001,1.0,1.0,0.06468909978866577,0.0010311140213161707
DQN,25,final,2782,5782,0.09000000000000001,1.0,1.0,0.3732880651950836,0.00048726669047027826
DQN,25,final,2783,5783,0.09000000000000001,1.0,1.0,0.7588092684745789,0.000542301801033318
DQN,25,final,2784,5784,0.13417156219482423,2.0,2.0,1.0616261959075928,0.0013030392001383007
DQN,25,final,2785,5785,0.06696571588516237,2.0,2.0,0.6663245558738708,0.0006513526022899896
DQN,25,final,2786,5786,0.03930041909217835,3.0,3.0,0.4355936050415039,0.0008569387330984076
DQN,25,final,2787,5787,0.0930332261323929,2.0,2.0,0.1861743927001953,0.0010900176130235195
DQN,25,final,2788,5788,0.09000000000000001,1.0,1.0,0.10010272264480591,0.0006444983882829547
DQN,25,final,2789,5789,0.09000000000000001,1.0,1.0,0.3202657103538513,0.0006056446000002325
DQN,25,final,2790,5790,0.11508377075195314,2.0,2.0,0.5238217115402222,0.001054396794643253
DQN,25,final,2791,5791,0.09000000000000001,1.0,1.0,0.23882175981998444,0.0007480749045498669
DQN,25,final,2792,5792,0.10478413820266724,3.0,3.0,0.5248235464096069,0.0008818120501625041
DQN,25,final,2793,5793,0.22622942924499512,5.0,4.0,1.0109425783157349,0.1563650829368271
DQN,25,final,2794,5794,-0.1404393649101257,6.0,2.0,0.725554347038269,0.001281894006145497
DQN,25,final,2795,5795,0.11436279296875002,2.0,2.0,0.303968220949173,0.0006431449874071404
DQN,25,final,2796,5796,0.09862096786499025,2.0,2.0,0.7341205477714539,0.000780529371695593
DQN,25,final,2797,5797,0.12310131072998048,2.0,2.0,0.39726167917251587,0.0008540403505321592
DQN,25,final,2798,5798,0.07811741709709169,2.0,2.0,0.4117565453052521,0.000795953324995935
DQN,25,final,2799,5799,0.09000000000000001,1.0,1.0,0.4600823223590851,0.0005791056319139898
DQN,25,final,2800,5800,0.1605250406265259,2.0,2.0,0.18874263763427734,0.0008483694691676646
DQN,25,final,2801,5801,0.03606082916259766,3.0,2.0,1.004003643989563,0.05227349316313242
DQN,25,final,2802,5802,0.09000000000000001,1.0,1.0,0.24750648438930511,0.00116428651381284
DQN,25,final,2803,5803,0.11415861725807191,2.0,2.0,0.15874643623828888,0.385203410172835
DQN,25,final,2804,5804,0.09284926176071168,3.0,3.0,0.5549160838127136,0.0005911375919822603
DQN,25,final,2805,5805,0.09000000000000001,1.0,1.0,0.4403237998485565,0.0012817272217944264
DQN,25,final,2806,5806,0.09349014043807985,2.0,2.0,0.9131374359130859,0.0006928629009053111
DQN,25,final,2807,5807,0.10516840934753419,3.0,3.0,0.7562634348869324,0.0023661305798062435
DQN,25,final,2808,5808,0.09000000000000001,1.0,1.0,0.376663476228714,0.5486553311347961
DQN,25,final,2809,5809,0.2968996238708496,3.0,3.0,0.6870520710945129,0.019677106213445466
DQN,25,final,2810,5810,0.09000000000000001,1.0,1.0,0.5363237261772156,0.000535868457518518
DQN,25,final,2811,5811,0.12678672552108766,2.0,2.0,0.5625008940696716,0.0007073663582559675
DQN,25,final,2812,5812,0.09000000000000001,1.0,1.0,0.23465511202812195,0.0010125155095010996
DQN,25,final,2813,5813,0.09000000000000001,1.0,1.0,0.7336215376853943,0.0008157194824889302
DQN,25,final,2814,5814,0.19955761909484865,2.0,2.0,0.47150129079818726,0.001421355817001313
DQN,25,final,2815,5815,-0.5161333084106445,10.0,3.0,0.802890419960022,0.001779827696736902
DQN,25,final,2816,5816,0.008361105322837833,3.0,2.0,0.19791938364505768,0.012347515672445297
DQN,25,final,2817,5817,0.32656548142433167,3.0,3.0,0.4503171145915985,0.000508839346972915
DQN,25,final,2818,5818,0.09000000000000001,1.0,1.0,0.18813066184520721,0.0006375551456585526
DQN,25,final,2819,5819,0.1054485607147217,2.0,2.0,0.580158531665802,0.0007553418399766088
DQN,25,final,2820,5820,-0.5056360095739365,10.0,2.0,0.19018009305000305,0.0009229390620021149
DQN,25,final,2821,5821,0.01179237842559816,2.0,2.0,0.3734418749809265,0.0006895711994729936
DQN,25,final,2822,5822,0.10557203173637392,2.0,2.0,0.43086791038513184,0.0012345066643320024
DQN,25,final,2823,5823,0.16055251836776735,2.0,2.0,0.8820773363113403,0.000599962193518877
DQN,25,final,2824,5824,0.09000000000000001,1.0,1.0,0.48241978883743286,0.000683821679558605
DQN,25,final,2825,5825,0.26766783714294434,3.0,3.0,1.0062249898910522,0.0009324936933505038
DQN,25,final,2826,5826,0.09000000000000001,1.0,1.0,0.36068639159202576,0.41138318181037903
DQN,25,final,2827,5827,0.24687870025634767,2.0,2.0,0.6051064133644104,0.000872999633429572
DQN,25,final,2828,5828,0.10679711580276491,2.0,2.0,0.24479958415031433,0.000804133276687935
DQN,25,final,2829,5829,-0.21847159862518312,5.0,5.0,0.8908063769340515,0.010258048109244555
DQN,25,final,2830,5830,0.13412518978118898,2.0,2.0,0.2945827841758728,0.0007945383840706199
DQN,25,final,2831,5831,0.14951758265495302,2.0,2.0,0.42456984519958496,0.0007337525312323123
DQN,25,final,2832,5832,0.09000000000000001,1.0,1.0,0.29111847281455994,0.0009701532544568181
DQN,25,final,2833,5833,0.054333662539720544,2.0,2.0,0.07257714122533798,0.0005742666398873553
DQN,25,final,2834,5834,-0.4762643575668335,10.0,3.0,0.4702383577823639,0.0009780105465324596
DQN,25,final,2835,5835,0.01096581101417543,2.0,2.0,0.4583970606327057,0.0009900093427859247
DQN,25,final,2836,5836,0.09000000000000001,1.0,1.0,0.12411302328109741,0.0005999825662001967
DQN,25,final,2837,5837,0.03183681011199951,6.0,4.0,0.7885075807571411,0.001667587135064726
DQN,25,final,2838,5838,0.15925456762313844,2.0,2.0,0.6634184718132019,0.0009762218978721648
DQN,25,final,2839,5839,0.09000000000000001,1.0,1.0,0.2204132080078125,0.0008305178489536047
DQN,25,final,2840,5840,-0.060303382873535136,3.0,3.0,0.7781848311424255,0.0018850767713350554
DQN,25,final,2841,5841,0.09000000000000001,1.0,1.0,0.4541357457637787,0.0009891993831843138
DQN,25,final,2842,5842,0.08819514691829683,2.0,2.0,0.07033682614564896,0.0006900395092088729
DQN,25,final,2843,5843,0.09000000000000001,1.0,1.0,0.32968634366989136,0.000834690872579813
DQN,25,final,2844,5844,0.0049315559864044345,2.0,2.0,0.3471236228942871,0.0006142405909486115
DQN,25,final,2845,5845,0.13631178617477419,2.0,2.0,0.26550108194351196,0.0007513899763580412
DQN,25,final,2846,5846,0.12165114998817445,3.0,3.0,0.34780794382095337,0.04431386181386188
DQN,25,final,2847,5847,0.09000000000000001,1.0,1.0,0.23458576202392578,0.0009331312612630427
DQN,25,final,2848,5848,0.09000000000000001,1.0,1.0,0.1264427751302719,0.0012577095767483115
DQN,25,final,2849,5849,0.09000000000000001,1.0,1.0,0.5106145143508911,0.0005511288181878626
DQN,25,final,2850,5850,0.10265915274620058,2.0,2.0,0.3135186731815338,0.0023302839836105704
DQN,25,final,2851,5851,0.09000000000000001,1.0,1.0,0.20507323741912842,0.0008040662505663931
DQN,25,final,2852,5852,0.1058511006832123,2.0,2.0,0.45036858320236206,0.002388227265328169
DQN,25,final,2853,5853,0.007372636795043949,3.0,2.0,0.567505419254303,0.0009096935585451623
DQN,25,final,2854,5854,0.1953395473957062,2.0,2.0,0.42359229922294617,0.0012178605538792908
DQN,25,final,2855,5855,0.15018110156059267,2.0,2.0,0.3072720170021057,0.0007471308636013418
DQN,25,final,2856,5856,0.06344796895980837,2.0,2.0,0.17461161315441132,0.0009248903661500663
DQN,25,final,2857,5857,0.14207638978958131,2.0,2.0,0.5605848431587219,0.0005980175919830799
DQN,25,final,2858,5858,0.09000000000000001,1.0,1.0,0.23674024641513824,0.0007471380522474647
DQN,25,final,2859,5859,-0.27458651185035704,7.0,3.0,0.5635578632354736,0.023971116436379298
DQN,25,final,2860,5860,0.09000000000000001,1.0,1.0,0.19842766225337982,0.0006241627270355821
DQN,25,final,2861,5861,0.09000000000000001,1.0,1.0,0.20177814364433289,0.0012856991961598396
DQN,25,final,2862,5862,0.09000000000000001,1.0,1.0,0.29483047127723694,0.0011354652233421803
DQN,25,final,2863,5863,0.07834299087524416,2.0,2.0,0.8011149168014526,0.0005636736314045265
DQN,25,final,2864,5864,0.1622245478630066,2.0,2.0,0.6464284062385559,0.0007868639368098229
DQN,25,final,2865,5865,0.12187684535980225,4.0,3.0,0.6614310145378113,0.000852046738145873
DQN,25,final,2866,5866,0.033038906455039985,3.0,3.0,0.27268490195274353,0.0007576397717154274
DQN,25,final,2867,5867,0.09000000000000001,1.0,1.0,0.17169822752475739,0.0009530404349789023
DQN,25,final,2868,5868,0.10649310767650605,3.0,3.0,0.24785907566547394,0.0013386757345870137
DQN,25,final,2869,5869,0.2518288064002991,2.0,2.0,0.8736751675605774,0.0005369008576963097
DQN,25,final,2870,5870,0.2081746029853821,2.0,2.0,0.4216431975364685,0.0008817827620077878
DQN,25,final,2871,5871,0.14819504499435426,2.0,2.0,0.8431309461593628,0.0009194082813337445
DQN,25,final,2872,5872,0.09000000000000001,1.0,1.0,0.46941351890563965,0.0007670456543564796
DQN,25,final,2873,5873,0.09000000000000001,1.0,1.0,0.23606739938259125,0.0004999233642593026
DQN,25,final,2874,5874,0.09000000000000001,1.0,1.0,0.3801514804363251,0.13068002462387085
DQN,25,final,2875,5875,0.09000000000000001,1.0,1.0,0.23092612624168396,0.0005982626462355256
DQN,25,final,2876,5876,0.09000000000000001,1.0,1.0,0.4254722595214844,0.0006853661616332829
DQN,25,final,2877,5877,0.19737519502639772,2.0,2.0,0.9116438031196594,0.0006678622157778591
DQN,25,final,2878,5878,0.09333343267440797,4.0,3.0,0.6886824369430542,0.06006619932304602
DQN,25,final,2879,5879,0.09233863830566408,2.0,2.0,0.615982711315155,0.0009914433176163584
DQN,25,final,2880,5880,0.1058702337741852,2.0,2.0,0.32244187593460083,0.0008149896166287363
DQN,25,final,2881,5881,0.11958797693252565,3.0,2.0,0.6280698776245117,0.0005333381219922254
DQN,25,final,2882,5882,0.09000000000000001,1.0,1.0,0.17641028761863708,0.0005507627502083778
DQN,25,final,2883,5883,0.16763086080551148,4.0,3.0,0.9224575161933899,0.002438825431454461
DQN,25,final,2884,5884,0.09000000000000001,1.0,1.0,0.12143095582723618,0.0008877046639099717
DQN,25,final,2885,5885,0.10829745411872865,2.0,2.0,0.4339873790740967,0.0005082953139208257
DQN,25,final,2886,5886,0.0656279492378235,2.0,2.0,0.7909706830978394,0.0007215649820864201
DQN,25,final,2887,5887,0.09000000000000001,1.0,1.0,0.2340090572834015,0.0005220875609666109
DQN,25,final,2888,5888,-0.12967687129974365,3.0,3.0,0.9013281464576721,0.001173230237327516
DQN,25,final,2889,5889,0.09000000000000001,1.0,1.0,0.2601810395717621,0.0007974063628353179
DQN,25,final,2890,5890,0.09000000000000001,1.0,1.0,0.7240647673606873,0.0010365619091317058
DQN,25,final,2891,5891,0.26585978984832764,3.0,3.0,0.5722733736038208,0.0007946080877445638
DQN,25,final,2892,5892,0.08055455207824708,3.0,3.0,0.6824236512184143,0.0006448736530728638
DQN,25,final,2893,5893,-0.367577862739563,10.0,4.0,0.874738872051239,0.0009308190667070449
DQN,25,final,2894,5894,0.14839874386787416,2.0,2.0,0.20106875896453857,0.0021142050391063094
DQN,25,final,2895,5895,0.13256786942481996,2.0,2.0,0.49717459082603455,0.0008520133269485086
DQN,25,final,2896,5896,0.09000000000000001,1.0,1.0,0.21992149949073792,0.0005274306167848408
DQN,25,final,2897,5897,0.10728264570236207,3.0,3.0,0.733573853969574,0.0010711679545541604
DQN,25,final,2898,5898,0.2713154774904251,3.0,3.0,0.18221305310726166,0.001433388233029594
DQN,25,final,2899,5899,0.2655655908584595,2.0,2.0,0.25837215781211853,0.0006762377452105284
DQN,25,final,2900,5900,0.061531848907470724,3.0,3.0,0.7992140054702759,0.0007265978104745349
DQN,25,final,2901,5901,0.14985150575637815,7.0,4.0,0.8814612030982971,0.0009091587521002761
DQN,25,final,2902,5902,0.09000000000000001,1.0,1.0,0.5845924019813538,0.0006813607178628445
DQN,25,final,2903,5903,0.06272001743316652,2.0,2.0,0.29166916012763977,0.0007839071331545711
DQN,25,final,2904,5904,-0.0814460891485214,3.0,3.0,0.3423636257648468,0.0008797462408741316
DQN,25,final,2905,5905,0.11676760196685793,2.0,2.0,0.6715043187141418,0.001107847347157076
DQN,25,final,2906,5906,0.1065738368034363,2.0,2.0,0.5896894335746765,0.0007591024041175842
DQN,25,final,2907,5907,0.20873089313507082,2.0,2.0,0.7033161520957947,0.001291189924813807
DQN,25,final,2908,5908,0.21160681724548341,2.0,2.0,0.5770400762557983,0.0007084844983182847
DQN,25,final,2909,5909,0.2826701867580414,2.0,2.0,0.27918219566345215,0.0006973469571676105
DQN,25,final,2910,5910,0.18587233304977419,2.0,2.0,0.5837112665176392,0.0010290057107340544
DQN,25,final,2911,5911,0.1999743151664734,2.0,2.0,0.5946966409683228,0.0005868346197530627
DQN,25,final,2912,5912,0.02356656819581987,2.0,2.0,0.16988027095794678,0.0006359963736031204
DQN,25,final,2913,5913,0.06846208333969117,4.0,3.0,0.7365426421165466,0.000831535566248931
DQN,25,final,2914,5914,-0.10945558786392214,9.0,5.0,0.6334711909294128,0.023562636000052508
DQN,25,final,2915,5915,0.05743456602096558,3.0,3.0,0.3314116895198822,0.0008465192998604228
DQN,25,final,2916,5916,0.2352689003944397,4.0,3.0,0.9463725686073303,0.0007480299391318113
DQN,25,final,2917,5917,0.12707804322242738,2.0,2.0,0.4820416271686554,0.0006244037649594247
DQN,25,final,2918,5918,0.09000000000000001,1.0,1.0,0.1928584724664688,0.0008799495408311486
DQN,25,final,2919,5919,0.14766700744628908,2.0,2.0,0.875498354434967,0.0013302647857926786
DQN,25,final,2920,5920,0.09000000000000001,1.0,1.0,0.6904382705688477,0.002374881412833929
DQN,25,final,2921,5921,0.13573648214340212,2.0,2.0,0.6603311896324158,0.0009028421627590433
DQN,25,final,2922,5922,0.2730975317955017,2.0,2.0,0.7110738754272461,0.0007894910813774914
DQN,25,final,2923,5923,0.09000000000000001,1.0,1.0,0.1315070241689682,0.003998126368969679
DQN,25,final,2924,5924,0.14177622079849245,2.0,2.0,0.6704305410385132,0.0007587588333990425
DQN,25,final,2925,5925,0.11279498219490053,2.0,2.0,0.339950293302536,0.0011143057490698993
DQN,25,final,2926,5926,0.04779705584049226,2.0,2.0,0.27646404504776,0.10203192650806159
DQN,25,final,2927,5927,0.09706162095069887,2.0,2.0,0.47362446784973145,0.0007934700697660446
DQN,25,final,2928,5928,0.09000000000000001,1.0,1.0,0.11923050880432129,0.0008307845564559102
DQN,25,final,2929,5929,0.15328753709793091,3.0,3.0,0.6669158935546875,0.032339053480730705
DQN,25,final,2930,5930,0.1412577676773071,7.0,4.0,0.9321838617324829,0.06908838692886222
DQN,25,final,2931,5931,0.0546389389038086,2.0,2.0,0.2958126366138458,0.008218161587137729
DQN,25,final,2932,5932,0.09000000000000001,1.0,1.0,0.17271862924098969,0.0011476677609607577
DQN,25,final,2933,5933,0.0795507597923279,2.0,2.0,0.6509047746658325,0.0007276073447428644
DQN,25,final,2934,5934,0.09000000000000001,1.0,1.0,0.9511826634407043,0.04173697903752327
DQN,25,final,2935,5935,0.09000000000000001,1.0,1.0,0.7030964493751526,0.0009889849461615086
DQN,25,final,2936,5936,0.23791093349456788,3.0,3.0,0.5679828524589539,0.0017111420941849549
DQN,25,final,2937,5937,0.2516316246986389,3.0,3.0,0.4391116499900818,0.0012586827118260164
DQN,25,final,2938,5938,0.2151921856403351,2.0,2.0,0.2697531580924988,0.0009643399389460683
DQN,25,final,2939,5939,0.04338677406311036,2.0,2.0,0.8103336095809937,0.000747812824556604
DQN,25,final,2940,5940,0.11940558433532716,2.0,2.0,0.669712245464325,0.0008082232379820198
DQN,25,final,2941,5941,0.09000000000000001,1.0,1.0,0.567783772945404,0.000741722818929702
DQN,25,final,2942,5942,0.046256042718887336,3.0,3.0,0.342122346162796,0.002306011039763689
DQN,25,final,2943,5943,0.12312621593475342,3.0,3.0,0.8145721554756165,0.0023972762282937765
DQN,25,final,2944,5944,0.04774643659591676,2.0,2.0,0.3745781481266022,0.0012628505937755108
DQN,25,final,2945,5945,0.1393214535713196,3.0,3.0,0.43224334716796875,0.0010600649984553456
DQN,25,final,2946,5946,0.09000000000000001,1.0,1.0,0.26812034845352173,0.001135887112468481
DQN,25,final,2947,5947,0.05428648710250855,3.0,3.0,0.898485004901886,0.0010103277551631133
DQN,25,final,2948,5948,0.06965734243392946,2.0,2.0,0.31412193179130554,0.0014646073686890304
DQN,25,final,2949,5949,0.09000000000000001,1.0,1.0,0.22544421255588531,0.0006271979073062539
DQN,25,final,2950,5950,0.23565037727355959,2.0,2.0,0.8872138261795044,0.0008755004673730582
DQN,25,final,2951,5951,0.2152132284641266,3.0,2.0,0.47407451272010803,0.0008488749735988677
DQN,25,final,2952,5952,0.09533113956451417,3.0,3.0,0.7974569201469421,0.1763547130782778
DQN,25,final,2953,5953,0.14117314100265504,2.0,2.0,0.4668548107147217,0.0010710111819207668
DQN,25,final,2954,5954,0.09000000000000001,1.0,1.0,0.21333587169647217,0.0008379737264476717
DQN,25,final,2955,5955,0.1748872470855713,3.0,3.0,0.43431609869003296,0.028498312924057245
DQN,25,final,2956,5956,0.17123292565345766,2.0,2.0,0.2996246814727783,0.0009577955352142453
DQN,25,final,2957,5957,0.09209819316864015,2.0,2.0,0.8865237832069397,0.0010046413517557085
DQN,25,final,2958,5958,0.05742688655853272,2.0,2.0,0.25462058186531067,0.0020574189256876707
DQN,25,final,2959,5959,0.09000000000000001,1.0,1.0,0.18907196819782257,0.023494577035307884
DQN,25,final,2960,5960,0.09000000000000001,1.0,1.0,0.4536924362182617,0.0010205247672274709
DQN,25,final,2961,5961,0.2920107316970825,3.0,3.0,1.11909019947052,0.0012419904815033078
DQN,25,final,2962,5962,-0.2053858399391174,5.0,2.0,0.30372968316078186,0.001092647365294397
DQN,25,final,2963,5963,0.09000000000000001,1.0,1.0,0.10200614482164383,0.0015754150226712227
DQN,25,final,2964,5964,0.006823437213897721,2.0,2.0,0.8071587681770325,0.30380626022815704
DQN,25,final,2965,5965,0.23849438309669496,2.0,2.0,0.49519267678260803,0.0009815743251238018
DQN,25,final,2966,5966,0.2041947412490845,2.0,2.0,0.5664676427841187,0.000835537415696308
DQN,25,final,2967,5967,0.05050926625728608,3.0,3.0,0.18986572325229645,0.0012038564503503342
DQN,25,final,2968,5968,0.17773561358451845,2.0,2.0,0.2320343255996704,0.0009053706307895482
DQN,25,final,2969,5969,0.27998090505599976,3.0,3.0,0.8191017508506775,0.0008351498981937766
DQN,25,final,2970,5970,0.11672045469284058,7.0,3.0,0.8071079850196838,0.1831692910387314
DQN,25,final,2971,5971,0.09675823330879213,2.0,2.0,0.30165576934814453,0.0027774343616329134
DQN,25,final,2972,5972,0.050560913085937506,4.0,2.0,0.7734193801879883,0.10898782825097442
DQN,25,final,2973,5973,0.09000000000000001,1.0,1.0,0.304415225982666,0.002301927423104644
DQN,25,final,2974,5974,0.38244535207748415,2.0,2.0,0.6541075110435486,0.0014186124899424613
DQN,25,final,2975,5975,-0.26259316682815553,8.0,6.0,0.9924963712692261,0.02011385079822503
DQN,25,final,2976,5976,0.15633575797080995,2.0,2.0,0.3202202022075653,0.011085978330811486
DQN,25,final,2977,5977,0.2932377243041992,6.0,6.0,1.1024110317230225,0.0011187759228050709
DQN,25,final,2978,5978,0.013694045543670666,4.0,4.0,0.23447902500629425,0.0011719098256435245
DQN,25,final,2979,5979,0.06549902439117433,2.0,2.0,0.3752480447292328,0.001074046769645065
DQN,25,final,2980,5980,0.10747493982315065,2.0,2.0,0.5953391194343567,0.0010827750666067004
DQN,25,final,2981,5981,0.18471636056900026,2.0,2.0,0.5935018658638,0.0009631209541112185
DQN,25,final,2982,5982,-0.5482410192489624,10.0,3.0,0.47771337628364563,0.0014670434757135808
DQN,25,final,2983,5983,-0.05202913105487823,2.0,2.0,0.3289854824542999,0.0012810429616365582
DQN,25,final,2984,5984,-0.0028002786636352472,3.0,3.0,0.8132144808769226,0.06378112925449386
DQN,25,final,2985,5985,0.09000000000000001,1.0,1.0,0.26571616530418396,0.0006318048108369112
DQN,25,final,2986,5986,0.2743367123603821,2.0,2.0,0.5740009546279907,0.0010046158568002284
DQN,25,final,2987,5987,0.04625941038131715,3.0,3.0,0.9035063982009888,0.0021937590984938047
DQN,25,final,2988,5988,0.09000000000000001,1.0,1.0,0.12409277260303497,0.0009052923414856195
DQN,25,final,2989,5989,0.2186852264404297,2.0,2.0,0.7304526567459106,0.0008603078895248473
DQN,25,final,2990,5990,0.16036070108413697,3.0,3.0,0.6322340965270996,0.06119794761373972
DQN,25,final,2991,5991,0.31631554126739503,4.0,3.0,0.6034078001976013,0.0009388352336827666
DQN,25,final,2992,5992,0.24364417552947998,4.0,4.0,0.7662687301635742,0.0007219806866487488
DQN,25,final,2993,5993,0.09000000000000001,1.0,1.0,0.09843860566616058,0.0010937845800071955
DQN,25,final,2994,5994,0.09000000000000001,1.0,1.0,0.1368221491575241,0.001558260410092771
DQN,25,final,2995,5995,-0.15961977720260617,8.0,2.0,0.6746705174446106,0.001223474188009277
DQN,25,final,2996,5996,0.06242847621440888,2.0,2.0,0.2545053958892822,0.0009530023380648345
DQN,25,final,2997,5997,0.09000000000000001,1.0,1.0,0.759209156036377,0.000846116803586483
DQN,25,final,2998,5998,0.09000000000000001,1.0,1.0,0.4862709939479828,0.009189752861857414
DQN,25,final,2999,5999,0.09000000000000001,1.0,1.0,0.7119547128677368,0.0005763977533206344
DQN,25,final,3000,6000,0.09000000000000001,1.0,1.0,0.5071139335632324,0.0006099274614825845
