agent,seed,phase,local_episode,cumulative_episode,reward,steps,selected_regions,classification_loss,optimization_loss
DiscreteSAC,75,final,1,3001,-0.5707986101508141,10.0,4.0,0.2414940446615219,0.8495175302028656
DiscreteSAC,75,final,2,3002,-0.4039807140827179,10.0,4.0,0.27797919511795044,0.4431393206119537
DiscreteSAC,75,final,3,3003,-0.5292700350284577,10.0,4.0,0.39425063133239746,-0.2667147874832153
DiscreteSAC,75,final,4,3004,-0.20845582485198974,10.0,5.0,0.7000951170921326,-0.19114579558372496
DiscreteSAC,75,final,5,3005,-0.2894170641899109,10.0,6.0,0.6282364726066589,-0.8221409976482391
DiscreteSAC,75,final,6,3006,-0.07846195697784428,10.0,4.0,0.4728354811668396,0.10353292226791382
DiscreteSAC,75,final,7,3007,-0.02654287219047545,10.0,5.0,0.27918699383735657,3.105302131175995
DiscreteSAC,75,final,8,3008,0.056284284591674776,10.0,5.0,0.6979299783706665,16.40053106546402
DiscreteSAC,75,final,9,3009,-0.5210454553365708,10.0,5.0,0.28769785165786743,121.48673424124718
DiscreteSAC,75,final,10,3010,-0.3430239796638489,10.0,5.0,0.8576907515525818,1.4529024064540863
DiscreteSAC,75,final,11,3011,-0.15978710412979125,6.0,3.0,0.35062137246131897,1.6707955102125804
DiscreteSAC,75,final,12,3012,-0.022917847633361813,8.0,3.0,1.0846155881881714,11.470812864601612
DiscreteSAC,75,final,13,3013,-0.44968449473381045,10.0,5.0,0.23330460488796234,1.0231031060218811
DiscreteSAC,75,final,14,3014,0.101354022026062,8.0,3.0,0.5858122110366821,4.397167354822159
DiscreteSAC,75,final,15,3015,-0.09757249832153321,8.0,4.0,0.31872421503067017,2.4759580343961716
DiscreteSAC,75,final,16,3016,-0.07586221694946291,10.0,7.0,0.5124297738075256,-0.5599885940551758
DiscreteSAC,75,final,17,3017,-0.23594593048095702,9.0,4.0,0.1925220787525177,4.082475529776679
DiscreteSAC,75,final,18,3018,-0.4548149824142456,10.0,4.0,1.074631690979004,1870.7228736698628
DiscreteSAC,75,final,19,3019,-0.3257950782775879,10.0,5.0,0.7427991032600403,8.473300451040268
DiscreteSAC,75,final,20,3020,0.06798084497451781,8.0,3.0,0.6184005737304688,20.086441338062286
DiscreteSAC,75,final,21,3021,-0.2745930075645447,10.0,4.0,0.9416643977165222,20.751817268133163
DiscreteSAC,75,final,22,3022,-0.22076507210731508,10.0,7.0,0.1931019127368927,4633.670971179008
DiscreteSAC,75,final,23,3023,-0.4017669796943665,10.0,5.0,0.7003782391548157,126.26073625087739
DiscreteSAC,75,final,24,3024,-0.29607372879981997,10.0,5.0,0.4844353497028351,919.2202349066735
DiscreteSAC,75,final,25,3025,-0.45313971638679507,10.0,5.0,0.098810113966465,13.053909969329833
DiscreteSAC,75,final,26,3026,-0.12018251478672028,6.0,3.0,0.2581690549850464,40.9922072092692
DiscreteSAC,75,final,27,3027,-0.45337937474250795,10.0,4.0,0.26434335112571716,2063.5884055256843
DiscreteSAC,75,final,28,3028,-0.6189437985420227,10.0,2.0,0.2591574788093567,13.090399503707886
DiscreteSAC,75,final,29,3029,-0.17367021560668944,7.0,3.0,0.7795806527137756,59.760333810533794
DiscreteSAC,75,final,30,3030,-0.5729813918471336,10.0,4.0,0.19144439697265625,3.912262165546417
DiscreteSAC,75,final,31,3031,-0.2644492626190186,10.0,5.0,0.8510900139808655,3.6185590505599974
DiscreteSAC,75,final,32,3032,-0.6085797667503358,10.0,4.0,0.5687552690505981,5.091542536020279
DiscreteSAC,75,final,33,3033,-0.5268339216709137,10.0,3.0,0.5012718439102173,3.5383271515369414
DiscreteSAC,75,final,34,3034,-0.3903270959854126,10.0,3.0,0.6725963950157166,1.8204304456710816
DiscreteSAC,75,final,35,3035,-0.3282248759269714,9.0,3.0,0.34822341799736023,722.0026289357079
DiscreteSAC,75,final,36,3036,-0.45799007415771487,10.0,5.0,0.45857566595077515,46.34143328666687
DiscreteSAC,75,final,37,3037,0.038831779956817636,4.0,3.0,0.7702188491821289,34.648770332336426
DiscreteSAC,75,final,38,3038,0.09000000000000001,1.0,1.0,0.6248378157615662,1555.899658203125
DiscreteSAC,75,final,39,3039,0.09000000000000001,1.0,1.0,0.15407323837280273,40.779300689697266
DiscreteSAC,75,final,40,3040,0.09000000000000001,1.0,1.0,0.11668352782726288,745.25048828125
DiscreteSAC,75,final,41,3041,0.09000000000000001,1.0,1.0,0.9013172388076782,19.05327606201172
DiscreteSAC,75,final,42,3042,0.09000000000000001,1.0,1.0,0.4902222454547882,20.842205047607422
DiscreteSAC,75,final,43,3043,0.09000000000000001,1.0,1.0,0.6712055802345276,11.802828788757324
DiscreteSAC,75,final,44,3044,0.09000000000000001,1.0,1.0,0.8578181266784668,16.71961784362793
DiscreteSAC,75,final,45,3045,0.12795013368129732,2.0,2.0,0.24738462269306183,13.265771389007568
DiscreteSAC,75,final,46,3046,0.09000000000000001,1.0,1.0,0.7452682852745056,15.431915283203125
DiscreteSAC,75,final,47,3047,0.09000000000000001,1.0,1.0,0.6053518056869507,20.17392921447754
DiscreteSAC,75,final,48,3048,0.09000000000000001,1.0,1.0,0.12186157703399658,4.861110210418701
DiscreteSAC,75,final,49,3049,0.09000000000000001,1.0,1.0,0.8565976023674011,5.2935590744018555
DiscreteSAC,75,final,50,3050,0.09000000000000001,1.0,1.0,0.3949478566646576,12.345963478088379
DiscreteSAC,75,final,51,3051,0.09000000000000001,1.0,1.0,0.2945566177368164,11.913107872009277
DiscreteSAC,75,final,52,3052,0.09000000000000001,1.0,1.0,0.9655280709266663,9.501595497131348
DiscreteSAC,75,final,53,3053,0.09000000000000001,1.0,1.0,1.2980817556381226,4.270318984985352
DiscreteSAC,75,final,54,3054,0.09000000000000001,1.0,1.0,0.7200797200202942,20.600147247314453
DiscreteSAC,75,final,55,3055,0.09000000000000001,1.0,1.0,0.7477893829345703,11.784238815307617
DiscreteSAC,75,final,56,3056,0.09000000000000001,1.0,1.0,0.8525199294090271,8.698698043823242
DiscreteSAC,75,final,57,3057,0.09000000000000001,1.0,1.0,0.5617436170578003,6.276358127593994
DiscreteSAC,75,final,58,3058,0.09000000000000001,1.0,1.0,0.09675581008195877,8.260056495666504
DiscreteSAC,75,final,59,3059,0.09000000000000001,1.0,1.0,1.2555502653121948,3.5334808826446533
DiscreteSAC,75,final,60,3060,0.09000000000000001,1.0,1.0,0.33294448256492615,6.0991668701171875
DiscreteSAC,75,final,61,3061,0.09000000000000001,1.0,1.0,0.5718899965286255,9.954060554504395
DiscreteSAC,75,final,62,3062,0.09000000000000001,1.0,1.0,0.8862996101379395,4.345849990844727
DiscreteSAC,75,final,63,3063,0.09000000000000001,1.0,1.0,0.2966824173927307,79.75823211669922
DiscreteSAC,75,final,64,3064,0.09000000000000001,1.0,1.0,0.20608177781105042,4.158522129058838
DiscreteSAC,75,final,65,3065,0.09000000000000001,1.0,1.0,0.17115701735019684,4.906971454620361
DiscreteSAC,75,final,66,3066,0.09000000000000001,1.0,1.0,0.7390760779380798,7.395290374755859
DiscreteSAC,75,final,67,3067,0.09000000000000001,1.0,1.0,0.4572315514087677,6.413286209106445
DiscreteSAC,75,final,68,3068,0.09000000000000001,1.0,1.0,0.29768070578575134,5.90254545211792
DiscreteSAC,75,final,69,3069,0.09000000000000001,1.0,1.0,0.886380136013031,22.536169052124023
DiscreteSAC,75,final,70,3070,0.09000000000000001,1.0,1.0,0.4188595712184906,7.4911394119262695
DiscreteSAC,75,final,71,3071,0.09000000000000001,1.0,1.0,0.562024712562561,10.324971199035645
DiscreteSAC,75,final,72,3072,0.09000000000000001,1.0,1.0,0.6638091802597046,5.08739709854126
DiscreteSAC,75,final,73,3073,0.09000000000000001,1.0,1.0,0.5052284002304077,4.211062908172607
DiscreteSAC,75,final,74,3074,0.09000000000000001,1.0,1.0,0.3385779559612274,4.909703254699707
DiscreteSAC,75,final,75,3075,0.09000000000000001,1.0,1.0,0.3984745442867279,3.31589674949646
DiscreteSAC,75,final,76,3076,0.09000000000000001,1.0,1.0,0.21049199998378754,10.100662231445312
DiscreteSAC,75,final,77,3077,0.09000000000000001,1.0,1.0,0.7587388157844543,4.077512264251709
DiscreteSAC,75,final,78,3078,0.09000000000000001,1.0,1.0,0.17180095613002777,11.83754825592041
DiscreteSAC,75,final,79,3079,0.09000000000000001,1.0,1.0,0.9814006686210632,2.004915952682495
DiscreteSAC,75,final,80,3080,0.09000000000000001,1.0,1.0,0.20245487987995148,17.762908935546875
DiscreteSAC,75,final,81,3081,0.09000000000000001,1.0,1.0,0.8794664740562439,3.9020867347717285
DiscreteSAC,75,final,82,3082,0.09000000000000001,1.0,1.0,0.559316098690033,3.147327423095703
DiscreteSAC,75,final,83,3083,0.09000000000000001,1.0,1.0,0.1876542866230011,3.649780035018921
DiscreteSAC,75,final,84,3084,0.09000000000000001,1.0,1.0,0.5906046032905579,24.97852897644043
DiscreteSAC,75,final,85,3085,0.09000000000000001,1.0,1.0,1.0563586950302124,19720.931640625
DiscreteSAC,75,final,86,3086,0.09000000000000001,1.0,1.0,0.5621823072433472,2.4486167430877686
DiscreteSAC,75,final,87,3087,0.09000000000000001,1.0,1.0,0.799583911895752,4.635614395141602
DiscreteSAC,75,final,88,3088,0.09000000000000001,1.0,1.0,0.7105266451835632,408.99188232421875
DiscreteSAC,75,final,89,3089,-0.3535225987434387,10.0,3.0,0.6120352745056152,4.7369910955429075
DiscreteSAC,75,final,90,3090,-0.6407963633537294,10.0,3.0,0.5974717140197754,29.247492575645445
DiscreteSAC,75,final,91,3091,0.09000000000000001,1.0,1.0,1.1149579286575317,10.660937309265137
DiscreteSAC,75,final,92,3092,-0.006177110671997055,2.0,2.0,0.7483544945716858,19.169199466705322
DiscreteSAC,75,final,93,3093,0.09000000000000001,1.0,1.0,0.2986769378185272,7.26367712020874
DiscreteSAC,75,final,94,3094,0.09000000000000001,1.0,1.0,0.8809042572975159,7.0379252433776855
DiscreteSAC,75,final,95,3095,0.09000000000000001,1.0,1.0,0.8238226771354675,29.95268440246582
DiscreteSAC,75,final,96,3096,0.09000000000000001,1.0,1.0,0.05146517977118492,14.267369270324707
DiscreteSAC,75,final,97,3097,0.09000000000000001,1.0,1.0,0.5818791389465332,9.892129898071289
DiscreteSAC,75,final,98,3098,0.09000000000000001,1.0,1.0,0.48032912611961365,7.569453716278076
DiscreteSAC,75,final,99,3099,0.09000000000000001,1.0,1.0,0.9521360397338867,4.712769031524658
DiscreteSAC,75,final,100,3100,0.09000000000000001,1.0,1.0,0.4617955684661865,35.138031005859375
DiscreteSAC,75,final,101,3101,0.3819967079162598,2.0,2.0,0.31421953439712524,637.7357482910156
DiscreteSAC,75,final,102,3102,0.09000000000000001,1.0,1.0,0.5392449498176575,11.836817741394043
DiscreteSAC,75,final,103,3103,0.09000000000000001,1.0,1.0,0.9096177220344543,13.115474700927734
DiscreteSAC,75,final,104,3104,0.2601843047142029,2.0,2.0,0.5639084577560425,5.388764500617981
DiscreteSAC,75,final,105,3105,0.09000000000000001,1.0,1.0,0.609455406665802,14.652200698852539
DiscreteSAC,75,final,106,3106,0.09000000000000001,1.0,1.0,0.1873960942029953,8.301677703857422
DiscreteSAC,75,final,107,3107,0.09000000000000001,1.0,1.0,0.23093970119953156,8.494053840637207
DiscreteSAC,75,final,108,3108,0.09000000000000001,1.0,1.0,1.0108476877212524,9.373961448669434
DiscreteSAC,75,final,109,3109,0.09000000000000001,1.0,1.0,0.24321676790714264,12.70161247253418
DiscreteSAC,75,final,110,3110,0.09000000000000001,1.0,1.0,1.325042724609375,8.060887336730957
DiscreteSAC,75,final,111,3111,0.09000000000000001,1.0,1.0,0.4769136607646942,3.976914882659912
DiscreteSAC,75,final,112,3112,0.09000000000000001,1.0,1.0,0.7146183252334595,6.040517330169678
DiscreteSAC,75,final,113,3113,0.09000000000000001,1.0,1.0,0.46335822343826294,3.459210157394409
DiscreteSAC,75,final,114,3114,0.09000000000000001,1.0,1.0,0.803614616394043,9.617588996887207
DiscreteSAC,75,final,115,3115,0.09000000000000001,1.0,1.0,0.7080847024917603,12.653497695922852
DiscreteSAC,75,final,116,3116,0.09000000000000001,1.0,1.0,0.7844663858413696,4.4894185066223145
DiscreteSAC,75,final,117,3117,-0.5686800956726075,10.0,2.0,0.7806857824325562,4.814138889312744
DiscreteSAC,75,final,118,3118,0.09000000000000001,1.0,1.0,0.6301842331886292,2.6226465702056885
DiscreteSAC,75,final,119,3119,0.09000000000000001,1.0,1.0,0.13930700719356537,3.297623872756958
DiscreteSAC,75,final,120,3120,0.09000000000000001,1.0,1.0,0.6355976462364197,3.444399356842041
DiscreteSAC,75,final,121,3121,-0.09309832572937012,2.0,2.0,0.9175763726234436,13.436853408813477
DiscreteSAC,75,final,122,3122,0.09000000000000001,1.0,1.0,0.3679792284965515,5.962711811065674
DiscreteSAC,75,final,123,3123,0.09000000000000001,1.0,1.0,0.8349639177322388,-44.43419647216797
DiscreteSAC,75,final,124,3124,0.09000000000000001,1.0,1.0,0.5362787246704102,2.138711929321289
DiscreteSAC,75,final,125,3125,0.09000000000000001,1.0,1.0,0.5989664793014526,1.80078125
DiscreteSAC,75,final,126,3126,0.09000000000000001,1.0,1.0,0.11451203376054764,33901.94140625
DiscreteSAC,75,final,127,3127,-0.458318817615509,10.0,2.0,0.5100024342536926,5.162374353408813
DiscreteSAC,75,final,128,3128,0.09000000000000001,1.0,1.0,0.24698509275913239,23.706031799316406
DiscreteSAC,75,final,129,3129,0.10510653972625733,3.0,3.0,0.6761942505836487,4.027498801549275
DiscreteSAC,75,final,130,3130,0.09933508157730103,3.0,3.0,0.8494738936424255,4.354321241378784
DiscreteSAC,75,final,131,3131,0.163082914352417,2.0,2.0,0.8662249445915222,21.874062061309814
DiscreteSAC,75,final,132,3132,0.09000000000000001,1.0,1.0,0.23443567752838135,9.495407104492188
DiscreteSAC,75,final,133,3133,0.09000000000000001,1.0,1.0,0.6389960050582886,23.521848678588867
DiscreteSAC,75,final,134,3134,0.09000000000000001,1.0,1.0,0.8448651432991028,5.581906795501709
DiscreteSAC,75,final,135,3135,0.09590251922607423,2.0,2.0,1.0063329935073853,65.74753081798553
DiscreteSAC,75,final,136,3136,0.09000000000000001,1.0,1.0,0.6551628708839417,44.702701568603516
DiscreteSAC,75,final,137,3137,0.09000000000000001,1.0,1.0,1.0749613046646118,1.923987627029419
DiscreteSAC,75,final,138,3138,0.03807135343551636,3.0,2.0,0.549929141998291,39.16274960835775
DiscreteSAC,75,final,139,3139,-0.01936399221420286,3.0,3.0,0.4537953734397888,7.603006680806478
DiscreteSAC,75,final,140,3140,-0.4933493137359619,10.0,3.0,0.7759994268417358,3.4674466967582704
DiscreteSAC,75,final,141,3141,-0.3234641671180725,10.0,4.0,0.6229801774024963,5.886377328634262
DiscreteSAC,75,final,142,3142,-0.06574521780014038,2.0,2.0,0.2909891903400421,1.396275818347931
DiscreteSAC,75,final,143,3143,-0.6056576251983643,10.0,2.0,1.0557746887207031,3.3635644555091857
DiscreteSAC,75,final,144,3144,-0.1246956241130829,7.0,4.0,0.4630804657936096,4.171058927263532
DiscreteSAC,75,final,145,3145,-0.5548537254333497,10.0,2.0,0.30191129446029663,5.353344231843948
DiscreteSAC,75,final,146,3146,0.28275145769119264,2.0,2.0,0.4095759987831116,1.9506915807724
DiscreteSAC,75,final,147,3147,-0.3409503221511841,10.0,4.0,0.7382327914237976,4.34231806397438
DiscreteSAC,75,final,148,3148,-0.2674435207247734,9.0,4.0,0.13636232912540436,4.531995428933038
DiscreteSAC,75,final,149,3149,-0.209658100605011,9.0,6.0,0.4852425158023834,7.246372004350026
DiscreteSAC,75,final,150,3150,-0.2800817120075226,8.0,4.0,0.5282291173934937,11326.36760469526
DiscreteSAC,75,final,151,3151,0.2373970913887024,2.0,2.0,0.5816136598587036,4.8414386510849
DiscreteSAC,75,final,152,3152,0.09000000000000001,1.0,1.0,0.8616687059402466,1.5684255361557007
DiscreteSAC,75,final,153,3153,-0.5080008402466775,10.0,4.0,0.12714049220085144,1913.4952619791031
DiscreteSAC,75,final,154,3154,0.03737205266952514,5.0,4.0,0.8435322046279907,1972.6360176086425
DiscreteSAC,75,final,155,3155,-0.42769240140914916,10.0,2.0,0.6157562136650085,4466.084366750717
DiscreteSAC,75,final,156,3156,0.09000000000000001,1.0,1.0,0.8411538004875183,37.07253646850586
DiscreteSAC,75,final,157,3157,-0.017403168678283676,2.0,2.0,0.8617991805076599,18.228204250335693
DiscreteSAC,75,final,158,3158,0.09000000000000001,1.0,1.0,0.6760836243629456,37.58967208862305
DiscreteSAC,75,final,159,3159,0.2543149757385254,2.0,2.0,0.7558959722518921,17.77142572402954
DiscreteSAC,75,final,160,3160,0.04150392532348633,3.0,2.0,0.6223469972610474,552.0080540974935
DiscreteSAC,75,final,161,3161,0.09000000000000001,1.0,1.0,1.0347459316253662,18.53105926513672
DiscreteSAC,75,final,162,3162,0.0046963113546371615,2.0,2.0,0.17854560911655426,28.181153297424316
DiscreteSAC,75,final,163,3163,0.18862535238265993,2.0,2.0,0.6688781976699829,13.94709825515747
DiscreteSAC,75,final,164,3164,-0.4283488869667053,10.0,2.0,0.7114225029945374,36.054045581817626
DiscreteSAC,75,final,165,3165,0.08490212440490724,2.0,2.0,0.8529528379440308,34.68062233924866
DiscreteSAC,75,final,166,3166,0.09000000000000001,1.0,1.0,1.207538366317749,8.066828727722168
DiscreteSAC,75,final,167,3167,0.1474315595626831,3.0,3.0,0.6891695261001587,6.416866143544515
DiscreteSAC,75,final,168,3168,-0.41339145898818974,10.0,2.0,0.9370779395103455,9.172580695152282
DiscreteSAC,75,final,169,3169,-0.24851814985275267,8.0,3.0,0.9655566811561584,87.38704308867455
DiscreteSAC,75,final,170,3170,0.09000000000000001,1.0,1.0,0.6188406944274902,27.821136474609375
DiscreteSAC,75,final,171,3171,0.09000000000000001,1.0,1.0,0.9115834832191467,3.7314677238464355
DiscreteSAC,75,final,172,3172,0.09000000000000001,1.0,1.0,0.13560596108436584,9.523959159851074
DiscreteSAC,75,final,173,3173,0.09000000000000001,1.0,1.0,0.5438572764396667,4.165452003479004
DiscreteSAC,75,final,174,3174,0.09000000000000001,1.0,1.0,0.9229580760002136,45.34809875488281
DiscreteSAC,75,final,175,3175,0.09000000000000001,1.0,1.0,0.584083080291748,55.35747528076172
DiscreteSAC,75,final,176,3176,0.09000000000000001,1.0,1.0,0.7738848924636841,15.230644226074219
DiscreteSAC,75,final,177,3177,0.09000000000000001,1.0,1.0,0.3265867233276367,51.969791412353516
DiscreteSAC,75,final,178,3178,0.09000000000000001,1.0,1.0,0.8278355598449707,91977.75
DiscreteSAC,75,final,179,3179,0.09000000000000001,1.0,1.0,0.7346442341804504,6.630214691162109
DiscreteSAC,75,final,180,3180,0.09000000000000001,1.0,1.0,0.753050684928894,15.159490585327148
DiscreteSAC,75,final,181,3181,-0.6013083934783936,10.0,2.0,0.9713893532752991,75.44326615333557
DiscreteSAC,75,final,182,3182,0.09000000000000001,1.0,1.0,0.3963126242160797,19.109909057617188
DiscreteSAC,75,final,183,3183,-0.01733986854553221,2.0,2.0,0.43299075961112976,20.9696364402771
DiscreteSAC,75,final,184,3184,0.09000000000000001,1.0,1.0,1.178651213645935,28.9627742767334
DiscreteSAC,75,final,185,3185,0.09000000000000001,1.0,1.0,0.37193161249160767,9.254352569580078
DiscreteSAC,75,final,186,3186,0.09000000000000001,1.0,1.0,1.0571564435958862,10.874218940734863
DiscreteSAC,75,final,187,3187,0.09000000000000001,1.0,1.0,0.1478414684534073,13.008042335510254
DiscreteSAC,75,final,188,3188,0.09000000000000001,1.0,1.0,0.8786998987197876,11.711857795715332
DiscreteSAC,75,final,189,3189,0.1512549686431885,2.0,2.0,0.44239550828933716,8.190831184387207
DiscreteSAC,75,final,190,3190,0.09000000000000001,1.0,1.0,0.24477669596672058,4.641901016235352
DiscreteSAC,75,final,191,3191,0.09000000000000001,1.0,1.0,0.5241971015930176,8.55758285522461
DiscreteSAC,75,final,192,3192,0.09000000000000001,1.0,1.0,0.24753299355506897,8.105318069458008
DiscreteSAC,75,final,193,3193,0.09000000000000001,1.0,1.0,0.23165087401866913,17.705928802490234
DiscreteSAC,75,final,194,3194,0.09000000000000001,1.0,1.0,0.2450266182422638,12.439126968383789
DiscreteSAC,75,final,195,3195,-0.06710815429687499,5.0,4.0,0.2693439722061157,12.702796602249146
DiscreteSAC,75,final,196,3196,0.1235643494129181,2.0,2.0,0.37089577317237854,32.37955045700073
DiscreteSAC,75,final,197,3197,0.2992544198036194,6.0,4.0,0.8420805335044861,4.544809182484944
DiscreteSAC,75,final,198,3198,-0.36004258394241334,10.0,4.0,0.3856845796108246,142.15270812511443
DiscreteSAC,75,final,199,3199,-0.08800739645957946,5.0,2.0,0.4455423355102539,5.198088836669922
DiscreteSAC,75,final,200,3200,-0.17512385308742523,6.0,4.0,0.30461063981056213,7.864076137542725
DiscreteSAC,75,final,201,3201,-0.31988131046295165,9.0,4.0,0.46404239535331726,3.1653914716508655
DiscreteSAC,75,final,202,3202,0.07268513172864915,2.0,2.0,0.10556649416685104,6.501910030841827
DiscreteSAC,75,final,203,3203,-0.17620389938354492,8.0,4.0,0.8044442534446716,3.4173323437571526
DiscreteSAC,75,final,204,3204,-0.5425610363483429,10.0,4.0,0.4834556579589844,1.5136102974414825
DiscreteSAC,75,final,205,3205,-0.05613124608993529,9.0,5.0,0.6940575242042542,2.36835296286477
DiscreteSAC,75,final,206,3206,0.16670645952224733,7.0,3.0,0.788486897945404,8487.196735748223
DiscreteSAC,75,final,207,3207,0.05577838599681855,2.0,2.0,0.08469457179307938,7.99953818321228
DiscreteSAC,75,final,208,3208,0.061068020462989814,3.0,3.0,0.21042099595069885,8.929662545522055
DiscreteSAC,75,final,209,3209,0.1431176882982254,3.0,3.0,0.2438431829214096,5.83623743057251
DiscreteSAC,75,final,210,3210,-0.021924023628234868,8.0,5.0,1.0408680438995361,8.560270607471466
DiscreteSAC,75,final,211,3211,0.06811202287673951,3.0,3.0,0.9193135499954224,5.350333293279012
DiscreteSAC,75,final,212,3212,-0.015074985325336451,6.0,5.0,0.12062740325927734,3.6457784175872803
DiscreteSAC,75,final,213,3213,-0.02265357494354249,7.0,4.0,0.6608934998512268,4.243558423859732
DiscreteSAC,75,final,214,3214,0.11786760330200194,6.0,3.0,0.9829474687576294,3.1944384376207986
DiscreteSAC,75,final,215,3215,-0.3066666841506958,10.0,4.0,0.7940741181373596,4470.125686454773
DiscreteSAC,75,final,216,3216,-0.6567149162292482,10.0,3.0,0.8262235522270203,13.895582103729248
DiscreteSAC,75,final,217,3217,-0.3331728219985962,10.0,5.0,0.5925416946411133,14.624126529693603
DiscreteSAC,75,final,218,3218,0.0006203383207320987,10.0,4.0,0.22533966600894928,11.110223770141602
DiscreteSAC,75,final,219,3219,-0.6102276444435121,10.0,3.0,0.32121846079826355,5.561849081516266
DiscreteSAC,75,final,220,3220,-0.19305985689163208,7.0,4.0,0.8871060609817505,4.371695450374058
DiscreteSAC,75,final,221,3221,-0.2593052041530609,7.0,4.0,0.3880329728126526,7.437013864517212
DiscreteSAC,75,final,222,3222,-0.07753138542175293,5.0,3.0,0.7239314317703247,3.1152047395706175
DiscreteSAC,75,final,223,3223,0.09000000000000001,1.0,1.0,0.38744330406188965,5.318157196044922
DiscreteSAC,75,final,224,3224,-0.6124078363180161,10.0,2.0,0.2925872206687927,2811.845662128925
DiscreteSAC,75,final,225,3225,-0.44631722271442414,10.0,4.0,0.14060178399085999,14.064408016204833
DiscreteSAC,75,final,226,3226,0.04460163593292237,2.0,2.0,0.41072115302085876,10.920729160308838
DiscreteSAC,75,final,227,3227,-0.10550219595432282,3.0,3.0,0.3291597068309784,16.70309893290202
DiscreteSAC,75,final,228,3228,-0.04058224499225617,4.0,3.0,0.17686580121517181,5.983981370925903
DiscreteSAC,75,final,229,3229,0.11741127252578737,2.0,2.0,0.18071678280830383,9.990083694458008
DiscreteSAC,75,final,230,3230,-0.635949093103409,10.0,2.0,0.5173672437667847,382.9363161921501
DiscreteSAC,75,final,231,3231,-0.05140334963798522,5.0,2.0,0.4612734019756317,5.02819299697876
DiscreteSAC,75,final,232,3232,-0.43391847610473633,10.0,3.0,0.7090221047401428,15.827346205711365
DiscreteSAC,75,final,233,3233,-0.018156030178070062,4.0,2.0,0.4650152027606964,51.094741463661194
DiscreteSAC,75,final,234,3234,0.09000000000000001,1.0,1.0,0.14086554944515228,5.154318809509277
DiscreteSAC,75,final,235,3235,-0.09167770385742187,4.0,2.0,0.15113545954227448,21.643613755702972
DiscreteSAC,75,final,236,3236,-0.07414293050765992,6.0,4.0,0.4746240973472595,95.01614809036255
DiscreteSAC,75,final,237,3237,-0.4236116290092468,10.0,2.0,0.6444025635719299,76.84883111715317
DiscreteSAC,75,final,238,3238,-0.5821343541145325,10.0,2.0,0.5938063859939575,12.604492199420928
DiscreteSAC,75,final,239,3239,0.033917975425720226,5.0,3.0,0.5927936434745789,3.0962382435798643
DiscreteSAC,75,final,240,3240,-0.044919292926788326,3.0,2.0,0.5863165259361267,12.371237417062124
DiscreteSAC,75,final,241,3241,-0.5066977262496949,10.0,4.0,0.5947675108909607,6.34092082977295
DiscreteSAC,75,final,242,3242,0.14098370790481568,3.0,3.0,0.6048935651779175,5.002093076705933
DiscreteSAC,75,final,243,3243,-0.04536595970392225,3.0,3.0,0.2393350899219513,6.83797041575114
DiscreteSAC,75,final,244,3244,-0.15930216550827025,9.0,4.0,0.5142310261726379,7.055844611591763
DiscreteSAC,75,final,245,3245,-0.04028648674488068,4.0,3.0,0.13166594505310059,47.97822654247284
DiscreteSAC,75,final,246,3246,-0.2562619972229004,8.0,4.0,0.7608189582824707,795.9083865731955
DiscreteSAC,75,final,247,3247,0.008503202795982365,3.0,2.0,0.21374094486236572,18.55856243769328
DiscreteSAC,75,final,248,3248,-0.9015898525714876,10.0,4.0,0.9389262199401855,72.99209032058715
DiscreteSAC,75,final,249,3249,-0.03117756366729736,7.0,3.0,0.8594307899475098,9.043495297431946
DiscreteSAC,75,final,250,3250,-0.5199542164802552,10.0,4.0,0.5895633697509766,7.653716504573822
DiscreteSAC,75,final,251,3251,-0.018684980869293225,6.0,4.0,0.6853470206260681,8.170227845509848
DiscreteSAC,75,final,252,3252,0.08062512397766114,3.0,3.0,0.3573339581489563,3.9552843968073526
DiscreteSAC,75,final,253,3253,-0.0398414206504822,7.0,5.0,0.863510012626648,8.155322994504656
DiscreteSAC,75,final,254,3254,-0.007964417934417725,6.0,3.0,0.910245954990387,12.247542639573416
DiscreteSAC,75,final,255,3255,0.09319574594497682,4.0,3.0,0.7184590697288513,31312.442470878363
DiscreteSAC,75,final,256,3256,-0.3213700294494629,10.0,5.0,0.6891047358512878,12.433151865005494
DiscreteSAC,75,final,257,3257,-0.01057446002960205,5.0,4.0,0.5906526446342468,18.762162590026854
DiscreteSAC,75,final,258,3258,-0.43445920944213867,10.0,3.0,0.8100964426994324,16.14045057296753
DiscreteSAC,75,final,259,3259,0.09000000000000001,1.0,1.0,0.06935610622167587,3.4099395275115967
DiscreteSAC,75,final,260,3260,0.07507855653762818,4.0,3.0,0.6021997332572937,6.907425045967102
DiscreteSAC,75,final,261,3261,0.09000000000000001,1.0,1.0,0.17443525791168213,2868.018798828125
DiscreteSAC,75,final,262,3262,0.2021793794631958,3.0,3.0,1.0226267576217651,9.077422300974527
DiscreteSAC,75,final,263,3263,-0.02664355278015136,4.0,2.0,0.3081042170524597,109.69217884540558
DiscreteSAC,75,final,264,3264,0.03541173219680787,2.0,2.0,0.8187925219535828,19.72056293487549
DiscreteSAC,75,final,265,3265,-0.027351375222206112,3.0,2.0,0.1862545907497406,9.293138186136881
DiscreteSAC,75,final,266,3266,-0.593412446975708,10.0,2.0,0.873540461063385,72.30033926963806
DiscreteSAC,75,final,267,3267,0.09000000000000001,1.0,1.0,0.6453449130058289,9.730562210083008
DiscreteSAC,75,final,268,3268,-0.4224050045013428,10.0,3.0,0.7869179844856262,25.74041681289673
DiscreteSAC,75,final,269,3269,0.2785782039165497,5.0,3.0,0.42792055010795593,4.154438471794128
DiscreteSAC,75,final,270,3270,0.11874237656593324,5.0,4.0,0.4222545921802521,5.337950372695923
DiscreteSAC,75,final,271,3271,0.08208854913711547,8.0,3.0,0.6740292906761169,4.583201244473457
DiscreteSAC,75,final,272,3272,-0.6549231000244619,10.0,3.0,0.21124482154846191,8.145761442184448
DiscreteSAC,75,final,273,3273,-0.38654905557632446,10.0,3.0,0.4427037239074707,28.301199102401732
DiscreteSAC,75,final,274,3274,-0.023929178714752197,5.0,4.0,0.7437992095947266,2.28429661989212
DiscreteSAC,75,final,275,3275,0.16215784072875977,3.0,3.0,0.6763972640037537,3.076316773891449
DiscreteSAC,75,final,276,3276,-0.42959087729454043,9.0,2.0,0.5601471066474915,16817.591774450408
DiscreteSAC,75,final,277,3277,0.09178181171417238,2.0,2.0,0.8034143447875977,307.72185373306274
DiscreteSAC,75,final,278,3278,-0.007096909284591654,3.0,3.0,0.35999831557273865,156.97221247355142
DiscreteSAC,75,final,279,3279,0.09000000000000001,1.0,1.0,1.0343961715698242,11.852631568908691
DiscreteSAC,75,final,280,3280,0.09000000000000001,1.0,1.0,0.20820847153663635,13.507589340209961
DiscreteSAC,75,final,281,3281,0.0902311897277832,4.0,3.0,0.6189850568771362,9.13064193725586
DiscreteSAC,75,final,282,3282,0.1580802369117737,2.0,2.0,0.6595786809921265,8.386541724205017
DiscreteSAC,75,final,283,3283,0.09000000000000001,1.0,1.0,0.6111093759536743,2.6131954193115234
DiscreteSAC,75,final,284,3284,0.09000000000000001,1.0,1.0,1.0588716268539429,43.45342254638672
DiscreteSAC,75,final,285,3285,0.09000000000000001,1.0,1.0,0.8513441681861877,3.9111928939819336
DiscreteSAC,75,final,286,3286,-0.35828661918640137,10.0,3.0,0.3860907554626465,207.07518582344056
DiscreteSAC,75,final,287,3287,0.059610733985900895,4.0,3.0,0.20553413033485413,6.158679723739624
DiscreteSAC,75,final,288,3288,-0.5060181498527527,10.0,2.0,0.7128721475601196,8.111518406867981
DiscreteSAC,75,final,289,3289,0.14786906719207765,2.0,2.0,0.7879433631896973,16.13690710067749
DiscreteSAC,75,final,290,3290,0.09000000000000001,1.0,1.0,0.38593393564224243,4.57133674621582
DiscreteSAC,75,final,291,3291,-0.06487336993217467,4.0,4.0,0.3843570649623871,7.40499883890152
DiscreteSAC,75,final,292,3292,-0.052909781932830816,4.0,3.0,0.8328157663345337,4.515382677316666
DiscreteSAC,75,final,293,3293,0.24674619913101198,2.0,2.0,0.8229445219039917,2.0042840242385864
DiscreteSAC,75,final,294,3294,-0.5816913366317749,10.0,4.0,0.8611189723014832,132.58255968689917
DiscreteSAC,75,final,295,3295,-0.17910356044769288,7.0,5.0,0.7318736910820007,7.205090182168143
DiscreteSAC,75,final,296,3296,0.1472232389450073,7.0,4.0,0.6616883873939514,1.6070068989481245
DiscreteSAC,75,final,297,3297,-0.17428539514541624,7.0,3.0,0.8551649451255798,6.599521466663906
DiscreteSAC,75,final,298,3298,-0.025567936897277807,5.0,3.0,0.8612361550331116,6.768566465377807
DiscreteSAC,75,final,299,3299,0.09027594566345215,6.0,4.0,0.8310093283653259,10.298781096935272
DiscreteSAC,75,final,300,3300,0.017103149890899658,6.0,3.0,0.5374411344528198,19.915953238805134
DiscreteSAC,75,final,301,3301,-0.2754854464530945,9.0,4.0,0.21462753415107727,22601.88046868642
DiscreteSAC,75,final,302,3302,-0.06272225618362427,9.0,4.0,0.8760544657707214,101.93731583489313
DiscreteSAC,75,final,303,3303,-0.45074427127838135,10.0,3.0,0.5277583599090576,711.5757341384888
DiscreteSAC,75,final,304,3304,0.09000000000000001,1.0,1.0,0.36482980847358704,34.760318756103516
DiscreteSAC,75,final,305,3305,-0.24707319855690002,7.0,4.0,0.514219343662262,342.44837433951244
DiscreteSAC,75,final,306,3306,0.09000000000000001,1.0,1.0,0.713638424873352,91.15082550048828
DiscreteSAC,75,final,307,3307,-0.709112346172333,10.0,3.0,0.8942526578903198,26.318037605285646
DiscreteSAC,75,final,308,3308,0.09000000000000001,1.0,1.0,0.41697272658348083,4.956820011138916
DiscreteSAC,75,final,309,3309,0.09000000000000001,1.0,1.0,0.37779125571250916,5.737819194793701
DiscreteSAC,75,final,310,3310,0.09000000000000001,1.0,1.0,0.49383801221847534,22.30884552001953
DiscreteSAC,75,final,311,3311,0.09000000000000001,1.0,1.0,1.0781687498092651,4.549067497253418
DiscreteSAC,75,final,312,3312,-0.5294048964977265,10.0,2.0,0.3420533537864685,708.9799617290497
DiscreteSAC,75,final,313,3313,0.09000000000000001,1.0,1.0,0.7421889305114746,14.352498054504395
DiscreteSAC,75,final,314,3314,-0.6315445780754091,10.0,2.0,0.6102534532546997,58.15860915184021
DiscreteSAC,75,final,315,3315,0.09000000000000001,1.0,1.0,1.1031049489974976,3.6403701305389404
DiscreteSAC,75,final,316,3316,-0.11076354503631593,7.0,4.0,0.6695628762245178,5.0384533405303955
DiscreteSAC,75,final,317,3317,-0.5291904091835022,10.0,2.0,0.6515080332756042,13355.599380612373
DiscreteSAC,75,final,318,3318,-0.3467693328857422,10.0,3.0,0.9916688203811646,57.7174467086792
DiscreteSAC,75,final,319,3319,-0.44729875326156615,10.0,2.0,0.40331411361694336,12.363727951049805
DiscreteSAC,75,final,320,3320,-0.41319136619567876,10.0,2.0,0.36460310220718384,12218.310311317444
DiscreteSAC,75,final,321,3321,-0.43642090559005736,10.0,2.0,0.651229977607727,388.11411809921265
DiscreteSAC,75,final,322,3322,0.09000000000000001,1.0,1.0,0.6208077669143677,18.428987503051758
DiscreteSAC,75,final,323,3323,0.09000000000000001,1.0,1.0,0.2583276629447937,7.955743789672852
DiscreteSAC,75,final,324,3324,0.09000000000000001,1.0,1.0,0.8834353685379028,10.076070785522461
DiscreteSAC,75,final,325,3325,-0.526775348186493,10.0,2.0,0.5268586874008179,2790.041336727142
DiscreteSAC,75,final,326,3326,0.09000000000000001,1.0,1.0,0.9174062609672546,60.914276123046875
DiscreteSAC,75,final,327,3327,-0.03433142185211181,3.0,2.0,0.7749086022377014,2562.3586222330728
DiscreteSAC,75,final,328,3328,0.09000000000000001,1.0,1.0,0.6886085271835327,25.554330825805664
DiscreteSAC,75,final,329,3329,-0.18834051370620725,8.0,2.0,0.40603867173194885,69.38116574287415
DiscreteSAC,75,final,330,3330,-0.7277931451797487,10.0,2.0,1.0184818506240845,22.88932638168335
DiscreteSAC,75,final,331,3331,0.09000000000000001,1.0,1.0,0.19731739163398743,12.589662551879883
DiscreteSAC,75,final,332,3332,0.036971287727355966,2.0,2.0,0.8845922350883484,11.48838496208191
DiscreteSAC,75,final,333,3333,0.09000000000000001,1.0,1.0,1.1033108234405518,79054.5859375
DiscreteSAC,75,final,334,3334,0.10483278512954713,2.0,2.0,0.8898511528968811,9.250259160995483
DiscreteSAC,75,final,335,3335,0.09000000000000001,1.0,1.0,0.5859004259109497,6.818697929382324
DiscreteSAC,75,final,336,3336,0.09000000000000001,1.0,1.0,0.29659780859947205,203.0667724609375
DiscreteSAC,75,final,337,3337,0.09000000000000001,1.0,1.0,0.8878642320632935,10.781394004821777
DiscreteSAC,75,final,338,3338,0.09000000000000001,1.0,1.0,1.071386694908142,327.3197021484375
DiscreteSAC,75,final,339,3339,0.16426615595817567,2.0,2.0,0.3790026605129242,8.820615768432617
DiscreteSAC,75,final,340,3340,0.09000000000000001,1.0,1.0,0.18863043189048767,25.08059310913086
DiscreteSAC,75,final,341,3341,0.09000000000000001,1.0,1.0,0.47700420022010803,8.950665473937988
DiscreteSAC,75,final,342,3342,0.09000000000000001,1.0,1.0,0.33883970975875854,9.764513969421387
DiscreteSAC,75,final,343,3343,-0.567615556716919,10.0,2.0,0.7579565644264221,18.81276879310608
DiscreteSAC,75,final,344,3344,0.09000000000000001,1.0,1.0,0.6434460878372192,15.614288330078125
DiscreteSAC,75,final,345,3345,-0.7032539129257204,10.0,2.0,0.9379429221153259,29.204451751708984
DiscreteSAC,75,final,346,3346,-0.5548537254333497,10.0,2.0,0.30191129446029663,131.2287924528122
DiscreteSAC,75,final,347,3347,-0.6549704402685167,10.0,2.0,0.3257053792476654,17.92430443763733
DiscreteSAC,75,final,348,3348,-0.0018567848205566367,3.0,2.0,0.3322969079017639,4.566762208938599
DiscreteSAC,75,final,349,3349,0.09000000000000001,1.0,1.0,0.4993383288383484,3.2646563053131104
DiscreteSAC,75,final,350,3350,-0.007950463294982904,4.0,2.0,1.0130504369735718,12.82615077495575
DiscreteSAC,75,final,351,3351,0.09000000000000001,1.0,1.0,0.8435109853744507,32.66166305541992
DiscreteSAC,75,final,352,3352,0.09000000000000001,1.0,1.0,0.378476083278656,9.523431777954102
DiscreteSAC,75,final,353,3353,-0.6637604713439943,10.0,2.0,0.8924287557601929,24.39640462398529
DiscreteSAC,75,final,354,3354,0.09000000000000001,1.0,1.0,0.8998249173164368,15.260358810424805
DiscreteSAC,75,final,355,3355,-0.5189450263977051,10.0,2.0,0.41692325472831726,11.43353853225708
DiscreteSAC,75,final,356,3356,-0.07671857476234435,5.0,2.0,0.3226993978023529,54.90022344589234
DiscreteSAC,75,final,357,3357,0.09246952056884766,3.0,3.0,0.4716689884662628,13.204051971435547
DiscreteSAC,75,final,358,3358,-0.27732195079326627,7.0,2.0,0.20024263858795166,18.527735897472926
DiscreteSAC,75,final,359,3359,0.0074344491958618225,4.0,2.0,0.560191810131073,966.2983088493347
DiscreteSAC,75,final,360,3360,-0.38021780565381047,9.0,2.0,0.09074724465608597,8.589180416531033
DiscreteSAC,75,final,361,3361,0.09000000000000001,1.0,1.0,0.2307475358247757,93.709716796875
DiscreteSAC,75,final,362,3362,-0.11739475488662716,6.0,5.0,0.8711658120155334,14.939547856648764
DiscreteSAC,75,final,363,3363,0.05858791589736939,3.0,3.0,0.8240225911140442,19.443157354990642
DiscreteSAC,75,final,364,3364,-0.09249370098114014,10.0,4.0,0.3510057330131531,7.391570043563843
DiscreteSAC,75,final,365,3365,-0.27817013263702395,10.0,5.0,0.7166717648506165,5248.089650297165
DiscreteSAC,75,final,366,3366,-0.23585819602012636,10.0,5.0,0.2762677073478699,31.134797859191895
DiscreteSAC,75,final,367,3367,-0.3194107115268707,10.0,5.0,0.3112170994281769,27.31866102218628
DiscreteSAC,75,final,368,3368,0.006939368247985855,2.0,2.0,0.40739235281944275,1006.6255187988281
DiscreteSAC,75,final,369,3369,-0.34696670770645144,10.0,5.0,0.8150419592857361,2463.9048327445985
DiscreteSAC,75,final,370,3370,-0.36686612486839293,7.0,3.0,0.4826843738555908,30.669175965445383
DiscreteSAC,75,final,371,3371,-0.4963464021682739,10.0,2.0,0.28567177057266235,54.821265769004825
DiscreteSAC,75,final,372,3372,0.018008308410644547,2.0,2.0,1.2161515951156616,20.941206455230713
DiscreteSAC,75,final,373,3373,-0.19867753982543945,10.0,3.0,0.5658913254737854,13.01800525188446
DiscreteSAC,75,final,374,3374,-0.6324572086334229,10.0,4.0,0.8267690539360046,13.527122855186462
DiscreteSAC,75,final,375,3375,-0.2990132203698158,6.0,3.0,0.26696258783340454,471.59598855177563
DiscreteSAC,75,final,376,3376,-0.1359713351726532,6.0,4.0,0.23015186190605164,12.22752865155538
DiscreteSAC,75,final,377,3377,0.09000000000000001,1.0,1.0,1.116018295288086,71103.3671875
DiscreteSAC,75,final,378,3378,-0.1603106093406677,7.0,3.0,0.7024531960487366,15.771426609584264
DiscreteSAC,75,final,379,3379,0.15189881324768065,5.0,3.0,0.7045668959617615,56272.52134513855
DiscreteSAC,75,final,380,3380,-0.10630187988281249,5.0,2.0,0.7068867683410645,44.90999250411987
DiscreteSAC,75,final,381,3381,0.09000000000000001,1.0,1.0,0.5482037663459778,15.050514221191406
DiscreteSAC,75,final,382,3382,-0.059844655990600584,2.0,2.0,0.6760540008544922,118007.198513031
DiscreteSAC,75,final,383,3383,0.043570051193237314,4.0,3.0,0.765283465385437,48.9341197013855
DiscreteSAC,75,final,384,3384,0.09000000000000001,1.0,1.0,0.8551849126815796,30.370431900024414
DiscreteSAC,75,final,385,3385,-0.02294382274150847,2.0,2.0,0.28075283765792847,19.49306869506836
DiscreteSAC,75,final,386,3386,0.09000000000000001,1.0,1.0,0.6360846757888794,29.228727340698242
DiscreteSAC,75,final,387,3387,0.09000000000000001,1.0,1.0,0.8833690285682678,36.61390686035156
DiscreteSAC,75,final,388,3388,0.09000000000000001,1.0,1.0,0.3404066264629364,21.883798599243164
DiscreteSAC,75,final,389,3389,0.09000000000000001,1.0,1.0,0.09445299953222275,28.079566955566406
DiscreteSAC,75,final,390,3390,0.09000000000000001,1.0,1.0,0.4603986144065857,52.44706726074219
DiscreteSAC,75,final,391,3391,0.09000000000000001,1.0,1.0,0.13151614367961884,21.918704986572266
DiscreteSAC,75,final,392,3392,0.09000000000000001,1.0,1.0,0.4248201549053192,25.95235824584961
DiscreteSAC,75,final,393,3393,0.09000000000000001,1.0,1.0,0.5808328986167908,60017.609375
DiscreteSAC,75,final,394,3394,0.09000000000000001,1.0,1.0,0.7361680269241333,20.37323760986328
DiscreteSAC,75,final,395,3395,0.09000000000000001,1.0,1.0,0.3608398735523224,32.95740509033203
DiscreteSAC,75,final,396,3396,0.09000000000000001,1.0,1.0,1.295516848564148,45.929901123046875
DiscreteSAC,75,final,397,3397,0.09000000000000001,1.0,1.0,0.7992710471153259,62.35246658325195
DiscreteSAC,75,final,398,3398,0.09000000000000001,1.0,1.0,0.2813780605792999,21.224002838134766
DiscreteSAC,75,final,399,3399,0.002809362411499039,2.0,2.0,0.75395268201828,26.399479866027832
DiscreteSAC,75,final,400,3400,0.09000000000000001,1.0,1.0,0.8027518391609192,13.244741439819336
DiscreteSAC,75,final,401,3401,0.09000000000000001,1.0,1.0,0.6927750706672668,40.99858856201172
DiscreteSAC,75,final,402,3402,-0.02390459001064299,2.0,2.0,0.20420527458190918,54.831406593322754
DiscreteSAC,75,final,403,3403,0.09000000000000001,1.0,1.0,0.2933538258075714,22.868558883666992
DiscreteSAC,75,final,404,3404,0.09000000000000001,1.0,1.0,0.17004086077213287,7.670008182525635
DiscreteSAC,75,final,405,3405,0.06703482747077943,2.0,2.0,0.18784241378307343,19.5054292678833
DiscreteSAC,75,final,406,3406,-0.4848406195640564,10.0,2.0,0.5487560629844666,18625.60778503418
DiscreteSAC,75,final,407,3407,0.09000000000000001,1.0,1.0,0.2295701652765274,11.290022850036621
DiscreteSAC,75,final,408,3408,-0.0923026704788208,4.0,3.0,0.5020138025283813,29.057886600494385
DiscreteSAC,75,final,409,3409,0.20550365924835207,2.0,2.0,0.6756690144538879,35.7710485458374
DiscreteSAC,75,final,410,3410,0.053976582288742074,2.0,2.0,0.37746575474739075,48.53842544555664
DiscreteSAC,75,final,411,3411,-0.6101978898048401,10.0,2.0,0.94473797082901,18.638150930404663
DiscreteSAC,75,final,412,3412,0.1230266857147217,2.0,2.0,0.8309518694877625,17.424452781677246
DiscreteSAC,75,final,413,3413,0.012723989486694356,3.0,3.0,0.8318074941635132,18454.01952679952
DiscreteSAC,75,final,414,3414,0.3072627353668213,2.0,2.0,1.116552710533142,76.57662200927734
DiscreteSAC,75,final,415,3415,-0.057978966236114496,4.0,2.0,0.3939734995365143,23.506557941436768
DiscreteSAC,75,final,416,3416,0.028048820495605482,3.0,3.0,0.6524630784988403,47.00221633911133
DiscreteSAC,75,final,417,3417,0.03226501464843751,3.0,3.0,0.5788546800613403,27.473208745320637
DiscreteSAC,75,final,418,3418,0.10829968929290773,2.0,2.0,0.8419436812400818,48.85018253326416
DiscreteSAC,75,final,419,3419,-0.48747222423553466,10.0,2.0,1.0260640382766724,21.549600028991698
DiscreteSAC,75,final,420,3420,0.09000000000000001,1.0,1.0,0.8809944987297058,19.259681701660156
DiscreteSAC,75,final,421,3421,-0.4704859256744385,10.0,3.0,0.5171309113502502,59.411297702789305
DiscreteSAC,75,final,422,3422,-0.18233400583267215,10.0,3.0,0.5130997896194458,224.18121767044067
DiscreteSAC,75,final,423,3423,-0.7736278057098391,10.0,2.0,0.7707424759864807,42.31404190063476
DiscreteSAC,75,final,424,3424,0.09000000000000001,1.0,1.0,0.8559817671775818,11.245128631591797
DiscreteSAC,75,final,425,3425,-0.6508145213127138,10.0,2.0,0.4704394042491913,2517.6872109889982
DiscreteSAC,75,final,426,3426,0.0828202533721924,2.0,2.0,0.9975231885910034,9.56943964958191
DiscreteSAC,75,final,427,3427,-0.4572515368461609,10.0,2.0,0.4895923137664795,34.00372347831726
DiscreteSAC,75,final,428,3428,0.10299588918685915,2.0,2.0,0.8391924500465393,89.49246215820312
DiscreteSAC,75,final,429,3429,0.18376715660095216,2.0,2.0,0.8352037072181702,60.55717849731445
DiscreteSAC,75,final,430,3430,0.06831325054168702,4.0,3.0,0.8262602686882019,39.71189546585083
DiscreteSAC,75,final,431,3431,0.06697632551193239,2.0,2.0,0.12018018215894699,105.83127021789551
DiscreteSAC,75,final,432,3432,-0.6557612895965578,10.0,2.0,1.0618770122528076,292.2495411396027
DiscreteSAC,75,final,433,3433,-0.4605687439441681,10.0,2.0,0.43437179923057556,21.52909972667694
DiscreteSAC,75,final,434,3434,-0.06087742805480957,6.0,3.0,0.9628194570541382,37.823647340138756
DiscreteSAC,75,final,435,3435,-0.22403095006942747,9.0,3.0,0.8482345342636108,13.669183572133383
DiscreteSAC,75,final,436,3436,-0.398394912481308,10.0,3.0,0.4166093170642853,12.556589961051941
DiscreteSAC,75,final,437,3437,-0.13752451896667478,6.0,2.0,0.527682363986969,11579.025446176529
DiscreteSAC,75,final,438,3438,-0.09968565940856931,4.0,3.0,0.7191606163978577,19.686973810195923
DiscreteSAC,75,final,439,3439,0.5279942274093627,5.0,3.0,0.8230490684509277,28.00859260559082
DiscreteSAC,75,final,440,3440,-0.6500770032405855,10.0,2.0,0.24054241180419922,358.40833139419556
DiscreteSAC,75,final,441,3441,0.09000000000000001,1.0,1.0,0.2044280618429184,76.0994873046875
DiscreteSAC,75,final,442,3442,0.09000000000000001,1.0,1.0,0.12328080832958221,24.862144470214844
DiscreteSAC,75,final,443,3443,0.09000000000000001,1.0,1.0,0.2709329426288605,20.636119842529297
DiscreteSAC,75,final,444,3444,0.06427760601043703,2.0,2.0,1.093104362487793,8.816091299057007
DiscreteSAC,75,final,445,3445,0.09000000000000001,1.0,1.0,0.6030560731887817,112.25662994384766
DiscreteSAC,75,final,446,3446,-0.7593349099159243,10.0,2.0,0.8572831749916077,30.443046545982362
DiscreteSAC,75,final,447,3447,0.2420161533355713,2.0,2.0,0.6064892411231995,8.462642669677734
DiscreteSAC,75,final,448,3448,-0.5155024409294129,10.0,2.0,0.902861475944519,13.09703688621521
DiscreteSAC,75,final,449,3449,-0.18121192216873167,6.0,2.0,0.7826679944992065,15.170945286750793
DiscreteSAC,75,final,450,3450,0.08980417966842652,3.0,3.0,0.5282707810401917,8.460509618123373
DiscreteSAC,75,final,451,3451,-0.2176386022567749,9.0,4.0,0.6932715773582458,5.354515035947164
DiscreteSAC,75,final,452,3452,0.13882434606552124,6.0,4.0,0.7646160125732422,19.72078037261963
DiscreteSAC,75,final,453,3453,-0.1628702163696289,10.0,4.0,0.6007680892944336,4607.423736190796
DiscreteSAC,75,final,454,3454,-0.5168967080116272,7.0,3.0,1.1299442052841187,51.63490472521101
DiscreteSAC,75,final,455,3455,0.024785180091857914,3.0,2.0,0.7656607031822205,18.890942732493084
DiscreteSAC,75,final,456,3456,-0.015889277458190923,4.0,3.0,0.6965931057929993,15.494629621505737
DiscreteSAC,75,final,457,3457,-0.17921637058258055,6.0,3.0,0.23996126651763916,20.697789510091145
DiscreteSAC,75,final,458,3458,-0.33323070526123044,7.0,2.0,0.645237147808075,69.19440398897443
DiscreteSAC,75,final,459,3459,-0.11601468682289125,6.0,4.0,0.4067225456237793,10.947582006454468
DiscreteSAC,75,final,460,3460,-0.16038696527481078,6.0,3.0,0.3414505422115326,11.12134051322937
DiscreteSAC,75,final,461,3461,0.005370917320251453,6.0,4.0,0.7920929789543152,203.38110637664795
DiscreteSAC,75,final,462,3462,-0.17324476242065429,10.0,4.0,1.0443300008773804,221.37515182495116
DiscreteSAC,75,final,463,3463,0.032649106979370124,3.0,3.0,0.3652515709400177,10.896500905354818
DiscreteSAC,75,final,464,3464,0.18284196376800538,3.0,3.0,1.0378330945968628,8.589905897776285
DiscreteSAC,75,final,465,3465,0.18650922894477845,3.0,3.0,0.3202137351036072,2.3794250090916953
DiscreteSAC,75,final,466,3466,0.015263844728469853,3.0,2.0,0.3046717047691345,19.45086153348287
DiscreteSAC,75,final,467,3467,-0.5219153165817261,10.0,3.0,0.7912319302558899,3946.4185158252717
DiscreteSAC,75,final,468,3468,0.03558859407901765,2.0,2.0,0.25759026408195496,38.09618282318115
DiscreteSAC,75,final,469,3469,0.09000000000000001,1.0,1.0,0.11200586706399918,210.72476196289062
DiscreteSAC,75,final,470,3470,-0.012424809932708725,2.0,2.0,0.6327314376831055,30.64564037322998
DiscreteSAC,75,final,471,3471,0.22765798091888428,3.0,3.0,0.7373564839363098,345.2033398946126
DiscreteSAC,75,final,472,3472,0.073625305891037,4.0,3.0,0.47147002816200256,29.77540612220764
DiscreteSAC,75,final,473,3473,-0.49207769632339476,10.0,2.0,0.794826865196228,1921.960669708252
DiscreteSAC,75,final,474,3474,0.09000000000000001,1.0,1.0,1.1963958740234375,11174.6474609375
DiscreteSAC,75,final,475,3475,-0.45370203256607056,10.0,3.0,0.6852380633354187,320.0079951286316
DiscreteSAC,75,final,476,3476,-0.29032537221908566,8.0,2.0,0.4255516231060028,251.80321967601776
DiscreteSAC,75,final,477,3477,0.09000000000000001,1.0,1.0,0.09103108942508698,34.45085144042969
DiscreteSAC,75,final,478,3478,0.09000000000000001,1.0,1.0,0.8770046234130859,13.47461986541748
DiscreteSAC,75,final,479,3479,0.09000000000000001,1.0,1.0,0.7818783521652222,87.16157531738281
DiscreteSAC,75,final,480,3480,0.09000000000000001,1.0,1.0,0.8736488223075867,43.61946105957031
DiscreteSAC,75,final,481,3481,0.09000000000000001,1.0,1.0,0.8572748899459839,15.98452377319336
DiscreteSAC,75,final,482,3482,0.09000000000000001,1.0,1.0,0.6097666621208191,14.275830268859863
DiscreteSAC,75,final,483,3483,0.09000000000000001,1.0,1.0,0.8195691704750061,430.4122009277344
DiscreteSAC,75,final,484,3484,0.09000000000000001,1.0,1.0,0.8262683153152466,16.486244201660156
DiscreteSAC,75,final,485,3485,-0.008825166225433334,2.0,2.0,0.8062624335289001,20.509693145751953
DiscreteSAC,75,final,486,3486,0.1568026411533356,2.0,2.0,0.48218271136283875,33.577019691467285
DiscreteSAC,75,final,487,3487,0.05010001540184022,2.0,2.0,0.2286480814218521,56.910306453704834
DiscreteSAC,75,final,488,3488,0.12337567090988161,2.0,2.0,0.26008501648902893,30.752917289733887
DiscreteSAC,75,final,489,3489,-0.48174666166305546,10.0,2.0,0.8266725540161133,14.454249572753906
DiscreteSAC,75,final,490,3490,0.13002110481262208,4.0,3.0,0.9589654207229614,1463.7363317012787
DiscreteSAC,75,final,491,3491,-0.09149279952049257,6.0,4.0,0.49496597051620483,38948.308448791504
DiscreteSAC,75,final,492,3492,-0.5280194878578186,10.0,3.0,0.49402713775634766,160.07465095520018
DiscreteSAC,75,final,493,3493,-0.46850215196609496,10.0,2.0,0.5040072202682495,52.26506080627441
DiscreteSAC,75,final,494,3494,-0.20845805168151854,6.0,3.0,0.7880424857139587,28.000281890233357
DiscreteSAC,75,final,495,3495,-0.3314371705055237,10.0,3.0,0.43793177604675293,40365.14106340408
DiscreteSAC,75,final,496,3496,-0.42964413166046145,10.0,5.0,0.5477668046951294,62.35277462005615
DiscreteSAC,75,final,497,3497,-0.18225530862808226,8.0,3.0,0.8547354340553284,143.52380657196045
DiscreteSAC,75,final,498,3498,0.09000000000000001,1.0,1.0,0.7483286261558533,267.33251953125
DiscreteSAC,75,final,499,3499,0.09000000000000001,1.0,1.0,1.0108476877212524,77.74173736572266
DiscreteSAC,75,final,500,3500,0.09000000000000001,1.0,1.0,0.3704202473163605,173465.734375
DiscreteSAC,75,final,501,3501,0.09000000000000001,1.0,1.0,0.26883119344711304,79.63976287841797
DiscreteSAC,75,final,502,3502,0.09000000000000001,1.0,1.0,0.13613899052143097,110.0733871459961
DiscreteSAC,75,final,503,3503,0.09000000000000001,1.0,1.0,0.7507197260856628,112.084228515625
DiscreteSAC,75,final,504,3504,0.09000000000000001,1.0,1.0,0.17632468044757843,457.2901916503906
DiscreteSAC,75,final,505,3505,-0.5724826633930207,10.0,2.0,0.5112078785896301,595.6827793121338
DiscreteSAC,75,final,506,3506,-0.4360185742378235,10.0,2.0,0.8906167149543762,12012.457884788513
DiscreteSAC,75,final,507,3507,0.3013246822357178,2.0,2.0,0.9727898836135864,2990.6893463134766
DiscreteSAC,75,final,508,3508,-0.3264155268669129,10.0,2.0,0.7917094826698303,247.42785034179687
DiscreteSAC,75,final,509,3509,-0.6570671677589418,10.0,2.0,0.8726931214332581,38.27621288299561
DiscreteSAC,75,final,510,3510,0.09000000000000001,1.0,1.0,0.22150090336799622,87.40234375
DiscreteSAC,75,final,511,3511,0.09000000000000001,1.0,1.0,0.39625802636146545,971.9589233398438
DiscreteSAC,75,final,512,3512,0.09000000000000001,1.0,1.0,0.11975792795419693,36.90480041503906
DiscreteSAC,75,final,513,3513,-0.5724975049495697,10.0,2.0,0.49871009588241577,38.92209720611572
DiscreteSAC,75,final,514,3514,0.17620732069015504,2.0,2.0,0.7396749258041382,41.44954299926758
DiscreteSAC,75,final,515,3515,0.09000000000000001,1.0,1.0,0.2519986629486084,30.142099380493164
DiscreteSAC,75,final,516,3516,0.09000000000000001,1.0,1.0,0.54095858335495,12.66660213470459
DiscreteSAC,75,final,517,3517,0.09000000000000001,1.0,1.0,0.4105069041252136,25.687162399291992
DiscreteSAC,75,final,518,3518,0.07059078842401506,2.0,2.0,0.12143814563751221,53480.545372486115
DiscreteSAC,75,final,519,3519,-0.4923256516456604,10.0,2.0,0.9599223732948303,351.29993743896483
DiscreteSAC,75,final,520,3520,-0.3022888958454132,10.0,3.0,0.29982396960258484,154.69740085601808
DiscreteSAC,75,final,521,3521,0.024959583282470707,3.0,2.0,0.42440271377563477,43707.79909642538
DiscreteSAC,75,final,522,3522,0.2867604660987854,2.0,2.0,0.9749498963356018,76.04035949707031
DiscreteSAC,75,final,523,3523,0.08407837331295015,2.0,2.0,0.24440829455852509,130.5649242401123
DiscreteSAC,75,final,524,3524,-0.08769883036613464,2.0,2.0,0.5193248987197876,42.0231876373291
DiscreteSAC,75,final,525,3525,0.09000000000000001,1.0,1.0,0.23178349435329437,1314.960693359375
DiscreteSAC,75,final,526,3526,-0.04651678919792175,2.0,2.0,0.48006007075309753,302.58138847351074
DiscreteSAC,75,final,527,3527,0.09000000000000001,1.0,1.0,0.4754098951816559,103.53080749511719
DiscreteSAC,75,final,528,3528,0.15117347419261934,2.0,2.0,0.1679699420928955,32.96624183654785
DiscreteSAC,75,final,529,3529,-0.7200537502765657,10.0,2.0,0.5955460667610168,52.472953128814694
DiscreteSAC,75,final,530,3530,-0.5598693892359734,10.0,2.0,0.1308184415102005,34.79980421066284
DiscreteSAC,75,final,531,3531,0.09000000000000001,1.0,1.0,0.8351663947105408,18.91387939453125
DiscreteSAC,75,final,532,3532,-0.5656859681010247,10.0,2.0,0.03938361629843712,36.723147583007815
DiscreteSAC,75,final,533,3533,0.09000000000000001,1.0,1.0,0.1626005619764328,30.299192428588867
DiscreteSAC,75,final,534,3534,-0.5725847959518433,10.0,2.0,0.7294658422470093,868.5333275794983
DiscreteSAC,75,final,535,3535,-0.6123135566711426,10.0,2.0,0.8746447563171387,212.79225120544433
DiscreteSAC,75,final,536,3536,0.18587310791015627,2.0,2.0,0.4030420184135437,45.082125663757324
DiscreteSAC,75,final,537,3537,-0.20306660294532775,6.0,3.0,0.21959595382213593,40.904609044392906
DiscreteSAC,75,final,538,3538,-0.6405971527099611,10.0,2.0,0.4858061373233795,41.94320697784424
DiscreteSAC,75,final,539,3539,0.09000000000000001,1.0,1.0,0.24669349193572998,50.631683349609375
DiscreteSAC,75,final,540,3540,-0.49564361572265625,10.0,3.0,0.5702545046806335,12937.277979850769
DiscreteSAC,75,final,541,3541,0.07997950077056885,4.0,2.0,0.6855000257492065,65.22785806655884
DiscreteSAC,75,final,542,3542,-0.6261765241622926,10.0,2.0,0.7608755230903625,221.35296421051027
DiscreteSAC,75,final,543,3543,0.09000000000000001,1.0,1.0,0.5829757452011108,70.51519775390625
DiscreteSAC,75,final,544,3544,0.039238879680633554,4.0,3.0,0.5219101905822754,39.871397495269775
DiscreteSAC,75,final,545,3545,0.09000000000000001,1.0,1.0,0.29455262422561646,15.605649948120117
DiscreteSAC,75,final,546,3546,0.09000000000000001,1.0,1.0,0.8062216639518738,61.27001953125
DiscreteSAC,75,final,547,3547,0.09000000000000001,1.0,1.0,0.6314213871955872,22.888246536254883
DiscreteSAC,75,final,548,3548,-0.021808428764343246,2.0,2.0,0.866780698299408,37.479251861572266
DiscreteSAC,75,final,549,3549,0.09000000000000001,1.0,1.0,1.280002236366272,84144.2890625
DiscreteSAC,75,final,550,3550,0.1289460754394531,4.0,3.0,0.6230906248092651,41.6945219039917
DiscreteSAC,75,final,551,3551,0.09000000000000001,1.0,1.0,0.5728358030319214,78.02855682373047
DiscreteSAC,75,final,552,3552,0.09000000000000001,1.0,1.0,0.23111870884895325,45.267433166503906
DiscreteSAC,75,final,553,3553,-0.06947622537612914,9.0,3.0,0.760313868522644,291.5339339574178
DiscreteSAC,75,final,554,3554,0.09000000000000001,1.0,1.0,0.25253352522850037,59.87682342529297
DiscreteSAC,75,final,555,3555,0.2586316537857056,3.0,3.0,1.112904667854309,41.99525006612142
DiscreteSAC,75,final,556,3556,0.09000000000000001,1.0,1.0,0.31209418177604675,13.752006530761719
DiscreteSAC,75,final,557,3557,0.09000000000000001,1.0,1.0,0.7742744088172913,35.54075622558594
DiscreteSAC,75,final,558,3558,-0.5617520093917847,10.0,2.0,0.952311098575592,93744.38550071717
DiscreteSAC,75,final,559,3559,-0.44051097631454467,10.0,2.0,0.7413023710250854,30922.629459381104
DiscreteSAC,75,final,560,3560,0.09000000000000001,1.0,1.0,0.4345162808895111,1162.6947021484375
DiscreteSAC,75,final,561,3561,-0.4854137897491455,10.0,3.0,0.658264696598053,1671.2924224853516
DiscreteSAC,75,final,562,3562,-0.6045610308647157,10.0,3.0,0.6454676389694214,67108.31184864044
DiscreteSAC,75,final,563,3563,0.09000000000000001,1.0,1.0,0.9766181707382202,1345.84912109375
DiscreteSAC,75,final,564,3564,-0.1047222352027893,6.0,2.0,0.7758646011352539,252.80660502115884
DiscreteSAC,75,final,565,3565,-0.5408002734184265,10.0,3.0,0.19538328051567078,9150.672308540345
DiscreteSAC,75,final,566,3566,0.09000000000000001,1.0,1.0,0.6132203936576843,83.50714874267578
DiscreteSAC,75,final,567,3567,-0.24913112640380858,7.0,3.0,1.0789471864700317,226.5290151323591
DiscreteSAC,75,final,568,3568,-0.40641717910766606,10.0,2.0,0.5855299830436707,313.11386947631837
DiscreteSAC,75,final,569,3569,-0.39596053361892697,10.0,2.0,0.4440329670906067,188.5727170944214
DiscreteSAC,75,final,570,3570,0.09000000000000001,1.0,1.0,0.7105046510696411,23.469892501831055
DiscreteSAC,75,final,571,3571,0.09000000000000001,1.0,1.0,0.5695669054985046,20.44436264038086
DiscreteSAC,75,final,572,3572,0.09000000000000001,1.0,1.0,0.6677938103675842,546.8516235351562
DiscreteSAC,75,final,573,3573,0.09000000000000001,1.0,1.0,0.06961412727832794,46.413848876953125
DiscreteSAC,75,final,574,3574,-0.6141000866889954,10.0,2.0,1.0275404453277588,35.64772891998291
DiscreteSAC,75,final,575,3575,0.09000000000000001,1.0,1.0,0.22945572435855865,15.4351806640625
DiscreteSAC,75,final,576,3576,-0.7313722252845766,10.0,2.0,0.5628294944763184,890.50237159729
DiscreteSAC,75,final,577,3577,-0.16387912750244138,7.0,2.0,1.0693241357803345,23.325137274605886
DiscreteSAC,75,final,578,3578,-0.5309251725673676,10.0,2.0,0.40858763456344604,65.18025465011597
DiscreteSAC,75,final,579,3579,0.09000000000000001,1.0,1.0,1.3417140245437622,195.02218627929688
DiscreteSAC,75,final,580,3580,-0.37452046871185307,10.0,2.0,0.9196149110794067,155.59370851516724
DiscreteSAC,75,final,581,3581,0.09000000000000001,1.0,1.0,0.4504251778125763,28.206125259399414
DiscreteSAC,75,final,582,3582,0.09000000000000001,1.0,1.0,0.7478694915771484,39.12501525878906
DiscreteSAC,75,final,583,3583,-0.6328218758106233,10.0,2.0,0.5311101675033569,40.94172058105469
DiscreteSAC,75,final,584,3584,-0.31946814894676206,9.0,3.0,0.3330039381980896,34.62916278839111
DiscreteSAC,75,final,585,3585,0.09000000000000001,1.0,1.0,0.09778618812561035,33.997840881347656
DiscreteSAC,75,final,586,3586,0.09000000000000001,1.0,1.0,0.8587207198143005,24.88284683227539
DiscreteSAC,75,final,587,3587,0.09000000000000001,1.0,1.0,0.7639890313148499,24.862197875976562
DiscreteSAC,75,final,588,3588,0.05687119483947754,3.0,2.0,0.6064266562461853,22.83723036448161
DiscreteSAC,75,final,589,3589,-0.6792778104543687,10.0,2.0,0.3263147175312042,10608.629261016846
DiscreteSAC,75,final,590,3590,-0.4074805855751038,10.0,2.0,0.994888961315155,998.6973790168762
DiscreteSAC,75,final,591,3591,0.09000000000000001,1.0,1.0,0.0652538612484932,73.41338348388672
DiscreteSAC,75,final,592,3592,-0.5669826745986939,10.0,2.0,0.700289249420166,201.77460498809813
DiscreteSAC,75,final,593,3593,-0.39576338529586796,10.0,2.0,0.5577540397644043,55.70817813873291
DiscreteSAC,75,final,594,3594,-0.36251230835914616,10.0,2.0,0.478850394487381,22995.365569162368
DiscreteSAC,75,final,595,3595,0.10412062883377077,2.0,2.0,0.6284009218215942,109.78565216064453
DiscreteSAC,75,final,596,3596,-0.29584855467081067,8.0,2.0,0.08626848459243774,554.786764383316
DiscreteSAC,75,final,597,3597,-0.6913568258285524,10.0,2.0,0.6824625134468079,394.2811340332031
DiscreteSAC,75,final,598,3598,-0.6378184437751772,10.0,2.0,0.6199117302894592,464.26731834411623
DiscreteSAC,75,final,599,3599,0.09000000000000001,1.0,1.0,0.2902337908744812,7162.638671875
DiscreteSAC,75,final,600,3600,0.09000000000000001,1.0,1.0,0.7558385729789734,22.764726638793945
DiscreteSAC,75,final,601,3601,0.07605425238609315,3.0,3.0,0.4807035028934479,70.68158721923828
DiscreteSAC,75,final,602,3602,0.09000000000000001,1.0,1.0,0.2783668041229248,134.81658935546875
DiscreteSAC,75,final,603,3603,0.09000000000000001,1.0,1.0,0.8972167372703552,58.88160705566406
DiscreteSAC,75,final,604,3604,-0.5192490220069885,10.0,3.0,0.3494780361652374,83990.14872608185
DiscreteSAC,75,final,605,3605,-0.4688878059387207,10.0,3.0,1.0905851125717163,218.6137607574463
DiscreteSAC,75,final,606,3606,0.07361181497573853,3.0,2.0,0.3579340875148773,53.67357508341471
DiscreteSAC,75,final,607,3607,0.07304229021072389,2.0,2.0,0.5777937173843384,3039.5325622558594
DiscreteSAC,75,final,608,3608,-0.5054803967475892,10.0,2.0,0.2656826078891754,103.85751037597656
DiscreteSAC,75,final,609,3609,-0.3142331480979919,10.0,2.0,0.39569351077079773,71588.64085769653
DiscreteSAC,75,final,610,3610,-0.40575860738754277,10.0,2.0,0.7955561280250549,274.12999591827395
DiscreteSAC,75,final,611,3611,0.09000000000000001,1.0,1.0,0.8135727047920227,98.37515258789062
DiscreteSAC,75,final,612,3612,0.09000000000000001,1.0,1.0,0.0621052049100399,21.316267013549805
DiscreteSAC,75,final,613,3613,0.2293372917175293,2.0,2.0,0.7067381739616394,38.55645561218262
DiscreteSAC,75,final,614,3614,0.09000000000000001,1.0,1.0,0.1636839210987091,30.582073211669922
DiscreteSAC,75,final,615,3615,0.09000000000000001,1.0,1.0,0.3739810585975647,29.123310089111328
DiscreteSAC,75,final,616,3616,0.09000000000000001,1.0,1.0,0.9492371678352356,105.5012435913086
DiscreteSAC,75,final,617,3617,0.09000000000000001,1.0,1.0,0.7507452368736267,28.993505477905273
DiscreteSAC,75,final,618,3618,0.12258373379707338,2.0,2.0,0.415863573551178,160.91470336914062
DiscreteSAC,75,final,619,3619,0.09000000000000001,1.0,1.0,1.3241459131240845,26.197132110595703
DiscreteSAC,75,final,620,3620,0.09000000000000001,1.0,1.0,0.2922784388065338,29.255107879638672
DiscreteSAC,75,final,621,3621,0.183233277797699,2.0,2.0,0.5418299436569214,371.0928783416748
DiscreteSAC,75,final,622,3622,0.09000000000000001,1.0,1.0,0.3584209978580475,272.72509765625
DiscreteSAC,75,final,623,3623,0.09000000000000001,1.0,1.0,0.15806840360164642,224.52828979492188
DiscreteSAC,75,final,624,3624,0.09000000000000001,1.0,1.0,0.18994614481925964,52.924888610839844
DiscreteSAC,75,final,625,3625,0.09000000000000001,1.0,1.0,0.13044549524784088,58.494163513183594
DiscreteSAC,75,final,626,3626,0.09000000000000001,1.0,1.0,0.32051631808280945,31.533592224121094
DiscreteSAC,75,final,627,3627,0.021160674095153806,5.0,3.0,0.9199338555335999,29.796981811523438
DiscreteSAC,75,final,628,3628,0.09000000000000001,1.0,1.0,0.6045886278152466,63.154396057128906
DiscreteSAC,75,final,629,3629,0.09000000000000001,1.0,1.0,0.5071325898170471,20.057729721069336
DiscreteSAC,75,final,630,3630,0.09000000000000001,1.0,1.0,0.9449372291564941,123.20455932617188
DiscreteSAC,75,final,631,3631,0.09000000000000001,1.0,1.0,0.05863048508763313,26.625347137451172
DiscreteSAC,75,final,632,3632,0.09000000000000001,1.0,1.0,0.6069847941398621,46.56722640991211
DiscreteSAC,75,final,633,3633,0.09000000000000001,1.0,1.0,0.2569536864757538,29.85797119140625
DiscreteSAC,75,final,634,3634,-0.35419148206710815,10.0,3.0,0.9205783009529114,1059.2088413238525
DiscreteSAC,75,final,635,3635,-0.008880295753478998,4.0,2.0,0.353030264377594,32.332833766937256
DiscreteSAC,75,final,636,3636,0.09000000000000001,1.0,1.0,0.7861107587814331,64.28108215332031
DiscreteSAC,75,final,637,3637,-0.5315368056297303,10.0,2.0,0.6826786994934082,70.98582897186279
DiscreteSAC,75,final,638,3638,-0.44728636741638184,10.0,3.0,0.6397278904914856,42.005787467956544
DiscreteSAC,75,final,639,3639,-0.0771142649650574,8.0,3.0,0.7507038712501526,168.61909198760986
DiscreteSAC,75,final,640,3640,-0.7960336357355119,10.0,3.0,0.5029332041740417,49.02790355682373
DiscreteSAC,75,final,641,3641,-0.40348953008651733,10.0,3.0,0.2811523973941803,31.328814888000487
DiscreteSAC,75,final,642,3642,-0.6175031781196594,10.0,4.0,0.332341730594635,2091.971398448944
DiscreteSAC,75,final,643,3643,-0.151915163397789,6.0,3.0,0.16905143857002258,24.87090301513672
DiscreteSAC,75,final,644,3644,-0.13687156438827514,5.0,3.0,0.36051490902900696,26.442578125
DiscreteSAC,75,final,645,3645,-0.5923889458179474,10.0,2.0,0.3664998412132263,94.95773658752441
DiscreteSAC,75,final,646,3646,-0.18727800250053406,5.0,4.0,0.47916799783706665,33106.70231590271
DiscreteSAC,75,final,647,3647,-0.4273684620857239,10.0,3.0,0.18591269850730896,530.1971925735473
DiscreteSAC,75,final,648,3648,0.2705077695846558,2.0,2.0,0.6603626608848572,68.12263488769531
DiscreteSAC,75,final,649,3649,0.041112194061279306,4.0,3.0,1.0905851125717163,70.9658613204956
DiscreteSAC,75,final,650,3650,0.09000000000000001,1.0,1.0,0.5484689474105835,75.94571685791016
DiscreteSAC,75,final,651,3651,-0.38600366115570073,10.0,2.0,0.7207125425338745,115.61716861724854
DiscreteSAC,75,final,652,3652,-0.4560544490814209,10.0,3.0,0.5878676772117615,40.83505630493164
DiscreteSAC,75,final,653,3653,0.09000000000000001,1.0,1.0,0.8795911073684692,21.884506225585938
DiscreteSAC,75,final,654,3654,0.09000000000000001,1.0,1.0,0.6990168690681458,117.22837829589844
DiscreteSAC,75,final,655,3655,0.09000000000000001,1.0,1.0,0.47356152534484863,43.8602180480957
DiscreteSAC,75,final,656,3656,0.09000000000000001,1.0,1.0,0.7053805589675903,38.308937072753906
DiscreteSAC,75,final,657,3657,0.09000000000000001,1.0,1.0,0.7756038904190063,37.76869201660156
DiscreteSAC,75,final,658,3658,-0.07086538553237916,3.0,3.0,0.8063449263572693,40.779698053995766
DiscreteSAC,75,final,659,3659,0.09000000000000001,1.0,1.0,0.11736635118722916,127.16087341308594
DiscreteSAC,75,final,660,3660,-0.5688695788383484,10.0,2.0,0.5620330572128296,62.899031448364255
DiscreteSAC,75,final,661,3661,0.09000000000000001,1.0,1.0,1.0308972597122192,32.525604248046875
DiscreteSAC,75,final,662,3662,0.1620610523223877,2.0,2.0,0.7018810510635376,27.63893222808838
DiscreteSAC,75,final,663,3663,0.09000000000000001,1.0,1.0,0.5571237802505493,9.428327560424805
DiscreteSAC,75,final,664,3664,0.09000000000000001,1.0,1.0,0.705511212348938,144.5235137939453
DiscreteSAC,75,final,665,3665,-0.35857836484909056,8.0,3.0,0.6021398901939392,22.66888928413391
DiscreteSAC,75,final,666,3666,-0.6190467774868013,10.0,3.0,0.6166400909423828,2106.101477718353
DiscreteSAC,75,final,667,3667,-0.5739166617393494,10.0,2.0,0.10451748222112656,132.4138961791992
DiscreteSAC,75,final,668,3668,-0.3639771342277527,10.0,3.0,0.9400398135185242,62.792015838623044
DiscreteSAC,75,final,669,3669,-0.565672516822815,10.0,3.0,0.6789788603782654,119.76004695892334
DiscreteSAC,75,final,670,3670,-0.44170392751693727,10.0,4.0,0.4121362566947937,110.22260484695434
DiscreteSAC,75,final,671,3671,0.09000000000000001,1.0,1.0,0.43946000933647156,24.425180435180664
DiscreteSAC,75,final,672,3672,0.09000000000000001,1.0,1.0,0.2741177976131439,13.352790832519531
DiscreteSAC,75,final,673,3673,-0.6013018488883973,10.0,3.0,0.3860636055469513,12650.618408584594
DiscreteSAC,75,final,674,3674,0.09000000000000001,1.0,1.0,0.5771242380142212,62.26372528076172
DiscreteSAC,75,final,675,3675,0.15188438415527344,3.0,3.0,0.4936848282814026,59.77633794148763
DiscreteSAC,75,final,676,3676,0.06416066169738771,7.0,3.0,0.632253110408783,2482.7212070737564
DiscreteSAC,75,final,677,3677,-0.18798519372940065,10.0,6.0,0.6338801383972168,191.35795154571534
DiscreteSAC,75,final,678,3678,0.09000000000000001,1.0,1.0,0.9218958020210266,65.63082885742188
DiscreteSAC,75,final,679,3679,-0.03456065893173217,4.0,2.0,0.6404556035995483,32.82187223434448
DiscreteSAC,75,final,680,3680,0.05558362782001496,2.0,2.0,0.2237188071012497,44.57552528381348
DiscreteSAC,75,final,681,3681,-0.07381824493408203,4.0,2.0,0.7408944368362427,43.54236173629761
DiscreteSAC,75,final,682,3682,0.09000000000000001,1.0,1.0,0.8333739042282104,50.96767807006836
DiscreteSAC,75,final,683,3683,-0.03281550168991089,6.0,3.0,0.8348816633224487,131.5826686223348
DiscreteSAC,75,final,684,3684,0.09000000000000001,1.0,1.0,0.795179545879364,12.429239273071289
DiscreteSAC,75,final,685,3685,-0.7591800391674044,10.0,3.0,0.619724452495575,77.19302473068237
DiscreteSAC,75,final,686,3686,-0.5631441950798035,10.0,2.0,0.6813974976539612,71.77524013519287
DiscreteSAC,75,final,687,3687,0.09000000000000001,1.0,1.0,0.9462084770202637,563.3764038085938
DiscreteSAC,75,final,688,3688,-0.04095138430595398,2.0,2.0,0.6114963889122009,64.26924133300781
DiscreteSAC,75,final,689,3689,0.09000000000000001,1.0,1.0,0.7663270831108093,115.49295043945312
DiscreteSAC,75,final,690,3690,-0.6344150006771089,10.0,3.0,0.4086887240409851,83.7977635383606
DiscreteSAC,75,final,691,3691,-0.42373979091644287,10.0,3.0,0.8634753823280334,37.5787257194519
DiscreteSAC,75,final,692,3692,-0.44438475370407104,10.0,3.0,0.46544861793518066,1952.6444545745849
DiscreteSAC,75,final,693,3693,-0.5912682294845581,10.0,2.0,0.5957525372505188,1414.8947814941407
DiscreteSAC,75,final,694,3694,-0.378352427482605,10.0,5.0,0.33920159935951233,182.87230129241942
DiscreteSAC,75,final,695,3695,-0.4184642434120178,10.0,3.0,0.718845009803772,83.99274215698242
DiscreteSAC,75,final,696,3696,-0.3245068895816803,8.0,3.0,0.2893963158130646,30.885823845863342
DiscreteSAC,75,final,697,3697,0.09000000000000001,1.0,1.0,1.0133477449417114,433066.75
DiscreteSAC,75,final,698,3698,0.06710617423057558,2.0,2.0,0.29674890637397766,25.151856899261475
DiscreteSAC,75,final,699,3699,-0.32591067552566527,10.0,4.0,0.5940669178962708,913.2693737030029
DiscreteSAC,75,final,700,3700,0.04119013965129853,3.0,3.0,0.2770228683948517,425.48560587565106
DiscreteSAC,75,final,701,3701,-0.4046150326728821,10.0,2.0,0.8428133726119995,1865.943197631836
DiscreteSAC,75,final,702,3702,0.1792669463157654,2.0,2.0,0.810623824596405,62.637399673461914
DiscreteSAC,75,final,703,3703,0.14856107711791994,2.0,2.0,0.5741945505142212,2410.8288650512695
DiscreteSAC,75,final,704,3704,0.09000000000000001,1.0,1.0,1.2037097215652466,39.55200958251953
DiscreteSAC,75,final,705,3705,-0.3663053095340729,10.0,2.0,0.355117529630661,704.8670135498047
DiscreteSAC,75,final,706,3706,0.09000000000000001,1.0,1.0,0.4417354166507721,69.0062484741211
DiscreteSAC,75,final,707,3707,-0.5359250903129578,10.0,3.0,0.30815863609313965,2590.562954902649
DiscreteSAC,75,final,708,3708,0.0062071228027343744,6.0,3.0,0.8899421691894531,126.38508160909016
DiscreteSAC,75,final,709,3709,-0.5104070782661438,10.0,2.0,0.9745358824729919,5554.537747001648
DiscreteSAC,75,final,710,3710,-0.4116520762443543,10.0,2.0,0.2687556743621826,139.68345413208007
DiscreteSAC,75,final,711,3711,-0.5709660768508912,10.0,4.0,0.679780900478363,89.39129333496093
DiscreteSAC,75,final,712,3712,-0.4417526125907898,10.0,3.0,0.7829809188842773,2247.635117149353
DiscreteSAC,75,final,713,3713,-0.2838964581489563,10.0,4.0,0.5250709056854248,36717.816367721556
DiscreteSAC,75,final,714,3714,-0.14972840070724486,7.0,3.0,0.5384948253631592,1214.8219032287598
DiscreteSAC,75,final,715,3715,0.09000000000000001,1.0,1.0,0.8680392503738403,209.44044494628906
DiscreteSAC,75,final,716,3716,-0.04665581226348876,4.0,2.0,0.4506876766681671,445.0026264190674
DiscreteSAC,75,final,717,3717,-0.6214934438467027,10.0,3.0,0.29456427693367004,511.2545249938965
DiscreteSAC,75,final,718,3718,0.03718723773956299,3.0,2.0,0.4026806056499481,94.64005533854167
DiscreteSAC,75,final,719,3719,0.22874166250228883,2.0,2.0,0.7501804232597351,75.26423931121826
DiscreteSAC,75,final,720,3720,0.09000000000000001,1.0,1.0,0.15572774410247803,131.36114501953125
DiscreteSAC,75,final,721,3721,-0.4629362106323242,10.0,2.0,1.0840214490890503,48.22531642913818
DiscreteSAC,75,final,722,3722,-0.5986123561859131,10.0,2.0,0.8527809381484985,83.61759281158447
DiscreteSAC,75,final,723,3723,-0.6548278808593752,10.0,2.0,0.9730742573738098,47.93717174530029
DiscreteSAC,75,final,724,3724,-0.44389166235923766,10.0,2.0,0.3683679699897766,78.52840790748596
DiscreteSAC,75,final,725,3725,-0.672641444206238,10.0,2.0,0.899753749370575,80.06072998046875
DiscreteSAC,75,final,726,3726,-0.48563694953918457,10.0,3.0,0.7355466485023499,30727.127303886413
DiscreteSAC,75,final,727,3727,-0.5885960757732392,10.0,3.0,0.5591557025909424,360.0099733352661
DiscreteSAC,75,final,728,3728,-0.5234635353088379,10.0,2.0,0.7635270953178406,574.1498363494873
DiscreteSAC,75,final,729,3729,0.09000000000000001,1.0,1.0,0.5812343955039978,39.38780975341797
DiscreteSAC,75,final,730,3730,-0.4737767457962036,10.0,2.0,1.0224963426589966,300.1279287338257
DiscreteSAC,75,final,731,3731,-0.4932721257209778,10.0,3.0,0.6593392491340637,88.56708545684815
DiscreteSAC,75,final,732,3732,0.038268521130085,3.0,3.0,0.11442089080810547,98.92613093058269
DiscreteSAC,75,final,733,3733,0.08748905539512636,2.0,2.0,0.20103585720062256,123.6637077331543
DiscreteSAC,75,final,734,3734,-0.5463380217552185,10.0,3.0,0.34865111112594604,108.2496000289917
DiscreteSAC,75,final,735,3735,0.03209991216659546,4.0,3.0,0.8012605905532837,80.52666568756104
DiscreteSAC,75,final,736,3736,-0.3973816195130348,9.0,3.0,0.20966461300849915,43.59473186069064
DiscreteSAC,75,final,737,3737,-0.3506973743438721,10.0,6.0,0.57913738489151,93.2963493347168
DiscreteSAC,75,final,738,3738,-0.606697678565979,10.0,3.0,0.6343120336532593,78.9684555053711
DiscreteSAC,75,final,739,3739,-0.10030125856399537,8.0,4.0,0.5204803347587585,49.88300836086273
DiscreteSAC,75,final,740,3740,-0.06539259195327761,9.0,3.0,0.6387109160423279,95.90863715277777
DiscreteSAC,75,final,741,3741,-0.5108978524804115,10.0,3.0,0.11550867557525635,1210.895770263672
DiscreteSAC,75,final,742,3742,-0.6124446392059326,10.0,3.0,0.8031629920005798,88.67874593734741
DiscreteSAC,75,final,743,3743,-0.5910131067037583,10.0,2.0,0.1403295248746872,129.33258991241456
DiscreteSAC,75,final,744,3744,-0.41873624563217166,9.0,2.0,0.6620448231697083,47.196411980523
DiscreteSAC,75,final,745,3745,-0.5731721997261048,10.0,2.0,0.7893334627151489,39.09139575958252
DiscreteSAC,75,final,746,3746,-0.33392143249511724,10.0,3.0,0.5879369974136353,39.070560455322266
DiscreteSAC,75,final,747,3747,-0.3236018419265747,10.0,3.0,0.6697400212287903,1672.3085932731628
DiscreteSAC,75,final,748,3748,-0.4610679030418396,10.0,2.0,0.7692728042602539,51.03414869308472
DiscreteSAC,75,final,749,3749,-0.6347072124481202,10.0,3.0,0.8818027377128601,130.57868986129762
DiscreteSAC,75,final,750,3750,0.09972144842147829,2.0,2.0,0.7225371599197388,59.89249038696289
DiscreteSAC,75,final,751,3751,-0.5535631209611893,10.0,2.0,0.1636478751897812,192.24057788848876
DiscreteSAC,75,final,752,3752,-0.6747584939002992,10.0,3.0,0.9064469337463379,32731.17375946045
DiscreteSAC,75,final,753,3753,0.09000000000000001,1.0,1.0,1.0154212713241577,19935.4609375
DiscreteSAC,75,final,754,3754,-0.3770064294338226,10.0,4.0,0.2770509421825409,1140.9472221374513
DiscreteSAC,75,final,755,3755,-0.5534402757883072,10.0,2.0,0.24814137816429138,10133.583179473877
DiscreteSAC,75,final,756,3756,0.010730966329574584,6.0,3.0,0.4835359752178192,568.940055847168
DiscreteSAC,75,final,757,3757,-0.3018330931663514,10.0,3.0,0.6538625955581665,149.47258529663085
DiscreteSAC,75,final,758,3758,-0.5375783443450928,10.0,3.0,0.6354354023933411,93.90829086303711
DiscreteSAC,75,final,759,3759,-0.1898017334938049,8.0,3.0,0.34121280908584595,101.20453643798828
DiscreteSAC,75,final,760,3760,-0.9304579079151157,10.0,2.0,0.6354630589485168,66768.02030124664
DiscreteSAC,75,final,761,3761,-0.5460007041692734,10.0,3.0,0.2729918360710144,87.15507164001465
DiscreteSAC,75,final,762,3762,-0.5325482964515686,10.0,2.0,0.7341547012329102,61.294701385498044
DiscreteSAC,75,final,763,3763,0.04228242158889771,3.0,2.0,0.6429147720336914,37.085055669148765
DiscreteSAC,75,final,764,3764,0.18923015832901002,6.0,3.0,0.8347488045692444,137.0385227203369
DiscreteSAC,75,final,765,3765,-0.4625406742095947,10.0,2.0,0.7969273328781128,96.77986335754395
DiscreteSAC,75,final,766,3766,0.13956977605819704,2.0,2.0,0.6605668067932129,61.9956579208374
DiscreteSAC,75,final,767,3767,-0.6789955228567125,10.0,2.0,0.37561389803886414,43.60368099212646
DiscreteSAC,75,final,768,3768,0.09000000000000001,1.0,1.0,1.120086908340454,30.31769371032715
DiscreteSAC,75,final,769,3769,-0.5993988990783692,10.0,2.0,0.5769335627555847,140.93252601623536
DiscreteSAC,75,final,770,3770,0.09000000000000001,1.0,1.0,1.135339379310608,18.233287811279297
DiscreteSAC,75,final,771,3771,-0.33147443532943727,10.0,4.0,0.8870102763175964,46.28666114807129
DiscreteSAC,75,final,772,3772,-0.04743825197219849,5.0,3.0,0.7248098254203796,189878.27114486694
DiscreteSAC,75,final,773,3773,-0.2862273836135864,9.0,3.0,0.7155680060386658,125.85139507717557
DiscreteSAC,75,final,774,3774,-0.3375586271286011,10.0,3.0,0.9834250211715698,2352.2754768371583
DiscreteSAC,75,final,775,3775,-0.38804609775543214,10.0,4.0,0.7399688363075256,69.0789958000183
DiscreteSAC,75,final,776,3776,-0.4597417235374451,10.0,4.0,0.5090800523757935,1320.6054512023925
DiscreteSAC,75,final,777,3777,-0.4523796558380127,10.0,4.0,0.2920833230018616,3194.431044769287
DiscreteSAC,75,final,778,3778,-0.6962779045104982,10.0,2.0,0.8902717232704163,68.32481098175049
DiscreteSAC,75,final,779,3779,-0.4876150369644165,10.0,2.0,0.4012472927570343,53.33716659545898
DiscreteSAC,75,final,780,3780,-0.6852122098207476,10.0,3.0,0.4010621905326843,44.89322776794434
DiscreteSAC,75,final,781,3781,-0.476551332473755,9.0,3.0,0.5202236175537109,1886.375296274821
DiscreteSAC,75,final,782,3782,-0.17913960695266723,8.0,4.0,0.27720099687576294,48.82121205329895
DiscreteSAC,75,final,783,3783,-0.47230111360549926,10.0,2.0,0.9492244124412537,36941.5539604187
DiscreteSAC,75,final,784,3784,-0.008551545739173869,3.0,3.0,0.2827082574367523,1707.1173502604167
DiscreteSAC,75,final,785,3785,0.1569898045063019,4.0,2.0,0.32618871331214905,714.8976955413818
DiscreteSAC,75,final,786,3786,-0.46340063214302063,10.0,3.0,0.343879759311676,627.4207473754883
DiscreteSAC,75,final,787,3787,0.12028499126434328,2.0,2.0,0.5533896088600159,310.3975524902344
DiscreteSAC,75,final,788,3788,0.09000000000000001,1.0,1.0,0.6248378157615662,42.36065673828125
DiscreteSAC,75,final,789,3789,0.09000000000000001,1.0,1.0,0.6081600189208984,613.3492431640625
DiscreteSAC,75,final,790,3790,0.09000000000000001,1.0,1.0,0.49005693197250366,16.31819725036621
DiscreteSAC,75,final,791,3791,-0.2959020018577576,10.0,2.0,0.325922429561615,71.87663764953614
DiscreteSAC,75,final,792,3792,0.09000000000000001,1.0,1.0,0.7193266153335571,20.867210388183594
DiscreteSAC,75,final,793,3793,0.09000000000000001,1.0,1.0,0.8171299695968628,77.91354370117188
DiscreteSAC,75,final,794,3794,-0.539818274974823,10.0,2.0,0.25654634833335876,326.1483558654785
DiscreteSAC,75,final,795,3795,0.03948320627212525,2.0,2.0,0.7058754563331604,95.60917282104492
DiscreteSAC,75,final,796,3796,-0.10726545095443725,4.0,2.0,0.4073304533958435,2161.2036142349243
DiscreteSAC,75,final,797,3797,-0.3836097598075867,10.0,2.0,0.795375645160675,70.9061487197876
DiscreteSAC,75,final,798,3798,-0.5043821811676026,10.0,2.0,0.6657682061195374,61.44179191589355
DiscreteSAC,75,final,799,3799,0.09000000000000001,1.0,1.0,0.8220959901809692,64.57833099365234
DiscreteSAC,75,final,800,3800,0.0625854077935219,2.0,2.0,0.13387541472911835,85.71936988830566
DiscreteSAC,75,final,801,3801,-0.00937191486358642,4.0,2.0,0.5286672711372375,49.19301748275757
DiscreteSAC,75,final,802,3802,-0.5948073148727417,10.0,2.0,0.6544443964958191,44.5931414604187
DiscreteSAC,75,final,803,3803,-0.4296310544013977,10.0,3.0,0.7851715087890625,53.3764144897461
DiscreteSAC,75,final,804,3804,-0.5665042877197266,10.0,2.0,0.5500529408454895,89.77417593002319
DiscreteSAC,75,final,805,3805,-0.5095601558685303,10.0,2.0,0.4618125557899475,371.7432236671448
DiscreteSAC,75,final,806,3806,-0.1596325349807739,7.0,2.0,0.7783833146095276,36.79813494001116
DiscreteSAC,75,final,807,3807,-0.03191534519195556,4.0,2.0,0.16063836216926575,36.15943479537964
DiscreteSAC,75,final,808,3808,0.09000000000000001,1.0,1.0,0.05019335076212883,23.705039978027344
DiscreteSAC,75,final,809,3809,0.10971041440963747,3.0,2.0,0.7656316161155701,60.0083802541097
DiscreteSAC,75,final,810,3810,-0.5206646174192429,10.0,3.0,0.2154489904642105,44.93971853256225
DiscreteSAC,75,final,811,3811,-0.5826441645622255,10.0,3.0,0.5889907479286194,44.51573991775513
DiscreteSAC,75,final,812,3812,-0.1660258626937866,6.0,3.0,0.6347651481628418,456.76756858825684
DiscreteSAC,75,final,813,3813,-0.5651289626955986,10.0,2.0,0.0766063928604126,69.33844232559204
DiscreteSAC,75,final,814,3814,0.0012105321884155334,4.0,2.0,0.8729735016822815,33.25407385826111
DiscreteSAC,75,final,815,3815,-0.5845656841993333,10.0,3.0,0.1890449970960617,2091.4508851051332
DiscreteSAC,75,final,816,3816,-0.5694425702095033,10.0,3.0,0.6496291160583496,53.372941207885745
DiscreteSAC,75,final,817,3817,-0.3422950506210327,10.0,3.0,0.7467461228370667,48.67607860565185
DiscreteSAC,75,final,818,3818,-0.3237319439649582,10.0,3.0,0.230984166264534,1100.7791093826295
DiscreteSAC,75,final,819,3819,-0.5114754348993302,10.0,3.0,0.3813362717628479,658.3707653045655
DiscreteSAC,75,final,820,3820,-0.3269112706184387,10.0,3.0,0.8018534779548645,47.62081165313721
DiscreteSAC,75,final,821,3821,-0.6447509229183198,10.0,3.0,0.6096736192703247,54.45909366607666
DiscreteSAC,75,final,822,3822,-0.3930522564053535,8.0,2.0,0.22421683371067047,32.39415419101715
DiscreteSAC,75,final,823,3823,0.03356887578964234,2.0,2.0,0.35714802145957947,28.40409564971924
DiscreteSAC,75,final,824,3824,-0.5842596769332886,10.0,2.0,0.6720495223999023,44.5726993560791
DiscreteSAC,75,final,825,3825,-0.01672864526510237,2.0,2.0,0.19685979187488556,65.60523509979248
DiscreteSAC,75,final,826,3826,-0.2106280708312988,9.0,3.0,0.7908714413642883,1640.3789519204033
DiscreteSAC,75,final,827,3827,-0.02754799842834471,2.0,2.0,0.8629855513572693,46.39728546142578
DiscreteSAC,75,final,828,3828,-0.4462687253952026,10.0,2.0,0.7322791814804077,67.83174753189087
DiscreteSAC,75,final,829,3829,0.07105376005172731,2.0,2.0,0.4613049328327179,140.693115234375
DiscreteSAC,75,final,830,3830,-0.5122527658939362,10.0,2.0,0.3967067301273346,8903.56307258606
DiscreteSAC,75,final,831,3831,0.11910446166992189,2.0,2.0,0.7202125787734985,97.07220840454102
DiscreteSAC,75,final,832,3832,0.09000000000000001,1.0,1.0,0.32871899008750916,69.11648559570312
DiscreteSAC,75,final,833,3833,0.13342137813568117,2.0,2.0,0.971868634223938,147.81928634643555
DiscreteSAC,75,final,834,3834,0.09000000000000001,1.0,1.0,0.35793858766555786,54.14860916137695
DiscreteSAC,75,final,835,3835,0.04585601568222047,2.0,2.0,0.9569157361984253,36.619765281677246
DiscreteSAC,75,final,836,3836,0.09000000000000001,1.0,1.0,0.5244426727294922,38.79619598388672
DiscreteSAC,75,final,837,3837,-0.341458865404129,4.0,2.0,0.8003014326095581,70.21641826629639
DiscreteSAC,75,final,838,3838,-0.021609528064727768,2.0,2.0,0.8102135062217712,6161.165605545044
DiscreteSAC,75,final,839,3839,0.22968121051788332,2.0,2.0,0.6563481092453003,213.5430202484131
DiscreteSAC,75,final,840,3840,0.0888092088699341,2.0,2.0,0.6083826422691345,57.2515754699707
DiscreteSAC,75,final,841,3841,-0.07205205976963043,2.0,2.0,0.3864903748035431,69.94426345825195
DiscreteSAC,75,final,842,3842,-0.4926056742668152,10.0,2.0,0.7462846040725708,36.82344779968262
DiscreteSAC,75,final,843,3843,-0.6337037786841394,10.0,2.0,0.20740924775600433,3344.2077838897703
DiscreteSAC,75,final,844,3844,-0.4761446833610535,10.0,4.0,0.4407375752925873,58.2298526763916
DiscreteSAC,75,final,845,3845,-0.15517571449279782,8.0,2.0,0.5119723081588745,63.239134788513184
DiscreteSAC,75,final,846,3846,-0.6532591164112093,10.0,2.0,0.274557501077652,61.964487838745114
DiscreteSAC,75,final,847,3847,-0.6960815966129305,10.0,2.0,0.6451982855796814,52.51559190750122
DiscreteSAC,75,final,848,3848,0.0481766128540039,6.0,2.0,1.038029432296753,61.92914994557699
DiscreteSAC,75,final,849,3849,-0.33241733789443967,8.0,2.0,0.6455410718917847,85.86044049263
DiscreteSAC,75,final,850,3850,0.07403268337249756,3.0,2.0,0.3952709138393402,25.12272071838379
DiscreteSAC,75,final,851,3851,0.07317193031311037,2.0,2.0,0.14603713154792786,73.8719425201416
DiscreteSAC,75,final,852,3852,-0.022021254301071158,4.0,3.0,0.46089795231819153,62.77654480934143
DiscreteSAC,75,final,853,3853,-0.5332830429077149,10.0,2.0,0.25254324078559875,3497.253114414215
DiscreteSAC,75,final,854,3854,-0.12767671108245848,6.0,3.0,1.2235536575317383,48.69199816385905
DiscreteSAC,75,final,855,3855,-0.4623508036136627,10.0,2.0,0.34185701608657837,149.9772081375122
DiscreteSAC,75,final,856,3856,-0.50621258020401,10.0,2.0,0.28743526339530945,62.655623245239255
DiscreteSAC,75,final,857,3857,-0.47997188568115234,10.0,3.0,0.5470614433288574,39.00931224822998
DiscreteSAC,75,final,858,3858,0.16283359050750734,3.0,2.0,1.0020164251327515,60.297258377075195
DiscreteSAC,75,final,859,3859,-0.5255991697311402,10.0,2.0,0.37686511874198914,44.38733253479004
DiscreteSAC,75,final,860,3860,-0.37024894952774046,10.0,3.0,0.5229901075363159,294741.0365813255
DiscreteSAC,75,final,861,3861,0.09000000000000001,1.0,1.0,0.7639845013618469,42.92889404296875
DiscreteSAC,75,final,862,3862,0.05808915853500367,4.0,2.0,0.3224150836467743,57.838425159454346
DiscreteSAC,75,final,863,3863,-0.13903857350349424,3.0,2.0,0.4172857105731964,105.5045394897461
DiscreteSAC,75,final,864,3864,-0.7367334842681886,10.0,2.0,0.7446627020835876,165.7763116836548
DiscreteSAC,75,final,865,3865,0.09000000000000001,1.0,1.0,0.3744445741176605,26.226709365844727
DiscreteSAC,75,final,866,3866,-0.21584217071533202,7.0,3.0,0.9119870066642761,585.0547182900565
DiscreteSAC,75,final,867,3867,-0.3068496578931808,9.0,6.0,0.3954292833805084,55.112362967597115
DiscreteSAC,75,final,868,3868,-0.6821552395820619,10.0,2.0,0.9233883619308472,55.81651153564453
DiscreteSAC,75,final,869,3869,-0.43563565015792843,10.0,5.0,0.6730736494064331,38.151882362365725
DiscreteSAC,75,final,870,3870,-0.6420802950859071,10.0,2.0,0.6198611855506897,29.164116001129152
DiscreteSAC,75,final,871,3871,-0.00246097713708876,2.0,2.0,0.2036765068769455,44.78521919250488
DiscreteSAC,75,final,872,3872,-0.051543939113616946,5.0,3.0,0.40919703245162964,45.25815010070801
DiscreteSAC,75,final,873,3873,-0.41540368199348454,10.0,2.0,0.3476894497871399,41.60413837432861
DiscreteSAC,75,final,874,3874,-0.4037989377975464,10.0,3.0,0.4550308585166931,49.21078271865845
DiscreteSAC,75,final,875,3875,-0.11399261236190796,8.0,3.0,0.9639247059822083,47.74759244918823
DiscreteSAC,75,final,876,3876,-0.38723064661026,10.0,4.0,0.67928546667099,37.713116836547854
DiscreteSAC,75,final,877,3877,-0.5872070312500001,10.0,4.0,0.428250253200531,38565.822341918945
DiscreteSAC,75,final,878,3878,-0.48903928995132445,10.0,2.0,0.7815459966659546,96.46895179748535
DiscreteSAC,75,final,879,3879,0.14662848711013796,5.0,5.0,0.9434557557106018,155.36229133605957
DiscreteSAC,75,final,880,3880,0.12796069860458376,2.0,2.0,0.625953197479248,495.388916015625
DiscreteSAC,75,final,881,3881,-0.6123974323272706,10.0,3.0,0.641393780708313,1670.340864944458
DiscreteSAC,75,final,882,3882,-0.7685468047857287,10.0,3.0,0.3617565333843231,969.0447498321533
DiscreteSAC,75,final,883,3883,0.04802580356597901,2.0,2.0,0.8005023002624512,139.26393127441406
DiscreteSAC,75,final,884,3884,0.09000000000000001,1.0,1.0,0.11883550882339478,5696.81591796875
DiscreteSAC,75,final,885,3885,0.09000000000000001,1.0,1.0,0.682510495185852,38.5991096496582
DiscreteSAC,75,final,886,3886,-0.479527759552002,10.0,2.0,0.9579372406005859,20365.443462371826
DiscreteSAC,75,final,887,3887,-0.6756912350654604,10.0,2.0,0.843245804309845,261.3324947357178
DiscreteSAC,75,final,888,3888,0.09000000000000001,1.0,1.0,1.0571439266204834,127.05870819091797
DiscreteSAC,75,final,889,3889,0.09000000000000001,1.0,1.0,0.8486613035202026,86.98233795166016
DiscreteSAC,75,final,890,3890,0.05219368815422059,2.0,2.0,0.32161659002304077,77.41093063354492
DiscreteSAC,75,final,891,3891,-0.6222801685333254,10.0,2.0,0.8459779024124146,1464.8173950195312
DiscreteSAC,75,final,892,3892,-0.07497691392898558,3.0,3.0,0.5121467113494873,44.689064025878906
DiscreteSAC,75,final,893,3893,0.2674397397041321,2.0,2.0,0.6708513498306274,35.674742698669434
DiscreteSAC,75,final,894,3894,-0.6004986047744751,10.0,2.0,0.8980124592781067,54.054735374450686
DiscreteSAC,75,final,895,3895,0.1855967116355896,3.0,3.0,0.8186478018760681,97.48098055521648
DiscreteSAC,75,final,896,3896,-0.14020611345767975,5.0,4.0,0.2927710711956024,100.25470123291015
DiscreteSAC,75,final,897,3897,-0.44834280014038086,10.0,3.0,0.6322989463806152,169.2912124633789
DiscreteSAC,75,final,898,3898,0.020955996513366715,2.0,2.0,0.7596692442893982,29.483323097229004
DiscreteSAC,75,final,899,3899,-0.3559110999107361,10.0,5.0,0.8237637877464294,81.03102703094483
DiscreteSAC,75,final,900,3900,-0.5273635268211365,10.0,2.0,0.8602386713027954,53.176119804382324
DiscreteSAC,75,final,901,3901,-0.439642071723938,10.0,3.0,0.8053874969482422,650.7407060623169
DiscreteSAC,75,final,902,3902,-0.4847427785396576,10.0,2.0,0.45248207449913025,51.499027252197266
DiscreteSAC,75,final,903,3903,-0.45601447224617003,10.0,2.0,0.4956938326358795,55.98638286590576
DiscreteSAC,75,final,904,3904,-0.6000724911689759,10.0,2.0,0.8749232292175293,20279.515401268007
DiscreteSAC,75,final,905,3905,-0.6469431400299074,10.0,2.0,0.8438377976417542,93.88396072387695
DiscreteSAC,75,final,906,3906,0.08352369785308839,3.0,3.0,0.799586296081543,439.69935353597003
DiscreteSAC,75,final,907,3907,-0.4581241011619568,10.0,3.0,0.6266301870346069,186.79469261169433
DiscreteSAC,75,final,908,3908,0.3197875785827637,2.0,2.0,0.5518525838851929,38.475135803222656
DiscreteSAC,75,final,909,3909,-0.5342835783958435,10.0,3.0,0.8752960562705994,159.64680309295653
DiscreteSAC,75,final,910,3910,-0.489908504486084,10.0,2.0,0.6499757766723633,56.064521598815915
DiscreteSAC,75,final,911,3911,-0.5339473962783814,10.0,2.0,1.0741875171661377,35.878328514099124
DiscreteSAC,75,final,912,3912,-0.5869185328483582,10.0,3.0,1.047893762588501,581.3345520019532
DiscreteSAC,75,final,913,3913,-0.007472088336944585,4.0,3.0,0.8848861455917358,34.959341526031494
DiscreteSAC,75,final,914,3914,-0.8230371773242953,10.0,3.0,0.6950057744979858,610.6371738433838
DiscreteSAC,75,final,915,3915,-0.13107245445251464,3.0,3.0,0.7124263048171997,52.74411646525065
DiscreteSAC,75,final,916,3916,-0.5744522094726563,10.0,2.0,0.9234361052513123,52.92840213775635
DiscreteSAC,75,final,917,3917,0.09000000000000001,1.0,1.0,0.6877075433731079,64.85079193115234
DiscreteSAC,75,final,918,3918,-0.2826089870929718,7.0,2.0,0.44028276205062866,50.867044993809294
DiscreteSAC,75,final,919,3919,-0.4843521535396576,10.0,4.0,0.36716699600219727,88.69823579788208
DiscreteSAC,75,final,920,3920,0.04682482957839967,2.0,2.0,0.9807708859443665,15.961882591247559
DiscreteSAC,75,final,921,3921,-0.21967555284500123,10.0,4.0,0.8648372292518616,2618.3152126312257
DiscreteSAC,75,final,922,3922,-0.2904645085334778,10.0,2.0,0.7216145396232605,75.09639587402344
DiscreteSAC,75,final,923,3923,-0.3734806180000305,10.0,3.0,0.6297922134399414,82.23502902984619
DiscreteSAC,75,final,924,3924,-0.45845913887023926,10.0,3.0,0.8526118397712708,2962.913136291504
DiscreteSAC,75,final,925,3925,-0.4147978723049164,10.0,3.0,0.3362143635749817,45.06561470031738
DiscreteSAC,75,final,926,3926,0.051537351608276376,2.0,2.0,0.5921286344528198,263128.6684894562
DiscreteSAC,75,final,927,3927,-0.5228812098503113,10.0,3.0,0.5144500732421875,88.09794750213624
DiscreteSAC,75,final,928,3928,-0.5479041814804078,10.0,2.0,0.6680764555931091,8023.378732681274
DiscreteSAC,75,final,929,3929,-0.6666350662708284,10.0,3.0,0.49548840522766113,152.25449867248534
DiscreteSAC,75,final,930,3930,0.07676239252090455,6.0,3.0,0.5819500684738159,84.1118106842041
DiscreteSAC,75,final,931,3931,-0.040932393074035636,5.0,2.0,0.39587491750717163,62.54824867248535
DiscreteSAC,75,final,932,3932,-0.6140401542186738,10.0,2.0,0.4325496554374695,52.380677223205566
DiscreteSAC,75,final,933,3933,-0.013107957839965809,4.0,4.0,0.8250437378883362,92.69264698028564
DiscreteSAC,75,final,934,3934,-0.432251501083374,10.0,2.0,0.6702322363853455,49611.48637084961
DiscreteSAC,75,final,935,3935,-0.23348556995391845,4.0,3.0,0.7446261644363403,145.77083587646484
DiscreteSAC,75,final,936,3936,-0.494309663772583,10.0,3.0,0.5329338908195496,1817.6320991516113
DiscreteSAC,75,final,937,3937,0.09000000000000001,1.0,1.0,0.17229722440242767,261.8392028808594
DiscreteSAC,75,final,938,3938,0.04700489521026612,2.0,2.0,0.4505763649940491,75.48500442504883
DiscreteSAC,75,final,939,3939,0.09000000000000001,1.0,1.0,0.3926832675933838,149.7572021484375
DiscreteSAC,75,final,940,3940,0.09000000000000001,1.0,1.0,0.5738078355789185,131.10743713378906
DiscreteSAC,75,final,941,3941,0.09000000000000001,1.0,1.0,0.37367987632751465,129.8544921875
DiscreteSAC,75,final,942,3942,0.09000000000000001,1.0,1.0,0.8268958330154419,231.90084838867188
DiscreteSAC,75,final,943,3943,-0.5647476792335511,10.0,2.0,0.7884928584098816,241.82355232238768
DiscreteSAC,75,final,944,3944,0.06252522468566894,5.0,3.0,0.7081183791160583,104.35263061523438
DiscreteSAC,75,final,945,3945,0.11406453132629396,2.0,2.0,0.40007737278938293,101.74934768676758
DiscreteSAC,75,final,946,3946,0.2664872479438782,3.0,3.0,0.7980999946594238,6610.63377571106
DiscreteSAC,75,final,947,3947,-0.596633780002594,10.0,2.0,0.9420554041862488,261.35019931793215
DiscreteSAC,75,final,948,3948,0.09000000000000001,1.0,1.0,0.10409148782491684,1325.6041259765625
DiscreteSAC,75,final,949,3949,-0.550039279460907,10.0,2.0,0.8132501244544983,153.31718044281007
DiscreteSAC,75,final,950,3950,-0.36861096620559697,10.0,2.0,0.9223816990852356,32.821856307983396
DiscreteSAC,75,final,951,3951,0.09000000000000001,1.0,1.0,0.5531342625617981,48.3335075378418
DiscreteSAC,75,final,952,3952,-0.3226677060127259,10.0,2.0,0.9774648547172546,100.09333686828613
DiscreteSAC,75,final,953,3953,0.09000000000000001,1.0,1.0,0.6364844441413879,20.318906784057617
DiscreteSAC,75,final,954,3954,-0.5146643698215485,10.0,2.0,0.33758169412612915,681.2450927734375
DiscreteSAC,75,final,955,3955,0.09000000000000001,1.0,1.0,0.8981837034225464,57.22808074951172
DiscreteSAC,75,final,956,3956,0.09000000000000001,1.0,1.0,0.44362571835517883,28.96436309814453
DiscreteSAC,75,final,957,3957,0.09000000000000001,1.0,1.0,0.4278022348880768,20.24814224243164
DiscreteSAC,75,final,958,3958,-0.5105575203895569,10.0,2.0,0.7184171080589294,111.95513305664062
DiscreteSAC,75,final,959,3959,-0.17831432819366458,10.0,3.0,1.1178101301193237,50.468288612365725
DiscreteSAC,75,final,960,3960,-0.06655307710170745,5.0,2.0,0.17108812928199768,50.74605388641358
DiscreteSAC,75,final,961,3961,-0.5170127630233765,10.0,2.0,0.8492785096168518,1051.7366851806642
DiscreteSAC,75,final,962,3962,0.09000000000000001,1.0,1.0,0.27606305480003357,21.556501388549805
DiscreteSAC,75,final,963,3963,-0.5725338339805603,10.0,2.0,0.9489341378211975,71.25818195343018
DiscreteSAC,75,final,964,3964,0.09000000000000001,1.0,1.0,0.7582370638847351,50.165496826171875
DiscreteSAC,75,final,965,3965,-0.4964123249053955,10.0,2.0,0.7014662623405457,41.09947710037231
DiscreteSAC,75,final,966,3966,-0.6597270846366884,10.0,2.0,0.8054657578468323,1616.1808015823365
DiscreteSAC,75,final,967,3967,-0.3097776174545288,10.0,3.0,0.7693771123886108,3512.9346038818358
DiscreteSAC,75,final,968,3968,-0.3055161738395691,9.0,4.0,0.7105263471603394,3338.1962682935928
DiscreteSAC,75,final,969,3969,-0.4403594613075256,10.0,4.0,0.4549061954021454,89.92340431213378
DiscreteSAC,75,final,970,3970,-0.048688732385635355,3.0,3.0,0.41977807879447937,62.21677271525065
DiscreteSAC,75,final,971,3971,-0.5708097100257874,10.0,2.0,0.862291693687439,62.69103889465332
DiscreteSAC,75,final,972,3972,0.09000000000000001,1.0,1.0,0.1904955804347992,27.978633880615234
DiscreteSAC,75,final,973,3973,0.02405101776123049,3.0,3.0,0.6686064004898071,28.503432273864746
DiscreteSAC,75,final,974,3974,-0.07758388996124267,3.0,2.0,0.4879160523414612,110900.02732658386
DiscreteSAC,75,final,975,3975,-0.5151670873165131,10.0,3.0,0.4134838879108429,136.7157876968384
DiscreteSAC,75,final,976,3976,-0.13157289505004882,3.0,3.0,0.7154749631881714,6072.278711954753
DiscreteSAC,75,final,977,3977,0.09000000000000001,1.0,1.0,0.7295500040054321,156.44151306152344
DiscreteSAC,75,final,978,3978,0.17243112802505495,2.0,2.0,0.5463055372238159,7578.668273925781
DiscreteSAC,75,final,979,3979,-0.5698003351688385,10.0,2.0,0.19287116825580597,148.938468170166
DiscreteSAC,75,final,980,3980,-0.5714910507202149,10.0,2.0,0.7690730094909668,126527.78832702637
DiscreteSAC,75,final,981,3981,0.09000000000000001,1.0,1.0,0.17303140461444855,398.3184814453125
DiscreteSAC,75,final,982,3982,0.09000000000000001,1.0,1.0,0.23093721270561218,59.456546783447266
DiscreteSAC,75,final,983,3983,0.09000000000000001,1.0,1.0,0.38790163397789,202.7116241455078
DiscreteSAC,75,final,984,3984,0.09000000000000001,1.0,1.0,0.49846091866493225,119.56039428710938
DiscreteSAC,75,final,985,3985,0.09000000000000001,1.0,1.0,0.7579923272132874,162.80555725097656
DiscreteSAC,75,final,986,3986,0.09000000000000001,1.0,1.0,0.6436063647270203,94.4592056274414
DiscreteSAC,75,final,987,3987,0.09000000000000001,1.0,1.0,0.7343412041664124,121.61512756347656
DiscreteSAC,75,final,988,3988,0.09000000000000001,1.0,1.0,0.6225036978721619,278.4551086425781
DiscreteSAC,75,final,989,3989,-0.5568603157997132,10.0,2.0,0.7513843178749084,156.96202697753907
DiscreteSAC,75,final,990,3990,0.09000000000000001,1.0,1.0,0.27635446190834045,51.99186325073242
DiscreteSAC,75,final,991,3991,0.11132855892181398,2.0,2.0,0.9524710774421692,113.56711196899414
DiscreteSAC,75,final,992,3992,0.09000000000000001,1.0,1.0,0.7514857649803162,147.80958557128906
DiscreteSAC,75,final,993,3993,-0.4797948479652405,10.0,2.0,0.9478076100349426,118.4599063873291
DiscreteSAC,75,final,994,3994,0.09000000000000001,1.0,1.0,0.18729443848133087,110.44723510742188
DiscreteSAC,75,final,995,3995,-0.6054963469505311,10.0,3.0,0.8786214590072632,105.9235158920288
DiscreteSAC,75,final,996,3996,-0.04176508665084837,3.0,3.0,0.7991673350334167,63.99201520284017
DiscreteSAC,75,final,997,3997,-0.5433173656463623,10.0,2.0,0.4302866756916046,111.70807800292968
DiscreteSAC,75,final,998,3998,-0.0767332196235657,10.0,4.0,0.9526082873344421,2214.62105922699
DiscreteSAC,75,final,999,3999,-0.5363607585430146,10.0,2.0,0.3144509494304657,94.10632762908935
DiscreteSAC,75,final,1000,4000,-0.09743927478790283,6.0,3.0,1.1310712099075317,41.90379810333252
DiscreteSAC,75,final,1001,4001,0.051799612045288095,2.0,2.0,0.8357909917831421,73.34362030029297
DiscreteSAC,75,final,1002,4002,0.09000000000000001,1.0,1.0,0.6225499510765076,57.22465515136719
DiscreteSAC,75,final,1003,4003,0.10226116776466368,5.0,3.0,0.2507053017616272,79.63728523254395
DiscreteSAC,75,final,1004,4004,-0.5336355090141297,10.0,4.0,0.5899530053138733,55.95975303649902
DiscreteSAC,75,final,1005,4005,-0.5081370353698731,10.0,2.0,1.097920298576355,56117.683869171145
DiscreteSAC,75,final,1006,4006,0.12270361185073854,5.0,4.0,0.7264236807823181,88.08485717773438
DiscreteSAC,75,final,1007,4007,-0.5382881462574005,10.0,3.0,0.3377368152141571,4746.498270416259
DiscreteSAC,75,final,1008,4008,0.09000000000000001,1.0,1.0,0.4106155037879944,75.09999084472656
DiscreteSAC,75,final,1009,4009,0.09000000000000001,1.0,1.0,0.4399092495441437,69.15592956542969
DiscreteSAC,75,final,1010,4010,0.09369822025299074,2.0,2.0,1.0831011533737183,129.56621932983398
DiscreteSAC,75,final,1011,4011,0.1417252588272095,2.0,2.0,0.29217058420181274,40.21050834655762
DiscreteSAC,75,final,1012,4012,0.09000000000000001,1.0,1.0,0.6279863119125366,170.67454528808594
DiscreteSAC,75,final,1013,4013,0.09000000000000001,1.0,1.0,1.1221458911895752,53.47808074951172
DiscreteSAC,75,final,1014,4014,0.09000000000000001,1.0,1.0,0.2636893391609192,52.62950134277344
DiscreteSAC,75,final,1015,4015,-0.5651855945587159,10.0,2.0,0.35446253418922424,79.06838645935059
DiscreteSAC,75,final,1016,4016,-0.2209599819779396,7.0,3.0,0.15120138227939606,1175.878618512835
DiscreteSAC,75,final,1017,4017,-0.5616592466831208,10.0,3.0,0.22252582013607025,77.80992488861084
DiscreteSAC,75,final,1018,4018,0.15650947570800783,2.0,2.0,0.32750993967056274,88.6779670715332
DiscreteSAC,75,final,1019,4019,-0.5713497281074524,10.0,2.0,0.48845240473747253,76.18944187164307
DiscreteSAC,75,final,1020,4020,-0.5826338708400727,10.0,2.0,0.21365676820278168,49.733045196533205
DiscreteSAC,75,final,1021,4021,-0.5695904970169068,10.0,2.0,0.4048984944820404,75.13914480209351
DiscreteSAC,75,final,1022,4022,-0.20352825075387954,5.0,3.0,0.2712722420692444,68.8854305267334
DiscreteSAC,75,final,1023,4023,-0.22984898805618287,7.0,5.0,0.515612006187439,1914.642808641706
DiscreteSAC,75,final,1024,4024,-0.5066682994365692,10.0,3.0,0.3365352153778076,31.207570838928223
DiscreteSAC,75,final,1025,4025,0.35794543981552124,4.0,4.0,0.9836227297782898,46.562021255493164
DiscreteSAC,75,final,1026,4026,0.04057486772537232,3.0,2.0,0.7682967185974121,49.90823745727539
DiscreteSAC,75,final,1027,4027,-0.5139358043670654,10.0,3.0,0.746791422367096,47.61900577545166
DiscreteSAC,75,final,1028,4028,0.09985292911529542,4.0,3.0,0.7643298506736755,81.25793433189392
DiscreteSAC,75,final,1029,4029,-0.4105353355407715,10.0,3.0,0.6644883751869202,71.8542353630066
DiscreteSAC,75,final,1030,4030,-0.4217992091178893,9.0,2.0,0.99962317943573,60.65953805711534
DiscreteSAC,75,final,1031,4031,-0.5381217181682587,10.0,2.0,0.21611857414245605,60.15639152526855
DiscreteSAC,75,final,1032,4032,-0.015967125892639156,7.0,4.0,0.5721501708030701,47.642774309430806
DiscreteSAC,75,final,1033,4033,0.2947074341773987,2.0,2.0,0.896378219127655,23.883931159973145
DiscreteSAC,75,final,1034,4034,0.09000000000000001,1.0,1.0,0.5747971534729004,37.46800994873047
DiscreteSAC,75,final,1035,4035,0.00890432476997377,2.0,2.0,0.3893175721168518,33.75532913208008
DiscreteSAC,75,final,1036,4036,-0.15672273874282838,9.0,6.0,0.29716676473617554,1039.8963686625164
DiscreteSAC,75,final,1037,4037,-0.621865563094616,10.0,3.0,0.2361375242471695,85.62266960144044
DiscreteSAC,75,final,1038,4038,-0.6523815870285036,10.0,2.0,0.25274017453193665,43.44579744338989
DiscreteSAC,75,final,1039,4039,-0.4445713758468628,10.0,3.0,1.1000993251800537,26.328981399536133
DiscreteSAC,75,final,1040,4040,-0.3887810587882996,10.0,2.0,0.7645536065101624,26.063688659667967
DiscreteSAC,75,final,1041,4041,-0.5471230924129487,10.0,2.0,0.40328672528266907,48.2882194519043
DiscreteSAC,75,final,1042,4042,-0.4519380033016205,10.0,3.0,0.4604246914386749,72316.96955814361
DiscreteSAC,75,final,1043,4043,-0.3673679113388062,10.0,2.0,0.28922954201698303,288.3942352294922
DiscreteSAC,75,final,1044,4044,-0.0023033702373504578,4.0,2.0,0.2161109447479248,152.77915382385254
DiscreteSAC,75,final,1045,4045,-0.11214879751205444,5.0,2.0,0.12063701450824738,415.23111114501955
DiscreteSAC,75,final,1046,4046,0.09000000000000001,1.0,1.0,0.9371940493583679,110.06279754638672
DiscreteSAC,75,final,1047,4047,0.09000000000000001,1.0,1.0,0.7941375374794006,88.57366943359375
DiscreteSAC,75,final,1048,4048,0.09000000000000001,1.0,1.0,0.47444844245910645,59.41331100463867
DiscreteSAC,75,final,1049,4049,-0.4865373969078064,10.0,3.0,0.7319878935813904,709.7718492507935
DiscreteSAC,75,final,1050,4050,0.16199851989746095,4.0,3.0,0.8349966406822205,558.2964296340942
DiscreteSAC,75,final,1051,4051,0.08586944818496706,2.0,2.0,0.417841374874115,119.49619197845459
DiscreteSAC,75,final,1052,4052,-0.4298047304153442,10.0,2.0,0.7749510407447815,156.42849712371827
DiscreteSAC,75,final,1053,4053,0.027858542203903207,2.0,2.0,0.5010591745376587,94.28459930419922
DiscreteSAC,75,final,1054,4054,0.09000000000000001,1.0,1.0,0.9589719176292419,23.73434066772461
DiscreteSAC,75,final,1055,4055,0.09000000000000001,1.0,1.0,0.5856520533561707,44.05091094970703
DiscreteSAC,75,final,1056,4056,0.09000000000000001,1.0,1.0,0.32180044054985046,44.49155044555664
DiscreteSAC,75,final,1057,4057,0.09000000000000001,1.0,1.0,0.688837468624115,29.430294036865234
DiscreteSAC,75,final,1058,4058,0.09000000000000001,1.0,1.0,0.0867275819182396,72.75714874267578
DiscreteSAC,75,final,1059,4059,0.09000000000000001,1.0,1.0,0.3130480647087097,35.56412124633789
DiscreteSAC,75,final,1060,4060,0.09000000000000001,1.0,1.0,0.6521040201187134,736.1517944335938
DiscreteSAC,75,final,1061,4061,0.09000000000000001,1.0,1.0,0.5262457132339478,36.89131546020508
DiscreteSAC,75,final,1062,4062,0.09000000000000001,1.0,1.0,0.28516653180122375,35.37963104248047
DiscreteSAC,75,final,1063,4063,0.09000000000000001,1.0,1.0,0.03805854544043541,62.53582763671875
DiscreteSAC,75,final,1064,4064,0.09000000000000001,1.0,1.0,1.807953953742981,28.025848388671875
DiscreteSAC,75,final,1065,4065,0.09000000000000001,1.0,1.0,0.7088373303413391,247.17869567871094
DiscreteSAC,75,final,1066,4066,0.09000000000000001,1.0,1.0,0.9650011658668518,71.51335906982422
DiscreteSAC,75,final,1067,4067,0.09000000000000001,1.0,1.0,0.8860766291618347,50.785552978515625
DiscreteSAC,75,final,1068,4068,0.09000000000000001,1.0,1.0,0.7273715734481812,100.26232147216797
DiscreteSAC,75,final,1069,4069,0.09000000000000001,1.0,1.0,0.6435084342956543,22.31948471069336
DiscreteSAC,75,final,1070,4070,0.09000000000000001,1.0,1.0,0.8589926958084106,77.32008361816406
DiscreteSAC,75,final,1071,4071,0.09000000000000001,1.0,1.0,0.7573919892311096,33.438785552978516
DiscreteSAC,75,final,1072,4072,0.09000000000000001,1.0,1.0,0.2710573077201843,147.2800750732422
DiscreteSAC,75,final,1073,4073,0.26154829740524294,2.0,2.0,0.8291675448417664,35.0287561416626
DiscreteSAC,75,final,1074,4074,0.09000000000000001,1.0,1.0,0.25876668095588684,70.14668273925781
DiscreteSAC,75,final,1075,4075,-0.5929795384407044,10.0,2.0,0.5866829752922058,79933.0390947342
DiscreteSAC,75,final,1076,4076,-0.6279032409191133,10.0,2.0,0.43907278776168823,309229.1461578369
DiscreteSAC,75,final,1077,4077,0.09000000000000001,1.0,1.0,0.6389960050582886,264.4058532714844
DiscreteSAC,75,final,1078,4078,0.19229395866394045,2.0,2.0,0.6289085745811462,157.96475982666016
DiscreteSAC,75,final,1079,4079,0.09000000000000001,1.0,1.0,0.3521204888820648,329.28900146484375
DiscreteSAC,75,final,1080,4080,-0.5483927011489869,10.0,2.0,0.9048035740852356,256136.79661026
DiscreteSAC,75,final,1081,4081,0.09000000000000001,1.0,1.0,0.7056403756141663,1129.5792236328125
DiscreteSAC,75,final,1082,4082,0.22257726073265077,2.0,2.0,0.42525699734687805,142.9040641784668
DiscreteSAC,75,final,1083,4083,0.19704289913177492,2.0,2.0,0.7656607627868652,140.3827133178711
DiscreteSAC,75,final,1084,4084,0.09000000000000001,1.0,1.0,0.6439984440803528,266.0213317871094
DiscreteSAC,75,final,1085,4085,-0.23286804437637326,8.0,2.0,0.6607533097267151,3155.032459259033
DiscreteSAC,75,final,1086,4086,0.09000000000000001,1.0,1.0,0.3001585006713867,154.36244201660156
DiscreteSAC,75,final,1087,4087,0.09000000000000001,1.0,1.0,0.8496691584587097,241.68179321289062
DiscreteSAC,75,final,1088,4088,0.09000000000000001,1.0,1.0,0.3896660804748535,337.47064208984375
DiscreteSAC,75,final,1089,4089,0.09000000000000001,1.0,1.0,0.5256008505821228,408.8692626953125
DiscreteSAC,75,final,1090,4090,0.10065145969390871,2.0,2.0,0.6556462049484253,147.61214447021484
DiscreteSAC,75,final,1091,4091,0.09000000000000001,1.0,1.0,0.05151018127799034,213.42236328125
DiscreteSAC,75,final,1092,4092,0.09000000000000001,1.0,1.0,0.7252897620201111,170.03199768066406
DiscreteSAC,75,final,1093,4093,0.09000000000000001,1.0,1.0,1.0237547159194946,201.07569885253906
DiscreteSAC,75,final,1094,4094,-0.6735591471195223,10.0,2.0,0.3772772252559662,197.1924732208252
DiscreteSAC,75,final,1095,4095,0.09000000000000001,1.0,1.0,0.4938976466655731,355.7395324707031
DiscreteSAC,75,final,1096,4096,0.09000000000000001,1.0,1.0,0.04617548733949661,442.4564514160156
DiscreteSAC,75,final,1097,4097,0.09000000000000001,1.0,1.0,0.25051790475845337,69.399169921875
DiscreteSAC,75,final,1098,4098,-0.48390682339668273,10.0,2.0,0.49194929003715515,9695.037533569335
DiscreteSAC,75,final,1099,4099,0.09000000000000001,1.0,1.0,0.5179821252822876,183.93130493164062
DiscreteSAC,75,final,1100,4100,0.09000000000000001,1.0,1.0,0.3979051113128662,150.7425079345703
DiscreteSAC,75,final,1101,4101,0.09000000000000001,1.0,1.0,0.8481850624084473,161.75379943847656
DiscreteSAC,75,final,1102,4102,0.09000000000000001,1.0,1.0,0.5956538319587708,205.2435760498047
DiscreteSAC,75,final,1103,4103,0.09000000000000001,1.0,1.0,0.6449726819992065,178.96510314941406
DiscreteSAC,75,final,1104,4104,0.09000000000000001,1.0,1.0,0.2184678465127945,120.79427337646484
DiscreteSAC,75,final,1105,4105,0.09000000000000001,1.0,1.0,0.5840628743171692,69.97244262695312
DiscreteSAC,75,final,1106,4106,0.09000000000000001,1.0,1.0,0.17576315999031067,65.53406524658203
DiscreteSAC,75,final,1107,4107,0.09000000000000001,1.0,1.0,0.41628438234329224,66.4104995727539
DiscreteSAC,75,final,1108,4108,0.09000000000000001,1.0,1.0,0.7967972159385681,91.11951446533203
DiscreteSAC,75,final,1109,4109,0.09000000000000001,1.0,1.0,0.043849699199199677,109.68519592285156
DiscreteSAC,75,final,1110,4110,0.09000000000000001,1.0,1.0,0.33196157217025757,802.6257934570312
DiscreteSAC,75,final,1111,4111,0.09000000000000001,1.0,1.0,0.4879698157310486,104.55123138427734
DiscreteSAC,75,final,1112,4112,0.09000000000000001,1.0,1.0,0.08312027156352997,82.16053009033203
DiscreteSAC,75,final,1113,4113,0.09000000000000001,1.0,1.0,1.080867886543274,82.86797332763672
DiscreteSAC,75,final,1114,4114,0.09000000000000001,1.0,1.0,0.5660237073898315,93.49258422851562
DiscreteSAC,75,final,1115,4115,0.09000000000000001,1.0,1.0,0.5869128108024597,70.3543930053711
DiscreteSAC,75,final,1116,4116,0.09000000000000001,1.0,1.0,0.6566364169120789,112.34806823730469
DiscreteSAC,75,final,1117,4117,0.09000000000000001,1.0,1.0,1.1159147024154663,111.94294738769531
DiscreteSAC,75,final,1118,4118,0.09000000000000001,1.0,1.0,0.6127622723579407,64.60845947265625
DiscreteSAC,75,final,1119,4119,0.09000000000000001,1.0,1.0,0.1684582233428955,48.250587463378906
DiscreteSAC,75,final,1120,4120,0.09000000000000001,1.0,1.0,0.13193678855895996,233.42408752441406
DiscreteSAC,75,final,1121,4121,0.09000000000000001,1.0,1.0,0.5379130244255066,127.91069030761719
DiscreteSAC,75,final,1122,4122,0.09000000000000001,1.0,1.0,0.21285687386989594,52.55046463012695
DiscreteSAC,75,final,1123,4123,0.09000000000000001,1.0,1.0,0.5014607310295105,9236.1640625
DiscreteSAC,75,final,1124,4124,0.09000000000000001,1.0,1.0,0.2581014931201935,47.5250129699707
DiscreteSAC,75,final,1125,4125,0.09000000000000001,1.0,1.0,0.5324841141700745,74.19593048095703
DiscreteSAC,75,final,1126,4126,0.09000000000000001,1.0,1.0,0.49520519375801086,80.22509765625
DiscreteSAC,75,final,1127,4127,0.09000000000000001,1.0,1.0,0.05326508730649948,94.52627563476562
DiscreteSAC,75,final,1128,4128,0.09000000000000001,1.0,1.0,0.6895211338996887,40254.03515625
DiscreteSAC,75,final,1129,4129,0.09000000000000001,1.0,1.0,0.6134647727012634,130.6111297607422
DiscreteSAC,75,final,1130,4130,0.09000000000000001,1.0,1.0,0.21106985211372375,260.076904296875
DiscreteSAC,75,final,1131,4131,0.09000000000000001,1.0,1.0,0.6429120898246765,111.15370178222656
DiscreteSAC,75,final,1132,4132,0.09000000000000001,1.0,1.0,0.3581271469593048,248.1607666015625
DiscreteSAC,75,final,1133,4133,0.09000000000000001,1.0,1.0,0.29742950201034546,65.4889907836914
DiscreteSAC,75,final,1134,4134,0.09000000000000001,1.0,1.0,0.7532175183296204,67.80177307128906
DiscreteSAC,75,final,1135,4135,0.09000000000000001,1.0,1.0,1.0377799272537231,696.8690185546875
DiscreteSAC,75,final,1136,4136,0.09000000000000001,1.0,1.0,1.4048750400543213,191.15646362304688
DiscreteSAC,75,final,1137,4137,0.09000000000000001,1.0,1.0,1.174657940864563,158.1390838623047
DiscreteSAC,75,final,1138,4138,0.09000000000000001,1.0,1.0,0.5496184229850769,144.8846435546875
DiscreteSAC,75,final,1139,4139,0.09000000000000001,1.0,1.0,0.16824522614479065,133.561767578125
DiscreteSAC,75,final,1140,4140,0.15283657789230348,2.0,2.0,0.8020651936531067,76.93134689331055
DiscreteSAC,75,final,1141,4141,0.09000000000000001,1.0,1.0,0.053574804216623306,64.16834259033203
DiscreteSAC,75,final,1142,4142,0.09000000000000001,1.0,1.0,0.680536150932312,67.72957611083984
DiscreteSAC,75,final,1143,4143,0.09000000000000001,1.0,1.0,0.8587632775306702,59.099143981933594
DiscreteSAC,75,final,1144,4144,-0.40453408956527714,10.0,2.0,0.5815122723579407,63.24933795928955
DiscreteSAC,75,final,1145,4145,0.09000000000000001,1.0,1.0,0.8071281313896179,129.684814453125
DiscreteSAC,75,final,1146,4146,0.09000000000000001,1.0,1.0,0.2540266215801239,87.19104766845703
DiscreteSAC,75,final,1147,4147,0.09000000000000001,1.0,1.0,0.4454370439052582,2213.00830078125
DiscreteSAC,75,final,1148,4148,0.09000000000000001,1.0,1.0,0.259306937456131,59.29309844970703
DiscreteSAC,75,final,1149,4149,0.09000000000000001,1.0,1.0,0.23035624623298645,63.23469543457031
DiscreteSAC,75,final,1150,4150,0.09000000000000001,1.0,1.0,0.48755985498428345,210.37391662597656
DiscreteSAC,75,final,1151,4151,0.09000000000000001,1.0,1.0,0.5382648706436157,25.08083152770996
DiscreteSAC,75,final,1152,4152,-0.5387650012969971,10.0,2.0,0.35639217495918274,4374.463982009887
DiscreteSAC,75,final,1153,4153,-0.6169365227222443,10.0,2.0,0.3745357394218445,78.42846374511718
DiscreteSAC,75,final,1154,4154,0.09000000000000001,1.0,1.0,0.9472256898880005,129.94444274902344
DiscreteSAC,75,final,1155,4155,0.09000000000000001,1.0,1.0,0.9168902635574341,56.32901382446289
DiscreteSAC,75,final,1156,4156,0.09000000000000001,1.0,1.0,0.5435206890106201,63.843101501464844
DiscreteSAC,75,final,1157,4157,0.09000000000000001,1.0,1.0,0.5180702805519104,54.29905319213867
DiscreteSAC,75,final,1158,4158,0.09000000000000001,1.0,1.0,0.09267208725214005,47.8074836730957
DiscreteSAC,75,final,1159,4159,0.09000000000000001,1.0,1.0,0.1486378014087677,52.0759162902832
DiscreteSAC,75,final,1160,4160,0.09000000000000001,1.0,1.0,0.7659677267074585,37.14515686035156
DiscreteSAC,75,final,1161,4161,0.09000000000000001,1.0,1.0,0.7821012139320374,51.07463455200195
DiscreteSAC,75,final,1162,4162,0.09000000000000001,1.0,1.0,0.1294928938150406,43.60801315307617
DiscreteSAC,75,final,1163,4163,0.09000000000000001,1.0,1.0,1.1877882480621338,40.047019958496094
DiscreteSAC,75,final,1164,4164,0.09000000000000001,1.0,1.0,0.9591536521911621,93.27938842773438
DiscreteSAC,75,final,1165,4165,0.09000000000000001,1.0,1.0,0.36772337555885315,6103.48046875
DiscreteSAC,75,final,1166,4166,0.09000000000000001,1.0,1.0,0.5653769373893738,28.414623260498047
DiscreteSAC,75,final,1167,4167,0.09000000000000001,1.0,1.0,0.7053784132003784,36.63289260864258
DiscreteSAC,75,final,1168,4168,0.09000000000000001,1.0,1.0,0.09439664334058762,204.3131103515625
DiscreteSAC,75,final,1169,4169,-0.6168286681175232,10.0,2.0,0.42783355712890625,95.07870254516601
DiscreteSAC,75,final,1170,4170,0.09000000000000001,1.0,1.0,0.14798881113529205,62.43431854248047
DiscreteSAC,75,final,1171,4171,0.09000000000000001,1.0,1.0,0.5619322061538696,24.74485206604004
DiscreteSAC,75,final,1172,4172,0.09000000000000001,1.0,1.0,0.5633692741394043,131.5815887451172
DiscreteSAC,75,final,1173,4173,0.09000000000000001,1.0,1.0,0.4033648669719696,29.75303077697754
DiscreteSAC,75,final,1174,4174,0.09000000000000001,1.0,1.0,0.38804760575294495,28.53308868408203
DiscreteSAC,75,final,1175,4175,0.09000000000000001,1.0,1.0,0.3338068127632141,66.21013641357422
DiscreteSAC,75,final,1176,4176,0.09000000000000001,1.0,1.0,0.2819354236125946,33.759300231933594
DiscreteSAC,75,final,1177,4177,0.09000000000000001,1.0,1.0,0.8733202815055847,16.39637565612793
DiscreteSAC,75,final,1178,4178,0.09000000000000001,1.0,1.0,0.8462116122245789,24.56937599182129
DiscreteSAC,75,final,1179,4179,0.09000000000000001,1.0,1.0,0.2156752049922943,2267.56982421875
DiscreteSAC,75,final,1180,4180,0.09000000000000001,1.0,1.0,0.22524511814117432,61.391117095947266
DiscreteSAC,75,final,1181,4181,0.09000000000000001,1.0,1.0,0.30124232172966003,45.74675369262695
DiscreteSAC,75,final,1182,4182,-0.5256228923797608,10.0,2.0,0.892896294593811,74.603519821167
DiscreteSAC,75,final,1183,4183,0.09000000000000001,1.0,1.0,0.271450936794281,69.9838638305664
DiscreteSAC,75,final,1184,4184,0.09000000000000001,1.0,1.0,0.6400532126426697,293.07855224609375
DiscreteSAC,75,final,1185,4185,0.09000000000000001,1.0,1.0,0.7990487813949585,30.796213150024414
DiscreteSAC,75,final,1186,4186,0.09000000000000001,1.0,1.0,0.1631687432527542,187.32887268066406
DiscreteSAC,75,final,1187,4187,0.09000000000000001,1.0,1.0,0.7230267524719238,44.01597213745117
DiscreteSAC,75,final,1188,4188,0.09000000000000001,1.0,1.0,0.18001557886600494,59.578887939453125
DiscreteSAC,75,final,1189,4189,0.09000000000000001,1.0,1.0,0.8840612173080444,268.68743896484375
DiscreteSAC,75,final,1190,4190,0.09000000000000001,1.0,1.0,0.4425234794616699,27.5139102935791
DiscreteSAC,75,final,1191,4191,-0.5785558700561524,10.0,2.0,0.9540225267410278,99569.34636306763
DiscreteSAC,75,final,1192,4192,0.09000000000000001,1.0,1.0,0.7827585935592651,512.9667358398438
DiscreteSAC,75,final,1193,4193,0.09000000000000001,1.0,1.0,1.0544606447219849,350.4214782714844
DiscreteSAC,75,final,1194,4194,-0.44566797018051146,10.0,2.0,0.5271034240722656,424.11612701416016
DiscreteSAC,75,final,1195,4195,-0.6231572508811952,10.0,2.0,0.6048333048820496,2425.451763916016
DiscreteSAC,75,final,1196,4196,0.09000000000000001,1.0,1.0,0.4194281995296478,168.1253662109375
DiscreteSAC,75,final,1197,4197,-0.5939828634262085,10.0,2.0,0.41594234108924866,404.6388801574707
DiscreteSAC,75,final,1198,4198,0.09000000000000001,1.0,1.0,1.0229904651641846,62.105621337890625
DiscreteSAC,75,final,1199,4199,-0.44105820655822753,10.0,2.0,0.7369047999382019,116130.44740524291
DiscreteSAC,75,final,1200,4200,0.09000000000000001,1.0,1.0,0.3483901023864746,65.41635131835938
DiscreteSAC,75,final,1201,4201,0.09000000000000001,1.0,1.0,0.40452840924263,801.4822998046875
DiscreteSAC,75,final,1202,4202,0.09000000000000001,1.0,1.0,0.801863968372345,278.4906921386719
DiscreteSAC,75,final,1203,4203,0.09000000000000001,1.0,1.0,0.6826496124267578,126.73368835449219
DiscreteSAC,75,final,1204,4204,-0.563987883925438,10.0,2.0,0.10812614858150482,741.3264003753662
DiscreteSAC,75,final,1205,4205,0.09000000000000001,1.0,1.0,0.504886269569397,80.522216796875
DiscreteSAC,75,final,1206,4206,0.09000000000000001,1.0,1.0,0.503204882144928,113.71401977539062
DiscreteSAC,75,final,1207,4207,0.09000000000000001,1.0,1.0,0.5999070405960083,3802.407958984375
DiscreteSAC,75,final,1208,4208,0.09000000000000001,1.0,1.0,0.14548160135746002,123.06706237792969
DiscreteSAC,75,final,1209,4209,0.09000000000000001,1.0,1.0,0.09445299953222275,37.989994049072266
DiscreteSAC,75,final,1210,4210,0.09000000000000001,1.0,1.0,0.08131828159093857,99.22116088867188
DiscreteSAC,75,final,1211,4211,0.09000000000000001,1.0,1.0,0.9623828530311584,102.8519287109375
DiscreteSAC,75,final,1212,4212,0.09000000000000001,1.0,1.0,0.6509758234024048,135.98968505859375
DiscreteSAC,75,final,1213,4213,0.09000000000000001,1.0,1.0,1.1684681177139282,210.4323272705078
DiscreteSAC,75,final,1214,4214,0.09000000000000001,1.0,1.0,0.06697919219732285,152.0546112060547
DiscreteSAC,75,final,1215,4215,0.09000000000000001,1.0,1.0,0.044344041496515274,79.38097381591797
DiscreteSAC,75,final,1216,4216,0.09000000000000001,1.0,1.0,0.33138445019721985,318.1860656738281
DiscreteSAC,75,final,1217,4217,0.09000000000000001,1.0,1.0,0.35236215591430664,94.5859603881836
DiscreteSAC,75,final,1218,4218,0.09000000000000001,1.0,1.0,0.2181280553340912,79.0264663696289
DiscreteSAC,75,final,1219,4219,0.09000000000000001,1.0,1.0,0.4631413519382477,94.17696380615234
DiscreteSAC,75,final,1220,4220,0.09000000000000001,1.0,1.0,0.6716088652610779,68.1147232055664
DiscreteSAC,75,final,1221,4221,0.09000000000000001,1.0,1.0,0.09317747503519058,64.09922790527344
DiscreteSAC,75,final,1222,4222,0.09000000000000001,1.0,1.0,0.7139036059379578,66303.6171875
DiscreteSAC,75,final,1223,4223,0.09000000000000001,1.0,1.0,0.2434190958738327,105.4729232788086
DiscreteSAC,75,final,1224,4224,0.09000000000000001,1.0,1.0,0.925178050994873,94.71917724609375
DiscreteSAC,75,final,1225,4225,-0.5319267988204956,10.0,2.0,1.1577703952789307,169.19834823608397
DiscreteSAC,75,final,1226,4226,0.09000000000000001,1.0,1.0,0.5104313492774963,42.889461517333984
DiscreteSAC,75,final,1227,4227,0.09000000000000001,1.0,1.0,0.37353676557540894,278.50006103515625
DiscreteSAC,75,final,1228,4228,0.09000000000000001,1.0,1.0,0.3366720974445343,161.44512939453125
DiscreteSAC,75,final,1229,4229,0.09000000000000001,1.0,1.0,0.7197519540786743,65.9557113647461
DiscreteSAC,75,final,1230,4230,-0.4943565011024475,10.0,2.0,0.7916908860206604,869.3834224700928
DiscreteSAC,75,final,1231,4231,0.09000000000000001,1.0,1.0,0.9244542717933655,44.48617935180664
DiscreteSAC,75,final,1232,4232,0.09000000000000001,1.0,1.0,0.12240544706583023,35.92948532104492
DiscreteSAC,75,final,1233,4233,0.09000000000000001,1.0,1.0,0.7701544165611267,43.21107864379883
DiscreteSAC,75,final,1234,4234,0.09000000000000001,1.0,1.0,0.41596299409866333,57.61235809326172
DiscreteSAC,75,final,1235,4235,0.09000000000000001,1.0,1.0,0.7440051436424255,33.46807098388672
DiscreteSAC,75,final,1236,4236,0.09000000000000001,1.0,1.0,0.11027773469686508,92.47765350341797
DiscreteSAC,75,final,1237,4237,0.09000000000000001,1.0,1.0,0.6708869338035583,26.547866821289062
DiscreteSAC,75,final,1238,4238,0.09000000000000001,1.0,1.0,0.6981197595596313,50.16490936279297
DiscreteSAC,75,final,1239,4239,0.09000000000000001,1.0,1.0,0.8217782378196716,70.39584350585938
DiscreteSAC,75,final,1240,4240,0.09000000000000001,1.0,1.0,0.9984398484230042,4308.94580078125
DiscreteSAC,75,final,1241,4241,0.09000000000000001,1.0,1.0,0.8200689554214478,75.08829498291016
DiscreteSAC,75,final,1242,4242,0.09000000000000001,1.0,1.0,0.17722856998443604,147.27252197265625
DiscreteSAC,75,final,1243,4243,-0.4993301510810852,10.0,2.0,0.6101418733596802,44.72376537322998
DiscreteSAC,75,final,1244,4244,0.09000000000000001,1.0,1.0,0.27167829871177673,35.31417465209961
DiscreteSAC,75,final,1245,4245,0.09000000000000001,1.0,1.0,0.5653746128082275,229.7926788330078
DiscreteSAC,75,final,1246,4246,0.09000000000000001,1.0,1.0,0.7222024202346802,315.8182678222656
DiscreteSAC,75,final,1247,4247,0.09000000000000001,1.0,1.0,0.17792971432209015,28.02199935913086
DiscreteSAC,75,final,1248,4248,0.09000000000000001,1.0,1.0,1.1360408067703247,89.33424377441406
DiscreteSAC,75,final,1249,4249,0.09000000000000001,1.0,1.0,0.3970184326171875,81.3296890258789
DiscreteSAC,75,final,1250,4250,-0.5638933062553406,10.0,2.0,0.7683418393135071,96.49704265594482
DiscreteSAC,75,final,1251,4251,0.09000000000000001,1.0,1.0,0.5257893800735474,262.6901550292969
DiscreteSAC,75,final,1252,4252,0.09000000000000001,1.0,1.0,0.6985200643539429,60.72023391723633
DiscreteSAC,75,final,1253,4253,0.09000000000000001,1.0,1.0,0.7156438231468201,58.50957107543945
DiscreteSAC,75,final,1254,4254,0.09000000000000001,1.0,1.0,0.5512682795524597,22.479122161865234
DiscreteSAC,75,final,1255,4255,0.27142413139343263,2.0,2.0,1.0647375583648682,775.0694427490234
DiscreteSAC,75,final,1256,4256,0.08188867747783662,2.0,2.0,0.13965485990047455,318.08642196655273
DiscreteSAC,75,final,1257,4257,0.09000000000000001,1.0,1.0,0.08721669763326645,7898.6171875
DiscreteSAC,75,final,1258,4258,0.09000000000000001,1.0,1.0,1.0687401294708252,205.10751342773438
DiscreteSAC,75,final,1259,4259,0.09000000000000001,1.0,1.0,0.8972167372703552,152.75326538085938
DiscreteSAC,75,final,1260,4260,0.09000000000000001,1.0,1.0,0.12726780772209167,69.09965515136719
DiscreteSAC,75,final,1261,4261,0.09000000000000001,1.0,1.0,0.9247125387191772,484.19830322265625
DiscreteSAC,75,final,1262,4262,0.09000000000000001,1.0,1.0,0.6035346984863281,48.79511260986328
DiscreteSAC,75,final,1263,4263,0.09000000000000001,1.0,1.0,0.09876996278762817,30.44438934326172
DiscreteSAC,75,final,1264,4264,0.084404776096344,4.0,3.0,0.8801239132881165,48.15061092376709
DiscreteSAC,75,final,1265,4265,0.09000000000000001,1.0,1.0,0.6347103714942932,29.074460983276367
DiscreteSAC,75,final,1266,4266,0.09000000000000001,1.0,1.0,0.7414931654930115,24.797121047973633
DiscreteSAC,75,final,1267,4267,-0.5065908312797547,10.0,2.0,0.3554752767086029,100.25179061889648
DiscreteSAC,75,final,1268,4268,0.09000000000000001,1.0,1.0,0.9754218459129333,29.628862380981445
DiscreteSAC,75,final,1269,4269,0.09000000000000001,1.0,1.0,0.20388738811016083,42.967594146728516
DiscreteSAC,75,final,1270,4270,0.02739836454391481,2.0,2.0,0.7153142690658569,114.85812187194824
DiscreteSAC,75,final,1271,4271,-0.5449784278869629,10.0,2.0,1.176071047782898,92.11124687194824
DiscreteSAC,75,final,1272,4272,0.09000000000000001,1.0,1.0,0.23106153309345245,24.475248336791992
DiscreteSAC,75,final,1273,4273,0.09000000000000001,1.0,1.0,0.4418957531452179,364.4745788574219
DiscreteSAC,75,final,1274,4274,0.09000000000000001,1.0,1.0,0.24296297132968903,52.70745849609375
DiscreteSAC,75,final,1275,4275,0.010138287842273719,3.0,3.0,0.16332471370697021,198287.19617970785
DiscreteSAC,75,final,1276,4276,0.09000000000000001,1.0,1.0,0.3946897089481354,43.87567901611328
DiscreteSAC,75,final,1277,4277,0.14988381385803223,3.0,3.0,1.243564248085022,65.44363784790039
DiscreteSAC,75,final,1278,4278,0.08242513418197633,2.0,2.0,0.504051685333252,44.501298904418945
DiscreteSAC,75,final,1279,4279,-0.5118361949920655,10.0,5.0,0.6637356877326965,6831.252126312256
DiscreteSAC,75,final,1280,4280,-0.3185365438461304,10.0,5.0,0.8004654049873352,924.8583992004394
DiscreteSAC,75,final,1281,4281,0.09000000000000001,1.0,1.0,0.47676196694374084,309.42205810546875
DiscreteSAC,75,final,1282,4282,0.09000000000000001,1.0,1.0,0.39358869194984436,36.86487579345703
DiscreteSAC,75,final,1283,4283,0.09000000000000001,1.0,1.0,1.1499992609024048,23.275331497192383
DiscreteSAC,75,final,1284,4284,0.09000000000000001,1.0,1.0,0.3414441645145416,95.48053741455078
DiscreteSAC,75,final,1285,4285,-0.4786228716373444,10.0,2.0,0.4613204896450043,91.58356380462646
DiscreteSAC,75,final,1286,4286,0.09000000000000001,1.0,1.0,0.2650098502635956,29.327136993408203
DiscreteSAC,75,final,1287,4287,0.09000000000000001,1.0,1.0,1.209296464920044,217.9828338623047
DiscreteSAC,75,final,1288,4288,-0.5513626515865326,10.0,2.0,0.22074517607688904,132.70489292144777
DiscreteSAC,75,final,1289,4289,-0.14500400304794314,8.0,2.0,0.5503767132759094,75.67713475227356
DiscreteSAC,75,final,1290,4290,-0.4750267744064331,10.0,2.0,0.5717743039131165,36.583268356323245
DiscreteSAC,75,final,1291,4291,-0.4360839009284973,10.0,2.0,0.7212079167366028,120.8588059425354
DiscreteSAC,75,final,1292,4292,0.09000000000000001,1.0,1.0,0.6068320870399475,31.593795776367188
DiscreteSAC,75,final,1293,4293,0.11650311946868898,5.0,4.0,1.026720643043518,38.563368225097655
DiscreteSAC,75,final,1294,4294,-0.37358598947525024,9.0,4.0,0.6488660573959351,118.35223155551486
DiscreteSAC,75,final,1295,4295,-0.6315787911415102,10.0,2.0,0.8884593844413757,35.19799861907959
DiscreteSAC,75,final,1296,4296,-0.6016874611377717,10.0,3.0,0.48418882489204407,70.8395902633667
DiscreteSAC,75,final,1297,4297,-0.17339365780353544,5.0,2.0,0.19984164834022522,123.51605644226075
DiscreteSAC,75,final,1298,4298,0.09000000000000001,1.0,1.0,1.2008992433547974,16.08899688720703
DiscreteSAC,75,final,1299,4299,-0.04797786712646483,4.0,4.0,0.7433576583862305,909176.8139133453
DiscreteSAC,75,final,1300,4300,-0.45366333723068236,10.0,2.0,0.583639919757843,5597.166522979736
DiscreteSAC,75,final,1301,4301,-0.06501380443572997,4.0,2.0,1.1827083826065063,4697.834478378296
DiscreteSAC,75,final,1302,4302,-0.023396664261817926,4.0,2.0,0.24874602258205414,243.45903205871582
DiscreteSAC,75,final,1303,4303,0.09000000000000001,1.0,1.0,1.0084298849105835,114.71698760986328
DiscreteSAC,75,final,1304,4304,-0.45371733903884887,10.0,2.0,0.8334879875183105,2047.545955657959
DiscreteSAC,75,final,1305,4305,0.11640615940093996,2.0,2.0,0.4090510904788971,63.31277084350586
DiscreteSAC,75,final,1306,4306,-0.003202719688415512,2.0,2.0,0.5484556555747986,52828.20449066162
DiscreteSAC,75,final,1307,4307,0.1359647583961487,3.0,3.0,0.2778317332267761,141.37962214152017
DiscreteSAC,75,final,1308,4308,-0.44427502155303955,10.0,3.0,0.44727998971939087,213.7356101989746
DiscreteSAC,75,final,1309,4309,0.056311688423156744,4.0,2.0,0.7299566268920898,266.5071964263916
DiscreteSAC,75,final,1310,4310,0.09000000000000001,1.0,1.0,1.085476040840149,2566.44482421875
DiscreteSAC,75,final,1311,4311,-0.4018556356430054,10.0,2.0,0.6383211016654968,167.85983352661134
DiscreteSAC,75,final,1312,4312,0.09000000000000001,1.0,1.0,0.23808959126472473,15534.59765625
DiscreteSAC,75,final,1313,4313,-0.34080360412597654,8.0,3.0,0.7262092232704163,2546.4268045425415
DiscreteSAC,75,final,1314,4314,0.09000000000000001,1.0,1.0,0.24632740020751953,132.7831573486328
DiscreteSAC,75,final,1315,4315,0.1504530382156372,3.0,3.0,0.6490717530250549,4392.81808980306
DiscreteSAC,75,final,1316,4316,-0.1290343141555786,6.0,2.0,0.6784601211547852,114.84378623962402
DiscreteSAC,75,final,1317,4317,-0.611513014137745,10.0,2.0,0.12693659961223602,2608.081101226807
DiscreteSAC,75,final,1318,4318,-0.6245705366134645,10.0,2.0,0.8068004250526428,11114.828479766846
DiscreteSAC,75,final,1319,4319,-0.2167731297016144,7.0,5.0,0.40627819299697876,129.29642759050643
DiscreteSAC,75,final,1320,4320,-0.14587188959121705,10.0,4.0,0.6591538190841675,121.39680404663086
DiscreteSAC,75,final,1321,4321,0.1623238492012024,2.0,2.0,0.6408644914627075,94.41948699951172
DiscreteSAC,75,final,1322,4322,0.004514038562774672,5.0,4.0,0.7339406609535217,47.089009857177736
DiscreteSAC,75,final,1323,4323,0.09000000000000001,1.0,1.0,0.4614564776420593,56.26504135131836
DiscreteSAC,75,final,1324,4324,-0.30069744586944586,10.0,3.0,0.641941249370575,67.94090881347657
DiscreteSAC,75,final,1325,4325,0.09000000000000001,1.0,1.0,0.7838158011436462,57.311981201171875
DiscreteSAC,75,final,1326,4326,0.09000000000000001,1.0,1.0,0.2889280915260315,37.91142272949219
DiscreteSAC,75,final,1327,4327,0.09000000000000001,1.0,1.0,0.2512267529964447,190.22474670410156
DiscreteSAC,75,final,1328,4328,-0.4455787420272827,10.0,2.0,0.48133087158203125,4759.719249725342
DiscreteSAC,75,final,1329,4329,-0.48191124200820923,10.0,3.0,0.7595683932304382,98858.42801742554
DiscreteSAC,75,final,1330,4330,-0.15710765600204468,8.0,5.0,0.9374971389770508,164.9987931251526
DiscreteSAC,75,final,1331,4331,0.07600112438201906,2.0,2.0,0.5464377403259277,131.57397270202637
DiscreteSAC,75,final,1332,4332,0.11575798869132997,2.0,2.0,0.4754330813884735,283.40785217285156
DiscreteSAC,75,final,1333,4333,0.12187268018722536,2.0,2.0,0.44765833020210266,70.20099067687988
DiscreteSAC,75,final,1334,4334,0.09000000000000001,1.0,1.0,0.17441025376319885,132.29420471191406
DiscreteSAC,75,final,1335,4335,0.07224643409252168,2.0,2.0,0.11703957617282867,2243991.152076721
DiscreteSAC,75,final,1336,4336,0.27668137073516846,3.0,3.0,1.0345379114151,481.5592460632324
DiscreteSAC,75,final,1337,4337,0.22491090297698973,5.0,5.0,1.0253397226333618,1574.1111038208007
DiscreteSAC,75,final,1338,4338,-0.03412705898284914,4.0,4.0,0.7776287198066711,845.6618728637695
DiscreteSAC,75,final,1339,4339,0.08221416354179384,2.0,2.0,0.41450127959251404,94.77640914916992
DiscreteSAC,75,final,1340,4340,-0.41055207252502446,10.0,2.0,0.6697732210159302,6740.0309761047365
DiscreteSAC,75,final,1341,4341,0.09000000000000001,1.0,1.0,1.1134902238845825,127.5351791381836
DiscreteSAC,75,final,1342,4342,-0.3830527663230896,10.0,3.0,0.6139302849769592,662.0058517456055
DiscreteSAC,75,final,1343,4343,0.09000000000000001,1.0,1.0,0.1254478543996811,72.36834716796875
DiscreteSAC,75,final,1344,4344,-0.4411712884902954,10.0,3.0,0.7414197325706482,116.17211685180663
DiscreteSAC,75,final,1345,4345,-0.3986786484718323,10.0,2.0,0.7911621928215027,144.81732101440429
DiscreteSAC,75,final,1346,4346,-0.6580738306045534,10.0,2.0,0.27112510800361633,96.45121841430664
DiscreteSAC,75,final,1347,4347,0.09000000000000001,1.0,1.0,0.287747323513031,33.64012145996094
DiscreteSAC,75,final,1348,4348,-0.6367198824882508,10.0,3.0,0.6725898385047913,191.530415725708
DiscreteSAC,75,final,1349,4349,-0.12986046075820926,10.0,3.0,0.8270301222801208,192.05947647094726
DiscreteSAC,75,final,1350,4350,-0.5173355221748352,10.0,2.0,0.6260249018669128,69.59880752563477
DiscreteSAC,75,final,1351,4351,-0.04338518142700194,6.0,2.0,0.7282716631889343,127.17020734151204
DiscreteSAC,75,final,1352,4352,0.041842358112335214,2.0,2.0,0.6636034846305847,761.3055114746094
DiscreteSAC,75,final,1353,4353,-0.5481379508972168,10.0,2.0,1.0139005184173584,3421.922019958496
DiscreteSAC,75,final,1354,4354,-0.6393007516860963,10.0,2.0,0.4878925383090973,101.00242118835449
DiscreteSAC,75,final,1355,4355,-0.5700285911560059,10.0,2.0,0.19432811439037323,104.25641250610352
DiscreteSAC,75,final,1356,4356,-0.29711819887161256,10.0,4.0,0.3413289189338684,303248.81093120575
DiscreteSAC,75,final,1357,4357,-0.3256634950637817,10.0,2.0,1.235437273979187,260713.17430038453
DiscreteSAC,75,final,1358,4358,0.12972392559051515,3.0,2.0,0.9100837707519531,227.10533142089844
DiscreteSAC,75,final,1359,4359,-0.5068354487419129,10.0,2.0,0.8789191246032715,3354.0214614868164
DiscreteSAC,75,final,1360,4360,0.012566347122192387,3.0,2.0,0.6988949179649353,381.37896728515625
DiscreteSAC,75,final,1361,4361,0.09000000000000001,1.0,1.0,0.2828543484210968,342.3809509277344
DiscreteSAC,75,final,1362,4362,-0.47488980293273925,10.0,2.0,1.016421914100647,2020.167204284668
DiscreteSAC,75,final,1363,4363,-0.3148729503154755,10.0,3.0,0.38523080945014954,417.21320419311525
DiscreteSAC,75,final,1364,4364,-0.01254902362823486,3.0,2.0,0.18936513364315033,125.11240132649739
DiscreteSAC,75,final,1365,4365,0.09000000000000001,1.0,1.0,0.614560604095459,96.43365478515625
DiscreteSAC,75,final,1366,4366,0.10927589416503908,2.0,2.0,0.33629554510116577,878.8588256835938
DiscreteSAC,75,final,1367,4367,0.12337465047836305,4.0,3.0,0.631362795829773,94.51162815093994
DiscreteSAC,75,final,1368,4368,-0.451431143283844,10.0,2.0,0.5910201668739319,236.16411514282225
DiscreteSAC,75,final,1369,4369,-0.5057173550128937,10.0,2.0,0.478297621011734,107486.79167785644
DiscreteSAC,75,final,1370,4370,-0.5099313139915467,10.0,2.0,0.6846081018447876,239.53762969970703
DiscreteSAC,75,final,1371,4371,-0.5827542424201966,10.0,2.0,0.5430316925048828,4595.875672912598
DiscreteSAC,75,final,1372,4372,0.04146386861801148,2.0,2.0,0.6053065657615662,1289.8236694335938
DiscreteSAC,75,final,1373,4373,0.09000000000000001,1.0,1.0,0.530446469783783,14123.2080078125
DiscreteSAC,75,final,1374,4374,0.16078068494796754,2.0,2.0,0.38830724358558655,203.89498901367188
DiscreteSAC,75,final,1375,4375,0.09000000000000001,1.0,1.0,0.10271023213863373,115.43293762207031
DiscreteSAC,75,final,1376,4376,0.09000000000000001,1.0,1.0,0.826347827911377,1352.01953125
DiscreteSAC,75,final,1377,4377,-0.07919362545013427,6.0,2.0,0.5970810651779175,660105.2912000021
DiscreteSAC,75,final,1378,4378,-0.12469772815704346,7.0,3.0,0.6560344099998474,371.2719181605748
DiscreteSAC,75,final,1379,4379,0.09000000000000001,1.0,1.0,0.7964010834693909,192.07432556152344
DiscreteSAC,75,final,1380,4380,0.09000000000000001,1.0,1.0,0.8522462248802185,218.06044006347656
DiscreteSAC,75,final,1381,4381,0.09000000000000001,1.0,1.0,0.6108348965644836,145.7361297607422
DiscreteSAC,75,final,1382,4382,0.09000000000000001,1.0,1.0,0.3452889025211334,1858.6226806640625
DiscreteSAC,75,final,1383,4383,0.09000000000000001,1.0,1.0,0.424513578414917,153.351806640625
DiscreteSAC,75,final,1384,4384,-0.5787003517150879,10.0,2.0,0.47588130831718445,202.07019500732423
DiscreteSAC,75,final,1385,4385,0.09000000000000001,1.0,1.0,0.8565704226493835,33757.3046875
DiscreteSAC,75,final,1386,4386,0.09000000000000001,1.0,1.0,0.2611350119113922,226.1973876953125
DiscreteSAC,75,final,1387,4387,0.09000000000000001,1.0,1.0,0.39673757553100586,226.81378173828125
DiscreteSAC,75,final,1388,4388,0.09000000000000001,1.0,1.0,0.9764767289161682,561.4964599609375
DiscreteSAC,75,final,1389,4389,0.09000000000000001,1.0,1.0,1.0504940748214722,218.5913848876953
DiscreteSAC,75,final,1390,4390,0.09000000000000001,1.0,1.0,0.8855222463607788,214.9764862060547
DiscreteSAC,75,final,1391,4391,0.09000000000000001,1.0,1.0,0.3378489315509796,162.0474395751953
DiscreteSAC,75,final,1392,4392,0.09000000000000001,1.0,1.0,0.5920578241348267,112.70496368408203
DiscreteSAC,75,final,1393,4393,0.09000000000000001,1.0,1.0,0.4119151532649994,199.46119689941406
DiscreteSAC,75,final,1394,4394,-0.5610752582550049,10.0,2.0,0.5666157603263855,215.83603134155274
DiscreteSAC,75,final,1395,4395,0.09000000000000001,1.0,1.0,0.049913883209228516,319.9749450683594
DiscreteSAC,75,final,1396,4396,0.09000000000000001,1.0,1.0,0.40178823471069336,111.73126983642578
DiscreteSAC,75,final,1397,4397,0.09000000000000001,1.0,1.0,0.7489067912101746,161.6166534423828
DiscreteSAC,75,final,1398,4398,0.09000000000000001,1.0,1.0,0.17177735269069672,1086072.625
DiscreteSAC,75,final,1399,4399,0.09000000000000001,1.0,1.0,0.9717574119567871,44.4017448425293
DiscreteSAC,75,final,1400,4400,0.09000000000000001,1.0,1.0,0.8365797400474548,111.2757797241211
DiscreteSAC,75,final,1401,4401,-0.4303839683532715,10.0,2.0,0.7403776049613953,260.15053939819336
DiscreteSAC,75,final,1402,4402,-0.6441372513771059,10.0,2.0,0.6564455032348633,897.7983383178711
DiscreteSAC,75,final,1403,4403,-0.49973212480545043,10.0,2.0,0.7697938680648804,685.9712898254395
DiscreteSAC,75,final,1404,4404,0.09000000000000001,1.0,1.0,0.5311358571052551,75.31405639648438
DiscreteSAC,75,final,1405,4405,-0.3918880224227906,10.0,3.0,0.6516758799552917,302.65749778747556
DiscreteSAC,75,final,1406,4406,0.07040813744068147,2.0,2.0,0.17151887714862823,187.087158203125
DiscreteSAC,75,final,1407,4407,-0.6364635407924654,10.0,2.0,0.5407260656356812,104.98546829223633
DiscreteSAC,75,final,1408,4408,0.09000000000000001,1.0,1.0,0.535524308681488,70.08964538574219
DiscreteSAC,75,final,1409,4409,0.13561190128326417,4.0,3.0,0.776849627494812,116.61163330078125
DiscreteSAC,75,final,1410,4410,0.09000000000000001,1.0,1.0,0.288047730922699,757.5757446289062
DiscreteSAC,75,final,1411,4411,0.1299149262905121,2.0,2.0,0.4902683198451996,287.6040496826172
DiscreteSAC,75,final,1412,4412,0.09000000000000001,1.0,1.0,0.3325314223766327,354.98199462890625
DiscreteSAC,75,final,1413,4413,0.09000000000000001,1.0,1.0,1.0516396760940552,100.26925659179688
DiscreteSAC,75,final,1414,4414,0.09000000000000001,1.0,1.0,0.8893163800239563,113.47941589355469
DiscreteSAC,75,final,1415,4415,-0.27658156394958494,9.0,3.0,0.5368061661720276,142.6990818447537
DiscreteSAC,75,final,1416,4416,-0.6666054129600526,10.0,3.0,0.7430909276008606,86.21954460144043
DiscreteSAC,75,final,1417,4417,-0.3457914471626282,10.0,2.0,0.5823810696601868,4083.211318206787
DiscreteSAC,75,final,1418,4418,-0.42233985662460327,10.0,3.0,0.6295755505561829,136.35321006774902
DiscreteSAC,75,final,1419,4419,-0.7191624522209169,10.0,2.0,1.0454437732696533,195.2539752960205
DiscreteSAC,75,final,1420,4420,-0.19387978315353394,10.0,5.0,0.6747538447380066,101.21512489318847
DiscreteSAC,75,final,1421,4421,-0.5841047644615174,10.0,2.0,0.6364782452583313,2310.868257141113
DiscreteSAC,75,final,1422,4422,-0.5967987060546875,10.0,2.0,1.2191113233566284,57104.1721206665
DiscreteSAC,75,final,1423,4423,-0.45479207038879393,10.0,2.0,1.0039730072021484,102695.3121711731
DiscreteSAC,75,final,1424,4424,0.08381582975387575,2.0,2.0,0.7610126733779907,219.39259338378906
DiscreteSAC,75,final,1425,4425,-0.20065348625183105,8.0,4.0,0.7015973925590515,523.2888793945312
DiscreteSAC,75,final,1426,4426,-0.03187309026718138,2.0,2.0,0.8037549257278442,172.64189910888672
DiscreteSAC,75,final,1427,4427,-0.07879230976104735,5.0,2.0,0.31330686807632446,162.4597640991211
DiscreteSAC,75,final,1428,4428,-0.5279615700244904,10.0,2.0,0.44619277119636536,2327.87961807251
DiscreteSAC,75,final,1429,4429,-0.5480377078056335,10.0,3.0,0.572759211063385,8538.838799285888
DiscreteSAC,75,final,1430,4430,0.03079940795898438,3.0,2.0,1.4500713348388672,284.84066009521484
DiscreteSAC,75,final,1431,4431,-0.164852511882782,10.0,4.0,0.5125023126602173,139.44193115234376
DiscreteSAC,75,final,1432,4432,0.14053063988685607,5.0,2.0,0.3435322344303131,194.6849151611328
DiscreteSAC,75,final,1433,4433,0.28305448770523073,2.0,2.0,0.7043280005455017,176.66590881347656
DiscreteSAC,75,final,1434,4434,-0.36778334617614744,9.0,3.0,0.9236970543861389,510.1913032531738
DiscreteSAC,75,final,1435,4435,-0.5662257969379426,10.0,3.0,0.44458892941474915,439.06331329345704
DiscreteSAC,75,final,1436,4436,-0.5876800894737244,10.0,2.0,0.1680389940738678,99234.81408920288
DiscreteSAC,75,final,1437,4437,-0.7590899348258975,10.0,2.0,0.7368515729904175,469.43783416748045
DiscreteSAC,75,final,1438,4438,0.11035800695419312,3.0,3.0,0.7691547274589539,1944.7052154541016
DiscreteSAC,75,final,1439,4439,-0.4769242525100708,10.0,4.0,1.048036813735962,866.3801467895507
DiscreteSAC,75,final,1440,4440,-0.6257758617401125,10.0,2.0,0.35559695959091187,1404.5951961517335
DiscreteSAC,75,final,1441,4441,-0.48671366572380065,10.0,2.0,0.3622882664203644,276.7122604370117
DiscreteSAC,75,final,1442,4442,-0.6037448227405549,10.0,2.0,0.5507767796516418,3113.5118434906008
DiscreteSAC,75,final,1443,4443,-0.2115184378623962,7.0,2.0,0.74185711145401,91.60904693603516
DiscreteSAC,75,final,1444,4444,-0.42856305837631226,10.0,3.0,0.8705404996871948,2780.5606327056885
DiscreteSAC,75,final,1445,4445,-0.4199496984481812,10.0,2.0,0.6397886872291565,1248.6395755767821
DiscreteSAC,75,final,1446,4446,0.040190137624740614,3.0,3.0,0.5207902193069458,642.5528895060221
DiscreteSAC,75,final,1447,4447,0.16122265338897707,2.0,2.0,0.495796263217926,218.8906478881836
DiscreteSAC,75,final,1448,4448,-0.6499709486961366,10.0,3.0,0.45033782720565796,117.69501571655273
DiscreteSAC,75,final,1449,4449,-0.42240770459175114,10.0,2.0,0.36322301626205444,299702.28240852355
DiscreteSAC,75,final,1450,4450,-0.42640620470046997,10.0,3.0,0.4209895431995392,1626.8467483520508
DiscreteSAC,75,final,1451,4451,0.09000000000000001,1.0,1.0,0.8942264914512634,2047.273193359375
DiscreteSAC,75,final,1452,4452,-0.019437067508697517,3.0,3.0,0.7790469527244568,235.19627888997397
DiscreteSAC,75,final,1453,4453,0.19517328262329103,3.0,2.0,1.0081840753555298,13486.12547047933
DiscreteSAC,75,final,1454,4454,-0.1465915775299072,6.0,2.0,0.7564874887466431,990.923220316569
DiscreteSAC,75,final,1455,4455,-0.15838483572006223,10.0,3.0,0.5543495416641235,190311.43858184814
DiscreteSAC,75,final,1456,4456,-0.5286301851272583,10.0,2.0,0.2802065908908844,6651.091361999512
DiscreteSAC,75,final,1457,4457,-0.05284955203533172,5.0,2.0,0.22282223403453827,135290.05992431642
DiscreteSAC,75,final,1458,4458,0.048384795188903824,4.0,3.0,0.6767539381980896,1394.398754119873
DiscreteSAC,75,final,1459,4459,-0.5201952934265137,10.0,2.0,1.1721203327178955,13449.197246551514
DiscreteSAC,75,final,1460,4460,-0.5366968989372254,10.0,2.0,0.6739238500595093,659.6521110534668
DiscreteSAC,75,final,1461,4461,-0.5949964404106141,10.0,2.0,0.6544367671012878,141.28467330932617
DiscreteSAC,75,final,1462,4462,0.04436244249343873,2.0,2.0,0.6750046014785767,135.34957122802734
DiscreteSAC,75,final,1463,4463,0.09000000000000001,1.0,1.0,0.37089797854423523,180.6966094970703
DiscreteSAC,75,final,1464,4464,0.09000000000000001,1.0,1.0,0.3189537823200226,4177.25537109375
DiscreteSAC,75,final,1465,4465,0.09000000000000001,1.0,1.0,0.1215284988284111,37.593318939208984
DiscreteSAC,75,final,1466,4466,0.09000000000000001,1.0,1.0,0.31026601791381836,77.48432159423828
DiscreteSAC,75,final,1467,4467,0.0435891342163086,3.0,2.0,0.634297251701355,142.59383010864258
DiscreteSAC,75,final,1468,4468,0.09000000000000001,1.0,1.0,0.4465651512145996,94.96129608154297
DiscreteSAC,75,final,1469,4469,0.09000000000000001,1.0,1.0,0.31822189688682556,123.30079650878906
DiscreteSAC,75,final,1470,4470,-0.5737254947423935,10.0,2.0,0.25327351689338684,103.34068565368652
DiscreteSAC,75,final,1471,4471,0.09000000000000001,1.0,1.0,0.1495497077703476,85.04756927490234
DiscreteSAC,75,final,1472,4472,0.09000000000000001,1.0,1.0,0.1810990869998932,323.69879150390625
DiscreteSAC,75,final,1473,4473,0.09000000000000001,1.0,1.0,0.6489992141723633,66.3368148803711
DiscreteSAC,75,final,1474,4474,0.09000000000000001,1.0,1.0,0.5703836679458618,184.7627716064453
DiscreteSAC,75,final,1475,4475,-0.6038727045059205,10.0,2.0,0.8002939820289612,1783.4872730255126
DiscreteSAC,75,final,1476,4476,0.09000000000000001,1.0,1.0,0.3222638964653015,102.2540283203125
DiscreteSAC,75,final,1477,4477,0.09000000000000001,1.0,1.0,0.6239814162254333,77.50611877441406
DiscreteSAC,75,final,1478,4478,-0.5210080027580262,10.0,2.0,0.6818976402282715,332.75894966125486
DiscreteSAC,75,final,1479,4479,-0.6377290964126588,10.0,2.0,0.511328399181366,178327.45282554626
DiscreteSAC,75,final,1480,4480,0.09000000000000001,1.0,1.0,0.35716623067855835,3842.841552734375
DiscreteSAC,75,final,1481,4481,-0.1626222491264343,5.0,2.0,0.3447263538837433,1147.7000579833984
DiscreteSAC,75,final,1482,4482,-0.3844485759735108,10.0,2.0,0.5454795360565186,82414.57079162597
DiscreteSAC,75,final,1483,4483,0.09367169618606569,2.0,2.0,0.4966375231742859,258.28601837158203
DiscreteSAC,75,final,1484,4484,0.09000000000000001,1.0,1.0,1.0129257440567017,18584.7109375
DiscreteSAC,75,final,1485,4485,-0.40842895507812504,10.0,2.0,0.7537831664085388,71388.80607223511
DiscreteSAC,75,final,1486,4486,-0.02078993201255798,3.0,2.0,0.2669711709022522,3443.3005879720054
DiscreteSAC,75,final,1487,4487,-0.6534491330385209,10.0,3.0,0.35590389370918274,3431.49617767334
DiscreteSAC,75,final,1488,4488,0.06480301141738892,3.0,3.0,0.8634110689163208,1194.5025736490886
DiscreteSAC,75,final,1489,4489,0.09000000000000001,1.0,1.0,1.3732751607894897,559.25537109375
DiscreteSAC,75,final,1490,4490,0.09000000000000001,1.0,1.0,0.6098594665527344,86.93263244628906
DiscreteSAC,75,final,1491,4491,0.09000000000000001,1.0,1.0,0.09620297700166702,125.56292724609375
DiscreteSAC,75,final,1492,4492,0.09000000000000001,1.0,1.0,0.78492671251297,99.3183364868164
DiscreteSAC,75,final,1493,4493,-0.5856797575950623,10.0,2.0,0.34057945013046265,1432.952226638794
DiscreteSAC,75,final,1494,4494,0.020696957111358646,3.0,2.0,0.31615307927131653,4207.525583902995
DiscreteSAC,75,final,1495,4495,0.09000000000000001,1.0,1.0,0.2060762494802475,88.0481185913086
DiscreteSAC,75,final,1496,4496,0.09000000000000001,1.0,1.0,0.7883816957473755,116.63970184326172
DiscreteSAC,75,final,1497,4497,0.09000000000000001,1.0,1.0,0.3415946364402771,85.01324462890625
DiscreteSAC,75,final,1498,4498,-0.46790395975112914,10.0,2.0,0.6982093453407288,131.1027374267578
DiscreteSAC,75,final,1499,4499,0.09000000000000001,1.0,1.0,0.14165376126766205,1680.8369140625
DiscreteSAC,75,final,1500,4500,-0.4700841188430786,10.0,2.0,0.5318822860717773,429.76361045837405
DiscreteSAC,75,final,1501,4501,0.09000000000000001,1.0,1.0,0.40931567549705505,55.52710723876953
DiscreteSAC,75,final,1502,4502,-0.5891519188880922,10.0,3.0,0.3442688286304474,1095.56382522583
DiscreteSAC,75,final,1503,4503,0.09000000000000001,1.0,1.0,0.5654504299163818,90.30812072753906
DiscreteSAC,75,final,1504,4504,0.14150615215301515,2.0,2.0,0.6396685838699341,383.6160888671875
DiscreteSAC,75,final,1505,4505,-0.7129930734634401,10.0,2.0,0.7976080775260925,273.2147964477539
DiscreteSAC,75,final,1506,4506,-0.5457897663116456,10.0,2.0,0.6358975768089294,2482.963006782532
DiscreteSAC,75,final,1507,4507,0.09000000000000001,1.0,1.0,0.3707040846347809,48.001441955566406
DiscreteSAC,75,final,1508,4508,-0.6083007484674454,10.0,2.0,0.2911991477012634,8169.371387863159
DiscreteSAC,75,final,1509,4509,0.09000000000000001,1.0,1.0,0.5074651837348938,160.7467041015625
DiscreteSAC,75,final,1510,4510,0.16122509717941286,2.0,2.0,0.6543960571289062,795.6825714111328
DiscreteSAC,75,final,1511,4511,-0.6019844293594361,10.0,2.0,0.5751433372497559,118.27755889892578
DiscreteSAC,75,final,1512,4512,0.09000000000000001,1.0,1.0,0.9021185636520386,99.45854949951172
DiscreteSAC,75,final,1513,4513,-0.4308307200670242,10.0,2.0,0.21981392800807953,185.39459075927735
DiscreteSAC,75,final,1514,4514,0.09000000000000001,1.0,1.0,0.20274245738983154,89.79821014404297
DiscreteSAC,75,final,1515,4515,0.09000000000000001,1.0,1.0,0.7249473333358765,2072.177734375
DiscreteSAC,75,final,1516,4516,0.06116391897201539,2.0,2.0,0.386945515871048,19872.280239105225
DiscreteSAC,75,final,1517,4517,-0.4830551028251648,10.0,2.0,0.3450459837913513,4905.758829498291
DiscreteSAC,75,final,1518,4518,-0.39743100404739384,10.0,2.0,0.8508515954017639,208.92101097106934
DiscreteSAC,75,final,1519,4519,0.08248603522777559,2.0,2.0,0.085433728992939,1406.5795669555664
DiscreteSAC,75,final,1520,4520,0.09000000000000001,1.0,1.0,0.9305868148803711,162.1350555419922
DiscreteSAC,75,final,1521,4521,0.12701817750930786,5.0,2.0,0.39408785104751587,115.82699279785156
DiscreteSAC,75,final,1522,4522,0.1969695854187012,2.0,2.0,0.7520309090614319,14736.842151641846
DiscreteSAC,75,final,1523,4523,0.0852008628845215,2.0,2.0,0.27568015456199646,128.88815689086914
DiscreteSAC,75,final,1524,4524,-0.5482291460037232,10.0,2.0,1.0248777866363525,359.3981391906738
DiscreteSAC,75,final,1525,4525,0.09000000000000001,1.0,1.0,0.9547553062438965,2524.146240234375
DiscreteSAC,75,final,1526,4526,0.09000000000000001,1.0,1.0,0.9270958304405212,73.51571655273438
DiscreteSAC,75,final,1527,4527,0.09000000000000001,1.0,1.0,0.7514740824699402,121.12027740478516
DiscreteSAC,75,final,1528,4528,-0.5662021517753602,10.0,2.0,0.20548322796821594,112.54078979492188
DiscreteSAC,75,final,1529,4529,0.11224658966064455,2.0,2.0,0.7718575596809387,144.8785400390625
DiscreteSAC,75,final,1530,4530,0.09000000000000001,1.0,1.0,0.3067578673362732,76.29469299316406
DiscreteSAC,75,final,1531,4531,0.09000000000000001,1.0,1.0,0.1635185033082962,89.52928161621094
DiscreteSAC,75,final,1532,4532,0.22197528362274171,2.0,2.0,0.5145056843757629,56.85470962524414
DiscreteSAC,75,final,1533,4533,0.046660618782043466,2.0,2.0,0.7178316712379456,96.47805786132812
DiscreteSAC,75,final,1534,4534,0.09000000000000001,1.0,1.0,0.16997911036014557,79.33004760742188
DiscreteSAC,75,final,1535,4535,0.06922359943389894,2.0,2.0,0.827957808971405,86.29194259643555
DiscreteSAC,75,final,1536,4536,-0.639487135410309,10.0,2.0,0.8505085706710815,13251.573434829712
DiscreteSAC,75,final,1537,4537,0.09000000000000001,1.0,1.0,0.691938042640686,88.01898193359375
DiscreteSAC,75,final,1538,4538,-0.03176128149032591,3.0,3.0,0.4866161346435547,437.6836242675781
DiscreteSAC,75,final,1539,4539,0.09000000000000001,1.0,1.0,0.4888898432254791,272.8142395019531
DiscreteSAC,75,final,1540,4540,0.33602442026138307,2.0,2.0,0.5618348121643066,181.15414428710938
DiscreteSAC,75,final,1541,4541,-0.5498928725719452,10.0,3.0,0.43561702966690063,125362.3756439209
DiscreteSAC,75,final,1542,4542,-0.2946555876731872,9.0,2.0,0.950684666633606,9298.807387457953
DiscreteSAC,75,final,1543,4543,-0.3975069403648377,10.0,2.0,0.7057245969772339,388.85199508666994
DiscreteSAC,75,final,1544,4544,0.09000000000000001,1.0,1.0,0.6101363301277161,121.22563934326172
DiscreteSAC,75,final,1545,4545,0.09000000000000001,1.0,1.0,0.4486679434776306,109.04679107666016
DiscreteSAC,75,final,1546,4546,0.09000000000000001,1.0,1.0,0.8464236259460449,358.6687927246094
DiscreteSAC,75,final,1547,4547,0.09000000000000001,1.0,1.0,0.8326085209846497,486.77276611328125
DiscreteSAC,75,final,1548,4548,0.09000000000000001,1.0,1.0,0.39481356739997864,12540.720703125
DiscreteSAC,75,final,1549,4549,0.09000000000000001,1.0,1.0,0.48852553963661194,5837.8955078125
DiscreteSAC,75,final,1550,4550,-0.5405465245246888,10.0,2.0,0.9669675230979919,3995.3876083374025
DiscreteSAC,75,final,1551,4551,-0.45868547558784484,10.0,2.0,0.4776183068752289,192.03715438842772
DiscreteSAC,75,final,1552,4552,0.12056012630462648,2.0,2.0,0.34256282448768616,58.67615509033203
DiscreteSAC,75,final,1553,4553,-0.0789685159921646,5.0,2.0,0.2199193388223648,291.50022888183594
DiscreteSAC,75,final,1554,4554,-0.10184428930282592,4.0,2.0,0.43059873580932617,1329.9736833572388
DiscreteSAC,75,final,1555,4555,0.09394858956336977,2.0,2.0,0.30515486001968384,90.7781982421875
DiscreteSAC,75,final,1556,4556,0.1540998411178589,3.0,2.0,0.42991501092910767,1982576.5156504314
DiscreteSAC,75,final,1557,4557,-0.26911226034164426,7.0,2.0,0.26730218529701233,980.5225873674665
DiscreteSAC,75,final,1558,4558,0.09000000000000001,1.0,1.0,0.33494096994400024,407.765625
DiscreteSAC,75,final,1559,4559,0.09000000000000001,1.0,1.0,0.16094794869422913,303.41351318359375
DiscreteSAC,75,final,1560,4560,0.09000000000000001,1.0,1.0,0.31932657957077026,264.7470397949219
DiscreteSAC,75,final,1561,4561,0.09000000000000001,1.0,1.0,0.7295287251472473,182.01402282714844
DiscreteSAC,75,final,1562,4562,0.09000000000000001,1.0,1.0,0.9029906392097473,272.8742980957031
DiscreteSAC,75,final,1563,4563,0.09000000000000001,1.0,1.0,0.73951256275177,220.32118225097656
DiscreteSAC,75,final,1564,4564,0.09000000000000001,1.0,1.0,0.5507454872131348,413.516357421875
DiscreteSAC,75,final,1565,4565,0.06564602434635164,2.0,2.0,0.1775355190038681,262.9148254394531
DiscreteSAC,75,final,1566,4566,0.09000000000000001,1.0,1.0,1.204804539680481,213.86085510253906
DiscreteSAC,75,final,1567,4567,0.09000000000000001,1.0,1.0,0.3250765800476074,202.4927215576172
DiscreteSAC,75,final,1568,4568,0.09000000000000001,1.0,1.0,0.48302432894706726,196.29483032226562
DiscreteSAC,75,final,1569,4569,0.09000000000000001,1.0,1.0,0.47455698251724243,150.95745849609375
DiscreteSAC,75,final,1570,4570,0.09000000000000001,1.0,1.0,0.7305675148963928,160.83152770996094
DiscreteSAC,75,final,1571,4571,0.09000000000000001,1.0,1.0,0.39213061332702637,186.3134765625
DiscreteSAC,75,final,1572,4572,0.09000000000000001,1.0,1.0,0.46229663491249084,141.8003692626953
DiscreteSAC,75,final,1573,4573,0.09000000000000001,1.0,1.0,0.44338664412498474,113.4582290649414
DiscreteSAC,75,final,1574,4574,0.09000000000000001,1.0,1.0,0.45193788409233093,113.89387512207031
DiscreteSAC,75,final,1575,4575,0.09000000000000001,1.0,1.0,0.46844300627708435,181.66738891601562
DiscreteSAC,75,final,1576,4576,0.09000000000000001,1.0,1.0,0.20674504339694977,5449.78076171875
DiscreteSAC,75,final,1577,4577,0.09000000000000001,1.0,1.0,0.9066255688667297,105.96136474609375
DiscreteSAC,75,final,1578,4578,0.09000000000000001,1.0,1.0,0.2890661656856537,78.71886444091797
DiscreteSAC,75,final,1579,4579,0.09000000000000001,1.0,1.0,0.678335964679718,79.81260681152344
DiscreteSAC,75,final,1580,4580,0.09000000000000001,1.0,1.0,0.4619600176811218,124.27565002441406
DiscreteSAC,75,final,1581,4581,0.09000000000000001,1.0,1.0,0.25429004430770874,202.62718200683594
DiscreteSAC,75,final,1582,4582,0.09000000000000001,1.0,1.0,0.17590852081775665,146.20401000976562
DiscreteSAC,75,final,1583,4583,0.09000000000000001,1.0,1.0,0.05531734228134155,203.77413940429688
DiscreteSAC,75,final,1584,4584,0.09000000000000001,1.0,1.0,0.6688575744628906,134.13726806640625
DiscreteSAC,75,final,1585,4585,0.09000000000000001,1.0,1.0,0.6994300484657288,121.0331802368164
DiscreteSAC,75,final,1586,4586,0.2327966856956482,2.0,2.0,0.8666165471076965,319.13573455810547
DiscreteSAC,75,final,1587,4587,0.09000000000000001,1.0,1.0,0.7365701794624329,147.62001037597656
DiscreteSAC,75,final,1588,4588,0.09000000000000001,1.0,1.0,0.2261570245027542,141.22486877441406
DiscreteSAC,75,final,1589,4589,0.09000000000000001,1.0,1.0,0.5987696051597595,73.7702407836914
DiscreteSAC,75,final,1590,4590,0.09000000000000001,1.0,1.0,0.7981299757957458,151.79420471191406
DiscreteSAC,75,final,1591,4591,0.09000000000000001,1.0,1.0,0.40325260162353516,97.97901916503906
DiscreteSAC,75,final,1592,4592,0.09000000000000001,1.0,1.0,0.16396066546440125,202.7039031982422
DiscreteSAC,75,final,1593,4593,0.09000000000000001,1.0,1.0,0.5259159803390503,2215721.25
DiscreteSAC,75,final,1594,4594,0.09000000000000001,1.0,1.0,1.0698895454406738,161.6766815185547
DiscreteSAC,75,final,1595,4595,0.09000000000000001,1.0,1.0,0.2713644802570343,1597.0467529296875
DiscreteSAC,75,final,1596,4596,0.09000000000000001,1.0,1.0,0.44966766238212585,239.2652587890625
DiscreteSAC,75,final,1597,4597,0.09000000000000001,1.0,1.0,0.7039713263511658,422.2252502441406
DiscreteSAC,75,final,1598,4598,0.09000000000000001,1.0,1.0,1.0672082901000977,347.04779052734375
DiscreteSAC,75,final,1599,4599,0.09000000000000001,1.0,1.0,0.6909852623939514,194.500244140625
DiscreteSAC,75,final,1600,4600,0.09000000000000001,1.0,1.0,0.9932413697242737,215.737548828125
DiscreteSAC,75,final,1601,4601,0.09000000000000001,1.0,1.0,0.07364927232265472,183.00680541992188
DiscreteSAC,75,final,1602,4602,0.09000000000000001,1.0,1.0,0.11250527948141098,325.7251281738281
DiscreteSAC,75,final,1603,4603,0.09000000000000001,1.0,1.0,0.6237711310386658,282.8116455078125
DiscreteSAC,75,final,1604,4604,0.09000000000000001,1.0,1.0,0.8338732719421387,310.9452209472656
DiscreteSAC,75,final,1605,4605,0.09000000000000001,1.0,1.0,0.70594322681427,295.63916015625
DiscreteSAC,75,final,1606,4606,0.09000000000000001,1.0,1.0,0.4789297878742218,305.5069580078125
DiscreteSAC,75,final,1607,4607,0.11473239183425904,3.0,3.0,0.8504894971847534,247.54974365234375
DiscreteSAC,75,final,1608,4608,0.09000000000000001,1.0,1.0,0.31958627700805664,552.1487426757812
DiscreteSAC,75,final,1609,4609,0.09000000000000001,1.0,1.0,0.2745985686779022,262.7332763671875
DiscreteSAC,75,final,1610,4610,-0.44730401039123535,10.0,3.0,0.6060914397239685,771.5053527832031
DiscreteSAC,75,final,1611,4611,-0.421606320142746,10.0,2.0,0.4347871243953705,1143.9939079284668
DiscreteSAC,75,final,1612,4612,-0.34830855727195736,10.0,2.0,0.25506678223609924,210738.7023994446
DiscreteSAC,75,final,1613,4613,0.01776255846023561,2.0,2.0,0.6775926351547241,152.5918731689453
DiscreteSAC,75,final,1614,4614,-0.5012159228324891,10.0,2.0,0.6742211580276489,2827.242738342285
DiscreteSAC,75,final,1615,4615,0.025608496665954605,2.0,2.0,0.5019118189811707,593.0798797607422
DiscreteSAC,75,final,1616,4616,0.09000000000000001,1.0,1.0,0.25189489126205444,325.43170166015625
DiscreteSAC,75,final,1617,4617,0.2118542265892029,3.0,3.0,0.8201702833175659,7804.236155192058
DiscreteSAC,75,final,1618,4618,0.09000000000000001,1.0,1.0,0.15311597287654877,648.0306396484375
DiscreteSAC,75,final,1619,4619,0.09000000000000001,1.0,1.0,0.7304455637931824,1188.58154296875
DiscreteSAC,75,final,1620,4620,0.09000000000000001,1.0,1.0,0.8145078420639038,263.5118713378906
DiscreteSAC,75,final,1621,4621,0.09000000000000001,1.0,1.0,0.6761879920959473,158.8462677001953
DiscreteSAC,75,final,1622,4622,-0.5312377393245697,10.0,2.0,0.46675142645835876,4791.584997558593
DiscreteSAC,75,final,1623,4623,0.1695577669143677,2.0,2.0,0.6546863317489624,183.2788314819336
DiscreteSAC,75,final,1624,4624,0.09000000000000001,1.0,1.0,0.42392870783805847,135.50685119628906
DiscreteSAC,75,final,1625,4625,0.09000000000000001,1.0,1.0,0.995457649230957,105.63298034667969
DiscreteSAC,75,final,1626,4626,0.09000000000000001,1.0,1.0,1.3540390729904175,163.85353088378906
DiscreteSAC,75,final,1627,4627,0.10971631288528444,2.0,2.0,0.8846105337142944,106.50148391723633
DiscreteSAC,75,final,1628,4628,-0.58610098361969,10.0,2.0,0.7673240303993225,152.1921184539795
DiscreteSAC,75,final,1629,4629,0.0947342085838318,2.0,2.0,0.44725847244262695,87.77475547790527
DiscreteSAC,75,final,1630,4630,-0.6631269335746767,10.0,2.0,0.8450754284858704,1056.134566116333
DiscreteSAC,75,final,1631,4631,0.16956550598144532,3.0,3.0,0.45060253143310547,988.9528541564941
DiscreteSAC,75,final,1632,4632,0.09000000000000001,1.0,1.0,0.6603702902793884,236.48428344726562
DiscreteSAC,75,final,1633,4633,0.09000000000000001,1.0,1.0,0.8869624733924866,1776.21142578125
DiscreteSAC,75,final,1634,4634,0.09000000000000001,1.0,1.0,0.5874609351158142,89.10137939453125
DiscreteSAC,75,final,1635,4635,0.09000000000000001,1.0,1.0,0.08698084205389023,296.5952453613281
DiscreteSAC,75,final,1636,4636,0.09000000000000001,1.0,1.0,0.6222850680351257,108.00149536132812
DiscreteSAC,75,final,1637,4637,0.09000000000000001,1.0,1.0,0.21032597124576569,356.3193054199219
DiscreteSAC,75,final,1638,4638,0.09000000000000001,1.0,1.0,0.2016507238149643,99.86385345458984
DiscreteSAC,75,final,1639,4639,-0.19456917047500613,10.0,3.0,0.5619473457336426,117.6616039276123
DiscreteSAC,75,final,1640,4640,0.09000000000000001,1.0,1.0,0.7635836005210876,367.79144287109375
DiscreteSAC,75,final,1641,4641,0.09000000000000001,1.0,1.0,0.39403119683265686,100.62065887451172
DiscreteSAC,75,final,1642,4642,0.09000000000000001,1.0,1.0,0.7939465641975403,38929.109375
DiscreteSAC,75,final,1643,4643,0.1130423414707184,2.0,2.0,0.31807127594947815,155.6479949951172
DiscreteSAC,75,final,1644,4644,0.09000000000000001,1.0,1.0,1.1651982069015503,179.26492309570312
DiscreteSAC,75,final,1645,4645,0.09000000000000001,1.0,1.0,0.331341952085495,146.283447265625
DiscreteSAC,75,final,1646,4646,0.08415214896202089,2.0,2.0,0.4378919005393982,128.66069793701172
DiscreteSAC,75,final,1647,4647,0.08952666997909547,2.0,2.0,0.5431309938430786,191.77319717407227
DiscreteSAC,75,final,1648,4648,0.09000000000000001,1.0,1.0,0.957786500453949,104.36954498291016
DiscreteSAC,75,final,1649,4649,0.09000000000000001,1.0,1.0,0.241925448179245,183.95574951171875
DiscreteSAC,75,final,1650,4650,0.09000000000000001,1.0,1.0,0.7921680212020874,93.03356170654297
DiscreteSAC,75,final,1651,4651,-0.02085519611835479,3.0,3.0,0.31468549370765686,10400.971323649088
DiscreteSAC,75,final,1652,4652,0.17218657016754152,2.0,2.0,1.015170693397522,112.53873443603516
DiscreteSAC,75,final,1653,4653,0.05331425547599793,2.0,2.0,0.3371427655220032,204.33688735961914
DiscreteSAC,75,final,1654,4654,-0.4604679346084595,10.0,3.0,0.5158950090408325,580984.2666801453
DiscreteSAC,75,final,1655,4655,0.09000000000000001,1.0,1.0,0.12882640957832336,291.42169189453125
DiscreteSAC,75,final,1656,4656,0.09000000000000001,1.0,1.0,0.1661243438720703,891.142333984375
DiscreteSAC,75,final,1657,4657,-0.13287792921066283,7.0,3.0,0.36257046461105347,193.7855006626674
DiscreteSAC,75,final,1658,4658,0.2368628251552582,2.0,2.0,0.3850296437740326,884.2298431396484
DiscreteSAC,75,final,1659,4659,0.12585278034210207,2.0,2.0,0.26910585165023804,193.5811004638672
DiscreteSAC,75,final,1660,4660,0.09000000000000001,1.0,1.0,0.9316024780273438,496.0832214355469
DiscreteSAC,75,final,1661,4661,0.16523595333099367,2.0,2.0,0.2044389545917511,173.31994247436523
DiscreteSAC,75,final,1662,4662,0.09000000000000001,1.0,1.0,0.2917045056819916,134.54519653320312
DiscreteSAC,75,final,1663,4663,-0.46058987379074096,10.0,2.0,0.9725623726844788,173260.21537475585
DiscreteSAC,75,final,1664,4664,-0.5199766308069229,10.0,3.0,0.20213113725185394,12846.092974090576
DiscreteSAC,75,final,1665,4665,-0.487485408782959,10.0,3.0,0.37369558215141296,3148.8460052490236
DiscreteSAC,75,final,1666,4666,-0.5977828979492188,10.0,2.0,0.3732201159000397,17961.912036132813
DiscreteSAC,75,final,1667,4667,-0.4695438325405121,10.0,2.0,0.48169103264808655,285.58640441894534
DiscreteSAC,75,final,1668,4668,-0.41435008049011235,10.0,2.0,0.5138005018234253,231.98645629882813
DiscreteSAC,75,final,1669,4669,0.09000000000000001,1.0,1.0,0.6048814058303833,144.04917907714844
DiscreteSAC,75,final,1670,4670,0.09000000000000001,1.0,1.0,0.6302834153175354,97.78177642822266
DiscreteSAC,75,final,1671,4671,-0.5977516651153565,10.0,2.0,0.6074252724647522,13181.710908508301
DiscreteSAC,75,final,1672,4672,-0.48291568756103515,10.0,2.0,0.5125313401222229,279.75594024658204
DiscreteSAC,75,final,1673,4673,-0.5935929000377655,10.0,2.0,0.4396693706512451,156.42490844726564
DiscreteSAC,75,final,1674,4674,0.04675124764442445,2.0,2.0,0.40679576992988586,96.33310317993164
DiscreteSAC,75,final,1675,4675,0.09000000000000001,1.0,1.0,0.4119151532649994,78.41598510742188
DiscreteSAC,75,final,1676,4676,-0.5673786580562592,10.0,2.0,0.3251652717590332,335.7371238708496
DiscreteSAC,75,final,1677,4677,0.09000000000000001,1.0,1.0,0.2624156177043915,236.80462646484375
DiscreteSAC,75,final,1678,4678,-0.3685481429100037,10.0,2.0,0.7712002992630005,10946.33413848877
DiscreteSAC,75,final,1679,4679,0.11138765692710878,2.0,2.0,0.29602187871932983,181.29510498046875
DiscreteSAC,75,final,1680,4680,-0.26057659387588505,10.0,2.0,0.502228319644928,2053.345694732666
DiscreteSAC,75,final,1681,4681,0.042397754192352304,2.0,2.0,0.5574855208396912,217.58173370361328
DiscreteSAC,75,final,1682,4682,0.1513912844657898,2.0,2.0,0.6784384846687317,120.42841720581055
DiscreteSAC,75,final,1683,4683,0.09000000000000001,1.0,1.0,0.26760563254356384,146.74258422851562
DiscreteSAC,75,final,1684,4684,-0.38075362443923955,10.0,2.0,0.6403641104698181,133.14035568237304
DiscreteSAC,75,final,1685,4685,-0.59232656955719,10.0,2.0,0.98115074634552,212.85223541259765
DiscreteSAC,75,final,1686,4686,0.09887905597686769,2.0,2.0,0.7730639576911926,135.09981155395508
DiscreteSAC,75,final,1687,4687,0.09000000000000001,1.0,1.0,0.48244571685791016,70.68147277832031
DiscreteSAC,75,final,1688,4688,-0.5396491020917893,10.0,2.0,0.1315087229013443,138.11492614746095
DiscreteSAC,75,final,1689,4689,-0.5684316635131836,10.0,2.0,0.35598787665367126,1068.362491607666
DiscreteSAC,75,final,1690,4690,0.09000000000000001,1.0,1.0,0.3313905894756317,36.32197570800781
DiscreteSAC,75,final,1691,4691,-0.6259439915418626,10.0,2.0,0.27064043283462524,128.62870330810546
DiscreteSAC,75,final,1692,4692,-0.4486862301826477,10.0,2.0,0.7968549132347107,148.77816925048828
DiscreteSAC,75,final,1693,4693,0.09000000000000001,1.0,1.0,0.45126840472221375,286.88555908203125
DiscreteSAC,75,final,1694,4694,-0.47833864688873295,10.0,2.0,0.2651514708995819,137.9904411315918
DiscreteSAC,75,final,1695,4695,-0.4335180103778839,10.0,2.0,0.3380405604839325,17746.495613098145
DiscreteSAC,75,final,1696,4696,0.09000000000000001,1.0,1.0,0.4311300814151764,365.3549499511719
DiscreteSAC,75,final,1697,4697,0.09000000000000001,1.0,1.0,0.047940339893102646,279.669921875
DiscreteSAC,75,final,1698,4698,0.09000000000000001,1.0,1.0,0.8459137082099915,229.70510864257812
DiscreteSAC,75,final,1699,4699,-0.18901143312454222,9.0,3.0,0.5409383773803711,5380.371706644694
DiscreteSAC,75,final,1700,4700,0.09000000000000001,1.0,1.0,0.34680476784706116,14418.3076171875
DiscreteSAC,75,final,1701,4701,0.015723125934600846,2.0,2.0,0.8287571668624878,7045.1322021484375
DiscreteSAC,75,final,1702,4702,-0.49770002365112304,10.0,2.0,0.6816205978393555,137.35778350830077
DiscreteSAC,75,final,1703,4703,-0.4046974658966065,10.0,2.0,0.9369703531265259,564.7555095672608
DiscreteSAC,75,final,1704,4704,0.054514007568359384,2.0,2.0,0.7695531845092773,147.4276123046875
DiscreteSAC,75,final,1705,4705,-0.21391831159591673,7.0,3.0,0.5091712474822998,1021314.034186227
DiscreteSAC,75,final,1706,4706,0.4151128602027893,3.0,3.0,0.8304610848426819,105.06950124104817
DiscreteSAC,75,final,1707,4707,0.05182853519916535,2.0,2.0,0.1838749647140503,168.93552780151367
DiscreteSAC,75,final,1708,4708,0.09000000000000001,1.0,1.0,1.1188032627105713,129.13446044921875
DiscreteSAC,75,final,1709,4709,-0.6487265706062318,10.0,2.0,0.9172337651252747,1078.270654296875
DiscreteSAC,75,final,1710,4710,-0.634062695503235,10.0,2.0,0.5104122757911682,166.38006362915038
DiscreteSAC,75,final,1711,4711,-0.4797280430793762,10.0,3.0,0.8553236126899719,18252.623638916015
DiscreteSAC,75,final,1712,4712,-0.0864002537727356,2.0,2.0,0.654848575592041,5911.673683166504
DiscreteSAC,75,final,1713,4713,0.09000000000000001,1.0,1.0,0.46673789620399475,229.67543029785156
DiscreteSAC,75,final,1714,4714,0.09000000000000001,1.0,1.0,0.9628077745437622,191.83407592773438
DiscreteSAC,75,final,1715,4715,0.023684704303741463,5.0,2.0,0.6785589456558228,530.5903198242188
DiscreteSAC,75,final,1716,4716,0.09000000000000001,1.0,1.0,0.8313218951225281,10483.111328125
DiscreteSAC,75,final,1717,4717,0.09000000000000001,1.0,1.0,0.7687451243400574,138.5417938232422
DiscreteSAC,75,final,1718,4718,0.011942284107208267,2.0,2.0,0.5090236663818359,123.51058578491211
DiscreteSAC,75,final,1719,4719,0.009367303848266617,2.0,2.0,0.8400240540504456,104.88328170776367
DiscreteSAC,75,final,1720,4720,-0.18934992074966428,7.0,2.0,0.6564717888832092,679.1496745518276
DiscreteSAC,75,final,1721,4721,-0.2804808950424194,6.0,2.0,0.7882766127586365,133.68769709269205
DiscreteSAC,75,final,1722,4722,0.09000000000000001,1.0,1.0,0.15374229848384857,13449.18359375
DiscreteSAC,75,final,1723,4723,0.09000000000000001,1.0,1.0,0.5712962746620178,143.0719757080078
DiscreteSAC,75,final,1724,4724,0.09956874132156374,2.0,2.0,0.7055090069770813,128.42597579956055
DiscreteSAC,75,final,1725,4725,-0.6620982170104982,10.0,2.0,0.5960232615470886,146.247652053833
DiscreteSAC,75,final,1726,4726,0.09000000000000001,1.0,1.0,0.5333002805709839,145.2122344970703
DiscreteSAC,75,final,1727,4727,0.09000000000000001,1.0,1.0,0.22636587917804718,11178.1650390625
DiscreteSAC,75,final,1728,4728,0.09000000000000001,1.0,1.0,0.1977503001689911,87.03782653808594
DiscreteSAC,75,final,1729,4729,-0.36969823777675626,9.0,2.0,0.24184639751911163,88.74118041992188
DiscreteSAC,75,final,1730,4730,-0.32484488487243657,10.0,2.0,1.0482946634292603,110.38653717041015
DiscreteSAC,75,final,1731,4731,0.042456884384155284,3.0,2.0,0.7610462307929993,127.32522837320964
DiscreteSAC,75,final,1732,4732,0.04796220779418946,3.0,2.0,0.32472965121269226,84.71006647745769
DiscreteSAC,75,final,1733,4733,0.06438669368624689,2.0,2.0,0.0683058574795723,121.2975082397461
DiscreteSAC,75,final,1734,4734,0.06115475475788117,2.0,2.0,0.22542564570903778,49.201175689697266
DiscreteSAC,75,final,1735,4735,0.1367309856414795,2.0,2.0,0.7271920442581177,160.96915817260742
DiscreteSAC,75,final,1736,4736,-0.09698823451995849,6.0,2.0,0.8744346499443054,75.84738794962566
DiscreteSAC,75,final,1737,4737,0.09000000000000001,1.0,1.0,1.0395971536636353,139.97886657714844
DiscreteSAC,75,final,1738,4738,0.09000000000000001,1.0,1.0,0.8375687003135681,153.2516326904297
DiscreteSAC,75,final,1739,4739,-0.5994317412376404,10.0,2.0,0.6752237677574158,221140.3720428467
DiscreteSAC,75,final,1740,4740,0.13532848834991457,2.0,2.0,0.801091730594635,172.01647186279297
DiscreteSAC,75,final,1741,4741,-0.03913800239562988,2.0,2.0,0.4134957790374756,89909.75491333008
DiscreteSAC,75,final,1742,4742,-0.18413588762283323,6.0,2.0,0.8914729356765747,5923.923350016276
DiscreteSAC,75,final,1743,4743,0.09000000000000001,1.0,1.0,0.5403066277503967,15885.5302734375
DiscreteSAC,75,final,1744,4744,0.09000000000000001,1.0,1.0,0.1086159273982048,254.30734252929688
DiscreteSAC,75,final,1745,4745,0.09000000000000001,1.0,1.0,0.932109534740448,351.8232421875
DiscreteSAC,75,final,1746,4746,0.09000000000000001,1.0,1.0,0.34000417590141296,426.6429443359375
DiscreteSAC,75,final,1747,4747,0.08944793224334718,2.0,2.0,0.800849974155426,126.68879699707031
DiscreteSAC,75,final,1748,4748,-0.24108950853347777,6.0,3.0,0.6329299807548523,158.4498176574707
DiscreteSAC,75,final,1749,4749,-0.15596953392028806,6.0,2.0,0.6040024161338806,219.1755485534668
DiscreteSAC,75,final,1750,4750,0.09000000000000001,1.0,1.0,0.8860372304916382,120.29569244384766
DiscreteSAC,75,final,1751,4751,-0.0913927960395813,3.0,2.0,0.35902005434036255,121.85851796468098
DiscreteSAC,75,final,1752,4752,0.026026466786861435,2.0,2.0,0.1609480381011963,371.5240898132324
DiscreteSAC,75,final,1753,4753,-0.42823744952678683,9.0,2.0,0.2082221359014511,267.3289574517144
DiscreteSAC,75,final,1754,4754,-0.02926240682601927,2.0,2.0,0.7351675033569336,114.34333801269531
DiscreteSAC,75,final,1755,4755,-0.4907166838645935,10.0,2.0,0.22576072812080383,118.29855880737304
DiscreteSAC,75,final,1756,4756,-0.13061866760253904,5.0,2.0,0.8165324330329895,572665.8415496827
DiscreteSAC,75,final,1757,4757,-0.030011992454528805,3.0,2.0,0.6370519399642944,134.02283986409506
DiscreteSAC,75,final,1758,4758,0.05382491827011109,2.0,2.0,0.7946297526359558,387.4575996398926
DiscreteSAC,75,final,1759,4759,-0.4010673403739929,10.0,2.0,0.6161614060401917,322.7019287109375
DiscreteSAC,75,final,1760,4760,0.025371598005294815,2.0,2.0,0.34973978996276855,180.97969818115234
DiscreteSAC,75,final,1761,4761,-0.20001995682716367,7.0,2.0,0.4623052179813385,1619.8694915771484
DiscreteSAC,75,final,1762,4762,0.017439978122711197,2.0,2.0,0.8098806738853455,122.22296142578125
DiscreteSAC,75,final,1763,4763,-0.5445967867970467,10.0,2.0,0.04143944010138512,1334.0771560668945
DiscreteSAC,75,final,1764,4764,-0.18367387950420377,5.0,2.0,0.307111531496048,91.61579742431641
DiscreteSAC,75,final,1765,4765,0.03279189944267274,2.0,2.0,0.23261503875255585,232.91959762573242
DiscreteSAC,75,final,1766,4766,0.09000000000000001,1.0,1.0,0.8702955842018127,145.9603271484375
DiscreteSAC,75,final,1767,4767,0.09000000000000001,1.0,1.0,0.08110429346561432,191179.234375
DiscreteSAC,75,final,1768,4768,-0.4294010281562805,10.0,2.0,0.8128430247306824,618.7110717773437
DiscreteSAC,75,final,1769,4769,-0.26428750991821287,4.0,2.0,0.8379526734352112,167.3477954864502
DiscreteSAC,75,final,1770,4770,0.08806123018264772,2.0,2.0,0.4676606059074402,135.15607833862305
DiscreteSAC,75,final,1771,4771,-0.39723961353302006,10.0,2.0,1.089418888092041,371.7193435668945
DiscreteSAC,75,final,1772,4772,0.09000000000000001,1.0,1.0,0.2878200113773346,6320121.5
DiscreteSAC,75,final,1773,4773,0.05697746008634568,2.0,2.0,0.14767396450042725,16262.576377868652
DiscreteSAC,75,final,1774,4774,0.09000000000000001,1.0,1.0,0.7610988020896912,157.60743713378906
DiscreteSAC,75,final,1775,4775,0.09000000000000001,1.0,1.0,0.20582012832164764,4358.2275390625
DiscreteSAC,75,final,1776,4776,-0.3588610172271729,10.0,2.0,0.7727182507514954,679.4735137939454
DiscreteSAC,75,final,1777,4777,0.09000000000000001,1.0,1.0,0.19798646867275238,69.67652893066406
DiscreteSAC,75,final,1778,4778,0.09000000000000001,1.0,1.0,0.8557871580123901,114.32398986816406
DiscreteSAC,75,final,1779,4779,0.09000000000000001,1.0,1.0,0.5655267834663391,185.8807373046875
DiscreteSAC,75,final,1780,4780,0.02931185245513917,2.0,2.0,0.8146495819091797,218.24230194091797
DiscreteSAC,75,final,1781,4781,0.09000000000000001,1.0,1.0,0.9499120712280273,4662.7568359375
DiscreteSAC,75,final,1782,4782,0.09000000000000001,1.0,1.0,0.11628571897745132,207.79983520507812
DiscreteSAC,75,final,1783,4783,0.09000000000000001,1.0,1.0,0.4770296514034271,2389.802001953125
DiscreteSAC,75,final,1784,4784,0.09000000000000001,1.0,1.0,0.9946712851524353,169.4051971435547
DiscreteSAC,75,final,1785,4785,-0.5222126722335816,10.0,2.0,0.7925211787223816,203.19570770263672
DiscreteSAC,75,final,1786,4786,-0.7254396557807924,10.0,2.0,0.8801547288894653,19612.937884521485
DiscreteSAC,75,final,1787,4787,-0.606351900100708,10.0,2.0,0.813140332698822,200943.87612228392
DiscreteSAC,75,final,1788,4788,0.09000000000000001,1.0,1.0,0.17068366706371307,181.1680145263672
DiscreteSAC,75,final,1789,4789,0.09000000000000001,1.0,1.0,0.2727530896663666,94.54667663574219
DiscreteSAC,75,final,1790,4790,0.09000000000000001,1.0,1.0,0.11975792795419693,167.77040100097656
DiscreteSAC,75,final,1791,4791,-0.479741382598877,10.0,2.0,1.0384386777877808,179.94966888427734
DiscreteSAC,75,final,1792,4792,0.09000000000000001,1.0,1.0,0.8969415426254272,323.6086730957031
DiscreteSAC,75,final,1793,4793,0.09000000000000001,1.0,1.0,0.09335368126630783,26026.16015625
DiscreteSAC,75,final,1794,4794,0.0004524803161621155,4.0,2.0,0.8653179407119751,510.1180076599121
DiscreteSAC,75,final,1795,4795,0.09000000000000001,1.0,1.0,0.8030954003334045,176.76559448242188
DiscreteSAC,75,final,1796,4796,0.09000000000000001,1.0,1.0,0.6960658431053162,180.73513793945312
DiscreteSAC,75,final,1797,4797,0.09000000000000001,1.0,1.0,0.08889760822057724,180.67605590820312
DiscreteSAC,75,final,1798,4798,0.09000000000000001,1.0,1.0,0.15317769348621368,82.84404754638672
DiscreteSAC,75,final,1799,4799,0.09000000000000001,1.0,1.0,0.7085896730422974,144.89614868164062
DiscreteSAC,75,final,1800,4800,0.09000000000000001,1.0,1.0,0.9164299964904785,2530.927001953125
DiscreteSAC,75,final,1801,4801,-0.5372028350830078,10.0,3.0,0.7943548560142517,2070.7021072387697
DiscreteSAC,75,final,1802,4802,0.09000000000000001,1.0,1.0,0.16224558651447296,1776.1346435546875
DiscreteSAC,75,final,1803,4803,0.09000000000000001,1.0,1.0,0.2074141502380371,2547.785400390625
DiscreteSAC,75,final,1804,4804,0.09000000000000001,1.0,1.0,0.22703321278095245,146.08932495117188
DiscreteSAC,75,final,1805,4805,-0.636118519306183,10.0,2.0,0.6403395533561707,252.3569305419922
DiscreteSAC,75,final,1806,4806,-0.5353727221488953,10.0,2.0,0.4594261348247528,167.1795684814453
DiscreteSAC,75,final,1807,4807,0.09000000000000001,1.0,1.0,0.40417447686195374,65.09376525878906
DiscreteSAC,75,final,1808,4808,0.09000000000000001,1.0,1.0,0.26336655020713806,85.24182891845703
DiscreteSAC,75,final,1809,4809,0.09000000000000001,1.0,1.0,0.1399429887533188,117.46958923339844
DiscreteSAC,75,final,1810,4810,0.06415756225585939,2.0,2.0,0.2274705022573471,91.2371711730957
DiscreteSAC,75,final,1811,4811,-0.025079705715179437,4.0,2.0,0.4887705445289612,105.6376953125
DiscreteSAC,75,final,1812,4812,0.15308292388916017,2.0,2.0,1.2379034757614136,244.3516845703125
DiscreteSAC,75,final,1813,4813,0.09000000000000001,1.0,1.0,1.4199527502059937,91.40553283691406
DiscreteSAC,75,final,1814,4814,0.09000000000000001,1.0,1.0,0.996175229549408,83.17813110351562
DiscreteSAC,75,final,1815,4815,0.09000000000000001,1.0,1.0,0.8238521814346313,111.01936340332031
DiscreteSAC,75,final,1816,4816,0.09000000000000001,1.0,1.0,1.022197961807251,74.24299621582031
DiscreteSAC,75,final,1817,4817,0.09000000000000001,1.0,1.0,1.0203970670700073,130.3755340576172
DiscreteSAC,75,final,1818,4818,0.027436988353729264,2.0,2.0,0.7676047086715698,189.49539184570312
DiscreteSAC,75,final,1819,4819,0.21003259897232057,2.0,2.0,0.7761415243148804,101.70756912231445
DiscreteSAC,75,final,1820,4820,0.09000000000000001,1.0,1.0,1.2693051099777222,154.25196838378906
DiscreteSAC,75,final,1821,4821,0.09000000000000001,1.0,1.0,0.2699868381023407,88.63020324707031
DiscreteSAC,75,final,1822,4822,0.09000000000000001,1.0,1.0,0.6256813406944275,48143.1171875
DiscreteSAC,75,final,1823,4823,0.09000000000000001,1.0,1.0,0.4889179766178131,156.4180908203125
DiscreteSAC,75,final,1824,4824,0.09000000000000001,1.0,1.0,0.15572774410247803,103.93406677246094
DiscreteSAC,75,final,1825,4825,0.09000000000000001,1.0,1.0,0.17605270445346832,129.4561767578125
DiscreteSAC,75,final,1826,4826,0.09000000000000001,1.0,1.0,0.11996405571699142,162.94635009765625
DiscreteSAC,75,final,1827,4827,0.09000000000000001,1.0,1.0,1.0645722150802612,77.56529998779297
DiscreteSAC,75,final,1828,4828,-0.09125482857227325,2.0,2.0,0.3198825716972351,1021.1771850585938
DiscreteSAC,75,final,1829,4829,0.010528312921524063,2.0,2.0,0.2001396119594574,177.56637573242188
DiscreteSAC,75,final,1830,4830,0.09000000000000001,1.0,1.0,0.8012879490852356,96.91584014892578
DiscreteSAC,75,final,1831,4831,0.09000000000000001,1.0,1.0,0.7808733582496643,97.03863525390625
DiscreteSAC,75,final,1832,4832,-0.1456779646873474,3.0,2.0,0.35338273644447327,1117.0986417134602
DiscreteSAC,75,final,1833,4833,0.09000000000000001,1.0,1.0,0.5681073069572449,56.52723693847656
DiscreteSAC,75,final,1834,4834,0.10642011642456056,2.0,2.0,0.3119337856769562,125.71686744689941
DiscreteSAC,75,final,1835,4835,0.10858444303274156,2.0,2.0,0.10464989393949509,224.3893280029297
DiscreteSAC,75,final,1836,4836,0.09000000000000001,1.0,1.0,0.1256624013185501,322.6776123046875
DiscreteSAC,75,final,1837,4837,0.16288573265075684,3.0,3.0,1.061942219734192,161.03508377075195
DiscreteSAC,75,final,1838,4838,0.059326069355010995,2.0,2.0,0.41122326254844666,229.44612884521484
DiscreteSAC,75,final,1839,4839,-0.1504512429237366,10.0,3.0,0.7171186804771423,1671.8959758758544
DiscreteSAC,75,final,1840,4840,0.09000000000000001,1.0,1.0,0.2917879521846771,140.00979614257812
DiscreteSAC,75,final,1841,4841,0.09000000000000001,1.0,1.0,0.12978284060955048,87.78141784667969
DiscreteSAC,75,final,1842,4842,0.09000000000000001,1.0,1.0,0.2830175459384918,70.33695220947266
DiscreteSAC,75,final,1843,4843,0.02673441886901856,3.0,3.0,0.8142799735069275,137.58280181884766
DiscreteSAC,75,final,1844,4844,-0.5980123162269593,10.0,2.0,1.0288561582565308,169.02716102600098
DiscreteSAC,75,final,1845,4845,0.10056050300598146,2.0,2.0,0.7538953423500061,1217047.3174438477
DiscreteSAC,75,final,1846,4846,0.020099954605102555,2.0,2.0,0.3293420970439911,57.62274932861328
DiscreteSAC,75,final,1847,4847,-0.3605546015501022,8.0,3.0,0.24301734566688538,194.92771244049072
DiscreteSAC,75,final,1848,4848,0.12538792848587035,4.0,2.0,0.5131853818893433,2940.7128372192383
DiscreteSAC,75,final,1849,4849,0.10030195295810701,2.0,2.0,0.22669793665409088,3333.98583984375
DiscreteSAC,75,final,1850,4850,0.12699701070785524,2.0,2.0,0.6514173150062561,2886.8506622314453
DiscreteSAC,75,final,1851,4851,-0.7473788261413575,10.0,3.0,1.0449281930923462,642.212680053711
DiscreteSAC,75,final,1852,4852,-0.4448238015174866,10.0,3.0,0.5173291563987732,24021.810523986816
DiscreteSAC,75,final,1853,4853,-0.58057199716568,10.0,2.0,0.9210357069969177,255.68526611328124
DiscreteSAC,75,final,1854,4854,-0.5939661562442781,10.0,3.0,0.19917818903923035,1280.7127029418946
DiscreteSAC,75,final,1855,4855,-0.278055408000946,9.0,3.0,0.4123891294002533,4779.296581692166
DiscreteSAC,75,final,1856,4856,-0.3181527256965638,10.0,3.0,0.7259277105331421,352.2764472961426
DiscreteSAC,75,final,1857,4857,0.024066991806030294,3.0,3.0,0.6013578772544861,89.13502375284831
DiscreteSAC,75,final,1858,4858,0.09000000000000001,1.0,1.0,0.16115517914295197,10825.3134765625
DiscreteSAC,75,final,1859,4859,0.19225444078445436,2.0,2.0,0.5253880620002747,333.5081100463867
DiscreteSAC,75,final,1860,4860,0.07570545554161073,2.0,2.0,0.4874134063720703,98.01321792602539
DiscreteSAC,75,final,1861,4861,-0.02995036363601683,2.0,2.0,0.47803759574890137,123.2364730834961
DiscreteSAC,75,final,1862,4862,-0.15304154992103575,9.0,3.0,0.4104183614253998,254.91412480672201
DiscreteSAC,75,final,1863,4863,-0.4838218688964844,10.0,3.0,0.8340983390808105,244.26687469482422
DiscreteSAC,75,final,1864,4864,0.09000000000000001,1.0,1.0,0.821088433265686,152.53707885742188
DiscreteSAC,75,final,1865,4865,0.17131842851638795,2.0,2.0,0.38610222935676575,109535.6143913269
DiscreteSAC,75,final,1866,4866,0.05300696372985841,2.0,2.0,0.4967651963233948,164.34185791015625
DiscreteSAC,75,final,1867,4867,-0.3168707180023193,8.0,2.0,0.4257371723651886,2487.028603553772
DiscreteSAC,75,final,1868,4868,-0.03725097894668579,2.0,2.0,1.1162713766098022,98.41180419921875
DiscreteSAC,75,final,1869,4869,0.09000000000000001,1.0,1.0,0.17423148453235626,105.69822692871094
DiscreteSAC,75,final,1870,4870,0.23915632247924806,2.0,2.0,0.6226739883422852,166.17208099365234
DiscreteSAC,75,final,1871,4871,0.09000000000000001,1.0,1.0,0.47417211532592773,244.51710510253906
DiscreteSAC,75,final,1872,4872,0.09000000000000001,1.0,1.0,0.5834609270095825,18947.2890625
DiscreteSAC,75,final,1873,4873,-0.6392882347106935,10.0,2.0,0.7364012002944946,15521.513168334961
DiscreteSAC,75,final,1874,4874,-0.5432024002075195,10.0,3.0,0.6721047163009644,20755.054769897462
DiscreteSAC,75,final,1875,4875,0.07060711264610292,2.0,2.0,0.18804767727851868,245.88990020751953
DiscreteSAC,75,final,1876,4876,-0.28361155986785885,10.0,5.0,0.7405157089233398,5310.443856811524
DiscreteSAC,75,final,1877,4877,-0.7106072187423708,10.0,2.0,0.7815926671028137,804588.6603897095
DiscreteSAC,75,final,1878,4878,0.09000000000000001,1.0,1.0,0.11188770830631256,291.69549560546875
DiscreteSAC,75,final,1879,4879,-0.6529501855373385,10.0,2.0,0.4911571443080902,285.73861541748045
DiscreteSAC,75,final,1880,4880,-0.5602031648159028,10.0,3.0,0.47681331634521484,5011.546356201172
DiscreteSAC,75,final,1881,4881,-0.5051516026258469,10.0,2.0,0.1776975840330124,4107.754020690918
DiscreteSAC,75,final,1882,4882,0.0007023978233337558,2.0,2.0,0.9757469892501831,154.08733367919922
DiscreteSAC,75,final,1883,4883,0.25808252573013307,2.0,2.0,0.7139714360237122,251.53196716308594
DiscreteSAC,75,final,1884,4884,0.19116629838943483,2.0,2.0,0.6759139895439148,155.09842681884766
DiscreteSAC,75,final,1885,4885,-0.060852930545806885,6.0,3.0,0.7932337522506714,141.73486455281576
DiscreteSAC,75,final,1886,4886,-0.4960923671722412,10.0,2.0,0.6895225644111633,946.0095726013184
DiscreteSAC,75,final,1887,4887,0.23126678347587587,2.0,2.0,0.2628665864467621,113.1529769897461
DiscreteSAC,75,final,1888,4888,0.12768443107604982,2.0,2.0,0.5180052518844604,112.43561172485352
DiscreteSAC,75,final,1889,4889,-0.5902252793312074,10.0,3.0,0.2949102222919464,165.23055763244628
DiscreteSAC,75,final,1890,4890,0.09000000000000001,1.0,1.0,1.288777232170105,83.7439956665039
DiscreteSAC,75,final,1891,4891,0.01707775115966799,3.0,3.0,0.5229597687721252,24176.38520558675
DiscreteSAC,75,final,1892,4892,0.023274140357971207,2.0,2.0,0.5680797100067139,195.17069244384766
DiscreteSAC,75,final,1893,4893,-0.1462589806318283,6.0,3.0,0.14018931984901428,982.0176264444987
DiscreteSAC,75,final,1894,4894,0.284440712928772,2.0,2.0,0.5169928073883057,203.6356201171875
DiscreteSAC,75,final,1895,4895,-0.5407592356204987,10.0,3.0,0.32552570104599,1494.0880393981934
DiscreteSAC,75,final,1896,4896,-0.19307014465332029,7.0,2.0,0.8031986951828003,242.85989924839564
DiscreteSAC,75,final,1897,4897,0.055393056869506845,2.0,2.0,0.7063852548599243,32285.839973449707
DiscreteSAC,75,final,1898,4898,0.11467637300491335,2.0,2.0,0.8211463689804077,109.05546569824219
DiscreteSAC,75,final,1899,4899,-0.5512807846069336,10.0,2.0,0.8181053996086121,210.30530700683593
DiscreteSAC,75,final,1900,4900,-0.6997746109962465,10.0,2.0,0.8883091807365417,2043.097080230713
DiscreteSAC,75,final,1901,4901,0.39506311893463136,2.0,2.0,0.34061628580093384,185.90509796142578
DiscreteSAC,75,final,1902,4902,0.09046305894851686,2.0,2.0,0.8331102132797241,93.66190719604492
DiscreteSAC,75,final,1903,4903,-0.28197160482406614,7.0,2.0,0.7067026495933533,225.26124245779855
DiscreteSAC,75,final,1904,4904,-0.5115777730941773,10.0,2.0,0.5108312368392944,394667.6629962921
DiscreteSAC,75,final,1905,4905,-0.5296586036682129,10.0,2.0,0.9227672815322876,1606.0250518798828
DiscreteSAC,75,final,1906,4906,0.10121663570404055,4.0,2.0,1.1516258716583252,533.1781158447266
DiscreteSAC,75,final,1907,4907,0.24889654636383057,3.0,3.0,1.0258780717849731,4609.557973225911
DiscreteSAC,75,final,1908,4908,0.28830446481704713,2.0,2.0,0.6996858716011047,26370.26432800293
DiscreteSAC,75,final,1909,4909,-0.03396848201751708,6.0,2.0,0.7603564262390137,18499.623357137043
DiscreteSAC,75,final,1910,4910,0.09000000000000001,1.0,1.0,0.7395358681678772,692.5872192382812
DiscreteSAC,75,final,1911,4911,0.09000000000000001,1.0,1.0,0.5584551095962524,340.6795959472656
DiscreteSAC,75,final,1912,4912,0.09000000000000001,1.0,1.0,0.8950258493423462,2918.883544921875
DiscreteSAC,75,final,1913,4913,-0.47534729838371276,10.0,2.0,0.3202942907810211,333.2167488098145
DiscreteSAC,75,final,1914,4914,0.09000000000000001,1.0,1.0,0.3388998806476593,-156.43267822265625
DiscreteSAC,75,final,1915,4915,-0.594834852218628,10.0,2.0,0.6708534955978394,176150.4821586609
DiscreteSAC,75,final,1916,4916,-0.5841634303331376,10.0,2.0,0.16985918581485748,10968.699475097656
DiscreteSAC,75,final,1917,4917,0.2527644205093384,2.0,2.0,0.5947323441505432,596710.7407226562
DiscreteSAC,75,final,1918,4918,0.09000000000000001,1.0,1.0,1.10848069190979,935.72265625
DiscreteSAC,75,final,1919,4919,-0.34457772612571713,9.0,2.0,0.18346498906612396,4174.716178046332
DiscreteSAC,75,final,1920,4920,0.09000000000000001,1.0,1.0,0.5388122200965881,1102.2850341796875
DiscreteSAC,75,final,1921,4921,0.09000000000000001,1.0,1.0,0.5354962944984436,5512.41357421875
DiscreteSAC,75,final,1922,4922,0.09000000000000001,1.0,1.0,0.8510306477546692,506.1654357910156
DiscreteSAC,75,final,1923,4923,-0.5614489197731019,10.0,2.0,0.7594647407531738,5212.505932617188
DiscreteSAC,75,final,1924,4924,0.09000000000000001,1.0,1.0,0.4998103976249695,159.3876190185547
DiscreteSAC,75,final,1925,4925,0.09000000000000001,1.0,1.0,0.30954572558403015,20461.501953125
DiscreteSAC,75,final,1926,4926,0.09000000000000001,1.0,1.0,0.6358588337898254,89.86956787109375
DiscreteSAC,75,final,1927,4927,0.09000000000000001,1.0,1.0,0.6017135977745056,24174.42578125
DiscreteSAC,75,final,1928,4928,0.09000000000000001,1.0,1.0,0.2451288253068924,123.47822570800781
DiscreteSAC,75,final,1929,4929,0.09000000000000001,1.0,1.0,0.511790931224823,348.7066955566406
DiscreteSAC,75,final,1930,4930,0.09000000000000001,1.0,1.0,0.25117143988609314,258.95458984375
DiscreteSAC,75,final,1931,4931,0.09000000000000001,1.0,1.0,0.5439195036888123,138.5462646484375
DiscreteSAC,75,final,1932,4932,0.09000000000000001,1.0,1.0,0.6220217943191528,56.234981536865234
DiscreteSAC,75,final,1933,4933,0.09000000000000001,1.0,1.0,0.14277033507823944,203.92596435546875
DiscreteSAC,75,final,1934,4934,-0.4566660404205322,10.0,2.0,0.8272594809532166,846.0216720581054
DiscreteSAC,75,final,1935,4935,0.09000000000000001,1.0,1.0,0.6845700144767761,126.31670379638672
DiscreteSAC,75,final,1936,4936,0.09000000000000001,1.0,1.0,0.26313474774360657,73.4917984008789
DiscreteSAC,75,final,1937,4937,0.09000000000000001,1.0,1.0,0.49264925718307495,780.5297241210938
DiscreteSAC,75,final,1938,4938,0.14936305761337282,2.0,2.0,0.7813014388084412,25550.841999053955
DiscreteSAC,75,final,1939,4939,0.09000000000000001,1.0,1.0,1.247187614440918,33543.35546875
DiscreteSAC,75,final,1940,4940,0.09000000000000001,1.0,1.0,0.519469141960144,343.11859130859375
DiscreteSAC,75,final,1941,4941,0.09000000000000001,1.0,1.0,0.6562106013298035,319.92730712890625
DiscreteSAC,75,final,1942,4942,0.09000000000000001,1.0,1.0,0.6694382429122925,339.075439453125
DiscreteSAC,75,final,1943,4943,-0.5403147220611573,10.0,2.0,1.1668720245361328,178913.80017089844
DiscreteSAC,75,final,1944,4944,0.09000000000000001,1.0,1.0,0.0995015874505043,126.39122772216797
DiscreteSAC,75,final,1945,4945,0.09000000000000001,1.0,1.0,1.2744901180267334,1006.773193359375
DiscreteSAC,75,final,1946,4946,0.09000000000000001,1.0,1.0,0.3543146550655365,9248.6181640625
DiscreteSAC,75,final,1947,4947,-0.6520469069480898,10.0,2.0,0.642604410648346,906.514631652832
DiscreteSAC,75,final,1948,4948,0.09000000000000001,1.0,1.0,0.38465186953544617,244.0334014892578
DiscreteSAC,75,final,1949,4949,0.09000000000000001,1.0,1.0,0.2886369526386261,311.69659423828125
DiscreteSAC,75,final,1950,4950,0.09000000000000001,1.0,1.0,0.772210419178009,179.22640991210938
DiscreteSAC,75,final,1951,4951,0.03932835340499879,2.0,2.0,0.776334285736084,4089.3912200927734
DiscreteSAC,75,final,1952,4952,-0.5920391857624054,10.0,2.0,0.37181124091148376,4622.044353485107
DiscreteSAC,75,final,1953,4953,-0.5593062520027161,10.0,2.0,1.0004007816314697,4416.966438674926
DiscreteSAC,75,final,1954,4954,-0.5003437280654908,10.0,2.0,0.7049676775932312,283.83050231933595
DiscreteSAC,75,final,1955,4955,0.2900062966346741,2.0,2.0,0.5766076445579529,1443904.3070831299
DiscreteSAC,75,final,1956,4956,0.08278061628341676,2.0,2.0,0.27876144647598267,188.19152069091797
DiscreteSAC,75,final,1957,4957,-0.5563701272010804,10.0,2.0,1.0017282962799072,1811.0364044189453
DiscreteSAC,75,final,1958,4958,-0.5654440999031067,10.0,2.0,0.7415255308151245,12891.033557128907
DiscreteSAC,75,final,1959,4959,0.09000000000000001,1.0,1.0,0.6772605180740356,455.9561767578125
DiscreteSAC,75,final,1960,4960,-0.2854415237903595,5.0,2.0,0.4848901927471161,390.3795532226562
DiscreteSAC,75,final,1961,4961,0.09000000000000001,1.0,1.0,0.1416153758764267,1033.5250244140625
DiscreteSAC,75,final,1962,4962,0.09000000000000001,1.0,1.0,0.4551863372325897,144.07464599609375
DiscreteSAC,75,final,1963,4963,-0.5829802036285401,10.0,2.0,0.2474876195192337,1150.145199584961
DiscreteSAC,75,final,1964,4964,0.09000000000000001,1.0,1.0,0.871188223361969,610.0165405273438
DiscreteSAC,75,final,1965,4965,0.09000000000000001,1.0,1.0,0.07342202216386795,453.3221740722656
DiscreteSAC,75,final,1966,4966,0.09000000000000001,1.0,1.0,0.7021357417106628,684.623291015625
DiscreteSAC,75,final,1967,4967,0.09000000000000001,1.0,1.0,1.1104991436004639,260.84136962890625
DiscreteSAC,75,final,1968,4968,-0.5499070167541504,10.0,2.0,0.8044267892837524,1981.7530334472656
DiscreteSAC,75,final,1969,4969,-0.3778850913047791,10.0,2.0,0.9531086087226868,5087.752320098877
DiscreteSAC,75,final,1970,4970,-0.45778809785842894,10.0,2.0,0.28157690167427063,283759.5825408936
DiscreteSAC,75,final,1971,4971,-0.32730745077133183,10.0,2.0,0.9240124821662903,2320.2333847045898
DiscreteSAC,75,final,1972,4972,0.09000000000000001,1.0,1.0,0.398226797580719,214.0633087158203
DiscreteSAC,75,final,1973,4973,-0.6559304177761079,10.0,2.0,0.5070756673812866,3247.934880065918
DiscreteSAC,75,final,1974,4974,0.09000000000000001,1.0,1.0,0.0752798542380333,283.23333740234375
DiscreteSAC,75,final,1975,4975,0.09000000000000001,1.0,1.0,1.0557811260223389,220.94985961914062
DiscreteSAC,75,final,1976,4976,0.09000000000000001,1.0,1.0,0.5073280930519104,347.4820251464844
DiscreteSAC,75,final,1977,4977,0.09000000000000001,1.0,1.0,0.3847813904285431,89.46235656738281
DiscreteSAC,75,final,1978,4978,-0.5749894559383393,10.0,2.0,0.3442571759223938,8505.473577880859
DiscreteSAC,75,final,1979,4979,0.09000000000000001,1.0,1.0,0.13977381587028503,302.13885498046875
DiscreteSAC,75,final,1980,4980,0.09000000000000001,1.0,1.0,0.7985923886299133,230.96701049804688
DiscreteSAC,75,final,1981,4981,0.09000000000000001,1.0,1.0,0.14135263860225677,195.05259704589844
DiscreteSAC,75,final,1982,4982,0.09000000000000001,1.0,1.0,0.20644517242908478,140.53147888183594
DiscreteSAC,75,final,1983,4983,0.2927875089645386,2.0,2.0,0.6363784670829773,199.04446411132812
DiscreteSAC,75,final,1984,4984,0.09000000000000001,1.0,1.0,0.6479670405387878,316.3204345703125
DiscreteSAC,75,final,1985,4985,0.09000000000000001,1.0,1.0,0.7608409523963928,218.64015197753906
DiscreteSAC,75,final,1986,4986,0.09000000000000001,1.0,1.0,0.7780711054801941,301.1838684082031
DiscreteSAC,75,final,1987,4987,0.09000000000000001,1.0,1.0,0.29056358337402344,273.81671142578125
DiscreteSAC,75,final,1988,4988,0.09000000000000001,1.0,1.0,0.32316699624061584,100.66864013671875
DiscreteSAC,75,final,1989,4989,-0.7089450836181642,10.0,2.0,0.6512332558631897,1163.4578712463378
DiscreteSAC,75,final,1990,4990,-0.4885719299316406,10.0,2.0,0.7143923044204712,3641.3842346191404
DiscreteSAC,75,final,1991,4991,0.09000000000000001,1.0,1.0,0.8873462080955505,123.04643249511719
DiscreteSAC,75,final,1992,4992,-0.5591354250907898,10.0,2.0,0.6563745737075806,563.2299308776855
DiscreteSAC,75,final,1993,4993,0.09000000000000001,1.0,1.0,0.6050296425819397,169.6547393798828
DiscreteSAC,75,final,1994,4994,0.09000000000000001,1.0,1.0,0.7309616208076477,174.5629425048828
DiscreteSAC,75,final,1995,4995,-0.0812761914730072,2.0,2.0,0.5893622040748596,76.72842979431152
DiscreteSAC,75,final,1996,4996,0.09000000000000001,1.0,1.0,0.13094191253185272,116.8751220703125
DiscreteSAC,75,final,1997,4997,0.08308717787265779,2.0,2.0,0.0678315982222557,101936.28189086914
DiscreteSAC,75,final,1998,4998,0.1722743082046509,2.0,2.0,0.7541642189025879,4637.571929931641
DiscreteSAC,75,final,1999,4999,0.2105738687515259,2.0,2.0,1.1725099086761475,759.2986145019531
DiscreteSAC,75,final,2000,5000,0.2116729784011841,2.0,2.0,1.0948354005813599,85702.77293395996
DiscreteSAC,75,final,2001,5001,-0.6304286599159242,10.0,2.0,0.4498670995235443,11365.917247009278
DiscreteSAC,75,final,2002,5002,-0.5997475862503052,10.0,2.0,0.30840274691581726,1242.6612533569337
DiscreteSAC,75,final,2003,5003,-0.4432523429393768,10.0,2.0,0.48296836018562317,18287.2269241333
DiscreteSAC,75,final,2004,5004,-0.5800984382629395,10.0,2.0,1.1264292001724243,762.8614883422852
DiscreteSAC,75,final,2005,5005,0.1337429451942444,2.0,2.0,0.6896944642066956,155.6162872314453
DiscreteSAC,75,final,2006,5006,-0.11536422729492186,6.0,2.0,0.4478156268596649,210.4329922993978
DiscreteSAC,75,final,2007,5007,0.01934303522109987,2.0,2.0,0.6053820848464966,208.69018173217773
DiscreteSAC,75,final,2008,5008,-0.23379114389419553,7.0,2.0,0.05480726435780525,684.4181022644043
DiscreteSAC,75,final,2009,5009,-0.5158147096633912,10.0,2.0,0.6669566035270691,671.1272396087646
DiscreteSAC,75,final,2010,5010,0.11321242332458498,2.0,2.0,0.5535968542098999,76467.2950515747
DiscreteSAC,75,final,2011,5011,0.09000000000000001,1.0,1.0,0.1564900130033493,312.6895446777344
DiscreteSAC,75,final,2012,5012,0.09000000000000001,1.0,1.0,0.8776755928993225,240.35028076171875
DiscreteSAC,75,final,2013,5013,-0.5913022041320801,10.0,2.0,0.6250775456428528,65093.97192077637
DiscreteSAC,75,final,2014,5014,-0.39313887357711796,10.0,2.0,0.5622037649154663,1072.8205108642578
DiscreteSAC,75,final,2015,5015,0.09000000000000001,1.0,1.0,1.0560516119003296,206.24612426757812
DiscreteSAC,75,final,2016,5016,0.2531584072113037,2.0,2.0,0.5484529733657837,725.0162811279297
DiscreteSAC,75,final,2017,5017,0.09000000000000001,1.0,1.0,0.5585505366325378,163875.71875
DiscreteSAC,75,final,2018,5018,-0.13930606961250303,7.0,2.0,0.2523690462112427,21857.23965672084
DiscreteSAC,75,final,2019,5019,0.09000000000000001,1.0,1.0,0.311806857585907,249.3832550048828
DiscreteSAC,75,final,2020,5020,0.2155911195278168,2.0,2.0,0.4714202582836151,178.85926818847656
DiscreteSAC,75,final,2021,5021,-0.6310016989707948,10.0,2.0,0.7473397850990295,903.1693725585938
DiscreteSAC,75,final,2022,5022,-0.2814636111259461,10.0,2.0,0.5936481356620789,168.61738128662108
DiscreteSAC,75,final,2023,5023,-0.5416988015174866,10.0,2.0,0.6213412880897522,7276.963813781738
DiscreteSAC,75,final,2024,5024,0.09000000000000001,1.0,1.0,0.19597379863262177,70.87599182128906
DiscreteSAC,75,final,2025,5025,-0.5587195485830307,10.0,2.0,0.22135551273822784,2175.1533363342287
DiscreteSAC,75,final,2026,5026,0.09000000000000001,1.0,1.0,0.27834221720695496,50665.95703125
DiscreteSAC,75,final,2027,5027,0.09000000000000001,1.0,1.0,0.796423614025116,4469236.0
DiscreteSAC,75,final,2028,5028,0.09000000000000001,1.0,1.0,0.680817186832428,127.09716796875
DiscreteSAC,75,final,2029,5029,-0.2731938099861145,6.0,2.0,0.685897171497345,2233.2254117329917
DiscreteSAC,75,final,2030,5030,0.09000000000000001,1.0,1.0,1.0426595211029053,4795.93994140625
DiscreteSAC,75,final,2031,5031,-0.43506311178207396,10.0,2.0,0.6275568604469299,1103.0655433654786
DiscreteSAC,75,final,2032,5032,0.0906349438428879,2.0,2.0,0.23090504109859467,829.3371658325195
DiscreteSAC,75,final,2033,5033,-0.004170535206794723,2.0,2.0,0.15127399563789368,225.4113311767578
DiscreteSAC,75,final,2034,5034,-0.3426438212394714,10.0,2.0,0.6248059868812561,487.2875114440918
DiscreteSAC,75,final,2035,5035,0.09000000000000001,1.0,1.0,0.49639981985092163,148.12269592285156
DiscreteSAC,75,final,2036,5036,0.09000000000000001,1.0,1.0,0.9448857307434082,167.73667907714844
DiscreteSAC,75,final,2037,5037,0.09000000000000001,1.0,1.0,0.9394879937171936,511.6510009765625
DiscreteSAC,75,final,2038,5038,-0.06462964534759523,7.0,2.0,1.1269357204437256,1700.7387597220284
DiscreteSAC,75,final,2039,5039,-0.414643931388855,10.0,2.0,1.0875746011734009,159.7795566558838
DiscreteSAC,75,final,2040,5040,-0.4889611482620239,10.0,2.0,0.6354808211326599,358.14496688842775
DiscreteSAC,75,final,2041,5041,0.09000000000000001,1.0,1.0,0.7232257127761841,184.77044677734375
DiscreteSAC,75,final,2042,5042,-0.49121569395065307,10.0,2.0,0.749991238117218,359.71486206054686
DiscreteSAC,75,final,2043,5043,-0.5419105172157288,10.0,2.0,0.5316909551620483,712.5568954467774
DiscreteSAC,75,final,2044,5044,0.09000000000000001,1.0,1.0,0.5741854906082153,933.2254638671875
DiscreteSAC,75,final,2045,5045,0.09000000000000001,1.0,1.0,0.5708360075950623,1533.470947265625
DiscreteSAC,75,final,2046,5046,-0.06972936630249023,4.0,2.0,0.6583626866340637,134.87343788146973
DiscreteSAC,75,final,2047,5047,0.11942403197288515,2.0,2.0,0.275940477848053,92.92378997802734
DiscreteSAC,75,final,2048,5048,0.08749874114990236,2.0,2.0,0.27015918493270874,987.0345993041992
DiscreteSAC,75,final,2049,5049,0.059346096515655526,2.0,2.0,0.5063059329986572,1648.7157363891602
DiscreteSAC,75,final,2050,5050,0.1711226296424866,3.0,2.0,0.39298635721206665,3299189.4633992515
DiscreteSAC,75,final,2051,5051,-0.2592053294181824,10.0,2.0,0.7704537510871887,957549.8517242431
DiscreteSAC,75,final,2052,5052,-0.3249196887016297,10.0,2.0,0.5957651734352112,348389.1611694336
DiscreteSAC,75,final,2053,5053,0.10936697006225587,2.0,2.0,0.50025874376297,96013.90951538086
DiscreteSAC,75,final,2054,5054,-0.577418538928032,10.0,2.0,0.14404353499412537,631.0726623535156
DiscreteSAC,75,final,2055,5055,-0.7554461836814883,10.0,2.0,0.7299627661705017,19113.700802612304
DiscreteSAC,75,final,2056,5056,-0.4884747743606567,10.0,2.0,0.25454622507095337,433.330810546875
DiscreteSAC,75,final,2057,5057,-0.05547490835189821,7.0,2.0,0.6551898121833801,429.3298863002232
DiscreteSAC,75,final,2058,5058,-0.0036024880409240567,2.0,2.0,0.9387592673301697,379.1713104248047
DiscreteSAC,75,final,2059,5059,-0.6686565756797792,10.0,2.0,0.29896941781044006,364.0423271179199
DiscreteSAC,75,final,2060,5060,-0.5648944035172463,10.0,2.0,0.0975838154554367,566442.3628601074
DiscreteSAC,75,final,2061,5061,0.0408163070678711,5.0,4.0,0.7574948072433472,3202.0374389648437
DiscreteSAC,75,final,2062,5062,-0.5746351063251496,10.0,2.0,0.3606717884540558,2024.869580078125
DiscreteSAC,75,final,2063,5063,0.0878297257423401,2.0,2.0,0.06880267709493637,419.291015625
DiscreteSAC,75,final,2064,5064,0.059222163558006295,2.0,2.0,0.20950816571712494,724.5298156738281
DiscreteSAC,75,final,2065,5065,0.15486236095428468,2.0,2.0,0.3528841435909271,696.6283874511719
DiscreteSAC,75,final,2066,5066,-0.7307895600795747,10.0,2.0,0.5085996985435486,8139.141462707519
DiscreteSAC,75,final,2067,5067,0.06218560218811036,2.0,2.0,0.7609313130378723,230.90723419189453
DiscreteSAC,75,final,2068,5068,-0.5573432326316834,10.0,2.0,0.31455129384994507,418.7499313354492
DiscreteSAC,75,final,2069,5069,0.07008599162101746,3.0,2.0,0.1308397799730301,223.4234619140625
DiscreteSAC,75,final,2070,5070,0.3206630516052246,2.0,2.0,1.084402322769165,580.5854644775391
DiscreteSAC,75,final,2071,5071,-0.226980596780777,10.0,3.0,0.465991348028183,373360.11805877683
DiscreteSAC,75,final,2072,5072,-0.5006216168403625,10.0,3.0,0.47308549284935,10205.423118591309
DiscreteSAC,75,final,2073,5073,-0.49004467129707335,10.0,2.0,0.37897348403930664,6772.773202514649
DiscreteSAC,75,final,2074,5074,-0.5265905141830445,10.0,2.0,0.7423984408378601,899581.1940086365
DiscreteSAC,75,final,2075,5075,0.07367642402648927,2.0,2.0,0.44201037287712097,328.80298614501953
DiscreteSAC,75,final,2076,5076,-0.5091638743877411,10.0,2.0,0.3519415855407715,46994.2125831604
DiscreteSAC,75,final,2077,5077,-0.5118022441864014,10.0,2.0,0.25364211201667786,2351.6125930786134
DiscreteSAC,75,final,2078,5078,-0.5905764728784562,10.0,2.0,0.275085985660553,322.40868682861327
DiscreteSAC,75,final,2079,5079,-0.5574254870414734,10.0,2.0,0.18551281094551086,520.4515197753906
DiscreteSAC,75,final,2080,5080,-0.5609490156173706,10.0,2.0,0.9485906958580017,10209.976681518554
DiscreteSAC,75,final,2081,5081,-0.38251708745956425,10.0,2.0,0.3009030222892761,6016.717213439942
DiscreteSAC,75,final,2082,5082,-0.6304517269134523,10.0,2.0,0.5870561599731445,861189.4692718505
DiscreteSAC,75,final,2083,5083,-0.3918125629425049,10.0,3.0,0.5549647808074951,6217.614247131348
DiscreteSAC,75,final,2084,5084,-0.5556272745132447,10.0,2.0,0.2642807066440582,5459.482946777343
DiscreteSAC,75,final,2085,5085,-0.43730474710464473,10.0,4.0,0.6364306211471558,1926.7129219055175
DiscreteSAC,75,final,2086,5086,-0.37284909486770634,10.0,2.0,0.7154543995857239,13562.02286529541
DiscreteSAC,75,final,2087,5087,-0.24996482133865358,10.0,2.0,0.8023255467414856,7612.128132629395
DiscreteSAC,75,final,2088,5088,-0.40259938240051274,10.0,2.0,0.5979909300804138,243.05621109008788
DiscreteSAC,75,final,2089,5089,-0.594954538345337,10.0,2.0,0.669965386390686,276.9037689208984
DiscreteSAC,75,final,2090,5090,-0.5437623143196106,10.0,2.0,0.7843052744865417,169.49468154907225
DiscreteSAC,75,final,2091,5091,-0.47680639028549193,10.0,2.0,0.38008737564086914,11316.30909423828
DiscreteSAC,75,final,2092,5092,-0.5646610215306282,10.0,2.0,0.06186428293585777,345.05863723754885
DiscreteSAC,75,final,2093,5093,-0.4910040020942688,10.0,4.0,0.8219639658927917,431420.4779075623
DiscreteSAC,75,final,2094,5094,-0.41304897069931035,10.0,2.0,0.6887497901916504,7792.000546264649
DiscreteSAC,75,final,2095,5095,-0.5451556622982026,10.0,2.0,0.1352270543575287,21640.684512329102
DiscreteSAC,75,final,2096,5096,-0.5091942548751831,10.0,3.0,0.7295839190483093,571.0231460571289
DiscreteSAC,75,final,2097,5097,-0.4071906089782715,10.0,2.0,0.5064765810966492,1309.5715164184571
DiscreteSAC,75,final,2098,5098,-0.4830041408538818,10.0,2.0,0.5889440178871155,492.5812797546387
DiscreteSAC,75,final,2099,5099,-0.5453806102275849,10.0,2.0,0.21188783645629883,177.64938735961914
DiscreteSAC,75,final,2100,5100,-0.48123519420623784,10.0,2.0,1.032827377319336,395128.18469467165
DiscreteSAC,75,final,2101,5101,-0.4999891698360443,10.0,2.0,0.3168623745441437,299.01478271484376
DiscreteSAC,75,final,2102,5102,-0.3959389925003052,10.0,3.0,0.8501594662666321,15653.159098052978
DiscreteSAC,75,final,2103,5103,-0.5920562624931337,10.0,2.0,0.5639154314994812,13618.08748779297
DiscreteSAC,75,final,2104,5104,0.024090545177459732,2.0,2.0,0.19783762097358704,410.653076171875
DiscreteSAC,75,final,2105,5105,-0.5398002147674561,10.0,2.0,0.6203547716140747,2881.875245666504
DiscreteSAC,75,final,2106,5106,-0.12469483017921447,5.0,2.0,0.3798621594905853,584.124723815918
DiscreteSAC,75,final,2107,5107,0.016886661052703852,4.0,3.0,0.6807034611701965,453.0023384094238
DiscreteSAC,75,final,2108,5108,-0.500739574432373,10.0,3.0,0.5765684843063354,494.598161315918
DiscreteSAC,75,final,2109,5109,0.027758080959320072,3.0,2.0,0.651692271232605,164.6699244181315
DiscreteSAC,75,final,2110,5110,0.2214497494697571,2.0,2.0,0.6069089770317078,372.1067657470703
DiscreteSAC,75,final,2111,5111,-0.49889914989471434,10.0,2.0,0.4935183525085449,7366.881369018554
DiscreteSAC,75,final,2112,5112,-0.44105820655822753,10.0,2.0,0.7369047999382019,55183.486194610596
DiscreteSAC,75,final,2113,5113,0.2922824811935425,3.0,2.0,0.9563722610473633,179.68016560872397
DiscreteSAC,75,final,2114,5114,-0.533056664466858,10.0,2.0,0.21206505596637726,394.75731353759767
DiscreteSAC,75,final,2115,5115,-0.5684999704360962,10.0,2.0,0.316120445728302,169.3403221130371
DiscreteSAC,75,final,2116,5116,0.22134407043457033,2.0,2.0,0.7290418744087219,138.40478134155273
DiscreteSAC,75,final,2117,5117,-0.534830379486084,10.0,2.0,0.9533284306526184,142.03553619384766
DiscreteSAC,75,final,2118,5118,-0.3634076595306397,10.0,2.0,0.604640781879425,549.6335403442383
DiscreteSAC,75,final,2119,5119,-0.09406699061393738,2.0,2.0,0.5463756322860718,18868.920654296875
DiscreteSAC,75,final,2120,5120,0.11640514612197878,2.0,2.0,0.6503499150276184,124.50711822509766
DiscreteSAC,75,final,2121,5121,0.07413543939590456,2.0,2.0,0.7130926251411438,159.7957992553711
DiscreteSAC,75,final,2122,5122,-0.10770803809165953,7.0,2.0,0.47360846400260925,112.24184199741909
DiscreteSAC,75,final,2123,5123,0.156957643032074,2.0,2.0,0.7082012891769409,1477.8367729187012
DiscreteSAC,75,final,2124,5124,-0.37778275012969975,10.0,2.0,0.8893550634384155,1074515.0660949708
DiscreteSAC,75,final,2125,5125,-0.4526498794555664,10.0,2.0,0.9212480783462524,16386.25076751709
DiscreteSAC,75,final,2126,5126,-0.20514900803565977,7.0,3.0,0.3939187526702881,112913.86380876813
DiscreteSAC,75,final,2127,5127,-0.5078619301319123,10.0,2.0,0.2815866768360138,1765.8991394042969
DiscreteSAC,75,final,2128,5128,0.09000000000000001,1.0,1.0,0.8543720841407776,873.0654907226562
DiscreteSAC,75,final,2129,5129,0.09000000000000001,1.0,1.0,0.5034607648849487,139408.1875
DiscreteSAC,75,final,2130,5130,0.09000000000000001,1.0,1.0,0.18775656819343567,278.7865295410156
DiscreteSAC,75,final,2131,5131,0.09000000000000001,1.0,1.0,0.13631212711334229,625.6776733398438
DiscreteSAC,75,final,2132,5132,0.09000000000000001,1.0,1.0,0.9372192621231079,1607724.0
DiscreteSAC,75,final,2133,5133,0.09000000000000001,1.0,1.0,0.6781409978866577,945.9109497070312
DiscreteSAC,75,final,2134,5134,0.1871375906467438,2.0,2.0,0.39670100808143616,3681.7500610351562
DiscreteSAC,75,final,2135,5135,0.09000000000000001,1.0,1.0,0.7659440040588379,332.5901184082031
DiscreteSAC,75,final,2136,5136,0.09000000000000001,1.0,1.0,0.09756175428628922,667.3859252929688
DiscreteSAC,75,final,2137,5137,0.24671204566955568,2.0,2.0,0.5979176759719849,589.4314270019531
DiscreteSAC,75,final,2138,5138,-0.5091208398342133,10.0,2.0,0.41467317938804626,2111937.0976623534
DiscreteSAC,75,final,2139,5139,0.08891268253326418,2.0,2.0,0.8388614654541016,439.7993927001953
DiscreteSAC,75,final,2140,5140,0.09614402770996094,3.0,3.0,0.5719580054283142,372.7937825520833
DiscreteSAC,75,final,2141,5141,0.09000000000000001,1.0,1.0,0.7787045240402222,434.7822265625
DiscreteSAC,75,final,2142,5142,-0.4000926449894905,10.0,3.0,0.14586187899112701,34412.72549743652
DiscreteSAC,75,final,2143,5143,-0.5110141038894653,10.0,3.0,0.8159744143486023,12407.932109069825
DiscreteSAC,75,final,2144,5144,-0.4751282215118408,10.0,2.0,0.6333439946174622,119311.78986511231
DiscreteSAC,75,final,2145,5145,-0.39096348285675053,10.0,2.0,0.7843689322471619,1130.4135665893555
DiscreteSAC,75,final,2146,5146,0.09000000000000001,1.0,1.0,1.2113476991653442,177.19947814941406
DiscreteSAC,75,final,2147,5147,-0.4677850008010864,10.0,3.0,1.0707271099090576,590.8498733520507
DiscreteSAC,75,final,2148,5148,-0.455079185962677,10.0,2.0,0.8120678663253784,806.7752716064454
DiscreteSAC,75,final,2149,5149,-0.45724849700927733,10.0,2.0,0.8597372770309448,2645.0703094482424
DiscreteSAC,75,final,2150,5150,-0.639258697628975,10.0,3.0,0.352017343044281,10566.053758239746
DiscreteSAC,75,final,2151,5151,-0.12973383665084837,10.0,3.0,0.6366916298866272,403.5015472412109
DiscreteSAC,75,final,2152,5152,-0.493070113658905,10.0,2.0,0.5401626229286194,214589.19741973878
DiscreteSAC,75,final,2153,5153,-0.5058977484703064,10.0,2.0,0.6974049806594849,438917.0362304688
DiscreteSAC,75,final,2154,5154,0.09000000000000001,1.0,1.0,0.7770983576774597,1078.6474609375
DiscreteSAC,75,final,2155,5155,-0.4417823851108551,10.0,3.0,0.4695865213871002,605.5042114257812
DiscreteSAC,75,final,2156,5156,-0.4061180233955384,10.0,2.0,0.818210780620575,597.3232070922852
DiscreteSAC,75,final,2157,5157,-0.8071859657764437,10.0,2.0,0.47295644879341125,322.1164611816406
DiscreteSAC,75,final,2158,5158,-0.44609304070472716,10.0,2.0,0.48895135521888733,457.96024017333986
DiscreteSAC,75,final,2159,5159,-0.45525633096694945,10.0,2.0,0.8933396935462952,248.72201538085938
DiscreteSAC,75,final,2160,5160,0.04767390012741089,3.0,2.0,0.6170687079429626,3468.088144938151
DiscreteSAC,75,final,2161,5161,-0.6326721012592316,10.0,3.0,0.5420727729797363,12022.670404815673
DiscreteSAC,75,final,2162,5162,-0.41971927881240845,10.0,3.0,0.6827375292778015,394.91538391113284
DiscreteSAC,75,final,2163,5163,0.062136547565460214,2.0,2.0,0.98741215467453,267.4476623535156
DiscreteSAC,75,final,2164,5164,0.029130676686763772,2.0,2.0,0.16405712068080902,130.1177101135254
DiscreteSAC,75,final,2165,5165,-0.4356012225151062,10.0,2.0,0.6647440791130066,1215015.857800293
DiscreteSAC,75,final,2166,5166,0.02764040410518647,2.0,2.0,0.2448759526014328,427.40785217285156
DiscreteSAC,75,final,2167,5167,-0.5952119112014771,10.0,2.0,0.9201284050941467,6186.474923706055
DiscreteSAC,75,final,2168,5168,0.0873516219854355,2.0,2.0,0.18481048941612244,220.5340347290039
DiscreteSAC,75,final,2169,5169,0.01102943897247316,2.0,2.0,0.2856590449810028,12781.784965515137
DiscreteSAC,75,final,2170,5170,-0.3419074702262878,8.0,2.0,0.6099181175231934,2724.1198406219482
DiscreteSAC,75,final,2171,5171,-0.5857146263122559,10.0,2.0,1.1384105682373047,219.20310974121094
DiscreteSAC,75,final,2172,5172,-0.5458388805389405,10.0,2.0,0.9086640477180481,36691.96613616943
DiscreteSAC,75,final,2173,5173,-0.4842275857925415,10.0,2.0,0.8300158381462097,547.3908630371094
DiscreteSAC,75,final,2174,5174,-0.49593353271484375,10.0,3.0,0.8115506172180176,146006.93692016602
DiscreteSAC,75,final,2175,5175,0.18137248039245607,2.0,2.0,0.8463121652603149,721.725830078125
DiscreteSAC,75,final,2176,5176,0.1770367217063904,3.0,2.0,0.8498119711875916,728.6540934244791
DiscreteSAC,75,final,2177,5177,-0.35159844160079956,10.0,3.0,0.6079006791114807,1916.8005477905274
DiscreteSAC,75,final,2178,5178,-0.20507556557655332,6.0,2.0,0.17636828124523163,389.21320088704425
DiscreteSAC,75,final,2179,5179,-0.5118954658508301,10.0,2.0,0.5889859199523926,2387.8906982421877
DiscreteSAC,75,final,2180,5180,-0.36883214503526685,9.0,2.0,0.11039317399263382,246.17297871907553
DiscreteSAC,75,final,2181,5181,-0.5584886550903321,10.0,2.0,0.7144815325737,4260.9275001525875
DiscreteSAC,75,final,2182,5182,0.09599070429801942,2.0,2.0,0.29268506169319153,180.84271240234375
DiscreteSAC,75,final,2183,5183,-0.5921317890286446,10.0,2.0,0.12757040560245514,819036.3661224365
DiscreteSAC,75,final,2184,5184,-0.36654572486877446,10.0,2.0,1.0105516910552979,6458.772952270508
DiscreteSAC,75,final,2185,5185,-0.5242707014083863,10.0,2.0,0.5754905343055725,19600.347845458986
DiscreteSAC,75,final,2186,5186,-0.2547742462158203,6.0,2.0,0.6846498847007751,4513.061498006185
DiscreteSAC,75,final,2187,5187,-0.5248353958129883,10.0,2.0,0.7865315675735474,573110.5074859619
DiscreteSAC,75,final,2188,5188,-0.6785643279552461,10.0,2.0,0.3784889578819275,5592.640531921386
DiscreteSAC,75,final,2189,5189,0.09000000000000001,1.0,1.0,0.9526521563529968,22210.322265625
DiscreteSAC,75,final,2190,5190,-0.5444529533386231,10.0,2.0,0.8355346322059631,9170.763389587402
DiscreteSAC,75,final,2191,5191,0.09000000000000001,1.0,1.0,0.34955063462257385,7577.00390625
DiscreteSAC,75,final,2192,5192,0.09000000000000001,1.0,1.0,0.2762950360774994,95757.7109375
DiscreteSAC,75,final,2193,5193,0.09000000000000001,1.0,1.0,0.47267475724220276,373.0311584472656
DiscreteSAC,75,final,2194,5194,0.09000000000000001,1.0,1.0,0.8497264981269836,223.237060546875
DiscreteSAC,75,final,2195,5195,0.09000000000000001,1.0,1.0,0.650425136089325,244.6575469970703
DiscreteSAC,75,final,2196,5196,-0.7471635043621065,10.0,3.0,0.49451154470443726,2490.676643371582
DiscreteSAC,75,final,2197,5197,-0.5805697441101075,10.0,3.0,0.5769408345222473,23429.84719543457
DiscreteSAC,75,final,2198,5198,0.09000000000000001,1.0,1.0,0.5972302556037903,254.2248992919922
DiscreteSAC,75,final,2199,5199,-0.7802483916282656,10.0,2.0,0.7782732248306274,256805.73772735597
DiscreteSAC,75,final,2200,5200,-0.5456737160682679,10.0,2.0,0.30537769198417664,1279.2758621215821
DiscreteSAC,75,final,2201,5201,-0.39296623706817624,9.0,2.0,0.7324533462524414,6008.7877366807725
DiscreteSAC,75,final,2202,5202,0.028563399314880375,3.0,2.0,0.8414785265922546,804.4383188883463
DiscreteSAC,75,final,2203,5203,0.09000000000000001,1.0,1.0,0.08734192699193954,189.06622314453125
DiscreteSAC,75,final,2204,5204,0.09000000000000001,1.0,1.0,0.08750487864017487,110.46597290039062
DiscreteSAC,75,final,2205,5205,-0.1756603407859802,8.0,2.0,0.9962949156761169,808295.6193237305
DiscreteSAC,75,final,2206,5206,0.09000000000000001,1.0,1.0,0.8046651482582092,24471.763671875
DiscreteSAC,75,final,2207,5207,-0.2771808791160583,8.0,2.0,0.6290822625160217,124358.2936000824
DiscreteSAC,75,final,2208,5208,0.09000000000000001,1.0,1.0,0.8080706000328064,243.72042846679688
DiscreteSAC,75,final,2209,5209,-0.5238602638244629,10.0,2.0,0.2867152988910675,339.0731712341309
DiscreteSAC,75,final,2210,5210,-0.6171611428260804,10.0,2.0,0.49567747116088867,2214.042340087891
DiscreteSAC,75,final,2211,5211,0.0001411157846450961,2.0,2.0,0.32169651985168457,250.79279327392578
DiscreteSAC,75,final,2212,5212,0.09000000000000001,1.0,1.0,0.569527268409729,570.7711181640625
DiscreteSAC,75,final,2213,5213,-0.5384985089302063,10.0,2.0,0.9928507208824158,411.0812683105469
DiscreteSAC,75,final,2214,5214,-0.27225775837898253,2.0,2.0,0.6787802577018738,146.05360412597656
DiscreteSAC,75,final,2215,5215,-0.7799336791038516,10.0,2.0,0.9145036935806274,5057.421716308594
DiscreteSAC,75,final,2216,5216,-0.6217308521270754,10.0,2.0,0.2870262563228607,600.874641418457
DiscreteSAC,75,final,2217,5217,0.008907319903373734,2.0,2.0,0.2769128084182739,19597.06072998047
DiscreteSAC,75,final,2218,5218,0.09000000000000001,1.0,1.0,0.207184299826622,219.01730346679688
DiscreteSAC,75,final,2219,5219,0.09000000000000001,1.0,1.0,0.6188359260559082,150.08782958984375
DiscreteSAC,75,final,2220,5220,-0.5567055523395539,10.0,2.0,0.31381914019584656,987.2900619506836
DiscreteSAC,75,final,2221,5221,0.09000000000000001,1.0,1.0,0.9825883507728577,503.8694152832031
DiscreteSAC,75,final,2222,5222,-0.368551242351532,10.0,2.0,0.5906594395637512,8602.257316589355
DiscreteSAC,75,final,2223,5223,0.10363377809524538,2.0,2.0,0.7452802658081055,219.86814498901367
DiscreteSAC,75,final,2224,5224,0.09000000000000001,1.0,1.0,0.44253280758857727,186.9720916748047
DiscreteSAC,75,final,2225,5225,-0.5728179693222046,10.0,2.0,0.8170827031135559,336.89061508178713
DiscreteSAC,75,final,2226,5226,-0.5812643051147461,10.0,2.0,0.7718391418457031,9144.676999664307
DiscreteSAC,75,final,2227,5227,0.09000000000000001,1.0,1.0,0.159494087100029,168.92800903320312
DiscreteSAC,75,final,2228,5228,0.09000000000000001,1.0,1.0,0.055177848786115646,116.46746826171875
DiscreteSAC,75,final,2229,5229,-0.49103944301605223,10.0,2.0,0.6872833967208862,220.17593688964843
DiscreteSAC,75,final,2230,5230,-0.5548642158508301,10.0,2.0,0.7035544514656067,53730.84075393677
DiscreteSAC,75,final,2231,5231,-0.27155106067657475,10.0,2.0,0.5842015147209167,253.80801315307616
DiscreteSAC,75,final,2232,5232,-0.5581366300582886,10.0,2.0,0.5359309315681458,554003.8137649536
DiscreteSAC,75,final,2233,5233,-0.520293653011322,10.0,3.0,0.39580127596855164,16988.873318481445
DiscreteSAC,75,final,2234,5234,-0.515495765209198,10.0,2.0,0.9321182370185852,252505.45268859863
DiscreteSAC,75,final,2235,5235,-0.6114649951457978,10.0,2.0,0.5263876914978027,12149.051782226563
DiscreteSAC,75,final,2236,5236,0.07136775732040407,2.0,2.0,0.6187049746513367,422.3307800292969
DiscreteSAC,75,final,2237,5237,-0.462908673286438,10.0,2.0,0.3556431829929352,1323951.528994751
DiscreteSAC,75,final,2238,5238,0.09000000000000001,1.0,1.0,0.38231685757637024,573.9072265625
DiscreteSAC,75,final,2239,5239,0.09000000000000001,1.0,1.0,0.6861838698387146,207.64569091796875
DiscreteSAC,75,final,2240,5240,0.09000000000000001,1.0,1.0,0.6139865517616272,481.89727783203125
DiscreteSAC,75,final,2241,5241,0.09000000000000001,1.0,1.0,1.1543066501617432,16413.62890625
DiscreteSAC,75,final,2242,5242,-0.486722993850708,10.0,2.0,1.0303393602371216,1415.3390411376954
DiscreteSAC,75,final,2243,5243,-0.0114044678211212,2.0,2.0,0.39809608459472656,401.9759979248047
DiscreteSAC,75,final,2244,5244,0.04425488591194154,2.0,2.0,0.5185281038284302,7169.203887939453
DiscreteSAC,75,final,2245,5245,0.09000000000000001,1.0,1.0,0.1700340211391449,536.6181640625
DiscreteSAC,75,final,2246,5246,0.0827928650379181,2.0,2.0,0.22239552438259125,7786.924606323242
DiscreteSAC,75,final,2247,5247,0.09000000000000001,1.0,1.0,0.9774054884910583,524.2730712890625
DiscreteSAC,75,final,2248,5248,0.07149042367935182,2.0,2.0,0.48430609703063965,9435.844268798828
DiscreteSAC,75,final,2249,5249,0.09000000000000001,1.0,1.0,1.006182074546814,305.68048095703125
DiscreteSAC,75,final,2250,5250,0.09000000000000001,1.0,1.0,0.8939874768257141,16052.5732421875
DiscreteSAC,75,final,2251,5251,-0.6886895179748537,10.0,2.0,0.40489575266838074,5008.183428955078
DiscreteSAC,75,final,2252,5252,0.06118412494659425,2.0,2.0,0.6170123219490051,106732.79804992676
DiscreteSAC,75,final,2253,5253,-0.6428491055965425,10.0,2.0,0.5650648474693298,128829.78888549804
DiscreteSAC,75,final,2254,5254,0.19819952726364137,2.0,2.0,0.8432520031929016,546.4909973144531
DiscreteSAC,75,final,2255,5255,0.2163193988800049,2.0,2.0,0.812130331993103,4612.674102783203
DiscreteSAC,75,final,2256,5256,-0.49422078132629393,10.0,2.0,0.7967001795768738,41635.08974609375
DiscreteSAC,75,final,2257,5257,-0.5552814483642579,10.0,2.0,0.2622990310192108,11719.807229614258
DiscreteSAC,75,final,2258,5258,0.09000000000000001,1.0,1.0,0.2738594114780426,559.3499755859375
DiscreteSAC,75,final,2259,5259,0.09000000000000001,1.0,1.0,0.5695546865463257,323.3116455078125
DiscreteSAC,75,final,2260,5260,0.09000000000000001,1.0,1.0,0.2522290349006653,826.6693725585938
DiscreteSAC,75,final,2261,5261,0.09000000000000001,1.0,1.0,0.09536956995725632,466.1017761230469
DiscreteSAC,75,final,2262,5262,-0.4483641266822815,10.0,2.0,0.8952327966690063,4706.094160461425
DiscreteSAC,75,final,2263,5263,-0.5493735551834107,10.0,2.0,1.0557140111923218,2432.9991928100585
DiscreteSAC,75,final,2264,5264,-0.5476487755775452,10.0,2.0,0.6635522246360779,3405.4176612854003
DiscreteSAC,75,final,2265,5265,-0.5394368499517441,10.0,2.0,0.15291772782802582,1388.806273651123
DiscreteSAC,75,final,2266,5266,0.09000000000000001,1.0,1.0,0.5245473384857178,382.3114318847656
DiscreteSAC,75,final,2267,5267,-0.6372925370931626,10.0,2.0,0.2446744441986084,8876.171978759765
DiscreteSAC,75,final,2268,5268,0.08863277912139894,2.0,2.0,1.026345133781433,3799.2006225585938
DiscreteSAC,75,final,2269,5269,0.04764466166496278,2.0,2.0,0.1528499275445938,275.43262481689453
DiscreteSAC,75,final,2270,5270,-0.5365932583808899,10.0,3.0,0.630953311920166,39631.55363616943
DiscreteSAC,75,final,2271,5271,-0.7023812413215639,10.0,2.0,0.38192394375801086,2375.964094543457
DiscreteSAC,75,final,2272,5272,0.3566470217704773,3.0,3.0,0.5914023518562317,2345.455368041992
DiscreteSAC,75,final,2273,5273,-0.5286710143089295,10.0,2.0,0.7640500068664551,23894.860038757324
DiscreteSAC,75,final,2274,5274,0.09000000000000001,1.0,1.0,0.036509327590465546,267.8748779296875
DiscreteSAC,75,final,2275,5275,0.1244542169570923,2.0,2.0,0.6685042977333069,488.88319396972656
DiscreteSAC,75,final,2276,5276,-0.20209650516510008,7.0,3.0,0.6069422960281372,235.9917951311384
DiscreteSAC,75,final,2277,5277,-0.5551230609416962,10.0,3.0,0.5053631067276001,3825.7936576843263
DiscreteSAC,75,final,2278,5278,-0.5394268974661827,10.0,4.0,0.2078569233417511,628.157601928711
DiscreteSAC,75,final,2279,5279,-0.6491249680519106,10.0,2.0,0.34729713201522827,44074.78823852539
DiscreteSAC,75,final,2280,5280,-0.6517922759056093,10.0,2.0,0.6098276376724243,303.5568054199219
DiscreteSAC,75,final,2281,5281,0.07971053004264833,2.0,2.0,0.4678869843482971,363.22351837158203
DiscreteSAC,75,final,2282,5282,-0.5210009098052979,10.0,2.0,0.9759254455566406,743794.2898162842
DiscreteSAC,75,final,2283,5283,-0.14856894373893736,6.0,3.0,0.16506822407245636,29317.20281982422
DiscreteSAC,75,final,2284,5284,0.09000000000000001,1.0,1.0,0.23224486410617828,834.3463134765625
DiscreteSAC,75,final,2285,5285,0.09000000000000001,1.0,1.0,0.6142755746841431,1264.2908935546875
DiscreteSAC,75,final,2286,5286,-0.19322273254394529,7.0,2.0,1.0829085111618042,13530.554914202008
DiscreteSAC,75,final,2287,5287,0.11012782335281374,2.0,2.0,0.5645782947540283,1279.7345275878906
DiscreteSAC,75,final,2288,5288,0.3484661149978638,2.0,2.0,0.7963744401931763,13814.433654785156
DiscreteSAC,75,final,2289,5289,-0.5174025475978852,10.0,2.0,0.4412660002708435,11918.549362182617
DiscreteSAC,75,final,2290,5290,-0.19147610902786255,9.0,5.0,0.657788097858429,356.7876959906684
DiscreteSAC,75,final,2291,5291,-0.4532216191291809,10.0,3.0,0.30260393023490906,277.89619140625
DiscreteSAC,75,final,2292,5292,-0.20773136615753177,10.0,3.0,0.798365592956543,483.009774017334
DiscreteSAC,75,final,2293,5293,0.13319571495056154,2.0,2.0,0.8198652863502502,313.6944580078125
DiscreteSAC,75,final,2294,5294,0.04731096506118775,2.0,2.0,0.6981877088546753,3133321.3822631836
DiscreteSAC,75,final,2295,5295,-0.571951049566269,10.0,2.0,0.1941438764333725,8121.178935241699
DiscreteSAC,75,final,2296,5296,-0.4754055023193359,10.0,2.0,0.7082090377807617,3760426.1335021975
DiscreteSAC,75,final,2297,5297,0.067401180267334,4.0,3.0,0.9071975946426392,2290.093704223633
DiscreteSAC,75,final,2298,5298,0.09000000000000001,1.0,1.0,0.8671770691871643,520.2117919921875
DiscreteSAC,75,final,2299,5299,-0.4133799165487289,10.0,2.0,0.24396882951259613,56983.1426574707
DiscreteSAC,75,final,2300,5300,0.14446194648742677,2.0,2.0,0.803357720375061,35590.984283447266
DiscreteSAC,75,final,2301,5301,-0.4473520994186401,10.0,2.0,0.7027241587638855,16334.145062255859
DiscreteSAC,75,final,2302,5302,-0.49772508442401886,10.0,3.0,0.24999968707561493,1041.2962585449218
DiscreteSAC,75,final,2303,5303,-0.604792356491089,10.0,3.0,0.5160713791847229,68672.09035644532
DiscreteSAC,75,final,2304,5304,0.09000000000000001,1.0,1.0,0.32434776425361633,623.2138061523438
DiscreteSAC,75,final,2305,5305,-0.5750623226165772,10.0,2.0,0.4128352105617523,18523.689582824707
DiscreteSAC,75,final,2306,5306,-0.4666842699050903,10.0,2.0,0.5926486253738403,258.1685363769531
DiscreteSAC,75,final,2307,5307,-0.5199181914329529,10.0,2.0,0.6387757658958435,643951.3070831299
DiscreteSAC,75,final,2308,5308,0.09000000000000001,1.0,1.0,0.8626886606216431,246.6801300048828
DiscreteSAC,75,final,2309,5309,-0.6855502903461458,10.0,2.0,0.27387264370918274,5517.286315917969
DiscreteSAC,75,final,2310,5310,-0.5042801976203919,10.0,2.0,0.6840437650680542,470039.45186462405
DiscreteSAC,75,final,2311,5311,-0.3633999109268189,10.0,2.0,1.106698989868164,25946.008166503907
DiscreteSAC,75,final,2312,5312,0.09000000000000001,1.0,1.0,0.7116996049880981,267.73974609375
DiscreteSAC,75,final,2313,5313,0.09000000000000001,1.0,1.0,0.7876015305519104,1352.00830078125
DiscreteSAC,75,final,2314,5314,0.020059185028076187,2.0,2.0,0.37439218163490295,487.39073181152344
DiscreteSAC,75,final,2315,5315,-0.5314839363098145,10.0,2.0,0.6080104112625122,8623.961614990234
DiscreteSAC,75,final,2316,5316,-0.010745474100112909,4.0,2.0,0.30749282240867615,302.2294578552246
DiscreteSAC,75,final,2317,5317,0.0808213520050049,2.0,2.0,0.6310705542564392,60115.93179321289
DiscreteSAC,75,final,2318,5318,-0.47239245772361754,10.0,2.0,0.43778863549232483,307.89320220947263
DiscreteSAC,75,final,2319,5319,-0.5393009185791016,10.0,3.0,0.23174643516540527,323.4998077392578
DiscreteSAC,75,final,2320,5320,0.09000000000000001,1.0,1.0,0.4491231441497803,103.13931274414062
DiscreteSAC,75,final,2321,5321,-0.39809505939483647,10.0,2.0,0.8310986161231995,52570.96747741699
DiscreteSAC,75,final,2322,5322,0.049954848289489755,2.0,2.0,0.496322900056839,2211.4949645996094
DiscreteSAC,75,final,2323,5323,0.05321605443954466,6.0,3.0,0.665813148021698,135893.78302001953
DiscreteSAC,75,final,2324,5324,-0.47756528854370117,10.0,3.0,0.6739364266395569,23856.274238586426
DiscreteSAC,75,final,2325,5325,-0.569052267074585,10.0,2.0,0.7755599617958069,2085.5205474853515
DiscreteSAC,75,final,2326,5326,0.09000000000000001,1.0,1.0,0.8006060719490051,188.97369384765625
DiscreteSAC,75,final,2327,5327,-0.08631337046623229,6.0,2.0,0.49695655703544617,114535.84210586548
DiscreteSAC,75,final,2328,5328,-0.6376130461692812,10.0,2.0,0.24301208555698395,322.87831649780276
DiscreteSAC,75,final,2329,5329,-0.6709652990102769,10.0,3.0,0.41671499609947205,1381.7108337402344
DiscreteSAC,75,final,2330,5330,-0.5404248714447022,10.0,2.0,0.5555035471916199,251.1896743774414
DiscreteSAC,75,final,2331,5331,-0.07324648976325988,3.0,2.0,0.5311039686203003,163858.00302124023
DiscreteSAC,75,final,2332,5332,-0.3939688682556152,10.0,2.0,0.9384273290634155,3571.737254333496
DiscreteSAC,75,final,2333,5333,0.2526990342140198,2.0,2.0,0.6592031717300415,368.22403717041016
DiscreteSAC,75,final,2334,5334,0.04166786551475526,2.0,2.0,0.4495946764945984,2025.0092315673828
DiscreteSAC,75,final,2335,5335,-0.6319988250732423,10.0,2.0,0.36415114998817444,503.89482192993165
DiscreteSAC,75,final,2336,5336,0.2525694537162781,2.0,2.0,0.7081397175788879,375.6485366821289
DiscreteSAC,75,final,2337,5337,-0.5111300826072693,10.0,2.0,0.5944323539733887,22506.54256744385
DiscreteSAC,75,final,2338,5338,-0.6239861428737642,10.0,2.0,0.2331857830286026,787.743913269043
DiscreteSAC,75,final,2339,5339,0.07804258346557619,2.0,2.0,0.615453839302063,3757.885757446289
DiscreteSAC,75,final,2340,5340,-0.6955181837081911,10.0,2.0,0.7012249827384949,707.6529586791992
DiscreteSAC,75,final,2341,5341,0.09000000000000001,1.0,1.0,0.29237985610961914,271.0972595214844
DiscreteSAC,75,final,2342,5342,0.04358734846115113,4.0,2.0,0.7455398440361023,259.92626190185547
DiscreteSAC,75,final,2343,5343,-0.4894640326499939,10.0,2.0,0.8350242376327515,21058.938966369627
DiscreteSAC,75,final,2344,5344,-0.6508843407034876,10.0,2.0,0.1934981793165207,40000.49035339356
DiscreteSAC,75,final,2345,5345,-0.5809646278619767,10.0,2.0,0.27411291003227234,734399.0013046265
DiscreteSAC,75,final,2346,5346,-0.4214852094650268,10.0,2.0,0.6738384962081909,7333.716583251953
DiscreteSAC,75,final,2347,5347,-0.36049832761287687,6.0,2.0,0.3415953516960144,1454.4177347819011
DiscreteSAC,75,final,2348,5348,-0.3723787784576416,10.0,4.0,0.8744843602180481,7894.857275390625
DiscreteSAC,75,final,2349,5349,0.12305231571197511,2.0,2.0,0.8799057602882385,411.5566711425781
DiscreteSAC,75,final,2350,5350,-0.6886994719505312,10.0,2.0,0.35455289483070374,504.5453338623047
DiscreteSAC,75,final,2351,5351,0.09000000000000001,1.0,1.0,0.8384681344032288,419.51312255859375
DiscreteSAC,75,final,2352,5352,-0.24589033126831056,10.0,4.0,0.7935138940811157,918.2244888305664
DiscreteSAC,75,final,2353,5353,0.097456591129303,2.0,2.0,0.6348870992660522,2734.7496948242188
DiscreteSAC,75,final,2354,5354,0.09000000000000001,1.0,1.0,0.3584325909614563,105.93605041503906
DiscreteSAC,75,final,2355,5355,0.09000000000000001,1.0,1.0,0.22346140444278717,171.36138916015625
DiscreteSAC,75,final,2356,5356,0.017476217746734635,2.0,2.0,0.674880862236023,66736.6123046875
DiscreteSAC,75,final,2357,5357,-0.5316485494375229,10.0,2.0,0.1413600742816925,4545701.4816299435
DiscreteSAC,75,final,2358,5358,-0.4526231849193573,9.0,2.0,0.5590218305587769,2024957.787133111
DiscreteSAC,75,final,2359,5359,-0.43196433782577515,10.0,3.0,0.8600233793258667,638.1981140136719
DiscreteSAC,75,final,2360,5360,-0.5223842263221741,10.0,3.0,0.5834507942199707,271.22275390625
DiscreteSAC,75,final,2361,5361,0.056285353302955636,2.0,2.0,0.263394832611084,30829.11434173584
DiscreteSAC,75,final,2362,5362,0.09000000000000001,1.0,1.0,0.7322813868522644,586.6407470703125
DiscreteSAC,75,final,2363,5363,-0.4486266851425171,10.0,2.0,1.018211007118225,36848.41560668945
DiscreteSAC,75,final,2364,5364,-0.4881312131881714,10.0,2.0,1.16267991065979,33465.37442626953
DiscreteSAC,75,final,2365,5365,0.266445951461792,2.0,2.0,0.9088879823684692,474.53480529785156
DiscreteSAC,75,final,2366,5366,0.134324209690094,2.0,2.0,0.5677646398544312,384274.6664581299
DiscreteSAC,75,final,2367,5367,-0.012165534794330593,3.0,2.0,0.11665482819080353,255.72979227701822
DiscreteSAC,75,final,2368,5368,-0.6142282962799073,10.0,2.0,0.30536410212516785,56032.5829284668
DiscreteSAC,75,final,2369,5369,-0.12353228092193604,6.0,3.0,0.42048701643943787,151908.69108835855
DiscreteSAC,75,final,2370,5370,-0.427717912197113,10.0,2.0,0.9512493014335632,1345.763687133789
DiscreteSAC,75,final,2371,5371,-0.617752480506897,10.0,2.0,0.5315000414848328,15228.294752502441
DiscreteSAC,75,final,2372,5372,-0.722256961464882,10.0,2.0,0.4217604100704193,2805.2685272216795
DiscreteSAC,75,final,2373,5373,-0.36795759201049805,10.0,3.0,0.5609539151191711,37663.5647064209
DiscreteSAC,75,final,2374,5374,0.23323030948638918,2.0,2.0,1.0596657991409302,435.6984558105469
DiscreteSAC,75,final,2375,5375,-0.649355384707451,10.0,2.0,0.2953154742717743,364.2991348266602
DiscreteSAC,75,final,2376,5376,0.09000000000000001,1.0,1.0,0.8962136507034302,196.40028381347656
DiscreteSAC,75,final,2377,5377,-0.06996159076690674,2.0,2.0,0.7003543972969055,478.60365295410156
DiscreteSAC,75,final,2378,5378,-0.540477204322815,10.0,2.0,1.0958951711654663,37058.114477539064
DiscreteSAC,75,final,2379,5379,0.3063315320014954,2.0,2.0,0.8053573966026306,406.12432861328125
DiscreteSAC,75,final,2380,5380,-0.4328742027282715,10.0,3.0,0.8194633722305298,2485578.6107788086
DiscreteSAC,75,final,2381,5381,-0.7471454769372943,10.0,2.0,0.4208526611328125,782794.7285491943
DiscreteSAC,75,final,2382,5382,0.036549882888793954,2.0,2.0,1.1718552112579346,454.3034973144531
DiscreteSAC,75,final,2383,5383,-0.47805677652359013,10.0,2.0,0.5520383715629578,27343.14517211914
DiscreteSAC,75,final,2384,5384,-0.7175993353128435,10.0,2.0,0.41224828362464905,3596.793560791016
DiscreteSAC,75,final,2385,5385,0.09000000000000001,1.0,1.0,0.7450609803199768,44164.76953125
DiscreteSAC,75,final,2386,5386,-0.34762966632843023,10.0,3.0,0.9145298004150391,2413.657330322266
DiscreteSAC,75,final,2387,5387,0.2663875412940979,3.0,2.0,0.7604134678840637,725.5423583984375
DiscreteSAC,75,final,2388,5388,0.09927787065505983,2.0,2.0,0.6960248947143555,1309.488296508789
DiscreteSAC,75,final,2389,5389,-0.5351525127887726,10.0,2.0,0.4421240985393524,44427.41508789062
DiscreteSAC,75,final,2390,5390,0.1647340226173401,2.0,2.0,0.42303466796875,430.79052734375
DiscreteSAC,75,final,2391,5391,0.0650312376022339,3.0,3.0,0.796066403388977,28610.92020670573
DiscreteSAC,75,final,2392,5392,-0.5772520408034325,10.0,2.0,0.14852268993854523,3196.8738082885743
DiscreteSAC,75,final,2393,5393,-0.3977415680885315,10.0,4.0,0.9307729005813599,5796.930889892578
DiscreteSAC,75,final,2394,5394,-0.5716090679168702,10.0,2.0,0.8561882376670837,2297.0378646850586
DiscreteSAC,75,final,2395,5395,-0.5357828438282013,10.0,3.0,0.1785261332988739,4050.719920349121
DiscreteSAC,75,final,2396,5396,-0.2800986874103546,8.0,3.0,0.3313004672527313,1619.1804237365723
DiscreteSAC,75,final,2397,5397,-0.6378926217556001,10.0,2.0,0.3412477970123291,939.9244140625
DiscreteSAC,75,final,2398,5398,-0.4226712465286255,10.0,2.0,1.1592401266098022,5569.358325195312
DiscreteSAC,75,final,2399,5399,-0.7629513591527941,10.0,3.0,0.5086848139762878,447.1883316040039
DiscreteSAC,75,final,2400,5400,0.1192122268676758,2.0,2.0,0.361837238073349,672.4773406982422
DiscreteSAC,75,final,2401,5401,-0.06581476688385009,6.0,2.0,1.1826574802398682,3185868.95211792
DiscreteSAC,75,final,2402,5402,-0.49564104080200194,10.0,2.0,1.429233431816101,4751.197734069824
DiscreteSAC,75,final,2403,5403,-0.49693124294281005,10.0,2.0,0.26776471734046936,590847.2444641113
DiscreteSAC,75,final,2404,5404,-0.4486053466796875,10.0,2.0,0.7173395156860352,1697.0775131225587
DiscreteSAC,75,final,2405,5405,-0.5705128908157349,10.0,3.0,0.6177200675010681,1045.849577331543
DiscreteSAC,75,final,2406,5406,0.07040788650512696,3.0,2.0,0.7904340028762817,1324.4097391764324
DiscreteSAC,75,final,2407,5407,0.1685574221611023,2.0,2.0,0.7790870070457458,427.8859405517578
DiscreteSAC,75,final,2408,5408,-0.5707458287477494,10.0,2.0,0.26804202795028687,317.6413818359375
DiscreteSAC,75,final,2409,5409,-0.3467966794967652,10.0,2.0,1.1624963283538818,28592.21742858887
DiscreteSAC,75,final,2410,5410,-0.2315264895558357,5.0,3.0,0.2992883026599884,387.5940460205078
DiscreteSAC,75,final,2411,5411,0.1336027401685715,2.0,2.0,0.1981285661458969,862.0941009521484
DiscreteSAC,75,final,2412,5412,-0.4332787424325943,10.0,2.0,0.23886342346668243,786.9787414550781
DiscreteSAC,75,final,2413,5413,-0.6311303257942201,10.0,2.0,0.4271262288093567,197936.5188140869
DiscreteSAC,75,final,2414,5414,0.07922234296798707,4.0,2.0,0.9483312964439392,5107.0238037109375
DiscreteSAC,75,final,2415,5415,-0.07361677885055541,5.0,2.0,0.7031636834144592,785.99716796875
DiscreteSAC,75,final,2416,5416,0.09000000000000001,1.0,1.0,0.3455979526042938,760.34228515625
DiscreteSAC,75,final,2417,5417,0.07367290735244753,2.0,2.0,0.19798643887043,413.0542907714844
DiscreteSAC,75,final,2418,5418,0.09000000000000001,1.0,1.0,0.47627899050712585,361.4825134277344
DiscreteSAC,75,final,2419,5419,0.04325124055147172,2.0,2.0,0.12197227776050568,314.71449279785156
DiscreteSAC,75,final,2420,5420,0.09000000000000001,1.0,1.0,0.714807391166687,903.1934204101562
DiscreteSAC,75,final,2421,5421,0.09000000000000001,1.0,1.0,0.47055962681770325,173622.921875
DiscreteSAC,75,final,2422,5422,0.09000000000000001,1.0,1.0,1.3314093351364136,456.0945739746094
DiscreteSAC,75,final,2423,5423,0.09000000000000001,1.0,1.0,0.6862772107124329,984.3367919921875
DiscreteSAC,75,final,2424,5424,0.09000000000000001,1.0,1.0,0.7315062880516052,594.0612182617188
DiscreteSAC,75,final,2425,5425,0.09000000000000001,1.0,1.0,0.9448836445808411,615.645751953125
DiscreteSAC,75,final,2426,5426,-0.49095855951309203,10.0,2.0,0.8480660319328308,385.63983459472655
DiscreteSAC,75,final,2427,5427,0.189211802482605,2.0,2.0,0.8238654732704163,277.71368408203125
DiscreteSAC,75,final,2428,5428,-0.9713293612003329,10.0,3.0,0.8479646444320679,878.6195602416992
DiscreteSAC,75,final,2429,5429,-0.45251214504241943,10.0,3.0,0.7875141501426697,248.30022888183595
DiscreteSAC,75,final,2430,5430,-0.5496351599693299,10.0,2.0,0.7686648964881897,5248589.11355896
DiscreteSAC,75,final,2431,5431,-0.5260249257087708,10.0,2.0,0.9155954122543335,1171.403338623047
DiscreteSAC,75,final,2432,5432,-0.008882386684417709,2.0,2.0,0.6975494027137756,697.5114440917969
DiscreteSAC,75,final,2433,5433,0.028345810174942025,2.0,2.0,0.3092579245567322,530.4740295410156
DiscreteSAC,75,final,2434,5434,-0.49648826122283934,10.0,2.0,0.7285472750663757,771010.4218933105
DiscreteSAC,75,final,2435,5435,0.09000000000000001,1.0,1.0,1.07738196849823,73171.9375
DiscreteSAC,75,final,2436,5436,-0.19634423255920408,5.0,2.0,0.6415280699729919,65605.96400146485
DiscreteSAC,75,final,2437,5437,-0.026631914377212504,3.0,3.0,0.38812562823295593,37355.51721191406
DiscreteSAC,75,final,2438,5438,0.1453735399246216,2.0,2.0,0.9302428364753723,2320.608123779297
DiscreteSAC,75,final,2439,5439,0.09000000000000001,1.0,1.0,0.8926053047180176,831.0792846679688
DiscreteSAC,75,final,2440,5440,0.09000000000000001,1.0,1.0,0.9504398703575134,808.8773193359375
DiscreteSAC,75,final,2441,5441,-0.537406075000763,10.0,2.0,0.2619905173778534,11211.558395385742
DiscreteSAC,75,final,2442,5442,0.14898802518844606,2.0,2.0,0.7385216951370239,31148.097229003906
DiscreteSAC,75,final,2443,5443,-0.537792193889618,10.0,2.0,0.5443766713142395,580.9515075683594
DiscreteSAC,75,final,2444,5444,0.019570635557174698,2.0,2.0,0.5289987325668335,345.8123016357422
DiscreteSAC,75,final,2445,5445,-0.07567339420318601,3.0,3.0,0.6317356824874878,5713.490651448567
DiscreteSAC,75,final,2446,5446,0.09000000000000001,1.0,1.0,0.5131300091743469,1230.671630859375
DiscreteSAC,75,final,2447,5447,0.09000000000000001,1.0,1.0,0.4460408389568329,346.1798400878906
DiscreteSAC,75,final,2448,5448,0.08451373100280762,3.0,3.0,0.43991872668266296,335.2878112792969
DiscreteSAC,75,final,2449,5449,-0.7469518661499026,10.0,2.0,0.5907287001609802,38678.511099243166
DiscreteSAC,75,final,2450,5450,-0.49124473333358765,10.0,3.0,0.997202455997467,9522.226483154296
DiscreteSAC,75,final,2451,5451,-0.7158448398113253,10.0,3.0,0.38692808151245117,3328.7778503417967
DiscreteSAC,75,final,2452,5452,0.09000000000000001,1.0,1.0,0.6973045468330383,261.4853515625
DiscreteSAC,75,final,2453,5453,-0.5496030777692795,10.0,2.0,0.2399139702320099,583.7858306884766
DiscreteSAC,75,final,2454,5454,-0.17072455406188963,7.0,3.0,0.31958943605422974,655.6729888916016
DiscreteSAC,75,final,2455,5455,-0.04257253408432006,5.0,2.0,0.7071571946144104,352.26784057617186
DiscreteSAC,75,final,2456,5456,-0.7080432176589968,10.0,3.0,0.5374771952629089,1002.4941909790039
DiscreteSAC,75,final,2457,5457,0.0879362988471985,2.0,2.0,0.20511110126972198,277.0736083984375
DiscreteSAC,75,final,2458,5458,-0.5630281150341034,10.0,2.0,0.3500228524208069,582.4116165161133
DiscreteSAC,75,final,2459,5459,-0.49504743218421937,10.0,4.0,0.4435807168483734,145519.70654907226
DiscreteSAC,75,final,2460,5460,0.032194273471832284,2.0,2.0,0.527617871761322,542.6424102783203
DiscreteSAC,75,final,2461,5461,-0.10853271782398223,5.0,2.0,0.24530695378780365,588.6488464355468
DiscreteSAC,75,final,2462,5462,-0.5800218164920807,10.0,2.0,0.30839553475379944,9307.384153747558
DiscreteSAC,75,final,2463,5463,-0.5656528651714325,10.0,2.0,0.32937929034233093,51393.51492919922
DiscreteSAC,75,final,2464,5464,0.07069589376449587,2.0,2.0,0.15714557468891144,814.7777862548828
DiscreteSAC,75,final,2465,5465,-0.5070650458335877,10.0,2.0,0.8556133508682251,74637.92620239258
DiscreteSAC,75,final,2466,5466,-0.28038721323013305,9.0,4.0,0.3581523895263672,4824.708574083116
DiscreteSAC,75,final,2467,5467,-0.4949397325515747,10.0,2.0,0.7839651703834534,2054631.4700286866
DiscreteSAC,75,final,2468,5468,-0.2981218695640564,10.0,3.0,0.876857578754425,834.1883026123047
DiscreteSAC,75,final,2469,5469,-0.4748068332672119,10.0,2.0,0.885674774646759,67857.46205749511
DiscreteSAC,75,final,2470,5470,0.14831543684005738,3.0,3.0,0.8229821920394897,881.6692504882812
DiscreteSAC,75,final,2471,5471,-0.6501420617103578,10.0,2.0,1.0878775119781494,101222.66708068848
DiscreteSAC,75,final,2472,5472,-0.5455283999443055,10.0,2.0,0.8299049139022827,56625.27013702392
DiscreteSAC,75,final,2473,5473,-0.44735429883003236,10.0,4.0,0.2440178394317627,931.1022247314453
DiscreteSAC,75,final,2474,5474,-0.5210823595523835,10.0,2.0,0.4389190077781677,1842264.0554382324
DiscreteSAC,75,final,2475,5475,-0.5292989909648895,10.0,3.0,0.2451133280992508,30305.806713867187
DiscreteSAC,75,final,2476,5476,0.09395854353904726,2.0,2.0,0.2837221622467041,2242.145263671875
DiscreteSAC,75,final,2477,5477,-0.5226941585540772,10.0,2.0,0.44429829716682434,45846.231970214845
DiscreteSAC,75,final,2478,5478,0.0830086934566498,2.0,2.0,0.3080213963985443,21645.802368164062
DiscreteSAC,75,final,2479,5479,-0.5335306107997895,10.0,2.0,0.4211912155151367,23009.20610961914
DiscreteSAC,75,final,2480,5480,-0.5347322404384613,10.0,2.0,0.20516753196716309,1413.662841796875
DiscreteSAC,75,final,2481,5481,-0.4820706725120545,10.0,2.0,0.7389512658119202,6313.883041381836
DiscreteSAC,75,final,2482,5482,-0.618833899497986,10.0,3.0,0.6315054893493652,1620.5269927978516
DiscreteSAC,75,final,2483,5483,-0.3514813780784607,10.0,3.0,0.7826321721076965,1491774.210546875
DiscreteSAC,75,final,2484,5484,-0.4710566282272339,10.0,2.0,0.6585322022438049,2069.868829345703
DiscreteSAC,75,final,2485,5485,-0.5129097402095795,10.0,3.0,0.26492536067962646,11044.081427001953
DiscreteSAC,75,final,2486,5486,-0.3535340094566345,9.0,2.0,0.4181725084781647,5555.279171413846
DiscreteSAC,75,final,2487,5487,-0.6829430013895037,10.0,3.0,0.42738375067710876,765.4943572998047
DiscreteSAC,75,final,2488,5488,-0.1202349662780762,10.0,3.0,0.5631250739097595,80452.07026977539
DiscreteSAC,75,final,2489,5489,-0.6682449579238893,10.0,3.0,0.8377615809440613,6320.842623901367
DiscreteSAC,75,final,2490,5490,-0.5694977074861527,10.0,2.0,0.11658478528261185,1934.4261138916015
DiscreteSAC,75,final,2491,5491,0.049468504190444955,2.0,2.0,0.24088549613952637,409.0882110595703
DiscreteSAC,75,final,2492,5492,0.5684356760978698,3.0,3.0,0.8682982325553894,452.6201985677083
DiscreteSAC,75,final,2493,5493,-0.5426824569702149,10.0,2.0,0.13816869258880615,23658.139108276366
DiscreteSAC,75,final,2494,5494,-0.4257882833480835,10.0,3.0,0.9169677495956421,1572.3661682128907
DiscreteSAC,75,final,2495,5495,-0.5335053384304047,10.0,2.0,0.07372445613145828,1153.6357864379884
DiscreteSAC,75,final,2496,5496,-0.23548604846000673,10.0,2.0,0.35975709557533264,548.646533203125
DiscreteSAC,75,final,2497,5497,-0.5046279311180115,10.0,2.0,0.8587428331375122,33927.92187042236
DiscreteSAC,75,final,2498,5498,-0.4049296878278255,10.0,2.0,0.037331778556108475,148765.94506225587
DiscreteSAC,75,final,2499,5499,-0.4455630660057068,10.0,2.0,0.7654147148132324,1337.2014923095703
DiscreteSAC,75,final,2500,5500,-0.5712962478399277,10.0,2.0,0.2295188456773758,5180.732269287109
DiscreteSAC,75,final,2501,5501,-0.6228324800729753,10.0,2.0,0.1718415766954422,11353.12289428711
DiscreteSAC,75,final,2502,5502,-0.4805791258811951,10.0,2.0,0.715251088142395,2665.4553298950195
DiscreteSAC,75,final,2503,5503,-0.44842988550662993,10.0,2.0,0.23863713443279266,10727.051345825195
DiscreteSAC,75,final,2504,5504,-0.34680062532424927,10.0,3.0,0.5185306668281555,906.8545684814453
DiscreteSAC,75,final,2505,5505,-0.360478687286377,10.0,2.0,0.9050511121749878,335.4311126708984
DiscreteSAC,75,final,2506,5506,-0.5814764976501465,10.0,2.0,0.8038085103034973,347.50398712158204
DiscreteSAC,75,final,2507,5507,-0.5433781325817109,10.0,2.0,0.46331360936164856,905.6847793579102
DiscreteSAC,75,final,2508,5508,-0.41328275203704834,10.0,3.0,0.591144859790802,445.2010437011719
DiscreteSAC,75,final,2509,5509,-0.6078675270080567,10.0,2.0,0.39064258337020874,25063.055830383302
DiscreteSAC,75,final,2510,5510,-0.34322744607925415,10.0,3.0,0.6884384751319885,415.9973175048828
DiscreteSAC,75,final,2511,5511,0.058658318519592294,2.0,2.0,0.4786941111087799,573.5410003662109
DiscreteSAC,75,final,2512,5512,0.182350652217865,2.0,2.0,0.681182324886322,449.4004364013672
DiscreteSAC,75,final,2513,5513,-0.6185518383979798,10.0,2.0,0.35931822657585144,350.99779357910154
DiscreteSAC,75,final,2514,5514,-0.49896981120109557,10.0,2.0,0.3355160355567932,1438554.0020812987
DiscreteSAC,75,final,2515,5515,-0.6197489008307457,10.0,2.0,0.18114329874515533,1475.8349700927733
DiscreteSAC,75,final,2516,5516,-0.023728266954421998,6.0,3.0,0.412172794342041,581.0071055094401
DiscreteSAC,75,final,2517,5517,-0.37050073146820073,10.0,2.0,0.9252322912216187,1455.4607421875
DiscreteSAC,75,final,2518,5518,-0.5372916340827942,10.0,2.0,0.6541760563850403,17977.618878173827
DiscreteSAC,75,final,2519,5519,-0.5525736391544342,10.0,2.0,0.3185575008392334,19591.45231933594
DiscreteSAC,75,final,2520,5520,-0.5539399087429047,10.0,3.0,0.20826420187950134,9488.836804199218
DiscreteSAC,75,final,2521,5521,-0.5879725694656373,10.0,2.0,0.5792086720466614,606691.3527282715
DiscreteSAC,75,final,2522,5522,-0.3613573908805847,10.0,3.0,0.6788142323493958,9839.494311523438
DiscreteSAC,75,final,2523,5523,-0.8112808644771579,10.0,2.0,0.5574571490287781,11781.336563110352
DiscreteSAC,75,final,2524,5524,-0.6137971758842469,10.0,2.0,0.8375566601753235,9503.53751220703
DiscreteSAC,75,final,2525,5525,0.04159839630126954,2.0,2.0,0.7614865899085999,29380.144775390625
DiscreteSAC,75,final,2526,5526,-0.11862158775329593,10.0,3.0,0.7452234029769897,8650.450897216797
DiscreteSAC,75,final,2527,5527,-0.5568159103393555,10.0,2.0,0.8412075638771057,956279.247732544
DiscreteSAC,75,final,2528,5528,0.09000000000000001,1.0,1.0,0.8538237810134888,1622.109375
DiscreteSAC,75,final,2529,5529,-0.4292444452643394,10.0,2.0,0.13405482470989227,9812.242416381836
DiscreteSAC,75,final,2530,5530,0.24017402708530428,2.0,2.0,0.24405594170093536,1560.3322143554688
DiscreteSAC,75,final,2531,5531,0.11531181812286379,2.0,2.0,0.2632441818714142,58040.50305175781
DiscreteSAC,75,final,2532,5532,0.181725310087204,2.0,2.0,0.4209124743938446,721.7744140625
DiscreteSAC,75,final,2533,5533,0.09000000000000001,1.0,1.0,0.8051918148994446,445.8675537109375
DiscreteSAC,75,final,2534,5534,0.09000000000000001,1.0,1.0,0.6769704222679138,502.07513427734375
DiscreteSAC,75,final,2535,5535,-0.6389312624931337,10.0,2.0,0.18419484794139862,741.5315795898438
DiscreteSAC,75,final,2536,5536,0.24474229097366335,2.0,2.0,0.7227816581726074,614.6431732177734
DiscreteSAC,75,final,2537,5537,-0.47910450696945195,10.0,2.0,0.6016701459884644,10173.494869995116
DiscreteSAC,75,final,2538,5538,0.09000000000000001,1.0,1.0,0.19165284931659698,382.95361328125
DiscreteSAC,75,final,2539,5539,-0.7410282373428347,10.0,2.0,0.47502201795578003,32135.801835632323
DiscreteSAC,75,final,2540,5540,-0.5409696578979493,10.0,2.0,0.835834801197052,3792.9221282958983
DiscreteSAC,75,final,2541,5541,-0.5717676758766175,10.0,2.0,0.2370048314332962,849857.8535125733
DiscreteSAC,75,final,2542,5542,-0.006534142494201645,2.0,2.0,0.6731293797492981,38815.2724609375
DiscreteSAC,75,final,2543,5543,0.09000000000000001,1.0,1.0,0.19251368939876556,587.8992919921875
DiscreteSAC,75,final,2544,5544,-0.7137063622474672,10.0,2.0,0.7240223288536072,21516.1951171875
DiscreteSAC,75,final,2545,5545,0.1391227412223816,2.0,2.0,0.7247803807258606,3923.7972717285156
DiscreteSAC,75,final,2546,5546,-0.4978100538253784,10.0,2.0,0.8289589285850525,22485.383407592773
DiscreteSAC,75,final,2547,5547,0.09000000000000001,1.0,1.0,0.1167641207575798,762.2791748046875
DiscreteSAC,75,final,2548,5548,0.23115177869796755,3.0,2.0,0.9063255190849304,2372.220184326172
DiscreteSAC,75,final,2549,5549,0.09000000000000001,1.0,1.0,0.7077603936195374,538.570068359375
DiscreteSAC,75,final,2550,5550,0.09000000000000001,1.0,1.0,0.4113898277282715,628.3710327148438
DiscreteSAC,75,final,2551,5551,-0.6340475857257845,10.0,2.0,0.45057108998298645,1717.0860260009765
DiscreteSAC,75,final,2552,5552,-0.5588400542736054,10.0,2.0,0.3646160662174225,14450.6595703125
DiscreteSAC,75,final,2553,5553,-0.07615737199783325,3.0,2.0,0.45181846618652344,4548.585530598958
DiscreteSAC,75,final,2554,5554,-0.6105427622795105,10.0,2.0,0.7962054014205933,3691320.5006103516
DiscreteSAC,75,final,2555,5555,-0.5143956422805787,10.0,2.0,0.8825150728225708,432.7387756347656
DiscreteSAC,75,final,2556,5556,0.12452866315841676,2.0,2.0,0.5432680249214172,572.5733642578125
DiscreteSAC,75,final,2557,5557,-0.6649112284183504,10.0,2.0,0.4913167953491211,21973.561015319825
DiscreteSAC,75,final,2558,5558,0.09000000000000001,1.0,1.0,0.848477840423584,613.6620483398438
DiscreteSAC,75,final,2559,5559,-0.3119324326515198,10.0,2.0,0.5573641061782837,3625.8406829833984
DiscreteSAC,75,final,2560,5560,0.09000000000000001,1.0,1.0,0.28369399905204773,788.8029174804688
DiscreteSAC,75,final,2561,5561,-0.20405385494232176,5.0,2.0,0.2440512627363205,428.193310546875
DiscreteSAC,75,final,2562,5562,-0.4221375465393067,10.0,2.0,0.7136525511741638,6756911.695574951
DiscreteSAC,75,final,2563,5563,-0.37157636880874634,10.0,3.0,0.8179823160171509,5829.738305664063
DiscreteSAC,75,final,2564,5564,-0.512246060371399,10.0,2.0,0.9063830375671387,33409.928234863284
DiscreteSAC,75,final,2565,5565,0.09000000000000001,1.0,1.0,0.19251368939876556,1072.0028076171875
DiscreteSAC,75,final,2566,5566,0.09000000000000001,1.0,1.0,0.3307386338710785,61201688.0
DiscreteSAC,75,final,2567,5567,-0.04973017990589142,2.0,2.0,0.31867894530296326,5026.5433349609375
DiscreteSAC,75,final,2568,5568,-0.5546200156211853,10.0,2.0,0.5803512334823608,10012.93091430664
DiscreteSAC,75,final,2569,5569,0.09000000000000001,1.0,1.0,0.3457103371620178,916.0323486328125
DiscreteSAC,75,final,2570,5570,-0.6026018142700196,10.0,2.0,0.2807624042034149,2978.1174499511717
DiscreteSAC,75,final,2571,5571,-0.5931407690048218,10.0,2.0,0.4147443175315857,5435.892922973633
DiscreteSAC,75,final,2572,5572,-0.44720451831817626,10.0,2.0,0.8227398991584778,47228.492022705075
DiscreteSAC,75,final,2573,5573,0.09000000000000001,1.0,1.0,0.5879539847373962,388.57220458984375
DiscreteSAC,75,final,2574,5574,0.09000000000000001,1.0,1.0,1.40548574924469,127569.5
DiscreteSAC,75,final,2575,5575,0.09000000000000001,1.0,1.0,1.0314199924468994,419.2331237792969
DiscreteSAC,75,final,2576,5576,-0.060921443700790404,2.0,2.0,0.6160188913345337,2292.4558715820312
DiscreteSAC,75,final,2577,5577,0.09000000000000001,1.0,1.0,1.2518285512924194,828.853515625
DiscreteSAC,75,final,2578,5578,-0.513120460510254,10.0,2.0,0.6760433316230774,1162.73349609375
DiscreteSAC,75,final,2579,5579,-0.5158569395542145,10.0,2.0,0.49848732352256775,2696414.7666015625
DiscreteSAC,75,final,2580,5580,0.09000000000000001,1.0,1.0,1.1768842935562134,1121.530029296875
DiscreteSAC,75,final,2581,5581,-0.3904568433761597,10.0,2.0,0.922325611114502,5286.1908905029295
DiscreteSAC,75,final,2582,5582,0.31696455359458925,2.0,2.0,0.3979543149471283,542.2085266113281
DiscreteSAC,75,final,2583,5583,-0.02692065477371218,9.0,3.0,0.7906748652458191,904.4822048611111
DiscreteSAC,75,final,2584,5584,0.09000000000000001,1.0,1.0,1.053707242012024,1581.9241943359375
DiscreteSAC,75,final,2585,5585,-0.38621799945831303,10.0,2.0,0.7819841504096985,3425.6135848999024
DiscreteSAC,75,final,2586,5586,-0.6339883834123613,10.0,2.0,0.25983792543411255,356.35387268066404
DiscreteSAC,75,final,2587,5587,-0.6648120164871217,10.0,2.0,0.7285299897193909,587.2161804199219
DiscreteSAC,75,final,2588,5588,0.0827705478668213,4.0,2.0,0.8924669027328491,35037.98808288574
DiscreteSAC,75,final,2589,5589,-0.6518469154834748,10.0,3.0,0.5085498094558716,817115.9531158447
DiscreteSAC,75,final,2590,5590,-0.4382399797439575,10.0,2.0,0.8955310583114624,767.2569732666016
DiscreteSAC,75,final,2591,5591,0.20506839632987978,2.0,2.0,0.29527977108955383,779.96826171875
DiscreteSAC,75,final,2592,5592,0.16294244647026063,3.0,3.0,0.4404236972332001,1062.7626342773438
DiscreteSAC,75,final,2593,5593,0.066582510471344,4.0,3.0,0.33896133303642273,36224.94728088379
DiscreteSAC,75,final,2594,5594,0.09000000000000001,1.0,1.0,0.6711477637290955,1215.7030029296875
DiscreteSAC,75,final,2595,5595,-0.6128447234630585,10.0,2.0,0.3945946991443634,1724.6057983398437
DiscreteSAC,75,final,2596,5596,-0.4393905282020569,10.0,2.0,0.9059770703315735,1354.4870330810547
DiscreteSAC,75,final,2597,5597,-0.03747379601001739,2.0,2.0,0.22216880321502686,328.7107238769531
DiscreteSAC,75,final,2598,5598,0.09000000000000001,1.0,1.0,0.2984169125556946,2307.72802734375
DiscreteSAC,75,final,2599,5599,-0.288287878036499,10.0,3.0,0.7515698075294495,34107.2942199707
DiscreteSAC,75,final,2600,5600,-0.48648087978363036,10.0,2.0,0.8108193278312683,9591.189724731445
DiscreteSAC,75,final,2601,5601,-0.15120903730392454,8.0,3.0,0.9688562750816345,906.5956382751465
DiscreteSAC,75,final,2602,5602,0.09000000000000001,1.0,1.0,0.19265511631965637,316.3705749511719
DiscreteSAC,75,final,2603,5603,-0.6574317812919618,10.0,3.0,0.6001242995262146,36231.12020568848
DiscreteSAC,75,final,2604,5604,-0.4538788080215454,10.0,2.0,1.3990132808685303,668.5154907226563
DiscreteSAC,75,final,2605,5605,-0.17269268453121184,7.0,3.0,0.1837354600429535,368.53629629952565
DiscreteSAC,75,final,2606,5606,0.09000000000000001,1.0,1.0,1.0193928480148315,234.47679138183594
DiscreteSAC,75,final,2607,5607,-0.6736555099487306,10.0,3.0,0.4535219371318817,1244513.8665542603
DiscreteSAC,75,final,2608,5608,0.09000000000000001,1.0,1.0,0.3775402009487152,280.0970458984375
DiscreteSAC,75,final,2609,5609,0.011713044643402115,2.0,2.0,0.7494912147521973,682.4163818359375
DiscreteSAC,75,final,2610,5610,0.09000000000000001,1.0,1.0,0.5058279633522034,1273.9454345703125
DiscreteSAC,75,final,2611,5611,0.13035179853439333,2.0,2.0,0.6468036770820618,2132.412841796875
DiscreteSAC,75,final,2612,5612,0.09000000000000001,1.0,1.0,0.4868035912513733,921.5858764648438
DiscreteSAC,75,final,2613,5613,-0.38749657869338994,10.0,2.0,0.9383141398429871,2687.1869506835938
DiscreteSAC,75,final,2614,5614,-0.39441405534744267,10.0,2.0,0.9672098755836487,8567.41414489746
DiscreteSAC,75,final,2615,5615,0.09000000000000001,1.0,1.0,0.82357257604599,1122.87158203125
DiscreteSAC,75,final,2616,5616,-0.36775504350662236,10.0,2.0,0.5449075102806091,25161.625103759765
DiscreteSAC,75,final,2617,5617,0.09000000000000001,1.0,1.0,0.7074794769287109,500.7907409667969
DiscreteSAC,75,final,2618,5618,0.09000000000000001,1.0,1.0,0.10997404903173447,417.57586669921875
DiscreteSAC,75,final,2619,5619,0.09000000000000001,1.0,1.0,0.27526363730430603,501.5574951171875
DiscreteSAC,75,final,2620,5620,0.09000000000000001,1.0,1.0,0.6347258687019348,369.9555358886719
DiscreteSAC,75,final,2621,5621,0.09000000000000001,1.0,1.0,0.9747143983840942,571.5855102539062
DiscreteSAC,75,final,2622,5622,0.09000000000000001,1.0,1.0,1.0556166172027588,731.7418212890625
DiscreteSAC,75,final,2623,5623,0.09000000000000001,1.0,1.0,0.3426406979560852,222.01255798339844
DiscreteSAC,75,final,2624,5624,-0.49738614559173583,10.0,2.0,0.7697615623474121,1503481.3853179931
DiscreteSAC,75,final,2625,5625,0.09000000000000001,1.0,1.0,0.7539507150650024,239.68081665039062
DiscreteSAC,75,final,2626,5626,0.09000000000000001,1.0,1.0,0.7175537943840027,460.045166015625
DiscreteSAC,75,final,2627,5627,0.09000000000000001,1.0,1.0,1.0157116651535034,402.3804931640625
DiscreteSAC,75,final,2628,5628,0.09000000000000001,1.0,1.0,0.6164573431015015,456.3005065917969
DiscreteSAC,75,final,2629,5629,0.09000000000000001,1.0,1.0,0.837139904499054,956.6212768554688
DiscreteSAC,75,final,2630,5630,-0.009827589988708488,5.0,2.0,0.6855878829956055,6216.710852050781
DiscreteSAC,75,final,2631,5631,-0.62969868183136,10.0,2.0,0.5820394158363342,11366.113259887696
DiscreteSAC,75,final,2632,5632,0.09000000000000001,1.0,1.0,0.3535628914833069,968.6650390625
DiscreteSAC,75,final,2633,5633,-0.1707338750362396,5.0,2.0,0.14725078642368317,588.0577392578125
DiscreteSAC,75,final,2634,5634,0.09000000000000001,1.0,1.0,0.3111850917339325,479.985595703125
DiscreteSAC,75,final,2635,5635,0.09000000000000001,1.0,1.0,0.4031897187232971,238.556884765625
DiscreteSAC,75,final,2636,5636,-0.5274778604507446,10.0,3.0,0.4929562211036682,514.2239273071289
DiscreteSAC,75,final,2637,5637,-0.025682253837585434,2.0,2.0,0.7034392952919006,394.1825408935547
DiscreteSAC,75,final,2638,5638,-0.5619646191596985,10.0,2.0,0.20579715073108673,545.2155715942383
DiscreteSAC,75,final,2639,5639,0.07250924587249757,2.0,2.0,0.9334217309951782,369.5229187011719
DiscreteSAC,75,final,2640,5640,0.07923743307590486,2.0,2.0,0.08295173197984695,356.501220703125
DiscreteSAC,75,final,2641,5641,-0.5073675394058228,10.0,2.0,0.4391458332538605,823.4824371337891
DiscreteSAC,75,final,2642,5642,-0.6234084844589235,10.0,2.0,0.17314086854457855,571.2623138427734
DiscreteSAC,75,final,2643,5643,-0.553782868385315,10.0,2.0,0.6845546960830688,2607.601904296875
DiscreteSAC,75,final,2644,5644,0.024338381290435807,2.0,2.0,0.7146859169006348,509.3968048095703
DiscreteSAC,75,final,2645,5645,0.09000000000000001,1.0,1.0,0.5050875544548035,21553.35546875
DiscreteSAC,75,final,2646,5646,-0.5807634890079499,10.0,3.0,0.45755714178085327,4408.433892822266
DiscreteSAC,75,final,2647,5647,0.09000000000000001,1.0,1.0,0.6700968146324158,555.2271118164062
DiscreteSAC,75,final,2648,5648,-0.3900099992752075,10.0,3.0,0.8763351440429688,36540.50598907471
DiscreteSAC,75,final,2649,5649,-0.3706683397293091,10.0,2.0,1.4620980024337769,7053.73685913086
DiscreteSAC,75,final,2650,5650,-0.521432775259018,10.0,2.0,0.36790385842323303,19718.881271362305
DiscreteSAC,75,final,2651,5651,0.09000000000000001,1.0,1.0,0.26508015394210815,3583.0556640625
DiscreteSAC,75,final,2652,5652,0.09000000000000001,1.0,1.0,0.6806691884994507,366.7421569824219
DiscreteSAC,75,final,2653,5653,-0.6594535112380983,10.0,3.0,0.6742778420448303,1521.4650451660157
DiscreteSAC,75,final,2654,5654,0.26001103401184084,2.0,2.0,0.6849645972251892,451.3159637451172
DiscreteSAC,75,final,2655,5655,-0.24202594280242917,7.0,2.0,0.4844035506248474,49964.10549054827
DiscreteSAC,75,final,2656,5656,0.1420946139097214,2.0,2.0,0.1527450531721115,936.3284606933594
DiscreteSAC,75,final,2657,5657,-0.5258718013763428,10.0,2.0,0.6958112120628357,2717.1520263671873
DiscreteSAC,75,final,2658,5658,-0.6655405640602113,10.0,2.0,0.37165191769599915,2078.9521759033205
DiscreteSAC,75,final,2659,5659,-0.20669392585754393,9.0,3.0,0.510959267616272,70387.88709852431
DiscreteSAC,75,final,2660,5660,-0.6822174042463305,10.0,3.0,0.38389769196510315,2962.1617919921873
DiscreteSAC,75,final,2661,5661,0.027303261607885376,2.0,2.0,0.11341159790754318,725.025146484375
DiscreteSAC,75,final,2662,5662,0.007836778163909916,3.0,2.0,0.7920643091201782,1474.6859944661458
DiscreteSAC,75,final,2663,5663,0.09000000000000001,1.0,1.0,0.16544368863105774,49541.5703125
DiscreteSAC,75,final,2664,5664,0.23482753515243532,2.0,2.0,0.7696763277053833,2666.973876953125
DiscreteSAC,75,final,2665,5665,-0.03880171298980713,2.0,2.0,0.7972133755683899,15983.277801513672
DiscreteSAC,75,final,2666,5666,-0.23234519481658933,7.0,2.0,0.13059349358081818,9950.068542480469
DiscreteSAC,75,final,2667,5667,0.09000000000000001,1.0,1.0,0.42996248602867126,331.4851989746094
DiscreteSAC,75,final,2668,5668,0.07814517050981523,2.0,2.0,0.086122527718544,820.3458862304688
DiscreteSAC,75,final,2669,5669,-0.5534617185592652,10.0,2.0,0.9140074849128723,1545.0130920410156
DiscreteSAC,75,final,2670,5670,0.12915850400924683,3.0,3.0,0.9121915698051453,1134.9302164713542
DiscreteSAC,75,final,2671,5671,0.09222926378250124,2.0,2.0,0.7035640478134155,334.9098434448242
DiscreteSAC,75,final,2672,5672,0.1917634201049805,3.0,2.0,0.9231066703796387,326.7646789550781
DiscreteSAC,75,final,2673,5673,0.029612200260162362,2.0,2.0,0.8667894005775452,387.2279968261719
DiscreteSAC,75,final,2674,5674,0.13343353748321535,2.0,2.0,0.4541643261909485,374.981689453125
DiscreteSAC,75,final,2675,5675,0.0325659728050232,4.0,2.0,0.7694019675254822,516.5324630737305
DiscreteSAC,75,final,2676,5676,0.12147726297378542,2.0,2.0,0.5527722835540771,197.43943786621094
DiscreteSAC,75,final,2677,5677,0.19397016048431398,2.0,2.0,0.6119236946105957,528.7369079589844
DiscreteSAC,75,final,2678,5678,-0.5335229516029358,10.0,2.0,0.6199668645858765,374.71725006103514
DiscreteSAC,75,final,2679,5679,-0.34223418235778813,10.0,2.0,0.55567866563797,572.6508041381836
DiscreteSAC,75,final,2680,5680,-0.7878652989864352,10.0,2.0,0.5337008237838745,871.4862731933594
DiscreteSAC,75,final,2681,5681,0.09000000000000001,1.0,1.0,0.7979903221130371,304.18536376953125
DiscreteSAC,75,final,2682,5682,-0.5703248858451844,10.0,2.0,0.9859035611152649,907.7396469116211
DiscreteSAC,75,final,2683,5683,-0.7080122381448748,10.0,3.0,0.4251345694065094,1140.4749069213867
DiscreteSAC,75,final,2684,5684,-0.4862475097179413,10.0,3.0,0.41987133026123047,7959461.174324036
DiscreteSAC,75,final,2685,5685,0.09000000000000001,1.0,1.0,0.40142515301704407,355.6802978515625
DiscreteSAC,75,final,2686,5686,0.09000000000000001,1.0,1.0,0.5868249535560608,542.4302368164062
DiscreteSAC,75,final,2687,5687,-0.555547970533371,10.0,2.0,0.08968769013881683,1633493.7530517578
DiscreteSAC,75,final,2688,5688,0.14178611516952516,2.0,2.0,0.5503575205802917,46117.55773925781
DiscreteSAC,75,final,2689,5689,0.12120722413063051,2.0,2.0,0.2658889889717102,1247.3945617675781
DiscreteSAC,75,final,2690,5690,0.08099566817283631,3.0,2.0,0.477437824010849,1035.6983032226562
DiscreteSAC,75,final,2691,5691,0.09000000000000001,1.0,1.0,0.13934819400310516,9840.2265625
DiscreteSAC,75,final,2692,5692,-0.11018897414207458,2.0,2.0,0.4994639754295349,1306.5745239257812
DiscreteSAC,75,final,2693,5693,-0.631768035888672,10.0,2.0,0.763698399066925,171794.96220092772
DiscreteSAC,75,final,2694,5694,0.1035828757286072,2.0,2.0,0.9254878759384155,2628.0372314453125
DiscreteSAC,75,final,2695,5695,0.09000000000000001,1.0,1.0,0.9475957155227661,1339.7218017578125
DiscreteSAC,75,final,2696,5696,0.09000000000000001,1.0,1.0,0.9127115607261658,2186.73876953125
DiscreteSAC,75,final,2697,5697,0.09000000000000001,1.0,1.0,1.096811056137085,2818.954833984375
DiscreteSAC,75,final,2698,5698,0.09000000000000001,1.0,1.0,0.4323396682739258,1157.7095947265625
DiscreteSAC,75,final,2699,5699,0.11753823041915895,2.0,2.0,0.8390015363693237,788.9715576171875
DiscreteSAC,75,final,2700,5700,-0.5216950654983521,10.0,2.0,0.8499794602394104,1275544.9034179687
DiscreteSAC,75,final,2701,5701,0.09000000000000001,1.0,1.0,0.5717754364013672,799.2557983398438
DiscreteSAC,75,final,2702,5702,-0.4704781651496887,10.0,2.0,0.7906595468521118,15493.985632324218
DiscreteSAC,75,final,2703,5703,-0.6066371679306031,10.0,2.0,0.651361346244812,8532.132177734375
DiscreteSAC,75,final,2704,5704,0.22164853096008302,2.0,2.0,0.8697816133499146,502.70021057128906
DiscreteSAC,75,final,2705,5705,-0.07662502765655517,4.0,2.0,0.658134400844574,3119.729690551758
DiscreteSAC,75,final,2706,5706,0.09000000000000001,1.0,1.0,0.7810532450675964,3129.739013671875
DiscreteSAC,75,final,2707,5707,-0.4690561771392822,10.0,2.0,0.7072098851203918,951.0079467773437
DiscreteSAC,75,final,2708,5708,0.09000000000000001,1.0,1.0,0.11502642929553986,583.8339233398438
DiscreteSAC,75,final,2709,5709,-0.5236116826534272,10.0,2.0,0.33266741037368774,17998.529510498047
DiscreteSAC,75,final,2710,5710,0.09000000000000001,1.0,1.0,1.0242630243301392,1037.0120849609375
DiscreteSAC,75,final,2711,5711,0.09000000000000001,1.0,1.0,0.604949951171875,904.281494140625
DiscreteSAC,75,final,2712,5712,0.09000000000000001,1.0,1.0,0.2553417980670929,257634.53125
DiscreteSAC,75,final,2713,5713,0.20965327501297,2.0,2.0,0.8266860842704773,232579.7170715332
DiscreteSAC,75,final,2714,5714,0.09000000000000001,1.0,1.0,0.7069010138511658,1365.7132568359375
DiscreteSAC,75,final,2715,5715,-0.4435819864273071,10.0,2.0,0.8366519212722778,2647.0011810302735
DiscreteSAC,75,final,2716,5716,0.09000000000000001,1.0,1.0,0.37547507882118225,1585.7972412109375
DiscreteSAC,75,final,2717,5717,-0.6249337524175645,10.0,2.0,0.26720163226127625,627.9369689941407
DiscreteSAC,75,final,2718,5718,0.09000000000000001,1.0,1.0,0.32449883222579956,492.4189147949219
DiscreteSAC,75,final,2719,5719,0.09000000000000001,1.0,1.0,0.22381986677646637,2884283.5
DiscreteSAC,75,final,2720,5720,-0.470193076133728,10.0,2.0,1.0581674575805664,2922.3872924804687
DiscreteSAC,75,final,2721,5721,0.09000000000000001,1.0,1.0,0.29993772506713867,1433.772216796875
DiscreteSAC,75,final,2722,5722,0.09000000000000001,1.0,1.0,1.0013301372528076,10070.703125
DiscreteSAC,75,final,2723,5723,0.1099743413925171,2.0,2.0,0.5768700242042542,1535.8512573242188
DiscreteSAC,75,final,2724,5724,0.09000000000000001,1.0,1.0,0.24815072119235992,663.5687255859375
DiscreteSAC,75,final,2725,5725,-0.4793557405471802,10.0,2.0,0.48986583948135376,72406.67635498047
DiscreteSAC,75,final,2726,5726,0.09000000000000001,1.0,1.0,1.238566517829895,1073.8887939453125
DiscreteSAC,75,final,2727,5727,-0.6432498872280122,10.0,2.0,0.37396711111068726,1146.27734375
DiscreteSAC,75,final,2728,5728,-0.36650018692016606,10.0,2.0,0.6783919334411621,880.6545043945313
DiscreteSAC,75,final,2729,5729,-0.5773816511034966,10.0,2.0,0.08296322077512741,715.6223114013671
DiscreteSAC,75,final,2730,5730,-0.3430189788341523,10.0,3.0,0.4921322762966156,862.086459350586
DiscreteSAC,75,final,2731,5731,0.15746303081512453,2.0,2.0,0.722835123538971,619.19287109375
DiscreteSAC,75,final,2732,5732,-0.4612800359725952,10.0,2.0,0.5837951302528381,848.2674194335938
DiscreteSAC,75,final,2733,5733,-0.4807564616203308,10.0,3.0,0.8210979700088501,13860.175091552734
DiscreteSAC,75,final,2734,5734,-0.3754484891891479,10.0,2.0,0.5565042495727539,5644.853073120117
DiscreteSAC,75,final,2735,5735,-0.41657497882843014,10.0,2.0,0.2042684108018875,471.94739685058596
DiscreteSAC,75,final,2736,5736,-0.6138995170593262,10.0,2.0,0.19708994030952454,4475.857092285156
DiscreteSAC,75,final,2737,5737,0.2301913070678711,2.0,2.0,0.7424175143241882,1019.0225219726562
DiscreteSAC,75,final,2738,5738,0.12560089111328127,2.0,2.0,0.27905359864234924,340.5182571411133
DiscreteSAC,75,final,2739,5739,-0.4219239234924317,10.0,2.0,0.6638616919517517,493.9037155151367
DiscreteSAC,75,final,2740,5740,-0.42095934152603154,10.0,2.0,0.9400231242179871,679.3266418457031
DiscreteSAC,75,final,2741,5741,-0.08368610143661499,5.0,3.0,0.7699683904647827,304.6108795166016
DiscreteSAC,75,final,2742,5742,-0.8030476152896884,10.0,2.0,0.5814310312271118,587.8223739624024
DiscreteSAC,75,final,2743,5743,-0.5451160699129105,10.0,2.0,0.08990897238254547,2900.6685653686523
DiscreteSAC,75,final,2744,5744,-0.6315253973007203,10.0,3.0,0.6621699929237366,1280797.4061935425
DiscreteSAC,75,final,2745,5745,-0.16546245813369753,10.0,2.0,0.7136531472206116,239874.92165527344
DiscreteSAC,75,final,2746,5746,-0.6593768775463106,10.0,2.0,0.267818421125412,91504.09085083008
DiscreteSAC,75,final,2747,5747,0.14743207573890688,2.0,2.0,0.36776477098464966,15755721.019561768
DiscreteSAC,75,final,2748,5748,-0.4234393239021301,10.0,3.0,0.2820556163787842,1313.3468688964845
DiscreteSAC,75,final,2749,5749,0.14225426495075227,2.0,2.0,0.14710184931755066,3566.7474365234375
DiscreteSAC,75,final,2750,5750,-0.0009093117713928067,2.0,2.0,0.5853825807571411,879.7872619628906
DiscreteSAC,75,final,2751,5751,-0.5327340245246888,10.0,2.0,0.9237908720970154,1137.5862182617188
DiscreteSAC,75,final,2752,5752,-0.44379337430000304,10.0,2.0,0.33433279395103455,822.7816467285156
DiscreteSAC,75,final,2753,5753,-0.6024243831634523,10.0,3.0,0.4709338843822479,9837.152404785156
DiscreteSAC,75,final,2754,5754,-0.5863028161227704,10.0,2.0,0.08985459059476852,148465.63706359864
DiscreteSAC,75,final,2755,5755,-0.49900792837142943,10.0,2.0,0.7876480221748352,11951.914697265625
DiscreteSAC,75,final,2756,5756,-0.5634483873844147,10.0,2.0,0.28757980465888977,988.9252319335938
DiscreteSAC,75,final,2757,5757,-0.6565418720245363,10.0,2.0,1.1954177618026733,10561.605389404296
DiscreteSAC,75,final,2758,5758,-0.479164469242096,10.0,2.0,0.32579585909843445,703.2025695800781
DiscreteSAC,75,final,2759,5759,-0.4060276031494141,10.0,2.0,0.7993131875991821,3544.361312866211
DiscreteSAC,75,final,2760,5760,0.048614280223846444,2.0,2.0,0.3380904793739319,668.2989196777344
DiscreteSAC,75,final,2761,5761,-0.522321459054947,9.0,2.0,0.6700467467308044,26631.014146592883
DiscreteSAC,75,final,2762,5762,-0.0077715873718261635,5.0,2.0,0.5009117722511292,1097.812890625
DiscreteSAC,75,final,2763,5763,0.08304031372070314,2.0,2.0,0.2009953409433365,10744.865112304688
DiscreteSAC,75,final,2764,5764,-0.6494529247283937,10.0,3.0,0.6591543555259705,4098.785726928711
DiscreteSAC,75,final,2765,5765,-0.5449021935462952,10.0,2.0,0.4066939353942871,456.9013610839844
DiscreteSAC,75,final,2766,5766,0.055529198646545416,4.0,2.0,0.5132044553756714,662.2993469238281
DiscreteSAC,75,final,2767,5767,-0.0511850047111511,3.0,3.0,0.4602024555206299,524.935546875
DiscreteSAC,75,final,2768,5768,-0.499285089969635,10.0,2.0,0.40940913558006287,714.3480255126954
DiscreteSAC,75,final,2769,5769,0.09000000000000001,1.0,1.0,1.0405179262161255,392.2752990722656
DiscreteSAC,75,final,2770,5770,0.11325554728507997,2.0,2.0,0.1748756617307663,461.7441711425781
DiscreteSAC,75,final,2771,5771,0.04957844495773316,2.0,2.0,0.6160736083984375,334.3150329589844
DiscreteSAC,75,final,2772,5772,-0.36321668624877934,10.0,2.0,0.6281120181083679,4058294.386413574
DiscreteSAC,75,final,2773,5773,-0.4939276158809662,10.0,2.0,0.2510296702384949,1466.1454956054688
DiscreteSAC,75,final,2774,5774,0.17525138139724733,2.0,2.0,0.880865216255188,1300.7091369628906
DiscreteSAC,75,final,2775,5775,0.035534517765045175,2.0,2.0,0.6555317044258118,143831.46875
DiscreteSAC,75,final,2776,5776,-0.599355372786522,10.0,2.0,0.15265940129756927,12382.782757568359
DiscreteSAC,75,final,2777,5777,-0.02656434297561644,2.0,2.0,0.5810456275939941,48201.65588378906
DiscreteSAC,75,final,2778,5778,-0.000679714679718002,2.0,2.0,0.5282991528511047,23527.581451416016
DiscreteSAC,75,final,2779,5779,-0.5813292741775513,10.0,2.0,0.6222932934761047,10550.304577636718
DiscreteSAC,75,final,2780,5780,-0.6099858164787293,10.0,2.0,0.3762045204639435,16365.758023071288
DiscreteSAC,75,final,2781,5781,-0.5870938777923584,10.0,2.0,0.9038530588150024,725.2178497314453
DiscreteSAC,75,final,2782,5782,0.09000000000000001,1.0,1.0,0.21233418583869934,420.8091125488281
DiscreteSAC,75,final,2783,5783,-0.3669939029216766,8.0,2.0,0.5338672399520874,430.2482223510742
DiscreteSAC,75,final,2784,5784,0.09000000000000001,1.0,1.0,0.44756460189819336,392.4591369628906
DiscreteSAC,75,final,2785,5785,0.09000000000000001,1.0,1.0,0.6006744503974915,473.7583923339844
DiscreteSAC,75,final,2786,5786,-0.5304445058107377,10.0,2.0,0.14126460254192352,583.4947387695313
DiscreteSAC,75,final,2787,5787,-0.6836231380701067,10.0,2.0,0.36416560411453247,1097960.5684005737
DiscreteSAC,75,final,2788,5788,0.08468730926513673,2.0,2.0,0.36174991726875305,1093.2881469726562
DiscreteSAC,75,final,2789,5789,0.09000000000000001,1.0,1.0,0.4158419668674469,1027.7301025390625
DiscreteSAC,75,final,2790,5790,-0.7328743219375612,10.0,2.0,0.5484045743942261,741.4140197753907
DiscreteSAC,75,final,2791,5791,-0.5926378250122071,10.0,2.0,0.8710523247718811,1052042.991696167
DiscreteSAC,75,final,2792,5792,0.09000000000000001,1.0,1.0,1.0955851078033447,1134.824951171875
DiscreteSAC,75,final,2793,5793,-0.47167305946350097,10.0,2.0,1.2520631551742554,5352.704507446289
DiscreteSAC,75,final,2794,5794,0.050311110019683844,4.0,2.0,0.9269248843193054,91575.60931396484
DiscreteSAC,75,final,2795,5795,0.09000000000000001,1.0,1.0,0.8178387880325317,12813.7021484375
DiscreteSAC,75,final,2796,5796,0.09000000000000001,1.0,1.0,0.16929073631763458,30045.345703125
DiscreteSAC,75,final,2797,5797,0.09000000000000001,1.0,1.0,0.5068707466125488,804.8790283203125
DiscreteSAC,75,final,2798,5798,0.09000000000000001,1.0,1.0,0.31179124116897583,487090.78125
DiscreteSAC,75,final,2799,5799,0.09000000000000001,1.0,1.0,0.2798718512058258,842.9264526367188
DiscreteSAC,75,final,2800,5800,0.09000000000000001,1.0,1.0,0.8708567023277283,1217.74072265625
DiscreteSAC,75,final,2801,5801,0.09000000000000001,1.0,1.0,0.505226194858551,6582145.5
DiscreteSAC,75,final,2802,5802,-0.4927194595336914,10.0,2.0,0.6935363411903381,138759.56812133788
DiscreteSAC,75,final,2803,5803,0.08638240575790407,2.0,2.0,0.35985544323921204,156871.27005004883
DiscreteSAC,75,final,2804,5804,0.09000000000000001,1.0,1.0,0.2462061494588852,507.15771484375
DiscreteSAC,75,final,2805,5805,0.09000000000000001,1.0,1.0,0.6159630417823792,714.4324951171875
DiscreteSAC,75,final,2806,5806,-0.5515540719032288,10.0,2.0,0.31978607177734375,7174.7933898925785
DiscreteSAC,75,final,2807,5807,-0.4861845850944519,10.0,2.0,0.8303757309913635,818.4107788085937
DiscreteSAC,75,final,2808,5808,0.09000000000000001,1.0,1.0,0.9106482267379761,861.5839233398438
DiscreteSAC,75,final,2809,5809,-0.46946685314178466,10.0,2.0,0.9762469530105591,2601.30163269043
DiscreteSAC,75,final,2810,5810,0.09000000000000001,1.0,1.0,0.05258819833397865,322.53485107421875
DiscreteSAC,75,final,2811,5811,0.09000000000000001,1.0,1.0,0.3314458429813385,156309.46875
DiscreteSAC,75,final,2812,5812,0.02756394624710084,2.0,2.0,0.7196542620658875,628.1663055419922
DiscreteSAC,75,final,2813,5813,0.09000000000000001,1.0,1.0,0.8851723670959473,350.07330322265625
DiscreteSAC,75,final,2814,5814,0.07941915273666383,2.0,2.0,0.5016300082206726,521.6421661376953
DiscreteSAC,75,final,2815,5815,-0.5729469656944276,10.0,3.0,0.536094069480896,89720.31286926269
DiscreteSAC,75,final,2816,5816,0.09000000000000001,1.0,1.0,0.11895415931940079,565.0963745117188
DiscreteSAC,75,final,2817,5817,0.09000000000000001,1.0,1.0,0.18518273532390594,757.5807495117188
DiscreteSAC,75,final,2818,5818,0.09000000000000001,1.0,1.0,0.3393253684043884,480.39019775390625
DiscreteSAC,75,final,2819,5819,0.09000000000000001,1.0,1.0,0.6369171142578125,780.8292236328125
DiscreteSAC,75,final,2820,5820,0.09000000000000001,1.0,1.0,0.4631178677082062,599.4871826171875
DiscreteSAC,75,final,2821,5821,0.09000000000000001,1.0,1.0,0.536345362663269,758.115234375
DiscreteSAC,75,final,2822,5822,0.09000000000000001,1.0,1.0,0.2968139052391052,442.6291198730469
DiscreteSAC,75,final,2823,5823,0.09000000000000001,1.0,1.0,0.7644143104553223,326.54876708984375
DiscreteSAC,75,final,2824,5824,-0.47263245582580565,10.0,2.0,0.9863748550415039,11075.644427490235
DiscreteSAC,75,final,2825,5825,0.07703682959079744,2.0,2.0,0.1406814306974411,825.8086242675781
DiscreteSAC,75,final,2826,5826,-0.5456700801849366,10.0,2.0,0.7189074754714966,600.3086669921875
DiscreteSAC,75,final,2827,5827,0.11608959913253786,2.0,2.0,0.8683614730834961,18401.210006713867
DiscreteSAC,75,final,2828,5828,0.09000000000000001,1.0,1.0,0.12651415169239044,324.42791748046875
DiscreteSAC,75,final,2829,5829,0.18246276855468752,2.0,2.0,0.7667484283447266,449.0393371582031
DiscreteSAC,75,final,2830,5830,0.09000000000000001,1.0,1.0,1.1174306869506836,494.25054931640625
DiscreteSAC,75,final,2831,5831,-0.618520736694336,10.0,3.0,0.39586737751960754,390.5888671875
DiscreteSAC,75,final,2832,5832,0.09000000000000001,1.0,1.0,0.5081815123558044,211.40306091308594
DiscreteSAC,75,final,2833,5833,0.09000000000000001,1.0,1.0,0.8374042510986328,342.1421813964844
DiscreteSAC,75,final,2834,5834,0.09000000000000001,1.0,1.0,1.119350790977478,527.7778930664062
DiscreteSAC,75,final,2835,5835,-0.17113573908805846,6.0,3.0,0.21649222075939178,347.9760437011719
DiscreteSAC,75,final,2836,5836,0.09000000000000001,1.0,1.0,0.8125808835029602,544.6699829101562
DiscreteSAC,75,final,2837,5837,0.2007805871963501,2.0,2.0,0.605632483959198,345.7685852050781
DiscreteSAC,75,final,2838,5838,0.09000000000000001,1.0,1.0,0.13092562556266785,598.7900390625
DiscreteSAC,75,final,2839,5839,0.09000000000000001,1.0,1.0,1.114132285118103,451.5638122558594
DiscreteSAC,75,final,2840,5840,-0.3526237916946411,7.0,2.0,0.5658556818962097,688.2188742501395
DiscreteSAC,75,final,2841,5841,0.09000000000000001,1.0,1.0,0.9475700259208679,236.84429931640625
DiscreteSAC,75,final,2842,5842,0.18246276855468752,2.0,2.0,0.7667484283447266,453.8269348144531
DiscreteSAC,75,final,2843,5843,-0.6523334860801698,10.0,2.0,0.324783056974411,70798.28765106201
DiscreteSAC,75,final,2844,5844,-0.4553007960319519,10.0,2.0,0.9711983799934387,1508.9446350097655
DiscreteSAC,75,final,2845,5845,0.30686105966567995,2.0,2.0,0.7867122292518616,1142.4176940917969
DiscreteSAC,75,final,2846,5846,-0.7327582418918611,10.0,2.0,0.6051813364028931,1390.9158813476563
DiscreteSAC,75,final,2847,5847,-0.45239537954330444,10.0,3.0,0.6560024619102478,496.4864868164062
DiscreteSAC,75,final,2848,5848,0.13144560337066652,2.0,2.0,0.7798779606819153,342.9085388183594
DiscreteSAC,75,final,2849,5849,-0.31721844673156735,10.0,2.0,0.41048213839530945,490.3751754760742
DiscreteSAC,75,final,2850,5850,0.09000000000000001,1.0,1.0,0.8871644139289856,323.0040588378906
DiscreteSAC,75,final,2851,5851,0.09000000000000001,1.0,1.0,0.8715847730636597,1857.9761962890625
DiscreteSAC,75,final,2852,5852,-0.5179023146629333,10.0,3.0,0.7035948038101196,2197.2370941162108
DiscreteSAC,75,final,2853,5853,-0.27633009195327757,9.0,3.0,0.7996637225151062,60290.33202446831
DiscreteSAC,75,final,2854,5854,0.09000000000000001,1.0,1.0,0.12025908380746841,644.5202026367188
DiscreteSAC,75,final,2855,5855,0.060976685881614694,2.0,2.0,0.19660595059394836,605.2966918945312
DiscreteSAC,75,final,2856,5856,0.09000000000000001,1.0,1.0,0.6817589998245239,463.8419494628906
DiscreteSAC,75,final,2857,5857,-0.6222017288208009,10.0,2.0,0.2146300971508026,11032.256634521484
DiscreteSAC,75,final,2858,5858,0.05694146633148194,2.0,2.0,0.2372635304927826,392.2058563232422
DiscreteSAC,75,final,2859,5859,-0.7774635434150698,10.0,2.0,0.776433527469635,1142.9401306152345
DiscreteSAC,75,final,2860,5860,0.05906768321990968,2.0,2.0,0.27611109614372253,234.4898452758789
DiscreteSAC,75,final,2861,5861,0.09000000000000001,1.0,1.0,0.21851912140846252,245.93003845214844
DiscreteSAC,75,final,2862,5862,0.09000000000000001,1.0,1.0,0.831030011177063,404.46392822265625
DiscreteSAC,75,final,2863,5863,-0.5483415305614472,10.0,2.0,0.4941827654838562,1791.6452392578126
DiscreteSAC,75,final,2864,5864,-0.11663730502128601,6.0,3.0,0.495427668094635,990.9858347574869
DiscreteSAC,75,final,2865,5865,-0.29920529127120976,10.0,2.0,0.6038238406181335,9820593.570513915
DiscreteSAC,75,final,2866,5866,0.11740096092224123,2.0,2.0,1.0388233661651611,1465.013916015625
DiscreteSAC,75,final,2867,5867,-0.12938241481781004,7.0,3.0,0.5851744413375854,58215.954345703125
DiscreteSAC,75,final,2868,5868,-0.5296093851327897,10.0,2.0,0.1672636717557907,1775521.934173584
DiscreteSAC,75,final,2869,5869,-0.06710884571075439,5.0,2.0,0.9452560544013977,144441.55791015626
DiscreteSAC,75,final,2870,5870,-0.5947362661361695,10.0,2.0,0.108587846159935,40377.39579467774
DiscreteSAC,75,final,2871,5871,-0.6118066787719727,10.0,2.0,0.8806707262992859,58517.88294067383
DiscreteSAC,75,final,2872,5872,0.09000000000000001,1.0,1.0,0.8644372224807739,1279.677978515625
DiscreteSAC,75,final,2873,5873,-0.6274361014366151,10.0,3.0,0.5663889646530151,1380.8919006347655
DiscreteSAC,75,final,2874,5874,-0.4821377277374268,10.0,2.0,0.7413588762283325,2637.5080230712892
DiscreteSAC,75,final,2875,5875,0.09000000000000001,1.0,1.0,0.13446198403835297,524.4981689453125
DiscreteSAC,75,final,2876,5876,0.18652446746826173,2.0,2.0,0.9404250383377075,610.2233581542969
DiscreteSAC,75,final,2877,5877,0.09000000000000001,1.0,1.0,0.21956871449947357,537.515380859375
DiscreteSAC,75,final,2878,5878,0.2707838881015778,2.0,2.0,0.46892115473747253,964.7901306152344
DiscreteSAC,75,final,2879,5879,0.09000000000000001,1.0,1.0,0.6154566407203674,36468.08203125
DiscreteSAC,75,final,2880,5880,0.09000000000000001,1.0,1.0,0.16634304821491241,740.1231689453125
DiscreteSAC,75,final,2881,5881,0.09000000000000001,1.0,1.0,0.6100999712944031,313.69696044921875
DiscreteSAC,75,final,2882,5882,0.09000000000000001,1.0,1.0,0.789390504360199,470.3321838378906
DiscreteSAC,75,final,2883,5883,0.09000000000000001,1.0,1.0,1.0957441329956055,2322.980224609375
DiscreteSAC,75,final,2884,5884,0.09000000000000001,1.0,1.0,0.9227717518806458,408.8411560058594
DiscreteSAC,75,final,2885,5885,0.09000000000000001,1.0,1.0,0.48161622881889343,1219.437744140625
DiscreteSAC,75,final,2886,5886,0.09000000000000001,1.0,1.0,0.6000743508338928,613.08935546875
DiscreteSAC,75,final,2887,5887,0.09000000000000001,1.0,1.0,0.07676924765110016,389.4335632324219
DiscreteSAC,75,final,2888,5888,0.09000000000000001,1.0,1.0,0.6778179407119751,440.9096984863281
DiscreteSAC,75,final,2889,5889,-0.42295711040496825,10.0,2.0,0.7700999975204468,580.2588714599609
DiscreteSAC,75,final,2890,5890,0.09000000000000001,1.0,1.0,0.2602554261684418,557.84912109375
DiscreteSAC,75,final,2891,5891,0.06651045560836794,2.0,2.0,0.6042822599411011,55645.538177490234
DiscreteSAC,75,final,2892,5892,0.09000000000000001,1.0,1.0,0.41068053245544434,601.2599487304688
DiscreteSAC,75,final,2893,5893,0.09000000000000001,1.0,1.0,0.701072633266449,757.7556762695312
DiscreteSAC,75,final,2894,5894,0.09000000000000001,1.0,1.0,0.4533558487892151,14858.8681640625
DiscreteSAC,75,final,2895,5895,0.15875603437423708,2.0,2.0,0.9985136389732361,1463.2073364257812
DiscreteSAC,75,final,2896,5896,0.09000000000000001,1.0,1.0,0.22849157452583313,406.87835693359375
DiscreteSAC,75,final,2897,5897,0.037327663898468026,2.0,2.0,0.46334385871887207,857.0188446044922
DiscreteSAC,75,final,2898,5898,0.09000000000000001,1.0,1.0,0.9941402673721313,1019.5787353515625
DiscreteSAC,75,final,2899,5899,0.09000000000000001,1.0,1.0,0.7139899134635925,16461.4296875
DiscreteSAC,75,final,2900,5900,0.09000000000000001,1.0,1.0,0.8870440721511841,434.74359130859375
DiscreteSAC,75,final,2901,5901,-0.4355936527252197,10.0,2.0,0.8502885103225708,740.0739715576171
DiscreteSAC,75,final,2902,5902,0.09000000000000001,1.0,1.0,0.10084041208028793,284.9911193847656
DiscreteSAC,75,final,2903,5903,0.09000000000000001,1.0,1.0,0.17915315926074982,737.6408081054688
DiscreteSAC,75,final,2904,5904,0.09000000000000001,1.0,1.0,1.2206380367279053,365.7587890625
DiscreteSAC,75,final,2905,5905,-0.5183111906051636,10.0,2.0,0.7902843356132507,254394.62591247557
DiscreteSAC,75,final,2906,5906,0.09000000000000001,1.0,1.0,0.5584696531295776,12248.283203125
DiscreteSAC,75,final,2907,5907,0.09000000000000001,1.0,1.0,0.9323300719261169,15673.078125
DiscreteSAC,75,final,2908,5908,-0.48844449520111083,10.0,2.0,0.5710857510566711,966.5433563232422
DiscreteSAC,75,final,2909,5909,0.09000000000000001,1.0,1.0,0.2364153116941452,675.3770751953125
DiscreteSAC,75,final,2910,5910,0.09000000000000001,1.0,1.0,0.9204698204994202,339052.5
DiscreteSAC,75,final,2911,5911,0.09000000000000001,1.0,1.0,0.161500945687294,840.9907836914062
DiscreteSAC,75,final,2912,5912,0.09000000000000001,1.0,1.0,0.23174607753753662,1302.3662109375
DiscreteSAC,75,final,2913,5913,0.09000000000000001,1.0,1.0,0.8202489614486694,919.6000366210938
DiscreteSAC,75,final,2914,5914,0.09000000000000001,1.0,1.0,1.0098284482955933,838.1663818359375
DiscreteSAC,75,final,2915,5915,-0.27530686855316167,10.0,2.0,1.1978061199188232,1605578.954876709
DiscreteSAC,75,final,2916,5916,-0.5629669904708863,10.0,2.0,0.7741840481758118,13932.818997192382
DiscreteSAC,75,final,2917,5917,-0.5930414974689484,10.0,2.0,0.4196145236492157,1626149.6330688477
DiscreteSAC,75,final,2918,5918,0.09000000000000001,1.0,1.0,1.1878767013549805,4764.51318359375
DiscreteSAC,75,final,2919,5919,0.09000000000000001,1.0,1.0,0.9206748604774475,2776.02197265625
DiscreteSAC,75,final,2920,5920,0.09000000000000001,1.0,1.0,0.8204277157783508,246022.1875
DiscreteSAC,75,final,2921,5921,0.09000000000000001,1.0,1.0,0.07336319237947464,82888.0234375
DiscreteSAC,75,final,2922,5922,0.09000000000000001,1.0,1.0,0.6042669415473938,1783.3453369140625
DiscreteSAC,75,final,2923,5923,-0.5466888427734375,10.0,2.0,0.6154994964599609,57326.46009521485
DiscreteSAC,75,final,2924,5924,-0.5875932455062867,10.0,2.0,0.9548462629318237,35615.14160766602
DiscreteSAC,75,final,2925,5925,0.09000000000000001,1.0,1.0,0.9314633011817932,744.5911254882812
DiscreteSAC,75,final,2926,5926,-0.4954326629638672,10.0,2.0,0.7758274078369141,2003.7679321289063
DiscreteSAC,75,final,2927,5927,0.09000000000000001,1.0,1.0,0.6285073161125183,774.2027587890625
DiscreteSAC,75,final,2928,5928,0.28512115955352785,2.0,2.0,0.9600898027420044,797.8772583007812
DiscreteSAC,75,final,2929,5929,0.09000000000000001,1.0,1.0,0.8480502367019653,36209.859375
DiscreteSAC,75,final,2930,5930,0.09000000000000001,1.0,1.0,0.7653388977050781,815.3402099609375
DiscreteSAC,75,final,2931,5931,0.09000000000000001,1.0,1.0,0.35338518023490906,905.570556640625
DiscreteSAC,75,final,2932,5932,0.09000000000000001,1.0,1.0,0.2613692879676819,1009.8167724609375
DiscreteSAC,75,final,2933,5933,0.12010200500488283,2.0,2.0,0.7372936010360718,1210.042724609375
DiscreteSAC,75,final,2934,5934,-0.5408243119716645,10.0,2.0,0.3744255602359772,5207.54224243164
DiscreteSAC,75,final,2935,5935,0.12854297637939455,2.0,2.0,0.672317385673523,6987.948913574219
DiscreteSAC,75,final,2936,5936,0.09000000000000001,1.0,1.0,0.8329277634620667,657.90576171875
DiscreteSAC,75,final,2937,5937,-0.5658427059650422,10.0,2.0,0.32964271306991577,2229.8690826416014
DiscreteSAC,75,final,2938,5938,-0.4867176294326782,10.0,2.0,0.6131983399391174,86760.26743469239
DiscreteSAC,75,final,2939,5939,0.2543298172950745,2.0,2.0,0.6167526841163635,704.7991027832031
DiscreteSAC,75,final,2940,5940,0.09000000000000001,1.0,1.0,0.4315517246723175,1167.0819091796875
DiscreteSAC,75,final,2941,5941,-0.5392044663429261,10.0,2.0,0.6312224268913269,43383.30726928711
DiscreteSAC,75,final,2942,5942,0.09000000000000001,1.0,1.0,0.38250136375427246,2434.521484375
DiscreteSAC,75,final,2943,5943,0.09000000000000001,1.0,1.0,0.6691027283668518,1107.6046142578125
DiscreteSAC,75,final,2944,5944,0.016706975102424637,2.0,2.0,0.26030775904655457,54176.49658203125
DiscreteSAC,75,final,2945,5945,0.09000000000000001,1.0,1.0,0.17890982329845428,617.9397583007812
DiscreteSAC,75,final,2946,5946,0.09000000000000001,1.0,1.0,1.3250653743743896,1679.9444580078125
DiscreteSAC,75,final,2947,5947,0.09000000000000001,1.0,1.0,0.5443605184555054,880.51318359375
DiscreteSAC,75,final,2948,5948,0.09000000000000001,1.0,1.0,0.3965447247028351,1260.9444580078125
DiscreteSAC,75,final,2949,5949,0.09000000000000001,1.0,1.0,0.46203333139419556,933.7164306640625
DiscreteSAC,75,final,2950,5950,0.09000000000000001,1.0,1.0,0.856966495513916,532.321533203125
DiscreteSAC,75,final,2951,5951,0.09000000000000001,1.0,1.0,0.41148635745048523,78666.5859375
DiscreteSAC,75,final,2952,5952,0.09000000000000001,1.0,1.0,0.20062051713466644,603.6795043945312
DiscreteSAC,75,final,2953,5953,0.09000000000000001,1.0,1.0,1.016452431678772,949.03955078125
DiscreteSAC,75,final,2954,5954,-0.5494590878486634,10.0,2.0,0.576641857624054,57962.12224731445
DiscreteSAC,75,final,2955,5955,0.09000000000000001,1.0,1.0,0.8413234353065491,676.0424194335938
DiscreteSAC,75,final,2956,5956,0.01634553253650667,2.0,2.0,0.2656124532222748,227658.08251953125
DiscreteSAC,75,final,2957,5957,-0.6811222910881044,10.0,2.0,0.9542587995529175,2413.0718200683596
DiscreteSAC,75,final,2958,5958,0.09000000000000001,1.0,1.0,0.28870639204978943,628.5267944335938
DiscreteSAC,75,final,2959,5959,0.09000000000000001,1.0,1.0,0.9038244485855103,908.5662231445312
DiscreteSAC,75,final,2960,5960,-0.6578070700168611,10.0,2.0,0.2077977955341339,1556.0093688964844
DiscreteSAC,75,final,2961,5961,-0.23654982328414914,8.0,2.0,0.7083021998405457,6938.840492248535
DiscreteSAC,75,final,2962,5962,0.3470989036560059,2.0,2.0,0.9087446928024292,778.1823120117188
DiscreteSAC,75,final,2963,5963,0.08092673301696779,2.0,2.0,0.23780615627765656,618.8896789550781
DiscreteSAC,75,final,2964,5964,0.21676232099533083,2.0,2.0,0.549083411693573,607.6472778320312
DiscreteSAC,75,final,2965,5965,-0.4103331565856934,10.0,3.0,0.5186653733253479,89047.19453735351
DiscreteSAC,75,final,2966,5966,-0.6945970535278322,10.0,2.0,0.8795542120933533,4091.1110778808593
DiscreteSAC,75,final,2967,5967,0.09000000000000001,1.0,1.0,0.2285214513540268,31674.001953125
DiscreteSAC,75,final,2968,5968,0.09000000000000001,1.0,1.0,0.08055031299591064,732.7034912109375
DiscreteSAC,75,final,2969,5969,0.09000000000000001,1.0,1.0,0.08239622414112091,429.9666442871094
DiscreteSAC,75,final,2970,5970,0.09000000000000001,1.0,1.0,0.5158444046974182,637.5711669921875
DiscreteSAC,75,final,2971,5971,-0.5698652893304825,10.0,2.0,0.26106002926826477,4922.408911132812
DiscreteSAC,75,final,2972,5972,-0.0019613933563232266,2.0,2.0,0.21305854618549347,399.5101623535156
DiscreteSAC,75,final,2973,5973,0.09000000000000001,1.0,1.0,0.34526094794273376,834.4887084960938
DiscreteSAC,75,final,2974,5974,-0.52080597281456,10.0,2.0,0.30859750509262085,571.6044372558594
DiscreteSAC,75,final,2975,5975,-0.5188577771186829,10.0,3.0,0.3318384289741516,1392.1992874145508
DiscreteSAC,75,final,2976,5976,0.10311265468597414,2.0,2.0,0.45326942205429077,611.1439514160156
DiscreteSAC,75,final,2977,5977,-0.025766149461269358,3.0,3.0,0.17560192942619324,393.005615234375
DiscreteSAC,75,final,2978,5978,-0.6233266472816469,10.0,2.0,0.5772338509559631,100657.09666748047
DiscreteSAC,75,final,2979,5979,0.09000000000000001,1.0,1.0,1.053707242012024,1193.0789794921875
DiscreteSAC,75,final,2980,5980,0.10101242542266847,2.0,2.0,0.9131963849067688,1362317.4598693848
DiscreteSAC,75,final,2981,5981,0.13124795436859132,2.0,2.0,1.2784185409545898,1485.8099365234375
DiscreteSAC,75,final,2982,5982,0.02971710443496705,2.0,2.0,0.46699258685112,3778.2896728515625
DiscreteSAC,75,final,2983,5983,0.27081417202949526,4.0,2.0,0.4603740870952606,374535.51989746094
DiscreteSAC,75,final,2984,5984,0.09628571748733522,2.0,2.0,0.8973754644393921,2558.543701171875
DiscreteSAC,75,final,2985,5985,-0.6311719596385957,10.0,2.0,0.3001713454723358,5889.875735473633
DiscreteSAC,75,final,2986,5986,0.11536576032638551,2.0,2.0,0.6643094420433044,1026.9634094238281
DiscreteSAC,75,final,2987,5987,0.09000000000000001,1.0,1.0,1.2857452630996704,1588.111083984375
DiscreteSAC,75,final,2988,5988,0.09000000000000001,1.0,1.0,0.47335052490234375,934.6332397460938
DiscreteSAC,75,final,2989,5989,-0.032648363113403314,4.0,2.0,0.9333803057670593,284257.93002319336
DiscreteSAC,75,final,2990,5990,-0.5402418851852417,10.0,2.0,1.0822478532791138,13921.10424194336
DiscreteSAC,75,final,2991,5991,-2.8295516967757894e-05,2.0,2.0,0.8296816945075989,780.0257720947266
DiscreteSAC,75,final,2992,5992,0.15143327593803407,2.0,2.0,0.4131247401237488,1240.6662902832031
DiscreteSAC,75,final,2993,5993,0.09000000000000001,1.0,1.0,0.7523320317268372,1042.48046875
DiscreteSAC,75,final,2994,5994,-0.4785191893577576,10.0,2.0,0.7435393929481506,2095.6940734863283
DiscreteSAC,75,final,2995,5995,-0.6901496052742006,10.0,3.0,0.7770779728889465,29587.371026611327
DiscreteSAC,75,final,2996,5996,-0.550604271888733,10.0,2.0,1.0145938396453857,46096.79364013672
DiscreteSAC,75,final,2997,5997,0.09000000000000001,1.0,1.0,0.25025609135627747,657.3230590820312
DiscreteSAC,75,final,2998,5998,0.07089533090591432,2.0,2.0,0.7592297792434692,2340.5616455078125
DiscreteSAC,75,final,2999,5999,0.09000000000000001,1.0,1.0,0.07587230950593948,404.2969665527344
DiscreteSAC,75,final,3000,6000,-0.44456447362899776,10.0,4.0,0.7627091407775879,8280.864086914062
