agent,seed,phase,local_episode,cumulative_episode,reward,steps,selected_regions,classification_loss,optimization_loss
DiscreteSAC,15,final,1,3001,-0.4471841275691986,10.0,4.0,0.4349520802497864,-1.3085517287254333
DiscreteSAC,15,final,2,3002,-0.2883521640300751,9.0,5.0,0.22924602031707764,-1.2733356290393405
DiscreteSAC,15,final,3,3003,-0.3162900710105896,9.0,4.0,0.7666829228401184,-1.2661261955897014
DiscreteSAC,15,final,4,3004,0.10237882137298582,10.0,7.0,0.8030214309692383,-1.2764318466186524
DiscreteSAC,15,final,5,3005,-0.3796169996261597,10.0,5.0,0.8524766564369202,-1.2551833152770997
DiscreteSAC,15,final,6,3006,-0.2243438005447388,10.0,5.0,1.0757312774658203,-1.280850064754486
DiscreteSAC,15,final,7,3007,-0.30240715742111207,10.0,4.0,0.6689440608024597,-1.3051313519477845
DiscreteSAC,15,final,8,3008,-0.3287905931472778,10.0,4.0,0.5777344703674316,-1.2483659148216248
DiscreteSAC,15,final,9,3009,-0.23907374143600466,10.0,7.0,0.9755366444587708,-1.2477993488311767
DiscreteSAC,15,final,10,3010,-0.3564782619476319,10.0,7.0,0.4043993055820465,-1.295157790184021
DiscreteSAC,15,final,11,3011,-0.610119462013245,10.0,5.0,0.6970292925834656,-1.2980722784996033
DiscreteSAC,15,final,12,3012,-0.425509911775589,10.0,4.0,0.48725011944770813,-1.248746383190155
DiscreteSAC,15,final,13,3013,-0.12533557891845704,8.0,5.0,0.6247364282608032,-1.3377610892057419
DiscreteSAC,15,final,14,3014,-0.22687603235244755,10.0,4.0,0.643666684627533,-1.279954481124878
DiscreteSAC,15,final,15,3015,-0.4362305045127869,10.0,5.0,0.7324687242507935,-1.2935534954071044
DiscreteSAC,15,final,16,3016,-0.5539949357509614,10.0,4.0,0.5887864232063293,-1.2791885495185853
DiscreteSAC,15,final,17,3017,-0.5308982521295548,10.0,5.0,0.28206703066825867,-1.2772555351257324
DiscreteSAC,15,final,18,3018,-0.45471944808959963,10.0,5.0,0.3221800625324249,-1.2762935280799865
DiscreteSAC,15,final,19,3019,-0.15363070845603943,8.0,5.0,0.5052741765975952,-1.3325612992048264
DiscreteSAC,15,final,20,3020,-0.43654114842414854,9.0,3.0,0.5398457646369934,-1.2810319397184584
DiscreteSAC,15,final,21,3021,-0.4416086494922638,10.0,4.0,0.15011797845363617,-1.2795979857444764
DiscreteSAC,15,final,22,3022,-0.25524544715881353,10.0,3.0,0.4959222674369812,-1.2492471575736999
DiscreteSAC,15,final,23,3023,-0.3703752517700195,10.0,3.0,0.5276497602462769,-1.2728469491004943
DiscreteSAC,15,final,24,3024,-0.08834051132202149,9.0,4.0,0.8716312646865845,-1.2975068622165256
DiscreteSAC,15,final,25,3025,-0.39681501388549806,10.0,4.0,0.8397672772407532,-1.2677372097969055
DiscreteSAC,15,final,26,3026,-0.289983731508255,10.0,4.0,0.4801236689090729,-1.2608217477798462
DiscreteSAC,15,final,27,3027,-0.46853488087654116,10.0,5.0,0.15725074708461761,-1.2602361798286439
DiscreteSAC,15,final,28,3028,0.05350614190101621,10.0,7.0,0.3939807116985321,-1.2755187392234801
DiscreteSAC,15,final,29,3029,-0.01803177833557129,9.0,5.0,0.679860532283783,-1.2501852247450087
DiscreteSAC,15,final,30,3030,-0.5091872334480285,10.0,4.0,0.9627457857131958,-1.2790302276611327
DiscreteSAC,15,final,31,3031,-0.1068998098373413,10.0,6.0,0.9882040023803711,-1.298198401927948
DiscreteSAC,15,final,32,3032,-0.2626700043678284,10.0,5.0,0.9220383763313293,-1.2823596119880676
DiscreteSAC,15,final,33,3033,-0.30050560235977175,10.0,5.0,0.6987982988357544,-1.2891348004341125
DiscreteSAC,15,final,34,3034,-0.20483812928199768,9.0,5.0,0.35931751132011414,-1.2983234458499484
DiscreteSAC,15,final,35,3035,-0.43526495695114137,10.0,4.0,0.21271046996116638,-1.290881061553955
DiscreteSAC,15,final,36,3036,-0.20291709899902344,10.0,5.0,0.8261198401451111,-1.2988909840583802
DiscreteSAC,15,final,37,3037,-0.15331392526626586,9.0,4.0,0.6431812047958374,-1.2597020996941461
DiscreteSAC,15,final,38,3038,-0.16195604801177976,10.0,6.0,1.0318851470947266,-1.255668544769287
DiscreteSAC,15,final,39,3039,-0.26837160587310793,10.0,5.0,0.9453047513961792,-1.2493998169898988
DiscreteSAC,15,final,40,3040,-0.17985121011734007,10.0,3.0,0.300149530172348,-1.261207926273346
DiscreteSAC,15,final,41,3041,-0.3615217089653015,10.0,4.0,0.8694146275520325,-1.3012317895889283
DiscreteSAC,15,final,42,3042,-0.42867230474948886,10.0,6.0,0.32243824005126953,-1.321712279319763
DiscreteSAC,15,final,43,3043,-0.8513167172670366,10.0,4.0,0.5642852783203125,-1.2730003952980042
DiscreteSAC,15,final,44,3044,-0.364908766746521,10.0,4.0,0.6240290999412537,-1.2783586025238036
DiscreteSAC,15,final,45,3045,-0.10741873264312744,8.0,6.0,0.8090317845344543,-1.3102998733520508
DiscreteSAC,15,final,46,3046,-0.5367256820201874,10.0,4.0,0.3975224792957306,-1.2981271505355836
DiscreteSAC,15,final,47,3047,-0.34864987730979924,10.0,7.0,0.1451808363199234,-1.312613344192505
DiscreteSAC,15,final,48,3048,-0.39943966865539554,10.0,6.0,0.45849451422691345,-1.2904285073280335
DiscreteSAC,15,final,49,3049,-0.28912943840026856,9.0,5.0,0.2207789272069931,-1.2876401212480333
DiscreteSAC,15,final,50,3050,-0.21583439350128175,9.0,6.0,0.9756624102592468,-1.2835813893212213
DiscreteSAC,15,final,51,3051,-0.5755653321743012,10.0,5.0,0.5859077572822571,-1.3335440397262572
DiscreteSAC,15,final,52,3052,-0.3618216633796692,10.0,4.0,0.8603959083557129,-1.2933397173881531
DiscreteSAC,15,final,53,3053,-0.28738843202590936,10.0,4.0,0.46715477108955383,-1.3053604722023011
DiscreteSAC,15,final,54,3054,-0.04679782390594485,10.0,6.0,0.6230232119560242,-1.3204306602478026
DiscreteSAC,15,final,55,3055,-0.0007009983062744446,10.0,4.0,0.589023768901825,-1.3254730343818664
DiscreteSAC,15,final,56,3056,-0.45579607486724855,10.0,4.0,1.1105170249938965,-1.258022916316986
DiscreteSAC,15,final,57,3057,-0.17045553505420685,8.0,5.0,0.21669302880764008,-1.240780532360077
DiscreteSAC,15,final,58,3058,-0.28077332973480223,10.0,4.0,0.9185730814933777,-1.3016465067863465
DiscreteSAC,15,final,59,3059,-0.2889307790994644,9.0,4.0,0.2545689344406128,-1.2504683203167386
DiscreteSAC,15,final,60,3060,-0.21780540943145751,10.0,5.0,0.5702964067459106,-1.3107097148895264
DiscreteSAC,15,final,61,3061,-0.3360967755317688,10.0,4.0,0.6600533723831177,-1.2692468404769897
DiscreteSAC,15,final,62,3062,-0.25955810546875,10.0,5.0,0.6763284802436829,-1.2900019884109497
DiscreteSAC,15,final,63,3063,-0.5692855954170227,10.0,5.0,0.73626309633255,-1.2631147861480714
DiscreteSAC,15,final,64,3064,-0.440587830543518,10.0,4.0,0.5346719622612,-1.269964373111725
DiscreteSAC,15,final,65,3065,-0.15600945949554446,10.0,5.0,0.7576819658279419,-1.2870295524597168
DiscreteSAC,15,final,66,3066,-0.35403870344161986,10.0,4.0,0.5360487699508667,-1.2217469692230225
DiscreteSAC,15,final,67,3067,-0.472234320640564,10.0,4.0,0.6421570181846619,-1.2831927418708802
DiscreteSAC,15,final,68,3068,-0.45074738264083863,10.0,4.0,0.4082918167114258,-1.2478080153465272
DiscreteSAC,15,final,69,3069,-0.4544314503669739,10.0,6.0,0.5349863767623901,-1.2934706330299377
DiscreteSAC,15,final,70,3070,-0.45615791082382207,10.0,7.0,0.7469525337219238,-1.2610818982124328
DiscreteSAC,15,final,71,3071,-0.3501372098922729,10.0,6.0,0.2894493639469147,-1.3289313435554504
DiscreteSAC,15,final,72,3072,-0.4693453907966614,10.0,3.0,0.9515460729598999,-1.2503937602043151
DiscreteSAC,15,final,73,3073,-0.3209513068199158,10.0,5.0,0.5549291968345642,-1.3018704771995544
DiscreteSAC,15,final,74,3074,-0.27945834398269653,10.0,5.0,0.7113050222396851,-1.2402841567993164
DiscreteSAC,15,final,75,3075,-0.23769755363464357,10.0,4.0,1.0779483318328857,-1.2310752987861633
DiscreteSAC,15,final,76,3076,-0.2943755567073822,10.0,4.0,0.3877830505371094,-1.2769740343093872
DiscreteSAC,15,final,77,3077,-0.5050659939646721,10.0,5.0,0.1729743927717209,-1.250011944770813
DiscreteSAC,15,final,78,3078,-0.33101328611373904,10.0,5.0,0.7553945779800415,-1.2814910650253295
DiscreteSAC,15,final,79,3079,-0.12890251874923708,10.0,5.0,0.5207942724227905,-1.287533414363861
DiscreteSAC,15,final,80,3080,-0.24749364852905276,10.0,5.0,0.7842164635658264,-1.3383846163749695
DiscreteSAC,15,final,81,3081,-0.3597820639610291,10.0,5.0,0.48900341987609863,-1.262377429008484
DiscreteSAC,15,final,82,3082,-0.4126232206821442,10.0,5.0,0.3493387699127197,-1.2915950059890746
DiscreteSAC,15,final,83,3083,-0.34115508794784544,10.0,6.0,0.7723187804222107,-1.2626383304595947
DiscreteSAC,15,final,84,3084,-0.25759259462356565,10.0,6.0,0.8306369185447693,-1.2854174375534058
DiscreteSAC,15,final,85,3085,-0.5295316666364671,10.0,5.0,0.2885865867137909,-1.2804255962371827
DiscreteSAC,15,final,86,3086,-0.00537704467773438,9.0,4.0,0.7525201439857483,-1.3365123669306438
DiscreteSAC,15,final,87,3087,-0.3673488259315491,10.0,6.0,0.2857232093811035,-1.2581442236900329
DiscreteSAC,15,final,88,3088,-0.3674699068069458,10.0,3.0,0.5665273666381836,-1.2799082756042481
DiscreteSAC,15,final,89,3089,-0.13323487281799312,9.0,6.0,0.23301006853580475,-1.2786509195963542
DiscreteSAC,15,final,90,3090,-0.2436240518093109,9.0,4.0,0.3124656677246094,-1.2968241506152682
DiscreteSAC,15,final,91,3091,-0.36826884746551514,10.0,3.0,0.7494264245033264,-1.2697718143463135
DiscreteSAC,15,final,92,3092,-0.21205635309219356,9.0,6.0,0.34305986762046814,-1.3042062388526068
DiscreteSAC,15,final,93,3093,-0.49500125646591187,10.0,3.0,0.8470125198364258,-1.2729533314704895
DiscreteSAC,15,final,94,3094,-0.20794439315795898,10.0,5.0,0.7269659042358398,-1.287349236011505
DiscreteSAC,15,final,95,3095,-0.1240605115890503,10.0,5.0,0.5669273734092712,-1.2659180521965028
DiscreteSAC,15,final,96,3096,-0.3269279718399048,10.0,4.0,0.9668446779251099,-1.3106520771980286
DiscreteSAC,15,final,97,3097,-0.38765554428100585,10.0,7.0,0.8535066246986389,-1.3075760126113891
DiscreteSAC,15,final,98,3098,-0.12148256182670593,8.0,3.0,0.3054291903972626,-1.2624497562646866
DiscreteSAC,15,final,99,3099,-0.5701578974723818,10.0,4.0,0.43838295340538025,-1.273112916946411
DiscreteSAC,15,final,100,3100,-0.5605778098106385,10.0,3.0,0.41106313467025757,-1.251111912727356
DiscreteSAC,15,final,101,3101,-0.05865418910980223,10.0,5.0,1.0498642921447754,-1.3127036571502686
DiscreteSAC,15,final,102,3102,-0.4183005094528198,10.0,3.0,0.19838783144950867,-1.2653500080108642
DiscreteSAC,15,final,103,3103,-0.2955792778730392,9.0,3.0,0.222264364361763,-1.292149954371982
DiscreteSAC,15,final,104,3104,-0.36587358713150026,10.0,4.0,0.5982552766799927,-1.3040876746177674
DiscreteSAC,15,final,105,3105,-0.16223272383213044,10.0,6.0,0.2125670462846756,-1.2804526448249818
DiscreteSAC,15,final,106,3106,-0.43312502503395084,10.0,6.0,0.3523680567741394,-1.2787805318832397
DiscreteSAC,15,final,107,3107,-0.36473644375801084,10.0,6.0,0.4095793664455414,-1.2607598900794983
DiscreteSAC,15,final,108,3108,-0.4740277647972107,10.0,4.0,0.648221492767334,-1.2822093963623047
DiscreteSAC,15,final,109,3109,-0.5042877733707428,10.0,5.0,0.5429511070251465,-1.25451500415802
DiscreteSAC,15,final,110,3110,-0.3989681959152222,10.0,6.0,0.9429364800453186,-1.291128396987915
DiscreteSAC,15,final,111,3111,0.08534252405166623,9.0,5.0,0.926105797290802,-1.2676778766844008
DiscreteSAC,15,final,112,3112,-0.2491798520088196,10.0,6.0,0.6736066937446594,-1.2989014387130737
DiscreteSAC,15,final,113,3113,-0.18512841463088991,10.0,5.0,0.891111433506012,-1.2313372015953064
DiscreteSAC,15,final,114,3114,-0.06422859430313112,10.0,5.0,0.9340166449546814,-1.239594006538391
DiscreteSAC,15,final,115,3115,-0.18136112689971923,5.0,3.0,0.8220343589782715,-1.302129364013672
DiscreteSAC,15,final,116,3116,-0.5390859693288803,10.0,3.0,0.169992595911026,-1.2682274103164672
DiscreteSAC,15,final,117,3117,-0.5189628183841706,10.0,7.0,0.5475573539733887,-1.3164426684379578
DiscreteSAC,15,final,118,3118,-0.23997461795806888,10.0,3.0,1.0162646770477295,-1.2801542043685914
DiscreteSAC,15,final,119,3119,-0.34324897527694703,10.0,4.0,0.8294175267219543,-1.2704124450683594
DiscreteSAC,15,final,120,3120,-0.18073449134826663,10.0,6.0,0.6689563989639282,-1.2727316856384276
DiscreteSAC,15,final,121,3121,-0.29786243438720705,10.0,5.0,0.5968962907791138,-1.2822646141052245
DiscreteSAC,15,final,122,3122,-0.47011684119701386,9.0,5.0,0.4842129051685333,-1.3116737339231703
DiscreteSAC,15,final,123,3123,-0.25257019996643065,10.0,7.0,0.7204586267471313,-1.2880094647407532
DiscreteSAC,15,final,124,3124,0.18648992300033568,8.0,6.0,0.7840000987052917,-1.2338029891252518
DiscreteSAC,15,final,125,3125,-0.38502206802368166,10.0,5.0,0.5904752016067505,-1.290470814704895
DiscreteSAC,15,final,126,3126,-0.15646057128906254,10.0,7.0,0.47445350885391235,-1.2801215410232545
DiscreteSAC,15,final,127,3127,-0.39898950755596163,10.0,5.0,0.24242205917835236,-1.3067231178283691
DiscreteSAC,15,final,128,3128,-0.5485690593719483,10.0,6.0,0.36660298705101013,-1.3095481991767883
DiscreteSAC,15,final,129,3129,0.13520817518234252,9.0,6.0,0.836047351360321,-1.2937012513478596
DiscreteSAC,15,final,130,3130,-0.204327917098999,10.0,3.0,0.6567879915237427,-1.2394149899482727
DiscreteSAC,15,final,131,3131,-0.4388713002204895,10.0,6.0,0.6038342118263245,-1.3082183837890624
DiscreteSAC,15,final,132,3132,-0.14024633407592774,9.0,5.0,0.5790402293205261,-1.3087161911858454
DiscreteSAC,15,final,133,3133,-0.6411717653274536,10.0,4.0,1.3802720308303833,-1.2503259420394897
DiscreteSAC,15,final,134,3134,-0.29953842163085936,10.0,4.0,1.0356334447860718,-1.2390599727630616
DiscreteSAC,15,final,135,3135,-0.47664937973022464,10.0,6.0,0.6461001038551331,-1.2607964992523193
DiscreteSAC,15,final,136,3136,-0.5995535492897035,10.0,5.0,0.7114840745925903,-1.3176593899726867
DiscreteSAC,15,final,137,3137,-0.040160658359527604,9.0,5.0,0.7720951437950134,-1.298089451260037
DiscreteSAC,15,final,138,3138,-0.23808760643005372,10.0,6.0,0.7666248083114624,-1.286655843257904
DiscreteSAC,15,final,139,3139,-0.12900596141815185,8.0,4.0,0.6277160048484802,-1.2173959016799927
DiscreteSAC,15,final,140,3140,-0.4036117732524872,10.0,5.0,0.2415047436952591,-1.3106802463531495
DiscreteSAC,15,final,141,3141,-0.19581028223037722,10.0,5.0,0.6651859879493713,-1.3009514927864074
DiscreteSAC,15,final,142,3142,-0.43309403359889986,10.0,5.0,0.2351061850786209,-1.2642350912094116
DiscreteSAC,15,final,143,3143,-0.4998259663581848,10.0,4.0,0.41046056151390076,-1.2618607878684998
DiscreteSAC,15,final,144,3144,-0.67037650346756,10.0,5.0,0.7964938879013062,-1.2673021793365478
DiscreteSAC,15,final,145,3145,-0.39204915761947634,10.0,5.0,0.7376669645309448,-1.2596703886985778
DiscreteSAC,15,final,146,3146,-0.08977025985717772,9.0,5.0,0.7668347954750061,-1.2639707326889038
DiscreteSAC,15,final,147,3147,-0.42253150641918186,10.0,6.0,0.3028051257133484,-1.2490742206573486
DiscreteSAC,15,final,148,3148,-0.2598282337188721,10.0,5.0,0.7418436408042908,-1.2485055327415466
DiscreteSAC,15,final,149,3149,-0.2922992825508118,10.0,4.0,0.8411497473716736,-1.2889705538749694
DiscreteSAC,15,final,150,3150,0.016941699981689456,9.0,7.0,0.8039318919181824,-1.2752290964126587
DiscreteSAC,15,final,151,3151,-0.5241251707077026,10.0,4.0,0.6130415797233582,-1.2928359866142274
DiscreteSAC,15,final,152,3152,-0.41313972473144533,10.0,5.0,0.7531099319458008,-1.2771032691001891
DiscreteSAC,15,final,153,3153,-0.019599139690399198,10.0,5.0,0.7804620862007141,-1.2987682104110718
DiscreteSAC,15,final,154,3154,-0.3747735798358917,10.0,4.0,0.5586947798728943,-1.2958315134048461
DiscreteSAC,15,final,155,3155,-0.36698491573333736,10.0,4.0,0.6754870414733887,-1.2835696935653687
DiscreteSAC,15,final,156,3156,-0.2192232483625412,9.0,5.0,0.274132639169693,-1.321562820010715
DiscreteSAC,15,final,157,3157,-0.09863070845603945,10.0,6.0,0.47156181931495667,-1.2757058620452881
DiscreteSAC,15,final,158,3158,-0.35834975242614747,10.0,4.0,0.834843099117279,-1.2717426538467407
DiscreteSAC,15,final,159,3159,-0.22676308393478395,9.0,6.0,0.8580805063247681,-1.2801700168185763
DiscreteSAC,15,final,160,3160,0.09628421068191527,10.0,5.0,0.6296138763427734,-1.3177937984466552
DiscreteSAC,15,final,161,3161,-0.16658375144004822,8.0,5.0,0.5286967158317566,-1.3335757553577423
DiscreteSAC,15,final,162,3162,-0.2569630265235901,10.0,4.0,0.6120430827140808,-1.3276212453842162
DiscreteSAC,15,final,163,3163,-0.34918231368064884,10.0,6.0,0.2663570046424866,-1.2656779289245605
DiscreteSAC,15,final,164,3164,-0.4886722207069397,10.0,5.0,0.5887151956558228,-1.2751092314720154
DiscreteSAC,15,final,165,3165,-0.5655398368835449,10.0,3.0,0.5925092697143555,-1.3349995493888855
DiscreteSAC,15,final,166,3166,-0.23213016986846924,10.0,5.0,0.7713895440101624,-1.2794841527938843
DiscreteSAC,15,final,167,3167,-0.13458251953125,10.0,5.0,0.6155849099159241,-1.3228800177574158
DiscreteSAC,15,final,168,3168,-0.6769819378852846,10.0,4.0,0.9279507398605347,-1.2487110376358033
DiscreteSAC,15,final,169,3169,-0.6185969197750093,9.0,3.0,0.7183581590652466,-1.3179976145426433
DiscreteSAC,15,final,170,3170,-0.39103734493255615,10.0,3.0,0.36153438687324524,-1.2625596523284912
DiscreteSAC,15,final,171,3171,-0.22598737716674805,9.0,5.0,0.7566885948181152,-1.2784168985154893
DiscreteSAC,15,final,172,3172,-0.17491769313812255,7.0,4.0,0.19757767021656036,-1.2696864434650965
DiscreteSAC,15,final,173,3173,-0.2519441366195679,10.0,4.0,0.7869958877563477,-1.2577011227607726
DiscreteSAC,15,final,174,3174,-0.5792553782463075,10.0,6.0,0.6391468048095703,-1.2579556941986083
DiscreteSAC,15,final,175,3175,-0.07290903329849245,10.0,6.0,0.962543785572052,-1.2853612303733826
DiscreteSAC,15,final,176,3176,-0.18055105447769165,9.0,5.0,0.6954203844070435,-1.2825610372755263
DiscreteSAC,15,final,177,3177,-0.15599156498908995,8.0,3.0,0.4117060601711273,-1.2721176445484161
DiscreteSAC,15,final,178,3178,-0.3276879072189331,10.0,4.0,0.8753810524940491,-1.2186543345451355
DiscreteSAC,15,final,179,3179,-0.2889136910438538,10.0,5.0,0.41339629888534546,-1.3125789523124696
DiscreteSAC,15,final,180,3180,-0.40937241315841677,10.0,5.0,0.8077119588851929,-1.2858393430709838
DiscreteSAC,15,final,181,3181,-0.48087317943573,10.0,4.0,0.632353663444519,-1.2822235941886901
DiscreteSAC,15,final,182,3182,-0.23963946104049683,10.0,5.0,0.7968929409980774,-1.3080242991447448
DiscreteSAC,15,final,183,3183,-0.21207386255264282,10.0,5.0,0.6073426008224487,-1.28669353723526
DiscreteSAC,15,final,184,3184,-0.4702600181102753,10.0,5.0,0.3317584991455078,-1.2537397742271423
DiscreteSAC,15,final,185,3185,-0.13661025762557982,10.0,4.0,0.39217573404312134,-1.2693592190742493
DiscreteSAC,15,final,186,3186,-0.20571308135986327,10.0,4.0,0.8703723549842834,-1.2875441193580628
DiscreteSAC,15,final,187,3187,-0.3145174503326416,10.0,4.0,0.8509098887443542,-1.3106973052024842
DiscreteSAC,15,final,188,3188,-0.1889180898666382,10.0,6.0,0.7648752927780151,-1.2792880296707154
DiscreteSAC,15,final,189,3189,-0.2820202946662903,10.0,7.0,0.4420645833015442,-1.3169729113578796
DiscreteSAC,15,final,190,3190,-0.15074160099029543,10.0,5.0,0.9104371070861816,-1.2653347611427308
DiscreteSAC,15,final,191,3191,-0.3653554797172546,10.0,4.0,0.5504392981529236,-1.2711729168891908
DiscreteSAC,15,final,192,3192,0.002471609115600598,8.0,6.0,0.39145952463150024,-1.2399810999631882
DiscreteSAC,15,final,193,3193,-0.38534890413284295,10.0,4.0,0.9203622937202454,-1.2976282835006714
DiscreteSAC,15,final,194,3194,-0.45654327869415284,10.0,4.0,0.6589662432670593,-1.3231565833091736
DiscreteSAC,15,final,195,3195,-0.5586567640304565,10.0,4.0,0.3648222088813782,-1.2459687113761901
DiscreteSAC,15,final,196,3196,-0.2157544478774071,10.0,8.0,0.23640649020671844,-1.257261037826538
DiscreteSAC,15,final,197,3197,-0.4319754481315613,10.0,5.0,0.5760460495948792,-1.2670246243476868
DiscreteSAC,15,final,198,3198,-0.23185360431671143,10.0,5.0,0.5965366959571838,-1.2748914957046509
DiscreteSAC,15,final,199,3199,0.03843641281127928,10.0,5.0,1.2497025728225708,-1.326566958427429
DiscreteSAC,15,final,200,3200,-0.272085440158844,10.0,4.0,0.8407720923423767,-1.2930026054382324
DiscreteSAC,15,final,201,3201,-0.2256092667579651,10.0,5.0,0.35980701446533203,-1.2530224919319153
DiscreteSAC,15,final,202,3202,-0.38081244230270384,10.0,6.0,0.5089508295059204,-1.2708983540534973
DiscreteSAC,15,final,203,3203,-0.4846834659576416,10.0,4.0,0.7850659489631653,-1.2818082213401794
DiscreteSAC,15,final,204,3204,-0.4728949636220932,10.0,4.0,0.16802525520324707,-1.2641783475875854
DiscreteSAC,15,final,205,3205,-0.2768928647041321,10.0,5.0,0.7107327580451965,-1.271974551677704
DiscreteSAC,15,final,206,3206,-0.41012670993804934,10.0,5.0,0.5537125468254089,-1.2754589676856996
DiscreteSAC,15,final,207,3207,-0.43680288791656496,10.0,5.0,0.8230565190315247,-1.2878514051437377
DiscreteSAC,15,final,208,3208,-0.43223825693130496,10.0,6.0,0.3763154447078705,-1.295971977710724
DiscreteSAC,15,final,209,3209,0.11771127581596375,5.0,4.0,0.32782334089279175,-1.3256295919418335
DiscreteSAC,15,final,210,3210,-0.3926153421401978,10.0,5.0,0.6327824592590332,-1.3177870035171508
DiscreteSAC,15,final,211,3211,-0.5791210345923901,10.0,3.0,0.12996162474155426,-1.3134683132171632
DiscreteSAC,15,final,212,3212,-0.3046751523017883,9.0,4.0,0.8055943846702576,-1.271052188343472
DiscreteSAC,15,final,213,3213,-0.4473773002624512,10.0,3.0,0.866226851940155,-1.2957587242126465
DiscreteSAC,15,final,214,3214,-0.36963871717453006,10.0,6.0,0.47717800736427307,-1.291764235496521
DiscreteSAC,15,final,215,3215,-0.14276272058486938,10.0,5.0,0.9676221013069153,-1.272246789932251
DiscreteSAC,15,final,216,3216,-0.3097492980957031,8.0,4.0,1.1361461877822876,-1.2936554551124573
DiscreteSAC,15,final,217,3217,-0.3790578305721283,10.0,3.0,0.4856436252593994,-1.2807179689407349
DiscreteSAC,15,final,218,3218,-0.3560549378395081,10.0,6.0,0.6194059252738953,-1.2461331605911254
DiscreteSAC,15,final,219,3219,-0.012928002476692221,9.0,3.0,0.16268910467624664,-1.2567857636345758
DiscreteSAC,15,final,220,3220,-0.2202538251876831,10.0,5.0,0.6804831624031067,-1.2590073823928833
DiscreteSAC,15,final,221,3221,-0.4750988006591797,10.0,4.0,0.7763960957527161,-1.261512041091919
DiscreteSAC,15,final,222,3222,-0.439532408118248,10.0,5.0,0.2830548882484436,-1.249355721473694
DiscreteSAC,15,final,223,3223,-0.34181087762117385,10.0,4.0,0.13005492091178894,-1.2862235307693481
DiscreteSAC,15,final,224,3224,-0.24953568577766416,10.0,3.0,0.3628576099872589,-1.2632710576057433
DiscreteSAC,15,final,225,3225,-0.4127805233001709,10.0,3.0,1.1366435289382935,-1.2983983635902405
DiscreteSAC,15,final,226,3226,-0.2006679654121399,10.0,7.0,0.782712459564209,-1.2872379302978516
DiscreteSAC,15,final,227,3227,-0.06499964237213134,9.0,5.0,0.7663494944572449,-1.2985073195563421
DiscreteSAC,15,final,228,3228,-0.1460316824913025,8.0,5.0,0.5730180144309998,-1.2848059982061386
DiscreteSAC,15,final,229,3229,-0.3433097839355469,10.0,5.0,0.8951254487037659,-1.2465697884559632
DiscreteSAC,15,final,230,3230,-0.4669294536113739,10.0,4.0,0.5730016827583313,-1.289012610912323
DiscreteSAC,15,final,231,3231,0.07035214900970457,10.0,4.0,0.4332540035247803,-1.2427846431732177
DiscreteSAC,15,final,232,3232,-0.34068758487701417,10.0,4.0,0.7184990048408508,-1.2772665619850159
DiscreteSAC,15,final,233,3233,-0.17082797288894652,10.0,4.0,0.6890082359313965,-1.2681585788726806
DiscreteSAC,15,final,234,3234,-0.4334474325180054,10.0,4.0,0.9869776964187622,-1.2859938025474549
DiscreteSAC,15,final,235,3235,-0.5371713280677796,10.0,5.0,0.813740611076355,-1.3074605464935303
DiscreteSAC,15,final,236,3236,-0.4957140922546387,10.0,5.0,0.6280792355537415,-1.2713656902313233
DiscreteSAC,15,final,237,3237,-0.5012677431106567,10.0,4.0,0.12272413820028305,-1.3020155072212218
DiscreteSAC,15,final,238,3238,0.0041215157508849715,9.0,7.0,0.8223493695259094,-1.2981645001305475
DiscreteSAC,15,final,239,3239,-0.43244282603263856,10.0,4.0,0.33669424057006836,-1.3013271808624267
DiscreteSAC,15,final,240,3240,-0.04997219324111936,8.0,6.0,0.49694162607192993,-1.299083337187767
DiscreteSAC,15,final,241,3241,0.037390487194061274,7.0,3.0,0.8038673996925354,-1.2428416184016637
DiscreteSAC,15,final,242,3242,0.044908714294433556,10.0,7.0,0.6089972257614136,-1.2450429797172546
DiscreteSAC,15,final,243,3243,-0.27365387678146363,10.0,4.0,0.7287502884864807,-1.2743128538131714
DiscreteSAC,15,final,244,3244,-0.4125764966011048,10.0,5.0,0.617277204990387,-1.311549139022827
DiscreteSAC,15,final,245,3245,-0.25250932574272156,10.0,5.0,0.2950514853000641,-1.2440874814987182
DiscreteSAC,15,final,246,3246,-0.13232852697372438,8.0,6.0,0.8638678193092346,-1.292615994811058
DiscreteSAC,15,final,247,3247,-0.37509956359863283,10.0,5.0,0.4604663848876953,-1.2738144397735596
DiscreteSAC,15,final,248,3248,-0.31907674074172976,10.0,5.0,0.6348239183425903,-1.2637484192848205
DiscreteSAC,15,final,249,3249,-0.3746315836906433,10.0,5.0,0.3058759272098541,-1.2877770781517028
DiscreteSAC,15,final,250,3250,-0.33154685497283937,10.0,4.0,0.5291364789009094,-1.2577872037887574
DiscreteSAC,15,final,251,3251,-0.5722172111272813,10.0,3.0,0.2665309011936188,-1.2946513652801515
DiscreteSAC,15,final,252,3252,-0.3601075828075409,10.0,4.0,0.2942690849304199,-1.2414254546165466
DiscreteSAC,15,final,253,3253,0.06360483169555667,10.0,5.0,1.2909362316131592,-1.2824419856071472
DiscreteSAC,15,final,254,3254,-0.31715290784835815,9.0,4.0,0.7078929543495178,-1.261078569624159
DiscreteSAC,15,final,255,3255,-0.03608436584472656,10.0,6.0,0.6799859404563904,-1.30536550283432
DiscreteSAC,15,final,256,3256,-0.4266090512275696,10.0,4.0,0.34012770652770996,-1.3048091053962707
DiscreteSAC,15,final,257,3257,-0.3872667670249939,10.0,4.0,0.8630448579788208,-1.2386643171310425
DiscreteSAC,15,final,258,3258,-0.4229982316493988,10.0,4.0,0.38475316762924194,-1.2928187012672425
DiscreteSAC,15,final,259,3259,-0.22470658421516415,10.0,7.0,0.32107189297676086,-1.2832552075386048
DiscreteSAC,15,final,260,3260,-0.30667547285556795,10.0,5.0,0.23813147842884064,-1.3005528807640077
DiscreteSAC,15,final,261,3261,-0.35602984428405765,10.0,6.0,0.40207237005233765,-1.2621840596199037
DiscreteSAC,15,final,262,3262,-0.3255805492401123,10.0,4.0,1.0403462648391724,-1.2834415555000305
DiscreteSAC,15,final,263,3263,-0.2168901801109314,10.0,5.0,0.8891562819480896,-1.2677448868751526
DiscreteSAC,15,final,264,3264,-0.12656122446060175,10.0,5.0,0.6096882820129395,-1.2621685147285462
DiscreteSAC,15,final,265,3265,-0.4471060633659363,10.0,3.0,0.7873789668083191,-1.2858258843421937
DiscreteSAC,15,final,266,3266,-0.2102256739139557,9.0,5.0,0.4295947253704071,-1.2745043569140964
DiscreteSAC,15,final,267,3267,-0.2866299390792847,10.0,5.0,1.158915638923645,-1.3002367854118346
DiscreteSAC,15,final,268,3268,-0.35086424350738527,10.0,4.0,0.774920642375946,-1.232895517349243
DiscreteSAC,15,final,269,3269,-0.15037779808044435,10.0,7.0,0.8083933591842651,-1.241999876499176
DiscreteSAC,15,final,270,3270,-0.4398969531059265,10.0,4.0,0.5591629147529602,-1.29646897315979
DiscreteSAC,15,final,271,3271,-0.3507001131772995,10.0,4.0,0.2917037904262543,-1.2631922841072083
DiscreteSAC,15,final,272,3272,-0.5328987032175064,10.0,5.0,0.25342607498168945,-1.2327367782592773
DiscreteSAC,15,final,273,3273,-0.4998574048280716,10.0,5.0,0.31135815382003784,-1.315137779712677
DiscreteSAC,15,final,274,3274,-0.21450282573699947,9.0,6.0,0.6857962012290955,-1.3102753029929266
DiscreteSAC,15,final,275,3275,-0.48763796091079714,10.0,5.0,0.35933682322502136,-1.3138519406318665
DiscreteSAC,15,final,276,3276,-0.27853735685348513,10.0,5.0,0.808820903301239,-1.3028401136398315
DiscreteSAC,15,final,277,3277,-0.42179532051086427,10.0,4.0,0.23583665490150452,-1.2800803303718566
DiscreteSAC,15,final,278,3278,-0.4376697593927384,9.0,4.0,0.44138243794441223,-1.2766520314746432
DiscreteSAC,15,final,279,3279,-0.46632921397686006,10.0,4.0,0.1303759068250656,-1.2951555728912354
DiscreteSAC,15,final,280,3280,-0.12315170526504514,6.0,3.0,0.6391968131065369,-1.2980721592903137
DiscreteSAC,15,final,281,3281,-0.42035176753997805,10.0,5.0,0.7859129905700684,-1.2645555138587952
DiscreteSAC,15,final,282,3282,-0.7649248212575914,10.0,4.0,0.508309006690979,-1.3131997227668761
DiscreteSAC,15,final,283,3283,-0.7166433155536651,10.0,4.0,0.5129416584968567,-1.2677769303321837
DiscreteSAC,15,final,284,3284,-0.14844441413879395,10.0,5.0,1.2769397497177124,-1.2716784954071045
DiscreteSAC,15,final,285,3285,-0.33470754623413085,10.0,4.0,1.0323020219802856,-1.28990181684494
DiscreteSAC,15,final,286,3286,-0.3314142942428589,10.0,4.0,0.47962504625320435,-1.2871342897415161
DiscreteSAC,15,final,287,3287,-0.377219295501709,10.0,6.0,0.2965433895587921,-1.3077744841575623
DiscreteSAC,15,final,288,3288,-0.28379423618316646,10.0,4.0,0.712119996547699,-1.2846763253211975
DiscreteSAC,15,final,289,3289,-0.0004698657989502114,9.0,5.0,0.7409020066261292,-1.273752768834432
DiscreteSAC,15,final,290,3290,-0.3817542850971222,10.0,6.0,0.43761417269706726,-1.2570065975189209
DiscreteSAC,15,final,291,3291,-0.3514888763427734,10.0,4.0,1.0955883264541626,-1.2848787665367127
DiscreteSAC,15,final,292,3292,-0.2757554852962494,9.0,4.0,0.42374664545059204,-1.2706550624635484
DiscreteSAC,15,final,293,3293,-0.39842318892478945,10.0,5.0,0.4684655964374542,-1.292300271987915
DiscreteSAC,15,final,294,3294,-0.4722038018703461,8.0,3.0,0.6065571904182434,-1.2684608846902847
DiscreteSAC,15,final,295,3295,-0.21663595974445343,9.0,5.0,0.23543527722358704,-1.2907159593370225
DiscreteSAC,15,final,296,3296,-0.30607928276062013,9.0,6.0,0.8485705256462097,-1.2469255261951022
DiscreteSAC,15,final,297,3297,-0.1727867364883423,10.0,5.0,0.8579157590866089,-1.2846277952194214
DiscreteSAC,15,final,298,3298,-0.37582123279571533,10.0,5.0,0.6378320455551147,-1.2709667563438416
DiscreteSAC,15,final,299,3299,-0.3289691463112831,10.0,4.0,0.13692054152488708,-1.2945383667945862
DiscreteSAC,15,final,300,3300,-0.21474963426589966,10.0,5.0,0.7338243722915649,-1.2959937810897828
DiscreteSAC,15,final,301,3301,-0.13035481572151186,10.0,7.0,0.344169944524765,-1.2495848536491394
DiscreteSAC,15,final,302,3302,-0.6115649789571762,10.0,3.0,0.1766493320465088,-1.2962326407432556
DiscreteSAC,15,final,303,3303,-0.5284906506538393,10.0,4.0,0.9896821975708008,-1.297734761238098
DiscreteSAC,15,final,304,3304,-0.1765572500228882,7.0,5.0,0.6898544430732727,-1.3517232281821114
DiscreteSAC,15,final,305,3305,-0.02343144416809083,10.0,7.0,0.7971482872962952,-1.2660906791687012
DiscreteSAC,15,final,306,3306,-0.25760008335113527,9.0,6.0,0.7154253125190735,-1.2413543330298529
DiscreteSAC,15,final,307,3307,-0.14618903398513794,10.0,5.0,0.9420893788337708,-1.3002417802810669
DiscreteSAC,15,final,308,3308,-0.1482918977737427,10.0,4.0,0.6981061100959778,-1.282133686542511
DiscreteSAC,15,final,309,3309,-0.37462308406829836,10.0,5.0,0.5293900370597839,-1.261574625968933
DiscreteSAC,15,final,310,3310,-0.35474874973297116,10.0,5.0,0.8896204829216003,-1.2997732639312745
DiscreteSAC,15,final,311,3311,0.021368460655212404,7.0,3.0,1.18362295627594,-1.2449708155223302
DiscreteSAC,15,final,312,3312,-0.023844218254089347,10.0,6.0,0.7035130262374878,-1.2504724264144897
DiscreteSAC,15,final,313,3313,-0.46233142614364625,10.0,4.0,0.7008076906204224,-1.2500235795974732
DiscreteSAC,15,final,314,3314,-0.2694895029067993,10.0,6.0,0.6261520385742188,-1.308199667930603
DiscreteSAC,15,final,315,3315,-0.3095686316490174,10.0,7.0,0.43398165702819824,-1.2693598389625549
DiscreteSAC,15,final,316,3316,-0.4284501433372498,10.0,6.0,0.4843875467777252,-1.243271493911743
DiscreteSAC,15,final,317,3317,-0.1291794204711914,9.0,5.0,0.7429922223091125,-1.2889405356513128
DiscreteSAC,15,final,318,3318,-0.30195513963699344,10.0,6.0,0.688919186592102,-1.2718555092811585
DiscreteSAC,15,final,319,3319,-0.4191750228404999,10.0,5.0,0.36365440487861633,-1.299662172794342
DiscreteSAC,15,final,320,3320,0.00957993626594543,9.0,4.0,0.46157708764076233,-1.2714451683892145
DiscreteSAC,15,final,321,3321,-0.23673307895660395,10.0,5.0,1.199284553527832,-1.2707298159599305
DiscreteSAC,15,final,322,3322,-0.3816661834716797,10.0,3.0,0.7274240255355835,-1.3081683397293091
DiscreteSAC,15,final,323,3323,-0.21650439739227295,9.0,5.0,0.7293189764022827,-1.2802001900143094
DiscreteSAC,15,final,324,3324,-0.3191182994842529,9.0,3.0,0.629443347454071,-1.3093872202767267
DiscreteSAC,15,final,325,3325,-0.32902005910873416,10.0,6.0,0.852565586566925,-1.2756115794181824
DiscreteSAC,15,final,326,3326,-0.46372522115707393,10.0,4.0,0.8157597780227661,-1.2488235473632812
DiscreteSAC,15,final,327,3327,-0.1570996642112732,10.0,5.0,0.7588793039321899,-1.253595769405365
DiscreteSAC,15,final,328,3328,-0.4133338958024979,10.0,7.0,0.2869182527065277,-1.267617928981781
DiscreteSAC,15,final,329,3329,-0.3583388447761536,10.0,4.0,0.7387639284133911,-1.268148136138916
DiscreteSAC,15,final,330,3330,-0.3399864673614502,10.0,5.0,0.603679358959198,-1.2698554515838623
DiscreteSAC,15,final,331,3331,-0.35835448503494266,10.0,6.0,0.6990277171134949,-1.257428812980652
DiscreteSAC,15,final,332,3332,-0.23377661108970643,10.0,6.0,0.17973165214061737,-1.2803537130355835
DiscreteSAC,15,final,333,3333,-0.29163552522659303,10.0,4.0,0.5924903750419617,-1.2969956398010254
DiscreteSAC,15,final,334,3334,-0.5928641706705094,10.0,3.0,0.2683990001678467,-1.2894136309623718
DiscreteSAC,15,final,335,3335,-0.2295982599258423,10.0,6.0,0.6311883330345154,-1.24430969953537
DiscreteSAC,15,final,336,3336,0.007300257682800279,10.0,5.0,0.6272706389427185,-1.2795169234275818
DiscreteSAC,15,final,337,3337,-0.2799497246742249,10.0,3.0,0.6920714378356934,-1.2552802205085754
DiscreteSAC,15,final,338,3338,-0.25182244777679447,10.0,6.0,0.6213394999504089,-1.2979190707206727
DiscreteSAC,15,final,339,3339,-0.6196072518825532,10.0,4.0,0.5004754066467285,-1.284327793121338
DiscreteSAC,15,final,340,3340,-0.11492038965225222,10.0,6.0,0.8513474464416504,-1.2646708846092225
DiscreteSAC,15,final,341,3341,-0.36355962157249455,10.0,7.0,0.4789954721927643,-1.2799391984939574
DiscreteSAC,15,final,342,3342,-0.2451584100723267,10.0,6.0,0.5229039788246155,-1.2717781066894531
DiscreteSAC,15,final,343,3343,0.0726733708381653,6.0,5.0,0.9872406125068665,-1.2422612110773723
DiscreteSAC,15,final,344,3344,-0.11535778045654296,10.0,5.0,0.7434507608413696,-1.2484944105148315
DiscreteSAC,15,final,345,3345,-0.257816481590271,10.0,4.0,0.5283711552619934,-1.3060389280319213
DiscreteSAC,15,final,346,3346,-0.18340998291969302,10.0,5.0,0.4025861918926239,-1.260663390159607
DiscreteSAC,15,final,347,3347,-0.2129630470275879,9.0,5.0,0.45014041662216187,-1.2454368670781453
DiscreteSAC,15,final,348,3348,0.09845675468444827,6.0,3.0,1.0425151586532593,-1.275413711865743
DiscreteSAC,15,final,349,3349,-0.14796836614608766,9.0,6.0,0.6463606953620911,-1.2813056177563138
DiscreteSAC,15,final,350,3350,0.04479691982269287,10.0,7.0,1.1039378643035889,-1.2956228852272034
DiscreteSAC,15,final,351,3351,-0.2902324676513672,10.0,4.0,0.7959341406822205,-1.2326006650924684
DiscreteSAC,15,final,352,3352,-0.6282850742340089,10.0,5.0,0.5125840306282043,-1.291631782054901
DiscreteSAC,15,final,353,3353,-0.2729440945386887,8.0,6.0,0.3904758393764496,-1.2641431093215942
DiscreteSAC,15,final,354,3354,-0.2253878617286682,9.0,4.0,0.8272691965103149,-1.2842680878109403
DiscreteSAC,15,final,355,3355,-0.24947032928466797,10.0,6.0,0.7276574373245239,-1.2898902535438537
DiscreteSAC,15,final,356,3356,-0.0022733688354492146,10.0,7.0,1.1676137447357178,-1.2826802015304566
DiscreteSAC,15,final,357,3357,-0.10704456806182862,9.0,4.0,1.059039831161499,-1.2610078520245023
DiscreteSAC,15,final,358,3358,-0.16147891283035282,10.0,6.0,0.5813809633255005,-1.233484423160553
DiscreteSAC,15,final,359,3359,-0.3711551666259766,10.0,5.0,0.58873051404953,-1.3007524609565735
DiscreteSAC,15,final,360,3360,-0.14569435119628907,10.0,6.0,0.6539542078971863,-1.2725169658660889
DiscreteSAC,15,final,361,3361,-0.3118348717689514,10.0,5.0,0.5270898342132568,-1.2602508187294006
DiscreteSAC,15,final,362,3362,-0.3522440016269684,10.0,4.0,0.29457637667655945,-1.2762506365776063
DiscreteSAC,15,final,363,3363,-0.26721146106719973,10.0,5.0,0.3752942681312561,-1.2639215588569641
DiscreteSAC,15,final,364,3364,-0.5795038163661956,10.0,4.0,0.25337347388267517,-1.294664204120636
DiscreteSAC,15,final,365,3365,-0.27069709986448287,9.0,4.0,0.1428292691707611,-1.234757489628262
DiscreteSAC,15,final,366,3366,-0.6995985656976702,10.0,3.0,0.3943999409675598,-1.270931565761566
DiscreteSAC,15,final,367,3367,-0.35592491626739503,10.0,4.0,1.007129430770874,-1.2953426718711853
DiscreteSAC,15,final,368,3368,-0.30338087081909176,10.0,5.0,0.7916201949119568,-1.281768226623535
DiscreteSAC,15,final,369,3369,-0.5142271280288697,10.0,6.0,0.5327698588371277,-1.322894072532654
DiscreteSAC,15,final,370,3370,-0.5587428271770478,10.0,6.0,0.6877249479293823,-1.256658673286438
DiscreteSAC,15,final,371,3371,-0.22695844650268554,8.0,4.0,0.6525736451148987,-1.263987421989441
DiscreteSAC,15,final,372,3372,-0.2132551074028015,10.0,5.0,0.6315863728523254,-1.2322070121765136
DiscreteSAC,15,final,373,3373,-0.39012596607208255,10.0,6.0,0.1742182970046997,-1.208076286315918
DiscreteSAC,15,final,374,3374,-0.08903950691223143,9.0,5.0,0.8337005376815796,-1.2810671461953058
DiscreteSAC,15,final,375,3375,-0.4750764936208725,10.0,4.0,0.13197410106658936,-1.3021775722503661
DiscreteSAC,15,final,376,3376,-0.30367752313613894,10.0,5.0,0.8045815825462341,-1.2678231596946716
DiscreteSAC,15,final,377,3377,-0.2751015210151672,9.0,3.0,0.7641081213951111,-1.2323994636535645
DiscreteSAC,15,final,378,3378,-0.2863181471824646,10.0,5.0,0.7300504446029663,-1.2558671593666078
DiscreteSAC,15,final,379,3379,-0.29157277345657345,10.0,5.0,0.6997639536857605,-1.2633061408996582
DiscreteSAC,15,final,380,3380,-0.15641168355941776,10.0,6.0,0.9669249653816223,-1.265584123134613
DiscreteSAC,15,final,381,3381,-0.648166799545288,10.0,5.0,0.9114564061164856,-1.2813173055648803
DiscreteSAC,15,final,382,3382,0.18469770193099977,6.0,3.0,0.7942178845405579,-1.2323377132415771
DiscreteSAC,15,final,383,3383,-0.4253575325012207,10.0,4.0,0.4279676079750061,-1.3235629439353942
DiscreteSAC,15,final,384,3384,-0.6505198001861574,10.0,4.0,0.6951783299446106,-1.2658733129501343
DiscreteSAC,15,final,385,3385,-0.2842807054519653,10.0,4.0,0.943742573261261,-1.2967317700386047
DiscreteSAC,15,final,386,3386,-0.19605854153633118,10.0,5.0,0.22957873344421387,-1.2860697031021118
DiscreteSAC,15,final,387,3387,-0.4044514179229737,10.0,7.0,0.41946715116500854,-1.209324598312378
DiscreteSAC,15,final,388,3388,-0.18528634548187256,9.0,5.0,1.0328254699707031,-1.245568209224277
DiscreteSAC,15,final,389,3389,-0.6603682249784472,10.0,3.0,0.47725605964660645,-1.2376842141151427
DiscreteSAC,15,final,390,3390,-0.18519994020462036,10.0,5.0,0.8499454855918884,-1.2913808941841125
DiscreteSAC,15,final,391,3391,-0.24423142671585082,10.0,5.0,0.5175724029541016,-1.277795708179474
DiscreteSAC,15,final,392,3392,-0.29651187658309935,10.0,4.0,0.8412202596664429,-1.2749471783638
DiscreteSAC,15,final,393,3393,-0.37316349148750305,10.0,3.0,0.47377994656562805,-1.226041316986084
DiscreteSAC,15,final,394,3394,-0.4117327868938446,10.0,5.0,0.3412807583808899,-1.2636733055114746
DiscreteSAC,15,final,395,3395,-0.37993925213813784,10.0,5.0,0.4021609127521515,-1.2849715232849122
DiscreteSAC,15,final,396,3396,-0.270896053314209,10.0,6.0,0.8988800644874573,-1.2543658375740052
DiscreteSAC,15,final,397,3397,-0.3120858192443848,10.0,4.0,0.7767073512077332,-1.2677202939987182
DiscreteSAC,15,final,398,3398,-0.27881875038146975,10.0,5.0,0.5815505385398865,-1.279292142391205
DiscreteSAC,15,final,399,3399,-0.4030819654464722,10.0,4.0,0.6583350300788879,-1.2673940896987914
DiscreteSAC,15,final,400,3400,-0.4698933228850365,10.0,5.0,0.16874216496944427,-1.280953550338745
DiscreteSAC,15,final,401,3401,0.0216601288318634,9.0,4.0,0.46973589062690735,-1.2767695983250935
DiscreteSAC,15,final,402,3402,-0.09576826095581055,10.0,4.0,0.7648118734359741,-1.2783607482910155
DiscreteSAC,15,final,403,3403,-0.20704404115676883,10.0,6.0,0.8867128491401672,-1.247538936138153
DiscreteSAC,15,final,404,3404,-0.0961451578140259,8.0,5.0,1.0557687282562256,-1.293166160583496
DiscreteSAC,15,final,405,3405,-0.45901582241058353,10.0,6.0,0.9496614336967468,-1.3213654994964599
DiscreteSAC,15,final,406,3406,-0.20715539455413817,10.0,7.0,0.5418996214866638,-1.3137367248535157
DiscreteSAC,15,final,407,3407,-0.4932099968194962,10.0,5.0,0.24254396557807922,-1.2870364308357238
DiscreteSAC,15,final,408,3408,-0.4316218614578247,10.0,4.0,0.67823725938797,-1.27448912858963
DiscreteSAC,15,final,409,3409,-0.11051876604557039,6.0,4.0,0.21521008014678955,-1.251571039358775
DiscreteSAC,15,final,410,3410,-0.10014902353286743,10.0,4.0,0.7699273824691772,-1.2719694256782532
DiscreteSAC,15,final,411,3411,-0.4532163143157959,10.0,3.0,0.6618766188621521,-1.3392342448234558
DiscreteSAC,15,final,412,3412,-0.6252340793609619,10.0,4.0,0.5359925627708435,-1.2789345264434815
DiscreteSAC,15,final,413,3413,-0.24181672334671017,10.0,5.0,0.8131926655769348,-1.2734562635421753
DiscreteSAC,15,final,414,3414,-0.1662290477752686,9.0,8.0,0.4356703758239746,-1.1978619231118097
DiscreteSAC,15,final,415,3415,-0.3352352285385132,9.0,4.0,0.3529636263847351,-1.2694896592034235
DiscreteSAC,15,final,416,3416,-0.5623929023742675,10.0,4.0,0.3732976019382477,-1.2582240462303163
DiscreteSAC,15,final,417,3417,-0.29293916225433353,10.0,6.0,0.7632503509521484,-1.2258530735969544
DiscreteSAC,15,final,418,3418,-0.08530588150024415,10.0,4.0,0.2733913064002991,-1.26806081533432
DiscreteSAC,15,final,419,3419,-0.22040851354599,9.0,6.0,0.3335576057434082,-1.2644689877827961
DiscreteSAC,15,final,420,3420,-0.35588276326656343,9.0,6.0,0.4328792691230774,-1.3105130460527208
DiscreteSAC,15,final,421,3421,-0.6345306158065797,10.0,4.0,0.8581994771957397,-1.2505432605743407
DiscreteSAC,15,final,422,3422,-0.2139078402519226,9.0,5.0,0.8091210126876831,-1.282573527759976
DiscreteSAC,15,final,423,3423,0.059814641475677485,9.0,4.0,0.6740028262138367,-1.2336339553197224
DiscreteSAC,15,final,424,3424,-0.5862033367156984,10.0,3.0,0.6068581342697144,-1.2995714783668517
DiscreteSAC,15,final,425,3425,-0.32885155677795413,10.0,6.0,0.3040689527988434,-1.2738221287727356
DiscreteSAC,15,final,426,3426,-0.10414738655090335,10.0,6.0,0.60079425573349,-1.2683356642723083
DiscreteSAC,15,final,427,3427,-0.22876425623893737,9.0,4.0,0.2614622116088867,-1.2925884856118097
DiscreteSAC,15,final,428,3428,-0.3581641221046447,9.0,4.0,0.8384851813316345,-1.239236103163825
DiscreteSAC,15,final,429,3429,-0.3844665288925171,10.0,3.0,0.8370564579963684,-1.2659243106842042
DiscreteSAC,15,final,430,3430,-0.6410370588302613,10.0,4.0,0.5513497591018677,-1.3131790995597838
DiscreteSAC,15,final,431,3431,-0.35364909172058107,10.0,4.0,1.0106971263885498,-1.2572003602981567
DiscreteSAC,15,final,432,3432,-0.47733476161956784,10.0,5.0,0.979537844657898,-1.3374165654182435
DiscreteSAC,15,final,433,3433,-0.1839049816131592,10.0,6.0,0.848183274269104,-1.2589099049568175
DiscreteSAC,15,final,434,3434,-0.5364391326904298,10.0,4.0,0.5591701865196228,-1.2877107501029967
DiscreteSAC,15,final,435,3435,-0.37628737688064573,10.0,6.0,0.9458063244819641,-1.254794144630432
DiscreteSAC,15,final,436,3436,-0.6084412932395935,10.0,3.0,0.9380403161048889,-1.2864426016807555
DiscreteSAC,15,final,437,3437,-0.1864701151847839,10.0,7.0,0.6710306406021118,-1.2780887722969054
DiscreteSAC,15,final,438,3438,-0.43091191053390504,10.0,4.0,0.6185365319252014,-1.2755250096321107
DiscreteSAC,15,final,439,3439,-0.5392307460308076,10.0,4.0,0.5879599452018738,-1.2969860076904296
DiscreteSAC,15,final,440,3440,-0.29336642026901244,10.0,4.0,0.7652793526649475,-1.312548279762268
DiscreteSAC,15,final,441,3441,0.08473121881484985,9.0,5.0,0.8768482804298401,-1.3008561266793146
DiscreteSAC,15,final,442,3442,-0.14718864440917967,8.0,3.0,0.5648025274276733,-1.238224372267723
DiscreteSAC,15,final,443,3443,-0.22924408912658692,10.0,6.0,0.9136276245117188,-1.2975238800048827
DiscreteSAC,15,final,444,3444,-0.5473656594753267,10.0,5.0,0.4672236740589142,-1.2799633741378784
DiscreteSAC,15,final,445,3445,0.06418931484222413,10.0,5.0,1.0217885971069336,-1.2859134554862977
DiscreteSAC,15,final,446,3446,-0.5164268314838409,10.0,3.0,0.39853033423423767,-1.2886139392852782
DiscreteSAC,15,final,447,3447,-0.44713397026062013,10.0,4.0,0.9687132239341736,-1.2967429637908936
DiscreteSAC,15,final,448,3448,-0.35184178948402406,10.0,4.0,0.3306685984134674,-1.294809305667877
DiscreteSAC,15,final,449,3449,-0.2770358085632324,10.0,6.0,0.7076994180679321,-1.2240529894828795
DiscreteSAC,15,final,450,3450,-0.4024371147155762,10.0,5.0,0.5177203416824341,-1.2462964415550233
DiscreteSAC,15,final,451,3451,-0.42618163824081423,10.0,5.0,0.1751122921705246,-1.2941426515579224
DiscreteSAC,15,final,452,3452,-0.33965292572975164,10.0,3.0,0.46568813920021057,-1.2660530805587769
DiscreteSAC,15,final,453,3453,-0.2586680889129639,10.0,5.0,0.8014271855354309,-1.2723389863967896
DiscreteSAC,15,final,454,3454,-0.19504177570343012,10.0,5.0,0.5898314714431763,-1.2797706842422485
DiscreteSAC,15,final,455,3455,-0.4754600837826729,10.0,5.0,0.14144062995910645,-1.2535978198051452
DiscreteSAC,15,final,456,3456,-0.4356773614883423,10.0,6.0,1.1216320991516113,-1.2685611486434936
DiscreteSAC,15,final,457,3457,-0.23776629567146296,10.0,5.0,0.45121297240257263,-1.2541089296340941
DiscreteSAC,15,final,458,3458,0.13892384529113772,9.0,3.0,0.946975827217102,-1.2649027241600885
DiscreteSAC,15,final,459,3459,-0.411145293712616,10.0,5.0,0.5503314137458801,-1.2499719858169556
DiscreteSAC,15,final,460,3460,-0.09229379177093504,8.0,4.0,0.8971815705299377,-1.2163439393043518
DiscreteSAC,15,final,461,3461,-0.3391477882862091,10.0,6.0,0.61648029088974,-1.2720381140708923
DiscreteSAC,15,final,462,3462,-0.13130097389221196,10.0,4.0,1.0680540800094604,-1.2304373741149903
DiscreteSAC,15,final,463,3463,-0.6905474603176118,10.0,5.0,0.613409698009491,-1.2174872517585755
DiscreteSAC,15,final,464,3464,-0.0383130657672882,8.0,5.0,0.33586809039115906,-1.2648862898349762
DiscreteSAC,15,final,465,3465,-0.47067554384469995,9.0,3.0,0.28862693905830383,-1.2330268091625638
DiscreteSAC,15,final,466,3466,-0.2296362990140915,9.0,5.0,0.17885451018810272,-1.2878436512417264
DiscreteSAC,15,final,467,3467,0.11503897666931152,9.0,6.0,0.8771198987960815,-1.308002193768819
DiscreteSAC,15,final,468,3468,-0.21859774589538578,10.0,6.0,0.7703334093093872,-1.2855190753936767
DiscreteSAC,15,final,469,3469,-0.35397273302078247,10.0,5.0,0.6511875987052917,-1.295149302482605
DiscreteSAC,15,final,470,3470,-0.6378394484519959,10.0,4.0,0.91948401927948,-1.2646291375160217
DiscreteSAC,15,final,471,3471,-0.3805954509973526,9.0,4.0,0.314906507730484,-1.2801323864195082
DiscreteSAC,15,final,472,3472,-0.5518586277961731,10.0,5.0,0.670465350151062,-1.2697771191596985
DiscreteSAC,15,final,473,3473,-0.37309778928756715,10.0,4.0,0.5281988978385925,-1.2599060893058778
DiscreteSAC,15,final,474,3474,-0.2934438133239746,9.0,6.0,0.48271772265434265,-1.2623641358481512
DiscreteSAC,15,final,475,3475,-0.4716375946998596,10.0,4.0,1.07268226146698,-1.2937975168228149
DiscreteSAC,15,final,476,3476,0.1702936887741089,10.0,3.0,0.5321006774902344,-1.3168792009353638
DiscreteSAC,15,final,477,3477,0.07421487808227539,6.0,4.0,0.6595331430435181,-1.2495548725128174
DiscreteSAC,15,final,478,3478,-0.47893686294555665,10.0,4.0,0.45966577529907227,-1.2821691513061524
DiscreteSAC,15,final,479,3479,-0.7427194416522982,10.0,3.0,0.5437055230140686,-1.2258294701576233
DiscreteSAC,15,final,480,3480,-0.33918509483337406,10.0,6.0,0.5693414807319641,-1.2859001159667969
DiscreteSAC,15,final,481,3481,-0.2621135711669922,10.0,5.0,0.9862456321716309,-1.2522685527801514
DiscreteSAC,15,final,482,3482,-0.3638869404792786,10.0,7.0,0.2574504017829895,-1.281662678718567
DiscreteSAC,15,final,483,3483,-0.44227746278047564,10.0,5.0,0.10509274899959564,-1.2936691045761108
DiscreteSAC,15,final,484,3484,-0.4367085874080658,10.0,4.0,0.3983805477619171,-1.2754737734794617
DiscreteSAC,15,final,485,3485,-0.42639429569244386,10.0,4.0,0.9585723280906677,-1.2688167214393615
DiscreteSAC,15,final,486,3486,-0.3847321033477783,10.0,3.0,0.13214023411273956,-1.2682055830955505
DiscreteSAC,15,final,487,3487,-0.2359750771522522,9.0,4.0,0.5096816420555115,-1.2383803791469998
DiscreteSAC,15,final,488,3488,-0.20608154535293577,10.0,3.0,0.7665000557899475,-1.2854596853256226
DiscreteSAC,15,final,489,3489,-0.34853599667549134,10.0,4.0,0.17384564876556396,-1.2709474205970763
DiscreteSAC,15,final,490,3490,0.210101580619812,10.0,7.0,0.7708535194396973,-1.2905985355377196
DiscreteSAC,15,final,491,3491,-0.5440053999423982,10.0,6.0,0.3614942133426666,-1.2803837180137634
DiscreteSAC,15,final,492,3492,-0.22467874288558962,10.0,7.0,0.5043822526931763,-1.2995744228363038
DiscreteSAC,15,final,493,3493,-0.2859827548265457,10.0,6.0,0.322857528924942,-1.2569016814231873
DiscreteSAC,15,final,494,3494,-0.1788833737373352,10.0,5.0,0.7122796177864075,-1.2871879816055298
DiscreteSAC,15,final,495,3495,-0.4045491337776184,10.0,4.0,0.4350029528141022,-1.3371992468833924
DiscreteSAC,15,final,496,3496,-0.28906188011169437,10.0,6.0,0.7848204374313354,-1.2526538252830506
DiscreteSAC,15,final,497,3497,-0.10505322217941285,10.0,6.0,0.9458184838294983,-1.2651918530464172
DiscreteSAC,15,final,498,3498,-0.04977721214294435,9.0,5.0,0.9028735160827637,-1.2761452330483332
DiscreteSAC,15,final,499,3499,-0.5835723578929902,10.0,3.0,0.5556359887123108,-1.2589184284210204
DiscreteSAC,15,final,500,3500,-0.09501881599426273,10.0,4.0,0.5169488191604614,-1.2904165744781495
DiscreteSAC,15,final,501,3501,-0.4317540615797043,10.0,5.0,0.1747242510318756,-1.2762933015823363
DiscreteSAC,15,final,502,3502,-0.5755207061767579,10.0,4.0,0.29302945733070374,-1.2826147556304932
DiscreteSAC,15,final,503,3503,-0.525865462422371,10.0,4.0,0.3249541223049164,-1.2857430100440979
DiscreteSAC,15,final,504,3504,-0.3575193524360657,10.0,5.0,0.6148227453231812,-1.2708256483078002
DiscreteSAC,15,final,505,3505,-0.34139416217803953,10.0,3.0,0.838175356388092,-1.2548880100250244
DiscreteSAC,15,final,506,3506,-0.4370548057556152,8.0,4.0,0.8931611180305481,-1.2617088854312897
DiscreteSAC,15,final,507,3507,-0.3842889904975891,10.0,5.0,0.8859556317329407,-1.2846864819526673
DiscreteSAC,15,final,508,3508,-0.5475238561630249,10.0,3.0,0.8427374958992004,-1.2739533185958862
DiscreteSAC,15,final,509,3509,-0.23842715263366698,9.0,4.0,0.30712753534317017,-1.307025604777866
DiscreteSAC,15,final,510,3510,-0.32150350809097294,10.0,7.0,0.5607229471206665,-1.2825860023498534
DiscreteSAC,15,final,511,3511,-0.3781017303466797,10.0,5.0,0.9330520033836365,-1.3135459899902344
DiscreteSAC,15,final,512,3512,0.006306314468383777,10.0,6.0,0.5640612244606018,-1.2894813537597656
DiscreteSAC,15,final,513,3513,-0.5615803241729737,10.0,5.0,0.7117075324058533,-1.3031571865081788
DiscreteSAC,15,final,514,3514,-0.4624812722206116,10.0,4.0,0.9606891870498657,-1.0762704014778137
DiscreteSAC,15,final,515,3515,-0.440061891078949,10.0,5.0,0.7538496255874634,-1.1538434147834777
DiscreteSAC,15,final,516,3516,-0.4878559112548828,10.0,3.0,0.5599169731140137,-1.211124849319458
DiscreteSAC,15,final,517,3517,-0.19403212070465092,10.0,7.0,0.37932756543159485,-1.2245513558387757
DiscreteSAC,15,final,518,3518,-0.061090141534805284,10.0,5.0,0.4555163085460663,-1.26282297372818
DiscreteSAC,15,final,519,3519,-0.13267306089401243,10.0,3.0,0.9642634987831116,-1.2523367404937744
DiscreteSAC,15,final,520,3520,-0.31076104044914243,10.0,3.0,0.31576329469680786,-1.2814693093299865
DiscreteSAC,15,final,521,3521,-0.20865155458450318,10.0,4.0,0.6072379946708679,-1.136645293235779
DiscreteSAC,15,final,522,3522,0.07723080873489377,9.0,5.0,0.6520498394966125,-1.2370157374276056
DiscreteSAC,15,final,523,3523,-0.3476926326751709,10.0,5.0,0.6496286988258362,-1.208138680458069
DiscreteSAC,15,final,524,3524,-0.6882355332374575,10.0,4.0,0.7850459814071655,-1.2523929595947265
DiscreteSAC,15,final,525,3525,-0.18992478847503663,10.0,6.0,0.5038981437683105,-1.2504485368728637
DiscreteSAC,15,final,526,3526,-0.5330771058797836,10.0,3.0,0.2139749825000763,-1.2484164834022522
DiscreteSAC,15,final,527,3527,-0.28947063982486726,10.0,6.0,0.2801390290260315,-1.2355543851852417
DiscreteSAC,15,final,528,3528,-0.0917669415473938,10.0,4.0,0.4829813838005066,-1.2784757494926453
DiscreteSAC,15,final,529,3529,-0.2188621520996094,10.0,6.0,0.6874322891235352,-1.2423524379730224
DiscreteSAC,15,final,530,3530,-0.1471381592750549,8.0,3.0,0.4270922541618347,-1.2595825791358948
DiscreteSAC,15,final,531,3531,-0.4578998327255249,10.0,5.0,0.822789192199707,-1.2887513399124146
DiscreteSAC,15,final,532,3532,0.16519946813583375,9.0,4.0,0.7351334691047668,-1.2546538644366794
DiscreteSAC,15,final,533,3533,-0.44451300501823426,10.0,4.0,0.27300670742988586,-1.2977700114250184
DiscreteSAC,15,final,534,3534,-0.3355970919132233,10.0,5.0,0.4350205957889557,-1.2743994832038879
DiscreteSAC,15,final,535,3535,-0.5417683988809586,10.0,4.0,0.30889883637428284,-1.2854405045509338
DiscreteSAC,15,final,536,3536,-0.17648370265960697,10.0,4.0,1.1594197750091553,-1.26213641166687
DiscreteSAC,15,final,537,3537,-0.3718659996986389,10.0,4.0,0.5456520318984985,-1.2724079251289369
DiscreteSAC,15,final,538,3538,-0.3461495637893677,10.0,3.0,0.7223140001296997,-1.223879587650299
DiscreteSAC,15,final,539,3539,-0.2168509244918823,10.0,4.0,0.6435291171073914,-1.250916850566864
DiscreteSAC,15,final,540,3540,-0.00839101314544681,9.0,4.0,0.5932469367980957,-1.2596920331319172
DiscreteSAC,15,final,541,3541,-0.2801151573657989,10.0,5.0,0.49938416481018066,-1.2914512991905212
DiscreteSAC,15,final,542,3542,-0.14423002004623414,10.0,6.0,0.5687821507453918,-1.2403634428977965
DiscreteSAC,15,final,543,3543,-0.554356896877289,10.0,5.0,0.41674289107322693,-1.260298240184784
DiscreteSAC,15,final,544,3544,-0.06809568405151369,10.0,5.0,0.932235836982727,-1.2944538712501525
DiscreteSAC,15,final,545,3545,-0.05491217017173765,9.0,4.0,0.30879420042037964,-1.2563047541512384
DiscreteSAC,15,final,546,3546,-0.12998985290527343,9.0,4.0,1.0940990447998047,-1.292057712872823
DiscreteSAC,15,final,547,3547,0.07861016988754273,10.0,6.0,0.589473307132721,-1.29575355052948
DiscreteSAC,15,final,548,3548,-0.5808236107230188,10.0,4.0,0.36905214190483093,-1.2568843841552735
DiscreteSAC,15,final,549,3549,-0.47253515720367434,10.0,5.0,0.6407025456428528,-1.244000291824341
DiscreteSAC,15,final,550,3550,-0.4251944780349731,10.0,6.0,0.8636865615844727,-1.237670934200287
DiscreteSAC,15,final,551,3551,-0.29419203341007233,9.0,5.0,0.3020407557487488,-1.225022898779975
DiscreteSAC,15,final,552,3552,-0.3407804012298584,10.0,5.0,1.325316071510315,-1.2779145121574402
DiscreteSAC,15,final,553,3553,-0.08181986927986147,7.0,5.0,0.4392109811306,-1.2518033981323242
DiscreteSAC,15,final,554,3554,-0.14127254486083984,10.0,5.0,0.25379958748817444,-1.2545938372612
DiscreteSAC,15,final,555,3555,-0.16615248918533326,10.0,4.0,0.7179257273674011,-1.2270220279693604
DiscreteSAC,15,final,556,3556,-0.3167648935317993,9.0,5.0,0.6389651298522949,-1.2259836196899414
DiscreteSAC,15,final,557,3557,-0.3410252921283245,10.0,4.0,0.09165529161691666,-1.2852888226509094
DiscreteSAC,15,final,558,3558,-0.48337715268135073,10.0,5.0,0.5440500974655151,-1.2576508283615113
DiscreteSAC,15,final,559,3559,-0.5028562128543855,10.0,4.0,0.6062827706336975,-1.2932377934455872
DiscreteSAC,15,final,560,3560,-0.2597484111785889,10.0,4.0,1.0256837606430054,-1.258370614051819
DiscreteSAC,15,final,561,3561,-0.5279806092381477,10.0,6.0,0.2994559109210968,-1.303147280216217
DiscreteSAC,15,final,562,3562,-0.3350522592663765,10.0,5.0,0.13523615896701813,-1.2341092705726624
DiscreteSAC,15,final,563,3563,-0.2968589305877686,10.0,5.0,0.549680769443512,-1.2677591681480407
DiscreteSAC,15,final,564,3564,-0.1045937955379486,10.0,6.0,0.4204878509044647,-1.2255943059921264
DiscreteSAC,15,final,565,3565,-0.531809151172638,10.0,5.0,0.8302296996116638,-1.3026153206825257
DiscreteSAC,15,final,566,3566,-0.20456498146057128,8.0,4.0,0.9316906332969666,-1.2305515110492706
DiscreteSAC,15,final,567,3567,-0.3747428894042969,10.0,5.0,0.7981241345405579,-1.2988754630088806
DiscreteSAC,15,final,568,3568,-0.013742878437042236,9.0,6.0,0.5405108332633972,-1.278076582484775
DiscreteSAC,15,final,569,3569,-0.3477866291999817,10.0,5.0,0.7924588322639465,-1.2507270574569702
DiscreteSAC,15,final,570,3570,0.12972432374954224,5.0,4.0,0.703698992729187,-1.218691897392273
DiscreteSAC,15,final,571,3571,-0.7179438889026644,10.0,4.0,0.6477068066596985,-1.2886218070983886
DiscreteSAC,15,final,572,3572,-0.25411462485790254,10.0,6.0,0.2113187462091446,-1.2311810851097107
DiscreteSAC,15,final,573,3573,-0.23866069555282593,9.0,5.0,0.6695431470870972,-1.2908099757300482
DiscreteSAC,15,final,574,3574,-0.2127230191230774,9.0,5.0,0.7833884358406067,-1.250958217514886
DiscreteSAC,15,final,575,3575,-0.4628917068243027,10.0,5.0,0.301198273897171,-1.2708619952201843
DiscreteSAC,15,final,576,3576,-0.40135403871536257,10.0,5.0,0.5630675554275513,-1.2666061758995055
DiscreteSAC,15,final,577,3577,-0.28412618637084963,10.0,5.0,0.8648165464401245,-1.2597456455230713
DiscreteSAC,15,final,578,3578,-0.1888601541519165,10.0,6.0,0.8093681931495667,-1.2613493204116821
DiscreteSAC,15,final,579,3579,-0.18016724586486815,10.0,4.0,0.9822121858596802,-1.221590518951416
DiscreteSAC,15,final,580,3580,-0.21324815750122073,10.0,5.0,1.0170395374298096,-1.2409639716148377
DiscreteSAC,15,final,581,3581,-0.030119669437408444,10.0,6.0,0.8285627961158752,-1.21717711687088
DiscreteSAC,15,final,582,3582,-0.15898167133331298,9.0,4.0,0.8469153642654419,-1.24289784166548
DiscreteSAC,15,final,583,3583,-0.182211172580719,10.0,6.0,0.2390296757221222,-1.2500164270401002
DiscreteSAC,15,final,584,3584,-0.5190199762582779,10.0,3.0,0.11701755970716476,-1.243986690044403
DiscreteSAC,15,final,585,3585,-0.13115050196647643,10.0,4.0,0.39331671595573425,-1.2620634317398072
DiscreteSAC,15,final,586,3586,-0.35963131189346315,10.0,4.0,0.7207937240600586,-1.2773084044456482
DiscreteSAC,15,final,587,3587,-0.34628047943115237,10.0,5.0,1.1966570615768433,-1.2858766674995423
DiscreteSAC,15,final,588,3588,-0.33502992391586306,10.0,5.0,0.8175970315933228,-1.2505604147911071
DiscreteSAC,15,final,589,3589,-0.15475096702575683,10.0,5.0,0.8320364952087402,-1.2503061413764953
DiscreteSAC,15,final,590,3590,-0.44246138572692867,9.0,6.0,0.7786411643028259,-1.262902855873108
DiscreteSAC,15,final,591,3591,0.08791561126708983,10.0,4.0,0.7878255844116211,-1.2502543807029725
DiscreteSAC,15,final,592,3592,-0.13184960484504699,10.0,4.0,0.38011524081230164,-1.2569989800453185
DiscreteSAC,15,final,593,3593,-0.023274683952331572,10.0,5.0,0.5314051508903503,-1.2477762937545775
DiscreteSAC,15,final,594,3594,-0.5330211281776428,10.0,6.0,0.3623930811882019,-1.223482596874237
DiscreteSAC,15,final,595,3595,-0.20702686309814455,10.0,5.0,1.030177354812622,-1.1978999257087708
DiscreteSAC,15,final,596,3596,-0.18905061721801758,9.0,5.0,0.5262998342514038,-1.2702824539608426
DiscreteSAC,15,final,597,3597,0.17426220297813416,3.0,3.0,0.3326406478881836,-1.2603426774342854
DiscreteSAC,15,final,598,3598,-0.27135863304138186,10.0,5.0,0.7330374121665955,-1.2459103345870972
DiscreteSAC,15,final,599,3599,-0.2777804970741272,10.0,5.0,0.5271810293197632,-1.2434511661529541
DiscreteSAC,15,final,600,3600,-0.33031245470047,10.0,5.0,0.8678255081176758,-1.2459332466125488
DiscreteSAC,15,final,601,3601,-0.5804275542497634,10.0,4.0,0.3466061055660248,-1.2498602151870728
DiscreteSAC,15,final,602,3602,-0.37558622360229493,10.0,4.0,0.7275465130805969,-1.2605480670928955
DiscreteSAC,15,final,603,3603,-0.5795419335365296,10.0,4.0,0.7938098311424255,-1.2830616235733032
DiscreteSAC,15,final,604,3604,-0.26642279624938964,10.0,4.0,0.3524115979671478,-1.2461846947669983
DiscreteSAC,15,final,605,3605,0.06218373775482177,10.0,5.0,0.9223117828369141,-1.3058579325675965
DiscreteSAC,15,final,606,3606,-0.5698664784431459,10.0,3.0,0.4133245050907135,-1.2410975098609924
DiscreteSAC,15,final,607,3607,-0.17374131679534913,10.0,6.0,0.8628921508789062,-1.2410090804100036
DiscreteSAC,15,final,608,3608,-0.280608674287796,9.0,4.0,0.4083629548549652,-1.205410944090949
DiscreteSAC,15,final,609,3609,-0.26701405048370364,10.0,5.0,0.31093138456344604,-1.30825355052948
DiscreteSAC,15,final,610,3610,-0.06748331785202026,10.0,6.0,0.8964694142341614,-1.215310561656952
DiscreteSAC,15,final,611,3611,-0.23181018471717835,9.0,5.0,0.4623703956604004,-1.2682906124326918
DiscreteSAC,15,final,612,3612,-0.4768576204776764,10.0,4.0,0.2655644118785858,-1.2991644620895386
DiscreteSAC,15,final,613,3613,-0.42534256875514986,10.0,5.0,0.23191292583942413,-1.2399805426597594
DiscreteSAC,15,final,614,3614,-0.24959487915039064,10.0,4.0,0.2890123724937439,-1.2935240983963012
DiscreteSAC,15,final,615,3615,-0.28226712942123416,10.0,6.0,0.9326218962669373,-1.214106845855713
DiscreteSAC,15,final,616,3616,-0.4441953539848328,10.0,5.0,0.5485992431640625,-1.2489996790885924
DiscreteSAC,15,final,617,3617,-0.27444455623626707,10.0,3.0,1.005368709564209,-1.2534067630767822
DiscreteSAC,15,final,618,3618,-0.24575961828231813,10.0,6.0,0.6866527795791626,-1.2313632369041443
DiscreteSAC,15,final,619,3619,-0.20556894540786746,10.0,6.0,0.9288116097450256,-1.2665245413780213
DiscreteSAC,15,final,620,3620,-0.3320006847381592,10.0,4.0,1.048622727394104,-1.2514183402061463
DiscreteSAC,15,final,621,3621,-0.21437759399414064,10.0,6.0,0.5606284141540527,-1.3052011847496032
DiscreteSAC,15,final,622,3622,-0.5330652952194214,10.0,6.0,0.34079721570014954,-1.237349760532379
DiscreteSAC,15,final,623,3623,-0.10937555074691775,9.0,6.0,0.8094558715820312,-1.2687531577216253
DiscreteSAC,15,final,624,3624,0.013914036750793446,10.0,4.0,1.1538702249526978,-1.278659176826477
DiscreteSAC,15,final,625,3625,-0.014378011226654067,10.0,5.0,0.4696473479270935,-1.2789264798164368
DiscreteSAC,15,final,626,3626,-0.4481859922409058,10.0,4.0,0.5116408467292786,-1.2494435906410217
DiscreteSAC,15,final,627,3627,-0.6644858419895173,10.0,3.0,0.6306443810462952,-1.2700807332992554
DiscreteSAC,15,final,628,3628,-0.2406916379928589,10.0,6.0,0.5639966130256653,-1.2616694092750549
DiscreteSAC,15,final,629,3629,-0.09527653992176056,9.0,4.0,0.18688906729221344,-1.2865155537923176
DiscreteSAC,15,final,630,3630,-0.5528686046600343,10.0,3.0,0.6530696749687195,-1.3129339575767518
DiscreteSAC,15,final,631,3631,-0.2206196367740631,10.0,4.0,0.39972123503685,-1.2563120126724243
DiscreteSAC,15,final,632,3632,0.01731380224227904,10.0,6.0,0.5584105253219604,-1.2308904647827148
DiscreteSAC,15,final,633,3633,-0.298255729675293,10.0,7.0,0.6154880523681641,-1.2224561333656312
DiscreteSAC,15,final,634,3634,-0.4783412039279938,10.0,4.0,0.3425275981426239,-1.2449787855148315
DiscreteSAC,15,final,635,3635,-0.38256667852401727,10.0,4.0,0.34385427832603455,-1.2862159132957458
DiscreteSAC,15,final,636,3636,-0.43336441516876223,10.0,5.0,0.7609397172927856,-1.2705292463302613
DiscreteSAC,15,final,637,3637,-0.31182519435882566,9.0,3.0,0.9138182997703552,-1.327255712615119
DiscreteSAC,15,final,638,3638,-0.2048376703262329,9.0,4.0,0.44184330105781555,-1.3187990850872464
DiscreteSAC,15,final,639,3639,-0.22833540439605715,10.0,5.0,0.7163949608802795,-1.2630009174346923
DiscreteSAC,15,final,640,3640,-0.03309806585311892,10.0,7.0,0.7273569107055664,-1.2716628670692445
DiscreteSAC,15,final,641,3641,-0.2974296510219574,10.0,5.0,0.3373623788356781,-1.2499160170555115
DiscreteSAC,15,final,642,3642,-0.14370172858238223,9.0,7.0,0.26407748460769653,-1.2543167935477362
DiscreteSAC,15,final,643,3643,-0.19871699810028076,10.0,5.0,0.6188854575157166,-1.2261901497840881
DiscreteSAC,15,final,644,3644,-0.4215517044067383,10.0,3.0,0.12402267754077911,-1.2827040195465087
DiscreteSAC,15,final,645,3645,-0.26317793369293213,9.0,5.0,0.5791805386543274,-1.2882802618874445
DiscreteSAC,15,final,646,3646,-0.42232266664505,10.0,6.0,0.6690471768379211,-1.2632434844970704
DiscreteSAC,15,final,647,3647,0.36750668883323667,10.0,7.0,0.4554625451564789,-1.2443516254425049
DiscreteSAC,15,final,648,3648,-0.5011963152885438,9.0,4.0,0.959501326084137,-1.2758333683013916
DiscreteSAC,15,final,649,3649,-0.12624935507774354,10.0,6.0,0.4411027133464813,-1.2716760396957398
DiscreteSAC,15,final,650,3650,-0.1758067536354065,8.0,4.0,0.4166218936443329,-1.2799347639083862
DiscreteSAC,15,final,651,3651,-0.4694561481475831,10.0,4.0,1.1468238830566406,-1.2370818495750426
DiscreteSAC,15,final,652,3652,-0.08985166549682617,10.0,4.0,0.6704803705215454,-1.254525935649872
DiscreteSAC,15,final,653,3653,-0.3520087480545044,10.0,4.0,0.8700172305107117,-1.273165500164032
DiscreteSAC,15,final,654,3654,-0.3226686596870422,10.0,4.0,0.28374558687210083,-1.2727745652198792
DiscreteSAC,15,final,655,3655,-0.4986755222082138,10.0,4.0,0.18699924647808075,-1.2957788825035095
DiscreteSAC,15,final,656,3656,-0.6037709832191468,10.0,4.0,0.6135135293006897,-1.2789306044578552
DiscreteSAC,15,final,657,3657,-0.1627682018280029,8.0,6.0,0.724827229976654,-1.2579923272132874
DiscreteSAC,15,final,658,3658,-0.5522524356842041,10.0,5.0,1.0449140071868896,-1.2814653396606446
DiscreteSAC,15,final,659,3659,-0.4021207392215729,10.0,5.0,0.3640468418598175,-1.2491119027137756
DiscreteSAC,15,final,660,3660,-0.4270866632461548,10.0,4.0,0.7584541440010071,-1.283220887184143
DiscreteSAC,15,final,661,3661,-0.6215356528759004,10.0,5.0,0.4810618758201599,-1.212654674053192
DiscreteSAC,15,final,662,3662,-0.3168638825416565,10.0,4.0,0.9584431648254395,-1.299308454990387
DiscreteSAC,15,final,663,3663,-0.13631396293640136,10.0,4.0,0.6904720067977905,-1.2588042616844177
DiscreteSAC,15,final,664,3664,-0.3473837494850159,10.0,4.0,0.9801004528999329,-1.3104235649108886
DiscreteSAC,15,final,665,3665,-0.5057053089141846,10.0,4.0,0.44536298513412476,-1.2701919555664063
DiscreteSAC,15,final,666,3666,-0.447150719165802,10.0,4.0,0.4797113835811615,-1.272960114479065
DiscreteSAC,15,final,667,3667,-0.23612848520278934,10.0,6.0,0.7168475389480591,-1.2610308408737183
DiscreteSAC,15,final,668,3668,0.025030188560485847,7.0,5.0,0.903439462184906,-1.3001319851194109
DiscreteSAC,15,final,669,3669,-0.15421561598777772,10.0,6.0,0.3576154112815857,-1.2895597457885741
DiscreteSAC,15,final,670,3670,-0.27977417945861816,9.0,4.0,0.34437867999076843,-1.2865238057242498
DiscreteSAC,15,final,671,3671,-0.3856754541397095,10.0,5.0,0.307391494512558,-1.3018158555030823
DiscreteSAC,15,final,672,3672,-0.6115897655487061,10.0,6.0,0.9162171483039856,-1.2547340750694276
DiscreteSAC,15,final,673,3673,-0.6542628645896913,10.0,5.0,0.7860531806945801,-1.291693389415741
DiscreteSAC,15,final,674,3674,-0.19759528636932375,10.0,7.0,1.0314342975616455,-1.279479694366455
DiscreteSAC,15,final,675,3675,-0.0529180407524109,10.0,7.0,0.4049859046936035,-1.344894242286682
DiscreteSAC,15,final,676,3676,-0.5812037110328675,10.0,4.0,0.6320850253105164,-1.2884846806526185
DiscreteSAC,15,final,677,3677,-0.11176246404647829,10.0,5.0,0.45476728677749634,-1.2559619426727295
DiscreteSAC,15,final,678,3678,0.0924146246910095,8.0,4.0,0.6476038694381714,-1.2663030624389648
DiscreteSAC,15,final,679,3679,-0.1499474048614502,10.0,5.0,1.0211104154586792,-1.2313097953796386
DiscreteSAC,15,final,680,3680,-0.464110279083252,10.0,5.0,0.870579719543457,-1.2454742312431335
DiscreteSAC,15,final,681,3681,-0.40108736157417296,10.0,4.0,0.21110977232456207,-1.3032177448272706
DiscreteSAC,15,final,682,3682,-0.527492207288742,10.0,4.0,0.5316449999809265,-1.2547820806503296
DiscreteSAC,15,final,683,3683,-0.32050561904907227,10.0,5.0,0.2285088747739792,-1.25875985622406
DiscreteSAC,15,final,684,3684,-0.41371853947639464,10.0,4.0,0.6053057909011841,-1.2414584159851074
DiscreteSAC,15,final,685,3685,-0.4947851210832596,10.0,6.0,0.30518609285354614,-1.2367069244384765
DiscreteSAC,15,final,686,3686,-0.17777901887893677,10.0,5.0,0.61296147108078,-1.2916851758956909
DiscreteSAC,15,final,687,3687,-0.25126340985298157,10.0,5.0,0.34131553769111633,-1.2349303364753723
DiscreteSAC,15,final,688,3688,-0.2878264427185059,10.0,5.0,0.6533860564231873,-1.2770169019699096
DiscreteSAC,15,final,689,3689,-0.2971739411354065,10.0,5.0,0.6732168197631836,-1.2514732241630555
DiscreteSAC,15,final,690,3690,-0.3773234009742737,10.0,4.0,0.94508296251297,-1.2656314015388488
DiscreteSAC,15,final,691,3691,-0.19188207626342774,9.0,5.0,0.628327488899231,-1.3175159295399983
DiscreteSAC,15,final,692,3692,-0.41480796933174136,10.0,5.0,0.27608516812324524,-1.2618580102920531
DiscreteSAC,15,final,693,3693,-0.3827365279197693,10.0,5.0,0.704246461391449,-1.2598731637001037
DiscreteSAC,15,final,694,3694,-0.32244375944137577,10.0,6.0,0.7070849537849426,-1.247023618221283
DiscreteSAC,15,final,695,3695,-0.4240445286035538,10.0,5.0,0.21520112454891205,-1.3028146386146546
DiscreteSAC,15,final,696,3696,-0.16446340084075928,10.0,5.0,0.6725165247917175,-1.3072989583015442
DiscreteSAC,15,final,697,3697,-0.5119620680809022,10.0,4.0,0.5849288702011108,-1.306269633769989
DiscreteSAC,15,final,698,3698,0.014389917850494385,9.0,6.0,0.9143157601356506,-1.302609019809299
DiscreteSAC,15,final,699,3699,-0.3926538348197937,10.0,4.0,0.7329332232475281,-1.3075886487960815
DiscreteSAC,15,final,700,3700,-0.31009440422058104,10.0,4.0,1.1102315187454224,-1.2961018085479736
DiscreteSAC,15,final,701,3701,-0.5537509441375732,10.0,4.0,0.45185279846191406,-1.2733021140098573
DiscreteSAC,15,final,702,3702,-0.06600545883178711,9.0,4.0,0.9424701929092407,-1.2944529718822904
DiscreteSAC,15,final,703,3703,-0.32481586933135986,10.0,5.0,0.360578328371048,-1.2501253843307496
DiscreteSAC,15,final,704,3704,-0.71976774930954,10.0,3.0,1.0174672603607178,-1.256156289577484
DiscreteSAC,15,final,705,3705,-0.29420827627182006,10.0,4.0,0.8210204839706421,-1.2755418777465821
DiscreteSAC,15,final,706,3706,-0.16439419984817505,10.0,5.0,0.7613439559936523,-1.293130135536194
DiscreteSAC,15,final,707,3707,-0.2955693006515503,10.0,3.0,0.7032759785652161,-1.2450257778167724
DiscreteSAC,15,final,708,3708,-0.5587655425071717,10.0,4.0,0.6810894012451172,-1.2914498925209046
DiscreteSAC,15,final,709,3709,-0.12477344274520875,10.0,5.0,0.7248091101646423,-1.2643535614013672
DiscreteSAC,15,final,710,3710,-0.19090723991394043,10.0,5.0,0.6880003213882446,-1.2875621557235717
DiscreteSAC,15,final,711,3711,-0.3659736156463623,10.0,5.0,0.8814166188240051,-1.2564830422401427
DiscreteSAC,15,final,712,3712,-0.26107635498046877,10.0,5.0,1.1052472591400146,-1.285027527809143
DiscreteSAC,15,final,713,3713,-0.21975426912307738,9.0,4.0,0.16690634191036224,-1.3078008360332913
DiscreteSAC,15,final,714,3714,-0.6113510370254517,10.0,5.0,0.8701226115226746,-1.2674739241600037
DiscreteSAC,15,final,715,3715,-0.20409947633743286,10.0,5.0,0.6591615676879883,-1.2918909072875977
DiscreteSAC,15,final,716,3716,-0.018588733673095728,10.0,4.0,0.7288442850112915,-1.291637909412384
DiscreteSAC,15,final,717,3717,-0.4452830672264099,10.0,4.0,0.8214054107666016,-1.2943586349487304
DiscreteSAC,15,final,718,3718,-0.24465059041976928,10.0,4.0,0.447756826877594,-1.2772754788398744
DiscreteSAC,15,final,719,3719,-0.27422963619232177,9.0,4.0,0.21126942336559296,-1.2670068211025662
DiscreteSAC,15,final,720,3720,-0.4977931022644043,10.0,5.0,0.45173630118370056,-1.2990898489952087
DiscreteSAC,15,final,721,3721,-0.458898138999939,10.0,4.0,1.1146196126937866,-1.2843555092811585
DiscreteSAC,15,final,722,3722,-0.7543875932693483,10.0,3.0,0.5876439809799194,-1.330924141407013
DiscreteSAC,15,final,723,3723,-0.4787424087524415,10.0,4.0,0.6912129521369934,-1.2256260633468627
DiscreteSAC,15,final,724,3724,-0.4569641172885895,10.0,4.0,0.45305266976356506,-1.2358937859535217
DiscreteSAC,15,final,725,3725,-0.687903493642807,10.0,3.0,0.6571169495582581,-1.3037273168563843
DiscreteSAC,15,final,726,3726,-0.244992151260376,9.0,6.0,0.6912263035774231,-1.3153966797722711
DiscreteSAC,15,final,727,3727,-0.4691393494606018,10.0,4.0,0.3253174424171448,-1.2850186467170714
DiscreteSAC,15,final,728,3728,-0.2623306155204773,10.0,5.0,0.5047820210456848,-1.2753449559211731
DiscreteSAC,15,final,729,3729,-0.17654014825820924,10.0,6.0,0.4155347943305969,-1.3336923837661743
DiscreteSAC,15,final,730,3730,0.06456357717514039,7.0,4.0,0.6962787508964539,-1.2706987006323678
DiscreteSAC,15,final,731,3731,-0.17489612102508545,10.0,5.0,0.6066269278526306,-1.2948306798934937
DiscreteSAC,15,final,732,3732,-0.16562462091445923,9.0,5.0,0.48954588174819946,-1.2747979958852131
DiscreteSAC,15,final,733,3733,-0.40287222862243655,10.0,5.0,0.629473090171814,-1.2507901310920715
DiscreteSAC,15,final,734,3734,-0.20345050573349,8.0,5.0,0.8354929089546204,-1.2907629311084747
DiscreteSAC,15,final,735,3735,-0.03606661558151243,10.0,7.0,0.6409590840339661,-1.3105780601501464
DiscreteSAC,15,final,736,3736,-0.5359607160091401,10.0,4.0,0.42624011635780334,-1.2520228505134583
DiscreteSAC,15,final,737,3737,-0.25344547629356384,10.0,5.0,0.2550753951072693,-1.2993618845939636
DiscreteSAC,15,final,738,3738,-0.496247148513794,10.0,3.0,0.7688354849815369,-1.270769202709198
DiscreteSAC,15,final,739,3739,-0.27252209186553955,10.0,5.0,0.9286026358604431,-1.2797757863998414
DiscreteSAC,15,final,740,3740,-0.42701006174087525,9.0,5.0,0.5363317131996155,-1.264999548594157
DiscreteSAC,15,final,741,3741,-0.2641333842277527,9.0,4.0,0.7333925366401672,-1.269548773765564
DiscreteSAC,15,final,742,3742,-0.31293123960494995,10.0,5.0,0.5045306086540222,-1.2901478290557862
DiscreteSAC,15,final,743,3743,-0.4664136737585068,10.0,4.0,0.20660445094108582,-1.2362892746925354
DiscreteSAC,15,final,744,3744,-0.46794637441635134,10.0,5.0,0.9811592698097229,-1.3135671734809875
DiscreteSAC,15,final,745,3745,-0.13791140317916872,10.0,7.0,0.660492479801178,-1.3425960898399354
DiscreteSAC,15,final,746,3746,-0.18446271896362304,8.0,4.0,0.6242139935493469,-1.3059585839509964
DiscreteSAC,15,final,747,3747,-0.2652198910713196,10.0,5.0,0.8561069369316101,-1.2999101877212524
DiscreteSAC,15,final,748,3748,-0.39068701148033136,8.0,4.0,0.5169534087181091,-1.2598410844802856
DiscreteSAC,15,final,749,3749,-0.36844176650047306,10.0,6.0,0.3728586733341217,-1.2518359184265138
DiscreteSAC,15,final,750,3750,-0.27628645896911624,10.0,6.0,0.6383488774299622,-1.2587778091430664
DiscreteSAC,15,final,751,3751,-0.2781760096549988,10.0,5.0,0.6011282801628113,-1.2761940956115723
DiscreteSAC,15,final,752,3752,-0.5627896070480347,10.0,2.0,0.6551920771598816,-1.2903889894485474
DiscreteSAC,15,final,753,3753,-0.4978776335716248,10.0,6.0,0.8377809524536133,-1.2775347232818604
DiscreteSAC,15,final,754,3754,-0.424527508020401,10.0,4.0,0.464752733707428,-1.2942159652709961
DiscreteSAC,15,final,755,3755,-0.5489119350910188,10.0,6.0,0.5003151297569275,-1.310134971141815
DiscreteSAC,15,final,756,3756,-0.38815137147903445,10.0,5.0,0.549583375453949,-1.294858694076538
DiscreteSAC,15,final,757,3757,-0.554120433330536,10.0,4.0,0.4950559437274933,-1.294366145133972
DiscreteSAC,15,final,758,3758,-0.37859171628952026,10.0,5.0,0.5315801501274109,-1.2489673495292664
DiscreteSAC,15,final,759,3759,-0.27822376489639283,10.0,4.0,0.7293110489845276,-1.3115571737289429
DiscreteSAC,15,final,760,3760,-0.1925459623336792,10.0,4.0,0.8721981048583984,-1.250644040107727
DiscreteSAC,15,final,761,3761,-0.17034428358077996,9.0,4.0,0.6096583008766174,-1.2466268671883478
DiscreteSAC,15,final,762,3762,-0.39127148389816285,10.0,4.0,0.814454197883606,-1.2920897483825684
DiscreteSAC,15,final,763,3763,-0.16803056240081787,9.0,5.0,0.921387255191803,-1.2819500234391954
DiscreteSAC,15,final,764,3764,-0.25764631271362304,9.0,4.0,0.5680462121963501,-1.3146177132924397
DiscreteSAC,15,final,765,3765,-0.2729094743728638,10.0,6.0,0.6257315278053284,-1.2699243545532226
DiscreteSAC,15,final,766,3766,-0.07928522229194641,10.0,4.0,0.36262479424476624,-1.2665961980819702
DiscreteSAC,15,final,767,3767,-0.46797352731227876,10.0,4.0,0.2598114311695099,-1.2640125751495361
DiscreteSAC,15,final,768,3768,-0.4648783773183823,10.0,4.0,0.07838229089975357,-1.3081054925918578
DiscreteSAC,15,final,769,3769,-0.126560697555542,6.0,5.0,0.6904007792472839,-1.242020050684611
DiscreteSAC,15,final,770,3770,-0.6365677237510683,10.0,4.0,0.8789390921592712,-1.309283697605133
DiscreteSAC,15,final,771,3771,0.1772834587097168,7.0,5.0,1.0354163646697998,-1.2965422528130668
DiscreteSAC,15,final,772,3772,-0.3971025586128235,10.0,5.0,0.6812753081321716,-1.3238706231117248
DiscreteSAC,15,final,773,3773,-0.37445605993270875,10.0,4.0,0.8345440626144409,-1.256210494041443
DiscreteSAC,15,final,774,3774,-0.4259154558181763,10.0,3.0,0.43633660674095154,-1.3029082894325257
DiscreteSAC,15,final,775,3775,-0.2514627456665039,10.0,4.0,0.8181737065315247,-1.2851830840110778
DiscreteSAC,15,final,776,3776,-0.3738487362861634,10.0,5.0,0.5406421422958374,-1.2754067420959472
DiscreteSAC,15,final,777,3777,-0.19814262092113494,10.0,4.0,0.17451389133930206,-1.3172454118728638
DiscreteSAC,15,final,778,3778,-0.2084530353546143,10.0,6.0,0.8327681422233582,-1.268959391117096
DiscreteSAC,15,final,779,3779,-0.23398247599601746,9.0,5.0,0.4792861044406891,-1.295357346534729
DiscreteSAC,15,final,780,3780,-0.09227528572082523,10.0,5.0,0.6264758706092834,-1.2517918825149537
DiscreteSAC,15,final,781,3781,-0.39311870336532595,10.0,5.0,0.6899032592773438,-1.296918272972107
DiscreteSAC,15,final,782,3782,-0.22886762619018552,10.0,3.0,0.655584454536438,-1.270673894882202
DiscreteSAC,15,final,783,3783,-0.04851762771606445,7.0,3.0,1.1414920091629028,-1.2613195862088884
DiscreteSAC,15,final,784,3784,-0.31449648141860964,10.0,5.0,0.9785940051078796,-1.3344181656837464
DiscreteSAC,15,final,785,3785,-0.31384980678558355,10.0,3.0,0.6686524748802185,-1.253717339038849
DiscreteSAC,15,final,786,3786,-0.052396769523620615,7.0,4.0,0.49560660123825073,-1.3359294278281075
DiscreteSAC,15,final,787,3787,-0.47378814220428467,10.0,3.0,0.7195218801498413,-1.2889036893844605
DiscreteSAC,15,final,788,3788,-0.008851161003112826,9.0,4.0,1.168497085571289,-1.3663439220852323
DiscreteSAC,15,final,789,3789,-0.37555129528045655,10.0,4.0,0.8152667880058289,-1.2554339289665222
DiscreteSAC,15,final,790,3790,-0.14740938186645508,9.0,5.0,1.0471676588058472,-1.3181899388631184
DiscreteSAC,15,final,791,3791,-0.2866385340690613,10.0,6.0,0.552719235420227,-1.318084728717804
DiscreteSAC,15,final,792,3792,-0.6045702844858171,10.0,3.0,0.2534952163696289,-1.252025842666626
DiscreteSAC,15,final,793,3793,-0.4212870240211487,10.0,5.0,0.3455820679664612,-1.270068609714508
DiscreteSAC,15,final,794,3794,-0.4400683879852295,10.0,5.0,0.7563239932060242,-1.2891573905944824
DiscreteSAC,15,final,795,3795,-0.42313545942306524,10.0,5.0,0.5164915323257446,-1.2738698840141296
DiscreteSAC,15,final,796,3796,-0.21621793508529663,10.0,5.0,0.7364873290061951,-1.3042754411697388
DiscreteSAC,15,final,797,3797,-0.5019149899482728,10.0,4.0,0.8516944050788879,-1.3109072208404542
DiscreteSAC,15,final,798,3798,-0.292925763130188,10.0,4.0,0.9630810022354126,-1.2476314902305603
DiscreteSAC,15,final,799,3799,-0.4007771015167236,10.0,3.0,0.879601776599884,-1.2831240534782409
DiscreteSAC,15,final,800,3800,-0.15479306459426878,8.0,3.0,0.1334274262189865,-1.282982975244522
DiscreteSAC,15,final,801,3801,-0.40621149539947504,10.0,5.0,0.7562786340713501,-1.243487823009491
DiscreteSAC,15,final,802,3802,0.2915698218345642,7.0,5.0,0.7887532114982605,-1.2902991431100028
DiscreteSAC,15,final,803,3803,-0.5047694355249406,10.0,6.0,0.3240833878517151,-1.2764249920845032
DiscreteSAC,15,final,804,3804,-0.22976434230804443,10.0,5.0,0.7957203984260559,-1.2761476993560792
DiscreteSAC,15,final,805,3805,-0.02162728309631351,10.0,3.0,1.0606231689453125,-1.2657366275787354
DiscreteSAC,15,final,806,3806,-0.1348435401916504,10.0,6.0,0.5563967823982239,-1.3184462308883667
DiscreteSAC,15,final,807,3807,-0.4150939464569092,10.0,7.0,0.48713722825050354,-1.2773983359336853
DiscreteSAC,15,final,808,3808,0.08349680662155151,9.0,5.0,0.7879945635795593,-1.2535142766104803
DiscreteSAC,15,final,809,3809,-0.27770087718963626,10.0,6.0,0.5519384741783142,-1.315941846370697
DiscreteSAC,15,final,810,3810,-0.2501864790916443,10.0,6.0,0.7694834470748901,-1.262729811668396
DiscreteSAC,15,final,811,3811,-0.2247946381568909,10.0,4.0,0.7491937279701233,-1.2459954023361206
DiscreteSAC,15,final,812,3812,-0.5370435655117035,10.0,5.0,0.5573095083236694,-1.2826348781585692
DiscreteSAC,15,final,813,3813,-0.4997574359178544,10.0,4.0,0.21389606595039368,-1.2952448844909668
DiscreteSAC,15,final,814,3814,-0.17493396520614624,7.0,4.0,0.7402334809303284,-1.2978712831224715
DiscreteSAC,15,final,815,3815,-0.3672570049762726,10.0,6.0,0.2763124704360962,-1.3227774500846863
DiscreteSAC,15,final,816,3816,-0.3823021709918976,10.0,6.0,0.3613419532775879,-1.3047795176506043
DiscreteSAC,15,final,817,3817,0.030025527477264405,9.0,6.0,0.8167704343795776,-1.2765164640214708
DiscreteSAC,15,final,818,3818,-0.5388793230056764,10.0,4.0,0.7728706002235413,-1.2746463894844056
DiscreteSAC,15,final,819,3819,-0.5504251360893249,10.0,5.0,0.9562253952026367,-1.2829910874366761
DiscreteSAC,15,final,820,3820,-0.27201447486877445,10.0,6.0,0.7173808813095093,-1.2968427062034606
DiscreteSAC,15,final,821,3821,-0.3271029353141785,10.0,6.0,0.4463806450366974,-1.314807152748108
DiscreteSAC,15,final,822,3822,-0.24936904907226565,10.0,5.0,0.7755746841430664,-1.2625560998916625
DiscreteSAC,15,final,823,3823,-0.09686659812927244,9.0,4.0,0.6381582617759705,-1.2328485118018255
DiscreteSAC,15,final,824,3824,-0.20711678206920625,9.0,6.0,0.2898945212364197,-1.268928050994873
DiscreteSAC,15,final,825,3825,-0.39212188720703123,10.0,3.0,0.918306291103363,-1.2294458746910095
DiscreteSAC,15,final,826,3826,-0.5194877982139589,10.0,5.0,0.8145604133605957,-1.3044089913368224
DiscreteSAC,15,final,827,3827,-0.16500225067138674,10.0,5.0,0.8853521347045898,-1.2798771381378173
DiscreteSAC,15,final,828,3828,-0.4435556650161743,10.0,4.0,0.9172025918960571,-1.2803927540779114
DiscreteSAC,15,final,829,3829,-0.39382516443729404,10.0,6.0,0.24212564527988434,-1.2668586254119873
DiscreteSAC,15,final,830,3830,-0.5832826912403107,10.0,4.0,0.5117095708847046,-1.2626455187797547
DiscreteSAC,15,final,831,3831,-0.5488897949457169,10.0,5.0,0.3109786808490753,-1.2990533232688903
DiscreteSAC,15,final,832,3832,-0.4099079787731171,10.0,6.0,0.34447187185287476,-1.2919350028038026
DiscreteSAC,15,final,833,3833,-0.464432430267334,10.0,4.0,0.34754762053489685,-1.2704699754714965
DiscreteSAC,15,final,834,3834,-0.37428290843963624,10.0,4.0,0.843028724193573,-1.2828545570373535
DiscreteSAC,15,final,835,3835,-0.4944428697228432,10.0,4.0,0.1661536693572998,-1.3089537262916564
DiscreteSAC,15,final,836,3836,-0.5145285844802856,10.0,4.0,0.5846367478370667,-1.2656447887420654
DiscreteSAC,15,final,837,3837,-0.43742438554763796,10.0,5.0,0.8715843558311462,-1.3030380964279176
DiscreteSAC,15,final,838,3838,-0.6560702562332155,10.0,5.0,1.0220611095428467,-1.2822322249412537
DiscreteSAC,15,final,839,3839,-0.43527509570121764,10.0,4.0,0.5093684792518616,-1.2525324940681457
DiscreteSAC,15,final,840,3840,-0.5500102162361146,10.0,4.0,1.0552613735198975,-1.2634947776794434
DiscreteSAC,15,final,841,3841,-0.22035781621932982,8.0,3.0,0.6265993714332581,-1.2528396248817444
DiscreteSAC,15,final,842,3842,-0.1581915020942688,10.0,5.0,0.8004981279373169,-1.29964280128479
DiscreteSAC,15,final,843,3843,-0.13260383605957032,10.0,4.0,0.6686357855796814,-1.2612476348876953
DiscreteSAC,15,final,844,3844,-0.284624195098877,10.0,6.0,0.8718458414077759,-1.2771431446075439
DiscreteSAC,15,final,845,3845,-0.450856077671051,10.0,4.0,0.627591609954834,-1.2695458769798278
DiscreteSAC,15,final,846,3846,-0.3802448034286499,10.0,4.0,0.6697337031364441,-1.2875861525535583
DiscreteSAC,15,final,847,3847,-0.37120606899261477,10.0,5.0,0.5901623368263245,-1.307675552368164
DiscreteSAC,15,final,848,3848,-0.07858697891235351,7.0,3.0,0.9157799482345581,-1.2761551993233817
DiscreteSAC,15,final,849,3849,-0.4096770167350769,10.0,4.0,0.35507863759994507,-1.2612590670585633
DiscreteSAC,15,final,850,3850,-0.3350123196840286,10.0,4.0,0.2471805065870285,-1.322163212299347
DiscreteSAC,15,final,851,3851,-0.25076794147491455,7.0,4.0,0.5929470658302307,-1.2898530960083008
DiscreteSAC,15,final,852,3852,-0.7304774940013887,10.0,4.0,0.6390553712844849,-1.3113350510597228
DiscreteSAC,15,final,853,3853,-0.3223472535610199,10.0,5.0,0.5469860434532166,-1.2747730374336244
DiscreteSAC,15,final,854,3854,-0.38335888981819155,10.0,5.0,0.4586767852306366,-1.2868500828742981
DiscreteSAC,15,final,855,3855,-0.14109326601028443,10.0,6.0,0.7371296286582947,-1.2841651916503907
DiscreteSAC,15,final,856,3856,-0.5243973076343537,10.0,5.0,0.26768580079078674,-1.2895552396774292
DiscreteSAC,15,final,857,3857,-0.31737117767333983,10.0,4.0,1.2096025943756104,-1.2561841130256652
DiscreteSAC,15,final,858,3858,-0.24286012649536132,10.0,4.0,0.820203423500061,-1.298703384399414
DiscreteSAC,15,final,859,3859,-0.14961979389190672,10.0,3.0,0.7620007395744324,-1.2634671330451965
DiscreteSAC,15,final,860,3860,-0.6711137115955353,10.0,4.0,0.37345433235168457,-1.233955180644989
DiscreteSAC,15,final,861,3861,-0.3915932893753052,10.0,4.0,0.5746718645095825,-1.3114407062530518
DiscreteSAC,15,final,862,3862,-0.4090978741645813,10.0,5.0,0.7610387802124023,-1.297919511795044
DiscreteSAC,15,final,863,3863,-0.329906040430069,10.0,5.0,0.4898616373538971,-1.2769385814666747
DiscreteSAC,15,final,864,3864,-0.14986706972122193,10.0,6.0,0.6661272048950195,-1.2222363710403443
DiscreteSAC,15,final,865,3865,-0.41040578335523603,10.0,6.0,0.1848112791776657,-1.3025537729263306
DiscreteSAC,15,final,866,3866,-0.5396777510643005,10.0,4.0,0.441037654876709,-1.2604959726333618
DiscreteSAC,15,final,867,3867,-0.21845076680183412,10.0,4.0,0.4133121073246002,-1.2683175206184387
DiscreteSAC,15,final,868,3868,-0.5500018864870072,10.0,4.0,0.2525361180305481,-1.3107909440994263
DiscreteSAC,15,final,869,3869,-0.21868048310279847,10.0,6.0,0.21426714956760406,-1.324527883529663
DiscreteSAC,15,final,870,3870,-0.4450596928596497,10.0,6.0,0.40186163783073425,-1.2972728252410888
DiscreteSAC,15,final,871,3871,-0.16634050726890565,7.0,5.0,0.4995245337486267,-1.3004828010286604
DiscreteSAC,15,final,872,3872,-0.34986211895942687,9.0,4.0,0.38713857531547546,-1.262238581975301
DiscreteSAC,15,final,873,3873,-0.5598456569015979,10.0,4.0,0.16602419316768646,-1.2796267032623292
DiscreteSAC,15,final,874,3874,-0.3910974168777466,9.0,4.0,0.8617551922798157,-1.3019814093907673
DiscreteSAC,15,final,875,3875,-0.3704079031944275,10.0,5.0,0.5975855588912964,-1.2901389241218566
DiscreteSAC,15,final,876,3876,-0.18346447944641114,10.0,6.0,0.9035547971725464,-1.3159916400909424
DiscreteSAC,15,final,877,3877,-0.39262498021125797,10.0,6.0,0.31072765588760376,-1.2949640274047851
DiscreteSAC,15,final,878,3878,0.04090626597404482,9.0,6.0,0.4954581558704376,-1.2437191141976252
DiscreteSAC,15,final,879,3879,-0.08661696314811705,10.0,5.0,0.46769097447395325,-1.2585482478141785
DiscreteSAC,15,final,880,3880,-0.40472944974899294,10.0,5.0,0.7932160496711731,-1.2919394016265868
DiscreteSAC,15,final,881,3881,0.05233042240142824,10.0,6.0,0.9734693765640259,-1.3001781940460204
DiscreteSAC,15,final,882,3882,-0.216135573387146,10.0,4.0,0.7991734743118286,-1.2978498697280885
DiscreteSAC,15,final,883,3883,-0.2344194173812867,10.0,4.0,1.0489208698272705,-1.2933135271072387
DiscreteSAC,15,final,884,3884,0.09899893164634707,9.0,5.0,0.450415700674057,-1.2781045966678195
DiscreteSAC,15,final,885,3885,-0.6127857565879822,10.0,3.0,0.3800666034221649,-1.252421247959137
DiscreteSAC,15,final,886,3886,-0.33330104351043705,10.0,6.0,0.5230937600135803,-1.2642781615257264
DiscreteSAC,15,final,887,3887,-0.5326765298843383,10.0,4.0,0.5509771704673767,-1.2982689261436462
DiscreteSAC,15,final,888,3888,-0.04566871404647828,8.0,4.0,0.7657865881919861,-1.315339356660843
DiscreteSAC,15,final,889,3889,-0.46164646446704866,10.0,4.0,0.16491077840328217,-1.2971869707107544
DiscreteSAC,15,final,890,3890,-0.4436776638031006,10.0,3.0,0.6963745355606079,-1.2390736103057862
DiscreteSAC,15,final,891,3891,-0.23719245195388794,10.0,5.0,0.3688998520374298,-1.3301007151603699
DiscreteSAC,15,final,892,3892,-0.5219962954521179,10.0,6.0,0.7495822906494141,-1.290173351764679
DiscreteSAC,15,final,893,3893,-0.1397382497787476,10.0,4.0,0.6700839400291443,-1.3069832086563111
DiscreteSAC,15,final,894,3894,-0.16654361724853517,9.0,6.0,0.2172188013792038,-1.2605927520328097
DiscreteSAC,15,final,895,3895,-0.4882835984230042,10.0,5.0,0.6988739371299744,-1.2565912008285522
DiscreteSAC,15,final,896,3896,-0.4293696522712708,10.0,5.0,0.6871918439865112,-1.2752188444137573
DiscreteSAC,15,final,897,3897,-0.12428817987442016,9.0,3.0,0.501008152961731,-1.287712362077501
DiscreteSAC,15,final,898,3898,-0.6389829665422441,10.0,3.0,0.35570016503334045,-1.253054928779602
DiscreteSAC,15,final,899,3899,-0.28908834457397464,10.0,6.0,0.9024149775505066,-1.2865718960762025
DiscreteSAC,15,final,900,3900,-0.49295356273651125,10.0,5.0,0.5623978972434998,-1.3124653100967407
DiscreteSAC,15,final,901,3901,-0.49785957932472225,10.0,4.0,0.38138264417648315,-1.2725938200950622
DiscreteSAC,15,final,902,3902,-0.3669015884399414,10.0,4.0,1.0497850179672241,-1.2710736632347106
DiscreteSAC,15,final,903,3903,-0.10134345769882204,8.0,5.0,0.7905960083007812,-1.2970260828733444
DiscreteSAC,15,final,904,3904,-0.22494043946266173,9.0,4.0,0.2679779529571533,-1.2947929832670424
DiscreteSAC,15,final,905,3905,-0.6049754738807679,10.0,4.0,0.6407839059829712,-1.2915577173233033
DiscreteSAC,15,final,906,3906,-0.17508239746093748,10.0,4.0,0.3447633385658264,-1.2804296255111693
DiscreteSAC,15,final,907,3907,-0.4045268833637238,10.0,5.0,0.3500088155269623,-1.2918233394622802
DiscreteSAC,15,final,908,3908,-0.09384673833847049,10.0,3.0,0.9958606362342834,-1.3089071035385131
DiscreteSAC,15,final,909,3909,-0.4618039011955261,10.0,4.0,0.3326498568058014,-1.311259961128235
DiscreteSAC,15,final,910,3910,-0.5546070873737337,10.0,5.0,0.4797667860984802,-1.3078969955444335
DiscreteSAC,15,final,911,3911,-0.2139444851875305,9.0,4.0,0.6796132922172546,-1.2841579384273953
DiscreteSAC,15,final,912,3912,-0.2231178045272827,10.0,6.0,1.1444041728973389,-1.3110671281814574
DiscreteSAC,15,final,913,3913,-0.46224493980407716,10.0,4.0,0.45076611638069153,-1.2780121207237243
DiscreteSAC,15,final,914,3914,-0.41449888944625857,10.0,5.0,0.32398441433906555,-1.3011389136314393
DiscreteSAC,15,final,915,3915,-0.2288860559463501,10.0,4.0,0.718204915523529,-1.2795975089073182
DiscreteSAC,15,final,916,3916,-0.41217052936553955,10.0,3.0,1.2145044803619385,-1.2985393762588502
DiscreteSAC,15,final,917,3917,-0.052228448688983894,4.0,3.0,0.1708623617887497,-1.3243049383163452
DiscreteSAC,15,final,918,3918,-0.03914529085159303,10.0,3.0,0.9761891961097717,-1.3092427372932434
DiscreteSAC,15,final,919,3919,-0.2907343626022339,10.0,6.0,0.8006051778793335,-1.2772918939590454
DiscreteSAC,15,final,920,3920,-0.24866178035736086,10.0,5.0,0.7618578672409058,-1.2691705226898193
DiscreteSAC,15,final,921,3921,-0.3430274546146393,10.0,4.0,0.37362393736839294,-1.2850247263908385
DiscreteSAC,15,final,922,3922,-0.37084928750991825,10.0,6.0,0.6932645440101624,-1.2763979196548463
DiscreteSAC,15,final,923,3923,-0.5073253631591798,10.0,4.0,0.411022812128067,-1.3261210799217225
DiscreteSAC,15,final,924,3924,-0.23633514642715453,10.0,4.0,0.5225458145141602,-1.330661165714264
DiscreteSAC,15,final,925,3925,-0.6554670691490174,10.0,6.0,0.6299833059310913,-1.3007298946380614
DiscreteSAC,15,final,926,3926,-0.33544533252716063,10.0,4.0,0.6111426949501038,-1.2509467720985412
DiscreteSAC,15,final,927,3927,-0.2089410543441772,10.0,6.0,0.6284469366073608,-1.2625957012176514
DiscreteSAC,15,final,928,3928,0.09377043008804319,9.0,6.0,0.8610108494758606,-1.2492754194471571
DiscreteSAC,15,final,929,3929,-0.49340049624443055,10.0,4.0,0.41661888360977173,-1.276710617542267
DiscreteSAC,15,final,930,3930,-0.5219774365425109,10.0,4.0,0.7171338200569153,-1.3148900866508484
DiscreteSAC,15,final,931,3931,-0.315981867313385,9.0,5.0,0.7239097356796265,-1.278715146912469
DiscreteSAC,15,final,932,3932,-0.24575267598032952,9.0,5.0,0.11547432839870453,-1.3236219882965088
DiscreteSAC,15,final,933,3933,-0.5571325838565826,10.0,4.0,0.21123065054416656,-1.2958931803703309
DiscreteSAC,15,final,934,3934,-0.4713518559932709,10.0,5.0,0.26213201880455017,-1.3330308079719544
DiscreteSAC,15,final,935,3935,-0.28288385868072513,10.0,6.0,0.4710512161254883,-1.3370356798171996
DiscreteSAC,15,final,936,3936,-0.2564791262149811,10.0,4.0,0.4900214374065399,-1.293505322933197
DiscreteSAC,15,final,937,3937,-0.5040662050247193,10.0,3.0,0.9286162257194519,-1.2957039594650268
DiscreteSAC,15,final,938,3938,-0.17972699403762815,10.0,3.0,0.4406454563140869,-1.2781251192092895
DiscreteSAC,15,final,939,3939,-0.4164421796798706,10.0,5.0,0.39865604043006897,-1.3270699501037597
DiscreteSAC,15,final,940,3940,0.030410711765289297,7.0,4.0,0.6606939435005188,-1.2347694805690221
DiscreteSAC,15,final,941,3941,-0.3422977328300476,10.0,3.0,0.7824380993843079,-1.296409511566162
DiscreteSAC,15,final,942,3942,-0.4895930647850037,10.0,6.0,0.9110140204429626,-1.2800122022628784
DiscreteSAC,15,final,943,3943,-0.43559100031852727,10.0,7.0,0.31269145011901855,-1.3158578872680664
DiscreteSAC,15,final,944,3944,-0.44460989236831666,10.0,4.0,0.8579350709915161,-1.2664750814437866
DiscreteSAC,15,final,945,3945,-0.362680983543396,10.0,4.0,0.7522128224372864,-1.2721031069755555
DiscreteSAC,15,final,946,3946,-0.287148916721344,10.0,5.0,0.6578631401062012,-1.2998440980911254
DiscreteSAC,15,final,947,3947,-0.5320121407508851,10.0,6.0,0.8005708456039429,-1.3053032875061035
DiscreteSAC,15,final,948,3948,-0.3349606215953827,10.0,4.0,0.4296163022518158,-1.2821875095367432
DiscreteSAC,15,final,949,3949,-0.32387635409832,10.0,7.0,0.11781736463308334,-1.2763673424720765
DiscreteSAC,15,final,950,3950,-0.33675852954387664,9.0,4.0,0.2860589027404785,-1.327602505683899
DiscreteSAC,15,final,951,3951,-0.07961290121078492,9.0,4.0,0.6007727980613708,-1.340589510069953
DiscreteSAC,15,final,952,3952,-0.27019697666168213,9.0,5.0,0.8858986496925354,-1.3306452300813463
DiscreteSAC,15,final,953,3953,-0.26312659978866576,10.0,4.0,0.45061132311820984,-1.2451911330223084
DiscreteSAC,15,final,954,3954,-0.45871677398681643,10.0,5.0,0.7106683850288391,-1.3045848488807679
DiscreteSAC,15,final,955,3955,-0.4683331370353699,10.0,4.0,0.6408026814460754,-1.3281440734863281
DiscreteSAC,15,final,956,3956,-0.30237921327352524,10.0,5.0,0.1746409386396408,-1.2840331077575684
DiscreteSAC,15,final,957,3957,-0.7977438539266588,10.0,4.0,0.5627885460853577,-1.272504198551178
DiscreteSAC,15,final,958,3958,-0.6058253586292267,10.0,5.0,0.5050363540649414,-1.3094356060028076
DiscreteSAC,15,final,959,3959,-0.27050758600234986,10.0,4.0,0.9263785481452942,-1.2601643800735474
DiscreteSAC,15,final,960,3960,-0.21021169662475586,9.0,5.0,1.0609056949615479,-1.3231577078501384
DiscreteSAC,15,final,961,3961,-0.24063055753707885,9.0,4.0,0.9584442973136902,-1.253628174463908
DiscreteSAC,15,final,962,3962,-0.02658856391906736,8.0,5.0,0.601897120475769,-1.2982359379529953
DiscreteSAC,15,final,963,3963,-0.1572312951087952,10.0,5.0,0.8423959612846375,-1.2793672323226928
DiscreteSAC,15,final,964,3964,-0.36423875093460084,10.0,4.0,0.39841482043266296,-1.3091501116752624
DiscreteSAC,15,final,965,3965,-0.523635220527649,10.0,4.0,1.1096107959747314,-1.258261001110077
DiscreteSAC,15,final,966,3966,0.005763077735900868,10.0,6.0,1.3201911449432373,-1.3139719247817994
DiscreteSAC,15,final,967,3967,0.05556095600128175,4.0,3.0,0.7872384190559387,-1.278877079486847
DiscreteSAC,15,final,968,3968,-0.35571653842926027,10.0,4.0,0.634831964969635,-1.3169609665870667
DiscreteSAC,15,final,969,3969,-0.08582032442092895,7.0,5.0,0.36113643646240234,-1.2782954488481795
DiscreteSAC,15,final,970,3970,-0.411358118057251,10.0,3.0,1.0103079080581665,-1.3173454761505128
DiscreteSAC,15,final,971,3971,-0.4742099761962891,10.0,4.0,0.60997474193573,-1.293379580974579
DiscreteSAC,15,final,972,3972,0.10266555309295652,9.0,4.0,0.5672089457511902,-1.3418357637193468
DiscreteSAC,15,final,973,3973,-0.5248058408498765,10.0,4.0,0.2202540636062622,-1.305967593193054
DiscreteSAC,15,final,974,3974,-0.07597543478012082,8.0,6.0,0.9578612446784973,-1.296582892537117
DiscreteSAC,15,final,975,3975,-0.5530863381922245,10.0,5.0,0.20804466307163239,-1.3068246006965638
DiscreteSAC,15,final,976,3976,-0.1391728901863098,9.0,3.0,0.7506495714187622,-1.3328577015135024
DiscreteSAC,15,final,977,3977,-0.16163656711578367,10.0,3.0,1.0200706720352173,-1.2433425426483153
DiscreteSAC,15,final,978,3978,-0.865836584568024,10.0,5.0,1.0450226068496704,-1.3166695594787599
DiscreteSAC,15,final,979,3979,-0.2087738633155823,10.0,6.0,0.3425638675689697,-1.2933521270751953
DiscreteSAC,15,final,980,3980,-0.2004524007439613,10.0,3.0,0.09382840245962143,-1.316553795337677
DiscreteSAC,15,final,981,3981,-0.5417612284421921,10.0,5.0,0.3836140036582947,-1.2738600850105286
DiscreteSAC,15,final,982,3982,0.17322186231613157,10.0,5.0,0.8004643321037292,-1.3260490417480468
DiscreteSAC,15,final,983,3983,-0.18597310781478882,10.0,5.0,0.4791119694709778,-1.2551081776618958
DiscreteSAC,15,final,984,3984,-0.3364567279815674,10.0,4.0,1.07719886302948,-1.263327956199646
DiscreteSAC,15,final,985,3985,-0.2361822485923767,10.0,3.0,0.5100932121276855,-1.293102467060089
DiscreteSAC,15,final,986,3986,-0.20604167580604554,10.0,6.0,0.4053404927253723,-1.273884081840515
DiscreteSAC,15,final,987,3987,-0.09730375051498415,9.0,5.0,0.8695860505104065,-1.3034388489193387
DiscreteSAC,15,final,988,3988,-0.17609261512756347,9.0,4.0,0.9282130002975464,-1.2937750154071384
DiscreteSAC,15,final,989,3989,-0.26687964200973513,10.0,5.0,0.6414234042167664,-1.2792450308799743
DiscreteSAC,15,final,990,3990,-0.4020372569561005,10.0,5.0,0.364122599363327,-1.2623122572898864
DiscreteSAC,15,final,991,3991,-0.39434356689453126,10.0,4.0,0.895819365978241,-1.2703288316726684
DiscreteSAC,15,final,992,3992,-0.20718202590942383,10.0,6.0,0.6959619522094727,-1.2708213686943055
DiscreteSAC,15,final,993,3993,-0.17908734083175654,10.0,5.0,0.8045364022254944,-1.3092342972755433
DiscreteSAC,15,final,994,3994,-0.3802754759788513,10.0,7.0,1.0781320333480835,-1.281850516796112
DiscreteSAC,15,final,995,3995,-0.5261077761650086,10.0,4.0,0.42876097559928894,-1.272958791255951
DiscreteSAC,15,final,996,3996,-0.22612363487482068,9.0,7.0,0.24269919097423553,-1.2936364809672039
DiscreteSAC,15,final,997,3997,0.08647663593292232,10.0,7.0,0.548968493938446,-1.2900166511535645
DiscreteSAC,15,final,998,3998,-0.23794020414352413,10.0,6.0,0.7161639928817749,-1.2807801723480225
DiscreteSAC,15,final,999,3999,0.014072005748748784,7.0,4.0,0.7698620557785034,-1.298176952770778
DiscreteSAC,15,final,1000,4000,-0.17297229766845706,10.0,6.0,0.7681569457054138,-1.276085126399994
DiscreteSAC,15,final,1001,4001,-0.2633675575256348,10.0,5.0,1.1331984996795654,-1.272546923160553
DiscreteSAC,15,final,1002,4002,-0.3542768329381943,10.0,4.0,0.24206118285655975,-1.2753231525421143
DiscreteSAC,15,final,1003,4003,-0.5217074155807495,10.0,3.0,0.8494566679000854,-1.312046504020691
DiscreteSAC,15,final,1004,4004,-0.19420428276062013,10.0,4.0,0.6289868950843811,-1.2525386452674865
DiscreteSAC,15,final,1005,4005,-0.4757929861545563,10.0,4.0,0.5153633952140808,-1.2913100719451904
DiscreteSAC,15,final,1006,4006,-0.33447663784027093,10.0,4.0,1.09215247631073,-1.2935866355895995
DiscreteSAC,15,final,1007,4007,-0.372169154882431,10.0,4.0,0.2651784121990204,-1.273301112651825
DiscreteSAC,15,final,1008,4008,-0.5183118104934693,10.0,4.0,0.35373878479003906,-1.2749383568763732
DiscreteSAC,15,final,1009,4009,-0.3575096368789673,10.0,5.0,0.9678930044174194,-1.3265175342559814
DiscreteSAC,15,final,1010,4010,-0.18852928280830383,10.0,5.0,0.4203793704509735,-1.28581463098526
DiscreteSAC,15,final,1011,4011,-0.2226371645927429,10.0,4.0,0.9013993144035339,-1.307269823551178
DiscreteSAC,15,final,1012,4012,-0.24096108675003056,10.0,4.0,0.6923840641975403,-1.3051299452781677
DiscreteSAC,15,final,1013,4013,-0.36128222942352295,10.0,3.0,0.5780491232872009,-1.3350589275360107
DiscreteSAC,15,final,1014,4014,-0.30348867177963257,10.0,5.0,0.5775598287582397,-1.269919764995575
DiscreteSAC,15,final,1015,4015,-0.0781651735305786,10.0,5.0,0.8896565437316895,-1.3017797231674195
DiscreteSAC,15,final,1016,4016,-0.23196694254875183,10.0,5.0,0.3935856223106384,-1.297709345817566
DiscreteSAC,15,final,1017,4017,-0.17304528951644899,10.0,6.0,0.6858335733413696,-1.3102088809013366
DiscreteSAC,15,final,1018,4018,-0.2143421196937561,9.0,5.0,0.5480186343193054,-1.2954559988445706
DiscreteSAC,15,final,1019,4019,-0.33884798765182494,8.0,4.0,0.6964386105537415,-1.2837972342967987
DiscreteSAC,15,final,1020,4020,0.06290095567703247,8.0,5.0,0.6954218149185181,-1.2883083522319794
DiscreteSAC,15,final,1021,4021,-0.46012054681777953,10.0,4.0,0.6861215233802795,-1.3019239783287049
DiscreteSAC,15,final,1022,4022,-0.5439895182847977,10.0,5.0,0.315203458070755,-1.25653475522995
DiscreteSAC,15,final,1023,4023,-0.2850310683250427,10.0,4.0,0.5410698652267456,-1.3117350101470948
DiscreteSAC,15,final,1024,4024,-0.23853174090385432,9.0,5.0,0.36712363362312317,-1.3290316528744168
DiscreteSAC,15,final,1025,4025,-0.2999959468841553,10.0,7.0,0.2646370530128479,-1.276856243610382
DiscreteSAC,15,final,1026,4026,-0.6091605365276338,10.0,5.0,0.3384402394294739,-1.2883809566497804
DiscreteSAC,15,final,1027,4027,-0.04701274633407594,10.0,5.0,0.7015321850776672,-1.3391651868820191
DiscreteSAC,15,final,1028,4028,0.09871424674987792,6.0,3.0,0.6069771647453308,-1.3099111119906108
DiscreteSAC,15,final,1029,4029,-0.5682416975498201,10.0,4.0,0.4516773819923401,-1.2911144614219665
DiscreteSAC,15,final,1030,4030,-0.4368612229824066,10.0,6.0,0.5181607007980347,-1.2884320497512818
DiscreteSAC,15,final,1031,4031,-0.051939857006072995,10.0,6.0,0.9346608519554138,-1.2861782431602478
DiscreteSAC,15,final,1032,4032,-0.40275753736495973,10.0,4.0,0.41334056854248047,-1.3124527335166931
DiscreteSAC,15,final,1033,4033,-0.28033590316772455,10.0,5.0,0.7363759279251099,-1.3013935208320617
DiscreteSAC,15,final,1034,4034,-0.0469455647468567,8.0,4.0,0.6929665803909302,-1.2843085825443268
DiscreteSAC,15,final,1035,4035,-0.07147098302841186,7.0,5.0,0.6591486930847168,-1.262483034815107
DiscreteSAC,15,final,1036,4036,-0.2116476821899414,8.0,4.0,0.35829272866249084,-1.2846999019384384
DiscreteSAC,15,final,1037,4037,-0.585324251651764,10.0,5.0,0.9523302316665649,-1.295254635810852
DiscreteSAC,15,final,1038,4038,-0.4390401482582092,10.0,5.0,0.901955783367157,-1.298328733444214
DiscreteSAC,15,final,1039,4039,-0.11768094301223755,10.0,6.0,0.7478741407394409,-1.2624133229255676
DiscreteSAC,15,final,1040,4040,-0.44916831851005556,10.0,5.0,0.22365839779376984,-1.3238045811653136
DiscreteSAC,15,final,1041,4041,0.09468359470367431,8.0,4.0,0.5106824636459351,-1.2795847207307816
DiscreteSAC,15,final,1042,4042,-0.3450218766927719,10.0,4.0,0.20994719862937927,-1.313147521018982
DiscreteSAC,15,final,1043,4043,-0.28084313273429873,10.0,5.0,0.34324222803115845,-1.2842631697654725
DiscreteSAC,15,final,1044,4044,-0.3575534462928772,10.0,5.0,0.5104159116744995,-1.2772279977798462
DiscreteSAC,15,final,1045,4045,-0.12162847816944124,10.0,5.0,0.24007032811641693,-1.2875020265579225
DiscreteSAC,15,final,1046,4046,-0.3615780234336853,10.0,6.0,0.6752493977546692,-1.2904038429260254
DiscreteSAC,15,final,1047,4047,-0.45071406364440914,10.0,4.0,0.7091661095619202,-1.2803113460540771
DiscreteSAC,15,final,1048,4048,-0.5554994344711305,10.0,3.0,0.9656370878219604,-1.3101412773132324
DiscreteSAC,15,final,1049,4049,-0.31393017768859866,10.0,5.0,0.654895007610321,-1.2758510828018188
DiscreteSAC,15,final,1050,4050,-0.41241656780242925,9.0,4.0,0.7928819060325623,-1.2999960316552057
DiscreteSAC,15,final,1051,4051,-0.4177520453929901,10.0,4.0,0.39448899030685425,-1.3360629200935363
DiscreteSAC,15,final,1052,4052,-0.2677474343776703,9.0,5.0,0.4580497741699219,-1.2914116515053644
DiscreteSAC,15,final,1053,4053,-0.29009534120559693,10.0,6.0,0.5233031511306763,-1.2829830765724182
DiscreteSAC,15,final,1054,4054,-0.30355247259140017,10.0,5.0,0.5300758481025696,-1.292860782146454
DiscreteSAC,15,final,1055,4055,-0.06334494352340699,10.0,4.0,0.7878726124763489,-1.3160732626914977
DiscreteSAC,15,final,1056,4056,-0.2944101929664612,10.0,5.0,0.8898665308952332,-1.283390474319458
DiscreteSAC,15,final,1057,4057,-0.06367613315582275,9.0,6.0,0.6337626576423645,-1.244662086168925
DiscreteSAC,15,final,1058,4058,-0.43663984537124634,10.0,3.0,0.7299450635910034,-1.2162341833114625
DiscreteSAC,15,final,1059,4059,-0.41161932945251467,10.0,5.0,0.9195142388343811,-1.2845092296600342
DiscreteSAC,15,final,1060,4060,-0.12019825458526613,8.0,5.0,0.2776283919811249,-1.2872677147388458
DiscreteSAC,15,final,1061,4061,-0.46538419723510743,10.0,4.0,0.9249134659767151,-1.2918745875358582
DiscreteSAC,15,final,1062,4062,-0.313811719417572,10.0,5.0,0.8456964492797852,-1.2937762141227722
DiscreteSAC,15,final,1063,4063,-0.3353628277778626,10.0,6.0,0.5841401219367981,-1.2460672974586486
DiscreteSAC,15,final,1064,4064,-0.6537649273872376,10.0,5.0,0.9189078211784363,-1.2816799759864808
DiscreteSAC,15,final,1065,4065,-0.37005163431167604,10.0,4.0,0.376796156167984,-1.2625334501266479
DiscreteSAC,15,final,1066,4066,-0.48014911711215974,10.0,4.0,0.19145022332668304,-1.3113347887992859
DiscreteSAC,15,final,1067,4067,-0.12462347745895387,10.0,5.0,0.945733368396759,-1.2888072967529296
DiscreteSAC,15,final,1068,4068,-0.2807886600494385,10.0,5.0,0.2994668185710907,-1.2978665828704834
DiscreteSAC,15,final,1069,4069,-0.41906716823577883,10.0,5.0,0.4310935139656067,-1.2602423191070558
DiscreteSAC,15,final,1070,4070,-0.35632753968238834,10.0,6.0,0.13307379186153412,-1.307141935825348
DiscreteSAC,15,final,1071,4071,-0.4405267179012299,10.0,5.0,0.47525668144226074,-1.2956139683723449
DiscreteSAC,15,final,1072,4072,0.03663068294525146,7.0,5.0,0.6315177083015442,-1.2371722289494105
DiscreteSAC,15,final,1073,4073,-0.42990061044692995,10.0,5.0,0.18974842131137848,-1.2696631669998169
DiscreteSAC,15,final,1074,4074,-0.20029198110103608,8.0,5.0,0.3075018525123596,-1.3068427592515945
DiscreteSAC,15,final,1075,4075,-0.26405529022216795,9.0,3.0,0.5756524801254272,-1.2444141176011827
DiscreteSAC,15,final,1076,4076,-0.18947386980056763,9.0,5.0,0.5988849997520447,-1.3090313408109877
DiscreteSAC,15,final,1077,4077,-0.22994427680969237,10.0,4.0,0.6143676042556763,-1.2475641012191772
DiscreteSAC,15,final,1078,4078,0.14264471054077146,8.0,4.0,1.0816969871520996,-1.2747385054826736
DiscreteSAC,15,final,1079,4079,-0.30642112493515017,10.0,5.0,0.9454920887947083,-1.257345986366272
DiscreteSAC,15,final,1080,4080,0.01077551364898681,8.0,4.0,0.7380437850952148,-1.2856352478265762
DiscreteSAC,15,final,1081,4081,-0.33412221908569334,9.0,3.0,1.1774152517318726,-1.3082751035690308
DiscreteSAC,15,final,1082,4082,-0.3031309604644776,10.0,6.0,0.20540973544120789,-1.2850712776184081
DiscreteSAC,15,final,1083,4083,-0.312786945104599,9.0,3.0,0.38758596777915955,-1.3167732821570501
DiscreteSAC,15,final,1084,4084,-0.23705350160598754,10.0,4.0,0.3091202676296234,-1.353790271282196
DiscreteSAC,15,final,1085,4085,-0.11986008882522586,10.0,6.0,0.9556426405906677,-1.3123080372810363
DiscreteSAC,15,final,1086,4086,-0.4785075426101685,10.0,5.0,1.0934207439422607,-1.3386610269546508
DiscreteSAC,15,final,1087,4087,-0.35949631929397585,10.0,5.0,0.4694504141807556,-1.308722198009491
DiscreteSAC,15,final,1088,4088,-0.18629300832748408,9.0,5.0,0.5174323916435242,-1.289096964730157
DiscreteSAC,15,final,1089,4089,-0.4780908286571503,10.0,6.0,0.5033422708511353,-1.3115954756736756
DiscreteSAC,15,final,1090,4090,-0.054520177841186554,10.0,4.0,0.881977915763855,-1.3343096613883971
DiscreteSAC,15,final,1091,4091,-0.4266911953687668,10.0,6.0,0.2038370817899704,-1.303005838394165
DiscreteSAC,15,final,1092,4092,-0.09652166843414307,8.0,4.0,0.5982325673103333,-1.2991108298301697
DiscreteSAC,15,final,1093,4093,-0.3843148469924927,10.0,4.0,0.6947548985481262,-1.257516360282898
DiscreteSAC,15,final,1094,4094,-0.2967421531677246,10.0,4.0,0.6967777609825134,-1.290920042991638
DiscreteSAC,15,final,1095,4095,-0.5120258116722108,9.0,3.0,1.0043792724609375,-1.2809668249554105
DiscreteSAC,15,final,1096,4096,-0.32877659797668457,10.0,5.0,0.34689417481422424,-1.2548325181007385
DiscreteSAC,15,final,1097,4097,-0.5284433603286743,10.0,5.0,0.29103830456733704,-1.309934389591217
DiscreteSAC,15,final,1098,4098,-0.34813661575317384,10.0,4.0,0.5849294662475586,-1.2868850231170654
DiscreteSAC,15,final,1099,4099,-0.1688475489616394,10.0,4.0,0.985599935054779,-1.2763765335083008
DiscreteSAC,15,final,1100,4100,-0.15141472816467283,10.0,3.0,0.5709611177444458,-1.26439471244812
DiscreteSAC,15,final,1101,4101,-0.48682135045528413,10.0,4.0,0.2721024453639984,-1.2952003598213195
DiscreteSAC,15,final,1102,4102,-0.5998462110757828,10.0,4.0,0.2853547930717468,-1.3542096257209777
DiscreteSAC,15,final,1103,4103,-0.5493070602416993,10.0,4.0,0.9235324263572693,-1.3011046528816224
DiscreteSAC,15,final,1104,4104,-0.2128621220588684,10.0,4.0,0.5261067748069763,-1.2989617466926575
DiscreteSAC,15,final,1105,4105,-0.9441447675228121,10.0,4.0,0.8910643458366394,-1.298043715953827
DiscreteSAC,15,final,1106,4106,-0.514850914478302,10.0,3.0,0.8342117071151733,-1.2467554450035094
DiscreteSAC,15,final,1107,4107,-0.26197577714920045,10.0,4.0,0.7361334562301636,-1.2691700220108033
DiscreteSAC,15,final,1108,4108,-0.07960952758789065,9.0,6.0,0.732903003692627,-1.3091974258422852
DiscreteSAC,15,final,1109,4109,-0.6264500886201858,10.0,4.0,0.37120383977890015,-1.2983788132667542
DiscreteSAC,15,final,1110,4110,-0.26261121630668643,10.0,6.0,0.3746972680091858,-1.319651198387146
DiscreteSAC,15,final,1111,4111,-0.26782618165016175,10.0,6.0,0.306632936000824,-1.2807815313339233
DiscreteSAC,15,final,1112,4112,-0.27803614139556887,10.0,5.0,0.9012837409973145,-1.2578450918197632
DiscreteSAC,15,final,1113,4113,-0.5539198040962219,10.0,4.0,0.491671085357666,-1.2994510054588317
DiscreteSAC,15,final,1114,4114,-0.33904901742935184,10.0,6.0,0.3120444715023041,-1.276490819454193
DiscreteSAC,15,final,1115,4115,-0.25720279216766356,10.0,4.0,1.0475616455078125,-1.2829741477966308
DiscreteSAC,15,final,1116,4116,-0.24761108160018924,10.0,6.0,0.7895367741584778,-1.3019989013671875
DiscreteSAC,15,final,1117,4117,-0.46820915937423707,10.0,4.0,0.15588165819644928,-1.3142578601837158
DiscreteSAC,15,final,1118,4118,-0.340579891204834,10.0,5.0,0.8307104110717773,-1.2684003591537476
DiscreteSAC,15,final,1119,4119,-0.27857697010040283,10.0,3.0,0.5739225745201111,-1.2971079349517822
DiscreteSAC,15,final,1120,4120,-0.42897837698459623,9.0,3.0,0.2996980845928192,-1.3032499816682603
DiscreteSAC,15,final,1121,4121,-0.45474973022937776,10.0,4.0,0.1770690232515335,-1.3327355623245238
DiscreteSAC,15,final,1122,4122,-0.6805902242660523,10.0,4.0,1.0412696599960327,-1.2587232828140258
DiscreteSAC,15,final,1123,4123,-0.3383768439292908,10.0,5.0,0.8722504377365112,-1.2748685240745545
DiscreteSAC,15,final,1124,4124,-0.2613157987594604,10.0,6.0,0.5501494407653809,-1.2945684671401978
DiscreteSAC,15,final,1125,4125,-0.48971996903419496,10.0,4.0,0.2583574652671814,-1.3094941973686218
DiscreteSAC,15,final,1126,4126,-0.24057165980339051,10.0,6.0,0.1616022288799286,-1.2502209424972535
DiscreteSAC,15,final,1127,4127,0.28299782991409306,8.0,6.0,0.7984928488731384,-1.310153216123581
DiscreteSAC,15,final,1128,4128,-0.12083922624588013,10.0,4.0,0.5780426859855652,-1.2940523862838744
DiscreteSAC,15,final,1129,4129,-0.2381228804588318,10.0,5.0,0.6012946367263794,-1.3223317384719848
DiscreteSAC,15,final,1130,4130,-0.4940225124359131,10.0,5.0,0.44530361890792847,-1.3076518535614015
DiscreteSAC,15,final,1131,4131,-0.2876628577709198,10.0,5.0,0.4822686016559601,-1.2915683388710022
DiscreteSAC,15,final,1132,4132,-0.3291121482849121,10.0,6.0,0.8393539190292358,-1.297825539112091
DiscreteSAC,15,final,1133,4133,-0.6483093321323395,10.0,4.0,0.5422860980033875,-1.2733783841133117
DiscreteSAC,15,final,1134,4134,-0.5129987716674804,10.0,4.0,0.39679840207099915,-1.2765460848808288
DiscreteSAC,15,final,1135,4135,-0.2950505465269089,10.0,5.0,0.2254362404346466,-1.2939563751220704
DiscreteSAC,15,final,1136,4136,0.07281619071960448,9.0,5.0,0.8476085662841797,-1.305876268280877
DiscreteSAC,15,final,1137,4137,-0.4886082053184509,10.0,5.0,0.5986337661743164,-1.2759223103523254
DiscreteSAC,15,final,1138,4138,-0.4347252631187439,9.0,3.0,0.4550652801990509,-1.2930428716871474
DiscreteSAC,15,final,1139,4139,-0.30939223766326907,10.0,5.0,0.5268245339393616,-1.3279290199279785
DiscreteSAC,15,final,1140,4140,-0.4360368371009827,10.0,4.0,0.7686508893966675,-1.2904705166816712
DiscreteSAC,15,final,1141,4141,-0.46243286132812494,10.0,5.0,0.5854873657226562,-1.2992901444435119
DiscreteSAC,15,final,1142,4142,-0.5831465244293215,10.0,4.0,0.7506443858146667,-1.2864625096321105
DiscreteSAC,15,final,1143,4143,-0.4837640762329103,10.0,5.0,0.6201559901237488,-1.2674333333969117
DiscreteSAC,15,final,1144,4144,-0.08120554924011229,9.0,5.0,0.6599106192588806,-1.3264729181925456
DiscreteSAC,15,final,1145,4145,-0.49340535402297975,10.0,4.0,0.15517230331897736,-1.255694830417633
DiscreteSAC,15,final,1146,4146,-0.36872894763946534,10.0,4.0,0.29601868987083435,-1.293884241580963
DiscreteSAC,15,final,1147,4147,-0.6542816281318666,10.0,4.0,0.9449698328971863,-1.2609065294265747
DiscreteSAC,15,final,1148,4148,-0.4408962845802307,10.0,4.0,0.4624311625957489,-1.3237752556800841
DiscreteSAC,15,final,1149,4149,-0.12033121585845948,10.0,4.0,0.6615555882453918,-1.3611000299453735
DiscreteSAC,15,final,1150,4150,-0.1336800479888916,9.0,5.0,0.9543962478637695,-1.2700948847664728
DiscreteSAC,15,final,1151,4151,-0.22737218737602233,10.0,4.0,0.23679134249687195,-1.3004952311515807
DiscreteSAC,15,final,1152,4152,-0.6131197333335878,10.0,4.0,0.44962576031684875,-1.3114366769790649
DiscreteSAC,15,final,1153,4153,-0.46409221887588503,10.0,5.0,0.42381516098976135,-1.2900751113891602
DiscreteSAC,15,final,1154,4154,-0.3751209616661072,10.0,5.0,0.5082036256790161,-1.2759152889251708
DiscreteSAC,15,final,1155,4155,-0.27945541143417363,10.0,7.0,0.303559809923172,-1.3071278929710388
DiscreteSAC,15,final,1156,4156,-0.1849752426147461,10.0,6.0,1.041976809501648,-1.281816828250885
DiscreteSAC,15,final,1157,4157,-0.27589844465255736,10.0,4.0,0.5045281648635864,-1.3114421725273133
DiscreteSAC,15,final,1158,4158,-0.11864187002182007,8.0,6.0,0.9349532127380371,-1.2739133536815643
DiscreteSAC,15,final,1159,4159,-0.20877122163772582,8.0,4.0,0.9464473724365234,-1.3318188041448593
DiscreteSAC,15,final,1160,4160,-0.326616907119751,10.0,5.0,0.7890896201133728,-1.3253502011299134
DiscreteSAC,15,final,1161,4161,-0.39566161632537844,10.0,5.0,0.3921652138233185,-1.3068069815635681
DiscreteSAC,15,final,1162,4162,-0.4547768771648407,10.0,5.0,0.37771493196487427,-1.3162904024124145
DiscreteSAC,15,final,1163,4163,-0.34415779113769535,10.0,6.0,1.0881835222244263,-1.3319239139556884
DiscreteSAC,15,final,1164,4164,-0.13154820799827577,10.0,6.0,0.3700287938117981,-1.286786139011383
DiscreteSAC,15,final,1165,4165,-0.1953366994857788,10.0,3.0,0.8240240812301636,-1.3014753818511964
DiscreteSAC,15,final,1166,4166,-0.4535341501235962,10.0,5.0,0.6298022866249084,-1.283482563495636
DiscreteSAC,15,final,1167,4167,-0.6185816049575805,10.0,4.0,0.6791731119155884,-1.3025122165679932
DiscreteSAC,15,final,1168,4168,-0.13592186570167542,10.0,5.0,0.4680006802082062,-1.2691657423973084
DiscreteSAC,15,final,1169,4169,-0.22103833198547362,9.0,4.0,0.5344539880752563,-1.2796647548675537
DiscreteSAC,15,final,1170,4170,-0.44613912850618365,10.0,5.0,0.13790133595466614,-1.3342982053756713
DiscreteSAC,15,final,1171,4171,-0.35738888978958133,10.0,6.0,0.632422924041748,-1.2800604701042175
DiscreteSAC,15,final,1172,4172,-0.17642395496368407,10.0,4.0,0.799187958240509,-1.3322831869125367
DiscreteSAC,15,final,1173,4173,-0.23519133567810058,9.0,4.0,0.9395996928215027,-1.2805956204732258
DiscreteSAC,15,final,1174,4174,-0.14024645090103152,10.0,8.0,0.866012454032898,-1.2691424250602723
DiscreteSAC,15,final,1175,4175,-0.7166329443454744,10.0,4.0,0.5179844498634338,-1.3081263303756714
DiscreteSAC,15,final,1176,4176,-0.31565638780593874,10.0,5.0,0.7620929479598999,-1.2895508527755737
DiscreteSAC,15,final,1177,4177,-0.4592007264494896,10.0,5.0,0.17180311679840088,-1.2925709247589112
DiscreteSAC,15,final,1178,4178,-0.31628178358078,10.0,4.0,0.6763160824775696,-1.3301374912261963
DiscreteSAC,15,final,1179,4179,-0.22268817424774173,10.0,6.0,1.164486050605774,-1.272824215888977
DiscreteSAC,15,final,1180,4180,-0.08998232364654542,8.0,4.0,0.5479827523231506,-1.2832203656435013
DiscreteSAC,15,final,1181,4181,-0.40062615871429447,10.0,6.0,0.21247445046901703,-1.3099130392074585
DiscreteSAC,15,final,1182,4182,-0.2812442380189895,8.0,5.0,0.2262314110994339,-1.2949546426534653
DiscreteSAC,15,final,1183,4183,-0.6205922603607179,10.0,5.0,0.824745774269104,-1.2776947140693664
DiscreteSAC,15,final,1184,4184,-0.41785432696342467,10.0,7.0,0.587799608707428,-1.3336726307868958
DiscreteSAC,15,final,1185,4185,-0.36465501785278315,10.0,5.0,0.3870612680912018,-1.3310462594032288
DiscreteSAC,15,final,1186,4186,-0.3265327095985413,10.0,7.0,1.0026670694351196,-1.3344497561454773
DiscreteSAC,15,final,1187,4187,-0.2802751898765564,10.0,5.0,0.614850640296936,-1.2772406339645386
DiscreteSAC,15,final,1188,4188,-0.37311468124389646,10.0,6.0,0.49565377831459045,-1.338933491706848
DiscreteSAC,15,final,1189,4189,-0.5983335494995117,10.0,4.0,0.8727967143058777,-1.2767037987709045
DiscreteSAC,15,final,1190,4190,-0.14317445755004882,10.0,4.0,0.8163801431655884,-1.2934557676315308
DiscreteSAC,15,final,1191,4191,-0.32267973423004154,10.0,6.0,0.9280192255973816,-1.2765676259994507
DiscreteSAC,15,final,1192,4192,-0.3792461562156677,8.0,3.0,0.3968687355518341,-1.2862471789121628
DiscreteSAC,15,final,1193,4193,-0.31688293218612673,10.0,5.0,0.531819760799408,-1.3078091740608215
DiscreteSAC,15,final,1194,4194,-0.3141850137710571,9.0,4.0,0.7649111747741699,-1.2884386512968276
DiscreteSAC,15,final,1195,4195,-0.2596516847610474,10.0,5.0,0.5729066133499146,-1.308013367652893
DiscreteSAC,15,final,1196,4196,-0.31043870449066163,10.0,4.0,0.6151650547981262,-1.296466302871704
DiscreteSAC,15,final,1197,4197,-0.2105324625968933,10.0,3.0,0.8910260796546936,-1.330543303489685
DiscreteSAC,15,final,1198,4198,-0.23652065992355348,10.0,4.0,0.7904987931251526,-1.294911766052246
DiscreteSAC,15,final,1199,4199,-0.23648836016654967,10.0,4.0,0.3269939422607422,-1.2877683281898498
DiscreteSAC,15,final,1200,4200,-0.3974395036697388,10.0,5.0,0.7368119359016418,-1.3196216821670532
DiscreteSAC,15,final,1201,4201,-0.3204732179641724,10.0,5.0,0.6531306505203247,-1.2980862617492677
DiscreteSAC,15,final,1202,4202,-0.3895372271537781,10.0,4.0,0.9330614805221558,-1.3187933444976807
DiscreteSAC,15,final,1203,4203,-0.05164028406143188,10.0,6.0,0.8625922799110413,-1.2985913276672363
DiscreteSAC,15,final,1204,4204,-0.27366850376129154,10.0,6.0,0.9810570478439331,-1.2754951477050782
DiscreteSAC,15,final,1205,4205,-0.6426781788468361,10.0,3.0,0.22815370559692383,-1.2750765562057496
DiscreteSAC,15,final,1206,4206,-0.4003688216209412,10.0,4.0,0.7629075646400452,-1.2768692135810853
DiscreteSAC,15,final,1207,4207,-0.5943859606981278,10.0,5.0,0.348101407289505,-1.2919922113418578
DiscreteSAC,15,final,1208,4208,-0.2993290424346924,10.0,5.0,0.7284879088401794,-1.322674322128296
DiscreteSAC,15,final,1209,4209,-0.3215536236763001,10.0,6.0,0.6696795225143433,-1.263771653175354
DiscreteSAC,15,final,1210,4210,-0.1750358104705811,10.0,6.0,1.0302150249481201,-1.346850049495697
DiscreteSAC,15,final,1211,4211,-0.3190115928649902,10.0,5.0,0.720375120639801,-1.2749016404151916
DiscreteSAC,15,final,1212,4212,-0.2757360219955444,10.0,4.0,0.6067631840705872,-1.2876809000968934
DiscreteSAC,15,final,1213,4213,-0.2712931752204895,10.0,6.0,0.5663996338844299,-1.2876066446304322
DiscreteSAC,15,final,1214,4214,-0.5140663355588914,10.0,4.0,0.21238192915916443,-1.2889452695846557
DiscreteSAC,15,final,1215,4215,-0.22850497961044314,10.0,5.0,0.7116509675979614,-1.3114639401435852
DiscreteSAC,15,final,1216,4216,-0.04287127614021301,6.0,5.0,0.5077196955680847,-1.2863354682922363
DiscreteSAC,15,final,1217,4217,-0.6489426732063293,10.0,5.0,0.45130595564842224,-1.29595890045166
DiscreteSAC,15,final,1218,4218,-0.43652665615081787,10.0,3.0,0.4901585578918457,-1.3189778327941895
DiscreteSAC,15,final,1219,4219,-0.6201443433761598,10.0,6.0,0.7766796350479126,-1.2978732466697693
DiscreteSAC,15,final,1220,4220,-0.27444231510162354,10.0,5.0,0.428270161151886,-1.289784801006317
DiscreteSAC,15,final,1221,4221,-0.42288211584091184,10.0,6.0,0.9063562750816345,-1.3230004072189332
DiscreteSAC,15,final,1222,4222,-0.386162194609642,10.0,4.0,0.17774073779582977,-1.2570646762847901
DiscreteSAC,15,final,1223,4223,0.09491673707962033,10.0,7.0,0.8741435408592224,-1.326120412349701
DiscreteSAC,15,final,1224,4224,-0.38866512179374696,10.0,4.0,0.39169713854789734,-1.3455234169960022
DiscreteSAC,15,final,1225,4225,-0.07554319739341737,9.0,5.0,0.40495648980140686,-1.3034527036878798
DiscreteSAC,15,final,1226,4226,-0.16863616704940798,10.0,5.0,0.9447504878044128,-1.3122685313224793
DiscreteSAC,15,final,1227,4227,-0.22619980573654175,10.0,5.0,0.891673743724823,-1.2732782244682312
DiscreteSAC,15,final,1228,4228,-0.13738852739334106,10.0,5.0,0.7924426198005676,-1.3126900434494018
DiscreteSAC,15,final,1229,4229,-0.3655438542366028,10.0,4.0,0.7030318975448608,-1.2963832378387452
DiscreteSAC,15,final,1230,4230,-0.2988566875457763,10.0,6.0,0.6141200661659241,-1.2967657208442689
DiscreteSAC,15,final,1231,4231,-0.5719137758016587,10.0,4.0,0.3018943965435028,-1.3110342383384705
DiscreteSAC,15,final,1232,4232,-0.38385459780693054,10.0,3.0,0.4408409297466278,-1.2855891346931458
DiscreteSAC,15,final,1233,4233,-0.2772527694702148,10.0,6.0,0.7955146431922913,-1.3098573565483094
DiscreteSAC,15,final,1234,4234,-0.6425060302019119,10.0,4.0,0.32554879784584045,-1.2975587964057922
DiscreteSAC,15,final,1235,4235,-0.44625723361968994,10.0,3.0,0.6769643425941467,-1.2406468152999879
DiscreteSAC,15,final,1236,4236,-0.42045183181762696,10.0,4.0,0.7847215533256531,-1.2771538853645326
DiscreteSAC,15,final,1237,4237,-0.4369739294052124,10.0,3.0,0.7950482964515686,-1.2773006200790404
DiscreteSAC,15,final,1238,4238,-0.19283323287963866,10.0,4.0,0.7967280745506287,-1.275048553943634
DiscreteSAC,15,final,1239,4239,-0.3932330042123795,10.0,7.0,0.34023427963256836,-1.3062237977981568
DiscreteSAC,15,final,1240,4240,-0.2830057621002197,10.0,4.0,0.7712499499320984,-1.269174540042877
DiscreteSAC,15,final,1241,4241,-0.32205321788787844,10.0,5.0,1.1154134273529053,-1.2747698664665221
DiscreteSAC,15,final,1242,4242,-0.008838047981262212,9.0,4.0,1.1101248264312744,-1.2804870737923517
DiscreteSAC,15,final,1243,4243,-0.06333664298057555,9.0,5.0,0.49826595187187195,-1.3332557678222656
DiscreteSAC,15,final,1244,4244,-0.17687528371810912,9.0,4.0,0.8386109471321106,-1.2785872883266873
DiscreteSAC,15,final,1245,4245,-0.5641109585762025,10.0,5.0,0.7076967358589172,-1.2847896456718444
DiscreteSAC,15,final,1246,4246,-0.5016531080007555,10.0,4.0,0.41258400678634644,-1.257186233997345
DiscreteSAC,15,final,1247,4247,-0.44633073806762696,10.0,4.0,0.22285683453083038,-1.3211678862571716
DiscreteSAC,15,final,1248,4248,-0.4552044987678528,10.0,4.0,0.7330394983291626,-1.2743916749954223
DiscreteSAC,15,final,1249,4249,-0.36458221077919006,10.0,3.0,0.34559187293052673,-1.3196910619735718
DiscreteSAC,15,final,1250,4250,-0.3004115581512451,10.0,6.0,0.5537273287773132,-1.2946577429771424
DiscreteSAC,15,final,1251,4251,-0.5064881116151809,10.0,4.0,0.2629024386405945,-1.296512532234192
DiscreteSAC,15,final,1252,4252,-0.277548086643219,10.0,4.0,0.7079230546951294,-1.304125428199768
DiscreteSAC,15,final,1253,4253,-0.5068989008665086,10.0,6.0,0.3820555508136749,-1.3285971641540528
DiscreteSAC,15,final,1254,4254,-0.3128663539886475,10.0,5.0,0.46099239587783813,-1.3268359780311585
DiscreteSAC,15,final,1255,4255,-0.19100033044815062,10.0,4.0,0.3551505506038666,-1.3135140538215637
DiscreteSAC,15,final,1256,4256,-0.3535142168402672,10.0,5.0,0.2266707867383957,-1.3377631902694702
DiscreteSAC,15,final,1257,4257,-0.5193659782409669,10.0,4.0,0.8696280717849731,-1.2889871001243591
DiscreteSAC,15,final,1258,4258,-0.28099243879318236,9.0,4.0,0.5218018889427185,-1.3305625518163045
DiscreteSAC,15,final,1259,4259,-0.29711788415908813,7.0,4.0,0.47864198684692383,-1.3077742201941354
DiscreteSAC,15,final,1260,4260,-0.2659102976322174,10.0,5.0,0.30747905373573303,-1.277896773815155
DiscreteSAC,15,final,1261,4261,-0.4132327824831009,10.0,5.0,0.2147672474384308,-1.3071853041648864
DiscreteSAC,15,final,1262,4262,-0.495333144068718,10.0,5.0,0.33504438400268555,-1.303910994529724
DiscreteSAC,15,final,1263,4263,-0.4480950653553009,10.0,4.0,0.13307535648345947,-1.300631082057953
DiscreteSAC,15,final,1264,4264,-0.35678921192884444,10.0,4.0,0.16536979377269745,-1.282307231426239
DiscreteSAC,15,final,1265,4265,-0.32365118265151976,10.0,4.0,0.9146263003349304,-1.299837303161621
DiscreteSAC,15,final,1266,4266,-0.36963458061218263,10.0,4.0,0.2514187693595886,-1.2814452171325683
DiscreteSAC,15,final,1267,4267,-0.45339306294918064,10.0,6.0,0.19957856833934784,-1.3638739228248595
DiscreteSAC,15,final,1268,4268,-0.3299386739730835,10.0,5.0,0.5579294562339783,-1.310582959651947
DiscreteSAC,15,final,1269,4269,-0.44010624885559085,10.0,3.0,0.4026368260383606,-1.3100073099136353
DiscreteSAC,15,final,1270,4270,-0.48467901647090916,10.0,7.0,0.36100953817367554,-1.2600993394851685
DiscreteSAC,15,final,1271,4271,-0.21547014713287355,10.0,4.0,0.5202317237854004,-1.311931073665619
DiscreteSAC,15,final,1272,4272,-0.40631497502326963,10.0,3.0,0.25990015268325806,-1.289394235610962
DiscreteSAC,15,final,1273,4273,-0.40758798718452455,10.0,4.0,0.44760915637016296,-1.2781180024147034
DiscreteSAC,15,final,1274,4274,-0.3242436945438385,10.0,5.0,0.24219980835914612,-1.2887534976005555
DiscreteSAC,15,final,1275,4275,-0.13787994384765628,10.0,6.0,0.4108584523200989,-1.3163094520568848
DiscreteSAC,15,final,1276,4276,-0.5295881271362305,10.0,5.0,0.7025585174560547,-1.3238305926322937
DiscreteSAC,15,final,1277,4277,0.043814880847930913,8.0,6.0,0.9559829831123352,-1.3163786083459854
DiscreteSAC,15,final,1278,4278,-0.2627143239974975,6.0,4.0,1.0011552572250366,-1.2913613319396973
DiscreteSAC,15,final,1279,4279,-0.019671909809112556,8.0,4.0,0.8848696351051331,-1.2545762956142426
DiscreteSAC,15,final,1280,4280,-0.2939148426055908,10.0,4.0,0.5897156000137329,-1.2855389595031739
DiscreteSAC,15,final,1281,4281,-0.33051183819770813,10.0,3.0,0.4553222358226776,-1.295029079914093
DiscreteSAC,15,final,1282,4282,-0.27087759375572207,10.0,5.0,0.47666868567466736,-1.3025023937225342
DiscreteSAC,15,final,1283,4283,-0.550137323141098,10.0,4.0,0.3340422809123993,-1.3001833438873291
DiscreteSAC,15,final,1284,4284,-0.5256812095642089,10.0,4.0,0.6981315016746521,-1.295854651927948
DiscreteSAC,15,final,1285,4285,-0.04323172807693483,9.0,5.0,0.7473512887954712,-1.3787574238247342
DiscreteSAC,15,final,1286,4286,-0.1708643817901611,9.0,3.0,0.6593051552772522,-1.3352267212337918
DiscreteSAC,15,final,1287,4287,-0.37730547189712527,10.0,5.0,0.5289851427078247,-1.268295907974243
DiscreteSAC,15,final,1288,4288,-0.14322106838226317,10.0,4.0,0.5654420852661133,-1.3034192323684692
DiscreteSAC,15,final,1289,4289,-0.631185007095337,10.0,4.0,0.6838783025741577,-1.3180094242095948
DiscreteSAC,15,final,1290,4290,-0.21436107158660891,10.0,3.0,0.5189068913459778,-1.2840515851974488
DiscreteSAC,15,final,1291,4291,-0.4892356097698212,10.0,5.0,0.6775978803634644,-1.2946409225463866
DiscreteSAC,15,final,1292,4292,-0.21943331599235533,9.0,3.0,0.2800047993659973,-1.3121711015701294
DiscreteSAC,15,final,1293,4293,-0.4167149305343628,10.0,5.0,0.4137735962867737,-1.2896126508712769
DiscreteSAC,15,final,1294,4294,-0.2411971926689148,10.0,5.0,0.8190506100654602,-1.3184686660766602
DiscreteSAC,15,final,1295,4295,-0.19443005919456485,10.0,6.0,0.46809980273246765,-1.2638420581817627
DiscreteSAC,15,final,1296,4296,-0.3305738568305969,10.0,5.0,0.7215674519538879,-1.2894013047218322
DiscreteSAC,15,final,1297,4297,-0.2541831308603287,9.0,5.0,0.2198442667722702,-1.2981419165929158
DiscreteSAC,15,final,1298,4298,-0.5843205608427524,10.0,4.0,0.1849505603313446,-1.2752637147903443
DiscreteSAC,15,final,1299,4299,-0.3402929544448853,10.0,5.0,0.5775896310806274,-1.2692348122596742
DiscreteSAC,15,final,1300,4300,-0.45510358810424806,10.0,4.0,0.8309769630432129,-1.3086174130439758
DiscreteSAC,15,final,1301,4301,-0.3058682009577751,10.0,5.0,0.14088301360607147,-1.3216805934906006
DiscreteSAC,15,final,1302,4302,-0.467282646894455,10.0,5.0,0.23040185868740082,-1.2740836024284363
DiscreteSAC,15,final,1303,4303,-0.41743495464324953,10.0,5.0,0.17075540125370026,-1.2855792403221131
DiscreteSAC,15,final,1304,4304,-0.21269095540046692,10.0,6.0,0.3908848464488983,-1.2935189127922058
DiscreteSAC,15,final,1305,4305,-0.36102991104125975,10.0,4.0,0.8172841668128967,-1.3179432988166808
DiscreteSAC,15,final,1306,4306,-0.3183918476104736,10.0,4.0,0.5276973843574524,-1.3254960775375366
DiscreteSAC,15,final,1307,4307,-0.33880208730697636,10.0,7.0,0.6903332471847534,-1.3146134972572328
DiscreteSAC,15,final,1308,4308,-0.2351220721006393,9.0,5.0,0.1646672934293747,-1.309556073612637
DiscreteSAC,15,final,1309,4309,-0.1506175923347473,8.0,4.0,0.3398788869380951,-1.2841594964265823
DiscreteSAC,15,final,1310,4310,-0.41994508504867556,10.0,5.0,0.6716917157173157,-1.2481523036956788
DiscreteSAC,15,final,1311,4311,-0.23972685337066652,10.0,6.0,0.7869380116462708,-1.3232051134109497
DiscreteSAC,15,final,1312,4312,-0.0825987505912781,8.0,5.0,0.6344545483589172,-1.2599206566810608
DiscreteSAC,15,final,1313,4313,-0.2522486209869385,10.0,6.0,0.7408158183097839,-1.275200319290161
DiscreteSAC,15,final,1314,4314,-0.25012409687042236,10.0,5.0,0.7669292092323303,-1.2568689465522767
DiscreteSAC,15,final,1315,4315,-0.14048720598220826,10.0,6.0,0.6142622828483582,-1.2946260690689086
DiscreteSAC,15,final,1316,4316,-0.3915499091148376,10.0,5.0,0.6954774856567383,-1.2789249062538146
DiscreteSAC,15,final,1317,4317,-0.27153799533844,10.0,6.0,0.5636658072471619,-1.3157552361488343
DiscreteSAC,15,final,1318,4318,-0.21727067232131958,10.0,5.0,0.7478252649307251,-1.3102033495903016
DiscreteSAC,15,final,1319,4319,-0.1202761459350586,8.0,4.0,0.7618757486343384,-1.2663192451000214
DiscreteSAC,15,final,1320,4320,-0.5696012616157532,10.0,5.0,0.7281059622764587,-1.2427674055099487
DiscreteSAC,15,final,1321,4321,-0.4644652307033539,10.0,3.0,0.40417489409446716,-1.2728126168251037
DiscreteSAC,15,final,1322,4322,-0.3825681239366532,10.0,7.0,0.3011881411075592,-1.2767338514328004
DiscreteSAC,15,final,1323,4323,-0.09919344425201417,9.0,4.0,1.0957292318344116,-1.325840711593628
DiscreteSAC,15,final,1324,4324,-0.35143502950668337,10.0,5.0,0.460593044757843,-1.2966932773590087
DiscreteSAC,15,final,1325,4325,-0.47633624672889713,10.0,6.0,0.40194448828697205,-1.3170102000236512
DiscreteSAC,15,final,1326,4326,-0.5426168560981751,10.0,4.0,0.3249738812446594,-1.300381565093994
DiscreteSAC,15,final,1327,4327,0.07187259197235105,10.0,5.0,0.8396180868148804,-1.2657400369644165
DiscreteSAC,15,final,1328,4328,-0.48173004388809204,10.0,3.0,0.7308636903762817,-1.2812443494796752
DiscreteSAC,15,final,1329,4329,-0.5860683917999268,10.0,3.0,0.5996626019477844,-1.3144015669822693
DiscreteSAC,15,final,1330,4330,-0.270256781578064,10.0,5.0,0.8759051561355591,-1.3015379428863525
DiscreteSAC,15,final,1331,4331,-0.4188664793968201,10.0,5.0,0.28266915678977966,-1.2996728539466857
DiscreteSAC,15,final,1332,4332,-0.36823111623525623,10.0,6.0,0.10010936111211777,-1.3005605340003967
DiscreteSAC,15,final,1333,4333,-0.2762060880661011,10.0,4.0,0.4481840133666992,-1.3075567960739136
DiscreteSAC,15,final,1334,4334,-0.15207473039627076,10.0,6.0,0.595849335193634,-1.301684820652008
DiscreteSAC,15,final,1335,4335,-0.2051866102218628,8.0,5.0,1.142323613166809,-1.3135787844657898
DiscreteSAC,15,final,1336,4336,-0.2683910489082337,10.0,6.0,0.4156535267829895,-1.2764028191566468
DiscreteSAC,15,final,1337,4337,-0.21658786535263064,10.0,5.0,0.8937508463859558,-1.2935614943504334
DiscreteSAC,15,final,1338,4338,-0.5026617318391801,10.0,4.0,0.25782158970832825,-1.3046316266059876
DiscreteSAC,15,final,1339,4339,-0.2700925195217132,9.0,5.0,0.3689439594745636,-1.2632641792297363
DiscreteSAC,15,final,1340,4340,-0.5171385407447815,10.0,3.0,0.6801230311393738,-1.275629198551178
DiscreteSAC,15,final,1341,4341,-0.4661440491676331,10.0,5.0,0.8469982147216797,-1.283891463279724
DiscreteSAC,15,final,1342,4342,-0.2517889738082886,10.0,3.0,0.4397720694541931,-1.2601695895195006
DiscreteSAC,15,final,1343,4343,-0.5504707336425781,10.0,5.0,0.35166120529174805,-1.3120406508445739
DiscreteSAC,15,final,1344,4344,0.027168426513671892,9.0,7.0,0.9604572057723999,-1.3539627525541518
DiscreteSAC,15,final,1345,4345,-0.3691024422645569,10.0,5.0,0.6697660088539124,-1.2720711827278137
DiscreteSAC,15,final,1346,4346,-0.3321158528327942,10.0,5.0,0.7341772317886353,-1.2617186903953552
DiscreteSAC,15,final,1347,4347,-0.3857163071632385,10.0,4.0,0.5168472528457642,-1.2880793452262878
DiscreteSAC,15,final,1348,4348,-0.35290433168411256,10.0,4.0,0.6812882423400879,-1.319982933998108
DiscreteSAC,15,final,1349,4349,-0.20174694061279297,10.0,5.0,0.9509725570678711,-1.3321943402290344
DiscreteSAC,15,final,1350,4350,-0.1040102243423462,10.0,5.0,1.2582002878189087,-1.33365079164505
DiscreteSAC,15,final,1351,4351,-0.5113550096750259,10.0,4.0,0.1699986606836319,-1.287850522994995
DiscreteSAC,15,final,1352,4352,-0.17848832607269288,10.0,6.0,0.971858024597168,-1.301348626613617
DiscreteSAC,15,final,1353,4353,-0.3287172675132752,10.0,6.0,0.41897979378700256,-1.2331429600715638
DiscreteSAC,15,final,1354,4354,-0.6260293543338777,10.0,4.0,0.6011203527450562,-1.324670433998108
DiscreteSAC,15,final,1355,4355,-0.39011904001235964,10.0,5.0,0.7521935701370239,-1.3078980684280395
DiscreteSAC,15,final,1356,4356,-0.10119961500167847,10.0,7.0,0.6675852537155151,-1.283368706703186
DiscreteSAC,15,final,1357,4357,-0.032176256179809584,10.0,5.0,1.1532090902328491,-1.2999212503433228
DiscreteSAC,15,final,1358,4358,-0.18483418226242065,10.0,5.0,0.49535703659057617,-1.2984301090240478
DiscreteSAC,15,final,1359,4359,-0.09336290359497074,10.0,6.0,1.0158506631851196,-1.3185275793075562
DiscreteSAC,15,final,1360,4360,-0.3274171531200409,10.0,4.0,0.22647492587566376,-1.2589555025100707
DiscreteSAC,15,final,1361,4361,-0.14893754363059997,9.0,4.0,0.48912402987480164,-1.2968910137812297
DiscreteSAC,15,final,1362,4362,-0.40200117826461795,10.0,6.0,0.6291243433952332,-1.3200942277908325
DiscreteSAC,15,final,1363,4363,-0.3279667437076569,10.0,5.0,0.28913378715515137,-1.3189137697219848
DiscreteSAC,15,final,1364,4364,0.03775858879089355,10.0,5.0,0.7518359422683716,-1.2847483277320861
DiscreteSAC,15,final,1365,4365,-0.41909209489822385,10.0,6.0,0.9837210774421692,-1.282338297367096
DiscreteSAC,15,final,1366,4366,-0.4827651262283325,10.0,4.0,0.873347818851471,-1.2918383121490478
DiscreteSAC,15,final,1367,4367,-0.47321473002433784,9.0,6.0,0.6559048891067505,-1.3037545416090224
DiscreteSAC,15,final,1368,4368,-0.2769030773639679,9.0,6.0,0.42861562967300415,-1.2761243449317083
DiscreteSAC,15,final,1369,4369,-0.1032674312591553,10.0,3.0,0.858914852142334,-1.2943585991859436
DiscreteSAC,15,final,1370,4370,-0.34875295162200926,10.0,3.0,0.6444740295410156,-1.3102965354919434
DiscreteSAC,15,final,1371,4371,-0.5133058130741119,10.0,3.0,0.29731306433677673,-1.2841496586799621
DiscreteSAC,15,final,1372,4372,-0.221243155002594,10.0,6.0,0.6222755312919617,-1.2957180261611938
DiscreteSAC,15,final,1373,4373,-0.3238689184188843,10.0,7.0,0.5469697713851929,-1.282052505016327
DiscreteSAC,15,final,1374,4374,-0.12235467672348023,9.0,4.0,0.7347992658615112,-1.3025359047783747
DiscreteSAC,15,final,1375,4375,-0.32627627849578855,10.0,6.0,0.5517258048057556,-1.2941980719566346
DiscreteSAC,15,final,1376,4376,-0.4021049618721008,10.0,4.0,0.694290280342102,-1.305712139606476
DiscreteSAC,15,final,1377,4377,-0.1453920602798462,10.0,5.0,0.40946143865585327,-1.2779631733894348
DiscreteSAC,15,final,1378,4378,-0.4284138798713684,10.0,4.0,0.9210947155952454,-1.293051040172577
DiscreteSAC,15,final,1379,4379,-0.48514058589935305,10.0,5.0,0.6621689200401306,-1.301949143409729
DiscreteSAC,15,final,1380,4380,-0.303235137462616,10.0,5.0,0.7259255051612854,-1.3008455395698548
DiscreteSAC,15,final,1381,4381,-0.42899485826492306,10.0,5.0,0.6421753764152527,-1.306567668914795
DiscreteSAC,15,final,1382,4382,-0.42365599870681764,10.0,4.0,0.6201562285423279,-1.3359897017478943
DiscreteSAC,15,final,1383,4383,-0.32370227575302124,10.0,3.0,0.5002771019935608,-1.272692322731018
DiscreteSAC,15,final,1384,4384,-0.01293976306915283,10.0,6.0,0.437736451625824,-1.3466774582862855
DiscreteSAC,15,final,1385,4385,-0.3967600481212139,9.0,4.0,0.21376684308052063,-1.2765410078896418
DiscreteSAC,15,final,1386,4386,-0.3214671850204468,10.0,5.0,0.8611331582069397,-1.327444565296173
DiscreteSAC,15,final,1387,4387,-0.16289438009262086,10.0,6.0,0.8141740560531616,-1.3032816886901855
DiscreteSAC,15,final,1388,4388,-0.051474362611770644,10.0,8.0,0.4619996249675751,-1.2750754952430725
DiscreteSAC,15,final,1389,4389,-0.6945690214633944,10.0,3.0,0.5991994738578796,-1.278461790084839
DiscreteSAC,15,final,1390,4390,-0.46497210264205935,10.0,5.0,1.0379929542541504,-1.2957037687301636
DiscreteSAC,15,final,1391,4391,-0.25676649808883667,10.0,5.0,0.519961953163147,-1.3036496043205261
DiscreteSAC,15,final,1392,4392,-0.35025854110717775,10.0,4.0,0.9498225450515747,-1.2999669909477234
DiscreteSAC,15,final,1393,4393,-0.2622903108596802,10.0,4.0,0.5433865785598755,-1.3018280029296876
DiscreteSAC,15,final,1394,4394,-0.1869839191436768,10.0,6.0,0.35605770349502563,-1.2614861488342286
DiscreteSAC,15,final,1395,4395,-0.44570938348770145,10.0,6.0,0.3483966886997223,-1.2944026231765746
DiscreteSAC,15,final,1396,4396,-0.20277355909347533,10.0,4.0,0.9105443358421326,-1.3188299655914306
DiscreteSAC,15,final,1397,4397,-0.4419841706752777,10.0,5.0,0.5200297236442566,-1.3361334204673767
DiscreteSAC,15,final,1398,4398,-0.41900428533554074,10.0,5.0,0.3745281398296356,-1.3732259750366211
DiscreteSAC,15,final,1399,4399,-0.2111131429672241,10.0,4.0,0.6809455752372742,-1.3098660111427307
DiscreteSAC,15,final,1400,4400,-0.11383057117462157,8.0,5.0,0.8794122338294983,-1.3484856337308884
DiscreteSAC,15,final,1401,4401,-0.4397739768028259,10.0,3.0,0.7500234842300415,-1.3084339857101441
DiscreteSAC,15,final,1402,4402,0.0707655382156372,8.0,6.0,0.6409398913383484,-1.2829597294330597
DiscreteSAC,15,final,1403,4403,-0.34359314441680905,10.0,5.0,0.2643152177333832,-1.333885133266449
DiscreteSAC,15,final,1404,4404,-0.5495170623064043,10.0,4.0,0.29769882559776306,-1.305432951450348
DiscreteSAC,15,final,1405,4405,-0.3670321226119995,10.0,4.0,0.8864967226982117,-1.3078510880470275
DiscreteSAC,15,final,1406,4406,-0.2552469253540039,10.0,4.0,0.9334386587142944,-1.2934325098991395
DiscreteSAC,15,final,1407,4407,-0.5001262122392656,9.0,6.0,0.5859609246253967,-1.2978909015655518
DiscreteSAC,15,final,1408,4408,-0.3672001719474793,10.0,6.0,0.6451320648193359,-1.2866050124168396
DiscreteSAC,15,final,1409,4409,-0.33813023567199707,10.0,5.0,0.6400367021560669,-1.3205626726150512
DiscreteSAC,15,final,1410,4410,-0.6536355376243592,10.0,6.0,0.914389431476593,-1.2656962513923644
DiscreteSAC,15,final,1411,4411,-0.23889487981796265,10.0,5.0,0.37283629179000854,-1.310944712162018
DiscreteSAC,15,final,1412,4412,0.0012899875640868808,10.0,6.0,0.9938039779663086,-1.299431836605072
DiscreteSAC,15,final,1413,4413,-0.09053313732147218,10.0,5.0,0.4477102756500244,-1.3427419304847716
DiscreteSAC,15,final,1414,4414,-0.39846649169921877,10.0,5.0,0.3003842532634735,-1.2877012610435485
DiscreteSAC,15,final,1415,4415,-0.5230868756771088,10.0,3.0,0.49613070487976074,-1.345437753200531
DiscreteSAC,15,final,1416,4416,-0.47806732058525087,10.0,4.0,0.40707507729530334,-1.2974780797958374
DiscreteSAC,15,final,1417,4417,-0.0049542427062988365,10.0,7.0,1.0064949989318848,-1.318165898323059
DiscreteSAC,15,final,1418,4418,-0.21376612186431884,10.0,5.0,0.7135513424873352,-1.3149422764778138
DiscreteSAC,15,final,1419,4419,-0.5152056217193605,10.0,5.0,0.6926264762878418,-1.2980161905288696
DiscreteSAC,15,final,1420,4420,-0.04750379323959353,10.0,5.0,0.6770547032356262,-1.2758932709693909
DiscreteSAC,15,final,1421,4421,-0.5790104538202286,10.0,4.0,0.24812814593315125,-1.2711013197898864
DiscreteSAC,15,final,1422,4422,-0.266136109828949,10.0,5.0,0.6958269476890564,-1.2981027841567994
DiscreteSAC,15,final,1423,4423,-0.23679335117340092,10.0,4.0,0.9140661954879761,-1.2862928867340089
DiscreteSAC,15,final,1424,4424,-0.3976441740989685,10.0,4.0,0.7197356820106506,-1.341360604763031
DiscreteSAC,15,final,1425,4425,-0.24924890995025634,10.0,4.0,0.6331010460853577,-1.2805756688117982
DiscreteSAC,15,final,1426,4426,0.03605971455574036,8.0,4.0,0.3883427083492279,-1.3128279000520706
DiscreteSAC,15,final,1427,4427,-0.3710053086280823,10.0,4.0,0.7734194993972778,-1.2698704600334167
DiscreteSAC,15,final,1428,4428,-0.043172562122344986,10.0,5.0,0.880281388759613,-1.2794034481048584
DiscreteSAC,15,final,1429,4429,-0.3796501398086548,10.0,5.0,0.8080320358276367,-1.284163498878479
DiscreteSAC,15,final,1430,4430,-0.42905341386795043,10.0,4.0,1.0159504413604736,-1.31119202375412
DiscreteSAC,15,final,1431,4431,-0.3997854828834534,10.0,5.0,0.7836455702781677,-1.296032464504242
DiscreteSAC,15,final,1432,4432,-0.24858144521713255,10.0,6.0,0.5997847318649292,-1.2985310673713684
DiscreteSAC,15,final,1433,4433,-0.24953896999359132,10.0,4.0,1.2672386169433594,-1.2902461767196656
DiscreteSAC,15,final,1434,4434,-0.39934529066085817,10.0,4.0,0.722483217716217,-1.2991927504539489
DiscreteSAC,15,final,1435,4435,-0.008227002620697019,10.0,6.0,0.8394396901130676,-1.2948395967483521
DiscreteSAC,15,final,1436,4436,-0.39312657415866853,10.0,4.0,0.19540534913539886,-1.3143637895584106
DiscreteSAC,15,final,1437,4437,-0.3592857056856155,9.0,3.0,0.23324774205684662,-1.35585618019104
DiscreteSAC,15,final,1438,4438,-0.5106060475111008,10.0,4.0,0.2599183917045593,-1.304865288734436
DiscreteSAC,15,final,1439,4439,-0.4968956232070923,10.0,4.0,0.931485652923584,-1.2872620463371276
DiscreteSAC,15,final,1440,4440,-0.04185279607772829,10.0,5.0,0.5328616499900818,-1.3452698588371277
DiscreteSAC,15,final,1441,4441,-1.1035708338022234,10.0,3.0,0.7574353218078613,-1.3194613695144652
DiscreteSAC,15,final,1442,4442,-0.2765877842903137,10.0,5.0,0.2894713878631592,-1.3245891690254212
DiscreteSAC,15,final,1443,4443,-0.2938123941421509,10.0,5.0,0.4184650778770447,-1.2762511372566223
DiscreteSAC,15,final,1444,4444,-0.4799178779125214,10.0,5.0,0.39598947763442993,-1.3271920204162597
DiscreteSAC,15,final,1445,4445,0.03274282217025754,10.0,6.0,0.9971579909324646,-1.281084382534027
DiscreteSAC,15,final,1446,4446,-0.43755145668983464,10.0,7.0,0.28377488255500793,-1.281255578994751
DiscreteSAC,15,final,1447,4447,-0.1926988482475281,10.0,6.0,0.6028129458427429,-1.2813700795173646
DiscreteSAC,15,final,1448,4448,-0.355933690071106,10.0,5.0,0.6825620532035828,-1.2793643712997436
DiscreteSAC,15,final,1449,4449,-0.20867100954055784,10.0,3.0,0.8055090308189392,-1.2904488444328308
DiscreteSAC,15,final,1450,4450,-0.4448535680770874,10.0,5.0,0.37667253613471985,-1.3229400634765625
DiscreteSAC,15,final,1451,4451,-0.5600641608238222,10.0,5.0,0.7707255482673645,-1.2708216071128846
DiscreteSAC,15,final,1452,4452,-0.19353833198547366,10.0,5.0,0.6617234945297241,-1.280078649520874
DiscreteSAC,15,final,1453,4453,-0.18704498052597046,9.0,5.0,0.5289797186851501,-1.2855464882320828
DiscreteSAC,15,final,1454,4454,-0.2985353469848633,10.0,5.0,0.7761478424072266,-1.3411755323410035
DiscreteSAC,15,final,1455,4455,-0.2289967286586761,8.0,5.0,0.36198750138282776,-1.2952884435653687
DiscreteSAC,15,final,1456,4456,-0.44408358335494996,10.0,4.0,0.8776188492774963,-1.2921264171600342
DiscreteSAC,15,final,1457,4457,-0.6101424098014833,10.0,3.0,1.0817749500274658,-1.3198898196220399
DiscreteSAC,15,final,1458,4458,-0.0823489785194397,10.0,6.0,0.8694747090339661,-1.2861961364746093
DiscreteSAC,15,final,1459,4459,-0.2508538246154785,10.0,4.0,0.6558112502098083,-1.3035417795181274
DiscreteSAC,15,final,1460,4460,-0.3701083540916443,10.0,4.0,0.7689748406410217,-1.2781000852584838
DiscreteSAC,15,final,1461,4461,0.12327976942062377,8.0,3.0,0.701711118221283,-1.289008542895317
DiscreteSAC,15,final,1462,4462,-0.1274996447563171,8.0,5.0,0.9649754762649536,-1.24893718957901
DiscreteSAC,15,final,1463,4463,-0.39458786487579345,9.0,4.0,0.4346614480018616,-1.2994596163431804
DiscreteSAC,15,final,1464,4464,-0.41154407858848574,10.0,5.0,0.16283702850341797,-1.3137001037597655
DiscreteSAC,15,final,1465,4465,-0.1792734503746033,10.0,5.0,0.6211720705032349,-1.304538941383362
DiscreteSAC,15,final,1466,4466,-0.4247838437557219,10.0,4.0,0.4205707907676697,-1.259501874446869
DiscreteSAC,15,final,1467,4467,-0.2934199452400208,10.0,7.0,0.7208056449890137,-1.2720802426338196
DiscreteSAC,15,final,1468,4468,-0.13964823961257933,8.0,3.0,0.7653284072875977,-1.286822110414505
DiscreteSAC,15,final,1469,4469,-0.04688470602035523,9.0,4.0,0.654569685459137,-1.283210939831204
DiscreteSAC,15,final,1470,4470,-0.30964877605438235,10.0,5.0,0.5949644446372986,-1.3146101355552673
DiscreteSAC,15,final,1471,4471,-0.18188025951385497,10.0,5.0,0.34213995933532715,-1.307662045955658
DiscreteSAC,15,final,1472,4472,-0.03041820526123048,10.0,7.0,1.1312488317489624,-1.3128910183906555
DiscreteSAC,15,final,1473,4473,-0.19917712807655336,10.0,6.0,0.22980712354183197,-1.2893191576004028
DiscreteSAC,15,final,1474,4474,-0.279579758644104,10.0,5.0,0.5479056239128113,-1.346652591228485
DiscreteSAC,15,final,1475,4475,-0.5827136039733888,10.0,3.0,0.6128534078598022,-1.305991494655609
DiscreteSAC,15,final,1476,4476,-0.2621615529060364,10.0,5.0,0.869424045085907,-1.268351924419403
DiscreteSAC,15,final,1477,4477,-0.4917537093162537,10.0,4.0,0.7705054879188538,-1.3174862384796142
DiscreteSAC,15,final,1478,4478,-0.4868323028087616,10.0,4.0,0.17751412093639374,-1.2972349524497986
DiscreteSAC,15,final,1479,4479,-0.372055721282959,10.0,4.0,0.5753464698791504,-1.2930230855941773
DiscreteSAC,15,final,1480,4480,-0.5433481454849243,10.0,4.0,0.8455708622932434,-1.2921459913253783
DiscreteSAC,15,final,1481,4481,-0.23113787174224854,10.0,5.0,0.36871370673179626,-1.317978298664093
DiscreteSAC,15,final,1482,4482,-0.3450014114379883,10.0,4.0,0.7037243247032166,-1.326574730873108
DiscreteSAC,15,final,1483,4483,-0.3482917428016663,10.0,7.0,0.6231669187545776,-1.3348235726356505
DiscreteSAC,15,final,1484,4484,-0.33561389446258544,10.0,4.0,0.6184104084968567,-1.3023829579353332
DiscreteSAC,15,final,1485,4485,-0.3859332227706909,9.0,5.0,0.7491875290870667,-1.31331553724077
DiscreteSAC,15,final,1486,4486,-0.4220627129077911,10.0,4.0,0.43345388770103455,-1.288299310207367
DiscreteSAC,15,final,1487,4487,-0.42417637109756473,10.0,6.0,0.9747034311294556,-1.2812227129936218
DiscreteSAC,15,final,1488,4488,-0.4283762097358704,10.0,4.0,0.6880345344543457,-1.273784840106964
DiscreteSAC,15,final,1489,4489,-0.25483197808265684,9.0,3.0,0.3717823624610901,-1.2939323451783922
DiscreteSAC,15,final,1490,4490,-0.26684621572494505,10.0,3.0,0.7560948729515076,-1.3037243366241456
DiscreteSAC,15,final,1491,4491,-0.4095258355140686,10.0,5.0,0.5963319540023804,-1.2734562516212464
DiscreteSAC,15,final,1492,4492,-0.4172986835241318,10.0,5.0,0.16303454339504242,-1.2967384576797485
DiscreteSAC,15,final,1493,4493,0.06564610958099365,9.0,5.0,0.5080133676528931,-1.356346885363261
DiscreteSAC,15,final,1494,4494,-0.410968816280365,10.0,6.0,0.220795676112175,-1.3265540599822998
DiscreteSAC,15,final,1495,4495,-0.6385084688663484,10.0,5.0,0.8232160806655884,-1.3200345754623413
DiscreteSAC,15,final,1496,4496,-0.22075205087661742,9.0,4.0,0.28922897577285767,-1.2894896666208904
DiscreteSAC,15,final,1497,4497,-0.46494795083999635,10.0,4.0,0.32455745339393616,-1.3171578526496888
DiscreteSAC,15,final,1498,4498,-0.49409242868423464,10.0,5.0,0.6972094178199768,-1.303342354297638
DiscreteSAC,15,final,1499,4499,-0.2603858709335327,10.0,5.0,0.40188997983932495,-1.3210038900375367
DiscreteSAC,15,final,1500,4500,-0.24147418975830076,9.0,3.0,0.748824954032898,-1.3388347890641954
DiscreteSAC,15,final,1501,4501,-0.5420631992816927,8.0,4.0,0.7431646585464478,-1.2853562235832214
DiscreteSAC,15,final,1502,4502,0.0958592987060547,4.0,3.0,0.6051901578903198,-1.2407860457897186
DiscreteSAC,15,final,1503,4503,-0.34355231523513796,10.0,5.0,0.3132804036140442,-1.2367749452590941
DiscreteSAC,15,final,1504,4504,-0.5306462168693542,10.0,4.0,0.6352902054786682,-1.2577429294586182
DiscreteSAC,15,final,1505,4505,-0.4442213535308838,10.0,6.0,0.30243930220603943,-1.3042554616928101
DiscreteSAC,15,final,1506,4506,-0.581830382347107,10.0,3.0,0.70709627866745,-1.3160591840744018
DiscreteSAC,15,final,1507,4507,-0.2708140993118286,9.0,3.0,0.7496454119682312,-1.2707933982213337
DiscreteSAC,15,final,1508,4508,-0.27645795345306395,10.0,4.0,0.4600081145763397,-1.3248559474945067
DiscreteSAC,15,final,1509,4509,-0.0565750026702881,9.0,5.0,1.0942721366882324,-1.298106657134162
DiscreteSAC,15,final,1510,4510,-0.17296391129493716,10.0,7.0,0.20233042538166046,-1.3248474717140197
DiscreteSAC,15,final,1511,4511,-0.07145408630371093,9.0,3.0,0.9099653959274292,-1.2559489409128826
DiscreteSAC,15,final,1512,4512,-0.5268204152584076,10.0,5.0,0.5142603516578674,-1.2961184859275818
DiscreteSAC,15,final,1513,4513,-0.28771536350250243,10.0,4.0,0.8028961420059204,-1.291711688041687
DiscreteSAC,15,final,1514,4514,-0.7034039467573168,10.0,4.0,0.49813082814216614,-1.277493381500244
DiscreteSAC,15,final,1515,4515,-0.2713975429534912,10.0,4.0,0.8857054710388184,-1.2705748915672301
DiscreteSAC,15,final,1516,4516,-0.1921314173936844,9.0,5.0,0.1728878766298294,-1.3071071571773953
DiscreteSAC,15,final,1517,4517,-0.18733012914657593,9.0,5.0,0.5835407972335815,-1.3205423620012071
DiscreteSAC,15,final,1518,4518,-0.19158219337463378,9.0,4.0,0.6486184000968933,-1.3320106267929077
DiscreteSAC,15,final,1519,4519,-0.4032920837402344,10.0,5.0,0.8433136343955994,-1.2949174761772155
DiscreteSAC,15,final,1520,4520,-0.5902114033699035,10.0,4.0,0.662175178527832,-1.3333157539367675
DiscreteSAC,15,final,1521,4521,-0.5147297322750092,10.0,5.0,0.5773336291313171,-1.2864177942276
DiscreteSAC,15,final,1522,4522,-0.16737269163131716,10.0,7.0,0.6751133799552917,-1.2705387949943543
DiscreteSAC,15,final,1523,4523,-0.45495165884494787,10.0,5.0,0.3792627155780792,-1.2701870322227478
DiscreteSAC,15,final,1524,4524,-0.30988966226577763,10.0,7.0,0.8181157112121582,-1.3257760643959045
DiscreteSAC,15,final,1525,4525,-0.3318274736404419,10.0,4.0,0.8690703511238098,-1.303224015235901
DiscreteSAC,15,final,1526,4526,-0.5923393905162813,10.0,5.0,0.6185830235481262,-1.277823793888092
DiscreteSAC,15,final,1527,4527,-0.24001001119613646,10.0,4.0,0.5789738297462463,-1.2552037954330444
DiscreteSAC,15,final,1528,4528,-0.15964548349380492,6.0,3.0,0.6011862754821777,-1.308900515238444
DiscreteSAC,15,final,1529,4529,-0.18943822383880615,10.0,3.0,0.6791033744812012,-1.2765976071357727
DiscreteSAC,15,final,1530,4530,-0.3926134824752808,10.0,4.0,0.809979259967804,-1.2720004796981812
DiscreteSAC,15,final,1531,4531,-0.22145332098007203,10.0,6.0,0.7824185490608215,-1.2770797610282898
DiscreteSAC,15,final,1532,4532,-0.1332295060157776,10.0,6.0,0.45887845754623413,-1.2775886535644532
DiscreteSAC,15,final,1533,4533,-0.4774376153945923,10.0,3.0,0.8633081316947937,-1.320425522327423
DiscreteSAC,15,final,1534,4534,-0.535744857788086,10.0,4.0,0.5459938645362854,-1.3090676426887513
DiscreteSAC,15,final,1535,4535,-0.15121754437685014,8.0,6.0,0.17472593486309052,-1.2531134486198425
DiscreteSAC,15,final,1536,4536,-0.5782213211059571,10.0,3.0,0.8701142072677612,-1.306203544139862
DiscreteSAC,15,final,1537,4537,-0.023655551671981828,10.0,4.0,0.3622334897518158,-1.2928146958351134
DiscreteSAC,15,final,1538,4538,-0.2640548586845398,10.0,5.0,0.33032941818237305,-1.318143939971924
DiscreteSAC,15,final,1539,4539,-0.2949797511100769,10.0,5.0,0.7759601473808289,-1.2512977480888368
DiscreteSAC,15,final,1540,4540,-0.5979753851890564,10.0,4.0,0.8545226454734802,-1.2910390138626098
DiscreteSAC,15,final,1541,4541,-0.3294350832700729,10.0,4.0,0.24716639518737793,-1.2943086266517638
DiscreteSAC,15,final,1542,4542,-0.13852425158023834,9.0,5.0,0.20706163346767426,-1.3181092606650457
DiscreteSAC,15,final,1543,4543,-0.6881682991981507,10.0,4.0,0.7520056962966919,-1.2963979959487915
DiscreteSAC,15,final,1544,4544,-0.041416466236114516,10.0,5.0,0.6128320693969727,-1.2808824062347413
DiscreteSAC,15,final,1545,4545,0.23884695053100585,7.0,5.0,0.6176165342330933,-1.2771763120378767
DiscreteSAC,15,final,1546,4546,-0.4321385383605958,10.0,6.0,0.33631375432014465,-1.284496247768402
DiscreteSAC,15,final,1547,4547,-0.2770496606826782,10.0,5.0,0.5484567284584045,-1.3046669006347655
DiscreteSAC,15,final,1548,4548,-0.05149512767791749,8.0,4.0,0.485490083694458,-1.289600431919098
DiscreteSAC,15,final,1549,4549,-0.31492191344499587,9.0,4.0,0.17717905342578888,-1.322956018977695
DiscreteSAC,15,final,1550,4550,-0.4302123308181763,10.0,4.0,0.8898436427116394,-1.316271996498108
DiscreteSAC,15,final,1551,4551,-0.2145392060279846,10.0,6.0,0.5949873924255371,-1.3182337522506713
DiscreteSAC,15,final,1552,4552,-0.25956872701644895,10.0,3.0,0.9203233122825623,-1.2895413637161255
DiscreteSAC,15,final,1553,4553,-0.3608714103698731,10.0,6.0,0.3767297565937042,-1.3033080220222473
DiscreteSAC,15,final,1554,4554,-0.40156854391098024,10.0,4.0,0.6804025769233704,-1.2881147623062135
DiscreteSAC,15,final,1555,4555,-0.25092114210128785,10.0,4.0,0.8916977047920227,-1.3013479590415955
DiscreteSAC,15,final,1556,4556,-0.7041417658329012,10.0,3.0,0.5810953378677368,-1.2656590580940246
DiscreteSAC,15,final,1557,4557,-0.30953472852706915,10.0,8.0,0.33407577872276306,-1.3159784436225892
DiscreteSAC,15,final,1558,4558,-0.24636761188507078,9.0,3.0,0.42841917276382446,-1.2725330061382718
DiscreteSAC,15,final,1559,4559,0.06924158334732057,10.0,5.0,0.7845795750617981,-1.2734557867050171
DiscreteSAC,15,final,1560,4560,-0.041030220985412605,8.0,4.0,1.139835000038147,-1.2866344898939133
DiscreteSAC,15,final,1561,4561,-0.37498805522918705,10.0,6.0,0.23110440373420715,-1.336334764957428
DiscreteSAC,15,final,1562,4562,-0.14965909957885742,9.0,5.0,1.062072515487671,-1.2751498487260606
DiscreteSAC,15,final,1563,4563,-0.4527721405029297,10.0,3.0,0.7326890230178833,-1.3100035786628723
DiscreteSAC,15,final,1564,4564,-0.08736723899841307,9.0,5.0,0.9684771299362183,-1.2992604573567708
DiscreteSAC,15,final,1565,4565,-0.011450591087341325,9.0,5.0,0.9043513536453247,-1.296061396598816
DiscreteSAC,15,final,1566,4566,-0.2718850383162498,9.0,3.0,0.11663231998682022,-1.312447534667121
DiscreteSAC,15,final,1567,4567,-0.29986135959625243,10.0,4.0,0.2528699040412903,-1.3307876229286193
DiscreteSAC,15,final,1568,4568,-0.32144110798835757,10.0,5.0,0.46952077746391296,-1.291584026813507
DiscreteSAC,15,final,1569,4569,-0.386316254734993,10.0,5.0,0.31536272168159485,-1.3385664820671082
DiscreteSAC,15,final,1570,4570,-0.06900851726531981,10.0,7.0,0.7068737745285034,-1.2797051548957825
DiscreteSAC,15,final,1571,4571,-0.526211839914322,10.0,4.0,0.3240475058555603,-1.298216426372528
DiscreteSAC,15,final,1572,4572,-0.2859518051147461,10.0,4.0,0.6192682981491089,-1.314938247203827
DiscreteSAC,15,final,1573,4573,-0.03427762269973757,8.0,5.0,0.6484751105308533,-1.2610978037118912
DiscreteSAC,15,final,1574,4574,-0.04031165838241581,10.0,5.0,0.6809098124504089,-1.2947956562042235
DiscreteSAC,15,final,1575,4575,-0.3458626866340637,10.0,3.0,0.9118666052818298,-1.2573197484016418
DiscreteSAC,15,final,1576,4576,-0.365312659740448,10.0,5.0,0.39966049790382385,-1.2923763871192933
DiscreteSAC,15,final,1577,4577,-0.40462493896484375,10.0,5.0,0.7909030914306641,-1.3453951358795166
DiscreteSAC,15,final,1578,4578,-0.2322572708129883,10.0,5.0,0.6813015341758728,-1.2888732552528381
DiscreteSAC,15,final,1579,4579,-0.28981747627258303,10.0,5.0,0.9883149862289429,-1.26444810628891
DiscreteSAC,15,final,1580,4580,-0.49718296229839326,10.0,4.0,0.287445604801178,-1.2831342577934266
DiscreteSAC,15,final,1581,4581,-0.41754401922225953,10.0,4.0,0.5432413816452026,-1.3099130630493163
DiscreteSAC,15,final,1582,4582,-0.43222699761390687,10.0,4.0,0.3288385570049286,-1.234469199180603
DiscreteSAC,15,final,1583,4583,-0.46808221340179446,10.0,5.0,0.884133517742157,-1.2698198199272155
DiscreteSAC,15,final,1584,4584,-0.2843347668647766,10.0,4.0,0.8692701458930969,-1.283904218673706
DiscreteSAC,15,final,1585,4585,-0.5085488080978393,10.0,4.0,0.4403309226036072,-1.3233230471611024
DiscreteSAC,15,final,1586,4586,0.09375257492065431,10.0,4.0,0.5988283753395081,-1.2859514117240907
DiscreteSAC,15,final,1587,4587,-0.24064170122146605,10.0,4.0,0.9755063652992249,-1.3047117352485658
DiscreteSAC,15,final,1588,4588,-0.4866591930389404,10.0,5.0,0.5696322321891785,-1.3094749569892883
DiscreteSAC,15,final,1589,4589,-0.03348675966262819,10.0,3.0,0.8052533268928528,-1.3387181282043457
DiscreteSAC,15,final,1590,4590,-0.2801318109035492,10.0,5.0,0.45888450741767883,-1.2887544274330138
DiscreteSAC,15,final,1591,4591,-0.4952731251716614,10.0,4.0,0.44837889075279236,-1.2888020038604737
DiscreteSAC,15,final,1592,4592,-0.6330897182226183,10.0,4.0,0.2905280292034149,-1.2757401704788207
DiscreteSAC,15,final,1593,4593,-0.17524508237838748,10.0,6.0,0.7522127032279968,-1.2604733943939208
DiscreteSAC,15,final,1594,4594,-0.17541930317878723,9.0,5.0,0.3836705982685089,-1.2860719627804227
DiscreteSAC,15,final,1595,4595,-0.09842731952667237,10.0,7.0,0.9589411020278931,-1.3304960131645203
DiscreteSAC,15,final,1596,4596,-0.008039643764495827,9.0,4.0,0.9439471364021301,-1.3169504801432292
DiscreteSAC,15,final,1597,4597,-0.26225219964981084,10.0,7.0,0.6086157560348511,-1.330940043926239
DiscreteSAC,15,final,1598,4598,-0.3836784720420837,10.0,6.0,0.4803914427757263,-1.2702567815780639
DiscreteSAC,15,final,1599,4599,-0.29673784017562865,9.0,4.0,0.8783541917800903,-1.2607676850424872
DiscreteSAC,15,final,1600,4600,-0.42270214557647706,10.0,4.0,1.069018840789795,-1.2989596128463745
DiscreteSAC,15,final,1601,4601,-0.35348519682884216,10.0,5.0,0.25463157892227173,-1.3026846766471862
DiscreteSAC,15,final,1602,4602,-0.6344130277633668,10.0,5.0,0.8463209867477417,-1.3406223893165587
DiscreteSAC,15,final,1603,4603,-0.3164272689819336,9.0,3.0,0.2821889817714691,-1.303090704811944
DiscreteSAC,15,final,1604,4604,-0.153216689825058,10.0,3.0,0.45567765831947327,-1.313233768939972
DiscreteSAC,15,final,1605,4605,0.1393812894821167,10.0,5.0,0.4816853404045105,-1.2946434259414672
DiscreteSAC,15,final,1606,4606,-0.330229663848877,10.0,5.0,0.46602004766464233,-1.2935690999031066
DiscreteSAC,15,final,1607,4607,-0.4062718987464905,10.0,5.0,0.3685761094093323,-1.3162250876426698
DiscreteSAC,15,final,1608,4608,-0.2272283363342285,8.0,4.0,0.25173327326774597,-1.3147289603948593
DiscreteSAC,15,final,1609,4609,-0.225525024831295,8.0,3.0,0.12218790501356125,-1.2906429320573807
DiscreteSAC,15,final,1610,4610,-0.3320699453353882,10.0,4.0,0.627824604511261,-1.3100023031234742
DiscreteSAC,15,final,1611,4611,-0.5820976912975311,10.0,4.0,0.5374348759651184,-1.3250767946243287
DiscreteSAC,15,final,1612,4612,-0.20432074069976808,10.0,4.0,0.7318769693374634,-1.3296300411224364
DiscreteSAC,15,final,1613,4613,-0.46763589382171633,10.0,5.0,0.8872617483139038,-1.311011505126953
DiscreteSAC,15,final,1614,4614,-0.3231365323066711,10.0,5.0,0.5668367147445679,-1.2936063170433045
DiscreteSAC,15,final,1615,4615,-0.40340935587883,10.0,5.0,0.36280718445777893,-1.3239265441894532
DiscreteSAC,15,final,1616,4616,-0.23522360563278194,9.0,6.0,0.37914082407951355,-1.2696257962120905
DiscreteSAC,15,final,1617,4617,-0.10259072780609131,10.0,4.0,0.568962037563324,-1.2581771612167358
DiscreteSAC,15,final,1618,4618,-0.31845716238021854,10.0,6.0,0.4788517951965332,-1.245721697807312
DiscreteSAC,15,final,1619,4619,-0.2885654926300049,10.0,6.0,0.9991375207901001,-1.3196535468101502
DiscreteSAC,15,final,1620,4620,0.051811301708221395,10.0,6.0,0.9630324244499207,-1.2987092971801757
DiscreteSAC,15,final,1621,4621,-0.43627191185951236,10.0,3.0,0.4102918803691864,-1.2632151126861573
DiscreteSAC,15,final,1622,4622,-0.12498110771179198,9.0,5.0,0.46225517988204956,-1.3228204515245225
DiscreteSAC,15,final,1623,4623,-0.4397427558898926,10.0,4.0,0.6965874433517456,-1.2973362803459167
DiscreteSAC,15,final,1624,4624,-0.23493989706039428,10.0,5.0,0.7929915189743042,-1.3025047183036804
DiscreteSAC,15,final,1625,4625,-0.33310813903808595,10.0,4.0,0.597363293170929,-1.2967163443565368
DiscreteSAC,15,final,1626,4626,-0.3351522564888001,10.0,7.0,0.19607608020305634,-1.2707062005996703
DiscreteSAC,15,final,1627,4627,-0.5309819996356965,10.0,4.0,0.2751672565937042,-1.2823729515075684
DiscreteSAC,15,final,1628,4628,-0.24397532939910888,10.0,4.0,0.5268977284431458,-1.303196668624878
DiscreteSAC,15,final,1629,4629,-0.5887669444084168,10.0,4.0,0.686518669128418,-1.286630928516388
DiscreteSAC,15,final,1630,4630,-0.6317391991615297,10.0,3.0,0.8397599458694458,-1.2964880347251893
DiscreteSAC,15,final,1631,4631,-0.23250246047973633,10.0,5.0,0.7121638655662537,-1.2860989809036254
DiscreteSAC,15,final,1632,4632,-0.20426441431045536,10.0,4.0,0.6874913573265076,-1.269748616218567
DiscreteSAC,15,final,1633,4633,-0.3740783095359802,10.0,3.0,0.7115285992622375,-1.288422417640686
DiscreteSAC,15,final,1634,4634,-0.25511308014392853,10.0,5.0,0.2058517187833786,-1.3267503380775452
DiscreteSAC,15,final,1635,4635,-0.2402017021179199,9.0,4.0,0.7363334894180298,-1.2945109870698717
DiscreteSAC,15,final,1636,4636,-0.2540661299228668,9.0,4.0,0.4993612766265869,-1.3167688581678603
DiscreteSAC,15,final,1637,4637,0.023990740776062044,6.0,5.0,0.519356906414032,-1.2701629400253296
DiscreteSAC,15,final,1638,4638,-0.4762291431427002,10.0,4.0,0.21235765516757965,-1.2969547510147095
DiscreteSAC,15,final,1639,4639,-0.2657246708869934,10.0,4.0,0.9973387122154236,-1.3011902093887329
DiscreteSAC,15,final,1640,4640,-0.23972413539886478,10.0,6.0,0.5961605906486511,-1.283085012435913
DiscreteSAC,15,final,1641,4641,-0.11684585809707644,10.0,6.0,0.8686272501945496,-1.2844688415527343
DiscreteSAC,15,final,1642,4642,-0.2244005823135376,9.0,5.0,0.6380683183670044,-1.287115626864963
DiscreteSAC,15,final,1643,4643,-0.19471100211143494,9.0,5.0,0.2241036742925644,-1.2971542808744643
DiscreteSAC,15,final,1644,4644,-0.2860731899738312,10.0,6.0,0.40517500042915344,-1.2899778366088868
DiscreteSAC,15,final,1645,4645,-0.24418938159942627,10.0,5.0,0.8319355845451355,-1.3038332223892213
DiscreteSAC,15,final,1646,4646,-0.36930825710296633,10.0,5.0,0.8176494240760803,-1.3136376023292542
DiscreteSAC,15,final,1647,4647,-0.4322424948215485,10.0,4.0,0.303417444229126,-1.2924674034118653
DiscreteSAC,15,final,1648,4648,-0.5140428364276887,10.0,4.0,0.4186134338378906,-1.2918785333633422
DiscreteSAC,15,final,1649,4649,-0.14719624519348146,10.0,6.0,0.28648290038108826,-1.277029776573181
DiscreteSAC,15,final,1650,4650,-0.1656802535057068,10.0,5.0,0.8426652550697327,-1.319199538230896
DiscreteSAC,15,final,1651,4651,-0.3797994196414948,10.0,5.0,0.3986395299434662,-1.2920124530792236
DiscreteSAC,15,final,1652,4652,-0.2678062343597412,9.0,5.0,0.32003286480903625,-1.374135971069336
DiscreteSAC,15,final,1653,4653,-0.26462584972381586,9.0,5.0,0.6138338446617126,-1.3069468604193792
DiscreteSAC,15,final,1654,4654,-0.021679520606994664,10.0,8.0,1.03123939037323,-1.3012238144874573
DiscreteSAC,15,final,1655,4655,-0.3209666311740875,10.0,5.0,0.4865526556968689,-1.3313742399215698
DiscreteSAC,15,final,1656,4656,-0.3410018980503082,10.0,5.0,0.48017439246177673,-1.2906173706054687
DiscreteSAC,15,final,1657,4657,-0.17440969944000245,10.0,6.0,0.5481439828872681,-1.3301381587982177
DiscreteSAC,15,final,1658,4658,-0.30582197904586794,10.0,5.0,0.8159571886062622,-1.2998002767562866
DiscreteSAC,15,final,1659,4659,-0.03411890506744385,9.0,6.0,0.8475905060768127,-1.270963430404663
DiscreteSAC,15,final,1660,4660,-0.40573487281799314,10.0,6.0,0.8930076360702515,-1.3295435070991517
DiscreteSAC,15,final,1661,4661,-0.3837413311004639,10.0,4.0,0.727439820766449,-1.29260014295578
DiscreteSAC,15,final,1662,4662,-0.2668270543217659,10.0,5.0,0.09712177515029907,-1.286462950706482
DiscreteSAC,15,final,1663,4663,-0.15269887447357178,10.0,5.0,0.8466930389404297,-1.2707620501518249
DiscreteSAC,15,final,1664,4664,-0.2710238814353943,10.0,4.0,0.7389588356018066,-1.3193920254707336
DiscreteSAC,15,final,1665,4665,-0.4058350920677185,10.0,3.0,0.5667733550071716,-1.2871486067771911
DiscreteSAC,15,final,1666,4666,-0.7999563634395601,10.0,4.0,0.6672133207321167,-1.338155782222748
DiscreteSAC,15,final,1667,4667,-0.6129104912281038,10.0,4.0,0.5168536901473999,-1.2870417714118958
DiscreteSAC,15,final,1668,4668,-0.7753152012825013,10.0,6.0,0.7362717390060425,-1.3295127749443054
DiscreteSAC,15,final,1669,4669,-0.3772908729314804,7.0,3.0,0.39134830236434937,-1.2998858860560827
DiscreteSAC,15,final,1670,4670,-0.1276726746559143,9.0,5.0,0.6435655355453491,-1.3095739682515461
DiscreteSAC,15,final,1671,4671,-0.2012418866157532,10.0,6.0,0.7750986218452454,-1.3080628395080567
DiscreteSAC,15,final,1672,4672,-0.4790203094482422,10.0,4.0,0.3203783631324768,-1.322554075717926
DiscreteSAC,15,final,1673,4673,-0.20151778459548952,10.0,5.0,0.880384624004364,-1.2776428937911988
DiscreteSAC,15,final,1674,4674,-0.35397698879241946,10.0,5.0,0.7675212025642395,-1.2848731637001038
DiscreteSAC,15,final,1675,4675,-0.5847993463277816,10.0,4.0,0.2568373382091522,-1.268149733543396
DiscreteSAC,15,final,1676,4676,-0.533247971534729,10.0,5.0,0.5797471404075623,-1.302132499217987
DiscreteSAC,15,final,1677,4677,-0.35609843730926516,10.0,5.0,0.46399062871932983,-1.3515644311904906
DiscreteSAC,15,final,1678,4678,-0.25277768373489373,10.0,4.0,0.35421571135520935,-1.3154412746429442
DiscreteSAC,15,final,1679,4679,-0.25576000213623046,10.0,4.0,0.737321674823761,-1.2996941804885864
DiscreteSAC,15,final,1680,4680,-0.2460944890975952,10.0,5.0,1.0731252431869507,-1.354793417453766
DiscreteSAC,15,final,1681,4681,-0.1787850379943848,10.0,4.0,0.8043546676635742,-1.268582558631897
DiscreteSAC,15,final,1682,4682,-0.48221558928489694,10.0,6.0,0.5087164640426636,-1.2906591773033143
DiscreteSAC,15,final,1683,4683,-0.38560447692871097,10.0,6.0,0.8973060846328735,-1.3076365113258361
DiscreteSAC,15,final,1684,4684,-0.40219519138336185,10.0,6.0,0.5007345080375671,-1.2711968898773194
DiscreteSAC,15,final,1685,4685,-0.6704576015472412,10.0,3.0,0.3671601116657257,-1.2819383978843688
DiscreteSAC,15,final,1686,4686,-0.6016665935516359,10.0,5.0,0.5906438231468201,-1.315548837184906
DiscreteSAC,15,final,1687,4687,-0.17859797477722167,10.0,4.0,1.049639344215393,-1.2806333780288697
DiscreteSAC,15,final,1688,4688,-0.12879425287246704,10.0,5.0,0.6040741205215454,-1.3040984869003296
DiscreteSAC,15,final,1689,4689,-0.5742457628250123,10.0,4.0,0.4120975136756897,-1.2872819662094117
DiscreteSAC,15,final,1690,4690,-0.17315125703811646,9.0,5.0,0.7660215497016907,-1.2863686614566379
DiscreteSAC,15,final,1691,4691,-0.12200368642807008,10.0,4.0,0.8151575922966003,-1.3150737404823303
DiscreteSAC,15,final,1692,4692,-0.3564941883087158,10.0,3.0,1.0167161226272583,-1.2982049345970155
DiscreteSAC,15,final,1693,4693,-0.4659056305885315,10.0,5.0,0.6430798172950745,-1.3034655928611756
DiscreteSAC,15,final,1694,4694,-0.22432433009147645,9.0,6.0,0.4092971384525299,-1.3554135031170316
DiscreteSAC,15,final,1695,4695,-0.2401653289794922,10.0,6.0,0.8352872133255005,-1.3602996706962585
DiscreteSAC,15,final,1696,4696,-0.22223403453826907,10.0,5.0,0.6005223393440247,-1.2744963765144348
DiscreteSAC,15,final,1697,4697,-0.3795727133750916,10.0,5.0,0.7748203277587891,-1.2869433999061584
DiscreteSAC,15,final,1698,4698,-0.48485549092292773,10.0,4.0,0.3854207992553711,-1.3262272477149963
DiscreteSAC,15,final,1699,4699,-0.06872940063476561,10.0,5.0,0.6320105791091919,-1.365026831626892
DiscreteSAC,15,final,1700,4700,-0.023874547481536876,9.0,7.0,0.5598487257957458,-1.3457526895735
DiscreteSAC,15,final,1701,4701,-0.23290687799453735,10.0,5.0,0.7967000603675842,-1.274665629863739
DiscreteSAC,15,final,1702,4702,-0.4642470240592957,10.0,6.0,0.7297921180725098,-1.3141855359077455
DiscreteSAC,15,final,1703,4703,-0.016617934703826928,8.0,3.0,0.5364957451820374,-1.2453412413597107
DiscreteSAC,15,final,1704,4704,-0.3987240105867386,10.0,6.0,0.2876877188682556,-1.2832791686058045
DiscreteSAC,15,final,1705,4705,-0.37181406617164614,10.0,5.0,0.3005555272102356,-1.2969923496246338
DiscreteSAC,15,final,1706,4706,-0.2589927434921265,10.0,4.0,1.3283483982086182,-1.3064184427261352
DiscreteSAC,15,final,1707,4707,-0.23566983938217162,10.0,4.0,0.7849730849266052,-1.2873165011405945
DiscreteSAC,15,final,1708,4708,-0.5112998485565186,10.0,3.0,0.2962622344493866,-1.3560220718383789
DiscreteSAC,15,final,1709,4709,0.07429688930511473,9.0,5.0,0.5448029637336731,-1.3072753217485216
DiscreteSAC,15,final,1710,4710,-0.5497720837593079,10.0,3.0,0.8131800889968872,-1.3148596286773682
DiscreteSAC,15,final,1711,4711,-0.4166792035102845,10.0,5.0,0.6112656593322754,-1.3333292365074159
DiscreteSAC,15,final,1712,4712,-0.37346828222274775,9.0,5.0,0.43509820103645325,-1.2677297592163086
DiscreteSAC,15,final,1713,4713,-0.33092830419540403,9.0,3.0,0.16764725744724274,-1.2322533395555284
DiscreteSAC,15,final,1714,4714,-0.4453912541270256,10.0,5.0,0.16842006146907806,-1.315687346458435
DiscreteSAC,15,final,1715,4715,-0.3623140931129455,10.0,4.0,0.6845496892929077,-1.325823998451233
DiscreteSAC,15,final,1716,4716,-0.4381431326270104,10.0,3.0,0.15753822028636932,-1.2865063667297363
DiscreteSAC,15,final,1717,4717,-0.10167462825775148,10.0,4.0,0.6087133288383484,-1.27973712682724
DiscreteSAC,15,final,1718,4718,-0.5399507403373719,10.0,4.0,0.6645448803901672,-1.3392207026481628
DiscreteSAC,15,final,1719,4719,-0.34079540967941285,10.0,4.0,0.6709631681442261,-1.340975570678711
DiscreteSAC,15,final,1720,4720,-0.3710596799850464,10.0,5.0,0.5927931666374207,-1.240950083732605
DiscreteSAC,15,final,1721,4721,-0.1990678071975708,10.0,6.0,0.8070816993713379,-1.3235690593719482
DiscreteSAC,15,final,1722,4722,-0.3231197834014893,10.0,5.0,0.6999571919441223,-1.2966211557388305
DiscreteSAC,15,final,1723,4723,-0.6168025225400926,10.0,5.0,0.37710556387901306,-1.3141616106033325
DiscreteSAC,15,final,1724,4724,-0.2152810001373291,9.0,4.0,0.7122450470924377,-1.3204069932301838
DiscreteSAC,15,final,1725,4725,-0.2506259441375732,10.0,3.0,0.7789165377616882,-1.2940754771232605
DiscreteSAC,15,final,1726,4726,-0.48538721799850465,10.0,4.0,0.25305289030075073,-1.3096535444259643
DiscreteSAC,15,final,1727,4727,-0.41767104864120486,10.0,5.0,0.1628909856081009,-1.282369065284729
DiscreteSAC,15,final,1728,4728,-0.5880155384540557,10.0,4.0,0.5187861323356628,-1.2811427593231202
DiscreteSAC,15,final,1729,4729,-0.3070794314146042,10.0,6.0,0.30071157217025757,-1.3374534010887147
DiscreteSAC,15,final,1730,4730,-0.5608780562877657,10.0,4.0,0.45061296224594116,-1.3057119131088257
DiscreteSAC,15,final,1731,4731,-0.1275605285167694,9.0,5.0,0.4528845250606537,-1.3476135863198175
DiscreteSAC,15,final,1732,4732,-0.1475894570350647,10.0,6.0,0.7674612402915955,-1.2991700291633606
DiscreteSAC,15,final,1733,4733,-0.1734730958938599,10.0,6.0,0.5594503283500671,-1.2837206244468689
DiscreteSAC,15,final,1734,4734,-0.5494842052459717,10.0,4.0,0.7320951819419861,-1.302387821674347
DiscreteSAC,15,final,1735,4735,-0.6534074336290361,10.0,5.0,0.49689531326293945,-1.2653457641601562
DiscreteSAC,15,final,1736,4736,-0.5175480961799622,10.0,4.0,0.32464343309402466,-1.3207634687423706
DiscreteSAC,15,final,1737,4737,-0.5266355514526367,10.0,5.0,0.4208381175994873,-1.3325824022293091
DiscreteSAC,15,final,1738,4738,-0.24091171264648437,9.0,4.0,0.7803077101707458,-1.3045798142751057
DiscreteSAC,15,final,1739,4739,-0.5522102236747742,10.0,4.0,1.0614746809005737,-1.356090784072876
DiscreteSAC,15,final,1740,4740,-0.43532840609550477,10.0,4.0,0.39405038952827454,-1.300461196899414
DiscreteSAC,15,final,1741,4741,-0.25607323646545405,10.0,5.0,0.7890862822532654,-1.3386803984642028
DiscreteSAC,15,final,1742,4742,-0.28736228942871095,10.0,6.0,0.4471188187599182,-1.2968307614326477
DiscreteSAC,15,final,1743,4743,-0.28028790950775145,10.0,4.0,0.5244477391242981,-1.3307344913482666
DiscreteSAC,15,final,1744,4744,-0.353678297996521,10.0,4.0,0.927973747253418,-1.2682957768440246
DiscreteSAC,15,final,1745,4745,-0.522999106347561,10.0,6.0,0.2852028012275696,-1.2821829438209533
DiscreteSAC,15,final,1746,4746,-0.3126424789428711,10.0,5.0,0.9326647520065308,-1.2944727659225463
DiscreteSAC,15,final,1747,4747,-0.4033478319644928,10.0,6.0,0.41847896575927734,-1.2482340455055236
DiscreteSAC,15,final,1748,4748,-0.21284203529357912,10.0,7.0,0.6235560178756714,-1.2981977343559266
DiscreteSAC,15,final,1749,4749,-0.3151331186294556,10.0,5.0,0.7502151131629944,-1.2894753575325013
DiscreteSAC,15,final,1750,4750,-0.2722609043121338,10.0,5.0,0.6087232232093811,-1.3069163322448731
DiscreteSAC,15,final,1751,4751,-0.48260063827037813,10.0,5.0,0.3199624717235565,-1.3184830307960511
DiscreteSAC,15,final,1752,4752,-0.29297168254852296,10.0,4.0,0.8346710205078125,-1.278266680240631
DiscreteSAC,15,final,1753,4753,-0.37711127996444704,10.0,5.0,0.42253679037094116,-1.3360820055007934
DiscreteSAC,15,final,1754,4754,-0.10721194744110109,10.0,5.0,0.743471622467041,-1.304168701171875
DiscreteSAC,15,final,1755,4755,-0.15049538016319275,10.0,5.0,0.48182228207588196,-1.281783676147461
DiscreteSAC,15,final,1756,4756,-0.4571732997894287,10.0,4.0,1.0020111799240112,-1.2810840487480164
DiscreteSAC,15,final,1757,4757,-0.5515850827097893,10.0,4.0,0.201898455619812,-1.301980721950531
DiscreteSAC,15,final,1758,4758,-0.5584296494722368,10.0,3.0,0.4298042953014374,-1.3442995309829713
DiscreteSAC,15,final,1759,4759,-0.4619275271892548,10.0,5.0,0.5141645073890686,-1.2864735126495361
DiscreteSAC,15,final,1760,4760,-0.2575396046042442,10.0,6.0,0.08990045636892319,-1.297480058670044
DiscreteSAC,15,final,1761,4761,-0.3233165383338928,10.0,5.0,0.6525812745094299,-1.2919551253318786
DiscreteSAC,15,final,1762,4762,-0.3600459098815918,10.0,5.0,0.7724088430404663,-1.289607834815979
DiscreteSAC,15,final,1763,4763,-0.46682618260383607,10.0,4.0,0.1762160211801529,-1.289113998413086
DiscreteSAC,15,final,1764,4764,-0.5774978786706926,10.0,5.0,0.3878195583820343,-1.286180305480957
DiscreteSAC,15,final,1765,4765,-0.1892813742160797,10.0,5.0,0.418825626373291,-1.2921029806137085
DiscreteSAC,15,final,1766,4766,-0.41941490173339846,10.0,5.0,0.7733754515647888,-1.2938320875167846
DiscreteSAC,15,final,1767,4767,0.028194999694824217,10.0,7.0,0.6454021334648132,-1.3502839803695679
DiscreteSAC,15,final,1768,4768,-0.6147999987006187,10.0,3.0,0.15163543820381165,-1.3302828669548035
DiscreteSAC,15,final,1769,4769,-0.5803561151027681,10.0,5.0,0.3095617890357971,-1.2939961314201356
DiscreteSAC,15,final,1770,4770,-0.1692249417304993,10.0,5.0,0.9533132910728455,-1.34401535987854
DiscreteSAC,15,final,1771,4771,-0.21862717866897582,10.0,5.0,0.7268972396850586,-1.2929427742958068
DiscreteSAC,15,final,1772,4772,-0.23243728876113895,10.0,6.0,0.8793264031410217,-1.3168364644050599
DiscreteSAC,15,final,1773,4773,-0.2643728017807007,10.0,6.0,0.7019073367118835,-1.319865894317627
DiscreteSAC,15,final,1774,4774,-0.42034270405769353,9.0,4.0,0.36420130729675293,-1.295026183128357
DiscreteSAC,15,final,1775,4775,-0.4271801233291626,10.0,4.0,0.658604621887207,-1.2819233655929565
DiscreteSAC,15,final,1776,4776,-0.33533780574798583,10.0,4.0,0.5485332608222961,-1.298982560634613
DiscreteSAC,15,final,1777,4777,-0.20622464418411257,10.0,5.0,0.9620018601417542,-1.3050507426261901
DiscreteSAC,15,final,1778,4778,-0.15937982439994813,9.0,6.0,0.3533143699169159,-1.3132064739863079
DiscreteSAC,15,final,1779,4779,-0.07057466149330137,9.0,4.0,0.48041799664497375,-1.2319044669469197
DiscreteSAC,15,final,1780,4780,-0.48630199283361436,10.0,4.0,0.13397851586341858,-1.3194467544555664
DiscreteSAC,15,final,1781,4781,-0.3809413582086563,10.0,4.0,0.2076691836118698,-1.3563772320747376
DiscreteSAC,15,final,1782,4782,-0.1242633938789368,10.0,4.0,0.529458224773407,-1.303169584274292
DiscreteSAC,15,final,1783,4783,-0.2646918535232544,10.0,5.0,0.4444811940193176,-1.2710600733757018
DiscreteSAC,15,final,1784,4784,-0.16701312303543092,9.0,6.0,0.35373732447624207,-1.309928748342726
DiscreteSAC,15,final,1785,4785,-0.40576914548873905,10.0,6.0,0.22835657000541687,-1.2490055561065674
DiscreteSAC,15,final,1786,4786,-0.007717421054840079,9.0,4.0,0.592082679271698,-1.3127041922675238
DiscreteSAC,15,final,1787,4787,-0.33773488998413087,10.0,4.0,0.8377788662910461,-1.3176580667495728
DiscreteSAC,15,final,1788,4788,-0.28907893896102904,10.0,4.0,0.4643981158733368,-1.2959031760692596
DiscreteSAC,15,final,1789,4789,-0.4983616590499878,10.0,4.0,0.5877924561500549,-1.2907483458518982
DiscreteSAC,15,final,1790,4790,-0.24824475288391112,9.0,4.0,0.6007577180862427,-1.332564844025506
DiscreteSAC,15,final,1791,4791,-0.19319975376129145,10.0,5.0,0.8854045271873474,-1.2626031994819642
DiscreteSAC,15,final,1792,4792,-0.5857857778668405,10.0,5.0,0.29476091265678406,-1.3186331510543823
DiscreteSAC,15,final,1793,4793,-0.033619346618652346,9.0,5.0,0.8357027769088745,-1.24213887585534
DiscreteSAC,15,final,1794,4794,-0.09208346605300903,10.0,6.0,0.7799134254455566,-1.2704328060150147
DiscreteSAC,15,final,1795,4795,-0.2070448327064514,8.0,4.0,0.7971868515014648,-1.3488242477178574
DiscreteSAC,15,final,1796,4796,-0.253691041469574,10.0,5.0,0.8730435967445374,-1.3469753026962281
DiscreteSAC,15,final,1797,4797,-0.12183153629302981,10.0,3.0,0.6978977918624878,-1.289394783973694
DiscreteSAC,15,final,1798,4798,-0.6644334614276888,10.0,4.0,0.5277220606803894,-1.3270560264587403
DiscreteSAC,15,final,1799,4799,-0.057076861858367925,9.0,4.0,0.7856519818305969,-1.2799125909805298
DiscreteSAC,15,final,1800,4800,-0.5117921054363251,10.0,4.0,0.36828485131263733,-1.2528903245925904
DiscreteSAC,15,final,1801,4801,-0.3651568293571472,10.0,5.0,0.5232109427452087,-1.284394907951355
DiscreteSAC,15,final,1802,4802,0.02528577804565428,9.0,5.0,1.2136023044586182,-1.2657594283421834
DiscreteSAC,15,final,1803,4803,-0.03625773072242737,8.0,6.0,0.4684334099292755,-1.29814974963665
DiscreteSAC,15,final,1804,4804,-0.2177355766296386,10.0,4.0,0.7848774194717407,-1.3057291746139525
DiscreteSAC,15,final,1805,4805,-0.4216136991977692,10.0,6.0,0.514535129070282,-1.3394991159439087
DiscreteSAC,15,final,1806,4806,-0.29415340423583985,10.0,6.0,0.41941553354263306,-1.3371676683425904
DiscreteSAC,15,final,1807,4807,-0.03548720955848696,8.0,5.0,0.4493682086467743,-1.2695191949605942
DiscreteSAC,15,final,1808,4808,-0.30324943900108337,9.0,4.0,0.3277495205402374,-1.2953756517834134
DiscreteSAC,15,final,1809,4809,-0.4248764425516129,10.0,6.0,0.25436505675315857,-1.334476613998413
DiscreteSAC,15,final,1810,4810,-0.3702787756919861,10.0,3.0,0.7180280089378357,-1.255781066417694
DiscreteSAC,15,final,1811,4811,-0.4038081973791123,10.0,6.0,0.1443009078502655,-1.2918338656425477
DiscreteSAC,15,final,1812,4812,-0.4068292766809464,10.0,5.0,0.21751666069030762,-1.3066839218139648
DiscreteSAC,15,final,1813,4813,-0.15569047898054122,7.0,4.0,0.09290646761655807,-1.3051277228764124
DiscreteSAC,15,final,1814,4814,-0.378089964389801,10.0,5.0,0.6282439231872559,-1.2960911631584167
DiscreteSAC,15,final,1815,4815,-0.7907883077859879,10.0,3.0,0.5128573179244995,-1.306976592540741
DiscreteSAC,15,final,1816,4816,-0.5794323682785034,10.0,3.0,0.49654725193977356,-1.3277236580848695
DiscreteSAC,15,final,1817,4817,-0.20182313919067385,10.0,5.0,0.7477642297744751,-1.3214654445648193
DiscreteSAC,15,final,1818,4818,-0.33283290863037107,10.0,3.0,0.8330996632575989,-1.3112524151802063
DiscreteSAC,15,final,1819,4819,-0.17636868953704837,10.0,6.0,0.9256634712219238,-1.2821223139762878
DiscreteSAC,15,final,1820,4820,-0.23096681892871856,6.0,4.0,0.3674554228782654,-1.3373618125915527
DiscreteSAC,15,final,1821,4821,-0.34143911600112914,10.0,4.0,0.4549120366573334,-1.2999523282051086
DiscreteSAC,15,final,1822,4822,-0.25115954875946045,10.0,5.0,0.7021525502204895,-1.353773295879364
DiscreteSAC,15,final,1823,4823,-0.167223299741745,7.0,4.0,0.4160766303539276,-1.2316350936889648
DiscreteSAC,15,final,1824,4824,-0.4263320922851563,10.0,6.0,0.3546796143054962,-1.3149089694023133
DiscreteSAC,15,final,1825,4825,-0.7030577659606934,10.0,3.0,1.0053497552871704,-1.25596684217453
DiscreteSAC,15,final,1826,4826,-0.4023386597633362,10.0,6.0,0.40578195452690125,-1.314017903804779
DiscreteSAC,15,final,1827,4827,-0.03417418599128726,10.0,4.0,0.3274160921573639,-1.2997493147850037
DiscreteSAC,15,final,1828,4828,-0.30600494742393497,10.0,6.0,0.4838971197605133,-1.339598798751831
DiscreteSAC,15,final,1829,4829,-0.35118099451065066,10.0,5.0,0.8979760408401489,-1.3241970896720887
DiscreteSAC,15,final,1830,4830,-0.3902207970619202,10.0,6.0,0.6691068410873413,-1.2977627635002136
DiscreteSAC,15,final,1831,4831,-0.3593571543693543,10.0,6.0,0.7726237177848816,-1.2929600119590758
DiscreteSAC,15,final,1832,4832,-0.4403488650918007,10.0,5.0,0.11574862897396088,-1.3012855887413024
DiscreteSAC,15,final,1833,4833,-0.40174264013767247,10.0,7.0,0.2862779200077057,-1.3584749341011046
DiscreteSAC,15,final,1834,4834,-0.07028355598449709,10.0,5.0,0.5951687693595886,-1.2903119921684265
DiscreteSAC,15,final,1835,4835,-0.5843541264533998,10.0,5.0,0.3445562720298767,-1.307202649116516
DiscreteSAC,15,final,1836,4836,-0.21465047240257262,9.0,4.0,0.4137497842311859,-1.341090242067973
DiscreteSAC,15,final,1837,4837,-0.242278528213501,10.0,6.0,0.7716423869132996,-1.2798142910003663
DiscreteSAC,15,final,1838,4838,-0.6254825115203859,10.0,4.0,0.6139729619026184,-1.2820219039916991
DiscreteSAC,15,final,1839,4839,-0.24778658151626587,10.0,5.0,0.6474061608314514,-1.3086875081062317
DiscreteSAC,15,final,1840,4840,-0.5869105875492098,10.0,4.0,0.40784645080566406,-1.3107082843780518
DiscreteSAC,15,final,1841,4841,-0.37622631788253785,10.0,4.0,0.7070363163948059,-1.271723484992981
DiscreteSAC,15,final,1842,4842,-0.34008542537689207,9.0,3.0,0.7768998742103577,-1.3058625989490085
DiscreteSAC,15,final,1843,4843,-0.23203917384147643,9.0,4.0,0.4455867111682892,-1.2868203322092693
DiscreteSAC,15,final,1844,4844,-0.16699337005615233,9.0,4.0,0.43317586183547974,-1.2879927158355713
DiscreteSAC,15,final,1845,4845,-0.32471518516540526,10.0,4.0,0.6026418805122375,-1.2755344986915589
DiscreteSAC,15,final,1846,4846,-0.4001286268234253,10.0,5.0,0.7509770393371582,-1.298824167251587
DiscreteSAC,15,final,1847,4847,-0.09871108531951905,10.0,4.0,0.771611213684082,-1.227521300315857
DiscreteSAC,15,final,1848,4848,-0.4382464408874511,10.0,4.0,0.7858021855354309,-1.2917432188987732
DiscreteSAC,15,final,1849,4849,-0.18683873414993285,10.0,4.0,0.7189322710037231,-1.276737594604492
DiscreteSAC,15,final,1850,4850,-0.38863638639450077,10.0,6.0,0.8652942776679993,-1.2751673579216003
DiscreteSAC,15,final,1851,4851,-0.1463434100151062,10.0,5.0,0.9018840193748474,-1.3202413320541382
DiscreteSAC,15,final,1852,4852,-0.545462355017662,10.0,3.0,0.19509290158748627,-1.2994555473327636
DiscreteSAC,15,final,1853,4853,-0.3214133262634277,10.0,7.0,0.5710588693618774,-1.2930397629737853
DiscreteSAC,15,final,1854,4854,-0.5660121053457261,10.0,6.0,0.41689589619636536,-1.2988687753677368
DiscreteSAC,15,final,1855,4855,-0.3476880520582199,10.0,4.0,0.2131310999393463,-1.2814627647399903
DiscreteSAC,15,final,1856,4856,-0.09973310470581055,9.0,4.0,1.0426808595657349,-1.285318546824985
DiscreteSAC,15,final,1857,4857,-0.3822735071182251,10.0,4.0,0.5610458850860596,-1.2898572564125061
DiscreteSAC,15,final,1858,4858,-0.3568590641021729,10.0,6.0,0.49819132685661316,-1.2908495545387269
DiscreteSAC,15,final,1859,4859,-0.27891064882278443,10.0,4.0,0.765640914440155,-1.2417576909065247
DiscreteSAC,15,final,1860,4860,-0.3399416089057922,10.0,4.0,0.8422144651412964,-1.3181653261184691
DiscreteSAC,15,final,1861,4861,-0.26022166252136225,9.0,5.0,0.8474633097648621,-1.288934138086107
DiscreteSAC,15,final,1862,4862,-0.04707140922546389,10.0,6.0,1.0691336393356323,-1.2929728031158447
DiscreteSAC,15,final,1863,4863,0.03634840250015257,10.0,5.0,0.8118521571159363,-1.2824608206748962
DiscreteSAC,15,final,1864,4864,-0.18461296558380128,10.0,6.0,0.9413737058639526,-1.2924460887908935
DiscreteSAC,15,final,1865,4865,-0.6562169313430787,10.0,4.0,1.3276175260543823,-1.325832152366638
DiscreteSAC,15,final,1866,4866,-0.3292695462703705,10.0,4.0,0.4252016842365265,-1.3259220838546752
DiscreteSAC,15,final,1867,4867,-0.2607285165786743,9.0,3.0,1.0387862920761108,-1.2922888067033556
DiscreteSAC,15,final,1868,4868,-0.3427088737487793,10.0,4.0,0.7939332127571106,-1.3287305951118469
DiscreteSAC,15,final,1869,4869,-0.5236373484134674,10.0,5.0,0.30542421340942383,-1.307857346534729
DiscreteSAC,15,final,1870,4870,-0.61519935131073,10.0,5.0,0.7961829304695129,-1.320049023628235
DiscreteSAC,15,final,1871,4871,-0.26141142249107363,10.0,7.0,0.5188671350479126,-1.2609381437301637
DiscreteSAC,15,final,1872,4872,-0.3007758736610412,10.0,4.0,0.5686830282211304,-1.2608621001243592
DiscreteSAC,15,final,1873,4873,-0.07522323131561283,10.0,5.0,0.7616053819656372,-1.2988446831703186
DiscreteSAC,15,final,1874,4874,-0.512063765525818,10.0,5.0,0.406598299741745,-1.2784999847412108
DiscreteSAC,15,final,1875,4875,-0.21390120923519135,9.0,5.0,0.08584748208522797,-1.306947045856052
DiscreteSAC,15,final,1876,4876,-0.2882638216018677,10.0,5.0,0.7736426591873169,-1.3056034445762634
DiscreteSAC,15,final,1877,4877,-0.3585978507995606,10.0,6.0,0.557493269443512,-1.3210803747177124
DiscreteSAC,15,final,1878,4878,-0.38645740747451784,10.0,5.0,0.7048543691635132,-1.2572184205055237
DiscreteSAC,15,final,1879,4879,-0.24000056982040407,10.0,5.0,0.9404368996620178,-1.3478341579437256
DiscreteSAC,15,final,1880,4880,-0.4286070585250854,10.0,4.0,1.0254029035568237,-1.3339079022407532
DiscreteSAC,15,final,1881,4881,-0.08328550577163694,7.0,4.0,0.7654706239700317,-1.2176287514822823
DiscreteSAC,15,final,1882,4882,-0.36285253763198855,10.0,5.0,0.8657861351966858,-1.3028573751449586
DiscreteSAC,15,final,1883,4883,-0.3551584124565125,10.0,5.0,0.5249274969100952,-1.2809090971946717
DiscreteSAC,15,final,1884,4884,-0.46359592080116274,10.0,5.0,0.1831989586353302,-1.2750902771949768
DiscreteSAC,15,final,1885,4885,-0.38400710821151735,10.0,4.0,0.6623706817626953,-1.2975501656532287
DiscreteSAC,15,final,1886,4886,-0.45470582842826845,10.0,5.0,0.3907089829444885,-1.348914122581482
DiscreteSAC,15,final,1887,4887,-0.24193735122680665,10.0,4.0,1.3952702283859253,-1.2852235555648803
DiscreteSAC,15,final,1888,4888,-0.3637671375274658,9.0,4.0,1.0267479419708252,-1.274468845791287
DiscreteSAC,15,final,1889,4889,-0.4465522408485413,10.0,5.0,0.6736441254615784,-1.2921054482460022
DiscreteSAC,15,final,1890,4890,-0.49035567939281466,10.0,5.0,0.25140854716300964,-1.3169488072395326
DiscreteSAC,15,final,1891,4891,-0.4804694727063179,10.0,3.0,0.11758937686681747,-1.3071062088012695
DiscreteSAC,15,final,1892,4892,-0.3627199172973633,10.0,5.0,0.5961113572120667,-1.3256749987602234
DiscreteSAC,15,final,1893,4893,-0.24605067968368532,10.0,5.0,0.8122199177742004,-1.298612380027771
DiscreteSAC,15,final,1894,4894,-0.005271255970001221,10.0,5.0,0.7757849097251892,-1.3482001304626465
DiscreteSAC,15,final,1895,4895,-0.496726730465889,10.0,5.0,0.2915460169315338,-1.3318742275238038
DiscreteSAC,15,final,1896,4896,-0.6012795448303225,10.0,4.0,1.0208371877670288,-1.2915785193443299
DiscreteSAC,15,final,1897,4897,-0.45248624086380007,10.0,5.0,0.9388774633407593,-1.316102421283722
DiscreteSAC,15,final,1898,4898,0.24617088794708253,9.0,4.0,0.8769184350967407,-1.3094998995463054
DiscreteSAC,15,final,1899,4899,-0.44224486351013187,10.0,6.0,0.5576708316802979,-1.2762151122093202
DiscreteSAC,15,final,1900,4900,-0.35658906936645507,9.0,4.0,0.3734966218471527,-1.3147824075486925
DiscreteSAC,15,final,1901,4901,-0.16853577494621277,10.0,6.0,0.48217782378196716,-1.3133460640907288
DiscreteSAC,15,final,1902,4902,-0.21800557374954221,10.0,3.0,0.666780412197113,-1.3231134057044982
DiscreteSAC,15,final,1903,4903,-0.30545942187309266,10.0,4.0,0.42374977469444275,-1.3118526816368103
DiscreteSAC,15,final,1904,4904,-0.3715615808963776,10.0,5.0,0.2711566090583801,-1.3530433177947998
DiscreteSAC,15,final,1905,4905,-0.43685350120067595,10.0,4.0,0.32163769006729126,-1.3084121346473694
DiscreteSAC,15,final,1906,4906,-0.29989758729934696,10.0,6.0,0.3924843370914459,-1.265264916419983
DiscreteSAC,15,final,1907,4907,-0.12522373676300047,8.0,3.0,0.6707623600959778,-1.3742072135210037
DiscreteSAC,15,final,1908,4908,-0.5424369096755982,10.0,4.0,0.5287687182426453,-1.2937113881111144
DiscreteSAC,15,final,1909,4909,-0.37187240868806837,10.0,3.0,0.11511970311403275,-1.3122618436813354
DiscreteSAC,15,final,1910,4910,-0.41034083217382433,10.0,5.0,0.08790651708841324,-1.2736146807670594
DiscreteSAC,15,final,1911,4911,-0.3036409974098206,10.0,6.0,0.3216842710971832,-1.289880669116974
DiscreteSAC,15,final,1912,4912,-0.490471613407135,10.0,4.0,0.957737147808075,-1.2960793733596803
DiscreteSAC,15,final,1913,4913,-0.24238517284393313,10.0,5.0,1.2803716659545898,-1.38364098072052
DiscreteSAC,15,final,1914,4914,-0.4008557677268982,10.0,4.0,0.4294840395450592,-1.2678137183189393
DiscreteSAC,15,final,1915,4915,-0.24178169533610344,9.0,5.0,0.1025964692234993,-1.2754432757695515
DiscreteSAC,15,final,1916,4916,-0.47325338125228883,10.0,4.0,0.41545602679252625,-1.2781670451164246
DiscreteSAC,15,final,1917,4917,-0.2331004500389099,10.0,3.0,0.4810224175453186,-1.3029439210891725
DiscreteSAC,15,final,1918,4918,-0.12664884328842163,10.0,5.0,0.7991955876350403,-1.3259353041648865
DiscreteSAC,15,final,1919,4919,-0.07459330558776854,10.0,8.0,0.9480377435684204,-1.3462397575378418
DiscreteSAC,15,final,1920,4920,-0.2679070734977722,9.0,4.0,0.3523399233818054,-1.3208149406645033
DiscreteSAC,15,final,1921,4921,-0.43077675700187684,10.0,4.0,0.44870415329933167,-1.2986251831054687
DiscreteSAC,15,final,1922,4922,-0.46619452238082887,10.0,4.0,0.23887358605861664,-1.2684553265571594
DiscreteSAC,15,final,1923,4923,-0.47079256772994993,10.0,6.0,0.9417171478271484,-1.3013453483581543
DiscreteSAC,15,final,1924,4924,-0.5507351279258729,10.0,4.0,0.6565369367599487,-1.3000014066696166
DiscreteSAC,15,final,1925,4925,-0.1320514702796936,9.0,5.0,0.9370030760765076,-1.305697864956326
DiscreteSAC,15,final,1926,4926,-0.2417940557003021,10.0,3.0,0.3457987606525421,-1.3327988624572753
DiscreteSAC,15,final,1927,4927,-0.4088473618030548,10.0,3.0,0.3683014214038849,-1.314805817604065
DiscreteSAC,15,final,1928,4928,-0.4586300909519196,10.0,6.0,0.2506278157234192,-1.2950541257858277
DiscreteSAC,15,final,1929,4929,-0.47282758057117463,10.0,4.0,0.16002191603183746,-1.3241756081581115
DiscreteSAC,15,final,1930,4930,-0.19463281631469725,10.0,4.0,0.5379912257194519,-1.2549855828285217
DiscreteSAC,15,final,1931,4931,-0.18741763830184938,10.0,4.0,0.37795114517211914,-1.2785305023193358
DiscreteSAC,15,final,1932,4932,-0.4553471475839615,10.0,6.0,0.38377293944358826,-1.314994251728058
DiscreteSAC,15,final,1933,4933,-0.3177208423614502,10.0,4.0,0.29413142800331116,-1.2600487112998962
DiscreteSAC,15,final,1934,4934,-0.38839259147644045,10.0,5.0,0.5441750884056091,-1.2607248663902282
DiscreteSAC,15,final,1935,4935,-0.33612177848815916,8.0,3.0,0.7898191213607788,-1.3278712332248688
DiscreteSAC,15,final,1936,4936,-0.38390852212905885,10.0,4.0,0.6334490776062012,-1.277691411972046
DiscreteSAC,15,final,1937,4937,-0.37360666394233705,10.0,4.0,0.32816651463508606,-1.298593235015869
DiscreteSAC,15,final,1938,4938,-0.052615110874176044,8.0,5.0,0.9269431233406067,-1.251312643289566
DiscreteSAC,15,final,1939,4939,-0.28362253308296204,10.0,5.0,0.22954817116260529,-1.2976216197013855
DiscreteSAC,15,final,1940,4940,-0.15466270089149475,9.0,5.0,0.4954386055469513,-1.3047917286554973
DiscreteSAC,15,final,1941,4941,-0.2315611481666565,10.0,5.0,0.5743538737297058,-1.3006104469299316
DiscreteSAC,15,final,1942,4942,-0.338343346118927,10.0,5.0,0.9207575917243958,-1.3206549763679505
DiscreteSAC,15,final,1943,4943,-0.1274198865890503,6.0,4.0,0.8040316700935364,-1.3089590867360432
DiscreteSAC,15,final,1944,4944,-0.14830647706985473,10.0,4.0,0.7356999516487122,-1.3114748835563659
DiscreteSAC,15,final,1945,4945,-0.18220175504684444,10.0,6.0,0.6540452241897583,-1.312940275669098
DiscreteSAC,15,final,1946,4946,-0.19286048412322998,10.0,5.0,0.7059305310249329,-1.2827561378479004
DiscreteSAC,15,final,1947,4947,-0.06048070430755616,9.0,4.0,1.0442712306976318,-1.2737491263283625
DiscreteSAC,15,final,1948,4948,-0.9123076915740969,10.0,4.0,0.740028440952301,-1.2986547231674195
DiscreteSAC,15,final,1949,4949,-0.12732237577438354,10.0,8.0,0.6276137232780457,-1.30725816488266
DiscreteSAC,15,final,1950,4950,-0.4286828994750976,10.0,3.0,0.3698802590370178,-1.3039993166923523
DiscreteSAC,15,final,1951,4951,-0.3555926263332367,10.0,4.0,0.4558331370353699,-1.3211300253868103
DiscreteSAC,15,final,1952,4952,-0.33427261710166933,10.0,5.0,0.4856979548931122,-1.2770686745643616
DiscreteSAC,15,final,1953,4953,-0.14896239042282106,10.0,4.0,0.8188329339027405,-1.2620647549629211
DiscreteSAC,15,final,1954,4954,-0.3711563587188721,10.0,5.0,1.0487293004989624,-1.2955827236175537
DiscreteSAC,15,final,1955,4955,-0.6005700826644897,10.0,3.0,1.199888825416565,-1.3276690721511841
DiscreteSAC,15,final,1956,4956,-0.24756053924560545,9.0,3.0,0.8960318565368652,-1.2829591035842896
DiscreteSAC,15,final,1957,4957,-0.09927092790603638,10.0,4.0,0.7961294054985046,-1.307442593574524
DiscreteSAC,15,final,1958,4958,-0.4415403097867966,10.0,5.0,0.2066442221403122,-1.2753493189811707
DiscreteSAC,15,final,1959,4959,-0.31898396015167235,10.0,4.0,0.3731861412525177,-1.2527339339256287
DiscreteSAC,15,final,1960,4960,-0.32853792905807494,10.0,4.0,0.733424186706543,-1.3286481142044066
DiscreteSAC,15,final,1961,4961,-0.4023332357406616,10.0,3.0,0.8706018328666687,-1.2794117212295533
DiscreteSAC,15,final,1962,4962,-0.1472069621086121,10.0,8.0,0.5409554243087769,-1.3180729508399964
DiscreteSAC,15,final,1963,4963,-0.477486252784729,10.0,3.0,0.6149417161941528,-1.3077091097831726
DiscreteSAC,15,final,1964,4964,-0.21016207933425904,10.0,6.0,0.8624833226203918,-1.281707239151001
DiscreteSAC,15,final,1965,4965,-0.2992735505104065,10.0,5.0,0.8794347643852234,-1.2991908550262452
DiscreteSAC,15,final,1966,4966,-0.2671990036964417,10.0,5.0,0.7982597351074219,-1.3133888721466065
DiscreteSAC,15,final,1967,4967,-0.5820629686117174,10.0,5.0,0.42441537976264954,-1.3058065176010132
DiscreteSAC,15,final,1968,4968,-0.45744302868843084,10.0,5.0,0.5942290425300598,-1.2904677629470824
DiscreteSAC,15,final,1969,4969,-0.5913694620132447,10.0,4.0,0.309627503156662,-1.2690896272659302
DiscreteSAC,15,final,1970,4970,-0.26830024421215054,10.0,7.0,0.34097930788993835,-1.2568735957145691
DiscreteSAC,15,final,1971,4971,-0.14667646884918212,10.0,4.0,0.7064594626426697,-1.2656216621398926
DiscreteSAC,15,final,1972,4972,-0.33248822689056395,10.0,4.0,0.5129780173301697,-1.3076180338859558
DiscreteSAC,15,final,1973,4973,-0.23991274833679194,10.0,5.0,0.7122805714607239,-1.2656584978103638
DiscreteSAC,15,final,1974,4974,-0.2487707757949829,9.0,5.0,0.5266233682632446,-1.282392594549391
DiscreteSAC,15,final,1975,4975,-0.33776428550481796,10.0,5.0,0.18883903324604034,-1.2762254118919372
DiscreteSAC,15,final,1976,4976,-0.1540321135520935,9.0,5.0,0.5999636650085449,-1.2684170140160456
DiscreteSAC,15,final,1977,4977,-0.49941118955612185,10.0,5.0,0.34121647477149963,-1.2799266934394837
DiscreteSAC,15,final,1978,4978,-0.37435289621353146,10.0,5.0,0.972591757774353,-1.290226399898529
DiscreteSAC,15,final,1979,4979,-0.2932446360588074,10.0,6.0,0.5171777009963989,-1.3086556792259216
DiscreteSAC,15,final,1980,4980,-0.22991107940673827,9.0,4.0,1.0836598873138428,-1.3111829095416598
DiscreteSAC,15,final,1981,4981,0.0666326642036438,10.0,7.0,0.6357250809669495,-1.2782526016235352
DiscreteSAC,15,final,1982,4982,-0.10662314295768736,10.0,5.0,0.43760594725608826,-1.3055049180984497
DiscreteSAC,15,final,1983,4983,-0.3620309174060822,10.0,5.0,0.418573796749115,-1.3335386633872985
DiscreteSAC,15,final,1984,4984,-0.24704961717128754,9.0,5.0,0.25695180892944336,-1.3600306378470526
DiscreteSAC,15,final,1985,4985,-0.047483563423156724,10.0,5.0,0.9585685729980469,-1.294790542125702
DiscreteSAC,15,final,1986,4986,-0.21357896327972414,10.0,5.0,0.9170913696289062,-1.3159519910812378
DiscreteSAC,15,final,1987,4987,-0.4178596526384354,10.0,5.0,0.25270983576774597,-1.3045045733451843
DiscreteSAC,15,final,1988,4988,-0.17116292595863342,8.0,4.0,0.3072028160095215,-1.246877759695053
DiscreteSAC,15,final,1989,4989,-0.11621366739273072,10.0,4.0,0.6135793924331665,-1.2816171050071716
DiscreteSAC,15,final,1990,4990,-0.2211972713470459,10.0,5.0,0.6791730523109436,-1.285669994354248
DiscreteSAC,15,final,1991,4991,-0.4256534218788147,10.0,5.0,0.7324981093406677,-1.283245313167572
DiscreteSAC,15,final,1992,4992,-0.11544454932212829,9.0,8.0,0.48103412985801697,-1.2509701119528875
DiscreteSAC,15,final,1993,4993,-0.3285363376140594,10.0,6.0,0.3562547266483307,-1.368344497680664
DiscreteSAC,15,final,1994,4994,-0.23922181129455566,10.0,5.0,0.8873723149299622,-1.3069044828414917
DiscreteSAC,15,final,1995,4995,-0.2516669750213623,10.0,4.0,0.6293485760688782,-1.3619781732559204
DiscreteSAC,15,final,1996,4996,-0.3787218451499939,10.0,4.0,0.8046897053718567,-1.3009948134422302
DiscreteSAC,15,final,1997,4997,-0.413333809375763,10.0,6.0,0.22368715703487396,-1.2690268397331237
DiscreteSAC,15,final,1998,4998,-0.36049458980560306,10.0,6.0,0.5685760378837585,-1.2792489886283875
DiscreteSAC,15,final,1999,4999,-0.27530937433242797,9.0,4.0,0.17221887409687042,-1.3166035148832533
DiscreteSAC,15,final,2000,5000,-0.21733694076538085,10.0,4.0,0.7634191513061523,-1.267701017856598
DiscreteSAC,15,final,2001,5001,-0.34490821063518523,10.0,4.0,0.26792168617248535,-1.3059484243392945
DiscreteSAC,15,final,2002,5002,-0.13231436491012571,8.0,3.0,0.3140123784542084,-1.3069377541542053
DiscreteSAC,15,final,2003,5003,-0.5104025125503541,10.0,4.0,0.5238233208656311,-1.2738772988319398
DiscreteSAC,15,final,2004,5004,-0.3685734629631042,10.0,6.0,0.1820780485868454,-1.3083125710487367
DiscreteSAC,15,final,2005,5005,-0.3301653861999512,10.0,3.0,0.36519569158554077,-1.2621812224388123
DiscreteSAC,15,final,2006,5006,-0.4988544374704361,10.0,5.0,0.30484679341316223,-1.2964873790740967
DiscreteSAC,15,final,2007,5007,-0.3268549942970276,9.0,4.0,0.6309391260147095,-1.3190662463506062
DiscreteSAC,15,final,2008,5008,-0.414826774597168,10.0,5.0,1.0161024332046509,-1.312607228755951
DiscreteSAC,15,final,2009,5009,-0.00040338039398197384,10.0,6.0,0.9976259469985962,-1.2752418637275695
DiscreteSAC,15,final,2010,5010,-0.07784613728523256,6.0,4.0,0.4680294990539551,-1.2837037444114685
DiscreteSAC,15,final,2011,5011,-0.5014140486717226,10.0,4.0,0.762181282043457,-1.3066190361976624
DiscreteSAC,15,final,2012,5012,-0.18734230041503908,9.0,6.0,0.6206022500991821,-1.2831574545966253
DiscreteSAC,15,final,2013,5013,-0.31075071334838866,9.0,4.0,0.7416442036628723,-1.289851016468472
DiscreteSAC,15,final,2014,5014,-0.48488529920578016,10.0,5.0,0.8772889971733093,-1.304272747039795
DiscreteSAC,15,final,2015,5015,-0.3995325803756714,10.0,5.0,0.522737443447113,-1.2920862197875977
DiscreteSAC,15,final,2016,5016,0.007618091106414801,9.0,3.0,0.5360105633735657,-1.3018301328023274
DiscreteSAC,15,final,2017,5017,-1.0170553147792818,10.0,4.0,0.7177761197090149,-1.333897638320923
DiscreteSAC,15,final,2018,5018,-0.15392684936523438,10.0,5.0,0.4848242402076721,-1.3040822744369507
DiscreteSAC,15,final,2019,5019,-0.12646076321601868,9.0,5.0,0.4345731735229492,-1.317374176449246
DiscreteSAC,15,final,2020,5020,-0.20024925470352173,10.0,5.0,0.8982769846916199,-1.3100212574005128
DiscreteSAC,15,final,2021,5021,0.012806582450866688,10.0,6.0,1.0178478956222534,-1.3024212718009949
DiscreteSAC,15,final,2022,5022,-0.36406099200248715,10.0,7.0,0.6961454153060913,-1.3020520329475402
DiscreteSAC,15,final,2023,5023,-0.42500355243682864,10.0,5.0,0.19303683936595917,-1.3006282925605774
DiscreteSAC,15,final,2024,5024,-0.14265372753143313,10.0,7.0,0.772930920124054,-1.2750205755233766
DiscreteSAC,15,final,2025,5025,-0.4180249258875847,10.0,6.0,0.14963696897029877,-1.3329049944877625
DiscreteSAC,15,final,2026,5026,-0.3422065496444702,10.0,4.0,0.6163052320480347,-1.3012288331985473
DiscreteSAC,15,final,2027,5027,-0.2115319609642029,10.0,5.0,0.5361156463623047,-1.2692289113998414
DiscreteSAC,15,final,2028,5028,-0.3358552992343903,10.0,5.0,0.36578941345214844,-1.3001389741897582
DiscreteSAC,15,final,2029,5029,-0.7781803324818612,10.0,5.0,0.48243528604507446,-1.2921342730522156
DiscreteSAC,15,final,2030,5030,-0.20821298360824586,10.0,6.0,0.9855607151985168,-1.2774406552314759
DiscreteSAC,15,final,2031,5031,-0.43953455686569215,10.0,4.0,0.772853434085846,-1.2640111923217774
DiscreteSAC,15,final,2032,5032,-0.1484565854072571,10.0,6.0,0.7361372709274292,-1.2987622976303101
DiscreteSAC,15,final,2033,5033,-0.07575249671936037,10.0,5.0,0.5876712203025818,-1.2876852989196776
DiscreteSAC,15,final,2034,5034,-0.2914429485797882,10.0,4.0,0.30148670077323914,-1.2844125986099244
DiscreteSAC,15,final,2035,5035,-0.4018421375751495,9.0,4.0,0.3172178864479065,-1.2608359257380168
DiscreteSAC,15,final,2036,5036,-0.4453963428735733,10.0,5.0,0.2107858955860138,-1.257901382446289
DiscreteSAC,15,final,2037,5037,-0.5874381601810456,10.0,5.0,0.46137699484825134,-1.2843114137649536
DiscreteSAC,15,final,2038,5038,-0.2814275741577148,10.0,6.0,0.39632564783096313,-1.3248036861419679
DiscreteSAC,15,final,2039,5039,-0.5650023937225341,10.0,4.0,0.4218043386936188,-1.3525233268737793
DiscreteSAC,15,final,2040,5040,-0.43843557715415954,8.0,4.0,0.6649588346481323,-1.3260486274957657
DiscreteSAC,15,final,2041,5041,-0.08953025460243226,7.0,4.0,0.4396532475948334,-1.329289402280535
DiscreteSAC,15,final,2042,5042,-0.036080124378204334,9.0,5.0,0.6099909543991089,-1.3226686980989244
DiscreteSAC,15,final,2043,5043,0.08235181570053099,10.0,4.0,0.46164947748184204,-1.2847135186195373
DiscreteSAC,15,final,2044,5044,-0.5664411842823031,10.0,3.0,0.673112690448761,-1.2813217759132385
DiscreteSAC,15,final,2045,5045,-0.46108208000659945,10.0,5.0,0.23887908458709717,-1.276857817173004
DiscreteSAC,15,final,2046,5046,0.04857527971267701,9.0,5.0,0.5365318059921265,-1.290123184521993
DiscreteSAC,15,final,2047,5047,-0.07577965259552004,10.0,3.0,0.8959746360778809,-1.315082859992981
DiscreteSAC,15,final,2048,5048,-0.20760583877563477,10.0,5.0,0.7869943976402283,-1.299902880191803
DiscreteSAC,15,final,2049,5049,-0.5005156219005585,10.0,4.0,0.4650263488292694,-1.30217502117157
DiscreteSAC,15,final,2050,5050,-0.13664619922637938,10.0,4.0,0.505288302898407,-1.2871091842651368
DiscreteSAC,15,final,2051,5051,-0.2906144976615906,10.0,4.0,0.9557331204414368,-1.306187093257904
DiscreteSAC,15,final,2052,5052,-0.5481298178434372,10.0,6.0,0.40671253204345703,-1.2456953406333924
DiscreteSAC,15,final,2053,5053,-0.3976368546485901,10.0,5.0,0.5022203326225281,-1.296680474281311
DiscreteSAC,15,final,2054,5054,-0.3895174145698547,10.0,4.0,0.4458237290382385,-1.3109551072120667
DiscreteSAC,15,final,2055,5055,-0.4003790378570557,10.0,6.0,0.911439836025238,-1.3390252709388732
DiscreteSAC,15,final,2056,5056,-0.05087726712226866,10.0,7.0,0.2925153076648712,-1.2683904886245727
DiscreteSAC,15,final,2057,5057,-0.469444763660431,10.0,4.0,0.4119485020637512,-1.3250696182250976
DiscreteSAC,15,final,2058,5058,-0.28626883268356323,9.0,5.0,0.924102783203125,-1.3043388393190172
DiscreteSAC,15,final,2059,5059,-0.293101042509079,10.0,5.0,0.29968124628067017,-1.2855953097343444
DiscreteSAC,15,final,2060,5060,-0.40090994238853456,10.0,4.0,0.4140545427799225,-1.3356015086174011
DiscreteSAC,15,final,2061,5061,-0.4473178625106812,10.0,5.0,0.8814945816993713,-1.3001132488250733
DiscreteSAC,15,final,2062,5062,-0.2915406048297882,10.0,4.0,0.41265812516212463,-1.2666795611381532
DiscreteSAC,15,final,2063,5063,-0.21211435198783873,10.0,4.0,0.32854679226875305,-1.3188974618911744
DiscreteSAC,15,final,2064,5064,-0.2789334893226624,10.0,5.0,0.8839953541755676,-1.3336316466331481
DiscreteSAC,15,final,2065,5065,-0.16285262107849124,10.0,3.0,1.2044225931167603,-1.301885974407196
DiscreteSAC,15,final,2066,5066,-0.32042683362960817,10.0,4.0,0.6864606142044067,-1.325919783115387
DiscreteSAC,15,final,2067,5067,-0.19597754478454588,10.0,6.0,0.8023937940597534,-1.2938000798225402
DiscreteSAC,15,final,2068,5068,-0.35310677528381346,9.0,3.0,0.6629433035850525,-1.3186565107769437
DiscreteSAC,15,final,2069,5069,-0.2777175068855286,10.0,6.0,0.29163646697998047,-1.2843027591705323
DiscreteSAC,15,final,2070,5070,-0.34561094641685486,10.0,3.0,0.4194921553134918,-1.3199529767036438
DiscreteSAC,15,final,2071,5071,-0.4731194496154785,10.0,4.0,0.7199661135673523,-1.3243809819221497
DiscreteSAC,15,final,2072,5072,-0.4468289995193481,9.0,3.0,0.4666820466518402,-1.3047703637017145
DiscreteSAC,15,final,2073,5073,-0.4662902593612671,10.0,5.0,0.9789732098579407,-1.3243980526924133
DiscreteSAC,15,final,2074,5074,-0.2861618757247925,10.0,6.0,0.654424250125885,-1.3047954320907593
DiscreteSAC,15,final,2075,5075,-0.6165230393409731,10.0,4.0,0.7302441000938416,-1.3150161862373353
DiscreteSAC,15,final,2076,5076,-0.3272047221660614,10.0,4.0,0.19583137333393097,-1.3080391049385072
DiscreteSAC,15,final,2077,5077,-0.6015775203704835,10.0,3.0,0.36922699213027954,-1.3121050000190735
DiscreteSAC,15,final,2078,5078,0.17796603202819822,9.0,7.0,0.7854018211364746,-1.3080750173992581
DiscreteSAC,15,final,2079,5079,-0.21579483747482303,10.0,6.0,0.6118167638778687,-1.3386012077331544
DiscreteSAC,15,final,2080,5080,-0.3973064303398132,10.0,4.0,0.4698449671268463,-1.2653291821479797
DiscreteSAC,15,final,2081,5081,-0.3376291275024414,10.0,4.0,0.5458329319953918,-1.2359659790992736
DiscreteSAC,15,final,2082,5082,-0.5516649007797242,10.0,4.0,0.6494064331054688,-1.2846205472946166
DiscreteSAC,15,final,2083,5083,-0.35766421556472777,10.0,4.0,0.6074014902114868,-1.3208641409873962
DiscreteSAC,15,final,2084,5084,-0.1871989846229553,10.0,4.0,0.5782200694084167,-1.3297122240066528
DiscreteSAC,15,final,2085,5085,-0.11291580200195313,10.0,4.0,0.8143218755722046,-1.2676068782806396
DiscreteSAC,15,final,2086,5086,-0.3668630361557007,10.0,5.0,0.855625569820404,-1.3301368594169616
DiscreteSAC,15,final,2087,5087,-0.3356073617935181,10.0,4.0,0.7364040613174438,-1.3171887516975402
DiscreteSAC,15,final,2088,5088,-0.2465736508369446,10.0,5.0,0.6997966766357422,-1.315137779712677
DiscreteSAC,15,final,2089,5089,-0.4479503631591797,10.0,3.0,0.8297039270401001,-1.319394302368164
DiscreteSAC,15,final,2090,5090,-0.4918148756027222,10.0,5.0,0.2470882385969162,-1.3107501029968263
DiscreteSAC,15,final,2091,5091,-0.5164846614003181,10.0,6.0,0.2861153781414032,-1.2710915803909302
DiscreteSAC,15,final,2092,5092,-0.25021666526794434,9.0,5.0,0.6577128767967224,-1.3120008442136977
DiscreteSAC,15,final,2093,5093,-0.28708176612854003,10.0,7.0,0.9604211449623108,-1.3168660759925843
DiscreteSAC,15,final,2094,5094,-0.7268043696880343,10.0,5.0,0.5926613211631775,-1.3090049982070924
DiscreteSAC,15,final,2095,5095,-0.2839522123336793,10.0,6.0,0.661738395690918,-1.2967389225959778
DiscreteSAC,15,final,2096,5096,-0.6896481603384019,10.0,5.0,0.45533472299575806,-1.2967166304588318
DiscreteSAC,15,final,2097,5097,-0.3814955115318298,10.0,6.0,0.7108564972877502,-1.307261598110199
DiscreteSAC,15,final,2098,5098,-0.2714765191078186,10.0,4.0,0.7724028825759888,-1.3133554935455323
DiscreteSAC,15,final,2099,5099,-0.545101273059845,10.0,4.0,0.4552742540836334,-1.3272534251213073
DiscreteSAC,15,final,2100,5100,-0.08042251348495484,8.0,4.0,0.8489007949829102,-1.2594158351421356
DiscreteSAC,15,final,2101,5101,-0.36140594482421873,10.0,3.0,0.20130884647369385,-1.290937316417694
DiscreteSAC,15,final,2102,5102,-0.2532762408256531,10.0,4.0,0.61296546459198,-1.3020675539970399
DiscreteSAC,15,final,2103,5103,-0.4719792425632477,10.0,4.0,0.4004375636577606,-1.2939782738685608
DiscreteSAC,15,final,2104,5104,-0.1797781467437744,10.0,4.0,0.5822084546089172,-1.3006929874420166
DiscreteSAC,15,final,2105,5105,-0.314165461063385,10.0,4.0,0.18473419547080994,-1.33746280670166
DiscreteSAC,15,final,2106,5106,-0.41669283509254457,10.0,4.0,0.4989584982395172,-1.3186914205551148
DiscreteSAC,15,final,2107,5107,-0.30402501821517947,10.0,5.0,0.5993750691413879,-1.3009623050689698
DiscreteSAC,15,final,2108,5108,-0.480800023674965,10.0,6.0,0.3196225166320801,-1.2975472569465638
DiscreteSAC,15,final,2109,5109,-0.101785968542099,8.0,3.0,0.2825416624546051,-1.287819281220436
DiscreteSAC,15,final,2110,5110,-0.4670100808143616,10.0,3.0,0.29471322894096375,-1.2700163006782532
DiscreteSAC,15,final,2111,5111,-0.04993664026260376,10.0,4.0,0.7103699445724487,-1.3049971103668212
DiscreteSAC,15,final,2112,5112,-0.12912483215332032,10.0,4.0,0.5363258719444275,-1.2991896390914917
DiscreteSAC,15,final,2113,5113,-0.20553089976310734,10.0,7.0,0.4769038259983063,-1.294873559474945
DiscreteSAC,15,final,2114,5114,-0.4383980244398117,10.0,6.0,0.2604038715362549,-1.3036943435668946
DiscreteSAC,15,final,2115,5115,-0.424776691198349,10.0,4.0,0.4314914047718048,-1.3178279399871826
DiscreteSAC,15,final,2116,5116,0.04088050127029422,10.0,5.0,0.7603577971458435,-1.2852182030677795
DiscreteSAC,15,final,2117,5117,-0.041917457580566406,9.0,6.0,0.7595610022544861,-1.241391168700324
DiscreteSAC,15,final,2118,5118,-0.39023478031158443,10.0,4.0,0.7268227934837341,-1.2749589204788208
DiscreteSAC,15,final,2119,5119,-0.5642603576183319,10.0,5.0,0.28953489661216736,-1.3101102113723755
DiscreteSAC,15,final,2120,5120,-0.19197248220443724,10.0,4.0,0.6833580136299133,-1.2902715086936951
DiscreteSAC,15,final,2121,5121,-0.10584163665771483,10.0,5.0,0.809785783290863,-1.297555184364319
DiscreteSAC,15,final,2122,5122,-0.39010252952575686,10.0,5.0,0.7084994912147522,-1.3575913190841675
DiscreteSAC,15,final,2123,5123,-0.40710589885711673,10.0,6.0,0.3860822021961212,-1.2804770469665527
DiscreteSAC,15,final,2124,5124,-0.6014456123113634,10.0,4.0,0.21627715229988098,-1.3068415641784668
DiscreteSAC,15,final,2125,5125,-0.1138277530670166,10.0,4.0,0.7279840111732483,-1.299571931362152
DiscreteSAC,15,final,2126,5126,-0.42994288951158527,10.0,6.0,0.1821594536304474,-1.3150610089302064
DiscreteSAC,15,final,2127,5127,-0.4286831259727478,10.0,5.0,0.6659818291664124,-1.3354735851287842
DiscreteSAC,15,final,2128,5128,-0.17258923053741454,10.0,4.0,0.14226862788200378,-1.3037878751754761
DiscreteSAC,15,final,2129,5129,-0.46258103251457217,10.0,5.0,0.36011603474617004,-1.3029040455818177
DiscreteSAC,15,final,2130,5130,-0.11796817779541019,10.0,6.0,0.5853238105773926,-1.2887642502784729
DiscreteSAC,15,final,2131,5131,0.2285888671875,10.0,6.0,1.040797472000122,-1.283089005947113
DiscreteSAC,15,final,2132,5132,-0.17066608667373656,10.0,4.0,0.7398557662963867,-1.2618395805358886
DiscreteSAC,15,final,2133,5133,-0.3142262160778046,10.0,6.0,0.40340206027030945,-1.3061438918113708
DiscreteSAC,15,final,2134,5134,-0.4316376090049744,10.0,5.0,0.4933970272541046,-1.2718448519706727
DiscreteSAC,15,final,2135,5135,-0.4383050704002381,9.0,4.0,0.744535505771637,-1.3317934539582994
DiscreteSAC,15,final,2136,5136,-0.4937559366226197,10.0,5.0,0.7516047358512878,-1.2724325776100158
DiscreteSAC,15,final,2137,5137,-0.16649636030197146,10.0,5.0,0.7764783501625061,-1.3021165370941161
DiscreteSAC,15,final,2138,5138,-0.42677892446517945,10.0,4.0,0.25606903433799744,-1.3160212516784668
DiscreteSAC,15,final,2139,5139,-0.3372165083885193,10.0,6.0,0.5126854181289673,-1.2700500965118409
DiscreteSAC,15,final,2140,5140,-0.2778560757637024,10.0,5.0,0.8913742899894714,-1.2636124730110168
DiscreteSAC,15,final,2141,5141,-0.5797230482101442,10.0,4.0,0.8674257397651672,-1.2925462245941162
DiscreteSAC,15,final,2142,5142,-0.5653632402420045,10.0,4.0,0.24571387469768524,-1.3181650519371033
DiscreteSAC,15,final,2143,5143,-0.24372836351394656,10.0,5.0,0.848048746585846,-1.2613664031028748
DiscreteSAC,15,final,2144,5144,-0.6351092308759689,10.0,3.0,0.3704623579978943,-1.2834607124328614
DiscreteSAC,15,final,2145,5145,-0.4335829973220825,10.0,6.0,0.3584285378456116,-1.2847631812095641
DiscreteSAC,15,final,2146,5146,-0.40477250814437865,10.0,4.0,0.6410068273544312,-1.2644042015075683
DiscreteSAC,15,final,2147,5147,-0.8857206225395204,10.0,4.0,0.9726994633674622,-1.3179182052612304
DiscreteSAC,15,final,2148,5148,-0.16890300512313844,10.0,6.0,0.6482170224189758,-1.286001992225647
DiscreteSAC,15,final,2149,5149,-0.26536766231060027,9.0,4.0,0.22106941044330597,-1.2895108726289537
DiscreteSAC,15,final,2150,5150,-0.08704562783241272,10.0,4.0,0.35594257712364197,-1.2986027956008912
DiscreteSAC,15,final,2151,5151,-0.3736482381820679,10.0,4.0,0.6751861572265625,-1.2972486972808839
DiscreteSAC,15,final,2152,5152,-0.425143455862999,9.0,4.0,0.32086747884750366,-1.3089839882320828
DiscreteSAC,15,final,2153,5153,-0.12455199956893921,10.0,7.0,0.884942352771759,-1.3365259647369385
DiscreteSAC,15,final,2154,5154,-0.34049742221832274,10.0,4.0,1.0779368877410889,-1.314518189430237
DiscreteSAC,15,final,2155,5155,-0.18130095005035402,10.0,6.0,0.8006239533424377,-1.2897251009941102
DiscreteSAC,15,final,2156,5156,-0.5308717653155327,10.0,5.0,0.19965651631355286,-1.2972180128097535
DiscreteSAC,15,final,2157,5157,-0.22904921770095826,10.0,4.0,0.7592741847038269,-1.3022337913513184
DiscreteSAC,15,final,2158,5158,-0.24930579066276554,10.0,6.0,0.495832234621048,-1.284794843196869
DiscreteSAC,15,final,2159,5159,-0.6170130252838136,10.0,4.0,0.8741664290428162,-1.2927636742591857
DiscreteSAC,15,final,2160,5160,-0.44857151210308077,10.0,5.0,0.19797532260417938,-1.2834102392196656
DiscreteSAC,15,final,2161,5161,-0.3845757484436035,10.0,5.0,1.0058977603912354,-1.3069392204284669
DiscreteSAC,15,final,2162,5162,-0.5182563990354538,10.0,7.0,0.35240238904953003,-1.313945484161377
DiscreteSAC,15,final,2163,5163,-0.36306200027465824,10.0,6.0,0.560884952545166,-1.3160382866859437
DiscreteSAC,15,final,2164,5164,-0.4972620725631714,10.0,4.0,0.6442822217941284,-1.3114965677261352
DiscreteSAC,15,final,2165,5165,-0.25230568885803223,9.0,5.0,1.1811450719833374,-1.3401686350504558
DiscreteSAC,15,final,2166,5166,-0.48203164935112003,10.0,6.0,0.6224513053894043,-1.2905405282974243
DiscreteSAC,15,final,2167,5167,-0.2961419939994812,10.0,6.0,0.4654429852962494,-1.349003756046295
DiscreteSAC,15,final,2168,5168,-0.38852004408836366,10.0,4.0,0.4423997104167938,-1.3027673602104186
DiscreteSAC,15,final,2169,5169,-0.4350097119808197,10.0,5.0,0.3834897577762604,-1.2837381839752198
DiscreteSAC,15,final,2170,5170,-0.046768774986267095,9.0,4.0,0.7252421379089355,-1.2820478015475802
DiscreteSAC,15,final,2171,5171,-0.17558108806610107,9.0,4.0,0.6730403304100037,-1.2777578035990398
DiscreteSAC,15,final,2172,5172,-0.21860364675521854,10.0,6.0,0.5005177855491638,-1.3229627728462219
DiscreteSAC,15,final,2173,5173,-0.5057465553283692,10.0,4.0,0.3798196017742157,-1.2850002884864806
DiscreteSAC,15,final,2174,5174,-0.8598614603281023,10.0,4.0,0.6068972945213318,-1.3195741653442383
DiscreteSAC,15,final,2175,5175,-0.37728634476661677,10.0,5.0,0.26448485255241394,-1.3330049872398377
DiscreteSAC,15,final,2176,5176,-0.2545995473861694,10.0,6.0,0.6924253106117249,-1.3421881675720215
DiscreteSAC,15,final,2177,5177,-0.31689656972885133,10.0,4.0,0.238803893327713,-1.3295126795768737
DiscreteSAC,15,final,2178,5178,-0.2842041373252869,10.0,4.0,0.764528751373291,-1.305182421207428
DiscreteSAC,15,final,2179,5179,0.10238351821899411,10.0,6.0,0.9679259061813354,-1.2768180251121521
DiscreteSAC,15,final,2180,5180,-0.1825123906135559,10.0,4.0,0.5477432012557983,-1.327456784248352
DiscreteSAC,15,final,2181,5181,-0.3858384609222412,10.0,4.0,0.5150867104530334,-1.272744846343994
DiscreteSAC,15,final,2182,5182,-0.4432805299758911,10.0,4.0,0.6955532431602478,-1.243326687812805
DiscreteSAC,15,final,2183,5183,-0.47914802134037016,10.0,6.0,0.3292679786682129,-1.3065515995025634
DiscreteSAC,15,final,2184,5184,-0.38960721492767336,10.0,5.0,0.40390393137931824,-1.2965932011604309
DiscreteSAC,15,final,2185,5185,-0.20983549356460574,10.0,5.0,0.8200308680534363,-1.278016698360443
DiscreteSAC,15,final,2186,5186,-0.24074507653713229,10.0,5.0,0.24147067964076996,-1.3342936754226684
DiscreteSAC,15,final,2187,5187,-0.19783568382263184,10.0,5.0,0.753383994102478,-1.3086768627166747
DiscreteSAC,15,final,2188,5188,-0.4187615156173706,10.0,5.0,0.7638339400291443,-1.3119441866874695
DiscreteSAC,15,final,2189,5189,-0.5440306782722473,10.0,4.0,0.23833711445331573,-1.304724431037903
DiscreteSAC,15,final,2190,5190,-0.4696946620941163,10.0,4.0,0.7113328576087952,-1.2650892734527588
DiscreteSAC,15,final,2191,5191,-0.46688921451568605,10.0,4.0,0.798860490322113,-1.3077564239501953
DiscreteSAC,15,final,2192,5192,-0.3594336748123169,10.0,5.0,0.9814944267272949,-1.2928411483764648
DiscreteSAC,15,final,2193,5193,-0.07791228294372558,10.0,6.0,1.0321162939071655,-1.3033989429473878
DiscreteSAC,15,final,2194,5194,-0.07185017108917234,9.0,4.0,1.0156461000442505,-1.3690046204460993
DiscreteSAC,15,final,2195,5195,-0.09550599336624145,8.0,3.0,0.9773849844932556,-1.335358664393425
DiscreteSAC,15,final,2196,5196,-0.38022212982177733,10.0,4.0,0.4550335109233856,-1.2823966979980468
DiscreteSAC,15,final,2197,5197,-0.09460192918777462,10.0,5.0,0.5219263434410095,-1.2955532908439635
DiscreteSAC,15,final,2198,5198,-0.18823312759399413,9.0,4.0,0.6131355166435242,-1.3180632591247559
DiscreteSAC,15,final,2199,5199,-0.19561777114868165,10.0,6.0,0.6734291911125183,-1.259551179409027
DiscreteSAC,15,final,2200,5200,-0.2357774615287781,10.0,5.0,0.5590222477912903,-1.3640914916992188
DiscreteSAC,15,final,2201,5201,-0.39254080295562743,9.0,4.0,0.7747216820716858,-1.2848126226001315
DiscreteSAC,15,final,2202,5202,-0.5012144982814789,10.0,5.0,0.5741527676582336,-1.3068868398666382
DiscreteSAC,15,final,2203,5203,-0.3221454620361328,10.0,5.0,0.5670080184936523,-1.28054438829422
DiscreteSAC,15,final,2204,5204,-0.2460693597793579,10.0,4.0,0.6398188471794128,-1.2973501563072205
DiscreteSAC,15,final,2205,5205,-0.2649840235710144,10.0,4.0,0.9206218123435974,-1.3150875210762023
DiscreteSAC,15,final,2206,5206,-0.3399016618728638,10.0,6.0,1.0908797979354858,-1.2691252470016479
DiscreteSAC,15,final,2207,5207,-0.5197395324707031,10.0,5.0,0.6163792014122009,-1.3175270676612854
DiscreteSAC,15,final,2208,5208,-0.2949960112571716,10.0,4.0,0.528322696685791,-1.2965764999389648
DiscreteSAC,15,final,2209,5209,-0.2929674625396729,10.0,5.0,0.8277565836906433,-1.2778061985969544
DiscreteSAC,15,final,2210,5210,-0.31634178161621096,10.0,5.0,0.6515005826950073,-1.276459288597107
DiscreteSAC,15,final,2211,5211,-0.4048828125,10.0,5.0,0.4513937532901764,-1.2796600341796875
DiscreteSAC,15,final,2212,5212,-0.08147387504577634,10.0,4.0,0.7969417572021484,-1.2979876279830933
DiscreteSAC,15,final,2213,5213,-0.4705332040786743,10.0,4.0,0.7372414469718933,-1.2928761959075927
DiscreteSAC,15,final,2214,5214,-0.421119475364685,10.0,5.0,0.8573138117790222,-1.2556212663650512
DiscreteSAC,15,final,2215,5215,-0.2734028458595276,10.0,6.0,0.7836806178092957,-1.3055336833000184
DiscreteSAC,15,final,2216,5216,-0.11247496604919431,10.0,4.0,0.9502829313278198,-1.3156155109405518
DiscreteSAC,15,final,2217,5217,-0.244223952293396,10.0,5.0,0.6374430060386658,-1.26585910320282
DiscreteSAC,15,final,2218,5218,0.09940855503082274,10.0,4.0,0.3340755105018616,-1.323079800605774
DiscreteSAC,15,final,2219,5219,-0.3241450607776642,10.0,4.0,0.3109399676322937,-1.27140154838562
DiscreteSAC,15,final,2220,5220,-0.24180185794830322,10.0,5.0,0.5616486072540283,-1.2752949953079225
DiscreteSAC,15,final,2221,5221,-0.17277400016784666,7.0,3.0,0.7994872331619263,-1.3300634963171822
DiscreteSAC,15,final,2222,5222,-0.13768322706222536,9.0,6.0,0.97629314661026,-1.3214762343300714
DiscreteSAC,15,final,2223,5223,-0.42667976617813114,10.0,6.0,0.6234399080276489,-1.2851695775985719
DiscreteSAC,15,final,2224,5224,-0.2125372111797333,10.0,4.0,0.4020746052265167,-1.2966275215148926
DiscreteSAC,15,final,2225,5225,-0.580405592918396,10.0,3.0,1.0922863483428955,-1.3193377256393433
DiscreteSAC,15,final,2226,5226,0.04274195194244383,9.0,5.0,0.5421915650367737,-1.273204379611545
DiscreteSAC,15,final,2227,5227,-0.5029926538467407,10.0,5.0,0.8717225193977356,-1.3148994088172912
DiscreteSAC,15,final,2228,5228,-0.7384409844875339,10.0,5.0,0.8364441990852356,-1.3137786149978639
DiscreteSAC,15,final,2229,5229,-0.3617376804351807,10.0,4.0,0.9004207253456116,-1.2633822798728942
DiscreteSAC,15,final,2230,5230,-0.39335721731185913,10.0,5.0,0.9255746603012085,-1.2621913194656371
DiscreteSAC,15,final,2231,5231,-0.07771563529968263,10.0,5.0,0.8083292245864868,-1.2817878603935242
DiscreteSAC,15,final,2232,5232,-0.3864226460456848,10.0,4.0,0.8618339896202087,-1.30659476518631
DiscreteSAC,15,final,2233,5233,0.007691586017608623,10.0,6.0,0.5272682905197144,-1.2908387660980225
DiscreteSAC,15,final,2234,5234,-0.3455018624663353,10.0,5.0,0.20565597712993622,-1.3189199209213256
DiscreteSAC,15,final,2235,5235,-0.3914950072765351,10.0,7.0,0.3569754660129547,-1.3394459724426269
DiscreteSAC,15,final,2236,5236,-0.15943624317646027,9.0,5.0,0.2233850210905075,-1.3184562259250217
DiscreteSAC,15,final,2237,5237,-0.2616143703460693,10.0,4.0,0.46368223428726196,-1.3225298047065734
DiscreteSAC,15,final,2238,5238,-0.23959009885787963,9.0,4.0,0.8375509977340698,-1.2959637641906738
DiscreteSAC,15,final,2239,5239,0.01257215738296507,10.0,4.0,0.8213960528373718,-1.3005112528800964
DiscreteSAC,15,final,2240,5240,-0.07998402118682864,10.0,6.0,1.2021772861480713,-1.3019622087478637
DiscreteSAC,15,final,2241,5241,0.01966087579727173,9.0,6.0,0.8381067514419556,-1.2565324438942804
DiscreteSAC,15,final,2242,5242,-0.5714993417263031,10.0,5.0,0.4464552700519562,-1.2773725152015687
DiscreteSAC,15,final,2243,5243,-0.4348997354507446,10.0,4.0,0.33921387791633606,-1.3253395199775695
DiscreteSAC,15,final,2244,5244,-0.24638377428054808,10.0,4.0,0.4775328040122986,-1.2811522483825684
DiscreteSAC,15,final,2245,5245,-0.20486049056053163,10.0,6.0,0.24410343170166016,-1.3413905262947083
DiscreteSAC,15,final,2246,5246,-0.02820924758911135,9.0,3.0,0.7567137479782104,-1.2660747236675687
DiscreteSAC,15,final,2247,5247,-0.6203215837478638,10.0,4.0,0.5666651129722595,-1.282907497882843
DiscreteSAC,15,final,2248,5248,-0.2415848994255066,9.0,5.0,0.12024525552988052,-1.332284927368164
DiscreteSAC,15,final,2249,5249,-0.39347618222236636,10.0,5.0,0.2468317449092865,-1.2740548133850098
DiscreteSAC,15,final,2250,5250,-0.5153067827224731,10.0,4.0,0.4952408969402313,-1.2881843447685242
DiscreteSAC,15,final,2251,5251,-0.29242515563964844,10.0,3.0,0.5404519438743591,-1.2899029970169067
DiscreteSAC,15,final,2252,5252,-0.2340262532234192,10.0,5.0,0.284741073846817,-1.2795064449310303
DiscreteSAC,15,final,2253,5253,-0.6174028635025025,10.0,4.0,0.7263709306716919,-1.3270380616188049
DiscreteSAC,15,final,2254,5254,-0.3350872606039047,10.0,3.0,0.2256668657064438,-1.307684063911438
DiscreteSAC,15,final,2255,5255,-0.5730489015579224,10.0,4.0,0.3328690230846405,-1.3189995408058166
DiscreteSAC,15,final,2256,5256,-0.30777567625045776,10.0,5.0,0.20330388844013214,-1.3427894949913024
DiscreteSAC,15,final,2257,5257,-0.24349387884140017,10.0,5.0,0.860325038433075,-1.3119324564933776
DiscreteSAC,15,final,2258,5258,-0.3667557954788208,10.0,4.0,1.353482961654663,-1.3182276248931886
DiscreteSAC,15,final,2259,5259,-0.27697899341583254,10.0,5.0,0.8319615721702576,-1.3388204455375672
DiscreteSAC,15,final,2260,5260,-0.3889821171760559,10.0,3.0,0.5396540760993958,-1.26129812002182
DiscreteSAC,15,final,2261,5261,-0.109882128238678,10.0,6.0,0.30391407012939453,-1.2447940707206726
DiscreteSAC,15,final,2262,5262,-0.42790571451187137,10.0,6.0,0.40441158413887024,-1.285114872455597
DiscreteSAC,15,final,2263,5263,-0.33698352575302126,10.0,5.0,0.5307392477989197,-1.3039558410644532
DiscreteSAC,15,final,2264,5264,-0.19246715307235718,10.0,5.0,0.8077844381332397,-1.3208226203918456
DiscreteSAC,15,final,2265,5265,-0.17230985164642335,10.0,6.0,0.5135200619697571,-1.291628396511078
DiscreteSAC,15,final,2266,5266,-0.4068954110145569,10.0,4.0,0.3512434959411621,-1.3275554895401
DiscreteSAC,15,final,2267,5267,-0.3507521653175354,9.0,4.0,0.8882962465286255,-1.2883165412478976
DiscreteSAC,15,final,2268,5268,-0.3710683763027191,10.0,7.0,0.29534292221069336,-1.319192385673523
DiscreteSAC,15,final,2269,5269,-0.3752424776554108,10.0,6.0,0.44818171858787537,-1.2788874745368957
DiscreteSAC,15,final,2270,5270,-0.2627312183380127,10.0,5.0,1.1304343938827515,-1.2541958451271058
DiscreteSAC,15,final,2271,5271,-0.3566172122955322,10.0,5.0,0.7668429017066956,-1.3078298807144164
DiscreteSAC,15,final,2272,5272,-0.14104690551757812,10.0,5.0,0.951863169670105,-1.3456408739089967
DiscreteSAC,15,final,2273,5273,-0.31066423654556274,10.0,3.0,0.8704908490180969,-1.320200788974762
DiscreteSAC,15,final,2274,5274,-0.2883609116077423,10.0,4.0,0.3837580382823944,-1.3099660515785216
DiscreteSAC,15,final,2275,5275,-0.2587452054023743,10.0,4.0,0.6611955761909485,-1.3341356277465821
DiscreteSAC,15,final,2276,5276,-0.4954402267932892,10.0,4.0,0.15187802910804749,-1.299225652217865
DiscreteSAC,15,final,2277,5277,-0.4854074835777283,10.0,4.0,0.846445620059967,-1.2662867665290833
DiscreteSAC,15,final,2278,5278,-0.4885521471500397,10.0,5.0,0.34543657302856445,-1.350386106967926
DiscreteSAC,15,final,2279,5279,-0.03688555002212525,9.0,4.0,0.9009981751441956,-1.278088304731581
DiscreteSAC,15,final,2280,5280,-0.39844486713409427,10.0,6.0,0.6395382881164551,-1.313923168182373
DiscreteSAC,15,final,2281,5281,-0.11003648042678833,10.0,4.0,0.7995209693908691,-1.2755579233169556
DiscreteSAC,15,final,2282,5282,0.07889455318450926,9.0,5.0,0.5239706635475159,-1.3029712835947673
DiscreteSAC,15,final,2283,5283,-0.421512645483017,10.0,4.0,0.2845439016819,-1.2786004543304443
DiscreteSAC,15,final,2284,5284,-0.4231855273246765,10.0,3.0,0.7241257429122925,-1.3020635962486267
DiscreteSAC,15,final,2285,5285,-0.07487606525421144,7.0,4.0,0.6826367378234863,-1.28719505241939
DiscreteSAC,15,final,2286,5286,-0.36590787172317507,10.0,5.0,0.5065418481826782,-1.2674109578132629
DiscreteSAC,15,final,2287,5287,-0.05204604864120484,10.0,4.0,0.8384295105934143,-1.3025655031204224
DiscreteSAC,15,final,2288,5288,-0.2887789845466614,10.0,5.0,0.5365111827850342,-1.3057672381401062
DiscreteSAC,15,final,2289,5289,-0.14752808451652527,9.0,5.0,0.33332306146621704,-1.2852301730049982
DiscreteSAC,15,final,2290,5290,-0.3693835973739624,10.0,5.0,0.6721377968788147,-1.3016696095466613
DiscreteSAC,15,final,2291,5291,-0.2652127265930176,10.0,4.0,1.0919004678726196,-1.3092333912849425
DiscreteSAC,15,final,2292,5292,-0.299387001991272,10.0,5.0,0.7025172114372253,-1.3464953422546386
DiscreteSAC,15,final,2293,5293,-0.5250801205635072,10.0,6.0,0.4440193176269531,-1.3311934232711793
DiscreteSAC,15,final,2294,5294,-0.3550900936126709,10.0,4.0,0.8070425391197205,-1.3254416823387145
DiscreteSAC,15,final,2295,5295,-0.49007766544818876,10.0,6.0,0.2668239176273346,-1.324692475795746
DiscreteSAC,15,final,2296,5296,0.03005217313766481,10.0,6.0,0.29397910833358765,-1.3209373831748963
DiscreteSAC,15,final,2297,5297,-0.32705220580101013,10.0,5.0,0.3911483883857727,-1.2898452043533326
DiscreteSAC,15,final,2298,5298,-0.4111374855041504,10.0,5.0,0.5564985275268555,-1.3619585037231445
DiscreteSAC,15,final,2299,5299,-0.4263845205307007,10.0,4.0,0.8897652626037598,-1.286582887172699
DiscreteSAC,15,final,2300,5300,-0.35748772621154784,10.0,4.0,0.6592148542404175,-1.2905440926551819
DiscreteSAC,15,final,2301,5301,-0.37665152549743647,10.0,5.0,0.44539564847946167,-1.306682550907135
DiscreteSAC,15,final,2302,5302,-0.07224802374839785,10.0,4.0,0.2424652874469757,-1.3372856736183167
DiscreteSAC,15,final,2303,5303,-0.5959846198558808,10.0,4.0,0.49675583839416504,-1.2824341297149657
DiscreteSAC,15,final,2304,5304,-0.32619898557662963,9.0,4.0,0.5308012366294861,-1.2547498941421509
DiscreteSAC,15,final,2305,5305,-0.49488898515701296,10.0,5.0,0.6732761263847351,-1.3451547503471375
DiscreteSAC,15,final,2306,5306,-0.39000253438949584,6.0,3.0,0.4930326044559479,-1.3135650753974915
DiscreteSAC,15,final,2307,5307,-0.4052125334739685,10.0,4.0,0.7392116785049438,-1.3109295845031739
DiscreteSAC,15,final,2308,5308,-0.25026004552841186,9.0,4.0,0.2919880747795105,-1.2407288816240098
DiscreteSAC,15,final,2309,5309,-0.36700732707977296,10.0,4.0,0.5129839777946472,-1.3013999462127686
DiscreteSAC,15,final,2310,5310,-0.306082027554512,9.0,5.0,0.32564184069633484,-1.2879772583643596
DiscreteSAC,15,final,2311,5311,-0.5449993133544921,10.0,4.0,0.88564532995224,-1.3193053126335144
DiscreteSAC,15,final,2312,5312,-0.2272594451904297,10.0,7.0,1.0221712589263916,-1.2805219292640686
DiscreteSAC,15,final,2313,5313,-0.21825239300727844,9.0,5.0,0.268555223941803,-1.3244554201761882
DiscreteSAC,15,final,2314,5314,-0.3036636829376221,10.0,4.0,1.111005425453186,-1.295439076423645
DiscreteSAC,15,final,2315,5315,-0.4400592982769013,10.0,5.0,0.38940945267677307,-1.3179116129875184
DiscreteSAC,15,final,2316,5316,-0.26837492585182193,10.0,6.0,0.44344446063041687,-1.3225386261940002
DiscreteSAC,15,final,2317,5317,-0.2575635838508606,8.0,4.0,0.7442326545715332,-1.3447024822235107
DiscreteSAC,15,final,2318,5318,-0.20796984434127808,10.0,5.0,0.3014184534549713,-1.336574125289917
DiscreteSAC,15,final,2319,5319,-0.3399594068527222,10.0,5.0,0.5340569615364075,-1.2652942895889283
DiscreteSAC,15,final,2320,5320,-0.2621343636512756,9.0,4.0,0.36394602060317993,-1.2999499373965793
DiscreteSAC,15,final,2321,5321,-0.3138224959373474,10.0,4.0,0.7205818891525269,-1.311882984638214
DiscreteSAC,15,final,2322,5322,-0.484308072924614,10.0,5.0,0.2510814070701599,-1.3087693333625794
DiscreteSAC,15,final,2323,5323,-0.30965800285339357,10.0,6.0,0.7537165880203247,-1.3243496894836426
DiscreteSAC,15,final,2324,5324,-0.18008040189743044,10.0,7.0,0.6766894459724426,-1.3183690786361695
DiscreteSAC,15,final,2325,5325,-0.5201223611831665,10.0,4.0,0.32987266778945923,-1.2654156923294066
DiscreteSAC,15,final,2326,5326,-0.283581947684288,9.0,4.0,0.2607961595058441,-1.3395884964201186
DiscreteSAC,15,final,2327,5327,-0.3340904891490936,10.0,4.0,0.1533205211162567,-1.3065093874931335
DiscreteSAC,15,final,2328,5328,-0.27144156694412236,10.0,7.0,0.5049845576286316,-1.3569984793663026
DiscreteSAC,15,final,2329,5329,-0.44260008335113527,10.0,4.0,0.7820736765861511,-1.3061602115631104
DiscreteSAC,15,final,2330,5330,-0.3173871248960495,10.0,3.0,0.2176692932844162,-1.25593763589859
DiscreteSAC,15,final,2331,5331,-0.8721591353416445,10.0,4.0,1.127943992614746,-1.3104515075683594
DiscreteSAC,15,final,2332,5332,-0.5134363651275635,10.0,4.0,0.645442545413971,-1.32769877910614
DiscreteSAC,15,final,2333,5333,-0.11113792657852174,10.0,5.0,0.7857775092124939,-1.3344820618629456
DiscreteSAC,15,final,2334,5334,-0.17768996953964236,10.0,3.0,0.7304864525794983,-1.313154125213623
DiscreteSAC,15,final,2335,5335,-0.2462149500846863,10.0,5.0,0.794873058795929,-1.3066095948219298
DiscreteSAC,15,final,2336,5336,-0.3900817811489105,10.0,7.0,0.5694164633750916,-1.3034486174583435
DiscreteSAC,15,final,2337,5337,-0.3207029432058334,10.0,4.0,0.2479332536458969,-1.3068657755851745
DiscreteSAC,15,final,2338,5338,-0.5457652330398559,10.0,4.0,0.7865416407585144,-1.2940034747123719
DiscreteSAC,15,final,2339,5339,-0.08220162391662603,10.0,5.0,1.033869981765747,-1.310377264022827
DiscreteSAC,15,final,2340,5340,-0.422056245803833,10.0,4.0,0.8631500005722046,-1.314565622806549
DiscreteSAC,15,final,2341,5341,-0.3295565336942673,10.0,7.0,0.2830643951892853,-1.3363707780838012
DiscreteSAC,15,final,2342,5342,-0.22193262577056888,10.0,6.0,0.6776242852210999,-1.2875989198684692
DiscreteSAC,15,final,2343,5343,-0.021914482116699205,10.0,5.0,0.6529713273048401,-1.295779860019684
DiscreteSAC,15,final,2344,5344,-0.3051993203163147,7.0,4.0,0.698560357093811,-1.2830007757459367
DiscreteSAC,15,final,2345,5345,0.021548686027526867,9.0,5.0,0.9033135175704956,-1.344119668006897
DiscreteSAC,15,final,2346,5346,-0.2887495577335358,10.0,4.0,0.447186678647995,-1.3273091793060303
DiscreteSAC,15,final,2347,5347,-0.5087325185537338,10.0,6.0,0.33604928851127625,-1.2956640601158143
DiscreteSAC,15,final,2348,5348,-0.156840455532074,10.0,4.0,0.7852908968925476,-1.2955896615982057
DiscreteSAC,15,final,2349,5349,-0.12435882806777952,7.0,4.0,0.933258593082428,-1.3336638382502966
DiscreteSAC,15,final,2350,5350,-0.5466179251670837,10.0,3.0,0.8956621885299683,-1.28826801776886
DiscreteSAC,15,final,2351,5351,-0.5014887094497681,10.0,5.0,0.4620012938976288,-1.3136223912239076
DiscreteSAC,15,final,2352,5352,-0.5222588777542114,10.0,3.0,0.9423131346702576,-1.3038044333457948
DiscreteSAC,15,final,2353,5353,-0.08477392196655277,10.0,5.0,0.5715462565422058,-1.2722447037696838
DiscreteSAC,15,final,2354,5354,-0.26853350400924686,10.0,6.0,0.7128656506538391,-1.3157093286514283
DiscreteSAC,15,final,2355,5355,-0.09668262004852299,10.0,4.0,0.4892663359642029,-1.2852839708328248
DiscreteSAC,15,final,2356,5356,-0.2995148062705994,10.0,6.0,0.3439843952655792,-1.3329923629760743
DiscreteSAC,15,final,2357,5357,-0.4592563629150391,10.0,4.0,0.4428172707557678,-1.3042187094688416
DiscreteSAC,15,final,2358,5358,-0.6950695633888246,10.0,4.0,0.5640169382095337,-1.268678116798401
DiscreteSAC,15,final,2359,5359,0.1360199213027954,10.0,7.0,1.089107871055603,-1.2869466543197632
DiscreteSAC,15,final,2360,5360,-0.11037028551101681,7.0,5.0,0.3464491367340088,-1.305799092565264
DiscreteSAC,15,final,2361,5361,-0.22243250608444215,10.0,4.0,0.5079361200332642,-1.3095396280288696
DiscreteSAC,15,final,2362,5362,-0.1875523257255554,8.0,4.0,0.5265189409255981,-1.3155763149261475
DiscreteSAC,15,final,2363,5363,-0.3918418869376183,10.0,6.0,0.14764754474163055,-1.3085880637168885
DiscreteSAC,15,final,2364,5364,0.034691994190216055,7.0,4.0,0.9690575003623962,-1.317278436252049
DiscreteSAC,15,final,2365,5365,-0.4148182988166809,10.0,4.0,0.661779522895813,-1.3224629521369935
DiscreteSAC,15,final,2366,5366,-0.2769974827766419,10.0,6.0,0.8597429394721985,-1.2735830783843993
DiscreteSAC,15,final,2367,5367,-0.3403624534606934,10.0,5.0,0.6351279616355896,-1.2817325353622437
DiscreteSAC,15,final,2368,5368,0.2557473850250244,8.0,4.0,0.5003355145454407,-1.2570486068725586
DiscreteSAC,15,final,2369,5369,-0.48047890663146975,10.0,5.0,0.38505271077156067,-1.2905970454216003
DiscreteSAC,15,final,2370,5370,-0.25534698963165287,10.0,6.0,0.8368025422096252,-1.3151058793067931
DiscreteSAC,15,final,2371,5371,-0.35251871943473817,10.0,4.0,0.21345245838165283,-1.277063524723053
DiscreteSAC,15,final,2372,5372,-0.32983391582965854,10.0,6.0,0.1858518421649933,-1.2539229273796082
DiscreteSAC,15,final,2373,5373,-0.27857508659362795,10.0,5.0,0.8390185236930847,-1.3457365036010742
DiscreteSAC,15,final,2374,5374,-0.20724279880523686,10.0,4.0,0.660513699054718,-1.3266037583351136
DiscreteSAC,15,final,2375,5375,-0.3382173776626587,10.0,3.0,0.623722493648529,-1.328635859489441
DiscreteSAC,15,final,2376,5376,-0.24790468752384187,9.0,6.0,0.2614634931087494,-1.2949903276231554
DiscreteSAC,15,final,2377,5377,-0.39326356053352357,10.0,4.0,0.1376117616891861,-1.2832908391952516
DiscreteSAC,15,final,2378,5378,-0.45127660632133487,10.0,3.0,0.5511659979820251,-1.261639666557312
DiscreteSAC,15,final,2379,5379,-0.9961283802986147,10.0,3.0,1.252097249031067,-1.315595269203186
DiscreteSAC,15,final,2380,5380,-0.1753588044643402,9.0,5.0,0.27692756056785583,-1.2724951240751479
DiscreteSAC,15,final,2381,5381,-0.3054084300994873,10.0,4.0,1.0731645822525024,-1.2793325066566468
DiscreteSAC,15,final,2382,5382,-0.3148651123046875,10.0,5.0,0.3907184600830078,-1.3138831615448
DiscreteSAC,15,final,2383,5383,-0.5409260511398316,10.0,4.0,0.418718546628952,-1.3072477340698243
DiscreteSAC,15,final,2384,5384,-0.33449276685714724,10.0,5.0,0.6634453535079956,-1.2725372195243836
DiscreteSAC,15,final,2385,5385,-0.5286365687847138,10.0,5.0,0.3295817971229553,-1.2890295386314392
DiscreteSAC,15,final,2386,5386,-0.4310667157173157,10.0,5.0,0.42257142066955566,-1.271247184276581
DiscreteSAC,15,final,2387,5387,-0.40643962025642394,10.0,4.0,0.599360466003418,-1.3017877340316772
DiscreteSAC,15,final,2388,5388,-0.25160306692123413,10.0,5.0,0.7541239857673645,-1.2958835244178772
DiscreteSAC,15,final,2389,5389,-0.3003125548362732,10.0,6.0,0.5781192779541016,-1.2954406499862672
DiscreteSAC,15,final,2390,5390,-0.3509784698486328,10.0,3.0,0.7396984100341797,-1.2465874552726746
DiscreteSAC,15,final,2391,5391,-0.38392189145088196,10.0,5.0,0.4282890260219574,-1.3436630725860597
DiscreteSAC,15,final,2392,5392,-0.2743449166417122,10.0,4.0,0.10744858533143997,-1.31598140001297
DiscreteSAC,15,final,2393,5393,-0.3448450922966004,10.0,6.0,0.2707906663417816,-1.303933048248291
DiscreteSAC,15,final,2394,5394,-0.34202148914337155,10.0,5.0,1.1304455995559692,-1.323805844783783
DiscreteSAC,15,final,2395,5395,-0.5013007760047913,10.0,5.0,0.5947843194007874,-1.2396733999252318
DiscreteSAC,15,final,2396,5396,-0.2681221127510071,10.0,6.0,0.24847206473350525,-1.3229565620422363
DiscreteSAC,15,final,2397,5397,-0.37454477548599246,10.0,6.0,0.6773847937583923,-1.2663415670394897
DiscreteSAC,15,final,2398,5398,-0.1166701912879944,10.0,5.0,0.6364184617996216,-1.2885154843330384
DiscreteSAC,15,final,2399,5399,-0.2188377618789673,10.0,5.0,0.9730600118637085,-1.3118371844291687
DiscreteSAC,15,final,2400,5400,-0.48865793347358705,10.0,4.0,0.42033466696739197,-1.3373924851417542
DiscreteSAC,15,final,2401,5401,-0.24606293439865112,10.0,5.0,0.8196799159049988,-1.2954794645309449
DiscreteSAC,15,final,2402,5402,0.08501129150390624,10.0,4.0,0.7834721803665161,-1.3299136877059936
DiscreteSAC,15,final,2403,5403,-0.6435300648212435,10.0,5.0,0.6486249566078186,-1.2887444615364074
DiscreteSAC,15,final,2404,5404,-0.4509884357452392,10.0,5.0,1.1132636070251465,-1.296338725090027
DiscreteSAC,15,final,2405,5405,-0.24181551814079283,8.0,3.0,0.30507344007492065,-1.2843236327171326
DiscreteSAC,15,final,2406,5406,-0.6263712573051453,8.0,4.0,0.9375085830688477,-1.3462826758623123
DiscreteSAC,15,final,2407,5407,-0.34508745670318597,10.0,4.0,0.7924947142601013,-1.3347310781478883
DiscreteSAC,15,final,2408,5408,0.0015225386619567433,9.0,5.0,0.311328649520874,-1.3226576778623793
DiscreteSAC,15,final,2409,5409,-0.3603855907917023,10.0,5.0,0.23204103112220764,-1.2857122898101807
DiscreteSAC,15,final,2410,5410,-0.5215200424194336,10.0,5.0,0.7731760740280151,-1.288386595249176
DiscreteSAC,15,final,2411,5411,-0.5193474411964416,10.0,4.0,0.8875052332878113,-1.3011226654052734
DiscreteSAC,15,final,2412,5412,-0.2418668389320374,10.0,4.0,0.18237242102622986,-1.2684916496276855
DiscreteSAC,15,final,2413,5413,-0.17994153499603271,10.0,5.0,0.9783982038497925,-1.2892137885093689
DiscreteSAC,15,final,2414,5414,-0.4737287998199463,10.0,5.0,0.4381840229034424,-1.3028412222862245
DiscreteSAC,15,final,2415,5415,-0.4528652369976044,10.0,5.0,0.40726351737976074,-1.3162982702255248
DiscreteSAC,15,final,2416,5416,-0.5054274469614028,10.0,4.0,0.18836508691310883,-1.3430586576461792
DiscreteSAC,15,final,2417,5417,-0.6061439335346223,10.0,4.0,0.4127952754497528,-1.324523913860321
DiscreteSAC,15,final,2418,5418,-0.5211528927087784,10.0,5.0,0.2586723268032074,-1.3053889274597168
DiscreteSAC,15,final,2419,5419,-0.4546695709228516,10.0,6.0,0.8238808512687683,-1.2714428067207337
DiscreteSAC,15,final,2420,5420,-0.2145099997520447,10.0,6.0,0.7036151885986328,-1.3123477697372437
DiscreteSAC,15,final,2421,5421,-0.40932143926620485,10.0,4.0,0.5112444162368774,-1.3188382625579833
DiscreteSAC,15,final,2422,5422,-0.34177316069602964,9.0,3.0,0.26513200998306274,-1.298714240392049
DiscreteSAC,15,final,2423,5423,-0.7472974181175234,10.0,4.0,0.9414790868759155,-1.30368310213089
DiscreteSAC,15,final,2424,5424,-0.1803484916687012,10.0,6.0,1.289579153060913,-1.3317144155502318
DiscreteSAC,15,final,2425,5425,-0.82713760137558,10.0,4.0,0.5281345248222351,-1.3049939393997192
DiscreteSAC,15,final,2426,5426,-0.3491210490465164,10.0,5.0,0.25412920117378235,-1.2813803791999816
DiscreteSAC,15,final,2427,5427,-0.43803399950265887,10.0,5.0,0.11196720600128174,-1.2977992415428161
DiscreteSAC,15,final,2428,5428,-0.1947815716266632,10.0,3.0,0.48016485571861267,-1.307827079296112
DiscreteSAC,15,final,2429,5429,0.09913988113403326,10.0,4.0,0.9589123725891113,-1.3082850098609924
DiscreteSAC,15,final,2430,5430,-0.6822457432746889,10.0,4.0,0.6416500806808472,-1.3172452211380006
DiscreteSAC,15,final,2431,5431,-0.196793954372406,8.0,3.0,0.5449095964431763,-1.298546239733696
DiscreteSAC,15,final,2432,5432,-0.28511021137237547,10.0,3.0,1.2218979597091675,-1.3048882842063905
DiscreteSAC,15,final,2433,5433,-0.8916801929473879,10.0,4.0,0.7183966636657715,-1.3345297574996948
DiscreteSAC,15,final,2434,5434,-0.44350714683532716,10.0,4.0,0.591862142086029,-1.305490255355835
DiscreteSAC,15,final,2435,5435,-0.23786243200302126,10.0,5.0,0.8150153756141663,-1.3213233828544617
DiscreteSAC,15,final,2436,5436,-0.05238209247589114,8.0,3.0,0.7962503433227539,-1.296225592494011
DiscreteSAC,15,final,2437,5437,-0.2694097876548767,10.0,4.0,0.8667305111885071,-1.339181649684906
DiscreteSAC,15,final,2438,5438,-0.3190701723098755,10.0,4.0,0.6448985934257507,-1.3360701560974122
DiscreteSAC,15,final,2439,5439,0.0708649134635925,9.0,5.0,0.845519483089447,-1.3188004626168146
DiscreteSAC,15,final,2440,5440,-0.1374370574951172,10.0,6.0,0.7820226550102234,-1.3354527473449707
DiscreteSAC,15,final,2441,5441,-0.3941027820110321,10.0,3.0,0.4074956476688385,-1.2963078022003174
DiscreteSAC,15,final,2442,5442,-0.351580822467804,10.0,5.0,0.9174172282218933,-1.2785346388816834
DiscreteSAC,15,final,2443,5443,-0.23729053735733033,10.0,6.0,0.7286353707313538,-1.2714679718017579
DiscreteSAC,15,final,2444,5444,-0.3146064952015877,10.0,5.0,0.14890018105506897,-1.3052526712417603
DiscreteSAC,15,final,2445,5445,-0.46557902097702025,10.0,4.0,0.511328399181366,-1.3362490653991699
DiscreteSAC,15,final,2446,5446,-0.2947878623008728,9.0,3.0,0.8144179582595825,-1.3189886808395386
DiscreteSAC,15,final,2447,5447,-0.4186441421508789,10.0,4.0,0.7068639993667603,-1.315722405910492
DiscreteSAC,15,final,2448,5448,-0.26050193309783937,10.0,4.0,0.7982068657875061,-1.3079435586929322
DiscreteSAC,15,final,2449,5449,-0.3395873188972473,10.0,4.0,0.5811019539833069,-1.2603809356689453
DiscreteSAC,15,final,2450,5450,-0.35206202268600467,10.0,6.0,0.9121996760368347,-1.3143315315246582
DiscreteSAC,15,final,2451,5451,-0.34601675748825067,8.0,4.0,0.553317666053772,-1.317008838057518
DiscreteSAC,15,final,2452,5452,-0.42371891140937806,10.0,4.0,0.28062674403190613,-1.3083279848098754
DiscreteSAC,15,final,2453,5453,-0.21265618801116945,10.0,7.0,0.5772484540939331,-1.3013790607452393
DiscreteSAC,15,final,2454,5454,-0.49631933569908143,10.0,4.0,0.463005930185318,-1.3004906535148621
DiscreteSAC,15,final,2455,5455,-0.1752594828605652,10.0,6.0,0.26668503880500793,-1.2615087985992433
DiscreteSAC,15,final,2456,5456,-0.45673905611038207,10.0,4.0,0.7141024470329285,-1.2365288496017457
DiscreteSAC,15,final,2457,5457,-0.30753983855247496,10.0,4.0,0.3732776641845703,-1.313943827152252
DiscreteSAC,15,final,2458,5458,-0.06861765384674075,10.0,6.0,0.8127298355102539,-1.3300072073936462
DiscreteSAC,15,final,2459,5459,-0.3256670355796814,10.0,4.0,0.8669789433479309,-1.3107972621917725
DiscreteSAC,15,final,2460,5460,-0.5831165432929992,10.0,4.0,0.49289679527282715,-1.312658417224884
DiscreteSAC,15,final,2461,5461,-0.15071319341659545,10.0,4.0,0.8747169375419617,-1.309112000465393
DiscreteSAC,15,final,2462,5462,-0.46639440059661863,10.0,6.0,0.4940354526042938,-1.3141181468963623
DiscreteSAC,15,final,2463,5463,0.011675071716308577,10.0,7.0,0.7449699640274048,-1.3168565511703492
DiscreteSAC,15,final,2464,5464,-0.6118186607956887,10.0,4.0,0.2651624083518982,-1.2975248456001283
DiscreteSAC,15,final,2465,5465,-0.2821632266044617,10.0,5.0,0.5651134252548218,-1.2939175724983216
DiscreteSAC,15,final,2466,5466,-0.4987454652786255,10.0,5.0,0.39483410120010376,-1.3038607120513916
DiscreteSAC,15,final,2467,5467,-0.21171855926513672,10.0,5.0,0.6249768137931824,-1.332976484298706
DiscreteSAC,15,final,2468,5468,-0.4543380379676819,10.0,5.0,0.4973178207874298,-1.298052728176117
DiscreteSAC,15,final,2469,5469,-0.4532169401645661,10.0,5.0,0.44722846150398254,-1.2672694802284241
DiscreteSAC,15,final,2470,5470,-0.47157979011535645,10.0,3.0,0.5313404202461243,-1.3499418139457702
DiscreteSAC,15,final,2471,5471,-0.1887825036048889,9.0,4.0,0.7013744115829468,-1.305444359779358
DiscreteSAC,15,final,2472,5472,-0.4622356712818146,10.0,4.0,0.271765798330307,-1.3118674993515014
DiscreteSAC,15,final,2473,5473,-0.3441984593868256,10.0,5.0,0.38582220673561096,-1.3011942863464356
DiscreteSAC,15,final,2474,5474,-0.4078943490982056,10.0,6.0,0.9986138343811035,-1.283823311328888
DiscreteSAC,15,final,2475,5475,-0.06536406755447387,8.0,5.0,0.32056447863578796,-1.2843596637248993
DiscreteSAC,15,final,2476,5476,-0.4448654890060425,10.0,5.0,0.8893808722496033,-1.296943151950836
DiscreteSAC,15,final,2477,5477,-0.6329306483268738,10.0,4.0,0.5027352571487427,-1.3151066064834596
DiscreteSAC,15,final,2478,5478,-0.40101311802864076,10.0,4.0,0.4574839770793915,-1.3019373416900635
DiscreteSAC,15,final,2479,5479,-0.2243279099464417,10.0,7.0,0.9403006434440613,-1.2870355367660522
DiscreteSAC,15,final,2480,5480,-0.06149727106094362,10.0,5.0,0.7192424535751343,-1.343616008758545
DiscreteSAC,15,final,2481,5481,-0.5072792828083039,10.0,6.0,0.6479921936988831,-1.3216833114624023
DiscreteSAC,15,final,2482,5482,-0.04103407859802249,10.0,6.0,1.4348090887069702,-1.3127384901046752
DiscreteSAC,15,final,2483,5483,-0.34634696483612054,9.0,4.0,1.175954818725586,-1.314474966790941
DiscreteSAC,15,final,2484,5484,-0.3543692636489868,8.0,3.0,0.19556181132793427,-1.3235878944396973
DiscreteSAC,15,final,2485,5485,-0.34212858974933624,10.0,5.0,0.3414790630340576,-1.310459840297699
DiscreteSAC,15,final,2486,5486,-0.33877516984939576,10.0,4.0,0.8225029110908508,-1.2596636176109315
DiscreteSAC,15,final,2487,5487,-0.43951799869537356,10.0,5.0,0.6872395873069763,-1.2824047088623047
DiscreteSAC,15,final,2488,5488,-0.19460474252700805,10.0,4.0,0.5117160677909851,-1.3355092048645019
DiscreteSAC,15,final,2489,5489,-0.16149549484252929,10.0,4.0,0.8228683471679688,-1.3558529973030091
DiscreteSAC,15,final,2490,5490,-0.3606212854385376,10.0,4.0,0.42907243967056274,-1.3244635581970214
DiscreteSAC,15,final,2491,5491,-0.21145998477935785,9.0,4.0,0.6890234351158142,-1.3578758902019925
DiscreteSAC,15,final,2492,5492,-0.2578197240829468,10.0,4.0,0.5826770663261414,-1.2996318936347961
DiscreteSAC,15,final,2493,5493,-0.38632930517196656,10.0,6.0,0.8359559178352356,-1.316689670085907
DiscreteSAC,15,final,2494,5494,-0.5442202210426331,10.0,4.0,0.4613836705684662,-1.3268632888793945
DiscreteSAC,15,final,2495,5495,-0.08190786838531496,10.0,5.0,0.3680707812309265,-1.2822256326675414
DiscreteSAC,15,final,2496,5496,-0.2903064656257629,8.0,6.0,0.605189859867096,-1.3234855383634567
DiscreteSAC,15,final,2497,5497,-0.4042628526687622,10.0,4.0,0.5000668168067932,-1.3379536867141724
DiscreteSAC,15,final,2498,5498,-0.3526226103305817,10.0,4.0,0.3892921805381775,-1.2961554527282715
DiscreteSAC,15,final,2499,5499,-0.32939445972442627,10.0,5.0,0.30484795570373535,-1.2884965300559998
DiscreteSAC,15,final,2500,5500,0.007014495134353635,10.0,4.0,0.44689926505088806,-1.3156987071037292
DiscreteSAC,15,final,2501,5501,-0.38537139892578126,10.0,4.0,0.7886239290237427,-1.294480550289154
DiscreteSAC,15,final,2502,5502,-0.4088451313972473,8.0,5.0,0.6256588697433472,-1.3014218658208847
DiscreteSAC,15,final,2503,5503,-0.15339067876338958,5.0,3.0,0.23131628334522247,-1.3854147434234618
DiscreteSAC,15,final,2504,5504,-0.5782698154449465,10.0,3.0,0.9132590889930725,-1.318179178237915
DiscreteSAC,15,final,2505,5505,-0.20241748690605166,10.0,5.0,0.3890058696269989,-1.3511129379272462
DiscreteSAC,15,final,2506,5506,-0.3507868885993958,10.0,5.0,0.2237512767314911,-1.3494693994522096
DiscreteSAC,15,final,2507,5507,-0.43052431344985964,10.0,5.0,0.4811771810054779,-1.339795207977295
DiscreteSAC,15,final,2508,5508,-0.35123155117034915,10.0,6.0,1.1686484813690186,-1.2660085320472718
DiscreteSAC,15,final,2509,5509,-0.4601328492164612,10.0,4.0,0.7499377131462097,-1.310649335384369
DiscreteSAC,15,final,2510,5510,-0.242453134059906,10.0,6.0,0.5806630849838257,-1.2875479578971862
DiscreteSAC,15,final,2511,5511,-0.2852976679801941,10.0,6.0,0.805079460144043,-1.2741967797279359
DiscreteSAC,15,final,2512,5512,-0.31407358646392824,10.0,5.0,0.741485595703125,-1.2910474777221679
DiscreteSAC,15,final,2513,5513,-0.5418398559093477,10.0,4.0,0.6110861897468567,-1.2941972494125367
DiscreteSAC,15,final,2514,5514,-0.04729852080345155,10.0,5.0,0.3469417989253998,-1.3462511777877808
DiscreteSAC,15,final,2515,5515,-0.18638244867324827,10.0,3.0,0.6225289702415466,-1.3153318524360658
DiscreteSAC,15,final,2516,5516,-0.45436529159545896,9.0,3.0,0.45607784390449524,-1.3597553968429565
DiscreteSAC,15,final,2517,5517,-0.6214524626731874,10.0,4.0,0.3997172713279724,-1.3039545893669129
DiscreteSAC,15,final,2518,5518,-0.04244253635406493,10.0,8.0,0.702102780342102,-1.2943806886672973
DiscreteSAC,15,final,2519,5519,0.0025146079063415316,8.0,4.0,0.5078224539756775,-1.2775847911834717
DiscreteSAC,15,final,2520,5520,-0.31334317922592164,10.0,4.0,0.7509003281593323,-1.2846672534942627
DiscreteSAC,15,final,2521,5521,-0.5742636263370514,10.0,5.0,0.5785923004150391,-1.1992682337760925
DiscreteSAC,15,final,2522,5522,-0.3963804244995117,10.0,3.0,1.1609382629394531,-1.3225294828414917
DiscreteSAC,15,final,2523,5523,0.08761345148086547,10.0,4.0,0.7926937937736511,-1.3116747260093689
DiscreteSAC,15,final,2524,5524,-0.16296997070312502,10.0,5.0,0.6857444047927856,-1.3032143115997314
DiscreteSAC,15,final,2525,5525,-0.18895782232284547,10.0,4.0,0.6851168870925903,-1.333621656894684
DiscreteSAC,15,final,2526,5526,-0.2564884901046753,10.0,7.0,0.7088569402694702,-1.3084330916404725
DiscreteSAC,15,final,2527,5527,-0.5466051965951919,10.0,4.0,0.25119519233703613,-1.2991668701171875
DiscreteSAC,15,final,2528,5528,-0.16770214319229126,8.0,5.0,0.18028511106967926,-1.27931809425354
DiscreteSAC,15,final,2529,5529,-0.22005096673965452,10.0,3.0,0.4002666473388672,-1.2646649360656739
DiscreteSAC,15,final,2530,5530,-0.5199975937604904,10.0,4.0,0.24448275566101074,-1.2876626968383789
DiscreteSAC,15,final,2531,5531,-0.6273508191108705,10.0,4.0,0.5012694001197815,-1.288655734062195
DiscreteSAC,15,final,2532,5532,-0.6639853715896606,10.0,3.0,0.43995875120162964,-1.2882363438606261
DiscreteSAC,15,final,2533,5533,-0.18322180509567265,10.0,7.0,0.6299772262573242,-1.2946214437484742
DiscreteSAC,15,final,2534,5534,-0.0007212579250335666,10.0,6.0,0.4498043954372406,-1.299677562713623
DiscreteSAC,15,final,2535,5535,-0.5276678621768952,10.0,4.0,0.5432419180870056,-1.2874926805496216
DiscreteSAC,15,final,2536,5536,-0.3440630227327347,10.0,5.0,0.22374431788921356,-1.2674813985824585
DiscreteSAC,15,final,2537,5537,-0.4283485412597657,10.0,5.0,0.7012729644775391,-1.2821970582008362
DiscreteSAC,15,final,2538,5538,-0.604047179222107,10.0,3.0,0.7406666874885559,-1.29376562833786
DiscreteSAC,15,final,2539,5539,-0.07498222589492799,10.0,5.0,0.6371288895606995,-1.3124711871147157
DiscreteSAC,15,final,2540,5540,-0.0746389746665955,10.0,4.0,0.7660018801689148,-1.3102755904197694
DiscreteSAC,15,final,2541,5541,0.03992592811584471,8.0,5.0,0.5267537236213684,-1.2990056425333023
DiscreteSAC,15,final,2542,5542,-0.5887481689453125,10.0,4.0,0.7697963714599609,-1.2727136731147766
DiscreteSAC,15,final,2543,5543,-0.2877641081809998,10.0,6.0,0.9090458154678345,-1.3074777245521545
DiscreteSAC,15,final,2544,5544,-0.31341205835342406,10.0,7.0,0.6505102515220642,-1.2603198289871216
DiscreteSAC,15,final,2545,5545,-0.3352686285972596,10.0,4.0,0.9871471524238586,-1.2995797991752625
DiscreteSAC,15,final,2546,5546,-0.3755404412746429,10.0,3.0,0.2694392800331116,-1.3104897379875182
DiscreteSAC,15,final,2547,5547,-0.30003817081451417,10.0,4.0,0.6078943610191345,-1.2686049103736878
DiscreteSAC,15,final,2548,5548,-0.38442100882530217,10.0,7.0,0.22771309316158295,-1.3050142765045165
DiscreteSAC,15,final,2549,5549,-0.5084803307056428,9.0,4.0,0.5983067750930786,-1.3053154680464003
DiscreteSAC,15,final,2550,5550,-0.042406513690948486,9.0,6.0,0.8049827814102173,-1.292564590771993
DiscreteSAC,15,final,2551,5551,-0.3457300424575806,10.0,6.0,0.9883447885513306,-1.2912076830863952
DiscreteSAC,15,final,2552,5552,-0.49873964190483094,10.0,4.0,0.4039268493652344,-1.2587998628616333
DiscreteSAC,15,final,2553,5553,-0.4606639862060547,10.0,4.0,0.5585994124412537,-1.304302191734314
DiscreteSAC,15,final,2554,5554,-0.5160969614982606,10.0,4.0,0.7505791783332825,-1.2650376200675963
DiscreteSAC,15,final,2555,5555,0.04872758388519285,10.0,4.0,0.6449621319770813,-1.2903515577316285
DiscreteSAC,15,final,2556,5556,-0.24887248277664184,10.0,5.0,0.7211052775382996,-1.3326586842536927
DiscreteSAC,15,final,2557,5557,-0.4412255644798279,10.0,3.0,0.7877760529518127,-1.2799270510673524
DiscreteSAC,15,final,2558,5558,-0.03501875400543215,10.0,4.0,0.7732353210449219,-1.2799409747123718
DiscreteSAC,15,final,2559,5559,-0.359143590927124,10.0,6.0,0.7903443574905396,-1.3211208820343017
DiscreteSAC,15,final,2560,5560,-0.39424110651016236,10.0,4.0,0.3221712112426758,-1.3520558953285218
DiscreteSAC,15,final,2561,5561,-0.42447342872619626,10.0,5.0,0.6235421895980835,-1.3101630330085754
DiscreteSAC,15,final,2562,5562,-0.19612784624099733,9.0,6.0,0.46545329689979553,-1.3255485561158922
DiscreteSAC,15,final,2563,5563,-0.5290035426616669,10.0,4.0,0.3675204813480377,-1.285851740837097
DiscreteSAC,15,final,2564,5564,0.0374590253829956,9.0,4.0,1.0378618240356445,-1.3102732102076213
DiscreteSAC,15,final,2565,5565,-0.5260924577713014,10.0,4.0,0.8580362200737,-1.3208396911621094
DiscreteSAC,15,final,2566,5566,-0.37177878618240356,10.0,5.0,0.5970163345336914,-1.2616650223731996
DiscreteSAC,15,final,2567,5567,-0.5300201177597046,10.0,3.0,0.8337370753288269,-1.3530755519866944
DiscreteSAC,15,final,2568,5568,-0.3057412385940552,10.0,7.0,0.9415254592895508,-1.3022099494934083
DiscreteSAC,15,final,2569,5569,-0.004530441761016843,10.0,6.0,0.6895262598991394,-1.330353569984436
DiscreteSAC,15,final,2570,5570,-0.1235133171081543,10.0,6.0,0.6145826578140259,-1.302508330345154
DiscreteSAC,15,final,2571,5571,-0.07686172962188721,9.0,4.0,0.5867509841918945,-1.3139566712909274
DiscreteSAC,15,final,2572,5572,-0.4226329827308655,9.0,4.0,0.4399861693382263,-1.3115531868404813
DiscreteSAC,15,final,2573,5573,-0.41060368418693544,10.0,4.0,0.3331286907196045,-1.2812312722206116
DiscreteSAC,15,final,2574,5574,-0.34695272088050844,9.0,6.0,0.50421142578125,-1.280157208442688
DiscreteSAC,15,final,2575,5575,-0.5106232285499573,10.0,4.0,0.6251725554466248,-1.3092239022254943
DiscreteSAC,15,final,2576,5576,-0.32551146745681764,10.0,4.0,0.8879143595695496,-1.3060503125190734
DiscreteSAC,15,final,2577,5577,-0.2976126313209534,10.0,5.0,0.8797906637191772,-1.271015214920044
DiscreteSAC,15,final,2578,5578,-0.3107477509975433,9.0,3.0,0.4043211042881012,-1.3227854702207777
DiscreteSAC,15,final,2579,5579,-0.18423396587371826,9.0,5.0,0.8056524395942688,-1.3098624149958293
DiscreteSAC,15,final,2580,5580,-0.041466310024261474,9.0,6.0,0.6605434417724609,-1.2910350693596735
DiscreteSAC,15,final,2581,5581,-0.38316937983036037,10.0,6.0,0.3461379408836365,-1.2802976608276366
DiscreteSAC,15,final,2582,5582,-0.553523111343384,10.0,4.0,0.6913841366767883,-1.3152145385742187
DiscreteSAC,15,final,2583,5583,-0.5925380110740661,10.0,4.0,0.4113866984844208,-1.3206432700157165
DiscreteSAC,15,final,2584,5584,-0.23235907554626467,10.0,5.0,0.8567200899124146,-1.343695616722107
DiscreteSAC,15,final,2585,5585,-0.16626943349838258,10.0,6.0,0.7662822008132935,-1.3105385184288025
DiscreteSAC,15,final,2586,5586,-0.57984379529953,10.0,6.0,0.6192649602890015,-1.313092589378357
DiscreteSAC,15,final,2587,5587,-0.5270017087459564,10.0,3.0,0.33162349462509155,-1.3081916093826294
DiscreteSAC,15,final,2588,5588,-0.23619517087936404,10.0,5.0,0.6093680262565613,-1.3201368570327758
DiscreteSAC,15,final,2589,5589,-0.33004366159439086,10.0,4.0,0.7909461855888367,-1.2882654070854187
DiscreteSAC,15,final,2590,5590,-0.11899797439575195,7.0,3.0,0.658740222454071,-1.3882592405591692
DiscreteSAC,15,final,2591,5591,-0.12471532821655276,10.0,8.0,0.8244255781173706,-1.2667600512504578
DiscreteSAC,15,final,2592,5592,-0.29759814590215683,10.0,5.0,0.11068855226039886,-1.3320736527442931
DiscreteSAC,15,final,2593,5593,-0.32648959159851076,10.0,5.0,0.8976959586143494,-1.3121890902519227
DiscreteSAC,15,final,2594,5594,-0.3293267607688904,10.0,4.0,0.538589596748352,-1.2762828111648559
DiscreteSAC,15,final,2595,5595,-0.43268591761589054,10.0,6.0,0.19089104235172272,-1.2810481071472168
DiscreteSAC,15,final,2596,5596,-0.30534481048583983,9.0,4.0,0.7441665530204773,-1.2700745264689128
DiscreteSAC,15,final,2597,5597,-0.277266526222229,10.0,5.0,0.917853832244873,-1.262901496887207
DiscreteSAC,15,final,2598,5598,-0.127648286819458,8.0,4.0,0.6889638304710388,-1.2518806159496307
DiscreteSAC,15,final,2599,5599,-0.31743612289428713,10.0,5.0,0.3006903827190399,-1.2870670795440673
DiscreteSAC,15,final,2600,5600,0.3966100883483887,8.0,4.0,0.6141480207443237,-1.2864002585411072
DiscreteSAC,15,final,2601,5601,-0.1821294665336609,10.0,5.0,0.6162111163139343,-1.2644985795021058
DiscreteSAC,15,final,2602,5602,-0.3529661804437637,10.0,3.0,0.24926452338695526,-1.3143136501312256
DiscreteSAC,15,final,2603,5603,-0.29668966233730315,10.0,4.0,0.19517433643341064,-1.3304420709609985
DiscreteSAC,15,final,2604,5604,-0.479006016254425,10.0,5.0,0.9583107233047485,-1.3115559339523315
DiscreteSAC,15,final,2605,5605,-0.1957545757293701,10.0,4.0,0.710896372795105,-1.3435224533081054
DiscreteSAC,15,final,2606,5606,-0.1462746810913086,7.0,4.0,0.3825809955596924,-1.2948616232190813
DiscreteSAC,15,final,2607,5607,-0.1723018050193787,10.0,6.0,0.5133036971092224,-1.3165206551551818
DiscreteSAC,15,final,2608,5608,-0.2872258007526398,10.0,7.0,0.4502203166484833,-1.3277618050575257
DiscreteSAC,15,final,2609,5609,-0.3999885082244873,10.0,3.0,1.0018408298492432,-1.3032535791397095
DiscreteSAC,15,final,2610,5610,-0.5928630352020264,10.0,4.0,0.7279773354530334,-1.286882483959198
DiscreteSAC,15,final,2611,5611,-0.10535975694656374,10.0,5.0,0.5040473937988281,-1.300565278530121
DiscreteSAC,15,final,2612,5612,-0.3660445332527161,10.0,6.0,0.7368372678756714,-1.3077950716018676
DiscreteSAC,15,final,2613,5613,-0.42138750553131105,10.0,4.0,0.782734215259552,-1.3274205327033997
DiscreteSAC,15,final,2614,5614,-0.38001014590263366,10.0,4.0,0.165475532412529,-1.2879095554351807
DiscreteSAC,15,final,2615,5615,-0.46776741519570353,10.0,5.0,0.10686427354812622,-1.264794147014618
DiscreteSAC,15,final,2616,5616,-0.5910765171051026,10.0,5.0,0.49728915095329285,-1.2940834641456604
DiscreteSAC,15,final,2617,5617,-0.2861785888671875,10.0,5.0,0.2040490359067917,-1.295590090751648
DiscreteSAC,15,final,2618,5618,-0.5977603316307069,10.0,4.0,0.9502676129341125,-1.2812486052513123
DiscreteSAC,15,final,2619,5619,-0.3156400227546692,9.0,4.0,0.7843155264854431,-1.2782695293426514
DiscreteSAC,15,final,2620,5620,-0.32668166756629946,10.0,5.0,0.48416849970817566,-1.3188202023506164
DiscreteSAC,15,final,2621,5621,-0.347857677936554,10.0,5.0,0.7708300352096558,-1.2773138642311097
DiscreteSAC,15,final,2622,5622,-0.4775027871131897,10.0,5.0,0.8985267281532288,-1.2853503704071045
DiscreteSAC,15,final,2623,5623,-0.6772227257490158,10.0,4.0,0.39877814054489136,-1.3053701877593995
DiscreteSAC,15,final,2624,5624,-0.3832285046577454,10.0,5.0,0.8380695581436157,-1.2962031602859496
DiscreteSAC,15,final,2625,5625,-0.5470699489116669,10.0,4.0,0.37543708086013794,-1.316389513015747
DiscreteSAC,15,final,2626,5626,-0.4861604571342468,10.0,3.0,0.8990814089775085,-1.3069826722145081
DiscreteSAC,15,final,2627,5627,-0.34676193952560425,6.0,4.0,0.9405797123908997,-1.3029197057088215
DiscreteSAC,15,final,2628,5628,-0.29432153403759,10.0,6.0,0.3110387325286865,-1.3281171917915344
DiscreteSAC,15,final,2629,5629,-0.5263200223445893,10.0,4.0,0.40036383271217346,-1.3011598587036133
DiscreteSAC,15,final,2630,5630,-0.1606735610961914,9.0,5.0,0.8323734998703003,-1.3252830505371094
DiscreteSAC,15,final,2631,5631,-0.020891916751861597,10.0,6.0,0.7391982674598694,-1.2795495748519898
DiscreteSAC,15,final,2632,5632,-0.39670488834381123,10.0,6.0,0.7157439589500427,-1.2869218230247497
DiscreteSAC,15,final,2633,5633,-0.5929631114006044,10.0,4.0,0.8707164525985718,-1.3095232009887696
DiscreteSAC,15,final,2634,5634,-0.1580435514450073,10.0,4.0,0.6311496496200562,-1.282899844646454
DiscreteSAC,15,final,2635,5635,-0.29046825766563417,10.0,6.0,0.2636887729167938,-1.3146071553230285
DiscreteSAC,15,final,2636,5636,-0.22789099216461184,10.0,5.0,0.7887013554573059,-1.2537311553955077
DiscreteSAC,15,final,2637,5637,0.11225343704223631,9.0,4.0,0.6660794019699097,-1.2622267802556355
DiscreteSAC,15,final,2638,5638,-0.012206904888153083,8.0,4.0,0.7562454342842102,-1.3044457733631134
DiscreteSAC,15,final,2639,5639,-0.06850875854492185,9.0,6.0,0.7655908465385437,-1.2864103979534574
DiscreteSAC,15,final,2640,5640,-0.26549639701843264,10.0,5.0,0.5830236673355103,-1.3313018918037414
DiscreteSAC,15,final,2641,5641,-0.24853110313415527,10.0,5.0,0.7281431555747986,-1.2999646425247193
DiscreteSAC,15,final,2642,5642,-0.5689300090074539,10.0,5.0,0.30549320578575134,-1.2958474516868592
DiscreteSAC,15,final,2643,5643,-0.10675299167633055,10.0,5.0,0.9174785614013672,-1.3119867444038391
DiscreteSAC,15,final,2644,5644,-0.22119917869567873,10.0,5.0,0.6911216974258423,-1.276059591770172
DiscreteSAC,15,final,2645,5645,-0.4340266823768616,10.0,5.0,0.3496568500995636,-1.3249565362930298
DiscreteSAC,15,final,2646,5646,-0.4569248676300049,10.0,4.0,1.053069829940796,-1.3368592858314514
DiscreteSAC,15,final,2647,5647,-0.48915460109710696,10.0,5.0,0.46670812368392944,-1.3073015689849854
DiscreteSAC,15,final,2648,5648,-0.3912475109100342,10.0,3.0,0.8009809851646423,-1.3239669322967529
DiscreteSAC,15,final,2649,5649,-0.3108845233917237,10.0,7.0,0.8902855515480042,-1.2622862815856934
DiscreteSAC,15,final,2650,5650,-0.09262725114822386,10.0,5.0,0.8847818970680237,-1.332616639137268
DiscreteSAC,15,final,2651,5651,-0.409146597981453,10.0,6.0,0.2704024910926819,-1.3354211926460267
DiscreteSAC,15,final,2652,5652,-0.14678144454956055,10.0,5.0,0.8503841757774353,-1.2573485612869262
DiscreteSAC,15,final,2653,5653,-0.01739465594291688,10.0,5.0,0.3829740583896637,-1.3181864023208618
DiscreteSAC,15,final,2654,5654,-0.10032622218132016,10.0,6.0,0.45672646164894104,-1.2957529306411744
DiscreteSAC,15,final,2655,5655,-0.49273978710174565,9.0,4.0,0.5080637335777283,-1.2924663358264499
DiscreteSAC,15,final,2656,5656,-0.3114936709403992,10.0,6.0,0.8108194470405579,-1.2872734308242797
DiscreteSAC,15,final,2657,5657,-0.38892644643783575,10.0,3.0,0.7953834533691406,-1.2881043076515197
DiscreteSAC,15,final,2658,5658,-0.5337286078929903,9.0,3.0,0.6378432512283325,-1.27085276444753
DiscreteSAC,15,final,2659,5659,-0.13814361095428468,10.0,6.0,0.5292930603027344,-1.3502067565917968
DiscreteSAC,15,final,2660,5660,-0.5399864166975021,10.0,3.0,0.26039284467697144,-1.2812129735946656
DiscreteSAC,15,final,2661,5661,-0.22949991226196292,10.0,6.0,0.6892858147621155,-1.2873768568038941
DiscreteSAC,15,final,2662,5662,-0.36005142927169803,10.0,6.0,0.9437142014503479,-1.2922086596488953
DiscreteSAC,15,final,2663,5663,-0.396140718460083,10.0,5.0,0.2997254729270935,-1.289900779724121
DiscreteSAC,15,final,2664,5664,-0.58041552901268,10.0,4.0,0.3373633325099945,-1.2777946949005128
DiscreteSAC,15,final,2665,5665,-0.1524910092353821,10.0,6.0,0.5250229239463806,-1.3638065814971925
DiscreteSAC,15,final,2666,5666,-0.4035432577133179,10.0,5.0,0.38639798760414124,-1.3097601056098938
DiscreteSAC,15,final,2667,5667,-0.2888441562652588,10.0,4.0,0.3709757924079895,-1.3115002393722535
DiscreteSAC,15,final,2668,5668,-0.5616950690746308,10.0,3.0,0.17582650482654572,-1.3148064732551574
DiscreteSAC,15,final,2669,5669,-0.25534397363662714,10.0,5.0,0.6698023080825806,-1.2766676068305969
DiscreteSAC,15,final,2670,5670,-0.08981058239936827,9.0,5.0,0.4278988540172577,-1.3139170408248901
DiscreteSAC,15,final,2671,5671,-0.40202826857566837,10.0,6.0,0.5057398676872253,-1.3020580530166626
DiscreteSAC,15,final,2672,5672,-0.1189485788345337,10.0,5.0,0.6171942353248596,-1.3113167047500611
DiscreteSAC,15,final,2673,5673,-0.6721868216991426,10.0,3.0,0.4103439450263977,-1.3118067502975463
DiscreteSAC,15,final,2674,5674,-0.16259570717811583,10.0,4.0,0.4505665600299835,-1.2799017429351807
DiscreteSAC,15,final,2675,5675,0.006658384799957243,9.0,4.0,0.5952104926109314,-1.3265228933758206
DiscreteSAC,15,final,2676,5676,-0.11550516068935397,8.0,6.0,0.16973677277565002,-1.287085548043251
DiscreteSAC,15,final,2677,5677,-0.4210575878620148,10.0,6.0,0.17926271259784698,-1.2871967673301696
DiscreteSAC,15,final,2678,5678,0.10692008733749389,10.0,3.0,0.6361168026924133,-1.2907469868659973
DiscreteSAC,15,final,2679,5679,-0.5952789306640626,10.0,4.0,0.3291851580142975,-1.2979725360870362
DiscreteSAC,15,final,2680,5680,-0.37265031337738036,10.0,4.0,0.7735257744789124,-1.3170922994613647
DiscreteSAC,15,final,2681,5681,-0.09603966474533084,10.0,6.0,0.5342615246772766,-1.3037045478820801
DiscreteSAC,15,final,2682,5682,-0.37035568952560427,10.0,5.0,0.7428260445594788,-1.2609518885612487
DiscreteSAC,15,final,2683,5683,-0.5837735533714296,10.0,3.0,0.6468906402587891,-1.3479337573051453
DiscreteSAC,15,final,2684,5684,-0.3793522834777832,10.0,4.0,1.0167005062103271,-1.2756369352340697
DiscreteSAC,15,final,2685,5685,-0.3489028835296631,9.0,5.0,0.6836603283882141,-1.324265956878662
DiscreteSAC,15,final,2686,5686,-0.2028801918029785,10.0,4.0,0.5612218976020813,-1.3137331485748291
DiscreteSAC,15,final,2687,5687,-0.20676032900810243,10.0,4.0,0.4678495228290558,-1.2787206292152404
DiscreteSAC,15,final,2688,5688,-0.46514360308647157,10.0,4.0,0.4891214370727539,-1.2967321515083312
DiscreteSAC,15,final,2689,5689,-0.5952275633811953,10.0,5.0,0.6338013410568237,-1.2795857191085815
DiscreteSAC,15,final,2690,5690,-0.5317447900772095,10.0,4.0,0.8711492419242859,-1.2875107407569886
DiscreteSAC,15,final,2691,5691,-0.5332579731941223,10.0,4.0,0.45970144867897034,-1.317384660243988
DiscreteSAC,15,final,2692,5692,-0.44356656074523926,10.0,3.0,0.5247232913970947,-1.3192509651184081
DiscreteSAC,15,final,2693,5693,-0.12229078054428101,9.0,4.0,0.9319227337837219,-1.2849262555440266
DiscreteSAC,15,final,2694,5694,-0.34210803508758547,10.0,5.0,0.805385172367096,-1.3251941800117493
DiscreteSAC,15,final,2695,5695,-0.3471608877182007,10.0,4.0,0.8047783970832825,-1.3073294162750244
DiscreteSAC,15,final,2696,5696,-0.5774551153182983,10.0,4.0,0.5795034170150757,-1.2751353979110718
DiscreteSAC,15,final,2697,5697,-0.4068611443042755,10.0,4.0,0.5958964228630066,-1.3145763397216796
DiscreteSAC,15,final,2698,5698,-0.41062225103378297,10.0,4.0,0.6409124135971069,-1.289582574367523
DiscreteSAC,15,final,2699,5699,-0.21343020200729373,10.0,6.0,0.6724934577941895,-1.3723023533821106
DiscreteSAC,15,final,2700,5700,-0.2270216464996338,10.0,6.0,0.8583031892776489,-1.3084092736244202
DiscreteSAC,15,final,2701,5701,-0.33927999138832093,10.0,6.0,0.42635440826416016,-1.3082347512245178
DiscreteSAC,15,final,2702,5702,-0.708794927597046,10.0,6.0,0.747370183467865,-1.31146183013916
DiscreteSAC,15,final,2703,5703,-0.13703686237335205,9.0,5.0,0.2917044460773468,-1.2787865002950032
DiscreteSAC,15,final,2704,5704,-0.5096103370189666,10.0,4.0,0.21122042834758759,-1.3031382322311402
DiscreteSAC,15,final,2705,5705,-0.2732492208480835,10.0,6.0,0.3576332628726959,-1.3258347034454345
DiscreteSAC,15,final,2706,5706,-0.12998495340347288,9.0,3.0,0.7599110007286072,-1.3081553644604154
DiscreteSAC,15,final,2707,5707,-0.39199808835983274,10.0,3.0,1.0213346481323242,-1.2991721034049988
DiscreteSAC,15,final,2708,5708,-0.20365121364593505,10.0,5.0,1.032303810119629,-1.279092276096344
DiscreteSAC,15,final,2709,5709,-0.5358814835548401,10.0,5.0,0.7021121382713318,-1.307841992378235
DiscreteSAC,15,final,2710,5710,-0.40328369140625003,10.0,6.0,0.8066104054450989,-1.307732057571411
DiscreteSAC,15,final,2711,5711,-0.33978593349456787,10.0,3.0,0.9731712341308594,-1.3331570863723754
DiscreteSAC,15,final,2712,5712,-0.3430005192756653,10.0,7.0,0.6184700131416321,-1.326208198070526
DiscreteSAC,15,final,2713,5713,-0.3723664283752441,10.0,5.0,0.4614684283733368,-1.344036328792572
DiscreteSAC,15,final,2714,5714,-0.16609174013137817,10.0,5.0,0.520854651927948,-1.2955448865890502
DiscreteSAC,15,final,2715,5715,-0.023730421066284146,10.0,7.0,1.0083409547805786,-1.3098541259765626
DiscreteSAC,15,final,2716,5716,-0.35493848323822025,10.0,6.0,1.2378705739974976,-1.2782422661781312
DiscreteSAC,15,final,2717,5717,-0.0024982762336730746,7.0,5.0,0.6463088393211365,-1.31933559690203
DiscreteSAC,15,final,2718,5718,-0.4226994121074677,9.0,4.0,0.5205220580101013,-1.2854916122224596
DiscreteSAC,15,final,2719,5719,-0.338965380191803,10.0,5.0,0.8844175338745117,-1.3169747948646546
DiscreteSAC,15,final,2720,5720,-0.3281929850578308,10.0,6.0,0.5544458627700806,-1.3212656736373902
DiscreteSAC,15,final,2721,5721,-0.31053532361984254,10.0,4.0,0.5265455842018127,-1.2864522218704224
DiscreteSAC,15,final,2722,5722,-0.6261436879634859,10.0,5.0,0.5726742148399353,-1.2934294939041138
DiscreteSAC,15,final,2723,5723,-0.20568293333053592,10.0,3.0,0.6407802700996399,-1.2818254113197327
DiscreteSAC,15,final,2724,5724,-0.6509183764457704,10.0,4.0,0.4936547577381134,-1.276072871685028
DiscreteSAC,15,final,2725,5725,-0.22844664931297298,8.0,6.0,0.42962002754211426,-1.3001050502061844
DiscreteSAC,15,final,2726,5726,-0.17163020372390747,10.0,5.0,0.6040801405906677,-1.328438937664032
DiscreteSAC,15,final,2727,5727,-0.4702270746231079,10.0,4.0,0.389797180891037,-1.3150635957717896
DiscreteSAC,15,final,2728,5728,-0.10896866083145142,6.0,3.0,0.7174273133277893,-1.259179453055064
DiscreteSAC,15,final,2729,5729,-0.5308584988117219,10.0,4.0,0.3640998899936676,-1.2852753162384034
DiscreteSAC,15,final,2730,5730,-0.2950084924697876,10.0,4.0,1.1896947622299194,-1.35796160697937
DiscreteSAC,15,final,2731,5731,-0.27406700849533083,10.0,5.0,0.9409119486808777,-1.2862218976020814
DiscreteSAC,15,final,2732,5732,-0.3771207809448242,10.0,4.0,0.3930681645870209,-1.3368876218795775
DiscreteSAC,15,final,2733,5733,-0.3034513354301453,10.0,6.0,0.7051959037780762,-1.3057772517204285
DiscreteSAC,15,final,2734,5734,-0.5178449749946594,10.0,3.0,0.676098644733429,-1.343205487728119
DiscreteSAC,15,final,2735,5735,-0.42632501721382143,10.0,5.0,0.4277854263782501,-1.3010183453559876
DiscreteSAC,15,final,2736,5736,-0.26765000820159907,10.0,5.0,0.5771499276161194,-1.2926994800567626
DiscreteSAC,15,final,2737,5737,-0.06022237539291385,10.0,4.0,0.22204777598381042,-1.3210030794143677
DiscreteSAC,15,final,2738,5738,-0.29172811508178714,10.0,6.0,0.3177882730960846,-1.2943169951438904
DiscreteSAC,15,final,2739,5739,-0.2518839049339294,8.0,3.0,0.5259271860122681,-1.3214736431837082
DiscreteSAC,15,final,2740,5740,-0.3368463277816772,10.0,3.0,0.35365551710128784,-1.3762235999107362
DiscreteSAC,15,final,2741,5741,-0.3292767763137817,10.0,6.0,0.5217984318733215,-1.2990557312965394
DiscreteSAC,15,final,2742,5742,-0.015401321649551394,10.0,4.0,0.4675460159778595,-1.3040768027305603
DiscreteSAC,15,final,2743,5743,-0.04998255968093872,10.0,6.0,0.7346910238265991,-1.288548731803894
DiscreteSAC,15,final,2744,5744,-0.17041898250579834,8.0,5.0,0.4337298572063446,-1.2721423357725143
DiscreteSAC,15,final,2745,5745,-0.7276678681373598,10.0,3.0,0.8008466958999634,-1.2818198442459106
DiscreteSAC,15,final,2746,5746,-0.3060220628976822,10.0,5.0,0.2997879981994629,-1.332916271686554
DiscreteSAC,15,final,2747,5747,-0.28756940364837646,10.0,3.0,0.37486720085144043,-1.2822035551071167
DiscreteSAC,15,final,2748,5748,-0.09770294427871706,10.0,5.0,0.9793583750724792,-1.3064067363739014
DiscreteSAC,15,final,2749,5749,-0.15593354940414428,9.0,4.0,0.7805290818214417,-1.283924592865838
DiscreteSAC,15,final,2750,5750,-0.38523908853530886,10.0,5.0,0.8412432074546814,-1.280754554271698
DiscreteSAC,15,final,2751,5751,-0.14263497591018676,10.0,4.0,0.5815829634666443,-1.3216761350631714
DiscreteSAC,15,final,2752,5752,-0.2201359748840332,10.0,4.0,1.0346920490264893,-1.323419177532196
DiscreteSAC,15,final,2753,5753,-0.47814041525125506,10.0,5.0,0.18432557582855225,-1.2943527698516846
DiscreteSAC,15,final,2754,5754,-0.2832141160964966,10.0,5.0,0.782572329044342,-1.352837860584259
DiscreteSAC,15,final,2755,5755,-0.1072237312793732,10.0,6.0,0.3107543885707855,-1.3362666130065919
DiscreteSAC,15,final,2756,5756,-0.25740504264831543,10.0,5.0,0.3576810359954834,-1.2799811720848084
DiscreteSAC,15,final,2757,5757,0.24413109064102173,6.0,4.0,0.4671516418457031,-1.310141146183014
DiscreteSAC,15,final,2758,5758,0.3037365818023682,6.0,3.0,0.8837423324584961,-1.2924675345420837
DiscreteSAC,15,final,2759,5759,-0.07942584753036504,10.0,6.0,0.9006496071815491,-1.2890075087547301
DiscreteSAC,15,final,2760,5760,-0.07039126157760622,10.0,5.0,0.6625776886940002,-1.3163389682769775
DiscreteSAC,15,final,2761,5761,-0.2774842381477356,10.0,5.0,0.38100627064704895,-1.3020411133766174
DiscreteSAC,15,final,2762,5762,-0.5124630153179168,10.0,4.0,0.3898283541202545,-1.2424896240234375
DiscreteSAC,15,final,2763,5763,-0.25926939785480496,9.0,7.0,0.342470645904541,-1.2831490172280207
DiscreteSAC,15,final,2764,5764,-0.5494262099266052,10.0,4.0,0.5825826525688171,-1.2925228953361512
DiscreteSAC,15,final,2765,5765,-0.221060848236084,10.0,6.0,0.7092512249946594,-1.2958740592002869
DiscreteSAC,15,final,2766,5766,0.030214369297027553,10.0,5.0,0.9109522700309753,-1.2991093277931214
DiscreteSAC,15,final,2767,5767,-0.4859397411346436,10.0,5.0,0.6157488822937012,-1.324001634120941
DiscreteSAC,15,final,2768,5768,-0.25139966011047366,10.0,5.0,0.901314377784729,-1.3273348689079285
DiscreteSAC,15,final,2769,5769,-0.42416384220123293,10.0,5.0,0.4351864159107208,-1.3009757161140443
DiscreteSAC,15,final,2770,5770,-0.6398368000984193,10.0,4.0,0.47785449028015137,-1.3062444567680358
DiscreteSAC,15,final,2771,5771,-0.4800785839557648,10.0,6.0,0.26547515392303467,-1.3323182463645935
DiscreteSAC,15,final,2772,5772,-0.34585197567939757,10.0,4.0,0.2033412754535675,-1.3440082669258118
DiscreteSAC,15,final,2773,5773,-0.5482826352119446,10.0,4.0,0.5664793252944946,-1.3325383901596068
DiscreteSAC,15,final,2774,5774,-0.31347069740295413,10.0,6.0,0.7408440709114075,-1.33457270860672
DiscreteSAC,15,final,2775,5775,-0.35401406288146975,10.0,5.0,0.6937013268470764,-1.3142743825912475
DiscreteSAC,15,final,2776,5776,-0.45766296327114103,9.0,3.0,0.32228925824165344,-1.3094740841123793
DiscreteSAC,15,final,2777,5777,-0.2894348454475403,7.0,4.0,0.6018329858779907,-1.2744451080049788
DiscreteSAC,15,final,2778,5778,-0.4700197517871857,10.0,5.0,0.38453051447868347,-1.299240505695343
DiscreteSAC,15,final,2779,5779,-0.41264071464538576,10.0,5.0,0.6696504354476929,-1.3437479853630065
DiscreteSAC,15,final,2780,5780,-0.3495460629463195,10.0,4.0,0.8580965399742126,-1.2542221546173096
DiscreteSAC,15,final,2781,5781,0.028244185447692874,10.0,6.0,1.134641170501709,-1.2863398671150208
DiscreteSAC,15,final,2782,5782,-0.20609973907470702,9.0,4.0,0.5728330612182617,-1.2932935953140259
DiscreteSAC,15,final,2783,5783,-0.0947377026081085,10.0,7.0,0.45860347151756287,-1.2864134192466736
DiscreteSAC,15,final,2784,5784,0.1930951178073883,10.0,5.0,0.4464235007762909,-1.297892951965332
DiscreteSAC,15,final,2785,5785,-0.09553763866424561,10.0,6.0,1.0588399171829224,-1.3010244131088258
DiscreteSAC,15,final,2786,5786,-0.4042083203792572,10.0,4.0,0.42135992646217346,-1.2995724439620973
DiscreteSAC,15,final,2787,5787,-0.3758331060409546,10.0,4.0,0.6945701241493225,-1.3057391047477722
DiscreteSAC,15,final,2788,5788,-0.28665597438812257,10.0,4.0,0.648802638053894,-1.3274538040161132
DiscreteSAC,15,final,2789,5789,-0.26151018142700194,10.0,4.0,0.5731533765792847,-1.265353262424469
DiscreteSAC,15,final,2790,5790,-0.5366971462965011,10.0,4.0,0.18615584075450897,-1.3104377388954163
DiscreteSAC,15,final,2791,5791,-0.23434008359909056,10.0,4.0,0.5420824289321899,-1.3307681918144225
DiscreteSAC,15,final,2792,5792,-0.18512842774391175,7.0,5.0,0.24896609783172607,-1.283653940473284
DiscreteSAC,15,final,2793,5793,-0.19056265354156493,10.0,4.0,1.0481433868408203,-1.282699429988861
DiscreteSAC,15,final,2794,5794,0.10398871660232542,9.0,4.0,0.5657349228858948,-1.3540272580252752
DiscreteSAC,15,final,2795,5795,-0.4662855863571167,10.0,3.0,0.7135899662971497,-1.2556426286697389
DiscreteSAC,15,final,2796,5796,-0.3834553003311157,10.0,5.0,0.3074653446674347,-1.2806717991828918
DiscreteSAC,15,final,2797,5797,-0.6307938188314439,10.0,5.0,0.44383376836776733,-1.2476666450500489
DiscreteSAC,15,final,2798,5798,-0.5313572883605958,10.0,5.0,0.9167198538780212,-1.3021902918815613
DiscreteSAC,15,final,2799,5799,-0.33821595907211305,10.0,4.0,0.7033427953720093,-1.3230654716491699
DiscreteSAC,15,final,2800,5800,-0.22529611587524417,10.0,6.0,0.5469861626625061,-1.3286635041236878
DiscreteSAC,15,final,2801,5801,-0.3102361798286438,10.0,5.0,0.39491358399391174,-1.3199739575386047
DiscreteSAC,15,final,2802,5802,-0.13895110130310057,9.0,3.0,1.0298854112625122,-1.285743408732944
DiscreteSAC,15,final,2803,5803,-0.1976069211959839,10.0,5.0,0.7653211951255798,-1.2995514035224915
DiscreteSAC,15,final,2804,5804,-0.4044483542442322,10.0,5.0,0.5479781627655029,-1.2687026023864747
DiscreteSAC,15,final,2805,5805,-0.39924527406692506,10.0,4.0,0.36400705575942993,-1.3068737030029296
DiscreteSAC,15,final,2806,5806,-0.5045074605941774,9.0,3.0,0.3532058298587799,-1.3152489927079942
DiscreteSAC,15,final,2807,5807,-0.3297175884246826,10.0,4.0,0.7366427183151245,-1.2487663745880127
DiscreteSAC,15,final,2808,5808,-0.37238363027572635,10.0,6.0,0.4004614055156708,-1.300446617603302
DiscreteSAC,15,final,2809,5809,-0.5346503111720086,8.0,4.0,0.43879467248916626,-1.2725121974945068
DiscreteSAC,15,final,2810,5810,-0.5856847882270814,10.0,4.0,1.082051157951355,-1.3191879749298097
DiscreteSAC,15,final,2811,5811,-0.5533691763877869,10.0,4.0,0.36180874705314636,-1.3065833806991578
DiscreteSAC,15,final,2812,5812,-0.4033445954322815,10.0,5.0,0.6123863458633423,-1.3294161200523376
DiscreteSAC,15,final,2813,5813,-0.35141053199768063,10.0,5.0,0.6993130445480347,-1.294304895401001
DiscreteSAC,15,final,2814,5814,0.054162988662719735,9.0,4.0,1.0551670789718628,-1.336875041325887
DiscreteSAC,15,final,2815,5815,-0.11636590957641603,10.0,5.0,0.5568181276321411,-1.2934879302978515
DiscreteSAC,15,final,2816,5816,-0.1919068419933319,9.0,5.0,0.2820548117160797,-1.3535668849945068
DiscreteSAC,15,final,2817,5817,-0.46225274801254274,10.0,4.0,0.3317951560020447,-1.3040534615516663
DiscreteSAC,15,final,2818,5818,-0.37576868534088137,10.0,5.0,1.211265206336975,-1.2623221158981324
DiscreteSAC,15,final,2819,5819,-0.2128804051876068,9.0,5.0,0.43005824089050293,-1.2913709746466742
DiscreteSAC,15,final,2820,5820,-0.20585751533508295,10.0,5.0,0.950785219669342,-1.342643940448761
DiscreteSAC,15,final,2821,5821,-0.4905111789703369,10.0,3.0,0.7321239709854126,-1.2763300657272338
DiscreteSAC,15,final,2822,5822,-0.32313224077224734,10.0,5.0,0.9904999136924744,-1.2906964063644408
DiscreteSAC,15,final,2823,5823,-0.14691241979599,10.0,5.0,0.8557136654853821,-1.3133007764816285
DiscreteSAC,15,final,2824,5824,-0.22826730251312255,9.0,4.0,0.6843090653419495,-1.260760121875339
DiscreteSAC,15,final,2825,5825,-0.12480135083198547,7.0,3.0,0.38483333587646484,-1.2833493947982788
DiscreteSAC,15,final,2826,5826,-0.5441115319728852,10.0,4.0,0.3915110230445862,-1.286727750301361
DiscreteSAC,15,final,2827,5827,-0.576293969154358,10.0,5.0,0.43584999442100525,-1.2907927751541137
DiscreteSAC,15,final,2828,5828,-0.43925796151161195,10.0,4.0,0.43679139018058777,-1.2800365686416626
DiscreteSAC,15,final,2829,5829,0.0007712817192077615,9.0,5.0,0.7487590909004211,-1.3470116058985393
DiscreteSAC,15,final,2830,5830,-0.20746303200721744,10.0,6.0,0.46268144249916077,-1.3040086388587953
DiscreteSAC,15,final,2831,5831,-0.06652863025665283,10.0,6.0,0.5057048201560974,-1.296110415458679
DiscreteSAC,15,final,2832,5832,-0.3048946768045426,10.0,6.0,0.2382836788892746,-1.3004934668540955
DiscreteSAC,15,final,2833,5833,-0.10458051562309267,10.0,5.0,0.4784494936466217,-1.2864362239837646
DiscreteSAC,15,final,2834,5834,-0.6622766971588137,10.0,4.0,0.8993324041366577,-1.2844164490699768
DiscreteSAC,15,final,2835,5835,-0.3338008537888527,10.0,5.0,0.09648171812295914,-1.2906748533248902
DiscreteSAC,15,final,2836,5836,-0.18726418614387513,10.0,6.0,0.4467181861400604,-1.2922863841056824
DiscreteSAC,15,final,2837,5837,-0.5110684543848039,10.0,6.0,0.3455495238304138,-1.34632865190506
DiscreteSAC,15,final,2838,5838,-0.27733514308929447,10.0,6.0,1.0535943508148193,-1.3151629328727723
DiscreteSAC,15,final,2839,5839,-0.46433134078979493,10.0,4.0,0.8399431109428406,-1.3153974652290343
DiscreteSAC,15,final,2840,5840,-0.43548873662948606,10.0,6.0,0.57599937915802,-1.330029511451721
DiscreteSAC,15,final,2841,5841,-0.4502554744482041,10.0,6.0,0.280617356300354,-1.3101407289505005
DiscreteSAC,15,final,2842,5842,-0.0850956439971924,10.0,5.0,0.9370255470275879,-1.3513076424598693
DiscreteSAC,15,final,2843,5843,-0.3158640503883362,10.0,7.0,0.7419540286064148,-1.3408997297286986
DiscreteSAC,15,final,2844,5844,-0.4167571783065796,10.0,4.0,0.5473799705505371,-1.2895952224731446
DiscreteSAC,15,final,2845,5845,-0.49934391379356385,10.0,6.0,0.6017764210700989,-1.3151010394096374
DiscreteSAC,15,final,2846,5846,-0.2863147258758545,10.0,5.0,0.8822757601737976,-1.3355268597602845
DiscreteSAC,15,final,2847,5847,-0.21700381040573122,10.0,7.0,0.6568018794059753,-1.2967460870742797
DiscreteSAC,15,final,2848,5848,-0.04596991539001468,10.0,4.0,0.4575567841529846,-1.3431957125663758
DiscreteSAC,15,final,2849,5849,-0.30121098756790166,10.0,7.0,0.575102686882019,-1.2801304817199708
DiscreteSAC,15,final,2850,5850,-0.33736433982849123,10.0,5.0,0.9527450799942017,-1.3215535044670106
DiscreteSAC,15,final,2851,5851,-0.4104583144187927,10.0,4.0,0.44729703664779663,-1.3167946815490723
DiscreteSAC,15,final,2852,5852,-0.3241767406463623,10.0,4.0,1.232568383216858,-1.2873838305473329
DiscreteSAC,15,final,2853,5853,-0.2519532561302185,10.0,4.0,0.5732512474060059,-1.2899651646614074
DiscreteSAC,15,final,2854,5854,-0.39096788167953495,10.0,6.0,0.6460689902305603,-1.3761260151863097
DiscreteSAC,15,final,2855,5855,-0.26191684007644656,10.0,5.0,0.5257138013839722,-1.273293912410736
DiscreteSAC,15,final,2856,5856,-0.030945432186126692,10.0,6.0,0.8851816058158875,-1.3218583583831787
DiscreteSAC,15,final,2857,5857,-0.8352614581584933,10.0,5.0,0.7512631416320801,-1.3227603316307068
DiscreteSAC,15,final,2858,5858,-0.5250495076179504,10.0,3.0,0.17429222166538239,-1.3340811252593994
DiscreteSAC,15,final,2859,5859,-0.3726296901702881,10.0,4.0,0.620076060295105,-1.298139214515686
DiscreteSAC,15,final,2860,5860,-0.49134739190340043,10.0,4.0,0.1662227213382721,-1.3135645270347596
DiscreteSAC,15,final,2861,5861,-0.48766736388206483,10.0,4.0,0.36187005043029785,-1.3271227717399596
DiscreteSAC,15,final,2862,5862,-0.3476739376783371,10.0,5.0,0.28987473249435425,-1.3279199004173279
DiscreteSAC,15,final,2863,5863,-0.5089949309825897,10.0,5.0,0.3032418191432953,-1.3101963877677918
DiscreteSAC,15,final,2864,5864,-0.5971694469451906,10.0,4.0,0.5090955495834351,-1.332126784324646
DiscreteSAC,15,final,2865,5865,-0.20348525285720825,9.0,5.0,0.7908126711845398,-1.3076551622814603
DiscreteSAC,15,final,2866,5866,-0.5979911923408511,10.0,5.0,0.9321602582931519,-1.283679687976837
DiscreteSAC,15,final,2867,5867,-0.4653663754463196,10.0,4.0,0.8900598883628845,-1.321820890903473
DiscreteSAC,15,final,2868,5868,-0.4511383891105652,10.0,4.0,0.7508473992347717,-1.2927363157272338
DiscreteSAC,15,final,2869,5869,-0.4946057677268982,10.0,4.0,0.8009412884712219,-1.2990831971168517
DiscreteSAC,15,final,2870,5870,-0.3965113878250122,10.0,4.0,0.4338400661945343,-1.2963483572006225
DiscreteSAC,15,final,2871,5871,-0.39205595254898074,10.0,5.0,0.82846599817276,-1.2731396794319152
DiscreteSAC,15,final,2872,5872,-0.36742222309112554,10.0,3.0,0.6518212556838989,-1.2816153526306153
DiscreteSAC,15,final,2873,5873,-0.519578766822815,10.0,4.0,1.112215518951416,-1.3057395100593567
DiscreteSAC,15,final,2874,5874,-0.29001042842864994,10.0,6.0,0.5483969449996948,-1.314906072616577
DiscreteSAC,15,final,2875,5875,-0.18339528143405914,10.0,5.0,0.13800863921642303,-1.2935306072235107
DiscreteSAC,15,final,2876,5876,0.06933723449707031,9.0,6.0,1.3043378591537476,-1.2874609761767917
DiscreteSAC,15,final,2877,5877,-0.19812994003295897,10.0,4.0,0.8934771418571472,-1.3178032040596008
DiscreteSAC,15,final,2878,5878,-0.2991981625556946,10.0,4.0,0.25183454155921936,-1.2886204838752746
DiscreteSAC,15,final,2879,5879,-0.28844581246376033,10.0,6.0,0.5589917898178101,-1.306128191947937
DiscreteSAC,15,final,2880,5880,-0.12995276451110843,10.0,3.0,0.5790616273880005,-1.2716914415359497
DiscreteSAC,15,final,2881,5881,-0.3144619846343994,9.0,3.0,0.42001110315322876,-1.243938406308492
DiscreteSAC,15,final,2882,5882,-0.3650508940219879,10.0,4.0,0.483219176530838,-1.2830532312393188
DiscreteSAC,15,final,2883,5883,-0.31524028778076174,10.0,5.0,0.6101895570755005,-1.2858442544937134
DiscreteSAC,15,final,2884,5884,-0.26531206369400023,10.0,4.0,0.8202272653579712,-1.2864279985427856
DiscreteSAC,15,final,2885,5885,-0.47310724258422854,10.0,5.0,0.681556761264801,-1.3297751188278197
DiscreteSAC,15,final,2886,5886,-0.18599935770034792,10.0,5.0,0.6372666954994202,-1.2797933101654053
DiscreteSAC,15,final,2887,5887,-0.11185693979263307,9.0,5.0,0.6041444540023804,-1.2934256659613714
DiscreteSAC,15,final,2888,5888,-0.2446159362792969,10.0,5.0,0.5072665810585022,-1.3097405552864074
DiscreteSAC,15,final,2889,5889,-0.3734800279140473,10.0,6.0,0.17871855199337006,-1.2759299397468566
DiscreteSAC,15,final,2890,5890,-0.3030151009559631,10.0,4.0,0.6456013321876526,-1.3179770827293396
DiscreteSAC,15,final,2891,5891,-0.3541589617729187,10.0,5.0,0.8522624969482422,-1.3159148216247558
DiscreteSAC,15,final,2892,5892,0.07648236513137815,9.0,4.0,0.6035695672035217,-1.2846593856811523
DiscreteSAC,15,final,2893,5893,-0.589199358224869,10.0,5.0,0.616457462310791,-1.3300833582878113
DiscreteSAC,15,final,2894,5894,0.12183508634567261,9.0,7.0,0.6048454642295837,-1.266418735186259
DiscreteSAC,15,final,2895,5895,-0.41445658802986146,10.0,4.0,0.331551730632782,-1.3213902950286864
DiscreteSAC,15,final,2896,5896,-0.42581749558448795,10.0,6.0,0.2173829823732376,-1.2667789936065674
DiscreteSAC,15,final,2897,5897,-0.38101673722267154,10.0,6.0,0.23768606781959534,-1.3143691897392273
DiscreteSAC,15,final,2898,5898,-0.4679126620292664,10.0,7.0,0.5208417177200317,-1.2555761694908143
DiscreteSAC,15,final,2899,5899,-0.19528438687324523,9.0,4.0,0.4880164563655853,-1.2595372597376506
DiscreteSAC,15,final,2900,5900,-0.30516358017921447,10.0,4.0,0.22687745094299316,-1.282404088973999
DiscreteSAC,15,final,2901,5901,-0.41990013122558595,10.0,4.0,0.7959991097450256,-1.3228581070899963
DiscreteSAC,15,final,2902,5902,-0.06751475334167484,10.0,6.0,1.1031761169433594,-1.3180156588554381
DiscreteSAC,15,final,2903,5903,-0.09148586392402648,10.0,3.0,0.4480878412723541,-1.320242416858673
DiscreteSAC,15,final,2904,5904,-0.0704805850982666,10.0,3.0,0.5298591256141663,-1.30720055103302
DiscreteSAC,15,final,2905,5905,-0.03548735380172731,5.0,4.0,0.28230956196784973,-1.2768858432769776
DiscreteSAC,15,final,2906,5906,-0.012333869934082045,10.0,5.0,0.6494579911231995,-1.2901211977005005
DiscreteSAC,15,final,2907,5907,-0.703036290407181,10.0,4.0,0.5497514009475708,-1.3147851705551148
DiscreteSAC,15,final,2908,5908,-0.4311919450759888,10.0,5.0,0.7451122403144836,-1.2618915557861328
DiscreteSAC,15,final,2909,5909,-0.43476760685443877,10.0,4.0,0.37381479144096375,-1.3282534956932068
DiscreteSAC,15,final,2910,5910,-0.41308269500732425,10.0,6.0,0.6912577748298645,-1.2809672474861145
DiscreteSAC,15,final,2911,5911,-0.7312557846307757,10.0,3.0,0.30574795603752136,-1.252049696445465
DiscreteSAC,15,final,2912,5912,-0.25219895839691164,10.0,5.0,0.6105553507804871,-1.3128353834152222
DiscreteSAC,15,final,2913,5913,-0.24800040721893313,10.0,5.0,0.7529277205467224,-1.3005340576171875
DiscreteSAC,15,final,2914,5914,-0.49058881998062137,10.0,6.0,0.38460034132003784,-1.289003312587738
DiscreteSAC,15,final,2915,5915,-0.5884015798568726,10.0,5.0,0.69793701171875,-1.3489071607589722
DiscreteSAC,15,final,2916,5916,-0.13545541763305669,10.0,7.0,0.7163199782371521,-1.2746748208999634
DiscreteSAC,15,final,2917,5917,-0.09936981678009034,8.0,4.0,0.5959191918373108,-1.3296154290437698
DiscreteSAC,15,final,2918,5918,-0.3875746846199036,10.0,4.0,0.6232830286026001,-1.27186279296875
DiscreteSAC,15,final,2919,5919,-0.12065213918685914,10.0,5.0,0.852291464805603,-1.3152343511581421
DiscreteSAC,15,final,2920,5920,0.07584881067276002,7.0,5.0,0.6777346730232239,-1.2622890983309065
DiscreteSAC,15,final,2921,5921,-0.3938488900661469,10.0,5.0,0.24781247973442078,-1.3245802998542786
DiscreteSAC,15,final,2922,5922,-0.24488185286521913,9.0,6.0,0.5165199041366577,-1.3191172811720107
DiscreteSAC,15,final,2923,5923,-0.598460876941681,10.0,5.0,0.5288690328598022,-1.316740834712982
DiscreteSAC,15,final,2924,5924,-0.27947139739990234,10.0,5.0,0.5384875535964966,-1.3236397981643677
DiscreteSAC,15,final,2925,5925,-0.5878698468208314,10.0,5.0,0.8820244073867798,-1.280188798904419
DiscreteSAC,15,final,2926,5926,-0.4845600962638855,10.0,5.0,1.0086346864700317,-1.333177351951599
DiscreteSAC,15,final,2927,5927,-0.3304108142852783,10.0,6.0,0.7163575291633606,-1.3457345724105836
DiscreteSAC,15,final,2928,5928,-0.2646759390830994,10.0,5.0,0.6566528677940369,-1.2617922663688659
DiscreteSAC,15,final,2929,5929,-0.31601896286010744,10.0,5.0,0.8420040011405945,-1.3393207788467407
DiscreteSAC,15,final,2930,5930,-0.26409426927566526,10.0,6.0,0.6877147555351257,-1.30235013961792
DiscreteSAC,15,final,2931,5931,-0.44516987204551695,10.0,6.0,0.4400995075702667,-1.3229696035385132
DiscreteSAC,15,final,2932,5932,-0.5245147585868838,10.0,5.0,0.7607570290565491,-1.317544949054718
DiscreteSAC,15,final,2933,5933,-0.18643196314573285,9.0,7.0,0.1663496494293213,-1.2996341387430828
DiscreteSAC,15,final,2934,5934,-0.3227474927902222,10.0,5.0,1.0749777555465698,-1.3043068408966065
DiscreteSAC,15,final,2935,5935,-0.23899624824523924,8.0,3.0,0.7488623857498169,-1.3193299025297165
DiscreteSAC,15,final,2936,5936,-0.17543446063995355,9.0,4.0,0.9247909188270569,-1.2878200742933485
DiscreteSAC,15,final,2937,5937,-0.28470691442489626,10.0,5.0,0.8583915829658508,-1.345440649986267
DiscreteSAC,15,final,2938,5938,-0.3030110359191895,10.0,6.0,0.8190306425094604,-1.293647539615631
DiscreteSAC,15,final,2939,5939,-0.11209547758102416,9.0,5.0,0.7457026243209839,-1.3084136380089655
DiscreteSAC,15,final,2940,5940,-0.2618589043617248,10.0,5.0,0.7804325819015503,-1.2608731627464294
DiscreteSAC,15,final,2941,5941,-0.8543870598077776,10.0,3.0,0.45207998156547546,-1.2976483464241029
DiscreteSAC,15,final,2942,5942,-0.4405670523643494,10.0,6.0,0.7332788705825806,-1.3059747695922852
DiscreteSAC,15,final,2943,5943,-0.3987979948520661,10.0,6.0,0.349976509809494,-1.2889939904212953
DiscreteSAC,15,final,2944,5944,-0.3580674886703491,10.0,3.0,0.7610657811164856,-1.3066895008087158
DiscreteSAC,15,final,2945,5945,-0.4339423716068268,10.0,5.0,0.232253298163414,-1.3168218016624451
DiscreteSAC,15,final,2946,5946,-0.3413963675498963,10.0,6.0,0.7157197594642639,-1.270118510723114
DiscreteSAC,15,final,2947,5947,-0.39827887415885926,10.0,4.0,0.25230950117111206,-1.2897109746932984
DiscreteSAC,15,final,2948,5948,-0.20611972808837892,10.0,6.0,0.9153675436973572,-1.3120992064476014
DiscreteSAC,15,final,2949,5949,-0.357572340965271,10.0,5.0,1.0123530626296997,-1.2886221051216125
DiscreteSAC,15,final,2950,5950,-0.29187473058700564,10.0,5.0,0.9142463803291321,-1.278091263771057
DiscreteSAC,15,final,2951,5951,-0.21048309803009035,10.0,5.0,0.6095095872879028,-1.3705825686454773
DiscreteSAC,15,final,2952,5952,-0.37508302330970766,10.0,5.0,0.2674252688884735,-1.3266789436340332
DiscreteSAC,15,final,2953,5953,-0.38856012821197505,10.0,4.0,0.36007827520370483,-1.2764927983283996
DiscreteSAC,15,final,2954,5954,-0.5788668632507323,10.0,5.0,0.45628246665000916,-1.2822334051132203
DiscreteSAC,15,final,2955,5955,-0.36095330715179447,10.0,6.0,0.3588997721672058,-1.2963200449943542
DiscreteSAC,15,final,2956,5956,-0.24521667003631592,9.0,5.0,0.6335266828536987,-1.3277852402793036
DiscreteSAC,15,final,2957,5957,-0.003990426063537597,9.0,6.0,0.5050779581069946,-1.3191364606221516
DiscreteSAC,15,final,2958,5958,-0.19390307664871215,10.0,4.0,0.8204353451728821,-1.3408234238624572
DiscreteSAC,15,final,2959,5959,-0.22196175694465636,9.0,4.0,0.34814971685409546,-1.342682162920634
DiscreteSAC,15,final,2960,5960,-0.04480769634246828,10.0,5.0,0.7752367258071899,-1.2681001663208007
DiscreteSAC,15,final,2961,5961,-0.33167214393615724,10.0,4.0,0.7328871488571167,-1.3131175875663756
DiscreteSAC,15,final,2962,5962,-0.4166072756052018,10.0,5.0,0.2738179862499237,-1.2934189677238463
DiscreteSAC,15,final,2963,5963,-0.2469986915588379,10.0,5.0,0.8355693817138672,-1.2877558946609498
DiscreteSAC,15,final,2964,5964,-0.3336472988128662,10.0,4.0,0.853938639163971,-1.2991488337516786
DiscreteSAC,15,final,2965,5965,-0.2666068553924561,10.0,7.0,0.8865898847579956,-1.313963031768799
DiscreteSAC,15,final,2966,5966,-0.07118775844573975,10.0,7.0,0.2891378700733185,-1.3178041934967042
DiscreteSAC,15,final,2967,5967,-0.5632819324731826,10.0,5.0,0.3587096333503723,-1.3107072234153747
DiscreteSAC,15,final,2968,5968,-0.5355006992816925,10.0,5.0,0.4976867139339447,-1.2851592540740966
DiscreteSAC,15,final,2969,5969,-0.35935483574867244,10.0,6.0,0.5946007966995239,-1.2742031812667847
DiscreteSAC,15,final,2970,5970,-0.4057650685310364,10.0,4.0,0.8048678636550903,-1.316233766078949
DiscreteSAC,15,final,2971,5971,-0.1789699912071228,10.0,6.0,0.5297119617462158,-1.3027859807014466
DiscreteSAC,15,final,2972,5972,-0.26719903945922846,10.0,5.0,0.5765107870101929,-1.2650224804878234
DiscreteSAC,15,final,2973,5973,-0.0931572675704956,10.0,3.0,0.5808372497558594,-1.3194144010543822
DiscreteSAC,15,final,2974,5974,-0.3862258315086365,10.0,4.0,0.8788409233093262,-1.3262196063995362
DiscreteSAC,15,final,2975,5975,-0.33421858549118044,10.0,5.0,0.7078743577003479,-1.2785057067871093
DiscreteSAC,15,final,2976,5976,-0.24725711345672602,10.0,5.0,0.7764139175415039,-1.3018718242645264
DiscreteSAC,15,final,2977,5977,-0.5571946620941162,10.0,4.0,0.4591910243034363,-1.3066253542900086
DiscreteSAC,15,final,2978,5978,-0.5003420233726501,10.0,4.0,0.12612809240818024,-1.2780080556869506
DiscreteSAC,15,final,2979,5979,-0.3196994364261627,10.0,5.0,0.3461063802242279,-1.3435352325439454
DiscreteSAC,15,final,2980,5980,-0.28302678763866423,10.0,4.0,0.1432616412639618,-1.3042082905769348
DiscreteSAC,15,final,2981,5981,-0.2030048966407776,10.0,5.0,0.5184971690177917,-1.3102593541145324
DiscreteSAC,15,final,2982,5982,-0.3844633626937866,8.0,4.0,0.4564618468284607,-1.2959185540676117
DiscreteSAC,15,final,2983,5983,-0.3792810201644898,10.0,6.0,0.27628985047340393,-1.3486820936203003
DiscreteSAC,15,final,2984,5984,-0.5870321512222292,10.0,4.0,0.5172120928764343,-1.3311730027198792
DiscreteSAC,15,final,2985,5985,-0.3629839062690735,10.0,5.0,0.561684250831604,-1.3198781132698059
DiscreteSAC,15,final,2986,5986,-0.34468236565589905,10.0,5.0,0.5007472038269043,-1.2973568320274353
DiscreteSAC,15,final,2987,5987,-0.2277795195579529,10.0,6.0,0.8044480085372925,-1.3299283981323242
DiscreteSAC,15,final,2988,5988,-0.4171687364578247,10.0,3.0,1.0265158414840698,-1.2885522723197937
DiscreteSAC,15,final,2989,5989,-0.29915294647216795,10.0,6.0,0.7932888269424438,-1.3045621752738952
DiscreteSAC,15,final,2990,5990,-0.0663480186462402,9.0,5.0,0.6799715757369995,-1.3277195692062378
DiscreteSAC,15,final,2991,5991,-0.07276542186737063,10.0,6.0,0.42119115591049194,-1.3072369575500489
DiscreteSAC,15,final,2992,5992,-0.3889477610588074,10.0,6.0,0.19803978502750397,-1.307657253742218
DiscreteSAC,15,final,2993,5993,-0.18499418497085574,10.0,5.0,0.5445903539657593,-1.3189555883407593
DiscreteSAC,15,final,2994,5994,-0.09640809297561648,10.0,5.0,0.8743701577186584,-1.3222305417060851
DiscreteSAC,15,final,2995,5995,-0.4014258265495301,10.0,7.0,0.8086110353469849,-1.3018447637557984
DiscreteSAC,15,final,2996,5996,-0.37709583044052125,10.0,4.0,0.8741436004638672,-1.3077443361282348
DiscreteSAC,15,final,2997,5997,-0.6441886246204378,10.0,4.0,0.5001190900802612,-1.3220203876495362
DiscreteSAC,15,final,2998,5998,-0.46635041236877445,10.0,6.0,0.7605320811271667,-1.3248546481132508
DiscreteSAC,15,final,2999,5999,-0.3572402119636535,10.0,6.0,0.562969982624054,-1.3148335456848144
DiscreteSAC,15,final,3000,6000,-0.4817415475845337,10.0,3.0,0.4962323307991028,-1.3027597188949585
