agent,seed,phase,local_episode,cumulative_episode,reward,steps,selected_regions,classification_loss,optimization_loss
DQN,65,final,1,3001,0.09000000000000001,1.0,1.0,0.37023669481277466,0.0004052314325235784
DQN,65,final,2,3002,0.16670180082321168,3.0,3.0,0.6016332507133484,0.00032572179528263706
DQN,65,final,3,3003,0.08890230178833008,3.0,3.0,0.36818796396255493,0.00036986458386915427
DQN,65,final,4,3004,0.04994042396545411,2.0,2.0,0.38830262422561646,0.0003135749720968306
DQN,65,final,5,3005,0.20063395977020265,2.0,2.0,0.8426886796951294,0.00030713020532857627
DQN,65,final,6,3006,0.09000000000000001,1.0,1.0,0.621704638004303,0.00027267634868621826
DQN,65,final,7,3007,0.14057557463645937,2.0,2.0,0.4667665660381317,0.00040117868775269017
DQN,65,final,8,3008,-0.5262081801891327,10.0,2.0,0.3260219395160675,0.0009316541982116178
DQN,65,final,9,3009,0.09000000000000001,1.0,1.0,0.2156989574432373,0.0008580116555094719
DQN,65,final,10,3010,0.12414933919906618,2.0,2.0,0.5417431592941284,0.00034785017487592995
DQN,65,final,11,3011,0.09000000000000001,1.0,1.0,0.19071657955646515,0.00018532712419983
DQN,65,final,12,3012,-0.09864917755126952,6.0,2.0,0.8564890027046204,0.0031151467555901036
DQN,65,final,13,3013,0.30919511795043947,2.0,2.0,0.6836351156234741,0.0005779066996183246
DQN,65,final,14,3014,0.24395431756973268,2.0,2.0,0.6273660063743591,0.00042288974509574473
DQN,65,final,15,3015,0.1936283874511719,2.0,2.0,1.1045962572097778,0.0005184914043638855
DQN,65,final,16,3016,-0.022388103008270252,4.0,4.0,0.9247756004333496,0.0004925473913317546
DQN,65,final,17,3017,0.09000000000000001,1.0,1.0,0.4914531707763672,0.00035046678385697305
DQN,65,final,18,3018,0.09000000000000001,1.0,1.0,0.37368521094322205,0.0003198312479071319
DQN,65,final,19,3019,0.18175079107284547,2.0,2.0,0.2718685567378998,0.00037491887633223087
DQN,65,final,20,3020,0.09000000000000001,1.0,1.0,0.413684606552124,0.0005282097263261676
DQN,65,final,21,3021,0.1461730766296387,2.0,2.0,1.0162923336029053,0.00031892379774944857
DQN,65,final,22,3022,0.09000000000000001,1.0,1.0,0.32567402720451355,0.00019137971685267985
DQN,65,final,23,3023,0.16273017406463625,2.0,2.0,0.5777923464775085,0.0002429344895062968
DQN,65,final,24,3024,-0.3614257097244263,10.0,4.0,0.5587504506111145,0.0004230756137985736
DQN,65,final,25,3025,0.09000000000000001,1.0,1.0,0.6740468144416809,0.00022197894577402622
DQN,65,final,26,3026,0.09000000000000001,1.0,1.0,0.048184607177972794,0.000593371398281306
DQN,65,final,27,3027,0.09000000000000001,1.0,1.0,0.23265136778354645,0.00046387541806325316
DQN,65,final,28,3028,0.027097361087799088,2.0,2.0,0.6184273958206177,0.0004265657044015825
DQN,65,final,29,3029,-0.029107971191406234,2.0,2.0,0.7656130194664001,0.00042920759005937725
DQN,65,final,30,3030,0.37376458406448365,4.0,3.0,0.9347878098487854,0.0003443239620537497
DQN,65,final,31,3031,0.09000000000000001,1.0,1.0,0.09968749433755875,0.0022389248479157686
DQN,65,final,32,3032,0.2031377625465393,3.0,3.0,0.8480728268623352,0.00045860961351233226
DQN,65,final,33,3033,0.09000000000000001,1.0,1.0,0.17455653846263885,0.0005187586648389697
DQN,65,final,34,3034,-0.3181936526298523,9.0,3.0,0.6842943429946899,0.0006344903926623778
DQN,65,final,35,3035,0.08206890702247621,2.0,2.0,0.22113634645938873,0.0004391516704345122
DQN,65,final,36,3036,0.01782831728458406,2.0,2.0,0.28859472274780273,0.00034669676097109914
DQN,65,final,37,3037,0.17776270389556886,2.0,2.0,0.4067123532295227,0.00043001615267712623
DQN,65,final,38,3038,0.16334809541702272,2.0,2.0,0.7630193829536438,0.0003511973191052675
DQN,65,final,39,3039,0.09000000000000001,1.0,1.0,0.2567581832408905,0.00031979495543055236
DQN,65,final,40,3040,0.19399970948696138,2.0,2.0,0.23647652566432953,0.0009675081237219274
DQN,65,final,41,3041,0.09000000000000001,1.0,1.0,0.3953409492969513,0.0004455594753380865
DQN,65,final,42,3042,0.09000000000000001,1.0,1.0,0.4660334587097168,0.00042884607682935894
DQN,65,final,43,3043,0.09000000000000001,1.0,1.0,0.21308407187461853,0.0005870424793101847
DQN,65,final,44,3044,-0.6305219054222106,10.0,4.0,1.089017391204834,0.000532532912620809
DQN,65,final,45,3045,-0.005975527763366684,2.0,2.0,0.8588950037956238,0.00034935784060508013
DQN,65,final,46,3046,-0.08939633131027223,6.0,2.0,0.5288931131362915,0.0003295971449309339
DQN,65,final,47,3047,-0.28031001091003416,10.0,3.0,0.8920415043830872,0.0009094667548197322
DQN,65,final,48,3048,0.05028873443603516,4.0,4.0,0.6376224756240845,0.0004694480448961258
DQN,65,final,49,3049,0.09000000000000001,1.0,1.0,0.16718192398548126,0.0002997252158820629
DQN,65,final,50,3050,0.11611722588539125,2.0,2.0,0.3746798038482666,0.0010587674332782626
DQN,65,final,51,3051,0.0026399064064026034,2.0,2.0,0.8761495351791382,0.0003574303846107796
DQN,65,final,52,3052,-0.29750152468681335,9.0,4.0,0.5522142052650452,0.000463291921833944
DQN,65,final,53,3053,0.13986624956130983,2.0,2.0,0.6607670783996582,0.00046905159251764417
DQN,65,final,54,3054,0.05150057554244996,2.0,2.0,0.9033400416374207,0.0003252695023547858
DQN,65,final,55,3055,-0.07121424674987793,5.0,3.0,0.20631082355976105,0.0007307324325665831
DQN,65,final,56,3056,0.10112818241119387,4.0,2.0,1.0762455463409424,0.0010937165061477572
DQN,65,final,57,3057,0.475861029624939,2.0,2.0,1.0852022171020508,0.000989052903605625
DQN,65,final,58,3058,0.20923752307891846,3.0,3.0,0.792325496673584,0.0005007998746198913
DQN,65,final,59,3059,0.09000000000000001,1.0,1.0,0.2355867624282837,0.0003255967458244413
DQN,65,final,60,3060,-0.33469113588333127,8.0,2.0,0.8299340605735779,0.0008611582125013229
DQN,65,final,61,3061,-0.010226767063140865,3.0,2.0,0.7893513441085815,0.0005659810315895205
DQN,65,final,62,3062,0.04239846944808961,2.0,2.0,0.8938889503479004,0.00035656869295053184
DQN,65,final,63,3063,0.10544962406158448,3.0,3.0,0.6569148898124695,0.001456209768851598
DQN,65,final,64,3064,0.13248525738716127,2.0,2.0,0.4428088366985321,0.001337563298875466
DQN,65,final,65,3065,0.23277892351150514,2.0,2.0,0.72739177942276,0.00037414800317492336
DQN,65,final,66,3066,0.22028358459472658,2.0,2.0,0.3100174367427826,0.0003536981821525842
DQN,65,final,67,3067,0.09000000000000001,1.0,1.0,0.28782230615615845,0.000268159550614655
DQN,65,final,68,3068,0.057276861667633065,2.0,2.0,0.9122200608253479,0.00029724749037995934
DQN,65,final,69,3069,-0.13967796444892883,3.0,3.0,0.541689932346344,0.0008449924935121089
DQN,65,final,70,3070,0.10182446956634522,3.0,3.0,1.0768810510635376,0.0004995515434226642
DQN,65,final,71,3071,0.29485846281051636,3.0,3.0,0.75281822681427,0.0029360279925943664
DQN,65,final,72,3072,0.25454999685287477,2.0,2.0,0.8362494111061096,0.0005493245262186974
DQN,65,final,73,3073,-0.020985795259475692,2.0,2.0,0.4686848819255829,0.00047813489800319076
DQN,65,final,74,3074,0.09217072248458863,3.0,3.0,0.5040518045425415,0.0004739970512067278
DQN,65,final,75,3075,0.15262031316757202,4.0,4.0,0.7768397331237793,0.0005609847794403322
DQN,65,final,76,3076,0.25644821643829346,3.0,3.0,0.666213870048523,0.0004685386278045674
DQN,65,final,77,3077,0.031560035347938546,2.0,2.0,0.23660042881965637,0.00041491542651783675
DQN,65,final,78,3078,0.21338535070419312,3.0,3.0,0.8973100781440735,0.0009432378477261713
DQN,65,final,79,3079,0.19151247262954713,3.0,3.0,0.7989850044250488,0.00047078749048523605
DQN,65,final,80,3080,0.09000000000000001,1.0,1.0,0.15062154829502106,0.0004362378967925906
DQN,65,final,81,3081,0.09000000000000001,1.0,1.0,0.2963889539241791,0.00023435975890606642
DQN,65,final,82,3082,0.20138961791992188,3.0,3.0,0.7548361420631409,0.0009319204255007207
DQN,65,final,83,3083,0.17918272495269777,2.0,2.0,0.8362309336662292,0.00037834075919818133
DQN,65,final,84,3084,0.12483305454254151,3.0,3.0,1.0292702913284302,0.0006442365217177818
DQN,65,final,85,3085,0.313450403213501,3.0,3.0,0.8564825057983398,0.00038428135061015684
DQN,65,final,86,3086,0.09000000000000001,1.0,1.0,0.7087605595588684,0.0015271770535036922
DQN,65,final,87,3087,0.13200940370559694,2.0,2.0,0.9496026635169983,0.000345709704561159
DQN,65,final,88,3088,0.15272917032241823,2.0,2.0,0.7333106994628906,0.0003641733346739784
DQN,65,final,89,3089,0.06283194541931153,3.0,3.0,1.3622936010360718,0.0004845815516697864
DQN,65,final,90,3090,0.01636157155036927,3.0,3.0,0.302478164434433,0.00046054339812447626
DQN,65,final,91,3091,0.15040911912918092,2.0,2.0,0.858066737651825,0.0004775772977154702
DQN,65,final,92,3092,0.09000000000000001,1.0,1.0,0.42696651816368103,0.00021408344036899507
DQN,65,final,93,3093,0.2049598264694214,2.0,2.0,0.9107319116592407,0.00031608736026100814
DQN,65,final,94,3094,0.09000000000000001,1.0,1.0,0.4784105122089386,0.0003949544334318489
DQN,65,final,95,3095,0.1701676118373871,2.0,2.0,0.49166515469551086,0.00045728615077678114
DQN,65,final,96,3096,0.08161138176918031,2.0,2.0,0.3817358911037445,0.00033949514909181744
DQN,65,final,97,3097,0.09000000000000001,1.0,1.0,0.3943803012371063,0.00025612316676415503
DQN,65,final,98,3098,0.17148949384689333,2.0,2.0,0.5715528726577759,0.0007873057038523257
DQN,65,final,99,3099,0.062090234756469735,2.0,2.0,0.7466763257980347,0.00039991385710891336
DQN,65,final,100,3100,0.18382139682769777,2.0,2.0,0.6736540198326111,0.00033339524816256016
DQN,65,final,101,3101,0.21466376066207887,2.0,2.0,0.5379835367202759,0.0006172900612000376
DQN,65,final,102,3102,0.09000000000000001,1.0,1.0,0.2515682876110077,0.00044986591092310846
DQN,65,final,103,3103,0.09000000000000001,1.0,1.0,0.24565574526786804,0.00025468121748417616
DQN,65,final,104,3104,0.09000000000000001,1.0,1.0,0.2244776040315628,0.000407120562158525
DQN,65,final,105,3105,0.09000000000000001,1.0,1.0,0.7002816796302795,0.00035650661448016763
DQN,65,final,106,3106,0.07469285249710085,3.0,3.0,0.6580939292907715,0.0015381548922353734
DQN,65,final,107,3107,0.04174856305122377,4.0,3.0,0.41068267822265625,0.0017199727153638378
DQN,65,final,108,3108,0.05543698549270631,2.0,2.0,0.36519643664360046,0.0004810038662981242
DQN,65,final,109,3109,0.04023160219192506,2.0,2.0,0.6977639198303223,0.000507083663251251
DQN,65,final,110,3110,0.09000000000000001,1.0,1.0,0.30731576681137085,0.00046612400910817087
DQN,65,final,111,3111,0.09000000000000001,1.0,1.0,0.356271892786026,0.00039384819683618844
DQN,65,final,112,3112,0.31105584621429444,3.0,3.0,1.0988998413085938,0.0005933849218611916
DQN,65,final,113,3113,0.12268704891204835,3.0,3.0,0.41461530327796936,0.00034772802609950304
DQN,65,final,114,3114,-0.1721504986286163,5.0,2.0,0.4790881276130676,0.0003867580584483221
DQN,65,final,115,3115,0.09000000000000001,1.0,1.0,0.33856433629989624,0.001377408392727375
DQN,65,final,116,3116,-0.008073492050170883,2.0,2.0,0.8843539953231812,0.00035414805461186916
DQN,65,final,117,3117,0.016170183122158066,2.0,2.0,0.18556049466133118,0.0004788268488482572
DQN,65,final,118,3118,0.11209114074707033,2.0,2.0,0.5390704870223999,0.001831244066124782
DQN,65,final,119,3119,0.3049780297279358,2.0,2.0,0.6331981420516968,0.00032390912383561954
DQN,65,final,120,3120,0.12611486196517946,2.0,2.0,0.5229326486587524,0.00038793726707808673
DQN,65,final,121,3121,0.12456424713134767,2.0,2.0,0.9011240601539612,0.0002747073885984719
DQN,65,final,122,3122,0.22963064908981323,10.0,3.0,0.8297949433326721,0.0006465544895036146
DQN,65,final,123,3123,0.07766634941101075,3.0,3.0,0.539273202419281,0.0004325310583226383
DQN,65,final,124,3124,0.09000000000000001,1.0,1.0,0.47917038202285767,0.0012379912659525871
DQN,65,final,125,3125,0.2817658853530884,3.0,3.0,0.7786502242088318,0.00036270249014099437
DQN,65,final,126,3126,0.09014322042465212,2.0,2.0,0.8598219752311707,0.0007959400390973315
DQN,65,final,127,3127,0.039167172908782966,3.0,3.0,0.4310358464717865,0.00032708309299778193
DQN,65,final,128,3128,0.1114348840713501,3.0,3.0,0.9554661512374878,0.0006235129937219123
DQN,65,final,129,3129,-0.46809619665145874,10.0,3.0,0.9613643288612366,0.0004039594001369551
DQN,65,final,130,3130,0.14853762269020082,2.0,2.0,0.436785489320755,0.0008293130376841873
DQN,65,final,131,3131,0.16011268615722657,3.0,3.0,1.1487418413162231,0.0005171328278568884
DQN,65,final,132,3132,0.04419653296470643,2.0,2.0,0.34049150347709656,0.0004538867942756042
DQN,65,final,133,3133,0.17847378730773927,2.0,2.0,0.8906413316726685,0.00030392826010938734
DQN,65,final,134,3134,0.018347160816192642,2.0,2.0,0.3242465555667877,0.00023759108444210142
DQN,65,final,135,3135,0.09000000000000001,1.0,1.0,0.09173046797513962,0.00038450845750048757
DQN,65,final,136,3136,0.09000000000000001,1.0,1.0,0.19584313035011292,0.0003060583840124309
DQN,65,final,137,3137,0.09000000000000001,1.0,1.0,0.1114334687590599,0.00029021198861300945
DQN,65,final,138,3138,0.09000000000000001,1.0,1.0,0.26924434304237366,0.0002858467341866344
DQN,65,final,139,3139,0.07920380115509035,2.0,2.0,0.4436781108379364,0.0003089495876338333
DQN,65,final,140,3140,0.16556808531284334,2.0,2.0,0.24586237967014313,0.00024998708977364004
DQN,65,final,141,3141,0.061661682128906256,4.0,2.0,0.49673014879226685,0.0003201107647328172
DQN,65,final,142,3142,0.09000000000000001,1.0,1.0,0.455261766910553,0.0007529576541855931
DQN,65,final,143,3143,0.1474567222595215,2.0,2.0,0.7577572464942932,0.0008098689431790262
DQN,65,final,144,3144,0.09000000000000001,1.0,1.0,0.057409703731536865,0.0002489361504558474
DQN,65,final,145,3145,0.09000000000000001,1.0,1.0,0.20253486931324005,0.00023133755894377828
DQN,65,final,146,3146,0.08455528497695924,2.0,2.0,0.2797988951206207,0.0004742667078971863
DQN,65,final,147,3147,0.09000000000000001,1.0,1.0,0.6330987811088562,0.0012078621657565236
DQN,65,final,148,3148,0.40641146659851074,4.0,4.0,0.5903419852256775,0.00035008014674531296
DQN,65,final,149,3149,0.09000000000000001,1.0,1.0,0.39351874589920044,0.003974519670009613
DQN,65,final,150,3150,0.14548243761062624,2.0,2.0,0.6803827285766602,0.0003659775829873979
DQN,65,final,151,3151,0.004998581409454361,2.0,2.0,0.7391997575759888,0.0007237620302475989
DQN,65,final,152,3152,0.09000000000000001,1.0,1.0,0.16315516829490662,0.0006259655929170549
DQN,65,final,153,3153,0.15582402229309084,2.0,2.0,0.5536617040634155,0.0004338994185673073
DQN,65,final,154,3154,-0.01503102302551268,2.0,2.0,0.6561780571937561,0.0006404201412806287
DQN,65,final,155,3155,0.09000000000000001,1.0,1.0,0.7734755873680115,0.00034907448571175337
DQN,65,final,156,3156,0.14790757179260255,2.0,2.0,0.5547500252723694,0.00038751681859139353
DQN,65,final,157,3157,0.09000000000000001,1.0,1.0,0.12220865488052368,0.0004103184910491109
DQN,65,final,158,3158,0.058970023393630985,3.0,2.0,0.48654869198799133,0.0011174686757537227
DQN,65,final,159,3159,0.09000000000000001,1.0,1.0,0.10562844574451447,0.0003095362917520106
DQN,65,final,160,3160,0.10038532495498659,2.0,2.0,0.8358158469200134,0.0002443211342324503
DQN,65,final,161,3161,0.09000000000000001,1.0,1.0,0.18810229003429413,0.0007738079875707626
DQN,65,final,162,3162,0.23973731875419618,2.0,2.0,0.42862245440483093,0.00033396507205907255
DQN,65,final,163,3163,0.2210828232765198,2.0,2.0,0.8035510182380676,0.0001376261279801838
DQN,65,final,164,3164,0.14418764591217043,2.0,2.0,0.9004144072532654,0.00045735812454950064
DQN,65,final,165,3165,0.18496902465820314,2.0,2.0,0.7052673101425171,0.0002302677821717225
DQN,65,final,166,3166,0.35399819135665894,3.0,3.0,0.6885136961936951,0.0003039344446733594
DQN,65,final,167,3167,0.155679829120636,3.0,3.0,0.40569302439689636,0.0004442417509077738
DQN,65,final,168,3168,0.28965665578842165,2.0,2.0,0.9848822951316833,0.0016528526321053505
DQN,65,final,169,3169,0.2230175805091858,3.0,3.0,0.8212394118309021,0.0002940804649066801
DQN,65,final,170,3170,0.1719654965400696,2.0,2.0,0.6415848731994629,0.00035355165891814977
DQN,65,final,171,3171,0.1406760382652283,2.0,2.0,0.8284860253334045,0.0003282500401837751
DQN,65,final,172,3172,0.18934337973594667,2.0,2.0,0.2757616937160492,0.00030733969470020384
DQN,65,final,173,3173,0.09000000000000001,1.0,1.0,0.08345843106508255,0.0003665764525067061
DQN,65,final,174,3174,0.09000000000000001,1.0,1.0,0.619728147983551,0.0030470776837319136
DQN,65,final,175,3175,0.12532355070114137,2.0,2.0,0.3916527330875397,0.0002605230183689855
DQN,65,final,176,3176,0.03493221282958985,2.0,2.0,0.5530791878700256,0.00023200451687444001
DQN,65,final,177,3177,0.089926974773407,2.0,2.0,0.41165199875831604,0.0003271379682701081
DQN,65,final,178,3178,0.09000000000000001,1.0,1.0,0.12517137825489044,0.00033062149304896593
DQN,65,final,179,3179,0.09000000000000001,1.0,1.0,0.31259942054748535,0.00032528527663089335
DQN,65,final,180,3180,0.22257810592651367,4.0,4.0,1.0462933778762817,0.00027807387959910557
DQN,65,final,181,3181,0.09000000000000001,1.0,1.0,0.10821926593780518,0.000164335360750556
DQN,65,final,182,3182,0.16948892354965212,2.0,2.0,0.62277752161026,0.00032087329600472003
DQN,65,final,183,3183,0.1698447632789612,2.0,2.0,0.8969408273696899,0.0004376875003799796
DQN,65,final,184,3184,0.010391430854797379,2.0,2.0,1.0047101974487305,0.0003253683462389745
DQN,65,final,185,3185,0.3607818579673767,4.0,3.0,0.5477511882781982,0.0003279673110228032
DQN,65,final,186,3186,-0.41081456661224364,7.0,3.0,1.2028635740280151,0.0002594341037495594
DQN,65,final,187,3187,0.03779872417449952,4.0,2.0,1.0198078155517578,0.00030684184457641095
DQN,65,final,188,3188,0.2098971474170685,2.0,2.0,0.40875229239463806,0.00030910238274373114
DQN,65,final,189,3189,0.09000000000000001,1.0,1.0,0.17879928648471832,0.0004528446006588638
DQN,65,final,190,3190,0.09000000000000001,1.0,1.0,0.7757415771484375,0.0002380782680120319
DQN,65,final,191,3191,0.09000000000000001,1.0,1.0,0.1176796406507492,0.0003444759931880981
DQN,65,final,192,3192,0.29143447399139405,3.0,3.0,0.45931482315063477,0.00030386604097050923
DQN,65,final,193,3193,0.09000000000000001,1.0,1.0,0.20120050013065338,0.00015984925266820937
DQN,65,final,194,3194,0.09000000000000001,1.0,1.0,0.14994622766971588,0.000845343223772943
DQN,65,final,195,3195,0.09000000000000001,1.0,1.0,0.21025757491588593,0.0003266211424488574
DQN,65,final,196,3196,0.180922167301178,2.0,2.0,0.4430902600288391,0.00024882902653189376
DQN,65,final,197,3197,-0.06389729499816894,2.0,2.0,0.4440299868583679,0.0003808034671237692
DQN,65,final,198,3198,0.09000000000000001,1.0,1.0,0.4702600836753845,0.0003392440266907215
DQN,65,final,199,3199,0.2001017498970032,2.0,2.0,0.9208031296730042,0.00021387095330283046
DQN,65,final,200,3200,0.09000000000000001,1.0,1.0,0.3503802716732025,0.000250687007792294
DQN,65,final,201,3201,0.2544053363800049,2.0,2.0,1.222943902015686,0.0002728810504777357
DQN,65,final,202,3202,0.01082875013351442,2.0,2.0,0.6266684532165527,0.0004088241694262251
DQN,65,final,203,3203,0.028885023593902596,2.0,2.0,0.30461814999580383,0.00030855200020596385
DQN,65,final,204,3204,0.07574387073516847,2.0,2.0,0.6302803158760071,0.00027687358669936657
DQN,65,final,205,3205,0.12864656925201418,2.0,2.0,0.8916558623313904,0.00024035459500737488
DQN,65,final,206,3206,0.09000000000000001,1.0,1.0,0.13920755684375763,0.0002932209463324398
DQN,65,final,207,3207,0.03511781215667726,3.0,3.0,1.2406318187713623,0.00026510204285538447
DQN,65,final,208,3208,0.27133792638778687,5.0,4.0,0.9748849272727966,0.000400494338828139
DQN,65,final,209,3209,0.014834482669830326,3.0,2.0,0.5616342425346375,0.00022178244156142077
DQN,65,final,210,3210,0.16186280727386476,2.0,2.0,0.8578651547431946,0.00026171487843384966
DQN,65,final,211,3211,0.20444578647613526,3.0,3.0,1.1632194519042969,0.0002459017850924283
DQN,65,final,212,3212,-0.023194639086723312,2.0,2.0,0.24939431250095367,0.0011926383449463174
DQN,65,final,213,3213,0.1797501611709595,2.0,2.0,0.6903902888298035,0.0015553629491478205
DQN,65,final,214,3214,0.18908842086791994,2.0,2.0,0.5305435061454773,0.0002449985040584579
DQN,65,final,215,3215,0.14288090348243715,2.0,2.0,0.3058478832244873,0.0004253188817529008
DQN,65,final,216,3216,0.09000000000000001,1.0,1.0,0.43783876299858093,0.0002641830942593515
DQN,65,final,217,3217,-0.24643290042877197,10.0,3.0,0.7689828872680664,0.0003057808935409412
DQN,65,final,218,3218,0.06146110773086549,2.0,2.0,0.5786781311035156,0.00031605182448402047
DQN,65,final,219,3219,0.17847378730773927,2.0,2.0,0.8906413316726685,0.0004215658700559288
DQN,65,final,220,3220,0.30857517004013063,2.0,2.0,0.9924225211143494,0.00023257559951161966
DQN,65,final,221,3221,0.09000000000000001,1.0,1.0,0.7811228036880493,0.0010720515856519341
DQN,65,final,222,3222,0.012211888730525977,3.0,3.0,0.12369569391012192,0.0004029861156595871
DQN,65,final,223,3223,0.17095904231071474,2.0,2.0,0.4742140471935272,0.0003294086782261729
DQN,65,final,224,3224,0.09000000000000001,1.0,1.0,0.047643933445215225,0.0002649161033332348
DQN,65,final,225,3225,0.09000000000000001,1.0,1.0,0.351237028837204,0.000279538391623646
DQN,65,final,226,3226,0.09000000000000001,1.0,1.0,0.6419777870178223,0.000330676935845986
DQN,65,final,227,3227,0.0797028708457947,2.0,2.0,0.1625891625881195,0.00023366917594103143
DQN,65,final,228,3228,0.23894370317459107,3.0,3.0,0.7780254483222961,0.0002818738187973698
DQN,65,final,229,3229,0.09000000000000001,1.0,1.0,0.43085891008377075,0.0004422917263582349
DQN,65,final,230,3230,0.11755456209182741,2.0,2.0,0.2695719599723816,0.0003092344559263438
DQN,65,final,231,3231,0.1645162868499756,2.0,2.0,0.8725680112838745,0.0002167842903872952
DQN,65,final,232,3232,0.08485509634017946,2.0,2.0,0.25017234683036804,0.0002195017150370404
DQN,65,final,233,3233,-0.08558331251144409,2.0,2.0,0.4372510015964508,0.00025489226391073316
DQN,65,final,234,3234,0.10426734566688539,2.0,2.0,0.30541282892227173,0.0004139977536397055
DQN,65,final,235,3235,0.26385142087936403,2.0,2.0,0.8503502011299133,0.00043468992225825787
DQN,65,final,236,3236,0.1318612861633301,2.0,2.0,1.147732138633728,0.0006083978805691004
DQN,65,final,237,3237,0.04444301843643189,3.0,3.0,0.31563177704811096,0.00036953924184975523
DQN,65,final,238,3238,0.1351380443572998,4.0,3.0,0.8598597645759583,0.00019924933440051973
DQN,65,final,239,3239,0.5261965465545654,3.0,3.0,1.1278929710388184,0.0003112833170841138
DQN,65,final,240,3240,0.09000000000000001,1.0,1.0,0.3184579908847809,0.0003148392715957016
DQN,65,final,241,3241,0.09000000000000001,1.0,1.0,0.7623541951179504,0.00032203379669226706
DQN,65,final,242,3242,0.09000000000000001,1.0,1.0,0.527502715587616,0.00012621207861229777
DQN,65,final,243,3243,-0.08826839685440065,6.0,4.0,0.6421107649803162,0.0006236621726808759
DQN,65,final,244,3244,0.037017987966537484,2.0,2.0,0.23879919946193695,0.001301932890783064
DQN,65,final,245,3245,0.038088340759277355,3.0,2.0,0.9456252455711365,0.00036183119906733435
DQN,65,final,246,3246,0.18642175912857056,3.0,3.0,0.7267679572105408,0.0003044322074856609
DQN,65,final,247,3247,0.1306986975669861,2.0,2.0,0.3217983841896057,0.0010210206746705808
DQN,65,final,248,3248,0.026574747562408463,2.0,2.0,0.8539765477180481,0.000500735521200113
DQN,65,final,249,3249,0.09000000000000001,1.0,1.0,0.43051856756210327,0.0002393490867689252
DQN,65,final,250,3250,0.07150934815406801,2.0,2.0,0.2949700355529785,0.0013425314973574132
DQN,65,final,251,3251,0.09000000000000001,1.0,1.0,0.3113873302936554,0.00038723641773685813
DQN,65,final,252,3252,0.2762571144104004,2.0,2.0,0.7547219395637512,0.000590912633924745
DQN,65,final,253,3253,0.27743585586547853,2.0,2.0,0.807869553565979,0.0002688693057280034
DQN,65,final,254,3254,0.09000000000000001,1.0,1.0,0.4558747708797455,0.00022948610421735793
DQN,65,final,255,3255,0.09000000000000001,1.0,1.0,0.15504075586795807,0.0003660567454062402
DQN,65,final,256,3256,0.3127665090560913,2.0,2.0,1.1410980224609375,0.000380725774448365
DQN,65,final,257,3257,0.09000000000000001,1.0,1.0,0.0908920019865036,0.000581799482461065
DQN,65,final,258,3258,0.06451960086822511,2.0,2.0,0.6285700798034668,0.0009868901761365123
DQN,65,final,259,3259,0.16932804107666016,3.0,3.0,0.6568158864974976,0.0005318363352368275
DQN,65,final,260,3260,0.14945799827575684,3.0,3.0,0.8550161719322205,0.0004071972022453944
DQN,65,final,261,3261,0.12250022768974306,2.0,2.0,0.4455481469631195,0.000336064855218865
DQN,65,final,262,3262,0.09000000000000001,1.0,1.0,0.21650181710720062,0.0005135677056387067
DQN,65,final,263,3263,0.09000000000000001,1.0,1.0,0.24365629255771637,0.00046496675349771976
DQN,65,final,264,3264,0.000147582888603226,2.0,2.0,0.26458290219306946,0.0010411068797111511
DQN,65,final,265,3265,0.17878910064697268,4.0,2.0,0.7798590064048767,0.0004157685107202269
DQN,65,final,266,3266,0.034256117343902596,2.0,2.0,0.4637559950351715,0.0004573814803734422
DQN,65,final,267,3267,0.09000000000000001,1.0,1.0,0.753993570804596,0.00039550699875690043
DQN,65,final,268,3268,0.09000000000000001,1.0,1.0,0.7113824486732483,0.000535137893166393
DQN,65,final,269,3269,0.026079730987548844,2.0,2.0,0.3355948328971863,0.0006498324073618278
DQN,65,final,270,3270,0.11645315766334535,2.0,2.0,0.330779492855072,0.0005822519597131759
DQN,65,final,271,3271,0.259155707359314,2.0,2.0,0.6480397582054138,0.0005548868648475036
DQN,65,final,272,3272,0.07589704751968385,4.0,3.0,0.924491286277771,0.0004134032569709234
DQN,65,final,273,3273,0.012280987501144425,2.0,2.0,0.3394133746623993,0.0007613863272126764
DQN,65,final,274,3274,0.09000000000000001,1.0,1.0,0.12315187603235245,0.0008373683667741716
DQN,65,final,275,3275,0.1379807460308075,2.0,2.0,0.42402955889701843,0.0004684620216721669
DQN,65,final,276,3276,0.13074802041053774,2.0,2.0,0.4454377293586731,0.0003889219806296751
DQN,65,final,277,3277,0.12546236038208008,3.0,3.0,0.7277770638465881,0.0004544627057233204
DQN,65,final,278,3278,-0.36333245038986206,10.0,3.0,0.6243005394935608,0.0005985474679619073
DQN,65,final,279,3279,0.09000000000000001,1.0,1.0,0.27309414744377136,0.0003021206066478044
DQN,65,final,280,3280,0.09000000000000001,1.0,1.0,0.31361910700798035,0.0005136649706400931
DQN,65,final,281,3281,0.09000000000000001,1.0,1.0,0.30427879095077515,0.0002888634044211358
DQN,65,final,282,3282,0.023392267227172858,3.0,3.0,0.8228349089622498,0.00044506554938076687
DQN,65,final,283,3283,0.07317299604415894,4.0,3.0,0.8890194296836853,0.00035209394627599977
DQN,65,final,284,3284,0.23059386730194092,3.0,3.0,0.8317834734916687,0.000343251531982484
DQN,65,final,285,3285,0.1940318512916565,2.0,2.0,0.22930797934532166,0.0006365750668919645
DQN,65,final,286,3286,-0.7076528549194337,10.0,2.0,1.1693131923675537,0.0003566840823623352
DQN,65,final,287,3287,-0.4807500207424164,9.0,2.0,0.5439482927322388,0.00029145749350492324
DQN,65,final,288,3288,0.1470907497406006,2.0,2.0,1.3947983980178833,0.00044437707401812077
DQN,65,final,289,3289,0.32760016798973085,2.0,2.0,0.39025476574897766,0.000339659905876033
DQN,65,final,290,3290,0.24771695137023925,5.0,5.0,0.7536942362785339,0.0002649968082550913
DQN,65,final,291,3291,-0.0011733007431030118,2.0,2.0,0.5633646249771118,0.0012624615264940076
DQN,65,final,292,3292,0.025603671073913578,3.0,2.0,0.7581759095191956,0.00032684274871523183
DQN,65,final,293,3293,-0.08990039706230162,3.0,3.0,0.5396470427513123,0.0002711639681365341
DQN,65,final,294,3294,0.04611332893371583,2.0,2.0,0.923836886882782,0.00026206123584415764
DQN,65,final,295,3295,0.12153001308441164,2.0,2.0,0.3105715215206146,0.00027359284285921603
DQN,65,final,296,3296,0.06593905568122865,2.0,2.0,0.30115363001823425,0.0003766657755477354
DQN,65,final,297,3297,0.04836614608764649,2.0,2.0,1.1644071340560913,0.00018333254411118105
DQN,65,final,298,3298,0.13140507221221925,2.0,2.0,0.6732164025306702,0.0002901352636399679
DQN,65,final,299,3299,0.2213821578025818,2.0,2.0,0.7694765329360962,0.0006002032459946349
DQN,65,final,300,3300,0.09000000000000001,1.0,1.0,0.28023433685302734,0.00011241165339015424
DQN,65,final,301,3301,0.09000000000000001,1.0,1.0,0.4156236946582794,0.00041620770934969187
DQN,65,final,302,3302,0.3134340810775757,2.0,2.0,0.8719497919082642,0.000494594729389064
DQN,65,final,303,3303,0.06006063699722291,2.0,2.0,0.4386557936668396,0.00024961507733678445
DQN,65,final,304,3304,0.06120519518852235,2.0,2.0,0.4278082549571991,0.0004259532506694086
DQN,65,final,305,3305,0.09000000000000001,1.0,1.0,0.20708845555782318,0.00029915827326476574
DQN,65,final,306,3306,0.09000000000000001,1.0,1.0,0.41552743315696716,0.0002324506058357656
DQN,65,final,307,3307,0.07969451665878297,3.0,3.0,0.7844651937484741,0.00041648758148464066
DQN,65,final,308,3308,0.21764721155166628,2.0,2.0,0.5111439228057861,0.0009807819296838716
DQN,65,final,309,3309,0.08087302207946778,4.0,3.0,0.878693699836731,0.00032863955493667163
DQN,65,final,310,3310,0.004323635697364811,3.0,2.0,0.16944871842861176,0.0004419335164129734
DQN,65,final,311,3311,0.09000000000000001,1.0,1.0,0.17495180666446686,0.00022372175590135157
DQN,65,final,312,3312,0.19570167541503908,2.0,2.0,0.9075280427932739,0.0002795107284327969
DQN,65,final,313,3313,0.2807309103012085,3.0,3.0,0.5783697366714478,0.00037549013601771247
DQN,65,final,314,3314,-0.3786494731903076,10.0,3.0,1.6476259231567383,0.00048369700089097024
DQN,65,final,315,3315,0.16689379692077638,2.0,2.0,0.8827827572822571,0.0006436267285607755
DQN,65,final,316,3316,0.11469145298004152,2.0,2.0,0.612087070941925,0.00033666893432382494
DQN,65,final,317,3317,0.26542360305786133,3.0,3.0,0.6109099388122559,0.0002795627563803767
DQN,65,final,318,3318,0.5043957304954528,3.0,3.0,0.7839934229850769,0.0009214589954353869
DQN,65,final,319,3319,0.24117191314697267,2.0,2.0,0.9362524747848511,0.00037343082658480853
DQN,65,final,320,3320,-0.4440605640411377,10.0,3.0,0.43318942189216614,0.0004340391373261809
DQN,65,final,321,3321,0.3693444800376892,3.0,3.0,0.7281901240348816,0.0006551707338076085
DQN,65,final,322,3322,0.08290179252624513,2.0,2.0,0.7112459540367126,0.0003084432682953775
DQN,65,final,323,3323,0.14569701433181764,2.0,2.0,0.9987562298774719,0.00025637567159719765
DQN,65,final,324,3324,0.09000000000000001,1.0,1.0,0.39878198504447937,0.00016810550005175173
DQN,65,final,325,3325,0.06730504512786867,2.0,2.0,0.5802613496780396,0.0006166222592582926
DQN,65,final,326,3326,0.14866420805454256,2.0,2.0,0.1821996122598648,0.0009417318360647187
DQN,65,final,327,3327,0.09000000000000001,1.0,1.0,0.6694279313087463,0.0003503011248540133
DQN,65,final,328,3328,0.11349647998809816,4.0,4.0,0.5623950958251953,0.00042025114089483395
DQN,65,final,329,3329,0.12447507858276369,2.0,2.0,0.38374853134155273,0.0006389958143699914
DQN,65,final,330,3330,0.30724640369415285,2.0,2.0,0.6866331696510315,0.0003306387225165963
DQN,65,final,331,3331,0.09000000000000001,1.0,1.0,0.23700645565986633,0.00019938462355639786
DQN,65,final,332,3332,-0.25385276556015013,8.0,3.0,0.9911817312240601,0.00031743180988996755
DQN,65,final,333,3333,0.09000000000000001,1.0,1.0,0.760403573513031,0.0003257625503465533
DQN,65,final,334,3334,-0.013736091852188104,3.0,3.0,0.5411301255226135,0.0007080987949545184
DQN,65,final,335,3335,0.09000000000000001,1.0,1.0,0.5715265274047852,0.0002393744798609987
DQN,65,final,336,3336,0.15382887601852419,2.0,2.0,0.6647177934646606,0.0003638092093751766
DQN,65,final,337,3337,0.15444894313812257,2.0,2.0,0.8266250491142273,0.001013746514217928
DQN,65,final,338,3338,0.08583016872406007,2.0,2.0,1.1236928701400757,0.0005389838115661405
DQN,65,final,339,3339,0.25547547817230226,2.0,2.0,1.0457351207733154,0.00019351857918081805
DQN,65,final,340,3340,0.09000000000000001,1.0,1.0,0.31024274230003357,0.0033653941936790943
DQN,65,final,341,3341,0.5347910594940185,3.0,3.0,0.7198485136032104,0.00044217577669769526
DQN,65,final,342,3342,0.20015707254409792,6.0,2.0,0.637566864490509,0.0005002279455463091
DQN,65,final,343,3343,0.364616231918335,2.0,2.0,1.4027913808822632,0.0004493532032938674
DQN,65,final,344,3344,0.2727992010116577,3.0,3.0,0.8216557502746582,0.0003298127364056806
DQN,65,final,345,3345,0.09000000000000001,1.0,1.0,0.6012923121452332,0.00033947141491807997
DQN,65,final,346,3346,0.024811933040618905,4.0,3.0,0.6990633010864258,0.004279778775526211
DQN,65,final,347,3347,-0.6542686820030212,10.0,3.0,1.0206230878829956,0.001622376826708205
DQN,65,final,348,3348,0.09000000000000001,1.0,1.0,0.11629761755466461,0.0007483771769329906
DQN,65,final,349,3349,0.16408679604530335,3.0,3.0,0.4955753982067108,0.0005777227343060076
DQN,65,final,350,3350,0.17050422906875612,2.0,2.0,0.8663151860237122,0.0005370112776290625
DQN,65,final,351,3351,0.0796437978744507,5.0,3.0,0.5210109353065491,0.0005026928556617349
DQN,65,final,352,3352,0.1827118468284607,3.0,3.0,0.843463122844696,0.00046522016054950655
DQN,65,final,353,3353,-0.38967798233032225,8.0,3.0,0.4209362864494324,0.0005941882081970107
DQN,65,final,354,3354,0.09000000000000001,1.0,1.0,0.6662369966506958,0.0005216041463427246
DQN,65,final,355,3355,0.09000000000000001,1.0,1.0,0.692590594291687,0.0007080358918756247
DQN,65,final,356,3356,-0.05412037491798401,2.0,2.0,0.44495296478271484,0.0022645865101367235
DQN,65,final,357,3357,0.09000000000000001,1.0,1.0,0.1984148919582367,0.00040466891368851066
DQN,65,final,358,3358,0.3583913612365723,2.0,2.0,0.5184735059738159,0.000528999516973272
DQN,65,final,359,3359,0.19362743377685548,2.0,2.0,0.2684110999107361,0.00036184619239065796
DQN,65,final,360,3360,0.11133672475814821,2.0,2.0,0.6071408987045288,0.0010974806064041331
DQN,65,final,361,3361,-0.3734305024147034,10.0,4.0,0.4203561842441559,0.0004037519887788221
DQN,65,final,362,3362,0.12344743490219118,2.0,2.0,0.7911196947097778,0.0005592304369201884
DQN,65,final,363,3363,0.26661904335021974,2.0,2.0,0.5417136549949646,0.00027342387329554185
DQN,65,final,364,3364,-0.029454870223999008,2.0,2.0,0.5465936660766602,0.005647915284498595
DQN,65,final,365,3365,0.09000000000000001,1.0,1.0,0.30905261635780334,0.00031101692002266645
DQN,65,final,366,3366,0.05846912384033204,3.0,3.0,0.38276031613349915,0.00036837346851825714
DQN,65,final,367,3367,0.09000000000000001,1.0,1.0,0.1299692541360855,0.0006438193959183991
DQN,65,final,368,3368,-0.1178531575202942,3.0,3.0,1.013121247291565,0.0006493676240400722
DQN,65,final,369,3369,0.0795657801628113,2.0,2.0,0.8678773045539856,0.0006932958931429312
DQN,65,final,370,3370,0.09000000000000001,1.0,1.0,0.1892685443162918,0.0006408999906852841
DQN,65,final,371,3371,0.22356719493865967,3.0,3.0,1.0951340198516846,0.0008312991121783853
DQN,65,final,372,3372,0.09000000000000001,1.0,1.0,0.25285372138023376,0.000179932831088081
DQN,65,final,373,3373,0.09000000000000001,1.0,1.0,0.49517059326171875,0.0007064857054501772
DQN,65,final,374,3374,0.18114115476608278,2.0,2.0,0.9565228819847107,0.0005599519645329565
DQN,65,final,375,3375,0.09000000000000001,1.0,1.0,0.20464086532592773,0.000405936996685341
DQN,65,final,376,3376,0.2559864592552185,3.0,3.0,0.8636268973350525,0.0014653922407887876
DQN,65,final,377,3377,0.3425400424003601,2.0,2.0,0.7793826460838318,0.0003357326932018623
DQN,65,final,378,3378,0.23258899331092836,2.0,2.0,0.4473384916782379,0.0004787478828802705
DQN,65,final,379,3379,0.0324687433242798,3.0,3.0,0.7393218874931335,0.000796894853313764
DQN,65,final,380,3380,0.0749033558368683,2.0,2.0,0.4582369923591614,0.0005900130927329883
DQN,65,final,381,3381,0.19594182252883913,2.0,2.0,0.6533133387565613,0.00039804651169106364
DQN,65,final,382,3382,0.09000000000000001,1.0,1.0,0.07407037168741226,0.0003746965085156262
DQN,65,final,383,3383,0.09890343427658083,2.0,2.0,0.9498800039291382,0.00047077015915419906
DQN,65,final,384,3384,-0.02792114794254301,3.0,3.0,0.294462114572525,0.00045043163117952645
DQN,65,final,385,3385,0.09000000000000001,1.0,1.0,0.3082665503025055,0.000419414573116228
DQN,65,final,386,3386,0.24166781425476075,3.0,3.0,0.517200767993927,0.0003685791452880949
DQN,65,final,387,3387,0.22604055881500246,2.0,2.0,0.7309237122535706,0.0007677823450649157
DQN,65,final,388,3388,0.13978453159332277,2.0,2.0,0.6714487671852112,0.00041416293242946267
DQN,65,final,389,3389,0.048928754329681405,2.0,2.0,0.871240496635437,0.0002678256350918673
DQN,65,final,390,3390,-0.4525660753250122,10.0,2.0,1.1649353504180908,0.0008491145810694434
DQN,65,final,391,3391,0.09000000000000001,1.0,1.0,0.8407827019691467,0.00037538795731961727
DQN,65,final,392,3392,0.09000000000000001,1.0,1.0,0.36322253942489624,0.00024945251061581075
DQN,65,final,393,3393,0.1935571599006653,2.0,2.0,0.6868554353713989,0.0005205310299061239
DQN,65,final,394,3394,0.09000000000000001,1.0,1.0,0.3134383261203766,0.0006776376394554973
DQN,65,final,395,3395,-0.1858385705947876,4.0,3.0,1.1372737884521484,0.0005389234065660276
DQN,65,final,396,3396,0.2716763186454773,2.0,2.0,0.744456946849823,0.00032086103601614013
DQN,65,final,397,3397,0.09000000000000001,1.0,1.0,0.3309386074542999,0.00028590147849172354
DQN,65,final,398,3398,0.20250351905822755,2.0,2.0,0.9768790006637573,0.0008769865817157552
DQN,65,final,399,3399,0.09000000000000001,1.0,1.0,0.6633967161178589,0.00028979452326893806
DQN,65,final,400,3400,0.2362137007713318,2.0,2.0,0.8535744547843933,0.000401264798711054
DQN,65,final,401,3401,0.14390982866287233,2.0,2.0,0.7164567708969116,0.00041132101614493877
DQN,65,final,402,3402,0.09000000000000001,1.0,1.0,0.2830265462398529,0.0002263034402858466
DQN,65,final,403,3403,0.2542806339263916,3.0,3.0,0.8252096176147461,0.0004174056036087374
DQN,65,final,404,3404,0.21473266363143922,2.0,2.0,0.6595116853713989,0.0003313800480100326
DQN,65,final,405,3405,-0.054583979845046995,2.0,2.0,0.5373963713645935,0.0005287746607791632
DQN,65,final,406,3406,0.09000000000000001,1.0,1.0,0.19234712421894073,0.0003049238002859056
DQN,65,final,407,3407,0.09000000000000001,1.0,1.0,0.7480139136314392,0.0002465648576617241
DQN,65,final,408,3408,0.1385843324661255,2.0,2.0,0.48908549547195435,0.00043140164052601904
DQN,65,final,409,3409,0.15030546665191652,2.0,2.0,0.5987499356269836,0.00032554345671087503
DQN,65,final,410,3410,-0.09246649622917173,3.0,3.0,0.6361547112464905,0.0003901679301634431
DQN,65,final,411,3411,0.08527411699295045,2.0,2.0,0.7861975431442261,0.0005393809988163412
DQN,65,final,412,3412,0.07848699808120728,3.0,2.0,0.6984406113624573,0.0022364024431832754
DQN,65,final,413,3413,0.29189963817596437,2.0,2.0,0.5999523401260376,0.003955659456551075
DQN,65,final,414,3414,0.10128713369369508,3.0,3.0,0.5454598069190979,0.0003165038991331433
DQN,65,final,415,3415,0.18904439330101014,3.0,3.0,0.20287251472473145,0.0006380586904318383
DQN,65,final,416,3416,0.04775946021080018,2.0,2.0,0.2700558304786682,0.0006965287757338956
DQN,65,final,417,3417,0.09000000000000001,1.0,1.0,0.5670099854469299,0.0005208603106439114
DQN,65,final,418,3418,0.30784250974655153,2.0,2.0,0.9925734400749207,0.0006890354270581156
DQN,65,final,419,3419,0.09000000000000001,1.0,1.0,0.31858131289482117,0.00031840632436797023
DQN,65,final,420,3420,0.09000000000000001,1.0,1.0,0.44007357954978943,0.003628719598054886
DQN,65,final,421,3421,0.09000000000000001,1.0,1.0,0.6245928406715393,0.0003216658078599721
DQN,65,final,422,3422,0.09000000000000001,1.0,1.0,0.8494343757629395,0.00035476486664265394
DQN,65,final,423,3423,0.09000000000000001,1.0,1.0,0.16158993542194366,0.0007979199290275574
DQN,65,final,424,3424,0.05452193498611451,2.0,2.0,0.38038918375968933,0.00040486647048965096
DQN,65,final,425,3425,0.22272741794586187,5.0,4.0,1.2442057132720947,0.0005418620188720524
DQN,65,final,426,3426,0.09000000000000001,1.0,1.0,0.3051856458187103,0.00034423405304551125
DQN,65,final,427,3427,0.09000000000000001,1.0,1.0,0.38636574149131775,0.0006941465544514358
DQN,65,final,428,3428,0.12572761058807375,2.0,2.0,0.8346154093742371,0.0004423214413691312
DQN,65,final,429,3429,0.27056700706481934,3.0,3.0,0.9146393537521362,0.0004531774514665206
DQN,65,final,430,3430,0.28323326468467713,4.0,3.0,0.3238588869571686,0.0004281056171748787
DQN,65,final,431,3431,0.09000000000000001,1.0,1.0,0.06352310627698898,0.00037461979081854224
DQN,65,final,432,3432,0.2845414447784424,2.0,2.0,0.6370256543159485,0.0007704622257733718
DQN,65,final,433,3433,0.09086055278778077,3.0,3.0,0.3312095105648041,0.0003770922970337172
DQN,65,final,434,3434,0.1245683002471924,2.0,2.0,0.6303960680961609,0.0008577867702115327
DQN,65,final,435,3435,0.09000000000000001,1.0,1.0,0.22088681161403656,0.0006589438999071717
DQN,65,final,436,3436,0.09000000000000001,1.0,1.0,0.6062729954719543,0.00040217433706857264
DQN,65,final,437,3437,0.031999008655548104,2.0,2.0,0.9580736756324768,0.0003934933483833447
DQN,65,final,438,3438,0.09000000000000001,1.0,1.0,0.31365546584129333,0.0003142849600408226
DQN,65,final,439,3439,0.1192236113548279,2.0,2.0,0.7594648599624634,0.00037844049802515656
DQN,65,final,440,3440,0.09000000000000001,1.0,1.0,0.7113384008407593,0.0002987481711897999
DQN,65,final,441,3441,-0.0667468535900116,3.0,3.0,0.403089702129364,0.00027036220611383516
DQN,65,final,442,3442,0.14854075193405153,2.0,2.0,0.6851674318313599,0.00047821005864534527
DQN,65,final,443,3443,0.19166369915008546,2.0,2.0,0.3813626170158386,0.0003882070304825902
DQN,65,final,444,3444,0.07309759378433228,3.0,3.0,0.32417741417884827,0.0003207034800046434
DQN,65,final,445,3445,0.1538506317138672,2.0,2.0,0.7413187026977539,0.0007116333435988054
DQN,65,final,446,3446,0.13332826614379883,3.0,3.0,0.7829524278640747,0.0005821138377844667
DQN,65,final,447,3447,0.09000000000000001,1.0,1.0,0.16873446106910706,0.0002877619117498398
DQN,65,final,448,3448,0.04387261152267457,2.0,2.0,0.9469622373580933,0.0003629663697211072
DQN,65,final,449,3449,-0.5607177942991257,10.0,2.0,0.1995842158794403,0.000351039893575944
DQN,65,final,450,3450,0.156645188331604,4.0,3.0,1.1059983968734741,0.0002650559981702827
DQN,65,final,451,3451,0.07388532876968386,3.0,3.0,0.8622024655342102,0.00024532011108628166
DQN,65,final,452,3452,0.23855990171432495,5.0,4.0,0.8436927199363708,0.00026670921652112157
DQN,65,final,453,3453,0.13948621273040773,3.0,2.0,1.0918759107589722,0.0003129349012548725
DQN,65,final,454,3454,0.09000000000000001,1.0,1.0,0.23175932466983795,0.0002121224970323965
DQN,65,final,455,3455,0.09000000000000001,1.0,1.0,0.08868591487407684,0.0002720225602388382
DQN,65,final,456,3456,0.015099284648895275,4.0,4.0,0.8518914580345154,0.00016486404274473898
DQN,65,final,457,3457,0.1342248296737671,4.0,4.0,0.33593279123306274,0.0008904730275389738
DQN,65,final,458,3458,0.24418588161468507,2.0,2.0,1.0294898748397827,0.0006830630882177502
DQN,65,final,459,3459,0.2221160697937012,2.0,2.0,0.5878381729125977,0.00021572396508418024
DQN,65,final,460,3460,-0.4412913203239441,10.0,2.0,0.6755949258804321,0.0006939879473065958
DQN,65,final,461,3461,0.020517485141754166,2.0,2.0,0.3079671561717987,0.0003981761838076636
DQN,65,final,462,3462,0.08131946802139284,2.0,2.0,0.7563322186470032,0.00019993623573100194
DQN,65,final,463,3463,0.09000000000000001,1.0,1.0,0.1188950315117836,0.00036912778159603477
DQN,65,final,464,3464,0.15841050624847414,2.0,2.0,0.9760885238647461,0.0002663721170392819
DQN,65,final,465,3465,0.17588467121124268,3.0,3.0,1.1906286478042603,0.00024055994678443918
DQN,65,final,466,3466,0.17785346269607546,4.0,4.0,0.8053203225135803,0.0034224674818688072
DQN,65,final,467,3467,0.08849589824676515,5.0,5.0,0.6564860939979553,0.0004928976006340236
DQN,65,final,468,3468,-0.02425275564193724,2.0,2.0,0.7239617109298706,0.0007560019148513675
DQN,65,final,469,3469,0.09000000000000001,1.0,1.0,0.8438702821731567,0.0005808896967209876
DQN,65,final,470,3470,-0.09771759629249573,2.0,2.0,0.3948945105075836,0.0006010776560287923
DQN,65,final,471,3471,0.09000000000000001,1.0,1.0,0.1641155183315277,0.0006209260318428278
DQN,65,final,472,3472,0.0015014505386352628,4.0,3.0,0.8061741590499878,0.000542508190847002
DQN,65,final,473,3473,0.09000000000000001,1.0,1.0,0.3920827805995941,0.0007328780484385788
DQN,65,final,474,3474,0.24504650592803956,4.0,3.0,1.0611741542816162,0.0005811711489513982
DQN,65,final,475,3475,-0.47050248384475707,10.0,2.0,0.5240656733512878,0.0005687032651621848
DQN,65,final,476,3476,0.2324501442909241,2.0,2.0,0.36575740575790405,0.0006562627095263451
DQN,65,final,477,3477,0.29635746955871584,2.0,2.0,1.0251531600952148,0.0006372318166540936
DQN,65,final,478,3478,0.13001078367233276,5.0,4.0,0.6660928130149841,0.0007771070639137178
DQN,65,final,479,3479,-0.44160550832748413,10.0,3.0,0.9996197819709778,0.00042831941973417995
DQN,65,final,480,3480,-0.11219590902328491,10.0,3.0,0.8522185683250427,0.0005250910384347662
DQN,65,final,481,3481,0.11587415814399721,2.0,2.0,0.33144107460975647,0.0007747578347334638
DQN,65,final,482,3482,0.09000000000000001,1.0,1.0,0.4723328948020935,0.0005181562737561762
DQN,65,final,483,3483,0.09000000000000001,1.0,1.0,0.18622374534606934,0.0005749783013015985
DQN,65,final,484,3484,0.1393743920326233,2.0,2.0,0.5879328846931458,0.000283417000900954
DQN,65,final,485,3485,0.017700480222702042,2.0,2.0,0.3536584675312042,0.00032338038727175444
DQN,65,final,486,3486,0.09000000000000001,1.0,1.0,0.35511425137519836,0.0002909170289058238
DQN,65,final,487,3487,0.09000000000000001,1.0,1.0,0.5815505981445312,0.0006158050382509828
DQN,65,final,488,3488,0.09000000000000001,1.0,1.0,0.35884398221969604,0.0002528980257920921
DQN,65,final,489,3489,0.19323255300521852,2.0,2.0,0.5922055244445801,0.0004957270793966018
DQN,65,final,490,3490,0.10657550573349,2.0,2.0,0.4357745349407196,0.00025076073507079855
DQN,65,final,491,3491,0.06662888526916505,5.0,3.0,0.8516225218772888,0.000298649410251528
DQN,65,final,492,3492,0.03426326990127564,2.0,2.0,0.9688843488693237,0.00024682193907210603
DQN,65,final,493,3493,0.09000000000000001,1.0,1.0,0.6383790373802185,0.0006786352023482323
DQN,65,final,494,3494,0.13088990926742555,2.0,2.0,0.7556764483451843,0.00038238242268562317
DQN,65,final,495,3495,0.09000000000000001,1.0,1.0,0.2231440544128418,0.0003298116789665073
DQN,65,final,496,3496,0.1901517677307129,2.0,2.0,0.8629335165023804,0.00040817540138959885
DQN,65,final,497,3497,-0.21863402366638185,9.0,6.0,0.8060012459754944,0.0004368468912111388
DQN,65,final,498,3498,0.3207561242580414,2.0,2.0,0.35799744725227356,0.00033965033071581274
DQN,65,final,499,3499,0.19548376083374025,2.0,2.0,1.151530385017395,0.0003201086656190455
DQN,65,final,500,3500,0.2502058815956116,3.0,3.0,0.7032780647277832,0.0003726261396271487
DQN,65,final,501,3501,-0.040703337192535397,3.0,2.0,0.603655219078064,0.00036344018978221965
DQN,65,final,502,3502,0.09000000000000001,1.0,1.0,0.32445451617240906,0.0006556145963259041
DQN,65,final,503,3503,0.26366676568984987,2.0,2.0,0.4792550206184387,0.000532940641278401
DQN,65,final,504,3504,0.1130566167831421,2.0,2.0,0.5522659420967102,0.0003295547212474048
DQN,65,final,505,3505,0.2632123899459839,3.0,3.0,0.5775691270828247,0.00041276812165354687
DQN,65,final,506,3506,0.49921102046966553,3.0,3.0,0.617721438407898,0.0004383657069411129
DQN,65,final,507,3507,0.11800564289093018,4.0,3.0,0.7609636187553406,0.0008278198729385622
DQN,65,final,508,3508,0.09000000000000001,1.0,1.0,0.14591923356056213,0.0004037924809381366
DQN,65,final,509,3509,0.09000000000000001,1.0,1.0,0.8800168037414551,0.0012857489055022597
DQN,65,final,510,3510,0.31027830362319947,3.0,3.0,0.961553156375885,0.001149234507465735
DQN,65,final,511,3511,0.2240938711166382,2.0,2.0,0.42434024810791016,0.00043059090967290103
DQN,65,final,512,3512,0.09000000000000001,1.0,1.0,0.0866168662905693,0.00030385414720512927
DQN,65,final,513,3513,0.09000000000000001,1.0,1.0,0.4552052319049835,0.0002911186311393976
DQN,65,final,514,3514,0.1630296277999878,2.0,2.0,0.5821756720542908,0.00024977635621326044
DQN,65,final,515,3515,0.09000000000000001,1.0,1.0,0.268974632024765,0.0005994655075483024
DQN,65,final,516,3516,0.09000000000000001,1.0,1.0,0.16891933977603912,0.0008291866397485137
DQN,65,final,517,3517,0.2578926753997803,3.0,3.0,0.6254387497901917,0.0018596428950938086
DQN,65,final,518,3518,0.28006269216537477,2.0,2.0,0.7284946441650391,0.0018974769045598805
DQN,65,final,519,3519,0.09000000000000001,1.0,1.0,0.37854066491127014,0.0005046683945693076
DQN,65,final,520,3520,-0.5370097637176514,10.0,2.0,1.1673139333724976,0.0005120648420415819
DQN,65,final,521,3521,0.09000000000000001,1.0,1.0,0.15708349645137787,0.0010885274969041348
DQN,65,final,522,3522,0.17234422445297243,2.0,2.0,0.7974759936332703,0.0005539054400287569
DQN,65,final,523,3523,0.3623240065574646,3.0,3.0,0.9629954695701599,0.0003563218827669819
DQN,65,final,524,3524,0.06315447330474855,6.0,3.0,0.9386724233627319,0.0004386915194724376
DQN,65,final,525,3525,0.03826087892055512,2.0,2.0,0.23269455134868622,0.0008977849065558985
DQN,65,final,526,3526,0.18158109664916994,2.0,2.0,0.700497031211853,0.0004769690567627549
DQN,65,final,527,3527,0.11720343828201293,5.0,2.0,0.725727379322052,0.0007669699203688652
DQN,65,final,528,3528,0.1627293395996094,2.0,2.0,0.6092292666435242,0.0003414548991713673
DQN,65,final,529,3529,0.027056651115417496,2.0,2.0,1.0626087188720703,0.0007970580918481573
DQN,65,final,530,3530,0.15101780652999877,4.0,2.0,0.7872215509414673,0.0004679703852161765
DQN,65,final,531,3531,0.09000000000000001,1.0,1.0,0.20370258390903473,0.0005271180998533964
DQN,65,final,532,3532,0.09000000000000001,1.0,1.0,0.4170496165752411,0.0009687163983471692
DQN,65,final,533,3533,0.17668976068496706,2.0,2.0,0.9270951151847839,0.0005659742309944704
DQN,65,final,534,3534,0.054359601736068734,2.0,2.0,0.13330301642417908,0.0003207194749847986
DQN,65,final,535,3535,0.09000000000000001,1.0,1.0,0.18580284714698792,0.0005953180370852351
DQN,65,final,536,3536,0.09000000000000001,1.0,1.0,0.5637442469596863,0.0009941279422491789
DQN,65,final,537,3537,0.09000000000000001,1.0,1.0,0.33121544122695923,0.0002779185597319156
DQN,65,final,538,3538,0.1256606149673462,2.0,2.0,0.2974444329738617,0.0003370963386259973
DQN,65,final,539,3539,0.126890527009964,2.0,2.0,0.28414443135261536,0.00032906068372540176
DQN,65,final,540,3540,0.13935639142990114,2.0,2.0,0.7019068598747253,0.0016965154791250825
DQN,65,final,541,3541,0.09000000000000001,1.0,1.0,0.4283774197101593,0.00046563296928070486
DQN,65,final,542,3542,0.09000000000000001,1.0,1.0,0.1894351989030838,0.0003826578031294048
DQN,65,final,543,3543,0.07490290880203249,2.0,2.0,0.6274231672286987,0.00035668314376380295
DQN,65,final,544,3544,0.1899025309085846,2.0,2.0,0.3721415400505066,0.00035522814141586423
DQN,65,final,545,3545,0.15656713366508485,3.0,3.0,0.3580801784992218,0.0007965570160498222
DQN,65,final,546,3546,0.21046038150787355,2.0,2.0,0.5211737751960754,0.00035339345049578696
DQN,65,final,547,3547,-0.5808455228805542,10.0,2.0,0.9069424271583557,0.00039476918027503416
DQN,65,final,548,3548,0.09000000000000001,1.0,1.0,0.2473551481962204,0.0010971716837957501
DQN,65,final,549,3549,0.14937122344970705,2.0,2.0,1.1561965942382812,0.00040120448102243245
DQN,65,final,550,3550,0.07328672885894777,2.0,2.0,0.723877489566803,0.001361600196105428
DQN,65,final,551,3551,0.1606981921195984,2.0,2.0,0.5425490736961365,0.00045884707651566714
DQN,65,final,552,3552,0.30844123840332033,2.0,2.0,0.7140046954154968,0.0004203987627988681
DQN,65,final,553,3553,0.14090551614761354,2.0,2.0,0.753010630607605,0.00028692229534499347
DQN,65,final,554,3554,0.278268940448761,3.0,3.0,0.8529394268989563,0.0010187325921530526
DQN,65,final,555,3555,0.22959532022476198,2.0,2.0,0.8815018534660339,0.00041726016206666827
DQN,65,final,556,3556,0.2840892839431763,2.0,2.0,0.6908438801765442,0.000429119128966704
DQN,65,final,557,3557,0.11515624046325684,3.0,3.0,0.8483397364616394,0.0006609018989062557
DQN,65,final,558,3558,0.09000000000000001,1.0,1.0,0.19192934036254883,0.0005667616496793926
DQN,65,final,559,3559,0.1725654673576355,3.0,3.0,0.7128502726554871,0.0002659970341483131
DQN,65,final,560,3560,0.09000000000000001,1.0,1.0,0.21944569051265717,0.00041481119114905596
DQN,65,final,561,3561,0.12556035041809083,3.0,3.0,0.9385117292404175,0.0006853794135774175
DQN,65,final,562,3562,0.35863471746444703,3.0,3.0,0.7897705435752869,0.0009666558956572165
DQN,65,final,563,3563,0.09000000000000001,1.0,1.0,0.4965558350086212,0.00020340648188721389
DQN,65,final,564,3564,0.23664041042327882,2.0,2.0,1.0348716974258423,0.00041692410013638437
DQN,65,final,565,3565,0.19907100677490236,2.0,2.0,0.7280811667442322,0.0003206774708814919
DQN,65,final,566,3566,0.09000000000000001,1.0,1.0,0.17672397196292877,0.0004305072652641684
DQN,65,final,567,3567,0.09973687648773194,3.0,3.0,0.7294682860374451,0.0021301184606272727
DQN,65,final,568,3568,0.09000000000000001,1.0,1.0,0.5792433023452759,0.0005308401887305081
DQN,65,final,569,3569,0.250427143573761,2.0,2.0,0.6009774804115295,0.0006612765282625332
DQN,65,final,570,3570,0.15331740856170656,2.0,2.0,0.6995534896850586,0.00033077433181460947
DQN,65,final,571,3571,0.09000000000000001,1.0,1.0,0.26341554522514343,0.0004255636304151267
DQN,65,final,572,3572,-0.5542897462844849,10.0,2.0,0.6906957626342773,0.0015642790938727557
DQN,65,final,573,3573,0.20912514805793764,2.0,2.0,0.35865727066993713,0.0008255271386587992
DQN,65,final,574,3574,-0.004240496158599838,2.0,2.0,0.5226896405220032,0.0003287902945885435
DQN,65,final,575,3575,-0.3341443657875061,10.0,4.0,0.9162197709083557,0.0010618813597830013
DQN,65,final,576,3576,-0.0026372206211089932,2.0,2.0,0.5052834153175354,0.00030974110995884985
DQN,65,final,577,3577,0.12678076505661012,2.0,2.0,0.8343366980552673,0.0004944769170833752
DQN,65,final,578,3578,0.41250718355178834,3.0,3.0,0.8037531971931458,0.0004497429666419824
DQN,65,final,579,3579,0.2545654547214508,3.0,3.0,0.48234185576438904,0.001564582111313939
DQN,65,final,580,3580,0.07729411840438843,3.0,3.0,0.5754446387290955,0.0005742104452413818
DQN,65,final,581,3581,0.08961774587631227,2.0,2.0,0.6258007884025574,0.0003546712105162442
DQN,65,final,582,3582,0.09000000000000001,1.0,1.0,0.5491759181022644,0.0002621722815092653
DQN,65,final,583,3583,0.09000000000000001,1.0,1.0,0.29299280047416687,0.0004976114723831415
DQN,65,final,584,3584,0.17978830814361574,2.0,2.0,0.35691627860069275,0.0002441519754938781
DQN,65,final,585,3585,0.22407222509384156,3.0,3.0,0.6614798903465271,0.0020361334124269583
DQN,65,final,586,3586,0.09000000000000001,1.0,1.0,0.4945859909057617,0.0004282285808585584
DQN,65,final,587,3587,0.09000000000000001,1.0,1.0,0.29688772559165955,0.0005583796300925314
DQN,65,final,588,3588,0.09000000000000001,1.0,1.0,0.09993723779916763,0.0003792709030676633
DQN,65,final,589,3589,0.19336213350296022,2.0,2.0,0.5726311802864075,0.0037683065747842193
DQN,65,final,590,3590,0.09000000000000001,1.0,1.0,0.8658220171928406,0.0011033460032194853
DQN,65,final,591,3591,0.14921881437301637,2.0,2.0,0.8080083727836609,0.0003950865793740377
DQN,65,final,592,3592,-0.06401987910270689,4.0,3.0,0.39043623208999634,0.0009296265343436971
DQN,65,final,593,3593,0.04646475791931153,2.0,2.0,0.3388357162475586,0.002710705331992358
DQN,65,final,594,3594,0.1359625029563904,2.0,2.0,0.21187803149223328,0.0005114465020596981
DQN,65,final,595,3595,0.09000000000000001,1.0,1.0,0.359746515750885,0.0003623648954089731
DQN,65,final,596,3596,0.15235440611839296,2.0,2.0,0.377186119556427,0.00043570814887061715
DQN,65,final,597,3597,0.026750223636627213,2.0,2.0,0.9212485551834106,0.0004489431012189016
DQN,65,final,598,3598,0.126890527009964,2.0,2.0,0.28414443135261536,0.0006510858074761927
DQN,65,final,599,3599,0.09000000000000001,1.0,1.0,0.3992239534854889,0.0003049083461519331
DQN,65,final,600,3600,-0.19777748584747312,10.0,3.0,0.3965536952018738,0.0005844428203999996
DQN,65,final,601,3601,0.09000000000000001,1.0,1.0,0.42473074793815613,0.00014063745038583875
DQN,65,final,602,3602,0.3332228231430054,2.0,2.0,0.5596907734870911,0.0012606021045939997
DQN,65,final,603,3603,0.11919273614883424,2.0,2.0,0.43989843130111694,0.00033798317599575967
DQN,65,final,604,3604,0.08239728391170503,2.0,2.0,0.16737191379070282,0.0013669231557287276
DQN,65,final,605,3605,0.09000000000000001,1.0,1.0,0.2036789506673813,0.0002691500703804195
DQN,65,final,606,3606,0.29187404036521913,3.0,2.0,0.4724062979221344,0.0004255907066787283
DQN,65,final,607,3607,0.09000000000000001,1.0,1.0,0.5445252060890198,0.0006091558607295156
DQN,65,final,608,3608,-0.06356554985046385,6.0,4.0,0.9394856095314026,0.0013621801626868546
DQN,65,final,609,3609,0.1545905637741089,2.0,2.0,0.6513813138008118,0.0008961634885054082
DQN,65,final,610,3610,-0.4308026432991028,10.0,3.0,0.9314578175544739,0.0005993990343995392
DQN,65,final,611,3611,0.0399273705482483,3.0,3.0,0.7483270764350891,0.0004580863266407202
DQN,65,final,612,3612,0.08583106040954591,6.0,3.0,0.8070305585861206,0.0007071204454405233
DQN,65,final,613,3613,-0.0929411506652832,6.0,3.0,0.7461748123168945,0.0006168988184072077
DQN,65,final,614,3614,0.04319514513015748,2.0,2.0,0.6713929176330566,0.0006850925710750744
DQN,65,final,615,3615,0.3183617663383484,3.0,3.0,0.6307166218757629,0.0003172756405547261
DQN,65,final,616,3616,0.21014137744903566,2.0,2.0,1.0208560228347778,0.0007640138064743951
DQN,65,final,617,3617,0.018748052120208747,3.0,3.0,0.3747250735759735,0.0003460979593607287
DQN,65,final,618,3618,0.05744351625442506,2.0,2.0,0.7534011602401733,0.0003559038887033239
DQN,65,final,619,3619,0.1029754161834717,5.0,5.0,0.9448033571243286,0.0003767913032788783
DQN,65,final,620,3620,0.09000000000000001,1.0,1.0,0.6546193361282349,0.0003201558720320463
DQN,65,final,621,3621,0.09000000000000001,1.0,1.0,0.21080800890922546,0.0009129094542004168
DQN,65,final,622,3622,0.09000000000000001,1.0,1.0,0.7255198359489441,0.0004982607206329703
DQN,65,final,623,3623,-0.0402739644050598,5.0,4.0,0.7432101368904114,0.0004131408437388018
DQN,65,final,624,3624,0.09000000000000001,1.0,1.0,0.47282859683036804,0.0003748417366296053
DQN,65,final,625,3625,0.046580986976623544,2.0,2.0,0.49387556314468384,0.0003076614229939878
DQN,65,final,626,3626,0.09000000000000001,1.0,1.0,0.1438325196504593,0.0006505049532279372
DQN,65,final,627,3627,0.30392874956130983,2.0,2.0,0.8830680251121521,0.0005581863806582987
DQN,65,final,628,3628,0.08296038389205934,2.0,2.0,0.962144672870636,0.0005899389580008574
DQN,65,final,629,3629,0.07828407168388368,2.0,2.0,0.4725506603717804,0.00022202102263690904
DQN,65,final,630,3630,0.13768120288848879,2.0,2.0,0.7166901230812073,0.00020376129396026954
DQN,65,final,631,3631,0.24731404304504395,3.0,3.0,1.0737351179122925,0.0002771869912976399
DQN,65,final,632,3632,0.3333510231971741,3.0,3.0,0.5949848890304565,0.00036735099274665117
DQN,65,final,633,3633,0.1957575845718384,2.0,2.0,0.4980207085609436,0.00046005101467017084
DQN,65,final,634,3634,0.09000000000000001,1.0,1.0,0.11284137517213821,0.00025073447613976896
DQN,65,final,635,3635,0.17111565351486208,2.0,2.0,0.9074081778526306,0.0006577428139280528
DQN,65,final,636,3636,-0.18713144302368162,9.0,3.0,1.1507774591445923,0.0005238981862526594
DQN,65,final,637,3637,0.09000000000000001,1.0,1.0,0.4478669762611389,0.0003534975985530764
DQN,65,final,638,3638,0.09044549822807313,4.0,3.0,0.48180869221687317,0.0004555606428766623
DQN,65,final,639,3639,0.1173477339744568,2.0,2.0,0.7407684326171875,0.0006979828322073445
DQN,65,final,640,3640,0.09000000000000001,1.0,1.0,0.3614174723625183,0.0004852056736126542
DQN,65,final,641,3641,0.22030840992927553,2.0,2.0,0.28253933787345886,0.0002793541643768549
DQN,65,final,642,3642,-0.5745067477226258,10.0,2.0,0.7023919820785522,0.00036293411831138654
DQN,65,final,643,3643,0.33147902965545656,2.0,2.0,1.6301641464233398,0.0011841707746498287
DQN,65,final,644,3644,0.09000000000000001,1.0,1.0,0.8406257629394531,0.0004305361653678119
DQN,65,final,645,3645,0.3738299083709717,3.0,3.0,0.5781484246253967,0.00042403069771050167
DQN,65,final,646,3646,0.10410119771957399,2.0,2.0,0.7224112749099731,0.0004733704845421016
DQN,65,final,647,3647,0.12848244786262514,2.0,2.0,0.49698522686958313,0.00037740234984084964
DQN,65,final,648,3648,0.09000000000000001,1.0,1.0,0.3420400321483612,0.000378383178031072
DQN,65,final,649,3649,-0.516020405292511,10.0,2.0,0.8721414804458618,0.0004573900456307456
DQN,65,final,650,3650,-0.1641459321975708,6.0,3.0,0.73647540807724,0.0004267732583684847
DQN,65,final,651,3651,0.09000000000000001,1.0,1.0,0.6549102067947388,0.0004057899350300431
DQN,65,final,652,3652,0.020569512844085702,4.0,3.0,0.9899263978004456,0.0002983245940413326
DQN,65,final,653,3653,0.06849686026573182,3.0,3.0,0.46896401047706604,0.000423016589290152
DQN,65,final,654,3654,0.13108410120010378,2.0,2.0,0.9538478255271912,0.0017598547710804269
DQN,65,final,655,3655,0.060233699083328256,2.0,2.0,0.15315520763397217,0.00031475187279284
DQN,65,final,656,3656,0.11131030559539795,6.0,4.0,1.1659138202667236,0.0004657902172766626
DQN,65,final,657,3657,-0.016040226221084586,4.0,3.0,0.4284316599369049,0.0010053489386336878
DQN,65,final,658,3658,0.056754426956176766,2.0,2.0,0.21529868245124817,0.0004092310700798407
DQN,65,final,659,3659,0.09000000000000001,1.0,1.0,0.30640071630477905,0.0024871020577847958
DQN,65,final,660,3660,0.1582468616962433,2.0,2.0,0.3350834250450134,0.0009767644660314545
DQN,65,final,661,3661,0.33489436626434327,3.0,3.0,0.6398612260818481,0.0005149326170794666
DQN,65,final,662,3662,0.2637607526779175,3.0,3.0,0.26747673749923706,0.000627347365176926
DQN,65,final,663,3663,-0.13708250045776366,7.0,3.0,0.66105717420578,0.001290200706405033
DQN,65,final,664,3664,0.09000000000000001,1.0,1.0,0.4827881455421448,0.0007204987341538072
DQN,65,final,665,3665,0.1194837760925293,3.0,3.0,0.5388759970664978,0.0031486675143241882
DQN,65,final,666,3666,0.09000000000000001,1.0,1.0,0.1193515807390213,0.0005107675679028034
DQN,65,final,667,3667,-0.39263129234313965,10.0,3.0,0.7115698456764221,0.0006480245239799843
DQN,65,final,668,3668,0.09000000000000001,1.0,1.0,0.36992207169532776,0.00047968351282179356
DQN,65,final,669,3669,0.09000000000000001,1.0,1.0,0.7045640349388123,0.0005632726824842393
DQN,65,final,670,3670,0.09000000000000001,1.0,1.0,0.1251794993877411,0.0004982672980986536
DQN,65,final,671,3671,-0.39403573513031004,9.0,3.0,0.5590459108352661,0.0011850239388877526
DQN,65,final,672,3672,0.18564242839813233,3.0,3.0,0.9028064012527466,0.0005588587567520639
DQN,65,final,673,3673,0.02943392276763917,2.0,2.0,0.32154586911201477,0.0006526286306325346
DQN,65,final,674,3674,0.10097666263580324,2.0,2.0,0.37298959493637085,0.0008081607520580292
DQN,65,final,675,3675,0.09000000000000001,1.0,1.0,0.3259669244289398,0.00038299470907077193
DQN,65,final,676,3676,-0.033016545772552475,2.0,2.0,0.9485186338424683,0.0004211027699057013
DQN,65,final,677,3677,0.09000000000000001,1.0,1.0,0.5743616223335266,0.0006513408734463155
DQN,65,final,678,3678,0.09000000000000001,1.0,1.0,0.16199888288974762,0.0010254047811031342
DQN,65,final,679,3679,0.34590347290039064,2.0,2.0,0.5179466605186462,0.0003471500822342932
DQN,65,final,680,3680,0.11526677191257478,2.0,2.0,0.20139463245868683,0.0003372936189407483
DQN,65,final,681,3681,0.2737268280982971,3.0,3.0,0.8333125710487366,0.0004960418348976722
DQN,65,final,682,3682,0.04333742141723634,2.0,2.0,0.40480417013168335,0.0004865593509748578
DQN,65,final,683,3683,0.2361650037765503,2.0,2.0,0.6860902905464172,0.0019902459462173283
DQN,65,final,684,3684,0.2523770797252655,2.0,2.0,0.2529144287109375,0.000733760796720162
DQN,65,final,685,3685,0.076141254901886,2.0,2.0,0.5434144735336304,0.0003267298961873166
DQN,65,final,686,3686,0.3121627736091614,2.0,2.0,0.6958366632461548,0.0008197601127903908
DQN,65,final,687,3687,0.13797454714775087,2.0,2.0,0.47362980246543884,0.0003106252115685493
DQN,65,final,688,3688,0.09000000000000001,1.0,1.0,0.2130797654390335,0.00018890004139393568
DQN,65,final,689,3689,0.26194282054901125,2.0,2.0,0.7674480080604553,0.0005521704588318244
DQN,65,final,690,3690,0.09000000000000001,1.0,1.0,0.46883898973464966,0.00038800309994257987
DQN,65,final,691,3691,0.09000000000000001,1.0,1.0,0.22051671147346497,0.00020782586943823844
DQN,65,final,692,3692,0.3213526391983032,6.0,6.0,1.4987355470657349,0.0005222653417149559
DQN,65,final,693,3693,0.09155364513397218,2.0,2.0,0.7808730006217957,0.00048207544023171067
DQN,65,final,694,3694,0.08684588193893433,3.0,3.0,0.6254135370254517,0.0004099306728069981
DQN,65,final,695,3695,0.051965372562408456,2.0,2.0,0.7657255530357361,0.00046530968393199146
DQN,65,final,696,3696,0.09000000000000001,1.0,1.0,0.4985380470752716,0.0009996662847697735
DQN,65,final,697,3697,0.06434817790985109,2.0,2.0,0.7670159339904785,0.0005179061699891463
DQN,65,final,698,3698,0.21951516151428224,2.0,2.0,0.7153064012527466,0.0005129917699377984
DQN,65,final,699,3699,0.09000000000000001,1.0,1.0,0.12706828117370605,0.0006345986039377749
DQN,65,final,700,3700,0.11061716794967653,3.0,3.0,0.9350818395614624,0.0003529778866019721
DQN,65,final,701,3701,0.12172248959541321,5.0,4.0,0.24650737643241882,0.0003152833058265969
DQN,65,final,702,3702,0.09000000000000001,1.0,1.0,0.38006943464279175,0.0002745823294389993
DQN,65,final,703,3703,0.11891014099121094,3.0,3.0,0.9288434982299805,0.0003558849954667191
DQN,65,final,704,3704,0.13157083272933962,2.0,2.0,0.5855490565299988,0.00043307527084834874
DQN,65,final,705,3705,-0.27984232902526857,10.0,4.0,1.1172494888305664,0.00034752081555780026
DQN,65,final,706,3706,0.15553791999816896,2.0,2.0,0.7130711674690247,0.00040684454143047333
DQN,65,final,707,3707,-0.41821134090423584,10.0,3.0,0.7871813178062439,0.002640659236931242
DQN,65,final,708,3708,0.14724416255950928,3.0,3.0,1.1156730651855469,0.0005256017708840469
DQN,65,final,709,3709,0.09000000000000001,1.0,1.0,0.32067057490348816,0.0006201142678037286
DQN,65,final,710,3710,0.10752719879150394,6.0,4.0,1.0848190784454346,0.0019150439741982457
DQN,65,final,711,3711,0.3040814471244812,3.0,3.0,0.9367112517356873,0.0008583747548982501
DQN,65,final,712,3712,0.09000000000000001,1.0,1.0,0.9964889883995056,0.0006901978049427271
DQN,65,final,713,3713,0.09000000000000001,1.0,1.0,0.760826051235199,0.0003494831616990268
DQN,65,final,714,3714,0.09000000000000001,1.0,1.0,0.5595203042030334,0.0003029690124094486
DQN,65,final,715,3715,0.09000000000000001,1.0,1.0,0.6992893815040588,0.0006879570428282022
DQN,65,final,716,3716,0.19870185613632202,4.0,4.0,0.6155661940574646,0.0028015435818815604
DQN,65,final,717,3717,0.10228480577468874,2.0,2.0,0.6019800901412964,0.00037373964732978493
DQN,65,final,718,3718,0.09000000000000001,1.0,1.0,0.5015655159950256,0.0003448504430707544
DQN,65,final,719,3719,0.09000000000000001,1.0,1.0,0.36330392956733704,0.0005217449506744742
DQN,65,final,720,3720,-0.619531261920929,10.0,2.0,0.6681288480758667,0.0021638972422806544
DQN,65,final,721,3721,0.06705451726913453,3.0,3.0,0.8738522529602051,0.00048305389160911244
DQN,65,final,722,3722,0.12594229698181153,3.0,3.0,0.7676504254341125,0.0007459215897445878
DQN,65,final,723,3723,0.05707342147827149,3.0,3.0,0.6793295741081238,0.0005921199723767737
DQN,65,final,724,3724,0.2604834008216858,2.0,2.0,0.8001607060432434,0.0008037849329411983
DQN,65,final,725,3725,0.09000000000000001,1.0,1.0,1.071398138999939,0.0007383229094557464
DQN,65,final,726,3726,-0.07586614370346069,3.0,2.0,0.5728362798690796,0.00136647853651084
DQN,65,final,727,3727,0.03608842372894288,2.0,2.0,0.7077352404594421,0.0006390919152181596
DQN,65,final,728,3728,0.09743531227111818,2.0,2.0,1.2512964010238647,0.0005425366398412734
DQN,65,final,729,3729,0.09000000000000001,1.0,1.0,0.13404743373394012,0.000578906387090683
DQN,65,final,730,3730,0.09000000000000001,1.0,1.0,0.2661229074001312,0.0006280381930992007
DQN,65,final,731,3731,0.22395594596862795,2.0,2.0,0.5426822900772095,0.0016094459278974682
DQN,65,final,732,3732,0.09000000000000001,1.0,1.0,0.3201526701450348,0.00035975477658212185
DQN,65,final,733,3733,0.09000000000000001,1.0,1.0,0.19228586554527283,0.0003441867302171886
DQN,65,final,734,3734,0.27063573122024537,3.0,3.0,0.8506290316581726,0.00043120758103517193
DQN,65,final,735,3735,0.2289388942718506,2.0,2.0,1.0312374830245972,0.00039457464299630374
DQN,65,final,736,3736,0.09000000000000001,1.0,1.0,0.22606340050697327,0.00028313067741692066
DQN,65,final,737,3737,0.18836708068847657,5.0,3.0,0.9243100881576538,0.0007894761976785958
DQN,65,final,738,3738,0.11525244235992432,3.0,3.0,0.8576076626777649,0.0003743021807167679
DQN,65,final,739,3739,-0.03579209089279174,9.0,3.0,0.7501509785652161,0.0029602367414756576
DQN,65,final,740,3740,0.08874560117721558,3.0,3.0,0.7566967010498047,0.002727351733483374
DQN,65,final,741,3741,0.09000000000000001,1.0,1.0,0.6293924450874329,0.000619544240180403
DQN,65,final,742,3742,0.24097605228424074,2.0,2.0,0.9417229890823364,0.0006060507439542562
DQN,65,final,743,3743,0.09223197579383852,2.0,2.0,0.49962493777275085,0.000499305286211893
DQN,65,final,744,3744,0.09000000000000001,1.0,1.0,0.3999873697757721,0.0008265137439593673
DQN,65,final,745,3745,0.09000000000000001,1.0,1.0,0.46968773007392883,0.0007474779267795384
DQN,65,final,746,3746,0.07998100638389588,3.0,3.0,0.24780848622322083,0.0006737343307274083
DQN,65,final,747,3747,0.13474680662155153,2.0,2.0,0.7751492261886597,0.0006659217469859868
DQN,65,final,748,3748,-0.017417751550674418,3.0,3.0,0.5424471497535706,0.00044268456016046304
DQN,65,final,749,3749,0.09000000000000001,1.0,1.0,0.8304097056388855,0.0007679144036956131
DQN,65,final,750,3750,0.1627293395996094,2.0,2.0,0.6092292666435242,0.0005665992066496983
DQN,65,final,751,3751,0.2752129602432251,2.0,2.0,0.7598599195480347,0.0013731318176724017
DQN,65,final,752,3752,0.16700072765350343,2.0,2.0,0.6322395205497742,0.0004734972753794864
DQN,65,final,753,3753,0.4094027054309845,3.0,3.0,0.33792129158973694,0.000552541653936108
DQN,65,final,754,3754,0.09000000000000001,1.0,1.0,0.06291908770799637,0.0005295059527270496
DQN,65,final,755,3755,0.18311147928237914,6.0,5.0,0.20196819305419922,0.0009538958547636867
DQN,65,final,756,3756,0.09000000000000001,1.0,1.0,0.7977045178413391,0.000605491572059691
DQN,65,final,757,3757,-0.05286281585693357,3.0,3.0,0.6437421441078186,0.000569635817858701
DQN,65,final,758,3758,0.09000000000000001,1.0,1.0,0.2322974056005478,0.00022508829715661705
DQN,65,final,759,3759,0.09000000000000001,1.0,1.0,0.4102962017059326,0.0003560599870979786
DQN,65,final,760,3760,0.09000000000000001,1.0,1.0,0.30264970660209656,0.0007356847636401653
DQN,65,final,761,3761,0.09000000000000001,1.0,1.0,0.27379652857780457,0.00043126297532580793
DQN,65,final,762,3762,0.21479876518249513,2.0,2.0,0.5798746347427368,0.0003146979070152156
DQN,65,final,763,3763,0.2439931106567383,3.0,3.0,0.6556908488273621,0.0004869289017127206
DQN,65,final,764,3764,0.08559085607528688,2.0,2.0,0.5938720107078552,0.0007946220866870135
DQN,65,final,765,3765,0.39346588373184205,3.0,3.0,0.7304920554161072,0.000501209394618248
DQN,65,final,766,3766,0.09000000000000001,1.0,1.0,0.15599682927131653,0.0006471953820437193
DQN,65,final,767,3767,0.10482283115386964,2.0,2.0,0.7722250819206238,0.0004071769362781197
DQN,65,final,768,3768,0.19316281557083131,2.0,2.0,0.5449487566947937,0.0003444865797064267
DQN,65,final,769,3769,0.09000000000000001,1.0,1.0,0.26695334911346436,0.0003053497930523008
DQN,65,final,770,3770,0.35886468172073366,2.0,2.0,0.918343722820282,0.0003559001488611102
DQN,65,final,771,3771,0.09000000000000001,1.0,1.0,0.07497428357601166,0.0007328361971303821
DQN,65,final,772,3772,-0.013336532115936273,3.0,3.0,0.8808034062385559,0.001350351454069217
DQN,65,final,773,3773,0.17063421726226807,3.0,3.0,0.7961606383323669,0.0004323369939811528
DQN,65,final,774,3774,0.12056403040885927,2.0,2.0,0.33873599767684937,0.0005250691901892424
DQN,65,final,775,3775,-0.027851982116699203,2.0,2.0,0.5207634568214417,0.0004213940119370818
DQN,65,final,776,3776,0.23762901306152345,2.0,2.0,1.057193636894226,0.0005269473476801068
DQN,65,final,777,3777,0.09000000000000001,1.0,1.0,0.2575889527797699,0.0011354582384228706
DQN,65,final,778,3778,-0.2176832866668701,7.0,2.0,0.9572739005088806,0.0014111077720631979
DQN,65,final,779,3779,0.09000000000000001,1.0,1.0,0.7956677079200745,0.00017719909374136478
DQN,65,final,780,3780,0.09000000000000001,1.0,1.0,0.044706303626298904,0.0004966587875969708
DQN,65,final,781,3781,0.09000000000000001,1.0,1.0,0.770124077796936,0.0004158025549259037
DQN,65,final,782,3782,0.09000000000000001,1.0,1.0,0.23608000576496124,0.0003061023016925901
DQN,65,final,783,3783,-0.0940738248825073,3.0,3.0,0.4410097301006317,0.0003508470836095512
DQN,65,final,784,3784,0.36275965690612794,3.0,3.0,0.6746473908424377,0.0004972327248348544
DQN,65,final,785,3785,0.24842758655548097,2.0,2.0,0.6866973042488098,0.0007527981069870293
DQN,65,final,786,3786,0.1891668438911438,5.0,4.0,0.8548293709754944,0.0004776266636326909
DQN,65,final,787,3787,0.19919438838958742,2.0,2.0,0.8982290029525757,0.0022178618819452822
DQN,65,final,788,3788,0.07766482412815096,2.0,2.0,0.16450080275535583,0.0017558368053869344
DQN,65,final,789,3789,0.09000000000000001,1.0,1.0,0.2555104196071625,0.00032391102286055684
DQN,65,final,790,3790,0.09000000000000001,1.0,1.0,0.129353329539299,0.0004668427864089608
DQN,65,final,791,3791,0.4094416964054108,2.0,2.0,0.30890408158302307,0.00041347248770762235
DQN,65,final,792,3792,0.09000000000000001,1.0,1.0,0.05751980096101761,0.0003086089564021677
DQN,65,final,793,3793,0.09000000000000001,1.0,1.0,0.48116400837898254,0.0003458277496974915
DQN,65,final,794,3794,0.10162086963653566,2.0,2.0,0.4111815094947815,0.0005209585215197876
DQN,65,final,795,3795,0.08310051441192629,2.0,2.0,0.5212975740432739,0.0004759760049637407
DQN,65,final,796,3796,0.1822859811782837,2.0,2.0,0.4390619397163391,0.00032924729748629034
DQN,65,final,797,3797,0.07603646993637087,2.0,2.0,0.5502294301986694,0.0005116849497426301
DQN,65,final,798,3798,0.012068469524383549,3.0,2.0,0.5332773923873901,0.000336520829781269
DQN,65,final,799,3799,0.13552649497985841,2.0,2.0,1.0869892835617065,0.00036196639121044427
DQN,65,final,800,3800,0.14929835677146913,2.0,2.0,0.41378816962242126,0.00041329274245072156
DQN,65,final,801,3801,-0.011372082233428935,3.0,3.0,0.662054717540741,0.00028720008170542616
DQN,65,final,802,3802,0.09000000000000001,1.0,1.0,0.46139055490493774,0.00019970917492173612
DQN,65,final,803,3803,0.054949240684509286,2.0,2.0,0.6130096316337585,0.0002879958992707543
DQN,65,final,804,3804,-0.04080713510513308,7.0,5.0,0.3349163830280304,0.00028772881757634295
DQN,65,final,805,3805,0.12213499069213868,3.0,3.0,0.6502171754837036,0.00038583735780169565
DQN,65,final,806,3806,0.35302156925201417,3.0,3.0,0.524809718132019,0.0007902860331038634
DQN,65,final,807,3807,0.09000000000000001,1.0,1.0,0.30884286761283875,0.00047161843394860625
DQN,65,final,808,3808,0.20098276615142824,2.0,2.0,0.5167983174324036,0.0005721809866372496
DQN,65,final,809,3809,0.10917903661727907,2.0,2.0,0.7062616348266602,0.00023413787130266428
DQN,65,final,810,3810,0.14587576866149904,2.0,2.0,0.788140594959259,0.0003412093938095495
DQN,65,final,811,3811,0.09000000000000001,1.0,1.0,0.380913108587265,0.00012059067375957966
DQN,65,final,812,3812,0.09572066545486452,2.0,2.0,0.7762239575386047,0.00025195349007844925
DQN,65,final,813,3813,0.09000000000000001,1.0,1.0,0.12111098319292068,0.00031224844860844314
DQN,65,final,814,3814,0.2539693784713745,3.0,3.0,0.568155825138092,0.000703784428575697
DQN,65,final,815,3815,0.14903159618377687,2.0,2.0,1.0907323360443115,0.0016263138822978362
DQN,65,final,816,3816,0.1756859588623047,2.0,2.0,0.8025621771812439,0.00047611931222490966
DQN,65,final,817,3817,0.18354382514953616,5.0,2.0,0.5498073697090149,0.001038816844811663
DQN,65,final,818,3818,0.09000000000000001,1.0,1.0,0.47158128023147583,0.0004693109658546746
DQN,65,final,819,3819,0.13798727273941042,2.0,2.0,0.19779232144355774,0.00030063856684137136
DQN,65,final,820,3820,0.28128783583641054,2.0,2.0,0.2707919478416443,0.00028424474294297397
DQN,65,final,821,3821,0.09000000000000001,1.0,1.0,0.13541856408119202,0.00035323112388141453
DQN,65,final,822,3822,0.11049968957901002,4.0,3.0,0.7530792355537415,0.00031550337007502094
DQN,65,final,823,3823,0.09000000000000001,1.0,1.0,0.3108508586883545,0.00029094074852764606
DQN,65,final,824,3824,0.09000000000000001,1.0,1.0,0.36171430349349976,0.0003698321233969182
DQN,65,final,825,3825,0.2772801685333252,2.0,2.0,0.6683850884437561,0.0015103208570508286
DQN,65,final,826,3826,-0.06217275381088257,2.0,2.0,0.6657679677009583,0.00038320910243783146
DQN,65,final,827,3827,0.14882309913635255,2.0,2.0,0.5585913062095642,0.0004897272447124124
DQN,65,final,828,3828,0.09000000000000001,1.0,1.0,0.457570344209671,0.00026225403416901827
DQN,65,final,829,3829,-0.11555074930191041,3.0,3.0,1.0026932954788208,0.00020287203369662166
DQN,65,final,830,3830,0.11834458231925966,3.0,3.0,0.4410090744495392,0.0005122817722925296
DQN,65,final,831,3831,-0.5002443075180054,10.0,2.0,1.1877378225326538,0.0003406632909900509
DQN,65,final,832,3832,-0.5317140698432923,10.0,2.0,0.593959629535675,0.0004325103116570972
DQN,65,final,833,3833,0.09000000000000001,1.0,1.0,0.3827924132347107,0.00034769228659570217
DQN,65,final,834,3834,0.0727945137023926,2.0,2.0,0.19473302364349365,0.0003739320090971887
DQN,65,final,835,3835,0.4357466173171997,3.0,3.0,1.1988626718521118,0.0002205095806857571
DQN,65,final,836,3836,0.09000000000000001,1.0,1.0,0.9250742793083191,0.00020105690055061132
DQN,65,final,837,3837,0.21363038778305055,4.0,3.0,0.8205779194831848,0.0005129058336024173
DQN,65,final,838,3838,0.039175169467926034,2.0,2.0,0.6318084001541138,0.00040265702409669757
DQN,65,final,839,3839,0.09688873767852785,2.0,2.0,1.0739495754241943,0.0004333811084507033
DQN,65,final,840,3840,0.09000000000000001,1.0,1.0,0.710773766040802,0.00020201345614623278
DQN,65,final,841,3841,0.09000000000000001,1.0,1.0,0.37121719121932983,0.0003590880078263581
DQN,65,final,842,3842,0.09000000000000001,1.0,1.0,0.14675869047641754,0.0002936128294095397
DQN,65,final,843,3843,0.09000000000000001,1.0,1.0,0.14108800888061523,0.000981279881671071
DQN,65,final,844,3844,0.12000132322311402,3.0,3.0,0.5147837996482849,0.0003507478686515242
DQN,65,final,845,3845,-0.023432476520538315,2.0,2.0,0.7626849412918091,0.00025278925022576004
DQN,65,final,846,3846,0.14333279609680177,2.0,2.0,1.082611083984375,0.0002657350996742025
DQN,65,final,847,3847,0.2335637974739075,2.0,2.0,0.4484536647796631,0.00034537253668531775
DQN,65,final,848,3848,0.1736187505722046,2.0,2.0,0.29035118222236633,0.0003008640924235806
DQN,65,final,849,3849,0.09000000000000001,1.0,1.0,0.4790280759334564,0.0002853639016393572
DQN,65,final,850,3850,0.05774103283882142,2.0,2.0,0.24139703810214996,0.00034885348577518016
DQN,65,final,851,3851,0.21979226350784303,2.0,2.0,0.9958999752998352,0.0003066456920350902
DQN,65,final,852,3852,0.06543775081634523,2.0,2.0,0.4875766634941101,0.0006574745493708178
DQN,65,final,853,3853,0.08314903259277343,7.0,3.0,0.738586962223053,0.00034277047546181293
DQN,65,final,854,3854,0.1440947723388672,3.0,3.0,0.5395804643630981,0.00022473578186084828
DQN,65,final,855,3855,-0.07143204927444459,7.0,4.0,0.41267409920692444,0.0002514549497781055
DQN,65,final,856,3856,0.026973413228988663,2.0,2.0,0.21238568425178528,0.00029247837665025145
DQN,65,final,857,3857,0.20601941823959352,2.0,2.0,0.6112594604492188,0.0002154549292754382
DQN,65,final,858,3858,-0.5781050205230713,10.0,2.0,1.2430797815322876,0.0005419020322733559
DQN,65,final,859,3859,0.26041044473648073,2.0,2.0,0.5458908677101135,0.00100782721710857
DQN,65,final,860,3860,-0.010636819601058944,2.0,2.0,0.4896105229854584,0.00021844769071321934
DQN,65,final,861,3861,0.09000000000000001,1.0,1.0,0.12283442914485931,0.00025700937840156257
DQN,65,final,862,3862,0.09000000000000001,1.0,1.0,0.3183252513408661,0.00015104452904779464
DQN,65,final,863,3863,0.10477305412292481,4.0,3.0,1.103188395500183,0.0003433062229305506
DQN,65,final,864,3864,0.04941830217838288,2.0,2.0,0.18003864586353302,0.00032234122045338154
DQN,65,final,865,3865,0.09000000000000001,1.0,1.0,0.16617357730865479,0.01185576617717743
DQN,65,final,866,3866,0.09000000000000001,1.0,1.0,0.5939673781394958,0.0002535383973736316
DQN,65,final,867,3867,0.09000000000000001,1.0,1.0,0.5096489787101746,0.00022043075296096504
DQN,65,final,868,3868,0.07012917280197145,2.0,2.0,0.9657499194145203,0.0005066705052740872
DQN,65,final,869,3869,0.09000000000000001,1.0,1.0,0.1973111480474472,0.0005127383628860116
DQN,65,final,870,3870,0.10887199640274048,5.0,4.0,0.4695304036140442,0.0004317834973335266
DQN,65,final,871,3871,0.23229761600494386,2.0,2.0,0.6308194994926453,0.0003185360546922311
DQN,65,final,872,3872,0.2028805184364319,2.0,2.0,0.9135803580284119,0.0005882371769985184
DQN,65,final,873,3873,0.15051365613937379,3.0,3.0,0.9257714152336121,0.00031604559141366434
DQN,65,final,874,3874,-0.08288299322128297,8.0,4.0,0.6931014657020569,0.0005836320906382753
DQN,65,final,875,3875,-0.00157963037490845,5.0,3.0,0.7327037453651428,0.00042107418994419277
DQN,65,final,876,3876,0.09000000000000001,1.0,1.0,0.13149753212928772,0.000684864295180887
DQN,65,final,877,3877,0.28478451251983644,2.0,2.0,0.8691234588623047,0.0003308802915853448
DQN,65,final,878,3878,0.34254289388656617,3.0,3.0,0.7881597876548767,0.0002796990326411712
DQN,65,final,879,3879,0.20824480772018433,3.0,3.0,0.7658284902572632,0.0005534973897738382
DQN,65,final,880,3880,0.052666671276092536,3.0,3.0,0.5876910090446472,0.00043920054061648745
DQN,65,final,881,3881,0.09000000000000001,1.0,1.0,0.7643285393714905,0.00038933614268898964
DQN,65,final,882,3882,0.09000000000000001,1.0,1.0,0.6171005964279175,0.0003867301857098937
DQN,65,final,883,3883,-0.051165385246276854,2.0,2.0,1.2172092199325562,0.00045572871749754995
DQN,65,final,884,3884,0.05030611872673035,3.0,3.0,0.48746156692504883,0.00028491711903673905
DQN,65,final,885,3885,0.2226730751991272,2.0,2.0,0.8597040772438049,0.0005263182538328692
DQN,65,final,886,3886,-0.12270156145095824,5.0,2.0,0.8787573575973511,0.0005226887034950778
DQN,65,final,887,3887,0.23621464490890504,3.0,3.0,0.7267645597457886,0.000629216869128868
DQN,65,final,888,3888,0.09000000000000001,1.0,1.0,0.5544720888137817,0.0005927955498918891
DQN,65,final,889,3889,0.06939338326454164,2.0,2.0,0.23071326315402985,0.0002883792112697847
DQN,65,final,890,3890,0.09000000000000001,1.0,1.0,0.3099241256713867,0.0003020365838892758
DQN,65,final,891,3891,0.12655730724334718,2.0,2.0,0.33807188272476196,0.004517364868661389
DQN,65,final,892,3892,0.09000000000000001,1.0,1.0,0.6586046814918518,0.0008646626374684274
DQN,65,final,893,3893,-0.4736406087875366,10.0,2.0,0.5167867541313171,0.000557279703207314
DQN,65,final,894,3894,-0.07983040094375611,3.0,3.0,0.850692868232727,0.00043512133803839487
DQN,65,final,895,3895,0.24755311727523804,3.0,3.0,0.8545728325843811,0.0004484086627295862
DQN,65,final,896,3896,0.08159524917602541,3.0,3.0,0.5413588881492615,0.001413649656266595
DQN,65,final,897,3897,-0.028983278274536117,2.0,2.0,0.840549111366272,0.0004240188864059746
DQN,65,final,898,3898,-0.25170821726322173,3.0,3.0,0.5083100199699402,0.00036420122099419433
DQN,65,final,899,3899,0.09000000000000001,1.0,1.0,0.08259212225675583,0.0002888977760449052
DQN,65,final,900,3900,0.14264448165893556,2.0,2.0,0.2584322392940521,0.00044635699305217713
DQN,65,final,901,3901,0.12203614592552187,2.0,2.0,0.46298298239707947,0.0004883072397205979
DQN,65,final,902,3902,0.09000000000000001,1.0,1.0,0.39811238646507263,0.0002190710074501112
DQN,65,final,903,3903,0.4153087306022644,2.0,2.0,0.6922258734703064,0.001517462354968302
DQN,65,final,904,3904,0.09000000000000001,1.0,1.0,0.7685433626174927,0.00013922734069637954
DQN,65,final,905,3905,-0.040012561082839945,3.0,3.0,0.46305105090141296,0.00039279348372171324
DQN,65,final,906,3906,0.09000000000000001,1.0,1.0,0.8502267599105835,0.0002891553158406168
DQN,65,final,907,3907,0.09271486282348634,2.0,2.0,0.9157609939575195,0.00026387727848486975
DQN,65,final,908,3908,0.21948529958724977,2.0,2.0,0.9018124938011169,0.00043994995940010995
DQN,65,final,909,3909,-0.6894599080085756,10.0,2.0,0.9138251543045044,0.00040139964257832614
DQN,65,final,910,3910,0.09152670383453371,2.0,2.0,0.617084801197052,0.0016466731758555397
DQN,65,final,911,3911,0.3885441493988037,3.0,3.0,0.8249001502990723,0.0005543065587213883
DQN,65,final,912,3912,-0.11731390476226806,7.0,3.0,0.7532579302787781,0.0005052089192239302
DQN,65,final,913,3913,0.09000000000000001,1.0,1.0,0.34035253524780273,0.00029315322171896696
DQN,65,final,914,3914,0.38969327688217165,2.0,2.0,0.6782817244529724,0.0002624179032864049
DQN,65,final,915,3915,0.09000000000000001,1.0,1.0,0.18450644612312317,0.00030809041345492005
DQN,65,final,916,3916,0.11209877014160158,2.0,2.0,0.4582080543041229,0.0005540975253097713
DQN,65,final,917,3917,0.09000000000000001,1.0,1.0,0.4342847764492035,0.0006665980909019709
DQN,65,final,918,3918,0.22962905645370485,2.0,2.0,0.655502200126648,0.000422358003561385
DQN,65,final,919,3919,0.2115778195858002,2.0,2.0,0.45172616839408875,0.00048274728760588914
DQN,65,final,920,3920,-0.0066532921791076505,2.0,2.0,0.8505111336708069,0.0003152737990603782
DQN,65,final,921,3921,0.0218575668334961,3.0,3.0,0.8125594854354858,0.00031593650540647406
DQN,65,final,922,3922,0.08360631942749025,2.0,2.0,0.8144425749778748,0.00020530464826151729
DQN,65,final,923,3923,0.09000000000000001,1.0,1.0,0.7566194534301758,0.00014391467266250402
DQN,65,final,924,3924,0.09000000000000001,1.0,1.0,0.10318777710199356,0.00031117850448936224
DQN,65,final,925,3925,0.19093104124069216,3.0,2.0,0.8485898375511169,0.000451740255812183
DQN,65,final,926,3926,0.015230612754821793,2.0,2.0,0.9101802706718445,0.00033667305251583457
DQN,65,final,927,3927,0.044061489105224616,3.0,3.0,0.7916431427001953,0.0005746735259890556
DQN,65,final,928,3928,0.1564855742454529,2.0,2.0,0.9750011563301086,0.00029332557460293174
DQN,65,final,929,3929,0.28571861743927,4.0,4.0,0.6528381705284119,0.000234419869229896
DQN,65,final,930,3930,0.09000000000000001,1.0,1.0,0.1937517374753952,0.000364619423635304
DQN,65,final,931,3931,0.09000000000000001,1.0,1.0,0.5496014356613159,0.0004455750749912113
DQN,65,final,932,3932,0.15418204843997957,2.0,2.0,0.2123926430940628,0.00019318853446748108
DQN,65,final,933,3933,0.30758623957633974,2.0,2.0,0.4861272871494293,0.0003078896406805143
DQN,65,final,934,3934,0.2922084999084473,3.0,3.0,0.32233303785324097,0.0003101876451789091
DQN,65,final,935,3935,0.11668369352817537,2.0,2.0,0.19505847990512848,0.0023867414274718612
DQN,65,final,936,3936,0.22561009407043459,2.0,2.0,0.43062931299209595,0.00026559030811768025
DQN,65,final,937,3937,0.09000000000000001,1.0,1.0,0.48994556069374084,0.0016988386632874608
DQN,65,final,938,3938,0.09000000000000001,1.0,1.0,0.8846859335899353,0.00027633109129965305
DQN,65,final,939,3939,0.2791354823112488,2.0,2.0,0.7750105857849121,0.00041360278555657715
DQN,65,final,940,3940,0.08796993076801302,2.0,2.0,0.17327015101909637,0.000982423109235242
DQN,65,final,941,3941,-0.048259117603301996,4.0,2.0,0.7830634117126465,0.00043689065205398947
DQN,65,final,942,3942,0.09000000000000001,1.0,1.0,0.7293898463249207,0.0003627993573900312
DQN,65,final,943,3943,0.16567661046981813,2.0,2.0,0.7537002563476562,0.0005345104145817459
DQN,65,final,944,3944,0.09000000000000001,1.0,1.0,0.3055652976036072,0.00022359160357154906
DQN,65,final,945,3945,0.11388023376464845,2.0,2.0,0.7905207872390747,0.0006854892271803692
DQN,65,final,946,3946,0.027241189479827885,3.0,2.0,0.6471542716026306,0.0015892855493196596
DQN,65,final,947,3947,0.060207324028015145,2.0,2.0,1.1302608251571655,0.0004402462509460747
DQN,65,final,948,3948,0.02307678937911989,2.0,2.0,0.6193829774856567,0.00026746773801278323
DQN,65,final,949,3949,0.4059211087226868,3.0,3.0,0.758282482624054,0.0002821409483052169
DQN,65,final,950,3950,-0.08738521575927734,9.0,3.0,1.1317869424819946,0.0009259682184266341
DQN,65,final,951,3951,0.09000000000000001,1.0,1.0,0.7484660148620605,0.0002978926058858633
DQN,65,final,952,3952,0.09000000000000001,1.0,1.0,0.17865857481956482,0.0004424164944794029
DQN,65,final,953,3953,0.1377443838119507,2.0,2.0,0.3117091953754425,0.0002938133111456409
DQN,65,final,954,3954,0.10840018272399904,2.0,2.0,0.6138032674789429,0.00017032881441991776
DQN,65,final,955,3955,0.1553043293952942,2.0,2.0,0.5984531044960022,0.0005686109652742743
DQN,65,final,956,3956,0.025881962776184098,2.0,2.0,0.11559296399354935,0.0003019618889084086
DQN,65,final,957,3957,0.17825998544692995,2.0,2.0,0.7260618805885315,0.0002518994951969944
DQN,65,final,958,3958,0.09000000000000001,1.0,1.0,0.45623037219047546,0.0003086994693148881
DQN,65,final,959,3959,0.20069498777389527,4.0,3.0,0.7791082262992859,0.00036162206015433185
DQN,65,final,960,3960,0.1924873459339142,2.0,2.0,0.3778631091117859,0.0002631888710311614
DQN,65,final,961,3961,0.2555850911140442,2.0,2.0,0.6801314949989319,0.0002776857290882617
DQN,65,final,962,3962,0.09000000000000001,1.0,1.0,0.5034173130989075,0.0002889393363147974
DQN,65,final,963,3963,0.17147924184799196,2.0,2.0,0.5553436279296875,0.00016151974705280736
DQN,65,final,964,3964,-0.5271082699298859,10.0,2.0,0.2767992913722992,0.0004858115367824212
DQN,65,final,965,3965,0.1670112979412079,3.0,3.0,0.37937530875205994,0.0002862920082407072
DQN,65,final,966,3966,-0.13751545667648313,7.0,2.0,0.831134021282196,0.0011737829315409596
DQN,65,final,967,3967,-0.08520159721374511,5.0,2.0,1.0252175331115723,0.0002868498733732849
DQN,65,final,968,3968,0.3718619215488434,2.0,2.0,0.4801703989505768,0.0003670541482279077
DQN,65,final,969,3969,0.25427157402038575,3.0,3.0,0.9185887575149536,0.0005979489166444788
DQN,65,final,970,3970,0.09000000000000001,1.0,1.0,0.4660384953022003,0.0008658306323923171
DQN,65,final,971,3971,0.09000000000000001,1.0,1.0,0.5781089067459106,0.00020591735665220767
DQN,65,final,972,3972,0.2998804616928101,2.0,2.0,0.27627983689308167,0.0003696066196425818
DQN,65,final,973,3973,0.01198030233383178,3.0,3.0,0.3888840675354004,0.001848215169350927
DQN,65,final,974,3974,0.4477145743370056,3.0,3.0,0.850557267665863,0.00034960774064529687
DQN,65,final,975,3975,0.09000000000000001,1.0,1.0,1.0285195112228394,0.0003005265607498586
DQN,65,final,976,3976,-0.3164146840572358,10.0,3.0,0.4299403727054596,0.00041732886747922746
DQN,65,final,977,3977,0.2192222571372986,4.0,3.0,0.9569980502128601,0.00036214244028087705
DQN,65,final,978,3978,0.4588242244720459,3.0,3.0,0.5091456174850464,0.0003973203614198913
DQN,65,final,979,3979,0.14955438852310182,2.0,2.0,0.7429643273353577,0.000297089311061427
DQN,65,final,980,3980,-0.5458236813545227,10.0,2.0,0.9091208577156067,0.00025154927934636364
DQN,65,final,981,3981,-0.3160600328445434,9.0,2.0,0.6179952621459961,0.0003993063631545131
DQN,65,final,982,3982,0.0629414212703705,3.0,2.0,0.4659956395626068,0.00039603050390724093
DQN,65,final,983,3983,0.09000000000000001,1.0,1.0,0.5635212063789368,0.00037922890624031425
DQN,65,final,984,3984,-0.0013573396205901894,3.0,3.0,0.3345903754234314,0.0003128350605644907
DQN,65,final,985,3985,0.1528520655632019,3.0,3.0,0.6881142854690552,0.00013879981755356616
DQN,65,final,986,3986,0.17087615251541138,3.0,3.0,0.6173133850097656,0.00031415867852047086
DQN,65,final,987,3987,0.06928112030029297,3.0,2.0,0.6179630160331726,0.0005114935047458857
DQN,65,final,988,3988,0.08862848758697511,2.0,2.0,0.647447407245636,0.0003268473956268281
DQN,65,final,989,3989,-0.022620670795440653,3.0,3.0,0.4506538212299347,0.0005296895687934011
DQN,65,final,990,3990,0.08174346566200258,2.0,2.0,0.28821438550949097,0.0003928765363525599
DQN,65,final,991,3991,0.1417775321006775,2.0,2.0,0.8145976066589355,0.00028497511812020093
DQN,65,final,992,3992,0.000589596033096329,2.0,2.0,0.33681511878967285,0.00026343016361352056
DQN,65,final,993,3993,0.3299961256980896,2.0,2.0,0.7046109437942505,0.0005040534524596296
DQN,65,final,994,3994,-0.5481616735458374,10.0,2.0,0.37318339943885803,0.0005015541042666882
DQN,65,final,995,3995,0.09000000000000001,1.0,1.0,0.6718612313270569,0.0004933227319270372
DQN,65,final,996,3996,0.09000000000000001,1.0,1.0,0.841922402381897,0.0005698207532986999
DQN,65,final,997,3997,-0.09317036509513853,4.0,3.0,0.47577664256095886,0.0005287641906761564
DQN,65,final,998,3998,0.147319393157959,2.0,2.0,0.6501377820968628,0.00032583124993834645
DQN,65,final,999,3999,0.05730927705764771,3.0,3.0,0.7807868123054504,0.00026870020762241137
DQN,65,final,1000,4000,0.3632271158695221,2.0,2.0,0.46288517117500305,0.0013108039856888354
DQN,65,final,1001,4001,0.14044095754623415,2.0,2.0,0.6356765031814575,0.0005533483781618997
DQN,65,final,1002,4002,-0.19814827442169192,10.0,2.0,0.8516887426376343,0.00030361347016878427
DQN,65,final,1003,4003,0.14837992906570435,3.0,3.0,0.8884006142616272,0.0004059800218480329
DQN,65,final,1004,4004,0.24412073373794557,2.0,2.0,0.543715238571167,0.00026225960755255073
DQN,65,final,1005,4005,0.09119977235794069,2.0,2.0,0.1944730579853058,0.0004112977476324886
DQN,65,final,1006,4006,0.12397541284561159,2.0,2.0,0.46286773681640625,0.00024192828277591616
DQN,65,final,1007,4007,0.334062762260437,3.0,3.0,0.5057579278945923,0.00023515423526987433
DQN,65,final,1008,4008,0.09000000000000001,1.0,1.0,0.7913618087768555,0.0006344511057250202
DQN,65,final,1009,4009,0.15565873861312868,2.0,2.0,0.7780200839042664,0.0002045439468929544
DQN,65,final,1010,4010,0.09000000000000001,1.0,1.0,0.3507576584815979,0.00018544925842434168
DQN,65,final,1011,4011,0.17923469066619874,3.0,3.0,1.4628046751022339,0.0010931933453927438
DQN,65,final,1012,4012,0.09000000000000001,1.0,1.0,0.5350028872489929,0.00040252794860862195
DQN,65,final,1013,4013,0.0953666639328003,3.0,3.0,1.0335142612457275,0.0004746333385507266
DQN,65,final,1014,4014,0.15262855052948,4.0,3.0,1.052809238433838,0.001040192390064476
DQN,65,final,1015,4015,0.09000000000000001,1.0,1.0,0.5907955765724182,0.0004249665071256459
DQN,65,final,1016,4016,-0.4114445924758911,10.0,2.0,1.0838110446929932,0.00045657719019800427
DQN,65,final,1017,4017,0.4722195339202881,3.0,3.0,1.1833876371383667,0.0005389818494829038
DQN,65,final,1018,4018,-0.5826844453811646,10.0,2.0,1.1540510654449463,0.00041300367302028463
DQN,65,final,1019,4019,0.11746241331100465,2.0,2.0,0.9425342679023743,0.00026161246933043003
DQN,65,final,1020,4020,0.09000000000000001,1.0,1.0,0.1426611989736557,0.00021058057609479874
DQN,65,final,1021,4021,0.20655245304107667,3.0,3.0,0.5074983239173889,0.0002808524635232364
DQN,65,final,1022,4022,0.12138764739036562,2.0,2.0,0.32125064730644226,0.00031020715687191114
DQN,65,final,1023,4023,0.09000000000000001,1.0,1.0,0.11980283260345459,0.00015332057955674827
DQN,65,final,1024,4024,0.09000000000000001,1.0,1.0,0.5085774064064026,0.0006095085991546512
DQN,65,final,1025,4025,0.09000000000000001,1.0,1.0,0.8559842705726624,0.0001340556627837941
DQN,65,final,1026,4026,0.24497623920440675,2.0,2.0,0.3288290798664093,0.0005196502315811813
DQN,65,final,1027,4027,0.26428343534469606,2.0,2.0,0.4794180989265442,0.0003663382667582482
DQN,65,final,1028,4028,0.03195925235748292,2.0,2.0,0.9610478281974792,0.0003884798497892916
DQN,65,final,1029,4029,0.20053447961807253,2.0,2.0,0.5754784941673279,0.00043373887456255034
DQN,65,final,1030,4030,0.16149187803268433,3.0,3.0,0.5257925391197205,0.0002767396605728815
DQN,65,final,1031,4031,0.06544925451278688,2.0,2.0,0.5161833763122559,0.00028036200819769874
DQN,65,final,1032,4032,0.09000000000000001,1.0,1.0,1.0276362895965576,0.00019716618407983333
DQN,65,final,1033,4033,0.09000000000000001,1.0,1.0,0.40572047233581543,0.00015583175991196185
DQN,65,final,1034,4034,0.015751676559448258,2.0,2.0,0.8626083731651306,0.00022421276662498713
DQN,65,final,1035,4035,0.09000000000000001,1.0,1.0,0.219686821103096,0.0007397014414891601
DQN,65,final,1036,4036,0.0715221929550171,2.0,2.0,0.6586280465126038,0.0003112640406470746
DQN,65,final,1037,4037,0.03155685424804688,4.0,3.0,0.6734251379966736,0.0005606079175777268
DQN,65,final,1038,4038,0.09000000000000001,1.0,1.0,0.10763050615787506,0.00025226938305422664
DQN,65,final,1039,4039,-0.026512159109115585,2.0,2.0,0.22272451221942902,0.0008150246576406062
DQN,65,final,1040,4040,0.07234317064285278,5.0,4.0,0.7713243365287781,0.0012130764196626842
DQN,65,final,1041,4041,0.11161162137985231,2.0,2.0,0.7562417984008789,0.0004952876624884084
DQN,65,final,1042,4042,0.12103738069534303,2.0,2.0,0.9032300114631653,0.00043201629887335
DQN,65,final,1043,4043,0.03142242312431336,2.0,2.0,0.2607569694519043,0.00026893838366959244
DQN,65,final,1044,4044,0.44868380546569825,3.0,3.0,0.5569390058517456,0.0002948855593179663
DQN,65,final,1045,4045,0.09000000000000001,1.0,1.0,0.1578126698732376,0.00025286839809268713
DQN,65,final,1046,4046,0.09000000000000001,1.0,1.0,0.16457296907901764,0.00030157738365232944
DQN,65,final,1047,4047,-0.34692621231079107,10.0,3.0,0.970093846321106,0.00037161910586291924
DQN,65,final,1048,4048,0.12402154684066774,2.0,2.0,0.7042193412780762,0.00028451830439735204
DQN,65,final,1049,4049,0.09000000000000001,1.0,1.0,0.24344153702259064,0.0002114819799317047
DQN,65,final,1050,4050,0.09000000000000001,1.0,1.0,0.19008095562458038,0.001442968612536788
DQN,65,final,1051,4051,0.24490036249160768,2.0,2.0,0.8805901408195496,0.0003598373878048733
DQN,65,final,1052,4052,0.09000000000000001,1.0,1.0,0.48912838101387024,0.0004889722331427038
DQN,65,final,1053,4053,-0.006644170284271236,3.0,2.0,0.5419934391975403,0.0005672671444093188
DQN,65,final,1054,4054,0.1054219174385071,2.0,2.0,0.7151365280151367,0.0010415216675028205
DQN,65,final,1055,4055,-0.0009729695320129239,2.0,2.0,0.2897554934024811,0.0004692465881817043
DQN,65,final,1056,4056,0.09000000000000001,1.0,1.0,0.19537019729614258,0.0017991089262068272
DQN,65,final,1057,4057,0.09000000000000001,1.0,1.0,0.5503191351890564,0.00043988629477098584
DQN,65,final,1058,4058,0.2944829034805298,2.0,2.0,0.5380090475082397,0.0005722429777961224
DQN,65,final,1059,4059,0.09000000000000001,1.0,1.0,0.29811960458755493,0.0011898683151230216
DQN,65,final,1060,4060,0.30671335935592653,2.0,2.0,0.6933595538139343,0.000504670591908507
DQN,65,final,1061,4061,0.26785892963409424,3.0,3.0,0.6417455077171326,0.00034619404080634314
DQN,65,final,1062,4062,-0.040637252926826475,2.0,2.0,0.2460845708847046,0.00039204027416417375
DQN,65,final,1063,4063,0.09000000000000001,1.0,1.0,0.6326688528060913,0.00036163453478366137
DQN,65,final,1064,4064,0.09000000000000001,1.0,1.0,0.8294257521629333,0.00034019231679849327
DQN,65,final,1065,4065,0.09000000000000001,1.0,1.0,0.18249022960662842,0.0004560602828860283
DQN,65,final,1066,4066,0.09000000000000001,1.0,1.0,0.44173362851142883,0.00033336482010781765
DQN,65,final,1067,4067,0.1610956859588623,3.0,3.0,0.9826267957687378,0.0016007066878955811
DQN,65,final,1068,4068,0.049261854887008676,2.0,2.0,0.11078383773565292,0.0013604366249637678
DQN,65,final,1069,4069,0.09000000000000001,1.0,1.0,0.3470938205718994,0.0006749166059307754
DQN,65,final,1070,4070,0.12853880405426027,2.0,2.0,0.9721899032592773,0.0003516733122523874
DQN,65,final,1071,4071,0.05827017307281495,2.0,2.0,0.5627005100250244,0.0008494805078953505
DQN,65,final,1072,4072,0.08475077867507935,3.0,3.0,0.7897063493728638,0.0016830561119907845
DQN,65,final,1073,4073,0.17795570373535158,2.0,2.0,0.6108865141868591,0.0006491666135843843
DQN,65,final,1074,4074,0.1701676118373871,2.0,2.0,0.49166515469551086,0.0003500751336105168
DQN,65,final,1075,4075,0.16857738971710207,2.0,2.0,0.6986612677574158,0.00040071047260425985
DQN,65,final,1076,4076,0.1403480339050293,2.0,2.0,0.4519568085670471,0.00038851212593726814
DQN,65,final,1077,4077,0.09000000000000001,1.0,1.0,0.21886073052883148,0.010957694612443447
DQN,65,final,1078,4078,0.09000000000000001,1.0,1.0,0.17492008209228516,0.0003436002880334854
DQN,65,final,1079,4079,0.09000000000000001,1.0,1.0,0.5041502714157104,0.0002756290778052062
DQN,65,final,1080,4080,0.09000000000000001,1.0,1.0,0.19487769901752472,0.00025998393539339304
DQN,65,final,1081,4081,0.13124329566955567,3.0,3.0,0.6937755346298218,0.0008162980569371333
DQN,65,final,1082,4082,0.09000000000000001,1.0,1.0,0.15669777989387512,0.00020204216707497835
DQN,65,final,1083,4083,0.09000000000000001,1.0,1.0,0.232491597533226,0.0003268327855039388
DQN,65,final,1084,4084,0.09000000000000001,1.0,1.0,0.4751428961753845,0.0003065738419536501
DQN,65,final,1085,4085,0.25898958921432497,2.0,2.0,0.5429571270942688,0.0006187896651681513
DQN,65,final,1086,4086,0.1053734588623047,2.0,2.0,0.4753498435020447,0.000405452330596745
DQN,65,final,1087,4087,0.08254870951175691,2.0,2.0,0.17671868205070496,0.00039424889837391675
DQN,65,final,1088,4088,0.2120997476577759,2.0,2.0,0.37371009588241577,0.0011135868699057028
DQN,65,final,1089,4089,0.09000000000000001,1.0,1.0,0.26406583189964294,0.00033208297099918127
DQN,65,final,1090,4090,0.1974866557121277,2.0,2.0,0.8981948494911194,0.0005131570214871317
DQN,65,final,1091,4091,0.09000000000000001,1.0,1.0,0.09463613480329514,0.00012555475404951721
DQN,65,final,1092,4092,0.4321228134632111,2.0,2.0,0.4658828675746918,0.002363644598517567
DQN,65,final,1093,4093,0.09397886872291566,2.0,2.0,0.2749205529689789,0.00021563272457569838
DQN,65,final,1094,4094,0.14520679593086244,2.0,2.0,0.2695346474647522,0.0005762555811088532
DQN,65,final,1095,4095,0.20858455419540406,3.0,3.0,0.7347639799118042,0.0005070584884379059
DQN,65,final,1096,4096,0.07715881049633028,2.0,2.0,0.19720685482025146,0.0003166953392792493
DQN,65,final,1097,4097,0.1048648524284363,2.0,2.0,0.9168707728385925,0.0003647267149062827
DQN,65,final,1098,4098,0.08868569135665895,5.0,4.0,0.5970467329025269,0.00036734839668497445
DQN,65,final,1099,4099,0.11396511077880861,2.0,2.0,0.8278099894523621,0.00034439082082826644
DQN,65,final,1100,4100,0.09000000000000001,1.0,1.0,0.5067018866539001,0.00024354371998924762
DQN,65,final,1101,4101,0.1346373724937439,2.0,2.0,0.9109031558036804,0.00032648470369167626
DQN,65,final,1102,4102,-0.3769802927970886,10.0,2.0,0.6575247049331665,0.00036863710556644946
DQN,65,final,1103,4103,0.09000000000000001,1.0,1.0,0.7591499090194702,0.0002319880877621472
DQN,65,final,1104,4104,-0.08082350850105287,6.0,4.0,0.5078832507133484,0.0003175506038436045
DQN,65,final,1105,4105,0.16793359994888307,2.0,2.0,0.961802065372467,0.0002919107355410233
DQN,65,final,1106,4106,0.24399740219116212,3.0,3.0,0.7113724946975708,0.0005267185624688864
DQN,65,final,1107,4107,0.09000000000000001,1.0,1.0,0.08723466843366623,0.0003190444258507341
DQN,65,final,1108,4108,0.09000000000000001,1.0,1.0,0.23372198641300201,0.000638200028333813
DQN,65,final,1109,4109,0.1952896785736084,3.0,3.0,0.8016776442527771,0.00027862334294089425
DQN,65,final,1110,4110,0.16311939239501955,2.0,2.0,0.7778657078742981,0.0004992825561203063
DQN,65,final,1111,4111,0.14749415397644045,2.0,2.0,0.7758978009223938,0.00027807262813439593
DQN,65,final,1112,4112,0.09000000000000001,1.0,1.0,0.6193787455558777,0.00023893144680187106
DQN,65,final,1113,4113,0.09000000000000001,1.0,1.0,0.6721990704536438,0.00017348107940051705
DQN,65,final,1114,4114,0.09000000000000001,1.0,1.0,0.4629143178462982,0.00021411542547866702
DQN,65,final,1115,4115,-0.11544267416000366,3.0,2.0,0.984867513179779,0.00032941608030038577
DQN,65,final,1116,4116,0.12952394962310793,2.0,2.0,0.8427068591117859,0.0005639242735924199
DQN,65,final,1117,4117,0.09000000000000001,1.0,1.0,0.3688194453716278,0.0003188340924680233
DQN,65,final,1118,4118,0.3685454797744751,3.0,3.0,0.8266506195068359,0.00020742409105878323
DQN,65,final,1119,4119,0.09000000000000001,1.0,1.0,0.6114348769187927,0.0001942945527844131
DQN,65,final,1120,4120,0.09000000000000001,1.0,1.0,0.10017818212509155,0.0001600351242814213
DQN,65,final,1121,4121,0.09000000000000001,1.0,1.0,0.7552751302719116,0.0002839153748936951
DQN,65,final,1122,4122,0.2252445983886719,2.0,2.0,1.0926989316940308,0.00016380753368139267
DQN,65,final,1123,4123,0.038919231891632086,4.0,2.0,0.890069305896759,0.0006925846537342295
DQN,65,final,1124,4124,0.09000000000000001,1.0,1.0,0.3630411922931671,0.00040733395144343376
DQN,65,final,1125,4125,0.10334051609039308,4.0,3.0,0.3568376898765564,0.0004864229340455495
DQN,65,final,1126,4126,0.09000000000000001,1.0,1.0,0.2937178313732147,0.0005564435268752277
DQN,65,final,1127,4127,0.3560714602470398,5.0,5.0,0.8752828240394592,0.0003741858119610697
DQN,65,final,1128,4128,0.4976992177963257,2.0,2.0,1.1760730743408203,0.00055151671404019
DQN,65,final,1129,4129,0.27799920916557314,2.0,2.0,0.4580443799495697,0.002283926311065443
DQN,65,final,1130,4130,-0.08897660017013549,9.0,3.0,0.5204263925552368,0.0006550058104848075
DQN,65,final,1131,4131,0.16789294958114626,2.0,2.0,0.7209321856498718,0.0003860967990476638
DQN,65,final,1132,4132,0.17619593620300295,2.0,2.0,0.7827187776565552,0.0008054994104895741
DQN,65,final,1133,4133,0.3243109655380249,3.0,3.0,1.0658881664276123,0.0002752960426732898
DQN,65,final,1134,4134,0.2762429189682007,3.0,3.0,0.7852131724357605,0.0013185033264259498
DQN,65,final,1135,4135,-0.06280214369297026,3.0,3.0,0.32306042313575745,0.0005367600436632832
DQN,65,final,1136,4136,0.09000000000000001,1.0,1.0,0.1334063708782196,0.0003253290196880698
DQN,65,final,1137,4137,0.28989543199539186,2.0,2.0,0.566912829875946,0.00027946842601522803
DQN,65,final,1138,4138,0.1166993546485901,2.0,2.0,0.6048821806907654,0.0008500449475832283
DQN,65,final,1139,4139,0.09000000000000001,1.0,1.0,0.6255267262458801,0.0019979665521532297
DQN,65,final,1140,4140,0.34946650981903077,3.0,3.0,0.6047026515007019,0.0004012646774450938
DQN,65,final,1141,4141,-0.363616943359375,10.0,3.0,0.7184626460075378,0.000512106591486372
DQN,65,final,1142,4142,0.21711416721343996,2.0,2.0,0.6109827160835266,0.000672706140903756
DQN,65,final,1143,4143,0.09000000000000001,1.0,1.0,0.6601902842521667,0.0016957108164206147
DQN,65,final,1144,4144,0.20960295915603638,3.0,3.0,0.8169013261795044,0.00438543709848697
DQN,65,final,1145,4145,0.272644944190979,3.0,3.0,0.7425668835639954,0.0003736589230053748
DQN,65,final,1146,4146,0.12778105020523073,2.0,2.0,0.7370956540107727,0.0016511405701749027
DQN,65,final,1147,4147,0.011141362190246598,6.0,4.0,0.9041538834571838,0.0004746408061085579
DQN,65,final,1148,4148,0.1386540997028351,2.0,2.0,0.37441471219062805,0.001977472275029868
DQN,65,final,1149,4149,0.09000000000000001,1.0,1.0,0.11445217579603195,0.00031219059019349515
DQN,65,final,1150,4150,0.05831115126609803,2.0,2.0,0.45939749479293823,0.00022031385742593557
DQN,65,final,1151,4151,0.31509645462036134,2.0,2.0,0.7005776762962341,0.0011850812734337524
DQN,65,final,1152,4152,0.08839316844940187,2.0,2.0,0.9673781394958496,0.0007062967779347673
DQN,65,final,1153,4153,0.18602646350860597,4.0,3.0,0.6740173697471619,0.00034171517108916305
DQN,65,final,1154,4154,0.09000000000000001,1.0,1.0,0.23379437625408173,0.00036308151902630925
DQN,65,final,1155,4155,-0.49338780641555785,10.0,2.0,0.24059191346168518,0.0003589347092201933
DQN,65,final,1156,4156,0.24518460750579835,3.0,3.0,1.1395314931869507,0.0004481453652260825
DQN,65,final,1157,4157,-0.017276597023010272,10.0,4.0,0.9442213773727417,0.0003566486018826254
DQN,65,final,1158,4158,0.11158574342727662,3.0,3.0,0.7826833724975586,0.0003716046048793942
DQN,65,final,1159,4159,-0.0009581577777862393,2.0,2.0,0.5195523500442505,0.00027679653430823237
DQN,65,final,1160,4160,0.26174397945404054,2.0,2.0,0.5897019505500793,0.00031947346724336967
DQN,65,final,1161,4161,-0.29184490442276,10.0,3.0,0.7328566312789917,0.0002476884372299537
DQN,65,final,1162,4162,-0.034049056768417366,3.0,3.0,0.43165168166160583,0.0003088142548222095
DQN,65,final,1163,4163,0.024848721027374274,4.0,2.0,0.5335431098937988,0.0004416577248775866
DQN,65,final,1164,4164,0.09000000000000001,1.0,1.0,0.16143973171710968,0.00018861235002987087
DQN,65,final,1165,4165,0.09000000000000001,1.0,1.0,0.5991124510765076,0.00015331132453866303
DQN,65,final,1166,4166,-0.0015032815933227334,3.0,3.0,0.8075651526451111,0.0003223663855654498
DQN,65,final,1167,4167,0.04935436129570008,2.0,2.0,0.5261958241462708,0.000769224381656386
DQN,65,final,1168,4168,0.12786884784698488,2.0,2.0,0.7688149809837341,0.00029707318026339635
DQN,65,final,1169,4169,0.22943748712539674,2.0,2.0,0.7750301361083984,0.000217895838432014
DQN,65,final,1170,4170,0.03630612015724183,3.0,3.0,0.4967830777168274,0.00045213916261369985
DQN,65,final,1171,4171,0.3218606281280518,2.0,2.0,0.8803572654724121,0.001756632380420342
DQN,65,final,1172,4172,0.1408339309692383,2.0,2.0,0.64754718542099,0.0014344619703479111
DQN,65,final,1173,4173,0.09000000000000001,1.0,1.0,0.2627955973148346,0.0003274366317782551
DQN,65,final,1174,4174,0.059189932346344,2.0,2.0,0.14453016221523285,0.0004370808892417699
DQN,65,final,1175,4175,0.10975778818130494,3.0,3.0,0.7839155197143555,0.0003310922863117109
DQN,65,final,1176,4176,0.20591952085494997,2.0,2.0,0.6542103886604309,0.0004528273711912334
DQN,65,final,1177,4177,0.09000000000000001,1.0,1.0,0.20596499741077423,0.0003378466353751719
DQN,65,final,1178,4178,0.3493457508087158,3.0,3.0,0.9886388778686523,0.0004784434471124162
DQN,65,final,1179,4179,0.3266160559654236,3.0,3.0,0.7693904042243958,0.00030901070567779243
DQN,65,final,1180,4180,0.09000000000000001,1.0,1.0,0.0813872441649437,0.0004895285237580538
DQN,65,final,1181,4181,0.38822270154953004,3.0,3.0,0.8777900338172913,0.00027552118020442623
DQN,65,final,1182,4182,0.12571818351745606,3.0,3.0,0.31279492378234863,0.0009688454835365216
DQN,65,final,1183,4183,0.10695110440254213,2.0,2.0,0.3823685646057129,0.00034965995291713625
DQN,65,final,1184,4184,0.09000000000000001,1.0,1.0,0.3792783319950104,0.00033469568006694317
DQN,65,final,1185,4185,0.09000000000000001,1.0,1.0,0.210209921002388,0.0002392054011579603
DQN,65,final,1186,4186,-0.027478139400482174,3.0,2.0,0.609359860420227,0.00044117277138866484
DQN,65,final,1187,4187,0.09581740379333498,2.0,2.0,0.7289866209030151,0.00026370282284915447
DQN,65,final,1188,4188,0.2657812309265137,3.0,3.0,0.6246953010559082,0.0005322424985934049
DQN,65,final,1189,4189,0.09000000000000001,1.0,1.0,0.20642705261707306,0.0007790223462507129
DQN,65,final,1190,4190,0.01739538669586181,4.0,3.0,1.265521764755249,0.0007551094058726449
DQN,65,final,1191,4191,0.21013803005218507,3.0,3.0,0.630726158618927,0.0002326744118666587
DQN,65,final,1192,4192,0.09000000000000001,1.0,1.0,0.7586072683334351,0.00040083209751173854
DQN,65,final,1193,4193,0.09000000000000001,1.0,1.0,0.4497658312320709,0.0006415006937459111
DQN,65,final,1194,4194,0.05620749473571778,2.0,2.0,0.6712314486503601,0.000275208629318513
DQN,65,final,1195,4195,0.09000000000000001,1.0,1.0,0.17839033901691437,0.0006508468650281429
DQN,65,final,1196,4196,0.09000000000000001,1.0,1.0,0.5880143046379089,0.0010059124324470758
DQN,65,final,1197,4197,0.015619592666625992,2.0,2.0,0.6288451552391052,0.000550069788005203
DQN,65,final,1198,4198,0.20768066167831423,3.0,2.0,0.8418696522712708,0.0011413599325654407
DQN,65,final,1199,4199,-0.13019671320915222,3.0,3.0,0.4612932503223419,0.0004931309279830506
DQN,65,final,1200,4200,0.20110257148742677,2.0,2.0,0.528197705745697,0.00030547358619514853
DQN,65,final,1201,4201,0.09000000000000001,1.0,1.0,0.34475797414779663,0.00098205148242414
DQN,65,final,1202,4202,0.050222682952880876,5.0,5.0,0.9468736052513123,0.0003964422096032649
DQN,65,final,1203,4203,0.18892491579055787,3.0,3.0,0.7323106527328491,0.0011012615674796204
DQN,65,final,1204,4204,0.09000000000000001,1.0,1.0,0.17283748090267181,0.00025894425925798714
DQN,65,final,1205,4205,0.1798855531215668,2.0,2.0,0.38397589325904846,0.0002943727085948922
DQN,65,final,1206,4206,0.03746296644210816,2.0,2.0,0.5656370520591736,0.00038648695044685155
DQN,65,final,1207,4207,0.09000000000000001,1.0,1.0,0.7435765862464905,0.00034469785168766975
DQN,65,final,1208,4208,0.09000000000000001,1.0,1.0,0.45387497544288635,0.0002626763307489455
DQN,65,final,1209,4209,0.25113888263702394,2.0,2.0,0.47494786977767944,0.00033471168717369437
DQN,65,final,1210,4210,0.11421329259872437,7.0,4.0,0.8809930682182312,0.0006420103974440801
DQN,65,final,1211,4211,0.09000000000000001,1.0,1.0,0.21514558792114258,8.685440116096288e-05
DQN,65,final,1212,4212,0.09000000000000001,1.0,1.0,0.5160338878631592,0.00015371583867818117
DQN,65,final,1213,4213,0.09000000000000001,1.0,1.0,0.37027639150619507,0.0006103815394453704
DQN,65,final,1214,4214,-0.043350530862808226,7.0,3.0,0.48419085144996643,0.0005299105791241995
DQN,65,final,1215,4215,-0.5625238299369812,10.0,2.0,0.6355020403862,0.0005442246038001031
DQN,65,final,1216,4216,0.19182128429412842,3.0,3.0,0.8218807578086853,0.00040564996500809986
DQN,65,final,1217,4217,0.09000000000000001,1.0,1.0,0.21914471685886383,0.0003282813122496009
DQN,65,final,1218,4218,0.09000000000000001,1.0,1.0,0.4527321457862854,0.00046870039659552276
DQN,65,final,1219,4219,0.09000000000000001,1.0,1.0,0.3534444272518158,0.0005713671562261879
DQN,65,final,1220,4220,-0.012795431613922104,2.0,2.0,0.37051457166671753,0.0007632463239133358
DQN,65,final,1221,4221,0.13975532531738283,2.0,2.0,0.9064671397209167,0.0004884368099737912
DQN,65,final,1222,4222,0.1575173306465149,2.0,2.0,0.8119862675666809,0.0004840713445446454
DQN,65,final,1223,4223,0.22685492753982545,3.0,3.0,0.8554654717445374,0.00044919526650725555
DQN,65,final,1224,4224,0.09000000000000001,1.0,1.0,0.33522728085517883,0.00029900181107223034
DQN,65,final,1225,4225,0.17352331638336183,4.0,3.0,0.7377358078956604,0.00039392196777043864
DQN,65,final,1226,4226,0.027451949119567887,2.0,2.0,0.7586720585823059,0.0005206350469961762
DQN,65,final,1227,4227,0.07847573041915895,2.0,2.0,0.6120210886001587,0.00037908869853708893
DQN,65,final,1228,4228,0.01905544281005861,2.0,2.0,1.1030921936035156,0.0003527682856656611
DQN,65,final,1229,4229,0.09000000000000001,1.0,1.0,0.8999624252319336,0.0004864210495725274
DQN,65,final,1230,4230,0.09000000000000001,1.0,1.0,0.13781455159187317,0.0004597638617269695
DQN,65,final,1231,4231,0.28093153953552247,3.0,3.0,0.8492990732192993,0.001566431048559025
DQN,65,final,1232,4232,0.1377918791770935,3.0,3.0,0.8089126944541931,0.00029506204979649436
DQN,65,final,1233,4233,-0.1254819345474243,7.0,2.0,0.5492178201675415,0.000804290988266335
DQN,65,final,1234,4234,0.27159191846847536,2.0,2.0,0.8349079489707947,0.00024968211801024154
DQN,65,final,1235,4235,0.09000000000000001,1.0,1.0,0.47649070620536804,0.0006409024354070425
DQN,65,final,1236,4236,0.09000000000000001,1.0,1.0,0.3028726875782013,0.00056127441348508
DQN,65,final,1237,4237,0.16668172359466554,2.0,2.0,1.153527855873108,0.0006541292095789686
DQN,65,final,1238,4238,0.2076275420188904,3.0,3.0,0.5892019867897034,0.000591819582041353
DQN,65,final,1239,4239,0.12876634478569032,2.0,2.0,0.38115209341049194,0.00033517736301291734
DQN,65,final,1240,4240,0.2319160270690918,2.0,2.0,0.5582070350646973,0.00017970786575460806
DQN,65,final,1241,4241,0.08598159432411195,2.0,2.0,0.4213276505470276,0.00038345820212271065
DQN,65,final,1242,4242,0.09000000000000001,1.0,1.0,0.15759865939617157,0.00026775168953463435
DQN,65,final,1243,4243,0.09000000000000001,1.0,1.0,0.9189526438713074,0.000551787787117064
DQN,65,final,1244,4244,0.11229868412017824,2.0,2.0,1.1915184259414673,0.0002604322144179605
DQN,65,final,1245,4245,0.2563904690742493,2.0,2.0,0.7066362500190735,0.0003033581015188247
DQN,65,final,1246,4246,0.09000000000000001,1.0,1.0,0.12036210298538208,0.00044756397255696356
DQN,65,final,1247,4247,0.042650269269943246,2.0,2.0,0.4677884578704834,0.0003414850070839748
DQN,65,final,1248,4248,0.11910583257675172,2.0,2.0,0.6200075149536133,0.00024740881781326607
DQN,65,final,1249,4249,0.09000000000000001,1.0,1.0,0.42303499579429626,0.00021393963834270835
DQN,65,final,1250,4250,0.09000000000000001,1.0,1.0,0.6481999158859253,0.0003703343099914491
DQN,65,final,1251,4251,0.08537893176078798,2.0,2.0,0.2933667004108429,0.00023301213514059782
DQN,65,final,1252,4252,-0.2056832313537598,10.0,3.0,0.8858294486999512,0.0006284611881710589
DQN,65,final,1253,4253,0.09000000000000001,1.0,1.0,0.272927850484848,0.00030643565696664155
DQN,65,final,1254,4254,0.2856493663787842,3.0,3.0,0.9138036966323853,0.0011510474141687155
DQN,65,final,1255,4255,0.050238730311393746,2.0,2.0,0.21932564675807953,0.0004599570529535413
DQN,65,final,1256,4256,0.1856451201438904,2.0,2.0,0.7194939851760864,0.00034541670174803585
DQN,65,final,1257,4257,0.11197342157363893,2.0,2.0,0.6221243143081665,0.00038570156903006136
DQN,65,final,1258,4258,0.06571484565734864,4.0,3.0,0.817304790019989,0.0004621401021722704
DQN,65,final,1259,4259,0.07869965553283692,3.0,3.0,0.9527522325515747,0.0004021930799353868
DQN,65,final,1260,4260,0.0628004837036133,2.0,2.0,0.8295997977256775,0.00025811968225752935
DQN,65,final,1261,4261,0.09000000000000001,1.0,1.0,0.246894970536232,0.00012923839676659554
DQN,65,final,1262,4262,0.49922235488891603,2.0,2.0,1.2943617105484009,0.00023667208733968437
DQN,65,final,1263,4263,0.5603907775878906,3.0,3.0,1.3018875122070312,0.000876098230946809
DQN,65,final,1264,4264,0.024773524999618546,2.0,2.0,0.5181378722190857,0.0003317055816296488
DQN,65,final,1265,4265,0.14906849145889284,2.0,2.0,0.42409181594848633,0.00029394908051472157
DQN,65,final,1266,4266,0.38279922485351564,2.0,2.0,0.5002020597457886,0.0004906186368316412
DQN,65,final,1267,4267,-0.33616118431091313,10.0,2.0,0.6955584287643433,0.0005138671665918082
DQN,65,final,1268,4268,0.2650506567955017,3.0,3.0,0.7404146194458008,0.00210738517732049
DQN,65,final,1269,4269,0.01600043654441835,2.0,2.0,0.3548130989074707,0.000916093762498349
DQN,65,final,1270,4270,0.15886460423469545,2.0,2.0,0.4262658655643463,0.0004856635059695691
DQN,65,final,1271,4271,-0.04417933344841003,2.0,2.0,0.6154779195785522,0.0002730300620896742
DQN,65,final,1272,4272,-0.13544886350631713,9.0,4.0,0.6224144697189331,0.0007220943257885261
DQN,65,final,1273,4273,0.23010582447052003,3.0,3.0,0.7200937271118164,0.0008695385962103804
DQN,65,final,1274,4274,0.1940895485877991,2.0,2.0,0.6206086277961731,0.0004198729438940063
DQN,65,final,1275,4275,-0.30887290835380554,10.0,3.0,0.45902326703071594,0.0008652065444039181
DQN,65,final,1276,4276,0.1323856282234192,2.0,2.0,0.3435906767845154,0.00041023224184755236
DQN,65,final,1277,4277,0.17191063046455385,2.0,2.0,0.25425317883491516,0.0005040112009737641
DQN,65,final,1278,4278,0.2355171310901642,2.0,2.0,0.4681154191493988,0.0005393548490246758
DQN,65,final,1279,4279,0.09000000000000001,1.0,1.0,0.3210960924625397,0.0007860076148062944
DQN,65,final,1280,4280,0.07630646944046021,3.0,3.0,0.6499661207199097,0.0005831138017432144
DQN,65,final,1281,4281,0.0672209930419922,3.0,3.0,0.5215182304382324,0.0007846356408360103
DQN,65,final,1282,4282,0.28728548407554627,3.0,3.0,0.42471691966056824,0.00033595327598353225
DQN,65,final,1283,4283,0.29787601709365846,2.0,2.0,0.6262078881263733,0.0006538251327583566
DQN,65,final,1284,4284,-0.0006016024947166354,4.0,3.0,0.11218138784170151,0.0004846351730520837
DQN,65,final,1285,4285,-0.10722655296325682,4.0,4.0,0.8163198828697205,0.0005224540582275949
DQN,65,final,1286,4286,0.1310344409942627,3.0,3.0,0.587763249874115,0.0024724845910289637
DQN,65,final,1287,4287,-0.14100608587265012,6.0,2.0,0.8834885358810425,0.0013026528952953715
DQN,65,final,1288,4288,0.09064205169677736,2.0,2.0,0.7452808618545532,0.000722340919310227
DQN,65,final,1289,4289,0.09000000000000001,1.0,1.0,0.9829421639442444,0.0003653954481706023
DQN,65,final,1290,4290,0.14673537194728853,2.0,2.0,0.2268090695142746,0.0010898644686676562
DQN,65,final,1291,4291,-0.204182596206665,7.0,2.0,0.7289866209030151,0.0008283468154591642
DQN,65,final,1292,4292,0.16511102199554445,2.0,2.0,0.4240541458129883,0.0006487906794063747
DQN,65,final,1293,4293,0.15090060949325562,3.0,3.0,0.30193600058555603,0.0003441672306507826
DQN,65,final,1294,4294,0.37999715089797975,2.0,2.0,0.680065929889679,0.0006784294382669032
DQN,65,final,1295,4295,0.12471158981323244,2.0,2.0,0.6827441453933716,0.000689117208821699
DQN,65,final,1296,4296,0.08218772888183595,2.0,2.0,0.7003387808799744,0.0006103482737671584
DQN,65,final,1297,4297,-0.021229190826416,2.0,2.0,0.5779170393943787,0.000964490114711225
DQN,65,final,1298,4298,0.28478837728500367,3.0,3.0,0.830313503742218,0.0017502197976379346
DQN,65,final,1299,4299,-0.18346356391906737,4.0,3.0,0.7909398674964905,0.0004774620829266496
DQN,65,final,1300,4300,0.09000000000000001,1.0,1.0,0.25214824080467224,0.000746971694752574
DQN,65,final,1301,4301,0.09000000000000001,1.0,1.0,0.3466145098209381,0.0006674609612673521
DQN,65,final,1302,4302,-0.166532576084137,10.0,3.0,0.9387648701667786,0.0005139955348568038
DQN,65,final,1303,4303,0.09000000000000001,1.0,1.0,0.4427783787250519,0.0004717546689789742
DQN,65,final,1304,4304,0.44044405937194825,3.0,3.0,1.1105269193649292,0.00045451569409730536
DQN,65,final,1305,4305,0.09000000000000001,1.0,1.0,0.3175542950630188,0.0004639138060156256
DQN,65,final,1306,4306,-0.24144155979156495,10.0,4.0,0.9469722509384155,0.0009758686530403793
DQN,65,final,1307,4307,0.21301604986190797,2.0,2.0,0.7342768311500549,0.0008320314955199137
DQN,65,final,1308,4308,0.11255879878997804,2.0,2.0,0.666022777557373,0.0013471139536704868
DQN,65,final,1309,4309,0.09000000000000001,1.0,1.0,0.22658386826515198,0.0010190514149144292
DQN,65,final,1310,4310,0.09000000000000001,1.0,1.0,0.22892610728740692,0.0002467990561854094
DQN,65,final,1311,4311,0.06896831274032594,2.0,2.0,0.18321149051189423,0.0005118329863762483
DQN,65,final,1312,4312,0.09000000000000001,1.0,1.0,0.7802785038948059,0.00027668391703628004
DQN,65,final,1313,4313,0.27684076309204103,2.0,2.0,0.7225551605224609,0.00042245668009854853
DQN,65,final,1314,4314,-0.005899233818054184,2.0,2.0,0.3863024115562439,0.0006121565238572657
DQN,65,final,1315,4315,0.24586762666702272,2.0,2.0,0.5980175733566284,0.0009484410402365029
DQN,65,final,1316,4316,0.09000000000000001,1.0,1.0,0.19430577754974365,0.0003018875140696764
DQN,65,final,1317,4317,0.24402512788772585,2.0,2.0,0.955509603023529,0.00041982310358434916
DQN,65,final,1318,4318,0.07731984734535219,2.0,2.0,0.3372282087802887,0.00034994490852113813
DQN,65,final,1319,4319,0.007057571411132821,10.0,3.0,0.6933423280715942,0.0015795534563949332
DQN,65,final,1320,4320,-0.3124479651451111,10.0,3.0,0.8826783299446106,0.0007133928767871112
DQN,65,final,1321,4321,0.20016594409942629,2.0,2.0,0.6071459650993347,0.0004943445237586275
DQN,65,final,1322,4322,0.09000000000000001,1.0,1.0,1.0049103498458862,0.00037696503568440676
DQN,65,final,1323,4323,0.09000000000000001,1.0,1.0,1.1069117784500122,0.000308013433823362
DQN,65,final,1324,4324,0.09000000000000001,1.0,1.0,0.0489652156829834,0.000308325223159045
DQN,65,final,1325,4325,0.09000000000000001,1.0,1.0,0.7436837553977966,0.00037418550346046686
DQN,65,final,1326,4326,0.20503336906433106,3.0,3.0,0.9204698801040649,0.0003303056097744654
DQN,65,final,1327,4327,0.1125523614883423,2.0,2.0,0.7251332998275757,0.0004673608491430059
DQN,65,final,1328,4328,0.13074059009552003,3.0,3.0,0.7926210761070251,0.0004551359258281688
DQN,65,final,1329,4329,0.09000000000000001,1.0,1.0,0.5468921065330505,0.0003370479098521173
DQN,65,final,1330,4330,0.0401094675064087,5.0,3.0,0.8088506460189819,0.00048636613064445555
DQN,65,final,1331,4331,0.3016403388977051,3.0,3.0,0.8584014177322388,0.00043172744820670533
DQN,65,final,1332,4332,0.09000000000000001,1.0,1.0,0.4797852039337158,0.00038462705560959876
DQN,65,final,1333,4333,0.2062316703796387,2.0,2.0,0.8569983839988708,0.001037237889249809
DQN,65,final,1334,4334,0.07730348587036134,2.0,2.0,0.4583684504032135,0.0027267788245808333
DQN,65,final,1335,4335,-0.18223039627075194,7.0,3.0,0.6490049958229065,0.00041697077228621183
DQN,65,final,1336,4336,0.10653378248214723,2.0,2.0,0.3206108510494232,0.0008723594073671848
DQN,65,final,1337,4337,-0.04690259277820587,3.0,2.0,0.19649659097194672,0.0013440543746886153
DQN,65,final,1338,4338,0.09000000000000001,1.0,1.0,0.2906424105167389,0.0004771769163198769
DQN,65,final,1339,4339,0.09466494083404542,4.0,3.0,1.1433191299438477,0.0004600160973495804
DQN,65,final,1340,4340,0.25277619242668153,2.0,2.0,0.4891442358493805,0.0007019002223387361
DQN,65,final,1341,4341,0.1671778726577759,2.0,2.0,0.8227259516716003,0.0003877169219776988
DQN,65,final,1342,4342,0.02732906460762026,3.0,3.0,0.472560316324234,0.000517107507524391
DQN,65,final,1343,4343,-0.2863401174545288,10.0,3.0,1.3370295763015747,0.0005446860595839098
DQN,65,final,1344,4344,0.2688146996498108,2.0,2.0,0.3243250846862793,0.0004700524004874751
DQN,65,final,1345,4345,0.09000000000000001,1.0,1.0,0.15707705914974213,0.000260775035712868
DQN,65,final,1346,4346,0.09000000000000001,1.0,1.0,0.15461310744285583,0.00024181741173379123
DQN,65,final,1347,4347,0.09000000000000001,1.0,1.0,0.32683712244033813,0.0003001929144375026
DQN,65,final,1348,4348,0.09000000000000001,1.0,1.0,0.2193014770746231,0.00044252831139601767
DQN,65,final,1349,4349,0.28887463331222535,3.0,3.0,0.8973014950752258,0.0004054628176769863
DQN,65,final,1350,4350,0.12270982742309572,2.0,2.0,0.8577841520309448,0.00025587504933355376
DQN,65,final,1351,4351,0.2389500904083252,2.0,2.0,0.9276512861251831,0.0017222139140358195
DQN,65,final,1352,4352,0.31833858013153077,3.0,3.0,0.5535913705825806,0.00032831449061632156
DQN,65,final,1353,4353,0.14383745908737183,3.0,3.0,0.923154354095459,0.00048468153302868205
DQN,65,final,1354,4354,0.09000000000000001,1.0,1.0,0.17616379261016846,0.0002453155175317079
DQN,65,final,1355,4355,0.09000000000000001,1.0,1.0,0.6558879613876343,0.0006288873846642673
DQN,65,final,1356,4356,0.09000000000000001,1.0,1.0,0.5246099233627319,0.0004985231789760292
DQN,65,final,1357,4357,0.09660108566284181,2.0,2.0,0.7020241618156433,0.0005760170752182603
DQN,65,final,1358,4358,0.07798768758773805,2.0,2.0,0.6163653135299683,0.0004099073266843334
DQN,65,final,1359,4359,0.09000000000000001,1.0,1.0,0.1418677121400833,0.0002020944084506482
DQN,65,final,1360,4360,-0.4798786818981171,10.0,2.0,0.3740663528442383,0.000775805753073655
DQN,65,final,1361,4361,0.09000000000000001,1.0,1.0,0.1209409236907959,0.00063117261743173
DQN,65,final,1362,4362,0.19316281557083131,2.0,2.0,0.5449487566947937,0.0003940244932891801
DQN,65,final,1363,4363,0.08129574537277223,2.0,2.0,0.22504886984825134,0.0003352212515892461
DQN,65,final,1364,4364,0.09000000000000001,1.0,1.0,0.31809350848197937,0.0003632327716331929
DQN,65,final,1365,4365,0.09000000000000001,1.0,1.0,0.06456328183412552,0.0011642023455351591
DQN,65,final,1366,4366,-0.37290963172912595,9.0,2.0,0.6654724478721619,0.001493780524469912
DQN,65,final,1367,4367,0.09000000000000001,1.0,1.0,0.2783828377723694,0.000260988250374794
DQN,65,final,1368,4368,0.09000000000000001,1.0,1.0,0.1790374368429184,0.0005385131225921214
DQN,65,final,1369,4369,0.043336527347564706,2.0,2.0,0.7833393812179565,0.00040652434108778834
DQN,65,final,1370,4370,-0.33967306613922116,10.0,2.0,0.8225264549255371,0.0005657526664435864
DQN,65,final,1371,4371,0.09000000000000001,1.0,1.0,0.2589230239391327,0.0005116440588608384
DQN,65,final,1372,4372,0.09000000000000001,1.0,1.0,0.14224044978618622,0.00042495873640291393
DQN,65,final,1373,4373,0.09000000000000001,1.0,1.0,0.3096703588962555,0.0005493502249009907
DQN,65,final,1374,4374,0.2071110773086548,2.0,2.0,1.042128324508667,0.0009697666100692004
DQN,65,final,1375,4375,-0.1441439509391785,10.0,4.0,0.6966341137886047,0.00038993825583020223
DQN,65,final,1376,4376,0.03669741928577424,2.0,2.0,0.28712624311447144,0.0005042560660513118
DQN,65,final,1377,4377,0.09000000000000001,1.0,1.0,0.46345871686935425,0.00042180524906143546
DQN,65,final,1378,4378,0.09000000000000001,1.0,1.0,0.15524117648601532,0.0006703970720991492
DQN,65,final,1379,4379,0.21229767799377441,5.0,4.0,0.8417521715164185,0.0005781019339337945
DQN,65,final,1380,4380,0.22874953031539919,2.0,2.0,0.7138634920120239,0.0006381160346791148
DQN,65,final,1381,4381,-0.022121243476867655,3.0,3.0,0.7440094947814941,0.0005385558179114014
DQN,65,final,1382,4382,0.14344759464263918,2.0,2.0,1.0047856569290161,0.0003917125577572733
DQN,65,final,1383,4383,0.12388427734375002,2.0,2.0,1.2280207872390747,0.00033815715869423
DQN,65,final,1384,4384,0.1518704342842102,7.0,4.0,0.7377462983131409,0.0003941708980294477
DQN,65,final,1385,4385,0.13650627613067629,2.0,2.0,0.778433620929718,0.0004199024842819199
DQN,65,final,1386,4386,0.09000000000000001,1.0,1.0,0.271537721157074,0.0006929444498382509
DQN,65,final,1387,4387,0.09000000000000001,1.0,1.0,0.34385445713996887,0.000409572443459183
DQN,65,final,1388,4388,0.19396390199661256,2.0,2.0,0.6417770385742188,0.001191973511595279
DQN,65,final,1389,4389,0.12121661186218263,2.0,2.0,1.0904697179794312,0.0008076309313764796
DQN,65,final,1390,4390,0.002269568443298328,6.0,4.0,1.0722627639770508,0.0006901800273529565
DQN,65,final,1391,4391,0.09000000000000001,1.0,1.0,0.3238052427768707,0.0003161596250720322
DQN,65,final,1392,4392,0.36970121383666993,3.0,3.0,0.7223559617996216,0.003232839109841734
DQN,65,final,1393,4393,0.16884411096572877,3.0,3.0,0.8893831968307495,0.0012051848267825942
DQN,65,final,1394,4394,0.15986859798431396,5.0,4.0,1.1138126850128174,0.0008161330129951239
DQN,65,final,1395,4395,0.175430006980896,3.0,3.0,0.8483807444572449,0.00047546975353422266
DQN,65,final,1396,4396,0.038015432357788106,3.0,3.0,0.9668713808059692,0.0006730183959007263
DQN,65,final,1397,4397,0.1423990297317505,2.0,2.0,0.5808300375938416,0.0004543634131550789
DQN,65,final,1398,4398,0.09000000000000001,1.0,1.0,0.3813817799091339,0.00032322778133675456
DQN,65,final,1399,4399,0.09000000000000001,1.0,1.0,0.37962061166763306,0.0007538364152424037
DQN,65,final,1400,4400,0.01475645780563356,2.0,2.0,0.9514750242233276,0.0016379416338168085
DQN,65,final,1401,4401,0.3947936964035034,3.0,3.0,1.0455238819122314,0.0014366342996557553
DQN,65,final,1402,4402,0.08865513086318971,2.0,2.0,0.8242071270942688,0.001010735024465248
DQN,65,final,1403,4403,0.09000000000000001,1.0,1.0,0.35541605949401855,0.00019233224156778306
DQN,65,final,1404,4404,0.10668440341949464,2.0,2.0,0.8422855734825134,0.00044107710709795356
DQN,65,final,1405,4405,0.0669506359100342,2.0,2.0,0.6183683276176453,0.0005376342596719041
DQN,65,final,1406,4406,0.06234623670578004,2.0,2.0,0.5807880163192749,0.0007883154903538525
DQN,65,final,1407,4407,0.09038562297821046,3.0,3.0,0.9507604837417603,0.00039662380004301667
DQN,65,final,1408,4408,0.09000000000000001,1.0,1.0,0.4702237546443939,0.0004018253821413964
DQN,65,final,1409,4409,0.3192537593841553,2.0,2.0,1.0164867639541626,0.0007480002532247454
DQN,65,final,1410,4410,0.1519280242919922,2.0,2.0,0.8424564003944397,0.0015323603292927146
DQN,65,final,1411,4411,0.09000000000000001,1.0,1.0,0.19782976806163788,0.00019865165813826025
DQN,65,final,1412,4412,0.0502398180961609,2.0,2.0,0.5919737219810486,0.0005233810952631757
DQN,65,final,1413,4413,0.06206979513168336,4.0,2.0,0.733243465423584,0.001406447081535589
DQN,65,final,1414,4414,0.09000000000000001,1.0,1.0,0.17397424578666687,0.0004206782323308289
DQN,65,final,1415,4415,0.06926556110382082,2.0,2.0,0.3322266936302185,0.0006948724330868572
DQN,65,final,1416,4416,0.27753122329711916,2.0,2.0,0.5992174744606018,0.00041660315764602274
DQN,65,final,1417,4417,0.09000000000000001,1.0,1.0,0.06352310627698898,0.0006190894637256861
DQN,65,final,1418,4418,0.09000000000000001,1.0,1.0,0.15188921988010406,0.0003422663430683315
DQN,65,final,1419,4419,0.09000000000000001,1.0,1.0,0.22350965440273285,0.0006844163872301579
DQN,65,final,1420,4420,0.06395490646362306,2.0,2.0,0.32105308771133423,0.0004039184714201838
DQN,65,final,1421,4421,0.10495561838150023,7.0,4.0,0.8254653811454773,0.0016167838641974544
DQN,65,final,1422,4422,0.243815975189209,2.0,2.0,0.823199450969696,0.0030370431195478886
DQN,65,final,1423,4423,0.04719396114349366,2.0,2.0,0.5989486575126648,0.0005993686208967119
DQN,65,final,1424,4424,0.06844741821289063,3.0,3.0,0.6462379693984985,0.0006289049439753095
DQN,65,final,1425,4425,0.09000000000000001,1.0,1.0,0.33486080169677734,0.0005142291192896664
DQN,65,final,1426,4426,-0.5595296621322632,10.0,3.0,0.6762061715126038,0.0010260524490149693
DQN,65,final,1427,4427,0.169460164308548,2.0,2.0,0.4128347933292389,0.00036762676609214395
DQN,65,final,1428,4428,0.07135789275169374,2.0,2.0,0.1282004863023758,0.00035262879100628197
DQN,65,final,1429,4429,0.09000000000000001,1.0,1.0,0.2512596547603607,0.00117064721416682
DQN,65,final,1430,4430,0.09000000000000001,1.0,1.0,0.4979850649833679,0.0006077538128010929
DQN,65,final,1431,4431,0.09000000000000001,1.0,1.0,0.1806172877550125,0.000801134156063199
DQN,65,final,1432,4432,0.22035402774810792,3.0,3.0,0.7905562520027161,0.0008391848726508518
DQN,65,final,1433,4433,0.0019617652893066384,9.0,5.0,1.092801809310913,0.0005235744756646454
DQN,65,final,1434,4434,0.17130322933197023,2.0,2.0,0.6702909469604492,0.0003929312078980729
DQN,65,final,1435,4435,0.3077054786682129,2.0,2.0,0.9711252450942993,0.000565322203328833
DQN,65,final,1436,4436,0.09000000000000001,1.0,1.0,0.10683628171682358,0.00042855239007622004
DQN,65,final,1437,4437,0.09000000000000001,1.0,1.0,0.250194251537323,0.0005440124659799039
DQN,65,final,1438,4438,0.09000000000000001,1.0,1.0,0.577633798122406,0.0006318431114777923
DQN,65,final,1439,4439,0.0879178810119629,2.0,2.0,0.9608426094055176,0.00050392682896927
DQN,65,final,1440,4440,-0.034801833629608134,3.0,3.0,0.9243198037147522,0.0005283372496099522
DQN,65,final,1441,4441,0.09000000000000001,1.0,1.0,0.2443838119506836,0.0031391261145472527
DQN,65,final,1442,4442,-0.6506711959838868,10.0,4.0,0.8428918123245239,0.0005855342256836593
DQN,65,final,1443,4443,0.17497642517089845,2.0,2.0,1.2031145095825195,0.0007978437351994216
DQN,65,final,1444,4444,0.09000000000000001,1.0,1.0,0.5023759007453918,0.00042331358417868614
DQN,65,final,1445,4445,0.18124301910400392,2.0,2.0,0.778147280216217,0.000573203811654821
DQN,65,final,1446,4446,0.13981820821762087,2.0,2.0,0.7343444228172302,0.0009356314549222589
DQN,65,final,1447,4447,0.09000000000000001,1.0,1.0,0.5934851765632629,0.0006006209878250957
DQN,65,final,1448,4448,0.16908038377761841,3.0,3.0,0.7856374382972717,0.0005482925625983626
DQN,65,final,1449,4449,-0.553266453742981,10.0,2.0,1.085379719734192,0.0005407668242696673
DQN,65,final,1450,4450,0.3817175102233887,3.0,3.0,1.3407328128814697,0.0007682961489384373
DQN,65,final,1451,4451,0.06210248351097108,2.0,2.0,0.44800660014152527,0.0003558916796464473
DQN,65,final,1452,4452,0.03038372278213502,2.0,2.0,0.510201096534729,0.0004859810142079368
DQN,65,final,1453,4453,0.122561411857605,2.0,2.0,0.9776021242141724,0.000514045954332687
DQN,65,final,1454,4454,0.16967560529708864,2.0,2.0,0.6348916888237,0.0004710999201051891
DQN,65,final,1455,4455,0.0898468065261841,2.0,2.0,0.8357632756233215,0.0004042503423988819
DQN,65,final,1456,4456,0.09000000000000001,1.0,1.0,0.10292647778987885,0.00044553083716891706
DQN,65,final,1457,4457,0.0042535781860351535,5.0,3.0,0.6180015802383423,0.000544542190618813
DQN,65,final,1458,4458,0.25274534702301027,2.0,2.0,0.7496827244758606,0.0006037306156940758
DQN,65,final,1459,4459,0.22074292778968813,2.0,2.0,0.47582194209098816,0.00026670160877984017
DQN,65,final,1460,4460,-0.030107727050781255,4.0,3.0,0.6151343584060669,0.0006745411810697988
DQN,65,final,1461,4461,0.1828609871864319,2.0,2.0,0.4674857258796692,0.00041921761294361204
DQN,65,final,1462,4462,0.3286694955825806,3.0,3.0,1.1182752847671509,0.00040883389495623607
DQN,65,final,1463,4463,0.13667176127433778,4.0,3.0,0.47184327244758606,0.00037965330920997076
DQN,65,final,1464,4464,0.09000000000000001,1.0,1.0,0.25188174843788147,0.00021780477254651487
DQN,65,final,1465,4465,0.2345442771911621,5.0,4.0,0.39338916540145874,0.0003898701717844233
DQN,65,final,1466,4466,0.09000000000000001,1.0,1.0,0.1590724140405655,0.0003952248953282833
DQN,65,final,1467,4467,0.14901538372039796,2.0,2.0,0.452552855014801,0.0005722406494896859
DQN,65,final,1468,4468,0.008766310214996353,2.0,2.0,0.7701596617698669,0.00038034922908991575
DQN,65,final,1469,4469,0.09000000000000001,1.0,1.0,0.3873286247253418,0.000567448849324137
DQN,65,final,1470,4470,0.07642180442810059,3.0,3.0,0.7763651609420776,0.00044702086597681046
DQN,65,final,1471,4471,0.1954783368110657,2.0,2.0,0.8885877728462219,0.00026179695851169527
DQN,65,final,1472,4472,0.09000000000000001,1.0,1.0,0.3244207203388214,0.00045393890468403697
DQN,65,final,1473,4473,0.11736603260040285,2.0,2.0,0.5011734962463379,0.00034648290602490306
DQN,65,final,1474,4474,0.06859304189682008,2.0,2.0,0.8889970183372498,0.00028690313774859533
DQN,65,final,1475,4475,0.11700530529022218,2.0,2.0,0.7300954461097717,0.0003777800884563476
DQN,65,final,1476,4476,0.31201786518096924,3.0,3.0,0.8896088600158691,0.0023061828687787056
DQN,65,final,1477,4477,0.09000000000000001,1.0,1.0,0.16832652688026428,0.0007262289291247725
DQN,65,final,1478,4478,-0.10395751178264616,3.0,3.0,0.40753236413002014,0.0005214351209967086
DQN,65,final,1479,4479,0.2904802131652832,2.0,2.0,0.9485906362533569,0.0005644896300509572
DQN,65,final,1480,4480,-0.3742843151092529,10.0,4.0,0.8815513253211975,0.0008960212609963492
DQN,65,final,1481,4481,0.09660752296447755,2.0,2.0,0.3863491415977478,0.0009271924791391939
DQN,65,final,1482,4482,-0.1502182114124298,3.0,3.0,0.6849864721298218,0.0004622139676939696
DQN,65,final,1483,4483,0.1445001530647278,2.0,2.0,0.9385285973548889,0.0010579533700365573
DQN,65,final,1484,4484,0.04101713180541993,2.0,2.0,0.24362222850322723,0.00085562834283337
DQN,65,final,1485,4485,0.09000000000000001,1.0,1.0,0.6998993754386902,0.0005153785459697247
DQN,65,final,1486,4486,0.07539810419082643,2.0,2.0,0.2858222424983978,0.00045317786862142384
DQN,65,final,1487,4487,-0.032136304378509506,2.0,2.0,0.5213817954063416,0.000620360515313223
DQN,65,final,1488,4488,-0.05061213493347168,2.0,2.0,0.4599461853504181,0.0005141731671756133
DQN,65,final,1489,4489,0.10654808759689333,2.0,2.0,0.6413262486457825,0.0005115974927321076
DQN,65,final,1490,4490,0.06651158809661867,2.0,2.0,0.7071723341941833,0.0003138183383271098
DQN,65,final,1491,4491,0.20076324224472047,2.0,2.0,0.5207177400588989,0.0007874671427998692
DQN,65,final,1492,4492,0.08020897388458254,2.0,2.0,0.7284851670265198,0.0013588810979854316
DQN,65,final,1493,4493,0.146291561126709,3.0,3.0,0.9162270426750183,0.0007193070681144794
DQN,65,final,1494,4494,0.22100712537765504,2.0,2.0,0.9556939005851746,0.00028600932273548096
DQN,65,final,1495,4495,0.03136689186096193,3.0,3.0,0.6195212602615356,0.0003694810438901186
DQN,65,final,1496,4496,0.30478169202804567,2.0,2.0,0.8362824320793152,0.0005145281029399484
DQN,65,final,1497,4497,0.11751390218734742,3.0,3.0,0.6244689226150513,0.00042687670793384314
DQN,65,final,1498,4498,0.32908541679382325,3.0,3.0,0.7491675615310669,0.0004231839848216623
DQN,65,final,1499,4499,0.09000000000000001,1.0,1.0,0.2849847376346588,0.004240253008902073
DQN,65,final,1500,4500,0.09000000000000001,1.0,1.0,0.3620912730693817,0.0003194332530256361
DQN,65,final,1501,4501,0.3498927450180054,4.0,3.0,0.5729374885559082,0.0005069098915555514
DQN,65,final,1502,4502,0.04439945936203003,3.0,2.0,0.6579572558403015,0.0006673809063310424
DQN,65,final,1503,4503,0.09000000000000001,1.0,1.0,0.37891989946365356,0.0006359668914228678
DQN,65,final,1504,4504,0.04436578512191773,4.0,2.0,0.9560338854789734,0.00042551678052404895
DQN,65,final,1505,4505,0.177271203994751,2.0,2.0,0.6964479684829712,0.0003033316897926852
DQN,65,final,1506,4506,0.09000000000000001,1.0,1.0,0.5784841179847717,0.00050438626203686
DQN,65,final,1507,4507,0.09000000000000001,1.0,1.0,0.4154375493526459,0.00039138487773016095
DQN,65,final,1508,4508,0.09000000000000001,1.0,1.0,0.09946200996637344,0.0004777616704814136
DQN,65,final,1509,4509,0.09000000000000001,1.0,1.0,0.726348876953125,0.0005302051431499422
DQN,65,final,1510,4510,0.09000000000000001,1.0,1.0,0.7549475431442261,0.00034817258710972965
DQN,65,final,1511,4511,0.02977074146270752,4.0,3.0,0.6451283097267151,0.0005362829615478404
DQN,65,final,1512,4512,0.19966233491897584,3.0,3.0,0.6170687675476074,0.0007927493813137213
DQN,65,final,1513,4513,0.08191766023635866,2.0,2.0,0.6219714879989624,0.0003756002988666296
DQN,65,final,1514,4514,0.09000000000000001,1.0,1.0,0.4741745889186859,0.0002560620487201959
DQN,65,final,1515,4515,0.14228536367416383,2.0,2.0,0.7836870551109314,0.0003590901760617271
DQN,65,final,1516,4516,-0.4368027448654175,10.0,3.0,1.1500920057296753,0.0008661497733555735
DQN,65,final,1517,4517,0.03386946201324464,2.0,2.0,0.8870238065719604,0.0003395962994545698
DQN,65,final,1518,4518,0.2857811522483826,3.0,3.0,0.9073278307914734,0.0006132608201975623
DQN,65,final,1519,4519,0.09000000000000001,1.0,1.0,0.15083877742290497,0.0006312913028523326
DQN,65,final,1520,4520,-0.01618282794952393,5.0,3.0,0.8780092597007751,0.002770856727147475
DQN,65,final,1521,4521,-0.27890606105327603,8.0,2.0,0.24672648310661316,0.0007359662013186608
DQN,65,final,1522,4522,0.09000000000000001,1.0,1.0,0.24193480610847473,0.00040067077497951686
DQN,65,final,1523,4523,0.2232938575744629,2.0,2.0,0.8418394923210144,0.0005670726677635685
DQN,65,final,1524,4524,0.1302681064605713,4.0,3.0,1.0028855800628662,0.0005560498902923428
DQN,65,final,1525,4525,0.0670429039001465,2.0,2.0,0.7634955048561096,0.0004002338391728699
DQN,65,final,1526,4526,0.1465631079673767,8.0,5.0,0.9402297139167786,0.0004339787301432807
DQN,65,final,1527,4527,0.09978212594985963,2.0,2.0,0.8848090171813965,0.0004904824163531885
DQN,65,final,1528,4528,0.07401372671127321,2.0,2.0,0.7693873047828674,0.0005377662600949407
DQN,65,final,1529,4529,0.09000000000000001,1.0,1.0,0.21991892158985138,0.00029969343449920416
DQN,65,final,1530,4530,0.17032195806503297,2.0,2.0,0.8380056619644165,0.0007702849979978055
DQN,65,final,1531,4531,0.09000000000000001,1.0,1.0,0.08981947600841522,0.0003883665194734931
DQN,65,final,1532,4532,0.09000000000000001,1.0,1.0,0.35024479031562805,0.0007439794135279953
DQN,65,final,1533,4533,-0.09013028979301453,4.0,3.0,0.44672122597694397,0.00037729329415014945
DQN,65,final,1534,4534,0.11655207157135011,2.0,2.0,0.3794153332710266,0.00044671075011137873
DQN,65,final,1535,4535,0.010698066949844376,2.0,2.0,0.5581570267677307,0.0005927127785980701
DQN,65,final,1536,4536,0.09000000000000001,1.0,1.0,0.6926674246788025,0.000568775983992964
DQN,65,final,1537,4537,0.09000000000000001,1.0,1.0,0.446657657623291,0.00024232994474004954
DQN,65,final,1538,4538,0.09000000000000001,1.0,1.0,0.9461573362350464,0.0002671447000466287
DQN,65,final,1539,4539,0.162063307762146,3.0,3.0,0.8194218873977661,0.00034287965778882307
DQN,65,final,1540,4540,0.09000000000000001,1.0,1.0,0.12593990564346313,0.00039373766048811376
DQN,65,final,1541,4541,0.24866251826286317,2.0,2.0,0.4928342401981354,0.0010316044208593667
DQN,65,final,1542,4542,-0.1778758692741394,3.0,3.0,1.0642118453979492,0.00036774064453008276
DQN,65,final,1543,4543,0.09000000000000001,1.0,1.0,1.296513319015503,0.00027774611953645945
DQN,65,final,1544,4544,0.13320274829864504,2.0,2.0,0.8441303968429565,0.0005456607032101601
DQN,65,final,1545,4545,0.09000000000000001,1.0,1.0,0.17479221522808075,0.0008373998571187258
DQN,65,final,1546,4546,0.14512910127639772,2.0,2.0,0.45165807008743286,0.0003883633471559733
DQN,65,final,1547,4547,0.01300825357437134,7.0,3.0,0.9320600628852844,0.0005358018471659827
DQN,65,final,1548,4548,0.09000000000000001,1.0,1.0,0.21052828431129456,0.00025604013353586197
DQN,65,final,1549,4549,-0.008838169574737528,3.0,3.0,1.0599029064178467,0.0004273810191079974
DQN,65,final,1550,4550,0.08511145591735841,2.0,2.0,1.0297027826309204,0.000354160598362796
DQN,65,final,1551,4551,0.2765345048904419,3.0,3.0,0.9724482297897339,0.00031826070335227996
DQN,65,final,1552,4552,0.09000000000000001,1.0,1.0,0.6732776761054993,0.0003984106006100774
DQN,65,final,1553,4553,0.1779193449020386,2.0,2.0,0.6101159453392029,0.00046164293598849326
DQN,65,final,1554,4554,0.09000000000000001,1.0,1.0,0.3966341018676758,0.0004160375683568418
DQN,65,final,1555,4555,-0.39936499595642094,10.0,2.0,1.0192290544509888,0.0005501211227965542
DQN,65,final,1556,4556,0.08720053911209108,2.0,2.0,0.9788185954093933,0.0003988246899098158
DQN,65,final,1557,4557,0.09000000000000001,1.0,1.0,0.3524535000324249,0.0007162527181208134
DQN,65,final,1558,4558,0.09000000000000001,1.0,1.0,0.6981935501098633,0.0004523879033513367
DQN,65,final,1559,4559,0.09000000000000001,1.0,1.0,0.3603975772857666,0.00044788134982809424
DQN,65,final,1560,4560,0.42552018880844117,3.0,3.0,0.7538226246833801,0.00039300817297771573
DQN,65,final,1561,4561,0.09000000000000001,1.0,1.0,0.8442344665527344,0.00034745369339361787
DQN,65,final,1562,4562,0.2121366333961487,3.0,3.0,0.7523132562637329,0.0003979000515149285
DQN,65,final,1563,4563,0.30684451103210447,6.0,6.0,0.9038759469985962,0.0007761646411381662
DQN,65,final,1564,4564,0.09000000000000001,1.0,1.0,0.35099801421165466,0.0006266136188060045
DQN,65,final,1565,4565,-0.17900176644325255,5.0,3.0,0.6137776374816895,0.00032280732120852916
DQN,65,final,1566,4566,0.17685617685317995,2.0,2.0,0.5572739839553833,0.0008317780593642965
DQN,65,final,1567,4567,0.13162709951400758,2.0,2.0,0.30024704337120056,0.0007288752385647967
DQN,65,final,1568,4568,0.039003252983093276,5.0,4.0,0.747559130191803,0.0003329167055198923
DQN,65,final,1569,4569,-0.6391547203063965,10.0,2.0,0.8143364787101746,0.0006989159941440448
DQN,65,final,1570,4570,0.2059247660636902,2.0,2.0,0.7412757277488708,0.0004531785671133548
DQN,65,final,1571,4571,0.24543698310852052,2.0,2.0,0.7790313959121704,0.0006289300654316321
DQN,65,final,1572,4572,0.19793774366378786,2.0,2.0,0.8182576894760132,0.00029112689662724733
DQN,65,final,1573,4573,0.03545505523681641,3.0,3.0,0.9784085154533386,0.0003117634526764353
DQN,65,final,1574,4574,0.13990081310272218,4.0,3.0,0.9758758544921875,0.00031349732307717204
DQN,65,final,1575,4575,0.09000000000000001,1.0,1.0,0.12419549375772476,0.00016665860312059522
DQN,65,final,1576,4576,0.10810530364513399,2.0,2.0,0.15024980902671814,0.0005681572365574539
DQN,65,final,1577,4577,0.17018349647521974,2.0,2.0,0.6859358549118042,0.00031793766538612545
DQN,65,final,1578,4578,0.09000000000000001,1.0,1.0,0.6180473566055298,0.00041857664473354816
DQN,65,final,1579,4579,0.09000000000000001,1.0,1.0,0.49833473563194275,0.0005097536486573517
DQN,65,final,1580,4580,0.13959206819534303,2.0,2.0,0.7995790243148804,0.0002742830474744551
DQN,65,final,1581,4581,0.13452006340026856,4.0,3.0,0.7959480881690979,0.0005241429353191052
DQN,65,final,1582,4582,0.09000000000000001,1.0,1.0,0.9664663076400757,0.0003952017577830702
DQN,65,final,1583,4583,0.032557184696197505,8.0,5.0,0.8343067169189453,0.002420718657958787
DQN,65,final,1584,4584,0.09000000000000001,1.0,1.0,0.5106112360954285,0.0003998774918727577
DQN,65,final,1585,4585,0.19277890205383302,2.0,2.0,1.2004245519638062,0.001018248382024467
DQN,65,final,1586,4586,0.09000000000000001,1.0,1.0,0.3042461574077606,0.001967945834621787
DQN,65,final,1587,4587,0.09000000000000001,1.0,1.0,0.5005139708518982,0.0017316360026597977
DQN,65,final,1588,4588,0.06436671495437624,2.0,2.0,0.41939911246299744,0.0028484674403443933
DQN,65,final,1589,4589,0.04525549888610841,2.0,2.0,0.6172940135002136,0.0011070023756474257
DQN,65,final,1590,4590,0.2543886470794678,2.0,2.0,0.6326788067817688,0.0007148209260776639
DQN,65,final,1591,4591,0.004100570380687729,2.0,2.0,0.18511538207530975,0.0005349729617591947
DQN,65,final,1592,4592,0.09000000000000001,1.0,1.0,0.1220870390534401,0.0006074948469176888
DQN,65,final,1593,4593,0.0958631205558777,2.0,2.0,0.8568291068077087,0.019561670313123614
DQN,65,final,1594,4594,0.09000000000000001,1.0,1.0,0.24615876376628876,0.0007400908507406712
DQN,65,final,1595,4595,0.09000000000000001,1.0,1.0,0.584288477897644,0.0003410273347981274
DQN,65,final,1596,4596,0.121368305683136,2.0,2.0,0.5409127473831177,0.0006563026690855622
DQN,65,final,1597,4597,0.16709935665130615,5.0,4.0,0.6619859933853149,0.0009511356591247022
DQN,65,final,1598,4598,0.09000000000000001,1.0,1.0,0.6724017858505249,0.0006710593588650227
DQN,65,final,1599,4599,0.10244374155998232,2.0,2.0,0.4986322820186615,0.0030393971828743815
DQN,65,final,1600,4600,0.1839705276489258,2.0,2.0,0.9975718259811401,0.0005818216450279579
DQN,65,final,1601,4601,0.09000000000000001,1.0,1.0,0.826175332069397,0.0007262843428179622
DQN,65,final,1602,4602,0.09000000000000001,1.0,1.0,0.6291723251342773,0.0007489884737879038
DQN,65,final,1603,4603,0.09000000000000001,1.0,1.0,0.2382916659116745,0.0005123938899487257
DQN,65,final,1604,4604,0.09000000000000001,1.0,1.0,0.4469299912452698,0.0003389828489162028
DQN,65,final,1605,4605,0.05464504837989808,2.0,2.0,0.3207218647003174,0.000376740368665196
DQN,65,final,1606,4606,0.4514033269882202,3.0,3.0,0.6305170059204102,0.0009489528407963613
DQN,65,final,1607,4607,0.09000000000000001,1.0,1.0,0.8133603930473328,0.0012021750444546342
DQN,65,final,1608,4608,0.09000000000000001,1.0,1.0,0.22545483708381653,0.0006414346862584352
DQN,65,final,1609,4609,0.15372182607650758,2.0,2.0,0.6918125152587891,0.0005322211945895106
DQN,65,final,1610,4610,0.09000000000000001,1.0,1.0,0.16872212290763855,0.0006379002588801086
DQN,65,final,1611,4611,-0.0488657808303833,6.0,3.0,0.5538817644119263,0.0006410679634427652
DQN,65,final,1612,4612,0.09000000000000001,1.0,1.0,0.2636597156524658,0.0012438481207937002
DQN,65,final,1613,4613,-0.030874742269515976,2.0,2.0,0.5043659806251526,0.000580798921873793
DQN,65,final,1614,4614,0.09000000000000001,1.0,1.0,0.45417022705078125,0.00042046429007314146
DQN,65,final,1615,4615,0.04114498376846314,2.0,2.0,0.5825501680374146,0.0005045606521889567
DQN,65,final,1616,4616,0.14450820714235307,2.0,2.0,0.1222902163863182,0.0005362515221349895
DQN,65,final,1617,4617,-0.27853170871734617,9.0,3.0,1.0676625967025757,0.0009215222897991124
DQN,65,final,1618,4618,0.09000000000000001,1.0,1.0,0.25650280714035034,0.00195468426682055
DQN,65,final,1619,4619,0.09000000000000001,1.0,1.0,0.3325556218624115,0.0006642968510277569
DQN,65,final,1620,4620,0.09000000000000001,1.0,1.0,0.4828174412250519,0.0003953003906644881
DQN,65,final,1621,4621,0.18586374998092653,2.0,2.0,0.7572631239891052,0.003058993228478357
DQN,65,final,1622,4622,0.09000000000000001,1.0,1.0,0.5617321729660034,0.00035099731758236885
DQN,65,final,1623,4623,0.20171274423599245,2.0,2.0,0.7599645256996155,0.0004800140450242907
DQN,65,final,1624,4624,0.09000000000000001,1.0,1.0,0.5052136778831482,0.0012313348706811666
DQN,65,final,1625,4625,0.09000000000000001,1.0,1.0,0.5957188010215759,0.0004361625760793686
DQN,65,final,1626,4626,0.09000000000000001,1.0,1.0,0.22809544205665588,0.00033329319558106363
DQN,65,final,1627,4627,0.09647107839584351,3.0,3.0,0.9306413531303406,0.0005744071483301619
DQN,65,final,1628,4628,0.13721622705459596,2.0,2.0,0.6669992804527283,0.0007002096681389958
DQN,65,final,1629,4629,0.23493929386138918,2.0,2.0,0.6116304993629456,0.0006746508297510445
DQN,65,final,1630,4630,0.1458126473426819,2.0,2.0,0.30908259749412537,0.00044484352110885084
DQN,65,final,1631,4631,0.16486545085906984,2.0,2.0,0.27487248182296753,0.0003817027754848823
DQN,65,final,1632,4632,-0.05008047103881834,3.0,3.0,0.5423700213432312,0.0004604126055104037
DQN,65,final,1633,4633,-0.006150298118591288,3.0,3.0,0.37831586599349976,0.0004826675867661834
DQN,65,final,1634,4634,0.09000000000000001,1.0,1.0,0.12081123888492584,0.0004454988520592451
DQN,65,final,1635,4635,0.23491795539855959,2.0,2.0,0.6890973448753357,0.00042031910561490804
DQN,65,final,1636,4636,0.14709769368171693,2.0,2.0,0.4501233994960785,0.00038676190888509154
DQN,65,final,1637,4637,0.13176037549972536,2.0,2.0,0.7068783044815063,0.00034952918940689415
DQN,65,final,1638,4638,0.055931182503700265,2.0,2.0,0.13945099711418152,0.0006021197477821261
DQN,65,final,1639,4639,0.05592305183410645,3.0,3.0,1.1711032390594482,0.0024973200828147433
DQN,65,final,1640,4640,0.12674273729324342,2.0,2.0,0.8933038711547852,0.000429592706495896
DQN,65,final,1641,4641,0.09000000000000001,1.0,1.0,0.26009634137153625,0.0004178633098490536
DQN,65,final,1642,4642,0.09000000000000001,1.0,1.0,0.20431913435459137,0.00030023310682736337
DQN,65,final,1643,4643,0.09000000000000001,1.0,1.0,0.9050179123878479,0.0007571344613097608
DQN,65,final,1644,4644,0.2587131428718567,2.0,2.0,0.9747619032859802,0.00042525822937022895
DQN,65,final,1645,4645,0.09000000000000001,1.0,1.0,0.4384705722332001,0.0006866236799396574
DQN,65,final,1646,4646,0.09000000000000001,1.0,1.0,0.2386561930179596,0.001080140471458435
DQN,65,final,1647,4647,0.23764861345291138,3.0,3.0,0.40808749198913574,0.0005347912471430997
DQN,65,final,1648,4648,0.09000000000000001,1.0,1.0,0.37310096621513367,0.00039285278762690723
DQN,65,final,1649,4649,0.09000000000000001,1.0,1.0,0.09107375890016556,0.0002925319131463766
DQN,65,final,1650,4650,0.3023266363143921,2.0,2.0,0.6939911246299744,0.00032950086460914463
DQN,65,final,1651,4651,0.09000000000000001,1.0,1.0,0.3852905333042145,0.0006132477428764105
DQN,65,final,1652,4652,0.08365132093429567,2.0,2.0,0.6435145139694214,0.0004584240523399785
DQN,65,final,1653,4653,0.2852669429779053,3.0,3.0,0.8395522832870483,0.0006087606598157436
DQN,65,final,1654,4654,-0.2410151171684265,8.0,3.0,0.8272665143013,0.00040627056841913145
DQN,65,final,1655,4655,0.09000000000000001,1.0,1.0,0.18058304488658905,0.007890980690717697
DQN,65,final,1656,4656,0.2659490275382996,2.0,2.0,0.39233893156051636,0.0004599484382197261
DQN,65,final,1657,4657,0.23493929386138918,2.0,2.0,0.6116304993629456,0.0006307770236162469
DQN,65,final,1658,4658,0.03748317241668702,2.0,2.0,0.5463200211524963,0.00042975525138899684
DQN,65,final,1659,4659,0.18715699195861818,2.0,2.0,1.1352488994598389,0.0007174754573497921
DQN,65,final,1660,4660,0.05499215602874757,2.0,2.0,0.77534019947052,0.004539256740827113
DQN,65,final,1661,4661,0.3006792736053467,3.0,3.0,0.31418663263320923,0.000405309401685372
DQN,65,final,1662,4662,0.1057976484298706,5.0,4.0,1.2636061906814575,0.0005857508862391114
DQN,65,final,1663,4663,0.14275086641311646,3.0,3.0,0.6558027863502502,0.000663379585603252
DQN,65,final,1664,4664,0.09000000000000001,1.0,1.0,0.6003088355064392,0.002817763714119792
DQN,65,final,1665,4665,0.11674715757369997,2.0,2.0,0.5399025678634644,0.0006434962851926684
DQN,65,final,1666,4666,0.1653337597846985,5.0,3.0,0.6190595626831055,0.000630230107344687
DQN,65,final,1667,4667,-0.08620404481887815,3.0,3.0,0.8147112727165222,0.01232411696886023
DQN,65,final,1668,4668,0.016639070510864273,2.0,2.0,0.948884904384613,0.0005900765536352992
DQN,65,final,1669,4669,0.07927704811096192,4.0,3.0,1.1179534196853638,0.0007779442676110193
DQN,65,final,1670,4670,0.17237135946750642,2.0,2.0,0.19609127938747406,0.0011352671717759222
DQN,65,final,1671,4671,0.12667614936828614,3.0,3.0,0.8160198926925659,0.010690957074984908
DQN,65,final,1672,4672,0.11783398866653444,2.0,2.0,0.7964606285095215,0.0014416313788387924
DQN,65,final,1673,4673,0.08069487869739533,4.0,3.0,0.2410648614168167,0.0014274203131208196
DQN,65,final,1674,4674,0.23636914014816285,3.0,3.0,0.8282066583633423,0.0005810948011154929
DQN,65,final,1675,4675,0.10307522296905519,2.0,2.0,0.8104527592658997,0.0008126140019157901
DQN,65,final,1676,4676,0.0516593623161316,2.0,2.0,0.8464749455451965,0.0008532360952813178
DQN,65,final,1677,4677,0.09000000000000001,1.0,1.0,0.22361242771148682,0.000615777971688658
DQN,65,final,1678,4678,0.09000000000000001,1.0,1.0,0.2974607050418854,0.0010431773262098432
DQN,65,final,1679,4679,0.09000000000000001,1.0,1.0,0.48322781920433044,0.010954995639622211
DQN,65,final,1680,4680,0.09000000000000001,1.0,1.0,0.3318599760532379,0.0013747882330790162
DQN,65,final,1681,4681,0.20062456488609315,4.0,3.0,0.37716546654701233,0.0007121769012883306
DQN,65,final,1682,4682,0.12377298831939698,4.0,3.0,0.9605487585067749,0.0004964716063113883
DQN,65,final,1683,4683,0.17137516260147095,3.0,3.0,0.5325520634651184,0.0007119568957326313
DQN,65,final,1684,4684,0.18032068729400635,3.0,3.0,1.2625783681869507,0.0004806585784535855
DQN,65,final,1685,4685,0.09000000000000001,1.0,1.0,0.12431067228317261,0.000706807360984385
DQN,65,final,1686,4686,0.09000000000000001,1.0,1.0,0.8080028295516968,0.0008571670623496175
DQN,65,final,1687,4687,0.09000000000000001,1.0,1.0,0.14651109278202057,0.0006169111584313214
DQN,65,final,1688,4688,0.1530850100517273,2.0,2.0,0.68256676197052,0.0005719614855479449
DQN,65,final,1689,4689,-0.030858557224273678,3.0,2.0,0.511418879032135,0.0008310148599169528
DQN,65,final,1690,4690,0.16824668645858765,5.0,4.0,0.8377946019172668,0.0007674568973015994
DQN,65,final,1691,4691,-0.022142045497894267,3.0,3.0,0.9175935983657837,0.005617404482715453
DQN,65,final,1692,4692,-0.27671411752700803,7.0,2.0,0.8808936476707458,0.0008798201036240373
DQN,65,final,1693,4693,0.09175331115722657,8.0,4.0,0.6607007384300232,0.0019129656611767132
DQN,65,final,1694,4694,0.023521022796630875,2.0,2.0,0.8221538662910461,0.0004533043538685888
DQN,65,final,1695,4695,0.05464954853057862,2.0,2.0,0.6712480187416077,0.00036803080001845956
DQN,65,final,1696,4696,-0.013885540962219223,2.0,2.0,1.0738822221755981,0.0003886085614794865
DQN,65,final,1697,4697,0.09000000000000001,1.0,1.0,0.29320770502090454,0.00043192660086788237
DQN,65,final,1698,4698,-0.40180444717407227,10.0,3.0,1.1046167612075806,0.0005404998431913554
DQN,65,final,1699,4699,0.1730229949951172,4.0,3.0,0.7966745495796204,0.0004019208499812521
DQN,65,final,1700,4700,0.13786156654357912,2.0,2.0,0.5624926686286926,0.0002602924796519801
DQN,65,final,1701,4701,0.09000000000000001,1.0,1.0,0.16932053864002228,0.0002478094247635454
DQN,65,final,1702,4702,0.03201706886291505,2.0,2.0,0.8202659487724304,0.0004504812095547095
DQN,65,final,1703,4703,0.11161096572875978,2.0,2.0,1.1670547723770142,0.0006898179271956906
DQN,65,final,1704,4704,0.09000000000000001,1.0,1.0,0.5886185765266418,0.0003265577252022922
DQN,65,final,1705,4705,-0.13492894172668451,5.0,4.0,1.2109953165054321,0.0014527589781209826
DQN,65,final,1706,4706,0.09000000000000001,1.0,1.0,0.8779585957527161,0.0006508803926408291
DQN,65,final,1707,4707,0.2602816689014435,2.0,2.0,0.3269369304180145,0.0007267390028573573
DQN,65,final,1708,4708,0.09000000000000001,1.0,1.0,0.840852677822113,0.0004657881800085306
DQN,65,final,1709,4709,0.1517875361442566,2.0,2.0,0.9427284598350525,0.002518505891202949
DQN,65,final,1710,4710,0.11100878000259401,2.0,2.0,0.8465737104415894,0.0004465780657483265
DQN,65,final,1711,4711,0.09000000000000001,1.0,1.0,0.27054160833358765,0.0006338438834063709
DQN,65,final,1712,4712,0.09000000000000001,1.0,1.0,0.13470877707004547,0.005232657305896282
DQN,65,final,1713,4713,0.0786739754676819,2.0,2.0,0.666498601436615,0.0006372321222443134
DQN,65,final,1714,4714,0.09000000000000001,1.0,1.0,0.20722605288028717,0.00035955835483036935
DQN,65,final,1715,4715,0.2359078097343445,2.0,2.0,0.3084545433521271,0.0004164100537309423
DQN,65,final,1716,4716,0.09000000000000001,1.0,1.0,0.1351374387741089,0.0005291550187394023
DQN,65,final,1717,4717,0.22409756660461427,2.0,2.0,0.5874969363212585,0.0007980291557032615
DQN,65,final,1718,4718,0.09000000000000001,1.0,1.0,0.36810579895973206,0.0005026530125178397
DQN,65,final,1719,4719,0.13549591779708864,2.0,2.0,0.5502722263336182,0.0005285840597935021
DQN,65,final,1720,4720,0.13932806968688966,3.0,3.0,0.6879128813743591,0.0004407176699411745
DQN,65,final,1721,4721,0.1507660222053528,3.0,3.0,0.8441076278686523,0.00043084352121998865
DQN,65,final,1722,4722,0.11035285115242005,3.0,3.0,0.39122655987739563,0.00038456390029750764
DQN,65,final,1723,4723,0.3198047351837158,3.0,3.0,0.5599809885025024,0.0005418264190666378
DQN,65,final,1724,4724,0.1798910665512085,2.0,2.0,0.7469984889030457,0.00348914903588593
DQN,65,final,1725,4725,-0.1291703414916992,7.0,3.0,0.8460415601730347,0.0005607287956601274
DQN,65,final,1726,4726,0.09000000000000001,1.0,1.0,0.8707233667373657,0.0004451802815310657
DQN,65,final,1727,4727,0.09000000000000001,1.0,1.0,0.17240437865257263,0.0003877782146446407
DQN,65,final,1728,4728,0.06293691873550417,2.0,2.0,0.26669982075691223,0.0004239029949530959
DQN,65,final,1729,4729,0.028214530944824227,2.0,2.0,0.9632048606872559,0.0011764410301111639
DQN,65,final,1730,4730,0.09000000000000001,1.0,1.0,0.11462283879518509,0.0007096088374964893
DQN,65,final,1731,4731,0.10442747354507448,2.0,2.0,0.46620893478393555,0.0007993703475221992
DQN,65,final,1732,4732,0.1465923058986664,2.0,2.0,0.3949778079986572,0.0005813946481794119
DQN,65,final,1733,4733,0.2633291053771973,2.0,2.0,0.4989314079284668,0.0006951139803277329
DQN,65,final,1734,4734,0.09000000000000001,1.0,1.0,0.3095777928829193,0.00030102813616394997
DQN,65,final,1735,4735,0.09000000000000001,1.0,1.0,0.6670224070549011,0.00041626906022429466
DQN,65,final,1736,4736,0.2843757438659668,2.0,2.0,0.7560250163078308,0.0006295790226431563
DQN,65,final,1737,4737,0.06723879456520082,2.0,2.0,0.3279736340045929,0.0004448407416930422
DQN,65,final,1738,4738,0.05957864403724671,2.0,2.0,0.3387908935546875,0.0002885425928980112
DQN,65,final,1739,4739,0.1802503037452698,2.0,2.0,0.7734141945838928,0.000306035450194031
DQN,65,final,1740,4740,0.3421525526046753,2.0,2.0,0.6351490020751953,0.006393731542630121
DQN,65,final,1741,4741,0.03440077781677247,2.0,2.0,0.807353138923645,0.00076932595402468
DQN,65,final,1742,4742,0.09000000000000001,1.0,1.0,0.4722866714000702,0.00029531223117373884
DQN,65,final,1743,4743,0.23521281957626344,2.0,2.0,0.6523483991622925,0.0005844830448040739
DQN,65,final,1744,4744,0.09000000000000001,1.0,1.0,0.4013962745666504,0.0006491381209343672
DQN,65,final,1745,4745,-0.016054573059082006,4.0,4.0,0.8610777258872986,0.0005060574549133889
DQN,65,final,1746,4746,0.12729997158050538,3.0,3.0,0.6059659123420715,0.0007610312992862115
DQN,65,final,1747,4747,0.1354105043411255,2.0,2.0,0.7367324829101562,0.00043876233394257724
DQN,65,final,1748,4748,0.09000000000000001,1.0,1.0,0.3434147238731384,0.0007066366379149258
DQN,65,final,1749,4749,0.2455484437942505,2.0,2.0,0.2163926661014557,0.0005495748773682863
DQN,65,final,1750,4750,0.262401180267334,2.0,2.0,0.6926450133323669,0.00038566248258575797
DQN,65,final,1751,4751,0.21515639305114748,2.0,2.0,1.0338984727859497,0.00034982718352694064
DQN,65,final,1752,4752,0.09000000000000001,1.0,1.0,0.20060576498508453,0.00023229018552228808
DQN,65,final,1753,4753,0.1368586140871048,2.0,2.0,0.2215242236852646,0.0021939168218523264
DQN,65,final,1754,4754,0.09000000000000001,1.0,1.0,0.17163825035095215,0.0003845015889964998
DQN,65,final,1755,4755,0.09000000000000001,1.0,1.0,0.31363043189048767,0.0004362788167782128
DQN,65,final,1756,4756,0.17140159726142884,3.0,3.0,0.429672509431839,0.0005253121489658952
DQN,65,final,1757,4757,0.09000000000000001,1.0,1.0,0.3561781346797943,0.001664467272348702
DQN,65,final,1758,4758,0.09000000000000001,1.0,1.0,0.12720254063606262,0.0005326336831785738
DQN,65,final,1759,4759,0.09000000000000001,1.0,1.0,0.23036405444145203,0.003625569399446249
DQN,65,final,1760,4760,0.10221190929412843,2.0,2.0,0.7426689267158508,0.000550212906091474
DQN,65,final,1761,4761,-0.04982177734375,7.0,3.0,0.5137549042701721,0.00042613252714675454
DQN,65,final,1762,4762,0.09398050785064699,2.0,2.0,0.7673769593238831,0.0005490115436259657
DQN,65,final,1763,4763,0.09000000000000001,1.0,1.0,0.25356051325798035,0.0003314780769869685
DQN,65,final,1764,4764,0.23752415895462037,3.0,3.0,0.8611943125724792,0.0004435725277289748
DQN,65,final,1765,4765,0.06642757534980775,2.0,2.0,0.16509781777858734,0.0005919474642723799
DQN,65,final,1766,4766,0.057891206741333016,2.0,2.0,0.32475849986076355,0.0004576998617267236
DQN,65,final,1767,4767,0.15660359144210817,2.0,2.0,0.4474940896034241,0.00037208916910458356
DQN,65,final,1768,4768,0.15191050052642824,2.0,2.0,0.6325067281723022,0.00045378781214822084
DQN,65,final,1769,4769,-0.014077115058898915,5.0,3.0,0.8953385949134827,0.0006921963329659774
DQN,65,final,1770,4770,0.09000000000000001,1.0,1.0,0.280133992433548,0.0002792928135022521
DQN,65,final,1771,4771,0.040910022258758554,2.0,2.0,0.47253283858299255,0.00034502540074754506
DQN,65,final,1772,4772,0.09000000000000001,1.0,1.0,0.34377560019493103,0.0005159403081052005
DQN,65,final,1773,4773,0.2222872543334961,2.0,2.0,0.5031487345695496,0.0002396259005763568
DQN,65,final,1774,4774,0.08633621215820314,2.0,2.0,0.31396669149398804,0.001000178570393473
DQN,65,final,1775,4775,0.09000000000000001,1.0,1.0,0.40478184819221497,0.0002653958508744836
DQN,65,final,1776,4776,0.015751736164093033,2.0,2.0,0.7660064697265625,0.0004398627352202311
DQN,65,final,1777,4777,0.09000000000000001,1.0,1.0,0.5986256003379822,0.00026910140877589583
DQN,65,final,1778,4778,0.23572237968444826,2.0,2.0,1.1411895751953125,0.000545817834790796
DQN,65,final,1779,4779,0.2237488102912903,3.0,3.0,0.9119405150413513,0.0010625437716953456
DQN,65,final,1780,4780,0.17491335391998292,3.0,3.0,0.5291220545768738,0.00035010892800831545
DQN,65,final,1781,4781,0.08896358489990236,2.0,2.0,0.7907018661499023,0.00039212728006532416
DQN,65,final,1782,4782,0.10201044559478761,2.0,2.0,0.1451740264892578,0.00033725514367688447
DQN,65,final,1783,4783,0.02327837228775026,2.0,2.0,0.7555204033851624,0.00045277533354237676
DQN,65,final,1784,4784,0.09000000000000001,1.0,1.0,0.3000524640083313,0.0012463812017813325
DQN,65,final,1785,4785,0.09000000000000001,1.0,1.0,0.14063607156276703,0.0005145352915860713
DQN,65,final,1786,4786,0.10544739842414858,2.0,2.0,0.4648136794567108,0.00035679548454936594
DQN,65,final,1787,4787,0.30183310985565187,2.0,2.0,0.6001965403556824,0.0003151397395413369
DQN,65,final,1788,4788,0.10548491001129151,3.0,3.0,0.7950350642204285,0.0006803161134788146
DQN,65,final,1789,4789,0.11716104269027712,3.0,3.0,0.8866416811943054,0.00032573953406730044
DQN,65,final,1790,4790,0.05272861003875733,2.0,2.0,0.862570583820343,0.0004941643564961851
DQN,65,final,1791,4791,0.09440566778182985,2.0,2.0,0.6122823357582092,0.0003754008503165096
DQN,65,final,1792,4792,0.13325662136077882,3.0,3.0,0.7380241751670837,0.001479180723739167
DQN,65,final,1793,4793,0.10175437450408936,3.0,3.0,0.8528981804847717,0.00031433925323653966
DQN,65,final,1794,4794,0.09000000000000001,1.0,1.0,0.1765604168176651,0.000167438032804057
DQN,65,final,1795,4795,0.09000000000000001,1.0,1.0,0.1629229336977005,0.00023818714544177055
DQN,65,final,1796,4796,0.0237420964241028,2.0,2.0,0.6646655201911926,0.0003987106611020863
DQN,65,final,1797,4797,0.02089113712310793,3.0,3.0,0.7508500218391418,0.00039463093465504545
DQN,65,final,1798,4798,0.09000000000000001,1.0,1.0,0.27867037057876587,0.0002661010657902807
DQN,65,final,1799,4799,0.09000000000000001,1.0,1.0,0.352134644985199,0.005319178570061922
DQN,65,final,1800,4800,0.09000000000000001,1.0,1.0,0.6309384703636169,0.0004727652994915843
DQN,65,final,1801,4801,0.14058865785598756,2.0,2.0,0.5569875836372375,0.0005255081632640213
DQN,65,final,1802,4802,0.09000000000000001,1.0,1.0,0.272927850484848,0.0003623425727710128
DQN,65,final,1803,4803,0.13526912212371828,2.0,2.0,0.6700862050056458,0.0004830750112887472
DQN,65,final,1804,4804,0.09000000000000001,1.0,1.0,0.6145842671394348,0.0010289930505678058
DQN,65,final,1805,4805,0.14788098812103273,2.0,2.0,0.7378004193305969,0.00043166393879801035
DQN,65,final,1806,4806,0.09000000000000001,1.0,1.0,0.15756399929523468,0.00022165110567584634
DQN,65,final,1807,4807,0.20171483039855959,2.0,2.0,0.5492259860038757,0.00030874970252625644
DQN,65,final,1808,4808,0.09000000000000001,1.0,1.0,0.11671726405620575,0.00047797258594073355
DQN,65,final,1809,4809,0.09000000000000001,1.0,1.0,0.6489203572273254,0.0004794335982296616
DQN,65,final,1810,4810,0.09000000000000001,1.0,1.0,0.34232744574546814,0.0012746283318847418
DQN,65,final,1811,4811,0.1431781816482544,2.0,2.0,0.7601441144943237,0.0004266382893547416
DQN,65,final,1812,4812,0.24319530248641968,3.0,3.0,0.5010973215103149,0.0004023529957824697
DQN,65,final,1813,4813,0.09000000000000001,1.0,1.0,0.49263960123062134,0.0002766687539406121
DQN,65,final,1814,4814,0.1419251036643982,3.0,3.0,0.6601149439811707,0.0005452782206702977
DQN,65,final,1815,4815,0.09000000000000001,1.0,1.0,0.18088355660438538,0.0006259349756874144
DQN,65,final,1816,4816,0.16712029457092287,2.0,2.0,0.7167080640792847,0.00024173981364583597
DQN,65,final,1817,4817,0.09000000000000001,1.0,1.0,0.20775000751018524,0.00023502785188611597
DQN,65,final,1818,4818,0.11787732124328615,2.0,2.0,0.7696194052696228,0.0003647028497653082
DQN,65,final,1819,4819,0.09000000000000001,1.0,1.0,0.7298392057418823,0.0004430366971064359
DQN,65,final,1820,4820,0.10594762086868287,3.0,3.0,0.9105539917945862,0.00029654186801053584
DQN,65,final,1821,4821,0.0843566131591797,3.0,3.0,0.6483570337295532,0.0005818672264770915
DQN,65,final,1822,4822,0.17030100703239442,2.0,2.0,0.49635353684425354,0.0008451702742604539
DQN,65,final,1823,4823,0.08637543201446535,2.0,2.0,0.47498491406440735,0.0005549613706534728
DQN,65,final,1824,4824,0.09000000000000001,1.0,1.0,0.8194746971130371,0.0006688297144137323
DQN,65,final,1825,4825,0.3266160559654236,3.0,3.0,0.7693904042243958,0.0002744163599951814
DQN,65,final,1826,4826,0.09000000000000001,1.0,1.0,0.4948882758617401,0.00046349436161108315
DQN,65,final,1827,4827,0.262212233543396,2.0,2.0,0.5426599979400635,0.0002727964165387675
DQN,65,final,1828,4828,0.06612672090530397,2.0,2.0,0.5452370643615723,0.001194481592392549
DQN,65,final,1829,4829,0.10120065689086916,2.0,2.0,0.6318886876106262,0.00023812385188648477
DQN,65,final,1830,4830,0.06694807291030885,2.0,2.0,0.8082103133201599,0.00034781021531671286
DQN,65,final,1831,4831,0.1601193416118622,2.0,2.0,0.46133264899253845,0.00030581309692934155
DQN,65,final,1832,4832,0.3749000597000122,2.0,2.0,1.1492165327072144,0.0002414929767837748
DQN,65,final,1833,4833,0.2964670825004578,2.0,2.0,0.8583247065544128,0.00037728641473222524
DQN,65,final,1834,4834,0.06966318368911745,2.0,2.0,0.3372843563556671,0.0002936507517006248
DQN,65,final,1835,4835,0.09000000000000001,1.0,1.0,0.5749936103820801,0.0002679747703950852
DQN,65,final,1836,4836,0.20795143365859986,3.0,3.0,0.8613778352737427,0.00032210857413398725
DQN,65,final,1837,4837,0.26500988721847535,3.0,3.0,0.8893025517463684,0.00043956163184096414
DQN,65,final,1838,4838,0.024472601413726813,3.0,3.0,0.6521767377853394,0.00039258966959702474
DQN,65,final,1839,4839,0.2893853259086609,3.0,3.0,0.7690528631210327,0.0007587190727160001
DQN,65,final,1840,4840,0.09154774427413942,2.0,2.0,0.21963633596897125,0.0006031835800968111
DQN,65,final,1841,4841,0.09000000000000001,1.0,1.0,0.3903615474700928,0.0004280361463315785
DQN,65,final,1842,4842,0.17243214130401613,2.0,2.0,0.6536091566085815,0.00030883500585332513
DQN,65,final,1843,4843,0.19096215248107912,2.0,2.0,0.8919011354446411,0.00036190164973959327
DQN,65,final,1844,4844,0.38128984689712525,3.0,3.0,0.6858158707618713,0.004056245612446219
DQN,65,final,1845,4845,0.06901456594467165,2.0,2.0,0.3212781548500061,0.00037396865081973374
DQN,65,final,1846,4846,0.09000000000000001,1.0,1.0,0.15261447429656982,0.00047192798228934407
DQN,65,final,1847,4847,0.1747370082139969,2.0,2.0,0.24530638754367828,0.00031231001776177436
DQN,65,final,1848,4848,0.21949412107467653,2.0,2.0,0.9615288376808167,0.0006387055909726769
DQN,65,final,1849,4849,-0.0947558808326721,3.0,3.0,0.6675497889518738,0.003469286307032841
DQN,65,final,1850,4850,0.0838220137357712,2.0,2.0,0.12300048768520355,0.004119546589208767
DQN,65,final,1851,4851,0.22965622663497925,3.0,3.0,0.6786271929740906,0.0005269966883740077
DQN,65,final,1852,4852,-0.1266156768798828,6.0,2.0,0.6809879541397095,0.000605212005514962
DQN,65,final,1853,4853,0.09000000000000001,1.0,1.0,0.765099823474884,0.00033569944207556546
DQN,65,final,1854,4854,0.09000000000000001,1.0,1.0,0.5259360671043396,0.0005586414481513202
DQN,65,final,1855,4855,0.19899036169052126,2.0,2.0,0.9456714987754822,0.0004164000565651804
DQN,65,final,1856,4856,0.22663445949554445,2.0,2.0,0.9309002161026001,0.0005025985883548856
DQN,65,final,1857,4857,0.2527636456489563,2.0,2.0,0.580050528049469,0.012181680329376832
DQN,65,final,1858,4858,0.09000000000000001,1.0,1.0,0.6493471264839172,0.0004273496742825955
DQN,65,final,1859,4859,0.09000000000000001,1.0,1.0,0.23292924463748932,0.000419260177295655
DQN,65,final,1860,4860,0.20146109342575075,2.0,2.0,0.5657694339752197,0.0006576582381967455
DQN,65,final,1861,4861,0.26652950763702393,3.0,3.0,0.6966155767440796,0.0004626770387403667
DQN,65,final,1862,4862,0.09000000000000001,1.0,1.0,0.7623706459999084,0.0002930311602540314
DQN,65,final,1863,4863,-0.07285089612007141,2.0,2.0,0.5289102792739868,0.00037072307895869017
DQN,65,final,1864,4864,0.09000000000000001,1.0,1.0,0.06649570912122726,0.0004880921042058617
DQN,65,final,1865,4865,0.09000000000000001,1.0,1.0,0.3520946204662323,0.00027160573517903686
DQN,65,final,1866,4866,0.1363444495201111,2.0,2.0,0.9411196708679199,0.0003552936250343919
DQN,65,final,1867,4867,0.09000000000000001,1.0,1.0,0.9361233711242676,0.00033509416971355677
DQN,65,final,1868,4868,0.022321419715881363,2.0,2.0,0.3226619362831116,0.0004138943331781775
DQN,65,final,1869,4869,0.2921593260765076,3.0,3.0,0.7089084982872009,0.0003397072626588245
DQN,65,final,1870,4870,-0.0836699342727661,6.0,2.0,1.0390703678131104,0.0003616081933917788
DQN,65,final,1871,4871,0.09000000000000001,1.0,1.0,0.8277164697647095,0.0003635883331298828
DQN,65,final,1872,4872,0.2650322484970093,2.0,2.0,0.6112147569656372,0.0003535792202455923
DQN,65,final,1873,4873,0.024564074277877823,2.0,2.0,0.4606175124645233,0.0005838517390657216
DQN,65,final,1874,4874,-0.549347746372223,10.0,2.0,0.7801992297172546,0.00039385730342473836
DQN,65,final,1875,4875,0.46218246936798096,3.0,3.0,0.8715505599975586,0.00035268259428751964
DQN,65,final,1876,4876,0.08901868939399721,2.0,2.0,0.3325014114379883,0.00045641038741450757
DQN,65,final,1877,4877,0.18582178831100465,2.0,2.0,0.6098273992538452,0.0002923468855442479
DQN,65,final,1878,4878,0.27998747110366823,2.0,2.0,0.8104594349861145,0.0002883557026507333
DQN,65,final,1879,4879,0.09000000000000001,1.0,1.0,0.4766414165496826,0.0005649749073199928
DQN,65,final,1880,4880,0.09451075077056886,2.0,2.0,0.6315745115280151,0.0004749339132104069
DQN,65,final,1881,4881,0.16775931596755983,2.0,2.0,0.9405667185783386,0.008632030745502561
DQN,65,final,1882,4882,0.14182509660720827,2.0,2.0,0.2316560447216034,0.0006113969284342602
DQN,65,final,1883,4883,0.08812253355979921,2.0,2.0,0.41437822580337524,0.0012921313755214214
DQN,65,final,1884,4884,0.09000000000000001,1.0,1.0,0.1571195274591446,0.0007445544470101595
DQN,65,final,1885,4885,0.09000000000000001,1.0,1.0,0.37860986590385437,0.0004545697011053562
DQN,65,final,1886,4886,0.09000000000000001,1.0,1.0,0.31819096207618713,0.0004288608906790614
DQN,65,final,1887,4887,0.11570321202278139,2.0,2.0,0.32586243748664856,0.0005580294819083065
DQN,65,final,1888,4888,0.09000000000000001,1.0,1.0,0.32922792434692383,0.0005879629752598703
DQN,65,final,1889,4889,0.12806828498840334,2.0,2.0,0.5834469199180603,0.0051560793071985245
DQN,65,final,1890,4890,0.1871581244468689,2.0,2.0,0.7147170305252075,0.0009628844272810966
DQN,65,final,1891,4891,0.2746231031417847,3.0,3.0,1.130255937576294,0.0008120452888154736
DQN,65,final,1892,4892,0.21200789690017702,2.0,2.0,0.5154303312301636,0.0006684935506200418
DQN,65,final,1893,4893,0.10064013481140138,2.0,2.0,0.7896517515182495,0.0006633393932133913
DQN,65,final,1894,4894,-0.007089250087738044,3.0,3.0,0.8754838705062866,0.0013416528624172013
DQN,65,final,1895,4895,0.26069433212280274,3.0,3.0,1.0260984897613525,0.0008051112721053263
DQN,65,final,1896,4896,0.09000000000000001,1.0,1.0,0.12390091270208359,0.000820256071165204
DQN,65,final,1897,4897,0.025678465068340317,2.0,2.0,0.13359639048576355,0.000628137233434245
DQN,65,final,1898,4898,0.31236977100372315,3.0,3.0,0.9301553964614868,0.0003823617201608916
DQN,65,final,1899,4899,0.16316319227218629,3.0,3.0,0.9446030259132385,0.0006409490985485414
DQN,65,final,1900,4900,0.09000000000000001,1.0,1.0,0.5191701650619507,0.0003419901186134666
DQN,65,final,1901,4901,0.15815742492675783,2.0,2.0,0.8805506825447083,0.00051094003720209
DQN,65,final,1902,4902,0.2277664089202881,6.0,3.0,1.0786577463150024,0.0024988033255795017
DQN,65,final,1903,4903,0.026533193588256856,3.0,3.0,0.9216718077659607,0.0030872844120798013
DQN,65,final,1904,4904,-0.1734862160682678,7.0,3.0,0.7816977500915527,0.0004957023109974605
DQN,65,final,1905,4905,0.0741995143890381,2.0,2.0,0.2150442749261856,0.000393415306461975
DQN,65,final,1906,4906,0.09000000000000001,1.0,1.0,0.13338890671730042,0.0025210645981132984
DQN,65,final,1907,4907,0.09000000000000001,1.0,1.0,0.216328963637352,0.00044005276868119836
DQN,65,final,1908,4908,-0.5603731155395508,10.0,2.0,1.2184969186782837,0.000589490175480023
DQN,65,final,1909,4909,0.023837672472000138,2.0,2.0,0.2376765012741089,0.0003243732498958707
DQN,65,final,1910,4910,-0.552136492729187,10.0,4.0,1.106963038444519,0.0017754862405126915
DQN,65,final,1911,4911,0.1435122561454773,3.0,3.0,0.9121264815330505,0.00046321205445565283
DQN,65,final,1912,4912,-0.2515895104408264,6.0,2.0,0.4519866406917572,0.0006799989932915196
DQN,65,final,1913,4913,0.19945459246635439,2.0,2.0,0.29031333327293396,0.00033235714363399893
DQN,65,final,1914,4914,0.1779920530319214,3.0,3.0,0.6449188590049744,0.00029031284308681887
DQN,65,final,1915,4915,0.26572901725769044,3.0,3.0,1.0069001913070679,0.00038226626929827034
DQN,65,final,1916,4916,0.033383147716522225,2.0,2.0,0.4232688248157501,0.0002210526799899526
DQN,65,final,1917,4917,0.09000000000000001,1.0,1.0,0.19391240179538727,0.0004702000296674669
DQN,65,final,1918,4918,0.37036500573158265,5.0,3.0,0.43681463599205017,0.00038232155493460595
DQN,65,final,1919,4919,0.2087338137626648,2.0,2.0,0.7897232174873352,0.0003949807141907513
DQN,65,final,1920,4920,0.01175890088081362,3.0,3.0,0.41591548919677734,0.0003287405997980386
DQN,65,final,1921,4921,0.09000000000000001,1.0,1.0,0.3656191825866699,0.0003620197530835867
DQN,65,final,1922,4922,-0.03555325984954834,2.0,2.0,0.3657728135585785,0.0006171066052047536
DQN,65,final,1923,4923,0.09000000000000001,1.0,1.0,0.7304384112358093,0.0002392990718362853
DQN,65,final,1924,4924,0.06049252271652222,3.0,3.0,0.47074952721595764,0.0005350012700849524
DQN,65,final,1925,4925,0.08744670629501344,2.0,2.0,0.7545262575149536,0.0005061623232904822
DQN,65,final,1926,4926,0.12483723640441896,2.0,2.0,0.7078706622123718,0.0002635979326441884
DQN,65,final,1927,4927,0.09000000000000001,1.0,1.0,0.12305416166782379,0.0014378088526427746
DQN,65,final,1928,4928,0.09000000000000001,1.0,1.0,0.21809682250022888,0.00028534376178868115
DQN,65,final,1929,4929,0.12495432019233706,3.0,3.0,0.3272872567176819,0.0008205503302936753
DQN,65,final,1930,4930,-0.06937687873840333,3.0,3.0,0.9614750742912292,0.00037436072792237
DQN,65,final,1931,4931,0.09000000000000001,1.0,1.0,0.19588838517665863,0.000454038759926334
DQN,65,final,1932,4932,0.20834315538406373,3.0,3.0,0.7135833501815796,0.00023672195190253356
DQN,65,final,1933,4933,0.065204313993454,4.0,2.0,0.2960112392902374,0.0009208029805449769
DQN,65,final,1934,4934,0.11094147682189942,3.0,3.0,0.8364313244819641,0.0007321409357246011
DQN,65,final,1935,4935,-0.01230745792388914,3.0,3.0,0.5831840634346008,0.0004071118261587496
DQN,65,final,1936,4936,-0.28184155225753776,10.0,3.0,0.35841384530067444,0.0003760099512874149
DQN,65,final,1937,4937,0.18463529825210573,2.0,2.0,0.7258315086364746,0.00037423192407004535
DQN,65,final,1938,4938,0.4554659128189087,5.0,4.0,1.0233350992202759,0.0008607323921751231
DQN,65,final,1939,4939,-0.0422641861438751,3.0,3.0,0.48411303758621216,0.0002985454727119456
DQN,65,final,1940,4940,0.10835857868194582,2.0,2.0,1.0605723857879639,0.0006089525413699448
DQN,65,final,1941,4941,0.09322579383850099,2.0,2.0,0.6537835001945496,0.002502217008441221
DQN,65,final,1942,4942,0.09000000000000001,1.0,1.0,1.3013077974319458,0.0003888328792527318
DQN,65,final,1943,4943,-0.18506822824478147,9.0,3.0,0.8374529480934143,0.0006690698565863487
DQN,65,final,1944,4944,0.09000000000000001,1.0,1.0,0.2009400576353073,0.00069240020820871
DQN,65,final,1945,4945,0.09000000000000001,1.0,1.0,0.6172114014625549,0.0002878999221138656
DQN,65,final,1946,4946,0.0622070622444153,3.0,2.0,0.6234022974967957,0.00039001365075819194
DQN,65,final,1947,4947,0.09000000000000001,1.0,1.0,0.5854392051696777,0.0002987337938975543
DQN,65,final,1948,4948,0.09000000000000001,1.0,1.0,0.5676845908164978,0.00042952888179570436
DQN,65,final,1949,4949,0.09000000000000001,1.0,1.0,0.3688194453716278,0.0006595330778509378
DQN,65,final,1950,4950,0.09000000000000001,1.0,1.0,0.5241643786430359,0.003928385674953461
DQN,65,final,1951,4951,0.08411461830139162,3.0,3.0,1.018023133277893,0.0002600653388071805
DQN,65,final,1952,4952,0.07817538261413576,2.0,2.0,0.29854604601860046,0.0006596973689738661
DQN,65,final,1953,4953,0.09000000000000001,1.0,1.0,0.4383082091808319,0.0004942052764818072
DQN,65,final,1954,4954,-0.09030740737915037,3.0,3.0,0.8571082353591919,0.0004332253981071214
DQN,65,final,1955,4955,0.3149448108673096,3.0,3.0,0.7440542578697205,0.0005871769099030644
DQN,65,final,1956,4956,0.09000000000000001,1.0,1.0,0.36625275015830994,0.0006380355916917324
DQN,65,final,1957,4957,0.21946770906448365,4.0,3.0,0.750135600566864,0.0005494812503457069
DQN,65,final,1958,4958,0.1370217275619507,3.0,3.0,1.0150915384292603,0.0003714215902922054
DQN,65,final,1959,4959,0.09000000000000001,1.0,1.0,0.12616142630577087,0.0004056846955791116
DQN,65,final,1960,4960,0.15018738985061647,2.0,2.0,0.7593512535095215,0.0050073000602424145
DQN,65,final,1961,4961,-0.007495827674865729,7.0,5.0,0.5682779550552368,0.0005615637679251709
DQN,65,final,1962,4962,0.010782099962234518,3.0,3.0,0.44280532002449036,0.0014168897954126198
DQN,65,final,1963,4963,0.2797172832489014,2.0,2.0,1.117785096168518,0.008186152495909482
DQN,65,final,1964,4964,0.0599981713294983,2.0,2.0,0.7169500589370728,0.0016072855214588344
DQN,65,final,1965,4965,0.12850566387176515,2.0,2.0,0.4616830348968506,0.0005130046047270298
DQN,65,final,1966,4966,0.09000000000000001,1.0,1.0,0.5475134253501892,0.0006706788553856313
DQN,65,final,1967,4967,0.09000000000000001,1.0,1.0,0.19463472068309784,0.000547729548998177
DQN,65,final,1968,4968,0.5270597410202026,3.0,3.0,0.990450382232666,0.0004232988479391982
DQN,65,final,1969,4969,0.09000000000000001,1.0,1.0,0.15530428290367126,0.0006871630903333426
DQN,65,final,1970,4970,0.09000000000000001,1.0,1.0,0.9919805526733398,0.000634897849522531
DQN,65,final,1971,4971,0.01197257816791536,2.0,2.0,0.1988029032945633,0.0003562955535016954
DQN,65,final,1972,4972,0.2704201412200928,3.0,3.0,1.0483213663101196,0.0005383697668245683
DQN,65,final,1973,4973,0.09581834256649019,2.0,2.0,0.13558898866176605,0.0012070799275534227
DQN,65,final,1974,4974,0.17959772229194643,2.0,2.0,0.4445998966693878,0.0003961720649385825
DQN,65,final,1975,4975,0.09000000000000001,1.0,1.0,0.14712688326835632,0.0005608263309113681
DQN,65,final,1976,4976,0.1617943811416626,2.0,2.0,0.4858536720275879,0.00035568722523748875
DQN,65,final,1977,4977,0.20452291488647462,3.0,3.0,0.4014360308647156,0.0003203082548376794
DQN,65,final,1978,4978,0.029628621339797982,2.0,2.0,0.22280478477478027,0.0003715116181410849
DQN,65,final,1979,4979,0.09000000000000001,1.0,1.0,0.19904081523418427,0.0006059447769075632
DQN,65,final,1980,4980,0.06968148231506349,2.0,2.0,1.0191938877105713,0.00036171414831187576
DQN,65,final,1981,4981,0.09000000000000001,1.0,1.0,0.5791940689086914,0.0003589750558603555
DQN,65,final,1982,4982,0.09000000000000001,1.0,1.0,0.9403815269470215,0.00044417817844077945
DQN,65,final,1983,4983,0.21367450237274171,2.0,2.0,1.1801884174346924,0.00030435256485361606
DQN,65,final,1984,4984,0.11330822288990022,2.0,2.0,0.24422986805438995,0.00029605862800963223
DQN,65,final,1985,4985,0.1842778992652893,3.0,3.0,0.7823272943496704,0.00039384000895855326
DQN,65,final,1986,4986,0.21435566425323488,2.0,2.0,0.6956738829612732,0.0003174431185470894
DQN,65,final,1987,4987,0.17343934059143068,2.0,2.0,0.8910773992538452,0.0003466375492280349
DQN,65,final,1988,4988,0.15411190867424013,2.0,2.0,0.30830642580986023,0.0019100738572888076
DQN,65,final,1989,4989,0.1071284580230713,2.0,2.0,0.7623254656791687,0.00029526754951803014
DQN,65,final,1990,4990,0.09000000000000001,1.0,1.0,0.9209519028663635,0.0003208828275091946
DQN,65,final,1991,4991,-0.0395530891418457,2.0,2.0,0.7583897709846497,0.0010769459186121821
DQN,65,final,1992,4992,0.09000000000000001,1.0,1.0,0.5658696889877319,0.0002417298819636926
DQN,65,final,1993,4993,-0.5948959767818451,10.0,2.0,0.3794286847114563,0.00048039977846201507
DQN,65,final,1994,4994,0.09000000000000001,1.0,1.0,0.08668826520442963,0.00033967019408009946
DQN,65,final,1995,4995,0.09000000000000001,1.0,1.0,0.28757762908935547,0.00024585018400102854
DQN,65,final,1996,4996,0.09000000000000001,1.0,1.0,0.5433365106582642,0.0008728374377824366
DQN,65,final,1997,4997,-0.484112548828125,10.0,2.0,0.604345977306366,0.0009279103222070261
DQN,65,final,1998,4998,0.05757446765899659,2.0,2.0,0.3890518546104431,0.0012119336606701836
DQN,65,final,1999,4999,0.3257969689369202,3.0,3.0,0.7801244854927063,0.002501082247666394
DQN,65,final,2000,5000,-0.11541484355926514,6.0,3.0,0.6551821827888489,0.00033444344444433227
DQN,65,final,2001,5001,0.09000000000000001,1.0,1.0,0.34502506256103516,0.000962016056291759
DQN,65,final,2002,5002,0.1111912226676941,4.0,3.0,0.6426700949668884,0.00036139193980488926
DQN,65,final,2003,5003,0.31560768365859987,2.0,2.0,0.7890515923500061,0.0002984611055580899
DQN,65,final,2004,5004,0.07435292720794678,3.0,3.0,0.828406035900116,0.0005312138916148493
DQN,65,final,2005,5005,-0.2936153125762939,7.0,2.0,0.6641107201576233,0.00048218393099627325
DQN,65,final,2006,5006,0.09000000000000001,1.0,1.0,0.47701677680015564,0.0025866508949548006
DQN,65,final,2007,5007,0.0890582275390625,3.0,3.0,0.8593688607215881,0.0003946178185287863
DQN,65,final,2008,5008,0.09000000000000001,1.0,1.0,0.7898686528205872,0.00019609869923442602
DQN,65,final,2009,5009,0.02760720431804658,2.0,2.0,0.21914823353290558,0.00023412286100210622
DQN,65,final,2010,5010,0.09000000000000001,1.0,1.0,0.20912519097328186,0.00020100103574804962
DQN,65,final,2011,5011,0.09000000000000001,1.0,1.0,0.3868269622325897,0.00039581171586178243
DQN,65,final,2012,5012,0.4562677216529846,3.0,3.0,0.7076571583747864,0.00034679428790695965
DQN,65,final,2013,5013,-0.4267864406108856,10.0,2.0,0.48173967003822327,0.00027268451667623595
DQN,65,final,2014,5014,0.09000000000000001,1.0,1.0,0.11272122710943222,0.00030273612355813384
DQN,65,final,2015,5015,0.007829205989837662,2.0,2.0,0.5403085350990295,0.0012281538511160761
DQN,65,final,2016,5016,0.09000000000000001,1.0,1.0,0.35288193821907043,0.00013275981473270804
DQN,65,final,2017,5017,0.09000000000000001,1.0,1.0,0.27327021956443787,0.00018367172742728144
DQN,65,final,2018,5018,0.17059452056884766,3.0,3.0,0.5964471101760864,0.00019769339996855706
DQN,65,final,2019,5019,0.08607770681381227,2.0,2.0,0.33660489320755005,0.00033254541631322354
DQN,65,final,2020,5020,0.06963058948516845,6.0,2.0,1.0513279438018799,0.0003328261324592556
DQN,65,final,2021,5021,0.008354238867759711,3.0,3.0,0.22458162903785706,0.0004010767928169419
DQN,65,final,2022,5022,0.1475036907196045,2.0,2.0,0.693702757358551,0.000261906287050806
DQN,65,final,2023,5023,0.09000000000000001,1.0,1.0,0.3799479901790619,0.00045725906966254115
DQN,65,final,2024,5024,0.09000000000000001,1.0,1.0,0.675786018371582,0.0002768311824183911
DQN,65,final,2025,5025,0.09379649877548218,3.0,3.0,0.522422730922699,0.00023536974913440645
DQN,65,final,2026,5026,0.1205600666999817,2.0,2.0,0.37640854716300964,0.00018822253332473338
DQN,65,final,2027,5027,0.25700231075286867,2.0,2.0,0.5076419711112976,0.0002813817700371146
DQN,65,final,2028,5028,0.24192774295806885,5.0,4.0,0.6203131675720215,0.0003113270504400134
DQN,65,final,2029,5029,0.3401909041404724,2.0,2.0,0.9946959614753723,0.00020581561693688855
DQN,65,final,2030,5030,0.18080289840698244,2.0,2.0,0.6027817726135254,0.00342293553694617
DQN,65,final,2031,5031,0.09000000000000001,1.0,1.0,0.351854532957077,0.00038779358146712184
DQN,65,final,2032,5032,-0.8370420217514041,10.0,2.0,0.6506885886192322,0.0009764500107849016
DQN,65,final,2033,5033,0.22068019390106203,2.0,2.0,0.5161413550376892,0.0004867456736974418
DQN,65,final,2034,5034,-0.5431599915027618,10.0,3.0,0.46387073397636414,0.0010333430822356605
DQN,65,final,2035,5035,0.1074777412414551,2.0,2.0,0.6931809782981873,0.00030426027660723776
DQN,65,final,2036,5036,0.09000000000000001,1.0,1.0,0.808345377445221,0.00035917427157983184
DQN,65,final,2037,5037,0.09000000000000001,1.0,1.0,0.08754222840070724,0.0007425277144648135
DQN,65,final,2038,5038,0.18995960235595705,2.0,2.0,0.8791627287864685,0.0003047793870791793
DQN,65,final,2039,5039,0.09000000000000001,1.0,1.0,0.29863572120666504,0.0003612296422943473
DQN,65,final,2040,5040,0.15821810245513918,2.0,2.0,0.5754556655883789,0.0003075404019909911
DQN,65,final,2041,5041,0.09000000000000001,1.0,1.0,0.7313002347946167,0.00032635757816024125
DQN,65,final,2042,5042,0.01782602250576021,2.0,2.0,0.17979319393634796,0.0002805356780299917
DQN,65,final,2043,5043,0.28528786420822144,3.0,3.0,0.6605759859085083,0.0017443821028185387
DQN,65,final,2044,5044,0.26382327795028687,3.0,3.0,0.8553697466850281,0.0006190611651012053
DQN,65,final,2045,5045,0.09000000000000001,1.0,1.0,0.5575628280639648,0.00030016215168870986
DQN,65,final,2046,5046,0.05979402542114259,2.0,2.0,0.6873603463172913,0.0003436490223975852
DQN,65,final,2047,5047,-0.46300857067108153,10.0,2.0,0.7984395623207092,0.0004300794942537323
DQN,65,final,2048,5048,0.1289389204978943,3.0,3.0,0.9346600770950317,0.0002443937022083749
DQN,65,final,2049,5049,0.09000000000000001,1.0,1.0,0.5660122632980347,0.000393169088056311
DQN,65,final,2050,5050,0.09000000000000001,1.0,1.0,0.3385569155216217,0.0014716936275362968
DQN,65,final,2051,5051,0.09000000000000001,1.0,1.0,0.20074215531349182,0.00035069207660853863
DQN,65,final,2052,5052,0.038862063884735114,6.0,3.0,0.8376139998435974,0.0003836605537799187
DQN,65,final,2053,5053,0.09000000000000001,1.0,1.0,0.3954273760318756,0.0002892550255637616
DQN,65,final,2054,5054,0.05350209951400758,2.0,2.0,0.7513052225112915,0.0005061865376774222
DQN,65,final,2055,5055,0.08986944675445557,3.0,3.0,1.016249179840088,0.0005854462845794236
DQN,65,final,2056,5056,0.09000000000000001,1.0,1.0,0.7688441872596741,0.0002259274770040065
DQN,65,final,2057,5057,0.09000000000000001,1.0,1.0,0.23140297830104828,0.00041773158591240644
DQN,65,final,2058,5058,0.09000000000000001,1.0,1.0,0.05695519223809242,0.001286787330172956
DQN,65,final,2059,5059,0.15553374767303468,2.0,2.0,0.7678882479667664,0.00018223765073344111
DQN,65,final,2060,5060,0.3765418100357056,2.0,2.0,0.6266892552375793,0.000298945713439025
DQN,65,final,2061,5061,0.08922905445098878,3.0,3.0,0.6615118384361267,0.0004907918046228588
DQN,65,final,2062,5062,-0.008630149364471415,3.0,3.0,0.5897780060768127,0.0004295869924438496
DQN,65,final,2063,5063,0.201560275554657,2.0,2.0,0.7303481101989746,0.0003747024602489546
DQN,65,final,2064,5064,0.09000000000000001,1.0,1.0,0.11907744407653809,0.00032514036865904927
DQN,65,final,2065,5065,0.14770804524421693,2.0,2.0,0.37877148389816284,0.00032578436366748065
DQN,65,final,2066,5066,0.07173080921173097,2.0,2.0,0.8834494352340698,0.0005710145342163742
DQN,65,final,2067,5067,0.18758428812026978,3.0,3.0,0.7471169233322144,0.00033781865689282614
DQN,65,final,2068,5068,0.13802322924137117,2.0,2.0,0.22121520340442657,0.00030235719168558717
DQN,65,final,2069,5069,0.09000000000000001,1.0,1.0,0.4301035404205322,0.0003193402080796659
DQN,65,final,2070,5070,0.09000000000000001,1.0,1.0,0.5153235793113708,0.00023441282974090427
DQN,65,final,2071,5071,0.09629605889320375,2.0,2.0,0.4511459469795227,0.00024731647863518447
DQN,65,final,2072,5072,0.19168244481086733,2.0,2.0,0.41248902678489685,0.0002661413382156752
DQN,65,final,2073,5073,0.036634044647216805,2.0,2.0,1.1159127950668335,0.001285537116928026
DQN,65,final,2074,5074,0.09000000000000001,1.0,1.0,0.5007504820823669,0.00019707421597559005
DQN,65,final,2075,5075,0.09000000000000001,1.0,1.0,0.1370590478181839,0.0020764993969351053
DQN,65,final,2076,5076,0.09000000000000001,1.0,1.0,0.5142704248428345,0.0005577597767114639
DQN,65,final,2077,5077,0.2585322427749634,2.0,2.0,0.6741871237754822,0.00030202482594177127
DQN,65,final,2078,5078,0.09000000000000001,1.0,1.0,0.5101499557495117,0.00045583408791571856
DQN,65,final,2079,5079,0.09000000000000001,1.0,1.0,0.2441863864660263,0.0003060830058529973
DQN,65,final,2080,5080,0.0997204351425171,2.0,2.0,0.8901076912879944,0.0002963563383673318
DQN,65,final,2081,5081,0.09000000000000001,1.0,1.0,0.4939122796058655,0.00040489350794814527
DQN,65,final,2082,5082,0.09000000000000001,1.0,1.0,0.6927772760391235,0.00034572722506709397
DQN,65,final,2083,5083,0.09079148054122926,2.0,2.0,0.2219856232404709,0.00041981448885053396
DQN,65,final,2084,5084,0.09000000000000001,1.0,1.0,0.7251310348510742,0.001655364758335054
DQN,65,final,2085,5085,0.238132483959198,3.0,3.0,0.8856297135353088,0.0004551137293068071
DQN,65,final,2086,5086,0.1792769503593445,3.0,3.0,0.9042728543281555,0.0004719482482566188
DQN,65,final,2087,5087,0.258911566734314,2.0,2.0,0.5639439821243286,0.00031050875259097666
DQN,65,final,2088,5088,0.09000000000000001,1.0,1.0,0.46578001976013184,0.0005174936377443373
DQN,65,final,2089,5089,0.2510963845252991,2.0,2.0,0.44591403007507324,0.0004057074256706983
DQN,65,final,2090,5090,0.30783499956130983,2.0,2.0,0.7729575037956238,0.0011405421391827986
DQN,65,final,2091,5091,0.09104246616363526,3.0,3.0,0.804183840751648,0.0005287967311839262
DQN,65,final,2092,5092,0.06680979013442995,2.0,2.0,0.6166685819625854,0.0004924065724480897
DQN,65,final,2093,5093,0.15453688979148866,2.0,2.0,0.17917415499687195,0.00034978768962901086
DQN,65,final,2094,5094,0.12464423656463625,2.0,2.0,0.5106544494628906,0.0002992686058860272
DQN,65,final,2095,5095,0.13589699745178224,2.0,2.0,0.44414371252059937,0.0006879160646349192
DQN,65,final,2096,5096,0.25215012550354005,3.0,3.0,0.6113275289535522,0.0004960241300674776
DQN,65,final,2097,5097,0.09600399613380434,2.0,2.0,0.36033692955970764,0.00019725238234968856
DQN,65,final,2098,5098,0.07376261234283449,2.0,2.0,0.3443091809749603,0.00036749990249518305
DQN,65,final,2099,5099,0.14640452146530153,2.0,2.0,0.35985395312309265,0.0003250243025831878
DQN,65,final,2100,5100,0.09000000000000001,1.0,1.0,0.7267483472824097,0.00027545265038497746
DQN,65,final,2101,5101,0.12479384422302248,2.0,2.0,0.9305008053779602,0.0004204180295346305
DQN,65,final,2102,5102,0.09000000000000001,1.0,1.0,0.13937285542488098,0.00023173696536105126
DQN,65,final,2103,5103,0.2831049728393555,2.0,2.0,0.4701845049858093,0.0002351501607336104
DQN,65,final,2104,5104,0.12802250862121584,2.0,2.0,1.026726245880127,0.0002880716638173908
DQN,65,final,2105,5105,0.30844123840332033,2.0,2.0,0.7140046954154968,0.00025409184308955446
DQN,65,final,2106,5106,0.0832397359609604,2.0,2.0,0.2315681278705597,0.00034778185363393277
DQN,65,final,2107,5107,0.09000000000000001,1.0,1.0,0.44484105706214905,0.00035348546225577593
DQN,65,final,2108,5108,-0.11410812854766846,2.0,2.0,0.8513113856315613,0.00037325493758544326
DQN,65,final,2109,5109,0.04196258068084718,2.0,2.0,0.8037158250808716,0.00016969372518360615
DQN,65,final,2110,5110,0.09000000000000001,1.0,1.0,0.26009634137153625,0.0001141427201218903
DQN,65,final,2111,5111,0.09000000000000001,1.0,1.0,0.9940202832221985,0.0003595744492486119
DQN,65,final,2112,5112,0.15622843980789186,2.0,2.0,0.7350476384162903,0.00028103402291890234
DQN,65,final,2113,5113,0.09000000000000001,1.0,1.0,0.2547757923603058,0.0002308213006472215
DQN,65,final,2114,5114,0.19701160669326784,2.0,2.0,0.4572187066078186,0.002582259083283134
DQN,65,final,2115,5115,0.16858787059783936,3.0,3.0,0.5498372316360474,0.0004467205920567115
DQN,65,final,2116,5116,0.20515807628631594,4.0,2.0,1.0289907455444336,0.001143908521044068
DQN,65,final,2117,5117,0.09000000000000001,1.0,1.0,0.22359628975391388,0.0004216533852741122
DQN,65,final,2118,5118,-0.10828392982482911,3.0,3.0,0.8193201422691345,0.0005915357905905694
DQN,65,final,2119,5119,0.2471525686979294,2.0,2.0,0.22906158864498138,0.0003273672191426158
DQN,65,final,2120,5120,0.09000000000000001,1.0,1.0,0.7759903073310852,0.00020203135500196368
DQN,65,final,2121,5121,0.027932422161102304,2.0,2.0,0.7256070971488953,0.0004073243326274678
DQN,65,final,2122,5122,0.09000000000000001,1.0,1.0,0.2041831910610199,0.00045780919026583433
DQN,65,final,2123,5123,0.18116055607795717,2.0,2.0,0.2689330279827118,0.00042329424468334764
DQN,65,final,2124,5124,0.13687588453292848,2.0,2.0,0.8212987780570984,0.0002861003376892768
DQN,65,final,2125,5125,0.09000000000000001,1.0,1.0,0.31758418679237366,0.0019721277058124542
DQN,65,final,2126,5126,0.05849947214126588,2.0,2.0,0.23345501720905304,0.00025778192502912134
DQN,65,final,2127,5127,0.21133901357650758,2.0,2.0,0.8975370526313782,0.0003493531548883766
DQN,65,final,2128,5128,0.09000000000000001,1.0,1.0,0.14957790076732635,0.00018412443751003593
DQN,65,final,2129,5129,0.1469866704940796,3.0,3.0,0.681914746761322,0.0004254745338888218
DQN,65,final,2130,5130,0.09000000000000001,1.0,1.0,0.8812853693962097,0.00046195960021577775
DQN,65,final,2131,5131,0.09000000000000001,1.0,1.0,0.27766820788383484,0.0002431381872156635
DQN,65,final,2132,5132,0.18170047521591187,3.0,3.0,0.35943087935447693,0.0009637967256518701
DQN,65,final,2133,5133,0.09000000000000001,1.0,1.0,0.29863446950912476,0.0002804166288115084
DQN,65,final,2134,5134,0.20355375289916994,2.0,2.0,1.023518681526184,0.00034277624217793345
DQN,65,final,2135,5135,0.09000000000000001,1.0,1.0,0.379103422164917,0.0005113020888529718
DQN,65,final,2136,5136,0.1878754472732544,4.0,4.0,0.4490428566932678,0.0008103685977403075
DQN,65,final,2137,5137,0.16609984397888183,4.0,4.0,1.0327975749969482,0.002114765258738771
DQN,65,final,2138,5138,-0.11796735048294067,7.0,3.0,0.5676978826522827,0.0005673144187312573
DQN,65,final,2139,5139,0.09000000000000001,1.0,1.0,0.1329144537448883,0.0006567512755282223
DQN,65,final,2140,5140,0.09000000000000001,1.0,1.0,0.1945115029811859,0.0009741506073623896
DQN,65,final,2141,5141,0.09000000000000001,1.0,1.0,0.20507881045341492,0.0007746127666905522
DQN,65,final,2142,5142,0.32711626768112184,2.0,2.0,0.7627106308937073,0.00041294800757896155
DQN,65,final,2143,5143,0.09000000000000001,1.0,1.0,0.5082005262374878,0.0006075641140341759
DQN,65,final,2144,5144,0.22558892488479615,3.0,3.0,0.8607236742973328,0.0016801975337633241
DQN,65,final,2145,5145,0.042332847118377696,3.0,2.0,0.7886967062950134,0.00029367605263056856
DQN,65,final,2146,5146,0.09000000000000001,1.0,1.0,0.3604995906352997,0.00035716869751922786
DQN,65,final,2147,5147,0.4791689682006836,2.0,2.0,0.7662428617477417,0.0007907285034889355
DQN,65,final,2148,5148,0.14774964928627016,2.0,2.0,0.4928000867366791,0.0005021886609029025
DQN,65,final,2149,5149,-0.048039784431457525,4.0,3.0,0.592492938041687,0.00044300055742496625
DQN,65,final,2150,5150,0.30309128522872925,4.0,4.0,0.5938538312911987,0.0021376393488026224
DQN,65,final,2151,5151,0.14323927640914919,2.0,2.0,0.5087522268295288,0.00038772934931330383
DQN,65,final,2152,5152,0.160376615524292,3.0,3.0,0.7037860155105591,0.0005516366412242254
DQN,65,final,2153,5153,-0.0015780758857726895,2.0,2.0,0.8117445707321167,0.00036656430165749043
DQN,65,final,2154,5154,0.16654742479324341,3.0,3.0,0.6899456977844238,0.0009365837516573569
DQN,65,final,2155,5155,0.11032444953918458,3.0,3.0,0.5295301675796509,0.0005151325409921507
DQN,65,final,2156,5156,0.13004519224166872,2.0,2.0,0.6803577542304993,0.0004730664732051082
DQN,65,final,2157,5157,0.17062772989273073,2.0,2.0,0.8791108727455139,0.00037210850859992206
DQN,65,final,2158,5158,0.12902923107147218,2.0,2.0,1.079228162765503,0.0004603844427037984
DQN,65,final,2159,5159,0.22649163722991944,3.0,3.0,1.0471739768981934,0.0010320736716190975
DQN,65,final,2160,5160,0.09000000000000001,1.0,1.0,0.06090019270777702,0.0003876998380292207
DQN,65,final,2161,5161,0.1940483319759369,2.0,2.0,0.22493824362754822,0.00033416319638490677
DQN,65,final,2162,5162,-0.4114704608917236,10.0,2.0,0.803228497505188,0.0005261508194962516
DQN,65,final,2163,5163,0.07115329980850221,2.0,2.0,0.46680206060409546,0.0012557489681057632
DQN,65,final,2164,5164,0.09000000000000001,1.0,1.0,0.7543851733207703,0.0002771459985524416
DQN,65,final,2165,5165,0.316604323387146,3.0,3.0,1.0275342464447021,0.00039097003173083067
DQN,65,final,2166,5166,0.1829360890388489,2.0,2.0,0.4124067425727844,0.00032081748940981925
DQN,65,final,2167,5167,-0.17840182542800903,6.0,4.0,0.44541844725608826,0.00046999971285307157
DQN,65,final,2168,5168,0.044386403560638436,2.0,2.0,0.5538793802261353,0.00041495544428471476
DQN,65,final,2169,5169,0.12403185844421388,2.0,2.0,0.6104506850242615,0.0002671650654519908
DQN,65,final,2170,5170,0.276050843000412,3.0,3.0,0.31445470452308655,0.0002739764847016583
DQN,65,final,2171,5171,0.10861845493316652,2.0,2.0,0.6642071604728699,0.0033104787580668926
DQN,65,final,2172,5172,0.09000000000000001,1.0,1.0,0.18823890388011932,0.0005788492853753269
DQN,65,final,2173,5173,0.12015199840068819,2.0,2.0,0.16058209538459778,0.002670334797585383
DQN,65,final,2174,5174,0.12006093740463258,2.0,2.0,0.8783900141716003,0.0005827454151585698
DQN,65,final,2175,5175,0.09000000000000001,1.0,1.0,0.2653660774230957,0.0052101160399615765
DQN,65,final,2176,5176,0.14320464611053468,2.0,2.0,0.8024816513061523,0.001353767147520557
DQN,65,final,2177,5177,0.18219155788421632,3.0,3.0,1.015904426574707,0.0005569995555561036
DQN,65,final,2178,5178,0.09000000000000001,1.0,1.0,0.6469206809997559,0.00025779582210816443
DQN,65,final,2179,5179,0.09000000000000001,1.0,1.0,0.7950124740600586,0.00026094139320775867
DQN,65,final,2180,5180,0.09000000000000001,1.0,1.0,0.5533863306045532,0.0006710228626616299
DQN,65,final,2181,5181,0.3913309645652771,3.0,3.0,0.6803690791130066,0.0006600185103404025
DQN,65,final,2182,5182,0.029524792432785045,3.0,2.0,0.3521605134010315,0.0003877706379474451
DQN,65,final,2183,5183,0.024105476140975968,2.0,2.0,0.48211461305618286,0.0005442741967272013
DQN,65,final,2184,5184,0.09000000000000001,1.0,1.0,0.7860597968101501,0.0007295503164641559
DQN,65,final,2185,5185,0.09000000000000001,1.0,1.0,0.17086581885814667,0.0005743294605053961
DQN,65,final,2186,5186,0.15052415609359743,2.0,2.0,0.6689736247062683,0.001415222548530437
DQN,65,final,2187,5187,0.043517457246780404,2.0,2.0,0.4036548435688019,0.0008158204582286999
DQN,65,final,2188,5188,0.16247482776641847,2.0,2.0,0.870107114315033,0.00037701069959439337
DQN,65,final,2189,5189,0.09000000000000001,1.0,1.0,0.4441975951194763,0.0002237853332189843
DQN,65,final,2190,5190,0.09000000000000001,1.0,1.0,0.8133603930473328,0.0005767890252172947
DQN,65,final,2191,5191,0.09000000000000001,1.0,1.0,0.2987406551837921,0.0005467506125569344
DQN,65,final,2192,5192,-0.21734540462493895,10.0,2.0,0.8514432907104492,0.0004202084048301913
DQN,65,final,2193,5193,0.09000000000000001,1.0,1.0,0.19855178892612457,0.0003092904225923121
DQN,65,final,2194,5194,-0.011648195981979359,5.0,3.0,0.43686410784721375,0.0015954743372276424
DQN,65,final,2195,5195,0.21843940734863282,3.0,3.0,0.7391169667243958,0.004054481687489897
DQN,65,final,2196,5196,0.09000000000000001,1.0,1.0,0.22072052955627441,0.00020033938926644623
DQN,65,final,2197,5197,0.13060529708862306,2.0,2.0,0.5584117770195007,0.00031317127286456525
DQN,65,final,2198,5198,0.24651111841201784,2.0,2.0,0.8638220429420471,0.00035414911690168083
DQN,65,final,2199,5199,0.07588409066200258,2.0,2.0,0.25025326013565063,0.000502516093547456
DQN,65,final,2200,5200,0.09000000000000001,1.0,1.0,0.30045077204704285,0.00036152126267552376
DQN,65,final,2201,5201,0.02310843944549562,2.0,2.0,0.2670731842517853,0.0007695857202634215
DQN,65,final,2202,5202,0.09000000000000001,1.0,1.0,0.5503483414649963,0.000288929499220103
DQN,65,final,2203,5203,0.09000000000000001,1.0,1.0,0.3236430585384369,0.0006577662425115705
DQN,65,final,2204,5204,0.26472519516944887,2.0,2.0,0.361485093832016,0.0014130703202681616
DQN,65,final,2205,5205,0.09000000000000001,1.0,1.0,0.10068769752979279,0.0006072954856790602
DQN,65,final,2206,5206,0.1384416538476944,2.0,2.0,0.21061764657497406,0.0004766078491229564
DQN,65,final,2207,5207,0.09000000000000001,1.0,1.0,0.7642940878868103,0.0003223155508749187
DQN,65,final,2208,5208,0.09000000000000001,1.0,1.0,0.1713658720254898,0.00036268855910748243
DQN,65,final,2209,5209,0.04799844503402711,2.0,2.0,0.7643446326255798,0.0018073060200549662
DQN,65,final,2210,5210,0.004293106198310859,3.0,3.0,0.2373320311307907,0.0018001671705860645
DQN,65,final,2211,5211,0.09446228504180909,4.0,3.0,0.5217344164848328,0.0012139879254391417
DQN,65,final,2212,5212,0.04181344985961915,2.0,2.0,0.5702813267707825,0.0007966285920701921
DQN,65,final,2213,5213,0.09000000000000001,1.0,1.0,0.33905771374702454,0.0005752822617068887
DQN,65,final,2214,5214,0.06970848321914674,2.0,2.0,0.760956883430481,0.0009627220861148089
DQN,65,final,2215,5215,0.09000000000000001,1.0,1.0,1.0336978435516357,0.001423475332558155
DQN,65,final,2216,5216,0.09000000000000001,1.0,1.0,0.6731787919998169,0.0006766699370928109
DQN,65,final,2217,5217,0.19583828926086427,2.0,2.0,1.135280966758728,0.0005953188810963184
DQN,65,final,2218,5218,0.39937223672866823,2.0,2.0,0.6132627725601196,0.0007230288902064785
DQN,65,final,2219,5219,0.19772841215133669,2.0,2.0,0.5545879602432251,0.0005322275246726349
DQN,65,final,2220,5220,0.038563387393951425,2.0,2.0,0.7779120206832886,0.0007356556016020477
DQN,65,final,2221,5221,0.1543047595024109,2.0,2.0,0.8374332785606384,0.0005760332569479942
DQN,65,final,2222,5222,-0.06620286226272583,2.0,2.0,1.0025155544281006,0.001256695220945403
DQN,65,final,2223,5223,0.24323852539062502,2.0,2.0,0.7445820569992065,0.00198604998877272
DQN,65,final,2224,5224,0.17004831314086916,2.0,2.0,0.6916821599006653,0.00042469106847420335
DQN,65,final,2225,5225,0.18410504579544068,3.0,3.0,0.888923704624176,0.0006946805224288255
DQN,65,final,2226,5226,0.046077859401702885,5.0,3.0,0.7345606088638306,0.000592253083596006
DQN,65,final,2227,5227,0.24095739603042604,2.0,2.0,0.5932474732398987,0.00046265705896075815
DQN,65,final,2228,5228,0.1387313771247864,2.0,2.0,0.7453101873397827,0.0025546905380906537
DQN,65,final,2229,5229,-0.07484823465347289,5.0,4.0,0.965459942817688,0.0009907349827699362
DQN,65,final,2230,5230,0.23062331199645997,3.0,3.0,1.1468982696533203,0.0007588223670609295
DQN,65,final,2231,5231,0.09000000000000001,1.0,1.0,0.4523563086986542,0.0011032904731109738
DQN,65,final,2232,5232,0.09000000000000001,1.0,1.0,0.6116248965263367,0.00042380174272693694
DQN,65,final,2233,5233,0.12596405267715455,3.0,3.0,0.7095527648925781,0.003617293453620126
DQN,65,final,2234,5234,0.06388314247131349,2.0,2.0,0.2644958794116974,0.0009242728992830962
DQN,65,final,2235,5235,0.10537003695964814,3.0,3.0,0.20641735196113586,0.0012956497957929969
DQN,65,final,2236,5236,-0.14991436481475828,8.0,3.0,0.5726978182792664,0.0007714885996392695
DQN,65,final,2237,5237,0.05401055693626405,2.0,2.0,0.44792991876602173,0.00038459149072878063
DQN,65,final,2238,5238,0.1701213788986206,3.0,3.0,0.8375905156135559,0.00039393948585105437
DQN,65,final,2239,5239,0.22622709155082704,2.0,2.0,0.39522674679756165,0.001180928637040779
DQN,65,final,2240,5240,0.24276544332504274,2.0,2.0,0.8991784453392029,0.00038465515535790473
DQN,65,final,2241,5241,-0.01012504100799562,5.0,4.0,0.7362770438194275,0.003140896244440228
DQN,65,final,2242,5242,0.14309109926223756,2.0,2.0,0.6524479985237122,0.0008091104391496629
DQN,65,final,2243,5243,0.023208327293396017,3.0,3.0,0.6654456257820129,0.0005125093448441476
DQN,65,final,2244,5244,0.09000000000000001,1.0,1.0,0.6584233641624451,0.0005123291630297899
DQN,65,final,2245,5245,0.3052532172203064,4.0,3.0,0.6311857104301453,0.0006436061667045578
DQN,65,final,2246,5246,-0.5733072757720948,10.0,3.0,1.1514309644699097,0.0005197698978008702
DQN,65,final,2247,5247,-0.17886131286621093,3.0,3.0,0.8034437894821167,0.003657877639246484
DQN,65,final,2248,5248,0.09000000000000001,1.0,1.0,0.22954197227954865,0.0005162991001270711
DQN,65,final,2249,5249,0.16468465089797973,4.0,4.0,0.7472325563430786,0.0004409237917570863
DQN,65,final,2250,5250,0.09283603906631471,2.0,2.0,0.24370503425598145,0.0004397300799610093
DQN,65,final,2251,5251,0.09000000000000001,1.0,1.0,0.15872563421726227,0.0007797498838044703
DQN,65,final,2252,5252,0.12123510956764222,3.0,3.0,0.44576695561408997,0.00037670787423849106
DQN,65,final,2253,5253,0.09000000000000001,1.0,1.0,0.6414454579353333,0.000378383876523003
DQN,65,final,2254,5254,0.28854586362838747,2.0,2.0,0.6035923361778259,0.001199207064928487
DQN,65,final,2255,5255,0.09000000000000001,1.0,1.0,0.1450996845960617,0.0007640739786438644
DQN,65,final,2256,5256,0.09000000000000001,1.0,1.0,0.9380121827125549,0.002586720511317253
DQN,65,final,2257,5257,0.04650615334510804,2.0,2.0,0.2873546779155731,0.0005469466559588909
DQN,65,final,2258,5258,0.23658408403396608,2.0,2.0,0.6306224465370178,0.00046773903886787593
DQN,65,final,2259,5259,0.09000000000000001,1.0,1.0,0.3001929223537445,0.0005024864803999662
DQN,65,final,2260,5260,0.1801306676864624,3.0,3.0,0.700256884098053,0.0005864649720024318
DQN,65,final,2261,5261,0.2350617814064026,2.0,2.0,0.823463499546051,0.00043463255860842764
DQN,65,final,2262,5262,0.01713811039924623,2.0,2.0,0.5434767007827759,0.0009348374733235687
DQN,65,final,2263,5263,0.09000000000000001,1.0,1.0,0.2845483720302582,0.00047180597903206944
DQN,65,final,2264,5264,0.4528136420249939,2.0,2.0,0.9678152203559875,0.0004728237690869719
DQN,65,final,2265,5265,0.18512548685073854,2.0,2.0,0.7598266005516052,0.0002639300946611911
DQN,65,final,2266,5266,0.24227042675018312,2.0,2.0,0.6364970207214355,0.00043830116919707507
DQN,65,final,2267,5267,-0.18989102840423583,5.0,3.0,0.8357362151145935,0.0004369705100543797
DQN,65,final,2268,5268,0.1237174439430237,2.0,2.0,0.7641577124595642,0.00043905181519221514
DQN,65,final,2269,5269,0.09000000000000001,1.0,1.0,0.3211286664009094,0.0003656521439552307
DQN,65,final,2270,5270,0.282466835975647,3.0,3.0,0.7622981071472168,0.0005626515485346317
DQN,65,final,2271,5271,0.150870578289032,2.0,2.0,0.5532853007316589,0.00041788620001170784
DQN,65,final,2272,5272,0.09000000000000001,1.0,1.0,0.8106387853622437,0.003917823079973459
DQN,65,final,2273,5273,0.09000000000000001,1.0,1.0,0.3704226613044739,0.002026754431426525
DQN,65,final,2274,5274,0.09103609800338747,2.0,2.0,0.4475117623806,0.0004914571472909302
DQN,65,final,2275,5275,0.33447410345077516,2.0,2.0,0.7698106169700623,0.0005632328684441745
DQN,65,final,2276,5276,0.21801079988479616,2.0,2.0,0.7900642156600952,0.000374541079509072
DQN,65,final,2277,5277,0.2567525672912598,2.0,2.0,1.0073834657669067,0.0003535132418619469
DQN,65,final,2278,5278,0.1721309518814087,4.0,3.0,0.6716440916061401,0.00037919677561149
DQN,65,final,2279,5279,0.15841098308563234,2.0,2.0,0.5024705529212952,0.0004771572712343186
DQN,65,final,2280,5280,0.00555451393127443,2.0,2.0,0.5724243521690369,0.0006029311916790903
DQN,65,final,2281,5281,0.09000000000000001,1.0,1.0,0.6867207884788513,0.0003654392494354397
DQN,65,final,2282,5282,0.17796375036239626,2.0,2.0,0.48958784341812134,0.00028367935738060623
DQN,65,final,2283,5283,0.22365791320800782,3.0,3.0,1.0495567321777344,0.0005784394064297279
DQN,65,final,2284,5284,0.20805735111236573,3.0,3.0,0.6989385485649109,0.0021123419185945145
DQN,65,final,2285,5285,0.020767586231231705,2.0,2.0,0.967160701751709,0.00041279796278104186
DQN,65,final,2286,5286,0.09000000000000001,1.0,1.0,0.1312960535287857,0.0019148774445056915
DQN,65,final,2287,5287,-0.4690157175064087,10.0,3.0,1.090150237083435,0.0006530203972943127
DQN,65,final,2288,5288,0.09000000000000001,1.0,1.0,0.59869784116745,0.00041166399023495615
DQN,65,final,2289,5289,0.09000000000000001,1.0,1.0,0.7405584454536438,0.0007364049670286477
DQN,65,final,2290,5290,0.08988268852233888,2.0,2.0,0.5570064187049866,0.000377011121599935
DQN,65,final,2291,5291,0.2582636046409607,2.0,2.0,0.4384915828704834,0.0005391937011154369
DQN,65,final,2292,5292,0.21218706846237184,2.0,2.0,0.6068937182426453,0.00037302963028196245
DQN,65,final,2293,5293,0.09000000000000001,1.0,1.0,0.235957533121109,0.00032362606725655496
DQN,65,final,2294,5294,0.055993793010711675,4.0,4.0,0.78541100025177,0.0005370171420508996
DQN,65,final,2295,5295,0.09000000000000001,1.0,1.0,0.24896635115146637,0.00036590726813301444
DQN,65,final,2296,5296,0.3342443573474884,2.0,2.0,0.42786136269569397,0.0016137864731717855
DQN,65,final,2297,5297,0.09000000000000001,1.0,1.0,0.7871783375740051,0.0004433720023371279
DQN,65,final,2298,5298,0.2509781885147095,2.0,2.0,0.8115058541297913,0.0005321277567418292
DQN,65,final,2299,5299,0.2505424785614014,2.0,2.0,0.7028527855873108,0.0009112709085457027
DQN,65,final,2300,5300,0.09000000000000001,1.0,1.0,1.197129487991333,0.0003408048360142857
DQN,65,final,2301,5301,0.09000000000000001,1.0,1.0,0.7388394474983215,0.0003215303586330265
DQN,65,final,2302,5302,0.2089876699447632,2.0,2.0,0.7490285038948059,0.004868585550866555
DQN,65,final,2303,5303,0.08289863348007204,2.0,2.0,0.35071492195129395,0.00023081528343027458
DQN,65,final,2304,5304,0.1791248393058777,3.0,3.0,0.6305598020553589,0.0005172605063611021
DQN,65,final,2305,5305,0.09000000000000001,1.0,1.0,0.3192117512226105,0.0004124873667024076
DQN,65,final,2306,5306,-0.11263611793518065,8.0,2.0,1.1715365648269653,0.0006678407225990668
DQN,65,final,2307,5307,0.25937474489212037,3.0,3.0,0.9687008261680603,0.0003605535506115605
DQN,65,final,2308,5308,0.16489984273910524,2.0,2.0,0.5250692963600159,0.0003605120145948604
DQN,65,final,2309,5309,0.18071957111358644,2.0,2.0,1.0003888607025146,0.0004204818687867373
DQN,65,final,2310,5310,0.04384017169475556,2.0,2.0,0.20638921856880188,0.000283756191493012
DQN,65,final,2311,5311,0.23904331207275392,2.0,2.0,0.6010447144508362,0.00034174128086306155
DQN,65,final,2312,5312,0.09000000000000001,1.0,1.0,0.35409098863601685,0.000326789275277406
DQN,65,final,2313,5313,0.1982392144203186,3.0,3.0,0.41803795099258423,0.0008987060670430461
DQN,65,final,2314,5314,0.37827165603637697,2.0,2.0,0.7393976449966431,0.00045807257993146777
DQN,65,final,2315,5315,0.16897322416305544,2.0,2.0,0.518669068813324,0.000348351604770869
DQN,65,final,2316,5316,0.28419946432113646,5.0,5.0,0.8365902304649353,0.0004894155019428581
DQN,65,final,2317,5317,0.09000000000000001,1.0,1.0,0.17899592220783234,0.000310924049699679
DQN,65,final,2318,5318,0.09000000000000001,1.0,1.0,0.4727737605571747,0.00042003209819085896
DQN,65,final,2319,5319,0.05976126313209535,3.0,3.0,0.3553827404975891,0.0007932923908811063
DQN,65,final,2320,5320,0.06440101742744447,2.0,2.0,0.345520943403244,0.0011743394425138831
DQN,65,final,2321,5321,0.2810369896888733,2.0,2.0,0.9798689484596252,0.0005881823890376836
DQN,65,final,2322,5322,0.08610029697418214,2.0,2.0,0.814998984336853,0.00044937066559214145
DQN,65,final,2323,5323,-0.06952986657619474,4.0,3.0,0.27468568086624146,0.000492071223561652
DQN,65,final,2324,5324,0.18152712464332582,2.0,2.0,0.36849287152290344,0.005981487483950332
DQN,65,final,2325,5325,0.19006778478622438,2.0,2.0,0.45530635118484497,0.0003603451623348519
DQN,65,final,2326,5326,0.09000000000000001,1.0,1.0,0.12899665534496307,0.0006389647023752332
DQN,65,final,2327,5327,0.09000000000000001,1.0,1.0,0.9901294112205505,0.00028601562371477485
DQN,65,final,2328,5328,0.2592346739768982,3.0,3.0,0.49835318326950073,0.0021058899583294988
DQN,65,final,2329,5329,0.35763338923454285,3.0,3.0,0.33199772238731384,0.0009357369466063877
DQN,65,final,2330,5330,0.2533081936836243,2.0,2.0,0.8825660347938538,0.0023423205711878836
DQN,65,final,2331,5331,0.09000000000000001,1.0,1.0,0.41239070892333984,0.0009214530582539737
DQN,65,final,2332,5332,0.12174404382705689,3.0,3.0,0.5114580392837524,0.0009037045141061147
DQN,65,final,2333,5333,-0.42135046720504765,10.0,2.0,0.8533387184143066,0.0026311821857234463
DQN,65,final,2334,5334,0.0262440037727356,3.0,2.0,0.7100561857223511,0.0006820416698853174
DQN,65,final,2335,5335,0.048297213315963754,2.0,2.0,0.32483455538749695,0.0004645587468985468
DQN,65,final,2336,5336,0.14754741072654726,2.0,2.0,0.46585556864738464,0.0004399637982714921
DQN,65,final,2337,5337,0.3025143313407898,2.0,2.0,0.6133437156677246,0.00048571586376056075
DQN,65,final,2338,5338,0.05875159978866578,2.0,2.0,0.6034824252128601,0.0006650280556641519
DQN,65,final,2339,5339,0.09000000000000001,1.0,1.0,0.228751078248024,0.0006099982419982553
DQN,65,final,2340,5340,0.12906281828880312,2.0,2.0,0.22701501846313477,0.000539583110366948
DQN,65,final,2341,5341,0.12056292057037353,4.0,3.0,0.6649966239929199,0.0008588409546064213
DQN,65,final,2342,5342,-0.04901557445526124,3.0,3.0,0.7502989172935486,0.0005266937854078909
DQN,65,final,2343,5343,0.09125848293304445,2.0,2.0,0.13142016530036926,0.00033444384462200105
DQN,65,final,2344,5344,0.09000000000000001,1.0,1.0,0.4654596745967865,0.0006320293177850544
DQN,65,final,2345,5345,0.09000000000000001,1.0,1.0,0.1983402669429779,0.0005235876888036728
DQN,65,final,2346,5346,0.21329779148101807,3.0,3.0,1.1704466342926025,0.0004120494704693556
DQN,65,final,2347,5347,0.24774821281433107,2.0,2.0,0.6798952221870422,0.0007457029423676431
DQN,65,final,2348,5348,0.1546847987174988,2.0,2.0,0.24455514550209045,0.0006030581134837121
DQN,65,final,2349,5349,-0.013999199867248527,5.0,2.0,1.0395870208740234,0.0007059372554067522
DQN,65,final,2350,5350,0.0531879734992981,3.0,3.0,0.5754169225692749,0.0004302970871018867
DQN,65,final,2351,5351,0.09000000000000001,1.0,1.0,0.1263965517282486,0.00030441684066317976
DQN,65,final,2352,5352,0.1984877061843872,3.0,3.0,0.8153533339500427,0.0004033119572947423
DQN,65,final,2353,5353,0.07807751178741457,2.0,2.0,0.7936171293258667,0.00040601505315862596
DQN,65,final,2354,5354,0.10602481842041017,2.0,2.0,1.0334885120391846,0.00043500648462213576
DQN,65,final,2355,5355,0.1835827898979187,3.0,3.0,0.8450671434402466,0.002054171908336381
DQN,65,final,2356,5356,0.09000000000000001,1.0,1.0,0.2192545086145401,0.0003947062650695443
DQN,65,final,2357,5357,0.07138811230659486,2.0,2.0,0.3315073847770691,0.003667839220725
DQN,65,final,2358,5358,0.43373309254646303,2.0,2.0,0.32843974232673645,0.0004734811373054981
DQN,65,final,2359,5359,-0.018431045413017252,3.0,3.0,0.3170021176338196,0.0017703358219781269
DQN,65,final,2360,5360,0.13370366573333742,2.0,2.0,0.8652833104133606,0.00036198920861352235
DQN,65,final,2361,5361,0.26064481019973756,2.0,2.0,0.4881144165992737,0.00043647061102092266
DQN,65,final,2362,5362,-0.6428879022598266,10.0,4.0,0.8933311104774475,0.000479768289369531
DQN,65,final,2363,5363,0.06335023999214173,4.0,3.0,0.3743838667869568,0.0005513710784725845
DQN,65,final,2364,5364,0.26115257263183594,3.0,3.0,0.70513516664505,0.0003424139382938544
DQN,65,final,2365,5365,0.23443927049636842,2.0,2.0,0.7148656845092773,0.0004256753672962077
DQN,65,final,2366,5366,0.09652112603187563,2.0,2.0,0.41792407631874084,0.0004487016412895173
DQN,65,final,2367,5367,0.16383190631866457,2.0,2.0,0.6870483160018921,0.000479936963529326
DQN,65,final,2368,5368,0.01954770088195802,5.0,4.0,0.6100583672523499,0.0005417720996774734
DQN,65,final,2369,5369,0.3149381744861603,2.0,2.0,0.2823539674282074,0.00032211751386057585
DQN,65,final,2370,5370,0.1933270859718323,2.0,2.0,0.6026344895362854,0.0003681220841826871
DQN,65,final,2371,5371,0.27264382123947145,2.0,2.0,0.7211726307868958,0.0006175562448333949
DQN,65,final,2372,5372,0.1355526614189148,2.0,2.0,0.6443478465080261,0.006076591118471697
DQN,65,final,2373,5373,0.09000000000000001,1.0,1.0,0.18326494097709656,0.0003330129256937653
DQN,65,final,2374,5374,0.09000000000000001,1.0,1.0,0.33952662348747253,0.00022692352649755776
DQN,65,final,2375,5375,0.09000000000000001,1.0,1.0,0.3082665503025055,0.0003259106888435781
DQN,65,final,2376,5376,0.20912601232528688,2.0,2.0,0.8752664923667908,0.0005553449300350621
DQN,65,final,2377,5377,0.13510574579238893,2.0,2.0,0.8080630302429199,0.0004669509653467685
DQN,65,final,2378,5378,0.09000000000000001,1.0,1.0,0.34712663292884827,0.0006054049590602517
DQN,65,final,2379,5379,-0.11697416543960569,4.0,3.0,0.667601466178894,0.0003458690189290792
DQN,65,final,2380,5380,0.11854902625083924,3.0,3.0,0.3476896286010742,0.00030660028763425845
DQN,65,final,2381,5381,0.11290771484375,3.0,3.0,1.1572952270507812,0.0005132334481459111
DQN,65,final,2382,5382,0.053079239726066596,3.0,3.0,0.26441842317581177,0.0004369945381768048
DQN,65,final,2383,5383,0.05125646471977235,2.0,2.0,0.5136969685554504,0.002105798150296323
DQN,65,final,2384,5384,0.1448501515388489,2.0,2.0,0.28211161494255066,0.005028492887504399
DQN,65,final,2385,5385,0.3187475872039795,3.0,3.0,1.0709782838821411,0.0005342696482936541
DQN,65,final,2386,5386,0.19546014785766602,3.0,3.0,0.6147856712341309,0.0005321348241219918
DQN,65,final,2387,5387,0.09000000000000001,1.0,1.0,0.5110273957252502,0.0010939572239294648
DQN,65,final,2388,5388,0.2746290636062622,3.0,3.0,1.0521512031555176,0.0016167282592505217
DQN,65,final,2389,5389,0.055918710231781014,2.0,2.0,0.7306214570999146,0.0006072656542528421
DQN,65,final,2390,5390,0.09000000000000001,1.0,1.0,0.44800958037376404,0.0005167222116142511
DQN,65,final,2391,5391,0.09000000000000001,1.0,1.0,0.6400418877601624,0.0006560517940670252
DQN,65,final,2392,5392,0.1585050392150879,2.0,2.0,0.6641755700111389,0.0009223094675689936
DQN,65,final,2393,5393,0.09000000000000001,1.0,1.0,0.09093976020812988,0.00041864215745590627
DQN,65,final,2394,5394,-0.010879449844360331,3.0,3.0,0.840004026889801,0.0007590276072733104
DQN,65,final,2395,5395,0.09000000000000001,1.0,1.0,0.17723731696605682,0.0006133093265816569
DQN,65,final,2396,5396,0.21269667863845826,3.0,3.0,0.9275886416435242,0.0009651868798149129
DQN,65,final,2397,5397,-0.06084702730178833,2.0,2.0,1.0114201307296753,0.0005396767519414425
DQN,65,final,2398,5398,0.002242631912231452,3.0,3.0,0.48777085542678833,0.0004069316977014144
DQN,65,final,2399,5399,0.2815181016921997,5.0,4.0,1.0257805585861206,0.0004740636155474931
DQN,65,final,2400,5400,0.2926839065551758,3.0,3.0,0.5827226638793945,0.000392426474718377
DQN,65,final,2401,5401,0.11422780334949495,2.0,2.0,0.1895752251148224,0.008904464077204466
DQN,65,final,2402,5402,0.09000000000000001,1.0,1.0,0.22890831530094147,0.0010920576751232147
DQN,65,final,2403,5403,0.09000000000000001,1.0,1.0,0.16115525364875793,0.0024095503613352776
DQN,65,final,2404,5404,0.09921061992645265,5.0,4.0,1.0714048147201538,0.0005573931674007326
DQN,65,final,2405,5405,0.09000000000000001,1.0,1.0,0.12237115204334259,0.010419882833957672
DQN,65,final,2406,5406,0.09000000000000001,1.0,1.0,0.2562159597873688,0.017351968213915825
DQN,65,final,2407,5407,0.09000000000000001,1.0,1.0,0.4468788504600525,0.00041889233398251235
DQN,65,final,2408,5408,0.09855659604072571,5.0,5.0,0.45373836159706116,0.0005749685864429921
DQN,65,final,2409,5409,-0.2948740983009338,9.0,2.0,0.7847041487693787,0.0008789318542565323
DQN,65,final,2410,5410,0.09000000000000001,1.0,1.0,0.32445451617240906,0.0004319660656619817
DQN,65,final,2411,5411,0.04471130847930909,2.0,2.0,0.5743460655212402,0.0005660953465849161
DQN,65,final,2412,5412,0.1788801121711731,2.0,2.0,0.7001262903213501,0.0013896991440560669
DQN,65,final,2413,5413,0.09000000000000001,1.0,1.0,0.21185950934886932,0.0008564919698983431
DQN,65,final,2414,5414,0.09000000000000001,1.0,1.0,0.26590853929519653,0.0005038318922743201
DQN,65,final,2415,5415,0.2821241092681885,3.0,3.0,0.9610120058059692,0.0055539456079714
DQN,65,final,2416,5416,0.20421831488609316,2.0,2.0,0.29437562823295593,0.0011592073569772765
DQN,65,final,2417,5417,0.2547567367553711,5.0,5.0,0.6977257132530212,0.006368933530757204
DQN,65,final,2418,5418,0.09000000000000001,1.0,1.0,0.8507785201072693,0.0007190204923972487
DQN,65,final,2419,5419,-0.03177855730056761,2.0,2.0,0.8231169581413269,0.007642371783731505
DQN,65,final,2420,5420,0.15010868430137636,3.0,2.0,0.2921138405799866,0.0016033488209359348
DQN,65,final,2421,5421,0.09000000000000001,1.0,1.0,0.18754681944847107,0.0004548239230643958
DQN,65,final,2422,5422,0.15801225781440736,2.0,2.0,0.30066701769828796,0.000327995847328566
DQN,65,final,2423,5423,0.1713086533546448,2.0,2.0,0.7305665016174316,0.000700058473739773
DQN,65,final,2424,5424,-0.11658927679061888,8.0,2.0,0.7088760733604431,0.001258424948900938
DQN,65,final,2425,5425,0.176782922744751,2.0,2.0,0.41875725984573364,0.0008213201654143631
DQN,65,final,2426,5426,0.09000000000000001,1.0,1.0,0.5068010091781616,0.0009848729241639376
DQN,65,final,2427,5427,0.14961702346801758,3.0,3.0,1.1718167066574097,0.0024048265477176756
DQN,65,final,2428,5428,0.09000000000000001,1.0,1.0,0.31721338629722595,0.0009367246530018747
DQN,65,final,2429,5429,0.09000000000000001,1.0,1.0,0.2690179944038391,0.002289117081090808
DQN,65,final,2430,5430,0.04185918152332307,2.0,2.0,0.24857692420482635,0.0007268657209351659
DQN,65,final,2431,5431,0.09000000000000001,1.0,1.0,0.34159034490585327,0.000905013526789844
DQN,65,final,2432,5432,0.16607447147369386,2.0,2.0,0.6147593855857849,0.0007313666574191302
DQN,65,final,2433,5433,0.1718611288070679,2.0,2.0,0.2574554979801178,0.0009624640224501491
DQN,65,final,2434,5434,0.09000000000000001,1.0,1.0,0.11081678420305252,0.0014026483986526728
DQN,65,final,2435,5435,-0.03463064908981324,3.0,3.0,0.7051305770874023,0.0007980652735568583
DQN,65,final,2436,5436,-0.008379887342452999,3.0,2.0,0.4187532067298889,0.0007572846952825785
DQN,65,final,2437,5437,0.14643086671829225,2.0,2.0,0.8334155082702637,0.0009813279466470703
DQN,65,final,2438,5438,0.01502491712570192,2.0,2.0,0.2358417958021164,0.0042164268816122785
DQN,65,final,2439,5439,0.09000000000000001,1.0,1.0,0.06650372594594955,0.00033411593176424503
DQN,65,final,2440,5440,-0.4875784993171692,10.0,2.0,0.494823157787323,0.0009863841056358068
DQN,65,final,2441,5441,0.09701968908309938,2.0,2.0,0.917075514793396,0.0003807782049989328
DQN,65,final,2442,5442,0.15140891790390015,3.0,3.0,0.5354334115982056,0.0015221364155877382
DQN,65,final,2443,5443,-0.029598639011383043,6.0,3.0,0.9738666415214539,0.0006861898582428694
DQN,65,final,2444,5444,0.05210729122161866,2.0,2.0,0.3008584976196289,0.0018021737050730735
DQN,65,final,2445,5445,-0.4910746216773987,10.0,3.0,0.6828097701072693,0.0018500353820854799
DQN,65,final,2446,5446,0.08685667991638185,2.0,2.0,0.7104609608650208,0.00044689646165352315
DQN,65,final,2447,5447,0.13160760879516603,2.0,2.0,0.8243566751480103,0.0006107463559601456
DQN,65,final,2448,5448,0.23719670057296754,2.0,2.0,0.9423732161521912,0.0005998461274430156
DQN,65,final,2449,5449,0.09000000000000001,1.0,1.0,0.09819316118955612,0.009761162102222443
DQN,65,final,2450,5450,0.34385784149169923,2.0,2.0,1.195134162902832,0.0005662209005095065
DQN,65,final,2451,5451,0.26380688667297364,3.0,3.0,0.8669470548629761,0.0005314972077030689
DQN,65,final,2452,5452,0.24497313976287843,2.0,2.0,0.7971113324165344,0.003422109701205045
DQN,65,final,2453,5453,0.09000000000000001,1.0,1.0,0.2566138803958893,0.001093199010938406
DQN,65,final,2454,5454,0.09000000000000001,1.0,1.0,0.46708518266677856,0.0003243717073928565
DQN,65,final,2455,5455,0.09000000000000001,1.0,1.0,0.4922366142272949,0.001172112999483943
DQN,65,final,2456,5456,0.23062361955642702,2.0,2.0,0.6052584648132324,0.000794821564340964
DQN,65,final,2457,5457,0.09000000000000001,1.0,1.0,0.6110169291496277,0.0009590421104803681
DQN,65,final,2458,5458,0.1527915167808533,2.0,2.0,0.6233606338500977,0.0006225033721420914
DQN,65,final,2459,5459,0.09000000000000001,1.0,1.0,0.26965805888175964,0.0008765241364017129
DQN,65,final,2460,5460,0.09000000000000001,1.0,1.0,0.5054892301559448,0.0006937480065971613
DQN,65,final,2461,5461,0.18932486295700074,3.0,3.0,0.896504819393158,0.0006268936558626592
DQN,65,final,2462,5462,0.2720248568058014,2.0,2.0,0.30738967657089233,0.0005726745876017958
DQN,65,final,2463,5463,-0.06376879215240479,5.0,3.0,0.8916639685630798,0.0027186561783310026
DQN,65,final,2464,5464,0.09000000000000001,1.0,1.0,0.24715161323547363,0.0004723892780020833
DQN,65,final,2465,5465,0.20318491935729982,2.0,2.0,0.8380348086357117,0.00039622980693820864
DQN,65,final,2466,5466,0.09000000000000001,1.0,1.0,0.48557090759277344,0.0006675014737993479
DQN,65,final,2467,5467,0.13487638711929323,2.0,2.0,0.7528561353683472,0.0004081982187926769
DQN,65,final,2468,5468,0.09000000000000001,1.0,1.0,0.18434694409370422,0.00047406007070094347
DQN,65,final,2469,5469,-0.005186809301376327,2.0,2.0,0.24371124804019928,0.0006469759973697364
DQN,65,final,2470,5470,0.09000000000000001,1.0,1.0,0.3591649830341339,0.0009686597622931004
DQN,65,final,2471,5471,0.09000000000000001,1.0,1.0,0.7146010398864746,0.0005926050944253802
DQN,65,final,2472,5472,0.1976999521255493,5.0,5.0,1.0032554864883423,0.000651726924115792
DQN,65,final,2473,5473,0.052219228744506845,2.0,2.0,0.6089574694633484,0.00047265611647162586
DQN,65,final,2474,5474,0.09000000000000001,1.0,1.0,0.24435581266880035,0.0007631246699020267
DQN,65,final,2475,5475,-0.010823113918304442,7.0,3.0,0.5779668092727661,0.0027020329725928605
DQN,65,final,2476,5476,0.09000000000000001,1.0,1.0,0.1770104020833969,0.0008882931433618069
DQN,65,final,2477,5477,0.09000000000000001,1.0,1.0,0.21120119094848633,0.0038760544266551733
DQN,65,final,2478,5478,0.1758518981933594,2.0,2.0,0.7785673141479492,0.0006246935809031129
DQN,65,final,2479,5479,0.27260752201080324,2.0,2.0,0.7202805876731873,0.00047229707706719637
DQN,65,final,2480,5480,0.14860738992691042,2.0,2.0,0.5039520263671875,0.00040257482760353014
DQN,65,final,2481,5481,0.12971045255661012,2.0,2.0,0.8296111226081848,0.000561852430109866
DQN,65,final,2482,5482,0.21629668951034547,2.0,2.0,0.9484021067619324,0.0023420052602887154
DQN,65,final,2483,5483,0.13884534120559694,2.0,2.0,0.37232181429862976,0.0005244438798399642
DQN,65,final,2484,5484,-0.01491878747940062,2.0,2.0,0.631565272808075,0.011257425969233736
DQN,65,final,2485,5485,0.09000000000000001,1.0,1.0,0.6423376798629761,0.0006845525931566954
DQN,65,final,2486,5486,0.07287414550781252,2.0,2.0,0.619501531124115,0.0007188459276221693
DQN,65,final,2487,5487,0.12814884066581728,2.0,2.0,0.3436448276042938,0.000803626753622666
DQN,65,final,2488,5488,0.09000000000000001,1.0,1.0,0.35189321637153625,0.0004907164257019758
DQN,65,final,2489,5489,0.09726591587066652,2.0,2.0,0.38456639647483826,0.000768321449868381
DQN,65,final,2490,5490,0.09000000000000001,1.0,1.0,0.3578130900859833,0.0005409467266872525
DQN,65,final,2491,5491,0.03555785298347474,2.0,2.0,0.36297935247421265,0.0005433571059256792
DQN,65,final,2492,5492,0.2509640622138977,2.0,2.0,0.6451655626296997,0.0004810225509572774
DQN,65,final,2493,5493,0.1363079023361206,3.0,3.0,1.0802500247955322,0.0005298931209836155
DQN,65,final,2494,5494,-0.19569096744060516,3.0,3.0,0.5051729083061218,0.0004945295998671403
DQN,65,final,2495,5495,0.09000000000000001,1.0,1.0,0.2991315424442291,0.00035865616519004107
DQN,65,final,2496,5496,0.11445355176925662,4.0,4.0,0.7794845700263977,0.0003093084887950681
DQN,65,final,2497,5497,0.18608839988708498,2.0,2.0,0.6120211482048035,0.000599494858761318
DQN,65,final,2498,5498,0.2831236219406128,4.0,3.0,0.8083993196487427,0.002468041653628461
DQN,65,final,2499,5499,0.20153062224388124,2.0,2.0,0.46112892031669617,0.000828159914817661
DQN,65,final,2500,5500,0.35607791662216187,3.0,3.0,0.9789060950279236,0.0004637919385762264
DQN,65,final,2501,5501,0.018160121440887467,2.0,2.0,0.4006294310092926,0.00041221879655495286
DQN,65,final,2502,5502,0.09000000000000001,1.0,1.0,0.4308578372001648,0.0005155810504220426
DQN,65,final,2503,5503,0.15189154624938966,2.0,2.0,1.0422000885009766,0.0005210555391386151
DQN,65,final,2504,5504,0.09000000000000001,1.0,1.0,0.11650152504444122,0.0001395087456330657
DQN,65,final,2505,5505,-0.5113551497459412,10.0,2.0,0.8631910085678101,0.0021764574630651623
DQN,65,final,2506,5506,-0.2757906913757324,10.0,3.0,0.817452073097229,0.0014939871616661549
DQN,65,final,2507,5507,0.09000000000000001,1.0,1.0,0.14607806503772736,0.0006830430356785655
DQN,65,final,2508,5508,0.16668172359466554,2.0,2.0,1.153527855873108,0.0002375795811531134
DQN,65,final,2509,5509,0.033709229826927194,2.0,2.0,0.18440350890159607,0.0007205861620604992
DQN,65,final,2510,5510,-0.016207439899444565,2.0,2.0,0.5978900790214539,0.000563382578548044
DQN,65,final,2511,5511,0.163660364151001,2.0,2.0,0.9055761694908142,0.00043428438948467374
DQN,65,final,2512,5512,0.13180475115776064,2.0,2.0,0.4738338887691498,0.0006056019919924438
DQN,65,final,2513,5513,0.0430785882472992,2.0,2.0,0.16303060948848724,0.012218506511999294
DQN,65,final,2514,5514,0.09000000000000001,1.0,1.0,0.24249376356601715,0.00044298014836385846
DQN,65,final,2515,5515,-0.27270824551582334,9.0,3.0,0.269561231136322,0.0006929005935995115
DQN,65,final,2516,5516,0.319714195728302,3.0,3.0,0.777877151966095,0.0009116491613288721
DQN,65,final,2517,5517,0.27545459747314455,2.0,2.0,0.5821325182914734,0.0006069379160180688
DQN,65,final,2518,5518,0.3191612136363983,3.0,3.0,0.40252938866615295,0.00036862252939802903
DQN,65,final,2519,5519,0.09000000000000001,1.0,1.0,0.3097243309020996,0.00030131643870845437
DQN,65,final,2520,5520,0.08699024438858033,3.0,3.0,0.5634678602218628,0.000699101462184141
DQN,65,final,2521,5521,0.09000000000000001,1.0,1.0,0.24256262183189392,0.00033485915628261864
DQN,65,final,2522,5522,0.04744084358215333,2.0,2.0,0.8413977026939392,0.00039715175807941705
DQN,65,final,2523,5523,0.020299510955810562,2.0,2.0,0.6710118055343628,0.0004535631596809253
DQN,65,final,2524,5524,-0.862961041927338,10.0,2.0,1.2889573574066162,0.0006283643655478954
DQN,65,final,2525,5525,0.13173450708389284,2.0,2.0,0.6591061949729919,0.005339930779882707
DQN,65,final,2526,5526,0.09000000000000001,1.0,1.0,0.2861522138118744,0.0005558113334700465
DQN,65,final,2527,5527,0.09000000000000001,1.0,1.0,0.7956818342208862,0.00028468092205002904
DQN,65,final,2528,5528,0.1276413369178772,2.0,2.0,0.609727680683136,0.008157563410350122
DQN,65,final,2529,5529,0.10246809005737306,2.0,2.0,0.8089250922203064,0.0023157263931352645
DQN,65,final,2530,5530,0.09000000000000001,1.0,1.0,0.11765573918819427,0.00044422317296266556
DQN,65,final,2531,5531,0.1991535496711731,3.0,3.0,0.7488853335380554,0.0005137985184167823
DQN,65,final,2532,5532,0.23653568506240846,2.0,2.0,0.7226452231407166,0.0010603067057672888
DQN,65,final,2533,5533,0.06774749040603639,2.0,2.0,0.7397437691688538,0.0004510083672357723
DQN,65,final,2534,5534,0.031784164905548105,5.0,5.0,0.7883511781692505,0.0015590911440085619
DQN,65,final,2535,5535,0.09000000000000001,1.0,1.0,0.46746087074279785,0.000818887201603502
DQN,65,final,2536,5536,0.1125964391231537,2.0,2.0,0.2678093910217285,0.0004917949554510415
DQN,65,final,2537,5537,0.05986757755279542,2.0,2.0,0.37715715169906616,0.00046449911314994097
DQN,65,final,2538,5538,0.2149868178367615,2.0,2.0,0.7574047446250916,0.000495199768920429
DQN,65,final,2539,5539,0.09000000000000001,1.0,1.0,0.5061722993850708,0.0003635238972492516
DQN,65,final,2540,5540,0.052167953848838815,2.0,2.0,0.18390274047851562,0.0006009584467392415
DQN,65,final,2541,5541,-0.343656861782074,10.0,5.0,0.8922449350357056,0.000812758959364146
DQN,65,final,2542,5542,-0.043993337154388426,2.0,2.0,0.9220057725906372,0.0004934685566695407
DQN,65,final,2543,5543,0.11418206214904786,3.0,3.0,0.9017447233200073,0.0005273577213908235
DQN,65,final,2544,5544,0.12660892486572267,2.0,2.0,0.6062341332435608,0.0007877819007262588
DQN,65,final,2545,5545,0.21717734813690187,2.0,2.0,0.33312228322029114,0.00036774619366042316
DQN,65,final,2546,5546,0.4840416979789734,3.0,3.0,0.6342766880989075,0.0004842150180290143
DQN,65,final,2547,5547,0.30653239965438844,2.0,2.0,0.9064815640449524,0.0004001646884717047
DQN,65,final,2548,5548,0.16953678607940675,2.0,2.0,0.5084632039070129,0.0011404031392885372
DQN,65,final,2549,5549,0.09000000000000001,1.0,1.0,0.4429563879966736,0.0002369404974160716
DQN,65,final,2550,5550,-0.30203688144683843,10.0,3.0,1.0282909870147705,0.0012841804447816685
DQN,65,final,2551,5551,0.0671717691421509,2.0,2.0,0.6692461967468262,0.004316971346270293
DQN,65,final,2552,5552,0.09000000000000001,1.0,1.0,0.17796099185943604,0.000611612165812403
DQN,65,final,2553,5553,0.11524469375610352,3.0,3.0,0.7127667665481567,0.0009204342107598981
DQN,65,final,2554,5554,0.07870407581329347,2.0,2.0,1.0260043144226074,0.0005542390135815367
DQN,65,final,2555,5555,-0.007995827198028549,2.0,2.0,0.8951762318611145,0.0014811551664024591
DQN,65,final,2556,5556,0.09000000000000001,1.0,1.0,0.2732296884059906,0.001267734682187438
DQN,65,final,2557,5557,0.09000000000000001,1.0,1.0,0.18321287631988525,0.0006943854968994856
DQN,65,final,2558,5558,0.21624518156051636,3.0,3.0,0.8236633539199829,0.000793229672126472
DQN,65,final,2559,5559,0.09000000000000001,1.0,1.0,0.10016648471355438,0.0008220562594942749
DQN,65,final,2560,5560,0.15497774600982667,3.0,3.0,0.9142094254493713,0.0005456112461009374
DQN,65,final,2561,5561,0.17302228689193727,2.0,2.0,0.6804533004760742,0.00042215114808641374
DQN,65,final,2562,5562,0.09000000000000001,1.0,1.0,0.21428847312927246,0.0004252036160323769
DQN,65,final,2563,5563,0.08070610642433168,2.0,2.0,0.4513852894306183,0.0004685886815423146
DQN,65,final,2564,5564,0.23334975719451906,2.0,2.0,0.7080630660057068,0.00022742886358173564
DQN,65,final,2565,5565,0.11268671035766603,2.0,2.0,0.6478396654129028,0.0003618891496444121
DQN,65,final,2566,5566,0.2017794919013977,3.0,3.0,0.7183012962341309,0.0004799499777921786
DQN,65,final,2567,5567,0.3979341554641724,2.0,2.0,1.160587191581726,0.00045866913569625467
DQN,65,final,2568,5568,0.12605846643447877,3.0,3.0,0.7425259351730347,0.0013946585337786626
DQN,65,final,2569,5569,0.17881091117858888,2.0,2.0,0.9106612205505371,0.0003001983423018828
DQN,65,final,2570,5570,0.09000000000000001,1.0,1.0,0.16268768906593323,0.00026864270330406725
DQN,65,final,2571,5571,0.15924413681030275,2.0,2.0,1.1443774700164795,0.00043649513099808246
DQN,65,final,2572,5572,-0.37816562652587893,10.0,5.0,0.7853819727897644,0.0014029343175934628
DQN,65,final,2573,5573,0.09000000000000001,1.0,1.0,0.21547234058380127,0.00041352008702233434
DQN,65,final,2574,5574,0.1193035912513733,3.0,3.0,0.47871875762939453,0.0004363012412795797
DQN,65,final,2575,5575,0.05476290702819825,3.0,3.0,0.7485069036483765,0.0004376568734490623
DQN,65,final,2576,5576,0.10552900791168213,4.0,4.0,0.7776699662208557,0.000366933636541944
DQN,65,final,2577,5577,0.12586172103881837,2.0,2.0,1.0370241403579712,0.002105039544403553
DQN,65,final,2578,5578,0.15927519083023073,2.0,2.0,0.5740518569946289,0.00043709973397199064
DQN,65,final,2579,5579,0.21814352989196778,3.0,3.0,0.7921589016914368,0.001055547332119507
DQN,65,final,2580,5580,0.09000000000000001,1.0,1.0,0.3076659142971039,0.0003347343881614506
DQN,65,final,2581,5581,0.03771920919418336,3.0,2.0,0.5003353953361511,0.00127188436454162
DQN,65,final,2582,5582,0.11815633058547975,2.0,2.0,0.3124155104160309,0.000627130561042577
DQN,65,final,2583,5583,0.09000000000000001,1.0,1.0,0.21072503924369812,0.0005761949578300118
DQN,65,final,2584,5584,0.09000000000000001,1.0,1.0,0.26560598611831665,0.0004938069032505155
DQN,65,final,2585,5585,0.1638504433631897,2.0,2.0,0.4192471504211426,0.0006690207374049351
DQN,65,final,2586,5586,-0.597827959060669,10.0,2.0,0.6990301012992859,0.0007740978238871321
DQN,65,final,2587,5587,0.4321228134632111,2.0,2.0,0.4658828675746918,0.000435973604908213
DQN,65,final,2588,5588,-0.02716575384140013,2.0,2.0,1.015339732170105,0.0004247302495059557
DQN,65,final,2589,5589,0.4021100401878357,5.0,4.0,0.6033714413642883,0.0005542843602597714
DQN,65,final,2590,5590,0.1440189051628113,2.0,2.0,0.4943341612815857,0.0002861586835933849
DQN,65,final,2591,5591,-0.5826750874519349,10.0,2.0,0.8865195512771606,0.0003944268624763936
DQN,65,final,2592,5592,0.3050162959098816,2.0,2.0,0.5945444107055664,0.003311895619845018
DQN,65,final,2593,5593,0.09000000000000001,1.0,1.0,0.313485324382782,0.0027722090017050505
DQN,65,final,2594,5594,0.2513165545463562,3.0,3.0,0.5036753416061401,0.0003488988198417549
DQN,65,final,2595,5595,0.2459979820251465,2.0,2.0,0.5703805088996887,0.0011474798811832443
DQN,65,final,2596,5596,0.09000000000000001,1.0,1.0,0.1937437802553177,0.021223606541752815
DQN,65,final,2597,5597,0.09000000000000001,1.0,1.0,0.10171962529420853,0.0001590037572896108
DQN,65,final,2598,5598,0.06106644868850707,10.0,3.0,0.761495053768158,0.0022870442393468694
DQN,65,final,2599,5599,0.09000000000000001,1.0,1.0,0.15044185519218445,0.0005855885101482272
DQN,65,final,2600,5600,0.06799535632133485,2.0,2.0,0.3627017140388489,0.0005007831496186554
DQN,65,final,2601,5601,0.06923504352569582,2.0,2.0,0.7673543095588684,0.0010457983589731157
DQN,65,final,2602,5602,0.09000000000000001,1.0,1.0,0.15848252177238464,0.0005894381902180612
DQN,65,final,2603,5603,0.1155653762817383,2.0,2.0,0.9374879598617554,0.0006938272272236645
DQN,65,final,2604,5604,0.16137261867523195,2.0,2.0,0.6080604791641235,0.0005845198465976864
DQN,65,final,2605,5605,-0.056649909019470215,6.0,3.0,0.6896020770072937,0.002901851485754984
DQN,65,final,2606,5606,0.09000000000000001,1.0,1.0,0.2344427853822708,0.0005456489161588252
DQN,65,final,2607,5607,0.09000000000000001,1.0,1.0,0.5940434336662292,0.000654424715321511
DQN,65,final,2608,5608,0.18099428176879884,4.0,3.0,0.7918082475662231,0.00042755365575430915
DQN,65,final,2609,5609,-0.07902311325073243,4.0,3.0,0.8069252371788025,0.0005138503038324416
DQN,65,final,2610,5610,-0.006108574867248515,3.0,3.0,0.453306645154953,0.0015358145465143025
DQN,65,final,2611,5611,0.2013921904563904,2.0,2.0,0.8796046376228333,0.0005850968882441521
DQN,65,final,2612,5612,0.09000000000000001,1.0,1.0,0.13399098813533783,0.00045140975271351635
DQN,65,final,2613,5613,0.09000000000000001,1.0,1.0,0.36548343300819397,0.00038694689283147454
DQN,65,final,2614,5614,0.13630344152450563,2.0,2.0,0.46979039907455444,0.001243640697794035
DQN,65,final,2615,5615,0.09000000000000001,1.0,1.0,0.289771169424057,0.0005425394629128277
DQN,65,final,2616,5616,0.22690297842025758,2.0,2.0,0.2729516327381134,0.0006555051513714716
DQN,65,final,2617,5617,0.060974942445755013,2.0,2.0,0.5099954009056091,0.00035399965418037027
DQN,65,final,2618,5618,0.0011928272247314492,3.0,2.0,0.7667668461799622,0.0011818008012293528
DQN,65,final,2619,5619,0.09000000000000001,1.0,1.0,0.6387867331504822,0.05094585567712784
DQN,65,final,2620,5620,0.19932789325714112,3.0,3.0,1.0588672161102295,0.001758523576427251
DQN,65,final,2621,5621,0.04642962098121644,2.0,2.0,0.2878141403198242,0.0004677401011576876
DQN,65,final,2622,5622,0.09000000000000001,1.0,1.0,0.5380657315254211,0.0006307411240413785
DQN,65,final,2623,5623,0.09000000000000001,1.0,1.0,0.4896506369113922,0.0007760560256429017
DQN,65,final,2624,5624,-0.33709714412689207,10.0,3.0,1.0879101753234863,0.001017320854589343
DQN,65,final,2625,5625,0.11725820779800417,2.0,2.0,0.5666879415512085,0.0036307230475358665
DQN,65,final,2626,5626,0.09000000000000001,1.0,1.0,0.15504075586795807,0.0003074163687415421
DQN,65,final,2627,5627,0.3469823169708252,2.0,2.0,0.8975647687911987,0.0005370924773160368
DQN,65,final,2628,5628,0.11321087360382082,2.0,2.0,0.24071982502937317,0.000709304993506521
DQN,65,final,2629,5629,0.127807514667511,2.0,2.0,0.5122288465499878,0.0008226073696278036
DQN,65,final,2630,5630,0.11322142362594606,2.0,2.0,0.6477224230766296,0.0005559211858781055
DQN,65,final,2631,5631,0.05107249498367311,7.0,3.0,0.669687807559967,0.000686126054331128
DQN,65,final,2632,5632,-0.014361007213592514,2.0,2.0,0.36899271607398987,0.0003454425896052271
DQN,65,final,2633,5633,0.09312412858009339,3.0,3.0,0.3921462595462799,0.0019924716131451228
DQN,65,final,2634,5634,0.1502689439058304,2.0,2.0,0.19555936753749847,0.0005619185540126637
DQN,65,final,2635,5635,0.1995463538169861,2.0,2.0,0.6459923982620239,0.0005587952327914536
DQN,65,final,2636,5636,0.09000000000000001,1.0,1.0,0.2772517502307892,0.0004299499560147524
DQN,65,final,2637,5637,0.27326293468475343,2.0,2.0,0.8039116859436035,0.0006859212880954146
DQN,65,final,2638,5638,-0.2897791862487793,10.0,3.0,0.9440258741378784,0.0007181124907219783
DQN,65,final,2639,5639,-0.25680998802185057,9.0,3.0,1.0428411960601807,0.007506983758907558
DQN,65,final,2640,5640,0.07394862890243531,3.0,3.0,0.6057602167129517,0.0006231470033526421
DQN,65,final,2641,5641,0.26137675523757936,2.0,2.0,0.8289579749107361,0.000564310175832361
DQN,65,final,2642,5642,0.09000000000000001,1.0,1.0,0.20994265377521515,0.00028528011171147227
DQN,65,final,2643,5643,0.15012328505516054,2.0,2.0,0.2715458273887634,0.001189172122394666
DQN,65,final,2644,5644,0.09000000000000001,1.0,1.0,0.7258259057998657,0.00048625600175000727
DQN,65,final,2645,5645,0.11017818927764894,2.0,2.0,1.0944362878799438,0.0006343604763969779
DQN,65,final,2646,5646,0.35661394119262696,3.0,3.0,0.6510999798774719,0.0005280854529701173
DQN,65,final,2647,5647,0.09000000000000001,1.0,1.0,0.5246067643165588,0.010657700709998608
DQN,65,final,2648,5648,0.06530184268951417,3.0,3.0,1.079146385192871,0.0006664365258378288
DQN,65,final,2649,5649,0.09000000000000001,1.0,1.0,0.4936787188053131,0.000396104616811499
DQN,65,final,2650,5650,0.09000000000000001,1.0,1.0,0.28757762908935547,0.0002459569659549743
DQN,65,final,2651,5651,0.09000000000000001,1.0,1.0,0.8882399201393127,0.0009245362598448992
DQN,65,final,2652,5652,0.10966785430908205,2.0,2.0,0.6875095367431641,0.00045394561311695725
DQN,65,final,2653,5653,0.25866754531860353,2.0,2.0,0.7177308797836304,0.0003907536156475544
DQN,65,final,2654,5654,0.05100412845611573,2.0,2.0,0.3423672020435333,0.0006982351333135739
DQN,65,final,2655,5655,0.09000000000000001,1.0,1.0,0.44057729840278625,0.0005299954791553319
DQN,65,final,2656,5656,0.10321071922779085,2.0,2.0,0.17064467072486877,0.00222314681741409
DQN,65,final,2657,5657,0.09000000000000001,1.0,1.0,0.4890020489692688,0.0004337493737693876
DQN,65,final,2658,5658,0.12414933919906618,2.0,2.0,0.5417431592941284,0.0005204385379329324
DQN,65,final,2659,5659,0.2063965964317322,2.0,2.0,0.5587095618247986,0.0005158553831279278
DQN,65,final,2660,5660,-0.04619107961654663,2.0,2.0,0.7937617301940918,0.00047829859249759465
DQN,65,final,2661,5661,0.17191631317138673,3.0,3.0,1.3462363481521606,0.0006001108170797428
DQN,65,final,2662,5662,0.10887260913848879,2.0,2.0,0.9496719241142273,0.0005719272594433278
DQN,65,final,2663,5663,0.12265051126480103,3.0,3.0,0.6713236570358276,0.0006993939750827849
DQN,65,final,2664,5664,-0.07189313888549805,2.0,2.0,0.6932223439216614,0.0003684222465381026
DQN,65,final,2665,5665,-0.569013901948929,9.0,3.0,0.7697696685791016,0.0010970874573104084
DQN,65,final,2666,5666,0.09000000000000001,1.0,1.0,0.48356157541275024,0.0006377525860443711
DQN,65,final,2667,5667,0.13260112881660463,2.0,2.0,0.4569084942340851,0.0005482839042088017
DQN,65,final,2668,5668,0.14271088123321535,2.0,2.0,0.9385014772415161,0.00048061885172501206
DQN,65,final,2669,5669,0.09000000000000001,1.0,1.0,0.16270197927951813,0.0008214063127525151
DQN,65,final,2670,5670,0.07505332112312318,2.0,2.0,0.5044134259223938,0.0004913065204164013
DQN,65,final,2671,5671,0.17637758255004882,5.0,5.0,0.8592749834060669,0.0005059949413407594
DQN,65,final,2672,5672,0.1800775694847107,2.0,2.0,0.6168819665908813,0.00041714831604622304
DQN,65,final,2673,5673,0.38821590662002564,3.0,3.0,0.7632785439491272,0.00044468248961493373
DQN,65,final,2674,5674,0.10665263414382936,2.0,2.0,0.5338241457939148,0.0004371174582047388
DQN,65,final,2675,5675,0.09000000000000001,1.0,1.0,0.48629316687583923,0.0005785363609902561
DQN,65,final,2676,5676,0.1934458088874817,3.0,3.0,0.9358615279197693,0.0004520343985253324
DQN,65,final,2677,5677,0.09000000000000001,1.0,1.0,0.627767026424408,0.000372260925360024
DQN,65,final,2678,5678,0.10630382776260378,2.0,2.0,0.6245020627975464,0.0001959144719876349
DQN,65,final,2679,5679,0.09000000000000001,1.0,1.0,0.0930977612733841,0.0004208084719721228
DQN,65,final,2680,5680,0.1648420858383179,2.0,2.0,0.9101510047912598,0.00040057268051896244
DQN,65,final,2681,5681,-0.2721953275799751,8.0,3.0,0.1387874186038971,0.0006769813626306131
DQN,65,final,2682,5682,0.09000000000000001,1.0,1.0,0.4012816846370697,0.0005549104535020888
DQN,65,final,2683,5683,-0.0798133373260498,5.0,2.0,0.4366597533226013,0.0004768191545736045
DQN,65,final,2684,5684,0.20074762582778932,2.0,2.0,0.9816461205482483,0.007180112996138632
DQN,65,final,2685,5685,0.12172533988952637,3.0,2.0,0.744806170463562,0.00037081755969362956
DQN,65,final,2686,5686,0.19999362707138063,2.0,2.0,0.5526983141899109,0.000743597891414538
DQN,65,final,2687,5687,0.119728581905365,2.0,2.0,0.8849330544471741,0.0004795593849848956
DQN,65,final,2688,5688,-0.02442286014556884,10.0,3.0,0.4639062285423279,0.001106965439976193
DQN,65,final,2689,5689,0.09000000000000001,1.0,1.0,0.43713879585266113,0.0006014007958583534
DQN,65,final,2690,5690,0.3040908145904541,2.0,2.0,1.2095140218734741,0.0003818371915258467
DQN,65,final,2691,5691,0.10829133510589602,3.0,3.0,0.8644903302192688,0.0014834267979798217
DQN,65,final,2692,5692,0.14279039382934572,2.0,2.0,0.5805760622024536,0.0004464162921067327
DQN,65,final,2693,5693,0.11459405899047853,2.0,2.0,1.0547500848770142,0.004155710805207491
DQN,65,final,2694,5694,0.09000000000000001,1.0,1.0,0.7039409279823303,0.000333815929479897
DQN,65,final,2695,5695,0.16815346479415894,5.0,4.0,0.880368173122406,0.0006079548445995897
DQN,65,final,2696,5696,0.13016446113586427,2.0,2.0,0.8624247908592224,0.0011353999143466353
DQN,65,final,2697,5697,0.15502126693725587,2.0,2.0,0.8569149374961853,0.0006370505725499243
DQN,65,final,2698,5698,0.2742940354347229,2.0,2.0,0.8035333752632141,0.000683274760376662
DQN,65,final,2699,5699,0.03136392116546632,2.0,2.0,0.7475560307502747,0.00039186072535812855
DQN,65,final,2700,5700,0.09000000000000001,1.0,1.0,0.19684870541095734,0.001330347964540124
DQN,65,final,2701,5701,0.09000000000000001,1.0,1.0,0.40672817826271057,0.0067824204452335835
DQN,65,final,2702,5702,0.19739611625671388,2.0,2.0,1.080565333366394,0.002826115902280435
DQN,65,final,2703,5703,0.04422456204891206,2.0,2.0,0.17985491454601288,0.0008432622416876256
DQN,65,final,2704,5704,0.09000000000000001,1.0,1.0,0.8972512483596802,0.001293306821025908
DQN,65,final,2705,5705,0.09000000000000001,1.0,1.0,0.4822917580604553,0.0005009470041841269
DQN,65,final,2706,5706,0.17203922748565675,2.0,2.0,0.6775892376899719,0.0005166318878764287
DQN,65,final,2707,5707,0.09000000000000001,1.0,1.0,0.5058403611183167,0.0007243432337418199
DQN,65,final,2708,5708,0.07617475271224977,2.0,2.0,0.7144783735275269,0.0008609123178757727
DQN,65,final,2709,5709,0.17852360963821412,4.0,3.0,0.8555291295051575,0.0010699678678065538
DQN,65,final,2710,5710,-0.07407169818878175,3.0,3.0,0.7116527557373047,0.0021188962855376303
DQN,65,final,2711,5711,0.09000000000000001,1.0,1.0,0.6100919842720032,0.0006263522664085031
DQN,65,final,2712,5712,0.23042590141296387,3.0,3.0,0.856021523475647,0.0004169151555591573
DQN,65,final,2713,5713,0.47932565927505494,3.0,3.0,0.829129159450531,0.00042754023646314937
DQN,65,final,2714,5714,-0.0255577492713928,3.0,3.0,0.9003811478614807,0.0004870654277813931
DQN,65,final,2715,5715,0.11781998157501222,2.0,2.0,0.5855605006217957,0.0005944723088759929
DQN,65,final,2716,5716,0.19850082874298097,2.0,2.0,0.8736109733581543,0.0005196561833145097
DQN,65,final,2717,5717,0.09000000000000001,1.0,1.0,0.5284192562103271,0.0026090226601809263
DQN,65,final,2718,5718,0.15368874549865724,2.0,2.0,0.7315475344657898,0.0006609635311178863
DQN,65,final,2719,5719,-0.0018915367126464688,2.0,2.0,0.8018314242362976,0.0007308142667170614
DQN,65,final,2720,5720,0.1508250904083252,3.0,3.0,1.0453346967697144,0.0006149506953079253
DQN,65,final,2721,5721,0.05793845653533935,5.0,4.0,0.8706779479980469,0.0018642741139046847
DQN,65,final,2722,5722,0.09112136244773866,2.0,2.0,0.461256742477417,0.0003576136950869113
DQN,65,final,2723,5723,0.09000000000000001,1.0,1.0,0.5181014537811279,0.0004149791784584522
DQN,65,final,2724,5724,-0.5445059418678284,10.0,2.0,0.8917571902275085,0.0005821629631100223
DQN,65,final,2725,5725,0.09000000000000001,1.0,1.0,0.0868503600358963,0.0006021553417667747
DQN,65,final,2726,5726,0.24260319948196413,2.0,2.0,0.5846297144889832,0.0012847750913351774
DQN,65,final,2727,5727,-0.04658513545989991,3.0,3.0,0.8645750880241394,0.0011419304452526073
DQN,65,final,2728,5728,0.4490486454963684,3.0,3.0,0.8015168309211731,0.0013697929680347443
DQN,65,final,2729,5729,0.09000000000000001,1.0,1.0,0.5660808086395264,0.00026797063765116036
DQN,65,final,2730,5730,0.28651549100875856,2.0,2.0,0.6641260981559753,0.0006114452698966488
DQN,65,final,2731,5731,0.01156407058238984,4.0,3.0,0.24428972601890564,0.0010167214350076392
DQN,65,final,2732,5732,0.09524333238601686,4.0,4.0,0.8277797698974609,0.000516173015057575
DQN,65,final,2733,5733,0.09000000000000001,1.0,1.0,0.06436129659414291,0.0010738293640315533
DQN,65,final,2734,5734,0.09000000000000001,1.0,1.0,0.6402527689933777,0.0007151736645027995
DQN,65,final,2735,5735,0.1461287808418274,3.0,3.0,0.7222899198532104,0.00040164835324200493
DQN,65,final,2736,5736,0.3831024241447449,3.0,3.0,0.8229382634162903,0.0040071588300634176
DQN,65,final,2737,5737,-0.06511925935745237,3.0,3.0,1.005162239074707,0.0008302287897095084
DQN,65,final,2738,5738,-0.024853637218475347,4.0,3.0,0.5840857625007629,0.0006956920406082645
DQN,65,final,2739,5739,0.22314544200897218,2.0,2.0,1.0688259601593018,0.0008635741687612608
DQN,65,final,2740,5740,0.1440807056427002,3.0,3.0,0.927078366279602,0.0006231324999437978
DQN,65,final,2741,5741,0.13867841839790346,2.0,2.0,0.47483882308006287,0.0011412226886022836
DQN,65,final,2742,5742,0.09000000000000001,1.0,1.0,0.12912140786647797,0.00066838797647506
DQN,65,final,2743,5743,0.09000000000000001,1.0,1.0,0.2691170275211334,0.0007085343822836876
DQN,65,final,2744,5744,0.09000000000000001,1.0,1.0,0.6346489787101746,0.0010880774352699518
DQN,65,final,2745,5745,-0.34497264623641966,10.0,3.0,0.6726518273353577,0.002345881296787411
DQN,65,final,2746,5746,0.12089741945266724,3.0,3.0,0.7441150546073914,0.0021007212538582585
DQN,65,final,2747,5747,0.1259956228733063,2.0,2.0,0.4660969078540802,0.0008476408838760108
DQN,65,final,2748,5748,0.14319093704223634,2.0,2.0,0.8411299586296082,0.000595238379901275
DQN,65,final,2749,5749,0.047156474590301506,9.0,3.0,0.6454190611839294,0.0007136557445240518
DQN,65,final,2750,5750,0.29412503719329836,2.0,2.0,1.034152865409851,0.0005928990140091628
DQN,65,final,2751,5751,0.20074762582778932,2.0,2.0,0.9816461205482483,0.000653981085633859
DQN,65,final,2752,5752,0.10516387939453126,3.0,3.0,0.7850825190544128,0.000733108880619208
DQN,65,final,2753,5753,0.09000000000000001,1.0,1.0,0.5302128195762634,0.0004782949690707028
DQN,65,final,2754,5754,0.09000000000000001,1.0,1.0,0.2820652425289154,0.0002273459394928068
DQN,65,final,2755,5755,0.09000000000000001,1.0,1.0,0.8148477673530579,0.0003843116282951087
DQN,65,final,2756,5756,0.11480850696563721,3.0,3.0,0.8886091113090515,0.0005860577803105116
DQN,65,final,2757,5757,0.24854530572891237,2.0,2.0,0.5472913384437561,0.00042724520608317107
DQN,65,final,2758,5758,0.2271085548400879,2.0,2.0,0.9426707029342651,0.0005349414568627253
DQN,65,final,2759,5759,0.37958349466323854,2.0,2.0,0.6545896530151367,0.00038629041227977723
DQN,65,final,2760,5760,0.18408180952072145,2.0,2.0,0.7361034750938416,0.0003771211631828919
DQN,65,final,2761,5761,0.09000000000000001,1.0,1.0,0.9120909571647644,0.0006573096616193652
DQN,65,final,2762,5762,-0.08413480997085572,3.0,3.0,0.772174060344696,0.000378673702167968
DQN,65,final,2763,5763,0.09000000000000001,1.0,1.0,0.4308914244174957,0.0006743149715475738
DQN,65,final,2764,5764,0.09000000000000001,1.0,1.0,0.6985071301460266,0.0005134851089678705
DQN,65,final,2765,5765,0.09000000000000001,1.0,1.0,0.5487421154975891,0.0002842236717697233
DQN,65,final,2766,5766,-0.0015712064504623258,2.0,2.0,0.31619352102279663,0.0003034796682186425
DQN,65,final,2767,5767,0.09000000000000001,1.0,1.0,0.25684142112731934,0.0005003997357562184
DQN,65,final,2768,5768,-0.5002205848693848,10.0,2.0,0.95616614818573,0.0005364592681871728
DQN,65,final,2769,5769,0.08132194161415102,2.0,2.0,0.1841852366924286,0.0006079084996599704
DQN,65,final,2770,5770,0.10729010581970216,2.0,2.0,0.5189546346664429,0.0004543998365988955
DQN,65,final,2771,5771,0.09000000000000001,1.0,1.0,0.250528484582901,0.0013572054449468851
DQN,65,final,2772,5772,-0.5960113286972046,10.0,2.0,1.1050108671188354,0.0004989521519746631
DQN,65,final,2773,5773,0.09000000000000001,1.0,1.0,0.5572866797447205,0.0005057052476331592
DQN,65,final,2774,5774,0.16419310092926026,3.0,3.0,0.4771438241004944,0.0002762050717137754
DQN,65,final,2775,5775,0.09000000000000001,1.0,1.0,0.6454647779464722,0.0002966924221254885
DQN,65,final,2776,5776,0.16774393796920778,2.0,2.0,0.5095992088317871,0.00046457209100481123
DQN,65,final,2777,5777,0.09000000000000001,1.0,1.0,0.5300542116165161,0.00046560916234739125
DQN,65,final,2778,5778,0.337000207901001,2.0,2.0,0.5530033707618713,0.0002708793617784977
DQN,65,final,2779,5779,0.40621689677238465,3.0,3.0,0.3372100293636322,0.00034147366144073504
DQN,65,final,2780,5780,0.059885876178741464,2.0,2.0,0.6383159756660461,0.00029456014453899115
DQN,65,final,2781,5781,0.1920981574058533,2.0,2.0,0.9385383725166321,0.0006460961740231141
DQN,65,final,2782,5782,0.021065897941589362,3.0,3.0,0.6421739459037781,0.0008720961632207036
DQN,65,final,2783,5783,0.164209144115448,2.0,2.0,0.7347057461738586,0.0003991490521002561
DQN,65,final,2784,5784,0.13039119720458986,2.0,2.0,0.50433349609375,0.00026965349388774484
DQN,65,final,2785,5785,0.011697068214416517,6.0,3.0,1.1234140396118164,0.0004950749692701114
DQN,65,final,2786,5786,0.15276213169097902,2.0,2.0,0.5138522982597351,0.0010794276313390583
DQN,65,final,2787,5787,0.09000000000000001,1.0,1.0,0.6443270444869995,0.0005475979996845126
DQN,65,final,2788,5788,0.09000000000000001,1.0,1.0,0.10469405353069305,0.0007312839152291417
DQN,65,final,2789,5789,0.08028323411941529,4.0,3.0,0.5398949384689331,0.006817327932367334
DQN,65,final,2790,5790,0.03807915925979615,2.0,2.0,0.8701483011245728,0.0009590844856575131
DQN,65,final,2791,5791,0.24123366355895998,2.0,2.0,0.6893941164016724,0.0031992690928746015
DQN,65,final,2792,5792,0.09000000000000001,1.0,1.0,0.6682963967323303,0.0007194204954430461
DQN,65,final,2793,5793,0.09000000000000001,1.0,1.0,0.6576597094535828,0.0012424237793311477
DQN,65,final,2794,5794,0.09000000000000001,1.0,1.0,0.6081886291503906,0.0011239228770136833
DQN,65,final,2795,5795,0.2832474112510681,5.0,4.0,0.7973091006278992,0.0007923009456135332
DQN,65,final,2796,5796,0.15982730865478517,2.0,2.0,0.29572805762290955,0.0006598045001737773
DQN,65,final,2797,5797,0.0036222505569458163,2.0,2.0,0.6445478796958923,0.011604131083004177
DQN,65,final,2798,5798,0.09000000000000001,1.0,1.0,0.6835799217224121,0.0008732368005439639
DQN,65,final,2799,5799,0.36665906190872194,2.0,2.0,0.736541211605072,0.0005385466647567227
DQN,65,final,2800,5800,0.09000000000000001,1.0,1.0,0.38909420371055603,0.0009052534005604684
DQN,65,final,2801,5801,0.09000000000000001,1.0,1.0,0.22766315937042236,0.0006143533391878009
DQN,65,final,2802,5802,0.09000000000000001,1.0,1.0,0.5840164422988892,0.0008353540324606001
DQN,65,final,2803,5803,0.09088720560073854,2.0,2.0,0.7076719403266907,0.0005444508569780737
DQN,65,final,2804,5804,0.12102062225341798,3.0,3.0,0.6097474694252014,0.0034166271798312664
DQN,65,final,2805,5805,0.24875779628753664,2.0,2.0,0.7157332301139832,0.014683849760331213
DQN,65,final,2806,5806,0.09000000000000001,1.0,1.0,0.3323809504508972,0.00031851528910920024
DQN,65,final,2807,5807,0.13533742904663087,2.0,2.0,0.34263262152671814,0.0008887132571544498
DQN,65,final,2808,5808,0.08128095388412476,3.0,3.0,0.7207097411155701,0.0011246889868440728
DQN,65,final,2809,5809,0.34152390241622926,2.0,2.0,0.9592810273170471,0.007964699398144148
DQN,65,final,2810,5810,0.42498530626297,2.0,2.0,0.9446874260902405,0.006084371940232813
DQN,65,final,2811,5811,0.20705233693122865,2.0,2.0,0.4215224087238312,0.0012314720370341092
DQN,65,final,2812,5812,0.1353449296951294,3.0,3.0,0.8933050036430359,0.0007520475580046574
DQN,65,final,2813,5813,0.09000000000000001,1.0,1.0,0.7148043513298035,0.0005016165669076145
DQN,65,final,2814,5814,0.09000000000000001,1.0,1.0,0.2876696288585663,0.0007363038021139801
DQN,65,final,2815,5815,0.09000000000000001,1.0,1.0,0.6596879363059998,0.0006381775019690394
DQN,65,final,2816,5816,0.09437199115753175,2.0,2.0,0.4059205949306488,0.0017175087705254555
DQN,65,final,2817,5817,0.09000000000000001,1.0,1.0,0.6694127917289734,0.00035799419856630266
DQN,65,final,2818,5818,0.21377934694290163,2.0,2.0,0.4163208603858948,0.0035031915176659822
DQN,65,final,2819,5819,-0.3171225500106811,7.0,2.0,1.0314035415649414,0.0016763736202847213
DQN,65,final,2820,5820,-0.46839104890823363,10.0,2.0,0.965214192867279,0.002202576899435371
DQN,65,final,2821,5821,0.07296593666076662,2.0,2.0,0.2699721157550812,0.0013358703290577978
DQN,65,final,2822,5822,-0.2858218199014664,6.0,5.0,0.49705931544303894,0.0035800779490576438
DQN,65,final,2823,5823,-0.5457433938980103,10.0,2.0,1.3159425258636475,0.0036544878385029733
DQN,65,final,2824,5824,0.09000000000000001,1.0,1.0,0.7380446195602417,0.0009369557956233621
DQN,65,final,2825,5825,0.2885874080657959,2.0,2.0,0.9865032434463501,0.003140315937343985
DQN,65,final,2826,5826,0.08274657249450686,3.0,3.0,0.9285288453102112,0.0007430507976096123
DQN,65,final,2827,5827,0.09000000000000001,1.0,1.0,0.38686561584472656,0.0004962452221661806
DQN,65,final,2828,5828,-0.3932828903198242,10.0,3.0,1.0300244092941284,0.001819880263064988
DQN,65,final,2829,5829,0.24098433732986452,2.0,2.0,0.9823483824729919,0.0005966892349533737
DQN,65,final,2830,5830,0.2408858108520508,2.0,2.0,0.7454047799110413,0.0009572526323609054
DQN,65,final,2831,5831,0.09000000000000001,1.0,1.0,0.6465453505516052,0.0013092723675072193
DQN,65,final,2832,5832,0.047977693080902106,3.0,3.0,0.9351102113723755,0.0005088621013176938
DQN,65,final,2833,5833,0.10632444381713868,4.0,3.0,0.7822073101997375,0.0007556174605269916
DQN,65,final,2834,5834,0.09000000000000001,1.0,1.0,0.1719602793455124,0.000699749740306288
DQN,65,final,2835,5835,0.09000000000000001,1.0,1.0,0.19621875882148743,0.0004761021409649402
DQN,65,final,2836,5836,0.17438723325729372,2.0,2.0,0.5080292224884033,0.0003230447764508426
DQN,65,final,2837,5837,-0.018730444908142074,2.0,2.0,1.1626592874526978,0.0004139426746405661
DQN,65,final,2838,5838,0.14589156389236452,2.0,2.0,0.7914111018180847,0.0013175503117963672
DQN,65,final,2839,5839,0.09000000000000001,1.0,1.0,0.23016341030597687,0.0004392822156660259
DQN,65,final,2840,5840,0.09000000000000001,1.0,1.0,0.46796903014183044,0.0007258371915668249
DQN,65,final,2841,5841,0.07577592134475708,5.0,4.0,0.5808525681495667,0.0007533047581091523
DQN,65,final,2842,5842,0.11613081574440004,2.0,2.0,0.49164167046546936,0.0005084428412374109
DQN,65,final,2843,5843,0.09000000000000001,1.0,1.0,0.3687557280063629,0.0007712101796641946
DQN,65,final,2844,5844,0.28611809730529786,3.0,3.0,0.7827083468437195,0.0010496790055185556
DQN,65,final,2845,5845,0.09000000000000001,1.0,1.0,0.26817744970321655,0.00023013242753222585
DQN,65,final,2846,5846,0.09000000000000001,1.0,1.0,0.1922367364168167,0.00040838553104549646
DQN,65,final,2847,5847,0.09000000000000001,1.0,1.0,0.35710838437080383,0.000358452060027048
DQN,65,final,2848,5848,0.16607052803039551,3.0,3.0,0.6241000294685364,0.0006118194626954695
DQN,65,final,2849,5849,0.23355247259140016,2.0,2.0,0.9528676867485046,0.00043225454282946885
DQN,65,final,2850,5850,-0.11367461085319522,10.0,3.0,0.4795704185962677,0.0005904588906560093
DQN,65,final,2851,5851,0.15528215646743776,2.0,2.0,0.7609036564826965,0.007800181861966848
DQN,65,final,2852,5852,0.20775557279586793,3.0,3.0,0.5855793952941895,0.0010136803224061925
DQN,65,final,2853,5853,0.09000000000000001,1.0,1.0,0.18013782799243927,0.0008043964044190943
DQN,65,final,2854,5854,0.22719778299331667,2.0,2.0,0.6353330612182617,0.0009638266928959638
DQN,65,final,2855,5855,0.09000000000000001,1.0,1.0,0.13721247017383575,0.060086727142333984
DQN,65,final,2856,5856,0.09000000000000001,1.0,1.0,0.1645701378583908,0.0004447847604751587
DQN,65,final,2857,5857,0.2089381217956543,5.0,4.0,1.2890654802322388,0.0006334869307465851
DQN,65,final,2858,5858,0.050833241939544686,2.0,2.0,0.6699752807617188,0.001817144890083
DQN,65,final,2859,5859,0.09000000000000001,1.0,1.0,0.19342465698719025,0.0007139433873817325
DQN,65,final,2860,5860,0.09000000000000001,1.0,1.0,0.3868710398674011,0.0006654803873971105
DQN,65,final,2861,5861,0.09000000000000001,1.0,1.0,0.6149587035179138,0.0012308029690757394
DQN,65,final,2862,5862,0.09000000000000001,1.0,1.0,0.4254292845726013,0.0006571084377355874
DQN,65,final,2863,5863,0.08634586811065675,2.0,2.0,1.1994825601577759,0.0009380235569551587
DQN,65,final,2864,5864,0.1630660665035248,3.0,3.0,0.35979530215263367,0.000819899442528064
DQN,65,final,2865,5865,0.09000000000000001,1.0,1.0,0.28182268142700195,0.0008054989739321172
DQN,65,final,2866,5866,0.13226135253906252,2.0,2.0,0.7619134783744812,0.0008319771150127053
DQN,65,final,2867,5867,0.041365818977355966,2.0,2.0,0.5673321485519409,0.000538179388968274
DQN,65,final,2868,5868,0.06274457693099976,3.0,2.0,0.9745671153068542,0.00045849557500332594
DQN,65,final,2869,5869,0.011795537471771256,2.0,2.0,0.5150654911994934,0.007239883125294
DQN,65,final,2870,5870,0.08183640956878664,3.0,3.0,0.6729311943054199,0.003511656599584967
DQN,65,final,2871,5871,0.09000000000000001,1.0,1.0,0.08268237859010696,0.00028822856256738305
DQN,65,final,2872,5872,0.054544107913970956,2.0,2.0,0.6569496393203735,0.0006992674607317895
DQN,65,final,2873,5873,0.02671164453029634,2.0,2.0,0.2955520749092102,0.00480222565238364
DQN,65,final,2874,5874,0.08058215856552126,2.0,2.0,0.33768612146377563,0.0006543371418956667
DQN,65,final,2875,5875,0.11416418075561524,3.0,3.0,0.7455094456672668,0.000658883344537268
DQN,65,final,2876,5876,0.17376662969589235,2.0,2.0,0.7793682813644409,0.0008661741449031979
DQN,65,final,2877,5877,-0.0006944465637206826,3.0,3.0,0.7031072378158569,0.0004374551062937826
DQN,65,final,2878,5878,0.19088013648986818,2.0,2.0,1.1393123865127563,0.0006899361032992601
DQN,65,final,2879,5879,0.09000000000000001,1.0,1.0,0.15496082603931427,0.00023315573344007134
DQN,65,final,2880,5880,0.09427065372467042,3.0,3.0,0.7754524350166321,0.0013358491123653948
DQN,65,final,2881,5881,0.03700871944427491,2.0,2.0,0.808330237865448,0.0013305985339684412
DQN,65,final,2882,5882,0.09000000000000001,1.0,1.0,0.14301781356334686,0.0006119347526691854
DQN,65,final,2883,5883,0.09000000000000001,1.0,1.0,0.38636890053749084,0.0028397070709615946
DQN,65,final,2884,5884,0.09000000000000001,1.0,1.0,0.47743135690689087,0.0009376864763908088
DQN,65,final,2885,5885,0.15424312829971315,2.0,2.0,0.6310470700263977,0.00044892780715599656
DQN,65,final,2886,5886,0.09000000000000001,1.0,1.0,0.20831432938575745,0.004273661412298679
DQN,65,final,2887,5887,0.09000000000000001,1.0,1.0,0.1182195395231247,0.0003552171401679516
DQN,65,final,2888,5888,0.09000000000000001,1.0,1.0,0.3313906490802765,0.0008235904388129711
DQN,65,final,2889,5889,0.09000000000000001,1.0,1.0,0.10731352865695953,0.00024870471679605544
DQN,65,final,2890,5890,0.09000000000000001,1.0,1.0,0.3932937979698181,0.0005123114679008722
DQN,65,final,2891,5891,0.27763349533081055,3.0,3.0,0.8427376747131348,0.0005644117773044854
DQN,65,final,2892,5892,0.13715191364288332,2.0,2.0,0.698816180229187,0.003498680976917967
DQN,65,final,2893,5893,0.46298903942108155,3.0,3.0,1.1057045459747314,0.0004332493990659714
DQN,65,final,2894,5894,0.1444931197166443,2.0,2.0,0.7931404113769531,0.0005840231315232813
DQN,65,final,2895,5895,0.09569074928760529,3.0,3.0,0.11108402907848358,0.0009117751421096424
DQN,65,final,2896,5896,0.10037441730499269,2.0,2.0,0.6716377139091492,0.0004627205489668995
DQN,65,final,2897,5897,0.07037206172943117,2.0,2.0,0.6224882006645203,0.0005384034593589604
DQN,65,final,2898,5898,0.09000000000000001,1.0,1.0,0.4047042429447174,0.00652465783059597
DQN,65,final,2899,5899,0.09000000000000001,1.0,1.0,0.13785317540168762,0.0007495763129554689
DQN,65,final,2900,5900,0.09993834972381593,2.0,2.0,0.7654168009757996,0.0007267211622092873
DQN,65,final,2901,5901,0.27970046520233155,3.0,3.0,0.8257346153259277,0.0003879851137753576
DQN,65,final,2902,5902,0.24617441177368166,2.0,2.0,0.6075072288513184,0.0011913718190044165
DQN,65,final,2903,5903,0.09000000000000001,1.0,1.0,0.22297659516334534,0.002900830004364252
DQN,65,final,2904,5904,0.2562503981590271,2.0,2.0,0.7806218862533569,0.000345798340276815
DQN,65,final,2905,5905,0.05554584383964539,3.0,3.0,0.19785022735595703,0.019648906027820583
DQN,65,final,2906,5906,0.06860251903533937,2.0,2.0,0.4491412341594696,0.0005915109359193593
DQN,65,final,2907,5907,0.05337590157985688,2.0,2.0,0.18785026669502258,0.0009511529642622918
DQN,65,final,2908,5908,0.09000000000000001,1.0,1.0,0.6907350420951843,0.00400130171328783
DQN,65,final,2909,5909,0.07798607826232912,2.0,2.0,0.597852349281311,0.00033432104100938886
DQN,65,final,2910,5910,0.10317225933074953,2.0,2.0,0.3351300060749054,0.000378414144506678
DQN,65,final,2911,5911,0.36602133691310884,2.0,2.0,0.20394901931285858,0.005359190719900653
DQN,65,final,2912,5912,0.24414630413055421,2.0,2.0,0.8039488196372986,0.00023825112293707207
DQN,65,final,2913,5913,0.14403663754463197,2.0,2.0,0.40991899371147156,0.0037570946442428976
DQN,65,final,2914,5914,0.05488376498222352,2.0,2.0,0.38018321990966797,0.00160608917940408
DQN,65,final,2915,5915,0.21271993398666383,2.0,2.0,0.7239804863929749,0.0007384780910797417
DQN,65,final,2916,5916,-0.01798902034759521,8.0,3.0,0.4087129235267639,0.0024417350941803306
DQN,65,final,2917,5917,0.09000000000000001,1.0,1.0,0.4374385178089142,0.0007366604404523969
DQN,65,final,2918,5918,-0.30357363820075994,10.0,3.0,0.445841521024704,0.0016171296767424792
DQN,65,final,2919,5919,0.2174923586845398,2.0,2.0,0.6070365309715271,0.0005369028222048655
DQN,65,final,2920,5920,0.22760475635528565,4.0,3.0,0.9100775718688965,0.0009157153472187929
DQN,65,final,2921,5921,0.06820988833904268,2.0,2.0,0.16621394455432892,0.0008278618770418689
DQN,65,final,2922,5922,0.3945800828933716,2.0,2.0,0.7129635810852051,0.0004753995453938842
DQN,65,final,2923,5923,0.09000000000000001,1.0,1.0,0.18500134348869324,0.0004370349633973092
DQN,65,final,2924,5924,0.09000000000000001,1.0,1.0,0.3947969079017639,0.0002943795407190919
DQN,65,final,2925,5925,0.09000000000000001,1.0,1.0,0.6488071084022522,0.00046999313053674996
DQN,65,final,2926,5926,0.12747337102890016,2.0,2.0,0.8324009776115417,0.009454961327719502
DQN,65,final,2927,5927,0.09000000000000001,1.0,1.0,0.2917231619358063,0.0004688623594120145
DQN,65,final,2928,5928,0.09000000000000001,1.0,1.0,0.2084476798772812,0.0010908099357038736
DQN,65,final,2929,5929,-0.04866467237472534,2.0,2.0,0.8227068781852722,0.00047466887917835265
DQN,65,final,2930,5930,0.20053942680358888,2.0,2.0,0.7887176275253296,0.0007374373089987785
DQN,65,final,2931,5931,0.10168172597885133,2.0,2.0,0.7515088319778442,0.00037730636540800333
DQN,65,final,2932,5932,0.18236564278602602,2.0,2.0,0.4195691645145416,0.0005412773607531562
DQN,65,final,2933,5933,0.181325204372406,3.0,3.0,0.5114307999610901,0.0026390186976641417
DQN,65,final,2934,5934,0.09000000000000001,1.0,1.0,0.24333547055721283,0.0005841765669174492
DQN,65,final,2935,5935,0.062054293155670175,2.0,2.0,0.19023849070072174,0.001036585948895663
DQN,65,final,2936,5936,0.09000000000000001,1.0,1.0,0.5177315473556519,0.0006851289072073996
DQN,65,final,2937,5937,0.09000000000000001,1.0,1.0,0.5688161253929138,0.0007286033942364156
DQN,65,final,2938,5938,0.09000000000000001,1.0,1.0,0.24718965590000153,0.0006709389854222536
DQN,65,final,2939,5939,0.00836573719978334,2.0,2.0,0.45392298698425293,0.0004003954672953114
DQN,65,final,2940,5940,0.19340612173080446,2.0,2.0,0.725854754447937,0.0007027651881799102
DQN,65,final,2941,5941,0.18556268692016603,2.0,2.0,0.49939924478530884,0.0006890384247526526
DQN,65,final,2942,5942,0.09000000000000001,1.0,1.0,0.22331669926643372,0.0004630431649275124
DQN,65,final,2943,5943,0.09000000000000001,1.0,1.0,0.31318971514701843,0.0016556971240788698
DQN,65,final,2944,5944,-0.007183058261871322,2.0,2.0,0.22878257930278778,0.0005634650588035583
DQN,65,final,2945,5945,-0.01180105686187742,3.0,3.0,0.9671861529350281,0.0004906470518714438
DQN,65,final,2946,5946,0.28451961994171143,3.0,3.0,0.9132027626037598,0.001631699890519182
DQN,65,final,2947,5947,0.20069438934326173,3.0,3.0,0.5834587812423706,0.0006027906880869219
DQN,65,final,2948,5948,0.19778026819229128,2.0,2.0,0.7881612777709961,0.0016822555335238576
DQN,65,final,2949,5949,0.30335033655166627,3.0,3.0,0.8367263674736023,0.007778875985726093
DQN,65,final,2950,5950,0.19281152069568636,2.0,2.0,0.23770369589328766,0.0006100595637690276
DQN,65,final,2951,5951,0.09000000000000001,1.0,1.0,0.24678251147270203,0.0007591756293550134
DQN,65,final,2952,5952,0.3185078978538513,5.0,5.0,0.5371273756027222,0.0005254593619611114
DQN,65,final,2953,5953,0.11437417745590212,2.0,2.0,0.6536179780960083,0.00037238255026750267
DQN,65,final,2954,5954,0.38448137760162354,3.0,3.0,0.9904648065567017,0.0005418915534391999
DQN,65,final,2955,5955,0.08325191020965578,2.0,2.0,1.1526082754135132,0.000390210552723147
DQN,65,final,2956,5956,0.06543557524681093,2.0,2.0,0.4647361636161804,0.001280155498534441
DQN,65,final,2957,5957,0.09000000000000001,1.0,1.0,1.2719050645828247,0.001861688680946827
DQN,65,final,2958,5958,0.003702389001846329,2.0,2.0,0.5725454092025757,0.011030431676772423
DQN,65,final,2959,5959,0.09000000000000001,1.0,1.0,0.33889561891555786,0.0005469450843520463
DQN,65,final,2960,5960,0.14157535314559938,2.0,2.0,0.39584705233573914,0.0007057496404740959
DQN,65,final,2961,5961,0.3155596923828125,3.0,3.0,1.007239580154419,0.007899024087237194
DQN,65,final,2962,5962,0.09000000000000001,1.0,1.0,0.2365846484899521,0.0004770528757944703
DQN,65,final,2963,5963,0.05209697484970094,5.0,3.0,0.9819061160087585,0.0005266796157229692
DQN,65,final,2964,5964,0.0681267547607422,2.0,2.0,0.5805259943008423,0.0006538255547638983
DQN,65,final,2965,5965,0.09000000000000001,1.0,1.0,0.4872095286846161,0.0007543821702711284
DQN,65,final,2966,5966,-0.6193371415138245,10.0,3.0,0.9910893440246582,0.0013219062791904434
DQN,65,final,2967,5967,0.09000000000000001,1.0,1.0,0.14971385896205902,0.0012397539103403687
DQN,65,final,2968,5968,0.20084258139133454,3.0,3.0,0.20369012653827667,0.00714859248061354
DQN,65,final,2969,5969,0.09000000000000001,1.0,1.0,0.612864077091217,0.003596932627260685
DQN,65,final,2970,5970,0.05619163990020753,2.0,2.0,0.7036011815071106,0.0004916271136607975
DQN,65,final,2971,5971,0.03841734886169434,4.0,3.0,0.9464515447616577,0.000503494607983157
DQN,65,final,2972,5972,0.09000000000000001,1.0,1.0,0.2683333456516266,0.0005096374079585075
DQN,65,final,2973,5973,0.09102656602859498,4.0,2.0,0.7128663659095764,0.0005663235788233578
DQN,65,final,2974,5974,0.09000000000000001,1.0,1.0,0.7373127937316895,0.00041835010051727295
DQN,65,final,2975,5975,0.21255840539932253,2.0,2.0,0.504693329334259,0.002121493947925046
DQN,65,final,2976,5976,0.10407491207122804,2.0,2.0,0.64854496717453,0.0003820938436547294
DQN,65,final,2977,5977,0.06985826015472413,3.0,3.0,0.6472411751747131,0.0007672179878378907
DQN,65,final,2978,5978,0.10312529087066652,2.0,2.0,0.9981546401977539,0.007170598139055073
DQN,65,final,2979,5979,0.07422884225845339,3.0,2.0,0.8697436451911926,0.005265770421829075
DQN,65,final,2980,5980,0.10368962764739992,2.0,2.0,0.7670294642448425,0.006722157238982618
DQN,65,final,2981,5981,-0.05796884298324585,5.0,3.0,0.8274469971656799,0.0007617069408297539
DQN,65,final,2982,5982,0.09000000000000001,1.0,1.0,0.24681861698627472,0.0004962996463291347
DQN,65,final,2983,5983,0.2073143196105957,3.0,3.0,0.8521541953086853,0.002650572103448212
DQN,65,final,2984,5984,0.09000000000000001,1.0,1.0,0.12348860502243042,0.0006035282858647406
DQN,65,final,2985,5985,0.09000000000000001,1.0,1.0,0.13408860564231873,0.0012381301494315267
DQN,65,final,2986,5986,0.06191880226135255,3.0,3.0,0.5369248986244202,0.0007703118026256561
DQN,65,final,2987,5987,0.03955019235610963,3.0,3.0,0.731549859046936,0.0008365694084204733
DQN,65,final,2988,5988,-0.09684633016586304,5.0,3.0,0.928559422492981,0.002821116242557764
DQN,65,final,2989,5989,0.161948459148407,2.0,2.0,0.31841138005256653,0.0005395169864641502
DQN,65,final,2990,5990,-0.08510013699531556,3.0,3.0,0.3804965317249298,0.0006736765499226749
DQN,65,final,2991,5991,-0.4727931022644043,10.0,3.0,1.01390540599823,0.0013847368434653617
DQN,65,final,2992,5992,0.30791658878326417,3.0,3.0,1.156878113746643,0.0005721147172152996
DQN,65,final,2993,5993,0.09000000000000001,1.0,1.0,0.435160368680954,0.0013770305085927248
DQN,65,final,2994,5994,0.18327064990997316,2.0,2.0,0.6862701773643494,0.0015297831560019404
DQN,65,final,2995,5995,0.09000000000000001,1.0,1.0,0.3950851261615753,0.0003827312320936471
DQN,65,final,2996,5996,0.24989171504974367,2.0,2.0,0.6756467819213867,0.000729177234461531
DQN,65,final,2997,5997,0.21071841001510622,2.0,2.0,0.891974151134491,0.0005335717287380248
DQN,65,final,2998,5998,0.09000000000000001,1.0,1.0,0.15709005296230316,0.0005905557190999389
DQN,65,final,2999,5999,0.10640631914138794,5.0,5.0,0.78386390209198,0.0004925951128825545
DQN,65,final,3000,6000,0.11164428472518922,2.0,2.0,0.8918780088424683,0.0009437628905288875
