agent,seed,phase,local_episode,cumulative_episode,reward,steps,selected_regions,classification_loss,optimization_loss
DQN,55,final,1,3001,0.09000000000000001,1.0,1.0,0.07618657499551773,0.00021717825438827276
DQN,55,final,2,3002,-0.5568111538887024,10.0,3.0,1.0203361511230469,0.00020311277694418095
DQN,55,final,3,3003,0.09000000000000001,1.0,1.0,0.7498337030410767,0.0002185454504797235
DQN,55,final,4,3004,0.2584313249588013,4.0,3.0,0.4887627959251404,0.00019459257964626886
DQN,55,final,5,3005,0.08005471706390382,2.0,2.0,0.45986494421958923,0.00024003636281122454
DQN,55,final,6,3006,0.17259944200515748,3.0,3.0,0.8804062008857727,0.000166810544518133
DQN,55,final,7,3007,0.1428377103805542,3.0,3.0,0.7644681334495544,0.00016584180654414618
DQN,55,final,8,3008,0.3708310890197754,2.0,2.0,0.6144694089889526,0.00018320733943255618
DQN,55,final,9,3009,0.18893779993057253,2.0,2.0,0.4409360885620117,0.00031459917954634875
DQN,55,final,10,3010,0.19244871258735657,3.0,3.0,0.49917271733283997,0.00015591412860279283
DQN,55,final,11,3011,-0.07902676105499269,4.0,4.0,0.7983543276786804,0.00019170250379829668
DQN,55,final,12,3012,0.09000000000000001,1.0,1.0,0.3868022561073303,0.0001855165173765272
DQN,55,final,13,3013,0.19958956718444826,2.0,2.0,0.9988428354263306,0.00015189624537015334
DQN,55,final,14,3014,0.09000000000000001,1.0,1.0,0.4414742887020111,0.0002230116369901225
DQN,55,final,15,3015,0.09000000000000001,1.0,1.0,0.7830710411071777,0.00023737405717838556
DQN,55,final,16,3016,-0.002114160060882553,2.0,2.0,0.613098680973053,0.0002550054414314218
DQN,55,final,17,3017,0.06587100744247437,3.0,3.0,0.7281702756881714,0.0001923841773532331
DQN,55,final,18,3018,0.09000000000000001,1.0,1.0,0.24021002650260925,0.0001693771337158978
DQN,55,final,19,3019,0.24724144458770753,3.0,3.0,0.9958491325378418,0.00021669772589424005
DQN,55,final,20,3020,0.046928616166114816,2.0,2.0,0.281667023897171,0.0002283671565237455
DQN,55,final,21,3021,0.16155367851257324,4.0,4.0,1.0081857442855835,0.00021517244931601454
DQN,55,final,22,3022,0.09000000000000001,1.0,1.0,0.14121370017528534,0.00020630100334528834
DQN,55,final,23,3023,0.09000000000000001,1.0,1.0,0.10820018500089645,0.000137965616886504
DQN,55,final,24,3024,0.03262609958648683,3.0,3.0,0.9481921195983887,0.00014649076426091293
DQN,55,final,25,3025,0.05881305217742921,2.0,2.0,0.6336869597434998,0.0001580514363013208
DQN,55,final,26,3026,-0.01355587720870971,3.0,3.0,0.8659929037094116,0.00048339520193015534
DQN,55,final,27,3027,0.050119014382362374,2.0,2.0,0.18582144379615784,0.00023443524696631357
DQN,55,final,28,3028,0.13270433425903322,2.0,2.0,0.8230884671211243,0.00012919678556500003
DQN,55,final,29,3029,0.16366751670837404,2.0,2.0,0.8924514651298523,0.00019774829706875607
DQN,55,final,30,3030,0.2373762893676758,2.0,2.0,0.4963386654853821,0.0002449892126605846
DQN,55,final,31,3031,0.09000000000000001,1.0,1.0,0.6028333306312561,0.00010555463086348027
DQN,55,final,32,3032,0.10375792503356934,3.0,3.0,1.003733515739441,9.522886102786288e-05
DQN,55,final,33,3033,0.2139010000228882,2.0,2.0,0.45973628759384155,0.0001538438955321908
DQN,55,final,34,3034,0.12097154736518861,2.0,2.0,0.4991741478443146,8.587149568484165e-05
DQN,55,final,35,3035,0.09000000000000001,1.0,1.0,0.3391483426094055,0.00018827966414391994
DQN,55,final,36,3036,0.09000000000000001,1.0,1.0,0.3297308385372162,0.0001598356757313013
DQN,55,final,37,3037,0.03401208639144898,3.0,3.0,0.7600798010826111,0.0002541317856715371
DQN,55,final,38,3038,0.09000000000000001,1.0,1.0,0.20050963759422302,0.00025152417947538197
DQN,55,final,39,3039,0.13502867698669435,2.0,2.0,0.6970515847206116,0.00024340552045032382
DQN,55,final,40,3040,0.07162720680236817,3.0,3.0,0.6521598696708679,0.00011082216709231336
DQN,55,final,41,3041,0.043241994380950936,2.0,2.0,0.8434426188468933,0.00014416031626751646
DQN,55,final,42,3042,-0.03612007975578306,3.0,3.0,0.5801147222518921,0.00020401461612588415
DQN,55,final,43,3043,0.027738051414489755,2.0,2.0,0.6327751278877258,0.00019534149032551795
DQN,55,final,44,3044,0.1134339737892151,2.0,2.0,0.5911635160446167,0.00016556753689656034
DQN,55,final,45,3045,0.13826202034950258,2.0,2.0,0.29356104135513306,0.0003255182018619962
DQN,55,final,46,3046,-0.10777246236801148,3.0,3.0,0.7963882088661194,0.00017268573477243385
DQN,55,final,47,3047,0.1904773283004761,2.0,2.0,0.5480827689170837,0.00020479462546063587
DQN,55,final,48,3048,0.09000000000000001,1.0,1.0,0.3452540934085846,0.00019981681543868035
DQN,55,final,49,3049,0.13405288934707643,2.0,2.0,0.8815580606460571,0.0001231777059729211
DQN,55,final,50,3050,0.06886227607727052,2.0,2.0,0.749336838722229,0.00017955451767193154
DQN,55,final,51,3051,0.09000000000000001,1.0,1.0,0.1562362164258957,0.0001098295979318209
DQN,55,final,52,3052,0.19404310941696168,4.0,3.0,0.7910460233688354,0.00018043295494862832
DQN,55,final,53,3053,0.09000000000000001,1.0,1.0,0.33827027678489685,0.0002592106466181576
DQN,55,final,54,3054,0.22906382560729982,2.0,2.0,0.9126952886581421,0.00012062015957781114
DQN,55,final,55,3055,0.051965115070343036,4.0,4.0,0.5267061591148376,0.00020064400814590044
DQN,55,final,56,3056,-0.09452857613563535,4.0,3.0,0.48137912154197693,0.00015204452392936219
DQN,55,final,57,3057,0.1335511875152588,3.0,3.0,0.7267401814460754,0.0002548478563160946
DQN,55,final,58,3058,0.09000000000000001,1.0,1.0,0.20688147842884064,0.0001667658652877435
DQN,55,final,59,3059,0.09000000000000001,1.0,1.0,0.11360828578472137,0.000136154456413351
DQN,55,final,60,3060,0.09000000000000001,1.0,1.0,0.07499267160892487,0.00012358200910966843
DQN,55,final,61,3061,0.14256848573684694,2.0,2.0,0.6080445051193237,0.00016738532940507866
DQN,55,final,62,3062,0.143637912273407,2.0,2.0,0.5606586933135986,0.00014983442815719172
DQN,55,final,63,3063,0.1884827780723572,2.0,2.0,0.984367311000824,0.00020187374320812523
DQN,55,final,64,3064,0.09000000000000001,1.0,1.0,0.39455270767211914,0.00010966045374516398
DQN,55,final,65,3065,0.09000000000000001,1.0,1.0,0.4003140926361084,0.00019452410924714059
DQN,55,final,66,3066,0.24265838384628297,3.0,3.0,0.8444648385047913,0.0003149028731665264
DQN,55,final,67,3067,0.09000000000000001,1.0,1.0,0.164748415350914,0.00012750747555401176
DQN,55,final,68,3068,0.09000000000000001,1.0,1.0,0.20530056953430176,0.00028486616793088615
DQN,55,final,69,3069,0.09000000000000001,1.0,1.0,0.6697450876235962,0.00021923170424997807
DQN,55,final,70,3070,0.1410364282131195,3.0,3.0,0.46152767539024353,0.00022056105080991983
DQN,55,final,71,3071,0.09000000000000001,1.0,1.0,0.4524993300437927,0.0001642445713514462
DQN,55,final,72,3072,0.23996122360229494,2.0,2.0,0.46921592950820923,0.00014681537504657172
DQN,55,final,73,3073,0.16095073699951173,2.0,2.0,0.586670458316803,0.00017579172708792612
DQN,55,final,74,3074,0.09000000000000001,1.0,1.0,0.13876351714134216,0.0001979999360628426
DQN,55,final,75,3075,0.09000000000000001,1.0,1.0,0.09300907701253891,0.00022665357391815633
DQN,55,final,76,3076,0.09000000000000001,1.0,1.0,0.17835475504398346,0.00022080590133555233
DQN,55,final,77,3077,0.12025384783744814,2.0,2.0,0.23721075057983398,0.00015721668387413956
DQN,55,final,78,3078,0.09279079914093019,2.0,2.0,0.6624071002006531,0.0003433753299759701
DQN,55,final,79,3079,0.09000000000000001,1.0,1.0,0.4069933295249939,0.00013894644507672638
DQN,55,final,80,3080,0.30036593198776246,3.0,3.0,0.7502997517585754,0.00018772184557747096
DQN,55,final,81,3081,0.09000000000000001,1.0,1.0,0.10132808983325958,0.00013403072080109268
DQN,55,final,82,3082,0.09000000000000001,1.0,1.0,0.17543616890907288,0.00016140656953211874
DQN,55,final,83,3083,0.19103849649429322,3.0,3.0,0.7858749628067017,0.00021315042492157468
DQN,55,final,84,3084,-0.33733229637145995,10.0,2.0,0.7447405457496643,0.0002046769979642704
DQN,55,final,85,3085,0.09291704177856447,2.0,2.0,1.1119669675827026,0.00016273479559458792
DQN,55,final,86,3086,0.09000000000000001,1.0,1.0,0.17562910914421082,0.00015981626347638667
DQN,55,final,87,3087,0.0338257122039795,2.0,2.0,0.24611212313175201,0.0002430062013445422
DQN,55,final,88,3088,0.09000000000000001,1.0,1.0,0.2630074918270111,0.00030429239268414676
DQN,55,final,89,3089,0.15395899295806886,2.0,2.0,0.9691087007522583,0.00029487907886505127
DQN,55,final,90,3090,0.1718170213699341,2.0,2.0,0.8131443858146667,0.00016849631356308237
DQN,55,final,91,3091,0.09000000000000001,1.0,1.0,0.2800350785255432,0.00018795971118379384
DQN,55,final,92,3092,0.10275323867797853,2.0,2.0,0.7450418472290039,0.00021594982536043972
DQN,55,final,93,3093,0.09000000000000001,1.0,1.0,0.12574048340320587,0.00029023265233263373
DQN,55,final,94,3094,0.05482137918472292,3.0,3.0,0.6918382048606873,0.00019853151752613485
DQN,55,final,95,3095,0.001280940771102912,3.0,3.0,0.5440916419029236,0.00014694797088547298
DQN,55,final,96,3096,0.2445014786720276,3.0,3.0,0.9930220246315002,0.0002483665060329561
DQN,55,final,97,3097,0.09000000000000001,1.0,1.0,0.692324161529541,0.000264265137957409
DQN,55,final,98,3098,0.15436804473400118,2.0,2.0,0.2353791743516922,0.00019284404697827995
DQN,55,final,99,3099,0.09000000000000001,1.0,1.0,0.3889916241168976,0.0001255516108358279
DQN,55,final,100,3100,0.09000000000000001,1.0,1.0,0.881280243396759,0.0001871449640020728
DQN,55,final,101,3101,0.11004591703414918,3.0,3.0,0.9265403747558594,0.00021323352120816708
DQN,55,final,102,3102,0.09000000000000001,1.0,1.0,0.26883837580680847,0.0002782222582027316
DQN,55,final,103,3103,0.10788459300994874,3.0,3.0,0.663150429725647,0.00015857683320064098
DQN,55,final,104,3104,0.09000000000000001,1.0,1.0,0.27072781324386597,0.00014820010983385146
DQN,55,final,105,3105,0.040966527462005624,2.0,2.0,0.9750427603721619,0.00012860841525252908
DQN,55,final,106,3106,0.1727451252937317,2.0,2.0,0.581373393535614,0.00017672216199571267
DQN,55,final,107,3107,0.06966618418693543,3.0,3.0,0.4135969579219818,0.00014925553356685364
DQN,55,final,108,3108,0.08998038530349733,4.0,2.0,0.5669624209403992,0.000403439156798413
DQN,55,final,109,3109,0.17613402724266053,3.0,3.0,0.3535289764404297,0.00014999737322796136
DQN,55,final,110,3110,0.09000000000000001,1.0,1.0,0.6019430160522461,0.0002116598916472867
DQN,55,final,111,3111,0.09032917737960816,3.0,3.0,0.8525876998901367,0.00025801797649667907
DQN,55,final,112,3112,0.16048937797546386,4.0,4.0,1.068839192390442,0.0002140022043022327
DQN,55,final,113,3113,0.09000000000000001,1.0,1.0,0.22136937081813812,0.00022582891688216478
DQN,55,final,114,3114,0.11762698173522951,2.0,2.0,0.18276667594909668,0.00014570414350600913
DQN,55,final,115,3115,0.09000000000000001,1.0,1.0,0.17964650690555573,0.0002132301451638341
DQN,55,final,116,3116,0.09000000000000001,1.0,1.0,0.4790760576725006,0.00019402187899686396
DQN,55,final,117,3117,0.1187403964996338,2.0,2.0,0.8625982403755188,0.0002570536162238568
DQN,55,final,118,3118,0.09000000000000001,1.0,1.0,0.3745172917842865,9.446692274650559e-05
DQN,55,final,119,3119,0.09000000000000001,1.0,1.0,0.3127864897251129,0.00012578473251778632
DQN,55,final,120,3120,0.05627544403076173,2.0,2.0,0.7282718420028687,0.0002525359086575918
DQN,55,final,121,3121,0.08557664036750795,2.0,2.0,0.2536187171936035,0.00018723594257608056
DQN,55,final,122,3122,0.32606174230575563,2.0,2.0,0.42536062002182007,0.00020993415455450304
DQN,55,final,123,3123,0.09000000000000001,1.0,1.0,0.8907772302627563,0.00026377002359367907
DQN,55,final,124,3124,0.11430098295211794,2.0,2.0,0.8393889665603638,0.00020346294331829995
DQN,55,final,125,3125,0.09000000000000001,1.0,1.0,0.2389174997806549,0.0002656235301401466
DQN,55,final,126,3126,-0.2366265559196472,9.0,4.0,0.5671384930610657,0.00018858530125322027
DQN,55,final,127,3127,0.09000000000000001,1.0,1.0,0.36368128657341003,0.0002534018422011286
DQN,55,final,128,3128,0.09000000000000001,1.0,1.0,0.43411773443222046,0.00013566577399615198
DQN,55,final,129,3129,0.09000000000000001,1.0,1.0,0.12068919092416763,0.00016888557001948357
DQN,55,final,130,3130,0.23351161479949956,5.0,5.0,0.9988776445388794,0.00016837764705996961
DQN,55,final,131,3131,0.09000000000000001,1.0,1.0,0.7550984621047974,0.00015266721311490983
DQN,55,final,132,3132,0.08225162506103517,2.0,2.0,0.6900962591171265,0.00010853802450583316
DQN,55,final,133,3133,0.09000000000000001,1.0,1.0,0.0707303062081337,0.00022963802621234208
DQN,55,final,134,3134,0.09000000000000001,1.0,1.0,0.5578158497810364,8.61793669173494e-05
DQN,55,final,135,3135,0.13158364772796632,2.0,2.0,0.7147161364555359,0.00015803393762325868
DQN,55,final,136,3136,0.27955657958984376,3.0,3.0,0.6863827109336853,0.00019525727354145297
DQN,55,final,137,3137,0.15692574501037598,3.0,3.0,0.9127210378646851,0.00014685978627918908
DQN,55,final,138,3138,0.17508725047111512,3.0,3.0,0.4075371325016022,0.00016589492346004894
DQN,55,final,139,3139,0.15177513837814333,2.0,2.0,0.835814356803894,0.00017487049990450032
DQN,55,final,140,3140,0.2621061873435974,3.0,3.0,0.8079347014427185,0.00020927876418378824
DQN,55,final,141,3141,0.08944222509860994,2.0,2.0,0.14495311677455902,0.00021344357810448855
DQN,55,final,142,3142,0.21494306802749635,2.0,2.0,0.43104737997055054,0.00017524605937069282
DQN,55,final,143,3143,0.09000000000000001,1.0,1.0,0.3952595293521881,0.00022894900757819414
DQN,55,final,144,3144,-0.0087309408187866,3.0,3.0,0.889032781124115,0.00013674395449925214
DQN,55,final,145,3145,0.2987283539772034,3.0,3.0,0.7056393027305603,0.00015985207573976368
DQN,55,final,146,3146,0.09000000000000001,1.0,1.0,0.12730087339878082,0.00014962277782615274
DQN,55,final,147,3147,0.301015682220459,3.0,3.0,0.5555632710456848,0.00019391982641536742
DQN,55,final,148,3148,-0.03430109500885008,3.0,3.0,0.4039788842201233,0.00015422339492943138
DQN,55,final,149,3149,0.04108603477478028,2.0,2.0,0.27174004912376404,0.00023360746854450554
DQN,55,final,150,3150,0.09000000000000001,1.0,1.0,0.5585015416145325,0.0002140521100955084
DQN,55,final,151,3151,0.09000000000000001,1.0,1.0,0.6936062574386597,0.00010659144027158618
DQN,55,final,152,3152,0.002756793498992924,3.0,2.0,0.7993873357772827,0.00015344251247976595
DQN,55,final,153,3153,0.09000000000000001,1.0,1.0,0.579223096370697,0.0001814771385397762
DQN,55,final,154,3154,0.26665149807929994,2.0,2.0,0.33701685070991516,0.0002037999511230737
DQN,55,final,155,3155,0.01000620603561403,2.0,2.0,0.6189818978309631,0.00016297221009153873
DQN,55,final,156,3156,0.09000000000000001,1.0,1.0,0.339393675327301,0.00016896642046049237
DQN,55,final,157,3157,0.31201847076416017,2.0,2.0,0.9335004091262817,0.00017182392912218347
DQN,55,final,158,3158,0.22265435934066774,2.0,2.0,0.5698763132095337,0.00012080382293788716
DQN,55,final,159,3159,0.09000000000000001,1.0,1.0,0.25548744201660156,0.00026841089129447937
DQN,55,final,160,3160,0.09000000000000001,1.0,1.0,0.33615854382514954,0.0001385740761179477
DQN,55,final,161,3161,0.09000000000000001,1.0,1.0,0.8062282800674438,0.0001467842812417075
DQN,55,final,162,3162,-0.3292226672172547,10.0,2.0,0.548802375793457,0.00018590610707178712
DQN,55,final,163,3163,0.4129088592529297,3.0,3.0,0.7700762748718262,0.00016089082540323338
DQN,55,final,164,3164,-0.5382088750600815,10.0,2.0,0.19008386135101318,0.00019160936499247329
DQN,55,final,165,3165,-0.17831257581710813,5.0,2.0,0.8070841431617737,0.0002024321976932697
DQN,55,final,166,3166,0.2984944188594818,6.0,5.0,0.4389081299304962,0.00017135710368165746
DQN,55,final,167,3167,0.09000000000000001,1.0,1.0,0.556952953338623,0.00012725580018013716
DQN,55,final,168,3168,0.34137044072151185,3.0,3.0,0.4360608756542206,0.00012518594545933107
DQN,55,final,169,3169,0.09000000000000001,1.0,1.0,0.12194132804870605,0.00015796959633007646
DQN,55,final,170,3170,0.1416574287414551,2.0,2.0,0.6731203198432922,0.00014715459110448137
DQN,55,final,171,3171,0.09000000000000001,1.0,1.0,0.6733870506286621,0.00035242029116488993
DQN,55,final,172,3172,0.10246498107910157,3.0,3.0,0.44801241159439087,0.00019220322428736836
DQN,55,final,173,3173,0.2952504324913025,2.0,2.0,0.8825085759162903,0.00023520435934187844
DQN,55,final,174,3174,0.22481350779533388,2.0,2.0,0.29941368103027344,0.0001684399539954029
DQN,55,final,175,3175,0.33812917947769167,2.0,2.0,0.6357300877571106,0.00016883323405636474
DQN,55,final,176,3176,0.28068186521530153,2.0,2.0,0.7436750531196594,0.00014899024972692132
DQN,55,final,177,3177,0.09000000000000001,1.0,1.0,0.1790749728679657,0.00017854792531579733
DQN,55,final,178,3178,0.23571004152297975,2.0,2.0,0.40719038248062134,0.0001300875810557045
DQN,55,final,179,3179,0.08534823536872865,2.0,2.0,0.2480611503124237,0.00023118760873330757
DQN,55,final,180,3180,0.18484182834625246,2.0,2.0,0.5670133233070374,0.00022088403784437105
DQN,55,final,181,3181,0.2936946725845337,4.0,4.0,0.8655692338943481,0.0002464442077325657
DQN,55,final,182,3182,0.21959383964538576,2.0,2.0,0.6505757570266724,0.0001231427741004154
DQN,55,final,183,3183,0.2934286069869995,3.0,3.0,0.9894191026687622,0.00017832181765697896
DQN,55,final,184,3184,0.04122651338577271,3.0,3.0,0.717742919921875,0.0001506438226594279
DQN,55,final,185,3185,0.09000000000000001,1.0,1.0,0.36846211552619934,0.00015163510397542268
DQN,55,final,186,3186,-0.5848913371562958,10.0,2.0,0.48091354966163635,0.00016297606271109544
DQN,55,final,187,3187,0.26272381067276,3.0,3.0,0.5667681097984314,0.00027173982622722786
DQN,55,final,188,3188,0.09000000000000001,1.0,1.0,0.4514472782611847,0.00017509619647171348
DQN,55,final,189,3189,-0.043136172294616706,3.0,3.0,0.8058107495307922,0.0003015381807927042
DQN,55,final,190,3190,0.09000000000000001,1.0,1.0,0.10833294689655304,0.0001621343253646046
DQN,55,final,191,3191,-0.04821253895759582,3.0,2.0,0.4726312756538391,0.00013212186361973485
DQN,55,final,192,3192,0.09000000000000001,1.0,1.0,0.24208031594753265,0.00021439831471070647
DQN,55,final,193,3193,0.21142043352127077,2.0,2.0,0.5295052528381348,0.00013026906162849627
DQN,55,final,194,3194,0.09000000000000001,1.0,1.0,0.4541235566139221,0.00028690698673017323
DQN,55,final,195,3195,0.14324063241481783,2.0,2.0,0.24057386815547943,0.0001681133799138479
DQN,55,final,196,3196,0.05190324544906617,4.0,4.0,0.7146846055984497,0.00020545351435430348
DQN,55,final,197,3197,0.13409616231918337,2.0,2.0,0.8148619532585144,0.00023019372747512534
DQN,55,final,198,3198,0.1473290640115738,2.0,2.0,0.20883534848690033,0.00022591467859456316
DQN,55,final,199,3199,0.04019113063812257,2.0,2.0,0.4302472770214081,0.00036113205715082586
DQN,55,final,200,3200,0.1853798794746399,2.0,2.0,0.7346816062927246,0.0003395202656975016
DQN,55,final,201,3201,0.09000000000000001,1.0,1.0,0.7341669797897339,0.00013803705223836005
DQN,55,final,202,3202,0.15696887969970702,5.0,5.0,1.0536959171295166,0.00018290827865712344
DQN,55,final,203,3203,0.08968667864799501,2.0,2.0,0.29164695739746094,0.0003159647749271244
DQN,55,final,204,3204,0.09000000000000001,1.0,1.0,0.23189209401607513,0.0002891095064114779
DQN,55,final,205,3205,0.13073314905166628,2.0,2.0,0.7297685742378235,0.00022749011259293184
DQN,55,final,206,3206,0.1558793354034424,2.0,2.0,0.8181033730506897,0.00012905158655485138
DQN,55,final,207,3207,0.08720471143722536,2.0,2.0,0.5135048627853394,0.00038712602690793574
DQN,55,final,208,3208,0.24400349140167238,2.0,2.0,0.643696665763855,0.00014849733270239085
DQN,55,final,209,3209,0.09000000000000001,1.0,1.0,0.29581525921821594,0.0002645817003212869
DQN,55,final,210,3210,0.1853922772407532,2.0,2.0,0.5381568074226379,0.00013878387835575268
DQN,55,final,211,3211,0.09000000000000001,1.0,1.0,0.47218185663223267,0.00014166357868816704
DQN,55,final,212,3212,0.09000000000000001,1.0,1.0,0.10512237250804901,0.0001777914585545659
DQN,55,final,213,3213,0.171631760597229,3.0,3.0,0.7108078598976135,0.00019934770049682507
DQN,55,final,214,3214,0.09000000000000001,1.0,1.0,0.5234465599060059,0.0003412647929508239
DQN,55,final,215,3215,0.16216874837875367,3.0,3.0,0.7288252115249634,0.0002676129903799544
DQN,55,final,216,3216,0.030947513580322272,3.0,3.0,0.7320952415466309,0.00020605748189458004
DQN,55,final,217,3217,0.10926842451095582,4.0,4.0,0.7489972114562988,0.0001792359325918369
DQN,55,final,218,3218,0.17990131855010988,2.0,2.0,0.5723167061805725,0.00018335253844270483
DQN,55,final,219,3219,0.12191322624683382,2.0,2.0,0.15474513173103333,0.00033306380646536127
DQN,55,final,220,3220,0.08895535945892336,2.0,2.0,0.5066131949424744,0.00017111767374444753
DQN,55,final,221,3221,0.2927345108985901,3.0,3.0,0.5002015829086304,0.0002135871375988548
DQN,55,final,222,3222,0.22488959312438966,2.0,2.0,0.28759101033210754,0.00021663679217454046
DQN,55,final,223,3223,0.09000000000000001,1.0,1.0,0.20184063911437988,0.0001927659468492493
DQN,55,final,224,3224,0.22799302816390993,2.0,2.0,0.7858504056930542,0.0004835291183553636
DQN,55,final,225,3225,0.26162596225738527,2.0,2.0,0.756921112537384,0.00028581689548445866
DQN,55,final,226,3226,0.15622045278549196,2.0,2.0,0.687857985496521,0.00028153316816315055
DQN,55,final,227,3227,0.09000000000000001,1.0,1.0,0.1729406863451004,0.0004055350145790726
DQN,55,final,228,3228,-0.05747770547866819,3.0,3.0,1.0042892694473267,0.0002110202913172543
DQN,55,final,229,3229,0.2683372664451599,2.0,2.0,0.7665587067604065,0.0001606751284271013
DQN,55,final,230,3230,0.3555939865112305,3.0,3.0,0.4795050024986267,0.0002609113629053657
DQN,55,final,231,3231,0.1664757299423218,2.0,2.0,0.40624234080314636,0.00011531273412401788
DQN,55,final,232,3232,0.11372286796569826,3.0,3.0,0.4525790810585022,0.00016601478030982739
DQN,55,final,233,3233,0.09000000000000001,1.0,1.0,0.34333232045173645,0.00018653982260730118
DQN,55,final,234,3234,0.14567138433456422,2.0,2.0,0.33008962869644165,0.0001407581876264885
DQN,55,final,235,3235,0.1767429280281067,2.0,2.0,0.9656718373298645,0.0003258272190578282
DQN,55,final,236,3236,0.09000000000000001,1.0,1.0,0.32946616411209106,9.958448936231434e-05
DQN,55,final,237,3237,0.15670068740844728,2.0,2.0,0.7334871888160706,0.00013462991046253592
DQN,55,final,238,3238,0.148371057510376,2.0,2.0,0.34175506234169006,0.00021352960175136104
DQN,55,final,239,3239,0.19705040931701662,2.0,2.0,0.7304026484489441,0.00011820315194199793
DQN,55,final,240,3240,0.09000000000000001,1.0,1.0,0.4010985791683197,0.00012402204447425902
DQN,55,final,241,3241,0.09000000000000001,1.0,1.0,0.12721504271030426,6.225122342584655e-05
DQN,55,final,242,3242,0.15783007621765138,2.0,2.0,0.8428391218185425,0.00011025795902241953
DQN,55,final,243,3243,0.09000000000000001,1.0,1.0,0.11154009401798248,8.667130896355957e-05
DQN,55,final,244,3244,0.2505493235588074,3.0,3.0,0.8865004181861877,0.00016093165322672576
DQN,55,final,245,3245,0.25844746589660644,4.0,4.0,0.8532404899597168,0.00013759091780229937
DQN,55,final,246,3246,0.09000000000000001,1.0,1.0,0.25343960523605347,0.00021230544371064752
DQN,55,final,247,3247,0.02699253141880037,2.0,2.0,0.2286551296710968,0.00011958001778111793
DQN,55,final,248,3248,0.12607558250427248,2.0,2.0,0.20339785516262054,0.00026450384757481515
DQN,55,final,249,3249,0.09000000000000001,1.0,1.0,0.2574509382247925,0.0002449400199111551
DQN,55,final,250,3250,0.09000000000000001,1.0,1.0,0.14234961569309235,0.0002773920714389533
DQN,55,final,251,3251,0.2882902193069458,2.0,2.0,0.9349021911621094,0.0001312585809500888
DQN,55,final,252,3252,0.07921326339244844,2.0,2.0,0.214497908949852,0.00017222364840563387
DQN,55,final,253,3253,0.07361382961273194,3.0,3.0,1.0773813724517822,0.00019485551941518983
DQN,55,final,254,3254,0.25423033714294435,2.0,2.0,0.6401172280311584,0.00015169817197602242
DQN,55,final,255,3255,0.001491258144378671,4.0,3.0,0.4563634693622589,0.00012924802831548732
DQN,55,final,256,3256,0.09000000000000001,1.0,1.0,0.5834344625473022,0.00023487041471526027
DQN,55,final,257,3257,0.09000000000000001,1.0,1.0,0.4251163899898529,0.00020433010649867356
DQN,55,final,258,3258,0.09000000000000001,1.0,1.0,0.837909996509552,0.00024023771402426064
DQN,55,final,259,3259,0.18805944681167602,4.0,4.0,0.6589370369911194,0.00016493177463416941
DQN,55,final,260,3260,0.06850128054618837,2.0,2.0,0.18070006370544434,0.00015406163583975285
DQN,55,final,261,3261,0.12479581117630006,2.0,2.0,0.6720629930496216,0.00026006739790318534
DQN,55,final,262,3262,0.2766623067855835,2.0,2.0,0.5691923499107361,0.00016706849419279024
DQN,55,final,263,3263,0.09403614878654482,2.0,2.0,0.27618739008903503,0.00018314277986064553
DQN,55,final,264,3264,0.045704550743103034,3.0,3.0,0.3947794735431671,0.000168713124973389
DQN,55,final,265,3265,0.23559953451156618,2.0,2.0,0.8511913418769836,0.0002432147739455104
DQN,55,final,266,3266,0.03429657697677612,7.0,4.0,0.8212318420410156,0.00017238376728658165
DQN,55,final,267,3267,0.4290293622016907,2.0,2.0,0.6534419655799866,0.00018305277626495808
DQN,55,final,268,3268,0.09000000000000001,1.0,1.0,0.14632180333137512,0.0003120328765362501
DQN,55,final,269,3269,0.09000000000000001,1.0,1.0,0.6430723071098328,0.00011751451529562473
DQN,55,final,270,3270,0.08152844190597536,2.0,2.0,0.3890440762042999,0.00015982049808371812
DQN,55,final,271,3271,0.01898289918899536,5.0,3.0,0.5838097333908081,0.00015218921762425453
DQN,55,final,272,3272,0.09000000000000001,1.0,1.0,0.28420406579971313,0.00012734958727378398
DQN,55,final,273,3273,0.09000000000000001,1.0,1.0,0.5764250159263611,0.0001049293132382445
DQN,55,final,274,3274,0.06778187274932862,3.0,3.0,0.7630061507225037,0.00026781145425047725
DQN,55,final,275,3275,-0.24092128753662106,8.0,2.0,1.0023629665374756,0.0002796134212985635
DQN,55,final,276,3276,0.299500949382782,3.0,3.0,0.6272386908531189,0.0002407071879133582
DQN,55,final,277,3277,0.09000000000000001,1.0,1.0,0.32451513409614563,0.00012407827307470143
DQN,55,final,278,3278,0.12686169862747193,3.0,3.0,0.574399471282959,0.0002173350949306041
DQN,55,final,279,3279,0.09000000000000001,1.0,1.0,0.5127397775650024,0.00017444053082726896
DQN,55,final,280,3280,0.09416045427322389,2.0,2.0,0.7126687169075012,0.0003174256853526458
DQN,55,final,281,3281,0.09000000000000001,1.0,1.0,0.12631312012672424,8.601105946581811e-05
DQN,55,final,282,3282,0.2725320529937744,3.0,3.0,0.5751826167106628,0.0001894394566382592
DQN,55,final,283,3283,0.12458105564117433,2.0,2.0,0.7858183979988098,0.00020909971499349922
DQN,55,final,284,3284,0.047336729168891915,2.0,2.0,0.18662895262241364,0.0001417629246134311
DQN,55,final,285,3285,0.09000000000000001,1.0,1.0,0.18035300076007843,0.00024233906879089773
DQN,55,final,286,3286,-0.029723749160766602,6.0,3.0,0.6342312693595886,0.0001808302040444687
DQN,55,final,287,3287,0.11874337673187257,2.0,2.0,0.8089047074317932,0.00033385550341336057
DQN,55,final,288,3288,0.09000000000000001,1.0,1.0,0.30829504132270813,0.00018737187201622874
DQN,55,final,289,3289,0.2794219422340393,2.0,2.0,0.48949748277664185,0.0003317854570923373
DQN,55,final,290,3290,0.09000000000000001,1.0,1.0,0.25207433104515076,0.00017930346075445414
DQN,55,final,291,3291,0.045358853340148934,2.0,2.0,0.5468699336051941,0.00011017020369763486
DQN,55,final,292,3292,0.12123491048812868,2.0,2.0,0.512027382850647,0.00026804285880643874
DQN,55,final,293,3293,0.08753640174865723,3.0,3.0,0.7915719151496887,0.00013737851501597712
DQN,55,final,294,3294,0.1531781029701233,3.0,3.0,0.6933764815330505,0.00011456438126818587
DQN,55,final,295,3295,0.15399228572845458,6.0,5.0,0.2653355002403259,0.00014393088713404723
DQN,55,final,296,3296,0.2559898066520691,2.0,2.0,0.8749627470970154,0.0004277380430721678
DQN,55,final,297,3297,0.21375306129455568,2.0,2.0,0.6294476389884949,0.00015590855036862195
DQN,55,final,298,3298,0.09000000000000001,1.0,1.0,0.23657728731632233,0.00017524250142741948
DQN,55,final,299,3299,-0.548314380645752,10.0,2.0,0.8413645029067993,0.00020479886152315884
DQN,55,final,300,3300,0.13124383211135865,3.0,3.0,0.6370946764945984,0.000276691095981126
DQN,55,final,301,3301,-0.48445725440979004,10.0,3.0,0.33101317286491394,0.00022576712508453055
DQN,55,final,302,3302,0.09000000000000001,1.0,1.0,0.2974657416343689,0.00024318280338775367
DQN,55,final,303,3303,0.09000000000000001,1.0,1.0,1.2141019105911255,0.00011966022429987788
DQN,55,final,304,3304,0.09000000000000001,1.0,1.0,0.16660715639591217,0.00019980213255621493
DQN,55,final,305,3305,0.09000000000000001,1.0,1.0,0.519642174243927,0.00023562723072245717
DQN,55,final,306,3306,0.09000000000000001,1.0,1.0,0.23347511887550354,0.00015612688730470836
DQN,55,final,307,3307,0.09000000000000001,1.0,1.0,0.5099288821220398,0.0003071209939662367
DQN,55,final,308,3308,0.13968788266181947,2.0,2.0,0.4019298553466797,0.000379760138457641
DQN,55,final,309,3309,0.22987373352050783,2.0,2.0,0.39814943075180054,0.0003365705342730507
DQN,55,final,310,3310,0.09000000000000001,1.0,1.0,0.08344990760087967,0.00016607900033704937
DQN,55,final,311,3311,0.07476158618927004,2.0,2.0,0.5115728378295898,0.00014369750351761468
DQN,55,final,312,3312,0.09000000000000001,1.0,1.0,0.2197037637233734,0.0001544205442769453
DQN,55,final,313,3313,0.22420877933502198,3.0,3.0,1.1316235065460205,0.0002446678845444694
DQN,55,final,314,3314,0.2808101844787598,3.0,3.0,0.857789158821106,0.00011904929609348376
DQN,55,final,315,3315,-0.03261900186538694,4.0,4.0,0.3471503257751465,0.00041814547512331046
DQN,55,final,316,3316,0.15740581035614015,2.0,2.0,0.9378670454025269,0.00031119004415813833
DQN,55,final,317,3317,0.09000000000000001,1.0,1.0,0.22046272456645966,0.0003030667721759528
DQN,55,final,318,3318,0.2033402490615845,2.0,2.0,0.8746227025985718,0.0002408098298474215
DQN,55,final,319,3319,0.3523193073272705,3.0,3.0,0.7947659492492676,0.0001971540720357249
DQN,55,final,320,3320,-0.11523329257965088,4.0,3.0,0.5308813452720642,0.00019619426529970951
DQN,55,final,321,3321,0.09000000000000001,1.0,1.0,0.4701290726661682,0.00017271337856072932
DQN,55,final,322,3322,0.06366002321243289,4.0,4.0,0.6170807480812073,0.00021483754244400188
DQN,55,final,323,3323,0.09000000000000001,1.0,1.0,0.3162781894207001,0.0001588696613907814
DQN,55,final,324,3324,0.09000000000000001,1.0,1.0,0.31608596444129944,0.00015204251394607127
DQN,55,final,325,3325,0.09000000000000001,1.0,1.0,0.254817932844162,0.00016222821432165802
DQN,55,final,326,3326,0.04915069222450257,2.0,2.0,0.3218737244606018,0.0002317547841812484
DQN,55,final,327,3327,0.09000000000000001,1.0,1.0,0.8467983603477478,0.00013891894195694476
DQN,55,final,328,3328,0.09000000000000001,1.0,1.0,0.18519093096256256,0.00022780556173529476
DQN,55,final,329,3329,0.2130330276489258,3.0,3.0,0.9246729612350464,0.0001437439859728329
DQN,55,final,330,3330,0.13822920799255373,2.0,2.0,0.6111200451850891,0.00023791444255039096
DQN,55,final,331,3331,0.2873721194267273,3.0,3.0,0.7977957129478455,0.0001447813022726526
DQN,55,final,332,3332,0.16841716289520264,3.0,3.0,0.7323405146598816,0.0001760006659120942
DQN,55,final,333,3333,0.09000000000000001,1.0,1.0,0.09503066539764404,0.0002468226011842489
DQN,55,final,334,3334,0.09826852560043337,2.0,2.0,0.6256123781204224,0.0001983760521397926
DQN,55,final,335,3335,0.09000000000000001,1.0,1.0,0.28539085388183594,0.00018844129226636142
DQN,55,final,336,3336,0.07014503300189973,3.0,3.0,0.22840523719787598,0.0002266092439337323
DQN,55,final,337,3337,0.09000000000000001,1.0,1.0,0.6210158467292786,0.00011968736362177879
DQN,55,final,338,3338,0.049678252935409555,2.0,2.0,0.16353371739387512,0.00021379993995651603
DQN,55,final,339,3339,0.04267621755599976,3.0,3.0,0.8482617735862732,0.0003381553397048265
DQN,55,final,340,3340,0.03346277236938478,4.0,3.0,0.8830234408378601,0.00017505889445601497
DQN,55,final,341,3341,0.25642712593078615,2.0,2.0,0.8035620450973511,0.00022353723761625588
DQN,55,final,342,3342,0.41687501192092896,3.0,3.0,0.9694252610206604,0.00022660747830135128
DQN,55,final,343,3343,0.04612601518630982,3.0,3.0,0.5938295125961304,0.00024394749198108912
DQN,55,final,344,3344,0.09000000000000001,1.0,1.0,0.849299430847168,0.00012705032713711262
DQN,55,final,345,3345,0.30230762243270876,2.0,2.0,0.4633015990257263,0.00028718313842546195
DQN,55,final,346,3346,0.23802912950515748,3.0,3.0,0.9375693202018738,0.00018022936031532785
DQN,55,final,347,3347,0.1254608350992203,2.0,2.0,0.18304131925106049,0.00022019643074600026
DQN,55,final,348,3348,0.09000000000000001,1.0,1.0,0.6498907804489136,0.0001194156939163804
DQN,55,final,349,3349,0.1422596049308777,3.0,3.0,0.508217453956604,0.0004772071843035519
DQN,55,final,350,3350,0.1203951406478882,2.0,2.0,0.8031316995620728,0.00017679308075457811
DQN,55,final,351,3351,0.09000000000000001,1.0,1.0,0.5804764032363892,0.000299143954180181
DQN,55,final,352,3352,-0.20120192050933833,8.0,5.0,0.8660369515419006,0.0003258853957959218
DQN,55,final,353,3353,0.14412172317504884,2.0,2.0,0.8280259966850281,0.0002218290392193012
DQN,55,final,354,3354,0.15979993522167207,2.0,2.0,0.20006729662418365,0.00035895867040380836
DQN,55,final,355,3355,0.12757520675659179,5.0,5.0,0.7151883840560913,0.00023470723535865546
DQN,55,final,356,3356,0.08234335899353028,3.0,2.0,0.8497748970985413,0.0002932887776599576
DQN,55,final,357,3357,0.0920383405685425,3.0,3.0,0.5030713677406311,0.00020554424554575235
DQN,55,final,358,3358,0.09000000000000001,1.0,1.0,0.0865960344672203,0.00028712680796161294
DQN,55,final,359,3359,0.09000000000000001,1.0,1.0,0.500977635383606,0.00019591271120589226
DQN,55,final,360,3360,0.11123755753040315,2.0,2.0,0.2353201061487198,0.00020762748317793012
DQN,55,final,361,3361,0.11403913974761964,2.0,2.0,0.35010167956352234,0.00021722729434259236
DQN,55,final,362,3362,0.09000000000000001,1.0,1.0,0.11329615861177444,0.0002249567478429526
DQN,55,final,363,3363,0.12086700081825258,2.0,2.0,0.3370389938354492,0.00019601082749431953
DQN,55,final,364,3364,0.09000000000000001,1.0,1.0,0.42824119329452515,0.00019855551363434643
DQN,55,final,365,3365,0.09000000000000001,1.0,1.0,0.5475751757621765,0.00028851741808466613
DQN,55,final,366,3366,0.16123821020126344,2.0,2.0,0.6605812907218933,0.00022687888122163713
DQN,55,final,367,3367,0.09000000000000001,1.0,1.0,0.3952578008174896,0.00015702075324952602
DQN,55,final,368,3368,0.09000000000000001,1.0,1.0,0.18784262239933014,0.0002228297380497679
DQN,55,final,369,3369,-0.3463209271430969,10.0,3.0,0.9273564219474792,0.00021688943961635233
DQN,55,final,370,3370,0.2711001706123352,3.0,3.0,0.3535383343696594,0.0001428963296348229
DQN,55,final,371,3371,0.09572826504707338,2.0,2.0,0.32109275460243225,0.0002593206736491993
DQN,55,final,372,3372,0.09000000000000001,1.0,1.0,0.38287779688835144,0.0006779209361411631
DQN,55,final,373,3373,0.09000000000000001,1.0,1.0,0.32326874136924744,0.00015081344463396817
DQN,55,final,374,3374,0.14657183170318605,2.0,2.0,0.3248254358768463,0.0002410841261735186
DQN,55,final,375,3375,0.3206367564201355,3.0,3.0,0.3055553436279297,0.0001335779088549316
DQN,55,final,376,3376,0.24015285253524782,2.0,2.0,0.5351404547691345,0.00020184141612844542
DQN,55,final,377,3377,0.057186377048492436,5.0,3.0,0.6646566987037659,0.00021765373530797661
DQN,55,final,378,3378,0.09000000000000001,1.0,1.0,0.35389915108680725,0.00017053281771950424
DQN,55,final,379,3379,0.10604103088378908,2.0,2.0,1.216396689414978,0.0002524798037484288
DQN,55,final,380,3380,0.09000000000000001,1.0,1.0,0.10752356052398682,9.234016033587977e-05
DQN,55,final,381,3381,-0.04581384181976318,2.0,2.0,0.7240967750549316,0.000180319111677818
DQN,55,final,382,3382,0.09000000000000001,1.0,1.0,0.6897116303443909,0.00021854876831639558
DQN,55,final,383,3383,-0.1969950914382935,10.0,4.0,1.104047179222107,0.00015181619965005667
DQN,55,final,384,3384,0.3019263315200806,2.0,2.0,0.6831865906715393,0.0001550013039377518
DQN,55,final,385,3385,-0.0970516014099121,8.0,3.0,1.1056309938430786,0.00020780432532774284
DQN,55,final,386,3386,0.09563793420791628,2.0,2.0,0.6482284665107727,0.00016723127919249237
DQN,55,final,387,3387,0.14086563110351563,3.0,3.0,0.7775874137878418,0.00018411574516600618
DQN,55,final,388,3388,0.07983429908752443,2.0,2.0,0.5476853251457214,0.00012092287579434924
DQN,55,final,389,3389,0.18751438379287722,8.0,3.0,0.688220202922821,0.00019798784614977194
DQN,55,final,390,3390,0.14411689519882204,2.0,2.0,0.2698962986469269,0.00020804619998671114
DQN,55,final,391,3391,0.09000000000000001,1.0,1.0,0.7001978754997253,0.00015339665696956217
DQN,55,final,392,3392,0.002431995868682868,3.0,3.0,1.0116431713104248,0.00026111320767086
DQN,55,final,393,3393,0.31047183990478516,3.0,3.0,1.4819303750991821,0.00014692527959899357
DQN,55,final,394,3394,0.03673798561096192,3.0,3.0,0.4941693842411041,0.00018843135815889886
DQN,55,final,395,3395,-0.5666034698486329,10.0,2.0,0.7789598107337952,0.00019089817942585796
DQN,55,final,396,3396,0.1788917350769043,2.0,2.0,0.5114125609397888,0.00024197531456593424
DQN,55,final,397,3397,0.2079858946800232,2.0,2.0,0.4522544741630554,0.0001265950886590872
DQN,55,final,398,3398,0.25085623741149904,2.0,2.0,0.41645312309265137,0.00014878982619848102
DQN,55,final,399,3399,0.08817512512207032,3.0,3.0,0.5124348998069763,0.00016525953348415592
DQN,55,final,400,3400,0.027337620258331308,4.0,3.0,0.8250319361686707,0.0001558669700898463
DQN,55,final,401,3401,-0.05443919897079465,5.0,5.0,0.6553168892860413,0.00023527108714915812
DQN,55,final,402,3402,0.17309368371963502,3.0,3.0,0.9790006279945374,0.00020980025631918883
DQN,55,final,403,3403,0.18617481708526612,3.0,3.0,0.7232391238212585,0.00021117629269914082
DQN,55,final,404,3404,0.09000000000000001,1.0,1.0,0.23602351546287537,0.00012774142669513822
DQN,55,final,405,3405,-0.4103730201721192,10.0,2.0,0.7842668890953064,0.000171406156005105
DQN,55,final,406,3406,0.38264618515968324,5.0,3.0,0.47000405192375183,0.00020606085599865763
DQN,55,final,407,3407,0.09000000000000001,1.0,1.0,0.14369595050811768,0.0005193576798774302
DQN,55,final,408,3408,0.09000000000000001,1.0,1.0,0.5339744687080383,0.00017524341819807887
DQN,55,final,409,3409,0.06462205171585084,3.0,3.0,0.8670812249183655,0.00019442064998050532
DQN,55,final,410,3410,0.09000000000000001,1.0,1.0,0.5193212032318115,0.00031349578057415783
DQN,55,final,411,3411,0.09000000000000001,1.0,1.0,0.2367781549692154,0.00023711258836556226
DQN,55,final,412,3412,0.09616125345230103,3.0,3.0,0.8818063139915466,0.0002168670471291989
DQN,55,final,413,3413,0.013786034584045426,2.0,2.0,0.5998871922492981,0.0003025939513463527
DQN,55,final,414,3414,0.01663460016250612,2.0,2.0,0.3622150421142578,0.00027654951554723084
DQN,55,final,415,3415,0.21152080774307253,2.0,2.0,0.572451651096344,0.0001844062644522637
DQN,55,final,416,3416,-0.3509912300109863,8.0,3.0,1.0173338651657104,0.0001664818155404646
DQN,55,final,417,3417,0.09000000000000001,1.0,1.0,0.613521933555603,0.0003890471416525543
DQN,55,final,418,3418,0.28656107902526856,3.0,3.0,0.6108377575874329,0.00019630820315796882
DQN,55,final,419,3419,0.1484914493560791,3.0,3.0,0.9254571199417114,0.00041560325674557436
DQN,55,final,420,3420,-0.07287548065185549,8.0,3.0,0.5229282975196838,0.00024187517374230083
DQN,55,final,421,3421,0.11519131779670716,3.0,3.0,0.4807945787906647,0.00025733814497167867
DQN,55,final,422,3422,0.09000000000000001,1.0,1.0,0.5195267796516418,0.0001388060045428574
DQN,55,final,423,3423,0.3647720289230347,3.0,3.0,1.0450024604797363,0.0001945836799374471
DQN,55,final,424,3424,0.1368324774503708,2.0,2.0,0.24078713357448578,0.000230333287618123
DQN,55,final,425,3425,0.07802814960479737,3.0,3.0,0.45673173666000366,0.00025564902171026915
DQN,55,final,426,3426,0.1617321538925171,2.0,2.0,0.43093234300613403,0.00021308758005034178
DQN,55,final,427,3427,0.008579201698303215,3.0,3.0,1.069429874420166,0.00021626026136800647
DQN,55,final,428,3428,0.09000000000000001,1.0,1.0,0.14918303489685059,0.00014837774506304413
DQN,55,final,429,3429,0.15466620206832887,2.0,2.0,0.7100686430931091,0.00022880777396494523
DQN,55,final,430,3430,0.09564323902130129,2.0,2.0,0.7412314414978027,0.00021569443924818188
DQN,55,final,431,3431,0.34450793981552125,3.0,3.0,0.8617914319038391,0.0002618157547355319
DQN,55,final,432,3432,0.14945668697357178,3.0,3.0,0.7972525954246521,0.0004831169984148194
DQN,55,final,433,3433,0.09000000000000001,1.0,1.0,0.218645378947258,0.00019713075016625226
DQN,55,final,434,3434,0.23703927516937257,3.0,3.0,0.7934376001358032,0.00022439360327553004
DQN,55,final,435,3435,0.08417052745819092,3.0,3.0,0.7101283073425293,0.00025149452267214656
DQN,55,final,436,3436,0.025982162952423102,4.0,2.0,0.8832534551620483,0.00018235835887026042
DQN,55,final,437,3437,0.14352972984313966,2.0,2.0,0.3804641664028168,0.00030343465914484113
DQN,55,final,438,3438,0.09000000000000001,1.0,1.0,0.4164513647556305,0.0003183598455507308
DQN,55,final,439,3439,0.0333931612968445,7.0,3.0,0.9924480319023132,0.00022222382332464413
DQN,55,final,440,3440,-0.012470474243164067,4.0,3.0,0.3144185245037079,0.00034780427085934207
DQN,55,final,441,3441,0.15809942960739137,2.0,2.0,0.8454769253730774,0.0005477044178405777
DQN,55,final,442,3442,0.09000000000000001,1.0,1.0,0.37358078360557556,0.00014418718637898564
DQN,55,final,443,3443,0.17431336641311646,5.0,4.0,0.5314688682556152,0.00019241818226873876
DQN,55,final,444,3444,0.09000000000000001,1.0,1.0,0.1695491224527359,0.00022576375340577215
DQN,55,final,445,3445,-0.5155333757400513,10.0,2.0,0.7731675505638123,0.00027091078663943335
DQN,55,final,446,3446,-0.05051445245742796,3.0,3.0,0.7950998544692993,0.0001858250422325606
DQN,55,final,447,3447,0.37073119163513185,2.0,2.0,0.5801087617874146,0.0002873253615689464
DQN,55,final,448,3448,0.0787853765487671,2.0,2.0,0.7730251550674438,0.00021054070384707302
DQN,55,final,449,3449,0.09000000000000001,1.0,1.0,0.346198707818985,0.0002891170734073967
DQN,55,final,450,3450,0.17278563976287842,5.0,4.0,0.8417434692382812,0.00027271997241768987
DQN,55,final,451,3451,0.18548268795013428,3.0,3.0,0.8707867860794067,0.0002761833554056163
DQN,55,final,452,3452,0.29660399436950685,2.0,2.0,0.6130505800247192,0.00021323622786439955
DQN,55,final,453,3453,0.19110275983810426,2.0,2.0,0.5793359875679016,0.00016698017134331167
DQN,55,final,454,3454,-0.08802795946598051,4.0,3.0,0.29056623578071594,0.0002080996782751754
DQN,55,final,455,3455,-0.07858970046043394,3.0,3.0,0.5826950669288635,0.00023809704968395332
DQN,55,final,456,3456,-0.2171905469894409,7.0,3.0,0.6523998975753784,0.00020335320732556283
DQN,55,final,457,3457,0.09000000000000001,1.0,1.0,0.22566674649715424,0.0001662884169491008
DQN,55,final,458,3458,0.09000000000000001,1.0,1.0,0.48122575879096985,0.0001806152577046305
DQN,55,final,459,3459,0.07205935001373293,2.0,2.0,0.3213110864162445,0.00022137533233035356
DQN,55,final,460,3460,0.09000000000000001,1.0,1.0,0.1870766133069992,0.00017366242536809295
DQN,55,final,461,3461,-0.026954276561737045,2.0,2.0,1.1043941974639893,0.00019188901933375746
DQN,55,final,462,3462,-0.03085892438888549,4.0,3.0,0.6911457777023315,0.00011792779514507856
DQN,55,final,463,3463,-0.23741573095321658,10.0,3.0,0.5518564581871033,0.00017398580312146805
DQN,55,final,464,3464,0.09000000000000001,1.0,1.0,0.5112775564193726,0.0002151083608623594
DQN,55,final,465,3465,0.15225101232528687,3.0,3.0,0.9479488730430603,0.00018584941183992973
DQN,55,final,466,3466,0.21320045709609986,3.0,3.0,0.8441600799560547,0.00017080239679974815
DQN,55,final,467,3467,0.06756033182144167,2.0,2.0,0.35547348856925964,0.00019361729209776968
DQN,55,final,468,3468,0.09000000000000001,1.0,1.0,0.19502481818199158,0.00015190722479019314
DQN,55,final,469,3469,0.09000000000000001,1.0,1.0,0.6439332962036133,0.00013366884377319366
DQN,55,final,470,3470,0.023523874282836935,3.0,3.0,0.741247296333313,0.0001732412783894688
DQN,55,final,471,3471,0.09000000000000001,1.0,1.0,0.2012830674648285,0.00016673968639224768
DQN,55,final,472,3472,0.15294499874114992,2.0,2.0,0.47345441579818726,0.0001248114713234827
DQN,55,final,473,3473,0.09444545388221742,2.0,2.0,0.3884788155555725,0.00022438544692704454
DQN,55,final,474,3474,0.05694670200347901,3.0,3.0,0.6842718124389648,0.00023708438675384969
DQN,55,final,475,3475,0.058533437252044684,3.0,3.0,0.8092426657676697,0.00022603825103336325
DQN,55,final,476,3476,-0.017076535224914535,2.0,2.0,0.5832110643386841,0.00021511891100089997
DQN,55,final,477,3477,0.039714114665985116,2.0,2.0,0.665101945400238,0.0002116802570526488
DQN,55,final,478,3478,0.11859716653823854,2.0,2.0,0.9929510951042175,0.0002465029974700883
DQN,55,final,479,3479,0.10239125967025758,2.0,2.0,0.5910491943359375,0.00020745473739225417
DQN,55,final,480,3480,0.09000000000000001,1.0,1.0,0.23759755492210388,0.00017034905613400042
DQN,55,final,481,3481,0.09000000000000001,1.0,1.0,0.19232489168643951,0.00011872599861817434
DQN,55,final,482,3482,0.0616175401210785,2.0,2.0,0.2794612944126129,0.00016745018001529388
DQN,55,final,483,3483,0.07470421671867372,2.0,2.0,0.27460965514183044,0.00033920424175448716
DQN,55,final,484,3484,0.09000000000000001,1.0,1.0,0.32724592089653015,0.0001753280230332166
DQN,55,final,485,3485,0.34120667695999146,3.0,3.0,0.7764706015586853,0.00021077281659624228
DQN,55,final,486,3486,0.07139186739921571,2.0,2.0,0.29629796743392944,0.00023572022473672405
DQN,55,final,487,3487,0.03513087511062623,2.0,2.0,0.7450329661369324,0.00021547760115936399
DQN,55,final,488,3488,0.39968562841415406,3.0,3.0,0.9384703040122986,0.00020370873486778388
DQN,55,final,489,3489,0.04153443098068238,3.0,3.0,0.6128086447715759,0.000218764540477423
DQN,55,final,490,3490,0.12546546936035158,2.0,2.0,0.2014216035604477,0.00018484826432541013
DQN,55,final,491,3491,0.21184261322021486,2.0,2.0,0.8031836152076721,0.00016098542255349457
DQN,55,final,492,3492,0.09000000000000001,1.0,1.0,0.37424400448799133,0.00014634386752732098
DQN,55,final,493,3493,0.011956708431243912,2.0,2.0,0.6298360824584961,0.00019224390416638926
DQN,55,final,494,3494,0.09453541219234468,2.0,2.0,0.16717450320720673,0.00013960756405140273
DQN,55,final,495,3495,0.09000000000000001,1.0,1.0,0.15178608894348145,0.00011402637755963951
DQN,55,final,496,3496,0.09000000000000001,1.0,1.0,0.1844676434993744,0.000195776010514237
DQN,55,final,497,3497,0.11974789381027223,2.0,2.0,0.6006546020507812,0.00012191230780445039
DQN,55,final,498,3498,0.02354903697967531,2.0,2.0,0.675480842590332,0.00020785402011824772
DQN,55,final,499,3499,0.059498684406280526,2.0,2.0,0.5697712302207947,0.00016568017599638551
DQN,55,final,500,3500,0.10743076324462891,3.0,3.0,0.3553326725959778,0.0001843206943400825
DQN,55,final,501,3501,0.19366658449172974,3.0,3.0,0.48923254013061523,0.0002238676194489623
DQN,55,final,502,3502,0.009958572387695333,3.0,3.0,0.6129047274589539,0.0002433859093192344
DQN,55,final,503,3503,0.055646545886993415,3.0,3.0,0.1722690910100937,0.00027526889365011203
DQN,55,final,504,3504,0.09000000000000001,1.0,1.0,0.3786621689796448,0.0001629564940230921
DQN,55,final,505,3505,0.1665183472633362,2.0,2.0,0.8540176153182983,0.00022511182760354131
DQN,55,final,506,3506,0.09000000000000001,1.0,1.0,0.4052443504333496,0.00033183913910761476
DQN,55,final,507,3507,0.27809800386428835,2.0,2.0,0.835529625415802,0.00018831348279491067
DQN,55,final,508,3508,0.23562175750732423,3.0,3.0,0.34420210123062134,0.00016836686215053
DQN,55,final,509,3509,0.09000000000000001,1.0,1.0,0.7627660632133484,0.00021503568859770894
DQN,55,final,510,3510,-0.3689398169517517,10.0,3.0,0.5750373005867004,0.00017230396188097074
DQN,55,final,511,3511,0.09000000000000001,1.0,1.0,0.2056775987148285,0.0003912513784598559
DQN,55,final,512,3512,0.09000000000000001,1.0,1.0,0.28599029779434204,0.0003102969494648278
DQN,55,final,513,3513,0.2228061628341675,3.0,3.0,1.0390714406967163,0.0003122211977218588
DQN,55,final,514,3514,0.09000000000000001,1.0,1.0,0.7099512815475464,0.0003552531998138875
DQN,55,final,515,3515,0.12667162895202638,2.0,2.0,0.4975283741950989,0.00015578173770336434
DQN,55,final,516,3516,0.09000000000000001,1.0,1.0,0.42247119545936584,0.00028033353737555444
DQN,55,final,517,3517,0.09000000000000001,1.0,1.0,0.10794222354888916,0.00024234989541582763
DQN,55,final,518,3518,0.19997970938682558,2.0,2.0,0.40955206751823425,0.00025371844094479457
DQN,55,final,519,3519,0.10182149887084962,2.0,2.0,0.18583671748638153,0.00017160396237159148
DQN,55,final,520,3520,-0.3679694890975952,10.0,3.0,0.785025954246521,0.0003454567602602765
DQN,55,final,521,3521,0.09000000000000001,1.0,1.0,0.29492267966270447,0.0001515132753411308
DQN,55,final,522,3522,0.09000000000000001,1.0,1.0,0.6378351449966431,0.0001065094766090624
DQN,55,final,523,3523,-0.06776099443435667,4.0,3.0,0.6809527277946472,0.00017196636326843873
DQN,55,final,524,3524,0.10890806436538697,3.0,3.0,0.8324722051620483,0.0001324388625410696
DQN,55,final,525,3525,0.09271504163742067,2.0,2.0,0.5739169120788574,0.00018183147767558694
DQN,55,final,526,3526,0.09616123318672182,2.0,2.0,0.35935312509536743,0.00019782805611612275
DQN,55,final,527,3527,0.15364881038665773,2.0,2.0,0.9993971586227417,0.00032429737620987
DQN,55,final,528,3528,0.17014426708221436,3.0,3.0,1.1629315614700317,0.00013573479373008013
DQN,55,final,529,3529,0.09000000000000001,1.0,1.0,0.194151371717453,0.0002788330602925271
DQN,55,final,530,3530,0.31974043130874635,2.0,2.0,0.9328286051750183,0.00019903189968317747
DQN,55,final,531,3531,0.029590196609497084,3.0,3.0,0.6156152486801147,0.00016703214593386898
DQN,55,final,532,3532,0.15435354590415956,2.0,2.0,0.3059921860694885,0.0002075044612865895
DQN,55,final,533,3533,0.012402760982513403,5.0,5.0,0.7957777976989746,0.0001794731826521456
DQN,55,final,534,3534,0.09323413848876955,2.0,2.0,0.6709898114204407,0.000286442711512791
DQN,55,final,535,3535,0.1287492084503174,2.0,2.0,0.5355938673019409,0.00016739204147597775
DQN,55,final,536,3536,0.24883938550949097,3.0,3.0,0.7899001836776733,0.00018377921757443497
DQN,55,final,537,3537,0.09000000000000001,1.0,1.0,0.5780477523803711,0.0002551632060203701
DQN,55,final,538,3538,0.09000000000000001,1.0,1.0,0.102494016289711,0.00017477515211794525
DQN,55,final,539,3539,0.2661985230445862,3.0,3.0,0.6932821273803711,0.0001555021372041665
DQN,55,final,540,3540,0.07579652190208436,3.0,3.0,0.4171401560306549,0.0001644068227809233
DQN,55,final,541,3541,0.1569033432006836,2.0,2.0,0.6634549498558044,0.0001428990944987163
DQN,55,final,542,3542,0.0776542890071869,2.0,2.0,0.41864725947380066,0.0001455542878829874
DQN,55,final,543,3543,0.10639201283454897,2.0,2.0,0.39388036727905273,0.0001649481346248649
DQN,55,final,544,3544,0.0331915020942688,5.0,4.0,0.852445662021637,0.0001372042970615439
DQN,55,final,545,3545,0.0789938759803772,3.0,2.0,0.5333373546600342,0.00017361175074862936
DQN,55,final,546,3546,0.12897528886795045,2.0,2.0,0.6685379147529602,0.00014656067651230842
DQN,55,final,547,3547,0.09000000000000001,1.0,1.0,0.20442397892475128,0.00012829141633119434
DQN,55,final,548,3548,0.11518867492675783,2.0,2.0,0.3754599690437317,0.00016954127931967378
DQN,55,final,549,3549,0.2743420767784119,2.0,2.0,0.8691892027854919,0.00015393173089250922
DQN,55,final,550,3550,0.10646303176879884,2.0,2.0,0.8050858378410339,0.0001979822409339249
DQN,55,final,551,3551,0.2941394519805908,3.0,3.0,0.9692254066467285,0.00018523567026325813
DQN,55,final,552,3552,0.09000000000000001,1.0,1.0,0.3086669445037842,0.00018627602548804134
DQN,55,final,553,3553,0.06703569173812868,2.0,2.0,0.8282483816146851,0.00016470719128847122
DQN,55,final,554,3554,0.041259663105010995,2.0,2.0,0.7326928377151489,0.00014892040053382516
DQN,55,final,555,3555,0.09347138524055482,3.0,3.0,0.34958770871162415,0.00022342446512387445
DQN,55,final,556,3556,-0.14988442301750182,4.0,3.0,0.48790138959884644,0.00013082516670692712
DQN,55,final,557,3557,0.09000000000000001,1.0,1.0,0.4484436810016632,0.00033146628993563354
DQN,55,final,558,3558,0.09000000000000001,1.0,1.0,0.44637730717658997,0.0002455807407386601
DQN,55,final,559,3559,0.06452970385551454,2.0,2.0,0.41628026962280273,0.0001999183077714406
DQN,55,final,560,3560,0.09000000000000001,1.0,1.0,0.2549172043800354,0.0002647259389050305
DQN,55,final,561,3561,-0.4738573133945465,10.0,3.0,0.40532660484313965,0.0002340665305382572
DQN,55,final,562,3562,0.16844399452209474,2.0,2.0,0.7309252619743347,0.00014010885934112594
DQN,55,final,563,3563,0.35052479028701783,3.0,3.0,0.8910031914710999,0.00025801472171830636
DQN,55,final,564,3564,0.18524702072143556,2.0,2.0,0.8454078435897827,0.0001701134278846439
DQN,55,final,565,3565,-0.05323814630508421,3.0,3.0,0.8198927640914917,0.00020382269091593722
DQN,55,final,566,3566,-0.036364155411720264,4.0,4.0,0.3336256444454193,0.00019172598331351765
DQN,55,final,567,3567,0.09000000000000001,1.0,1.0,0.21302033960819244,0.00015114872076082975
DQN,55,final,568,3568,0.2968468737602234,3.0,3.0,0.7583382725715637,0.00010933264275081456
DQN,55,final,569,3569,0.09000000000000001,1.0,1.0,0.8841426968574524,0.00010116689372807741
DQN,55,final,570,3570,0.2900214958190918,2.0,2.0,0.7174462080001831,0.00017392557128914632
DQN,55,final,571,3571,0.27996899366378786,2.0,2.0,0.7987223863601685,0.00020621041767299175
DQN,55,final,572,3572,0.009422259330749527,2.0,2.0,0.7551555037498474,0.00016406130453106016
DQN,55,final,573,3573,-0.21578581929206847,5.0,3.0,0.46981438994407654,0.0001584224053658545
DQN,55,final,574,3574,0.09000000000000001,1.0,1.0,0.2346567064523697,0.00012168056855443865
DQN,55,final,575,3575,0.20727135419845583,2.0,2.0,0.6484183073043823,0.0001356577340629883
DQN,55,final,576,3576,0.09804821729660035,3.0,3.0,0.6552146077156067,0.0001508591133945932
DQN,55,final,577,3577,0.11105115890502931,2.0,2.0,0.609108030796051,0.0002062050043605268
DQN,55,final,578,3578,0.09230317354202272,2.0,2.0,0.6377466917037964,0.0001814551796996966
DQN,55,final,579,3579,0.013300070762634286,4.0,3.0,1.1002651453018188,0.00016244517973973416
DQN,55,final,580,3580,0.09000000000000001,1.0,1.0,0.7004947066307068,0.00024987387587316334
DQN,55,final,581,3581,0.09000000000000001,1.0,1.0,0.19007040560245514,0.0001863848156062886
DQN,55,final,582,3582,0.1668518352508545,2.0,2.0,0.6437403559684753,0.0002249174431199208
DQN,55,final,583,3583,0.14099227070808412,2.0,2.0,0.3858150839805603,0.0004674136725952849
DQN,55,final,584,3584,0.31090248346328736,3.0,3.0,0.45173144340515137,0.00022667820060936114
DQN,55,final,585,3585,0.09000000000000001,1.0,1.0,0.31834033131599426,0.00012979941675439477
DQN,55,final,586,3586,-0.4172406673431397,10.0,2.0,1.048638939857483,0.00023744013087707573
DQN,55,final,587,3587,0.023634917736053487,3.0,3.0,0.7628542184829712,0.00015695039473939687
DQN,55,final,588,3588,0.15699820399284364,2.0,2.0,0.17041850090026855,0.0002310821582796052
DQN,55,final,589,3589,0.09000000000000001,1.0,1.0,0.12334340065717697,0.00014696738799102604
DQN,55,final,590,3590,0.09000000000000001,1.0,1.0,0.5044831037521362,0.00013155028864275664
DQN,55,final,591,3591,0.09000000000000001,1.0,1.0,0.05693243071436882,0.00018083021859638393
DQN,55,final,592,3592,0.20103527784347536,2.0,2.0,0.546781063079834,0.00017728756210999563
DQN,55,final,593,3593,0.224112765789032,2.0,2.0,0.8431373834609985,0.00011144239761051722
DQN,55,final,594,3594,0.21602012395858766,2.0,2.0,0.7077049612998962,0.0001929149620991666
DQN,55,final,595,3595,0.18706195235252382,2.0,2.0,0.42286476492881775,0.0001017002468870487
DQN,55,final,596,3596,0.09000000000000001,1.0,1.0,0.1535932719707489,0.00013798230793327093
DQN,55,final,597,3597,0.09000000000000001,1.0,1.0,0.2879970669746399,0.00033072862424887717
DQN,55,final,598,3598,0.06661744594573976,2.0,2.0,0.5320746302604675,0.00021331695461412892
DQN,55,final,599,3599,-0.23394031524658204,10.0,4.0,0.7735163569450378,0.00024762742541497575
DQN,55,final,600,3600,0.10681826829910279,4.0,3.0,0.8525886535644531,0.00042759541611303575
DQN,55,final,601,3601,0.09000000000000001,1.0,1.0,0.20479358732700348,0.00021958556317258626
DQN,55,final,602,3602,0.04485656499862672,2.0,2.0,0.5893963575363159,0.00019718999828910455
DQN,55,final,603,3603,0.2235663366317749,8.0,6.0,0.5569426417350769,0.0001827228816182469
DQN,55,final,604,3604,-0.5073931097984314,10.0,2.0,0.6667904257774353,0.00019256179075455293
DQN,55,final,605,3605,0.1592919993400574,2.0,2.0,0.5171995162963867,0.00012783294732798822
DQN,55,final,606,3606,0.08190436840057375,2.0,2.0,0.8439393639564514,0.00019985806284239516
DQN,55,final,607,3607,0.09064780354499818,2.0,2.0,0.24466708302497864,0.00016164733460755087
DQN,55,final,608,3608,-0.048917512893676754,3.0,2.0,1.2821428775787354,0.0001579016970936209
DQN,55,final,609,3609,0.021016902923584005,3.0,3.0,0.7811383008956909,0.0001343907400344809
DQN,55,final,610,3610,0.08253283977508546,2.0,2.0,0.9128497242927551,0.00015761246322654188
DQN,55,final,611,3611,0.05424262762069703,2.0,2.0,0.17590607702732086,8.958507532952353e-05
DQN,55,final,612,3612,0.11940555453300478,2.0,2.0,0.18536992371082306,0.00018613557767821476
DQN,55,final,613,3613,0.29534674406051636,3.0,3.0,0.8254533410072327,0.00017005718351962665
DQN,55,final,614,3614,0.1589233446121216,2.0,2.0,0.47846025228500366,0.0001845732404035516
DQN,55,final,615,3615,0.09513194084167481,3.0,3.0,0.3262738585472107,0.0001533149528161933
DQN,55,final,616,3616,0.24720527410507204,2.0,2.0,0.938327968120575,0.00027606182993622497
DQN,55,final,617,3617,0.053078370094299325,2.0,2.0,0.6261008381843567,0.00018995258869836107
DQN,55,final,618,3618,0.07259125471115113,4.0,3.0,0.6625766754150391,0.00018378838649368845
DQN,55,final,619,3619,0.04554734349250794,3.0,3.0,0.3591110408306122,0.00016795269524057707
DQN,55,final,620,3620,0.23034353733062746,2.0,2.0,0.8577264547348022,0.0001275224167329725
DQN,55,final,621,3621,0.09000000000000001,1.0,1.0,0.7480372190475464,0.0001856708258856088
DQN,55,final,622,3622,0.2622150254249573,3.0,3.0,0.6087404489517212,0.00022636411207107207
DQN,55,final,623,3623,0.189939843416214,2.0,2.0,0.4151059687137604,0.00011080001058871858
DQN,55,final,624,3624,0.18470211505889894,2.0,2.0,0.5248242020606995,0.00016065774980233982
DQN,55,final,625,3625,0.3070877265930176,3.0,3.0,0.9473872184753418,0.0001722077140584588
DQN,55,final,626,3626,-0.16910828948020934,5.0,3.0,0.48071637749671936,0.00014782608632231132
DQN,55,final,627,3627,0.005083866119384772,3.0,3.0,0.6227537393569946,0.0001389803655911237
DQN,55,final,628,3628,0.04835616976022721,2.0,2.0,0.1240529790520668,0.0002451756809023209
DQN,55,final,629,3629,0.2781397271156311,2.0,2.0,0.8471474051475525,0.000167626505572116
DQN,55,final,630,3630,0.09000000000000001,1.0,1.0,0.6164005398750305,0.00012398311810102314
DQN,55,final,631,3631,0.09000000000000001,1.0,1.0,0.41671961545944214,0.00016770060756243765
DQN,55,final,632,3632,0.2700158524513245,2.0,2.0,0.8127320408821106,0.00017751086124917492
DQN,55,final,633,3633,0.280173020362854,2.0,2.0,0.5786885023117065,0.00019841136236209422
DQN,55,final,634,3634,0.1297478747367859,3.0,3.0,0.5689576864242554,0.00019708237474939475
DQN,55,final,635,3635,0.17948778152465822,2.0,2.0,0.6984050869941711,0.00017651884263614193
DQN,55,final,636,3636,0.09000000000000001,1.0,1.0,0.06159086897969246,0.00034063810016959906
DQN,55,final,637,3637,0.20991946935653688,2.0,2.0,0.7470474243164062,9.347915329271927e-05
DQN,55,final,638,3638,0.09000000000000001,1.0,1.0,0.38612130284309387,0.00011820951476693153
DQN,55,final,639,3639,0.07614298343658449,2.0,2.0,0.8196548223495483,0.00014885054406477138
DQN,55,final,640,3640,0.18279184579849245,2.0,2.0,0.9599342942237854,0.00046200089127523825
DQN,55,final,641,3641,0.25786270380020143,2.0,2.0,0.46906447410583496,0.0002700894037843682
DQN,55,final,642,3642,0.09000000000000001,1.0,1.0,0.12398956716060638,0.000336687546223402
DQN,55,final,643,3643,0.1992881464958191,2.0,2.0,0.554523766040802,0.00021503875905182213
DQN,55,final,644,3644,0.2638002109527588,3.0,3.0,0.545768141746521,0.00017675395065452904
DQN,55,final,645,3645,0.054636659026145944,2.0,2.0,0.2714349329471588,0.00012442839215509593
DQN,55,final,646,3646,0.2511104512214661,2.0,2.0,0.8600334525108337,0.00021220172493485734
DQN,55,final,647,3647,0.09000000000000001,1.0,1.0,0.84300297498703,0.0001489608403062448
DQN,55,final,648,3648,0.15911726832389833,2.0,2.0,0.2753128409385681,0.0002036229707300663
DQN,55,final,649,3649,0.14368695735931397,3.0,3.0,0.5220784544944763,0.0002086519574125608
DQN,55,final,650,3650,-0.34218829870224,10.0,3.0,0.8741948008537292,0.00019806908603641203
DQN,55,final,651,3651,0.09000000000000001,1.0,1.0,0.49071070551872253,0.00013330855290405452
DQN,55,final,652,3652,0.08476622581481935,2.0,2.0,0.6658895611763,0.0002474769571563229
DQN,55,final,653,3653,0.16907908201217653,2.0,2.0,0.606024444103241,0.00020875401241937652
DQN,55,final,654,3654,0.09000000000000001,1.0,1.0,0.24753853678703308,0.0002652504772413522
DQN,55,final,655,3655,0.09000000000000001,1.0,1.0,0.7141972780227661,0.0003472768294159323
DQN,55,final,656,3656,0.09000000000000001,1.0,1.0,0.23414282500743866,0.0001594877685420215
DQN,55,final,657,3657,0.007067056298255936,2.0,2.0,0.22460579872131348,0.00018913868552772328
DQN,55,final,658,3658,0.09000000000000001,1.0,1.0,0.26162204146385193,0.00019810741650871933
DQN,55,final,659,3659,0.2911007571220398,2.0,2.0,0.6481752395629883,0.00019247306045144796
DQN,55,final,660,3660,0.09000000000000001,1.0,1.0,0.18862517178058624,0.00016260491975117475
DQN,55,final,661,3661,0.09000000000000001,1.0,1.0,0.16658993065357208,0.00011755544983316213
DQN,55,final,662,3662,0.19649495363235475,2.0,2.0,0.8715694546699524,0.00020247486827429384
DQN,55,final,663,3663,0.197001633644104,4.0,4.0,0.8204969167709351,0.00014943452333682217
DQN,55,final,664,3664,0.23092390775680544,2.0,2.0,0.5150063037872314,0.00014702758198836818
DQN,55,final,665,3665,0.2213317918777466,2.0,2.0,0.3245076537132263,0.00022199415980139747
DQN,55,final,666,3666,0.31587274551391603,2.0,2.0,0.7122513055801392,0.0004077692501596175
DQN,55,final,667,3667,-0.026061050891876214,3.0,3.0,0.4509151875972748,0.00019269810096981624
DQN,55,final,668,3668,0.11094232082366945,2.0,2.0,0.5948072671890259,0.00021540903253480792
DQN,55,final,669,3669,-0.049785604476928716,4.0,3.0,0.6142144799232483,0.0001863473080447875
DQN,55,final,670,3670,0.18772024631500245,3.0,3.0,0.554526686668396,0.00015711355081293732
DQN,55,final,671,3671,0.09000000000000001,1.0,1.0,0.6938010454177856,0.00026570860063657165
DQN,55,final,672,3672,0.09000000000000001,1.0,1.0,0.4401187002658844,0.00029047264251857996
DQN,55,final,673,3673,0.09000000000000001,1.0,1.0,0.5405816435813904,0.0001745268818922341
DQN,55,final,674,3674,0.22501637220382692,2.0,2.0,0.6993595957756042,0.00024409324396401644
DQN,55,final,675,3675,0.1467686462402344,2.0,2.0,0.6004217267036438,0.00026608190091792494
DQN,55,final,676,3676,0.29850072383880616,3.0,3.0,0.8278360366821289,0.0001731028266173477
DQN,55,final,677,3677,0.10834630012512209,2.0,2.0,0.8342000246047974,0.0005165668990230188
DQN,55,final,678,3678,0.262186176776886,3.0,3.0,0.4059907793998718,0.00016357077887126556
DQN,55,final,679,3679,0.3266390037536621,3.0,3.0,0.6631989479064941,0.00015185127995209768
DQN,55,final,680,3680,0.16155250549316408,2.0,2.0,1.0313082933425903,0.00014723664935445413
DQN,55,final,681,3681,0.09000000000000001,1.0,1.0,0.20920757949352264,0.0001454992452636361
DQN,55,final,682,3682,0.05190474510192872,3.0,3.0,0.7685590982437134,0.0002633765446565424
DQN,55,final,683,3683,0.29062594652175905,2.0,2.0,0.9796178936958313,0.000194425621884875
DQN,55,final,684,3684,0.1567878293991089,2.0,2.0,0.510768473148346,0.0002610336596262641
DQN,55,final,685,3685,0.030369507074356088,2.0,2.0,0.3094783425331116,0.00022132033336674795
DQN,55,final,686,3686,-0.08756027460098266,4.0,2.0,0.7283748984336853,0.00018950417506857775
DQN,55,final,687,3687,0.30034871578216554,2.0,2.0,1.0633827447891235,0.00029024554532952607
DQN,55,final,688,3688,0.15292509078979494,2.0,2.0,0.6780538558959961,0.00018975588318426162
DQN,55,final,689,3689,0.09000000000000001,1.0,1.0,0.5354593396186829,0.00016626360593363643
DQN,55,final,690,3690,0.09000000000000001,1.0,1.0,0.17604388296604156,0.00017028552247211337
DQN,55,final,691,3691,0.09282392442226411,2.0,2.0,0.1626446545124054,0.0003533199633238837
DQN,55,final,692,3692,-0.3717569351196289,10.0,5.0,0.5145033597946167,0.00016406886134063826
DQN,55,final,693,3693,0.09000000000000001,1.0,1.0,0.20670931041240692,0.00019301306747365743
DQN,55,final,694,3694,-0.10498013973236082,8.0,2.0,0.7581332921981812,0.00020090507496206556
DQN,55,final,695,3695,0.08863834261894227,3.0,3.0,0.49555835127830505,0.00013779033906757832
DQN,55,final,696,3696,0.235559321641922,3.0,3.0,0.36303213238716125,0.00015901469062858573
DQN,55,final,697,3697,0.40901358604431154,2.0,2.0,0.7157775163650513,0.00012753999180858955
DQN,55,final,698,3698,0.09000000000000001,1.0,1.0,1.1797863245010376,0.00010762021702248603
DQN,55,final,699,3699,0.0793688464164734,2.0,2.0,0.7029842734336853,0.00022725287999492139
DQN,55,final,700,3700,0.11411623835563661,2.0,2.0,0.4844612181186676,0.00016451556439278647
DQN,55,final,701,3701,0.046502726078033456,2.0,2.0,0.737877368927002,0.00014405397087102756
DQN,55,final,702,3702,0.1221845316886902,2.0,2.0,0.6129175424575806,0.0002310714335180819
DQN,55,final,703,3703,0.2157564926147461,2.0,2.0,0.7110062837600708,0.0001917322661029175
DQN,55,final,704,3704,0.3015860986709595,3.0,3.0,0.9078351259231567,0.00022034832606247315
DQN,55,final,705,3705,0.2466507124900818,2.0,2.0,0.8514840006828308,0.0003583633661037311
DQN,55,final,706,3706,0.040904330015182504,2.0,2.0,0.41225236654281616,0.00022796630946686491
DQN,55,final,707,3707,0.09000000000000001,1.0,1.0,0.8796578049659729,0.0002652467228472233
DQN,55,final,708,3708,0.11579795360565187,2.0,2.0,0.5673527121543884,0.0002453140914440155
DQN,55,final,709,3709,0.02089770317077637,7.0,3.0,0.5666008591651917,0.00022104551732939268
DQN,55,final,710,3710,0.057647870779037484,2.0,2.0,0.14284566044807434,0.00016559826326556504
DQN,55,final,711,3711,0.2572398948669434,2.0,2.0,0.4083849787712097,0.00025505836674710736
DQN,55,final,712,3712,0.09000000000000001,1.0,1.0,0.7210630774497986,0.00018017078400589526
DQN,55,final,713,3713,0.16368027210235597,2.0,2.0,0.8429387211799622,0.0003284262929810211
DQN,55,final,714,3714,0.13469685792922975,2.0,2.0,0.9253811836242676,0.00013879136531613767
DQN,55,final,715,3715,0.09000000000000001,1.0,1.0,0.8413406610488892,0.00017833190213423222
DQN,55,final,716,3716,0.38128430366516114,3.0,3.0,1.3670461177825928,0.0001687462063273415
DQN,55,final,717,3717,0.09000000000000001,1.0,1.0,0.7720614671707153,0.00015548145165666938
DQN,55,final,718,3718,0.07769544601440431,2.0,2.0,0.8455424904823303,0.00019532765509211458
DQN,55,final,719,3719,0.07023001670837403,4.0,3.0,0.555641770362854,0.0001900821371236816
DQN,55,final,720,3720,0.09510225772857668,3.0,3.0,0.8829941153526306,0.00025094463004885864
DQN,55,final,721,3721,0.09000000000000001,1.0,1.0,0.254900187253952,0.00020939167006872594
DQN,55,final,722,3722,0.09000000000000001,1.0,1.0,0.1780223548412323,0.000295246543828398
DQN,55,final,723,3723,0.27850878953933716,3.0,3.0,0.8669264912605286,0.00024482498702127486
DQN,55,final,724,3724,0.05576222896575928,4.0,4.0,0.3249150812625885,0.00031215303170029074
DQN,55,final,725,3725,-0.2918155193328858,10.0,3.0,1.085051417350769,0.00022877656301716341
DQN,55,final,726,3726,0.21320045709609986,3.0,3.0,0.8441600799560547,0.00016893168988948068
DQN,55,final,727,3727,0.09000000000000001,1.0,1.0,0.11991836875677109,0.000745970755815506
DQN,55,final,728,3728,0.0892740297317505,7.0,6.0,0.8023822903633118,0.00032227478472382894
DQN,55,final,729,3729,0.19526506423950196,4.0,3.0,0.6066604852676392,0.00023126433370634913
DQN,55,final,730,3730,0.09511930465698243,3.0,3.0,0.8100467324256897,0.00024671767217417556
DQN,55,final,731,3731,0.13144905090332032,3.0,3.0,1.053234338760376,0.0003121157836479445
DQN,55,final,732,3732,0.09000000000000001,1.0,1.0,0.46687379479408264,0.0002726168604567647
DQN,55,final,733,3733,-0.06574630022048948,3.0,3.0,0.8465179800987244,0.0002027152392353552
DQN,55,final,734,3734,-0.29979133605957037,10.0,3.0,1.0988646745681763,0.00031136772595345973
DQN,55,final,735,3735,0.3683485460281372,3.0,3.0,1.0826244354248047,0.0003157210206457724
DQN,55,final,736,3736,0.11438925743103029,2.0,2.0,1.1193400621414185,0.00025422208273084834
DQN,55,final,737,3737,0.11603309392929079,2.0,2.0,0.26780810952186584,0.0002213548868894577
DQN,55,final,738,3738,0.13145150423049928,2.0,2.0,0.3405076861381531,0.0001845614897320047
DQN,55,final,739,3739,0.14492406129837038,2.0,2.0,0.332289457321167,0.00018836974777514115
DQN,55,final,740,3740,0.08251140236854554,3.0,3.0,0.10864881426095963,0.000333717733155936
DQN,55,final,741,3741,0.10676519751548769,2.0,2.0,0.429503858089447,0.00035266684426460415
DQN,55,final,742,3742,0.18195916891098024,2.0,2.0,0.40415382385253906,0.00029827649268554524
DQN,55,final,743,3743,0.07329674243927004,2.0,2.0,0.49240413308143616,0.00023407285334542394
DQN,55,final,744,3744,0.09000000000000001,1.0,1.0,0.6999861001968384,0.00035263015888631344
DQN,55,final,745,3745,0.09000000000000001,1.0,1.0,0.1840832233428955,0.00021258206106722355
DQN,55,final,746,3746,0.287786967754364,3.0,3.0,0.7933935523033142,0.0002065545462149506
DQN,55,final,747,3747,0.14753534317016603,3.0,2.0,0.6452106237411499,0.0002685463356707866
DQN,55,final,748,3748,0.19736546993255616,3.0,3.0,0.5345394611358643,0.00035425261497342336
DQN,55,final,749,3749,0.09000000000000001,1.0,1.0,0.3297533392906189,0.0003314524656161666
DQN,55,final,750,3750,0.09000000000000001,1.0,1.0,0.29019662737846375,0.0005584412720054388
DQN,55,final,751,3751,-0.18243622303009033,7.0,4.0,0.7439120411872864,0.0002824563676508011
DQN,55,final,752,3752,0.09000000000000001,1.0,1.0,0.4479905664920807,0.0002147394698113203
DQN,55,final,753,3753,0.19135268688201906,4.0,2.0,0.5636746883392334,0.0001644125186430756
DQN,55,final,754,3754,0.15053094387054444,4.0,3.0,0.46936845779418945,0.00022599971271120012
DQN,55,final,755,3755,0.09999324560165407,2.0,2.0,0.5515925288200378,0.0002844520058715716
DQN,55,final,756,3756,0.09000000000000001,1.0,1.0,0.3898753225803375,0.00040903061744756997
DQN,55,final,757,3757,-0.009945206642150858,3.0,3.0,0.6246535181999207,0.0001723918176139705
DQN,55,final,758,3758,0.015192158222198507,3.0,3.0,0.5320154428482056,0.000190057607445245
DQN,55,final,759,3759,-0.10732577025890348,3.0,3.0,0.33445248007774353,0.0002751965172744046
DQN,55,final,760,3760,0.09000000000000001,1.0,1.0,0.08489926904439926,0.0001582988043082878
DQN,55,final,761,3761,0.14290584802627565,2.0,2.0,0.7526983618736267,0.00019113028974970803
DQN,55,final,762,3762,0.09000000000000001,1.0,1.0,0.5550483465194702,0.00013105737161822617
DQN,55,final,763,3763,0.25956899642944337,3.0,3.0,0.5003892183303833,0.00018664586241357028
DQN,55,final,764,3764,0.09000000000000001,1.0,1.0,0.101127490401268,0.00024350685998797417
DQN,55,final,765,3765,0.16433424472808839,3.0,3.0,0.3556130528450012,0.0002562162359633173
DQN,55,final,766,3766,0.08029379129409792,2.0,2.0,0.6174691915512085,0.00015797379455761984
DQN,55,final,767,3767,0.19436378955841066,2.0,2.0,0.6104561686515808,0.00017893007316160947
DQN,55,final,768,3768,0.23346246957778932,2.0,2.0,0.5378361344337463,0.0002779987917165272
DQN,55,final,769,3769,0.0856184458732605,4.0,3.0,0.8688763380050659,0.00021016709069954231
DQN,55,final,770,3770,0.1831717658042908,2.0,2.0,0.5942555665969849,0.0001910107021103613
DQN,55,final,771,3771,0.12125027894973756,3.0,3.0,0.7468301653862,0.00017159814888145775
DQN,55,final,772,3772,0.09000000000000001,1.0,1.0,0.15740248560905457,0.0002091316709993407
DQN,55,final,773,3773,0.05479015111923219,5.0,3.0,0.9182702898979187,0.0002271165227284655
DQN,55,final,774,3774,0.1473128366470337,2.0,2.0,0.34012195467948914,0.00015521467139478773
DQN,55,final,775,3775,0.20222244620323182,4.0,3.0,0.3828941285610199,0.0003520963146002032
DQN,55,final,776,3776,0.2337486219406128,3.0,3.0,0.7102012038230896,0.00039380428885730606
DQN,55,final,777,3777,0.027797092199325565,3.0,2.0,0.2386048287153244,0.00015276576838611314
DQN,55,final,778,3778,0.19587589025497437,3.0,3.0,0.6420912146568298,0.00015634404796098048
DQN,55,final,779,3779,0.09000000000000001,1.0,1.0,0.37272992730140686,0.00017571182979736477
DQN,55,final,780,3780,0.1181453037261963,2.0,2.0,0.5902583003044128,0.00021392128110164776
DQN,55,final,781,3781,0.3539552164077759,3.0,3.0,0.5048565864562988,0.00019973436428699642
DQN,55,final,782,3782,0.14612862646579744,2.0,2.0,0.18185850977897644,0.00013468138422467746
DQN,55,final,783,3783,0.09000000000000001,1.0,1.0,0.17805252969264984,0.00014965867740102112
DQN,55,final,784,3784,0.20874447345733643,3.0,3.0,0.5555413961410522,0.00022331508807837963
DQN,55,final,785,3785,0.07804794788360597,2.0,2.0,0.3544400632381439,0.00019251933554187417
DQN,55,final,786,3786,0.31103885889053345,3.0,3.0,0.8285892605781555,0.0001539788111889114
DQN,55,final,787,3787,0.17011453390121462,2.0,2.0,0.7220010757446289,0.00013876389130018651
DQN,55,final,788,3788,0.22524185657501222,2.0,2.0,0.860977292060852,0.00018284249381395057
DQN,55,final,789,3789,-0.23315319538116452,7.0,2.0,0.4567389190196991,0.00015022542044919516
DQN,55,final,790,3790,0.19059879302978516,3.0,3.0,0.5841174721717834,0.00020189893257338554
DQN,55,final,791,3791,0.25249113321304323,2.0,2.0,0.7085939049720764,0.00019916727615054697
DQN,55,final,792,3792,0.0003230762481689492,3.0,2.0,0.5327531099319458,0.00018459633671833822
DQN,55,final,793,3793,0.09000000000000001,1.0,1.0,0.24022223055362701,0.00011500308755785227
DQN,55,final,794,3794,0.09000000000000001,1.0,1.0,0.39455270767211914,0.00035443087108433247
DQN,55,final,795,3795,0.09000000000000001,1.0,1.0,1.2438298463821411,0.00013811727694701403
DQN,55,final,796,3796,0.09000000000000001,1.0,1.0,0.20487917959690094,0.0001448080874979496
DQN,55,final,797,3797,0.09000000000000001,1.0,1.0,0.36523833870887756,0.00038820417830720544
DQN,55,final,798,3798,0.1622248959541321,3.0,3.0,0.45853573083877563,0.00019285712429943183
DQN,55,final,799,3799,0.09000000000000001,1.0,1.0,0.13580851256847382,0.00020350191334728152
DQN,55,final,800,3800,0.145478732585907,3.0,3.0,0.6646707653999329,0.00017461649016089117
DQN,55,final,801,3801,0.09000000000000001,1.0,1.0,0.22768238186836243,0.00017450784798711538
DQN,55,final,802,3802,0.1422174644470215,3.0,3.0,0.8813988566398621,0.00017965297350504747
DQN,55,final,803,3803,0.09000000000000001,1.0,1.0,0.18996906280517578,0.00021936206030659378
DQN,55,final,804,3804,0.391363160610199,2.0,2.0,0.6603399515151978,0.00014621418085880578
DQN,55,final,805,3805,0.09000000000000001,1.0,1.0,0.13475200533866882,0.00010335620754631236
DQN,55,final,806,3806,0.1079008448123932,2.0,2.0,0.12432162463665009,0.00023809850245015696
DQN,55,final,807,3807,0.3661667275428772,2.0,2.0,0.8439289927482605,0.0002446910657454282
DQN,55,final,808,3808,-0.03618269443511961,3.0,3.0,0.6761347651481628,0.00020185805139287064
DQN,55,final,809,3809,0.0882347095012665,2.0,2.0,0.15950851142406464,0.00017336098244413733
DQN,55,final,810,3810,0.04028524637222291,2.0,2.0,0.47721195220947266,0.0002027942900895141
DQN,55,final,811,3811,-0.15906500816345218,10.0,3.0,1.1508827209472656,0.00016445091969217174
DQN,55,final,812,3812,0.09000000000000001,1.0,1.0,0.4928126931190491,0.00016453216085210443
DQN,55,final,813,3813,0.17813724994659424,3.0,3.0,0.6495584845542908,0.00015920557780191302
DQN,55,final,814,3814,0.13725044012069704,2.0,2.0,0.7837029099464417,0.00016452119234600104
DQN,55,final,815,3815,0.16458912372589113,2.0,2.0,0.7754465937614441,0.00021833187201991677
DQN,55,final,816,3816,0.07538432061672212,2.0,2.0,0.1694040596485138,0.0002733543478825595
DQN,55,final,817,3817,0.11818070888519289,2.0,2.0,0.6597939729690552,0.00020274276903364807
DQN,55,final,818,3818,0.09000000000000001,1.0,1.0,0.12554916739463806,0.00010792730608955026
DQN,55,final,819,3819,0.15459247112274171,2.0,2.0,0.775921642780304,0.00021196443412918597
DQN,55,final,820,3820,0.10207624912261964,2.0,2.0,0.8153246641159058,0.00017731183470459655
DQN,55,final,821,3821,0.09000000000000001,1.0,1.0,0.29737159609794617,9.442253940505907e-05
DQN,55,final,822,3822,-0.045527262687683104,2.0,2.0,0.7467831373214722,0.00012224157035234384
DQN,55,final,823,3823,0.191066073179245,2.0,2.0,0.4269854724407196,0.00018483128224033862
DQN,55,final,824,3824,0.10284908294677736,2.0,2.0,0.377441942691803,0.00019395727576920763
DQN,55,final,825,3825,0.09000000000000001,1.0,1.0,0.3432784378528595,0.00019577117927838117
DQN,55,final,826,3826,0.09000000000000001,1.0,1.0,0.6093119382858276,0.00012797286035493016
DQN,55,final,827,3827,0.09000000000000001,1.0,1.0,0.6457380652427673,0.00029332772828638554
DQN,55,final,828,3828,0.09000000000000001,1.0,1.0,0.15807843208312988,0.0002826972340699285
DQN,55,final,829,3829,0.1260721755027771,3.0,3.0,0.5961213707923889,0.00019167925590105975
DQN,55,final,830,3830,0.22059739351272584,3.0,3.0,0.9488539099693298,0.0001705571679243197
DQN,55,final,831,3831,0.09000000000000001,1.0,1.0,0.37051597237586975,0.00012408940528985113
DQN,55,final,832,3832,0.09000000000000001,1.0,1.0,0.25961533188819885,0.0001765706401783973
DQN,55,final,833,3833,0.09000000000000001,1.0,1.0,0.9124457240104675,0.0002212805557064712
DQN,55,final,834,3834,0.09000000000000001,1.0,1.0,0.3717123866081238,0.00019911941490136087
DQN,55,final,835,3835,0.09000000000000001,1.0,1.0,0.300702840089798,0.00035537502844817936
DQN,55,final,836,3836,-0.5755345106124878,10.0,2.0,0.841200053691864,0.00020083033086848445
DQN,55,final,837,3837,0.11911662101745607,2.0,2.0,0.8678261637687683,0.00015533678379142657
DQN,55,final,838,3838,0.09000000000000001,1.0,1.0,0.9572619199752808,0.0002448317827656865
DQN,55,final,839,3839,-0.02678858041763306,5.0,3.0,0.867715060710907,0.00015928562206681817
DQN,55,final,840,3840,0.12093903303146364,2.0,2.0,0.44743162393569946,0.0001643650684854947
DQN,55,final,841,3841,0.18568666458129884,2.0,2.0,0.5796273350715637,0.00013949839194538072
DQN,55,final,842,3842,0.2566045594215393,3.0,3.0,0.7104664444923401,0.00018554526225974163
DQN,55,final,843,3843,0.19432439088821413,2.0,2.0,0.9852026104927063,0.0002299074112670496
DQN,55,final,844,3844,0.13981509923934937,3.0,3.0,0.6749485731124878,0.0002984551974805072
DQN,55,final,845,3845,-0.38472621440887456,10.0,2.0,0.7235415577888489,0.00020897948488709516
DQN,55,final,846,3846,0.09000000000000001,1.0,1.0,0.1829415112733841,0.0001572223409311846
DQN,55,final,847,3847,0.11304225206375124,2.0,2.0,0.5123941898345947,0.00028841230960097164
DQN,55,final,848,3848,0.09000000000000001,1.0,1.0,0.16202828288078308,7.843363709980622e-05
DQN,55,final,849,3849,0.09000000000000001,1.0,1.0,0.21655568480491638,0.00021612785349134356
DQN,55,final,850,3850,0.15355386018753053,2.0,2.0,0.8751394152641296,0.00017255175771424547
DQN,55,final,851,3851,-0.4663885831832886,10.0,3.0,0.5498170852661133,0.00015973713889252394
DQN,55,final,852,3852,0.1472232508659363,2.0,2.0,0.8464844822883606,0.00021358669255278073
DQN,55,final,853,3853,0.25755942583084107,3.0,3.0,0.7442285418510437,0.0001310005051588329
DQN,55,final,854,3854,0.11075717926025391,3.0,3.0,0.8313601613044739,0.00019196442978379005
DQN,55,final,855,3855,0.0676733422279358,2.0,2.0,0.3132385313510895,0.00012554421846289188
DQN,55,final,856,3856,0.08482976436614992,2.0,2.0,0.9782477021217346,0.00018163104687118903
DQN,55,final,857,3857,-0.09261022090911868,8.0,3.0,0.30814415216445923,0.00027060401771450415
DQN,55,final,858,3858,0.031493650674819955,2.0,2.0,0.32478779554367065,0.00018703105160966516
DQN,55,final,859,3859,0.46731086254119875,2.0,2.0,0.6371966600418091,0.00016048582619987428
DQN,55,final,860,3860,0.1657188105583191,2.0,2.0,0.6483958959579468,0.00016540898650418967
DQN,55,final,861,3861,0.15752841711044313,2.0,2.0,0.4443853497505188,0.0002570019059930928
DQN,55,final,862,3862,0.12732177734375,4.0,4.0,0.6119100451469421,0.00034710520048975013
DQN,55,final,863,3863,0.16712184429168703,2.0,2.0,0.8783427476882935,0.00012710097144008614
DQN,55,final,864,3864,0.13323432922363282,3.0,3.0,0.6085706949234009,0.00012859230870769048
DQN,55,final,865,3865,-0.004689721465110763,2.0,2.0,0.31804853677749634,0.000218958048208151
DQN,55,final,866,3866,0.07206805229187013,2.0,2.0,1.0344830751419067,0.00018213798466604203
DQN,55,final,867,3867,0.09000000000000001,1.0,1.0,0.5024417042732239,0.0006537183071486652
DQN,55,final,868,3868,0.06272547245025636,5.0,5.0,0.9749892354011536,0.00019641409307951107
DQN,55,final,869,3869,0.09000000000000001,1.0,1.0,0.29414674639701843,0.00026430864818394184
DQN,55,final,870,3870,0.021534429788589493,2.0,2.0,0.5566350817680359,0.0001988172734854743
DQN,55,final,871,3871,0.09000000000000001,1.0,1.0,0.6402168273925781,0.0001267266779905185
DQN,55,final,872,3872,0.09000000000000001,1.0,1.0,0.5710232257843018,0.00017990593914873898
DQN,55,final,873,3873,0.20419175148010255,3.0,3.0,0.8690682649612427,0.00021015881308509657
DQN,55,final,874,3874,0.12021453857421877,2.0,2.0,0.5052536129951477,6.586955714737996e-05
DQN,55,final,875,3875,0.19627835035324098,2.0,2.0,0.5915477871894836,0.00034490926191210747
DQN,55,final,876,3876,0.14348615884780885,2.0,2.0,0.31839868426322937,0.00017441180534660816
DQN,55,final,877,3877,0.06656336784362793,5.0,4.0,0.8881024718284607,0.0001594502740772441
DQN,55,final,878,3878,0.19811339855194093,2.0,2.0,0.6236981749534607,0.00014948833995731547
DQN,55,final,879,3879,0.09000000000000001,1.0,1.0,1.0921375751495361,0.00017472411855123937
DQN,55,final,880,3880,0.13817580223083498,2.0,2.0,0.33614951372146606,0.00016858125309227034
DQN,55,final,881,3881,0.14064677238464357,2.0,2.0,0.6718314290046692,0.00016119943757075816
DQN,55,final,882,3882,0.16658458828926087,3.0,3.0,0.4487389028072357,0.00029784444874773425
DQN,55,final,883,3883,-0.2126659154891968,10.0,3.0,1.135929822921753,0.00021606937516480685
DQN,55,final,884,3884,0.09000000000000001,1.0,1.0,0.23736178874969482,9.72946872934699e-05
DQN,55,final,885,3885,0.089575834274292,3.0,3.0,0.7643988728523254,0.0005690685211447999
DQN,55,final,886,3886,0.20517338037490845,3.0,3.0,0.9445831179618835,0.00033059581376922625
DQN,55,final,887,3887,0.09000000000000001,1.0,1.0,1.0278494358062744,0.00024767350987531245
DQN,55,final,888,3888,0.29718025207519533,2.0,2.0,1.0125658512115479,0.00025864790222840384
DQN,55,final,889,3889,0.15800817489624025,2.0,2.0,1.0283658504486084,0.00041720330773387104
DQN,55,final,890,3890,0.09396629750728608,3.0,3.0,0.13813501596450806,0.00036151454454132664
DQN,55,final,891,3891,0.1857069206237793,3.0,3.0,0.7762750387191772,0.00019096275112436464
DQN,55,final,892,3892,-0.3930270183086395,8.0,3.0,0.41742944717407227,0.00019443884866632288
DQN,55,final,893,3893,0.07629473686218263,2.0,2.0,0.90603107213974,0.00030692732980242
DQN,55,final,894,3894,-0.4492917060852051,10.0,3.0,0.8619027733802795,0.0002120470024237875
DQN,55,final,895,3895,0.18018473386764527,5.0,3.0,0.8994244933128357,0.00021691547881346195
DQN,55,final,896,3896,0.09000000000000001,1.0,1.0,0.28012195229530334,0.00029318025917746127
DQN,55,final,897,3897,0.09000000000000001,1.0,1.0,0.2065954953432083,0.00013717288675252348
DQN,55,final,898,3898,0.09000000000000001,1.0,1.0,0.12602944672107697,0.00010582389222690836
DQN,55,final,899,3899,0.1091649103164673,2.0,2.0,1.024547815322876,0.00028513216238934547
DQN,55,final,900,3900,0.017095746397972122,2.0,2.0,0.18420393764972687,0.0002701275807339698
DQN,55,final,901,3901,0.07093871355056763,3.0,3.0,0.9958428144454956,0.00016408675098015615
DQN,55,final,902,3902,0.09000000000000001,1.0,1.0,0.43732309341430664,0.00013372936518862844
DQN,55,final,903,3903,0.09000000000000001,1.0,1.0,0.9871530532836914,0.00011613509559538215
DQN,55,final,904,3904,0.09000000000000001,1.0,1.0,0.6969861388206482,0.00010171520989388227
DQN,55,final,905,3905,0.16714982867240907,2.0,2.0,0.41399332880973816,0.00022132481535663828
DQN,55,final,906,3906,0.16843207359313966,2.0,2.0,0.4612310528755188,9.858339399215765e-05
DQN,55,final,907,3907,0.09000000000000001,1.0,1.0,0.08908887952566147,7.678936526644975e-05
DQN,55,final,908,3908,0.09000000000000001,1.0,1.0,0.502921462059021,6.49160792818293e-05
DQN,55,final,909,3909,0.09000000000000001,1.0,1.0,0.37757283449172974,0.0001533008908154443
DQN,55,final,910,3910,0.24893801093101503,2.0,2.0,0.44789502024650574,0.00019647560111479834
DQN,55,final,911,3911,0.09000000000000001,1.0,1.0,0.20729747414588928,0.00017755139560904354
DQN,55,final,912,3912,0.07002432823181154,2.0,2.0,0.21649214625358582,0.00017137383110821247
DQN,55,final,913,3913,0.09000000000000001,1.0,1.0,0.45536327362060547,0.00011098897812189534
DQN,55,final,914,3914,0.11237527608871462,2.0,2.0,0.5903019905090332,0.00013096518159727566
DQN,55,final,915,3915,0.09000000000000001,1.0,1.0,0.1420869678258896,0.0001784583873813972
DQN,55,final,916,3916,-0.07898756146430967,3.0,3.0,0.6000596880912781,0.00021707096796793243
DQN,55,final,917,3917,0.13315887928009035,2.0,2.0,0.8707625269889832,9.686250632512383e-05
DQN,55,final,918,3918,0.1781893986463547,2.0,2.0,0.14934055507183075,0.00011820259169326164
DQN,55,final,919,3919,0.19821191549301148,3.0,3.0,0.8547749519348145,0.00015762409748276696
DQN,55,final,920,3920,-0.09545176506042478,3.0,3.0,0.7974134087562561,0.00020926753253055116
DQN,55,final,921,3921,0.07598264694213869,2.0,2.0,0.4907914698123932,0.00016051709826570004
DQN,55,final,922,3922,0.09000000000000001,1.0,1.0,0.28144752979278564,8.082793647190556e-05
DQN,55,final,923,3923,0.13380313634872437,3.0,3.0,0.9649326205253601,0.0002051413709220166
DQN,55,final,924,3924,0.09000000000000001,1.0,1.0,0.8889073729515076,0.00022294226801022887
DQN,55,final,925,3925,0.1986741888523102,2.0,2.0,0.37846875190734863,0.00013908649270888418
DQN,55,final,926,3926,0.09000000000000001,1.0,1.0,0.46262097358703613,0.00012254732428118587
DQN,55,final,927,3927,0.05856375575065614,2.0,2.0,0.13004063069820404,0.00015681602963013574
DQN,55,final,928,3928,-0.4470571607351303,10.0,2.0,0.23611204326152802,0.00016654876671964302
DQN,55,final,929,3929,0.08469668745994569,3.0,3.0,0.45134639739990234,0.00019673333008540794
DQN,55,final,930,3930,0.20604010105133058,2.0,2.0,0.8269447684288025,0.0001628561076358892
DQN,55,final,931,3931,0.09000000000000001,1.0,1.0,0.5589030981063843,0.0001987993746297434
DQN,55,final,932,3932,0.09000000000000001,1.0,1.0,0.28768807649612427,8.634904224891216e-05
DQN,55,final,933,3933,0.09000000000000001,1.0,1.0,0.2818397283554077,0.0003161395143251866
DQN,55,final,934,3934,0.06351362347602846,2.0,2.0,0.5138911008834839,0.00018466405890649185
DQN,55,final,935,3935,0.0009329390525818076,3.0,3.0,0.6221199035644531,0.0001396696194812345
DQN,55,final,936,3936,0.09000000000000001,1.0,1.0,0.693265438079834,0.0002837240172084421
DQN,55,final,937,3937,0.09000000000000001,1.0,1.0,0.24478371441364288,0.00021082826424390078
DQN,55,final,938,3938,0.17724777936935426,2.0,2.0,0.25428396463394165,0.00015360245743067935
DQN,55,final,939,3939,0.10339936792850496,2.0,2.0,0.12591062486171722,0.0002552951336838305
DQN,55,final,940,3940,0.13609130859375002,2.0,2.0,0.6562228202819824,0.00017935589858097956
DQN,55,final,941,3941,0.12289203882217409,2.0,2.0,0.5703452825546265,0.00012706628331216052
DQN,55,final,942,3942,0.09000000000000001,1.0,1.0,0.5569491386413574,0.00021664756059180945
DQN,55,final,943,3943,0.09000000000000001,1.0,1.0,0.3744050860404968,9.046045306604356e-05
DQN,55,final,944,3944,0.265993492603302,2.0,2.0,0.5230684876441956,0.0001904513337649405
DQN,55,final,945,3945,0.09000000000000001,1.0,1.0,0.16462941467761993,8.476334187434986e-05
DQN,55,final,946,3946,0.035402724742889406,4.0,3.0,0.693389892578125,0.00013636352741741575
DQN,55,final,947,3947,0.1238737177848816,3.0,3.0,0.9127607345581055,0.00015429976823118827
DQN,55,final,948,3948,0.07147629737854005,2.0,2.0,0.5220402479171753,0.00011608856948441826
DQN,55,final,949,3949,0.1986996102333069,2.0,2.0,0.9536605477333069,0.00014232289686333388
DQN,55,final,950,3950,0.057157791852951056,3.0,3.0,0.4805954098701477,0.0002971733944529357
DQN,55,final,951,3951,0.09000000000000001,1.0,1.0,0.41782552003860474,0.0002052111376542598
DQN,55,final,952,3952,0.09000000000000001,1.0,1.0,0.10665202140808105,0.0001470317947678268
DQN,55,final,953,3953,0.09000000000000001,1.0,1.0,0.4309811592102051,0.0002572794910520315
DQN,55,final,954,3954,0.2809462022781372,3.0,3.0,1.0377085208892822,0.00027652755670715123
DQN,55,final,955,3955,0.23847795248031617,3.0,3.0,0.6345188021659851,0.00033101877973725397
DQN,55,final,956,3956,0.17044498205184938,2.0,2.0,0.6672507524490356,0.0002535138337407261
DQN,55,final,957,3957,-0.06989827036857606,3.0,3.0,0.3926943242549896,0.00019159999889476845
DQN,55,final,958,3958,-0.08337478160858154,2.0,2.0,0.7482065558433533,0.0002489540493115783
DQN,55,final,959,3959,0.13596674025058747,3.0,3.0,0.22865362465381622,0.00028623325245765346
DQN,55,final,960,3960,0.16436625480651856,4.0,3.0,0.9205254316329956,0.0002181176168960519
DQN,55,final,961,3961,0.2618497681617737,3.0,3.0,0.7293490767478943,0.00014240292512113228
DQN,55,final,962,3962,0.12177528619766237,2.0,2.0,0.15713587403297424,0.00019818288637907244
DQN,55,final,963,3963,0.09000000000000001,1.0,1.0,0.12350154668092728,0.00015940502635203302
DQN,55,final,964,3964,0.3771996569633484,3.0,3.0,0.43753522634506226,0.00016704942390788347
DQN,55,final,965,3965,0.17748733043670656,2.0,2.0,0.7163636088371277,0.0001435356207366567
DQN,55,final,966,3966,0.034737842082977304,2.0,2.0,0.9240509271621704,0.00038973361370153725
DQN,55,final,967,3967,0.04766829490661622,2.0,2.0,0.573157012462616,0.00017568513067089953
DQN,55,final,968,3968,0.10768886089324953,2.0,2.0,0.6623501181602478,0.00015540608001174405
DQN,55,final,969,3969,0.09000000000000001,1.0,1.0,0.2964210510253906,0.000157360133016482
DQN,55,final,970,3970,0.1890485453605652,2.0,2.0,0.9113379120826721,0.0001733954923111014
DQN,55,final,971,3971,0.09000000000000001,1.0,1.0,0.09284938871860504,0.00015298105427064002
DQN,55,final,972,3972,0.2834005427360535,3.0,3.0,0.9524766802787781,0.0001525534753454849
DQN,55,final,973,3973,0.09000000000000001,1.0,1.0,0.3275465965270996,0.0003732586046680808
DQN,55,final,974,3974,0.16184330701828004,3.0,3.0,0.6252754926681519,0.00013856338288557404
DQN,55,final,975,3975,0.015499064922332773,4.0,3.0,0.8652817606925964,0.00015401044220197946
DQN,55,final,976,3976,-0.35233765840530396,10.0,3.0,0.941408097743988,0.0001973370926862117
DQN,55,final,977,3977,0.16953222632408144,2.0,2.0,0.37133127450942993,0.00016173960466403514
DQN,55,final,978,3978,-0.4140725016593933,10.0,2.0,0.9235702157020569,0.00015977561051840893
DQN,55,final,979,3979,0.17285384416580202,2.0,2.0,0.5006548166275024,0.0001961018133442849
DQN,55,final,980,3980,0.09000000000000001,1.0,1.0,0.5711251497268677,0.00012682109081652015
DQN,55,final,981,3981,0.1648396420478821,2.0,2.0,0.6208611130714417,0.00015605587395839393
DQN,55,final,982,3982,0.18114657878875734,2.0,2.0,0.7650443315505981,0.00021552467660512775
DQN,55,final,983,3983,0.13004271864891054,2.0,2.0,0.4859566390514374,0.00011556997196748853
DQN,55,final,984,3984,0.07834489822387697,2.0,2.0,0.21043308079242706,0.00018277954222867265
DQN,55,final,985,3985,0.012424873113632218,2.0,2.0,0.4973612427711487,0.00020694456179626286
DQN,55,final,986,3986,0.09000000000000001,1.0,1.0,0.3449436128139496,0.0002785608230624348
DQN,55,final,987,3987,0.28444202423095705,2.0,2.0,1.0164414644241333,0.00014920152170816436
DQN,55,final,988,3988,0.09000000000000001,1.0,1.0,0.2585621476173401,0.0002951163041871041
DQN,55,final,989,3989,0.09341480016708376,2.0,2.0,0.5282389521598816,0.00029605787858599797
DQN,55,final,990,3990,0.09000000000000001,1.0,1.0,0.3466322720050812,0.00013437747838906944
DQN,55,final,991,3991,0.09000000000000001,1.0,1.0,0.25285962224006653,0.00010799424489960074
DQN,55,final,992,3992,0.22765191078186037,2.0,2.0,1.052203893661499,0.00034561281790956855
DQN,55,final,993,3993,0.09000000000000001,1.0,1.0,0.14183780550956726,0.0002413590846117586
DQN,55,final,994,3994,0.09000000000000001,1.0,1.0,0.23736178874969482,0.00014362012734636664
DQN,55,final,995,3995,0.09000000000000001,1.0,1.0,0.28871360421180725,0.0003133186255581677
DQN,55,final,996,3996,0.0030478382110595698,6.0,3.0,1.1547819375991821,0.000159741835280632
DQN,55,final,997,3997,0.09000000000000001,1.0,1.0,0.7024035453796387,8.610285294707865e-05
DQN,55,final,998,3998,0.14834644079208376,2.0,2.0,0.560563325881958,0.00023139500262914225
DQN,55,final,999,3999,0.09000000000000001,1.0,1.0,0.7018197178840637,0.0002814567997120321
DQN,55,final,1000,4000,-0.16840808451175687,6.0,2.0,0.22692438960075378,0.00018860775647529712
DQN,55,final,1001,4001,0.09000000000000001,1.0,1.0,0.2125958651304245,0.0007465156959369779
DQN,55,final,1002,4002,0.09000000000000001,1.0,1.0,0.2853965163230896,0.00012572570994962007
DQN,55,final,1003,4003,0.09000000000000001,1.0,1.0,0.3569696247577667,9.6946518169716e-05
DQN,55,final,1004,4004,0.09000000000000001,1.0,1.0,0.2914679944515228,0.0003262758255004883
DQN,55,final,1005,4005,0.29160584688186647,2.0,2.0,0.7736137509346008,0.0005758007391705178
DQN,55,final,1006,4006,0.05622060775756837,2.0,2.0,0.6188927888870239,0.00013912342546973377
DQN,55,final,1007,4007,0.038486487865448005,3.0,3.0,0.8538881540298462,0.00030601295778372634
DQN,55,final,1008,4008,-0.5995631694793702,10.0,2.0,0.18405701220035553,0.00018100099623552524
DQN,55,final,1009,4009,0.19757861614227296,3.0,3.0,0.816098690032959,0.00016281812471182397
DQN,55,final,1010,4010,0.30085952758789064,2.0,2.0,1.0114214420318604,0.0001335291744908318
DQN,55,final,1011,4011,0.03284849405288697,2.0,2.0,0.749870240688324,0.00016593224063399248
DQN,55,final,1012,4012,0.016472579836845413,2.0,2.0,0.24808037281036377,0.00018539024313213304
DQN,55,final,1013,4013,0.21774538040161134,2.0,2.0,0.9784179925918579,0.00017528561875224113
DQN,55,final,1014,4014,0.16030351042747498,3.0,3.0,0.4272764027118683,0.00031529276263124
DQN,55,final,1015,4015,0.09000000000000001,1.0,1.0,0.09847448021173477,0.00015920052828732878
DQN,55,final,1016,4016,-0.5588099360466003,10.0,3.0,0.7439737915992737,0.00019301356296637097
DQN,55,final,1017,4017,0.08722222805023194,4.0,3.0,1.0503385066986084,0.00017802669026423246
DQN,55,final,1018,4018,0.11215458989143373,2.0,2.0,0.2839586138725281,0.0003477733553154394
DQN,55,final,1019,4019,0.01312649965286257,3.0,3.0,0.7499065399169922,0.00016676513284134367
DQN,55,final,1020,4020,0.09864475011825563,2.0,2.0,0.3085366189479828,0.00015488493227167055
DQN,55,final,1021,4021,0.2728260064125061,6.0,5.0,0.8827546238899231,0.00021430095512187108
DQN,55,final,1022,4022,0.06036563396453858,2.0,2.0,0.34110817313194275,9.866736218100414e-05
DQN,55,final,1023,4023,0.1810299324989319,2.0,2.0,0.2541044056415558,0.0002889578463509679
DQN,55,final,1024,4024,0.1578615474700928,2.0,2.0,1.196187138557434,0.0002721113633015193
DQN,55,final,1025,4025,0.3699989986419678,3.0,3.0,1.1737898588180542,0.00014024916890775785
DQN,55,final,1026,4026,0.09000000000000001,1.0,1.0,0.24168942868709564,0.00016636658983770758
DQN,55,final,1027,4027,0.10570685744285585,2.0,2.0,0.4609815180301666,0.00018160433683078736
DQN,55,final,1028,4028,0.23331155061721803,2.0,2.0,0.5246699452400208,0.00017360250058118254
DQN,55,final,1029,4029,0.17592533111572267,2.0,2.0,0.4323650002479553,0.000434715831943322
DQN,55,final,1030,4030,-0.12477893114089965,8.0,5.0,0.9354875683784485,0.00019257918847870314
DQN,55,final,1031,4031,-0.02449542105197905,2.0,2.0,0.34757259488105774,0.0001570243839523755
DQN,55,final,1032,4032,0.029344546794891367,5.0,5.0,0.6228963136672974,0.00019879937608493491
DQN,55,final,1033,4033,0.1377633285522461,3.0,3.0,0.9269443154335022,0.0002018439166325455
DQN,55,final,1034,4034,0.09000000000000001,1.0,1.0,0.15352532267570496,0.0007209525792859495
DQN,55,final,1035,4035,0.09000000000000001,1.0,1.0,0.13105496764183044,0.00018070543592330068
DQN,55,final,1036,4036,0.09000000000000001,1.0,1.0,0.269451767206192,0.00015882632578723133
DQN,55,final,1037,4037,0.08616352796554566,3.0,3.0,0.7315672039985657,0.00016719330111906552
DQN,55,final,1038,4038,0.12823005199432375,2.0,2.0,0.6727911233901978,0.00020316751761129126
DQN,55,final,1039,4039,0.09000000000000001,1.0,1.0,0.11190726608037949,0.0003337716334499419
DQN,55,final,1040,4040,0.1651339101791382,2.0,2.0,1.0016812086105347,0.0001594471905264072
DQN,55,final,1041,4041,0.09000000000000001,1.0,1.0,0.18725526332855225,0.0007594139315187931
DQN,55,final,1042,4042,0.09000000000000001,1.0,1.0,0.6768799424171448,0.00010123463289346546
DQN,55,final,1043,4043,0.17727954864501955,2.0,2.0,0.7292471528053284,0.00027933250385103747
DQN,55,final,1044,4044,0.11645333647727968,2.0,2.0,0.486040323972702,0.00022825765336165205
DQN,55,final,1045,4045,0.19851346492767336,2.0,2.0,0.7262349128723145,0.0004025767120765522
DQN,55,final,1046,4046,0.09000000000000001,1.0,1.0,0.6855758428573608,9.222094377037138e-05
DQN,55,final,1047,4047,0.09000000000000001,1.0,1.0,0.19782531261444092,0.00013622548431158066
DQN,55,final,1048,4048,0.09000000000000001,1.0,1.0,0.7067552804946899,0.00023116332886274904
DQN,55,final,1049,4049,0.09000000000000001,1.0,1.0,0.2338947206735611,0.00036592065589502454
DQN,55,final,1050,4050,0.09000000000000001,1.0,1.0,0.6335483193397522,0.00022797018755227327
DQN,55,final,1051,4051,0.0979983973503113,2.0,2.0,0.7774412035942078,0.000170166211319156
DQN,55,final,1052,4052,0.35446393489837646,5.0,4.0,0.549534261226654,0.00017094052163884043
DQN,55,final,1053,4053,0.09000000000000001,1.0,1.0,0.06120140105485916,0.0002817761851474643
DQN,55,final,1054,4054,0.09000000000000001,1.0,1.0,0.4339943528175354,0.00011883438128279522
DQN,55,final,1055,4055,0.09000000000000001,1.0,1.0,0.2645980715751648,0.00016719158156774938
DQN,55,final,1056,4056,0.09000000000000001,1.0,1.0,0.36345791816711426,0.000405460421461612
DQN,55,final,1057,4057,0.12660212993621828,2.0,2.0,0.7863505482673645,0.0001494715324952267
DQN,55,final,1058,4058,0.13846023559570314,2.0,2.0,0.6113236546516418,0.00017008897702908143
DQN,55,final,1059,4059,0.09000000000000001,1.0,1.0,0.1589200347661972,0.0016985208494588733
DQN,55,final,1060,4060,-0.035276882648468,3.0,3.0,0.8099963068962097,0.00019684386400816342
DQN,55,final,1061,4061,0.2261094617843628,2.0,2.0,0.7481948137283325,0.00022731252101948485
DQN,55,final,1062,4062,0.22198121428489687,2.0,2.0,0.3005310595035553,0.00029466560226865113
DQN,55,final,1063,4063,0.09000000000000001,1.0,1.0,0.6121934652328491,0.00015201573842205107
DQN,55,final,1064,4064,0.09000000000000001,1.0,1.0,0.17726071178913116,0.00032506822026334703
DQN,55,final,1065,4065,-0.5524980425834656,10.0,3.0,0.635659396648407,0.0002828638651408255
DQN,55,final,1066,4066,0.30326272010803224,4.0,3.0,0.8342481851577759,0.0001825142499001231
DQN,55,final,1067,4067,0.09000000000000001,1.0,1.0,0.9768524765968323,0.00015039759455248713
DQN,55,final,1068,4068,0.11355621337890626,3.0,3.0,0.8331462144851685,0.00014856735166783133
DQN,55,final,1069,4069,0.04278363466262818,2.0,2.0,0.7204657793045044,0.0002947709981526714
DQN,55,final,1070,4070,0.23431915760040284,3.0,3.0,0.5528305768966675,0.00021672344397908697
DQN,55,final,1071,4071,0.09000000000000001,1.0,1.0,0.4951001703739166,0.00028394057881087065
DQN,55,final,1072,4072,0.19213975191116334,3.0,3.0,0.5496880412101746,0.0001518052255657191
DQN,55,final,1073,4073,0.23922629833221437,2.0,2.0,0.6729678511619568,0.00026652528322301805
DQN,55,final,1074,4074,0.09000000000000001,1.0,1.0,0.17984935641288757,0.00012884721218142658
DQN,55,final,1075,4075,0.09000000000000001,1.0,1.0,0.3522898554801941,0.0005972346989437938
DQN,55,final,1076,4076,0.1220041584968567,3.0,3.0,0.9267861247062683,0.00021614283711339036
DQN,55,final,1077,4077,-0.05276908516883848,4.0,3.0,0.5531834363937378,0.0002677704360394273
DQN,55,final,1078,4078,0.3661933708190918,2.0,2.0,1.0981042385101318,0.0002618082071421668
DQN,55,final,1079,4079,-0.010136885643005356,2.0,2.0,0.8133664727210999,0.0001896550675155595
DQN,55,final,1080,4080,-0.034809527993202194,2.0,2.0,0.31926044821739197,0.00020300231699366122
DQN,55,final,1081,4081,0.190649049282074,2.0,2.0,0.43875032663345337,0.0002494308355380781
DQN,55,final,1082,4082,0.09000000000000001,1.0,1.0,0.25629332661628723,0.000156852271175012
DQN,55,final,1083,4083,0.01744014263153079,6.0,4.0,0.7832381129264832,0.00019255366593521708
DQN,55,final,1084,4084,0.17833282232284547,2.0,2.0,0.4545077681541443,0.00019884105131495744
DQN,55,final,1085,4085,0.12591220617294313,2.0,2.0,0.8956718444824219,0.0002947173961729277
DQN,55,final,1086,4086,0.17290224313735963,2.0,2.0,0.8687783479690552,0.00019702559802681208
DQN,55,final,1087,4087,0.09000000000000001,1.0,1.0,0.26515719294548035,0.00019073500880040228
DQN,55,final,1088,4088,0.05305634140968323,5.0,3.0,0.3916545808315277,0.00028340058051981034
DQN,55,final,1089,4089,0.22051755666732786,7.0,6.0,0.7651169896125793,0.0002829280160118027
DQN,55,final,1090,4090,0.23630149841308595,2.0,2.0,0.7096920013427734,0.00016394499107263982
DQN,55,final,1091,4091,0.2158456611633301,2.0,2.0,0.7603884935379028,0.0001590116007719189
DQN,55,final,1092,4092,-0.12950926780700683,6.0,4.0,0.8679155111312866,0.00021471545187523589
DQN,55,final,1093,4093,0.09000000000000001,1.0,1.0,0.49151018261909485,0.0002328338596271351
DQN,55,final,1094,4094,0.1345024871826172,2.0,2.0,0.8186941742897034,0.00016632174083497375
DQN,55,final,1095,4095,0.05322025895118714,2.0,2.0,0.26127490401268005,0.00018791985348798335
DQN,55,final,1096,4096,0.0926309895515442,3.0,3.0,0.7951383590698242,0.00019800031441263855
DQN,55,final,1097,4097,0.0918909776210785,2.0,2.0,0.4322740137577057,0.00019291130593046546
DQN,55,final,1098,4098,0.09000000000000001,1.0,1.0,0.2037557065486908,0.0002593853569123894
DQN,55,final,1099,4099,0.06506221175193788,2.0,2.0,0.4405740201473236,0.00021293253666954115
DQN,55,final,1100,4100,0.03385408401489259,2.0,2.0,0.6144851446151733,0.00023257790599018335
DQN,55,final,1101,4101,0.09579824686050416,7.0,5.0,0.8322113156318665,0.00025952965058552636
DQN,55,final,1102,4102,0.16085411787033083,2.0,2.0,0.6665164828300476,0.0001251549801963847
DQN,55,final,1103,4103,0.2095685076713562,3.0,3.0,0.7171095013618469,0.0001569094213967522
DQN,55,final,1104,4104,0.09000000000000001,1.0,1.0,0.7692189812660217,0.00011514496873132885
DQN,55,final,1105,4105,0.3206664991378784,3.0,3.0,0.6803011894226074,0.00013913550841001174
DQN,55,final,1106,4106,0.3246176719665527,5.0,5.0,0.6694440245628357,0.00026428333658259364
DQN,55,final,1107,4107,0.12128491878509523,2.0,2.0,0.3664362132549286,0.0003309084422653541
DQN,55,final,1108,4108,0.09000000000000001,1.0,1.0,0.34007880091667175,0.00012156698358012363
DQN,55,final,1109,4109,-0.3541654229164124,10.0,2.0,0.6795202493667603,0.00021515295738936402
DQN,55,final,1110,4110,0.1909920072555542,4.0,3.0,1.0637195110321045,0.000261097629845608
DQN,55,final,1111,4111,0.13668994784355165,2.0,2.0,0.30323728919029236,0.00010650564945535734
DQN,55,final,1112,4112,0.18667966842651368,3.0,3.0,0.705557644367218,0.00032303759023003903
DQN,55,final,1113,4113,0.11132039546966555,3.0,2.0,1.0873916149139404,0.00016753993501576284
DQN,55,final,1114,4114,0.14398266553878786,2.0,2.0,0.7210793495178223,0.0002830636585713364
DQN,55,final,1115,4115,0.09000000000000001,1.0,1.0,0.43793606758117676,0.00021567071962635964
DQN,55,final,1116,4116,0.0173985528945923,2.0,2.0,0.28048649430274963,0.000299511659250129
DQN,55,final,1117,4117,0.09000000000000001,1.0,1.0,0.1632215678691864,0.00020481330284383148
DQN,55,final,1118,4118,-0.03979702115058899,2.0,2.0,0.4951796531677246,0.00025662827829364687
DQN,55,final,1119,4119,0.01996641278266907,3.0,2.0,0.34878185391426086,0.00017696347398062548
DQN,55,final,1120,4120,0.07512064456939699,2.0,2.0,0.07257536798715591,0.00015354301285697147
DQN,55,final,1121,4121,0.29220999002456666,3.0,3.0,0.8530790209770203,0.000177410154719837
DQN,55,final,1122,4122,0.1445076632499695,2.0,2.0,0.5355337262153625,0.0002007126749958843
DQN,55,final,1123,4123,-0.11651031494140625,7.0,3.0,0.8563974499702454,0.000254935011201139
DQN,55,final,1124,4124,0.19619019508361818,2.0,2.0,0.6625322699546814,0.00022374436230165884
DQN,55,final,1125,4125,0.09000000000000001,1.0,1.0,0.5153253674507141,0.0001505274121882394
DQN,55,final,1126,4126,0.09416045427322389,2.0,2.0,0.7126687169075012,0.0002990721695823595
DQN,55,final,1127,4127,0.04937567532062531,3.0,3.0,0.25516918301582336,0.0002706531765094648
DQN,55,final,1128,4128,0.09000000000000001,1.0,1.0,0.3789471983909607,7.437430031131953e-05
DQN,55,final,1129,4129,0.09000000000000001,1.0,1.0,0.19847920536994934,0.000101797966635786
DQN,55,final,1130,4130,0.04009801864624024,3.0,3.0,0.25130483508110046,0.0004782404624468957
DQN,55,final,1131,4131,0.060135997533798224,3.0,3.0,0.3309447467327118,0.00023276516003534198
DQN,55,final,1132,4132,0.11655254840850832,2.0,2.0,0.5571411848068237,0.00024043280427576974
DQN,55,final,1133,4133,0.09000000000000001,1.0,1.0,0.556803822517395,0.00016761210281401873
DQN,55,final,1134,4134,0.148867564201355,2.0,2.0,0.8172230124473572,0.0002043295608018525
DQN,55,final,1135,4135,0.2653292489051819,3.0,3.0,0.6119474172592163,0.00014427967350153872
DQN,55,final,1136,4136,0.09000000000000001,1.0,1.0,0.31212618947029114,0.00018505792832002044
DQN,55,final,1137,4137,0.19952921867370604,5.0,5.0,1.1258476972579956,0.0002976291929371655
DQN,55,final,1138,4138,0.10836428582668306,2.0,2.0,0.2295173853635788,0.00021986166393617168
DQN,55,final,1139,4139,0.27678657293319703,3.0,3.0,0.5747135877609253,0.0002983336113781358
DQN,55,final,1140,4140,0.24227066516876222,2.0,2.0,0.8012554049491882,0.00021378677774919197
DQN,55,final,1141,4141,0.36699575901031495,3.0,3.0,0.6905145645141602,0.0003879742483453204
DQN,55,final,1142,4142,0.07996513128280641,2.0,2.0,0.5852088928222656,0.00018756784265860915
DQN,55,final,1143,4143,0.08206106901168825,2.0,2.0,0.6864468455314636,0.00029100265237502754
DQN,55,final,1144,4144,0.06329192399978639,2.0,2.0,0.74858158826828,0.00018706895934883505
DQN,55,final,1145,4145,-0.056108914613723734,3.0,3.0,0.5658088326454163,0.00026739106397144496
DQN,55,final,1146,4146,0.09000000000000001,1.0,1.0,0.3659074604511261,0.0003195632598362863
DQN,55,final,1147,4147,0.09000000000000001,1.0,1.0,0.2235928624868393,0.00012399211118463427
DQN,55,final,1148,4148,-0.011484218835830673,2.0,2.0,0.44114500284194946,0.00014688325609313324
DQN,55,final,1149,4149,0.21932329416275026,2.0,2.0,0.5397401452064514,0.00028524506342364475
DQN,55,final,1150,4150,0.15705736160278322,2.0,2.0,0.5800920724868774,0.00018452444055583328
DQN,55,final,1151,4151,0.09000000000000001,1.0,1.0,0.1409069448709488,0.00014899991219863296
DQN,55,final,1152,4152,0.12318063497543336,3.0,3.0,0.7579999566078186,0.00016899106897957003
DQN,55,final,1153,4153,0.09579076051712038,2.0,2.0,0.7570891380310059,0.00011754473962355405
DQN,55,final,1154,4154,0.026762233972549454,2.0,2.0,0.38825443387031555,0.00017885368288261816
DQN,55,final,1155,4155,0.01966512918472292,3.0,3.0,0.553648054599762,0.0001591551893701156
DQN,55,final,1156,4156,0.13864256620407106,2.0,2.0,0.8939375281333923,0.00012689711002167314
DQN,55,final,1157,4157,0.060542650222778334,3.0,3.0,0.5686879754066467,0.00015926744769482562
DQN,55,final,1158,4158,0.09000000000000001,1.0,1.0,0.48231619596481323,0.00026044383412227035
DQN,55,final,1159,4159,0.09000000000000001,1.0,1.0,0.24683423340320587,0.00023333600256592035
DQN,55,final,1160,4160,0.06055121302604676,2.0,2.0,0.2889375388622284,0.00013169186786399223
DQN,55,final,1161,4161,-0.002270565032958985,6.0,3.0,0.7908217310905457,0.0002769299984114089
DQN,55,final,1162,4162,-0.007471634149551376,2.0,2.0,0.5497789978981018,0.00029325744981179014
DQN,55,final,1163,4163,-0.009752752780914281,4.0,4.0,1.0051954984664917,0.00017979317635763437
DQN,55,final,1164,4164,0.07403703212738039,2.0,2.0,0.4290732443332672,0.00016072000289568678
DQN,55,final,1165,4165,0.09000000000000001,1.0,1.0,0.26462310552597046,0.00043938419548794627
DQN,55,final,1166,4166,0.09000000000000001,1.0,1.0,0.5049436688423157,0.00024449778720736504
DQN,55,final,1167,4167,0.1933987307548523,2.0,2.0,0.6325543522834778,0.0002454465866321698
DQN,55,final,1168,4168,0.00952513933181763,3.0,2.0,0.9676769971847534,0.0006541835949368154
DQN,55,final,1169,4169,0.26165308237075807,2.0,2.0,0.7507224678993225,0.00047984611592255533
DQN,55,final,1170,4170,0.07745041131973268,2.0,2.0,0.5328036546707153,0.00022841842292109504
DQN,55,final,1171,4171,0.04905676275491715,2.0,2.0,0.14494307339191437,0.0002911528281401843
DQN,55,final,1172,4172,0.1598015594482422,2.0,2.0,0.3143484890460968,0.00029296659340616316
DQN,55,final,1173,4173,0.09000000000000001,1.0,1.0,0.36651965975761414,0.0002566159819252789
DQN,55,final,1174,4174,0.09000000000000001,1.0,1.0,0.5814477801322937,0.00017725328507367522
DQN,55,final,1175,4175,0.19270204186439516,2.0,2.0,0.3640165328979492,0.00016627912555122748
DQN,55,final,1176,4176,0.2899587917327881,2.0,2.0,0.8656405210494995,0.0001525803963886574
DQN,55,final,1177,4177,0.09000000000000001,1.0,1.0,0.40906479954719543,9.143359056906775e-05
DQN,55,final,1178,4178,-0.009544594287872299,2.0,2.0,0.2423279583454132,0.0001718139974400401
DQN,55,final,1179,4179,0.09000000000000001,1.0,1.0,0.12046622484922409,0.00025936460588127375
DQN,55,final,1180,4180,0.13195024609565736,2.0,2.0,0.4079142212867737,0.0001543604739708826
DQN,55,final,1181,4181,0.15730284333229066,2.0,2.0,0.43410614132881165,0.00015024666208773851
DQN,55,final,1182,4182,0.13219351291656495,3.0,3.0,0.7426966428756714,0.00018940645289452127
DQN,55,final,1183,4183,0.21626074790954591,2.0,2.0,0.5009828805923462,0.0001823078746383544
DQN,55,final,1184,4184,0.09000000000000001,1.0,1.0,0.2599286735057831,0.00033635800355114043
DQN,55,final,1185,4185,0.12533469676971437,2.0,2.0,0.6611738204956055,0.00017775253218133003
DQN,55,final,1186,4186,0.25976837396621705,3.0,3.0,0.7465341687202454,0.00019571904704207554
DQN,55,final,1187,4187,0.09427972316741945,2.0,2.0,0.2227756828069687,0.0001978888176381588
DQN,55,final,1188,4188,0.02430326461791993,3.0,3.0,0.7454574704170227,0.00020654492254834622
DQN,55,final,1189,4189,0.09000000000000001,1.0,1.0,0.4020572304725647,0.00012215677998028696
DQN,55,final,1190,4190,0.26537169694900514,2.0,2.0,0.6745034456253052,0.00014985579764470458
DQN,55,final,1191,4191,0.09656806468963625,2.0,2.0,0.77166748046875,0.0002025619032792747
DQN,55,final,1192,4192,0.09000000000000001,1.0,1.0,0.7785336375236511,0.00017400993965566158
DQN,55,final,1193,4193,0.09272600889205934,2.0,2.0,0.4500557482242584,0.00014563316653948277
DQN,55,final,1194,4194,0.09000000000000001,1.0,1.0,0.4453214704990387,0.00011200804146938026
DQN,55,final,1195,4195,0.14372576951980592,2.0,2.0,0.7387427091598511,9.447612683288753e-05
DQN,55,final,1196,4196,0.1910627555847168,3.0,3.0,0.6683488488197327,0.0002980137845346083
DQN,55,final,1197,4197,0.09000000000000001,1.0,1.0,0.36684489250183105,9.527420479571447e-05
DQN,55,final,1198,4198,0.004910249710083012,3.0,2.0,1.0717018842697144,0.00020125254862553751
DQN,55,final,1199,4199,0.19517787218093874,3.0,2.0,0.8894200921058655,0.00012306237476877868
DQN,55,final,1200,4200,0.33422710180282594,2.0,2.0,0.9676595330238342,0.00024857179960235953
DQN,55,final,1201,4201,0.3073141646385193,3.0,3.0,0.7801850438117981,0.00021165905733748028
DQN,55,final,1202,4202,0.3471176099777222,3.0,3.0,0.5888758897781372,0.00032484250065560144
DQN,55,final,1203,4203,0.09000000000000001,1.0,1.0,0.3038919270038605,8.768105908529833e-05
DQN,55,final,1204,4204,-0.029238788485527023,2.0,2.0,0.30913046002388,0.00029594316583825275
DQN,55,final,1205,4205,0.2049651312828064,2.0,2.0,0.4680616855621338,0.00028309974004514515
DQN,55,final,1206,4206,0.09000000000000001,1.0,1.0,0.20989108085632324,0.0001504074316471815
DQN,55,final,1207,4207,0.09000000000000001,1.0,1.0,0.2206851691007614,0.00019255744700785726
DQN,55,final,1208,4208,0.05937291860580445,2.0,2.0,0.9929928779602051,0.00011379449279047549
DQN,55,final,1209,4209,0.10182960510253908,2.0,2.0,0.6127926707267761,0.00015060914302011952
DQN,55,final,1210,4210,0.11518652915954591,2.0,2.0,0.6188879609107971,0.0002369094072491862
DQN,55,final,1211,4211,0.09000000000000001,1.0,1.0,0.15229184925556183,0.0002450213360134512
DQN,55,final,1212,4212,0.0542623269557953,2.0,2.0,0.30278438329696655,0.000161495445354376
DQN,55,final,1213,4213,0.20167256116867066,3.0,3.0,0.7971706390380859,0.00018675671890377998
DQN,55,final,1214,4214,0.2358431684970856,2.0,2.0,0.47113439440727234,0.0002295199446962215
DQN,55,final,1215,4215,0.07933981895446779,2.0,2.0,0.18133597075939178,0.00011529793482623063
DQN,55,final,1216,4216,0.017708973884582535,2.0,2.0,0.4950251281261444,0.00015516470011789352
DQN,55,final,1217,4217,0.09000000000000001,1.0,1.0,0.1298120617866516,0.0001213110881508328
DQN,55,final,1218,4218,0.23631126403808594,3.0,3.0,0.75955730676651,0.00012929170285739625
DQN,55,final,1219,4219,0.09000000000000001,1.0,1.0,0.6864393353462219,0.0002641978790052235
DQN,55,final,1220,4220,0.09000000000000001,1.0,1.0,0.4280302822589874,0.00015843388973735273
DQN,55,final,1221,4221,0.05372290492057801,2.0,2.0,0.31193187832832336,0.00024075295368675143
DQN,55,final,1222,4222,0.09000000000000001,1.0,1.0,0.6945275664329529,0.00013629841851070523
DQN,55,final,1223,4223,0.22019018411636354,2.0,2.0,0.6924251317977905,0.0002185180492233485
DQN,55,final,1224,4224,0.04010254859924318,3.0,3.0,0.640450656414032,0.000412252004025504
DQN,55,final,1225,4225,0.3486444425582886,3.0,3.0,0.6338740587234497,0.0002379613530744488
DQN,55,final,1226,4226,0.05482460021972658,4.0,3.0,0.7967523336410522,0.0002001683351409156
DQN,55,final,1227,4227,0.22752363204956055,3.0,3.0,0.8766552209854126,0.00021863088962466767
DQN,55,final,1228,4228,0.3077147674560547,3.0,3.0,1.2933787107467651,0.00029243553581181914
DQN,55,final,1229,4229,0.1713328528404236,2.0,2.0,0.6099395155906677,0.0002549472264945507
DQN,55,final,1230,4230,0.041047639846801764,3.0,3.0,0.7303705811500549,0.0001760829424407954
DQN,55,final,1231,4231,-0.03652153730392456,2.0,2.0,0.3867154121398926,0.00019992922170786187
DQN,55,final,1232,4232,0.1738057804107666,3.0,3.0,1.2222563028335571,0.0002491562724268685
DQN,55,final,1233,4233,0.26678765535354615,3.0,3.0,0.82561856508255,0.00019978569859328368
DQN,55,final,1234,4234,0.09000000000000001,1.0,1.0,0.15011106431484222,0.000233006794587709
DQN,55,final,1235,4235,-0.19245649099349976,7.0,5.0,0.7725113034248352,0.00019880189522934546
DQN,55,final,1236,4236,0.13914604663848879,2.0,2.0,1.2808548212051392,0.00021687459229724482
DQN,55,final,1237,4237,0.1593784260749817,2.0,2.0,0.3379514515399933,0.000202875591639895
DQN,55,final,1238,4238,0.09000000000000001,1.0,1.0,0.21822230517864227,0.00017382182704750448
DQN,55,final,1239,4239,0.09000000000000001,1.0,1.0,0.11233683675527573,9.268440771847963e-05
DQN,55,final,1240,4240,-0.18793171405792236,6.0,4.0,1.0744197368621826,0.00015823788514050344
DQN,55,final,1241,4241,0.1430546808242798,2.0,2.0,0.4398818016052246,0.0001908022677525878
DQN,55,final,1242,4242,0.08120413303375246,2.0,2.0,0.9987821578979492,0.00017852008750196546
DQN,55,final,1243,4243,-0.021948142051696762,2.0,2.0,0.5103767514228821,0.00016434754797955975
DQN,55,final,1244,4244,0.09000000000000001,1.0,1.0,0.376518189907074,0.0003480290761217475
DQN,55,final,1245,4245,0.06210883140563966,2.0,2.0,0.637968897819519,0.00010575656779110432
DQN,55,final,1246,4246,0.09000000000000001,1.0,1.0,0.41261887550354004,0.0002609890652820468
DQN,55,final,1247,4247,0.09000000000000001,1.0,1.0,0.5058354139328003,0.00012401027197483927
DQN,55,final,1248,4248,0.09468300819396974,2.0,2.0,0.5778824687004089,0.0002256174193462357
DQN,55,final,1249,4249,0.09000000000000001,1.0,1.0,0.6005105972290039,9.09884984139353e-05
DQN,55,final,1250,4250,0.18620647668838503,2.0,2.0,0.8637514114379883,0.00014520350669045
DQN,55,final,1251,4251,0.09000000000000001,1.0,1.0,0.27426519989967346,0.00028982359799556434
DQN,55,final,1252,4252,0.17570669174194337,3.0,3.0,0.6121534705162048,0.0001919928181450814
DQN,55,final,1253,4253,0.10360295295715333,3.0,3.0,0.8668221235275269,0.0003182441141689196
DQN,55,final,1254,4254,0.09000000000000001,1.0,1.0,0.3850218951702118,0.0003751168551389128
DQN,55,final,1255,4255,-0.07948480367660522,2.0,2.0,0.8209185004234314,0.00013692166248802096
DQN,55,final,1256,4256,0.27023787021636964,3.0,3.0,0.7987030148506165,0.0002552411218251412
DQN,55,final,1257,4257,0.16329092502593995,3.0,3.0,0.4718112349510193,0.00012078290213442718
DQN,55,final,1258,4258,0.1759691905975342,3.0,3.0,0.5913320779800415,0.00023422274292291453
DQN,55,final,1259,4259,0.025159664154052755,3.0,3.0,0.8773797154426575,0.00030357391127229977
DQN,55,final,1260,4260,0.09000000000000001,1.0,1.0,0.5806078910827637,0.000287748989649117
DQN,55,final,1261,4261,0.18102379322052004,2.0,2.0,0.7823994755744934,0.000358097066055052
DQN,55,final,1262,4262,0.03993155241012574,2.0,2.0,0.612862229347229,0.00028641821700148284
DQN,55,final,1263,4263,0.09000000000000001,1.0,1.0,0.56156986951828,0.0002653610717970878
DQN,55,final,1264,4264,0.11766524791717531,2.0,2.0,0.9334314465522766,0.00019662136037368327
DQN,55,final,1265,4265,0.09000000000000001,1.0,1.0,0.4531567096710205,0.00042515902896411717
DQN,55,final,1266,4266,0.28295944809913637,2.0,2.0,0.46733394265174866,0.0002852793113561347
DQN,55,final,1267,4267,0.09000000000000001,1.0,1.0,0.21051976084709167,0.00015494675608351827
DQN,55,final,1268,4268,0.14825292110443117,2.0,2.0,0.312682569026947,0.00018393926438875496
DQN,55,final,1269,4269,0.09000000000000001,1.0,1.0,0.1643194705247879,0.00017323823703918606
DQN,55,final,1270,4270,0.21763271808624268,3.0,3.0,0.9438945055007935,0.00018050267438714704
DQN,55,final,1271,4271,0.2907787132263184,2.0,2.0,0.7290630340576172,0.00022131791774882004
DQN,55,final,1272,4272,0.09000000000000001,1.0,1.0,0.418006956577301,9.577842865837738e-05
DQN,55,final,1273,4273,0.175435848236084,3.0,3.0,0.8015069365501404,0.0001572742524634426
DQN,55,final,1274,4274,0.09000000000000001,1.0,1.0,0.15326058864593506,0.0003468599752523005
DQN,55,final,1275,4275,0.2735355567932129,3.0,3.0,1.2115705013275146,0.00023780424574700496
DQN,55,final,1276,4276,0.10712284564971924,3.0,3.0,0.36661073565483093,0.00019267014674066255
DQN,55,final,1277,4277,0.17702353715896607,3.0,3.0,0.6686420440673828,0.0004217522994925578
DQN,55,final,1278,4278,0.09000000000000001,1.0,1.0,0.7861075401306152,0.00010708979971241206
DQN,55,final,1279,4279,0.03944009721279145,2.0,2.0,0.11951372772455215,0.00022073172294767573
DQN,55,final,1280,4280,0.09000000000000001,1.0,1.0,0.1965111941099167,0.00026689714286476374
DQN,55,final,1281,4281,-0.324700266122818,10.0,3.0,0.39779284596443176,0.00018470575887477025
DQN,55,final,1282,4282,0.045024203062057504,2.0,2.0,0.30805450677871704,0.00019373940449440852
DQN,55,final,1283,4283,0.2659332227706909,3.0,3.0,0.6084349751472473,0.000258527531210954
DQN,55,final,1284,4284,0.09000000000000001,1.0,1.0,0.22373533248901367,0.00013209400640334934
DQN,55,final,1285,4285,0.18408347845077516,2.0,2.0,0.7370402216911316,0.0001750055016600527
DQN,55,final,1286,4286,0.214602427482605,2.0,2.0,0.5436645150184631,0.00012198136391816661
DQN,55,final,1287,4287,-0.01635671973228453,2.0,2.0,0.500008225440979,0.00022759545390726998
DQN,55,final,1288,4288,0.1566030251979828,2.0,2.0,0.31260624527931213,0.00017677251162240282
DQN,55,final,1289,4289,0.09000000000000001,1.0,1.0,0.20756928622722626,0.0001244678278453648
DQN,55,final,1290,4290,0.15864737510681154,2.0,2.0,0.6573359370231628,0.00015642635116819292
DQN,55,final,1291,4291,-0.13306618928909303,5.0,5.0,0.5521932244300842,0.0001804329309379682
DQN,55,final,1292,4292,0.09000000000000001,1.0,1.0,0.4813706576824188,9.749759192345664e-05
DQN,55,final,1293,4293,0.17557741880416872,2.0,2.0,0.8239011168479919,0.00014556948735844344
DQN,55,final,1294,4294,0.09000000000000001,1.0,1.0,0.28639307618141174,0.00042513248627074063
DQN,55,final,1295,4295,0.04922852635383607,3.0,3.0,0.4648093581199646,0.00030324215185828507
DQN,55,final,1296,4296,0.2306684923171997,3.0,3.0,1.0295912027359009,0.0002354651854451125
DQN,55,final,1297,4297,-0.11059651136398314,6.0,2.0,0.93594890832901,0.00023338428097000966
DQN,55,final,1298,4298,0.10448886632919313,2.0,2.0,0.7281270623207092,0.0001546022031106986
DQN,55,final,1299,4299,0.09000000000000001,1.0,1.0,0.4178406298160553,0.0003713301557581872
DQN,55,final,1300,4300,0.09000000000000001,1.0,1.0,0.5745439529418945,0.0003446571063250303
DQN,55,final,1301,4301,0.1681575644016266,2.0,2.0,0.3533661961555481,0.00022287965839495882
DQN,55,final,1302,4302,0.19697953939437868,2.0,2.0,0.7226423621177673,0.0002633716503623873
DQN,55,final,1303,4303,0.020942764282226578,2.0,2.0,0.7833113074302673,0.00012475338371586986
DQN,55,final,1304,4304,0.14274645566940308,3.0,3.0,0.7015792727470398,0.00014514444289185727
DQN,55,final,1305,4305,0.015923805236816413,3.0,3.0,1.278115153312683,0.0001316837927637001
DQN,55,final,1306,4306,0.17038281440734865,2.0,2.0,0.4074613153934479,0.00019452225387794897
DQN,55,final,1307,4307,0.09000000000000001,1.0,1.0,0.46666693687438965,0.00026724638883024454
DQN,55,final,1308,4308,0.13268722772598268,2.0,2.0,0.7133883237838745,0.00016400713502662256
DQN,55,final,1309,4309,0.09000000000000001,1.0,1.0,0.10339375585317612,0.00011498550156829879
DQN,55,final,1310,4310,0.09000000000000001,1.0,1.0,0.10289458930492401,0.0001065721589839086
DQN,55,final,1311,4311,0.09000000000000001,1.0,1.0,0.24652338027954102,0.00013871447299607098
DQN,55,final,1312,4312,0.0347897481918335,3.0,3.0,0.7302660942077637,0.00012345479384142285
DQN,55,final,1313,4313,0.011015310287475585,6.0,3.0,0.901820182800293,0.0001987257564906031
DQN,55,final,1314,4314,0.06706635832786562,2.0,2.0,0.344390869140625,0.0001631678023841232
DQN,55,final,1315,4315,0.09000000000000001,1.0,1.0,0.20285066962242126,0.0001538361539132893
DQN,55,final,1316,4316,-0.04131954193115232,3.0,3.0,0.4524984359741211,0.00013009959123640633
DQN,55,final,1317,4317,0.15032185792922975,2.0,2.0,0.5490413308143616,0.00017566150927450508
DQN,55,final,1318,4318,0.11061294555664064,2.0,2.0,0.6513192057609558,0.0003092387778451666
DQN,55,final,1319,4319,0.09000000000000001,1.0,1.0,0.12872843444347382,6.699161167489365e-05
DQN,55,final,1320,4320,0.1130948829650879,2.0,2.0,0.8700928092002869,0.00018482396262697875
DQN,55,final,1321,4321,0.14446563243865967,3.0,3.0,0.8159198760986328,0.00014451202150667086
DQN,55,final,1322,4322,0.09000000000000001,1.0,1.0,0.19421908259391785,0.0001503013918409124
DQN,55,final,1323,4323,0.1791819703578949,3.0,3.0,0.4445020854473114,0.0002296096232991355
DQN,55,final,1324,4324,0.09734316349029543,2.0,2.0,0.7652477025985718,0.00016308922931784764
DQN,55,final,1325,4325,0.09000000000000001,1.0,1.0,0.24140286445617676,8.027498552110046e-05
DQN,55,final,1326,4326,0.1679638397693634,3.0,3.0,0.40687355399131775,0.0001569488182819138
DQN,55,final,1327,4327,0.15747477293014528,2.0,2.0,0.6705750823020935,0.00010807145372382365
DQN,55,final,1328,4328,0.09000000000000001,1.0,1.0,0.41554567217826843,6.995638977969065e-05
DQN,55,final,1329,4329,0.09000000000000001,1.0,1.0,0.7041381001472473,0.00013083404337521642
DQN,55,final,1330,4330,0.03836183428764344,2.0,2.0,0.29097917675971985,0.00023028385840007104
DQN,55,final,1331,4331,0.1396592926979065,3.0,3.0,0.7110781073570251,0.00018218447560987747
DQN,55,final,1332,4332,0.23899765491485597,2.0,2.0,0.6655892133712769,8.893529047782067e-05
DQN,55,final,1333,4333,0.14030559539794923,2.0,2.0,0.8009146451950073,0.00019436557340668514
DQN,55,final,1334,4334,0.09000000000000001,1.0,1.0,0.38324397802352905,9.509423398412764e-05
DQN,55,final,1335,4335,0.2600365447998047,2.0,2.0,0.7248019576072693,0.00012411746138241142
DQN,55,final,1336,4336,0.07493137001991274,2.0,2.0,0.4072200357913971,0.00019862345652654767
DQN,55,final,1337,4337,0.190964834690094,2.0,2.0,0.6823133826255798,0.00011073935093008913
DQN,55,final,1338,4338,0.09000000000000001,1.0,1.0,0.15899984538555145,0.00011636577255558223
DQN,55,final,1339,4339,0.1635640335083008,3.0,3.0,1.2195953130722046,0.00018130868314377344
DQN,55,final,1340,4340,0.09000000000000001,1.0,1.0,0.2695084810256958,0.0002673980488907546
DQN,55,final,1341,4341,0.15359450101852418,3.0,3.0,0.5923426747322083,0.0002509016388406356
DQN,55,final,1342,4342,0.1497393321990967,3.0,3.0,0.8585888743400574,0.00016381871440292647
DQN,55,final,1343,4343,0.21958927989006044,2.0,2.0,0.40647944808006287,0.00015905034524621442
DQN,55,final,1344,4344,0.11654139280319215,3.0,3.0,0.8449727892875671,0.0002825434736829872
DQN,55,final,1345,4345,-0.033834415078163135,4.0,4.0,0.2570793926715851,0.00016183134357561357
DQN,55,final,1346,4346,-0.2963878548145294,6.0,2.0,0.4156041443347931,0.00021982567462449273
DQN,55,final,1347,4347,0.1526880431175232,2.0,2.0,0.7126263380050659,0.0002311614662175998
DQN,55,final,1348,4348,0.010532515048980728,2.0,2.0,0.6339157223701477,0.00015402122517116368
DQN,55,final,1349,4349,0.20228748202323915,2.0,2.0,0.2567214369773865,0.00013453984865918756
DQN,55,final,1350,4350,0.09896032691001894,2.0,2.0,0.48439183831214905,0.00018195982556790113
DQN,55,final,1351,4351,0.09000000000000001,1.0,1.0,0.22548320889472961,0.0002001286920858547
DQN,55,final,1352,4352,0.10467725992202759,5.0,4.0,0.5512109994888306,0.00013136148190824316
DQN,55,final,1353,4353,0.43753005743026735,2.0,2.0,0.5844389796257019,0.00012532452456071042
DQN,55,final,1354,4354,0.09000000000000001,1.0,1.0,0.32065561413764954,0.00015944332699291408
DQN,55,final,1355,4355,0.12055842757225038,2.0,2.0,0.1861262321472168,0.00015988689847290516
DQN,55,final,1356,4356,0.09000000000000001,1.0,1.0,0.16466258466243744,0.00012109957606298849
DQN,55,final,1357,4357,0.20757103681564332,3.0,3.0,0.26062634587287903,0.00023141365575914583
DQN,55,final,1358,4358,0.09000000000000001,1.0,1.0,0.18472449481487274,0.00024443859001621604
DQN,55,final,1359,4359,0.17475624561309816,2.0,2.0,0.5354046821594238,0.00020234510157024488
DQN,55,final,1360,4360,0.09000000000000001,1.0,1.0,0.13437651097774506,0.0002906910958699882
DQN,55,final,1361,4361,0.09000000000000001,1.0,1.0,0.6269922852516174,8.721987251192331e-05
DQN,55,final,1362,4362,0.043723182678222665,2.0,2.0,0.5482776761054993,0.00010024025687016547
DQN,55,final,1363,4363,0.1532437074184418,2.0,2.0,0.4530270993709564,0.0002868969095288776
DQN,55,final,1364,4364,0.09000000000000001,1.0,1.0,0.25779229402542114,0.00023212387168314308
DQN,55,final,1365,4365,-0.308118724822998,10.0,2.0,0.2644983232021332,0.00019871644908562303
DQN,55,final,1366,4366,0.05337740659713746,2.0,2.0,0.5302373170852661,0.0001235076560988091
DQN,55,final,1367,4367,0.04184378862380982,2.0,2.0,0.645115077495575,0.0001458493061363697
DQN,55,final,1368,4368,0.09000000000000001,1.0,1.0,0.3438713848590851,0.00014289667888078839
DQN,55,final,1369,4369,0.21302159309387209,2.0,2.0,0.783892035484314,9.490233060205355e-05
DQN,55,final,1370,4370,0.09000000000000001,1.0,1.0,0.6671215891838074,0.0002529168559703976
DQN,55,final,1371,4371,-0.2261036443710327,8.0,3.0,0.97978276014328,0.0001307874053964042
DQN,55,final,1372,4372,0.09000000000000001,1.0,1.0,0.4283508360385895,0.00011692372208926827
DQN,55,final,1373,4373,0.09000000000000001,1.0,1.0,0.29044780135154724,0.0001525258121546358
DQN,55,final,1374,4374,0.46077389240264893,3.0,3.0,1.499574899673462,0.00014877902382674316
DQN,55,final,1375,4375,0.17042230248451234,2.0,2.0,0.3445824086666107,0.0001772726682247594
DQN,55,final,1376,4376,0.26925865530967713,3.0,3.0,0.45636650919914246,0.0001524820545455441
DQN,55,final,1377,4377,0.09000000000000001,1.0,1.0,0.16155803203582764,0.00012051700468873605
DQN,55,final,1378,4378,0.09000000000000001,1.0,1.0,0.11786758154630661,0.00014299221220426261
DQN,55,final,1379,4379,0.09000000000000001,1.0,1.0,0.17357739806175232,9.937560389516875e-05
DQN,55,final,1380,4380,0.26617141246795656,2.0,2.0,0.8302253484725952,0.00041004293598234653
DQN,55,final,1381,4381,0.028419243097305306,2.0,2.0,0.26175457239151,0.0002694826544029638
DQN,55,final,1382,4382,0.09000000000000001,1.0,1.0,0.15459395945072174,0.0001431590353604406
DQN,55,final,1383,4383,0.20274035811424257,2.0,2.0,0.4393511116504669,0.00042044257861562073
DQN,55,final,1384,4384,0.20407246232032777,2.0,2.0,0.46505287289619446,0.00020663589384639636
DQN,55,final,1385,4385,0.09000000000000001,1.0,1.0,0.7506062388420105,0.00029884211835451424
DQN,55,final,1386,4386,0.09000000000000001,1.0,1.0,1.0082628726959229,0.0001475145254516974
DQN,55,final,1387,4387,-0.04561423540115357,3.0,3.0,0.8156723976135254,0.00029287194289887947
DQN,55,final,1388,4388,0.22934366941452028,2.0,2.0,0.2961902618408203,0.00022631869796896353
DQN,55,final,1389,4389,0.1881441640853882,2.0,2.0,0.66383296251297,0.00015363240527221933
DQN,55,final,1390,4390,0.15109885454177857,3.0,3.0,0.7145529985427856,0.0002520086757916336
DQN,55,final,1391,4391,0.37961909890174866,3.0,3.0,0.32914939522743225,0.00031972109961013
DQN,55,final,1392,4392,0.029858665466308602,2.0,2.0,0.37759432196617126,0.00017415930051356554
DQN,55,final,1393,4393,0.11659420490264895,4.0,3.0,0.8283510208129883,0.000228530952881556
DQN,55,final,1394,4394,0.029844241142272958,2.0,2.0,0.7129902243614197,0.00034269866591785103
DQN,55,final,1395,4395,0.04992497682571412,3.0,3.0,0.705277144908905,0.00026707813473573577
DQN,55,final,1396,4396,0.16521294593811037,2.0,2.0,0.6761011481285095,0.00020078070519957691
DQN,55,final,1397,4397,0.2489032316207886,2.0,2.0,0.7678871154785156,0.00017252651741728187
DQN,55,final,1398,4398,0.3050407338142395,2.0,2.0,0.5528705716133118,0.0002344333188375458
DQN,55,final,1399,4399,0.31848098516464235,2.0,2.0,0.5300312042236328,0.00012767864245688543
DQN,55,final,1400,4400,0.24719173431396485,3.0,3.0,0.7558066248893738,0.00023614170883471766
DQN,55,final,1401,4401,0.09000000000000001,1.0,1.0,0.33582571148872375,0.0003408139746170491
DQN,55,final,1402,4402,0.09000000000000001,1.0,1.0,0.224478617310524,0.00024293598835356534
DQN,55,final,1403,4403,0.09000000000000001,1.0,1.0,0.24795080721378326,0.0002896037476602942
DQN,55,final,1404,4404,0.09000000000000001,1.0,1.0,0.061959393322467804,0.00010739141725935042
DQN,55,final,1405,4405,0.15972580194473268,2.0,2.0,0.1940799057483673,0.00016557337585254572
DQN,55,final,1406,4406,0.09000000000000001,1.0,1.0,0.5083056688308716,0.0001575535861775279
DQN,55,final,1407,4407,0.0836459267139435,2.0,2.0,0.3383598029613495,0.0001381100228172727
DQN,55,final,1408,4408,0.09000000000000001,1.0,1.0,0.25876733660697937,0.0002879661915358156
DQN,55,final,1409,4409,-0.5995085716247559,10.0,2.0,0.9378957748413086,0.00021489498394657857
DQN,55,final,1410,4410,0.3646707606315613,3.0,3.0,0.9989706873893738,0.00018480164483965686
DQN,55,final,1411,4411,0.05243825912475587,5.0,4.0,0.8481568098068237,0.0002548113523516804
DQN,55,final,1412,4412,0.2248301672935486,2.0,2.0,0.9972955584526062,0.00021665375970769674
DQN,55,final,1413,4413,0.09000000000000001,1.0,1.0,0.14110210537910461,0.00014660117449238896
DQN,55,final,1414,4414,0.10229726314544679,2.0,2.0,0.5575976371765137,0.00023406947002513334
DQN,55,final,1415,4415,0.06431151151657105,3.0,3.0,0.30835065245628357,0.00021365909681965908
DQN,55,final,1416,4416,0.03530158281326295,2.0,2.0,0.3543587028980255,0.00031390858930535614
DQN,55,final,1417,4417,0.19280709505081178,2.0,2.0,0.6299217939376831,0.0002675237919902429
DQN,55,final,1418,4418,0.11540384769439699,2.0,2.0,0.5880553126335144,0.00020301977201597765
DQN,55,final,1419,4419,0.4532852840423584,3.0,3.0,0.8683477640151978,0.00019028832806119075
DQN,55,final,1420,4420,0.09000000000000001,1.0,1.0,0.3762560486793518,0.000393333233660087
DQN,55,final,1421,4421,0.18682772636413575,3.0,3.0,0.8112536072731018,0.0001555230167772
DQN,55,final,1422,4422,0.020861418843269364,2.0,2.0,0.19102874398231506,0.0001893595399451442
DQN,55,final,1423,4423,0.09000000000000001,1.0,1.0,0.2626398205757141,0.00020557477546390146
DQN,55,final,1424,4424,0.13792135000228883,2.0,2.0,0.4697551131248474,0.00023882608365966007
DQN,55,final,1425,4425,0.11300690650939943,2.0,2.0,0.6004039645195007,0.0003950344034819864
DQN,55,final,1426,4426,-0.47150651454925535,9.0,3.0,0.771294891834259,0.00023694457195233554
DQN,55,final,1427,4427,0.09000000000000001,1.0,1.0,0.5259808301925659,0.00018862100841943175
DQN,55,final,1428,4428,-0.04257869005203245,3.0,3.0,0.8250269293785095,0.00022875713087463131
DQN,55,final,1429,4429,0.21410836458206178,2.0,2.0,0.5748291015625,0.00022706301388097927
DQN,55,final,1430,4430,0.09000000000000001,1.0,1.0,0.3383834958076477,0.0005096652894280851
DQN,55,final,1431,4431,0.276774959564209,2.0,2.0,0.7576673626899719,0.0001748427857819479
DQN,55,final,1432,4432,0.09000000000000001,1.0,1.0,0.20355819165706635,0.00016695287195034325
DQN,55,final,1433,4433,0.15676202058792116,2.0,2.0,0.8458875417709351,0.00024174612917704508
DQN,55,final,1434,4434,0.20088972330093385,2.0,2.0,0.6298875212669373,0.00016689556650817394
DQN,55,final,1435,4435,0.025717742443084737,3.0,3.0,0.6440596580505371,0.00024339408749559274
DQN,55,final,1436,4436,0.09000000000000001,1.0,1.0,0.10663827508687973,0.0002903110289480537
DQN,55,final,1437,4437,0.28877920627593995,3.0,3.0,0.6296061277389526,0.0004016890792020907
DQN,55,final,1438,4438,0.1078396213054657,3.0,3.0,0.49858519434928894,0.00018009167979471385
DQN,55,final,1439,4439,0.09000000000000001,1.0,1.0,0.11208722740411758,0.0005194601835682988
DQN,55,final,1440,4440,0.09191048324108125,2.0,2.0,0.1951017677783966,0.0002501886192476377
DQN,55,final,1441,4441,0.18531367897987366,3.0,3.0,0.4945596754550934,0.00026759475683017325
DQN,55,final,1442,4442,0.09000000000000001,1.0,1.0,0.481803834438324,0.0001581987162353471
DQN,55,final,1443,4443,0.09000000000000001,1.0,1.0,0.42415475845336914,0.0001638337125768885
DQN,55,final,1444,4444,0.09000000000000001,1.0,1.0,0.22547022998332977,0.0002357246121391654
DQN,55,final,1445,4445,0.1343065369129181,2.0,2.0,0.47919729351997375,0.00019300323765492067
DQN,55,final,1446,4446,0.06813108682632446,4.0,4.0,0.9069308042526245,0.0002743618606473319
DQN,55,final,1447,4447,0.09000000000000001,1.0,1.0,0.31550687551498413,0.00017334381118416786
DQN,55,final,1448,4448,0.09225340366363527,2.0,2.0,0.5878070592880249,0.00022635798814008012
DQN,55,final,1449,4449,0.2186750936508179,2.0,2.0,0.6888529658317566,0.00023265428899321705
DQN,55,final,1450,4450,-0.052460514307022074,3.0,3.0,0.5197919011116028,0.00026205688482150435
DQN,55,final,1451,4451,0.09000000000000001,1.0,1.0,0.5019382834434509,0.0002219046582467854
DQN,55,final,1452,4452,0.09000000000000001,1.0,1.0,0.04417780414223671,0.00014937837840989232
DQN,55,final,1453,4453,0.10185744047164919,2.0,2.0,0.4137532413005829,0.00027017910906579345
DQN,55,final,1454,4454,0.15234819769859315,3.0,3.0,0.25926610827445984,0.00027396820951253176
DQN,55,final,1455,4455,0.09000000000000001,1.0,1.0,0.19975587725639343,0.00023661561135668308
DQN,55,final,1456,4456,0.20928890228271485,3.0,3.0,0.7539709210395813,0.00031616912262203795
DQN,55,final,1457,4457,0.09000000000000001,1.0,1.0,0.4984070658683777,0.00026116540539078414
DQN,55,final,1458,4458,0.14498837471008302,2.0,2.0,0.7801081538200378,0.0002351002040086314
DQN,55,final,1459,4459,0.1487486529350281,2.0,2.0,0.2217298448085785,0.00020160833810223266
DQN,55,final,1460,4460,0.09000000000000001,1.0,1.0,0.10522580146789551,0.000533633807208389
DQN,55,final,1461,4461,0.27730424880981447,2.0,2.0,0.6590272188186646,0.0002100899801007472
DQN,55,final,1462,4462,0.16171974658966065,3.0,3.0,0.5129342675209045,0.00022487079453033706
DQN,55,final,1463,4463,-0.16362071037292486,10.0,3.0,1.0428441762924194,0.0002930110538727604
DQN,55,final,1464,4464,-0.0014242362976074063,2.0,2.0,0.3597742021083832,0.00023285749921342358
DQN,55,final,1465,4465,-0.18018227815628052,10.0,3.0,0.6319863200187683,0.00026959772148984487
DQN,55,final,1466,4466,0.09000000000000001,1.0,1.0,0.07995147258043289,0.0002541027788538486
DQN,55,final,1467,4467,0.16650928735733034,2.0,2.0,0.7450395822525024,0.0002466238147462718
DQN,55,final,1468,4468,0.09000000000000001,1.0,1.0,0.3550983965396881,0.00018284413090441376
DQN,55,final,1469,4469,-0.01751025557518006,4.0,3.0,0.16139821708202362,0.0003323541532154195
DQN,55,final,1470,4470,0.09000000000000001,1.0,1.0,0.3821559548377991,0.00023633161617908627
DQN,55,final,1471,4471,0.0008600568771362366,4.0,2.0,0.241927832365036,0.00011913957132492214
DQN,55,final,1472,4472,0.08255637407302857,3.0,3.0,0.8083816170692444,0.00017457187156348178
DQN,55,final,1473,4473,0.09000000000000001,1.0,1.0,0.6077787280082703,0.00014135496167000383
DQN,55,final,1474,4474,-0.005121045112609843,3.0,3.0,0.4287925362586975,0.0002635184646351263
DQN,55,final,1475,4475,0.09000000000000001,1.0,1.0,0.189766526222229,0.00017912658222485334
DQN,55,final,1476,4476,-0.05573753833770752,2.0,2.0,0.7336185574531555,0.00023815793974790722
DQN,55,final,1477,4477,0.3058909773826599,5.0,4.0,0.8642047047615051,0.00023898930521681905
DQN,55,final,1478,4478,0.143194215297699,2.0,2.0,0.8222492933273315,0.00022698472457705066
DQN,55,final,1479,4479,0.24155928373336794,2.0,2.0,0.6676502227783203,0.0002496791203157045
DQN,55,final,1480,4480,0.09000000000000001,1.0,1.0,0.4460109770298004,0.0002313886070623994
DQN,55,final,1481,4481,0.3977274966239929,3.0,3.0,0.8267995715141296,0.00031122216023504734
DQN,55,final,1482,4482,0.09000000000000001,1.0,1.0,0.4694973826408386,0.0002406473213341087
DQN,55,final,1483,4483,0.14801586389541627,3.0,3.0,0.7576595544815063,0.0003225721447961405
DQN,55,final,1484,4484,0.16377760648727419,2.0,2.0,0.8597046136856079,0.0003828126791631803
DQN,55,final,1485,4485,0.3018282127380371,3.0,3.0,0.5811130404472351,0.00024309617098576078
DQN,55,final,1486,4486,0.10012252807617189,2.0,2.0,0.536594569683075,0.0005032359185861424
DQN,55,final,1487,4487,-0.04856584787368774,2.0,2.0,0.640571117401123,0.00023873819736763835
DQN,55,final,1488,4488,0.1095076870918274,3.0,3.0,0.6914569139480591,0.00019885505995868394
DQN,55,final,1489,4489,0.09000000000000001,1.0,1.0,0.8415508270263672,0.0002091940405080095
DQN,55,final,1490,4490,-0.07762871503829956,2.0,2.0,0.42805153131484985,0.000200473157747183
DQN,55,final,1491,4491,-0.2174121618270874,5.0,3.0,0.6948285102844238,0.00017289495444856585
DQN,55,final,1492,4492,0.09000000000000001,1.0,1.0,0.2794531285762787,0.00017683653277345002
DQN,55,final,1493,4493,0.08166378974914552,6.0,4.0,0.8697303533554077,0.00018511716674159592
DQN,55,final,1494,4494,0.08949671864509584,2.0,2.0,0.29347729682922363,0.00019875219004461542
DQN,55,final,1495,4495,0.1034522968530655,2.0,2.0,0.21298445761203766,0.0002915508011938073
DQN,55,final,1496,4496,0.08228640437126161,2.0,2.0,0.23132650554180145,0.0004614176868926734
DQN,55,final,1497,4497,0.09000000000000001,1.0,1.0,0.4717034697532654,0.000482968520373106
DQN,55,final,1498,4498,0.13584943294525148,2.0,2.0,0.8067526817321777,0.0002853143523680046
DQN,55,final,1499,4499,0.1173070538043976,2.0,2.0,0.19715404510498047,0.0003936884750146419
DQN,55,final,1500,4500,0.31180562257766725,2.0,2.0,0.857880175113678,0.0002814969338942319
DQN,55,final,1501,4501,0.09000000000000001,1.0,1.0,0.20731517672538757,0.00019532367878127843
DQN,55,final,1502,4502,0.03592720806598664,2.0,2.0,0.20388390123844147,0.00032532535260543227
DQN,55,final,1503,4503,0.3113482666015625,3.0,3.0,0.5195046067237854,0.00021422287197007486
DQN,55,final,1504,4504,0.11412823915481568,3.0,3.0,0.8591650128364563,0.00026565939576054615
DQN,55,final,1505,4505,-0.021125205159187296,3.0,3.0,0.3360878527164459,0.00017676785015889132
DQN,55,final,1506,4506,0.01919533491134645,2.0,2.0,0.4453892707824707,0.00014929725148249418
DQN,55,final,1507,4507,0.09000000000000001,1.0,1.0,0.6177629828453064,0.00018570209795143455
DQN,55,final,1508,4508,0.09000000000000001,1.0,1.0,0.32654860615730286,0.0003156532475259155
DQN,55,final,1509,4509,-0.07335456252098084,9.0,4.0,0.44353243708610535,0.00017874615635567656
DQN,55,final,1510,4510,0.0004944276809692588,3.0,3.0,0.9277194738388062,0.00023712955104808012
DQN,55,final,1511,4511,0.057520495653152474,2.0,2.0,0.4675123691558838,0.0002485198056092486
DQN,55,final,1512,4512,0.09000000000000001,1.0,1.0,0.16812017560005188,0.00023202734882943332
DQN,55,final,1513,4513,0.09000000000000001,1.0,1.0,0.28809481859207153,0.0002134557580575347
DQN,55,final,1514,4514,0.09000000000000001,1.0,1.0,0.2874673008918762,0.00018482012092135847
DQN,55,final,1515,4515,0.09000000000000001,1.0,1.0,0.24967408180236816,0.00019531512225512415
DQN,55,final,1516,4516,0.09000000000000001,1.0,1.0,0.31882745027542114,0.00010961064253933728
DQN,55,final,1517,4517,0.19726539373397828,3.0,3.0,0.6192708611488342,0.0003393368291047712
DQN,55,final,1518,4518,0.08493477821350098,3.0,3.0,0.6630376577377319,0.0002622654234680037
DQN,55,final,1519,4519,0.09000000000000001,1.0,1.0,0.9977440237998962,0.00027733342722058296
DQN,55,final,1520,4520,0.09000000000000001,1.0,1.0,0.37315669655799866,0.00017924298299476504
DQN,55,final,1521,4521,0.05671270370483399,2.0,2.0,0.35416173934936523,0.00017858031787909567
DQN,55,final,1522,4522,0.0208845329284668,3.0,2.0,0.4264991283416748,0.00027684953723413247
DQN,55,final,1523,4523,0.09000000000000001,1.0,1.0,1.316297173500061,0.00020216210396029055
DQN,55,final,1524,4524,0.09000000000000001,1.0,1.0,0.2861018180847168,0.00018234571325592697
DQN,55,final,1525,4525,0.12524587631225587,3.0,3.0,0.7247298955917358,0.00014437749632634223
DQN,55,final,1526,4526,0.07840183556079866,2.0,2.0,0.19308380782604218,0.00019038793834624812
DQN,55,final,1527,4527,0.1191400456428528,2.0,2.0,0.7949649095535278,0.00011470360732346307
DQN,55,final,1528,4528,0.4198672842979431,3.0,3.0,0.8860915303230286,0.00016844377872378877
DQN,55,final,1529,4529,0.22403521060943604,3.0,3.0,1.065435528755188,0.00016121558049538484
DQN,55,final,1530,4530,0.011549181938171407,3.0,3.0,0.7956171631813049,0.000204591861499163
DQN,55,final,1531,4531,-0.5432367205619812,10.0,2.0,0.8493618965148926,0.0001798974866687786
DQN,55,final,1532,4532,-0.028665344715118404,3.0,2.0,0.37238338589668274,0.00017381089370852956
DQN,55,final,1533,4533,0.1358828115463257,2.0,2.0,0.38962075114250183,0.00021061572260805406
DQN,55,final,1534,4534,0.03139917969703675,3.0,2.0,0.3331140875816345,0.00023659164920294037
DQN,55,final,1535,4535,0.10542435169219971,3.0,3.0,0.7313026785850525,0.00036357911691690486
DQN,55,final,1536,4536,0.09000000000000001,1.0,1.0,0.3712661862373352,0.0002646629873197526
DQN,55,final,1537,4537,0.14914144754409792,2.0,2.0,0.9091572761535645,0.00023004500690149143
DQN,55,final,1538,4538,0.09000000000000001,1.0,1.0,0.08919743448495865,0.00014959138934500515
DQN,55,final,1539,4539,0.08398254394531252,2.0,2.0,0.7301321625709534,0.0003222248415113427
DQN,55,final,1540,4540,0.33329869985580446,2.0,2.0,0.8335688710212708,0.00018414120859233662
DQN,55,final,1541,4541,0.09000000000000001,1.0,1.0,0.5765179395675659,0.0003220268408767879
DQN,55,final,1542,4542,0.014453248977661148,2.0,2.0,0.7329595685005188,0.00021776284847874194
DQN,55,final,1543,4543,0.3009182286262512,3.0,3.0,0.7104859948158264,0.0001695944908230255
DQN,55,final,1544,4544,0.10240723371505739,2.0,2.0,0.21294185519218445,0.00020316237350925803
DQN,55,final,1545,4545,0.15539367675781252,2.0,2.0,0.8571033477783203,0.0001265357313968707
DQN,55,final,1546,4546,0.13830960512161256,3.0,3.0,0.39549627900123596,0.00016239163232967257
DQN,55,final,1547,4547,0.09000000000000001,1.0,1.0,0.1580929458141327,0.00012375171354506165
DQN,55,final,1548,4548,0.2042595911026001,2.0,2.0,0.6701396107673645,0.0001599942406755872
DQN,55,final,1549,4549,0.3862251114845276,3.0,3.0,0.9336310029029846,0.00018647478524750719
DQN,55,final,1550,4550,0.16513593673706056,2.0,2.0,0.923754096031189,0.00019172148313373327
DQN,55,final,1551,4551,0.17005653858184816,2.0,2.0,0.3109988570213318,0.00031177496202872135
DQN,55,final,1552,4552,0.07341278314590455,3.0,3.0,0.8419324159622192,0.00019046017162812254
DQN,55,final,1553,4553,0.06990666866302492,2.0,2.0,0.9522095322608948,0.00013596103963209316
DQN,55,final,1554,4554,0.12801940917968752,2.0,2.0,1.0007189512252808,0.00018800169345922768
DQN,55,final,1555,4555,0.021914012432098395,3.0,3.0,0.5755257606506348,0.00020980771902638176
DQN,55,final,1556,4556,0.1846559810638428,2.0,2.0,0.34548431634902954,0.0001318230824836064
DQN,55,final,1557,4557,0.09000000000000001,1.0,1.0,0.43892794847488403,0.00013039095210842788
DQN,55,final,1558,4558,0.21464593887329103,2.0,2.0,0.6568927764892578,0.0001551775130792521
DQN,55,final,1559,4559,0.13785858631134035,2.0,2.0,0.3492037355899811,0.0003375630112714134
DQN,55,final,1560,4560,0.1083027195930481,3.0,3.0,0.6333925127983093,0.00011540399767303218
DQN,55,final,1561,4561,0.11015415906906129,3.0,3.0,0.8114474415779114,0.00020730510004796088
DQN,55,final,1562,4562,0.09000000000000001,1.0,1.0,0.18611708283424377,0.00013017593300901353
DQN,55,final,1563,4563,0.13463260412216188,2.0,2.0,0.4659087657928467,0.0001580997704877518
DQN,55,final,1564,4564,0.3475205767154694,2.0,2.0,0.4618101418018341,0.00020257999494788237
DQN,55,final,1565,4565,0.16794819355010987,3.0,3.0,0.639099657535553,0.0002700729334416489
DQN,55,final,1566,4566,0.0961528140306473,2.0,2.0,0.23340754210948944,0.00010560244845692068
DQN,55,final,1567,4567,0.09000000000000001,1.0,1.0,0.3692949712276459,0.0003389441699255258
DQN,55,final,1568,4568,0.1868100929260254,2.0,2.0,0.7559202313423157,0.00012170599075034261
DQN,55,final,1569,4569,0.06395210504531862,2.0,2.0,0.9521134495735168,0.0002453874549246393
DQN,55,final,1570,4570,0.09000000000000001,1.0,1.0,0.09771706163883209,0.00011704258940881118
DQN,55,final,1571,4571,0.09000000000000001,1.0,1.0,0.3718571066856384,0.0001492002629674971
DQN,55,final,1572,4572,0.09000000000000001,1.0,1.0,0.07565844804048538,0.0002811070589814335
DQN,55,final,1573,4573,0.05746369242668153,2.0,2.0,0.5087379217147827,0.000210989972401876
DQN,55,final,1574,4574,0.09000000000000001,1.0,1.0,0.21227312088012695,0.00015411872300319374
DQN,55,final,1575,4575,0.09000000000000001,1.0,1.0,0.33290407061576843,0.0004061942163389176
DQN,55,final,1576,4576,0.3771647882461548,3.0,3.0,0.9567370414733887,0.00019227104106297097
DQN,55,final,1577,4577,0.09000000000000001,1.0,1.0,0.26943016052246094,0.0002378517820034176
DQN,55,final,1578,4578,0.09000000000000001,1.0,1.0,0.12061728537082672,0.000201625021873042
DQN,55,final,1579,4579,0.0885815191268921,2.0,2.0,0.6427984833717346,0.00011719891699613072
DQN,55,final,1580,4580,0.07926483631134035,2.0,2.0,0.5316206812858582,0.0003695559862535447
DQN,55,final,1581,4581,0.09000000000000001,1.0,1.0,0.39134520292282104,0.00022463226923719049
DQN,55,final,1582,4582,0.3526763987541199,3.0,3.0,0.8997061848640442,0.000179918366484344
DQN,55,final,1583,4583,0.09000000000000001,1.0,1.0,0.5554865598678589,0.00010293154628016055
DQN,55,final,1584,4584,0.09000000000000001,1.0,1.0,1.1019526720046997,0.000180051225470379
DQN,55,final,1585,4585,0.06545861244201662,2.0,2.0,0.2247420698404312,0.0001368232478853315
DQN,55,final,1586,4586,0.0627098995447159,2.0,2.0,0.05115743353962898,0.0001566483042552136
DQN,55,final,1587,4587,0.2576140832901001,3.0,3.0,0.9783567190170288,0.000246221010456793
DQN,55,final,1588,4588,0.03087480545043946,2.0,2.0,0.4011164605617523,0.0001842509736889042
DQN,55,final,1589,4589,0.21135075569152834,2.0,2.0,0.668269693851471,0.0003132303318125196
DQN,55,final,1590,4590,0.09000000000000001,1.0,1.0,0.4377692639827728,0.00012897593842353672
DQN,55,final,1591,4591,0.09000000000000001,1.0,1.0,0.8156176209449768,0.00024409587786067277
DQN,55,final,1592,4592,0.149789936542511,3.0,3.0,0.665174126625061,0.0002162324672099203
DQN,55,final,1593,4593,0.09000000000000001,1.0,1.0,0.41705575585365295,0.00029221875593066216
DQN,55,final,1594,4594,0.11769217252731325,5.0,4.0,0.8429449796676636,0.0002187485486501828
DQN,55,final,1595,4595,0.1961816716194153,2.0,2.0,0.5388093590736389,0.00018304725745110773
DQN,55,final,1596,4596,0.054507704377174386,2.0,2.0,0.1732894480228424,0.00019645672728074715
DQN,55,final,1597,4597,0.06101191997528078,4.0,3.0,0.6937394142150879,0.00024084164761006832
DQN,55,final,1598,4598,0.08805575966835023,5.0,4.0,0.48214176297187805,0.0002382025442784652
DQN,55,final,1599,4599,0.16678196907043458,3.0,3.0,0.403874933719635,0.0002795891244507705
DQN,55,final,1600,4600,0.25013710737228395,2.0,2.0,0.4741861820220947,0.0001705535250948742
DQN,55,final,1601,4601,0.1901113259792328,2.0,2.0,0.3892720639705658,0.00021084563923068345
DQN,55,final,1602,4602,0.09000000000000001,1.0,1.0,0.5256977081298828,0.0001802891492843628
DQN,55,final,1603,4603,0.07934983491897585,3.0,2.0,0.6139304041862488,0.00016875332221388817
DQN,55,final,1604,4604,0.09000000000000001,1.0,1.0,0.36690187454223633,0.00021752278553321958
DQN,55,final,1605,4605,0.13978435277938844,2.0,2.0,0.6727328896522522,0.0002191120947827585
DQN,55,final,1606,4606,0.0811420249938965,2.0,2.0,0.49210527539253235,0.00010325176481273957
DQN,55,final,1607,4607,0.08587987899780275,2.0,2.0,0.5413907170295715,0.0002168764258385636
DQN,55,final,1608,4608,0.1640379524230957,4.0,3.0,0.6809453964233398,0.0001463972221245058
DQN,55,final,1609,4609,0.09000000000000001,1.0,1.0,0.8038016557693481,0.00012068285286659375
DQN,55,final,1610,4610,0.09000000000000001,1.0,1.0,0.2876254618167877,0.0001374056446366012
DQN,55,final,1611,4611,0.09000000000000001,1.0,1.0,0.990657389163971,0.00015728676225990057
DQN,55,final,1612,4612,0.11438601434230805,3.0,3.0,0.23391620814800262,0.00019119276839774102
DQN,55,final,1613,4613,0.3266390037536621,3.0,3.0,0.6631989479064941,0.00019136131353055438
DQN,55,final,1614,4614,0.09000000000000001,1.0,1.0,0.16587911546230316,0.0001662309077801183
DQN,55,final,1615,4615,0.05830331325531007,2.0,2.0,0.5318637490272522,0.0001796373471734114
DQN,55,final,1616,4616,0.09000000000000001,1.0,1.0,0.45214682817459106,0.00017309804388787597
DQN,55,final,1617,4617,0.14150912284851075,3.0,3.0,0.7718669772148132,0.0001542828201005856
DQN,55,final,1618,4618,-0.013151209354400631,8.0,3.0,0.6985412240028381,0.00024317576026078314
DQN,55,final,1619,4619,0.266696469783783,2.0,2.0,0.5189403891563416,0.00015772617916809395
DQN,55,final,1620,4620,0.09000000000000001,1.0,1.0,0.4541942775249481,0.00021877227118238807
DQN,55,final,1621,4621,0.1682336497306824,2.0,2.0,0.6187256574630737,0.00014035858112038113
DQN,55,final,1622,4622,0.06529182195663454,5.0,4.0,0.9209456443786621,0.00021608321549138054
DQN,55,final,1623,4623,0.1384901571273804,2.0,2.0,0.8228346705436707,0.00019932361465180293
DQN,55,final,1624,4624,0.09000000000000001,1.0,1.0,0.14416584372520447,0.00016930507263168693
DQN,55,final,1625,4625,0.09000000000000001,1.0,1.0,0.3975684940814972,0.00014174642274156213
DQN,55,final,1626,4626,0.09000000000000001,1.0,1.0,0.5035173892974854,0.00021408224711194634
DQN,55,final,1627,4627,0.2615584206581116,3.0,3.0,0.7893925905227661,0.00015476109304775795
DQN,55,final,1628,4628,0.1810435223579407,2.0,2.0,0.8680577278137207,0.00023846122348913923
DQN,55,final,1629,4629,0.3262144994735718,3.0,3.0,1.2299131155014038,0.00024362197048806897
DQN,55,final,1630,4630,0.09000000000000001,1.0,1.0,0.2361665666103363,0.00011230569361941889
DQN,55,final,1631,4631,0.16127328753471376,2.0,2.0,0.41081374883651733,0.00015483394963666797
DQN,55,final,1632,4632,0.20296353816986085,3.0,3.0,0.7982080578804016,0.00015978439963267496
DQN,55,final,1633,4633,0.23113794803619386,2.0,2.0,0.803564727306366,0.00015863818407524377
DQN,55,final,1634,4634,0.09000000000000001,1.0,1.0,0.5539734959602356,9.488093201071024e-05
DQN,55,final,1635,4635,0.15918039083480834,5.0,5.0,0.8172627687454224,0.00022882110497448593
DQN,55,final,1636,4636,0.029968159198760995,2.0,2.0,0.5524176955223083,0.00021855176601093262
DQN,55,final,1637,4637,0.09000000000000001,1.0,1.0,0.6000257730484009,9.202020009979606e-05
DQN,55,final,1638,4638,0.09000000000000001,1.0,1.0,0.2105870246887207,0.00012198680633446202
DQN,55,final,1639,4639,0.09000000000000001,1.0,1.0,0.26499202847480774,0.0002721804194152355
DQN,55,final,1640,4640,0.09000000000000001,1.0,1.0,0.34784984588623047,0.0003798391262535006
DQN,55,final,1641,4641,0.09000000000000001,1.0,1.0,0.10720016062259674,0.0001845070655690506
DQN,55,final,1642,4642,0.09000000000000001,1.0,1.0,0.6177629828453064,0.00010340043809264898
DQN,55,final,1643,4643,0.046616203784942634,3.0,3.0,0.6232575178146362,0.00013847149966750294
DQN,55,final,1644,4644,0.046317832469940194,2.0,2.0,0.30422788858413696,0.00019089832494501024
DQN,55,final,1645,4645,0.12472504138946534,4.0,4.0,1.046994924545288,0.00017359629418933764
DQN,55,final,1646,4646,-0.46172723770141605,10.0,3.0,0.7816943526268005,0.0001894386252388358
DQN,55,final,1647,4647,0.1824029850959778,2.0,2.0,0.40396350622177124,0.0002690196124603972
DQN,55,final,1648,4648,-0.07903956651687623,3.0,3.0,0.7388933897018433,0.0001615874304358537
DQN,55,final,1649,4649,0.27582831859588625,2.0,2.0,1.0604182481765747,0.0002595136174932122
DQN,55,final,1650,4650,-0.00849383354187011,3.0,3.0,0.7409672141075134,0.0003126060958796491
DQN,55,final,1651,4651,0.1499720287322998,3.0,3.0,0.5353578329086304,0.00022513465955853462
DQN,55,final,1652,4652,0.42684085845947267,2.0,2.0,0.4521016478538513,0.00019085229723714292
DQN,55,final,1653,4653,0.23074180603027344,3.0,3.0,0.7209555506706238,0.00020174707363670072
DQN,55,final,1654,4654,0.14994748115539552,2.0,2.0,0.7554066777229309,0.00019074044394074008
DQN,55,final,1655,4655,0.09000000000000001,1.0,1.0,0.12000598758459091,0.00020832984591834247
DQN,55,final,1656,4656,0.09000000000000001,1.0,1.0,0.5153253674507141,0.00015060468285810202
DQN,55,final,1657,4657,0.09000000000000001,1.0,1.0,0.3653298318386078,0.00023394635354634374
DQN,55,final,1658,4658,0.3026136922836304,2.0,2.0,1.0283199548721313,0.00021394800569396466
DQN,55,final,1659,4659,0.10657513856887818,3.0,3.0,0.6948771476745605,0.00022311575594358146
DQN,55,final,1660,4660,0.11328579664230348,2.0,2.0,0.1095903068780899,0.00016221243276959285
DQN,55,final,1661,4661,0.09000000000000001,1.0,1.0,0.3133930563926697,0.00015644528320990503
DQN,55,final,1662,4662,0.10505021333694459,3.0,3.0,0.5999628901481628,0.00014676277351099998
DQN,55,final,1663,4663,0.09000000000000001,1.0,1.0,0.7483542561531067,0.0002125021128449589
DQN,55,final,1664,4664,0.24588203191757202,4.0,4.0,0.6108793616294861,0.00017209585348609835
DQN,55,final,1665,4665,0.4553056526184082,2.0,2.0,0.4509071707725525,0.0001428807772754226
DQN,55,final,1666,4666,0.28379035711288453,3.0,3.0,0.504222571849823,0.00017290042160311714
DQN,55,final,1667,4667,0.1372980546951294,3.0,3.0,0.29369813203811646,0.0001959782894118689
DQN,55,final,1668,4668,0.09000000000000001,1.0,1.0,0.5854596495628357,0.0001268418418476358
DQN,55,final,1669,4669,0.11791186213493349,2.0,2.0,0.47044143080711365,0.0001394054343109019
DQN,55,final,1670,4670,0.21946168661117554,3.0,3.0,0.9257548451423645,0.00014603600235811123
DQN,55,final,1671,4671,0.20526166439056398,2.0,2.0,1.0495884418487549,0.00013502294314093888
DQN,55,final,1672,4672,-0.03809472203254698,3.0,3.0,0.3678590953350067,0.00012548429367598146
DQN,55,final,1673,4673,0.11027296066284181,2.0,2.0,0.37173405289649963,0.000225172407226637
DQN,55,final,1674,4674,0.09000000000000001,1.0,1.0,0.23761406540870667,0.00018929742509499192
DQN,55,final,1675,4675,0.09000000000000001,1.0,1.0,0.13355602324008942,0.0001219692567246966
DQN,55,final,1676,4676,0.12593542218208315,2.0,2.0,0.3171437084674835,0.0003996211162302643
DQN,55,final,1677,4677,0.15117760181427004,2.0,2.0,0.34508952498435974,0.00026217425329377875
DQN,55,final,1678,4678,0.09000000000000001,1.0,1.0,0.1344345360994339,0.00016495933232363313
DQN,55,final,1679,4679,0.15771825790405275,2.0,2.0,0.608970582485199,0.0002448369195917621
DQN,55,final,1680,4680,0.12683833360671998,3.0,3.0,0.448261022567749,0.00023867757408879697
DQN,55,final,1681,4681,0.05834684491157533,3.0,3.0,0.4468823969364166,0.00042802412159896147
DQN,55,final,1682,4682,0.09000000000000001,1.0,1.0,0.5296086668968201,0.00014639305300079286
DQN,55,final,1683,4683,-0.03855066537857056,4.0,3.0,0.8117237687110901,0.00028239570019650273
DQN,55,final,1684,4684,0.1290923821926117,2.0,2.0,0.44588109850883484,0.0002483322605257854
DQN,55,final,1685,4685,0.09000000000000001,1.0,1.0,0.2338617742061615,0.00016000702453311533
DQN,55,final,1686,4686,0.13392420291900636,2.0,2.0,0.48944091796875,0.00024425826995866373
DQN,55,final,1687,4687,0.07724636018276215,3.0,3.0,0.24211037158966064,0.0004006074838495503
DQN,55,final,1688,4688,0.30284316062927247,3.0,3.0,0.6365472674369812,0.00027116168348584324
DQN,55,final,1689,4689,-0.03283535718917846,3.0,3.0,0.644225537776947,0.000228852800015981
DQN,55,final,1690,4690,0.3948684799671173,2.0,2.0,0.4970344007015228,0.00018185106455348432
DQN,55,final,1691,4691,0.05783553838729859,3.0,2.0,0.7613787055015564,0.0002896695611222337
DQN,55,final,1692,4692,-0.10870418787002563,4.0,2.0,0.42614343762397766,0.00020078032503079157
DQN,55,final,1693,4693,0.11755735635757447,4.0,3.0,0.8946686387062073,0.000240619763644645
DQN,55,final,1694,4694,0.09000000000000001,1.0,1.0,0.14017237722873688,0.0001245972525794059
DQN,55,final,1695,4695,0.09000000000000001,1.0,1.0,0.3087975084781647,0.00015449519560206681
DQN,55,final,1696,4696,0.09000000000000001,1.0,1.0,0.3147301971912384,0.00010273988300468773
DQN,55,final,1697,4697,0.09000000000000001,1.0,1.0,0.11563602834939957,0.0002586085756774992
DQN,55,final,1698,4698,0.2526956367492676,2.0,2.0,0.5548030734062195,0.0003418294290895574
DQN,55,final,1699,4699,0.09000000000000001,1.0,1.0,0.6264031529426575,0.00020037038484588265
DQN,55,final,1700,4700,0.2891326117515564,2.0,2.0,0.5878663063049316,0.00016293657972710207
DQN,55,final,1701,4701,0.08970696449279786,3.0,3.0,0.8477049469947815,0.0003284692308322216
DQN,55,final,1702,4702,-0.5081429958343506,10.0,2.0,0.7442926168441772,0.00021527181670535355
DQN,55,final,1703,4703,0.09000000000000001,1.0,1.0,0.10814667493104935,0.00013378041330724955
DQN,55,final,1704,4704,0.0888770091533661,2.0,2.0,0.25624680519104004,0.00019105950195807964
DQN,55,final,1705,4705,0.27959354400634767,2.0,2.0,0.7433193922042847,0.00016513343507540412
DQN,55,final,1706,4706,0.09000000000000001,1.0,1.0,0.0937182754278183,0.00023084483109414577
DQN,55,final,1707,4707,-0.03357511043548582,3.0,3.0,0.9035290479660034,0.00022246583830565214
DQN,55,final,1708,4708,0.05834929943084718,5.0,5.0,1.004431962966919,0.00020280936441849918
DQN,55,final,1709,4709,0.12991631746292115,3.0,3.0,0.36111801862716675,0.00018336930952500552
DQN,55,final,1710,4710,0.22531021356582642,3.0,3.0,0.8049147725105286,0.000161960221400174
DQN,55,final,1711,4711,0.16956944942474367,2.0,2.0,0.8865041732788086,0.0001771775641827844
DQN,55,final,1712,4712,0.09000000000000001,1.0,1.0,0.24685360491275787,0.0001158349696197547
DQN,55,final,1713,4713,0.04676547408103945,4.0,4.0,0.45230695605278015,0.0002605895570013672
DQN,55,final,1714,4714,0.07672186374664308,2.0,2.0,0.7357328534126282,0.00012547339429147542
DQN,55,final,1715,4715,0.04487009525299073,2.0,2.0,0.9021420478820801,0.00010495627429918386
DQN,55,final,1716,4716,0.01035870790481569,2.0,2.0,0.5942673087120056,0.00021514966647373512
DQN,55,final,1717,4717,0.04459496021270753,2.0,2.0,0.6970685124397278,0.0003448597781243734
DQN,55,final,1718,4718,0.134965615272522,2.0,2.0,0.6574268341064453,0.00010051485878648236
DQN,55,final,1719,4719,0.09000000000000001,1.0,1.0,0.2822860777378082,0.00019308822811581194
DQN,55,final,1720,4720,0.012983806133270284,3.0,3.0,0.9484390020370483,0.00016753402451286092
DQN,55,final,1721,4721,0.20780087232589722,3.0,3.0,0.6512928009033203,0.00014472094092828533
DQN,55,final,1722,4722,0.43886269807815553,2.0,2.0,0.50555819272995,0.0003475224075373262
DQN,55,final,1723,4723,0.17655909776687623,3.0,3.0,0.8517470359802246,0.00018081977517188838
DQN,55,final,1724,4724,0.08403696298599245,2.0,2.0,0.8183566331863403,0.00015689881547586992
DQN,55,final,1725,4725,0.09000000000000001,1.0,1.0,0.12944230437278748,0.0003553926944732666
DQN,55,final,1726,4726,0.09000000000000001,1.0,1.0,1.069690227508545,0.00014702447515446693
DQN,55,final,1727,4727,0.06628211021423341,2.0,2.0,0.34659451246261597,0.0001894485394586809
DQN,55,final,1728,4728,0.14387633085250856,2.0,2.0,0.42875978350639343,0.0001577894072397612
DQN,55,final,1729,4729,0.09000000000000001,1.0,1.0,0.09994453191757202,0.00017030315939337015
DQN,55,final,1730,4730,0.09000000000000001,1.0,1.0,0.21111907064914703,7.457071478711441e-05
DQN,55,final,1731,4731,0.09000000000000001,1.0,1.0,0.1244218721985817,0.00017647411732468754
DQN,55,final,1732,4732,0.08080013275146486,2.0,2.0,0.4511878192424774,0.0002103943843394518
DQN,55,final,1733,4733,0.13034714937210085,2.0,2.0,0.8997896313667297,0.00018610495317261666
DQN,55,final,1734,4734,0.0731926727294922,2.0,2.0,0.5376148819923401,0.00016921001952141523
DQN,55,final,1735,4735,0.3408388566970825,3.0,3.0,1.0575779676437378,0.00023571308702230453
DQN,55,final,1736,4736,-0.09055358171463011,5.0,4.0,0.653786838054657,0.00018364737188676373
DQN,55,final,1737,4737,0.27536572694778444,2.0,2.0,0.6942874789237976,0.00020051444880664349
DQN,55,final,1738,4738,0.09000000000000001,1.0,1.0,0.6802980303764343,0.00015551733667962253
DQN,55,final,1739,4739,0.09000000000000001,1.0,1.0,0.7825908660888672,0.00012977620644960552
DQN,55,final,1740,4740,0.09000000000000001,1.0,1.0,0.13335691392421722,0.00024023036530707031
DQN,55,final,1741,4741,-0.44263081550598143,10.0,2.0,1.1804896593093872,0.0002639381375047378
DQN,55,final,1742,4742,-0.09121062636375425,3.0,3.0,0.6256125569343567,0.0001584451577703779
DQN,55,final,1743,4743,-0.014396770000457748,2.0,2.0,0.7452472448348999,0.0001531165835331194
DQN,55,final,1744,4744,0.018198666572570812,4.0,4.0,0.5662949681282043,0.00019127300038235262
DQN,55,final,1745,4745,0.09000000000000001,1.0,1.0,0.1381896585226059,0.00010383251355960965
DQN,55,final,1746,4746,-0.02422445297241209,3.0,3.0,1.0089019536972046,0.00023055721734029552
DQN,55,final,1747,4747,0.06060139060020448,3.0,3.0,0.44183349609375,0.00023340046755038202
DQN,55,final,1748,4748,0.12709675908088686,2.0,2.0,0.27097374200820923,0.0003581137571018189
DQN,55,final,1749,4749,0.09698881387710573,2.0,2.0,0.2135974019765854,0.000124566624435829
DQN,55,final,1750,4750,0.0898206901550293,3.0,3.0,0.4755921959877014,0.00013889969704905525
DQN,55,final,1751,4751,0.22279037714004518,2.0,2.0,0.738500714302063,0.000145819391036639
DQN,55,final,1752,4752,0.09000000000000001,1.0,1.0,0.12640030682086945,0.00016314972890540957
DQN,55,final,1753,4753,0.09000000000000001,1.0,1.0,0.4913152754306793,0.00023721483012195677
DQN,55,final,1754,4754,0.17147834777832033,2.0,2.0,0.621094822883606,0.00016183318075491115
DQN,55,final,1755,4755,0.09000000000000001,1.0,1.0,0.1410008668899536,0.0005754990852437913
DQN,55,final,1756,4756,0.09000000000000001,1.0,1.0,0.27988824248313904,0.00015653815353289247
DQN,55,final,1757,4757,0.19521923542022707,2.0,2.0,0.5957316756248474,0.00012574425636557862
DQN,55,final,1758,4758,0.2059432339668274,3.0,3.0,0.8646760582923889,0.0001874046332280462
DQN,55,final,1759,4759,0.18747903585433962,2.0,2.0,0.7598611116409302,0.0001972844693227671
DQN,55,final,1760,4760,0.1433215606212616,2.0,2.0,0.34498485922813416,0.00017965512233786285
DQN,55,final,1761,4761,0.07425941705703737,2.0,2.0,0.6967529654502869,0.0002513400286261458
DQN,55,final,1762,4762,0.09000000000000001,1.0,1.0,0.2942335307598114,0.000354897347278893
DQN,55,final,1763,4763,-0.04400689721107483,2.0,2.0,0.5705319046974182,0.00013209151438786648
DQN,55,final,1764,4764,-0.04622454524040222,3.0,2.0,0.40158015489578247,0.0010606286571904395
DQN,55,final,1765,4765,0.07314677238464357,5.0,3.0,0.635085940361023,0.0002581821318017319
DQN,55,final,1766,4766,0.09000000000000001,1.0,1.0,0.25197601318359375,0.00032892648596316576
DQN,55,final,1767,4767,0.09000000000000001,1.0,1.0,0.3765299916267395,0.0004181814147159457
DQN,55,final,1768,4768,0.13412744522094727,3.0,3.0,0.7888191342353821,0.0002956844206588964
DQN,55,final,1769,4769,0.053615428209304816,3.0,3.0,0.47616714239120483,0.00025730007716144126
DQN,55,final,1770,4770,0.007883863449096695,2.0,2.0,0.23493851721286774,0.0002397219359409064
DQN,55,final,1771,4771,0.09000000000000001,1.0,1.0,0.3428420424461365,0.00017088472668547183
DQN,55,final,1772,4772,0.20889873981475832,2.0,2.0,0.945620059967041,0.0001909985876409337
DQN,55,final,1773,4773,0.13924105644226076,2.0,2.0,0.4336245357990265,0.00027454212977318093
DQN,55,final,1774,4774,0.09000000000000001,1.0,1.0,0.558273196220398,0.00025616370839998126
DQN,55,final,1775,4775,-0.16024150729179382,3.0,3.0,0.48252251744270325,0.00042471302246364456
DQN,55,final,1776,4776,0.09000000000000001,1.0,1.0,0.638759434223175,0.00018356283544562757
DQN,55,final,1777,4777,0.1294552755355835,3.0,3.0,0.9975019693374634,0.00024407253416332728
DQN,55,final,1778,4778,0.1867478656768799,2.0,2.0,0.8530228734016418,0.0003049303049920127
DQN,55,final,1779,4779,0.18148316621780397,2.0,2.0,0.7910820245742798,0.00019565273396437988
DQN,55,final,1780,4780,-0.3627784132957459,10.0,2.0,0.4790072441101074,0.00027324726106598974
DQN,55,final,1781,4781,0.2830676603317261,2.0,2.0,0.7812158465385437,0.00020226735796313733
DQN,55,final,1782,4782,0.09000000000000001,1.0,1.0,0.378435879945755,0.00024076682166196406
DQN,55,final,1783,4783,0.09000000000000001,1.0,1.0,0.24683423340320587,0.0002564404858276248
DQN,55,final,1784,4784,0.18716413497924805,3.0,3.0,0.9742153882980347,0.0002316294024543216
DQN,55,final,1785,4785,0.09000000000000001,1.0,1.0,0.4504098892211914,0.00012916441482957453
DQN,55,final,1786,4786,0.09000000000000001,1.0,1.0,0.5639291405677795,0.0001490931463195011
DQN,55,final,1787,4787,0.09000000000000001,1.0,1.0,0.5852051377296448,0.00019489202531985939
DQN,55,final,1788,4788,0.06904237270355225,5.0,5.0,0.5335451364517212,0.00024580141325714067
DQN,55,final,1789,4789,-0.21034769296646116,8.0,3.0,0.7883425951004028,0.00017939602366823237
DQN,55,final,1790,4790,0.27461469888687134,3.0,3.0,0.5361059308052063,0.00024876996273330104
DQN,55,final,1791,4791,0.09000000000000001,1.0,1.0,0.5805131793022156,0.00027661194326356053
DQN,55,final,1792,4792,0.24614001035690308,3.0,3.0,0.49538880586624146,0.00018731473634640375
DQN,55,final,1793,4793,0.13236428022384644,3.0,3.0,0.7803486585617065,0.00018069966851423183
DQN,55,final,1794,4794,0.15853722572326662,2.0,2.0,0.5652834177017212,0.0001755370176397264
DQN,55,final,1795,4795,0.18012989282608033,3.0,3.0,0.7482866644859314,0.0002977161348098889
DQN,55,final,1796,4796,0.09000000000000001,1.0,1.0,0.9996691346168518,0.00015634772717021406
DQN,55,final,1797,4797,0.09000000000000001,1.0,1.0,0.5435562133789062,0.0002705078513827175
DQN,55,final,1798,4798,-0.08278582096099855,10.0,3.0,0.3789253830909729,0.0001920189883094281
DQN,55,final,1799,4799,-0.46175920963287354,10.0,3.0,0.9816821813583374,0.00023638110724277794
DQN,55,final,1800,4800,0.09000000000000001,1.0,1.0,0.7115294337272644,0.0002855314523912966
DQN,55,final,1801,4801,0.09000000000000001,1.0,1.0,0.30586665868759155,9.747598960530013e-05
DQN,55,final,1802,4802,0.09000000000000001,1.0,1.0,0.34738022089004517,0.0002462021657265723
DQN,55,final,1803,4803,0.09000000000000001,1.0,1.0,0.19221870601177216,0.00016027277160901576
DQN,55,final,1804,4804,0.23796262025833131,2.0,2.0,0.5557693243026733,0.0002672058981261216
DQN,55,final,1805,4805,0.09000000000000001,1.0,1.0,0.2530219852924347,0.00012907291238661855
DQN,55,final,1806,4806,0.09000000000000001,1.0,1.0,0.18468570709228516,9.100923489313573e-05
DQN,55,final,1807,4807,-0.05146602869033813,3.0,2.0,0.656896710395813,0.0001568987596935282
DQN,55,final,1808,4808,0.11421682119369508,2.0,2.0,0.3592165410518646,0.0002087834945996292
DQN,55,final,1809,4809,0.09000000000000001,1.0,1.0,0.4210944175720215,0.00013104522076901048
DQN,55,final,1810,4810,0.09000000000000001,1.0,1.0,0.21018467843532562,0.0003106394724454731
DQN,55,final,1811,4811,0.09000000000000001,1.0,1.0,0.13938702642917633,0.00023647728085052222
DQN,55,final,1812,4812,0.09000000000000001,1.0,1.0,0.19953705370426178,0.00010339969594497234
DQN,55,final,1813,4813,0.03742198824882508,2.0,2.0,0.24923981726169586,0.00015000526036601514
DQN,55,final,1814,4814,0.1410218644142151,2.0,2.0,0.8114134073257446,0.00030325670377351344
DQN,55,final,1815,4815,0.002306314110755936,2.0,2.0,0.25610437989234924,0.0002501446142559871
DQN,55,final,1816,4816,0.29458821535110474,3.0,3.0,0.6019790768623352,0.00015571473340969533
DQN,55,final,1817,4817,0.09000000000000001,1.0,1.0,0.5251956582069397,0.0004981122328899801
DQN,55,final,1818,4818,0.2847000527381897,2.0,2.0,0.6773380637168884,0.00021643942454829812
DQN,55,final,1819,4819,0.09000000000000001,1.0,1.0,0.4160534739494324,0.00017263670451939106
DQN,55,final,1820,4820,0.00916696310043337,3.0,3.0,0.8837456703186035,0.0003187486096673335
DQN,55,final,1821,4821,0.1125931215286255,3.0,3.0,1.2452352046966553,0.00023968896615163734
DQN,55,final,1822,4822,0.09000000000000001,1.0,1.0,0.4195980429649353,0.000230561985517852
DQN,55,final,1823,4823,-0.1626891374588013,10.0,2.0,0.6371966600418091,0.0002155997572117485
DQN,55,final,1824,4824,0.3358073902130127,3.0,3.0,0.9462693929672241,0.0002120316494256258
DQN,55,final,1825,4825,0.2267341685295105,3.0,3.0,0.5583069920539856,0.0002603166746363665
DQN,55,final,1826,4826,0.09000000000000001,1.0,1.0,0.306780070066452,0.0002586420741863549
DQN,55,final,1827,4827,0.0948829221725464,2.0,2.0,0.568055272102356,0.0003269988374086097
DQN,55,final,1828,4828,0.12556690692901612,3.0,3.0,1.0512311458587646,0.00018175192720567188
DQN,55,final,1829,4829,-0.033425204753875726,3.0,3.0,0.47588327527046204,0.00017314521634640792
DQN,55,final,1830,4830,0.013634301424026496,3.0,3.0,0.5019747018814087,0.0002858772956339332
DQN,55,final,1831,4831,0.08364142656326295,2.0,2.0,0.48086103796958923,0.00046591993304900825
DQN,55,final,1832,4832,0.2021742630004883,2.0,2.0,0.693608820438385,0.0003085640273639001
DQN,55,final,1833,4833,0.23686511039733887,3.0,3.0,0.584685206413269,0.00020855210702090213
DQN,55,final,1834,4834,0.05586420178413392,2.0,2.0,0.5010470151901245,0.00019187078578397632
DQN,55,final,1835,4835,-0.05086176872253419,3.0,3.0,0.7155035734176636,0.0001455977859829242
DQN,55,final,1836,4836,0.234481440782547,2.0,2.0,0.49482133984565735,0.00019278445688541979
DQN,55,final,1837,4837,0.09000000000000001,1.0,1.0,0.19546915590763092,0.00022506219102069736
DQN,55,final,1838,4838,0.14942966580390932,2.0,2.0,0.43827036023139954,0.00024462305736960843
DQN,55,final,1839,4839,0.2039566707611084,3.0,3.0,1.00824773311615,0.00026350331609137356
DQN,55,final,1840,4840,0.09000000000000001,1.0,1.0,0.22661736607551575,9.639129712013528e-05
DQN,55,final,1841,4841,0.09000000000000001,1.0,1.0,0.2569291293621063,0.0001272806548513472
DQN,55,final,1842,4842,0.09000000000000001,1.0,1.0,0.37232473492622375,0.00013138748181518167
DQN,55,final,1843,4843,0.16229202032089235,2.0,2.0,0.6176329255104065,9.016619151225314e-05
DQN,55,final,1844,4844,0.09000000000000001,1.0,1.0,0.5106286406517029,0.00019196585344616324
DQN,55,final,1845,4845,0.03886266231536866,2.0,2.0,0.6805829405784607,0.00014708385060657747
DQN,55,final,1846,4846,0.13747907400131226,3.0,3.0,0.70319664478302,0.00021190365077927709
DQN,55,final,1847,4847,0.21217746257781983,3.0,3.0,1.0811631679534912,0.0001951096516374188
DQN,55,final,1848,4848,0.09737284660339357,2.0,2.0,0.36331358551979065,8.712881754036061e-05
DQN,55,final,1849,4849,-0.34445083141326904,10.0,3.0,0.6851156949996948,0.00018437394173815848
DQN,55,final,1850,4850,-0.5206097960472107,10.0,3.0,0.620765209197998,0.00017417573399143295
DQN,55,final,1851,4851,0.09000000000000001,1.0,1.0,0.11606532335281372,0.0002537619147915393
DQN,55,final,1852,4852,0.1374540400505066,3.0,3.0,0.8958161473274231,0.00011154553794767708
DQN,55,final,1853,4853,0.23324047327041625,5.0,5.0,0.9000304341316223,0.00015533495461568237
DQN,55,final,1854,4854,0.42826098918914796,3.0,3.0,0.5724477767944336,0.0002861777005212692
DQN,55,final,1855,4855,0.007908771038055415,4.0,3.0,0.5819472670555115,0.0001988465173781151
DQN,55,final,1856,4856,-0.23396990060806272,6.0,2.0,0.6075097918510437,0.00021553847909672186
DQN,55,final,1857,4857,0.0783501434326172,2.0,2.0,0.18001970648765564,0.00013978963397676125
DQN,55,final,1858,4858,0.09000000000000001,1.0,1.0,0.32089710235595703,0.0002635486889630556
DQN,55,final,1859,4859,0.17854561090469362,2.0,2.0,0.7904807329177856,0.00021779348753625527
DQN,55,final,1860,4860,0.29455722093582154,3.0,3.0,0.6623926758766174,0.0001412502897437662
DQN,55,final,1861,4861,0.45184820652008056,4.0,4.0,0.8081036806106567,0.00021415459923446178
DQN,55,final,1862,4862,0.19875795364379883,3.0,3.0,0.9037765264511108,0.0002484472158054511
DQN,55,final,1863,4863,0.1269974184036255,3.0,3.0,1.2378484010696411,0.0001831617507074649
DQN,55,final,1864,4864,0.09000000000000001,1.0,1.0,0.09274445474147797,0.00019416556460782886
DQN,55,final,1865,4865,0.24726547479629518,2.0,2.0,0.2968328297138214,0.00038367920933524147
DQN,55,final,1866,4866,0.09442682743072511,2.0,2.0,0.5842056274414062,0.00019637799414340407
DQN,55,final,1867,4867,0.26227460980415346,2.0,2.0,0.34417375922203064,0.00013485721501638182
DQN,55,final,1868,4868,0.04418863534927369,2.0,2.0,0.5773206949234009,0.00023667966888751835
DQN,55,final,1869,4869,0.09000000000000001,1.0,1.0,0.2865426540374756,0.0003097706357948482
DQN,55,final,1870,4870,0.3745734763145447,3.0,3.0,0.9618361592292786,0.00021129177184775472
DQN,55,final,1871,4871,0.2573306727409363,2.0,2.0,0.795109748840332,0.0001447804388590157
DQN,55,final,1872,4872,0.12116952419281007,2.0,2.0,0.5640398263931274,0.00015074824477778748
DQN,55,final,1873,4873,0.09000000000000001,1.0,1.0,0.1686854511499405,0.00012580589100252837
DQN,55,final,1874,4874,0.09000000000000001,1.0,1.0,0.15225516259670258,0.0008427277207374573
DQN,55,final,1875,4875,0.09000000000000001,1.0,1.0,0.4780983328819275,0.0003343376738484949
DQN,55,final,1876,4876,0.1060501801967621,2.0,2.0,0.25729045271873474,0.0003464522887952626
DQN,55,final,1877,4877,0.09265441417694092,3.0,3.0,1.179553747177124,0.00020693999249488115
DQN,55,final,1878,4878,-0.23433355093002323,10.0,3.0,0.507742166519165,0.0002519066489185207
DQN,55,final,1879,4879,-0.024666471481323227,2.0,2.0,0.815719485282898,0.00022766370966564864
DQN,55,final,1880,4880,0.09000000000000001,1.0,1.0,0.5755949020385742,0.00015360620454885066
DQN,55,final,1881,4881,0.19741690158843994,5.0,4.0,0.8735858201980591,0.0003217167090042494
DQN,55,final,1882,4882,0.19081414461135865,3.0,3.0,0.784579336643219,0.00023239913571160287
DQN,55,final,1883,4883,0.3396843147277832,3.0,3.0,0.6695595383644104,0.0001602419069968164
DQN,55,final,1884,4884,0.1022141742706299,2.0,2.0,0.5294944643974304,0.00013154632688383572
DQN,55,final,1885,4885,0.09000000000000001,1.0,1.0,0.6836442947387695,0.00010683750588214025
DQN,55,final,1886,4886,0.2547332215309143,2.0,2.0,0.9122440218925476,0.0001948542703757994
DQN,55,final,1887,4887,0.12243481159210207,2.0,2.0,0.49241727590560913,0.0002099924058711622
DQN,55,final,1888,4888,0.014855490922927872,2.0,2.0,0.36645641922950745,0.0008659227605676278
DQN,55,final,1889,4889,0.09000000000000001,1.0,1.0,0.19067835807800293,0.0001447526883566752
DQN,55,final,1890,4890,0.40746349811553956,3.0,3.0,0.9929052591323853,0.0001934190368046984
DQN,55,final,1891,4891,0.17893864393234254,2.0,2.0,0.7349311113357544,0.00023868803691584617
DQN,55,final,1892,4892,0.15689554989337923,2.0,2.0,0.20442317426204681,0.00018925417680293322
DQN,55,final,1893,4893,0.16866011142730714,3.0,3.0,0.4495658278465271,0.00033966387854889035
DQN,55,final,1894,4894,-0.05638702034950256,2.0,2.0,0.41535529494285583,0.0002680360194062814
DQN,55,final,1895,4895,0.11940730333328248,3.0,3.0,0.7722936272621155,0.00021254662230300406
DQN,55,final,1896,4896,0.1411531138420105,2.0,2.0,0.8587242364883423,0.0001895883833640255
DQN,55,final,1897,4897,0.15237547636032106,2.0,2.0,0.4346201419830322,0.00019277324463473633
DQN,55,final,1898,4898,0.11412824869155885,2.0,2.0,0.5836702585220337,0.0005162782617844641
DQN,55,final,1899,4899,0.2079662847518921,2.0,2.0,0.2838594317436218,0.00022998239728622139
DQN,55,final,1900,4900,0.013848669528961202,3.0,3.0,0.3574291169643402,0.0005236163027196502
DQN,55,final,1901,4901,-0.01285599946975706,3.0,3.0,0.9197458028793335,0.00023840485664550215
DQN,55,final,1902,4902,0.05449116945266724,3.0,3.0,0.8052701950073242,0.00024680605565663427
DQN,55,final,1903,4903,0.029066191911697396,2.0,2.0,0.44936367869377136,0.00037109879485797137
DQN,55,final,1904,4904,0.14900396227836607,4.0,3.0,0.39938172698020935,0.0002666884429345373
DQN,55,final,1905,4905,0.09794603466987611,2.0,2.0,0.3565712571144104,0.0003580156626412645
DQN,55,final,1906,4906,0.00827135324478151,2.0,2.0,0.4769918620586395,0.00031177840719465166
DQN,55,final,1907,4907,0.09000000000000001,1.0,1.0,0.1461738646030426,0.00018227752298116684
DQN,55,final,1908,4908,0.09000000000000001,1.0,1.0,0.3882715702056885,0.0002627630310598761
DQN,55,final,1909,4909,0.04989817917346955,2.0,2.0,0.25426802039146423,0.00039999459113460034
DQN,55,final,1910,4910,0.09000000000000001,1.0,1.0,0.13743266463279724,0.00011055685899918899
DQN,55,final,1911,4911,0.29362340450286867,2.0,2.0,0.9876165390014648,0.0002651902104844339
DQN,55,final,1912,4912,0.2720634508132935,2.0,2.0,1.1757452487945557,0.00029610218189191073
DQN,55,final,1913,4913,0.09000000000000001,1.0,1.0,0.06559894979000092,0.00025178963551297784
DQN,55,final,1914,4914,0.3742215704917908,3.0,3.0,0.7575764060020447,0.00027587803682157147
DQN,55,final,1915,4915,0.24740506887435915,2.0,2.0,0.3373854160308838,0.00027095238328911364
DQN,55,final,1916,4916,-0.002261902689933773,3.0,2.0,0.24224314093589783,0.00016224337741732597
DQN,55,final,1917,4917,0.09000000000000001,1.0,1.0,0.21000637114048004,0.0002513634681235999
DQN,55,final,1918,4918,0.12023217201232911,3.0,3.0,0.6997535824775696,0.00045835788478143513
DQN,55,final,1919,4919,0.2717064690589905,3.0,3.0,0.676903247833252,0.00022092186069736877
DQN,55,final,1920,4920,0.37914778470993044,2.0,2.0,0.8302918076515198,0.00022738683765055612
DQN,55,final,1921,4921,0.09000000000000001,1.0,1.0,0.48255518078804016,0.00014971461496315897
DQN,55,final,1922,4922,0.09000000000000001,1.0,1.0,0.2916204333305359,0.00021949110669083893
DQN,55,final,1923,4923,0.09000000000000001,1.0,1.0,0.2956649363040924,0.00035108334850519896
DQN,55,final,1924,4924,0.15794499397277834,2.0,2.0,0.755409300327301,0.0002555568134994246
DQN,55,final,1925,4925,0.12160733520984651,2.0,2.0,0.23511989414691925,0.00023890426382422447
DQN,55,final,1926,4926,-0.24706200599670408,9.0,3.0,0.8042846322059631,0.0002769644537086909
DQN,55,final,1927,4927,0.3398652744293213,3.0,3.0,0.9907535314559937,0.00025171865612113226
DQN,55,final,1928,4928,0.09000000000000001,1.0,1.0,0.6256111860275269,0.00021258278866298497
DQN,55,final,1929,4929,0.05538357973098756,2.0,2.0,0.9648398160934448,0.00020066001161467284
DQN,55,final,1930,4930,0.09000000000000001,1.0,1.0,0.32678648829460144,0.00023768923711031675
DQN,55,final,1931,4931,0.18719287395477296,2.0,2.0,0.8400782942771912,0.00021237348846625537
DQN,55,final,1932,4932,0.12545688629150392,2.0,2.0,0.36485740542411804,0.0002202308751293458
DQN,55,final,1933,4933,0.21081455230712892,2.0,2.0,0.6304274201393127,0.00018526076746638864
DQN,55,final,1934,4934,0.005863792896270759,3.0,3.0,0.8499003648757935,0.00026109070555927855
DQN,55,final,1935,4935,0.23805554389953615,2.0,2.0,0.7163164019584656,0.0003885779151460156
DQN,55,final,1936,4936,0.1279751229286194,2.0,2.0,0.8102177381515503,0.0004859619803028181
DQN,55,final,1937,4937,0.055792348384857186,2.0,2.0,0.22594091296195984,0.0002157839116989635
DQN,55,final,1938,4938,0.09000000000000001,1.0,1.0,0.1524910032749176,0.0003751648764591664
DQN,55,final,1939,4939,0.2483573627471924,3.0,3.0,0.7277242541313171,0.00038955657995150733
DQN,55,final,1940,4940,0.06431740283966064,4.0,4.0,0.9006440043449402,0.000277492894383613
DQN,55,final,1941,4941,0.13471116304397585,2.0,2.0,0.8092077374458313,0.0003279532102169469
DQN,55,final,1942,4942,0.08110243797302247,3.0,3.0,0.2903999984264374,0.0003620652035654833
DQN,55,final,1943,4943,0.31339669942855836,3.0,3.0,0.8508747220039368,0.00026829827887316543
DQN,55,final,1944,4944,0.30739439249038697,3.0,3.0,0.6842451095581055,0.00026574404910206795
DQN,55,final,1945,4945,0.10607953548431398,2.0,2.0,0.514275312423706,0.00014388346244231798
DQN,55,final,1946,4946,0.09000000000000001,1.0,1.0,0.5328239798545837,0.00022740366694051772
DQN,55,final,1947,4947,0.06346763849258424,2.0,2.0,0.823876678943634,0.00023392884759232402
DQN,55,final,1948,4948,0.00531394004821778,3.0,3.0,1.13453209400177,0.00019646172828894729
DQN,55,final,1949,4949,0.09000000000000001,1.0,1.0,0.1257556676864624,0.0001480371574871242
DQN,55,final,1950,4950,0.12200761556625368,3.0,3.0,0.36357662081718445,0.00019563479872886091
DQN,55,final,1951,4951,0.09000000000000001,1.0,1.0,0.33846941590309143,0.0002752442378550768
DQN,55,final,1952,4952,0.23080743074417115,3.0,3.0,0.5503373742103577,0.0002908411455185463
DQN,55,final,1953,4953,0.09000000000000001,1.0,1.0,0.769648551940918,0.00014128268230706453
DQN,55,final,1954,4954,0.09000000000000001,1.0,1.0,0.2879626750946045,0.0003122421621810645
DQN,55,final,1955,4955,0.09000000000000001,1.0,1.0,0.37769174575805664,0.00019331717339809984
DQN,55,final,1956,4956,-0.6818698942661288,10.0,3.0,0.3351304829120636,0.00024075116816675292
DQN,55,final,1957,4957,0.21484692573547365,2.0,2.0,1.1332734823226929,0.00018093688413500786
DQN,55,final,1958,4958,0.2390343713760376,2.0,2.0,0.5974327921867371,0.00021679430938092992
DQN,55,final,1959,4959,0.009164769649505619,3.0,2.0,0.15438814461231232,0.00017745928198564798
DQN,55,final,1960,4960,0.22907502174377442,3.0,3.0,0.7605289816856384,0.0002133017648399497
DQN,55,final,1961,4961,-0.761951267719269,10.0,3.0,0.8319141268730164,0.0003371282742591575
DQN,55,final,1962,4962,-0.11919873237609864,3.0,3.0,0.81615149974823,0.00024864730949047953
DQN,55,final,1963,4963,0.09000000000000001,1.0,1.0,0.3549346923828125,9.967012738343328e-05
DQN,55,final,1964,4964,-0.08919700264930726,3.0,3.0,0.6114031076431274,0.0002248573776644965
DQN,55,final,1965,4965,-0.05352870941162109,2.0,2.0,0.44738128781318665,0.00022917851310921833
DQN,55,final,1966,4966,0.2653504776954651,2.0,2.0,0.601650595664978,0.0001851038250606507
DQN,55,final,1967,4967,-0.03351067066192627,6.0,3.0,1.0489795207977295,0.0001919866602596206
DQN,55,final,1968,4968,0.1807177233695984,2.0,2.0,0.38035818934440613,0.00022166634880704805
DQN,55,final,1969,4969,0.15717445492744447,2.0,2.0,0.3356172740459442,0.0001655315500102006
DQN,55,final,1970,4970,0.09000000000000001,1.0,1.0,0.5539206862449646,0.00018936139531433582
DQN,55,final,1971,4971,-0.3654343271255493,9.0,3.0,1.2502973079681396,0.0002225315935599307
DQN,55,final,1972,4972,0.3190392827987671,4.0,4.0,1.1444848775863647,0.00017301953630521894
DQN,55,final,1973,4973,0.10689242362976076,2.0,2.0,0.5041821002960205,0.00022691596677759662
DQN,55,final,1974,4974,0.1234735417366028,2.0,2.0,0.7046509981155396,0.00019217267981730402
DQN,55,final,1975,4975,-0.04054877519607543,6.0,2.0,0.3771164119243622,0.0002351391885895282
DQN,55,final,1976,4976,0.19797967553138734,2.0,2.0,0.2884821891784668,0.0002441007163724862
DQN,55,final,1977,4977,-0.021699709892272934,2.0,2.0,0.6531473398208618,0.0001660926573094912
DQN,55,final,1978,4978,0.16318424224853517,2.0,2.0,0.6056744456291199,0.0003221790539100766
DQN,55,final,1979,4979,0.09000000000000001,1.0,1.0,0.45202016830444336,0.00034178944770246744
DQN,55,final,1980,4980,0.1530363726615906,2.0,2.0,0.8226222395896912,0.00016113925448735245
DQN,55,final,1981,4981,0.09000000000000001,1.0,1.0,0.14226260781288147,0.00017601114814169705
DQN,55,final,1982,4982,0.05994476556777955,2.0,2.0,0.10636786371469498,0.0002338615813641809
DQN,55,final,1983,4983,0.16817562460899355,2.0,2.0,0.48890504240989685,0.00023274551494978368
DQN,55,final,1984,4984,0.39767152786254883,3.0,3.0,0.6037909388542175,0.00015289861524555212
DQN,55,final,1985,4985,0.09000000000000001,1.0,1.0,0.2215903103351593,0.00017657471471466124
DQN,55,final,1986,4986,0.21999485969543459,2.0,2.0,0.6918026804924011,0.00016690260963514447
DQN,55,final,1987,4987,0.10350860834121706,2.0,2.0,0.9465007781982422,0.0003918080765288323
DQN,55,final,1988,4988,0.09000000000000001,1.0,1.0,0.10107169300317764,0.00028385219047777355
DQN,55,final,1989,4989,0.06618365824222566,2.0,2.0,0.16645893454551697,0.00017814479360822588
DQN,55,final,1990,4990,-0.003988864421844471,4.0,4.0,0.9585161805152893,0.0002524413248465862
DQN,55,final,1991,4991,0.09000000000000001,1.0,1.0,0.43358951807022095,0.00020665369811467826
DQN,55,final,1992,4992,0.0897363591194153,2.0,2.0,0.5052669644355774,0.00026527256704866886
DQN,55,final,1993,4993,-0.02843898296356201,6.0,4.0,1.0736476182937622,0.0001992855322896503
DQN,55,final,1994,4994,0.04714291214942933,3.0,2.0,0.4577505886554718,0.000207730641704984
DQN,55,final,1995,4995,0.09000000000000001,1.0,1.0,0.5151985883712769,0.00012974502169527113
DQN,55,final,1996,4996,0.09000000000000001,1.0,1.0,0.09496281296014786,0.0001432311109965667
DQN,55,final,1997,4997,0.09000000000000001,1.0,1.0,0.38231658935546875,0.0002474200155120343
DQN,55,final,1998,4998,0.1178963351249695,2.0,2.0,0.7608839869499207,0.0001330790291831363
DQN,55,final,1999,4999,-0.5320857763290405,10.0,3.0,0.3837699592113495,0.000216050777817145
DQN,55,final,2000,5000,0.1301968264579773,2.0,2.0,0.3981419503688812,0.00022962929506320506
DQN,55,final,2001,5001,0.053850488662719735,2.0,2.0,0.6246213316917419,0.00017986086459131911
DQN,55,final,2002,5002,0.11477596282958985,3.0,3.0,0.7640381455421448,0.0001764316669626472
DQN,55,final,2003,5003,0.09000000000000001,1.0,1.0,0.2594659626483917,0.00011990124039584771
DQN,55,final,2004,5004,-0.04101411581039428,3.0,2.0,0.7488520741462708,0.00023992778733372688
DQN,55,final,2005,5005,0.19284445762634278,3.0,3.0,1.2109012603759766,0.00024091764741266766
DQN,55,final,2006,5006,0.09000000000000001,1.0,1.0,0.2320188283920288,0.0001694558304734528
DQN,55,final,2007,5007,0.1395906972885132,2.0,2.0,0.5664188265800476,0.000402802717871964
DQN,55,final,2008,5008,0.024381758570671097,2.0,2.0,0.19272974133491516,0.0001919247442856431
DQN,55,final,2009,5009,0.028977530002594003,2.0,2.0,0.7081685662269592,0.0004021257263957523
DQN,55,final,2010,5010,0.09000000000000001,1.0,1.0,0.3019019067287445,6.579681212315336e-05
DQN,55,final,2011,5011,0.09000000000000001,1.0,1.0,0.37056678533554077,0.00016230170149356127
DQN,55,final,2012,5012,0.10513259649276735,2.0,2.0,0.7707052826881409,0.00019048633112106472
DQN,55,final,2013,5013,0.4631684494018555,3.0,3.0,1.320019006729126,0.0001571262643362085
DQN,55,final,2014,5014,0.03202660560607911,2.0,2.0,0.8745183348655701,0.00014732887939317152
DQN,55,final,2015,5015,0.09000000000000001,1.0,1.0,0.1728508174419403,0.0004948264686390758
DQN,55,final,2016,5016,0.07167120456695558,2.0,2.0,0.7082454562187195,9.320023673353717e-05
DQN,55,final,2017,5017,0.12481696128845216,3.0,3.0,0.3979978859424591,0.0003057666423652942
DQN,55,final,2018,5018,0.28098349571228026,5.0,5.0,1.0621321201324463,0.00019050001283176242
DQN,55,final,2019,5019,-0.6096448183059693,10.0,2.0,0.6625692248344421,0.00019523662340361624
DQN,55,final,2020,5020,0.09000000000000001,1.0,1.0,0.18885429203510284,0.00027701552608050406
DQN,55,final,2021,5021,0.08687831640243532,2.0,2.0,0.5154802203178406,0.0001770945091266185
DQN,55,final,2022,5022,0.035634713172912606,2.0,2.0,0.25986871123313904,0.0001481085055274889
DQN,55,final,2023,5023,0.09000000000000001,1.0,1.0,0.4449504315853119,0.00013296470569912344
DQN,55,final,2024,5024,0.21598847389221193,2.0,2.0,0.668296217918396,0.00018287137208972126
DQN,55,final,2025,5025,0.16053630590438844,2.0,2.0,0.8077706694602966,0.00010662593194865622
DQN,55,final,2026,5026,0.09000000000000001,1.0,1.0,0.10496228188276291,0.00032947075669653714
DQN,55,final,2027,5027,0.09000000000000001,1.0,1.0,0.6723887324333191,0.00013394256529863924
DQN,55,final,2028,5028,0.09000000000000001,1.0,1.0,0.7965787053108215,8.63640962052159e-05
DQN,55,final,2029,5029,0.13817580223083498,2.0,2.0,0.33614951372146606,0.00018317504145670682
DQN,55,final,2030,5030,-0.08328988432884214,3.0,3.0,0.49195724725723267,0.0003641808677154283
DQN,55,final,2031,5031,0.2297490406036377,2.0,2.0,0.766941249370575,0.0002721434866543859
DQN,55,final,2032,5032,0.09000000000000001,1.0,1.0,0.43386656045913696,0.0002562797162681818
DQN,55,final,2033,5033,-0.38656573295593266,10.0,2.0,1.0488187074661255,0.00021567936782957987
DQN,55,final,2034,5034,0.12379278421401979,2.0,2.0,0.5139492750167847,0.0001868347026174888
DQN,55,final,2035,5035,-0.45045753121376036,10.0,2.0,0.4032376706600189,0.00019286776878288948
DQN,55,final,2036,5036,0.1172753143310547,2.0,2.0,0.8287725448608398,0.000179284208570607
DQN,55,final,2037,5037,0.03840238571166993,3.0,3.0,0.8562845587730408,0.00019814513507299125
DQN,55,final,2038,5038,0.04239190578460694,4.0,3.0,0.7649461627006531,0.00017728874809108675
DQN,55,final,2039,5039,0.10427877485752107,2.0,2.0,0.24149031937122345,0.0002304091613041237
DQN,55,final,2040,5040,0.3935304057598114,3.0,3.0,0.47021928429603577,0.00018931169082255414
DQN,55,final,2041,5041,0.06014855384826661,2.0,2.0,0.7425376176834106,0.00017543302237754688
DQN,55,final,2042,5042,0.09000000000000001,1.0,1.0,0.6827163696289062,0.00017134974768850952
DQN,55,final,2043,5043,0.185942120552063,3.0,3.0,1.0611733198165894,0.0001346715556186003
DQN,55,final,2044,5044,0.20587213516235353,2.0,2.0,1.0974442958831787,0.00023819646594347432
DQN,55,final,2045,5045,-0.42823521137237547,9.0,3.0,1.3685659170150757,0.00023846014422209313
DQN,55,final,2046,5046,0.22705705642700197,2.0,2.0,0.8901563882827759,0.00011646860366454348
DQN,55,final,2047,5047,0.09000000000000001,1.0,1.0,0.36911430954933167,0.00016928411787375808
DQN,55,final,2048,5048,-0.24717225909233093,3.0,3.0,0.6905378103256226,0.00014344555772064874
DQN,55,final,2049,5049,0.09000000000000001,1.0,1.0,1.5803165435791016,0.00015127097140066326
DQN,55,final,2050,5050,0.13885711312294008,2.0,2.0,0.28134089708328247,0.00019515588064678013
DQN,55,final,2051,5051,0.15757395505905153,2.0,2.0,0.6701176762580872,0.00019316201360197738
DQN,55,final,2052,5052,0.0599879813194275,3.0,2.0,0.28527575731277466,0.00016778573141588518
DQN,55,final,2053,5053,0.18319554805755617,2.0,2.0,0.39981508255004883,0.00013363718244363554
DQN,55,final,2054,5054,0.299161331653595,2.0,2.0,0.6336908340454102,0.00020074703206773847
DQN,55,final,2055,5055,-0.2679314053058624,6.0,2.0,0.364683598279953,0.00017044971173163503
DQN,55,final,2056,5056,-0.02258306980133054,4.0,4.0,0.78743976354599,0.0001721219377941452
DQN,55,final,2057,5057,0.07957112550735475,4.0,4.0,0.4613063335418701,0.0001493227609898895
DQN,55,final,2058,5058,0.0810764002799988,2.0,2.0,0.6945403814315796,0.00021662256767740473
DQN,55,final,2059,5059,0.16916336297988893,2.0,2.0,0.43198490142822266,0.00022920776973478496
DQN,55,final,2060,5060,-0.32053786516189575,10.0,3.0,0.5615733861923218,0.0001965320720046293
DQN,55,final,2061,5061,0.0975912529230118,2.0,2.0,0.14511528611183167,0.00028819193539675325
DQN,55,final,2062,5062,0.09000000000000001,1.0,1.0,0.5296398401260376,0.0001922204246511683
DQN,55,final,2063,5063,0.06850887060165406,3.0,3.0,0.563936173915863,0.00023824876795212427
DQN,55,final,2064,5064,0.09000000000000001,1.0,1.0,0.26697444915771484,0.00015222883666865528
DQN,55,final,2065,5065,0.09000000000000001,1.0,1.0,0.3254365026950836,0.00017389157437719405
DQN,55,final,2066,5066,0.09000000000000001,1.0,1.0,0.5113853216171265,0.00046190086868591607
DQN,55,final,2067,5067,0.09000000000000001,1.0,1.0,0.5298369526863098,0.00025771575747057796
DQN,55,final,2068,5068,0.044884787797927865,2.0,2.0,0.4362184405326843,0.00015090407396201044
DQN,55,final,2069,5069,0.01472330808639527,3.0,3.0,0.45440736413002014,0.00021673706942237914
DQN,55,final,2070,5070,0.06867212235927583,2.0,2.0,0.10041675716638565,0.00015898966375971213
DQN,55,final,2071,5071,0.09000000000000001,1.0,1.0,0.17939962446689606,0.0004606387810781598
DQN,55,final,2072,5072,0.14231558322906496,2.0,2.0,0.6113781929016113,0.00017970411863643676
DQN,55,final,2073,5073,0.20713596224784853,2.0,2.0,0.48317644000053406,0.0001830158507800661
DQN,55,final,2074,5074,0.23939903259277345,2.0,2.0,0.6103945970535278,0.00011823897511931136
DQN,55,final,2075,5075,0.09000000000000001,1.0,1.0,0.5385923981666565,0.00020833159214816988
DQN,55,final,2076,5076,0.3214509356021881,2.0,2.0,0.4539397656917572,0.0002752466025413014
DQN,55,final,2077,5077,0.22393656492233277,3.0,3.0,0.6278867125511169,0.00022190437690975764
DQN,55,final,2078,5078,0.09000000000000001,1.0,1.0,0.16639317572116852,0.00026621189317665994
DQN,55,final,2079,5079,0.07839102268218996,3.0,3.0,0.943314254283905,0.000186536242836155
DQN,55,final,2080,5080,0.09000000000000001,1.0,1.0,0.1538013368844986,9.138305176747963e-05
DQN,55,final,2081,5081,0.09000000000000001,1.0,1.0,0.23162998259067535,0.00011507781164254993
DQN,55,final,2082,5082,0.0992881226539612,2.0,2.0,0.6223450899124146,0.00021886766262468882
DQN,55,final,2083,5083,0.1626172137260437,3.0,3.0,0.7021249532699585,0.00031529228726867586
DQN,55,final,2084,5084,0.09000000000000001,1.0,1.0,0.3329293429851532,0.00014756215387023985
DQN,55,final,2085,5085,0.016533643007278435,10.0,3.0,0.43967941403388977,0.0001816292839066591
DQN,55,final,2086,5086,0.11290536999702455,2.0,2.0,0.35140010714530945,0.00028118905174778774
DQN,55,final,2087,5087,0.09000000000000001,1.0,1.0,0.3532755970954895,0.00039779540384188294
DQN,55,final,2088,5088,0.07187937378883363,2.0,2.0,0.45327168703079224,0.00015460377471754327
DQN,55,final,2089,5089,0.09000000000000001,1.0,1.0,0.31052365899086,0.0001738779537845403
DQN,55,final,2090,5090,0.34607155799865724,2.0,2.0,0.7265269160270691,0.00010731558359111659
DQN,55,final,2091,5091,0.32338218569755556,2.0,2.0,0.31394830346107483,0.00016682676141499542
DQN,55,final,2092,5092,0.1465209197998047,3.0,3.0,0.8041767477989197,0.00016226984735112637
DQN,55,final,2093,5093,0.09000000000000001,1.0,1.0,0.35650259256362915,0.0003099095483776182
DQN,55,final,2094,5094,0.09000000000000001,1.0,1.0,0.21723760664463043,0.0001242298021679744
DQN,55,final,2095,5095,0.09000000000000001,1.0,1.0,0.44677072763442993,0.00014107968308962882
DQN,55,final,2096,5096,-0.03447663784027101,10.0,3.0,1.4370015859603882,0.00019976645198767075
DQN,55,final,2097,5097,0.09000000000000001,1.0,1.0,0.0974239706993103,0.00013069246779195964
DQN,55,final,2098,5098,0.14548218965530396,3.0,3.0,0.795920729637146,0.0002657953300513327
DQN,55,final,2099,5099,0.09000000000000001,1.0,1.0,0.21798935532569885,0.00021156105503905565
DQN,55,final,2100,5100,0.18958725214004518,2.0,2.0,0.7290936708450317,0.00020191264775348827
DQN,55,final,2101,5101,0.09000000000000001,1.0,1.0,0.21989886462688446,0.00017475731146987528
DQN,55,final,2102,5102,0.24588508129119874,3.0,3.0,0.991052508354187,0.00020067181806856146
DQN,55,final,2103,5103,0.09000000000000001,1.0,1.0,0.5413834452629089,0.0001905804529087618
DQN,55,final,2104,5104,0.09000000000000001,1.0,1.0,0.804445743560791,0.00022534752497449517
DQN,55,final,2105,5105,0.18736611485481264,2.0,2.0,0.4404454529285431,0.0002645441491040401
DQN,55,final,2106,5106,0.06346084356307985,2.0,2.0,0.9584556221961975,0.00018496299162507057
DQN,55,final,2107,5107,0.25226075172424317,3.0,3.0,0.6888934373855591,0.00016834228881634772
DQN,55,final,2108,5108,0.12711139202117921,2.0,2.0,0.562470555305481,0.00013148426660336554
DQN,55,final,2109,5109,0.29632312774658204,3.0,3.0,0.8593732118606567,0.0003204450864965717
DQN,55,final,2110,5110,0.09000000000000001,1.0,1.0,0.15707209706306458,0.0001366983779007569
DQN,55,final,2111,5111,0.13258673429489137,2.0,2.0,0.7872092127799988,0.0002433467234368436
DQN,55,final,2112,5112,0.43159515380859376,3.0,3.0,1.2295726537704468,0.00014593638722241545
DQN,55,final,2113,5113,0.15924491167068483,2.0,2.0,0.5366942286491394,0.00028916343580931425
DQN,55,final,2114,5114,0.12133385419845583,2.0,2.0,0.3943846523761749,0.00018865261517930776
DQN,55,final,2115,5115,0.5137002635002136,2.0,2.0,0.7530177235603333,0.00025370452931383625
DQN,55,final,2116,5116,0.09394104957580568,2.0,2.0,0.7128039598464966,0.00014547520186170004
DQN,55,final,2117,5117,0.09000000000000001,1.0,1.0,0.1733582317829132,0.00010344315523980185
DQN,55,final,2118,5118,0.11619426488876344,2.0,2.0,0.8914873003959656,0.00025277335953433067
DQN,55,final,2119,5119,0.11629869222640993,2.0,2.0,0.7418642640113831,0.00034588125708978623
DQN,55,final,2120,5120,0.09000000000000001,1.0,1.0,0.30438941717147827,0.00017213998944498599
DQN,55,final,2121,5121,0.21617878198623658,3.0,3.0,0.6317243576049805,0.0003714667764143087
DQN,55,final,2122,5122,0.3684555459022522,2.0,2.0,0.7529861330986023,0.00017887646390590817
DQN,55,final,2123,5123,0.09000000000000001,1.0,1.0,0.39254993200302124,7.986137643456459e-05
DQN,55,final,2124,5124,0.1504493522644043,2.0,2.0,0.5994810461997986,0.0002221060058218427
DQN,55,final,2125,5125,0.09000000000000001,1.0,1.0,0.4494574964046478,0.00017421250231564045
DQN,55,final,2126,5126,-0.18277335405349732,9.0,5.0,0.7481576204299927,0.00023318280646991398
DQN,55,final,2127,5127,0.11824125766754151,3.0,3.0,1.0144495964050293,0.0002494673487187053
DQN,55,final,2128,5128,0.11272288084030152,3.0,3.0,0.532264232635498,0.00025567571477343637
DQN,55,final,2129,5129,-0.4093897342681885,10.0,3.0,0.7665077447891235,0.00019514398445608094
DQN,55,final,2130,5130,0.09655399799346925,2.0,2.0,0.30282750725746155,0.000207782653887989
DQN,55,final,2131,5131,0.026280002593994156,2.0,2.0,0.6505194306373596,0.00012065297778462991
DQN,55,final,2132,5132,0.09000000000000001,1.0,1.0,0.08668909221887589,8.991414506454021e-05
DQN,55,final,2133,5133,0.09000000000000001,1.0,1.0,0.09193503856658936,8.139309647958726e-05
DQN,55,final,2134,5134,0.08553195714950562,3.0,3.0,0.30454370379447937,0.00021576266347741088
DQN,55,final,2135,5135,0.09000000000000001,1.0,1.0,0.16751894354820251,0.00017414792091585696
DQN,55,final,2136,5136,0.09000000000000001,1.0,1.0,0.14404761791229248,0.0001468750851927325
DQN,55,final,2137,5137,0.09000000000000001,1.0,1.0,0.4373628497123718,7.402393384836614e-05
DQN,55,final,2138,5138,0.13181156635284424,3.0,3.0,0.5312060117721558,0.00020467147987801582
DQN,55,final,2139,5139,0.36664266109466553,3.0,3.0,0.8570284843444824,0.0001664543330358962
DQN,55,final,2140,5140,0.5766025257110595,3.0,3.0,0.5243345499038696,0.00018176391798382005
DQN,55,final,2141,5141,0.20886803388595582,3.0,3.0,0.7583842277526855,0.00026464819772324216
DQN,55,final,2142,5142,0.18449749231338503,2.0,2.0,0.9373877644538879,0.00011814086610684171
DQN,55,final,2143,5143,0.029448757171630868,4.0,3.0,1.1681300401687622,0.0001856867856986355
DQN,55,final,2144,5144,0.14706345081329347,2.0,2.0,0.8442263007164001,0.00014093004574533552
DQN,55,final,2145,5145,0.091989563703537,2.0,2.0,0.3322419822216034,0.0001624181604711339
DQN,55,final,2146,5146,0.13993908643722536,2.0,2.0,0.8429438471794128,0.00010349650256102905
DQN,55,final,2147,5147,0.09000000000000001,1.0,1.0,0.3075825870037079,7.057890616124496e-05
DQN,55,final,2148,5148,0.3501141142845154,3.0,3.0,0.6850220561027527,0.00027186746107569587
DQN,55,final,2149,5149,0.09000000000000001,1.0,1.0,0.23311583697795868,0.00032530183671042323
DQN,55,final,2150,5150,0.043547254800796506,5.0,3.0,0.38785412907600403,0.00020919589151162653
DQN,55,final,2151,5151,0.09000000000000001,1.0,1.0,0.6010208129882812,0.00014226927305571735
DQN,55,final,2152,5152,0.30001301288604737,3.0,3.0,0.880121111869812,0.00017536861317542693
DQN,55,final,2153,5153,0.15534760236740114,2.0,2.0,0.7273149490356445,0.00013983282406115904
DQN,55,final,2154,5154,0.025626549720764155,4.0,3.0,0.8503897786140442,0.0002677812099136645
DQN,55,final,2155,5155,0.07961140751838686,2.0,2.0,0.2964537739753723,0.00019771879306063056
DQN,55,final,2156,5156,0.09000000000000001,1.0,1.0,0.1378711611032486,0.00015923453611321747
DQN,55,final,2157,5157,0.09000000000000001,1.0,1.0,0.52947598695755,0.0001759937877068296
DQN,55,final,2158,5158,0.09000000000000001,1.0,1.0,0.18669719994068146,0.00020144906011410058
DQN,55,final,2159,5159,0.09000000000000001,1.0,1.0,0.22075636684894562,0.000144159872434102
DQN,55,final,2160,5160,0.2832732963562012,2.0,2.0,1.0871107578277588,0.00013862161722499877
DQN,55,final,2161,5161,0.09000000000000001,1.0,1.0,0.30150312185287476,0.00020534540817607194
DQN,55,final,2162,5162,0.08294434309005738,4.0,3.0,0.7774180769920349,0.0002515176674933173
DQN,55,final,2163,5163,0.38251859664916993,3.0,3.0,1.0494989156723022,0.00034897752144994837
DQN,55,final,2164,5164,0.12532390832901003,2.0,2.0,0.38834619522094727,0.00016683586363797076
DQN,55,final,2165,5165,0.27565760135650635,3.0,3.0,0.7204842567443848,0.00014729988955271742
DQN,55,final,2166,5166,-0.03741513967514036,3.0,3.0,0.9795025587081909,0.00030680183166017133
DQN,55,final,2167,5167,0.14199472188949586,3.0,3.0,0.86822509765625,0.00019524413801264018
DQN,55,final,2168,5168,0.070873019695282,4.0,4.0,0.7638798952102661,0.00020062108160345815
DQN,55,final,2169,5169,-0.09359530687332153,3.0,2.0,0.7113164067268372,0.0002535034533745299
DQN,55,final,2170,5170,0.10915172815322877,3.0,3.0,0.8855884671211243,0.0002282317242740343
DQN,55,final,2171,5171,0.09000000000000001,1.0,1.0,0.1089932844042778,0.00023746203805785626
DQN,55,final,2172,5172,0.14946501135826112,2.0,2.0,0.32385683059692383,0.00029107904265401885
DQN,55,final,2173,5173,0.07972045421600343,2.0,2.0,0.66299968957901,0.0001811888359952718
DQN,55,final,2174,5174,0.09070544123649599,2.0,2.0,0.2763253152370453,0.0001775844139046967
DQN,55,final,2175,5175,0.09000000000000001,1.0,1.0,0.276557981967926,0.00020213937386870384
DQN,55,final,2176,5176,0.004001817703247076,4.0,2.0,0.7856804728507996,0.00023041274471324869
DQN,55,final,2177,5177,0.1432617473602295,2.0,2.0,0.5075327157974243,0.0002023509587161243
DQN,55,final,2178,5178,0.09000000000000001,1.0,1.0,0.3077864646911621,0.000152518943650648
DQN,55,final,2179,5179,0.3519278931617737,2.0,2.0,0.9178511500358582,0.0001632691637496464
DQN,55,final,2180,5180,0.25603384494781495,3.0,3.0,0.5985807180404663,0.00015789909230079502
DQN,55,final,2181,5181,0.17848177433013918,2.0,2.0,0.5229916572570801,0.0002917855163104832
DQN,55,final,2182,5182,0.054011212587356576,2.0,2.0,0.49838510155677795,0.0002148496059817262
DQN,55,final,2183,5183,-0.36250923871994023,10.0,2.0,0.740763783454895,0.0002191803701862227
DQN,55,final,2184,5184,0.09000000000000001,1.0,1.0,0.1910143941640854,0.00027967558708041906
DQN,55,final,2185,5185,0.08295585930347443,3.0,3.0,0.12006866931915283,0.0002111666496299828
DQN,55,final,2186,5186,0.09000000000000001,1.0,1.0,1.0453877449035645,0.000322499981848523
DQN,55,final,2187,5187,0.21296210765838625,2.0,2.0,0.6757960915565491,0.00019066209642915055
DQN,55,final,2188,5188,0.09000000000000001,1.0,1.0,0.227164626121521,0.00022450198594015092
DQN,55,final,2189,5189,0.09000000000000001,1.0,1.0,0.6076868176460266,0.000478324422147125
DQN,55,final,2190,5190,0.006154961585998542,3.0,3.0,0.496393620967865,0.00034511767444200814
DQN,55,final,2191,5191,0.09000000000000001,1.0,1.0,0.2921448349952698,9.668539132690057e-05
DQN,55,final,2192,5192,0.2653548884391785,2.0,2.0,0.8931573033332825,0.00025035393628058955
DQN,55,final,2193,5193,0.09000000000000001,1.0,1.0,0.5121151804924011,0.000326971203321591
DQN,55,final,2194,5194,0.09000000000000001,1.0,1.0,0.5499244928359985,0.00020213512470945716
DQN,55,final,2195,5195,0.09000000000000001,1.0,1.0,0.2250681221485138,0.00027997593861073256
DQN,55,final,2196,5196,0.09000000000000001,1.0,1.0,0.3556727468967438,0.00022948163677938282
DQN,55,final,2197,5197,0.18073965787887575,2.0,2.0,0.7127823829650879,0.00016282442084047943
DQN,55,final,2198,5198,0.09000000000000001,1.0,1.0,0.09345465898513794,0.00018209520203527063
DQN,55,final,2199,5199,0.26553208351135255,3.0,3.0,0.9546159505844116,0.0003142956653997923
DQN,55,final,2200,5200,0.03917779207229615,2.0,2.0,0.37244126200675964,0.00018785558495437726
DQN,55,final,2201,5201,0.09000000000000001,1.0,1.0,0.16621606051921844,0.00015677534975111485
DQN,55,final,2202,5202,0.1511750388145447,2.0,2.0,0.508698046207428,0.00023151560162659734
DQN,55,final,2203,5203,0.08113677769899369,3.0,3.0,0.07926629483699799,0.00019125750986859202
DQN,55,final,2204,5204,0.09000000000000001,1.0,1.0,0.2823071777820587,0.0002862386463675648
DQN,55,final,2205,5205,0.11035663068294527,2.0,2.0,0.1892465353012085,0.00028125137760071084
DQN,55,final,2206,5206,0.09000000000000001,1.0,1.0,0.2553712725639343,0.00019517343025654554
DQN,55,final,2207,5207,0.04646624058485032,2.0,2.0,0.12739905714988708,0.0002791249571600929
DQN,55,final,2208,5208,0.0796324682235718,3.0,3.0,0.7999715805053711,0.00027887464481561136
DQN,55,final,2209,5209,0.09000000000000001,1.0,1.0,0.37036773562431335,0.00019974494352936745
DQN,55,final,2210,5210,0.027706758975982675,2.0,2.0,0.3407415747642517,0.00014169058340485208
DQN,55,final,2211,5211,0.09000000000000001,1.0,1.0,1.0189286470413208,0.00014931283658370376
DQN,55,final,2212,5212,0.09000000000000001,1.0,1.0,0.3425295054912567,0.00010988557187374681
DQN,55,final,2213,5213,-0.5277416110038757,10.0,3.0,0.5460406541824341,0.00019965625542681665
DQN,55,final,2214,5214,0.2914583253860474,2.0,2.0,0.5900838971138,0.00022247167362365872
DQN,55,final,2215,5215,0.09000000000000001,1.0,1.0,0.14248941838741302,0.00021694105817005038
DQN,55,final,2216,5216,0.09000000000000001,1.0,1.0,0.7570772171020508,0.000193380459677428
DQN,55,final,2217,5217,0.13099266290664674,5.0,3.0,0.8776058554649353,0.00022807299683336169
DQN,55,final,2218,5218,0.29001326084136964,3.0,3.0,0.6671642065048218,9.654811825991298e-05
DQN,55,final,2219,5219,0.05545954585075379,2.0,2.0,0.3693883419036865,0.0002481193369021639
DQN,55,final,2220,5220,0.03283496379852296,2.0,2.0,0.41397878527641296,0.00014725996152264997
DQN,55,final,2221,5221,0.3019263315200806,2.0,2.0,0.6831865906715393,0.00013493173173628747
DQN,55,final,2222,5222,0.09000000000000001,1.0,1.0,0.7405406832695007,0.00015821329725440592
DQN,55,final,2223,5223,0.1213915514945984,2.0,2.0,0.8037382960319519,0.00016408942610723898
DQN,55,final,2224,5224,0.21623976707458498,2.0,2.0,1.2421048879623413,0.00010419934915262274
DQN,55,final,2225,5225,0.11879553079605104,2.0,2.0,0.7473114728927612,0.0002930638293037191
DQN,55,final,2226,5226,0.08600868463516237,2.0,2.0,0.5405948758125305,0.00030805874848738313
DQN,55,final,2227,5227,0.07744772911071779,2.0,2.0,0.7658613324165344,0.00019456934387562796
DQN,55,final,2228,5228,0.13241178750991822,4.0,3.0,0.9765215516090393,0.0001881559037428815
DQN,55,final,2229,5229,0.16173608779907228,2.0,2.0,0.6595889329910278,0.0003528629240463488
DQN,55,final,2230,5230,0.08604240596294405,2.0,2.0,0.1895195096731186,0.00021502483286894858
DQN,55,final,2231,5231,0.1894552278518677,2.0,2.0,0.7168919444084167,0.00016664875874994323
DQN,55,final,2232,5232,0.16600585699081422,3.0,3.0,0.8394219279289246,0.00019871174542155737
DQN,55,final,2233,5233,0.09606695890426636,3.0,3.0,0.9197933077812195,0.0001353649628678492
DQN,55,final,2234,5234,0.26431084394454957,3.0,3.0,0.6737664341926575,0.00017156279742872962
DQN,55,final,2235,5235,-0.35746121406555176,10.0,3.0,1.0594091415405273,0.00026581632409943267
DQN,55,final,2236,5236,0.09000000000000001,1.0,1.0,0.08970316499471664,0.00020508583111222833
DQN,55,final,2237,5237,0.22657899737358095,2.0,2.0,0.4745520055294037,0.00015493470709770918
DQN,55,final,2238,5238,0.09000000000000001,1.0,1.0,0.2207246571779251,0.0004120810190215707
DQN,55,final,2239,5239,0.1479791569709778,2.0,2.0,0.5792548060417175,0.000241635185375344
DQN,55,final,2240,5240,0.26259847164154054,2.0,2.0,1.0077627897262573,0.00027578377921599895
DQN,55,final,2241,5241,0.12333381891250611,3.0,3.0,0.550248384475708,0.00019182242976967245
DQN,55,final,2242,5242,0.04010254859924318,3.0,3.0,0.640450656414032,0.00015992359355247268
DQN,55,final,2243,5243,0.18862451791763307,2.0,2.0,0.7982140183448792,0.00018025213648797944
DQN,55,final,2244,5244,0.2577807080745697,3.0,3.0,0.4803221523761749,0.00017493693546081582
DQN,55,final,2245,5245,0.09467427611351015,2.0,2.0,0.26545777916908264,0.00017882257816381752
DQN,55,final,2246,5246,0.04974577009677888,2.0,2.0,0.2710966169834137,0.0002973903974634595
DQN,55,final,2247,5247,0.13637609958648683,2.0,2.0,0.6794247627258301,0.00017785336240194738
DQN,55,final,2248,5248,0.2578477931022644,3.0,3.0,0.8196180462837219,0.0003835653478745371
DQN,55,final,2249,5249,0.19050122976303102,2.0,2.0,0.7132936716079712,0.00014180877406033687
DQN,55,final,2250,5250,0.1611210870742798,2.0,2.0,0.9092269539833069,0.0005775909157819115
DQN,55,final,2251,5251,-0.23460854291915892,10.0,4.0,0.8580126166343689,0.00024037261900957673
DQN,55,final,2252,5252,0.2276748585700989,2.0,2.0,0.8452755808830261,0.00023019772197585553
DQN,55,final,2253,5253,0.24213375329971315,2.0,2.0,0.3660099506378174,0.0001725765032460913
DQN,55,final,2254,5254,0.059173213243484506,2.0,2.0,0.2977360188961029,0.00016099119966384023
DQN,55,final,2255,5255,0.12065278172492983,2.0,2.0,0.33114638924598694,0.0001248108092113398
DQN,55,final,2256,5256,0.25243391275405885,2.0,2.0,0.7907089591026306,0.00023257184511749074
DQN,55,final,2257,5257,0.12798972606658937,2.0,2.0,0.4971633553504944,0.00020940435206284747
DQN,55,final,2258,5258,0.14865891814231874,2.0,2.0,0.4956740438938141,0.00021126552019268274
DQN,55,final,2259,5259,0.09000000000000001,1.0,1.0,0.29680806398391724,0.00031481534824706614
DQN,55,final,2260,5260,0.31587274551391603,2.0,2.0,0.7122513055801392,0.0002911779811256565
DQN,55,final,2261,5261,0.09000000000000001,1.0,1.0,0.40972450375556946,0.00016515073366463184
DQN,55,final,2262,5262,0.04967428207397461,4.0,3.0,0.944449782371521,0.00018789892055792734
DQN,55,final,2263,5263,0.4083582830429077,3.0,3.0,0.9752486944198608,0.0002083002618746832
DQN,55,final,2264,5264,0.09000000000000001,1.0,1.0,0.4698171615600586,0.0007578277727589011
DQN,55,final,2265,5265,0.050336586236953744,2.0,2.0,0.3608775734901428,0.00011257767982897349
DQN,55,final,2266,5266,0.23613681077957155,2.0,2.0,0.5078310966491699,0.00021549010125454515
DQN,55,final,2267,5267,0.13441784858703615,2.0,2.0,1.113700032234192,0.00026655682449927554
DQN,55,final,2268,5268,0.1752083468437195,2.0,2.0,0.454354465007782,0.00015279546278179623
DQN,55,final,2269,5269,0.07330040812492372,2.0,2.0,0.4468345046043396,0.00013812755059916526
DQN,55,final,2270,5270,0.09000000000000001,1.0,1.0,0.12390726804733276,0.0001640110567677766
DQN,55,final,2271,5271,0.05849178552627564,8.0,3.0,0.7165881991386414,0.0002063245810859371
DQN,55,final,2272,5272,-0.03964258551597595,2.0,2.0,0.43214792013168335,0.00033215477742487565
DQN,55,final,2273,5273,0.2625562024116516,3.0,3.0,0.6573514938354492,0.00017898009537020698
DQN,55,final,2274,5274,0.23627914667129518,2.0,2.0,0.7250683903694153,0.00017695973656373098
DQN,55,final,2275,5275,0.09000000000000001,1.0,1.0,0.23177050054073334,0.0010540240909904242
DQN,55,final,2276,5276,0.08851326435804369,2.0,2.0,0.08511494100093842,0.00026963476557284594
DQN,55,final,2277,5277,0.09000000000000001,1.0,1.0,0.14591680467128754,0.00024542564642615616
DQN,55,final,2278,5278,0.21653855562210084,3.0,3.0,0.9248152375221252,0.00024186583565703282
DQN,55,final,2279,5279,0.038319654464721686,3.0,3.0,0.8435186147689819,0.00018721307666661838
DQN,55,final,2280,5280,0.18263806581497194,2.0,2.0,0.7420557141304016,0.00022366315533872694
DQN,55,final,2281,5281,0.3740059304237366,2.0,2.0,0.45075732469558716,0.00018960246961796656
DQN,55,final,2282,5282,0.37419106245040895,2.0,2.0,0.8040370345115662,0.00025243478012271225
DQN,55,final,2283,5283,0.09000000000000001,1.0,1.0,0.7789741158485413,0.0001317265268880874
DQN,55,final,2284,5284,0.09000000000000001,1.0,1.0,0.11444037407636642,0.00023418023192789406
DQN,55,final,2285,5285,0.1560368061065674,5.0,3.0,0.9839749336242676,0.00018084634357364848
DQN,55,final,2286,5286,0.09000000000000001,1.0,1.0,0.21141061186790466,0.00015205444651655853
DQN,55,final,2287,5287,0.07189341068267824,2.0,2.0,0.26373565196990967,0.00015697941125836223
DQN,55,final,2288,5288,0.05945820331573487,3.0,3.0,0.8819447159767151,0.00025275856751250103
DQN,55,final,2289,5289,0.09000000000000001,1.0,1.0,0.3394474387168884,0.0001177441154140979
DQN,55,final,2290,5290,0.10148401737213136,2.0,2.0,0.490054190158844,0.00019256603991379961
DQN,55,final,2291,5291,0.09000000000000001,1.0,1.0,0.17112359404563904,0.00021549742086790502
DQN,55,final,2292,5292,-0.010900192260742167,3.0,3.0,1.1315500736236572,0.00022935199861725172
DQN,55,final,2293,5293,0.09000000000000001,1.0,1.0,0.28798016905784607,0.000369709130609408
DQN,55,final,2294,5294,0.20851965427398683,2.0,2.0,0.5124486088752747,0.00015355161303887144
DQN,55,final,2295,5295,-0.12799498081207278,9.0,2.0,0.40082716941833496,0.0002480962236101429
DQN,55,final,2296,5296,0.09000000000000001,1.0,1.0,0.3290627896785736,0.0008287048549391329
DQN,55,final,2297,5297,0.09000000000000001,1.0,1.0,0.4766036868095398,0.00011000347149092704
DQN,55,final,2298,5298,0.09000000000000001,1.0,1.0,0.46450209617614746,0.00024380011018365622
DQN,55,final,2299,5299,0.13551838874816896,2.0,2.0,0.2709539234638214,0.00025537374312989414
DQN,55,final,2300,5300,0.20834981083869936,2.0,2.0,0.4068666398525238,0.0005387115961639211
DQN,55,final,2301,5301,0.2519440722465515,3.0,3.0,0.9594199061393738,0.00035428230088048923
DQN,55,final,2302,5302,0.18195916891098024,2.0,2.0,0.40415382385253906,0.0002901243933592923
DQN,55,final,2303,5303,0.15599830627441408,2.0,2.0,0.327214777469635,0.00020504083659034222
DQN,55,final,2304,5304,0.11342601776123049,5.0,5.0,0.907920241355896,0.000257534981938079
DQN,55,final,2305,5305,0.09000000000000001,1.0,1.0,0.5432655215263367,0.00022185698617249727
DQN,55,final,2306,5306,0.2338835072517395,3.0,3.0,0.9454050660133362,0.0001781476724621219
DQN,55,final,2307,5307,0.09712289452552797,2.0,2.0,0.28567808866500854,0.0003260618177591823
DQN,55,final,2308,5308,0.09000000000000001,1.0,1.0,0.7508498430252075,0.00010260019917041063
DQN,55,final,2309,5309,0.09672583103179933,4.0,3.0,0.8411087989807129,0.0001954513463715557
DQN,55,final,2310,5310,0.1763311791419983,2.0,2.0,0.44914746284484863,0.00018106301649822854
DQN,55,final,2311,5311,0.07509623646736147,2.0,2.0,0.26020878553390503,0.00019433407578617334
DQN,55,final,2312,5312,0.09000000000000001,1.0,1.0,0.32039931416511536,0.0003423267335165292
DQN,55,final,2313,5313,0.053160974979400644,4.0,3.0,0.895552933216095,0.00021387835295172408
DQN,55,final,2314,5314,0.09000000000000001,1.0,1.0,0.5871819257736206,0.00023129713372327387
DQN,55,final,2315,5315,0.09000000000000001,1.0,1.0,0.1098732277750969,0.00018101251043844968
DQN,55,final,2316,5316,0.09000000000000001,1.0,1.0,0.30391111969947815,0.0003721941029652953
DQN,55,final,2317,5317,0.20026128172874452,2.0,2.0,0.43473848700523376,0.00014925657160347328
DQN,55,final,2318,5318,0.07730581045150758,2.0,2.0,0.7878819704055786,0.0001893886728794314
DQN,55,final,2319,5319,0.1835510301589966,2.0,2.0,0.7284202575683594,0.00021891634969506413
DQN,55,final,2320,5320,0.2707823979854584,2.0,2.0,0.37018510699272156,0.00026695054111769423
DQN,55,final,2321,5321,0.2702608871459961,2.0,2.0,0.6295165419578552,9.1672674898291e-05
DQN,55,final,2322,5322,0.43324597358703615,2.0,2.0,0.880702018737793,0.00025142233062069863
DQN,55,final,2323,5323,0.09000000000000001,1.0,1.0,0.37808212637901306,0.00014672565157525241
DQN,55,final,2324,5324,0.09000000000000001,1.0,1.0,0.17165327072143555,0.00015770347090438008
DQN,55,final,2325,5325,0.30610645532608033,3.0,3.0,0.9387436509132385,0.00036841209900255006
DQN,55,final,2326,5326,0.1261699962615967,2.0,2.0,0.5275180339813232,0.00012265391706023365
DQN,55,final,2327,5327,0.09000000000000001,1.0,1.0,0.15358571708202362,0.00024706515250727534
DQN,55,final,2328,5328,0.09000000000000001,1.0,1.0,0.09771107882261276,0.0002401151432422921
DQN,55,final,2329,5329,0.2014365291595459,4.0,3.0,1.1630889177322388,0.00033967784111155197
DQN,55,final,2330,5330,0.32539899826049806,2.0,2.0,0.9780923128128052,0.0001451492789783515
DQN,55,final,2331,5331,0.09000000000000001,1.0,1.0,0.31672006845474243,0.00025028083473443985
DQN,55,final,2332,5332,0.10557688951492311,2.0,2.0,0.9806511998176575,0.00023751619301037863
DQN,55,final,2333,5333,0.09000000000000001,1.0,1.0,0.14731338620185852,0.00018081863527186215
DQN,55,final,2334,5334,0.08310295820236208,2.0,2.0,0.7294251322746277,0.00025427250511711463
DQN,55,final,2335,5335,0.03240312814712525,2.0,2.0,0.6826453804969788,0.00017913238843902946
DQN,55,final,2336,5336,0.32080228805541994,2.0,2.0,0.6658973693847656,0.00013230690274212975
DQN,55,final,2337,5337,0.255428261756897,3.0,3.0,0.8077461123466492,0.00022093345857380578
DQN,55,final,2338,5338,0.09000000000000001,1.0,1.0,0.3034009337425232,0.00015023074229247868
DQN,55,final,2339,5339,0.09000000000000001,1.0,1.0,0.6066853404045105,0.00036201777402311563
DQN,55,final,2340,5340,0.15202214002609254,2.0,2.0,0.9124996066093445,0.00020133772341068834
DQN,55,final,2341,5341,0.25171852827072144,3.0,3.0,0.8488215804100037,0.00023497122068268558
DQN,55,final,2342,5342,0.1709829044342041,3.0,3.0,1.0022956132888794,0.0002333963978647565
DQN,55,final,2343,5343,0.2807190191745758,3.0,3.0,0.4653879702091217,0.0002469492076973741
DQN,55,final,2344,5344,0.09000000000000001,1.0,1.0,0.45528697967529297,0.00023354798031505197
DQN,55,final,2345,5345,0.09000000000000001,1.0,1.0,0.27716684341430664,0.00011493508645799011
DQN,55,final,2346,5346,0.05307626903057099,2.0,2.0,0.23635876178741455,0.00016987891649478115
DQN,55,final,2347,5347,0.2435718643665314,2.0,2.0,0.4366331994533539,0.00034976629831362516
DQN,55,final,2348,5348,0.09000000000000001,1.0,1.0,0.38085317611694336,0.00018698042549658567
DQN,55,final,2349,5349,0.09814723014831545,2.0,2.0,1.0284966230392456,0.0004714359965873882
DQN,55,final,2350,5350,0.20373900413513185,2.0,2.0,0.5545613765716553,0.00023488735314458609
DQN,55,final,2351,5351,0.09000000000000001,1.0,1.0,0.5391374826431274,0.0002540758578106761
DQN,55,final,2352,5352,0.16766597509384157,2.0,2.0,0.8404535055160522,0.00014886626740917563
DQN,55,final,2353,5353,0.22968591928482057,2.0,2.0,0.8033133149147034,0.00019346875342307612
DQN,55,final,2354,5354,0.09000000000000001,1.0,1.0,0.1445303112268448,0.0002022146072704345
DQN,55,final,2355,5355,0.05843414545059205,2.0,2.0,0.9063528180122375,0.00029689096118090674
DQN,55,final,2356,5356,0.0774991136789322,3.0,3.0,0.23911498486995697,0.00027910169834891957
DQN,55,final,2357,5357,0.08733038067817689,4.0,3.0,0.37140151858329773,0.0003104068819084205
DQN,55,final,2358,5358,0.11092199563980104,2.0,2.0,0.25846168398857117,0.0002551556608523242
DQN,55,final,2359,5359,0.041782604455947885,2.0,2.0,0.19549517333507538,0.00037281335971783847
DQN,55,final,2360,5360,0.11767344355583192,2.0,2.0,0.437520295381546,0.0002882930712075904
DQN,55,final,2361,5361,0.033860881328582774,3.0,2.0,0.830489456653595,0.00023589915751169124
DQN,55,final,2362,5362,0.09000000000000001,1.0,1.0,0.6370152235031128,0.00037032063119113445
DQN,55,final,2363,5363,0.09000000000000001,1.0,1.0,0.3516692519187927,0.00017945266154129058
DQN,55,final,2364,5364,0.09000000000000001,1.0,1.0,0.45260563492774963,0.00031410084920935333
DQN,55,final,2365,5365,0.031881999969482426,5.0,3.0,0.7876324653625488,0.0003762288426514715
DQN,55,final,2366,5366,0.18654261708259584,2.0,2.0,0.4270091950893402,0.00038172805216163397
DQN,55,final,2367,5367,0.023840384483337418,2.0,2.0,0.4792692959308624,0.00024064628087216988
DQN,55,final,2368,5368,0.2510189485549927,3.0,3.0,1.098128318786621,0.0002607384279447918
DQN,55,final,2369,5369,0.3171514439582825,2.0,2.0,0.7126423716545105,0.00024152421246981248
DQN,55,final,2370,5370,0.02866681098937989,2.0,2.0,0.7563281655311584,0.00020142088033026084
DQN,55,final,2371,5371,0.2363627028465271,3.0,3.0,0.842164933681488,0.00021889575388437757
DQN,55,final,2372,5372,0.09000000000000001,1.0,1.0,0.47037824988365173,0.00028329461929388344
DQN,55,final,2373,5373,0.25791407346725465,3.0,3.0,0.8679861426353455,0.00040082020374635857
DQN,55,final,2374,5374,0.22457272529602051,3.0,3.0,0.881439208984375,0.00016494280619857213
DQN,55,final,2375,5375,0.09000000000000001,1.0,1.0,0.6734380125999451,0.0002885794674511999
DQN,55,final,2376,5376,0.09000000000000001,1.0,1.0,0.6478772759437561,0.00021925210603512824
DQN,55,final,2377,5377,0.42826098918914796,3.0,3.0,0.5724477767944336,0.00020684652069273093
DQN,55,final,2378,5378,0.21602012395858766,2.0,2.0,0.7077049612998962,0.0001594348759681452
DQN,55,final,2379,5379,0.21345253467559816,2.0,2.0,0.805290699005127,0.0002026585498242639
DQN,55,final,2380,5380,0.49365322589874266,5.0,5.0,1.2346771955490112,0.0003685056057292968
DQN,55,final,2381,5381,0.1326878833770752,2.0,2.0,0.7899187207221985,0.0001932369777932763
DQN,55,final,2382,5382,0.04639662981033326,2.0,2.0,0.9196212887763977,0.0001800911850295961
DQN,55,final,2383,5383,0.10277398109436037,2.0,2.0,0.8508016467094421,0.0002101135323755443
DQN,55,final,2384,5384,0.21295340538024904,2.0,2.0,0.6374534964561462,0.00024377171939704567
DQN,55,final,2385,5385,0.15531554996967317,2.0,2.0,0.24036134779453278,0.00032759013993199915
DQN,55,final,2386,5386,0.09000000000000001,1.0,1.0,0.583255410194397,0.00012143865023972467
DQN,55,final,2387,5387,0.10219113707542421,2.0,2.0,0.26683926582336426,0.0001925433534779586
DQN,55,final,2388,5388,0.09000000000000001,1.0,1.0,0.515056312084198,0.00020094770297873765
DQN,55,final,2389,5389,0.1987725567817688,3.0,3.0,0.710192084312439,0.00021954735954447338
DQN,55,final,2390,5390,0.07093699455261232,2.0,2.0,0.19968649744987488,0.0001699870335869491
DQN,55,final,2391,5391,0.09000000000000001,1.0,1.0,0.18664990365505219,0.00029051530873402953
DQN,55,final,2392,5392,0.09000000000000001,1.0,1.0,0.09598233550786972,0.00014312680286820978
DQN,55,final,2393,5393,-0.009402168989181503,2.0,2.0,0.3656616508960724,0.00023299080203287303
DQN,55,final,2394,5394,0.25718356847763063,2.0,2.0,0.5703783631324768,0.00013461324851959944
DQN,55,final,2395,5395,0.17037432074546816,2.0,2.0,0.34344857931137085,0.00022369800717569888
DQN,55,final,2396,5396,0.09000000000000001,1.0,1.0,0.5892574191093445,0.00025418950826860964
DQN,55,final,2397,5397,0.33614785194396973,3.0,3.0,1.0730005502700806,0.0003758768483142679
DQN,55,final,2398,5398,0.06567325115203858,3.0,2.0,0.9051927924156189,0.0002848263635920982
DQN,55,final,2399,5399,-0.030480842590332027,3.0,2.0,0.7551161646842957,0.0001730138731848759
DQN,55,final,2400,5400,0.24320675611495973,2.0,2.0,0.6476336717605591,0.00021023555018473417
DQN,55,final,2401,5401,0.09000000000000001,1.0,1.0,0.29097652435302734,0.00020817620679736137
DQN,55,final,2402,5402,0.13091905593872072,2.0,2.0,0.25835248827934265,0.0002191281964769587
DQN,55,final,2403,5403,0.15328784465789796,2.0,2.0,0.7318578362464905,0.00016325748947565444
DQN,55,final,2404,5404,0.11797553062438966,4.0,4.0,0.8617667555809021,0.0002197859066654928
DQN,55,final,2405,5405,0.1433475685119629,3.0,3.0,0.6212623715400696,0.00017918230635890117
DQN,55,final,2406,5406,-0.018365836143493672,10.0,6.0,1.0685374736785889,0.00022116499094408936
DQN,55,final,2407,5407,0.13493706464767458,2.0,2.0,0.3601033687591553,0.00031177972414297983
DQN,55,final,2408,5408,0.20706452608108522,2.0,2.0,0.337007999420166,0.0002134070819010958
DQN,55,final,2409,5409,0.19813348531723024,2.0,2.0,0.8754415512084961,0.00016332319501088932
DQN,55,final,2410,5410,0.20257545232772828,3.0,3.0,0.633128821849823,0.00020131694812638065
DQN,55,final,2411,5411,0.09000000000000001,1.0,1.0,0.28612929582595825,0.00013558019418269396
DQN,55,final,2412,5412,0.09000000000000001,1.0,1.0,0.4030926823616028,0.00022336308029480278
DQN,55,final,2413,5413,0.15458949089050295,2.0,2.0,0.8706668615341187,0.00020759196195285767
DQN,55,final,2414,5414,0.09000000000000001,1.0,1.0,0.22998180985450745,0.00022099603665992618
DQN,55,final,2415,5415,0.09000000000000001,1.0,1.0,0.17108090221881866,0.00017093573114834726
DQN,55,final,2416,5416,0.15915425300598146,2.0,2.0,0.25703173875808716,0.0003327781341795344
DQN,55,final,2417,5417,0.09000000000000001,1.0,1.0,0.6955404877662659,0.0007162978872656822
DQN,55,final,2418,5418,-0.09506972670555112,4.0,3.0,0.3939821124076843,0.0001850722183007747
DQN,55,final,2419,5419,0.12394513368606569,2.0,2.0,0.7059904932975769,0.00018775473290588707
DQN,55,final,2420,5420,0.1891415286064148,2.0,2.0,0.4512985348701477,0.00018876160902436823
DQN,55,final,2421,5421,0.04027713060379029,3.0,3.0,0.8293418884277344,0.00019354089939345917
DQN,55,final,2422,5422,0.09000000000000001,1.0,1.0,0.28581324219703674,0.0003217665944248438
DQN,55,final,2423,5423,0.1365263628959656,2.0,2.0,0.789169430732727,0.00016548520943615586
DQN,55,final,2424,5424,0.127457754611969,2.0,2.0,0.6584147214889526,0.0003280979799455963
DQN,55,final,2425,5425,-0.6518619060516357,10.0,3.0,1.122048020362854,0.00023050550371408462
DQN,55,final,2426,5426,0.07856972932815554,3.0,2.0,0.8426752090454102,0.0001292999271148195
DQN,55,final,2427,5427,0.09000000000000001,1.0,1.0,0.6478451490402222,0.00015190712292678654
DQN,55,final,2428,5428,0.18406076908111574,2.0,2.0,0.7750765681266785,0.00028604359249584377
DQN,55,final,2429,5429,0.31189353942871095,2.0,2.0,0.7179552316665649,0.00032315857242792845
DQN,55,final,2430,5430,0.09000000000000001,1.0,1.0,0.7139663100242615,0.00025609214208088815
DQN,55,final,2431,5431,0.21239705562591554,2.0,2.0,0.5712217688560486,0.00019525274547049776
DQN,55,final,2432,5432,-0.006681241989135736,4.0,2.0,0.43256670236587524,0.0002380816513323225
DQN,55,final,2433,5433,0.09000000000000001,1.0,1.0,0.23963625729084015,0.00014670930977445096
DQN,55,final,2434,5434,0.2113014030456543,2.0,2.0,0.7901788949966431,0.00013785745977656916
DQN,55,final,2435,5435,0.09000000000000001,1.0,1.0,0.4038945734500885,0.0001352952531306073
DQN,55,final,2436,5436,0.22051801443099978,4.0,2.0,0.6472398638725281,0.00017486071374150924
DQN,55,final,2437,5437,0.09000000000000001,1.0,1.0,0.2249526083469391,0.00010338998981751502
DQN,55,final,2438,5438,-0.007390422821044906,2.0,2.0,0.2764691412448883,0.00019678474200190976
DQN,55,final,2439,5439,0.10952569723129274,2.0,2.0,0.6513246893882751,0.0003629182174336165
DQN,55,final,2440,5440,0.09000000000000001,1.0,1.0,0.33532461524009705,9.852621587924659e-05
DQN,55,final,2441,5441,0.02026023149490358,2.0,2.0,0.8802188038825989,0.0001534623916086275
DQN,55,final,2442,5442,0.18843162238597871,2.0,2.0,0.2414722889661789,0.0001673697552178055
DQN,55,final,2443,5443,0.09000000000000001,1.0,1.0,0.5064019560813904,0.00026649408391676843
DQN,55,final,2444,5444,0.09000000000000001,1.0,1.0,0.39036503434181213,9.401056740898639e-05
DQN,55,final,2445,5445,0.09000000000000001,1.0,1.0,0.23697200417518616,0.0002127058251062408
DQN,55,final,2446,5446,0.26466912746429444,3.0,3.0,0.7052550911903381,0.0002447384176775813
DQN,55,final,2447,5447,0.32306970834732057,2.0,2.0,0.7816033959388733,0.00014746942179044709
DQN,55,final,2448,5448,0.04842864155769349,2.0,2.0,0.22013366222381592,0.00013553746975958347
DQN,55,final,2449,5449,0.16316224813461305,2.0,2.0,0.42884302139282227,0.00018702233501244336
DQN,55,final,2450,5450,0.2721605968475342,3.0,3.0,1.0208035707473755,0.0001653650300189232
DQN,55,final,2451,5451,0.16051842451095583,2.0,2.0,0.7767177820205688,0.00024860546545824036
DQN,55,final,2452,5452,0.09000000000000001,1.0,1.0,0.20223180949687958,0.0001363961782772094
DQN,55,final,2453,5453,-0.05002909421920777,7.0,4.0,0.4140436351299286,0.00021518692769209987
DQN,55,final,2454,5454,0.09000000000000001,1.0,1.0,0.47316840291023254,0.0003483506152406335
DQN,55,final,2455,5455,0.09000000000000001,1.0,1.0,0.7292554974555969,9.052566747413948e-05
DQN,55,final,2456,5456,0.16933584928512574,3.0,3.0,0.6705294847488403,0.0001786480909989526
DQN,55,final,2457,5457,0.09000000000000001,1.0,1.0,0.32844972610473633,0.0001411364646628499
DQN,55,final,2458,5458,0.21027386903762818,3.0,3.0,0.8876358866691589,0.0001712373438446472
DQN,55,final,2459,5459,0.09000000000000001,1.0,1.0,0.1273864209651947,0.00019763316959142685
DQN,55,final,2460,5460,0.19029075622558594,3.0,3.0,1.0146124362945557,0.0002057342377762931
DQN,55,final,2461,5461,0.09000000000000001,1.0,1.0,0.20321013033390045,0.00020419344946276397
DQN,55,final,2462,5462,0.12714733362197878,2.0,2.0,0.4503272473812103,0.0002446403377689421
DQN,55,final,2463,5463,0.09000000000000001,1.0,1.0,0.2453613430261612,0.00024237846082542092
DQN,55,final,2464,5464,-0.1709135055541992,5.0,3.0,0.9712995290756226,0.0002582119719590992
DQN,55,final,2465,5465,0.08153577327728273,2.0,2.0,0.31508058309555054,0.00023932093608891591
DQN,55,final,2466,5466,0.2576145601272583,3.0,3.0,0.9292564392089844,0.00017081985182206458
DQN,55,final,2467,5467,-0.03809390068054201,10.0,3.0,0.5066198110580444,0.00020214122268953362
DQN,55,final,2468,5468,0.09000000000000001,1.0,1.0,0.3687508702278137,0.00033355969935655594
DQN,55,final,2469,5469,0.3551630449295044,3.0,3.0,0.6649751663208008,0.00017235322350946566
DQN,55,final,2470,5470,0.1572623920440674,3.0,3.0,0.9615355730056763,0.0001571587927173823
DQN,55,final,2471,5471,0.09000000000000001,1.0,1.0,0.38112300634384155,0.00022139585053082556
DQN,55,final,2472,5472,0.13883789062500002,2.0,2.0,0.6020116806030273,0.00012554784552776255
DQN,55,final,2473,5473,0.37200392961502077,2.0,2.0,0.705450713634491,0.0001480302234995179
DQN,55,final,2474,5474,0.25215973138809206,2.0,2.0,0.7744361162185669,0.00012420312850736082
DQN,55,final,2475,5475,-0.27527408599853515,10.0,4.0,0.7860755920410156,0.00020008502615382896
DQN,55,final,2476,5476,0.3358073902130127,3.0,3.0,0.9462693929672241,0.0001225166536945229
DQN,55,final,2477,5477,0.019046370387077335,3.0,2.0,0.20107176899909973,0.00016340144793502986
DQN,55,final,2478,5478,-0.07820837736129758,4.0,3.0,0.6018037796020508,0.00022379812071449123
DQN,55,final,2479,5479,0.07532568454742433,2.0,2.0,0.3869333863258362,0.00014002073294250295
DQN,55,final,2480,5480,0.119945125579834,2.0,2.0,0.674562394618988,0.00013793132529826835
DQN,55,final,2481,5481,0.09000000000000001,1.0,1.0,0.23089130222797394,0.00016662034613545984
DQN,55,final,2482,5482,0.1886345911026001,2.0,2.0,0.3745734393596649,0.0002536814790801145
DQN,55,final,2483,5483,0.4521898102760315,3.0,3.0,0.6591611504554749,0.00018707281075573215
DQN,55,final,2484,5484,0.16434473514556885,3.0,3.0,0.7877108454704285,0.0001733470223067949
DQN,55,final,2485,5485,0.09000000000000001,1.0,1.0,0.7853824496269226,0.00041527472785674036
DQN,55,final,2486,5486,0.07845165252685549,3.0,2.0,0.9386770129203796,0.00028677152780195075
DQN,55,final,2487,5487,-0.07741246938705444,2.0,2.0,0.5984489321708679,0.00014395634934771806
DQN,55,final,2488,5488,0.08061463594436646,4.0,3.0,0.5812994837760925,0.00021262191512505524
DQN,55,final,2489,5489,0.09000000000000001,1.0,1.0,0.4086443781852722,0.0001322898460784927
DQN,55,final,2490,5490,0.09000000000000001,1.0,1.0,0.43927454948425293,0.00011806566180894151
DQN,55,final,2491,5491,-0.3800225853919983,10.0,3.0,0.6541733145713806,0.0002204082702519372
DQN,55,final,2492,5492,0.32293010473251343,3.0,3.0,0.5221028923988342,0.0002500887931091711
DQN,55,final,2493,5493,0.09000000000000001,1.0,1.0,0.2534286379814148,8.44358655740507e-05
DQN,55,final,2494,5494,0.09000000000000001,1.0,1.0,0.22492913901805878,0.00030795999919064343
DQN,55,final,2495,5495,0.19163794040679932,3.0,3.0,1.0838706493377686,0.00012271864397916943
DQN,55,final,2496,5496,0.06585075139999391,2.0,2.0,0.79308021068573,0.0002074025323963724
DQN,55,final,2497,5497,0.2046067786216736,3.0,3.0,0.8590413331985474,0.00017280093258402
DQN,55,final,2498,5498,0.09000000000000001,1.0,1.0,0.21550342440605164,0.0002200031012762338
DQN,55,final,2499,5499,0.28745383739471436,3.0,3.0,0.7081150412559509,0.00033366893088289845
DQN,55,final,2500,5500,0.12337072372436525,2.0,2.0,0.616841197013855,0.00024663111253175884
DQN,55,final,2501,5501,-0.49654388427734375,10.0,3.0,0.9879271388053894,0.0001807933280360885
DQN,55,final,2502,5502,0.09000000000000001,1.0,1.0,0.32866165041923523,0.00012507759674917907
DQN,55,final,2503,5503,0.09000000000000001,1.0,1.0,0.8200901746749878,0.00022607861319556832
DQN,55,final,2504,5504,-0.018400001525878895,5.0,3.0,0.765802264213562,0.00026904783007921653
DQN,55,final,2505,5505,0.11984263539314272,2.0,2.0,0.26274701952934265,0.0001149866875493899
DQN,55,final,2506,5506,0.31246907234191895,3.0,3.0,0.5516934990882874,0.00013711824431084096
DQN,55,final,2507,5507,0.13163179874420167,3.0,3.0,0.8824322819709778,0.0002538279950385913
DQN,55,final,2508,5508,0.09000000000000001,1.0,1.0,0.811255156993866,0.0003212189767509699
DQN,55,final,2509,5509,0.09000000000000001,1.0,1.0,0.7357273101806641,0.00011587973131099716
DQN,55,final,2510,5510,0.26109225273132325,3.0,3.0,1.4291813373565674,0.0001332363196221801
DQN,55,final,2511,5511,0.0610318946838379,2.0,2.0,0.6803975701332092,0.00023609380150446668
DQN,55,final,2512,5512,0.3123720753192902,2.0,2.0,0.4650314748287201,0.00014405539332074113
DQN,55,final,2513,5513,0.201031334400177,3.0,3.0,0.9725708365440369,0.00019158542272634804
DQN,55,final,2514,5514,0.20805455923080446,2.0,2.0,0.4897337555885315,0.00019125366816297174
DQN,55,final,2515,5515,0.19105489730834962,2.0,2.0,0.8503851294517517,0.0001501713959441986
DQN,55,final,2516,5516,0.09000000000000001,1.0,1.0,0.1332157552242279,0.0001873470755526796
DQN,55,final,2517,5517,0.149111704826355,2.0,2.0,1.0161129236221313,0.0002531004720367491
DQN,55,final,2518,5518,0.17650522470474245,2.0,2.0,0.696789562702179,0.0002761808573268354
DQN,55,final,2519,5519,0.21365352153778078,2.0,2.0,0.5209223628044128,0.00025024373462656513
DQN,55,final,2520,5520,0.20183198332786562,2.0,2.0,0.44319185614585876,0.00027723317907657474
DQN,55,final,2521,5521,0.087772376537323,3.0,3.0,0.8402471542358398,0.00023899910835704455
DQN,55,final,2522,5522,0.2251985836029053,2.0,2.0,0.7469808459281921,0.0002317180624231696
DQN,55,final,2523,5523,0.09000000000000001,1.0,1.0,0.24862726032733917,0.00023574259830638766
DQN,55,final,2524,5524,0.0030422973632812655,2.0,2.0,0.6033561825752258,0.00014343692600959912
DQN,55,final,2525,5525,0.06074819684028626,3.0,3.0,0.14535371959209442,0.00016859829095968357
DQN,55,final,2526,5526,0.25367260694503785,3.0,3.0,0.9816848635673523,0.00017767298656205335
DQN,55,final,2527,5527,0.15936927676200868,2.0,2.0,0.35004931688308716,0.00011769484990509227
DQN,55,final,2528,5528,0.07881142377853395,2.0,2.0,0.4119563102722168,0.0001929528298205696
DQN,55,final,2529,5529,0.06375516176223756,3.0,3.0,0.8864275217056274,0.0001670556521276012
DQN,55,final,2530,5530,0.11838157653808595,2.0,2.0,0.8155323266983032,0.00018820216791937128
DQN,55,final,2531,5531,0.09329517364501955,2.0,2.0,0.7308965921401978,0.00016361078451154754
DQN,55,final,2532,5532,0.1013262438774109,2.0,2.0,0.7474763989448547,0.00027227724058320746
DQN,55,final,2533,5533,0.16488789200782777,2.0,2.0,0.3403450846672058,0.0002627665235195309
DQN,55,final,2534,5534,0.09207666635513308,3.0,3.0,0.7583984732627869,0.0003147760338227575
DQN,55,final,2535,5535,0.11788390755653383,2.0,2.0,0.2766572833061218,0.0001787000146578066
DQN,55,final,2536,5536,0.038041250705719,2.0,2.0,0.894696056842804,0.00023402147053275257
DQN,55,final,2537,5537,0.14457686424255373,2.0,2.0,0.6460166573524475,0.00015815749793546274
DQN,55,final,2538,5538,-0.7721920609474184,10.0,3.0,0.9826471209526062,0.0002115514587785583
DQN,55,final,2539,5539,0.10281335741281511,2.0,2.0,0.10333674401044846,0.00019460781186353415
DQN,55,final,2540,5540,0.06022692441940308,3.0,3.0,0.627466082572937,0.00014989395276643336
DQN,55,final,2541,5541,0.31448155403137207,4.0,4.0,1.0200766324996948,0.00017394737733411603
DQN,55,final,2542,5542,0.06828309059143067,4.0,3.0,0.7894250154495239,0.0001849415675678756
DQN,55,final,2543,5543,0.0245016384124756,2.0,2.0,0.607482373714447,0.0001522173079138156
DQN,55,final,2544,5544,0.09376677036285402,4.0,2.0,0.7367001175880432,0.00019077372962783556
DQN,55,final,2545,5545,0.14472229957580568,2.0,2.0,0.7869893312454224,0.00019134438480250537
DQN,55,final,2546,5546,0.09000000000000001,1.0,1.0,0.5220889449119568,0.00015510697267018259
DQN,55,final,2547,5547,0.09000000000000001,1.0,1.0,0.2775254547595978,0.00023562938440591097
DQN,55,final,2548,5548,0.09000000000000001,1.0,1.0,0.43361541628837585,0.0001254151138709858
DQN,55,final,2549,5549,0.1200635600090027,2.0,2.0,0.649885356426239,0.0002807445853250101
DQN,55,final,2550,5550,0.09000000000000001,1.0,1.0,0.17776978015899658,8.809607243165374e-05
DQN,55,final,2551,5551,0.1268898415565491,2.0,2.0,0.8006187081336975,0.00011456869833637029
DQN,55,final,2552,5552,0.011836545467376725,2.0,2.0,0.5894800424575806,0.0001276668335776776
DQN,55,final,2553,5553,0.34037689328193665,4.0,3.0,0.3393333852291107,0.0001298584757023491
DQN,55,final,2554,5554,0.09000000000000001,1.0,1.0,0.6523858308792114,0.00019599802908487618
DQN,55,final,2555,5555,0.09000000000000001,1.0,1.0,0.3109661638736725,0.00019643457198981196
DQN,55,final,2556,5556,0.203430073261261,2.0,2.0,0.7718259692192078,0.00013713071166421287
DQN,55,final,2557,5557,0.09000000000000001,1.0,1.0,0.49033766984939575,0.0002225916978204623
DQN,55,final,2558,5558,0.09000000000000001,1.0,1.0,0.6842926144599915,9.454047540202737e-05
DQN,55,final,2559,5559,0.09000000000000001,1.0,1.0,0.4323386251926422,0.00016228819731622934
DQN,55,final,2560,5560,0.17271340608596802,3.0,3.0,0.7793710827827454,0.00020747513190144673
DQN,55,final,2561,5561,0.09000000000000001,1.0,1.0,0.42136940360069275,0.00023259231238625944
DQN,55,final,2562,5562,0.09000000000000001,1.0,1.0,0.3259699046611786,0.00025294162333011627
DQN,55,final,2563,5563,0.17211896896362305,3.0,3.0,1.051941156387329,0.00013325304219809672
DQN,55,final,2564,5564,0.2702028322219849,2.0,2.0,0.8729411363601685,0.00012527344370028004
DQN,55,final,2565,5565,0.09000000000000001,1.0,1.0,0.4323749840259552,0.0002557166153565049
DQN,55,final,2566,5566,0.09000000000000001,1.0,1.0,0.27897578477859497,0.00020601606229320168
DQN,55,final,2567,5567,0.09000000000000001,1.0,1.0,0.22615329921245575,0.00010384491906734183
DQN,55,final,2568,5568,0.05418582677841187,3.0,2.0,0.26827117800712585,0.00017620162301075956
DQN,55,final,2569,5569,0.06580744862556459,2.0,2.0,0.5009666681289673,0.00023609280469827354
DQN,55,final,2570,5570,0.09000000000000001,1.0,1.0,0.376494824886322,0.00022735391394235194
DQN,55,final,2571,5571,0.09000000000000001,1.0,1.0,0.19141057133674622,0.00012483159662224352
DQN,55,final,2572,5572,0.09000000000000001,1.0,1.0,0.19263741374015808,0.00018298094801139086
DQN,55,final,2573,5573,0.2005164098739624,3.0,3.0,0.8543693423271179,0.0001984871099314963
DQN,55,final,2574,5574,0.049979405403137216,2.0,2.0,0.7384111285209656,0.00017615043907426298
DQN,55,final,2575,5575,0.09000000000000001,1.0,1.0,0.19676640629768372,0.00022164086112752557
DQN,55,final,2576,5576,0.09000000000000001,1.0,1.0,1.0312384366989136,0.00014688936062157154
DQN,55,final,2577,5577,0.18213059186935426,2.0,2.0,0.7670944929122925,0.00015986185462679714
DQN,55,final,2578,5578,0.06908787965774538,2.0,2.0,0.6601954102516174,0.00021296423801686615
DQN,55,final,2579,5579,0.09000000000000001,1.0,1.0,0.2761695981025696,0.00042160815792158246
DQN,55,final,2580,5580,0.10037984132766725,2.0,2.0,0.4272859990596771,0.0003640235590864904
DQN,55,final,2581,5581,0.14305241107940675,5.0,3.0,0.6713489294052124,0.00026257953722961245
DQN,55,final,2582,5582,0.2972748947143555,3.0,3.0,0.7906174659729004,0.00029394009470706806
DQN,55,final,2583,5583,0.09000000000000001,1.0,1.0,0.09519531577825546,0.0002881233231164515
DQN,55,final,2584,5584,0.09000000000000001,1.0,1.0,0.38656505942344666,0.00017852008750196546
DQN,55,final,2585,5585,0.23863667964935303,3.0,3.0,0.6940027475357056,0.00025947548177403706
DQN,55,final,2586,5586,0.10463006973266603,2.0,2.0,0.5619390606880188,0.00021317712526069954
DQN,55,final,2587,5587,0.08279438495635988,2.0,2.0,0.4890977740287781,0.0005193090764805675
DQN,55,final,2588,5588,-0.21342068910598758,10.0,3.0,0.7890710234642029,0.0002905573870521039
DQN,55,final,2589,5589,0.07085937440395357,2.0,2.0,0.2203035205602646,0.0002692803682293743
DQN,55,final,2590,5590,-0.07821939468383789,8.0,3.0,0.8617814779281616,0.0002692723574000411
DQN,55,final,2591,5591,0.09000000000000001,1.0,1.0,0.09609165042638779,0.00019283159053884447
DQN,55,final,2592,5592,0.17469949245452882,3.0,3.0,0.5684208273887634,0.00023679524504890045
DQN,55,final,2593,5593,0.09000000000000001,1.0,1.0,0.2642405331134796,0.000440220843302086
DQN,55,final,2594,5594,0.2237520980834961,2.0,2.0,0.7188927531242371,0.000200764843611978
DQN,55,final,2595,5595,0.09000000000000001,1.0,1.0,0.4359900653362274,0.00028840170125477016
DQN,55,final,2596,5596,-0.4264559149742126,10.0,3.0,0.7279132604598999,0.0002478287002304569
DQN,55,final,2597,5597,-0.11511212825775148,4.0,4.0,0.9511160850524902,0.00021665080566890538
DQN,55,final,2598,5598,-0.10459926009178162,3.0,3.0,0.5784505009651184,0.00023132233278981099
DQN,55,final,2599,5599,0.09000000000000001,1.0,1.0,0.3011772632598877,0.0005673100822605193
DQN,55,final,2600,5600,0.09000000000000001,1.0,1.0,0.185185045003891,0.00017202328308485448
DQN,55,final,2601,5601,0.050558345317840585,2.0,2.0,0.2813585698604584,0.00014042125985724851
DQN,55,final,2602,5602,0.06486059904098512,2.0,2.0,0.5542944669723511,0.00021722925157519057
DQN,55,final,2603,5603,0.09000000000000001,1.0,1.0,0.46747463941574097,0.00024073357053566724
DQN,55,final,2604,5604,0.12338502883911134,2.0,2.0,0.7062563896179199,0.00014825377729721367
DQN,55,final,2605,5605,0.19155304312705995,2.0,2.0,0.4546503722667694,0.0001900520728668198
DQN,55,final,2606,5606,0.22884793758392336,2.0,2.0,0.744260311126709,0.00016543261881452054
DQN,55,final,2607,5607,0.17283465147018434,2.0,2.0,0.4821769595146179,0.0001978925574803725
DQN,55,final,2608,5608,0.31339669942855836,3.0,3.0,0.8508747220039368,0.0002738246985245496
DQN,55,final,2609,5609,0.09000000000000001,1.0,1.0,0.7814198732376099,0.00022375935805030167
DQN,55,final,2610,5610,0.09000000000000001,1.0,1.0,0.5410622358322144,0.00014716996520292014
DQN,55,final,2611,5611,0.34000702381134035,2.0,2.0,0.6839832663536072,0.00028094016306567937
DQN,55,final,2612,5612,-0.7855291843414309,10.0,2.0,1.1270625591278076,0.00021656107346643694
DQN,55,final,2613,5613,0.09000000000000001,1.0,1.0,0.22734567523002625,0.0002010746975429356
DQN,55,final,2614,5614,0.09011718809604646,2.0,2.0,0.21027494966983795,0.0002155339825549163
DQN,55,final,2615,5615,-0.435515820980072,10.0,3.0,0.7152045369148254,0.00023551102931378408
DQN,55,final,2616,5616,0.24439491510391237,2.0,2.0,0.9011912941932678,0.00023629210772924125
DQN,55,final,2617,5617,0.07767634510993958,3.0,2.0,0.388152152299881,0.00027784174017142504
DQN,55,final,2618,5618,0.09000000000000001,1.0,1.0,0.2677941918373108,0.00015599565813317895
DQN,55,final,2619,5619,-0.12690119266510008,2.0,2.0,0.6904541254043579,0.00015284393157344311
DQN,55,final,2620,5620,0.27140040159225465,4.0,3.0,0.7663827538490295,0.00037201740633463487
DQN,55,final,2621,5621,0.020710812807083145,2.0,2.0,0.3145383298397064,0.000310812407406047
DQN,55,final,2622,5622,0.09000000000000001,1.0,1.0,0.8100395798683167,0.0003231317095924169
DQN,55,final,2623,5623,0.09000000000000001,1.0,1.0,0.5489357113838196,0.00014357631152961403
DQN,55,final,2624,5624,0.24818451881408693,2.0,2.0,0.5474821329116821,0.00019645006977953017
DQN,55,final,2625,5625,0.09000000000000001,1.0,1.0,0.19221870601177216,0.00013120331277605146
DQN,55,final,2626,5626,0.039452559947967536,3.0,3.0,0.7286363840103149,0.0002478782650238524
DQN,55,final,2627,5627,0.31244433641433716,3.0,3.0,0.8299211859703064,0.00019862478075083345
DQN,55,final,2628,5628,0.12926621913909914,2.0,2.0,0.9475153088569641,0.0002544843664509244
DQN,55,final,2629,5629,0.1208584773540497,2.0,2.0,0.2611618936061859,0.00026533842901699245
DQN,55,final,2630,5630,0.09000000000000001,1.0,1.0,0.3645201027393341,0.00028897839365527034
DQN,55,final,2631,5631,0.09000000000000001,1.0,1.0,0.09367828071117401,0.00016099556523840874
DQN,55,final,2632,5632,0.09000000000000001,1.0,1.0,0.09416347742080688,0.00025245087454095483
DQN,55,final,2633,5633,0.13784934759140016,2.0,2.0,0.4544105529785156,0.00037019739829702303
DQN,55,final,2634,5634,0.07346584081649782,2.0,2.0,0.6901633143424988,0.0002668699889909476
DQN,55,final,2635,5635,0.28964843034744264,2.0,2.0,0.5486994981765747,0.0002690482579055242
DQN,55,final,2636,5636,0.2372336554527283,2.0,2.0,0.6343907713890076,0.00017804493108997121
DQN,55,final,2637,5637,0.2686706852912903,3.0,3.0,0.8617507815361023,0.00019177326369875422
DQN,55,final,2638,5638,0.01644568324089052,2.0,2.0,0.42319566011428833,0.0004723193123936653
DQN,55,final,2639,5639,0.2130290687084198,5.0,3.0,0.47239723801612854,0.0002067650231765583
DQN,55,final,2640,5640,-0.0052977383136749295,5.0,3.0,0.3416936695575714,0.00023238257563207299
DQN,55,final,2641,5641,0.06452341794967653,3.0,2.0,0.6244577765464783,0.00022536191681865603
DQN,55,final,2642,5642,0.06497074842453004,2.0,2.0,0.7849277853965759,0.00015884474123595282
DQN,55,final,2643,5643,0.25168996810913086,4.0,4.0,0.6699637174606323,0.00045186532952357084
DQN,55,final,2644,5644,0.16189516305923463,3.0,3.0,0.8098278641700745,0.00020339117327239364
DQN,55,final,2645,5645,0.2504472303390503,2.0,2.0,0.5441151857376099,0.00019338500351295806
DQN,55,final,2646,5646,0.24063183546066286,2.0,2.0,0.796725869178772,0.00018788996385410428
DQN,55,final,2647,5647,0.09000000000000001,1.0,1.0,0.8889589905738831,0.00028751709032803774
DQN,55,final,2648,5648,0.09000000000000001,1.0,1.0,0.06194623187184334,0.00015412381617352366
DQN,55,final,2649,5649,0.09000000000000001,1.0,1.0,0.6292413473129272,0.0002514665247872472
DQN,55,final,2650,5650,0.0866501522064209,3.0,2.0,0.7359296083450317,0.00021396667580120265
DQN,55,final,2651,5651,0.09000000000000001,1.0,1.0,0.28876397013664246,0.0011587041663005948
DQN,55,final,2652,5652,0.14618608534336092,2.0,2.0,0.225434347987175,0.00033371703466400504
DQN,55,final,2653,5653,0.07203294515609743,2.0,2.0,0.31789132952690125,0.00017424394172849134
DQN,55,final,2654,5654,0.09000000000000001,1.0,1.0,0.6154431700706482,0.0001597850932739675
DQN,55,final,2655,5655,0.1277436089515686,3.0,3.0,0.8048809766769409,0.0001539165338423724
DQN,55,final,2656,5656,0.08046211481094362,2.0,2.0,0.5000919103622437,0.00025548870326019824
DQN,55,final,2657,5657,-0.003077102899551376,2.0,2.0,0.3625500798225403,0.00021709244174417108
DQN,55,final,2658,5658,0.09000000000000001,1.0,1.0,0.4025651812553406,0.00027800415409728885
DQN,55,final,2659,5659,0.1250970530509949,2.0,2.0,0.8361982107162476,0.0002393722752458416
DQN,55,final,2660,5660,0.09000000000000001,1.0,1.0,0.19324342906475067,0.00033955267281271517
DQN,55,final,2661,5661,0.09000000000000001,1.0,1.0,0.7816607356071472,0.00012188074470032007
DQN,55,final,2662,5662,0.09000000000000001,1.0,1.0,0.34850794076919556,0.0002192974934587255
DQN,55,final,2663,5663,0.24379224300384522,3.0,3.0,1.0192930698394775,0.0002889608343442281
DQN,55,final,2664,5664,0.09000000000000001,1.0,1.0,0.28532034158706665,0.00020078889792785048
DQN,55,final,2665,5665,0.09000000000000001,1.0,1.0,0.16313163936138153,0.00014190649380907416
DQN,55,final,2666,5666,0.11368523716926576,2.0,2.0,0.45882147550582886,0.0003847211992251687
DQN,55,final,2667,5667,0.3893153238296509,2.0,2.0,0.5151975154876709,0.00022801230079494417
DQN,55,final,2668,5668,0.09000000000000001,1.0,1.0,0.26200467348098755,9.834519732976332e-05
DQN,55,final,2669,5669,-0.02005635023117064,2.0,2.0,0.3827202022075653,0.000172019746969454
DQN,55,final,2670,5670,0.02249162077903749,2.0,2.0,0.3256937563419342,0.00016546160622965544
DQN,55,final,2671,5671,0.10787259221076967,2.0,2.0,0.46953123807907104,0.00017498369561508298
DQN,55,final,2672,5672,0.09000000000000001,1.0,1.0,0.13654878735542297,0.0001265248138224706
DQN,55,final,2673,5673,0.2583455514907837,3.0,3.0,0.7276124358177185,0.00021956146762628728
DQN,55,final,2674,5674,0.09000000000000001,1.0,1.0,0.32372328639030457,0.0005412084865383804
DQN,55,final,2675,5675,0.34815186977386475,3.0,3.0,0.5225893259048462,0.00016545936280939108
DQN,55,final,2676,5676,0.09000000000000001,1.0,1.0,0.5764085650444031,0.00027652032440528274
DQN,55,final,2677,5677,0.11427549242973328,3.0,3.0,0.40080055594444275,0.0002017494358976061
DQN,55,final,2678,5678,0.19263987421989442,2.0,2.0,0.3016713261604309,0.00015066154446685687
DQN,55,final,2679,5679,0.34112531661987305,3.0,3.0,0.32666105031967163,0.00016452601266792044
DQN,55,final,2680,5680,0.06945885896682741,2.0,2.0,0.24380038678646088,0.00016621494432911277
DQN,55,final,2681,5681,0.18100871324539186,2.0,2.0,0.6377240419387817,0.0001951079466380179
DQN,55,final,2682,5682,0.09000000000000001,1.0,1.0,0.22809521853923798,0.00035438244231045246
DQN,55,final,2683,5683,0.09000000000000001,1.0,1.0,0.24498970806598663,9.901001612888649e-05
DQN,55,final,2684,5684,0.2708349394798279,2.0,2.0,0.6967484354972839,0.00020903760014334694
DQN,55,final,2685,5685,0.09000000000000001,1.0,1.0,0.29646676778793335,0.00011396753689041361
DQN,55,final,2686,5686,0.09000000000000001,1.0,1.0,0.24116571247577667,0.0002807661658152938
DQN,55,final,2687,5687,0.09000000000000001,1.0,1.0,0.39771386981010437,0.00016760492871981114
DQN,55,final,2688,5688,0.12127811431884766,3.0,3.0,0.7527080178260803,0.00024398084982143095
DQN,55,final,2689,5689,0.09000000000000001,1.0,1.0,0.38905230164527893,7.83532450441271e-05
DQN,55,final,2690,5690,0.09000000000000001,1.0,1.0,0.4155368506908417,0.0001440360356355086
DQN,55,final,2691,5691,0.09000000000000001,1.0,1.0,0.17318639159202576,0.00024299818323925138
DQN,55,final,2692,5692,0.11432732820510866,2.0,2.0,0.7910102009773254,0.00036738868220709264
DQN,55,final,2693,5693,0.09000000000000001,1.0,1.0,0.3265986740589142,0.00022502083447761834
DQN,55,final,2694,5694,0.09000000000000001,1.0,1.0,0.2886402904987335,0.0003564520739018917
DQN,55,final,2695,5695,0.09000000000000001,1.0,1.0,0.15535269677639008,0.00026854578754864633
DQN,55,final,2696,5696,0.08923162698745729,2.0,2.0,0.8099721074104309,0.00025211466709151864
DQN,55,final,2697,5697,0.2171267342567444,3.0,3.0,0.6227870583534241,0.0002540030036470853
DQN,55,final,2698,5698,0.2331127989292145,2.0,2.0,0.40988031029701233,0.00020037675130879506
DQN,55,final,2699,5699,0.09000000000000001,1.0,1.0,0.08618485182523727,0.00028572510927915573
DQN,55,final,2700,5700,0.2118590044975281,2.0,2.0,0.5739759802818298,0.00024733308964641765
DQN,55,final,2701,5701,0.09000000000000001,1.0,1.0,0.17966429889202118,0.0002798329514916986
DQN,55,final,2702,5702,0.18652660369873048,3.0,3.0,0.7885233163833618,0.00024308466527145356
DQN,55,final,2703,5703,0.16605203151702885,5.0,5.0,0.8710355758666992,0.0002369233756326139
DQN,55,final,2704,5704,0.26604087829589845,2.0,2.0,0.5307421088218689,0.0002794273750623688
DQN,55,final,2705,5705,-0.3441519618034363,10.0,2.0,0.6275843381881714,0.00026478653453523295
DQN,55,final,2706,5706,0.09000000000000001,1.0,1.0,0.13280749320983887,0.0001595368521520868
DQN,55,final,2707,5707,-0.005925102233886703,2.0,2.0,0.6600621342658997,0.0001682207075646147
DQN,55,final,2708,5708,-0.030125422477722166,7.0,3.0,0.8502799868583679,0.00035950951236632785
DQN,55,final,2709,5709,0.09000000000000001,1.0,1.0,0.332346647977829,0.00014808817650191486
DQN,55,final,2710,5710,0.46731086254119875,2.0,2.0,0.6371966600418091,0.0003536203730618581
DQN,55,final,2711,5711,0.3363732469081879,3.0,3.0,0.40185287594795227,0.00040364347902747494
DQN,55,final,2712,5712,-0.004561903476715062,4.0,4.0,0.6836832761764526,0.0002793158055283129
DQN,55,final,2713,5713,0.12216033220291139,2.0,2.0,0.4371764063835144,0.00017709227540763095
DQN,55,final,2714,5714,0.18681610345840455,3.0,3.0,0.5620613694190979,0.00035421493036362034
DQN,55,final,2715,5715,-0.017082564830780037,3.0,3.0,0.7782764434814453,0.00018551664834376425
DQN,55,final,2716,5716,0.20744615554809573,4.0,4.0,0.7192038297653198,0.00022630668718193192
DQN,55,final,2717,5717,0.09000000000000001,1.0,1.0,0.2701204717159271,0.00015615929441992193
DQN,55,final,2718,5718,0.21278483390808106,3.0,3.0,0.847910463809967,0.0003094982239417732
DQN,55,final,2719,5719,0.1893813478946686,2.0,2.0,0.47871133685112,0.00031779438722878695
DQN,55,final,2720,5720,0.1525812315940857,2.0,2.0,0.23269081115722656,0.0001858667383203283
DQN,55,final,2721,5721,0.06772355914115907,2.0,2.0,0.4477994740009308,0.00028837336867582053
DQN,55,final,2722,5722,0.021853975653648397,3.0,3.0,0.2275020182132721,0.00019487644991992661
DQN,55,final,2723,5723,0.09000000000000001,1.0,1.0,0.18168886005878448,0.0001948248245753348
DQN,55,final,2724,5724,0.08170424580574037,2.0,2.0,0.39223334193229675,0.00018689591524889693
DQN,55,final,2725,5725,0.03918555140495301,4.0,4.0,0.5066341757774353,0.000316757361360942
DQN,55,final,2726,5726,0.05789940237998963,2.0,2.0,0.4374217092990875,0.00020960737310815603
DQN,55,final,2727,5727,0.09000000000000001,1.0,1.0,0.10682588070631027,0.00021134933922439814
DQN,55,final,2728,5728,0.1876490879058838,2.0,2.0,0.5292475819587708,0.00022059903130866587
DQN,55,final,2729,5729,0.09000000000000001,1.0,1.0,0.11338246613740921,0.0002678633900359273
DQN,55,final,2730,5730,0.1677605676651001,2.0,2.0,0.5052570104598999,0.00013731516082771122
DQN,55,final,2731,5731,-0.02182333469390868,5.0,3.0,0.8743668794631958,0.00020391861035022884
DQN,55,final,2732,5732,0.03898902416229249,2.0,2.0,0.5632572770118713,0.0003257816279074177
DQN,55,final,2733,5733,-0.019709451198577865,2.0,2.0,0.8321369886398315,0.00022212778276298195
DQN,55,final,2734,5734,0.07681684374809267,2.0,2.0,0.46164944767951965,0.0001760800732881762
DQN,55,final,2735,5735,0.038486318588256845,2.0,2.0,0.6776416897773743,0.0001843332647695206
DQN,55,final,2736,5736,0.09000000000000001,1.0,1.0,0.34924396872520447,0.00019027950474992394
DQN,55,final,2737,5737,0.1991314458847046,2.0,2.0,0.8072378039360046,0.00024067348567768931
DQN,55,final,2738,5738,0.09000000000000001,1.0,1.0,0.12332958728075027,0.00011610297951847315
DQN,55,final,2739,5739,-0.03448944091796875,5.0,3.0,0.9110641479492188,0.0002883206732803956
DQN,55,final,2740,5740,0.09000000000000001,1.0,1.0,0.14300577342510223,0.00011454262858023867
DQN,55,final,2741,5741,0.16682948350906374,2.0,2.0,0.44882887601852417,0.00013839481471222825
DQN,55,final,2742,5742,0.2475919795036316,3.0,3.0,0.821576714515686,0.0001743270355897645
DQN,55,final,2743,5743,0.07498756229877473,2.0,2.0,0.17833967506885529,0.0003943321426049806
DQN,55,final,2744,5744,0.09000000000000001,1.0,1.0,0.22296611964702606,0.00021156025468371809
DQN,55,final,2745,5745,0.015505919456481942,4.0,3.0,1.0103410482406616,0.00023529732425231487
DQN,55,final,2746,5746,0.09000000000000001,1.0,1.0,0.19971142709255219,0.00015053503739181906
DQN,55,final,2747,5747,0.32304079055786133,3.0,3.0,1.055293321609497,0.00020347928996973982
DQN,55,final,2748,5748,0.1650435495376587,2.0,2.0,0.6918875575065613,0.00021888305491302162
DQN,55,final,2749,5749,0.023732976913452164,2.0,2.0,0.43411946296691895,0.00024237231991719455
DQN,55,final,2750,5750,0.09000000000000001,1.0,1.0,0.3870353102684021,0.00016744231106713414
DQN,55,final,2751,5751,0.17094780683517458,2.0,2.0,0.9778099656105042,0.00018732275202637538
DQN,55,final,2752,5752,0.24803060472011568,2.0,2.0,0.23462499678134918,0.0002956848911708221
DQN,55,final,2753,5753,-0.15394373536109923,5.0,3.0,0.3665904700756073,0.00025552972801961004
DQN,55,final,2754,5754,0.1473152804374695,2.0,2.0,0.6933740973472595,0.0002845372218871489
DQN,55,final,2755,5755,0.09000000000000001,1.0,1.0,0.7181221842765808,0.00029459744109772146
DQN,55,final,2756,5756,0.009208070039749161,2.0,2.0,0.4299304187297821,0.0001819787867134437
DQN,55,final,2757,5757,0.20816440105438233,3.0,3.0,0.6641927361488342,0.0003161061661861216
DQN,55,final,2758,5758,0.19224733829498292,3.0,3.0,0.7164292931556702,0.000191149054444395
DQN,55,final,2759,5759,-0.33438983380794524,7.0,3.0,0.3630532920360565,0.0002460199757479131
DQN,55,final,2760,5760,0.09000000000000001,1.0,1.0,0.7570772171020508,0.00030148608493618667
DQN,55,final,2761,5761,0.09000000000000001,1.0,1.0,0.1389375776052475,0.00016919079644139856
DQN,55,final,2762,5762,0.02001214981079101,4.0,3.0,1.2118850946426392,0.00021762439428130165
DQN,55,final,2763,5763,0.11134524822235109,2.0,2.0,0.8798375129699707,0.0004311183583922684
DQN,55,final,2764,5764,0.09000000000000001,1.0,1.0,0.8543199896812439,0.0002834248880390078
DQN,55,final,2765,5765,0.10374866604804994,2.0,2.0,0.36052554845809937,0.00018166658992413431
DQN,55,final,2766,5766,-0.16627883195877075,3.0,3.0,1.0385916233062744,0.00022297391114989296
DQN,55,final,2767,5767,0.09000000000000001,1.0,1.0,0.2968696653842926,0.0003411255602259189
DQN,55,final,2768,5768,0.06943771839141843,10.0,5.0,0.7406395673751831,0.00018196328528574668
DQN,55,final,2769,5769,0.2306684923171997,3.0,3.0,1.0295912027359009,0.00014555393621170273
DQN,55,final,2770,5770,0.05343908786773682,3.0,3.0,0.6819686889648438,0.00030954249571853626
DQN,55,final,2771,5771,0.09000000000000001,1.0,1.0,0.4999999403953552,0.0003707556752488017
DQN,55,final,2772,5772,0.23186642646789551,3.0,3.0,0.6821665167808533,0.00020098332121657828
DQN,55,final,2773,5773,0.09000000000000001,1.0,1.0,0.48105376958847046,0.00016756891272962093
DQN,55,final,2774,5774,0.027459608316421524,2.0,2.0,0.4461561143398285,0.0003638703055912629
DQN,55,final,2775,5775,0.09000000000000001,1.0,1.0,0.16510333120822906,0.0003025026526302099
DQN,55,final,2776,5776,0.09000000000000001,1.0,1.0,0.5046321749687195,0.00026151968631893396
DQN,55,final,2777,5777,0.18789632797241212,2.0,2.0,0.8309550881385803,0.00020948138262610883
DQN,55,final,2778,5778,-0.07641550183296202,3.0,3.0,0.4907028377056122,0.00030321972735691816
DQN,55,final,2779,5779,0.24723894119262696,3.0,3.0,1.1162117719650269,0.0002439058201465135
DQN,55,final,2780,5780,0.19643642187118532,2.0,2.0,0.7156095504760742,0.00044482070370577276
DQN,55,final,2781,5781,0.12647523164749147,2.0,2.0,0.8421666026115417,0.00022573759270017035
DQN,55,final,2782,5782,0.09000000000000001,1.0,1.0,0.344230979681015,0.00024034277885220945
DQN,55,final,2783,5783,0.16396875858306886,2.0,2.0,0.7101728320121765,0.00017288563685724512
DQN,55,final,2784,5784,0.041099150180816654,3.0,2.0,0.5119977593421936,0.00020373961403189847
DQN,55,final,2785,5785,-0.026967625617980953,3.0,2.0,0.46457573771476746,0.00025865018445377547
DQN,55,final,2786,5786,0.18254085063934328,2.0,2.0,0.791132926940918,0.00021783010743092746
DQN,55,final,2787,5787,0.13142125487327577,2.0,2.0,0.38925909996032715,0.00015652553702238947
DQN,55,final,2788,5788,0.2350654673576355,3.0,3.0,0.5341106653213501,0.00016935264284256846
DQN,55,final,2789,5789,-0.3190801668167114,8.0,4.0,0.753928005695343,0.0002307028989889659
DQN,55,final,2790,5790,0.11836536407470705,2.0,2.0,0.7605214715003967,0.00014024935808265582
DQN,55,final,2791,5791,0.2959056663513184,2.0,2.0,0.7280017137527466,0.00014151285722618923
DQN,55,final,2792,5792,0.14168252229690553,2.0,2.0,0.6278954744338989,0.0001593686974956654
DQN,55,final,2793,5793,0.09000000000000001,1.0,1.0,0.24464908242225647,0.0002024555578827858
DQN,55,final,2794,5794,0.22931718587875366,4.0,4.0,0.9143163561820984,0.00022740367785445414
DQN,55,final,2795,5795,0.09000000000000001,1.0,1.0,0.16951920092105865,0.00022485680528916419
DQN,55,final,2796,5796,0.17638140678405761,4.0,4.0,0.7782424688339233,0.00023758042152621783
DQN,55,final,2797,5797,0.09000000000000001,1.0,1.0,0.5320439338684082,0.0002808085992000997
DQN,55,final,2798,5798,0.2749746608734131,2.0,2.0,0.477433443069458,0.0002005750357056968
DQN,55,final,2799,5799,0.09000000000000001,1.0,1.0,0.7091354727745056,0.00016711671196389943
DQN,55,final,2800,5800,0.1579841446876526,3.0,3.0,0.7332205772399902,0.00021498839487321675
DQN,55,final,2801,5801,0.3203424680233002,2.0,2.0,0.4153812825679779,0.0001637689711060375
DQN,55,final,2802,5802,0.09971730828285218,3.0,2.0,0.4595892131328583,0.0002381489951706802
DQN,55,final,2803,5803,0.07498647451400758,2.0,2.0,0.49978795647621155,0.0005557304320973344
DQN,55,final,2804,5804,0.13758604407310487,2.0,2.0,0.4518713057041168,0.00020145201051491313
DQN,55,final,2805,5805,0.09000000000000001,1.0,1.0,0.2161163091659546,0.0003344947181176394
DQN,55,final,2806,5806,0.09000000000000001,1.0,1.0,0.3240254819393158,0.00016495422460138798
DQN,55,final,2807,5807,0.3146693277359009,2.0,2.0,0.5110146403312683,0.00020359082554932684
DQN,55,final,2808,5808,0.12908388853073122,2.0,2.0,0.5775792002677917,0.0002528770637582056
DQN,55,final,2809,5809,0.09000000000000001,1.0,1.0,0.2808622717857361,0.0006404337473213673
DQN,55,final,2810,5810,-0.012342972755432113,7.0,3.0,0.5832604765892029,0.0007763090907246806
DQN,55,final,2811,5811,0.09459716796875002,3.0,3.0,0.7554296255111694,0.00040832394734025
DQN,55,final,2812,5812,0.09000000000000001,1.0,1.0,0.15700604021549225,0.00030931460787542164
DQN,55,final,2813,5813,0.09000000000000001,1.0,1.0,0.18991342186927795,0.0001489535643486306
DQN,55,final,2814,5814,0.026104705333709732,2.0,2.0,0.7953462600708008,0.0003176049795001745
DQN,55,final,2815,5815,0.33589596271514893,3.0,3.0,1.0424108505249023,0.0002769088847950722
DQN,55,final,2816,5816,0.09000000000000001,1.0,1.0,0.5576270818710327,0.00027913166559301317
DQN,55,final,2817,5817,0.1914165496826172,5.0,5.0,0.8185800909996033,0.00021563845220953226
DQN,55,final,2818,5818,0.08998038053512575,2.0,2.0,0.7846271395683289,0.00022003421327099204
DQN,55,final,2819,5819,0.21421162009239197,3.0,3.0,0.4658729135990143,0.0002349248194756607
DQN,55,final,2820,5820,0.16424084424972535,3.0,3.0,0.9163901209831238,0.0003393947893831258
DQN,55,final,2821,5821,0.05428882122039796,2.0,2.0,0.8256456255912781,0.00032064343395177275
DQN,55,final,2822,5822,0.09000000000000001,1.0,1.0,0.18947115540504456,0.0001623184944037348
DQN,55,final,2823,5823,0.24189157962799074,2.0,2.0,0.9547096490859985,0.00030107614293228835
DQN,55,final,2824,5824,0.09000000000000001,1.0,1.0,0.39306017756462097,0.0002663374471012503
DQN,55,final,2825,5825,0.05398933768272401,2.0,2.0,0.3022591173648834,0.00017860297157312743
DQN,55,final,2826,5826,0.05258426249027253,2.0,2.0,0.12396172434091568,0.0002156692571588792
DQN,55,final,2827,5827,0.2744602537155152,4.0,4.0,0.6562525629997253,0.00025536108842061367
DQN,55,final,2828,5828,-0.055810549259185785,4.0,2.0,0.7556945085525513,0.0002106321080646012
DQN,55,final,2829,5829,0.09000000000000001,1.0,1.0,0.18772639334201813,0.0002081975544570014
DQN,55,final,2830,5830,0.24928457260131837,3.0,3.0,1.0359653234481812,0.0002902773073098312
DQN,55,final,2831,5831,0.20487518072128297,4.0,3.0,0.5870223641395569,0.00018902888405136764
DQN,55,final,2832,5832,0.09266357302665712,2.0,2.0,0.38595280051231384,0.0002664544081198983
DQN,55,final,2833,5833,0.09000000000000001,1.0,1.0,0.6008014678955078,0.00028179085347801447
DQN,55,final,2834,5834,0.3214509356021881,2.0,2.0,0.4539397656917572,0.00021825230942340568
DQN,55,final,2835,5835,0.34773630619049073,3.0,3.0,1.0075002908706665,0.00020462824371255314
DQN,55,final,2836,5836,0.1765804958343506,3.0,3.0,0.8974584341049194,0.00022431190397279957
DQN,55,final,2837,5837,0.09000000000000001,1.0,1.0,0.3769667446613312,0.00016699721163604409
DQN,55,final,2838,5838,0.09000000000000001,1.0,1.0,0.2389657348394394,0.00015788925520610064
DQN,55,final,2839,5839,0.19165390491485595,4.0,4.0,1.0224062204360962,0.00020635836699511856
DQN,55,final,2840,5840,0.09000000000000001,1.0,1.0,0.3154838979244232,0.0005843679537065327
DQN,55,final,2841,5841,0.31076492547988893,2.0,2.0,0.5553628206253052,0.00027430827321950346
DQN,55,final,2842,5842,0.09000000000000001,1.0,1.0,0.17475676536560059,0.00017350104462821037
DQN,55,final,2843,5843,0.09000000000000001,1.0,1.0,0.12378227710723877,0.00048006896395236254
DQN,55,final,2844,5844,0.09000000000000001,1.0,1.0,0.47370094060897827,0.0002640723541844636
DQN,55,final,2845,5845,0.054646776914596566,2.0,2.0,0.3964771628379822,0.000303656721371226
DQN,55,final,2846,5846,0.09000000000000001,1.0,1.0,0.16210906207561493,0.00012030001380480826
DQN,55,final,2847,5847,0.09000000000000001,1.0,1.0,0.29001808166503906,0.0003633232263382524
DQN,55,final,2848,5848,0.2656268548965454,3.0,3.0,0.5383403897285461,0.0003558500223637869
DQN,55,final,2849,5849,0.02553744792938234,2.0,2.0,0.7684880495071411,0.00022270541376201436
DQN,55,final,2850,5850,0.09000000000000001,1.0,1.0,0.7462822794914246,0.00022724163136444986
DQN,55,final,2851,5851,0.09000000000000001,1.0,1.0,0.2428741604089737,0.00048011698527261615
DQN,55,final,2852,5852,-0.6139039278030396,10.0,2.0,0.7856994867324829,0.00032502874091733247
DQN,55,final,2853,5853,0.10753061056137087,2.0,2.0,0.8925052881240845,0.0003028894861927256
DQN,55,final,2854,5854,0.3380628800392151,4.0,4.0,0.8034313321113586,0.00020797354954993352
DQN,55,final,2855,5855,0.09000000000000001,1.0,1.0,0.049435582011938095,0.00020736730948556215
DQN,55,final,2856,5856,0.09000000000000001,1.0,1.0,0.48880550265312195,0.00023052064352668822
DQN,55,final,2857,5857,0.3512083458900452,2.0,2.0,0.7169080972671509,0.00016294319357257336
DQN,55,final,2858,5858,0.2858228158950806,3.0,3.0,0.5798758268356323,0.00025419428129680455
DQN,55,final,2859,5859,0.34351487636566164,2.0,2.0,0.5546035766601562,0.00017678099902695976
DQN,55,final,2860,5860,0.04124213933944703,2.0,2.0,0.5901036262512207,0.00025591946905478835
DQN,55,final,2861,5861,0.03755192637443543,2.0,2.0,0.5167050957679749,0.00047547031135763973
DQN,55,final,2862,5862,0.25184144258499147,2.0,2.0,0.7987310290336609,0.0003492420000839047
DQN,55,final,2863,5863,0.09000000000000001,1.0,1.0,0.17744775116443634,0.00011665804777294397
DQN,55,final,2864,5864,0.13886185169219972,2.0,2.0,0.8735594749450684,0.00038819597830297425
DQN,55,final,2865,5865,0.27714235305786133,3.0,3.0,0.8853322267532349,0.00030628356519931305
DQN,55,final,2866,5866,0.1426909637451172,3.0,3.0,0.8132436871528625,0.0002812252302343647
DQN,55,final,2867,5867,0.09000000000000001,1.0,1.0,0.18155653774738312,0.00033606207580305636
DQN,55,final,2868,5868,0.14535762548446657,2.0,2.0,0.5112172365188599,0.0001504440006101504
DQN,55,final,2869,5869,0.09000000000000001,1.0,1.0,0.374926894903183,0.0003758097591344267
DQN,55,final,2870,5870,0.09000000000000001,1.0,1.0,0.43385839462280273,0.0002796021581161767
DQN,55,final,2871,5871,-0.11414209604263305,5.0,2.0,0.5664277672767639,0.00026339585892856123
DQN,55,final,2872,5872,0.21529364347457886,4.0,4.0,0.6702412366867065,0.00026850964059121907
DQN,55,final,2873,5873,0.3026136922836304,2.0,2.0,1.0283199548721313,0.00030987607169663534
DQN,55,final,2874,5874,0.09000000000000001,1.0,1.0,0.2262393981218338,0.00019025894289370626
DQN,55,final,2875,5875,0.14573110818862917,2.0,2.0,0.601751446723938,0.00027095449331682175
DQN,55,final,2876,5876,0.06337279796600342,3.0,3.0,0.8282671570777893,0.0002442246914142743
DQN,55,final,2877,5877,0.06222762346267701,2.0,2.0,0.6436311602592468,0.00034966826206073165
DQN,55,final,2878,5878,0.11331231117248536,3.0,3.0,0.5474964380264282,0.0001737066680410256
DQN,55,final,2879,5879,0.05324358463287354,3.0,3.0,0.9546456336975098,0.00018623829237185419
DQN,55,final,2880,5880,0.09000000000000001,1.0,1.0,0.7225526571273804,0.00013861939078196883
DQN,55,final,2881,5881,0.09000000000000001,1.0,1.0,0.41614770889282227,0.0003204569802619517
DQN,55,final,2882,5882,0.05164791107177735,4.0,3.0,0.8755425810813904,0.00024033852969296277
DQN,55,final,2883,5883,0.09000000000000001,1.0,1.0,0.13650740683078766,0.00021521894086617976
DQN,55,final,2884,5884,0.2322905230522156,2.0,2.0,0.8849007487297058,0.00017411378939868882
DQN,55,final,2885,5885,-0.5577408254146576,10.0,2.0,0.46480321884155273,0.000235359302314464
DQN,55,final,2886,5886,-0.2668318712711334,9.0,2.0,0.4317733943462372,0.0002219075249740854
DQN,55,final,2887,5887,0.1362398433685303,2.0,2.0,0.6793703436851501,0.000242315923969727
DQN,55,final,2888,5888,0.2127682137489319,2.0,2.0,0.7077694535255432,0.00017507500160718337
DQN,55,final,2889,5889,0.1438624429702759,2.0,2.0,0.7351107001304626,0.00018140550673706457
DQN,55,final,2890,5890,0.09957845687866212,2.0,2.0,0.29146161675453186,0.00023262696049641818
DQN,55,final,2891,5891,-0.06115893840789795,2.0,2.0,0.6953237652778625,0.00018310116865905002
DQN,55,final,2892,5892,0.22101516246795655,3.0,3.0,0.7844510674476624,0.00028897199081256986
DQN,55,final,2893,5893,0.16793728590011597,3.0,3.0,0.634141743183136,0.0001858737668953836
DQN,55,final,2894,5894,0.09000000000000001,1.0,1.0,0.798123300075531,0.00016442866763100028
DQN,55,final,2895,5895,0.09000000000000001,1.0,1.0,0.2338617742061615,0.00028903494239784777
DQN,55,final,2896,5896,0.2624896335601807,2.0,2.0,0.8852005004882812,0.00017144729645224288
DQN,55,final,2897,5897,-0.03373812913894651,3.0,3.0,0.9198182225227356,0.00013392744343339777
DQN,55,final,2898,5898,0.17202431678771973,3.0,3.0,0.8083598017692566,0.00018378809424272427
DQN,55,final,2899,5899,0.15303655147552492,2.0,2.0,0.49010658264160156,0.00020869220315944403
DQN,55,final,2900,5900,0.2095854449272156,2.0,2.0,0.6927709579467773,0.0001390981487929821
DQN,55,final,2901,5901,0.09000000000000001,1.0,1.0,0.11466730386018753,0.0003756838268600404
DQN,55,final,2902,5902,0.026768274307250997,3.0,3.0,0.41715356707572937,0.0001409602991770953
DQN,55,final,2903,5903,0.15006995916366578,3.0,3.0,0.6130689978599548,0.00019405865168664604
DQN,55,final,2904,5904,0.09000000000000001,1.0,1.0,0.12801064550876617,0.0002703410282265395
DQN,55,final,2905,5905,-0.17525647163391112,8.0,3.0,0.9297782182693481,0.0002003720474021975
DQN,55,final,2906,5906,0.21626074790954591,2.0,2.0,0.5009828805923462,0.00020306590158725157
DQN,55,final,2907,5907,-0.0928040099143982,7.0,4.0,0.7573448419570923,0.00021762213145848364
DQN,55,final,2908,5908,0.09000000000000001,1.0,1.0,0.4347144663333893,0.00013229306205175817
DQN,55,final,2909,5909,0.22375340938568117,2.0,2.0,0.8888732194900513,0.00029432925657602027
DQN,55,final,2910,5910,0.09000000000000001,1.0,1.0,0.12622784078121185,0.0002804233809001744
DQN,55,final,2911,5911,0.0555765199661255,2.0,2.0,0.5515740513801575,0.00022531919239554554
DQN,55,final,2912,5912,0.09000000000000001,1.0,1.0,0.42711877822875977,0.0004367124056443572
DQN,55,final,2913,5913,0.09000000000000001,1.0,1.0,0.35732197761535645,0.00018413181533105671
DQN,55,final,2914,5914,0.26113988637924196,2.0,2.0,0.6776095032691956,0.00014445445049204864
DQN,55,final,2915,5915,0.12787312984466553,3.0,3.0,1.0558063983917236,0.00019294628388403604
DQN,55,final,2916,5916,0.2541804385185242,3.0,3.0,0.7369596362113953,0.00035787040057281655
DQN,55,final,2917,5917,0.21594728708267213,2.0,2.0,0.8803264498710632,0.0001972153113456443
DQN,55,final,2918,5918,0.09000000000000001,1.0,1.0,0.19626832008361816,0.00019011279800906777
DQN,55,final,2919,5919,0.052892721891403205,3.0,3.0,0.4507139027118683,0.00019166750037887445
DQN,55,final,2920,5920,0.09000000000000001,1.0,1.0,0.13184449076652527,0.00019205595890525728
DQN,55,final,2921,5921,0.10737323939800264,2.0,2.0,0.1771087944507599,0.00013526609836844727
DQN,55,final,2922,5922,0.09000000000000001,1.0,1.0,0.8339464068412781,0.0001695355458650738
DQN,55,final,2923,5923,0.09000000000000001,1.0,1.0,0.3583057224750519,9.159975161310285e-05
DQN,55,final,2924,5924,0.17268914699554444,3.0,3.0,0.69158935546875,0.00013239534746389836
DQN,55,final,2925,5925,0.36991550207138063,2.0,2.0,0.5819240212440491,0.00018359136447543278
DQN,55,final,2926,5926,0.0681463944911957,2.0,2.0,0.31400734186172485,0.00015868501941440627
DQN,55,final,2927,5927,0.10769321203231813,2.0,2.0,0.431098997592926,0.00011061548138968647
DQN,55,final,2928,5928,0.03744583010673524,2.0,2.0,0.29495689272880554,0.00015047650231281295
DQN,55,final,2929,5929,0.11350454568862917,2.0,2.0,0.5417381525039673,0.0001502793311374262
DQN,55,final,2930,5930,0.12387110471725465,2.0,2.0,0.7293335795402527,0.0002563598973210901
DQN,55,final,2931,5931,0.25079788446426393,2.0,2.0,0.6734589338302612,0.0002291462806169875
DQN,55,final,2932,5932,0.16516143798828126,3.0,3.0,0.7630745768547058,0.00018469428565974036
DQN,55,final,2933,5933,0.39656943798065186,3.0,3.0,1.0027092695236206,0.00024168449939073375
DQN,55,final,2934,5934,0.09000000000000001,1.0,1.0,0.6020570993423462,0.00017455071792937815
DQN,55,final,2935,5935,0.12817830562591553,3.0,3.0,0.7204753160476685,0.00020049187151016667
DQN,55,final,2936,5936,0.2882090187072754,4.0,4.0,1.1640485525131226,0.00033679688567644916
DQN,55,final,2937,5937,0.09640711307525635,4.0,4.0,1.0202147960662842,0.00031454245254280977
DQN,55,final,2938,5938,0.09000000000000001,1.0,1.0,0.7136867642402649,0.00017173583910334855
DQN,55,final,2939,5939,0.08231895923614503,4.0,4.0,0.5074393153190613,0.00021144947095308453
DQN,55,final,2940,5940,0.04416747570037843,2.0,2.0,0.5709642767906189,0.0004785329583683051
DQN,55,final,2941,5941,0.3057356643676758,2.0,2.0,0.5022926926612854,0.0001955871339305304
DQN,55,final,2942,5942,0.15248646020889284,2.0,2.0,0.8941479921340942,0.0001537002608529292
DQN,55,final,2943,5943,0.09000000000000001,1.0,1.0,0.2775932848453522,0.00011054458445869386
DQN,55,final,2944,5944,0.036341490149497994,2.0,2.0,0.18565432727336884,0.00018782731058308855
DQN,55,final,2945,5945,0.25817652225494386,2.0,2.0,0.836031436920166,0.0002224485360784456
DQN,55,final,2946,5946,0.08770532131195069,3.0,3.0,0.9166847467422485,0.00026605097809806466
DQN,55,final,2947,5947,-0.31512913703918455,10.0,3.0,0.2841663062572479,0.0002356630822760053
DQN,55,final,2948,5948,0.09450540661811829,3.0,3.0,0.42385149002075195,0.00028869507756705087
DQN,55,final,2949,5949,0.1882190275192261,2.0,2.0,0.7287017107009888,0.00020708968077087775
DQN,55,final,2950,5950,0.1413365173339844,2.0,2.0,0.29380202293395996,0.00032052610913524404
DQN,55,final,2951,5951,0.07763964653015137,3.0,3.0,0.6026766896247864,0.0001964657858479768
DQN,55,final,2952,5952,0.06769289255142213,2.0,2.0,0.849726140499115,0.00015913012248347513
DQN,55,final,2953,5953,0.09000000000000001,1.0,1.0,0.13973194360733032,0.0003060204326175153
DQN,55,final,2954,5954,0.1038781476020813,3.0,3.0,0.9891600012779236,0.0002226731060848882
DQN,55,final,2955,5955,0.09000000000000001,1.0,1.0,0.3623846471309662,7.165780698414892e-05
DQN,55,final,2956,5956,-0.011113812923431401,4.0,3.0,0.877945065498352,0.00017977726747631095
DQN,55,final,2957,5957,0.11206808865070345,2.0,2.0,0.1508881151676178,0.00012501259334385395
DQN,55,final,2958,5958,0.09930665969848634,2.0,2.0,0.7654393911361694,0.00020205733380862512
DQN,55,final,2959,5959,0.06741042613983156,2.0,2.0,1.0340540409088135,0.00019081953360000625
DQN,55,final,2960,5960,-0.059417221546173085,6.0,2.0,0.5506037473678589,0.0001618031989589023
DQN,55,final,2961,5961,0.17009199380874634,3.0,3.0,0.625879168510437,0.00022567387592668334
DQN,55,final,2962,5962,0.12446630716323853,3.0,3.0,0.6897755861282349,0.00016501021066990992
DQN,55,final,2963,5963,0.09000000000000001,1.0,1.0,0.2505185306072235,0.0001434143487131223
DQN,55,final,2964,5964,0.09000000000000001,1.0,1.0,0.3932594954967499,9.909195068757981e-05
DQN,55,final,2965,5965,-0.02091948986053467,5.0,3.0,0.26039907336235046,0.00027117038844153284
DQN,55,final,2966,5966,0.06523443937301637,2.0,2.0,0.14594660699367523,0.0002361079168622382
DQN,55,final,2967,5967,0.07622806906700136,2.0,2.0,0.49021100997924805,0.0002671388356247917
DQN,55,final,2968,5968,0.055838443040847785,3.0,3.0,0.3643720746040344,0.00021064815033848086
DQN,55,final,2969,5969,0.09000000000000001,1.0,1.0,0.4575723707675934,0.00011243660992477089
DQN,55,final,2970,5970,0.10099919319152834,2.0,2.0,0.496613085269928,0.0003172776196151972
DQN,55,final,2971,5971,0.09000000000000001,1.0,1.0,0.4294174015522003,0.0002658273442648351
DQN,55,final,2972,5972,-0.031749291419982895,2.0,2.0,0.8689766526222229,0.00020991975179640576
DQN,55,final,2973,5973,0.09000000000000001,1.0,1.0,0.2261817902326584,0.00018614213331602514
DQN,55,final,2974,5974,-0.010359644889831529,5.0,4.0,1.0699818134307861,0.00020129546028329058
DQN,55,final,2975,5975,0.1138769853115082,2.0,2.0,0.26810047030448914,0.00018110263044945896
DQN,55,final,2976,5976,0.09000000000000001,1.0,1.0,0.4762783646583557,0.00015635692398063838
DQN,55,final,2977,5977,0.23958123445510865,3.0,3.0,0.9393076300621033,0.00015567469138962528
DQN,55,final,2978,5978,0.09000000000000001,1.0,1.0,0.1754814237356186,0.0001339794252999127
DQN,55,final,2979,5979,0.04182286739349366,2.0,2.0,1.0115514993667603,0.0002349985225009732
DQN,55,final,2980,5980,0.17246668219566347,2.0,2.0,0.3261745572090149,0.00013502942601917312
DQN,55,final,2981,5981,0.03233297348022462,2.0,2.0,0.6792283058166504,0.00028871605900349095
DQN,55,final,2982,5982,0.20649027585983276,4.0,4.0,0.6684873700141907,0.00015957074356265366
DQN,55,final,2983,5983,0.09000000000000001,1.0,1.0,0.2795168459415436,0.00017181171278934926
DQN,55,final,2984,5984,0.22827135205268861,2.0,2.0,0.43564465641975403,0.00015827465540496632
DQN,55,final,2985,5985,0.28992063760757447,4.0,3.0,0.5797497034072876,0.00015876748511800542
DQN,55,final,2986,5986,0.12041230678558351,2.0,2.0,0.36708906292915344,0.0001879016708699055
DQN,55,final,2987,5987,0.09000000000000001,1.0,1.0,0.2446335107088089,0.0005286551313474774
DQN,55,final,2988,5988,0.1367041039466858,2.0,2.0,0.30049487948417664,0.00013840090105077252
DQN,55,final,2989,5989,-0.0014882493019103965,3.0,2.0,0.595551609992981,0.00019672691511611143
DQN,55,final,2990,5990,0.1420062053203583,2.0,2.0,0.25714975595474243,0.000147443624882726
DQN,55,final,2991,5991,0.09000000000000001,1.0,1.0,0.3842853605747223,0.00013885054795537144
DQN,55,final,2992,5992,0.09000000000000001,1.0,1.0,0.7232295870780945,0.0001575016212882474
DQN,55,final,2993,5993,0.09000000000000001,1.0,1.0,0.376494824886322,0.0001809198292903602
DQN,55,final,2994,5994,0.09000000000000001,1.0,1.0,0.24764461815357208,0.00011702299525495619
DQN,55,final,2995,5995,0.10113872766494753,2.0,2.0,0.5982524156570435,0.00013428690363070928
DQN,55,final,2996,5996,0.21208441972732545,3.0,3.0,0.9316251873970032,0.00020477040622305745
DQN,55,final,2997,5997,0.2113719654083252,3.0,3.0,1.0716217756271362,0.00016590871867568543
DQN,55,final,2998,5998,0.12351608991622925,3.0,3.0,0.6852602362632751,0.0001471957026903207
DQN,55,final,2999,5999,-0.017256660461425766,2.0,2.0,0.7376144528388977,0.00022224206622922793
DQN,55,final,3000,6000,0.09000000000000001,1.0,1.0,0.3634946048259735,0.00016640925605315715
