agent,seed,phase,local_episode,cumulative_episode,reward,steps,selected_regions,classification_loss,optimization_loss
DQN,35,mid,1,1001,0.08580899000167848,4.0,4.0,0.48378175497055054,0.0002536177125875838
DQN,35,mid,2,1002,-0.2125204038619995,7.0,3.0,0.771214485168457,0.0003697466787083873
DQN,35,mid,3,1003,0.3942177867889405,4.0,4.0,0.3665706515312195,0.0003065892742597498
DQN,35,mid,4,1004,0.1428039342164993,5.0,3.0,0.20036186277866364,0.00018807822052622215
DQN,35,mid,5,1005,-0.04379672884941101,3.0,2.0,0.13915647566318512,0.0003299192515745138
DQN,35,mid,6,1006,0.09185095310211183,2.0,2.0,0.766420841217041,0.0001901881187222898
DQN,35,mid,7,1007,0.2577530813217163,3.0,3.0,0.7734900712966919,0.0002769220154732466
DQN,35,mid,8,1008,0.32835245847702027,3.0,3.0,0.7051679491996765,0.00026622265674329054
DQN,35,mid,9,1009,-0.028247942924499517,4.0,3.0,0.7338970303535461,0.00019859245730913244
DQN,35,mid,10,1010,0.2868660855293274,2.0,2.0,0.5296475291252136,0.0002679360331967473
DQN,35,mid,11,1011,0.12047787666320803,4.0,2.0,0.5150047540664673,0.00022489378898171708
DQN,35,mid,12,1012,0.09000000000000001,1.0,1.0,0.8759350180625916,0.0001256012183148414
DQN,35,mid,13,1013,0.13619811296463014,4.0,3.0,0.7540150880813599,0.0002890588111768011
DQN,35,mid,14,1014,0.22528613567352296,4.0,3.0,0.8277236223220825,0.0003161905497108819
DQN,35,mid,15,1015,0.06859386205673218,6.0,4.0,0.5753828287124634,0.0003302002187410835
DQN,35,mid,16,1016,-0.0378777813911438,2.0,2.0,0.6733570694923401,0.00028659956296905875
DQN,35,mid,17,1017,-0.02719913244247435,2.0,2.0,0.7569077610969543,0.00029863840609323233
DQN,35,mid,18,1018,0.09000000000000001,1.0,1.0,0.7890434861183167,0.00018892133084591478
DQN,35,mid,19,1019,0.10504538774490357,4.0,3.0,0.3377246856689453,0.0002727802602748852
DQN,35,mid,20,1020,0.1400332522392273,3.0,3.0,0.7684548497200012,0.00019009094103239477
DQN,35,mid,21,1021,6.528377532960539e-05,2.0,2.0,0.49088361859321594,0.00017314856086159125
DQN,35,mid,22,1022,0.11676980733871462,2.0,2.0,0.7741267085075378,0.0008156904659699649
DQN,35,mid,23,1023,0.21186954498291016,3.0,3.0,0.33341577649116516,0.000258599665054741
DQN,35,mid,24,1024,0.03966392755508424,2.0,2.0,0.3286273777484894,0.00018483730673324317
DQN,35,mid,25,1025,0.09000000000000001,1.0,1.0,0.07943055778741837,0.00022839207667857409
DQN,35,mid,26,1026,-0.0013976991176605225,5.0,4.0,0.4546683132648468,0.00022072801366448402
DQN,35,mid,27,1027,0.149055118560791,8.0,5.0,0.8173427581787109,0.00025290179291914683
DQN,35,mid,28,1028,0.09000000000000001,1.0,1.0,0.26613080501556396,0.0003509729285724461
DQN,35,mid,29,1029,-0.0006718707084655551,7.0,5.0,0.5970478653907776,0.0002138383227117759
DQN,35,mid,30,1030,-0.38254050254821775,9.0,3.0,0.2552013397216797,0.00030192260277949064
DQN,35,mid,31,1031,0.05055062651634217,2.0,2.0,0.46204206347465515,0.0010409971582703292
DQN,35,mid,32,1032,0.30331807017326357,2.0,2.0,0.2807987630367279,0.0003257171483710408
DQN,35,mid,33,1033,-0.24370883226394652,7.0,3.0,0.37877920269966125,0.00027162295217359703
DQN,35,mid,34,1034,0.09000000000000001,1.0,1.0,0.6503871083259583,0.0003394319210201502
DQN,35,mid,35,1035,0.03343721151351929,3.0,2.0,0.7693629860877991,0.00018419035768602043
DQN,35,mid,36,1036,-0.08703505039215086,4.0,3.0,0.7106499671936035,0.00035960282912128605
DQN,35,mid,37,1037,-0.08986627101898194,4.0,3.0,0.7570534348487854,0.0009948894949047826
DQN,35,mid,38,1038,-0.41876095533370966,10.0,5.0,0.7731850743293762,0.0005079765047412366
DQN,35,mid,39,1039,0.017892620563507086,4.0,2.0,0.5690104961395264,0.0009947941143764183
DQN,35,mid,40,1040,0.004976289272308365,2.0,2.0,0.47913748025894165,0.00041922921082004905
DQN,35,mid,41,1041,0.20837653398513795,3.0,3.0,0.882998526096344,0.00034643893983835977
DQN,35,mid,42,1042,-0.017148805856704696,2.0,2.0,0.4603731036186218,0.00033026892924681306
DQN,35,mid,43,1043,0.09000000000000001,1.0,1.0,0.40333232283592224,0.0002842506510205567
DQN,35,mid,44,1044,0.09000000000000001,1.0,1.0,0.8626596331596375,0.0003799262922257185
DQN,35,mid,45,1045,0.27138434529304506,2.0,2.0,0.3534853756427765,0.000588813898502849
DQN,35,mid,46,1046,0.1797237491607666,4.0,3.0,0.7374128103256226,0.0004021821223432198
DQN,35,mid,47,1047,0.11086722135543824,3.0,2.0,0.9270736575126648,0.0003865534963551909
DQN,35,mid,48,1048,0.09000000000000001,1.0,1.0,0.24299170076847076,0.00021180974727030843
DQN,35,mid,49,1049,0.09708274126052857,3.0,3.0,0.9036806225776672,0.0013617569832907368
DQN,35,mid,50,1050,0.09000000000000001,1.0,1.0,0.8276128172874451,0.0003916911664418876
DQN,35,mid,51,1051,0.09000000000000001,1.0,1.0,0.8900944590568542,0.0006224887329153717
DQN,35,mid,52,1052,0.03294826269149781,3.0,3.0,0.6946662664413452,0.000369642114189143
DQN,35,mid,53,1053,0.21405582308769228,2.0,2.0,0.24591827392578125,0.000605137727688998
DQN,35,mid,54,1054,0.09197427511215212,2.0,2.0,0.6251510381698608,0.0005593004170805216
DQN,35,mid,55,1055,0.09000000000000001,1.0,1.0,0.6283845901489258,0.0007013938156887889
DQN,35,mid,56,1056,0.04274524927139283,2.0,2.0,0.8246618509292603,0.00041245912143494934
DQN,35,mid,57,1057,-0.012356443405151352,2.0,2.0,0.7525051832199097,0.000314946097205393
DQN,35,mid,58,1058,-0.12445082545280457,3.0,3.0,0.3734903931617737,0.00030451683172335226
DQN,35,mid,59,1059,0.11853235185146332,3.0,3.0,0.20878328382968903,0.000526360721172144
DQN,35,mid,60,1060,0.09000000000000001,1.0,1.0,0.4722539782524109,0.00026158467517234385
DQN,35,mid,61,1061,0.19615443229675295,2.0,2.0,0.2929518222808838,0.00036158747388981283
DQN,35,mid,62,1062,0.09000000000000001,1.0,1.0,0.3454051911830902,0.00039462774293497205
DQN,35,mid,63,1063,0.06009759187698365,2.0,2.0,0.4699081480503082,0.000348447538272012
DQN,35,mid,64,1064,0.17982597827911379,2.0,2.0,0.939201831817627,0.00031973334262147546
DQN,35,mid,65,1065,0.14931531667709352,3.0,2.0,0.9009650349617004,0.00040612949427062023
DQN,35,mid,66,1066,0.09000000000000001,1.0,1.0,0.24778665602207184,0.001088516553863883
DQN,35,mid,67,1067,0.2033032250404358,3.0,3.0,0.6582321524620056,0.000282368651824072
DQN,35,mid,68,1068,0.09000000000000001,1.0,1.0,0.6229373216629028,0.0002393940230831504
DQN,35,mid,69,1069,0.003202233910560612,3.0,2.0,0.16839340329170227,0.0006330252702658375
DQN,35,mid,70,1070,0.09000000000000001,1.0,1.0,0.12553606927394867,0.00018400019325781614
DQN,35,mid,71,1071,0.09000000000000001,1.0,1.0,0.10319489985704422,0.000542554073035717
DQN,35,mid,72,1072,-0.16428774118423461,7.0,4.0,0.8032128214836121,0.0004225171578582376
DQN,35,mid,73,1073,0.09000000000000001,1.0,1.0,1.3651123046875,0.0004201391711831093
DQN,35,mid,74,1074,0.14669508934020994,5.0,3.0,0.7259708046913147,0.0005648172984365374
DQN,35,mid,75,1075,-0.02512938857078552,3.0,2.0,0.22512932121753693,0.0014337589673232287
DQN,35,mid,76,1076,0.17378439188003542,2.0,2.0,0.8753003478050232,0.0008598840213380754
DQN,35,mid,77,1077,0.09000000000000001,1.0,1.0,0.3705689013004303,0.0002852741745300591
DQN,35,mid,78,1078,0.03365901291370393,2.0,2.0,0.18047180771827698,0.0003689545701490715
DQN,35,mid,79,1079,-0.025143675804138163,3.0,3.0,0.5817620158195496,0.0004646394324178497
DQN,35,mid,80,1080,0.07685977935791016,3.0,3.0,0.4822494387626648,0.00022832823742646724
DQN,35,mid,81,1081,-0.02432548999786377,10.0,5.0,0.961199164390564,0.000787921303708572
DQN,35,mid,82,1082,0.09000000000000001,1.0,1.0,0.6186957955360413,0.0012373425997793674
DQN,35,mid,83,1083,0.1622790563106537,2.0,2.0,0.3631565272808075,0.0004939354912494309
DQN,35,mid,84,1084,0.08200724601745607,2.0,2.0,0.7993367910385132,0.0003755686921067536
DQN,35,mid,85,1085,0.09000000000000001,1.0,1.0,0.3570577800273895,0.0005106006865389645
DQN,35,mid,86,1086,-0.14167808532714843,4.0,3.0,0.5032197833061218,0.0002486421180947218
DQN,35,mid,87,1087,0.14131184101104738,2.0,2.0,0.8615716099739075,0.00041564008279237896
DQN,35,mid,88,1088,0.005441315174102804,3.0,3.0,0.4565722942352295,0.00028065406271101284
DQN,35,mid,89,1089,0.09000000000000001,1.0,1.0,0.7990041375160217,0.0004993934417143464
DQN,35,mid,90,1090,0.09000000000000001,1.0,1.0,0.19800445437431335,0.0006876133847981691
DQN,35,mid,91,1091,0.18892805457115175,2.0,2.0,0.39623621106147766,0.00028923321224283427
DQN,35,mid,92,1092,0.05798180580139161,2.0,2.0,0.7758273482322693,0.0003581003693398088
DQN,35,mid,93,1093,0.13039215087890627,2.0,2.0,0.8829790353775024,0.0008893279009498656
DQN,35,mid,94,1094,-0.015783442258834823,2.0,2.0,0.36702683568000793,0.0003822688740910962
DQN,35,mid,95,1095,0.09000000000000001,1.0,1.0,1.2921602725982666,0.0002713660942390561
DQN,35,mid,96,1096,0.09000000000000001,1.0,1.0,0.7623431086540222,0.0005631750100292265
DQN,35,mid,97,1097,0.2604193067550659,4.0,4.0,0.72235107421875,0.0003996286031906493
DQN,35,mid,98,1098,0.3635915017127991,4.0,3.0,0.7939551472663879,0.0003814723895629868
DQN,35,mid,99,1099,0.052090771198272726,3.0,3.0,0.9916024208068848,0.00044999106709534925
DQN,35,mid,100,1100,0.0647162961959839,2.0,2.0,1.1661819219589233,0.00032089084561448544
DQN,35,mid,101,1101,0.06271544814109803,3.0,3.0,0.3803617060184479,0.00033050500981820125
DQN,35,mid,102,1102,0.09000000000000001,1.0,1.0,0.14131002128124237,0.00033181795151904225
DQN,35,mid,103,1103,0.03652604579925538,4.0,2.0,0.5588648915290833,0.0005538261102628894
DQN,35,mid,104,1104,-0.05582718133926391,3.0,2.0,0.25132590532302856,0.00046143254924875993
DQN,35,mid,105,1105,0.01849858433008196,3.0,3.0,0.14269056916236877,0.00040756661716538173
DQN,35,mid,106,1106,-0.026861710548400877,7.0,3.0,0.887370228767395,0.0003518912853905931
DQN,35,mid,107,1107,0.4207785999774933,4.0,4.0,0.49695590138435364,0.0017232856043847278
DQN,35,mid,108,1108,0.22636492729187013,2.0,2.0,0.4829077124595642,0.00040694249037187546
DQN,35,mid,109,1109,0.02990963757038117,5.0,3.0,0.24964751303195953,0.0004483120603254065
DQN,35,mid,110,1110,0.09630126476287842,3.0,3.0,0.4936876893043518,0.0002875455587248628
DQN,35,mid,111,1111,0.09000000000000001,1.0,1.0,0.4850296974182129,0.0002539338602218777
DQN,35,mid,112,1112,0.09000000000000001,1.0,1.0,1.0328238010406494,0.00034833114477805793
DQN,35,mid,113,1113,0.09000000000000001,1.0,1.0,0.1435721218585968,0.00020594328816514462
DQN,35,mid,114,1114,0.12330539703369142,2.0,2.0,0.843666672706604,0.0003158193430863321
DQN,35,mid,115,1115,0.05227951884269715,2.0,2.0,0.47868892550468445,0.00031840315932640806
DQN,35,mid,116,1116,0.23712754964828492,3.0,3.0,0.5287317037582397,0.00030104572457882267
DQN,35,mid,117,1117,0.09000000000000001,1.0,1.0,0.8308748602867126,0.00025401473976671696
DQN,35,mid,118,1118,0.02491772353649141,2.0,2.0,0.27262187004089355,0.00032310641836375
DQN,35,mid,119,1119,0.09000000000000001,1.0,1.0,0.73787921667099,0.00040422106394544244
DQN,35,mid,120,1120,0.08967632055282593,5.0,4.0,0.6021203994750977,0.0002494789310730994
DQN,35,mid,121,1121,-0.1819524025917053,6.0,3.0,0.45444419980049133,0.0003051135184553762
DQN,35,mid,122,1122,0.09000000000000001,1.0,1.0,0.517969012260437,0.000127791179693304
DQN,35,mid,123,1123,0.09000000000000001,1.0,1.0,0.5009143948554993,0.0007379004964604974
DQN,35,mid,124,1124,0.09896431326866151,4.0,3.0,0.32791852951049805,0.0008174546928785276
DQN,35,mid,125,1125,0.09000000000000001,1.0,1.0,0.09378998726606369,0.00040450680535286665
DQN,35,mid,126,1126,0.25305817246437073,3.0,3.0,0.39772459864616394,0.00039918564531641704
DQN,35,mid,127,1127,0.09000000000000001,1.0,1.0,0.21384496986865997,0.0005448391893878579
DQN,35,mid,128,1128,0.09000000000000001,1.0,1.0,0.28830644488334656,0.0003571521083358675
DQN,35,mid,129,1129,0.09000000000000001,1.0,1.0,0.40912947058677673,0.0004391607944853604
DQN,35,mid,130,1130,0.08980530500411987,5.0,4.0,0.6915626525878906,0.00045054047950543463
DQN,35,mid,131,1131,0.05007643699645997,5.0,3.0,0.793479323387146,0.000397961973794736
DQN,35,mid,132,1132,0.1727975106239319,4.0,3.0,0.5472648739814758,0.00030632952257292345
DQN,35,mid,133,1133,0.17104532003402712,2.0,2.0,0.8687630295753479,0.0002761565046967007
DQN,35,mid,134,1134,0.03861959457397462,2.0,2.0,0.43338584899902344,0.00036249383265385404
DQN,35,mid,135,1135,-0.14490411221981048,4.0,3.0,0.3429560363292694,0.0002546420455473708
DQN,35,mid,136,1136,0.3245385980606079,4.0,3.0,0.451413094997406,0.000560237946046982
DQN,35,mid,137,1137,0.12691681265830995,2.0,2.0,0.4534880816936493,0.0003598843904910609
DQN,35,mid,138,1138,-0.04352567672729492,3.0,2.0,1.2182763814926147,0.00023451730279096714
DQN,35,mid,139,1139,-0.4213820219039917,10.0,4.0,0.8082526326179504,0.0007799123704899102
DQN,35,mid,140,1140,0.09000000000000001,1.0,1.0,0.6203060150146484,0.00029959698440507054
DQN,35,mid,141,1141,-0.13013212919235229,4.0,3.0,0.8924629092216492,0.00022818241632194258
DQN,35,mid,142,1142,0.09000000000000001,1.0,1.0,0.3068832457065582,0.00020388734992593527
DQN,35,mid,143,1143,0.031275229454040536,2.0,2.0,0.9812237620353699,0.00017988833860727027
DQN,35,mid,144,1144,0.09000000000000001,1.0,1.0,0.3887733817100525,0.00048451870679855347
DQN,35,mid,145,1145,0.26186891078948976,2.0,2.0,0.6684145331382751,0.0003866286569973454
DQN,35,mid,146,1146,0.21589835166931154,2.0,2.0,0.77084881067276,0.00040534164872951806
DQN,35,mid,147,1147,-0.20278915643692014,8.0,2.0,0.6444748640060425,0.00030449830774159636
DQN,35,mid,148,1148,0.03912569761276246,2.0,2.0,0.9516443014144897,0.0002925250737462193
DQN,35,mid,149,1149,-0.17582630932331084,2.0,2.0,0.418756902217865,0.00023690139641985297
DQN,35,mid,150,1150,0.3236710000038147,2.0,2.0,0.5372034311294556,0.0005263576895231381
DQN,35,mid,151,1151,0.14972162008285522,4.0,4.0,0.793439507484436,0.0003624706805567257
DQN,35,mid,152,1152,0.1842338514328003,3.0,3.0,1.0661557912826538,0.0011555551852021988
DQN,35,mid,153,1153,-0.050557007789611794,4.0,3.0,0.7788463234901428,0.0004043387743877247
DQN,35,mid,154,1154,-0.1582557666301727,3.0,2.0,0.5320083498954773,0.0002733059130453815
DQN,35,mid,155,1155,0.09000000000000001,1.0,1.0,0.37147030234336853,0.00023078465892467648
DQN,35,mid,156,1156,0.09000000000000001,1.0,1.0,0.10848192125558853,0.00020864233374595642
DQN,35,mid,157,1157,0.08726997852325441,2.0,2.0,0.7260255813598633,0.0004067824629601091
DQN,35,mid,158,1158,0.028394172191619875,4.0,3.0,0.9354648590087891,0.0003205770335625857
DQN,35,mid,159,1159,0.1733516526222229,3.0,3.0,0.23230481147766113,0.00030446516757365316
DQN,35,mid,160,1160,0.03127504110336305,3.0,3.0,0.5059772729873657,0.000370709157626455
DQN,35,mid,161,1161,0.09000000000000001,1.0,1.0,0.34860244393348694,0.0004036970785818994
DQN,35,mid,162,1162,-0.06078974723815918,2.0,2.0,0.44343310594558716,0.00032450233993586153
DQN,35,mid,163,1163,-0.1406454849243164,8.0,3.0,1.0982648134231567,0.00022905057448951993
DQN,35,mid,164,1164,0.07543398857116701,3.0,2.0,0.8267313838005066,0.00018801147719689956
DQN,35,mid,165,1165,0.09000000000000001,1.0,1.0,0.15490734577178955,0.00028844631742686033
DQN,35,mid,166,1166,-0.0063748311996460055,7.0,4.0,0.6064602732658386,0.00029318885416224863
DQN,35,mid,167,1167,0.09000000000000001,1.0,1.0,0.5260318517684937,0.0015360831748694181
DQN,35,mid,168,1168,0.09000000000000001,1.0,1.0,0.25874581933021545,0.0005373528692871332
DQN,35,mid,169,1169,-0.08916732907295229,4.0,4.0,0.5497989654541016,0.0002612445405247854
DQN,35,mid,170,1170,0.10655320644378663,4.0,3.0,0.9516191482543945,0.00036866655500489287
DQN,35,mid,171,1171,-0.3547185182571411,10.0,4.0,0.7197328209877014,0.0001933746534632519
DQN,35,mid,172,1172,0.09000000000000001,1.0,1.0,0.20395447313785553,0.00024377462978009135
DQN,35,mid,173,1173,-0.1366234230995178,3.0,2.0,0.6987870931625366,0.00048453875448709976
DQN,35,mid,174,1174,0.08120845437049867,2.0,2.0,0.2363976389169693,0.0002796086191665381
DQN,35,mid,175,1175,0.04370941400527955,2.0,2.0,1.0011913776397705,0.00024241695791715756
DQN,35,mid,176,1176,0.043394632339477546,3.0,3.0,0.7007831335067749,0.00022082555612238744
DQN,35,mid,177,1177,0.0812481188774109,6.0,3.0,0.6169455647468567,0.00026004837127402425
DQN,35,mid,178,1178,0.03284831762313843,3.0,2.0,0.3227248191833496,0.00029055359967363376
DQN,35,mid,179,1179,0.1745950746536255,2.0,2.0,0.8860483765602112,0.0004648751928471029
DQN,35,mid,180,1180,-0.16330723285675047,7.0,3.0,1.0730379819869995,0.0003312998409715614
DQN,35,mid,181,1181,0.09000000000000001,1.0,1.0,0.4594199061393738,0.00018393516074866056
DQN,35,mid,182,1182,0.09000000000000001,1.0,1.0,0.14535187184810638,0.00022836338030174375
DQN,35,mid,183,1183,0.09000000000000001,1.0,1.0,0.6731564402580261,0.0002819292130880058
DQN,35,mid,184,1184,0.09000000000000001,1.0,1.0,0.2565813660621643,0.000365404732292518
DQN,35,mid,185,1185,0.09000000000000001,1.0,1.0,0.8099233508110046,0.00044444476952776313
DQN,35,mid,186,1186,0.006505377292633077,3.0,3.0,0.19020913541316986,0.0002937349781859666
DQN,35,mid,187,1187,0.12152356863021849,4.0,3.0,0.6352878212928772,0.0002842904541466851
DQN,35,mid,188,1188,0.09000000000000001,1.0,1.0,1.022863745689392,0.00017786097305361181
DQN,35,mid,189,1189,-0.016688359975814804,2.0,2.0,0.24490846693515778,0.0004056818434037268
DQN,35,mid,190,1190,0.09000000000000001,1.0,1.0,1.33826744556427,9.6031442808453e-05
DQN,35,mid,191,1191,0.1026651930809021,3.0,3.0,0.17199040949344635,0.00029000863529896986
DQN,35,mid,192,1192,0.15748412132263184,3.0,3.0,0.6893929243087769,0.00032570489080778014
DQN,35,mid,193,1193,-0.019466750621795634,3.0,3.0,0.9797013998031616,0.0002823467366397381
DQN,35,mid,194,1194,0.09000000000000001,1.0,1.0,0.2502094805240631,0.0003120882611256093
DQN,35,mid,195,1195,-0.07479041099548338,3.0,3.0,0.3519689738750458,0.0004705121342946465
DQN,35,mid,196,1196,-0.050695288181304934,5.0,3.0,0.8319004774093628,0.00041507027053739877
DQN,35,mid,197,1197,0.33438404083251955,2.0,2.0,0.6410843729972839,0.00018825487495632842
DQN,35,mid,198,1198,0.2983952236175537,3.0,3.0,0.7701498866081238,0.0004454064570988218
DQN,35,mid,199,1199,-0.07737241268157959,8.0,3.0,1.1714690923690796,0.0003377980010554893
DQN,35,mid,200,1200,0.09000000000000001,1.0,1.0,0.4164586067199707,0.0004022014909423888
DQN,35,mid,201,1201,0.3891336989402771,3.0,3.0,0.8627098202705383,0.00035683744742224616
DQN,35,mid,202,1202,-0.06669650793075561,2.0,2.0,0.8614974617958069,0.00034382895682938397
DQN,35,mid,203,1203,-0.1600945520401001,8.0,4.0,1.0228174924850464,0.00026920236632577144
DQN,35,mid,204,1204,0.09000000000000001,1.0,1.0,0.11848298460245132,0.00034300825791433454
DQN,35,mid,205,1205,0.09000000000000001,1.0,1.0,0.961031973361969,0.0003590531414374709
DQN,35,mid,206,1206,0.07476354360580445,3.0,3.0,0.7346729636192322,0.00020588451783017567
DQN,35,mid,207,1207,0.29318971157073975,3.0,3.0,0.7917474508285522,0.0001932937496652206
DQN,35,mid,208,1208,0.07270289421081544,4.0,3.0,1.05950129032135,0.0003015188194694929
DQN,35,mid,209,1209,0.20966328859329225,2.0,2.0,0.48905402421951294,0.00015745354176033288
DQN,35,mid,210,1210,0.09000000000000001,1.0,1.0,1.1602888107299805,0.00018927546625491232
DQN,35,mid,211,1211,0.07686096668243407,6.0,4.0,0.9455524682998657,0.00017204066292227557
DQN,35,mid,212,1212,-0.046052260398864744,2.0,2.0,0.7844254374504089,0.0003362386196386069
DQN,35,mid,213,1213,-0.20899113416671755,10.0,5.0,0.8306493163108826,0.0002919665799709037
DQN,35,mid,214,1214,0.27405704736709596,2.0,2.0,0.7938455939292908,0.00020700838649645448
DQN,35,mid,215,1215,0.129971878528595,2.0,2.0,0.5514088869094849,0.0004918133781757206
DQN,35,mid,216,1216,0.5004882287979125,3.0,3.0,0.9051934480667114,0.00019407990718415627
DQN,35,mid,217,1217,0.09000000000000001,1.0,1.0,0.663118302822113,0.00036543322494253516
DQN,35,mid,218,1218,0.09000000000000001,1.0,1.0,0.5637126564979553,0.00012077543942723423
DQN,35,mid,219,1219,-0.15266878843307496,9.0,6.0,0.5684762597084045,0.0002877195575921279
DQN,35,mid,220,1220,0.12651098728179933,4.0,3.0,0.5844495892524719,0.00032436959008919075
DQN,35,mid,221,1221,0.339107460975647,3.0,3.0,0.6057447791099548,0.0002133318290968115
DQN,35,mid,222,1222,0.09000000000000001,1.0,1.0,0.10228721052408218,0.00014763270155526698
DQN,35,mid,223,1223,0.06956584930419923,2.0,2.0,0.7095301747322083,0.00018834885122487321
DQN,35,mid,224,1224,0.1116336750984192,2.0,2.0,0.36499056220054626,0.00015571006224490702
DQN,35,mid,225,1225,0.12186719655990602,2.0,2.0,0.5673747658729553,0.0001818861928768456
DQN,35,mid,226,1226,0.17490071058273315,10.0,5.0,0.9722982048988342,0.00021723559184465556
DQN,35,mid,227,1227,0.012401031255722061,2.0,2.0,0.2446013242006302,0.00015286210691556334
DQN,35,mid,228,1228,0.1418841552734375,3.0,3.0,1.0120761394500732,0.00019773280170435706
DQN,35,mid,229,1229,0.21473360776901246,3.0,3.0,0.7757994532585144,0.00018804678014324358
DQN,35,mid,230,1230,0.06471778631210329,2.0,2.0,0.983973503112793,0.00028953202127013355
DQN,35,mid,231,1231,0.0742659068107605,4.0,3.0,0.706700325012207,0.00016847828737809323
DQN,35,mid,232,1232,0.09000000000000001,1.0,1.0,0.9715402722358704,0.0002416511415503919
DQN,35,mid,233,1233,-0.4434645652770996,10.0,2.0,1.1243767738342285,0.00023945262728375383
DQN,35,mid,234,1234,0.2583301830291748,2.0,2.0,0.516231894493103,0.0002634462289279327
DQN,35,mid,235,1235,0.05271846771240235,3.0,3.0,0.8045838475227356,0.0003104793916766842
DQN,35,mid,236,1236,0.24409736394882203,5.0,3.0,0.5992795825004578,0.00020738946477649733
DQN,35,mid,237,1237,0.37229644060134887,5.0,5.0,0.5906014442443848,0.00016150838928297162
DQN,35,mid,238,1238,0.11834992647171022,2.0,2.0,0.4937548041343689,0.00021134303096914664
DQN,35,mid,239,1239,0.12451995134353638,3.0,3.0,0.8656765818595886,0.0004082642068775992
DQN,35,mid,240,1240,0.09000000000000001,1.0,1.0,0.5510162115097046,6.0663340264e-05
DQN,35,mid,241,1241,0.25207704305648804,5.0,4.0,0.6313247084617615,0.00016682716959621758
DQN,35,mid,242,1242,0.0014034509658813615,5.0,4.0,0.3663206994533539,0.00022440995380748063
DQN,35,mid,243,1243,-0.011196367740631083,3.0,3.0,0.5926154851913452,0.00012850793912851563
DQN,35,mid,244,1244,0.30604262828826906,2.0,2.0,1.0222617387771606,0.00015339983656303957
DQN,35,mid,245,1245,-0.27773822367191314,7.0,4.0,0.3280065953731537,0.00019526079371904155
DQN,35,mid,246,1246,-0.13847926855087278,5.0,2.0,0.8267281651496887,0.00019879369356203824
DQN,35,mid,247,1247,0.051497590541839604,5.0,3.0,0.657295823097229,0.00021679550700355322
DQN,35,mid,248,1248,0.17202604532241822,3.0,3.0,0.5531054139137268,0.00026167517353314906
DQN,35,mid,249,1249,-0.0460478889942169,3.0,3.0,0.5406659841537476,0.00024113448065084717
DQN,35,mid,250,1250,0.10126252651214601,2.0,2.0,0.5614174008369446,0.00018658149929251522
DQN,35,mid,251,1251,0.09000000000000001,1.0,1.0,0.33861440420150757,0.00021470364299602807
DQN,35,mid,252,1252,-0.06728792905807494,7.0,5.0,0.8063708543777466,0.00026164392641346367
DQN,35,mid,253,1253,0.07744540452957155,2.0,2.0,0.25085464119911194,0.00023743008932797238
DQN,35,mid,254,1254,0.15386487245559693,5.0,3.0,0.37691789865493774,0.0003730968717718497
DQN,35,mid,255,1255,-0.011087065339088431,4.0,3.0,0.15828244388103485,0.0003689227596623823
DQN,35,mid,256,1256,0.2403852415084839,3.0,3.0,0.7985362410545349,0.0002834377713346233
DQN,35,mid,257,1257,0.09000000000000001,1.0,1.0,0.892018735408783,0.00016849543317221105
DQN,35,mid,258,1258,0.09000000000000001,1.0,1.0,0.6244326233863831,0.0004968109424225986
DQN,35,mid,259,1259,0.11123825788497926,2.0,2.0,0.6263529062271118,0.00021951398230157793
DQN,35,mid,260,1260,-0.2263898491859436,10.0,5.0,0.9764650464057922,0.00026692557730711997
DQN,35,mid,261,1261,0.09899978518486025,2.0,2.0,0.3938012421131134,0.00016365256306016818
DQN,35,mid,262,1262,-0.12028225302696226,4.0,3.0,0.40690818428993225,0.00021336262580007315
DQN,35,mid,263,1263,0.03981013774871827,2.0,2.0,0.5544514060020447,0.0003921500756405294
DQN,35,mid,264,1264,0.05992137074470521,2.0,2.0,0.44280368089675903,0.00019652368791867048
DQN,35,mid,265,1265,0.20476115703582765,4.0,3.0,1.0330075025558472,0.00016317275003530085
DQN,35,mid,266,1266,0.09062881946563722,2.0,2.0,0.7544794678688049,0.00016508255066582933
DQN,35,mid,267,1267,0.01066706538200378,4.0,3.0,0.2807508409023285,0.00020843151287408546
DQN,35,mid,268,1268,-0.41964722871780397,10.0,4.0,0.35392776131629944,0.00018868914849008435
DQN,35,mid,269,1269,0.09000000000000001,1.0,1.0,0.439349502325058,0.00020383147057145834
DQN,35,mid,270,1270,0.13666977167129518,2.0,2.0,0.5637965798377991,0.00019263653666712344
DQN,35,mid,271,1271,0.031777538061141974,8.0,4.0,0.40167078375816345,0.0001729358536977088
DQN,35,mid,272,1272,0.09000000000000001,1.0,1.0,0.10177494585514069,0.0002103768929373473
DQN,35,mid,273,1273,0.14534940004348756,2.0,2.0,0.4434647560119629,0.00026705505297286436
DQN,35,mid,274,1274,0.04330440044403077,2.0,2.0,0.5972856879234314,0.0002672128102858551
DQN,35,mid,275,1275,0.2563393878936768,2.0,2.0,1.1791349649429321,0.00018939161236630753
DQN,35,mid,276,1276,0.3443939161300659,3.0,3.0,0.6382531523704529,0.0002848200674634427
DQN,35,mid,277,1277,0.09000000000000001,1.0,1.0,0.6460792422294617,0.00032086166902445257
DQN,35,mid,278,1278,0.09087176799774171,2.0,2.0,0.2614038288593292,0.00011720110342139378
DQN,35,mid,279,1279,0.01441638886928559,3.0,3.0,0.13046970963478088,0.00033851909392978996
DQN,35,mid,280,1280,0.29192657232284547,4.0,3.0,0.8737308382987976,0.00037487660301849246
DQN,35,mid,281,1281,0.2965971529483795,5.0,4.0,0.39544060826301575,0.0001693741651251912
DQN,35,mid,282,1282,0.09000000000000001,1.0,1.0,0.4924635589122772,0.00029084496782161295
DQN,35,mid,283,1283,-0.27973600625991824,10.0,5.0,0.8151559829711914,0.00022993402963038533
DQN,35,mid,284,1284,0.09585464954376222,4.0,3.0,0.41098567843437195,0.00019005862122867256
DQN,35,mid,285,1285,0.2132240104675293,2.0,2.0,0.9092427492141724,0.0002292107601533644
DQN,35,mid,286,1286,-0.010243706703186028,3.0,3.0,0.49251970648765564,0.00016548828959154585
DQN,35,mid,287,1287,0.21685582160949707,4.0,4.0,1.031693935394287,0.0003268369400757365
DQN,35,mid,288,1288,-0.05885498285293579,6.0,3.0,0.5239826440811157,0.0001803296836442314
DQN,35,mid,289,1289,0.05463417053222657,2.0,2.0,0.4943487048149109,0.00010553079846431501
DQN,35,mid,290,1290,0.09000000000000001,1.0,1.0,0.24626316130161285,0.0001844704820541665
DQN,35,mid,291,1291,0.1566103267669678,2.0,2.0,1.1387486457824707,0.00010400205792393535
DQN,35,mid,292,1292,0.2386950945854187,4.0,3.0,0.9864040017127991,0.00019985222752438858
DQN,35,mid,293,1293,0.2674663829803467,2.0,2.0,0.7118776440620422,0.0002534561790525913
DQN,35,mid,294,1294,0.3065049123764038,3.0,3.0,0.7655497789382935,0.00025555828081754345
DQN,35,mid,295,1295,0.09000000000000001,1.0,1.0,0.42103317379951477,0.00016448390670120716
DQN,35,mid,296,1296,-0.2717612791061401,8.0,3.0,0.4086882770061493,0.00023191368381958455
DQN,35,mid,297,1297,0.23939043045043945,4.0,4.0,0.7722660303115845,0.0002935492229880765
DQN,35,mid,298,1298,-0.025485059022903447,4.0,3.0,0.4844890236854553,0.00023134878574637696
DQN,35,mid,299,1299,0.21254719972610475,2.0,2.0,0.925652801990509,0.0003063315598410554
DQN,35,mid,300,1300,0.4069780778884888,3.0,3.0,1.0294432640075684,0.00014575155849646157
DQN,35,mid,301,1301,0.03802400633692742,2.0,2.0,0.09919422119855881,0.0003113469429081306
DQN,35,mid,302,1302,0.1314097809791565,2.0,2.0,0.49794793128967285,0.00020703196059912443
DQN,35,mid,303,1303,0.016318202018737807,5.0,4.0,0.40168967843055725,0.00032624565646983684
DQN,35,mid,304,1304,0.09000000000000001,1.0,1.0,0.24694958329200745,0.0001948600693140179
DQN,35,mid,305,1305,0.09000000000000001,1.0,1.0,0.6437278389930725,0.00016709673218429089
DQN,35,mid,306,1306,0.10647762537002564,3.0,3.0,0.8660041093826294,0.0002534611800607915
DQN,35,mid,307,1307,0.09000000000000001,1.0,1.0,0.07720521837472916,0.00027615795261226594
DQN,35,mid,308,1308,0.09000000000000001,1.0,1.0,0.9140347838401794,0.0002933982468675822
DQN,35,mid,309,1309,0.117804594039917,3.0,3.0,0.6990963816642761,0.00025941139513937134
DQN,35,mid,310,1310,0.0920452642440796,2.0,2.0,0.43296030163764954,0.0002598782375571318
DQN,35,mid,311,1311,0.11242510557174684,2.0,2.0,0.5319247245788574,0.00035360823676455766
DQN,35,mid,312,1312,0.09000000000000001,1.0,1.0,0.25656217336654663,0.000276168662821874
DQN,35,mid,313,1313,0.09000000000000001,1.0,1.0,0.10209687054157257,0.00018798935343511403
DQN,35,mid,314,1314,0.09000000000000001,1.0,1.0,0.23997794091701508,0.00025482135242782533
DQN,35,mid,315,1315,0.06122364282608033,2.0,2.0,0.2941610515117645,0.0002656013020896353
DQN,35,mid,316,1316,-0.019767384529113766,3.0,2.0,0.18548119068145752,0.0004098283243365586
DQN,35,mid,317,1317,0.09000000000000001,1.0,1.0,0.9234293699264526,0.00015094438276719302
DQN,35,mid,318,1318,0.09000000000000001,1.0,1.0,0.6492094993591309,0.0003094892017543316
DQN,35,mid,319,1319,-0.2205082607269287,2.0,2.0,0.9639979004859924,0.0002800664587994106
DQN,35,mid,320,1320,-0.1582121229171753,6.0,4.0,0.949053943157196,0.00031723242621713627
DQN,35,mid,321,1321,-0.008233296871185292,5.0,3.0,0.6706090569496155,0.0002581745269708335
DQN,35,mid,322,1322,0.06692005872726442,2.0,2.0,0.6610353589057922,0.0005790820141555741
DQN,35,mid,323,1323,-0.02454714298248291,7.0,3.0,0.7400396466255188,0.0002491934210411273
DQN,35,mid,324,1324,0.043486813306808474,4.0,3.0,0.4661117196083069,0.00033450792034273036
DQN,35,mid,325,1325,0.0807227659225464,2.0,2.0,0.8346653580665588,0.00029165785235818475
DQN,35,mid,326,1326,-0.14692060708999632,6.0,3.0,0.7914424538612366,0.0002480399950097005
DQN,35,mid,327,1327,0.06448768258094789,2.0,2.0,0.422687292098999,0.0002083087747450918
DQN,35,mid,328,1328,0.09000000000000001,1.0,1.0,0.34280580282211304,0.00037797901313751936
DQN,35,mid,329,1329,0.05851871192455292,3.0,2.0,0.2233985811471939,0.0001743767934385687
DQN,35,mid,330,1330,0.06173868656158448,2.0,2.0,0.5071154236793518,0.00017306858717347495
DQN,35,mid,331,1331,0.20430922269821167,4.0,4.0,0.9145960211753845,0.00027023117763746995
DQN,35,mid,332,1332,0.10900355339050294,4.0,3.0,0.7183495163917542,0.0002570892720541451
DQN,35,mid,333,1333,-0.4559382200241089,10.0,3.0,0.6679783463478088,0.00024379141977988185
DQN,35,mid,334,1334,-0.05835676670074462,8.0,5.0,0.7724948525428772,0.0001731846432448947
DQN,35,mid,335,1335,0.030320969820022588,4.0,4.0,0.16470392048358917,0.00018574097339296713
DQN,35,mid,336,1336,0.13429580807685854,2.0,2.0,0.4945646822452545,0.00013659360411111265
DQN,35,mid,337,1337,0.03925878524780275,3.0,3.0,0.889460563659668,0.00022201440879143775
DQN,35,mid,338,1338,0.19169975996017458,2.0,2.0,0.6711201071739197,0.0003096368454862386
DQN,35,mid,339,1339,-0.019199662208557136,3.0,3.0,0.7928938865661621,0.00020603583349535862
DQN,35,mid,340,1340,0.09000000000000001,1.0,1.0,0.18997249007225037,0.00019182836695108563
DQN,35,mid,341,1341,0.09000000000000001,1.0,1.0,1.0009772777557373,0.0002164092438761145
DQN,35,mid,342,1342,0.1420289444923401,2.0,2.0,0.35560670495033264,0.00015128970699151978
DQN,35,mid,343,1343,-0.4076945185661316,10.0,3.0,0.8101726174354553,0.0002236598069430329
DQN,35,mid,344,1344,0.09000000000000001,1.0,1.0,0.7490878701210022,0.0003464913461357355
DQN,35,mid,345,1345,-0.1607369494438171,7.0,2.0,0.8143057823181152,0.00023454837875241146
DQN,35,mid,346,1346,0.12438947677612305,3.0,3.0,1.0177663564682007,0.0003976595859664182
DQN,35,mid,347,1347,-0.47998660802841187,10.0,3.0,0.7193399667739868,0.00019905250519514084
DQN,35,mid,348,1348,0.09000000000000001,1.0,1.0,0.4211179316043854,0.0001413665886502713
DQN,35,mid,349,1349,0.09000000000000001,1.0,1.0,0.10043641179800034,0.00030158902518451214
DQN,35,mid,350,1350,0.15580440282821656,3.0,3.0,0.8718818426132202,0.00014437432400882244
DQN,35,mid,351,1351,0.326254563331604,2.0,2.0,0.7184963822364807,0.00026925392739940435
DQN,35,mid,352,1352,-0.35841843247413635,6.0,4.0,0.6275461316108704,0.00015676770150700273
DQN,35,mid,353,1353,0.023480583429336552,3.0,2.0,0.11433519423007965,0.00019235664998025945
DQN,35,mid,354,1354,0.06704887926578523,2.0,2.0,0.14683246612548828,0.00023903582768980414
DQN,35,mid,355,1355,0.3224169683456421,3.0,3.0,0.3633086085319519,0.00013473781533927345
DQN,35,mid,356,1356,0.09140248775482179,2.0,2.0,0.285356342792511,0.0003756416845135391
DQN,35,mid,357,1357,0.10817547321319582,2.0,2.0,0.7255120873451233,0.00017920882237376645
DQN,35,mid,358,1358,0.0002599382400512579,6.0,4.0,0.8184738755226135,0.0001515424761843557
DQN,35,mid,359,1359,0.17058946371078493,2.0,2.0,0.6478914022445679,0.000122204208309995
DQN,35,mid,360,1360,0.21766539096832277,2.0,2.0,0.8217915296554565,0.00015082324534887448
DQN,35,mid,361,1361,0.13210453510284426,3.0,2.0,0.660057544708252,0.0004348322593917449
DQN,35,mid,362,1362,0.09000000000000001,1.0,1.0,0.35540685057640076,0.0002421295503154397
DQN,35,mid,363,1363,-0.5658274292945862,10.0,3.0,0.8213216662406921,0.00024394625652348622
DQN,35,mid,364,1364,0.09000000000000001,1.0,1.0,0.23017694056034088,0.0001941835944307968
DQN,35,mid,365,1365,0.03901912450790406,2.0,2.0,0.6688442230224609,0.0003529096720740199
DQN,35,mid,366,1366,0.20075107336044312,3.0,3.0,0.693118691444397,0.00021366739626197764
DQN,35,mid,367,1367,0.11027544915676118,2.0,2.0,0.15299008786678314,0.00015360203542513773
DQN,35,mid,368,1368,0.24086757183074953,2.0,2.0,0.4942488670349121,0.00012949777374160476
DQN,35,mid,369,1369,0.06784749746322633,3.0,3.0,0.7967709898948669,0.0002797497436404228
DQN,35,mid,370,1370,0.09000000000000001,1.0,1.0,0.2247641384601593,0.00020611740183085203
DQN,35,mid,371,1371,-0.03497199058532714,4.0,2.0,0.2636490762233734,0.00019545476243365556
DQN,35,mid,372,1372,0.21174378871917726,2.0,2.0,0.8299803733825684,0.00021234069572528824
DQN,35,mid,373,1373,0.09000000000000001,1.0,1.0,0.8891726732254028,0.0003094287239946425
DQN,35,mid,374,1374,-0.06616328716278076,6.0,3.0,0.4165528118610382,0.00019648723658368303
DQN,35,mid,375,1375,0.16764708042144777,2.0,2.0,0.3762529492378235,0.000304376648273319
DQN,35,mid,376,1376,-0.5488871455192567,10.0,4.0,0.850115180015564,0.00021668598928954453
DQN,35,mid,377,1377,-0.20065413951873778,4.0,3.0,0.7532702088356018,0.00020183195738354698
DQN,35,mid,378,1378,0.05145321965217591,2.0,2.0,0.10224438458681107,0.00018129970703739673
DQN,35,mid,379,1379,0.2749257755279541,3.0,3.0,0.8558349609375,0.00028907892798694473
DQN,35,mid,380,1380,0.08471448898315431,2.0,2.0,0.4760274291038513,0.0002753998196567409
DQN,35,mid,381,1381,0.08560978293418885,3.0,2.0,0.4005604386329651,0.0001808891490024204
DQN,35,mid,382,1382,0.15510626792907717,4.0,2.0,0.7046369314193726,0.00024491146905347705
DQN,35,mid,383,1383,0.3706735444068909,3.0,3.0,0.8665255904197693,0.00026479973651779193
DQN,35,mid,384,1384,0.15388078451156617,4.0,3.0,0.5330267548561096,0.00014480534264293965
DQN,35,mid,385,1385,0.1350624680519104,5.0,3.0,0.8036904335021973,0.0002885889814933762
DQN,35,mid,386,1386,0.1811471301317215,2.0,2.0,0.19110848009586334,0.0002814187464537099
DQN,35,mid,387,1387,0.21019620418548585,3.0,3.0,0.5972808003425598,0.0001994346093852073
DQN,35,mid,388,1388,0.01461358547210695,2.0,2.0,0.31604987382888794,0.00010886581731028855
DQN,35,mid,389,1389,0.2169648873806,2.0,2.0,0.42731085419654846,0.0003300560201751068
DQN,35,mid,390,1390,0.09000000000000001,1.0,1.0,0.37391239404678345,0.00011395257752155885
DQN,35,mid,391,1391,0.07606271833181383,2.0,2.0,0.11843123286962509,0.0002597824204713106
DQN,35,mid,392,1392,0.09000000000000001,1.0,1.0,0.4203767776489258,0.0004251392383594066
DQN,35,mid,393,1393,0.03703028917312622,4.0,3.0,0.6690953969955444,0.00027130887247039936
DQN,35,mid,394,1394,0.09000000000000001,1.0,1.0,0.6693243384361267,0.0003420396242290735
DQN,35,mid,395,1395,0.27748043060302735,3.0,3.0,0.525270938873291,0.0003387324056044842
DQN,35,mid,396,1396,0.09000000000000001,1.0,1.0,1.4520976543426514,0.0003124672221019864
DQN,35,mid,397,1397,0.2997338938713074,2.0,2.0,0.9976233839988708,0.0002633255353430286
DQN,35,mid,398,1398,-0.1890514427423477,4.0,2.0,0.2753644287586212,0.00028983869560761377
DQN,35,mid,399,1399,-0.3507520198822021,10.0,2.0,0.9085444808006287,0.00026037469069706276
DQN,35,mid,400,1400,0.09000000000000001,1.0,1.0,0.192747563123703,0.00035433287848718464
DQN,35,mid,401,1401,-0.3233607530593872,10.0,4.0,1.2771044969558716,0.0002191819774452597
DQN,35,mid,402,1402,0.05272282123565675,4.0,3.0,0.6755061149597168,0.00016300335119012743
DQN,35,mid,403,1403,0.13413550138473512,2.0,2.0,0.43627649545669556,0.00016394778504036367
DQN,35,mid,404,1404,0.010520002841949469,4.0,2.0,0.5598741173744202,0.0001888708138721995
DQN,35,mid,405,1405,0.15567068934440614,2.0,2.0,0.3247043788433075,0.00016965980466920882
DQN,35,mid,406,1406,0.061429338455200204,2.0,2.0,0.26819467544555664,0.00018453551456332207
DQN,35,mid,407,1407,0.014700591564178467,5.0,4.0,0.5742505192756653,0.0001615426503121853
DQN,35,mid,408,1408,-0.3121369004249573,10.0,4.0,0.6715928912162781,0.0001332656254817266
DQN,35,mid,409,1409,0.09000000000000001,1.0,1.0,0.7722849249839783,0.00013555500481743366
DQN,35,mid,410,1410,-0.15442668199539183,5.0,3.0,0.7322078943252563,0.00015877785481279715
DQN,35,mid,411,1411,0.09000000000000001,1.0,1.0,0.2293137162923813,0.00022311985958367586
DQN,35,mid,412,1412,-0.0030060315132141163,4.0,3.0,0.3273968994617462,0.0001401648605678929
DQN,35,mid,413,1413,0.09000000000000001,1.0,1.0,0.31321439146995544,0.00010995822958648205
DQN,35,mid,414,1414,0.16224982023239137,2.0,2.0,0.8398637175559998,0.0002254908176837489
DQN,35,mid,415,1415,0.17964184999465943,8.0,4.0,0.2727249264717102,0.0002046784493359155
DQN,35,mid,416,1416,-0.44497500658035277,10.0,2.0,0.5746132731437683,0.00019092575457761994
DQN,35,mid,417,1417,0.09000000000000001,1.0,1.0,0.842239499092102,0.00019328654161654413
DQN,35,mid,418,1418,0.33410667061805727,2.0,2.0,0.39414742588996887,0.00020788365145563148
DQN,35,mid,419,1419,-0.19639545142650605,6.0,5.0,0.33225229382514954,0.00022386824639397673
DQN,35,mid,420,1420,0.09000000000000001,1.0,1.0,0.10750960558652878,0.00014513659698422998
DQN,35,mid,421,1421,0.05359829187393189,3.0,3.0,0.36528488993644714,0.00020104782015550882
DQN,35,mid,422,1422,0.15560944557189943,2.0,2.0,0.5475816130638123,0.00011170441212016158
DQN,35,mid,423,1423,0.08785997509956361,2.0,2.0,0.12666459381580353,0.0003003673627972603
DQN,35,mid,424,1424,0.07039773464202882,5.0,4.0,0.7882728576660156,0.0002171958069084212
DQN,35,mid,425,1425,0.2709398746490479,5.0,5.0,1.0945852994918823,0.0002158830699045211
DQN,35,mid,426,1426,0.1308200526237488,2.0,2.0,0.3724355697631836,0.00011758964319596998
DQN,35,mid,427,1427,0.2618034052848816,2.0,2.0,0.28317171335220337,0.00012865681856055744
DQN,35,mid,428,1428,0.09000000000000001,1.0,1.0,0.1303090751171112,0.0002015663485508412
DQN,35,mid,429,1429,0.09000000000000001,1.0,1.0,0.13367459177970886,0.00022686953889206052
DQN,35,mid,430,1430,0.0695456337928772,3.0,3.0,0.7529603242874146,0.0001697383340797387
DQN,35,mid,431,1431,-0.1564894938468933,9.0,5.0,0.9303092956542969,0.00022957130891477896
DQN,35,mid,432,1432,0.12045348405838013,3.0,3.0,0.755623996257782,0.00015537535849337777
DQN,35,mid,433,1433,0.09000000000000001,1.0,1.0,0.5154287219047546,0.0005067807505838573
DQN,35,mid,434,1434,0.09765187621116639,3.0,3.0,0.42522430419921875,0.000241199847854053
DQN,35,mid,435,1435,0.3520316004753113,5.0,3.0,0.5236791968345642,0.00019477797322906554
DQN,35,mid,436,1436,0.09000000000000001,1.0,1.0,1.4515022039413452,0.00016873780987225473
DQN,35,mid,437,1437,0.09000000000000001,1.0,1.0,0.5301467180252075,0.0001715045073069632
DQN,35,mid,438,1438,-0.6328668594360353,10.0,3.0,0.7279815673828125,0.0002919537451816723
DQN,35,mid,439,1439,0.046781020164489755,2.0,2.0,0.8533536791801453,0.00031719992693979293
DQN,35,mid,440,1440,-0.1634819734096527,3.0,3.0,0.45967409014701843,0.00018096074442534396
DQN,35,mid,441,1441,-0.1530638888478279,5.0,3.0,0.22425779700279236,0.00023294729762710631
DQN,35,mid,442,1442,-0.07084565162658689,5.0,3.0,0.28217777609825134,0.00021196298184804617
DQN,35,mid,443,1443,0.15666200399398805,2.0,2.0,0.9239974617958069,0.0003063683907384984
DQN,35,mid,444,1444,0.09000000000000001,1.0,1.0,1.1749341487884521,0.00023005326511338353
DQN,35,mid,445,1445,0.35909826517105103,4.0,3.0,0.8401802182197571,0.00015834291116334498
DQN,35,mid,446,1446,0.09000000000000001,1.0,1.0,0.3154333531856537,0.0001430243719369173
DQN,35,mid,447,1447,0.01614213705062867,3.0,3.0,0.5904263854026794,0.0005691605329047889
DQN,35,mid,448,1448,0.09728279888629915,2.0,2.0,0.1506040096282959,0.00044894025631947443
DQN,35,mid,449,1449,0.09000000000000001,1.0,1.0,0.7222229838371277,0.00033596044522710145
DQN,35,mid,450,1450,-0.5355427742004395,10.0,2.0,0.9118472337722778,0.000468117646232713
DQN,35,mid,451,1451,-0.08963326930999756,2.0,2.0,1.6923919916152954,0.0002823238755809143
DQN,35,mid,452,1452,0.09000000000000001,1.0,1.0,0.327018678188324,0.0004397197044454515
DQN,35,mid,453,1453,0.00824996232986451,5.0,2.0,0.6294260621070862,0.00028164994437247516
DQN,35,mid,454,1454,0.09000000000000001,1.0,1.0,0.42213794589042664,0.0002678504679352045
DQN,35,mid,455,1455,0.14760692596435548,2.0,2.0,1.120452642440796,0.00021481109433807433
DQN,35,mid,456,1456,-0.16228043556213378,7.0,4.0,1.1089563369750977,0.0003316297121013382
DQN,35,mid,457,1457,0.02078414142131807,2.0,2.0,0.2544780969619751,0.00043616532639134675
DQN,35,mid,458,1458,0.061283992528915414,2.0,2.0,0.48381227254867554,0.0003962720657000318
DQN,35,mid,459,1459,0.1296923327445984,2.0,2.0,0.7156384587287903,0.00026040817465400323
DQN,35,mid,460,1460,0.055884141921997074,3.0,2.0,0.8100873231887817,0.00021320606174413115
DQN,35,mid,461,1461,-0.0641645148396492,5.0,3.0,0.12992389500141144,0.00030160015739966184
DQN,35,mid,462,1462,-0.03675488948822021,2.0,2.0,0.7138652205467224,0.000562347675440833
DQN,35,mid,463,1463,-0.09586809635162354,6.0,3.0,0.8373454213142395,0.0003305929931229912
DQN,35,mid,464,1464,-0.1353245711326599,6.0,2.0,0.7052331566810608,0.0002719792088707133
DQN,35,mid,465,1465,0.23260439395904542,4.0,3.0,1.1899319887161255,0.00013459025649353862
DQN,35,mid,466,1466,0.0011697185039520192,3.0,3.0,0.3586916923522949,0.000215020229613098
DQN,35,mid,467,1467,0.09000000000000001,1.0,1.0,0.21891681849956512,0.0002171441592508927
DQN,35,mid,468,1468,0.17296786785125734,2.0,2.0,0.7369741797447205,0.00015015901954029687
DQN,35,mid,469,1469,0.09000000000000001,1.0,1.0,0.3033018708229065,0.0006684971740469337
DQN,35,mid,470,1470,0.07690608978271485,7.0,4.0,0.7903831601142883,0.0002334615294655253
DQN,35,mid,471,1471,0.16474993705749513,7.0,3.0,0.7363969087600708,0.00018345080960508703
DQN,35,mid,472,1472,-0.048561372756958,4.0,2.0,1.0652693510055542,0.0002147421309928177
DQN,35,mid,473,1473,0.09000000000000001,1.0,1.0,0.4015946388244629,0.0002653910778462887
DQN,35,mid,474,1474,0.11421507358551025,4.0,4.0,0.6127572059631348,0.00019884834546246566
DQN,35,mid,475,1475,0.37258291959762574,3.0,3.0,0.6156668066978455,0.0004257993374873574
DQN,35,mid,476,1476,0.1648859477043152,4.0,3.0,0.9146241545677185,0.00018083811846736353
DQN,35,mid,477,1477,0.15858067989349367,3.0,2.0,1.0555604696273804,0.000173510399084383
DQN,35,mid,478,1478,0.09000000000000001,1.0,1.0,0.9794804453849792,8.183668978745118e-05
DQN,35,mid,479,1479,0.4043973755836487,3.0,3.0,0.7154940962791443,0.0003261682625937586
DQN,35,mid,480,1480,0.07766335248947144,6.0,5.0,0.7815136909484863,0.00020594582019839436
DQN,35,mid,481,1481,0.03621814608573914,4.0,3.0,0.48083046078681946,0.00017070129251806065
DQN,35,mid,482,1482,-0.6328606724739074,10.0,4.0,1.0154876708984375,0.00021789373859064652
DQN,35,mid,483,1483,0.13462985277175904,3.0,3.0,0.859204113483429,0.00035518054695179063
DQN,35,mid,484,1484,0.10092549443244936,3.0,2.0,0.4824412167072296,0.00019519153768972805
DQN,35,mid,485,1485,-0.08819513797760008,3.0,3.0,0.8668810725212097,0.0002438915107632056
DQN,35,mid,486,1486,0.26002843856811525,2.0,2.0,0.9116376638412476,0.0002926282613771036
DQN,35,mid,487,1487,0.09089829206466676,2.0,2.0,0.7225826978683472,0.00018971542158396915
DQN,35,mid,488,1488,0.3908579421043396,3.0,3.0,0.7312193512916565,0.0001993248297367245
DQN,35,mid,489,1489,0.09000000000000001,1.0,1.0,0.5402013659477234,0.0003375141241122037
DQN,35,mid,490,1490,0.07993115663528444,2.0,2.0,0.7863679528236389,0.0003558884927770123
DQN,35,mid,491,1491,0.22205414056777956,2.0,2.0,0.5708059668540955,0.00021888816263526678
DQN,35,mid,492,1492,0.13073803663253786,2.0,2.0,0.8852092027664185,0.0002047997768386267
DQN,35,mid,493,1493,0.15654190063476564,2.0,2.0,0.6869834065437317,0.0003098438464803621
DQN,35,mid,494,1494,0.18433474183082582,2.0,2.0,0.36061206459999084,0.0002703215432120487
DQN,35,mid,495,1495,0.17901451349258424,4.0,3.0,0.9181299805641174,0.00021350286988308653
DQN,35,mid,496,1496,0.168962197303772,2.0,2.0,0.9723415374755859,0.00036845113208983094
DQN,35,mid,497,1497,0.25443764209747316,2.0,2.0,0.8015243411064148,0.0002587795243016444
DQN,35,mid,498,1498,0.18415529251098633,3.0,3.0,0.7205784916877747,0.0002388951494746531
DQN,35,mid,499,1499,0.21510754704475404,2.0,2.0,0.32173600792884827,0.00020193037198623642
DQN,35,mid,500,1500,0.08152551174163819,3.0,3.0,0.8664607405662537,0.00019154614225650826
DQN,35,mid,501,1501,-0.06942604303359985,7.0,3.0,0.8982175588607788,0.0002195371323198612
DQN,35,mid,502,1502,0.015611637830734257,3.0,2.0,0.4300527274608612,0.0003749909034619729
DQN,35,mid,503,1503,0.08560867786407472,2.0,2.0,0.4529051184654236,0.0004772192769451067
DQN,35,mid,504,1504,0.09000000000000001,1.0,1.0,0.33553382754325867,0.0005154662067070603
DQN,35,mid,505,1505,0.09000000000000001,1.0,1.0,1.0380560159683228,0.000326805078657344
DQN,35,mid,506,1506,0.09000000000000001,1.0,1.0,0.06182066723704338,0.00031005803612060845
DQN,35,mid,507,1507,0.19068051099777222,3.0,3.0,0.8780927062034607,0.00037626720829090726
DQN,35,mid,508,1508,0.15144367694854738,2.0,2.0,0.4668164849281311,0.0002703784412005916
DQN,35,mid,509,1509,0.09000000000000001,1.0,1.0,0.24047112464904785,0.0002153890673071146
DQN,35,mid,510,1510,0.19800926923751833,2.0,2.0,0.88644939661026,0.00039497826946899295
DQN,35,mid,511,1511,0.09000000000000001,1.0,1.0,1.0194648504257202,0.000150981722981669
DQN,35,mid,512,1512,-0.03364933609962463,3.0,2.0,0.2941071093082428,0.00038375125829285633
DQN,35,mid,513,1513,0.09000000000000001,1.0,1.0,0.5220707654953003,0.00015253876335918903
DQN,35,mid,514,1514,0.3347363340854645,2.0,2.0,0.4836418330669403,0.00035190772905480117
DQN,35,mid,515,1515,0.3702862334251404,3.0,3.0,0.8323909640312195,0.0005170686442094544
DQN,35,mid,516,1516,0.09000000000000001,1.0,1.0,0.6048210859298706,0.00019180646631866693
DQN,35,mid,517,1517,0.09000000000000001,1.0,1.0,0.14989826083183289,0.00015864601300563663
DQN,35,mid,518,1518,0.23517544746398927,2.0,2.0,0.7577031254768372,0.0003549610046320595
DQN,35,mid,519,1519,0.12485309123992921,2.0,2.0,0.5306670069694519,0.0003034731053048745
DQN,35,mid,520,1520,-0.11548070669174194,6.0,3.0,0.6239099502563477,0.00037975856200015795
DQN,35,mid,521,1521,0.09000000000000001,1.0,1.0,0.35330697894096375,0.00017883774125948548
DQN,35,mid,522,1522,0.09000000000000001,1.0,1.0,0.243477925658226,0.00028535228921100497
DQN,35,mid,523,1523,0.09000000000000001,1.0,1.0,0.5698715448379517,0.0002611757372505963
DQN,35,mid,524,1524,0.20581664323806764,2.0,2.0,0.7217537760734558,0.0002540390123613179
DQN,35,mid,525,1525,0.030356158018112187,3.0,2.0,0.23876313865184784,0.00036427243806732196
DQN,35,mid,526,1526,0.09702558040618897,3.0,3.0,0.6862919926643372,0.0004340703211103876
DQN,35,mid,527,1527,-0.0644066858291626,8.0,4.0,0.7488805651664734,0.0002578514540800825
DQN,35,mid,528,1528,-0.013753278255462631,2.0,2.0,1.0257092714309692,0.00025046888913493603
DQN,35,mid,529,1529,0.018286011219024664,4.0,2.0,0.5863987803459167,0.00034905159191112034
DQN,35,mid,530,1530,-0.3827673077583313,5.0,3.0,0.7966945767402649,0.00029505308775696905
DQN,35,mid,531,1531,0.14323993206024171,2.0,2.0,0.6722078323364258,0.00026651400548871607
DQN,35,mid,532,1532,0.09000000000000001,1.0,1.0,0.2920215427875519,0.00025348886265419424
DQN,35,mid,533,1533,0.09000000000000001,1.0,1.0,0.1619682013988495,0.00025158075732178986
DQN,35,mid,534,1534,0.11089863061904909,2.0,2.0,0.4900205135345459,0.0002837017673300579
DQN,35,mid,535,1535,0.34955257892608643,3.0,3.0,1.1380716562271118,0.00037212008707380545
DQN,35,mid,536,1536,0.04870359778404237,2.0,2.0,0.1582859456539154,0.00014749597903573886
DQN,35,mid,537,1537,0.100363986492157,2.0,2.0,0.756673276424408,0.00029046638519503176
DQN,35,mid,538,1538,-0.040971257686614984,4.0,2.0,0.421371191740036,0.00022252063718042336
DQN,35,mid,539,1539,0.000352921485900895,6.0,4.0,0.9275439977645874,0.00028868543934853125
DQN,35,mid,540,1540,0.27828747749328614,3.0,3.0,0.3611263632774353,0.0002874120643051962
DQN,35,mid,541,1541,0.09000000000000001,1.0,1.0,0.6535457968711853,0.00022936494497116655
DQN,35,mid,542,1542,0.18789439320564272,3.0,2.0,0.35327568650245667,0.0002953730824325855
DQN,35,mid,543,1543,0.013655908107757575,3.0,3.0,0.7677702903747559,0.0003417425711328785
DQN,35,mid,544,1544,0.09000000000000001,1.0,1.0,1.4510551691055298,0.0002064686850644648
DQN,35,mid,545,1545,0.022657642364501976,4.0,3.0,0.7497519254684448,0.00018073404316965025
DQN,35,mid,546,1546,-0.09805208206176759,6.0,4.0,0.9746257662773132,0.00043741389526985586
DQN,35,mid,547,1547,0.1698122787475586,2.0,2.0,0.8003647923469543,0.000296510559564922
DQN,35,mid,548,1548,0.15739904522895815,2.0,2.0,0.3595304489135742,0.00030553243414033204
DQN,35,mid,549,1549,0.1504845190048218,2.0,2.0,0.6693822145462036,0.0003615949972299859
DQN,35,mid,550,1550,0.0935464668273926,2.0,2.0,0.7944856882095337,0.0004722689191112295
DQN,35,mid,551,1551,-0.04347031831741334,7.0,4.0,0.7734614610671997,0.0003942417014124138
DQN,35,mid,552,1552,0.09000000000000001,1.0,1.0,0.8096780776977539,0.0005447216099128127
DQN,35,mid,553,1553,-0.19180355072021482,10.0,3.0,0.6308630704879761,0.00019976608891738578
DQN,35,mid,554,1554,0.13972360610961915,3.0,3.0,0.8992632627487183,0.0001677262334851548
DQN,35,mid,555,1555,0.07466853380203248,3.0,3.0,0.5821989178657532,0.00020469801772075394
DQN,35,mid,556,1556,0.09000000000000001,1.0,1.0,0.8808342218399048,0.00017460863455198705
DQN,35,mid,557,1557,0.09000000000000001,1.0,1.0,0.342905730009079,0.0004695583484135568
DQN,35,mid,558,1558,0.09000000000000001,1.0,1.0,0.5246740579605103,0.00031240013777278364
DQN,35,mid,559,1559,0.09000000000000001,1.0,1.0,0.29572224617004395,0.0001125616327044554
DQN,35,mid,560,1560,0.09000000000000001,1.0,1.0,0.581153392791748,0.00010706640023272485
DQN,35,mid,561,1561,0.09000000000000001,1.0,1.0,0.5355964303016663,0.00019317702390253544
DQN,35,mid,562,1562,0.03640850067138673,2.0,2.0,0.42274031043052673,0.00015276476187864318
DQN,35,mid,563,1563,0.08523471832275392,2.0,2.0,0.6772823333740234,0.000293439683446195
DQN,35,mid,564,1564,0.3441992473602295,3.0,3.0,0.8110905885696411,0.00041138195956591517
DQN,35,mid,565,1565,0.06450142145156862,2.0,2.0,0.5965371131896973,0.0002924295695265755
DQN,35,mid,566,1566,0.15318615913391115,2.0,2.0,0.6395671963691711,0.0004180820978945121
DQN,35,mid,567,1567,-0.10235000729560852,3.0,2.0,0.3304266929626465,0.00020216632401570678
DQN,35,mid,568,1568,0.008102433681488053,2.0,2.0,0.6508301496505737,0.00020179110288154334
DQN,35,mid,569,1569,0.2032646703720093,2.0,2.0,0.5716968774795532,0.0002947258253698237
DQN,35,mid,570,1570,0.054102708101272594,3.0,2.0,0.43474477529525757,0.00030103238047255826
DQN,35,mid,571,1571,0.09000000000000001,1.0,1.0,0.6083340048789978,0.00044488185085356236
DQN,35,mid,572,1572,-0.2883951187133789,10.0,4.0,0.8116368651390076,0.00029825459569110535
DQN,35,mid,573,1573,0.11301607847213746,4.0,3.0,0.46164679527282715,0.0003797969766310416
DQN,35,mid,574,1574,0.15530984878540038,7.0,5.0,1.1911708116531372,0.00031988533529719073
DQN,35,mid,575,1575,0.06079698562622072,4.0,3.0,0.7224000096321106,0.0005590629007201642
DQN,35,mid,576,1576,0.03676063537597657,3.0,3.0,0.9045844078063965,0.00030046688092018786
DQN,35,mid,577,1577,0.03358740329742433,3.0,3.0,1.161940574645996,0.000397872490187486
DQN,35,mid,578,1578,0.10987675666809082,7.0,4.0,0.8255296945571899,0.00028223996508001747
DQN,35,mid,579,1579,-0.03193865537643431,2.0,2.0,0.32124096155166626,0.00020937895897077397
DQN,35,mid,580,1580,0.09000000000000001,1.0,1.0,0.3719271719455719,0.00037662903196178377
DQN,35,mid,581,1581,0.11670561313629152,2.0,2.0,0.5136603116989136,0.0002492089552106336
DQN,35,mid,582,1582,-0.06771331310272215,3.0,3.0,0.8913412094116211,0.00026308229522934806
DQN,35,mid,583,1583,0.09000000000000001,1.0,1.0,0.4525791108608246,0.00029854406602680683
DQN,35,mid,584,1584,0.09000000000000001,1.0,1.0,0.06832104921340942,0.0008030843455344439
DQN,35,mid,585,1585,0.39277092456817625,6.0,6.0,1.1662867069244385,0.00023991304866891974
DQN,35,mid,586,1586,-0.10914657831192016,2.0,2.0,1.0801231861114502,0.0003890943553415127
DQN,35,mid,587,1587,0.09000000000000001,1.0,1.0,0.4619446396827698,0.00040249075391329825
DQN,35,mid,588,1588,-0.47995297908782963,10.0,2.0,0.5482695698738098,0.00025074295845115555
DQN,35,mid,589,1589,0.14161927223205567,3.0,3.0,0.5239977240562439,0.000652188299379001
DQN,35,mid,590,1590,0.09000000000000001,1.0,1.0,0.5286906957626343,0.00027648417744785547
DQN,35,mid,591,1591,0.07901431798934938,2.0,2.0,0.691343367099762,0.0005485155270434916
DQN,35,mid,592,1592,-0.08369272232055662,3.0,3.0,1.0949653387069702,0.00043241819366812706
DQN,35,mid,593,1593,0.08321065664291383,4.0,3.0,0.8807116150856018,0.0003889443469233811
DQN,35,mid,594,1594,0.09000000000000001,1.0,1.0,0.964447021484375,0.0003231290029361844
DQN,35,mid,595,1595,0.25040526390075685,5.0,3.0,0.6901537179946899,0.00037493028212338687
DQN,35,mid,596,1596,0.21505154848098756,2.0,2.0,0.9335036873817444,0.00038708596548531204
DQN,35,mid,597,1597,0.3639760208129883,3.0,2.0,0.5219631195068359,0.00024216630845330656
DQN,35,mid,598,1598,0.03258498191833497,2.0,2.0,0.17675809562206268,0.0003871490334859118
DQN,35,mid,599,1599,0.2041310739517212,3.0,3.0,0.7812144160270691,0.0003965958603657782
DQN,35,mid,600,1600,0.21222190737724306,2.0,2.0,0.4741261899471283,0.0002515725282137282
DQN,35,mid,601,1601,0.1623556184768677,2.0,2.0,0.7972303032875061,0.00029791638371534646
DQN,35,mid,602,1602,0.09000000000000001,1.0,1.0,0.14934147894382477,0.00022042311320547014
DQN,35,mid,603,1603,0.03503508090972901,3.0,3.0,0.7562337517738342,0.00028649896072844666
DQN,35,mid,604,1604,0.09000000000000001,1.0,1.0,0.27413856983184814,0.00026331713888794184
DQN,35,mid,605,1605,0.09000000000000001,1.0,1.0,0.41080543398857117,0.0001528443826828152
DQN,35,mid,606,1606,0.19231455206871034,2.0,2.0,0.43706634640693665,0.00040093854477163404
DQN,35,mid,607,1607,0.27918435096740724,4.0,3.0,0.9276458024978638,0.0002932260285888333
DQN,35,mid,608,1608,0.09000000000000001,1.0,1.0,0.748957097530365,0.0002915340010076761
DQN,35,mid,609,1609,0.42621947050094605,3.0,3.0,0.8332918286323547,0.00039531910442747176
DQN,35,mid,610,1610,0.09000000000000001,1.0,1.0,0.338999480009079,0.00025970261776819825
DQN,35,mid,611,1611,0.11367573022842409,2.0,2.0,0.6670210957527161,0.00020308855164330453
DQN,35,mid,612,1612,0.09000000000000001,1.0,1.0,0.5646147131919861,0.00019444197823759168
DQN,35,mid,613,1613,0.11997015953063966,2.0,2.0,0.4115085303783417,0.0002851188983186148
DQN,35,mid,614,1614,0.04654266119003297,2.0,2.0,0.3459966480731964,0.00037766099558211863
DQN,35,mid,615,1615,-0.02365764260292051,3.0,3.0,0.5739253759384155,0.0004027960045884053
DQN,35,mid,616,1616,0.09000000000000001,1.0,1.0,0.2916507422924042,0.0002365235995966941
DQN,35,mid,617,1617,0.06592929363250732,5.0,4.0,0.9395451545715332,0.00021165079961065202
DQN,35,mid,618,1618,0.09000000000000001,1.0,1.0,0.23357772827148438,0.00029757287120446563
DQN,35,mid,619,1619,0.17885494232177734,5.0,4.0,0.637907087802887,0.0003051964595215395
DQN,35,mid,620,1620,0.11586410522460938,3.0,3.0,1.0628411769866943,0.0001560608361614868
DQN,35,mid,621,1621,-0.017350842952728263,4.0,3.0,0.5637585520744324,0.00021592808479908854
DQN,35,mid,622,1622,0.07968579411506654,2.0,2.0,0.1925719827413559,0.0005991620273562148
DQN,35,mid,623,1623,0.08308590173721314,3.0,3.0,0.6795724034309387,0.0004430430174882834
DQN,35,mid,624,1624,0.09203417778015138,2.0,2.0,1.4801578521728516,0.0001872670982265845
DQN,35,mid,625,1625,-0.20433650970458983,6.0,3.0,1.110277533531189,0.0003717231181023332
DQN,35,mid,626,1626,-0.002833881378173822,4.0,2.0,0.7168729901313782,0.0001920804315886926
DQN,35,mid,627,1627,0.06621441423892976,2.0,2.0,0.20152011513710022,0.0003089817182626575
DQN,35,mid,628,1628,0.019613640308380142,2.0,2.0,0.46954992413520813,0.00017551572091178969
DQN,35,mid,629,1629,0.09000000000000001,1.0,1.0,0.09370022267103195,0.00011190275836270303
DQN,35,mid,630,1630,0.06879024386405946,2.0,2.0,0.3546420931816101,0.00032360760087613016
DQN,35,mid,631,1631,0.09000000000000001,1.0,1.0,0.12821148335933685,0.0011467080330476165
DQN,35,mid,632,1632,0.006225095987319962,2.0,2.0,0.4278567433357239,0.00019607181457104161
DQN,35,mid,633,1633,-0.012979373931884766,6.0,3.0,0.833929717540741,0.0003480726372799836
DQN,35,mid,634,1634,0.09000000000000001,1.0,1.0,0.5530850291252136,0.00018983735935762525
DQN,35,mid,635,1635,0.11338003158569337,2.0,2.0,0.6508685946464539,0.0003664062387542799
DQN,35,mid,636,1636,0.015704102516174337,3.0,3.0,0.8625715374946594,0.00025373588141519576
DQN,35,mid,637,1637,0.29912204265594483,3.0,3.0,0.6340357661247253,0.0002425978503500422
DQN,35,mid,638,1638,0.09000000000000001,1.0,1.0,0.15070270001888275,0.00027140905149281025
DQN,35,mid,639,1639,0.02086527824401857,2.0,2.0,0.39324212074279785,0.0003283023543190211
DQN,35,mid,640,1640,0.05455332994461059,5.0,4.0,0.9148700833320618,0.0002645664440933615
DQN,35,mid,641,1641,0.09000000000000001,1.0,1.0,0.5186814665794373,0.00024065394245553762
DQN,35,mid,642,1642,0.1956081557273865,2.0,2.0,0.5819522738456726,0.0002881905238609761
DQN,35,mid,643,1643,0.2825512957572937,3.0,3.0,0.7339138984680176,0.00030606974420758587
DQN,35,mid,644,1644,0.09000000000000001,1.0,1.0,0.17820250988006592,0.0003856894909404218
DQN,35,mid,645,1645,0.21500176906585694,3.0,3.0,1.1607255935668945,0.0002660437749000266
DQN,35,mid,646,1646,0.22602482318878175,2.0,2.0,0.6940231919288635,0.00017393414600519463
DQN,35,mid,647,1647,-0.059646947383880614,2.0,2.0,0.8773029446601868,0.0002829652075888589
DQN,35,mid,648,1648,0.03720982789993287,3.0,2.0,0.7311390042304993,0.00029291298900110024
DQN,35,mid,649,1649,-0.061337612867355326,3.0,3.0,0.5424221158027649,0.00022928121810158095
DQN,35,mid,650,1650,0.09000000000000001,1.0,1.0,0.6122127771377563,0.0002013417106354609
DQN,35,mid,651,1651,0.2127864456176758,4.0,3.0,0.9273866415023804,0.00031392828896059655
DQN,35,mid,652,1652,0.10363820374011995,2.0,2.0,0.23424600064754486,0.0003404640665394254
DQN,35,mid,653,1653,0.09000000000000001,1.0,1.0,0.2516896426677704,0.00040903850458562374
DQN,35,mid,654,1654,0.09000000000000001,1.0,1.0,0.20395447313785553,0.0002939690893981606
DQN,35,mid,655,1655,0.003317611217498795,2.0,2.0,0.9733363389968872,0.00027926615439355373
DQN,35,mid,656,1656,0.07672615528106691,2.0,2.0,1.0351676940917969,0.000276772232609801
DQN,35,mid,657,1657,0.15603806495666506,3.0,2.0,0.8713434934616089,0.0002799932505392159
DQN,35,mid,658,1658,0.09000000000000001,1.0,1.0,0.4957926571369171,0.0002251163823530078
DQN,35,mid,659,1659,0.25484753370285035,3.0,3.0,0.6260489821434021,0.0002941559214377776
DQN,35,mid,660,1660,-0.5258663445711136,10.0,3.0,0.2692970335483551,0.0002669153982424177
DQN,35,mid,661,1661,0.1318239736557007,2.0,2.0,0.5001088976860046,0.0003095277934335172
DQN,35,mid,662,1662,0.06837056756019594,2.0,2.0,0.46987462043762207,0.00023954897915245965
DQN,35,mid,663,1663,0.05758536815643312,4.0,3.0,1.1249544620513916,0.0002966227439173963
DQN,35,mid,664,1664,0.2803371047973633,4.0,3.0,0.893285870552063,0.00032276874844683334
DQN,35,mid,665,1665,0.17666800498962404,2.0,2.0,0.6231284737586975,0.0003789029724430293
DQN,35,mid,666,1666,0.18416591167449953,2.0,2.0,0.9588974714279175,0.00028867271612398326
DQN,35,mid,667,1667,0.0733043432235718,5.0,5.0,1.0307316780090332,0.00034040766768157483
DQN,35,mid,668,1668,0.09081442832946779,2.0,2.0,0.5141369700431824,0.00033703126973705366
DQN,35,mid,669,1669,0.09000000000000001,1.0,1.0,0.22619760036468506,0.0003421760047785938
DQN,35,mid,670,1670,0.09000000000000001,1.0,1.0,0.9367647171020508,0.00024652868160046637
DQN,35,mid,671,1671,-0.06335502147674558,3.0,3.0,0.7953360676765442,0.0002537980617489666
DQN,35,mid,672,1672,0.09000000000000001,1.0,1.0,0.6213071942329407,0.0001499700010754168
DQN,35,mid,673,1673,0.09000000000000001,1.0,1.0,0.15885581076145172,0.00025599604123272
DQN,35,mid,674,1674,-0.004961175918579086,2.0,2.0,0.7874561548233032,0.00035311376268509775
DQN,35,mid,675,1675,0.09000000000000001,1.0,1.0,0.4038327634334564,0.00027939045685343444
DQN,35,mid,676,1676,0.09000000000000001,1.0,1.0,0.7305159568786621,0.00020861119264736772
DQN,35,mid,677,1677,0.09000000000000001,1.0,1.0,0.37637901306152344,0.0003243095998186618
DQN,35,mid,678,1678,-0.1422379446029663,7.0,3.0,0.6233598589897156,0.0002412480119216655
DQN,35,mid,679,1679,0.09000000000000001,1.0,1.0,0.35689786076545715,0.00028445504722185433
DQN,35,mid,680,1680,0.09000000000000001,1.0,1.0,0.7177339196205139,0.00024711291189305484
DQN,35,mid,681,1681,0.09000000000000001,1.0,1.0,0.31253930926322937,0.0001275977265322581
DQN,35,mid,682,1682,0.1300717067718506,3.0,3.0,1.0250669717788696,0.00018522614360942194
DQN,35,mid,683,1683,0.12441737174987794,3.0,3.0,1.0221608877182007,0.00019289544434286654
DQN,35,mid,684,1684,0.11256946802139284,2.0,2.0,0.8900127410888672,0.00024326625134563074
DQN,35,mid,685,1685,0.09000000000000001,1.0,1.0,0.4806765615940094,0.0003339011745993048
DQN,35,mid,686,1686,0.09000000000000001,1.0,1.0,0.6903422474861145,0.0001904311211546883
DQN,35,mid,687,1687,0.10296875238418579,5.0,4.0,0.3560160994529724,0.0002572736470028758
DQN,35,mid,688,1688,0.06976627364754678,2.0,2.0,0.052451763302087784,0.0003573577923816629
DQN,35,mid,689,1689,0.19948267698287966,4.0,4.0,0.7256942987442017,0.00028213613404659554
DQN,35,mid,690,1690,0.1093061137199402,2.0,2.0,0.7213680148124695,0.00016718967526685447
DQN,35,mid,691,1691,0.1159899401664734,2.0,2.0,0.6691913604736328,0.0003450935910223052
DQN,35,mid,692,1692,0.1904186773300171,2.0,2.0,0.4768218994140625,0.00022433759295381606
DQN,35,mid,693,1693,0.17214073419570924,2.0,2.0,0.7162250876426697,0.00020146017050137743
DQN,35,mid,694,1694,0.09000000000000001,1.0,1.0,0.3352896571159363,0.00012964033521711826
DQN,35,mid,695,1695,0.1460161280632019,3.0,3.0,0.7210709452629089,0.00023536094522569329
DQN,35,mid,696,1696,0.22238571166992188,3.0,3.0,1.0048635005950928,0.00018490412912797183
DQN,35,mid,697,1697,-0.25934638977050783,10.0,2.0,0.6803446412086487,0.0002177964153815992
DQN,35,mid,698,1698,0.09000000000000001,1.0,1.0,0.2239149510860443,0.0003846788313239813
DQN,35,mid,699,1699,-0.6138711357116702,9.0,3.0,0.6445940136909485,0.00025619952389711723
DQN,35,mid,700,1700,0.16379685878753664,2.0,2.0,0.5705556273460388,0.0002021364271058701
DQN,35,mid,701,1701,0.09000000000000001,1.0,1.0,0.7227314710617065,0.00027012312784790993
DQN,35,mid,702,1702,-0.19579219341278076,7.0,4.0,0.5072186589241028,0.0003181778343527445
DQN,35,mid,703,1703,0.13316764116287233,2.0,2.0,0.31029823422431946,0.000342834900948219
DQN,35,mid,704,1704,0.03780290722846986,6.0,4.0,0.4979778826236725,0.00026999150577466935
DQN,35,mid,705,1705,0.09000000000000001,1.0,1.0,0.4011472761631012,0.00011684764467645437
DQN,35,mid,706,1706,0.10235579490661623,2.0,2.0,0.7748588919639587,0.00041047379636438563
DQN,35,mid,707,1707,-0.02537746012210844,3.0,3.0,0.3191097378730774,0.00017341789498459548
DQN,35,mid,708,1708,0.12415916442871094,3.0,3.0,0.7865628004074097,0.0001607697243647029
DQN,35,mid,709,1709,-0.10714480161666869,8.0,2.0,0.6318894028663635,0.00020838401724176947
DQN,35,mid,710,1710,-0.5724268436431885,10.0,2.0,0.8105143308639526,0.0001574402253027074
DQN,35,mid,711,1711,0.1279221248626709,3.0,3.0,0.6570307612419128,0.00022304817684926093
DQN,35,mid,712,1712,-0.03356172204017639,6.0,3.0,0.39093032479286194,0.00021041774622669132
DQN,35,mid,713,1713,0.14030737400054932,3.0,3.0,0.9382500648498535,0.00018370975158177316
DQN,35,mid,714,1714,0.028413422107696547,3.0,3.0,0.9617673754692078,0.0002961711337169011
DQN,35,mid,715,1715,-0.09176736354827882,3.0,3.0,0.7353469729423523,0.0004920087376376614
DQN,35,mid,716,1716,0.09000000000000001,1.0,1.0,0.13425607979297638,0.0002796125190798193
DQN,35,mid,717,1717,0.06489749431610109,2.0,2.0,0.3227812349796295,0.00017512167687527835
DQN,35,mid,718,1718,-0.519513726234436,10.0,3.0,0.7388648390769958,0.0002772780178929679
DQN,35,mid,719,1719,-0.03605668783187867,4.0,3.0,0.8106032013893127,0.0004207417259749491
DQN,35,mid,720,1720,0.34161871433258056,4.0,4.0,1.1751024723052979,0.00026479574444238096
DQN,35,mid,721,1721,0.06692744970321657,2.0,2.0,0.8077766299247742,0.00029522491968236864
DQN,35,mid,722,1722,-0.4579728126525879,10.0,2.0,0.7583028674125671,0.00032247818453470247
DQN,35,mid,723,1723,0.09000000000000001,1.0,1.0,0.08148138970136642,0.00024555023992434144
DQN,35,mid,724,1724,0.09000000000000001,1.0,1.0,0.5370447635650635,0.00043311683111824095
DQN,35,mid,725,1725,0.07729895591735841,2.0,2.0,0.5934532880783081,0.0003236032061977312
DQN,35,mid,726,1726,0.09000000000000001,1.0,1.0,0.844361424446106,0.00017284645582549274
DQN,35,mid,727,1727,0.07387630820274355,2.0,2.0,0.1260838806629181,0.00020550016779452562
DQN,35,mid,728,1728,0.23255426406860352,3.0,3.0,1.212992787361145,0.00023290345173639557
DQN,35,mid,729,1729,0.09000000000000001,1.0,1.0,0.5942058563232422,0.00018653641745913774
DQN,35,mid,730,1730,0.22417999029159547,3.0,3.0,0.7802656888961792,0.00034590565095034737
DQN,35,mid,731,1731,0.0980114507675171,2.0,2.0,0.3919689953327179,0.0002754365705186501
DQN,35,mid,732,1732,0.09000000000000001,1.0,1.0,0.1987619400024414,0.00018156325677409768
DQN,35,mid,733,1733,0.23212886571884156,3.0,3.0,0.6806522607803345,0.00018165728639966497
DQN,35,mid,734,1734,0.17072723031044007,3.0,3.0,0.41666969656944275,0.0003798134857788682
DQN,35,mid,735,1735,0.16960556983947755,2.0,2.0,0.4254283308982849,0.0003343192220199853
DQN,35,mid,736,1736,0.31461788892745973,2.0,2.0,0.9074535965919495,0.00036130627267993987
DQN,35,mid,737,1737,-0.10200916767120362,9.0,4.0,0.5264168977737427,0.0004946011298064453
DQN,35,mid,738,1738,0.07237602949142458,2.0,2.0,0.8479512333869934,0.0004791935352841392
DQN,35,mid,739,1739,0.09000000000000001,1.0,1.0,0.8833860158920288,0.00023440251243300736
DQN,35,mid,740,1740,0.06522334337234498,3.0,3.0,0.6516925096511841,0.00033668998124388355
DQN,35,mid,741,1741,0.04235840559005739,3.0,3.0,0.5786904692649841,0.00040128173228974145
DQN,35,mid,742,1742,0.279107460975647,4.0,3.0,0.6057447791099548,0.000385815481422469
DQN,35,mid,743,1743,0.09000000000000001,1.0,1.0,0.46476370096206665,0.00033947298652492464
DQN,35,mid,744,1744,0.09675390243530274,3.0,3.0,0.9462728500366211,0.0005976103420834988
DQN,35,mid,745,1745,0.2048162388801575,2.0,2.0,0.7697974443435669,0.000375222007278353
DQN,35,mid,746,1746,0.00839245498180391,2.0,2.0,0.2930474877357483,0.0004613159253494814
DQN,35,mid,747,1747,0.09000000000000001,1.0,1.0,0.3557966351509094,0.0002373125171288848
DQN,35,mid,748,1748,0.0821571069955826,2.0,2.0,0.1595279723405838,0.0002699751712498255
DQN,35,mid,749,1749,0.09000000000000001,1.0,1.0,0.8795908689498901,0.00025395050761289895
DQN,35,mid,750,1750,0.11450626134872438,2.0,2.0,0.5073352456092834,0.00017194472457049415
DQN,35,mid,751,1751,0.214991854429245,2.0,2.0,0.47366079688072205,0.00037651915044989437
DQN,35,mid,752,1752,0.13090004205703737,2.0,2.0,0.9332614541053772,0.0003069017257075757
DQN,35,mid,753,1753,0.011748869419097904,3.0,2.0,0.8826813697814941,0.00031041642068885267
DQN,35,mid,754,1754,0.09000000000000001,1.0,1.0,0.15573088824748993,0.00028256725636310875
DQN,35,mid,755,1755,0.29568154335021973,3.0,3.0,1.137168049812317,0.0004590080303993697
DQN,35,mid,756,1756,0.2402079176902771,3.0,3.0,0.8981942534446716,0.0002747346055305873
DQN,35,mid,757,1757,0.09000000000000001,1.0,1.0,0.28411832451820374,0.0002288723480887711
DQN,35,mid,758,1758,0.32099486112594605,3.0,3.0,0.9094271063804626,0.0003099152333258341
DQN,35,mid,759,1759,0.09000000000000001,1.0,1.0,0.8661947846412659,0.00012306205462664366
DQN,35,mid,760,1760,0.09000000000000001,1.0,1.0,0.23414362967014313,0.00013201760884840041
DQN,35,mid,761,1761,0.13378693342208864,2.0,2.0,0.6500917673110962,0.00018718821957008913
DQN,35,mid,762,1762,0.08747251510620119,2.0,2.0,0.6413007974624634,0.00025980778445955366
DQN,35,mid,763,1763,-0.09858287453651428,3.0,2.0,0.4545089304447174,0.00031838903184204054
DQN,35,mid,764,1764,0.07931632727384569,2.0,2.0,0.09514840692281723,0.00018398249812889844
DQN,35,mid,765,1765,-0.03797363519668577,3.0,3.0,0.4006383717060089,0.00018495733093004674
DQN,35,mid,766,1766,-0.18096094131469725,10.0,4.0,0.8348473906517029,0.00026676104171201586
DQN,35,mid,767,1767,0.09000000000000001,1.0,1.0,0.21321390569210052,0.0002527069882489741
DQN,35,mid,768,1768,0.09000000000000001,1.0,1.0,0.5834015011787415,0.00026536622317507863
DQN,35,mid,769,1769,-0.013366602659225457,3.0,3.0,0.5145155787467957,0.00018044222088064998
DQN,35,mid,770,1770,0.2089719843864441,3.0,3.0,0.7815195918083191,0.00024976846664988744
DQN,35,mid,771,1771,0.12260396003723145,3.0,3.0,0.8568054437637329,0.00015893279730031887
DQN,35,mid,772,1772,0.17646725654602052,2.0,2.0,0.5539615750312805,0.0001945585900102742
DQN,35,mid,773,1773,0.2553815317153931,3.0,3.0,0.8844118118286133,0.00018434102579097575
DQN,35,mid,774,1774,-0.2619547724723816,10.0,4.0,0.9332022666931152,0.0003657937479147222
DQN,35,mid,775,1775,0.22437979459762575,2.0,2.0,0.5589415431022644,0.00023679198056925088
DQN,35,mid,776,1776,0.26615204095840456,2.0,2.0,0.7498024702072144,0.00039353153260890394
DQN,35,mid,777,1777,0.2557520437240601,2.0,2.0,1.1265904903411865,0.0002858694933820516
DQN,35,mid,778,1778,0.19616563796997072,2.0,2.0,0.7662428617477417,0.00020359925838420168
DQN,35,mid,779,1779,0.09000000000000001,1.0,1.0,0.5762419700622559,0.00040184013778343797
DQN,35,mid,780,1780,0.12042028427124024,3.0,3.0,0.7467992901802063,0.00025172019862414646
DQN,35,mid,781,1781,0.09000000000000001,1.0,1.0,0.08594780415296555,0.00027935474645346403
DQN,35,mid,782,1782,0.07493812561035157,3.0,3.0,0.6530269384384155,0.00023943099949974567
DQN,35,mid,783,1783,0.1748816442489624,3.0,3.0,0.58453768491745,0.00030589117280518013
DQN,35,mid,784,1784,0.3928719234466553,3.0,3.0,0.8459988832473755,0.0002995027559033285
DQN,35,mid,785,1785,-0.028444161415100103,4.0,3.0,0.8079558610916138,0.00024626945014460944
DQN,35,mid,786,1786,0.3549338746070862,2.0,2.0,0.8315644860267639,0.0002652988478075713
DQN,35,mid,787,1787,0.1480126452445984,3.0,3.0,0.6650096774101257,0.00027314959152136
DQN,35,mid,788,1788,0.12757249355316164,2.0,2.0,0.9138454794883728,0.0005567944244830869
DQN,35,mid,789,1789,0.11858558833599092,2.0,2.0,0.21245719492435455,0.0002522306749597192
DQN,35,mid,790,1790,0.14333959102630617,2.0,2.0,0.7133327722549438,0.0002589191644801758
DQN,35,mid,791,1791,-0.026213191747665385,3.0,3.0,0.41407400369644165,0.0002481884779020523
DQN,35,mid,792,1792,0.09000000000000001,1.0,1.0,0.15252777934074402,0.00024769335868768394
DQN,35,mid,793,1793,0.2849699926376343,3.0,3.0,0.8149393796920776,0.0003554519304695229
DQN,35,mid,794,1794,0.1595785689353943,3.0,3.0,0.7881870269775391,0.00024117231563044092
DQN,35,mid,795,1795,0.19795902252197267,2.0,2.0,1.2396135330200195,0.00029862476367270574
DQN,35,mid,796,1796,0.09000000000000001,1.0,1.0,0.33506113290786743,0.00015297079517040402
DQN,35,mid,797,1797,-0.3275275230407715,10.0,3.0,0.6723011136054993,0.00025761208235053346
DQN,35,mid,798,1798,0.09000000000000001,1.0,1.0,0.07206784188747406,0.000430372980190441
DQN,35,mid,799,1799,-0.036613812446594216,4.0,3.0,1.032863736152649,0.0003015984402736649
DQN,35,mid,800,1800,0.09000000000000001,1.0,1.0,0.3023007810115814,0.0003231031587347388
DQN,35,mid,801,1801,0.11670835494995119,2.0,2.0,0.5898710489273071,0.00018061673472402617
DQN,35,mid,802,1802,-0.0032316374778747353,3.0,3.0,0.782893717288971,0.00024301483548091105
DQN,35,mid,803,1803,0.036756621599197396,2.0,2.0,0.5205590128898621,0.0002708270476432517
DQN,35,mid,804,1804,0.12397758841514589,2.0,2.0,0.4125184416770935,0.00027883730945177376
DQN,35,mid,805,1805,0.4135959219932556,3.0,3.0,0.7582650780677795,0.0003352226534237464
DQN,35,mid,806,1806,0.33516676902771,2.0,2.0,1.0562540292739868,0.00019934667216148227
DQN,35,mid,807,1807,0.04801232337951661,3.0,3.0,0.9389702081680298,0.00033923363662324846
DQN,35,mid,808,1808,0.1690990400314331,3.0,3.0,0.6434617638587952,0.00019609912609060606
DQN,35,mid,809,1809,0.1397638487815857,2.0,2.0,0.6524978876113892,0.00021949633082840592
DQN,35,mid,810,1810,0.09000000000000001,1.0,1.0,0.4182310998439789,0.00023768057872075588
DQN,35,mid,811,1811,0.12441297054290773,2.0,2.0,0.8325038552284241,0.00036690031993202865
DQN,35,mid,812,1812,0.015316135883331305,3.0,3.0,0.8797370195388794,0.00032150248686472577
DQN,35,mid,813,1813,0.21264953136444092,3.0,3.0,1.1486331224441528,0.00037703776130607974
DQN,35,mid,814,1814,0.254870719909668,3.0,3.0,0.529373288154602,0.00020818412788988402
DQN,35,mid,815,1815,0.14311869621276857,2.0,2.0,0.8581483960151672,0.00025723206636030227
DQN,35,mid,816,1816,0.09000000000000001,1.0,1.0,0.30191460251808167,0.0009567140368744731
DQN,35,mid,817,1817,-0.3419366359710694,10.0,2.0,0.7358734011650085,0.000238368398277089
DQN,35,mid,818,1818,0.18361175775527955,3.0,3.0,0.7632771134376526,0.00027769132672498625
DQN,35,mid,819,1819,0.15383841276168825,2.0,2.0,0.5837864279747009,0.00046946684597060084
DQN,35,mid,820,1820,0.27140952825546266,2.0,2.0,0.8873115181922913,0.00035461466904962435
DQN,35,mid,821,1821,-0.028490645885467514,2.0,2.0,0.7954322099685669,0.00026828484988072887
DQN,35,mid,822,1822,-0.03903488397598266,3.0,2.0,0.8807606101036072,0.0016533014980571654
DQN,35,mid,823,1823,-0.0239668846130371,5.0,2.0,0.6109780669212341,0.0005185829882975668
DQN,35,mid,824,1824,0.04598196029663087,2.0,2.0,0.8313860893249512,0.00037770676135551184
DQN,35,mid,825,1825,-0.5394728064537049,10.0,2.0,0.8389710783958435,0.000452598457923159
DQN,35,mid,826,1826,0.09000000000000001,1.0,1.0,0.7340327501296997,0.0002569995995145291
DQN,35,mid,827,1827,0.07194292545318604,5.0,4.0,0.8080926537513733,0.0002821390371536836
DQN,35,mid,828,1828,-0.11601425409317016,10.0,4.0,0.7312873005867004,0.0002637987199705094
DQN,35,mid,829,1829,0.05501167654991151,2.0,2.0,0.3972848057746887,0.00045470934855984524
DQN,35,mid,830,1830,0.09000000000000001,1.0,1.0,0.34108495712280273,0.00037356000393629074
DQN,35,mid,831,1831,0.18583226919174195,3.0,3.0,0.7255508303642273,0.0003944634275588517
DQN,35,mid,832,1832,-0.0167850089073181,2.0,2.0,0.8493559956550598,0.000150136613228824
DQN,35,mid,833,1833,0.0876306962966919,3.0,3.0,1.0960156917572021,0.00035359331135017175
DQN,35,mid,834,1834,0.38081318855285645,3.0,3.0,0.8642703294754028,0.00023612786996333549
DQN,35,mid,835,1835,0.09000000000000001,1.0,1.0,0.04763947054743767,0.0002812691091094166
DQN,35,mid,836,1836,0.09000000000000001,1.0,1.0,0.170388862490654,0.00016130019503179938
DQN,35,mid,837,1837,0.18397744178771974,2.0,2.0,0.9378805160522461,0.0002628279326017946
DQN,35,mid,838,1838,0.09000000000000001,1.0,1.0,0.582330048084259,0.0004942881059832871
DQN,35,mid,839,1839,0.09000000000000001,1.0,1.0,0.23029518127441406,0.0003066613571718335
DQN,35,mid,840,1840,0.1645460891723633,2.0,2.0,1.228356957435608,0.00023963316198205575
DQN,35,mid,841,1841,0.2117046880722046,2.0,2.0,0.6630998253822327,0.00030064015300013125
DQN,35,mid,842,1842,0.20042527437210084,3.0,3.0,0.2854750454425812,0.0004676242145554473
DQN,35,mid,843,1843,0.24169542074203493,2.0,2.0,0.5543950796127319,0.00021673434821423143
DQN,35,mid,844,1844,0.2579958510398865,3.0,3.0,0.7213111519813538,0.00027461285450651
DQN,35,mid,845,1845,0.07886834621429445,2.0,2.0,0.695763111114502,0.00032436133187729865
DQN,35,mid,846,1846,0.09000000000000001,1.0,1.0,0.4370364248752594,0.0002530057681724429
DQN,35,mid,847,1847,0.09000000000000001,1.0,1.0,0.6949491500854492,0.000252980156801641
DQN,35,mid,848,1848,0.09000000000000001,1.0,1.0,0.3518979549407959,0.0003823361184913665
DQN,35,mid,849,1849,0.12986854434013367,3.0,3.0,0.404418408870697,0.0002825909517317389
DQN,35,mid,850,1850,0.16838313817977907,2.0,2.0,0.23025989532470703,0.0002454753775964491
DQN,35,mid,851,1851,0.11655343294143677,3.0,3.0,0.7969321012496948,0.00029034139394449693
DQN,35,mid,852,1852,0.35350836992263795,2.0,2.0,0.713758111000061,0.00022225023712962866
DQN,35,mid,853,1853,0.09000000000000001,1.0,1.0,0.2488114833831787,0.00020686002972070128
DQN,35,mid,854,1854,0.09000000000000001,1.0,1.0,0.4695875346660614,0.0001523539103800431
DQN,35,mid,855,1855,0.10689438104629517,3.0,3.0,0.7868214845657349,0.00024323486528980234
DQN,35,mid,856,1856,-0.08523046016693113,4.0,3.0,0.6776435971260071,0.0002973973569169175
DQN,35,mid,857,1857,0.0841974186897278,2.0,2.0,0.33256229758262634,0.00026040562079288065
DQN,35,mid,858,1858,0.08660550594329836,2.0,2.0,0.5158043503761292,0.0002657639342942275
DQN,35,mid,859,1859,0.09000000000000001,1.0,1.0,0.11168111860752106,0.00022157456260174513
DQN,35,mid,860,1860,0.07740502238273622,2.0,2.0,0.19777798652648926,0.0002865071874111891
DQN,35,mid,861,1861,0.14521650195121766,3.0,3.0,0.2827615439891815,0.00039875209525537986
DQN,35,mid,862,1862,0.02200593233108522,2.0,2.0,0.3738662302494049,0.00029980911494931206
DQN,35,mid,863,1863,0.09000000000000001,1.0,1.0,0.3270283341407776,0.00020351917191874236
DQN,35,mid,864,1864,0.10788441419601441,3.0,3.0,0.7392575144767761,0.0002139468997484073
DQN,35,mid,865,1865,0.25504972219467165,2.0,2.0,0.6416135430335999,0.004840928493649699
DQN,35,mid,866,1866,0.09000000000000001,1.0,1.0,0.6872683763504028,0.00021210350678302348
DQN,35,mid,867,1867,0.09000000000000001,1.0,1.0,0.3480992019176483,0.0005072553758509457
DQN,35,mid,868,1868,-0.4426664590835571,10.0,2.0,1.0312645435333252,0.0004163560093729757
DQN,35,mid,869,1869,0.09000000000000001,1.0,1.0,0.22359229624271393,0.001192372990772128
DQN,35,mid,870,1870,0.15759146928787232,3.0,3.0,0.8503022789955139,0.0004611063147118936
DQN,35,mid,871,1871,-0.7747239351272585,10.0,2.0,0.7883960008621216,0.00048488791508134456
DQN,35,mid,872,1872,0.09000000000000001,1.0,1.0,0.3542603850364685,0.00023349215916823596
DQN,35,mid,873,1873,0.35567976713180544,2.0,2.0,0.5193500518798828,0.0005231287068454549
DQN,35,mid,874,1874,0.1049365270137787,2.0,2.0,0.47946617007255554,0.00040028136572800577
DQN,35,mid,875,1875,0.14637692451477052,2.0,2.0,0.1322941929101944,0.0005421715759439394
DQN,35,mid,876,1876,0.09000000000000001,1.0,1.0,0.5565148591995239,0.0029627725016325712
DQN,35,mid,877,1877,0.045082519054412844,4.0,3.0,0.75216144323349,0.0003133658647129778
DQN,35,mid,878,1878,-0.277061476111412,8.0,2.0,0.13160713016986847,0.00042979306635970715
DQN,35,mid,879,1879,0.10429038286209108,2.0,2.0,0.3316029906272888,0.0003605769306886941
DQN,35,mid,880,1880,0.2606672215461731,2.0,2.0,0.9326778054237366,0.0003130228433292359
DQN,35,mid,881,1881,0.17894341230392458,2.0,2.0,0.6269931197166443,0.0011061071272706613
DQN,35,mid,882,1882,0.09000000000000001,1.0,1.0,0.36834362149238586,0.0002525896125007421
DQN,35,mid,883,1883,0.07872219562530519,2.0,2.0,0.42230862379074097,0.0002645955537445843
DQN,35,mid,884,1884,0.09000000000000001,1.0,1.0,0.34276607632637024,0.00022291501227300614
DQN,35,mid,885,1885,0.09000000000000001,1.0,1.0,0.2830626368522644,0.0001850257976911962
DQN,35,mid,886,1886,0.09000000000000001,1.0,1.0,0.5084913969039917,0.00021806336008012295
DQN,35,mid,887,1887,0.11653151273727419,4.0,2.0,0.8375213742256165,0.00035304859920870513
DQN,35,mid,888,1888,0.018492566347122208,2.0,2.0,0.24750563502311707,0.0006098250014474615
DQN,35,mid,889,1889,0.0780188012123108,2.0,2.0,0.35286250710487366,0.00027588869124883786
DQN,35,mid,890,1890,0.09000000000000001,1.0,1.0,0.21217700839042664,0.00017933886556420475
DQN,35,mid,891,1891,0.09813292503356935,2.0,2.0,0.9568713307380676,0.00022528260888066143
DQN,35,mid,892,1892,0.09000000000000001,1.0,1.0,0.9126779437065125,0.00029868935234844685
DQN,35,mid,893,1893,0.09000000000000001,1.0,1.0,0.42702966928482056,0.00044735806295648217
DQN,35,mid,894,1894,0.09000000000000001,1.0,1.0,0.35416656732559204,0.0002284783113282174
DQN,35,mid,895,1895,0.09000000000000001,1.0,1.0,0.4910407066345215,0.0004213263455312699
DQN,35,mid,896,1896,0.13587804317474367,2.0,2.0,0.5205974578857422,0.00029431021539494395
DQN,35,mid,897,1897,0.16459663391113283,2.0,2.0,0.705300509929657,0.0007053970912238583
DQN,35,mid,898,1898,0.09000000000000001,1.0,1.0,0.39856967329978943,0.0006427685730159283
DQN,35,mid,899,1899,0.09000000000000001,1.0,1.0,0.4332813620567322,0.0003306286525912583
DQN,35,mid,900,1900,0.09430761814117433,2.0,2.0,0.6910971999168396,0.0004105825792066753
DQN,35,mid,901,1901,-0.5509829521179199,10.0,3.0,0.7992153763771057,0.0013172408303944393
DQN,35,mid,902,1902,0.09000000000000001,1.0,1.0,0.07132906466722488,0.0004676113312598318
DQN,35,mid,903,1903,0.09000000000000001,1.0,1.0,0.5829009413719177,0.0003468505456112325
DQN,35,mid,904,1904,0.15051913976669312,3.0,3.0,0.8090125322341919,0.0007271698365608851
DQN,35,mid,905,1905,0.171422061920166,4.0,4.0,0.9894198179244995,0.00041422320646233857
DQN,35,mid,906,1906,0.09000000000000001,1.0,1.0,0.33982720971107483,0.0006673519383184612
DQN,35,mid,907,1907,0.14858574390411378,3.0,3.0,1.0064644813537598,0.00037381947428608936
DQN,35,mid,908,1908,0.33677484273910524,2.0,2.0,0.9997819066047668,0.0005763551744166762
DQN,35,mid,909,1909,0.09000000000000001,1.0,1.0,0.5554792881011963,0.00037352662184275687
DQN,35,mid,910,1910,0.06469710826873781,4.0,2.0,0.7414359450340271,0.0003367007557244506
DQN,35,mid,911,1911,0.028601653575897223,3.0,3.0,0.7240625619888306,0.002527460368582979
DQN,35,mid,912,1912,0.055838055610656745,3.0,3.0,0.7012340426445007,0.0005871839627313117
DQN,35,mid,913,1913,0.09000000000000001,1.0,1.0,0.04763947054743767,0.00044952004100196064
DQN,35,mid,914,1914,0.01569637060165406,5.0,2.0,0.7013384699821472,0.0005837725126184523
DQN,35,mid,915,1915,0.09592927217483521,3.0,3.0,0.9539825320243835,0.00045901422466461855
DQN,35,mid,916,1916,0.0908628273010254,2.0,2.0,0.797572672367096,0.0016130396688822657
DQN,35,mid,917,1917,0.09000000000000001,1.0,1.0,0.46119922399520874,0.0003158064209856093
DQN,35,mid,918,1918,0.1884903383255005,3.0,3.0,0.6976600289344788,0.0004916924517601728
DQN,35,mid,919,1919,0.0730191445350647,4.0,4.0,0.9425771832466125,0.0002775642351480201
DQN,35,mid,920,1920,0.09000000000000001,1.0,1.0,0.3711088001728058,0.0005792996962554753
DQN,35,mid,921,1921,0.21283205032348634,2.0,2.0,0.8785754442214966,0.00035595484951045364
DQN,35,mid,922,1922,0.3202114272117615,2.0,2.0,0.6041499972343445,0.0004861454799538478
DQN,35,mid,923,1923,0.21374030590057375,2.0,2.0,0.8837060928344727,0.00037004088517278433
DQN,35,mid,924,1924,0.2222536373138428,2.0,2.0,0.8260363340377808,0.00027183925703866407
DQN,35,mid,925,1925,0.09000000000000001,1.0,1.0,0.6238769888877869,0.0002619284496176988
DQN,35,mid,926,1926,0.21600811481475835,5.0,5.0,0.5934027433395386,0.000360614393139258
DQN,35,mid,927,1927,0.15797443866729738,2.0,2.0,0.6587317585945129,0.00035209604538977146
DQN,35,mid,928,1928,0.09000000000000001,1.0,1.0,0.44262149930000305,0.0002575296093709767
DQN,35,mid,929,1929,0.21006388187408448,3.0,3.0,1.0321640968322754,0.00036460064196338254
DQN,35,mid,930,1930,0.09000000000000001,1.0,1.0,0.400632381439209,0.0002617476275190711
DQN,35,mid,931,1931,0.15449333906173707,3.0,3.0,0.5191397070884705,0.0005129703301160286
DQN,35,mid,932,1932,0.4172382426261902,3.0,3.0,0.7052964568138123,0.0006102248832272986
DQN,35,mid,933,1933,0.20655323743820192,2.0,2.0,0.8028978109359741,0.00044395191071089357
DQN,35,mid,934,1934,0.0980498218536377,6.0,4.0,0.7219680547714233,0.0017304166249232367
DQN,35,mid,935,1935,0.16147925138473512,2.0,2.0,0.8351291418075562,0.00046588003169745207
DQN,35,mid,936,1936,0.09000000000000001,1.0,1.0,0.660871148109436,0.000701689685229212
DQN,35,mid,937,1937,0.1241669821739197,2.0,2.0,0.7140890955924988,0.00020632046653190628
DQN,35,mid,938,1938,0.09000000000000001,1.0,1.0,0.291031152009964,0.000355890195351094
DQN,35,mid,939,1939,0.19010271310806276,2.0,2.0,0.70525062084198,0.0004050693387398496
DQN,35,mid,940,1940,0.19057484149932863,2.0,2.0,0.4651249051094055,0.0004092939052497968
DQN,35,mid,941,1941,0.1534200382232666,3.0,3.0,0.6446765661239624,0.00041342518913249177
DQN,35,mid,942,1942,-0.421585488319397,10.0,2.0,0.25082606077194214,0.0003786274217418395
DQN,35,mid,943,1943,0.018228666782379166,2.0,2.0,0.5130963325500488,0.0002716230519581586
DQN,35,mid,944,1944,-0.5176566123962403,10.0,2.0,1.2664796113967896,0.0009614208131097258
DQN,35,mid,945,1945,0.09000000000000001,1.0,1.0,0.2055511176586151,0.0004467346298042685
DQN,35,mid,946,1946,0.19664295196533205,2.0,2.0,0.5654662847518921,0.0004646442685043439
DQN,35,mid,947,1947,0.09000000000000001,1.0,1.0,0.38541126251220703,0.00037533530849032104
DQN,35,mid,948,1948,0.10276271581649782,2.0,2.0,0.68239825963974,0.0036198789457557723
DQN,35,mid,949,1949,0.09000000000000001,1.0,1.0,0.5410424470901489,0.00032731235842220485
DQN,35,mid,950,1950,0.09000000000000001,1.0,1.0,0.1539744883775711,0.0009497442515566945
DQN,35,mid,951,1951,0.0933529806137085,3.0,3.0,0.6972392201423645,0.0018796384683810174
DQN,35,mid,952,1952,0.10701760083436967,2.0,2.0,0.10224433988332748,0.0006774334760848433
DQN,35,mid,953,1953,0.2128921914100647,2.0,2.0,0.6578235030174255,0.0007170616299845278
DQN,35,mid,954,1954,-0.013105375766754135,2.0,2.0,0.6862860918045044,0.0003628389094956219
DQN,35,mid,955,1955,0.07396592378616335,2.0,2.0,0.8129432797431946,0.0009529160452075303
DQN,35,mid,956,1956,0.09000000000000001,1.0,1.0,0.16019852459430695,0.0004682304279413074
DQN,35,mid,957,1957,0.09000000000000001,1.0,1.0,0.15961654484272003,0.0005055748042650521
DQN,35,mid,958,1958,0.1763516139984131,3.0,3.0,0.7110961675643921,0.0005517547251656651
DQN,35,mid,959,1959,0.09000000000000001,1.0,1.0,0.2937817871570587,0.0005175796686671674
DQN,35,mid,960,1960,0.1458252239227295,2.0,2.0,0.8802633881568909,0.0006420879653887823
DQN,35,mid,961,1961,0.09000000000000001,1.0,1.0,0.3123321533203125,0.0004059260245412588
DQN,35,mid,962,1962,0.09000000000000001,1.0,1.0,0.7482438683509827,0.0004841689660679549
DQN,35,mid,963,1963,0.09000000000000001,1.0,1.0,0.48729822039604187,0.0007202239939942956
DQN,35,mid,964,1964,0.09000000000000001,1.0,1.0,0.40298983454704285,0.00045894860522821546
DQN,35,mid,965,1965,0.20744647264480592,2.0,2.0,0.6404930353164673,0.0004897132748737931
DQN,35,mid,966,1966,0.11110820055007936,2.0,2.0,0.5878717303276062,0.0004022624052595347
DQN,35,mid,967,1967,0.15910596370697022,3.0,3.0,1.2243927717208862,0.0030678445861364403
DQN,35,mid,968,1968,0.09000000000000001,1.0,1.0,0.42332813143730164,0.0002875974460039288
DQN,35,mid,969,1969,0.33763612985610963,2.0,2.0,0.651635468006134,0.0005083100841147825
DQN,35,mid,970,1970,0.08178349018096925,7.0,3.0,1.2039687633514404,0.0007335504259182406
DQN,35,mid,971,1971,0.25138957023620606,3.0,3.0,0.7933822870254517,0.0006958472464854518
DQN,35,mid,972,1972,-0.0044535923004150185,3.0,3.0,0.7979722619056702,0.0005956629077748706
DQN,35,mid,973,1973,-0.6187186241149903,10.0,3.0,0.7651714086532593,0.0017307080794125794
DQN,35,mid,974,1974,0.05469571232795716,2.0,2.0,0.3460271656513214,0.0007796534628141671
DQN,35,mid,975,1975,0.09000000000000001,1.0,1.0,0.9508432745933533,0.0004621286643669009
DQN,35,mid,976,1976,0.09000000000000001,1.0,1.0,0.9012936353683472,0.0006276880740188062
DQN,35,mid,977,1977,0.2268847990036011,2.0,2.0,0.6976471543312073,0.0005923012795392424
DQN,35,mid,978,1978,-0.44052629470825194,10.0,2.0,0.6668261885643005,0.0005418376051238738
DQN,35,mid,979,1979,-0.06471501111984253,2.0,2.0,0.7450113892555237,0.0003064892371185124
DQN,35,mid,980,1980,0.25900179862976075,3.0,3.0,0.5068196654319763,0.0005269951555722704
DQN,35,mid,981,1981,-0.06842259883880615,2.0,2.0,0.5840992331504822,0.0009160362533293664
DQN,35,mid,982,1982,0.09000000000000001,1.0,1.0,0.17775045335292816,0.0002606223279144615
DQN,35,mid,983,1983,0.12333484172821046,2.0,2.0,1.007821798324585,0.0005399035435402766
DQN,35,mid,984,1984,0.09000000000000001,1.0,1.0,0.2353329360485077,0.000638908997643739
DQN,35,mid,985,1985,0.11615510463714601,2.0,2.0,0.9965215921401978,0.0004083198291482404
DQN,35,mid,986,1986,0.15879796624183656,2.0,2.0,0.36658763885498047,0.0003835244133369997
DQN,35,mid,987,1987,0.09000000000000001,1.0,1.0,0.13358482718467712,0.0004625126894097775
DQN,35,mid,988,1988,0.07349134206771851,3.0,3.0,0.728492796421051,0.00024704615740726393
DQN,35,mid,989,1989,0.09000000000000001,1.0,1.0,0.34759625792503357,0.0002732198336161673
DQN,35,mid,990,1990,0.13457043647766115,2.0,2.0,0.745029866695404,0.0003813468210864812
DQN,35,mid,991,1991,0.3246582317352295,2.0,2.0,0.7417779564857483,0.0005137903499417007
DQN,35,mid,992,1992,0.09000000000000001,1.0,1.0,0.5863682627677917,0.005016453098505735
DQN,35,mid,993,1993,0.09000000000000001,1.0,1.0,0.4961785674095154,0.0005616566049866378
DQN,35,mid,994,1994,0.12143399000167848,2.0,2.0,0.6664267778396606,0.0018753197218757123
DQN,35,mid,995,1995,0.09000000000000001,1.0,1.0,0.20639298856258392,0.0005960973794572055
DQN,35,mid,996,1996,0.09000000000000001,1.0,1.0,0.7356082797050476,0.0003983232600148767
DQN,35,mid,997,1997,0.09000000000000001,1.0,1.0,0.2445201873779297,0.00034068169770762324
DQN,35,mid,998,1998,0.09000000000000001,1.0,1.0,0.301501601934433,0.00045939089613966644
DQN,35,mid,999,1999,0.09000000000000001,1.0,1.0,0.6065229177474976,0.0005501334671862423
DQN,35,mid,1000,2000,0.32142855405807497,2.0,2.0,0.7569289207458496,0.0007097437046468258
DQN,35,mid,1001,2001,0.0896383023262024,4.0,3.0,0.8341191411018372,0.0005318071780493483
DQN,35,mid,1002,2002,0.25011994123458864,2.0,2.0,0.6512473821640015,0.00046952193952165544
DQN,35,mid,1003,2003,0.1666666340827942,3.0,3.0,0.5064307451248169,0.0003896511528485765
DQN,35,mid,1004,2004,0.010947750806808487,2.0,2.0,0.18811467289924622,0.006090919909183867
DQN,35,mid,1005,2005,0.1494502890110016,2.0,2.0,0.35497739911079407,0.0008663564804010093
DQN,35,mid,1006,2006,0.09000000000000001,1.0,1.0,0.24022792279720306,0.0005180398584343493
DQN,35,mid,1007,2007,0.09000000000000001,1.0,1.0,0.5895028710365295,0.0005051711341366172
DQN,35,mid,1008,2008,0.09572620868682863,2.0,2.0,0.2656097710132599,0.0006284141854848713
DQN,35,mid,1009,2009,0.20439537048339845,2.0,2.0,0.9707297086715698,0.0005360499781090766
DQN,35,mid,1010,2010,0.08370388269424439,3.0,3.0,0.6991371512413025,0.0006656752666458488
DQN,35,mid,1011,2011,0.09000000000000001,1.0,1.0,0.6515374779701233,0.0005198256694711745
DQN,35,mid,1012,2012,0.08889712810516359,3.0,2.0,0.3190022110939026,0.0013606342545244843
DQN,35,mid,1013,2013,0.27382137060165407,2.0,2.0,0.5108919739723206,0.0006400125857908279
DQN,35,mid,1014,2014,0.06304760456085207,2.0,2.0,0.5709410309791565,0.003106368938460946
DQN,35,mid,1015,2015,-0.4028021812438965,10.0,4.0,1.542061448097229,0.0005390026868553832
DQN,35,mid,1016,2016,0.16910900354385378,2.0,2.0,0.3472585082054138,0.0004473076405702159
DQN,35,mid,1017,2017,0.09893763780593873,3.0,3.0,0.7486507296562195,0.0004985702301686009
DQN,35,mid,1018,2018,0.09000000000000001,1.0,1.0,0.7769536375999451,0.0007588861044496298
DQN,35,mid,1019,2019,0.2387186360359192,3.0,3.0,0.8096628189086914,0.0008730084615914772
DQN,35,mid,1020,2020,0.09000000000000001,1.0,1.0,0.5768906474113464,0.0013547914568334818
DQN,35,mid,1021,2021,0.17753984212875368,2.0,2.0,0.5779995918273926,0.0004472483997233212
DQN,35,mid,1022,2022,0.23746240854263306,3.0,3.0,0.8414283394813538,0.00042465710430406034
DQN,35,mid,1023,2023,-0.31522196531295776,10.0,3.0,0.8235401511192322,0.000443955697119236
DQN,35,mid,1024,2024,0.10599143981933595,2.0,2.0,0.666937530040741,0.00043384388845879585
DQN,35,mid,1025,2025,0.012450642585754415,3.0,3.0,0.6395024061203003,0.00040206944686360657
DQN,35,mid,1026,2026,0.09000000000000001,1.0,1.0,0.796644389629364,0.0003869323118124157
DQN,35,mid,1027,2027,0.09000000000000001,1.0,1.0,0.26414650678634644,0.00023355564917437732
DQN,35,mid,1028,2028,0.09000000000000001,1.0,1.0,0.36183398962020874,0.00037113219150342047
DQN,35,mid,1029,2029,0.17309500455856325,2.0,2.0,0.6060010194778442,0.0004054890450788662
DQN,35,mid,1030,2030,0.053832180500030524,3.0,3.0,0.6472631096839905,0.00046858250667961937
DQN,35,mid,1031,2031,-0.3757206916809082,10.0,4.0,0.8129134178161621,0.00034918792225653307
DQN,35,mid,1032,2032,0.09000000000000001,1.0,1.0,0.6335572004318237,0.00025998675846494734
DQN,35,mid,1033,2033,-0.4691940248012543,10.0,3.0,0.39495524764060974,0.00041085560515057294
DQN,35,mid,1034,2034,0.1878444027900696,3.0,3.0,0.6242622137069702,0.0005633911835805824
DQN,35,mid,1035,2035,0.07976855516433717,2.0,2.0,0.711637020111084,0.0004467284452402964
DQN,35,mid,1036,2036,0.13620482563972475,2.0,2.0,0.27902597188949585,0.0003150248958263546
DQN,35,mid,1037,2037,-0.5359317064285278,10.0,3.0,0.9766770005226135,0.0005819949583383277
DQN,35,mid,1038,2038,0.030539879798889162,4.0,3.0,0.8420600891113281,0.00023278945445781574
DQN,35,mid,1039,2039,0.08571869850158693,3.0,3.0,0.8557358980178833,0.0009500660138049474
DQN,35,mid,1040,2040,0.09000000000000001,1.0,1.0,0.3627941608428955,0.0006436178227886558
DQN,35,mid,1041,2041,0.09000000000000001,1.0,1.0,0.7196555137634277,0.00017327020759694278
DQN,35,mid,1042,2042,-0.4496212244033813,10.0,2.0,0.455046147108078,0.000864427917986177
DQN,35,mid,1043,2043,0.2160520124435425,2.0,2.0,0.8178040385246277,0.00036444376746658236
DQN,35,mid,1044,2044,-0.29439153909683224,9.0,2.0,0.550190806388855,0.0005568414215101964
DQN,35,mid,1045,2045,-0.051377259492874125,3.0,3.0,0.20040127635002136,0.00030735621112398803
DQN,35,mid,1046,2046,0.09000000000000001,1.0,1.0,0.5680521726608276,0.0003658627683762461
DQN,35,mid,1047,2047,0.13818318367004395,3.0,3.0,0.5630055069923401,0.0002966392785310745
DQN,35,mid,1048,2048,0.13348037719726563,3.0,3.0,0.9496878385543823,0.0003962611420623337
DQN,35,mid,1049,2049,0.25209529876708986,2.0,2.0,0.7917378544807434,0.0002919540711445734
DQN,35,mid,1050,2050,0.03531665325164796,3.0,3.0,0.6406901478767395,0.001319786038948223
DQN,35,mid,1051,2051,0.16039742708206178,2.0,2.0,0.9550394415855408,0.0004081158258486539
DQN,35,mid,1052,2052,0.15937002182006837,2.0,2.0,0.6391387581825256,0.0003486488130874932
DQN,35,mid,1053,2053,-0.22565203905105594,10.0,3.0,0.8889632821083069,0.00031946701201377434
DQN,35,mid,1054,2054,0.09000000000000001,1.0,1.0,0.8631380796432495,0.00022807641653344035
DQN,35,mid,1055,2055,0.23794854402542115,3.0,3.0,0.9079886078834534,0.000339373858878389
DQN,35,mid,1056,2056,0.09000000000000001,1.0,1.0,0.22777700424194336,0.00033331490703858435
DQN,35,mid,1057,2057,0.19994206905364992,2.0,2.0,1.0542219877243042,0.0006691718808724545
DQN,35,mid,1058,2058,0.06501461744308473,2.0,2.0,0.40800854563713074,0.0003538697928888723
DQN,35,mid,1059,2059,0.1351291608810425,3.0,3.0,1.145939588546753,0.0003380234508464734
DQN,35,mid,1060,2060,0.18657023429870606,3.0,3.0,0.9901860952377319,0.0005849041723801444
DQN,35,mid,1061,2061,0.2681862282752991,2.0,2.0,0.604983925819397,0.0005572542140726
DQN,35,mid,1062,2062,0.09000000000000001,1.0,1.0,0.3100321590900421,0.000472610117867589
DQN,35,mid,1063,2063,0.09000000000000001,1.0,1.0,0.32327237725257874,0.00026404878008179367
DQN,35,mid,1064,2064,0.09000000000000001,1.0,1.0,0.6708593368530273,0.0004267521435394883
DQN,35,mid,1065,2065,0.1420863437652588,2.0,2.0,0.34775832295417786,0.00037102588976267725
DQN,35,mid,1066,2066,0.09000000000000001,1.0,1.0,0.6247721314430237,0.0007085268152877688
DQN,35,mid,1067,2067,0.09000000000000001,1.0,1.0,0.3349210321903229,0.0004196880618110299
DQN,35,mid,1068,2068,0.16974409103393556,2.0,2.0,0.7830068469047546,0.00023856318148318678
DQN,35,mid,1069,2069,0.06440599441528322,2.0,2.0,0.516764223575592,0.00029337286832742393
DQN,35,mid,1070,2070,-0.0027375006675720154,4.0,2.0,0.5781291723251343,0.00034117842369596474
DQN,35,mid,1071,2071,-0.2866746425628662,10.0,2.0,0.8519059419631958,0.0005010976325138472
DQN,35,mid,1072,2072,0.1853069829940796,2.0,2.0,0.9550286531448364,0.00042419868987053633
DQN,35,mid,1073,2073,0.2506271767616272,2.0,2.0,0.8837183117866516,0.00034082391357515007
DQN,35,mid,1074,2074,0.1295864748954773,2.0,2.0,0.6211442947387695,0.00028483958885772154
DQN,35,mid,1075,2075,-0.3235092759132385,10.0,3.0,0.8268336653709412,0.00032044005492934955
DQN,35,mid,1076,2076,0.1107006645202637,4.0,4.0,0.9443443417549133,0.000281046985037392
DQN,35,mid,1077,2077,0.12546438694000245,3.0,3.0,0.5323390960693359,0.00030197305022738874
DQN,35,mid,1078,2078,0.10434790134429933,2.0,2.0,0.7616744637489319,0.0001977325591724366
DQN,35,mid,1079,2079,0.09000000000000001,1.0,1.0,0.3390311300754547,0.0013817512663081288
DQN,35,mid,1080,2080,0.08249481201171877,2.0,2.0,1.0654608011245728,0.00038649131602142006
DQN,35,mid,1081,2081,0.09000000000000001,1.0,1.0,0.13794226944446564,0.0044358656741678715
DQN,35,mid,1082,2082,0.09000000000000001,1.0,1.0,0.6048066020011902,0.0006253033061511815
DQN,35,mid,1083,2083,-0.0010256576538085899,3.0,2.0,0.8835035562515259,0.0006519097175138692
DQN,35,mid,1084,2084,0.14583815813064577,2.0,2.0,0.6267318725585938,0.00029228108178358525
DQN,35,mid,1085,2085,0.09000000000000001,1.0,1.0,0.7636122107505798,0.0005783214583061635
DQN,35,mid,1086,2086,-0.03680946469306946,4.0,3.0,0.35961270332336426,0.0004611713084159419
DQN,35,mid,1087,2087,-0.20046259760856627,5.0,3.0,0.4365367591381073,0.0004605121852364391
DQN,35,mid,1088,2088,0.09000000000000001,1.0,1.0,0.14560742676258087,0.0001531282177893445
DQN,35,mid,1089,2089,0.09000000000000001,1.0,1.0,0.9157429933547974,0.0003527686931192875
DQN,35,mid,1090,2090,0.09000000000000001,1.0,1.0,0.26318755745887756,0.0002660316531546414
DQN,35,mid,1091,2091,0.09000000000000001,1.0,1.0,0.8270875811576843,0.0003120326728094369
DQN,35,mid,1092,2092,-0.055559825897216794,5.0,5.0,0.6814502477645874,0.00035768038942478596
DQN,35,mid,1093,2093,0.1313998866081238,2.0,2.0,0.7116379141807556,0.0003616773901740089
DQN,35,mid,1094,2094,0.23983372926712038,2.0,2.0,0.8863189816474915,0.00031544458761345595
DQN,35,mid,1095,2095,0.09000000000000001,1.0,1.0,0.3033367693424225,0.0004493416054174304
DQN,35,mid,1096,2096,-0.30573455333709715,9.0,3.0,0.8339604735374451,0.000285864676698111
DQN,35,mid,1097,2097,0.11155659675598145,3.0,3.0,0.8003895878791809,0.0003724142928452541
DQN,35,mid,1098,2098,0.09000000000000001,1.0,1.0,0.3877350986003876,0.00040033410186879337
DQN,35,mid,1099,2099,0.16759074449539185,3.0,3.0,0.910557210445404,0.00036681486138453084
DQN,35,mid,1100,2100,0.09000000000000001,1.0,1.0,0.14940151572227478,0.00023315705766435713
DQN,35,mid,1101,2101,0.10188485860824587,2.0,2.0,0.7138041853904724,0.0004034404701087624
DQN,35,mid,1102,2102,0.153281466960907,2.0,2.0,0.6819785237312317,0.000444411052740179
DQN,35,mid,1103,2103,-0.05589789390563964,4.0,4.0,1.1409474611282349,0.00031159279751591384
DQN,35,mid,1104,2104,0.09155298948287965,2.0,2.0,0.3710503876209259,0.000767983467085287
DQN,35,mid,1105,2105,-0.005711816549301127,3.0,3.0,0.42846164107322693,0.00035013989933455986
DQN,35,mid,1106,2106,0.09000000000000001,1.0,1.0,0.3038479685783386,0.00040001882007345557
DQN,35,mid,1107,2107,0.09000000000000001,1.0,1.0,0.2921611964702606,0.0001885986130218953
DQN,35,mid,1108,2108,0.09000000000000001,1.0,1.0,0.28899696469306946,0.0005086205783300102
DQN,35,mid,1109,2109,0.08873706817626954,4.0,4.0,1.2257834672927856,0.00033254430309170857
DQN,35,mid,1110,2110,0.09000000000000001,1.0,1.0,1.0667927265167236,0.0004997947835363448
DQN,35,mid,1111,2111,0.09000000000000001,1.0,1.0,0.6868809461593628,0.000348150817444548
DQN,35,mid,1112,2112,0.0010162460803985751,2.0,2.0,0.30136343836784363,0.0002501279814168811
DQN,35,mid,1113,2113,0.16810728788375856,2.0,2.0,0.8276507258415222,0.0002612562821013853
DQN,35,mid,1114,2114,0.195337610244751,2.0,2.0,1.356077790260315,0.0003309808816993609
DQN,35,mid,1115,2115,-0.2931017661094666,9.0,3.0,0.8476337194442749,0.0003540945229663824
DQN,35,mid,1116,2116,0.2152690362930298,3.0,3.0,1.0625793933868408,0.0001885279295189927
DQN,35,mid,1117,2117,0.042293019294738776,3.0,3.0,1.0226590633392334,0.0002611498396921282
DQN,35,mid,1118,2118,0.09966452598571779,2.0,2.0,0.9517728090286255,0.0002023659399128519
DQN,35,mid,1119,2119,0.09000000000000001,1.0,1.0,0.3409821093082428,0.0001280181750189513
DQN,35,mid,1120,2120,0.09000000000000001,1.0,1.0,0.27682358026504517,0.00018640740017872304
DQN,35,mid,1121,2121,0.09660865545272829,2.0,2.0,0.6494311690330505,0.00023195353423943743
DQN,35,mid,1122,2122,0.1770510768890381,4.0,3.0,1.0685454607009888,0.00030524681642418727
DQN,35,mid,1123,2123,0.11720176219940187,2.0,2.0,0.8594809770584106,0.00017535761435283348
DQN,35,mid,1124,2124,0.0742135810852051,2.0,2.0,0.23664513230323792,0.0005542454891838133
DQN,35,mid,1125,2125,0.09000000000000001,1.0,1.0,0.8734433054924011,0.0008219540468417108
DQN,35,mid,1126,2126,0.14392090559005738,3.0,3.0,0.5513212084770203,0.0002871202790023138
DQN,35,mid,1127,2127,0.1091596555709839,3.0,3.0,0.844854474067688,0.0002921166499921431
DQN,35,mid,1128,2128,0.16385318517684938,2.0,2.0,0.8431129455566406,0.000290228592348285
DQN,35,mid,1129,2129,0.06361687898635865,3.0,3.0,0.25838884711265564,0.0002267813882402455
DQN,35,mid,1130,2130,0.09000000000000001,1.0,1.0,0.25149914622306824,0.0002516572130843997
DQN,35,mid,1131,2131,0.13826728582382203,3.0,3.0,0.5783835649490356,0.00023567332148862383
DQN,35,mid,1132,2132,0.18968177556991578,3.0,3.0,0.6777640581130981,0.0002136375696863979
DQN,35,mid,1133,2133,0.14340221643447876,4.0,4.0,0.9688661694526672,0.0005364809476304799
DQN,35,mid,1134,2134,0.41256887435913087,3.0,3.0,0.6550253629684448,0.00022446564495718727
DQN,35,mid,1135,2135,0.09000000000000001,1.0,1.0,0.4069647490978241,0.00020467618014663458
DQN,35,mid,1136,2136,0.02748832285404207,2.0,2.0,0.26145967841148376,0.0007370520906988531
DQN,35,mid,1137,2137,-0.569982933998108,10.0,2.0,1.1100382804870605,0.0007155600251280703
DQN,35,mid,1138,2138,0.17944715142250062,3.0,3.0,0.21087360382080078,0.0006947923975531012
DQN,35,mid,1139,2139,-0.2641606211662293,10.0,2.0,0.8244944214820862,0.00035243893653387205
DQN,35,mid,1140,2140,0.35911514043807985,2.0,2.0,0.6131696701049805,0.0006210159190231934
DQN,35,mid,1141,2141,0.06060816526412965,2.0,2.0,0.41427549719810486,0.0002845177223207429
DQN,35,mid,1142,2142,0.09000000000000001,1.0,1.0,0.2893035113811493,0.0015354400966316462
DQN,35,mid,1143,2143,0.09510447263717653,2.0,2.0,0.5155770182609558,0.00038183783181011677
DQN,35,mid,1144,2144,0.17297197103500367,3.0,3.0,0.797031581401825,0.00039130473548235994
DQN,35,mid,1145,2145,-0.002285003662109361,5.0,4.0,0.5712702870368958,0.00024709103163331745
DQN,35,mid,1146,2146,0.09000000000000001,1.0,1.0,0.17408020794391632,0.00023739712196402252
DQN,35,mid,1147,2147,0.15823151350021364,2.0,2.0,0.5421967506408691,0.0003069756203331053
DQN,35,mid,1148,2148,-0.028180165290832504,2.0,2.0,0.8582601547241211,0.0004146769060753286
DQN,35,mid,1149,2149,-0.11932245731353759,9.0,3.0,0.8641451597213745,0.0002875237211507435
DQN,35,mid,1150,2150,0.003700352907180793,3.0,3.0,0.5090417265892029,0.0003654023069733133
DQN,35,mid,1151,2151,-0.3572824716567993,10.0,4.0,0.8551979064941406,0.0002602339336590376
DQN,35,mid,1152,2152,-0.0017309415340423379,3.0,3.0,0.5011693239212036,0.0001706496550468728
DQN,35,mid,1153,2153,-0.5186577916145325,10.0,2.0,0.8184725046157837,0.00045295491290744396
DQN,35,mid,1154,2154,-0.1492879319190979,3.0,3.0,0.858664870262146,0.0001932388210358719
DQN,35,mid,1155,2155,0.0652840304374695,2.0,2.0,0.5570991635322571,0.00027969224902335554
DQN,35,mid,1156,2156,0.19286017298698427,2.0,2.0,0.4615059792995453,0.0002603468528832309
DQN,35,mid,1157,2157,0.011762725114822403,2.0,2.0,0.5430199503898621,0.00031060448236530647
DQN,35,mid,1158,2158,0.17472428798675538,3.0,3.0,0.7257369160652161,0.00033948921676104266
DQN,35,mid,1159,2159,0.21622575998306276,2.0,2.0,0.777305006980896,0.0003108099044766277
DQN,35,mid,1160,2160,0.09000000000000001,1.0,1.0,0.19646325707435608,0.00016691390192136168
DQN,35,mid,1161,2161,0.2536070418357849,3.0,3.0,0.8647717833518982,0.0003074726361470918
DQN,35,mid,1162,2162,0.09000000000000001,1.0,1.0,0.5189827680587769,0.0005140348221175373
DQN,35,mid,1163,2163,0.09000000000000001,1.0,1.0,0.246572345495224,0.000369210698409006
DQN,35,mid,1164,2164,0.09000000000000001,1.0,1.0,0.49979203939437866,0.00017055105126928538
DQN,35,mid,1165,2165,-0.3992206931114197,10.0,2.0,0.5728078484535217,0.0003004985919687897
DQN,35,mid,1166,2166,0.3872283172607422,3.0,3.0,0.609928548336029,0.0003493669598052899
DQN,35,mid,1167,2167,0.05537583112716676,2.0,2.0,0.3386728763580322,0.0015840971318539232
DQN,35,mid,1168,2168,0.17016692638397218,2.0,2.0,0.5349732637405396,0.0003964786301366985
DQN,35,mid,1169,2169,0.34259331941604615,3.0,3.0,0.7532332539558411,0.0003095222734070073
DQN,35,mid,1170,2170,0.1231486916542053,5.0,3.0,0.6304107904434204,0.0003438731597270817
DQN,35,mid,1171,2171,0.09119839429855348,4.0,3.0,0.7517980337142944,0.00027294089522911236
DQN,35,mid,1172,2172,0.09000000000000001,1.0,1.0,0.5198084115982056,0.0003290157183073461
DQN,35,mid,1173,2173,0.3111726713180542,3.0,3.0,1.0534892082214355,0.0002784590615192428
DQN,35,mid,1174,2174,-0.030104680061340316,2.0,2.0,0.30887332558631897,0.0003429479111218825
DQN,35,mid,1175,2175,0.30513151168823244,2.0,2.0,0.9185038805007935,0.0004941632942063734
DQN,35,mid,1176,2176,0.213589506149292,2.0,2.0,0.5880367159843445,0.0003749746101675555
DQN,35,mid,1177,2177,0.1423310112953186,3.0,3.0,0.8692473769187927,0.0002803604875225574
DQN,35,mid,1178,2178,0.09000000000000001,1.0,1.0,0.20744764804840088,0.0004926390247419477
DQN,35,mid,1179,2179,0.028203086853027352,2.0,2.0,0.4220661520957947,0.00023001972294878215
DQN,35,mid,1180,2180,0.14210315227508546,2.0,2.0,0.455364465713501,0.00028807661874452606
DQN,35,mid,1181,2181,0.1118706238269806,3.0,3.0,0.3849760890007019,0.00025176584313157946
DQN,35,mid,1182,2182,0.11341805934906007,2.0,2.0,0.2169194221496582,0.00017487093282397836
DQN,35,mid,1183,2183,0.37875630140304567,2.0,2.0,0.8671124577522278,0.00024332587054232135
DQN,35,mid,1184,2184,0.08665598392486573,4.0,3.0,0.7846651077270508,0.0002623581822263077
DQN,35,mid,1185,2185,-0.4638367176055908,10.0,2.0,1.0740309953689575,0.00041893166780937463
DQN,35,mid,1186,2186,-0.3471819996833801,10.0,2.0,0.7366008162498474,0.0003624485805630684
DQN,35,mid,1187,2187,-0.6028462529182435,10.0,2.0,0.679115891456604,0.0002723205921938643
DQN,35,mid,1188,2188,0.1506834101676941,3.0,3.0,0.8059520721435547,0.0002761832195877408
DQN,35,mid,1189,2189,-0.23011958837509155,4.0,4.0,0.8769978284835815,0.0003280474084021989
DQN,35,mid,1190,2190,0.25160362005233766,2.0,2.0,0.6593151092529297,0.00024101921735564247
DQN,35,mid,1191,2191,0.09000000000000001,1.0,1.0,0.16381537914276123,0.00017962325364351273
DQN,35,mid,1192,2192,0.09000000000000001,1.0,1.0,0.6317856907844543,9.818402759265155e-05
DQN,35,mid,1193,2193,0.15869902253150941,2.0,2.0,0.4591929018497467,0.0003081730683334172
DQN,35,mid,1194,2194,0.2504533100128174,2.0,2.0,0.5764323472976685,0.00023902430257294327
DQN,35,mid,1195,2195,-0.4840266585350037,10.0,2.0,0.8655587434768677,0.0002789986421703361
DQN,35,mid,1196,2196,0.09451107859611513,2.0,2.0,0.3048560321331024,0.0010628777527017519
DQN,35,mid,1197,2197,0.12248732566833498,3.0,2.0,1.0452064275741577,0.00017379247098385045
DQN,35,mid,1198,2198,0.09000000000000001,1.0,1.0,0.5932325720787048,0.00016893348947633058
DQN,35,mid,1199,2199,0.09000000000000001,1.0,1.0,0.2351084202528,0.0002491170016583055
DQN,35,mid,1200,2200,0.09000000000000001,1.0,1.0,0.22630642354488373,0.0002795738400891423
DQN,35,mid,1201,2201,0.3858779239654541,2.0,2.0,0.7664567232131958,0.00018100778834195808
DQN,35,mid,1202,2202,0.09000000000000001,1.0,1.0,0.192015141248703,0.00016866852820385247
DQN,35,mid,1203,2203,0.09000000000000001,1.0,1.0,0.0841340497136116,0.00029317697044461966
DQN,35,mid,1204,2204,0.18352849006652833,3.0,3.0,0.7843040823936462,0.00020184999448247254
DQN,35,mid,1205,2205,0.3812807273864746,3.0,3.0,0.6174018979072571,0.0002119869701952363
DQN,35,mid,1206,2206,0.09000000000000001,1.0,1.0,0.314418762922287,0.0002578071434982121
DQN,35,mid,1207,2207,-0.3090749096870422,7.0,2.0,0.7180055975914001,0.00025631699619615186
DQN,35,mid,1208,2208,0.09000000000000001,1.0,1.0,0.2727915346622467,0.00023878528736531734
DQN,35,mid,1209,2209,0.09000000000000001,1.0,1.0,0.16884136199951172,0.0005613372195512056
DQN,35,mid,1210,2210,0.09000000000000001,1.0,1.0,0.3384239077568054,0.00016216610674746335
DQN,35,mid,1211,2211,0.024185962677001974,3.0,3.0,0.6452074646949768,0.00036000895003477734
DQN,35,mid,1212,2212,0.27639414548873903,2.0,2.0,0.9149268269538879,0.0004023776054964401
DQN,35,mid,1213,2213,0.15767489552497865,2.0,2.0,0.3552863299846649,0.0003009666397701949
DQN,35,mid,1214,2214,0.09000000000000001,1.0,1.0,0.11941087990999222,0.00014438894868362695
DQN,35,mid,1215,2215,0.04263486146926881,2.0,2.0,0.8160704374313354,0.00029590827762149274
DQN,35,mid,1216,2216,0.1454876732826233,3.0,3.0,0.7763209939002991,0.00036901054651631665
DQN,35,mid,1217,2217,0.06458850383758546,2.0,2.0,0.42412668466567993,0.0003573000431060791
DQN,35,mid,1218,2218,0.12802799224853517,2.0,2.0,0.9660311937332153,0.00022554733004653826
DQN,35,mid,1219,2219,0.22261317253112795,2.0,2.0,0.6442909836769104,0.0003406599716981873
DQN,35,mid,1220,2220,0.11841352462768556,2.0,2.0,0.8632062077522278,0.00038465403486043215
DQN,35,mid,1221,2221,0.053431140184402474,2.0,2.0,0.280378520488739,0.0002628125803312287
DQN,35,mid,1222,2222,0.30647016286849976,3.0,3.0,0.5986190438270569,0.00023351886193268
DQN,35,mid,1223,2223,0.13078628659248354,2.0,2.0,0.4379822909832001,0.0003433636302361265
DQN,35,mid,1224,2224,0.16411774158477782,10.0,4.0,0.9333254098892212,0.00023271045065484942
DQN,35,mid,1225,2225,0.09000000000000001,1.0,1.0,0.22610974311828613,0.00012382343993522227
DQN,35,mid,1226,2226,0.2036362361907959,3.0,3.0,0.7300660014152527,0.00019599631680951765
DQN,35,mid,1227,2227,0.11614920377731325,2.0,2.0,0.5445047616958618,0.0004799322923645377
DQN,35,mid,1228,2228,0.11824609518051149,2.0,2.0,0.7124019861221313,0.00025491405540378764
DQN,35,mid,1229,2229,0.09000000000000001,1.0,1.0,0.26771092414855957,0.00036509294295683503
DQN,35,mid,1230,2230,0.09000000000000001,1.0,1.0,0.93329918384552,0.000157228292664513
DQN,35,mid,1231,2231,0.09000000000000001,1.0,1.0,0.5169554948806763,0.0002975050883833319
DQN,35,mid,1232,2232,0.14901931762695314,2.0,2.0,0.6674227118492126,0.00031987692636903375
DQN,35,mid,1233,2233,0.09000000000000001,1.0,1.0,0.14690613746643066,0.00021611753618344665
DQN,35,mid,1234,2234,0.24020034790039063,3.0,3.0,0.7819927930831909,0.00020213523627414057
DQN,35,mid,1235,2235,0.09000000000000001,1.0,1.0,0.13402387499809265,0.0005507439491339028
DQN,35,mid,1236,2236,0.24137838363647462,2.0,2.0,0.6729269623756409,0.00026269135560141876
DQN,35,mid,1237,2237,0.018172578811645523,2.0,2.0,0.8661454319953918,0.0003140887783956714
DQN,35,mid,1238,2238,0.2206911611557007,2.0,2.0,0.7552374005317688,0.0006389036716427654
DQN,35,mid,1239,2239,0.25906283378601075,3.0,3.0,0.3884150981903076,0.00028941587758405757
DQN,35,mid,1240,2240,0.09000000000000001,1.0,1.0,0.10228721052408218,0.0110536590218544
DQN,35,mid,1241,2241,0.09000000000000001,1.0,1.0,0.1416243463754654,0.00020608784689102322
DQN,35,mid,1242,2242,0.0616303700208664,2.0,2.0,0.2166331708431244,0.0002731459535425529
DQN,35,mid,1243,2243,0.09000000000000001,1.0,1.0,0.5143581628799438,0.000413270405260846
DQN,35,mid,1244,2244,0.3454452919960022,2.0,2.0,0.5245092511177063,0.0002914505748776719
DQN,35,mid,1245,2245,-0.024646496772766105,5.0,2.0,1.0953891277313232,0.0006290323275607079
DQN,35,mid,1246,2246,0.06528182506561281,2.0,2.0,0.369249165058136,0.0004342946340329945
DQN,35,mid,1247,2247,0.09000000000000001,1.0,1.0,0.2833252251148224,0.0005388635909184813
DQN,35,mid,1248,2248,0.34860891819000245,3.0,3.0,1.0728079080581665,0.001066333429965501
DQN,35,mid,1249,2249,0.17230679273605348,2.0,2.0,0.6434721350669861,0.0003446363771217875
DQN,35,mid,1250,2250,0.09000000000000001,1.0,1.0,0.5561352968215942,0.0003243534010834992
DQN,35,mid,1251,2251,0.20879651784896852,2.0,2.0,0.43503832817077637,0.00033188084489665926
DQN,35,mid,1252,2252,0.09000000000000001,1.0,1.0,0.19423112273216248,0.00020217655401211232
DQN,35,mid,1253,2253,-0.06381159782409669,6.0,4.0,0.4902995526790619,0.0009393499349243939
DQN,35,mid,1254,2254,-0.5429378628730774,10.0,2.0,0.8915866017341614,0.00039618047303520144
DQN,35,mid,1255,2255,0.09000000000000001,1.0,1.0,0.20024824142456055,0.0006760862888768315
DQN,35,mid,1256,2256,0.09000000000000001,1.0,1.0,0.16628806293010712,0.0005154769751243293
DQN,35,mid,1257,2257,0.002299609184265139,6.0,4.0,1.0588029623031616,0.0020406905435568965
DQN,35,mid,1258,2258,0.09000000000000001,1.0,1.0,0.22446905076503754,0.000534244638402015
DQN,35,mid,1259,2259,0.1664830017089844,2.0,2.0,0.7995238304138184,0.00044162056292407215
DQN,35,mid,1260,2260,-0.3524471521377564,10.0,3.0,1.015513300895691,0.0010012612881837412
DQN,35,mid,1261,2261,0.17260021686553956,3.0,3.0,0.6938575506210327,0.000729378186709558
DQN,35,mid,1262,2262,0.004042165279388443,2.0,2.0,0.24082840979099274,0.0009552581759635359
DQN,35,mid,1263,2263,0.10524164319038393,2.0,2.0,0.1357293576002121,0.00028793179080821574
DQN,35,mid,1264,2264,0.09000000000000001,1.0,1.0,0.1865733563899994,0.00034111071727238595
DQN,35,mid,1265,2265,0.25524272203445436,2.0,2.0,0.6461120843887329,0.00038335545104928315
DQN,35,mid,1266,2266,0.09680636405944826,2.0,2.0,0.6712117791175842,0.00035314177512191236
DQN,35,mid,1267,2267,0.2900787663459778,3.0,3.0,0.7640779614448547,0.000292052369331941
DQN,35,mid,1268,2268,0.031202025413513197,3.0,3.0,0.7138039469718933,0.0002522765814016263
DQN,35,mid,1269,2269,-0.10801380157470701,3.0,3.0,1.2624685764312744,0.0002984166785608977
DQN,35,mid,1270,2270,0.10611093223094942,2.0,2.0,0.2391839474439621,0.0003432814555708319
DQN,35,mid,1271,2271,0.3392682147026062,3.0,3.0,0.8281154036521912,0.0006999282826048633
DQN,35,mid,1272,2272,0.09000000000000001,1.0,1.0,0.22429056465625763,0.00031532952561974525
DQN,35,mid,1273,2273,0.09000000000000001,1.0,1.0,0.11264816671609879,0.00020905981364194304
DQN,35,mid,1274,2274,0.09000000000000001,1.0,1.0,0.5703108906745911,0.0004099815269000828
DQN,35,mid,1275,2275,0.08882601261138917,5.0,3.0,0.6724275946617126,0.00027375371719244866
DQN,35,mid,1276,2276,0.09000000000000001,1.0,1.0,1.2538765668869019,0.0005563403246924281
DQN,35,mid,1277,2277,0.1705999541282654,2.0,2.0,0.7445241808891296,0.00026298878947272897
DQN,35,mid,1278,2278,0.1228030800819397,5.0,5.0,0.980489194393158,0.00030310871079564095
DQN,35,mid,1279,2279,0.09000000000000001,1.0,1.0,0.13232187926769257,0.00019449411774985492
DQN,35,mid,1280,2280,0.15442897558212282,2.0,2.0,0.7461328506469727,0.0003027719212695956
DQN,35,mid,1281,2281,0.09000000000000001,1.0,1.0,0.17136737704277039,0.00019636869546957314
DQN,35,mid,1282,2282,0.09000000000000001,1.0,1.0,0.4039015471935272,0.00029166456079110503
DQN,35,mid,1283,2283,0.09000000000000001,1.0,1.0,0.1381538063287735,0.0003285595157649368
DQN,35,mid,1284,2284,0.22616815328598022,4.0,4.0,0.6963397860527039,0.0004188383391010575
DQN,35,mid,1285,2285,0.09000000000000001,1.0,1.0,0.4743499755859375,0.00016230452456511557
DQN,35,mid,1286,2286,0.09000000000000001,1.0,1.0,0.4899209439754486,0.00022811746748629957
DQN,35,mid,1287,2287,0.18591410636901856,3.0,3.0,0.9506834745407104,0.0002099643000595582
DQN,35,mid,1288,2288,-0.0633733034133911,5.0,2.0,0.7562687993049622,0.001063000876456499
DQN,35,mid,1289,2289,0.13188757181167604,2.0,2.0,0.7750187516212463,0.000495397653139662
DQN,35,mid,1290,2290,0.16516120910644533,2.0,2.0,0.9614855051040649,0.00018341067334404215
DQN,35,mid,1291,2291,0.23391074657440186,3.0,3.0,0.5862099528312683,0.00023860062356106937
DQN,35,mid,1292,2292,0.14651501893997193,3.0,3.0,0.9779826998710632,0.0004328529369862129
DQN,35,mid,1293,2293,0.1946466135978699,2.0,2.0,0.6147164702415466,0.0001539142249384895
DQN,35,mid,1294,2294,-0.13797990798950194,7.0,3.0,0.8372868299484253,0.0003728714966980208
DQN,35,mid,1295,2295,0.09000000000000001,1.0,1.0,0.3209596276283264,0.00035733930417336524
DQN,35,mid,1296,2296,0.07485053658485413,3.0,3.0,0.42641958594322205,0.00028747385173725587
DQN,35,mid,1297,2297,0.13370312929153444,2.0,2.0,0.857215404510498,0.0012770183238899335
DQN,35,mid,1298,2298,0.3021132516860962,2.0,2.0,0.6883665919303894,0.00022583099053008482
DQN,35,mid,1299,2299,0.23569937229156496,2.0,2.0,1.0694568157196045,0.0002798653586069122
DQN,35,mid,1300,2300,0.05424638271331788,2.0,2.0,1.1419658660888672,0.000194609267055057
DQN,35,mid,1301,2301,0.07145281314849855,2.0,2.0,0.5712104439735413,0.0020715548453154042
DQN,35,mid,1302,2302,0.025672857761383075,7.0,4.0,0.8112088441848755,0.00038455524606563685
DQN,35,mid,1303,2303,0.09000000000000001,1.0,1.0,0.114349864423275,0.0004210739571135491
DQN,35,mid,1304,2304,0.3243031668663025,2.0,2.0,0.7221789956092834,0.0002937633471447043
DQN,35,mid,1305,2305,0.1903985905647278,2.0,2.0,0.4713347554206848,0.0003721440298249945
DQN,35,mid,1306,2306,0.11219449520111086,2.0,2.0,0.8056653141975403,0.000540585198905319
DQN,35,mid,1307,2307,0.09000000000000001,1.0,1.0,0.7148009538650513,0.0002110503555741161
DQN,35,mid,1308,2308,0.09000000000000001,1.0,1.0,0.8180278539657593,0.00028057166491635144
DQN,35,mid,1309,2309,0.10647364139556886,2.0,2.0,0.7087281346321106,0.00028576143085956573
DQN,35,mid,1310,2310,0.09000000000000001,1.0,1.0,0.15042757987976074,0.00012952290126122534
DQN,35,mid,1311,2311,-0.007339580059051498,2.0,2.0,0.9076108932495117,0.00021172156993998215
DQN,35,mid,1312,2312,0.1632648277282715,2.0,2.0,0.9095224142074585,0.00042476406088098884
DQN,35,mid,1313,2313,0.23114212036132814,2.0,2.0,1.0034066438674927,0.0003629191778600216
DQN,35,mid,1314,2314,0.2497756552696228,3.0,3.0,0.6477680206298828,0.0007140072799908618
DQN,35,mid,1315,2315,0.0359009075164795,2.0,2.0,0.5325333476066589,0.00025597657077014446
DQN,35,mid,1316,2316,0.09000000000000001,1.0,1.0,0.5703938603401184,0.0004774952249135822
DQN,35,mid,1317,2317,0.09000000000000001,1.0,1.0,0.47120800614356995,0.00034369464265182614
DQN,35,mid,1318,2318,0.08754415988922121,2.0,2.0,0.8159355521202087,0.00041897728806361556
DQN,35,mid,1319,2319,0.09000000000000001,1.0,1.0,0.48717567324638367,0.00035067819408141077
DQN,35,mid,1320,2320,-0.1434868097305298,10.0,4.0,0.9455479383468628,0.00034724400320556014
DQN,35,mid,1321,2321,-0.0033967995643615773,4.0,3.0,0.9220433831214905,0.00044552484177984297
DQN,35,mid,1322,2322,0.09000000000000001,1.0,1.0,0.29132989048957825,0.000254698155913502
DQN,35,mid,1323,2323,-0.004576413035392746,2.0,2.0,0.24634501338005066,0.0007322698947973549
DQN,35,mid,1324,2324,0.09258862018585207,2.0,2.0,0.39540761709213257,0.0003434836326050572
DQN,35,mid,1325,2325,0.10393338084220888,2.0,2.0,0.18021245300769806,0.00032757905137259513
DQN,35,mid,1326,2326,0.09000000000000001,1.0,1.0,0.28533080220222473,0.00046628224663436413
DQN,35,mid,1327,2327,0.15668796181678774,2.0,2.0,0.45533737540245056,0.0005014906346332282
DQN,35,mid,1328,2328,0.05087520599365235,3.0,2.0,0.6362997889518738,0.000431578082498163
DQN,35,mid,1329,2329,0.09000000000000001,1.0,1.0,0.45754435658454895,0.00014517910312861204
DQN,35,mid,1330,2330,0.24572253942489625,3.0,3.0,0.83302241563797,0.00036492432506444555
DQN,35,mid,1331,2331,-0.013115091323852524,2.0,2.0,0.7022690176963806,0.0002923417050624266
DQN,35,mid,1332,2332,0.1681498456001282,2.0,2.0,0.5980702638626099,0.0004529630969045684
DQN,35,mid,1333,2333,-0.35540436506271367,10.0,2.0,0.941957414150238,0.0005418015571194701
DQN,35,mid,1334,2334,0.20211584091186524,3.0,3.0,0.8781067132949829,0.0004322014768452694
DQN,35,mid,1335,2335,0.18962884664535523,3.0,3.0,0.8082383871078491,0.00037580135782870155
DQN,35,mid,1336,2336,0.19251503229141237,2.0,2.0,0.6081293821334839,0.00042709264380391687
DQN,35,mid,1337,2337,0.23281507372856142,2.0,2.0,0.38361307978630066,0.00027816661167889833
DQN,35,mid,1338,2338,-0.39326977729797363,10.0,3.0,1.0188982486724854,0.002122096598031931
DQN,35,mid,1339,2339,0.12842060804367067,2.0,2.0,0.7350265383720398,0.0007987891149241477
DQN,35,mid,1340,2340,-0.5496941208839418,10.0,3.0,0.15757976472377777,0.0014949492848245426
DQN,35,mid,1341,2341,0.09000000000000001,1.0,1.0,0.251056432723999,0.004698134493082762
DQN,35,mid,1342,2342,-0.22407391071319582,10.0,5.0,0.7875943183898926,0.0006331645679892972
DQN,35,mid,1343,2343,0.12366350173950197,2.0,2.0,0.5832132697105408,0.0005271395930321887
DQN,35,mid,1344,2344,0.24543889045715334,2.0,2.0,1.0369536876678467,0.0004632517957361415
DQN,35,mid,1345,2345,0.12405396223068238,3.0,3.0,0.6305052638053894,0.0006821598411382487
DQN,35,mid,1346,2346,0.09000000000000001,1.0,1.0,0.6501811146736145,0.0006047250353731215
DQN,35,mid,1347,2347,0.32182844161987306,7.0,3.0,0.9810433387756348,0.0005057401389681868
DQN,35,mid,1348,2348,0.031636190414428715,5.0,3.0,1.1906026601791382,0.0004415228846482933
DQN,35,mid,1349,2349,0.09000000000000001,1.0,1.0,0.4899906516075134,0.0004889386473223567
DQN,35,mid,1350,2350,0.02461645722389222,3.0,3.0,0.4592689573764801,0.00038177289146309096
DQN,35,mid,1351,2351,-0.07996457159519195,4.0,2.0,0.2566784918308258,0.00041956963832490146
DQN,35,mid,1352,2352,0.10084960579872132,3.0,3.0,0.4704112112522125,0.0004308320446095119
DQN,35,mid,1353,2353,0.09000000000000001,1.0,1.0,0.2140951007604599,0.0002372537273913622
DQN,35,mid,1354,2354,0.17408776998519898,3.0,3.0,0.5506812930107117,0.0002651682880241424
DQN,35,mid,1355,2355,0.15264541625976563,3.0,3.0,0.7408975958824158,0.00023935008600043753
DQN,35,mid,1356,2356,0.10849876880645754,2.0,2.0,0.5415579676628113,0.00025142844242509454
DQN,35,mid,1357,2357,-0.05175806403160095,2.0,2.0,0.4641689360141754,0.000368770764907822
DQN,35,mid,1358,2358,0.003502773046493546,2.0,2.0,0.34972384572029114,0.000533453407115303
DQN,35,mid,1359,2359,0.09000000000000001,1.0,1.0,0.286074161529541,0.0003211637958884239
DQN,35,mid,1360,2360,0.15044619321823122,2.0,2.0,0.5816568732261658,0.00030927274201530963
DQN,35,mid,1361,2361,0.13564045906066896,2.0,2.0,0.35582444071769714,0.0004613022756529972
DQN,35,mid,1362,2362,0.09000000000000001,1.0,1.0,0.16696904599666595,0.0004618399834726006
DQN,35,mid,1363,2363,0.035528944730758676,2.0,2.0,0.48171141743659973,0.0003904775658156723
DQN,35,mid,1364,2364,-0.4839367151260376,10.0,2.0,0.7749929428100586,0.0003220835511456244
DQN,35,mid,1365,2365,0.173005530834198,4.0,3.0,0.8305145502090454,0.00029458692733896896
DQN,35,mid,1366,2366,0.16744519948959352,2.0,2.0,0.6693959832191467,0.00665655848570168
DQN,35,mid,1367,2367,0.27848992466926575,3.0,3.0,0.40905699133872986,0.0009477606023817012
DQN,35,mid,1368,2368,0.35414053678512575,2.0,2.0,0.6012105941772461,0.0021942331950413063
DQN,35,mid,1369,2369,0.10848896384239198,2.0,2.0,0.47645238041877747,0.0003406783362152055
DQN,35,mid,1370,2370,0.18777133703231813,2.0,2.0,0.6253718733787537,0.0004283288144506514
DQN,35,mid,1371,2371,0.09000000000000001,1.0,1.0,0.11259490996599197,0.0004278475244063884
DQN,35,mid,1372,2372,0.08808203220367433,2.0,2.0,0.7301797866821289,0.0004857451858697459
DQN,35,mid,1373,2373,0.03609769225120545,2.0,2.0,0.30288153886795044,0.0004153364716330543
DQN,35,mid,1374,2374,0.16912485837936403,2.0,2.0,0.6337494850158691,0.0002710557819227688
DQN,35,mid,1375,2375,0.09000000000000001,1.0,1.0,0.11363758146762848,0.00020548116299323738
DQN,35,mid,1376,2376,0.09000000000000001,1.0,1.0,0.7142292857170105,0.0009937523864209652
DQN,35,mid,1377,2377,-0.04652135848999024,3.0,3.0,0.8324345350265503,0.0005195958268207809
DQN,35,mid,1378,2378,0.3063361716270447,3.0,3.0,0.8509857058525085,0.0003104307009683301
DQN,35,mid,1379,2379,0.15694130182266236,3.0,3.0,0.6946274042129517,0.0003421422588871792
DQN,35,mid,1380,2380,0.09000000000000001,1.0,1.0,0.3595221936702728,0.0005093520740047097
DQN,35,mid,1381,2381,0.24731545329093935,2.0,2.0,0.34952273964881897,0.00034328595211263746
DQN,35,mid,1382,2382,-0.5150028347969056,10.0,2.0,0.37504154443740845,0.0020177049809717573
DQN,35,mid,1383,2383,-0.16780173063278198,3.0,3.0,0.867085337638855,0.0006417356101640811
DQN,35,mid,1384,2384,0.22774346351623537,2.0,2.0,0.5957773923873901,0.0003941185714211315
DQN,35,mid,1385,2385,0.03680646598339082,2.0,2.0,0.27404165267944336,0.0004314812977099791
DQN,35,mid,1386,2386,0.21117507100105287,2.0,2.0,0.39073047041893005,0.0004779683513334021
DQN,35,mid,1387,2387,0.055801944732666024,2.0,2.0,0.4679848849773407,0.00033532094676047564
DQN,35,mid,1388,2388,-0.36840943098068235,10.0,3.0,0.9177883863449097,0.0008427277280134149
DQN,35,mid,1389,2389,0.19514198780059816,2.0,2.0,0.8583660125732422,0.004405370113090612
DQN,35,mid,1390,2390,0.09000000000000001,1.0,1.0,0.4754768908023834,0.0002676065487321466
DQN,35,mid,1391,2391,-0.2077027058601379,6.0,5.0,0.4690013825893402,0.002952360126073472
DQN,35,mid,1392,2392,-0.019542424082756027,2.0,2.0,0.258987158536911,0.0006223345117177814
DQN,35,mid,1393,2393,0.1282326149940491,2.0,2.0,0.6719695329666138,0.0010002085473388433
DQN,35,mid,1394,2394,0.12368937015533449,2.0,2.0,0.514800488948822,0.0007387259975075722
DQN,35,mid,1395,2395,0.22862661600112916,3.0,3.0,0.5952187180519104,0.005831001656285177
DQN,35,mid,1396,2396,0.09000000000000001,1.0,1.0,0.796644389629364,0.0004361599567346275
DQN,35,mid,1397,2397,-0.058334858417511,7.0,2.0,0.7841976881027222,0.0007694252791614937
DQN,35,mid,1398,2398,0.05283075004816056,2.0,2.0,0.09740991145372391,0.00243577292712871
DQN,35,mid,1399,2399,0.14784099340438844,2.0,2.0,0.8124323487281799,0.0008163461461663246
DQN,35,mid,1400,2400,0.09000000000000001,1.0,1.0,0.45705127716064453,0.00041957906796596944
DQN,35,mid,1401,2401,0.3222081732749939,3.0,3.0,0.5758131742477417,0.0005626986385323107
DQN,35,mid,1402,2402,0.1065529775619507,3.0,2.0,0.3762158751487732,0.0005927632834451894
DQN,35,mid,1403,2403,0.1036669683456421,3.0,3.0,0.4973941445350647,0.00039977848064154387
DQN,35,mid,1404,2404,0.08927215814590456,2.0,2.0,0.40339526534080505,0.00045797284838045016
DQN,35,mid,1405,2405,0.09000000000000001,1.0,1.0,0.22674623131752014,0.000403106736484915
DQN,35,mid,1406,2406,0.08731420516967775,2.0,2.0,0.5146809220314026,0.00036361240199767053
DQN,35,mid,1407,2407,0.41919620513916017,2.0,2.0,1.1934670209884644,0.0003534070128807798
DQN,35,mid,1408,2408,0.1316738295555115,2.0,2.0,0.3312849998474121,0.0033780352896428667
DQN,35,mid,1409,2409,0.09000000000000001,1.0,1.0,0.20832116901874542,0.0026873350143432617
DQN,35,mid,1410,2410,0.032963116168975834,3.0,2.0,0.9503052830696106,0.00044234861464550096
DQN,35,mid,1411,2411,0.26481239676475526,2.0,2.0,0.4301578104496002,0.0005574356619035825
DQN,35,mid,1412,2412,-0.1870007312297821,6.0,5.0,0.5922570824623108,0.0015911677376910423
DQN,35,mid,1413,2413,0.19659697771072387,4.0,4.0,0.8200293779373169,0.00044676241668639705
DQN,35,mid,1414,2414,-0.05007768511772155,4.0,2.0,0.2353038489818573,0.0003227530396543443
DQN,35,mid,1415,2415,0.20636535406112672,3.0,3.0,0.881715714931488,0.0004305470987067868
DQN,35,mid,1416,2416,0.09000000000000001,1.0,1.0,0.19011817872524261,0.000899371225386858
DQN,35,mid,1417,2417,0.09000000000000001,1.0,1.0,0.4269199073314667,0.0015247657429426908
DQN,35,mid,1418,2418,0.09000000000000001,1.0,1.0,0.2392098754644394,0.0004491782165132463
DQN,35,mid,1419,2419,-0.08350991010665897,10.0,4.0,0.8247583508491516,0.0007115707325283438
DQN,35,mid,1420,2420,0.20491178512573244,2.0,2.0,0.20208492875099182,0.0004456232563825324
DQN,35,mid,1421,2421,0.09000000000000001,1.0,1.0,0.7056335806846619,0.0004300467553548515
DQN,35,mid,1422,2422,0.13234792828559877,2.0,2.0,0.40281105041503906,0.0012061048328178003
DQN,35,mid,1423,2423,0.13701778411865234,4.0,4.0,0.6853253245353699,0.00034551151111372747
DQN,35,mid,1424,2424,0.09000000000000001,1.0,1.0,0.750450074672699,0.0007561980746686459
DQN,35,mid,1425,2425,0.1326147484779358,2.0,2.0,0.9734107851982117,0.000703726225765422
DQN,35,mid,1426,2426,0.2324377965927124,3.0,3.0,0.6907667517662048,0.0056065502285491675
DQN,35,mid,1427,2427,-0.39487987279891973,7.0,4.0,0.7326518297195435,0.000855024326093761
DQN,35,mid,1428,2428,0.17361898422241212,5.0,3.0,0.5525132417678833,0.0005829749628901481
DQN,35,mid,1429,2429,0.09000000000000001,1.0,1.0,0.2243952602148056,0.0003193354932591319
DQN,35,mid,1430,2430,0.055487589836120614,2.0,2.0,0.6811533570289612,0.0010379772138549015
DQN,35,mid,1431,2431,0.09000000000000001,1.0,1.0,0.38769739866256714,0.0003047970531042665
DQN,35,mid,1432,2432,-0.5112895965576172,10.0,3.0,0.8795830011367798,0.0007972316408995539
DQN,35,mid,1433,2433,0.3933637607097626,2.0,2.0,0.42462220788002014,0.0006396148819476366
DQN,35,mid,1434,2434,0.11200912475585939,2.0,2.0,0.690805971622467,0.00033654828439466655
DQN,35,mid,1435,2435,0.027168171405792252,2.0,2.0,0.521377682685852,0.00040445975901093334
DQN,35,mid,1436,2436,0.26613713026046754,3.0,3.0,0.7593037486076355,0.0004631377911816041
DQN,35,mid,1437,2437,0.061898069381713876,2.0,2.0,0.6909343004226685,0.000633259565802291
DQN,35,mid,1438,2438,0.14985312700271608,2.0,2.0,0.7393635511398315,0.00027257671899860725
DQN,35,mid,1439,2439,0.09000000000000001,1.0,1.0,0.36109939217567444,0.0004172000626567751
DQN,35,mid,1440,2440,0.09000000000000001,1.0,1.0,0.6810479164123535,0.00047677679685875773
DQN,35,mid,1441,2441,-0.3634170770645142,10.0,2.0,0.6992092132568359,0.0005746335111325607
DQN,35,mid,1442,2442,0.09000000000000001,1.0,1.0,0.3654821217060089,0.00043795898091048
DQN,35,mid,1443,2443,0.02244354963302614,2.0,2.0,0.9415332078933716,0.0005114828672958538
DQN,35,mid,1444,2444,0.1352415156364441,3.0,3.0,0.7303943634033203,0.00024318137244942287
DQN,35,mid,1445,2445,0.17005317091941835,2.0,2.0,0.43573859333992004,0.0006079053273424506
DQN,35,mid,1446,2446,0.13478167533874513,2.0,2.0,0.5368548035621643,0.00042307921103201807
DQN,35,mid,1447,2447,0.09000000000000001,1.0,1.0,0.7668266892433167,0.0003281535755377263
DQN,35,mid,1448,2448,-0.14510036826133726,2.0,2.0,0.5924979448318481,0.0004506031982600689
DQN,35,mid,1449,2449,0.09000000000000001,1.0,1.0,0.41108593344688416,0.0003208894922863692
DQN,35,mid,1450,2450,0.1340461540222168,2.0,2.0,0.7966888546943665,0.00045796709309797734
DQN,35,mid,1451,2451,0.09000000000000001,1.0,1.0,0.10997043550014496,0.00027863975265063345
DQN,35,mid,1452,2452,0.13635964870452882,2.0,2.0,0.2735331952571869,0.00035070578451268375
DQN,35,mid,1453,2453,0.09000000000000001,1.0,1.0,0.5582243800163269,0.00021096703130751848
DQN,35,mid,1454,2454,0.09000000000000001,1.0,1.0,0.146577849984169,0.00048540596617385745
DQN,35,mid,1455,2455,0.11121185302734377,2.0,2.0,0.40252718329429626,0.0006117240554885939
DQN,35,mid,1456,2456,0.0061804223060608066,2.0,2.0,0.6317548751831055,0.00037213240284472704
DQN,35,mid,1457,2457,0.03738901972770692,4.0,3.0,0.38224005699157715,0.0004877647261309903
DQN,35,mid,1458,2458,0.10529657125473024,3.0,2.0,0.8460294604301453,0.000708369091929247
DQN,35,mid,1459,2459,0.09000000000000001,1.0,1.0,0.2537670433521271,0.012999377213418484
DQN,35,mid,1460,2460,0.09000000000000001,1.0,1.0,0.4025616943836212,0.00048752225120551884
DQN,35,mid,1461,2461,0.09643657684326173,2.0,2.0,0.5406484603881836,0.0008396066114073619
DQN,35,mid,1462,2462,0.3471218514442444,2.0,2.0,0.5424843430519104,0.0003671738086268306
DQN,35,mid,1463,2463,0.09000000000000001,1.0,1.0,0.28566721081733704,0.0036555281840264797
DQN,35,mid,1464,2464,0.10658122777938844,2.0,2.0,0.5949869751930237,0.0004236124368617311
DQN,35,mid,1465,2465,0.24704129219055176,3.0,3.0,1.0633336305618286,0.0014301208623995383
DQN,35,mid,1466,2466,0.24380247473716737,2.0,2.0,0.4933846890926361,0.00035901591763831675
DQN,35,mid,1467,2467,0.06256576061248781,2.0,2.0,0.42383235692977905,0.0010522373777348548
DQN,35,mid,1468,2468,0.19246614694595338,3.0,3.0,0.7542716264724731,0.0008203549756823728
DQN,35,mid,1469,2469,0.1387396824359894,3.0,3.0,0.4560951292514801,0.00036531783795605105
DQN,35,mid,1470,2470,0.09000000000000001,1.0,1.0,0.08959851413965225,0.0004310660879127681
DQN,35,mid,1471,2471,0.1594707441329956,3.0,3.0,0.6862024664878845,0.0009061951229038338
DQN,35,mid,1472,2472,0.09000000000000001,1.0,1.0,0.11963597685098648,0.00048087406321428716
DQN,35,mid,1473,2473,-0.26153972864151,7.0,2.0,0.3927226662635803,0.00039112372074409256
DQN,35,mid,1474,2474,0.09000000000000001,1.0,1.0,0.08625350147485733,0.0005582582671195269
DQN,35,mid,1475,2475,0.3049957323074341,2.0,2.0,0.7106197476387024,0.00036307101254351437
DQN,35,mid,1476,2476,0.19134216189384462,2.0,2.0,0.25855734944343567,0.00031899940222501755
DQN,35,mid,1477,2477,0.330805606842041,3.0,3.0,0.9595862627029419,0.0003610089091428866
DQN,35,mid,1478,2478,0.13351257324218752,2.0,2.0,0.5459153056144714,0.00019210770551580936
DQN,35,mid,1479,2479,0.15770907878875734,2.0,2.0,0.9251481294631958,0.0005059251707280055
DQN,35,mid,1480,2480,0.07636811017990114,2.0,2.0,0.703814685344696,0.000581968721235171
DQN,35,mid,1481,2481,0.0616957712173462,2.0,2.0,0.5798518061637878,0.0006064758053980768
DQN,35,mid,1482,2482,0.09000000000000001,1.0,1.0,0.08472646772861481,0.0004310175427235663
DQN,35,mid,1483,2483,0.08516885519027712,2.0,2.0,0.1701696217060089,0.00046412041410803795
DQN,35,mid,1484,2484,0.09000000000000001,1.0,1.0,0.11736087501049042,0.0003626760153565556
DQN,35,mid,1485,2485,0.13478093028068544,2.0,2.0,0.3773389756679535,0.00019802935275947675
DQN,35,mid,1486,2486,0.15057433366775513,3.0,3.0,0.7639209032058716,0.001173818881701057
DQN,35,mid,1487,2487,-0.02421694278717039,3.0,3.0,1.4169033765792847,0.00022830900464517376
DQN,35,mid,1488,2488,0.05605893015861512,2.0,2.0,0.17244665324687958,0.0002618604921735823
DQN,35,mid,1489,2489,0.09000000000000001,1.0,1.0,0.13934631645679474,0.014744165353477001
DQN,35,mid,1490,2490,0.09000000000000001,1.0,1.0,0.45665010809898376,0.0003415615065023303
DQN,35,mid,1491,2491,0.09000000000000001,1.0,1.0,0.41806766390800476,0.00019376608543097973
DQN,35,mid,1492,2492,0.15702349662780762,3.0,3.0,1.0034152269363403,0.0008399669701854388
DQN,35,mid,1493,2493,0.06765128850936891,2.0,2.0,0.5216327905654907,0.0004561745881801471
DQN,35,mid,1494,2494,-0.09922187805175782,3.0,3.0,0.7017598152160645,0.0003326026344439015
DQN,35,mid,1495,2495,0.09000000000000001,1.0,1.0,0.17429567873477936,0.0006538712186738849
DQN,35,mid,1496,2496,0.1515926241874695,5.0,3.0,0.6727110147476196,0.0005509678914677352
DQN,35,mid,1497,2497,0.08896339654922486,3.0,3.0,0.738315999507904,0.0006093254293470333
DQN,35,mid,1498,2498,0.09000000000000001,1.0,1.0,0.3238773047924042,0.0005271511618047953
DQN,35,mid,1499,2499,0.09000000000000001,1.0,1.0,0.4695473313331604,0.00036665156949311495
DQN,35,mid,1500,2500,0.012580113410949723,2.0,2.0,0.6753645539283752,0.0004475595778785646
DQN,35,mid,1501,2501,0.09000000000000001,1.0,1.0,0.1385893076658249,0.00026539480313658714
DQN,35,mid,1502,2502,0.17688860177993776,2.0,2.0,0.8247030973434448,0.0002862934779841453
DQN,35,mid,1503,2503,0.1110139060020447,2.0,2.0,0.6520442962646484,0.01084734225878492
DQN,35,mid,1504,2504,0.09000000000000001,1.0,1.0,0.09158641844987869,0.0009590619010850787
DQN,35,mid,1505,2505,0.17105157852172853,2.0,2.0,0.6311274766921997,0.000473002452054061
DQN,35,mid,1506,2506,0.1497154998779297,2.0,2.0,0.6836138963699341,0.0005149367498233914
DQN,35,mid,1507,2507,0.28993328094482423,2.0,2.0,0.49356359243392944,0.0004733020323328674
DQN,35,mid,1508,2508,0.09000000000000001,1.0,1.0,0.17587627470493317,0.00032105547143146396
DQN,35,mid,1509,2509,-0.5493249773979187,10.0,2.0,0.7405923008918762,0.0007425445946864784
DQN,35,mid,1510,2510,0.15368355989456178,2.0,2.0,0.9898996949195862,0.0005570134380832314
DQN,35,mid,1511,2511,0.11914185404777528,3.0,3.0,0.2580051124095917,0.0007833572550831983
DQN,35,mid,1512,2512,0.09000000000000001,1.0,1.0,0.19246384501457214,0.00020004982070531696
DQN,35,mid,1513,2513,0.09000000000000001,1.0,1.0,0.369960218667984,0.00039683110662736
DQN,35,mid,1514,2514,0.2301170301437378,3.0,3.0,0.7013995051383972,0.0010937444943313797
DQN,35,mid,1515,2515,0.09000000000000001,1.0,1.0,0.25848388671875,0.00037545309169217944
DQN,35,mid,1516,2516,0.17647500514984132,2.0,2.0,0.38511160016059875,0.0003524397034198046
DQN,35,mid,1517,2517,0.07310672283172609,2.0,2.0,0.31960734724998474,0.0002170060106436722
DQN,35,mid,1518,2518,0.10918803930282595,3.0,2.0,0.8271533250808716,0.0006582864055720469
DQN,35,mid,1519,2519,0.043474273681640634,2.0,2.0,0.7477367520332336,0.0020017189817735925
DQN,35,mid,1520,2520,0.09000000000000001,1.0,1.0,0.38827386498451233,0.0003260701196268201
DQN,35,mid,1521,2521,0.09000000000000001,1.0,1.0,0.21311545372009277,0.00044113644980825484
DQN,35,mid,1522,2522,0.09000000000000001,1.0,1.0,0.2521870732307434,0.00036128322244621813
DQN,35,mid,1523,2523,0.13378770828247072,2.0,2.0,1.0105068683624268,0.0006427031694329344
DQN,35,mid,1524,2524,0.09000000000000001,1.0,1.0,0.0828137919306755,0.000568986579310149
DQN,35,mid,1525,2525,0.21029181957244875,2.0,2.0,0.5134788155555725,0.00036389825982041657
DQN,35,mid,1526,2526,-0.02282928705215452,3.0,3.0,0.42237088084220886,0.00035180666115290177
DQN,35,mid,1527,2527,-0.6841538548469543,10.0,3.0,0.8066609501838684,0.00048682652559364217
DQN,35,mid,1528,2528,0.07933939456939698,4.0,3.0,0.45421600341796875,0.00036140286829322577
DQN,35,mid,1529,2529,0.09000000000000001,1.0,1.0,0.25593301653862,0.00024045351892709732
DQN,35,mid,1530,2530,0.14347888708114626,2.0,2.0,0.43197107315063477,0.00042263531940989196
DQN,35,mid,1531,2531,0.0663492250442505,2.0,2.0,0.6343980431556702,0.0003140625776723027
DQN,35,mid,1532,2532,0.36152774810791016,3.0,3.0,1.1856733560562134,0.00026493429322727025
DQN,35,mid,1533,2533,0.09000000000000001,1.0,1.0,0.38048914074897766,0.00019673131464514881
DQN,35,mid,1534,2534,0.07083985388278963,2.0,2.0,0.14368793368339539,0.00025247822486562654
DQN,35,mid,1535,2535,-0.034530143737792965,3.0,2.0,0.567628800868988,0.00022587070028142384
DQN,35,mid,1536,2536,0.33194196939468384,3.0,3.0,0.636578381061554,0.0006463082293824604
DQN,35,mid,1537,2537,-0.1463016903400421,6.0,2.0,0.27412161231040955,0.0002458856082133328
DQN,35,mid,1538,2538,0.13248460173606874,2.0,2.0,0.14821018278598785,0.0005137509142514318
DQN,35,mid,1539,2539,0.30166633605957033,2.0,2.0,0.7290906310081482,0.0013146842466085218
DQN,35,mid,1540,2540,0.09000000000000001,1.0,1.0,0.15055926144123077,0.0004844841023441404
DQN,35,mid,1541,2541,0.09000000000000001,1.0,1.0,0.22533337771892548,0.00032878437195904553
DQN,35,mid,1542,2542,0.15885515689849855,2.0,2.0,0.4293835163116455,0.00029971342883072793
DQN,35,mid,1543,2543,-0.001211626529693588,2.0,2.0,0.4950504004955292,0.00022170011652633548
DQN,35,mid,1544,2544,0.006758944988250748,2.0,2.0,0.3417564928531647,0.00030180582689354196
DQN,35,mid,1545,2545,0.12135525226593019,2.0,2.0,0.3393912613391876,0.0003708154836203903
DQN,35,mid,1546,2546,0.09000000000000001,1.0,1.0,0.31173595786094666,0.00016567876446060836
DQN,35,mid,1547,2547,0.18434269905090334,2.0,2.0,0.257086843252182,0.00028947594546480104
DQN,35,mid,1548,2548,0.09000000000000001,1.0,1.0,0.6972467303276062,0.0003172493597958237
DQN,35,mid,1549,2549,0.28593908429145815,2.0,2.0,0.4762503206729889,0.001686339295702055
DQN,35,mid,1550,2550,-0.020523978471755966,2.0,2.0,0.5938572287559509,0.0006545502837980166
DQN,35,mid,1551,2551,0.2369950580596924,2.0,2.0,0.7686169743537903,0.0004366915381979197
DQN,35,mid,1552,2552,-0.06237178325653077,3.0,3.0,0.7205915451049805,0.00026177967083640397
DQN,35,mid,1553,2553,0.22256351232528687,3.0,3.0,0.8001248240470886,0.00028203786253773916
DQN,35,mid,1554,2554,0.09000000000000001,1.0,1.0,0.15261058509349823,0.00022070757404435426
DQN,35,mid,1555,2555,0.17139745712280274,4.0,3.0,0.5631502866744995,0.0002893349483201746
DQN,35,mid,1556,2556,0.07100661277770998,2.0,2.0,0.07936198264360428,0.00022833439288660884
DQN,35,mid,1557,2557,0.09000000000000001,1.0,1.0,0.29637616872787476,0.0003262679383624345
DQN,35,mid,1558,2558,-0.2862700009346008,9.0,3.0,0.8520897626876831,0.0009210594160120107
DQN,35,mid,1559,2559,0.09000000000000001,1.0,1.0,0.4379819333553314,0.0003758715756703168
DQN,35,mid,1560,2560,0.09000000000000001,1.0,1.0,1.0009492635726929,0.0003189393028151244
DQN,35,mid,1561,2561,0.16597057104110718,3.0,3.0,0.8319352865219116,0.0003005166460449497
DQN,35,mid,1562,2562,0.07624723196029665,2.0,2.0,0.25613632798194885,0.00158580928837182
DQN,35,mid,1563,2563,0.09000000000000001,1.0,1.0,0.49692997336387634,0.0003514516865834594
DQN,35,mid,1564,2564,-0.27264142036437994,10.0,3.0,0.8556960821151733,0.00040024834161158653
DQN,35,mid,1565,2565,0.06550534248352052,2.0,2.0,0.2964686453342438,0.0004888216790277511
DQN,35,mid,1566,2566,0.17797524452209473,3.0,3.0,1.285226821899414,0.000613658882987996
DQN,35,mid,1567,2567,0.09000000000000001,1.0,1.0,0.6768131852149963,0.000572574557736516
DQN,35,mid,1568,2568,0.19319512128829958,2.0,2.0,0.7760795950889587,0.0003454419202171266
DQN,35,mid,1569,2569,0.19873870134353638,3.0,3.0,0.5649835467338562,0.0003499786447112759
DQN,35,mid,1570,2570,0.2682923150062561,3.0,3.0,0.9240909218788147,0.00042865944366591674
DQN,35,mid,1571,2571,-0.3848962187767029,10.0,3.0,0.9197743535041809,0.0004379688296467066
DQN,35,mid,1572,2572,0.09000000000000001,1.0,1.0,0.19362346827983856,0.0003133602731395513
DQN,35,mid,1573,2573,0.11923237323760988,2.0,2.0,0.5667949318885803,0.0003290137101430446
DQN,35,mid,1574,2574,0.15308125495910646,2.0,2.0,0.26972851157188416,0.00024024855520110577
DQN,35,mid,1575,2575,0.09314747333526613,2.0,2.0,0.6140519976615906,0.0003562698111636564
DQN,35,mid,1576,2576,0.09000000000000001,1.0,1.0,0.18735504150390625,0.0006721597164869308
DQN,35,mid,1577,2577,0.09000000000000001,1.0,1.0,0.4029906392097473,0.00044657656690105796
DQN,35,mid,1578,2578,0.2867997360229492,3.0,3.0,0.29587942361831665,0.0004901915672235191
DQN,35,mid,1579,2579,0.03970046758651734,3.0,2.0,0.4531846046447754,0.0003748324040013055
DQN,35,mid,1580,2580,0.14928685307502748,2.0,2.0,0.3220396339893341,0.0027912505611311644
DQN,35,mid,1581,2581,0.22157122373580934,2.0,2.0,0.6179410219192505,0.0002519889239920303
DQN,35,mid,1582,2582,0.1144919264316559,2.0,2.0,0.21565556526184082,0.0015441678406205028
DQN,35,mid,1583,2583,0.28074766874313356,2.0,2.0,0.6322892904281616,0.0004153695044806227
DQN,35,mid,1584,2584,-0.46440463066101073,10.0,2.0,1.0155998468399048,0.0030925101542379706
DQN,35,mid,1585,2585,0.021367678642272944,9.0,4.0,1.3950408697128296,0.00037123315915879275
DQN,35,mid,1586,2586,0.19557809829711914,5.0,4.0,1.374665379524231,0.0011411425191909074
DQN,35,mid,1587,2587,0.19476081609725954,2.0,2.0,0.5943549871444702,0.0009987288212869316
DQN,35,mid,1588,2588,0.09000000000000001,1.0,1.0,0.5400214791297913,0.0006028845091350377
DQN,35,mid,1589,2589,0.05664223611354829,2.0,2.0,0.2440541684627533,0.00040056333818938583
DQN,35,mid,1590,2590,0.09000000000000001,1.0,1.0,0.484178364276886,0.00036047937464900315
DQN,35,mid,1591,2591,0.15203066349029543,2.0,2.0,0.6932452917098999,0.00023084116401150823
DQN,35,mid,1592,2592,0.09000000000000001,1.0,1.0,0.7587604522705078,0.00023565445735584944
DQN,35,mid,1593,2593,0.21758158683776857,2.0,2.0,0.5011886358261108,0.0005512726493179798
DQN,35,mid,1594,2594,0.11588819503784181,2.0,2.0,1.0449625253677368,0.0004664567532017827
DQN,35,mid,1595,2595,0.09000000000000001,1.0,1.0,0.38504740595817566,0.00027786826831288636
DQN,35,mid,1596,2596,0.3178229796886444,2.0,2.0,0.40793082118034363,0.0003741709660971537
DQN,35,mid,1597,2597,-0.1184785270690918,4.0,3.0,0.40234312415122986,0.0002572439443611074
DQN,35,mid,1598,2598,0.1956530213356018,5.0,4.0,0.8447355628013611,0.004539001372177154
DQN,35,mid,1599,2599,-0.06115763664245606,3.0,3.0,0.7787600755691528,0.0003492278337944299
DQN,35,mid,1600,2600,0.06091316223144532,2.0,2.0,0.587921679019928,0.0005238722951617092
DQN,35,mid,1601,2601,0.2048859763145447,2.0,2.0,0.5086286067962646,0.000675772171234712
DQN,35,mid,1602,2602,0.10302896261215211,4.0,3.0,0.8161798119544983,0.0004665538581321016
DQN,35,mid,1603,2603,0.09000000000000001,1.0,1.0,0.613304078578949,0.000473405874799937
DQN,35,mid,1604,2604,-0.02389933943748472,3.0,3.0,0.5323222875595093,0.00031933223363012075
DQN,35,mid,1605,2605,0.23241997480392457,3.0,3.0,0.8850616812705994,0.0012763782675998907
DQN,35,mid,1606,2606,0.09000000000000001,1.0,1.0,0.5587954521179199,0.0005314740119501948
DQN,35,mid,1607,2607,0.25048208951950074,3.0,3.0,0.6291089057922363,0.0004355520650278777
DQN,35,mid,1608,2608,0.0007658246159553683,2.0,2.0,0.1749507039785385,0.0006867586198495701
DQN,35,mid,1609,2609,0.04885421872138978,2.0,2.0,0.37473440170288086,0.00035568251041695476
DQN,35,mid,1610,2610,0.0004902648925781405,2.0,2.0,0.253217488527298,0.0009121341863647103
DQN,35,mid,1611,2611,0.18684394836425783,2.0,2.0,0.6543458104133606,0.0005855006165802479
DQN,35,mid,1612,2612,0.09000000000000001,1.0,1.0,0.8088657259941101,0.00017395129543729126
DQN,35,mid,1613,2613,0.03044475793838502,2.0,2.0,0.8413052558898926,0.0003478590224403888
DQN,35,mid,1614,2614,0.10349495172500611,4.0,3.0,0.6690078973770142,0.0002486762332409853
DQN,35,mid,1615,2615,0.1530519199371338,3.0,3.0,0.7643513083457947,0.0021729961639114967
DQN,35,mid,1616,2616,0.09000000000000001,1.0,1.0,0.5676054358482361,0.00041196588426828384
DQN,35,mid,1617,2617,-0.019831635951995857,9.0,3.0,0.7115432024002075,0.0007697854841050381
DQN,35,mid,1618,2618,0.13051337718963624,3.0,3.0,0.5195180177688599,0.0007136446365620941
DQN,35,mid,1619,2619,0.09000000000000001,1.0,1.0,0.9823261499404907,0.0005826731212437153
DQN,35,mid,1620,2620,0.09000000000000001,1.0,1.0,0.27998095750808716,0.0006872928934171796
DQN,35,mid,1621,2621,0.37655062198638917,3.0,3.0,0.9715428352355957,0.0005271693274456387
DQN,35,mid,1622,2622,0.18984622478485108,3.0,3.0,0.9221744537353516,0.0017890528542920947
DQN,35,mid,1623,2623,0.17076762199401857,7.0,3.0,0.6265291571617126,0.0006487549149564334
DQN,35,mid,1624,2624,0.13665412545204164,2.0,2.0,0.40018120408058167,0.002178952912800014
DQN,35,mid,1625,2625,0.09000000000000001,1.0,1.0,0.3867623805999756,0.00039230281254276633
DQN,35,mid,1626,2626,0.09000000000000001,1.0,1.0,0.15574045479297638,0.00036415935028344393
DQN,35,mid,1627,2627,-0.018512239456176735,4.0,3.0,0.5696879029273987,0.0007163531117839739
DQN,35,mid,1628,2628,0.173707492351532,3.0,3.0,0.7285289168357849,0.00048775791462200385
DQN,35,mid,1629,2629,0.044730143547058114,2.0,2.0,0.2888350486755371,0.00048810024600243196
DQN,35,mid,1630,2630,0.10075576782226564,2.0,2.0,0.6163695454597473,0.0005916685768170282
DQN,35,mid,1631,2631,0.025963611602783224,3.0,3.0,0.45166847109794617,0.0010579671943560243
DQN,35,mid,1632,2632,0.18751900076866151,2.0,2.0,0.44878479838371277,0.0008041142718866467
DQN,35,mid,1633,2633,0.2724415731430054,3.0,3.0,0.9379421472549438,0.0006612950625518957
DQN,35,mid,1634,2634,0.3673089909553528,2.0,2.0,0.7480631470680237,0.0005618330033030361
DQN,35,mid,1635,2635,-0.5199316322803498,10.0,2.0,0.4462091326713562,0.0007572143746074289
DQN,35,mid,1636,2636,0.1090811061859131,2.0,2.0,0.6227949857711792,0.0004412298876559362
DQN,35,mid,1637,2637,0.020198193788528468,4.0,4.0,0.35483837127685547,0.0010904285591095686
DQN,35,mid,1638,2638,-0.4920033097267151,10.0,2.0,0.6995859742164612,0.00057943043357227
DQN,35,mid,1639,2639,0.09000000000000001,1.0,1.0,0.2275414913892746,0.0010325864423066378
DQN,35,mid,1640,2640,0.09000000000000001,1.0,1.0,0.37403208017349243,0.0006431295187212527
DQN,35,mid,1641,2641,0.19533044278621675,2.0,2.0,0.2235289365053177,0.001421493652742356
DQN,35,mid,1642,2642,0.09000000000000001,1.0,1.0,0.06388392299413681,0.0005546929314732552
DQN,35,mid,1643,2643,0.17331056475639345,2.0,2.0,0.4358859956264496,0.0007525505207013339
DQN,35,mid,1644,2644,0.17183310508728028,3.0,3.0,0.8906503915786743,0.0006076826830394566
DQN,35,mid,1645,2645,0.22461565017700197,2.0,2.0,0.7233002781867981,0.0004721802833955735
DQN,35,mid,1646,2646,0.11854465484619142,2.0,2.0,0.7000247836112976,0.0006817514513386413
DQN,35,mid,1647,2647,0.08784873962402345,2.0,2.0,0.6296401619911194,0.0005333647422958165
DQN,35,mid,1648,2648,0.09000000000000001,1.0,1.0,0.5931061506271362,0.00038755868445150554
DQN,35,mid,1649,2649,0.12683183670043946,3.0,3.0,0.7536872029304504,0.00032740444294176996
DQN,35,mid,1650,2650,0.09806055545806885,3.0,3.0,0.7759283185005188,0.0004495307318090151
DQN,35,mid,1651,2651,-0.32812392711639404,10.0,3.0,1.050723671913147,0.003063206942169927
DQN,35,mid,1652,2652,0.22453928709030152,3.0,3.0,0.6463877558708191,0.0004913763065511981
DQN,35,mid,1653,2653,0.15339775562286379,2.0,2.0,0.7712892889976501,0.0006461722368840128
DQN,35,mid,1654,2654,-0.22683495283126834,10.0,3.0,0.6723774075508118,0.0004659452068153769
DQN,35,mid,1655,2655,0.20200844287872316,2.0,2.0,0.6494545340538025,0.00046717628720216453
DQN,35,mid,1656,2656,0.09000000000000001,1.0,1.0,0.12772226333618164,0.0006652322481386364
DQN,35,mid,1657,2657,0.45720959424972535,3.0,3.0,0.39989328384399414,0.0005552040141386291
DQN,35,mid,1658,2658,0.14081586122512818,3.0,3.0,0.7108996510505676,0.0007693968946114182
DQN,35,mid,1659,2659,0.06161082744598389,4.0,3.0,0.813454270362854,0.00046921866305638105
DQN,35,mid,1660,2660,0.21088106155395508,3.0,3.0,0.6432930827140808,0.0006029522143459568
DQN,35,mid,1661,2661,0.09000000000000001,1.0,1.0,0.5979072451591492,0.00030516571132466197
DQN,35,mid,1662,2662,0.07094438552856447,2.0,2.0,0.3144417405128479,0.0016912555583985522
DQN,35,mid,1663,2663,-0.018506132364273065,3.0,3.0,0.3126892149448395,0.0005398402621115869
DQN,35,mid,1664,2664,0.03560219883918763,2.0,2.0,0.3099258244037628,0.0003229022695450112
DQN,35,mid,1665,2665,0.11307133913040163,2.0,2.0,0.7943561673164368,0.0006255861662793905
DQN,35,mid,1666,2666,-0.01885284304618834,2.0,2.0,0.5356794595718384,0.0006184754165587947
DQN,35,mid,1667,2667,-0.009053151607513424,3.0,2.0,0.7124691009521484,0.0004744771043381964
DQN,35,mid,1668,2668,0.20068337202072145,2.0,2.0,0.8797624707221985,0.0002995324393850751
DQN,35,mid,1669,2669,0.09000000000000001,1.0,1.0,0.7552462816238403,0.0007604669081047177
DQN,35,mid,1670,2670,0.09000000000000001,1.0,1.0,0.6637724041938782,0.0006652988377027214
DQN,35,mid,1671,2671,-0.0875303745269775,5.0,4.0,1.1721233129501343,0.00042180478340014815
DQN,35,mid,1672,2672,-0.5229017019271851,10.0,2.0,0.7644088864326477,0.0003367307406733744
DQN,35,mid,1673,2673,0.09000000000000001,1.0,1.0,0.5251727104187012,0.0002821471425704658
DQN,35,mid,1674,2674,0.28025556325912476,3.0,3.0,0.8367713093757629,0.0003869960006947319
DQN,35,mid,1675,2675,0.09000000000000001,1.0,1.0,0.3982801139354706,0.0002449700841680169
DQN,35,mid,1676,2676,0.09000000000000001,1.0,1.0,0.8915673494338989,0.00020694860722869635
DQN,35,mid,1677,2677,0.09000000000000001,1.0,1.0,0.1423117220401764,0.00046603131340816617
DQN,35,mid,1678,2678,0.23941929817199709,2.0,2.0,1.0590741634368896,0.00024799264065222815
DQN,35,mid,1679,2679,0.07030559301376343,3.0,3.0,0.7947238683700562,0.00252455305114078
DQN,35,mid,1680,2680,0.09035484671592714,2.0,2.0,0.3679782450199127,0.00038662765291519463
DQN,35,mid,1681,2681,0.3681795072555542,3.0,3.0,1.052581548690796,0.00042334175668656826
DQN,35,mid,1682,2682,0.19493641138076784,2.0,2.0,0.5843554735183716,0.0006299987144302577
DQN,35,mid,1683,2683,0.062264022827148456,4.0,4.0,0.43886497616767883,0.0004864464426646009
DQN,35,mid,1684,2684,0.09000000000000001,1.0,1.0,0.14149406552314758,0.0004927270347252488
DQN,35,mid,1685,2685,0.03207226514816285,3.0,2.0,0.36413827538490295,0.0013420351897366345
DQN,35,mid,1686,2686,0.11017055988311769,2.0,2.0,0.701510488986969,0.0005265175859676674
DQN,35,mid,1687,2687,0.09000000000000001,1.0,1.0,0.8215070366859436,0.0005129668861627579
DQN,35,mid,1688,2688,0.20829946517944337,3.0,3.0,0.6842146515846252,0.0004401867530153443
DQN,35,mid,1689,2689,0.04343132108449937,2.0,2.0,0.11955604702234268,0.0004730532527901232
DQN,35,mid,1690,2690,0.05871857881546022,7.0,3.0,0.7051318883895874,0.0006309191147530717
DQN,35,mid,1691,2691,0.13868333578109743,2.0,2.0,0.7837204933166504,0.0003927657817257568
DQN,35,mid,1692,2692,0.1936147975921631,2.0,2.0,0.5779193639755249,0.00044334601261653006
DQN,35,mid,1693,2693,-0.17157958984375,4.0,3.0,0.5729684829711914,0.0003074739761359524
DQN,35,mid,1694,2694,0.28031678676605226,2.0,2.0,0.797121524810791,0.0004910856805508956
DQN,35,mid,1695,2695,0.09000000000000001,1.0,1.0,0.5623296499252319,0.00039285229286178946
DQN,35,mid,1696,2696,0.09000000000000001,1.0,1.0,0.3580667972564697,0.01562650315463543
DQN,35,mid,1697,2697,0.12535806179046632,2.0,2.0,0.5341665148735046,0.00027773057809099555
DQN,35,mid,1698,2698,0.11691625595092775,2.0,2.0,1.2077305316925049,0.0005112406652187929
DQN,35,mid,1699,2699,0.19285113334655762,3.0,3.0,1.044205665588379,0.000546866077153633
DQN,35,mid,1700,2700,0.023078935146331803,2.0,2.0,1.007569670677185,0.0032606066088192165
DQN,35,mid,1701,2701,0.09000000000000001,1.0,1.0,0.21109774708747864,0.0005263464408926666
DQN,35,mid,1702,2702,-0.07488971233367918,3.0,3.0,0.9499222636222839,0.0004717535921372473
DQN,35,mid,1703,2703,0.32954020977020265,2.0,2.0,1.1990233659744263,0.0006558985187439248
DQN,35,mid,1704,2704,0.003530161380767838,2.0,2.0,0.5844888091087341,0.0006403411680366844
DQN,35,mid,1705,2705,0.05888442873954774,2.0,2.0,0.3434291481971741,0.006105741165811196
DQN,35,mid,1706,2706,-0.023983640670776366,7.0,3.0,0.5687834024429321,0.0014513315192224191
DQN,35,mid,1707,2707,0.09000000000000001,1.0,1.0,0.7075983881950378,0.0006191563443280756
DQN,35,mid,1708,2708,0.09000000000000001,1.0,1.0,0.16973695158958435,0.0037577683106064796
DQN,35,mid,1709,2709,0.1892561483383179,2.0,2.0,0.7036939859390259,0.00098761502886191
DQN,35,mid,1710,2710,0.13605594635009766,5.0,4.0,0.5515087842941284,0.0015552274999208748
DQN,35,mid,1711,2711,0.10302736043930055,2.0,2.0,0.7754377126693726,0.0007290316716535017
DQN,35,mid,1712,2712,0.029764609336853036,2.0,2.0,0.19196578860282898,0.0006412310758605599
DQN,35,mid,1713,2713,-0.4058580994606018,10.0,3.0,0.8513942956924438,0.0011495621729409322
DQN,35,mid,1714,2714,0.05998802363872529,2.0,2.0,0.17280694842338562,0.0005212473042774945
DQN,35,mid,1715,2715,0.042670326232910165,2.0,2.0,0.6935533285140991,0.00035422813380137086
DQN,35,mid,1716,2716,0.06942910671234132,3.0,3.0,1.030043363571167,0.0004344701301306486
DQN,35,mid,1717,2717,0.18132716417312622,5.0,4.0,0.733121395111084,0.000527859735302627
DQN,35,mid,1718,2718,0.0757408905029297,2.0,2.0,1.097586989402771,0.00030373646586667746
DQN,35,mid,1719,2719,0.09000000000000001,1.0,1.0,0.1890028566122055,0.008474334143102169
DQN,35,mid,1720,2720,0.1654572653770447,2.0,2.0,0.6699508428573608,0.0002446220605634153
DQN,35,mid,1721,2721,0.18683180391788484,2.0,2.0,0.24064357578754425,0.0006062880129320547
DQN,35,mid,1722,2722,0.32544864892959596,2.0,2.0,0.7648409008979797,0.0003540241887094453
DQN,35,mid,1723,2723,0.2448100519180298,3.0,3.0,0.5955833792686462,0.0004930897460629543
DQN,35,mid,1724,2724,-0.2985489195585251,6.0,4.0,0.38415321707725525,0.0004903546214336529
DQN,35,mid,1725,2725,0.09000000000000001,1.0,1.0,0.09830200672149658,0.00029405488749034703
DQN,35,mid,1726,2726,-0.24483089685440063,9.0,4.0,0.5571255087852478,0.0004085280929252298
DQN,35,mid,1727,2727,0.09898372173309328,2.0,2.0,1.074230432510376,0.0003318112940178253
DQN,35,mid,1728,2728,0.09000000000000001,1.0,1.0,0.3153746426105499,0.000488675432279706
DQN,35,mid,1729,2729,0.0006335544586181796,2.0,2.0,0.5585911870002747,0.0003933339467039332
DQN,35,mid,1730,2730,0.1856571900844574,2.0,2.0,0.48927000164985657,0.00030181479087332264
DQN,35,mid,1731,2731,0.09000000000000001,1.0,1.0,0.28240564465522766,0.00013326219050213695
DQN,35,mid,1732,2732,0.5273906660079956,3.0,3.0,0.828060507774353,0.00035031184476489824
DQN,35,mid,1733,2733,-0.3539562726020813,9.0,4.0,1.0848585367202759,0.0011592448960679274
DQN,35,mid,1734,2734,0.19083960533142091,2.0,2.0,0.5761715769767761,0.0004628938913810998
DQN,35,mid,1735,2735,0.23823745727539064,2.0,2.0,0.8089911341667175,0.0009283080289606005
DQN,35,mid,1736,2736,0.09000000000000001,1.0,1.0,0.5720211267471313,0.00043690972961485386
DQN,35,mid,1737,2737,0.09000000000000001,1.0,1.0,0.36336493492126465,0.00027780159143731
DQN,35,mid,1738,2738,0.09000000000000001,1.0,1.0,0.09975763410329819,0.00025813031243160367
DQN,35,mid,1739,2739,0.21008052110672,2.0,2.0,0.8111249208450317,0.00026646340847946703
DQN,35,mid,1740,2740,0.09000000000000001,1.0,1.0,0.059797484427690506,0.0006782796699553728
DQN,35,mid,1741,2741,0.2642157244682312,2.0,2.0,0.5971698760986328,0.0005561511061387137
DQN,35,mid,1742,2742,0.09000000000000001,1.0,1.0,0.31217917799949646,0.00026191843790002167
DQN,35,mid,1743,2743,0.24401593208312988,5.0,4.0,1.0155360698699951,0.0017236791318282485
DQN,35,mid,1744,2744,0.09000000000000001,1.0,1.0,0.41053643822669983,0.0005693926941603422
DQN,35,mid,1745,2745,0.09000000000000001,1.0,1.0,0.4519694149494171,0.0004128905129618943
DQN,35,mid,1746,2746,0.06341917991638185,2.0,2.0,0.5236507654190063,0.00037650657759513706
DQN,35,mid,1747,2747,0.030108855962753305,2.0,2.0,0.5005707144737244,0.0003231890586903319
DQN,35,mid,1748,2748,0.2135355341434479,2.0,2.0,0.4614926874637604,0.0005532794748432934
DQN,35,mid,1749,2749,0.06567295074462892,2.0,2.0,0.7991361021995544,0.0004631635529221967
DQN,35,mid,1750,2750,0.09000000000000001,1.0,1.0,0.12590284645557404,0.0004507889098022133
DQN,35,mid,1751,2751,0.035681681632995614,2.0,2.0,0.9187538027763367,0.00027127725479658693
DQN,35,mid,1752,2752,0.09000000000000001,1.0,1.0,0.13377568125724792,0.0003183172084391117
DQN,35,mid,1753,2753,0.09000000000000001,1.0,1.0,0.7346473336219788,0.0006712976028211415
DQN,35,mid,1754,2754,0.1415736246109009,2.0,2.0,0.8373960256576538,0.00030436917586484924
DQN,35,mid,1755,2755,0.11948926925659181,2.0,2.0,0.5882207155227661,0.004244371244567446
DQN,35,mid,1756,2756,0.17142869710922243,2.0,2.0,0.5431107878684998,0.0003665597614599392
DQN,35,mid,1757,2757,0.022805382013320927,3.0,2.0,0.3691437542438507,0.0004376096767373383
DQN,35,mid,1758,2758,0.11571210384368896,4.0,4.0,1.2049044370651245,0.005148853873834014
DQN,35,mid,1759,2759,0.21683754205703737,2.0,2.0,0.8058794140815735,0.0009734695486258715
DQN,35,mid,1760,2760,-0.5030050873756409,10.0,3.0,0.8047513365745544,0.00047886160609778017
DQN,35,mid,1761,2761,0.3269874620437622,2.0,2.0,0.763285756111145,0.0004445971571840346
DQN,35,mid,1762,2762,-0.09795706987380982,7.0,4.0,0.5712453126907349,0.0006577638102628823
DQN,35,mid,1763,2763,0.144548134803772,2.0,2.0,0.4516811966896057,0.00044648390758084133
DQN,35,mid,1764,2764,0.09000000000000001,1.0,1.0,0.3213958740234375,0.0006026780465617776
DQN,35,mid,1765,2765,0.09000000000000001,1.0,1.0,0.20929859578609467,0.00040000193985179067
DQN,35,mid,1766,2766,0.3659727644920349,3.0,3.0,0.41617608070373535,0.0006919571994027743
DQN,35,mid,1767,2767,0.11544485092163087,5.0,3.0,1.1425974369049072,0.0004956078162649646
DQN,35,mid,1768,2768,0.09000000000000001,1.0,1.0,0.32702773809432983,0.00042083056177943945
DQN,35,mid,1769,2769,0.18870813369750977,3.0,3.0,0.8358994722366333,0.0003664667213646074
DQN,35,mid,1770,2770,0.05031390666961671,2.0,2.0,0.31829479336738586,0.00046387776092160493
DQN,35,mid,1771,2771,0.2717187571525574,2.0,2.0,0.5467740893363953,0.0005043525452492759
DQN,35,mid,1772,2772,0.09243567466735841,2.0,2.0,0.5856044888496399,0.00045563720050267875
DQN,35,mid,1773,2773,0.09000000000000001,1.0,1.0,0.3114488124847412,0.0002378078643232584
DQN,35,mid,1774,2774,0.25129343748092653,2.0,2.0,0.7404800653457642,0.0003643970121629536
DQN,35,mid,1775,2775,0.07338470935821534,3.0,3.0,0.5524498224258423,0.000530878392358621
DQN,35,mid,1776,2776,-0.14739221692085264,6.0,2.0,0.47890663146972656,0.0005062428341868023
DQN,35,mid,1777,2777,0.0976987648010254,2.0,2.0,0.6511512994766235,0.0003093886625720188
DQN,35,mid,1778,2778,0.09000000000000001,1.0,1.0,0.29524025321006775,0.00023650082584936172
DQN,35,mid,1779,2779,0.2945171070098877,3.0,3.0,1.1310726404190063,0.0002896692797852059
DQN,35,mid,1780,2780,0.09000000000000001,1.0,1.0,0.14265474677085876,0.00038310588570311666
DQN,35,mid,1781,2781,0.25218284845352174,3.0,3.0,0.7937775254249573,0.00035996326672223705
DQN,35,mid,1782,2782,0.09316130161285402,2.0,2.0,0.7098318934440613,0.00016420589963672683
DQN,35,mid,1783,2783,0.1321999001502991,2.0,2.0,0.40487924218177795,0.0002725345693761483
DQN,35,mid,1784,2784,0.13005800724029543,2.0,2.0,0.651178777217865,0.00028286407905397937
DQN,35,mid,1785,2785,0.29042137384414674,3.0,3.0,0.8470106720924377,0.0003095035838972156
DQN,35,mid,1786,2786,0.09000000000000001,1.0,1.0,0.1426902860403061,0.0005237907753325999
DQN,35,mid,1787,2787,0.09000000000000001,1.0,1.0,0.21634821593761444,0.00026468318537808955
DQN,35,mid,1788,2788,0.09000000000000001,1.0,1.0,0.7035642266273499,0.00017815855972003192
DQN,35,mid,1789,2789,0.3486741054058075,2.0,2.0,0.26645728945732117,0.00026165967574343085
DQN,35,mid,1790,2790,-0.5319588661193848,10.0,2.0,1.1782671213150024,0.0002443456083710771
DQN,35,mid,1791,2791,0.28953840017318727,2.0,2.0,0.9330546259880066,0.0003921105817425996
DQN,35,mid,1792,2792,0.09000000000000001,1.0,1.0,0.32439878582954407,0.00045467063318938017
DQN,35,mid,1793,2793,0.19217600107192995,2.0,2.0,0.43470698595046997,0.0002504958029021509
DQN,35,mid,1794,2794,0.09000000000000001,1.0,1.0,0.49436381459236145,0.0002859702508430928
DQN,35,mid,1795,2795,0.09742017269134523,2.0,2.0,0.4896926283836365,0.002223764415248297
DQN,35,mid,1796,2796,0.0007880187034606662,9.0,6.0,0.8629897236824036,0.0021235643782549435
DQN,35,mid,1797,2797,0.22495222806930543,3.0,3.0,0.918666422367096,0.0036082510099125407
DQN,35,mid,1798,2798,0.19848872900009157,2.0,2.0,0.2549816370010376,0.0004774252010975033
DQN,35,mid,1799,2799,0.06647180736064912,3.0,3.0,0.16929133236408234,0.0007091777127546569
DQN,35,mid,1800,2800,0.1449424695968628,3.0,3.0,0.899013340473175,0.00048743720011164743
DQN,35,mid,1801,2801,0.26217825889587404,2.0,2.0,0.4584360718727112,0.0008100785489659756
DQN,35,mid,1802,2802,0.15900613546371462,2.0,2.0,0.7908787727355957,0.0003904184704879299
DQN,35,mid,1803,2803,0.12741764068603517,2.0,2.0,0.6708117127418518,0.0004047256079502404
DQN,35,mid,1804,2804,0.09000000000000001,1.0,1.0,0.09347443282604218,0.0009638870833441615
DQN,35,mid,1805,2805,0.27809751749038697,3.0,3.0,0.8892982602119446,0.00047672653454355896
DQN,35,mid,1806,2806,0.044691966772079476,2.0,2.0,0.3304544985294342,0.0004395198920974508
DQN,35,mid,1807,2807,0.09000000000000001,1.0,1.0,0.5938315391540527,0.0004260816494934261
DQN,35,mid,1808,2808,0.09000000000000001,1.0,1.0,0.18335571885108948,0.007531425915658474
DQN,35,mid,1809,2809,0.1489869523048401,2.0,2.0,0.665168285369873,0.0004473484732443467
DQN,35,mid,1810,2810,0.17914797544479372,2.0,2.0,0.5607898831367493,0.000721369608072564
DQN,35,mid,1811,2811,0.197069890499115,3.0,3.0,0.6825424432754517,0.0004224234338228901
DQN,35,mid,1812,2812,0.11924923181533814,3.0,3.0,0.9195261597633362,0.0005093894239204625
DQN,35,mid,1813,2813,0.12393308401107789,3.0,3.0,0.5213955640792847,0.0004318942374084145
DQN,35,mid,1814,2814,0.3349356818199158,2.0,2.0,0.4091207981109619,0.00032387441024184227
DQN,35,mid,1815,2815,0.17345513582229616,2.0,2.0,0.5732194185256958,0.0003851408400805667
DQN,35,mid,1816,2816,0.2512903881072998,3.0,3.0,0.5342634916305542,0.000354238572375228
DQN,35,mid,1817,2817,0.0956621038913727,2.0,2.0,0.3858602046966553,0.000271142489509657
DQN,35,mid,1818,2818,0.09000000000000001,1.0,1.0,0.6343372464179993,0.0005738993640989065
DQN,35,mid,1819,2819,-0.1472893190383911,2.0,2.0,1.1271798610687256,0.00031911970290821046
DQN,35,mid,1820,2820,0.05857367992401124,2.0,2.0,0.5444161295890808,0.0005059679824626073
DQN,35,mid,1821,2821,0.20548649311065675,2.0,2.0,0.8909821510314941,0.00039954496605787426
DQN,35,mid,1822,2822,0.09000000000000001,1.0,1.0,0.09014463424682617,0.0005056359223090112
DQN,35,mid,1823,2823,0.06078632354736329,2.0,2.0,0.4021027982234955,0.0003903583128703758
DQN,35,mid,1824,2824,0.3083483147621155,2.0,2.0,0.9040729403495789,0.0006118738383520395
DQN,35,mid,1825,2825,0.18998099088668824,3.0,3.0,0.8857571482658386,0.00028124245485135663
DQN,35,mid,1826,2826,0.09000000000000001,1.0,1.0,0.637384295463562,0.0005780135979875922
DQN,35,mid,1827,2827,0.2690254616737366,2.0,2.0,0.8957965970039368,0.0003312220360385254
DQN,35,mid,1828,2828,0.07955468416213991,3.0,3.0,0.7998257875442505,0.00044476254455124337
DQN,35,mid,1829,2829,0.4011753273010254,3.0,3.0,1.0929168462753296,0.00021641045168507844
DQN,35,mid,1830,2830,0.17028845071792603,3.0,3.0,0.7690262198448181,0.00022733779527091733
DQN,35,mid,1831,2831,0.18587334632873537,2.0,2.0,0.5435137152671814,0.00022808161156717688
DQN,35,mid,1832,2832,0.1602174210548401,2.0,2.0,0.8046129941940308,0.0003182226064382121
DQN,35,mid,1833,2833,0.09000000000000001,1.0,1.0,0.23971065878868103,0.0002421581739326939
DQN,35,mid,1834,2834,0.09000000000000001,1.0,1.0,0.3512308895587921,0.0003687376156449318
DQN,35,mid,1835,2835,0.12474019289016723,4.0,3.0,0.7545461654663086,0.0004642966596293263
DQN,35,mid,1836,2836,0.15789921760559084,2.0,2.0,1.0805267095565796,0.00026909427833743393
DQN,35,mid,1837,2837,0.0617679524421692,2.0,2.0,0.8501054048538208,0.00031396845588460565
DQN,35,mid,1838,2838,0.15182309031486513,2.0,2.0,0.25609394907951355,0.0002897330850828439
DQN,35,mid,1839,2839,0.07468834698200227,2.0,2.0,0.15998145937919617,0.00017170917999465019
DQN,35,mid,1840,2840,0.17222567081451418,2.0,2.0,0.46323204040527344,0.0005730892371502705
DQN,35,mid,1841,2841,0.09000000000000001,1.0,1.0,0.45736345648765564,0.00012734625488519669
DQN,35,mid,1842,2842,0.15959583401679994,2.0,2.0,0.281574547290802,0.0002292114368174225
DQN,35,mid,1843,2843,0.13732404232025147,3.0,3.0,1.1441339254379272,0.00019221650533533344
DQN,35,mid,1844,2844,0.04620613336563111,2.0,2.0,0.2718118727207184,0.0003032335953321308
DQN,35,mid,1845,2845,0.16665207028388979,2.0,2.0,0.3095317482948303,0.0005574859533226117
DQN,35,mid,1846,2846,0.44462520599365235,3.0,3.0,1.0797884464263916,0.00030752762298410136
DQN,35,mid,1847,2847,0.2672342824935913,2.0,2.0,0.5242417454719543,0.0004828924866160378
DQN,35,mid,1848,2848,0.2149432373046875,3.0,3.0,1.1958999633789062,0.005522760945799139
DQN,35,mid,1849,2849,0.12698842763900758,2.0,2.0,0.7084964513778687,0.002907143338234164
DQN,35,mid,1850,2850,0.17230062365531923,2.0,2.0,0.28027743101119995,0.009138016524957493
DQN,35,mid,1851,2851,0.06047183990478516,3.0,3.0,0.7949810028076172,0.003457944704374919
DQN,35,mid,1852,2852,0.09000000000000001,1.0,1.0,0.3304869830608368,0.000398151547415182
DQN,35,mid,1853,2853,0.11137599468231202,3.0,3.0,0.6654683351516724,0.0036897142805779972
DQN,35,mid,1854,2854,0.2564543056488037,2.0,2.0,0.6304258704185486,0.005288230488076806
DQN,35,mid,1855,2855,0.2213972282409668,3.0,3.0,1.0491057634353638,0.0013911192654632032
DQN,35,mid,1856,2856,0.1333328652381897,2.0,2.0,0.7689351439476013,0.0011492972116684541
DQN,35,mid,1857,2857,0.013819108009338374,4.0,3.0,0.744173526763916,0.0006129147295723669
DQN,35,mid,1858,2858,0.12127120971679689,2.0,2.0,0.557345449924469,0.005200742540182546
DQN,35,mid,1859,2859,0.09000000000000001,1.0,1.0,0.3174988925457001,0.009590952657163143
DQN,35,mid,1860,2860,0.09000000000000001,1.0,1.0,0.14089062809944153,0.001060104463249445
DQN,35,mid,1861,2861,0.09526540517807008,2.0,2.0,0.6885549426078796,0.0023066596768330783
DQN,35,mid,1862,2862,0.17208210349082947,3.0,3.0,0.4276221692562103,0.001187211018987
DQN,35,mid,1863,2863,0.2893905210494995,2.0,2.0,0.9383558034896851,0.0010038965556304902
DQN,35,mid,1864,2864,0.09000000000000001,1.0,1.0,0.5114132165908813,0.0012732574250549078
DQN,35,mid,1865,2865,0.09000000000000001,1.0,1.0,0.707934558391571,0.0015335307689383626
DQN,35,mid,1866,2866,0.09000000000000001,1.0,1.0,0.2896721065044403,0.000605199602432549
DQN,35,mid,1867,2867,0.20301510572433473,2.0,2.0,0.8946217894554138,0.000861369539052248
DQN,35,mid,1868,2868,0.09119112968444826,2.0,2.0,0.3533093333244324,0.001097132742870599
DQN,35,mid,1869,2869,0.16179186820983887,3.0,3.0,0.7457925081253052,0.0006004720538233718
DQN,35,mid,1870,2870,0.31550294876098633,3.0,3.0,0.5725911259651184,0.0009547320272152623
DQN,35,mid,1871,2871,0.2399076294898987,3.0,3.0,0.9016837477684021,0.0007503288604008654
DQN,35,mid,1872,2872,-0.5131201624870301,10.0,2.0,0.9042896032333374,0.0007139480876503512
DQN,35,mid,1873,2873,-0.010153155326843258,3.0,2.0,0.44460543990135193,0.0004168941910999517
DQN,35,mid,1874,2874,0.1237561869621277,2.0,2.0,0.9080798029899597,0.000615245895460248
DQN,35,mid,1875,2875,0.09000000000000001,1.0,1.0,0.0645981878042221,0.0005779712810181081
DQN,35,mid,1876,2876,0.07009510129690172,2.0,2.0,0.1293068677186966,0.0004960158839821815
DQN,35,mid,1877,2877,0.09000000000000001,1.0,1.0,0.7086859345436096,0.0016578829381614923
DQN,35,mid,1878,2878,0.14561132311820985,3.0,3.0,0.4863227903842926,0.000546123036959519
DQN,35,mid,1879,2879,0.04850097179412843,2.0,2.0,0.5164588093757629,0.0005207682261243463
DQN,35,mid,1880,2880,0.09000000000000001,1.0,1.0,0.19173002243041992,0.000527063908521086
DQN,35,mid,1881,2881,0.23720957517623903,2.0,2.0,0.940607488155365,0.0005466865841299295
DQN,35,mid,1882,2882,0.09000000000000001,1.0,1.0,0.4618220329284668,0.00047033923328854144
DQN,35,mid,1883,2883,0.09000000000000001,1.0,1.0,0.45587843656539917,0.0002929281326942146
DQN,35,mid,1884,2884,0.09000000000000001,1.0,1.0,0.18443991243839264,0.0003675539919640869
DQN,35,mid,1885,2885,0.17999752283096315,3.0,2.0,0.9955937266349792,0.0013259804691188037
DQN,35,mid,1886,2886,0.12561674594879152,2.0,2.0,0.6541619896888733,0.0019245545263402164
DQN,35,mid,1887,2887,0.09000000000000001,1.0,1.0,0.2989959120750427,0.0005596271366812289
DQN,35,mid,1888,2888,0.24152595520019532,3.0,3.0,0.5544299483299255,0.0010546657819456111
DQN,35,mid,1889,2889,0.18475855112075806,3.0,3.0,0.7256253361701965,0.0005130575445946306
DQN,35,mid,1890,2890,0.16620898962020875,3.0,3.0,0.8351170420646667,0.00047987833386287093
DQN,35,mid,1891,2891,0.06497825145721436,4.0,3.0,1.0855826139450073,0.0003709774391609244
DQN,35,mid,1892,2892,0.051156530380249025,4.0,3.0,0.9944071769714355,0.00047335788258351386
DQN,35,mid,1893,2893,0.20651156425476075,3.0,3.0,0.7902726531028748,0.00042982502297187847
DQN,35,mid,1894,2894,0.19713671684265138,2.0,2.0,0.5497059226036072,0.0002662308543222025
DQN,35,mid,1895,2895,-0.00018733978271485985,4.0,4.0,0.9106874465942383,0.0003168744733557105
DQN,35,mid,1896,2896,0.09000000000000001,1.0,1.0,0.7431318163871765,0.0027317896019667387
DQN,35,mid,1897,2897,0.09000000000000001,1.0,1.0,0.08536003530025482,0.00023392218281514943
DQN,35,mid,1898,2898,-0.05896406650543211,3.0,3.0,0.8379606604576111,0.0003709678421728313
DQN,35,mid,1899,2899,0.21600057363510133,2.0,2.0,0.9223905205726624,0.0007448808755725622
DQN,35,mid,1900,2900,0.09000000000000001,1.0,1.0,0.5984004139900208,0.0002941151615232229
DQN,35,mid,1901,2901,0.23712380409240724,2.0,2.0,0.9173382520675659,0.000561122054932639
DQN,35,mid,1902,2902,0.09000000000000001,1.0,1.0,0.409100204706192,0.00040193606400862336
DQN,35,mid,1903,2903,-0.06440134048461917,5.0,5.0,0.564414918422699,0.0003733996476512402
DQN,35,mid,1904,2904,0.11352750092744829,2.0,2.0,0.070400670170784,0.00040297886880580336
DQN,35,mid,1905,2905,0.09000000000000001,1.0,1.0,0.18797992169857025,0.00022612750763073564
DQN,35,mid,1906,2906,0.09000000000000001,1.0,1.0,0.2765277028083801,0.0005017101066187024
DQN,35,mid,1907,2907,0.3271973299980164,2.0,2.0,0.7549983859062195,0.0003499158483464271
DQN,35,mid,1908,2908,0.14908196210861208,2.0,2.0,0.7506493330001831,0.00035496472264640033
DQN,35,mid,1909,2909,0.09000000000000001,1.0,1.0,0.8343963027000427,0.0005790692521259189
DQN,35,mid,1910,2910,0.08766833126544954,2.0,2.0,0.2401241958141327,0.0003038843424292281
DQN,35,mid,1911,2911,0.16578871965408326,4.0,3.0,0.8195340037345886,0.00032778609602246433
DQN,35,mid,1912,2912,-0.07070243358612059,5.0,4.0,0.32542961835861206,0.00026481586100999264
DQN,35,mid,1913,2913,0.09000000000000001,1.0,1.0,0.4899002015590668,0.0012124412460252643
DQN,35,mid,1914,2914,0.15010786771774293,3.0,3.0,0.7455734610557556,0.0010956749126004677
DQN,35,mid,1915,2915,0.22391338825225832,2.0,2.0,0.560752272605896,0.00041352112748427317
DQN,35,mid,1916,2916,-0.12447473764419555,6.0,2.0,0.8011327385902405,0.0004804769705515355
DQN,35,mid,1917,2917,0.10055288106203081,2.0,2.0,0.08233410120010376,0.000434719433542341
DQN,35,mid,1918,2918,-0.018440110683441147,2.0,2.0,0.9350752234458923,0.0004987448919564486
DQN,35,mid,1919,2919,0.01002521038055422,3.0,3.0,1.0442662239074707,0.0005020182191704711
DQN,35,mid,1920,2920,0.09000000000000001,1.0,1.0,0.28009262681007385,0.0001863010402303189
DQN,35,mid,1921,2921,-0.000886847972869878,4.0,3.0,0.8997184038162231,0.0003755519210244529
DQN,35,mid,1922,2922,0.26118732213974,3.0,3.0,0.7924724817276001,0.0003605034532180677
DQN,35,mid,1923,2923,0.134610013961792,2.0,2.0,0.5573378205299377,0.0017105679289670661
DQN,35,mid,1924,2924,0.05278255224227906,2.0,2.0,0.7287742495536804,0.00037106225499883294
DQN,35,mid,1925,2925,0.09000000000000001,1.0,1.0,0.33420196175575256,0.00035479755024425685
DQN,35,mid,1926,2926,0.1806421446800232,2.0,2.0,0.9386340975761414,0.00030819523090031
DQN,35,mid,1927,2927,0.15676541805267336,2.0,2.0,0.6706940531730652,0.00026766298105940223
DQN,35,mid,1928,2928,0.09000000000000001,1.0,1.0,0.20360346138477325,0.0002641430764924735
DQN,35,mid,1929,2929,0.19898386478424074,2.0,2.0,0.685213029384613,0.0004893226869171485
DQN,35,mid,1930,2930,-0.2565625691413879,9.0,3.0,0.567267894744873,0.00031384051544591784
DQN,35,mid,1931,2931,0.06567891120910646,2.0,2.0,0.8275323510169983,0.001553792302729562
DQN,35,mid,1932,2932,0.4808220434188843,2.0,2.0,0.8199785947799683,0.00042182349716313183
DQN,35,mid,1933,2933,0.09000000000000001,1.0,1.0,0.10196985304355621,0.00018539182201493531
DQN,35,mid,1934,2934,0.15591149210929872,2.0,2.0,0.41628149151802063,0.00040747624007053673
DQN,35,mid,1935,2935,0.20679368257522585,2.0,2.0,0.9606823325157166,0.00035137425584252924
DQN,35,mid,1936,2936,0.09000000000000001,1.0,1.0,0.14959578216075897,0.0001698248670436442
DQN,35,mid,1937,2937,0.08667287409305574,2.0,2.0,0.2139732539653778,0.0004118279612157494
DQN,35,mid,1938,2938,0.09000000000000001,1.0,1.0,0.49692997336387634,0.010542490519583225
DQN,35,mid,1939,2939,0.09000000000000001,1.0,1.0,0.35516437888145447,0.0003176275349687785
DQN,35,mid,1940,2940,0.1322052049636841,2.0,2.0,1.0066916942596436,0.0005845252526341937
DQN,35,mid,1941,2941,0.18683035850524904,2.0,2.0,0.7873135209083557,0.00021431858476717025
DQN,35,mid,1942,2942,0.3714217019081116,3.0,3.0,0.6277860999107361,0.0004182391179104646
DQN,35,mid,1943,2943,0.16120810985565187,2.0,2.0,0.2846754193305969,0.00047541239473503083
DQN,35,mid,1944,2944,0.09000000000000001,1.0,1.0,0.21827657520771027,0.00037958036409690976
DQN,35,mid,1945,2945,0.01922768354415895,5.0,4.0,0.4559781849384308,0.0006368740956531838
DQN,35,mid,1946,2946,0.1546516287326813,2.0,2.0,0.48856422305107117,0.00037849234649911523
DQN,35,mid,1947,2947,0.060150213241577155,3.0,3.0,0.7555490732192993,0.0004398647676377247
DQN,35,mid,1948,2948,0.052556879520416266,3.0,3.0,0.5718087553977966,0.0003157921019010246
DQN,35,mid,1949,2949,0.04490859031677247,3.0,3.0,0.6858152151107788,0.00039067864418029785
DQN,35,mid,1950,2950,0.12105621576309206,2.0,2.0,0.22524073719978333,0.00023096241056919098
DQN,35,mid,1951,2951,0.09000000000000001,1.0,1.0,0.27161315083503723,0.0002690048422664404
DQN,35,mid,1952,2952,0.09000000000000001,1.0,1.0,0.39852938055992126,0.0004126884159632027
DQN,35,mid,1953,2953,0.12878985881805421,2.0,2.0,0.7101710438728333,0.0002943027939181775
DQN,35,mid,1954,2954,-0.1126158595085144,5.0,2.0,0.5944533348083496,0.0003309573163278401
DQN,35,mid,1955,2955,0.09000000000000001,1.0,1.0,0.5940434336662292,0.00036103534512221813
DQN,35,mid,1956,2956,-0.02095930099487303,2.0,2.0,0.47790828347206116,0.0004266315227141604
DQN,35,mid,1957,2957,-0.21305742383003234,7.0,4.0,0.4830241799354553,0.0003719752130564302
DQN,35,mid,1958,2958,0.12334494590759276,5.0,5.0,0.9298042058944702,0.00047064524260349573
DQN,35,mid,1959,2959,0.2235922682285309,2.0,2.0,0.32211002707481384,0.0002906042354879901
DQN,35,mid,1960,2960,0.09000000000000001,1.0,1.0,0.3125670552253723,0.00020002279779873788
DQN,35,mid,1961,2961,0.09000000000000001,1.0,1.0,0.6634896397590637,0.0001704461028566584
DQN,35,mid,1962,2962,0.10735883235931395,8.0,3.0,0.7941274642944336,0.00034030967981379945
DQN,35,mid,1963,2963,0.1371766793727875,2.0,2.0,0.40764671564102173,0.00020200014841975644
DQN,35,mid,1964,2964,0.08677791237831117,2.0,2.0,0.4941905438899994,0.0006879146676510572
DQN,35,mid,1965,2965,-0.03361766815185545,3.0,3.0,0.5943259596824646,0.00035864036181010306
DQN,35,mid,1966,2966,0.09000000000000001,1.0,1.0,0.2565344274044037,0.00019943896040786058
DQN,35,mid,1967,2967,0.1252612638473511,2.0,2.0,0.530390202999115,0.00021203907817834988
DQN,35,mid,1968,2968,0.06893761634826662,2.0,2.0,0.6410189867019653,0.0007547858258476481
DQN,35,mid,1969,2969,0.09000000000000001,1.0,1.0,0.8790085911750793,0.00039043009746819735
DQN,35,mid,1970,2970,0.09000000000000001,1.0,1.0,0.28922954201698303,0.0003258332144469023
DQN,35,mid,1971,2971,-0.358615654706955,10.0,2.0,0.3534853756427765,0.00038111242392915303
DQN,35,mid,1972,2972,0.047205792665481576,2.0,2.0,0.5290617346763611,0.00042120699072256684
DQN,35,mid,1973,2973,0.31433810472488405,2.0,2.0,0.8591839671134949,0.0003168256807839498
DQN,35,mid,1974,2974,-0.013730000257492062,3.0,2.0,0.30884554982185364,0.00019749225369499376
DQN,35,mid,1975,2975,0.26545955419540407,2.0,2.0,0.42468762397766113,0.0010797719878610224
DQN,35,mid,1976,2976,0.06695951700210573,2.0,2.0,0.7694063782691956,0.0002694960858207196
DQN,35,mid,1977,2977,0.0745167922973633,3.0,2.0,1.068539023399353,0.00040544003907901544
DQN,35,mid,1978,2978,0.09000000000000001,1.0,1.0,0.12184958904981613,0.0006157361203804612
DQN,35,mid,1979,2979,0.111011700630188,2.0,2.0,1.0342543125152588,0.0002979208293254487
DQN,35,mid,1980,2980,0.09000000000000001,1.0,1.0,0.269208163022995,0.0004307689960114658
DQN,35,mid,1981,2981,0.18504257678985597,2.0,2.0,0.8101959228515625,0.0002720919292187318
DQN,35,mid,1982,2982,0.09926874160766602,3.0,3.0,0.5007085204124451,0.00032646971036835265
DQN,35,mid,1983,2983,0.18280518770217896,3.0,3.0,0.766545295715332,0.00018371686261768141
DQN,35,mid,1984,2984,0.2018310594558716,2.0,2.0,0.801978588104248,0.0003521789767546579
DQN,35,mid,1985,2985,0.24080379486083986,2.0,2.0,0.708929181098938,0.00027007948665414006
DQN,35,mid,1986,2986,0.09000000000000001,1.0,1.0,0.5041409730911255,0.0003310288011562079
DQN,35,mid,1987,2987,0.09000000000000001,1.0,1.0,0.6713795065879822,0.0007206139853224158
DQN,35,mid,1988,2988,-0.04245673894882203,3.0,3.0,0.6429663300514221,0.00024756878944269073
DQN,35,mid,1989,2989,0.09000000000000001,1.0,1.0,0.116225965321064,0.0020781010389328003
DQN,35,mid,1990,2990,0.012815959453582784,3.0,3.0,0.9910293817520142,0.00022835457639303058
DQN,35,mid,1991,2991,0.09000000000000001,1.0,1.0,0.2041928470134735,0.0002202753530582413
DQN,35,mid,1992,2992,0.2725179362297058,2.0,2.0,0.9025623202323914,0.00032010510039981455
DQN,35,mid,1993,2993,0.09000000000000001,1.0,1.0,0.28659671545028687,0.00037614203756675124
DQN,35,mid,1994,2994,0.09000000000000001,1.0,1.0,0.19511640071868896,0.00035474979085847735
DQN,35,mid,1995,2995,0.07532416462898256,2.0,2.0,0.4163722097873688,0.0002840215092874132
DQN,35,mid,1996,2996,0.1734417247772217,2.0,2.0,0.8320974111557007,0.00022237951634451747
DQN,35,mid,1997,2997,0.09000000000000001,1.0,1.0,0.5303528904914856,0.0005099631380289793
DQN,35,mid,1998,2998,0.09000000000000001,1.0,1.0,0.5361365079879761,0.00010550115985097364
DQN,35,mid,1999,2999,0.3168713617324829,2.0,2.0,0.677556574344635,0.00043265687418170273
DQN,35,mid,2000,3000,0.3010330867767334,3.0,3.0,1.118658185005188,0.0003010521031683311
