agent,seed,phase,local_episode,cumulative_episode,reward,steps,selected_regions,classification_loss,optimization_loss
DQN,75,mid,1,1001,0.15497218251228334,2.0,2.0,0.24889957904815674,0.00035282119642943144
DQN,75,mid,2,1002,0.07319511175155641,5.0,3.0,0.5954761505126953,0.003431806084699929
DQN,75,mid,3,1003,-0.0007874774932861289,3.0,2.0,0.6834084391593933,0.0003853289090329781
DQN,75,mid,4,1004,0.0401979160308838,3.0,3.0,1.092675805091858,0.0002492058993084356
DQN,75,mid,5,1005,0.09000000000000001,1.0,1.0,0.326295405626297,0.0003157092723995447
DQN,75,mid,6,1006,0.034279633760452274,3.0,2.0,0.2766263782978058,0.0002589226739170651
DQN,75,mid,7,1007,0.008356323242187491,6.0,5.0,0.3811899721622467,0.003099084928787003
DQN,75,mid,8,1008,0.022248106002807633,2.0,2.0,0.895232617855072,0.00032621927675791085
DQN,75,mid,9,1009,0.09000000000000001,1.0,1.0,0.6228398084640503,0.0002252230333397165
DQN,75,mid,10,1010,0.018489141464233402,3.0,2.0,0.4545927345752716,0.0006062230580331137
DQN,75,mid,11,1011,0.13212148278951646,2.0,2.0,0.10777405649423599,0.0002950325288111344
DQN,75,mid,12,1012,0.00971706390380861,2.0,2.0,0.3720141053199768,0.0002130786160705611
DQN,75,mid,13,1013,-0.12579118490219116,3.0,3.0,0.7434858679771423,0.00026999116137934226
DQN,75,mid,14,1014,-0.029760880470275863,2.0,2.0,0.8563435673713684,0.0004640720580937341
DQN,75,mid,15,1015,0.04882832050323487,2.0,2.0,0.6245894432067871,0.00028770237986464053
DQN,75,mid,16,1016,-0.12098090112209321,6.0,4.0,0.25324878096580505,0.0003760653222949865
DQN,75,mid,17,1017,0.09000000000000001,1.0,1.0,0.1587851196527481,0.00023866024275776
DQN,75,mid,18,1018,0.02142650842666627,4.0,3.0,0.9864758253097534,0.00029065665148664266
DQN,75,mid,19,1019,0.09000000000000001,1.0,1.0,0.5375540256500244,0.00032080389792099595
DQN,75,mid,20,1020,0.11378552198410036,2.0,2.0,0.37124791741371155,0.00028711752383969724
DQN,75,mid,21,1021,-0.04517022848129272,3.0,2.0,0.7111750245094299,0.0004567869764287025
DQN,75,mid,22,1022,0.09000000000000001,1.0,1.0,0.1547250747680664,0.000324019871186465
DQN,75,mid,23,1023,0.0015108954906463828,3.0,3.0,0.5026488304138184,0.0003665777718803535
DQN,75,mid,24,1024,-0.271550726890564,10.0,4.0,0.9427046775817871,0.00040394177340203897
DQN,75,mid,25,1025,-0.025066359043121322,2.0,2.0,0.7336775064468384,0.006133967806817964
DQN,75,mid,26,1026,0.1327244806289673,2.0,2.0,1.1326087713241577,0.00042076290992554277
DQN,75,mid,27,1027,0.17605711698532106,2.0,2.0,0.9257239699363708,0.0037567137624137104
DQN,75,mid,28,1028,0.3016004729270935,2.0,2.0,0.4437239170074463,0.00022408770746551454
DQN,75,mid,29,1029,0.03807567358016968,5.0,5.0,0.5601292252540588,0.0011987697565928102
DQN,75,mid,30,1030,-0.04857828259468076,4.0,3.0,0.518058717250824,0.0006017497216816992
DQN,75,mid,31,1031,0.17073365211486818,4.0,2.0,0.814987063407898,0.000918743695365265
DQN,75,mid,32,1032,0.09000000000000001,1.0,1.0,0.30777162313461304,0.0011010891757905483
DQN,75,mid,33,1033,0.12223334550857545,6.0,3.0,0.6903917193412781,0.003267438214000625
DQN,75,mid,34,1034,0.015274424552917484,3.0,2.0,0.15202867984771729,0.0007127786132817467
DQN,75,mid,35,1035,0.10244746685028078,2.0,2.0,0.72761470079422,0.0005849178996868432
DQN,75,mid,36,1036,0.09000000000000001,1.0,1.0,1.0564616918563843,0.0005061337142251432
DQN,75,mid,37,1037,-0.06871975779533386,2.0,2.0,0.598344624042511,0.0003843736194539815
DQN,75,mid,38,1038,0.03428115129470826,2.0,2.0,0.3700878322124481,0.00030339341901708394
DQN,75,mid,39,1039,0.07939189851284029,2.0,2.0,0.15197575092315674,0.0003779932885663584
DQN,75,mid,40,1040,0.38441140174865723,3.0,3.0,0.769922137260437,0.0003743333121140798
DQN,75,mid,41,1041,-0.32191990852355956,9.0,4.0,0.7038177251815796,0.0003868437035837107
DQN,75,mid,42,1042,0.3820974898338318,3.0,3.0,0.8613335490226746,0.0003799681144300848
DQN,75,mid,43,1043,-0.3763560771942139,10.0,4.0,0.9135645031929016,0.0003441256616497412
DQN,75,mid,44,1044,0.061823680400848395,6.0,3.0,0.5074914693832397,0.0003385186816255252
DQN,75,mid,45,1045,0.09000000000000001,1.0,1.0,0.7376057505607605,0.00027195821166969836
DQN,75,mid,46,1046,0.10657586097717285,6.0,3.0,1.0470107793807983,0.0003509501548251137
DQN,75,mid,47,1047,-0.07902912855148315,6.0,3.0,0.5822120308876038,0.002413980895653367
DQN,75,mid,48,1048,0.0034842610359191867,5.0,3.0,0.7620905041694641,0.0003027637372724712
DQN,75,mid,49,1049,-0.07964197278022765,8.0,5.0,0.44852644205093384,0.0010315644012734992
DQN,75,mid,50,1050,0.10530169725418093,3.0,2.0,0.9906148314476013,0.0006899606087245047
DQN,75,mid,51,1051,0.11637343645095827,2.0,2.0,0.5839201807975769,0.007582365404232405
DQN,75,mid,52,1052,-0.17482763290405273,6.0,4.0,0.6900234222412109,0.0004463389195734635
DQN,75,mid,53,1053,-0.15542791843414305,6.0,3.0,0.7251502275466919,0.00041040049109142274
DQN,75,mid,54,1054,0.01108129501342775,2.0,2.0,0.6170535683631897,0.00035432420554570854
DQN,75,mid,55,1055,0.09292389631271364,2.0,2.0,0.8658850789070129,0.00033123498724307865
DQN,75,mid,56,1056,0.07390578269958498,2.0,2.0,0.3918673098087311,0.0006214771419763565
DQN,75,mid,57,1057,-0.0231900143623352,3.0,3.0,0.7545158267021179,0.00023004706114685783
DQN,75,mid,58,1058,0.1778618860244751,2.0,2.0,0.7352660298347473,0.00027110417431686074
DQN,75,mid,59,1059,-0.1577228832244873,8.0,4.0,0.4060792326927185,0.0008315441191371065
DQN,75,mid,60,1060,0.09861062645912172,2.0,2.0,0.175413116812706,0.00047160088433884084
DQN,75,mid,61,1061,-0.1379160463809967,5.0,3.0,0.5384382009506226,0.0014831249893177301
DQN,75,mid,62,1062,0.09000000000000001,1.0,1.0,1.232059121131897,0.00033823976991698146
DQN,75,mid,63,1063,0.06055675625801087,2.0,2.0,0.2768639326095581,0.00035419422783888876
DQN,75,mid,64,1064,-0.18922595500946043,7.0,3.0,1.0769448280334473,0.00029649769047474753
DQN,75,mid,65,1065,0.19490070104599,4.0,3.0,0.638373076915741,0.0002592438831925392
DQN,75,mid,66,1066,0.10727663516998293,2.0,2.0,0.15812216699123383,0.00023752538982080296
DQN,75,mid,67,1067,0.03625254511833192,2.0,2.0,0.21688826382160187,0.0003771919655264355
DQN,75,mid,68,1068,0.1988464164733887,2.0,2.0,1.1050541400909424,0.0010461562924319878
DQN,75,mid,69,1069,-0.02808683395385743,3.0,3.0,0.46924927830696106,0.00017026115286474427
DQN,75,mid,70,1070,0.11606181383132935,3.0,3.0,0.6006045937538147,0.00019368786403598884
DQN,75,mid,71,1071,0.09000000000000001,1.0,1.0,0.8104538917541504,0.00010343611938878894
DQN,75,mid,72,1072,0.2657806944847107,3.0,3.0,0.8700140118598938,0.0004220376528489093
DQN,75,mid,73,1073,0.11104870796203614,4.0,3.0,0.8887386918067932,0.0011006963468389586
DQN,75,mid,74,1074,0.09000000000000001,1.0,1.0,0.0860898345708847,0.00031333393417298794
DQN,75,mid,75,1075,0.08327771157026292,2.0,2.0,0.1192312240600586,0.00021339678642107174
DQN,75,mid,76,1076,-0.35396201610565187,10.0,4.0,0.9955765008926392,0.00025703036662889646
DQN,75,mid,77,1077,0.034918228089809426,2.0,2.0,0.15494225919246674,0.0011594580573728308
DQN,75,mid,78,1078,0.06840496063232424,5.0,5.0,0.7122193574905396,0.0003804214153205976
DQN,75,mid,79,1079,-0.013417310714721686,7.0,5.0,0.5680321455001831,0.002270080893400258
DQN,75,mid,80,1080,0.15777332544326783,4.0,3.0,0.22111865878105164,0.00037401230292744003
DQN,75,mid,81,1081,0.2124519419670105,3.0,3.0,0.8181058764457703,0.00047217271639965475
DQN,75,mid,82,1082,0.18173082351684572,2.0,2.0,0.7742424607276917,0.0004543112008832395
DQN,75,mid,83,1083,-0.16410583078861235,2.0,2.0,0.4870724380016327,0.0006768215534975752
DQN,75,mid,84,1084,-0.07491443157196044,5.0,2.0,0.650782585144043,0.0003661848633782938
DQN,75,mid,85,1085,0.09000000000000001,1.0,1.0,0.2769804000854492,0.00036366589483805
DQN,75,mid,86,1086,-0.03924396455287933,2.0,2.0,0.34499862790107727,0.00029051028832327574
DQN,75,mid,87,1087,0.05773754596710206,2.0,2.0,0.22494186460971832,0.0003002116864081472
DQN,75,mid,88,1088,0.17498947858810426,2.0,2.0,0.5963127017021179,0.001953670449438505
DQN,75,mid,89,1089,-0.23904602527618407,10.0,4.0,0.6175556778907776,0.000304605565906968
DQN,75,mid,90,1090,0.2315784561634064,2.0,2.0,0.31100669503211975,0.0002720138290897012
DQN,75,mid,91,1091,0.0878474283218384,2.0,2.0,0.32843032479286194,0.00032105500577017665
DQN,75,mid,92,1092,0.2391930687427521,2.0,2.0,0.4760883152484894,0.0003431522491155192
DQN,75,mid,93,1093,0.06029272794723512,3.0,3.0,0.7051459550857544,0.0003210203528093795
DQN,75,mid,94,1094,0.09000000000000001,1.0,1.0,0.18251049518585205,0.0001552199391881004
DQN,75,mid,95,1095,-0.07181111812591552,4.0,2.0,0.6017959713935852,0.0005617249880742747
DQN,75,mid,96,1096,0.14104087829589845,2.0,2.0,0.8848893046379089,0.0002010267271543853
DQN,75,mid,97,1097,0.09000000000000001,1.0,1.0,0.32412031292915344,0.00020804414816666394
DQN,75,mid,98,1098,0.16487826585769655,2.0,2.0,0.7122477293014526,0.0002815626794472337
DQN,75,mid,99,1099,0.19609492778778076,4.0,4.0,1.1718339920043945,0.00023726319341221824
DQN,75,mid,100,1100,0.27980067014694215,2.0,2.0,0.9568400979042053,0.000298333921818994
DQN,75,mid,101,1101,-0.044079284667968746,3.0,2.0,0.910676896572113,0.0003977939971567442
DQN,75,mid,102,1102,0.09000000000000001,1.0,1.0,0.7194617986679077,0.0006333469063974917
DQN,75,mid,103,1103,-0.10691212177276611,6.0,3.0,0.8302974104881287,0.002406525398934415
DQN,75,mid,104,1104,0.09000000000000001,1.0,1.0,0.8310016989707947,0.00037955172592774034
DQN,75,mid,105,1105,0.09000000000000001,1.0,1.0,0.6071354746818542,0.00024815034703351557
DQN,75,mid,106,1106,0.09000000000000001,1.0,1.0,0.05300378054380417,0.00042802351526916027
DQN,75,mid,107,1107,0.05486597299575807,7.0,3.0,0.7228186726570129,0.0003252462754192363
DQN,75,mid,108,1108,0.1652146077156067,4.0,3.0,0.7747911214828491,0.0003055790002690628
DQN,75,mid,109,1109,-0.18789296150207518,5.0,3.0,0.40428289771080017,0.0002902724139858037
DQN,75,mid,110,1110,-0.009294798374176017,4.0,3.0,0.6405587792396545,0.0002936574092018418
DQN,75,mid,111,1111,0.08524556636810304,2.0,2.0,0.39834076166152954,0.0002780580543912947
DQN,75,mid,112,1112,0.09000000000000001,1.0,1.0,0.36416640877723694,0.0004246879543643445
DQN,75,mid,113,1113,0.10551352977752687,2.0,2.0,0.19296059012413025,0.000199433634406887
DQN,75,mid,114,1114,0.09000000000000001,1.0,1.0,0.5412449836730957,0.00018058806017506868
DQN,75,mid,115,1115,-0.007901005744934075,3.0,3.0,0.6028786897659302,0.00022512843133881688
DQN,75,mid,116,1116,0.2634603548049927,2.0,2.0,0.8144311308860779,0.0002732174325501546
DQN,75,mid,117,1117,0.10167766571044923,4.0,3.0,0.606080174446106,0.00026205175890936516
DQN,75,mid,118,1118,0.04144914627075196,2.0,2.0,0.5069255232810974,0.0002495653461664915
DQN,75,mid,119,1119,0.13199920177459717,3.0,3.0,0.25183743238449097,0.0001855362691761305
DQN,75,mid,120,1120,-0.1589559412002563,6.0,5.0,0.9471452832221985,0.0016231088156928308
DQN,75,mid,121,1121,-0.02741599798202514,7.0,5.0,0.9961684346199036,0.0010999963747703337
DQN,75,mid,122,1122,0.3659457588195801,6.0,4.0,1.14529550075531,0.0005490403418662027
DQN,75,mid,123,1123,0.07900377035140992,3.0,2.0,0.7428479790687561,0.0021158987850261233
DQN,75,mid,124,1124,0.12240548610687257,2.0,2.0,0.2944137454032898,0.00037794586387462914
DQN,75,mid,125,1125,-0.05097616434097289,7.0,5.0,0.7348676919937134,0.0003933890797530434
DQN,75,mid,126,1126,0.13269132375717163,5.0,4.0,0.7838454842567444,0.0003829688706900924
DQN,75,mid,127,1127,0.09000000000000001,1.0,1.0,0.40691444277763367,0.0008815308101475239
DQN,75,mid,128,1128,0.13179643630981447,2.0,2.0,0.7919284701347351,0.0002973061928059906
DQN,75,mid,129,1129,0.09000000000000001,1.0,1.0,0.7949147820472717,0.0002708494430407882
DQN,75,mid,130,1130,0.00484322726726534,3.0,3.0,0.27382761240005493,0.00023646447516512126
DQN,75,mid,131,1131,0.09000000000000001,1.0,1.0,0.38914474844932556,0.000278037681709975
DQN,75,mid,132,1132,0.1363865900039673,2.0,2.0,0.8171806931495667,0.00014199503493728116
DQN,75,mid,133,1133,0.09000000000000001,1.0,1.0,0.18250931799411774,0.00023529489408247173
DQN,75,mid,134,1134,0.06312437772750855,3.0,2.0,0.8812775015830994,0.00021319482281493643
DQN,75,mid,135,1135,0.1580662202835083,3.0,3.0,1.077131986618042,0.0012363950081635267
DQN,75,mid,136,1136,0.2567069697380066,2.0,2.0,0.929860532283783,0.0004112405367777683
DQN,75,mid,137,1137,0.1696936058998108,2.0,2.0,0.8751912713050842,0.00020450534066185355
DQN,75,mid,138,1138,-0.09052625656127931,6.0,2.0,0.6956154704093933,0.0002445294934053284
DQN,75,mid,139,1139,0.2758925724029541,2.0,2.0,0.6452236771583557,0.00016980911459540948
DQN,75,mid,140,1140,0.09000000000000001,1.0,1.0,0.6069685220718384,0.0004613288620021194
DQN,75,mid,141,1141,-0.3886291790008545,8.0,3.0,0.6694666743278503,0.00024819963437039405
DQN,75,mid,142,1142,-0.07256340026855469,4.0,3.0,0.3789696991443634,0.00020157975086476654
DQN,75,mid,143,1143,0.019505517482757584,2.0,2.0,0.7568326592445374,0.00021204084623605013
DQN,75,mid,144,1144,-0.013758339881896967,4.0,2.0,0.6486746072769165,0.0005731578203267418
DQN,75,mid,145,1145,0.2791819143295288,2.0,2.0,0.5159741044044495,0.00027512008091434836
DQN,75,mid,146,1146,0.13791055202484132,3.0,3.0,0.8883611559867859,0.00023408090540518364
DQN,75,mid,147,1147,0.308573352098465,2.0,2.0,0.3567425310611725,0.0004679197008954361
DQN,75,mid,148,1148,0.18574876308441163,3.0,3.0,0.7547621726989746,0.001271200817427598
DQN,75,mid,149,1149,-0.04806880474090576,2.0,2.0,0.41917937994003296,0.00024373267660848796
DQN,75,mid,150,1150,0.11875206947326661,3.0,3.0,0.33983924984931946,0.0004152388961908097
DQN,75,mid,151,1151,-0.397942852973938,10.0,4.0,0.9336723685264587,0.0006136784621048718
DQN,75,mid,152,1152,2.9133558273330973e-05,2.0,2.0,0.22340059280395508,0.0003269229200668633
DQN,75,mid,153,1153,0.014423327445983902,2.0,2.0,0.6001763939857483,0.00041060178773477674
DQN,75,mid,154,1154,0.09000000000000001,1.0,1.0,0.8443236947059631,0.0004880790365859866
DQN,75,mid,155,1155,0.09000000000000001,1.0,1.0,0.24442937970161438,0.0004097837663721293
DQN,75,mid,156,1156,0.0023022836446762035,4.0,3.0,0.16569635272026062,0.000392252259189263
DQN,75,mid,157,1157,-0.23239166617393492,8.0,3.0,0.2912484109401703,0.00045441737165674567
DQN,75,mid,158,1158,0.2607823133468628,5.0,3.0,0.8948739767074585,0.0005872562207514421
DQN,75,mid,159,1159,-0.061709866523742676,6.0,3.0,0.7518147826194763,0.0003468350550974719
DQN,75,mid,160,1160,0.11791820526123047,5.0,3.0,0.7424712777137756,0.00024745145638007673
DQN,75,mid,161,1161,0.09000000000000001,1.0,1.0,0.11444918811321259,0.0005194571567699313
DQN,75,mid,162,1162,0.09000000000000001,1.0,1.0,0.636824905872345,0.00030220719054341316
DQN,75,mid,163,1163,0.13478840351104737,4.0,3.0,0.18186864256858826,0.00022974603416514583
DQN,75,mid,164,1164,0.04555882692337037,2.0,2.0,0.7553845643997192,0.000375113362679258
DQN,75,mid,165,1165,0.07582730054855348,5.0,4.0,0.7328041791915894,0.0005514574033441022
DQN,75,mid,166,1166,0.09000000000000001,1.0,1.0,1.011980414390564,0.00023182750737760216
DQN,75,mid,167,1167,0.16743160247802735,4.0,3.0,1.1415936946868896,0.00032740915412432514
DQN,75,mid,168,1168,0.15932532310485842,4.0,2.0,0.8073235750198364,0.005274728890071856
DQN,75,mid,169,1169,0.07456247687339784,2.0,2.0,0.21407563984394073,0.00030010586488060653
DQN,75,mid,170,1170,-0.11696080684661865,2.0,2.0,0.47731003165245056,0.000473431107820943
DQN,75,mid,171,1171,0.024003843069076533,4.0,3.0,0.36385807394981384,0.0003955306310672313
DQN,75,mid,172,1172,0.09000000000000001,1.0,1.0,0.5738288164138794,0.0005547605687752366
DQN,75,mid,173,1173,-0.09871157884597777,8.0,2.0,0.112418532371521,0.00039823062979849055
DQN,75,mid,174,1174,0.09000000000000001,1.0,1.0,0.29388925433158875,0.0004090944130439311
DQN,75,mid,175,1175,0.10967476367950439,5.0,3.0,0.33419233560562134,0.0003314032772323117
DQN,75,mid,176,1176,0.07886202812194826,2.0,2.0,0.5696128010749817,0.0004719503049273044
DQN,75,mid,177,1177,0.09255183696746827,4.0,3.0,0.8234244585037231,0.00033592919498914853
DQN,75,mid,178,1178,-0.197502606511116,4.0,2.0,0.3316301703453064,0.0002853649712051265
DQN,75,mid,179,1179,0.11102385997772218,2.0,2.0,0.7357968688011169,0.003214565629605204
DQN,75,mid,180,1180,0.09689319849014283,3.0,3.0,0.6091810464859009,0.00023606541314317533
DQN,75,mid,181,1181,0.11472992062568665,4.0,3.0,0.44637569785118103,0.00028052713241777383
DQN,75,mid,182,1182,0.09618162155151368,6.0,5.0,0.5910554528236389,0.00024222236000544703
DQN,75,mid,183,1183,0.09000000000000001,1.0,1.0,0.6682355999946594,0.00024794042110443115
DQN,75,mid,184,1184,0.09000000000000001,1.0,1.0,0.7309865355491638,0.00033892146893776953
DQN,75,mid,185,1185,0.11136903047561647,2.0,2.0,0.8175053596496582,0.00038451424916274846
DQN,75,mid,186,1186,0.07252042174339296,2.0,2.0,0.39078113436698914,0.00025635452766437083
DQN,75,mid,187,1187,0.309648232460022,2.0,2.0,0.4707493782043457,0.00020860719814663753
DQN,75,mid,188,1188,0.20550204038619996,3.0,3.0,0.6543468236923218,0.00021324367359435806
DQN,75,mid,189,1189,-0.05298343777656554,8.0,5.0,0.4452054798603058,0.0002864205107471207
DQN,75,mid,190,1190,0.009877972006797797,3.0,3.0,0.18582820892333984,0.00027740802033804357
DQN,75,mid,191,1191,0.2721273970603943,3.0,3.0,0.6274300217628479,0.00029743672348558903
DQN,75,mid,192,1192,0.02064379274845124,3.0,3.0,0.23348794877529144,0.0003850395344973852
DQN,75,mid,193,1193,-0.004322802424430838,4.0,3.0,0.14889411628246307,0.00029689430812140927
DQN,75,mid,194,1194,0.09000000000000001,1.0,1.0,0.17786455154418945,9.939223673427477e-05
DQN,75,mid,195,1195,-0.18572792172431946,6.0,4.0,0.4472973346710205,0.003157499483980549
DQN,75,mid,196,1196,0.23585697174072268,4.0,2.0,0.5700269341468811,0.00031214149930747226
DQN,75,mid,197,1197,-0.07570188283920289,4.0,3.0,0.5267797708511353,0.00030856215744279325
DQN,75,mid,198,1198,0.07328780174255373,2.0,2.0,0.9309868216514587,0.00026984387659467757
DQN,75,mid,199,1199,0.008998529911041275,2.0,2.0,0.5303148031234741,0.0005029875319451094
DQN,75,mid,200,1200,0.2065627145767212,2.0,2.0,0.6125586628913879,0.0001898023547255434
DQN,75,mid,201,1201,0.1649307179450989,2.0,2.0,0.7938033938407898,0.0001637810855754651
DQN,75,mid,202,1202,0.023909486532211324,3.0,3.0,0.42104363441467285,0.002347194187071485
DQN,75,mid,203,1203,0.22856926679611206,4.0,4.0,0.9242733120918274,0.0003107214652118273
DQN,75,mid,204,1204,-0.03939305067062378,2.0,2.0,0.48203226923942566,0.00024751992896199226
DQN,75,mid,205,1205,0.0326541829109192,2.0,2.0,0.3835581839084625,0.0003645748074632138
DQN,75,mid,206,1206,0.10478122711181642,2.0,2.0,0.9760464429855347,0.0018728358263615519
DQN,75,mid,207,1207,0.09000000000000001,1.0,1.0,0.40004971623420715,0.00022168087889440358
DQN,75,mid,208,1208,-0.04966817617416382,2.0,2.0,0.792847216129303,0.00021053169621154666
DQN,75,mid,209,1209,-0.12875114917755126,4.0,3.0,0.6828838586807251,0.0002961926147690974
DQN,75,mid,210,1210,0.08782478332519533,4.0,2.0,0.37626129388809204,0.0002866417999030091
DQN,75,mid,211,1211,0.09000000000000001,1.0,1.0,0.6833617091178894,0.0002935586962848902
DQN,75,mid,212,1212,0.06525571823120119,2.0,2.0,0.7645438313484192,0.00022974341118242592
DQN,75,mid,213,1213,-0.00022528409957885132,4.0,2.0,0.8015404343605042,0.00038498753201565705
DQN,75,mid,214,1214,-0.4226166903972626,10.0,3.0,0.26897457242012024,0.0026084048964548855
DQN,75,mid,215,1215,0.2727928328514099,2.0,2.0,0.5955888628959656,0.0004825475189136341
DQN,75,mid,216,1216,0.07860393285751344,4.0,3.0,0.9722279906272888,0.0010598453736747615
DQN,75,mid,217,1217,0.023247675895690934,2.0,2.0,0.20723232626914978,0.00031744853185955435
DQN,75,mid,218,1218,0.09000000000000001,1.0,1.0,0.22419047355651855,0.016702471300959587
DQN,75,mid,219,1219,0.09263249158859255,3.0,2.0,0.6945441961288452,0.0002768369934832056
DQN,75,mid,220,1220,-0.13523672342300413,7.0,3.0,0.7198607325553894,0.0003604185476433486
DQN,75,mid,221,1221,0.09000000000000001,1.0,1.0,0.157749205827713,0.0005206256173551083
DQN,75,mid,222,1222,0.010688294172286991,3.0,2.0,0.4970977306365967,0.00037959568241300684
DQN,75,mid,223,1223,0.09000000000000001,1.0,1.0,0.09498367458581924,0.00017293199198320508
DQN,75,mid,224,1224,0.09000000000000001,1.0,1.0,0.9742501378059387,0.00025334671954624355
DQN,75,mid,225,1225,0.09000000000000001,1.0,1.0,0.3407454490661621,0.00017658709839452058
DQN,75,mid,226,1226,0.21199931383132936,2.0,2.0,0.32349032163619995,0.0006669194553978741
DQN,75,mid,227,1227,-0.001030368804931625,7.0,3.0,0.812582790851593,0.0026056831889686044
DQN,75,mid,228,1228,0.2800103497505188,3.0,3.0,0.8138324618339539,0.0006920121474346767
DQN,75,mid,229,1229,0.2249112892150879,2.0,2.0,0.938611626625061,0.0003016315313288942
DQN,75,mid,230,1230,-0.06961229205131532,6.0,4.0,0.49614983797073364,0.0003668924546218477
DQN,75,mid,231,1231,-0.10008644104003907,4.0,3.0,0.34877368807792664,0.00036310040013631806
DQN,75,mid,232,1232,-0.06201635837554932,4.0,3.0,0.6100793480873108,0.000345910266332794
DQN,75,mid,233,1233,0.21538599014282228,2.0,2.0,0.6118679642677307,0.00042933424992952496
DQN,75,mid,234,1234,0.2337028455734253,3.0,3.0,0.2905285060405731,0.0003124012825234483
DQN,75,mid,235,1235,0.16537345409393311,4.0,3.0,1.0489044189453125,0.0002031256262853276
DQN,75,mid,236,1236,0.09000000000000001,1.0,1.0,0.13740254938602448,0.0002976774121634662
DQN,75,mid,237,1237,0.25350929975509645,2.0,2.0,0.8385218977928162,0.0002203412732342258
DQN,75,mid,238,1238,-0.06219744682312013,10.0,5.0,0.9245944023132324,0.00025228505255654455
DQN,75,mid,239,1239,0.22772555232048036,2.0,2.0,0.4214284121990204,0.00019113604503218085
DQN,75,mid,240,1240,0.12310792684555055,2.0,2.0,0.8577307462692261,0.0008933765348047018
DQN,75,mid,241,1241,0.22538362741470336,5.0,5.0,0.7570282220840454,0.00026316619769204406
DQN,75,mid,242,1242,0.09000000000000001,1.0,1.0,0.8301312327384949,0.0003300293465144932
DQN,75,mid,243,1243,0.09000000000000001,1.0,1.0,0.24539539217948914,0.00037145602982491255
DQN,75,mid,244,1244,0.09000000000000001,1.0,1.0,0.201609268784523,0.0001896693866001442
DQN,75,mid,245,1245,0.20922338962554932,5.0,4.0,0.8093873262405396,0.0010301766829797997
DQN,75,mid,246,1246,0.0655589270591736,2.0,2.0,0.4687974154949188,0.00036362133687362075
DQN,75,mid,247,1247,0.24498357295989992,3.0,2.0,0.5546272397041321,0.00024109184838986644
DQN,75,mid,248,1248,0.014118251800537121,4.0,4.0,0.3948047459125519,0.00024473719531670213
DQN,75,mid,249,1249,0.019873814582824723,2.0,2.0,0.46360260248184204,0.00021289353753672913
DQN,75,mid,250,1250,0.1628455686569214,2.0,2.0,0.737078845500946,0.00018844643636839464
DQN,75,mid,251,1251,0.15031381130218507,2.0,2.0,1.0069911479949951,0.0002581780427135527
DQN,75,mid,252,1252,0.1819706428050995,2.0,2.0,0.46901288628578186,0.0003163449728162959
DQN,75,mid,253,1253,0.06542784690856934,3.0,3.0,0.5792268514633179,0.0002711969573283568
DQN,75,mid,254,1254,0.2592800259590149,5.0,4.0,0.9838734269142151,0.0003407691954635084
DQN,75,mid,255,1255,0.09000000000000001,1.0,1.0,0.6706404685974121,0.0001335253764409572
DQN,75,mid,256,1256,0.0399711298942566,2.0,2.0,0.3218695819377899,0.00043564978113863617
DQN,75,mid,257,1257,0.09000000000000001,1.0,1.0,0.1405683308839798,0.0001923264208016917
DQN,75,mid,258,1258,0.02549914479255677,4.0,3.0,0.39015331864356995,0.0004686387546826154
DQN,75,mid,259,1259,0.252571063041687,2.0,2.0,0.6730899214744568,0.00029764953069388866
DQN,75,mid,260,1260,-0.19926303625106812,10.0,5.0,0.7946200966835022,0.000330508645856753
DQN,75,mid,261,1261,-0.015518665313720703,5.0,4.0,0.37068599462509155,0.00027552152751013636
DQN,75,mid,262,1262,0.07752753019332886,3.0,3.0,0.8738721013069153,0.00017844429142617932
DQN,75,mid,263,1263,0.2124574649333954,2.0,2.0,0.48250433802604675,0.00027652361313812435
DQN,75,mid,264,1264,-0.0008185434341430459,3.0,3.0,0.8795931935310364,0.00036017071882573265
DQN,75,mid,265,1265,-0.4703964114189148,10.0,4.0,0.7495092153549194,0.0002000961685553193
DQN,75,mid,266,1266,0.09000000000000001,1.0,1.0,0.3459959030151367,0.00016725916066206992
DQN,75,mid,267,1267,0.13160748958587648,2.0,2.0,0.4761868119239807,0.0007295618779608048
DQN,75,mid,268,1268,0.1883437204360962,2.0,2.0,1.132337212562561,0.0003267814972787164
DQN,75,mid,269,1269,0.11846031427383424,2.0,2.0,0.7043938040733337,0.00019840484310407192
DQN,75,mid,270,1270,0.0965044814348221,2.0,2.0,0.14591126143932343,0.00025176256167469546
DQN,75,mid,271,1271,0.1530599069595337,3.0,3.0,1.1093298196792603,0.00028931435857278603
DQN,75,mid,272,1272,0.09000000000000001,1.0,1.0,0.05019335076212883,0.00024959564325399697
DQN,75,mid,273,1273,0.09000000000000001,1.0,1.0,0.2821120321750641,0.00021567006479017437
DQN,75,mid,274,1274,0.09000000000000001,1.0,1.0,0.06679189950227737,0.0003350800834596157
DQN,75,mid,275,1275,0.0868963623046875,6.0,4.0,0.9315317869186401,0.00030901784581753117
DQN,75,mid,276,1276,0.08256448268890382,4.0,3.0,1.1065104007720947,0.0002697066265682224
DQN,75,mid,277,1277,0.0714769959449768,5.0,4.0,0.8541302680969238,0.00026329028769396247
DQN,75,mid,278,1278,-0.07536186277866365,5.0,4.0,0.25382351875305176,0.00032024974061641844
DQN,75,mid,279,1279,0.07626699686050414,7.0,5.0,0.9273207783699036,0.00039310387052994756
DQN,75,mid,280,1280,0.24722952604293824,4.0,3.0,0.35077357292175293,0.00024600573306088336
DQN,75,mid,281,1281,0.29288191318511964,3.0,3.0,0.6399580836296082,0.00023529126580494145
DQN,75,mid,282,1282,0.02850307941436768,3.0,2.0,0.15445685386657715,0.00028377715110157925
DQN,75,mid,283,1283,0.22761882305145265,4.0,3.0,0.5301958322525024,0.0005290042972774245
DQN,75,mid,284,1284,0.01206715583801271,2.0,2.0,0.5687980055809021,0.00019459122995613143
DQN,75,mid,285,1285,-0.12475032329559325,7.0,5.0,0.6769485473632812,0.00034225883012238355
DQN,75,mid,286,1286,-0.0009808170795440468,3.0,3.0,0.5425823926925659,0.0002409968243834252
DQN,75,mid,287,1287,-0.540918517112732,10.0,2.0,0.603897750377655,0.0002727058628806844
DQN,75,mid,288,1288,0.09000000000000001,1.0,1.0,0.2645842432975769,0.00019788104691542685
DQN,75,mid,289,1289,0.20402295351028443,4.0,3.0,0.6579794883728027,0.00034604451138875447
DQN,75,mid,290,1290,0.21924944400787355,2.0,2.0,0.691308856010437,0.0002332977601327002
DQN,75,mid,291,1291,0.10850885927677156,3.0,2.0,0.21737448871135712,0.0001950743026100099
DQN,75,mid,292,1292,-0.0011013853549957237,8.0,3.0,0.33437344431877136,0.002745497838986921
DQN,75,mid,293,1293,0.05518383502960206,3.0,3.0,0.6148905158042908,0.00037843936782640714
DQN,75,mid,294,1294,-0.33340907096862793,10.0,3.0,0.9815374612808228,0.0004502004085225053
DQN,75,mid,295,1295,0.08562888383865358,2.0,2.0,0.5197924375534058,0.006877682448248379
DQN,75,mid,296,1296,0.1752035188674927,2.0,2.0,1.0048454999923706,0.0004300092696212232
DQN,75,mid,297,1297,0.07657813787460327,4.0,4.0,0.6543751358985901,0.0003306391154183075
DQN,75,mid,298,1298,-0.001618204414844518,4.0,3.0,0.1266411393880844,0.0005419219742179848
DQN,75,mid,299,1299,0.033389071226120004,4.0,3.0,0.28106048703193665,0.0003580349512048997
DQN,75,mid,300,1300,0.12873061180114748,2.0,2.0,0.335906445980072,0.00039172596007119864
DQN,75,mid,301,1301,0.09000000000000001,1.0,1.0,0.30986276268959045,0.00033428860479034483
DQN,75,mid,302,1302,0.03537957787513733,3.0,2.0,0.31715184450149536,0.0003438018126568447
DQN,75,mid,303,1303,-0.3297016501426697,10.0,7.0,0.8437207341194153,0.00028165525873191655
DQN,75,mid,304,1304,0.19234324216842652,3.0,3.0,0.6072692275047302,0.00032703045872040093
DQN,75,mid,305,1305,0.09000000000000001,1.0,1.0,0.7529268264770508,0.0003223185776732862
DQN,75,mid,306,1306,0.001562795639038092,4.0,2.0,0.9813863039016724,0.0004072486044606194
DQN,75,mid,307,1307,0.09000000000000001,1.0,1.0,0.29981309175491333,0.013648366555571556
DQN,75,mid,308,1308,0.21749474287033083,2.0,2.0,0.808217465877533,0.000331804680172354
DQN,75,mid,309,1309,0.09000000000000001,1.0,1.0,0.14631287753582,0.0003133643476758152
DQN,75,mid,310,1310,-0.010581297874450682,7.0,3.0,1.012536644935608,0.00024394365027546883
DQN,75,mid,311,1311,0.14570637226104738,2.0,2.0,0.7355205416679382,0.0003184538218192756
DQN,75,mid,312,1312,0.21308005571365357,3.0,3.0,0.753413200378418,0.00029064042610116303
DQN,75,mid,313,1313,-0.03256435990333556,5.0,3.0,0.3268895745277405,0.0002905570261646062
DQN,75,mid,314,1314,0.025814013481140152,2.0,2.0,0.6411173939704895,0.00025496955640846863
DQN,75,mid,315,1315,0.10972119092941286,3.0,3.0,0.3047432005405426,0.000566242514954259
DQN,75,mid,316,1316,-0.2549462914466858,10.0,5.0,0.4315703213214874,0.0002751342675765045
DQN,75,mid,317,1317,0.12767835140228273,2.0,2.0,0.5783705711364746,0.0003593422588892281
DQN,75,mid,318,1318,0.07027508497238161,2.0,2.0,0.29269811511039734,0.00030739695648662746
DQN,75,mid,319,1319,0.09000000000000001,1.0,1.0,0.6585167050361633,0.00020137724641244859
DQN,75,mid,320,1320,0.09000000000000001,1.0,1.0,0.6449366807937622,0.00018198511679656804
DQN,75,mid,321,1321,0.08593870878219606,2.0,2.0,0.7752055525779724,0.00026263451582053676
DQN,75,mid,322,1322,0.11979843139648438,4.0,3.0,0.6713828444480896,0.00022386282216757536
DQN,75,mid,323,1323,0.24287946701049806,2.0,2.0,0.8257198333740234,0.00036750872823176906
DQN,75,mid,324,1324,0.2232960653305054,3.0,2.0,0.6754305958747864,0.000231941516782778
DQN,75,mid,325,1325,-0.36139422655105596,10.0,3.0,0.8988742232322693,0.00028692545311059803
DQN,75,mid,326,1326,0.1026571559906006,2.0,2.0,0.5227126479148865,0.00017830286378739402
DQN,75,mid,327,1327,0.09000000000000001,1.0,1.0,0.9008973836898804,0.0002463774580974132
DQN,75,mid,328,1328,0.37189616441726686,2.0,2.0,0.781053364276886,0.00027599385066423565
DQN,75,mid,329,1329,0.09000000000000001,1.0,1.0,0.3980962932109833,0.00039023556746542454
DQN,75,mid,330,1330,0.36283887147903443,3.0,3.0,0.6848028898239136,0.00035408644665343064
DQN,75,mid,331,1331,0.13079668760299684,2.0,2.0,0.5876761674880981,0.0002761515715974383
DQN,75,mid,332,1332,0.201502161026001,2.0,2.0,0.6592430472373962,0.0003248711145715788
DQN,75,mid,333,1333,0.09000000000000001,1.0,1.0,0.2044280618429184,0.00045833433978259563
DQN,75,mid,334,1334,-0.15170382738113403,3.0,3.0,0.7613089680671692,0.0003473608909795682
DQN,75,mid,335,1335,0.2025671172142029,2.0,2.0,0.6048442721366882,0.0005640653544105589
DQN,75,mid,336,1336,0.24852145433425904,3.0,3.0,0.7774415612220764,0.00030215096194297075
DQN,75,mid,337,1337,0.09000000000000001,1.0,1.0,0.11771710962057114,0.0003364326839800924
DQN,75,mid,338,1338,0.19143362522125246,2.0,2.0,0.5561534762382507,0.0003209175411029719
DQN,75,mid,339,1339,-0.022584503889083854,5.0,2.0,0.4954005777835846,0.00036010408657602964
DQN,75,mid,340,1340,0.02764488935470582,2.0,2.0,0.6724429130554199,0.00034285688889212906
DQN,75,mid,341,1341,0.13807107686996462,2.0,2.0,0.3505256772041321,0.00025562542577972636
DQN,75,mid,342,1342,-0.14161492705345152,7.0,3.0,0.16103577613830566,0.0002640047626170729
DQN,75,mid,343,1343,0.09555406093597413,3.0,3.0,0.7376322150230408,0.00024504227621946484
DQN,75,mid,344,1344,0.023573179244995135,3.0,2.0,0.505642831325531,0.00023836110873768726
DQN,75,mid,345,1345,0.08084868073463441,2.0,2.0,0.2362508475780487,0.0002652061084518209
DQN,75,mid,346,1346,0.09000000000000001,1.0,1.0,0.3072137236595154,0.0008002174436114728
DQN,75,mid,347,1347,0.24303887009620667,3.0,3.0,0.25712791085243225,0.000786571244437558
DQN,75,mid,348,1348,0.0928844976425171,2.0,2.0,0.4120691120624542,0.0006060180166969076
DQN,75,mid,349,1349,-0.1157238459587097,6.0,4.0,0.8294215798377991,0.00031098856319052476
DQN,75,mid,350,1350,0.13079885363578797,3.0,3.0,0.3279740512371063,0.0004144089907640591
DQN,75,mid,351,1351,0.06145499825477601,2.0,2.0,0.3588295578956604,0.00035925446718465537
DQN,75,mid,352,1352,0.09000000000000001,1.0,1.0,0.14436236023902893,0.0004938499769195914
DQN,75,mid,353,1353,0.09000000000000001,1.0,1.0,0.5944799780845642,0.00020741764456033707
DQN,75,mid,354,1354,0.19311382055282594,2.0,2.0,0.7472237348556519,0.0004437704919837415
DQN,75,mid,355,1355,0.09000000000000001,1.0,1.0,0.607613742351532,0.0001461048232158646
DQN,75,mid,356,1356,0.09000000000000001,1.0,1.0,0.19707044959068298,0.00014791027933824807
DQN,75,mid,357,1357,-0.059130917787551876,3.0,2.0,0.3017245829105377,0.00023495556282189986
DQN,75,mid,358,1358,0.24478615045547486,3.0,3.0,0.6190634965896606,0.00023454366843604171
DQN,75,mid,359,1359,0.09000000000000001,1.0,1.0,0.22979368269443512,0.00011259511666139588
DQN,75,mid,360,1360,-0.100038640499115,3.0,3.0,0.4647752344608307,0.0004070012946613133
DQN,75,mid,361,1361,0.09000000000000001,1.0,1.0,0.5534501075744629,0.0008962585707195103
DQN,75,mid,362,1362,0.09000000000000001,1.0,1.0,0.3428751826286316,0.00018432665092404932
DQN,75,mid,363,1363,-0.2143577694892883,10.0,3.0,0.8928990960121155,0.00038176196394488213
DQN,75,mid,364,1364,0.08425380468368532,2.0,2.0,0.2545832693576813,0.0004066193359903991
DQN,75,mid,365,1365,0.28768678188323976,2.0,2.0,0.2808837294578552,0.0001581280812388286
DQN,75,mid,366,1366,0.09000000000000001,1.0,1.0,0.3870611786842346,0.00018634906155057251
DQN,75,mid,367,1367,0.05621756792068482,2.0,2.0,0.23345281183719635,0.000431207416113466
DQN,75,mid,368,1368,0.07733621120452883,3.0,2.0,0.6083466410636902,0.00028117484180256724
DQN,75,mid,369,1369,0.11091269731521608,2.0,2.0,0.827259361743927,0.00030492253426928073
DQN,75,mid,370,1370,0.09000000000000001,1.0,1.0,0.13828547298908234,0.00023693087860010564
DQN,75,mid,371,1371,0.09000000000000001,1.0,1.0,0.2651084065437317,0.000248805241426453
DQN,75,mid,372,1372,0.08675547122955324,2.0,2.0,0.37663331627845764,0.0011830791918328032
DQN,75,mid,373,1373,0.09000000000000001,1.0,1.0,0.2059631049633026,0.00031597414636053145
DQN,75,mid,374,1374,0.04799770772457123,4.0,3.0,0.21979056298732758,0.00036145610283710994
DQN,75,mid,375,1375,0.09000000000000001,1.0,1.0,0.3969101309776306,0.0001960503577720374
DQN,75,mid,376,1376,-0.001589179039001451,5.0,4.0,0.30288583040237427,0.00029304765339475123
DQN,75,mid,377,1377,0.09000000000000001,1.0,1.0,0.2724054753780365,0.00021361769177019596
DQN,75,mid,378,1378,0.049805797338485724,3.0,3.0,0.32541725039482117,0.00022505511393925795
DQN,75,mid,379,1379,0.09000000000000001,1.0,1.0,0.27056512236595154,0.0005049574538134038
DQN,75,mid,380,1380,0.1189426350593567,2.0,2.0,0.22416114807128906,0.00025774520327104256
DQN,75,mid,381,1381,0.04890580654144288,2.0,2.0,0.36477670073509216,0.00019342092127772048
DQN,75,mid,382,1382,-0.07446455240249632,3.0,3.0,1.0027544498443604,0.00018287179409526289
DQN,75,mid,383,1383,0.14573321461677552,3.0,3.0,0.4442535936832428,0.00019790059498821697
DQN,75,mid,384,1384,0.09000000000000001,1.0,1.0,0.30003389716148376,0.0002333506417926401
DQN,75,mid,385,1385,-0.02905476331710817,9.0,5.0,0.6662651896476746,0.00029222513128641166
DQN,75,mid,386,1386,0.09679676532745363,6.0,3.0,0.7728108763694763,0.00019226976049443087
DQN,75,mid,387,1387,0.05462010622024538,3.0,2.0,0.740010142326355,0.007533451236668043
DQN,75,mid,388,1388,0.054022927284240733,3.0,2.0,0.5729455947875977,0.0002655023369394864
DQN,75,mid,389,1389,0.1725925350189209,6.0,3.0,1.2041841745376587,0.0002985232155576038
DQN,75,mid,390,1390,0.09000000000000001,1.0,1.0,0.5262011885643005,0.0005806314293295145
DQN,75,mid,391,1391,0.09457107067108156,2.0,2.0,0.6719045639038086,0.00025231872859876603
DQN,75,mid,392,1392,0.16925496578216553,3.0,3.0,0.7042021751403809,0.00021797551501852772
DQN,75,mid,393,1393,-0.14663100004196167,6.0,4.0,0.6782152056694031,0.00020966686376292878
DQN,75,mid,394,1394,-0.0053556990623473966,2.0,2.0,0.9117526412010193,0.00022660776812699623
DQN,75,mid,395,1395,0.09000000000000001,1.0,1.0,0.5356329083442688,0.00020560580014716834
DQN,75,mid,396,1396,0.07004685878753664,2.0,2.0,0.552863597869873,0.0029792966743116267
DQN,75,mid,397,1397,0.15895432233810425,5.0,4.0,0.6327895522117615,0.00026073258777614683
DQN,75,mid,398,1398,-0.03649338006973267,7.0,6.0,0.35800573229789734,0.00043864978943020105
DQN,75,mid,399,1399,0.23974542498588564,2.0,2.0,0.49964556097984314,0.009823823667829856
DQN,75,mid,400,1400,0.10701872587203981,2.0,2.0,0.8238508105278015,0.0003608245533541776
DQN,75,mid,401,1401,0.12435414075851442,2.0,2.0,0.6984772682189941,0.0003742291301023215
DQN,75,mid,402,1402,-0.10550344526767728,4.0,3.0,0.31139087677001953,0.00027588867669692263
DQN,75,mid,403,1403,0.07804055690765382,2.0,2.0,0.07610154896974564,0.0003103936032857746
DQN,75,mid,404,1404,0.09000000000000001,1.0,1.0,0.9207649230957031,0.00028348807245492935
DQN,75,mid,405,1405,-0.13254026889801024,2.0,2.0,0.7138293981552124,0.00033217432792298496
DQN,75,mid,406,1406,0.22755165576934816,2.0,2.0,0.8985785245895386,0.0003197557816747576
DQN,75,mid,407,1407,-0.12225588440895081,3.0,3.0,0.6216562986373901,0.0002894588202858965
DQN,75,mid,408,1408,-0.3866402959823608,6.0,3.0,0.9444015622138977,0.0004295534284513754
DQN,75,mid,409,1409,0.1141352128982544,3.0,3.0,0.37489205598831177,0.00019494569763386002
DQN,75,mid,410,1410,0.09000000000000001,1.0,1.0,0.7266028523445129,0.0001588303712196648
DQN,75,mid,411,1411,0.025801486968994147,3.0,3.0,0.5630515813827515,0.0022411665219503143
DQN,75,mid,412,1412,0.09000000000000001,1.0,1.0,0.615740954875946,0.00021266205294523388
DQN,75,mid,413,1413,0.09000000000000001,1.0,1.0,0.3783280551433563,0.0004121426318306476
DQN,75,mid,414,1414,0.15229506969451906,2.0,2.0,0.6433709263801575,0.0003955139545723796
DQN,75,mid,415,1415,0.028284318447113044,3.0,3.0,0.8078781962394714,0.00036721241000729304
DQN,75,mid,416,1416,0.11283434152603151,3.0,3.0,0.9024456739425659,0.00046469516625317436
DQN,75,mid,417,1417,0.02266530871391298,2.0,2.0,0.4345291554927826,0.0003429981297813356
DQN,75,mid,418,1418,-0.05444647908210752,4.0,3.0,0.5074442028999329,0.00031984205270418897
DQN,75,mid,419,1419,0.20955769896507265,2.0,2.0,0.46637746691703796,0.0005413848703028634
DQN,75,mid,420,1420,0.18443550348281862,2.0,2.0,0.4787869453430176,0.000581858679652214
DQN,75,mid,421,1421,0.012923378944396977,3.0,2.0,0.5531017184257507,0.0055066049001955735
DQN,75,mid,422,1422,-0.04088210105895994,4.0,3.0,0.6880454421043396,0.00033399635867681354
DQN,75,mid,423,1423,0.11405546426773072,4.0,3.0,0.36057552695274353,0.0002547222138673533
DQN,75,mid,424,1424,0.10924977779388428,3.0,3.0,0.669743001461029,0.000310678529785946
DQN,75,mid,425,1425,-0.06664066314697266,10.0,4.0,1.1292604207992554,0.0002885226276703179
DQN,75,mid,426,1426,0.14119888067245484,3.0,3.0,0.6062899827957153,0.000606260863908877
DQN,75,mid,427,1427,0.1442347264289856,4.0,3.0,0.7662211060523987,0.00035838180338032544
DQN,75,mid,428,1428,0.2274064588546753,2.0,2.0,0.6722065806388855,0.00026466231793165207
DQN,75,mid,429,1429,0.16920764923095705,2.0,2.0,0.9060333967208862,0.0005552410875679925
DQN,75,mid,430,1430,0.22739471673965456,2.0,2.0,0.9969847798347473,0.000291214237222448
DQN,75,mid,431,1431,-0.03304867744445801,5.0,3.0,0.6993485689163208,0.00038725769554730504
DQN,75,mid,432,1432,0.1829543113708496,5.0,4.0,0.8090959191322327,0.0019133435736875982
DQN,75,mid,433,1433,0.2558975088596344,2.0,2.0,0.3356318771839142,0.00027459066041046754
DQN,75,mid,434,1434,0.09000000000000001,1.0,1.0,0.4366632103919983,0.00024280857178382576
DQN,75,mid,435,1435,0.3435241150856018,2.0,2.0,0.7562329173088074,0.0004584629787132144
DQN,75,mid,436,1436,0.16651196956634523,2.0,2.0,0.6915802955627441,0.0004914530654787086
DQN,75,mid,437,1437,0.17481179714202882,2.0,2.0,0.44301146268844604,0.0002293303405167535
DQN,75,mid,438,1438,0.12452251672744752,4.0,3.0,0.5894626379013062,0.0002083172912534792
DQN,75,mid,439,1439,0.1322999691963196,4.0,3.0,0.9116293787956238,0.00021138017473276705
DQN,75,mid,440,1440,0.015580335855484018,4.0,3.0,0.4035916328430176,0.00023503903867094778
DQN,75,mid,441,1441,0.09000000000000001,1.0,1.0,0.10021968930959702,0.00029786728555336595
DQN,75,mid,442,1442,0.09000000000000001,1.0,1.0,0.4374224543571472,0.0002965389285236597
DQN,75,mid,443,1443,0.2441088128089905,2.0,2.0,0.9199216961860657,0.0003181382780894637
DQN,75,mid,444,1444,0.4770032835006714,3.0,3.0,0.2843722701072693,0.0003301592757149289
DQN,75,mid,445,1445,0.0984871554374695,2.0,2.0,0.8811894655227661,0.0003492952382657677
DQN,75,mid,446,1446,0.01040253996849061,4.0,3.0,0.38160720467567444,0.00024224721710197628
DQN,75,mid,447,1447,0.09595777273178102,2.0,2.0,0.6286811828613281,0.00026930595049634576
DQN,75,mid,448,1448,0.017169872224330918,2.0,2.0,0.15270832180976868,0.00026183100271737203
DQN,75,mid,449,1449,0.19525057315826422,6.0,4.0,0.7515143156051636,0.0006541634672127353
DQN,75,mid,450,1450,-0.017799358367919918,3.0,2.0,0.5804483294487,0.000360950332833454
DQN,75,mid,451,1451,0.14272679567337038,2.0,2.0,0.7833012342453003,0.00020755644072778523
DQN,75,mid,452,1452,0.09000000000000001,1.0,1.0,0.25270193815231323,0.00039719618507660925
DQN,75,mid,453,1453,-0.42067742347717285,10.0,3.0,0.9426373243331909,0.0003794591611949727
DQN,75,mid,454,1454,0.049847373962402346,4.0,3.0,0.7035985589027405,0.0004731055159936659
DQN,75,mid,455,1455,-0.17190544128417967,7.0,3.0,0.6718090176582336,0.00021213168968513076
DQN,75,mid,456,1456,0.21200062513351442,2.0,2.0,0.5275710225105286,0.00021422039571916685
DQN,75,mid,457,1457,-0.17094987630844116,5.0,4.0,0.7567291259765625,0.00031352095829788594
DQN,75,mid,458,1458,-0.12687565386295319,5.0,4.0,0.2337731271982193,0.00020559518598020076
DQN,75,mid,459,1459,0.17665545821189882,2.0,2.0,0.33526691794395447,0.0002621091807668563
DQN,75,mid,460,1460,-0.19103568553924555,6.0,4.0,1.0088121891021729,0.0001698789419606328
DQN,75,mid,461,1461,0.08883998513221743,3.0,3.0,0.3752896189689636,0.0002202293835580349
DQN,75,mid,462,1462,0.09000000000000001,1.0,1.0,0.07871167361736298,0.0002681575424503535
DQN,75,mid,463,1463,-0.03178603768348692,2.0,2.0,0.5282716155052185,0.00018070768419420347
DQN,75,mid,464,1464,0.022301623821258554,4.0,3.0,0.6029475331306458,0.0001929918726091273
DQN,75,mid,465,1465,0.2622249794006348,3.0,3.0,0.8095017671585083,0.00015322694283289215
DQN,75,mid,466,1466,0.13858781933784486,2.0,2.0,0.2840237021446228,0.00021238219778751954
DQN,75,mid,467,1467,0.09000000000000001,1.0,1.0,0.03066016174852848,0.00026115772197954357
DQN,75,mid,468,1468,0.04240525722503663,4.0,3.0,0.7797090411186218,0.00021211101920926012
DQN,75,mid,469,1469,0.20585505843162538,2.0,2.0,0.40093091130256653,0.00016388335643569008
DQN,75,mid,470,1470,0.016432123184204117,2.0,2.0,0.8285401463508606,0.00023197702103061602
DQN,75,mid,471,1471,-0.021577279567718502,3.0,2.0,0.9611294865608215,0.00033424312035397935
DQN,75,mid,472,1472,0.17689627170562744,4.0,4.0,0.6882601380348206,0.00021107409338583238
DQN,75,mid,473,1473,0.10193212509155275,2.0,2.0,0.2626459300518036,0.00014774214650969952
DQN,75,mid,474,1474,0.04090412378311158,3.0,2.0,0.8796790242195129,0.0002591544180177152
DQN,75,mid,475,1475,-0.2741179746389389,7.0,3.0,0.21565485000610352,0.00020953871925095363
DQN,75,mid,476,1476,0.1501011323928833,3.0,3.0,0.6550830006599426,0.00022976861509960145
DQN,75,mid,477,1477,0.0809979009628296,2.0,2.0,0.36120161414146423,0.0002593054814497009
DQN,75,mid,478,1478,0.019981535077095047,2.0,2.0,0.13051311671733856,0.00022206962603377178
DQN,75,mid,479,1479,0.10587842941284181,2.0,2.0,0.7370959520339966,0.00023355698067462072
DQN,75,mid,480,1480,0.11406763076782228,2.0,2.0,0.41005340218544006,0.00011542149150045589
DQN,75,mid,481,1481,0.1302414107322693,2.0,2.0,0.8633435964584351,0.00021501065202755854
DQN,75,mid,482,1482,0.20989032268524171,2.0,2.0,0.8346133232116699,0.00020748489259858616
DQN,75,mid,483,1483,0.09000000000000001,1.0,1.0,0.5833354592323303,0.0002507275203242898
DQN,75,mid,484,1484,-0.008783025741577133,2.0,2.0,0.78030925989151,0.00017241395835299045
DQN,75,mid,485,1485,0.23458089113235475,2.0,2.0,0.6920798420906067,0.00021162164193810895
DQN,75,mid,486,1486,-0.11378844857215882,8.0,4.0,0.08166693150997162,0.00258911146374885
DQN,75,mid,487,1487,0.010230858325958256,3.0,2.0,0.5714948773384094,0.0003066190305010726
DQN,75,mid,488,1488,0.18700582504272462,3.0,3.0,0.7765197157859802,0.0008835126645863056
DQN,75,mid,489,1489,0.16298480510711671,2.0,2.0,1.0067791938781738,0.00034948400571011007
DQN,75,mid,490,1490,0.09000000000000001,1.0,1.0,0.8307604789733887,0.0001992151082959026
DQN,75,mid,491,1491,0.09000000000000001,1.0,1.0,0.21909677982330322,0.0005982888396829367
DQN,75,mid,492,1492,0.21066989183425905,2.0,2.0,0.8382641077041626,0.0002758590126177296
DQN,75,mid,493,1493,0.19793951272964477,4.0,4.0,0.5577687621116638,0.0005064066863269545
DQN,75,mid,494,1494,0.09403784751892091,2.0,2.0,0.6230086088180542,0.0001857127426774241
DQN,75,mid,495,1495,0.050373802185058596,4.0,3.0,0.7567624449729919,0.0003919627924915403
DQN,75,mid,496,1496,0.0658261251449585,3.0,3.0,0.719527542591095,0.0004258539993315935
DQN,75,mid,497,1497,0.09000000000000001,1.0,1.0,0.13838417828083038,0.0003901002637576312
DQN,75,mid,498,1498,0.19130269885063172,5.0,3.0,0.39760705828666687,0.0003324287536088377
DQN,75,mid,499,1499,0.1427979636192322,2.0,2.0,0.754481852054596,0.000288355746306479
DQN,75,mid,500,1500,0.15691395282745363,2.0,2.0,0.6408109664916992,0.000518901608302258
DQN,75,mid,501,1501,0.1208759117126465,2.0,2.0,1.2319899797439575,0.003221777835278772
DQN,75,mid,502,1502,0.16538894891738892,3.0,3.0,0.9343544840812683,0.0004090543176668386
DQN,75,mid,503,1503,0.09000000000000001,1.0,1.0,0.49814707040786743,0.0007847464294172823
DQN,75,mid,504,1504,0.1417148280143738,2.0,2.0,0.8015094995498657,0.0009345949365524575
DQN,75,mid,505,1505,0.12757273197174074,2.0,2.0,0.5293577313423157,0.0002950720372609794
DQN,75,mid,506,1506,0.1895228695869446,3.0,3.0,0.5764459371566772,0.00028910740608504665
DQN,75,mid,507,1507,0.09000000000000001,1.0,1.0,0.13596311211585999,0.0004366967477835715
DQN,75,mid,508,1508,-0.6578961610794067,10.0,3.0,0.835534393787384,0.0002868720723199658
DQN,75,mid,509,1509,0.06410105228424072,5.0,3.0,0.6722610592842102,0.00040577796753495934
DQN,75,mid,510,1510,0.12702401399612429,3.0,2.0,0.7209022641181946,0.0002543610704985137
DQN,75,mid,511,1511,0.09000000000000001,1.0,1.0,0.7749004364013672,0.0001984637783607468
DQN,75,mid,512,1512,0.034111767709255225,3.0,3.0,0.1476936638355255,0.0001931598138374587
DQN,75,mid,513,1513,0.09000000000000001,1.0,1.0,0.4163685441017151,0.0003786753804888576
DQN,75,mid,514,1514,0.1636886763572693,2.0,2.0,0.7087755799293518,0.00018907842604676262
DQN,75,mid,515,1515,-0.08649807453155518,3.0,3.0,0.8367821574211121,0.00016150345133307079
DQN,75,mid,516,1516,0.08931154251098633,6.0,4.0,0.6636343002319336,0.00020291948749218136
DQN,75,mid,517,1517,0.18755473375320436,2.0,2.0,0.7175239324569702,0.0008478236923110671
DQN,75,mid,518,1518,0.1307583522796631,3.0,3.0,0.7647646069526672,0.0002629131389160951
DQN,75,mid,519,1519,0.19051474332809448,10.0,5.0,0.8611745238304138,0.0003190603296388872
DQN,75,mid,520,1520,0.12705530405044557,2.0,2.0,0.34879302978515625,0.00014900284440955147
DQN,75,mid,521,1521,0.212058322429657,2.0,2.0,0.7171082496643066,0.0002364872270845808
DQN,75,mid,522,1522,-0.08861934185028077,4.0,3.0,0.7603462934494019,0.00017352340728393756
DQN,75,mid,523,1523,0.06691383749246599,2.0,2.0,0.08795611560344696,0.0001951528392964974
DQN,75,mid,524,1524,0.16166319131851198,2.0,2.0,0.27284616231918335,0.0002983496669912711
DQN,75,mid,525,1525,0.14738835573196413,2.0,2.0,0.22478735446929932,0.00019889372924808413
DQN,75,mid,526,1526,0.11541337490081788,3.0,3.0,0.8313846588134766,0.0003152167094716181
DQN,75,mid,527,1527,-0.11549731492996215,10.0,5.0,0.8603360056877136,0.0003364107600646093
DQN,75,mid,528,1528,-0.4001445770263672,10.0,3.0,0.5201465487480164,0.00023274633058463224
DQN,75,mid,529,1529,0.09000000000000001,1.0,1.0,0.26075446605682373,0.0002029130992013961
DQN,75,mid,530,1530,0.09000000000000001,1.0,1.0,0.2782956659793854,9.904395847115666e-05
DQN,75,mid,531,1531,0.09000000000000001,1.0,1.0,0.10054844617843628,0.00023652946401853114
DQN,75,mid,532,1532,0.09000000000000001,1.0,1.0,0.29905208945274353,0.00026373390574008226
DQN,75,mid,533,1533,0.15387124538421632,3.0,3.0,1.090934157371521,0.00011286492857228343
DQN,75,mid,534,1534,0.09000000000000001,1.0,1.0,0.6928509473800659,0.00020122506248299032
DQN,75,mid,535,1535,0.09000000000000001,1.0,1.0,0.29123157262802124,0.00044888374395668507
DQN,75,mid,536,1536,-0.07777974843978881,4.0,2.0,0.8379384279251099,0.00015511389210587367
DQN,75,mid,537,1537,0.25405212938785554,5.0,3.0,0.20129792392253876,0.00020542823331197723
DQN,75,mid,538,1538,0.02095854759216309,7.0,4.0,0.9817434549331665,0.00030555125184556734
DQN,75,mid,539,1539,-0.09721502900123598,4.0,4.0,0.4737701416015625,0.0005409470795711968
DQN,75,mid,540,1540,0.17494572877883913,2.0,2.0,0.780148983001709,0.0004417952004587278
DQN,75,mid,541,1541,0.20858182191848756,2.0,2.0,0.8348004221916199,0.00031022948678582907
DQN,75,mid,542,1542,0.10778573334217073,2.0,2.0,0.11699426174163818,0.00022864438506076112
DQN,75,mid,543,1543,0.13018150806427004,2.0,2.0,0.6680348515510559,0.000825923663796857
DQN,75,mid,544,1544,0.09000000000000001,1.0,1.0,0.3434397876262665,0.002306547248736024
DQN,75,mid,545,1545,-0.025895829200744624,7.0,4.0,0.9257599115371704,0.000487843416132299
DQN,75,mid,546,1546,-0.3163767695426941,10.0,5.0,0.613381564617157,0.00047932223678799347
DQN,75,mid,547,1547,0.05086364269256592,3.0,2.0,0.6359448432922363,0.0013135589348773162
DQN,75,mid,548,1548,-0.20659856796264647,10.0,4.0,0.8164091110229492,0.00045427170116454365
DQN,75,mid,549,1549,0.04743342280387879,2.0,2.0,0.5258396863937378,0.00033668449032120407
DQN,75,mid,550,1550,0.1306538897752762,2.0,2.0,0.20146240293979645,0.00032942260440904647
DQN,75,mid,551,1551,0.2123116421699524,2.0,2.0,0.5879586338996887,0.00031740852136863396
DQN,75,mid,552,1552,0.10828771114349367,3.0,2.0,0.49349063634872437,0.00033036367191622656
DQN,75,mid,553,1553,0.31789024353027345,2.0,2.0,0.7825096845626831,0.0004707733169198036
DQN,75,mid,554,1554,0.09801811695098879,3.0,3.0,0.5966978073120117,0.00047929932285721105
DQN,75,mid,555,1555,0.1371667551994324,2.0,2.0,0.2290584146976471,0.0003891881351592019
DQN,75,mid,556,1556,-0.018798756599426272,5.0,3.0,1.0046660900115967,0.0005937972135143354
DQN,75,mid,557,1557,0.0921221148967743,3.0,3.0,0.3711513876914978,0.00027640946791507304
DQN,75,mid,558,1558,0.09000000000000001,1.0,1.0,1.133975863456726,0.00031030786340124905
DQN,75,mid,559,1559,-0.1217099928855896,9.0,4.0,0.8112072348594666,0.00030780253938347515
DQN,75,mid,560,1560,-0.11351125717163087,3.0,3.0,0.8399451375007629,0.00035973312333226204
DQN,75,mid,561,1561,0.09000000000000001,1.0,1.0,0.06615560501813889,0.0002304146037204191
DQN,75,mid,562,1562,0.09000000000000001,1.0,1.0,0.11638377606868744,0.00018131961405742913
DQN,75,mid,563,1563,0.06649017326533796,2.0,2.0,0.03678864240646362,0.000343852472724393
DQN,75,mid,564,1564,0.09783496141433717,2.0,2.0,0.7926189303398132,0.0003005870239576325
DQN,75,mid,565,1565,0.030519098043441766,5.0,4.0,0.3845832049846649,0.00017437479400541633
DQN,75,mid,566,1566,0.1777957844734192,2.0,2.0,0.6031475067138672,0.0002235453575849533
DQN,75,mid,567,1567,0.09000000000000001,1.0,1.0,0.6400822997093201,0.0002871998294722289
DQN,75,mid,568,1568,0.19247152090072633,2.0,2.0,0.3371162712574005,0.00021609944815281779
DQN,75,mid,569,1569,0.07911510944366457,2.0,2.0,0.2314273566007614,0.00030218060419429094
DQN,75,mid,570,1570,-0.015923373699188226,3.0,3.0,0.651002049446106,0.0001965077050651113
DQN,75,mid,571,1571,0.04827678382396699,2.0,2.0,0.23786351084709167,0.0013160326197976246
DQN,75,mid,572,1572,0.05418767213821412,2.0,2.0,0.38085001707077026,0.00029941437242086977
DQN,75,mid,573,1573,0.04037822961807252,2.0,2.0,0.8809185028076172,0.00034190020232927054
DQN,75,mid,574,1574,0.09000000000000001,1.0,1.0,1.1810814142227173,0.0003281042445451021
DQN,75,mid,575,1575,0.09000000000000001,1.0,1.0,0.10796796530485153,0.00030063799931667745
DQN,75,mid,576,1576,-0.33327862024307253,10.0,5.0,0.7725686430931091,0.00025224192504538225
DQN,75,mid,577,1577,0.09000000000000001,1.0,1.0,0.5236638784408569,0.000215116364415735
DQN,75,mid,578,1578,0.09000000000000001,1.0,1.0,0.4623425006866455,0.0001722491142572835
DQN,75,mid,579,1579,-0.05742501258850098,4.0,3.0,0.7992308735847473,0.00021065336841274984
DQN,75,mid,580,1580,0.07345302581787111,2.0,2.0,0.519731879234314,0.0003876830087392591
DQN,75,mid,581,1581,0.03672146975994111,2.0,2.0,0.11714117974042892,0.00031828264764044434
DQN,75,mid,582,1582,0.15845566987991333,5.0,4.0,0.7656413912773132,0.0001266437626327388
DQN,75,mid,583,1583,0.17246771574020386,3.0,3.0,0.2743379771709442,0.00029210893262643367
DQN,75,mid,584,1584,-0.44949917793273925,10.0,2.0,0.9976968765258789,0.0003277578012784943
DQN,75,mid,585,1585,-0.13634315490722654,6.0,2.0,0.5617693662643433,0.00034284878832598525
DQN,75,mid,586,1586,0.15492738962173463,2.0,2.0,0.6260966658592224,0.00024839276738930494
DQN,75,mid,587,1587,0.11954577445983888,2.0,2.0,0.6444546580314636,0.00024401408154517412
DQN,75,mid,588,1588,0.28775174140930176,3.0,3.0,0.6120337843894958,0.00035573713830672204
DQN,75,mid,589,1589,0.1286021637916565,2.0,2.0,0.6566867828369141,0.0001375331121380441
DQN,75,mid,590,1590,0.1846380400657654,2.0,2.0,0.9508129954338074,0.00015647000691387802
DQN,75,mid,591,1591,0.3780812096595764,3.0,3.0,0.6550050973892212,0.0002792433103119644
DQN,75,mid,592,1592,0.18822135210037233,2.0,2.0,0.525170624256134,0.0003295726055512205
DQN,75,mid,593,1593,0.09000000000000001,1.0,1.0,0.2675248682498932,0.0002107926702592522
DQN,75,mid,594,1594,0.09000000000000001,1.0,1.0,0.46012404561042786,0.0003024592879228294
DQN,75,mid,595,1595,0.2655219006538391,2.0,2.0,0.9963998198509216,0.00016115310427267104
DQN,75,mid,596,1596,0.2955745029449463,2.0,2.0,0.6331973671913147,0.00021552918042289093
DQN,75,mid,597,1597,0.04738656610250474,2.0,2.0,0.1398184597492218,0.00033604903728701174
DQN,75,mid,598,1598,0.14319946050643922,2.0,2.0,0.5703060030937195,0.0001480907085351646
DQN,75,mid,599,1599,0.09092916727066042,2.0,2.0,0.45091375708580017,0.00013683772704098374
DQN,75,mid,600,1600,0.18939091444015504,2.0,2.0,0.7964972257614136,0.00017951795598492026
DQN,75,mid,601,1601,0.10346032857894899,2.0,2.0,0.6928815245628357,0.00016792473616078496
DQN,75,mid,602,1602,-0.03366778373718261,3.0,2.0,0.7120751142501831,0.00018456556426826864
DQN,75,mid,603,1603,0.204094694852829,2.0,2.0,0.2875385880470276,0.0004744778270833194
DQN,75,mid,604,1604,-0.3672855162620544,9.0,2.0,0.9886578321456909,0.0001948079677984222
DQN,75,mid,605,1605,-0.11951722025871277,2.0,2.0,0.6902995705604553,0.0002621334861032665
DQN,75,mid,606,1606,0.09000000000000001,1.0,1.0,0.38300904631614685,0.00019282096764072776
DQN,75,mid,607,1607,0.06091967642307282,3.0,2.0,0.15543992817401886,0.00027035113210634637
DQN,75,mid,608,1608,0.06884236097335816,4.0,3.0,0.7506703734397888,0.0002897956765082199
DQN,75,mid,609,1609,0.09000000000000001,1.0,1.0,0.7155342698097229,0.0002925430308096111
DQN,75,mid,610,1610,0.11355342149734499,2.0,2.0,0.853686511516571,0.00023639095161342993
DQN,75,mid,611,1611,0.21547891378402712,2.0,2.0,0.6922780871391296,0.00017516990192234516
DQN,75,mid,612,1612,0.09000000000000001,1.0,1.0,0.255144864320755,0.004629699047654867
DQN,75,mid,613,1613,0.09000000000000001,1.0,1.0,0.35152775049209595,0.0003576029557734728
DQN,75,mid,614,1614,0.09000000000000001,1.0,1.0,0.21329760551452637,0.0004387545632198453
DQN,75,mid,615,1615,0.16652013540267946,2.0,2.0,0.635016143321991,0.0015575896977679804
DQN,75,mid,616,1616,-0.021114120483398433,6.0,5.0,0.6362705826759338,0.0004879579015929873
DQN,75,mid,617,1617,0.03714399218559266,2.0,2.0,0.30989715456962585,0.00043521105544641614
DQN,75,mid,618,1618,0.09000000000000001,1.0,1.0,0.47645002603530884,0.0004097126075066626
DQN,75,mid,619,1619,0.19722913384437563,2.0,2.0,0.3387632369995117,0.0004907280672341585
DQN,75,mid,620,1620,0.1895627546310425,2.0,2.0,1.2674992084503174,0.0005583498277701437
DQN,75,mid,621,1621,0.4509858560562134,3.0,3.0,0.8462514877319336,0.013122692515025847
DQN,75,mid,622,1622,0.09000000000000001,1.0,1.0,0.1456615924835205,0.0004094840551260859
DQN,75,mid,623,1623,0.29344470977783205,2.0,2.0,0.7642202377319336,0.0004065002576680854
DQN,75,mid,624,1624,0.13163219571113588,2.0,2.0,0.16165673732757568,0.0006965874636080116
DQN,75,mid,625,1625,-0.030006014108657844,3.0,3.0,0.5399152636528015,0.0003240142056408028
DQN,75,mid,626,1626,0.30435253858566286,2.0,2.0,0.5874008536338806,0.0006866920157335699
DQN,75,mid,627,1627,0.10884209156036379,2.0,2.0,0.39170512557029724,0.0003271766909165308
DQN,75,mid,628,1628,0.26355523586273194,3.0,3.0,0.5796460509300232,0.0003078242977305005
DQN,75,mid,629,1629,0.32117117166519166,3.0,3.0,0.7707915902137756,0.0003192575483505304
DQN,75,mid,630,1630,0.2245250415802002,3.0,3.0,0.5487176775932312,0.00041530436525742215
DQN,75,mid,631,1631,0.09000000000000001,1.0,1.0,0.1360010951757431,0.00031124724773690104
DQN,75,mid,632,1632,0.0707207414507866,2.0,2.0,0.06902701407670975,0.00027410225447965786
DQN,75,mid,633,1633,0.14308540701866151,2.0,2.0,0.48793014883995056,0.00019499347399687394
DQN,75,mid,634,1634,0.09000000000000001,1.0,1.0,0.6055721640586853,0.00013202424452174455
DQN,75,mid,635,1635,0.1495730894804001,2.0,2.0,0.1472826451063156,0.00021851705969311297
DQN,75,mid,636,1636,0.09000000000000001,1.0,1.0,0.517815887928009,0.00027765065897256136
DQN,75,mid,637,1637,0.09000000000000001,1.0,1.0,0.5113873481750488,0.0004769429797306657
DQN,75,mid,638,1638,0.03961254835128785,2.0,2.0,0.41788628697395325,0.000189878985111136
DQN,75,mid,639,1639,0.09000000000000001,1.0,1.0,0.25373056530952454,0.0003406477044336498
DQN,75,mid,640,1640,-0.00045136928558348055,2.0,2.0,0.5142466425895691,0.00040291321056429297
DQN,75,mid,641,1641,0.18699628829956055,3.0,3.0,0.692351758480072,0.0003900525140731285
DQN,75,mid,642,1642,0.2696907091140747,2.0,2.0,0.6136273145675659,0.0003042000316781923
DQN,75,mid,643,1643,-0.3011228621006012,10.0,2.0,0.4536597430706024,0.0008520751987816765
DQN,75,mid,644,1644,0.0006518757343292325,4.0,3.0,0.4757949411869049,0.0004884378431597725
DQN,75,mid,645,1645,-0.10284353494644165,5.0,5.0,0.6190346479415894,0.0004135833994951099
DQN,75,mid,646,1646,0.09000000000000001,1.0,1.0,0.17505934834480286,0.00022432307014241815
DQN,75,mid,647,1647,0.07000531435012819,2.0,2.0,0.21781036257743835,0.0004444243386387825
DQN,75,mid,648,1648,0.030362533330917367,2.0,2.0,0.4380553364753723,0.0001730449075694196
DQN,75,mid,649,1649,-0.08916651487350465,3.0,3.0,0.45882943272590637,0.00029587575894159573
DQN,75,mid,650,1650,0.42480594635009766,3.0,3.0,1.0779753923416138,0.0005206615605857223
DQN,75,mid,651,1651,0.09000000000000001,1.0,1.0,0.4430003762245178,0.002562005538493395
DQN,75,mid,652,1652,0.20885021209716798,3.0,3.0,0.7728515863418579,0.0002530177007429302
DQN,75,mid,653,1653,0.0302437710762024,2.0,2.0,0.702160656452179,0.0001635915323277004
DQN,75,mid,654,1654,0.09000000000000001,1.0,1.0,0.1052136942744255,0.005619069095700979
DQN,75,mid,655,1655,0.09499342918395998,2.0,2.0,0.5028369426727295,0.0004377480800030753
DQN,75,mid,656,1656,0.2401175594329834,4.0,3.0,0.7921446561813354,0.00046369303163373843
DQN,75,mid,657,1657,0.1812033820152283,2.0,2.0,0.547795832157135,0.00027657618920784444
DQN,75,mid,658,1658,0.09000000000000001,1.0,1.0,0.8230935335159302,0.0004795640707015991
DQN,75,mid,659,1659,0.12829870700836182,3.0,3.0,0.5258169770240784,0.0007439600594807416
DQN,75,mid,660,1660,0.048375027179718026,2.0,2.0,0.3958680331707001,0.00047757753054611385
DQN,75,mid,661,1661,-0.06141588389873505,5.0,3.0,0.18280138075351715,0.0004016811668407172
DQN,75,mid,662,1662,0.006376236677169814,5.0,4.0,0.3353085517883301,0.0004181144235190004
DQN,75,mid,663,1663,0.19978599429130556,2.0,2.0,0.4477021396160126,0.0006303679547272623
DQN,75,mid,664,1664,-0.21158350586891173,8.0,3.0,0.26668912172317505,0.00032426775032945443
DQN,75,mid,665,1665,0.240539448261261,2.0,2.0,0.6898605227470398,0.0003995868319179863
DQN,75,mid,666,1666,0.06889987230300904,6.0,4.0,0.7708689570426941,0.0006335619594513749
DQN,75,mid,667,1667,0.18826622486114503,3.0,3.0,0.7664558291435242,0.0003781167809696247
DQN,75,mid,668,1668,0.09000000000000001,1.0,1.0,0.1759890466928482,0.00037447037175297737
DQN,75,mid,669,1669,-0.32154098272323606,7.0,2.0,0.9132351875305176,0.0009356548731115513
DQN,75,mid,670,1670,0.09000000000000001,1.0,1.0,0.3677392303943634,0.00041719130240380764
DQN,75,mid,671,1671,0.01304243683815004,2.0,2.0,0.42612284421920776,0.00048690426046960056
DQN,75,mid,672,1672,0.225702064037323,2.0,2.0,0.7660143971443176,0.0003453387471381575
DQN,75,mid,673,1673,0.22108866453170778,2.0,2.0,0.6159817576408386,0.0002622697065817192
DQN,75,mid,674,1674,0.06693752288818361,2.0,2.0,1.1069117784500122,0.00026382737269159406
DQN,75,mid,675,1675,0.21231020212173463,3.0,3.0,0.5854803323745728,0.0002804780378937721
DQN,75,mid,676,1676,0.07474384427070618,3.0,3.0,0.3501596450805664,0.00021016410028096288
DQN,75,mid,677,1677,0.08097590684890749,2.0,2.0,0.7804186940193176,0.00021771820320282131
DQN,75,mid,678,1678,0.09000000000000001,1.0,1.0,0.18768513202667236,0.0003936256398446858
DQN,75,mid,679,1679,0.09000000000000001,1.0,1.0,0.23853754997253418,0.0002784363168757409
DQN,75,mid,680,1680,0.4347160625457764,2.0,2.0,0.5202208161354065,0.0002549182390794158
DQN,75,mid,681,1681,0.11829783201217653,2.0,2.0,0.6819671392440796,0.0002991543587995693
DQN,75,mid,682,1682,0.23946727991104128,2.0,2.0,0.3857406973838806,0.0003754113131435588
DQN,75,mid,683,1683,0.1755249619483948,5.0,3.0,0.9124662280082703,0.0004563940223306417
DQN,75,mid,684,1684,0.09000000000000001,1.0,1.0,0.1370832473039627,0.00024769731680862606
DQN,75,mid,685,1685,0.15392620086669923,3.0,3.0,0.6184214949607849,0.008970803348347545
DQN,75,mid,686,1686,0.09000000000000001,1.0,1.0,0.18116113543510437,0.0002960225101560354
DQN,75,mid,687,1687,0.27105985760688783,2.0,2.0,0.48895105719566345,0.0002515401865821332
DQN,75,mid,688,1688,-0.2573476219177246,9.0,3.0,0.3290216028690338,0.0003600533463112596
DQN,75,mid,689,1689,-0.016956744790077194,2.0,2.0,0.29632124304771423,0.0015919900470180437
DQN,75,mid,690,1690,0.08045453548431397,3.0,3.0,0.5437329411506653,0.0002756995430293803
DQN,75,mid,691,1691,0.2126833987236023,3.0,2.0,0.9504315257072449,0.0005241503919630001
DQN,75,mid,692,1692,0.009320755004882816,3.0,2.0,0.5552594065666199,0.00035150554807235795
DQN,75,mid,693,1693,0.1945332658290863,3.0,3.0,0.43612703680992126,0.0006518346926895902
DQN,75,mid,694,1694,0.18241519451141358,3.0,3.0,0.5675578713417053,0.0004359521553851664
DQN,75,mid,695,1695,0.30158405303955077,5.0,5.0,1.014701008796692,0.00036856032093055544
DQN,75,mid,696,1696,0.0537721884250641,3.0,3.0,0.5116896033287048,0.0007230436264459664
DQN,75,mid,697,1697,0.19557905912399293,3.0,3.0,0.7062617540359497,0.0003686831332743168
DQN,75,mid,698,1698,0.042467193603515634,2.0,2.0,0.47586265206336975,0.00043441771413199604
DQN,75,mid,699,1699,0.09000000000000001,1.0,1.0,0.38312238454818726,0.0005120002897456288
DQN,75,mid,700,1700,0.10989122271537782,2.0,2.0,0.38757801055908203,0.00028633474721573293
DQN,75,mid,701,1701,0.22162173867225649,2.0,2.0,0.29629191756248474,0.00043466036731842905
DQN,75,mid,702,1702,0.15792919874191286,2.0,2.0,0.8031672239303589,0.0020931603939970955
DQN,75,mid,703,1703,-0.003573467731475821,4.0,3.0,0.8657401204109192,0.0008079283506958745
DQN,75,mid,704,1704,0.2697428035736084,2.0,2.0,1.1601248979568481,0.0004692678776336834
DQN,75,mid,705,1705,0.11832629323005678,2.0,2.0,0.32014814019203186,0.00029602894210256636
DQN,75,mid,706,1706,0.06515391349792482,2.0,2.0,0.4560716450214386,0.0004829781100852415
DQN,75,mid,707,1707,0.16509045839309694,2.0,2.0,0.6752375364303589,0.0005189966323086992
DQN,75,mid,708,1708,0.04514706850051881,8.0,4.0,0.6640392541885376,0.0005501744963112287
DQN,75,mid,709,1709,0.005066560506820694,2.0,2.0,0.3280942142009735,0.00037740681727882475
DQN,75,mid,710,1710,-0.2869815635681152,8.0,3.0,0.7768345475196838,0.0003594957870518556
DQN,75,mid,711,1711,0.25120306968688966,4.0,3.0,0.8522406816482544,0.0003073744446737692
DQN,75,mid,712,1712,0.2929100561141968,2.0,2.0,0.9550862312316895,0.0005516781675396487
DQN,75,mid,713,1713,0.18508649587631226,3.0,3.0,0.7858359217643738,0.00028343871235847473
DQN,75,mid,714,1714,0.14532907724380495,3.0,2.0,0.592689573764801,0.0065032239848126965
DQN,75,mid,715,1715,0.1483679336309433,3.0,3.0,0.23547671735286713,0.00037069988320581615
DQN,75,mid,716,1716,0.08034462690353396,4.0,3.0,0.813980221748352,0.0018175285149482079
DQN,75,mid,717,1717,-0.643826574087143,10.0,3.0,0.34221816062927246,0.0009384063305333257
DQN,75,mid,718,1718,0.09000000000000001,1.0,1.0,0.44238826632499695,0.00020456053607631475
DQN,75,mid,719,1719,0.01457490205764772,2.0,2.0,0.3715176582336426,0.00042988965287804604
DQN,75,mid,720,1720,0.028064833879470834,2.0,2.0,0.35856226086616516,0.0007467925606761128
DQN,75,mid,721,1721,0.128465371131897,2.0,2.0,0.6383859515190125,0.0006303238915279508
DQN,75,mid,722,1722,-0.05227283239364623,5.0,2.0,0.6194925904273987,0.0003624387551099062
DQN,75,mid,723,1723,0.13475633382797242,3.0,3.0,0.8582583665847778,0.0004176619792512308
DQN,75,mid,724,1724,0.3596669602394104,2.0,2.0,0.6026089787483215,0.0002409623921266757
DQN,75,mid,725,1725,0.09000000000000001,1.0,1.0,0.4577021598815918,0.00045184584450908005
DQN,75,mid,726,1726,0.014772938489913956,2.0,2.0,0.5389481782913208,0.00023135765513870865
DQN,75,mid,727,1727,0.09000000000000001,1.0,1.0,0.3258588910102844,0.0004146016435697675
DQN,75,mid,728,1728,0.18089036822319032,2.0,2.0,0.4066445529460907,0.00024618333554826677
DQN,75,mid,729,1729,0.09000000000000001,1.0,1.0,0.9455218315124512,0.00023749428510200232
DQN,75,mid,730,1730,0.12377901554107668,2.0,2.0,0.5089976191520691,0.0002562375593697652
DQN,75,mid,731,1731,0.09000000000000001,1.0,1.0,0.2817433476448059,0.0002778469934128225
DQN,75,mid,732,1732,0.09000000000000001,1.0,1.0,0.7933961153030396,0.0014351342106238008
DQN,75,mid,733,1733,0.09000000000000001,1.0,1.0,0.1093941405415535,0.0002964323794003576
DQN,75,mid,734,1734,0.09000000000000001,1.0,1.0,0.02993966080248356,0.0001901914511108771
DQN,75,mid,735,1735,0.09600632071495058,2.0,2.0,0.42367854714393616,0.00031786560430191457
DQN,75,mid,736,1736,0.2816154432296753,3.0,3.0,0.6407248377799988,0.0003588595233547191
DQN,75,mid,737,1737,0.11729084372520449,3.0,2.0,0.3895127475261688,0.00028276630231024075
DQN,75,mid,738,1738,0.18739731788635255,2.0,2.0,0.6295045018196106,0.00020489476446527988
DQN,75,mid,739,1739,0.09000000000000001,1.0,1.0,0.07576056569814682,0.00037307580350898206
DQN,75,mid,740,1740,0.07237322807312013,2.0,2.0,0.6030973792076111,0.0002150478248950094
DQN,75,mid,741,1741,-0.5024070024490357,10.0,4.0,0.893616795539856,0.00027855068765347824
DQN,75,mid,742,1742,0.1197000312805176,2.0,2.0,0.17876781523227692,0.00021891570941079408
DQN,75,mid,743,1743,0.09000000000000001,1.0,1.0,0.5797812342643738,0.00026615694514475763
DQN,75,mid,744,1744,0.09000000000000001,1.0,1.0,0.379987508058548,0.00024868856417015195
DQN,75,mid,745,1745,0.0653606152534485,4.0,3.0,0.6281452775001526,0.0003141964589303825
DQN,75,mid,746,1746,0.09000000000000001,1.0,1.0,0.10934008657932281,0.00017060150275938213
DQN,75,mid,747,1747,0.25332821130752564,3.0,3.0,0.7226480841636658,0.00022376935036542514
DQN,75,mid,748,1748,0.01695008754730226,2.0,2.0,0.5284292101860046,0.00013162940740585327
DQN,75,mid,749,1749,0.10660056948661806,2.0,2.0,0.1596381962299347,0.00043120444752275944
DQN,75,mid,750,1750,0.07622378498315813,2.0,2.0,0.08246082067489624,0.00013787679927190766
DQN,75,mid,751,1751,0.09000000000000001,1.0,1.0,0.6693821549415588,0.0004083460371475667
DQN,75,mid,752,1752,0.09000000000000001,1.0,1.0,0.21536767482757568,0.00025861841277219355
DQN,75,mid,753,1753,0.025098867416381843,3.0,3.0,0.8345720171928406,0.00037423848213317495
DQN,75,mid,754,1754,0.12854111194610596,5.0,4.0,0.9700632095336914,0.0002562016248703003
DQN,75,mid,755,1755,-0.07166747331619262,8.0,3.0,0.6082590222358704,0.00025273723804275505
DQN,75,mid,756,1756,-0.0059482586383819425,2.0,2.0,0.4649953842163086,0.000626868408289738
DQN,75,mid,757,1757,0.036538617610931405,2.0,2.0,0.5807733535766602,0.000341544728144072
DQN,75,mid,758,1758,-0.17159538745880126,3.0,3.0,0.8979073762893677,0.0002551476548736294
DQN,75,mid,759,1759,0.01627041816711426,3.0,2.0,0.4734041094779968,0.008110335232534757
DQN,75,mid,760,1760,0.18409438610076906,2.0,2.0,0.7702242136001587,0.0003498323494568467
DQN,75,mid,761,1761,0.17985130071640015,3.0,3.0,0.840976893901825,0.000361554838794594
DQN,75,mid,762,1762,0.09000000000000001,1.0,1.0,0.5043319463729858,0.00026052628527395427
DQN,75,mid,763,1763,-0.05117981672286988,4.0,3.0,0.6150871515274048,0.0007108883000910282
DQN,75,mid,764,1764,0.20239604234695435,3.0,3.0,0.88360196352005,0.0003943376650568098
DQN,75,mid,765,1765,0.06702991008758546,2.0,2.0,0.17927062511444092,0.00037242005055304617
DQN,75,mid,766,1766,-0.1741513419151306,8.0,3.0,0.4991249442100525,0.0005387921428336995
DQN,75,mid,767,1767,0.09000000000000001,1.0,1.0,0.5442283153533936,0.0005472066113725305
DQN,75,mid,768,1768,0.025798807144165062,4.0,3.0,0.9711963534355164,0.0003175193451170344
DQN,75,mid,769,1769,0.0643145364522934,3.0,3.0,0.14458052814006805,0.000495988133479841
DQN,75,mid,770,1770,0.041945505142211924,5.0,5.0,0.9191374182701111,0.000408885144861415
DQN,75,mid,771,1771,0.21769817352294923,2.0,2.0,0.9041060209274292,0.00028933240537298843
DQN,75,mid,772,1772,0.15337266206741335,2.0,2.0,0.5938550233840942,0.00033556851849425584
DQN,75,mid,773,1773,0.09000000000000001,1.0,1.0,0.7464212775230408,0.0003603560908231884
DQN,75,mid,774,1774,-0.06613711833953857,2.0,2.0,0.7360127568244934,0.00021090021618874744
DQN,75,mid,775,1775,0.30427576780319215,2.0,2.0,0.7530006170272827,0.00022240490943659097
DQN,75,mid,776,1776,0.07373745918273927,2.0,2.0,0.9268257021903992,0.00028448707598727196
DQN,75,mid,777,1777,-0.049131793975830076,2.0,2.0,0.69534832239151,0.0003013900277437642
DQN,75,mid,778,1778,0.08609979033470155,2.0,2.0,0.11130984872579575,0.008390787552343681
DQN,75,mid,779,1779,0.0646627712249756,2.0,2.0,0.4030442237854004,0.0004586881404975429
DQN,75,mid,780,1780,0.09000000000000001,1.0,1.0,0.09055574238300323,0.00045369533472694457
DQN,75,mid,781,1781,-0.5163773775100708,10.0,2.0,1.0621215105056763,0.00036645654327003283
DQN,75,mid,782,1782,-0.09401623606681823,5.0,5.0,0.4916582703590393,0.0003701868932694197
DQN,75,mid,783,1783,0.20518827199935913,4.0,4.0,0.7432677149772644,0.00031690578180132434
DQN,75,mid,784,1784,0.02368594884872438,2.0,2.0,0.43548163771629333,0.00022648756566923112
DQN,75,mid,785,1785,0.09000000000000001,1.0,1.0,0.33570408821105957,0.00024843442952260375
DQN,75,mid,786,1786,0.25166929483413697,3.0,3.0,0.5538156032562256,0.00036248777178116143
DQN,75,mid,787,1787,0.09000000000000001,1.0,1.0,0.1577785313129425,0.00024225925153587013
DQN,75,mid,788,1788,-0.040905319452285746,3.0,3.0,0.5605729818344116,0.00026373307628091425
DQN,75,mid,789,1789,0.09000000000000001,1.0,1.0,0.38872963190078735,0.0001973313046619296
DQN,75,mid,790,1790,0.09693218946456911,2.0,2.0,0.6290726065635681,0.00016891321138245985
DQN,75,mid,791,1791,0.08268803358078004,5.0,4.0,0.7994451522827148,0.000495458923978731
DQN,75,mid,792,1792,0.08021837651729585,2.0,2.0,0.1531059890985489,0.00018684500537347049
DQN,75,mid,793,1793,0.1801824736595154,2.0,2.0,0.6519119143486023,0.00022002040350344032
DQN,75,mid,794,1794,0.09000000000000001,1.0,1.0,0.15746624767780304,0.000647862849291414
DQN,75,mid,795,1795,0.11003650903701784,2.0,2.0,0.546150803565979,0.00016433586279163137
DQN,75,mid,796,1796,0.008205105066299442,3.0,2.0,0.4319670796394348,0.0002673220248349632
DQN,75,mid,797,1797,0.09000000000000001,1.0,1.0,0.27650168538093567,0.00019287277245894074
DQN,75,mid,798,1798,0.09000000000000001,1.0,1.0,0.5332502126693726,0.00015187327517196536
DQN,75,mid,799,1799,0.09000000000000001,1.0,1.0,0.34801048040390015,0.00016361453162971884
DQN,75,mid,800,1800,0.09000000000000001,1.0,1.0,0.06546275317668915,0.00019061802595388144
DQN,75,mid,801,1801,0.09000000000000001,1.0,1.0,0.2773466408252716,0.0001266839972231537
DQN,75,mid,802,1802,0.07914355576038362,2.0,2.0,0.17036429047584534,0.0002599942818051204
DQN,75,mid,803,1803,0.06920892715454102,3.0,3.0,0.8036646246910095,0.00022736402267279723
DQN,75,mid,804,1804,0.20584903836250307,2.0,2.0,0.4462417662143707,0.00023449136642739177
DQN,75,mid,805,1805,0.1736759614944458,3.0,3.0,0.8962759971618652,0.003622426292470967
DQN,75,mid,806,1806,0.09000000000000001,1.0,1.0,0.08268941193819046,0.00019081818754784763
DQN,75,mid,807,1807,0.20990206480026247,2.0,2.0,0.566459059715271,0.00019993967725895345
DQN,75,mid,808,1808,0.2653357982635498,5.0,4.0,0.6740778088569641,0.0003647012752480805
DQN,75,mid,809,1809,0.11212087631225587,4.0,3.0,0.8070761561393738,0.0002526388198020868
DQN,75,mid,810,1810,0.1090455722808838,3.0,3.0,0.6895990967750549,0.00030624990176875144
DQN,75,mid,811,1811,-0.528795737028122,10.0,2.0,0.3589989244937897,0.0002743191958870739
DQN,75,mid,812,1812,0.09000000000000001,1.0,1.0,0.6231948137283325,0.0002701487101148814
DQN,75,mid,813,1813,0.046534405946731576,2.0,2.0,0.14500246942043304,0.0001921855946420692
DQN,75,mid,814,1814,0.3280838203430176,3.0,3.0,0.7563482522964478,0.00021376972532986352
DQN,75,mid,815,1815,0.32507091522216797,4.0,4.0,0.6919946670532227,0.004638449703634251
DQN,75,mid,816,1816,0.09000000000000001,1.0,1.0,0.28044402599334717,0.0001852180139394477
DQN,75,mid,817,1817,0.14398808002471924,3.0,3.0,0.396745502948761,0.00031877804819184047
DQN,75,mid,818,1818,0.37307472705841066,2.0,2.0,0.8909269571304321,0.0002949833433376625
DQN,75,mid,819,1819,0.0413524079322815,2.0,2.0,0.7903955578804016,0.00039970701618585736
DQN,75,mid,820,1820,0.20701982259750368,2.0,2.0,0.9029667973518372,0.0002887632217607461
DQN,75,mid,821,1821,0.031157500743865973,3.0,3.0,0.6727275848388672,0.00020003454361964637
DQN,75,mid,822,1822,0.21361125230789185,3.0,3.0,0.9190678000450134,0.00028902006063920754
DQN,75,mid,823,1823,0.09000000000000001,1.0,1.0,0.43587860465049744,0.0003255938645452261
DQN,75,mid,824,1824,0.26201475381851197,3.0,3.0,0.5740947127342224,0.00015891191287664697
DQN,75,mid,825,1825,0.11954029083251955,2.0,2.0,0.3327435851097107,0.00020206152112223208
DQN,75,mid,826,1826,0.051045924127101905,3.0,3.0,0.11239927262067795,0.0002985389340513696
DQN,75,mid,827,1827,0.12466140270233156,2.0,2.0,0.838206946849823,0.0001298649949603714
DQN,75,mid,828,1828,0.09000000000000001,1.0,1.0,0.5644935369491577,0.00011988867481704801
DQN,75,mid,829,1829,0.043808536529541024,2.0,2.0,1.04561448097229,0.002025826455792412
DQN,75,mid,830,1830,0.3068348836898804,3.0,3.0,1.0866131782531738,0.0001993378682527691
DQN,75,mid,831,1831,-0.5498458623886109,10.0,2.0,1.3276958465576172,0.0005508806527359412
DQN,75,mid,832,1832,0.09694300770759584,2.0,2.0,0.343202143907547,0.00024497209960827604
DQN,75,mid,833,1833,0.15196520805358887,3.0,3.0,0.6366992592811584,0.0005377230506079892
DQN,75,mid,834,1834,0.06140638113021851,3.0,3.0,0.7288585901260376,0.00023680520826019347
DQN,75,mid,835,1835,0.24851216554641725,2.0,2.0,0.5226778984069824,0.00028518504404928535
DQN,75,mid,836,1836,-0.0541958439350128,3.0,3.0,0.46874502301216125,0.0003259351457624386
DQN,75,mid,837,1837,0.14693577766418459,2.0,2.0,0.6028870344161987,0.00028549431590363383
DQN,75,mid,838,1838,0.09000000000000001,1.0,1.0,0.30783960223197937,0.00010016164742410183
DQN,75,mid,839,1839,0.007685350179672257,2.0,2.0,0.37213173508644104,0.0003361800918355584
DQN,75,mid,840,1840,0.10766704559326173,2.0,2.0,0.6270444989204407,0.00020669343939516693
DQN,75,mid,841,1841,0.01802832603454592,3.0,3.0,0.6656896471977234,0.00024103486308983216
DQN,75,mid,842,1842,0.24666942834854128,2.0,2.0,0.5580073595046997,0.00023904368572402745
DQN,75,mid,843,1843,-0.012482258081436146,4.0,4.0,0.26699429750442505,0.0007051543288980611
DQN,75,mid,844,1844,0.10035886049270631,2.0,2.0,0.478819340467453,0.0002546014584368095
DQN,75,mid,845,1845,0.08771166756749155,2.0,2.0,0.05038056895136833,0.00016388855874538422
DQN,75,mid,846,1846,0.07580863118171693,2.0,2.0,0.21987329423427582,0.0004345779161667451
DQN,75,mid,847,1847,-0.37504705667495725,8.0,2.0,0.5005629062652588,0.0002444557940179948
DQN,75,mid,848,1848,0.08740921497344972,2.0,2.0,0.3283166289329529,0.0005282691126922145
DQN,75,mid,849,1849,0.02943808555603028,3.0,3.0,0.6425470113754272,0.0005311569451199224
DQN,75,mid,850,1850,0.3836475682258606,3.0,3.0,0.6166875958442688,0.004614604908662538
DQN,75,mid,851,1851,0.054802806973457345,2.0,2.0,0.20255228877067566,0.0020089891331736
DQN,75,mid,852,1852,0.07627788901329041,3.0,3.0,0.21420074999332428,0.00031295994025034207
DQN,75,mid,853,1853,0.15676914334297182,2.0,2.0,0.45092859864234924,0.0003362415882293135
DQN,75,mid,854,1854,0.04902184963226319,4.0,3.0,0.5930566191673279,0.00024882451543817297
DQN,75,mid,855,1855,0.15771754264831545,2.0,2.0,0.8624526858329773,0.00038343563210219145
DQN,75,mid,856,1856,0.12247342586517335,3.0,3.0,0.94718998670578,0.00034279902077590424
DQN,75,mid,857,1857,0.05516858577728272,2.0,2.0,0.8103381395339966,0.00048653644626028836
DQN,75,mid,858,1858,-0.008908532857894877,3.0,3.0,0.5288057923316956,0.0002938702333873759
DQN,75,mid,859,1859,0.09000000000000001,1.0,1.0,0.17908760905265808,0.00026468693977221847
DQN,75,mid,860,1860,0.023257758617401134,6.0,2.0,0.885942280292511,0.00020425083979110545
DQN,75,mid,861,1861,-0.48086585402488713,10.0,2.0,0.2603376805782318,0.00023078779413481242
DQN,75,mid,862,1862,0.09098752021789552,2.0,2.0,0.2593842148780823,0.0016369788208976388
DQN,75,mid,863,1863,0.08910579204559327,3.0,3.0,0.8662708401679993,0.00017084779392462224
DQN,75,mid,864,1864,-0.3414584064483642,9.0,2.0,0.9120041728019714,0.0002849745182579176
DQN,75,mid,865,1865,0.17428003430366518,2.0,2.0,0.4127538502216339,0.00019839422748191282
DQN,75,mid,866,1866,0.053353564739227304,2.0,2.0,0.6134414672851562,0.0002569183416198939
DQN,75,mid,867,1867,0.09000000000000001,1.0,1.0,0.23717035353183746,0.00037548044929280877
DQN,75,mid,868,1868,0.08211824476718904,2.0,2.0,0.24026989936828613,0.00015526406787103042
DQN,75,mid,869,1869,0.09000000000000001,1.0,1.0,0.40201833844184875,0.0004112038586754352
DQN,75,mid,870,1870,0.29117991209030153,2.0,2.0,0.6508763432502747,0.0002462588672642596
DQN,75,mid,871,1871,0.09000000000000001,1.0,1.0,0.3460656702518463,0.00013417848094832152
DQN,75,mid,872,1872,0.09000000000000001,1.0,1.0,0.17904789745807648,0.0003716406354214996
DQN,75,mid,873,1873,0.2772389817237854,2.0,2.0,0.6000834107398987,0.00026165740564465523
DQN,75,mid,874,1874,0.13400902032852174,2.0,2.0,0.6209026575088501,0.00016001961921574548
DQN,75,mid,875,1875,0.011597771644592289,3.0,2.0,0.3201123774051666,0.0002879289337821926
DQN,75,mid,876,1876,0.3299192261695862,3.0,3.0,0.608915388584137,0.00017723888352823755
DQN,75,mid,877,1877,-0.004175661206245407,2.0,2.0,0.22127757966518402,0.00023064353445079178
DQN,75,mid,878,1878,0.09000000000000001,1.0,1.0,0.5244389176368713,0.00016250714543275535
DQN,75,mid,879,1879,0.09000000000000001,1.0,1.0,0.8492923378944397,0.0014650491066277027
DQN,75,mid,880,1880,0.09000000000000001,1.0,1.0,0.49462005496025085,0.00014335669402498752
DQN,75,mid,881,1881,0.16371877670288087,2.0,2.0,0.6650217771530151,0.0001979391890927218
DQN,75,mid,882,1882,0.21200062513351442,2.0,2.0,0.5275710225105286,0.00022203153639566153
DQN,75,mid,883,1883,0.0459593427181244,3.0,2.0,0.44789594411849976,0.00030190235702320933
DQN,75,mid,884,1884,0.11374129533767702,2.0,2.0,0.1652020364999771,0.0001791466711438261
DQN,75,mid,885,1885,0.23025252103805544,2.0,2.0,0.6804856061935425,0.00022637344955001026
DQN,75,mid,886,1886,-0.03754536867141724,6.0,3.0,0.6391509771347046,0.0031781020976874665
DQN,75,mid,887,1887,0.11274082183837891,3.0,3.0,0.7423957586288452,0.0002597309066914022
DQN,75,mid,888,1888,0.15467913627624513,2.0,2.0,0.6699195504188538,0.0006142350684967823
DQN,75,mid,889,1889,0.014573173522949234,2.0,2.0,0.6426346898078918,0.0002309684205101803
DQN,75,mid,890,1890,0.05074078768491746,2.0,2.0,0.12681277096271515,0.0001455151868867688
DQN,75,mid,891,1891,-0.17128590822219847,8.0,3.0,0.8535212278366089,0.000459288587080664
DQN,75,mid,892,1892,-0.5271854877471924,10.0,2.0,0.9991779327392578,0.00039644304270041174
DQN,75,mid,893,1893,0.18483604669570924,2.0,2.0,0.8223890066146851,0.00017954262148123235
DQN,75,mid,894,1894,0.10979956388473511,5.0,4.0,0.8078117370605469,0.0006700801284750923
DQN,75,mid,895,1895,0.16895570039749147,2.0,2.0,0.8414891958236694,0.0001531002708361484
DQN,75,mid,896,1896,0.09000000000000001,1.0,1.0,0.1315075010061264,0.001505748718045652
DQN,75,mid,897,1897,0.2599663305282593,2.0,2.0,0.6010657548904419,0.000255063918302767
DQN,75,mid,898,1898,0.09000000000000001,1.0,1.0,0.26781150698661804,0.00028227161965332925
DQN,75,mid,899,1899,0.15276427745819093,2.0,2.0,0.8661332130432129,0.0001684351882431656
DQN,75,mid,900,1900,0.14489914655685426,2.0,2.0,0.6279401779174805,0.0003261589154135436
DQN,75,mid,901,1901,0.16653026819229128,2.0,2.0,0.3891380727291107,0.0002311057032784447
DQN,75,mid,902,1902,0.14839776039123537,2.0,2.0,0.31423065066337585,0.00020608914201147854
DQN,75,mid,903,1903,0.06724038898944856,2.0,2.0,0.1666814535856247,0.0002781607327051461
DQN,75,mid,904,1904,0.09396774530410767,4.0,3.0,0.7396048307418823,0.0002878178856917657
DQN,75,mid,905,1905,0.1852318811416626,2.0,2.0,0.4622468948364258,0.0001971016827155836
DQN,75,mid,906,1906,-0.08691564798355102,5.0,2.0,0.8167834281921387,0.0006829396821558476
DQN,75,mid,907,1907,0.09000000000000001,1.0,1.0,0.18005670607089996,0.00046865842887200415
DQN,75,mid,908,1908,0.04541118621826173,2.0,2.0,0.9071934819221497,0.00023568902543047443
DQN,75,mid,909,1909,0.16009278774261476,2.0,2.0,0.7025666236877441,0.00033576499845366925
DQN,75,mid,910,1910,0.09000000000000001,1.0,1.0,0.48573949933052063,0.0003223081585019827
DQN,75,mid,911,1911,0.09000000000000001,1.0,1.0,0.11776334792375565,0.00040654788608662784
DQN,75,mid,912,1912,0.1157801914215088,2.0,2.0,1.4215461015701294,0.00021601134358206764
DQN,75,mid,913,1913,0.19740803718566896,2.0,2.0,0.8183940052986145,0.0002459145471220836
DQN,75,mid,914,1914,-0.49135618209838866,10.0,2.0,0.7057272791862488,0.0005020075288484805
DQN,75,mid,915,1915,0.16518373966217043,2.0,2.0,1.0556813478469849,0.00043013169488403946
DQN,75,mid,916,1916,0.09000000000000001,1.0,1.0,0.09905804693698883,0.00012592202983796597
DQN,75,mid,917,1917,0.048629658222198495,2.0,2.0,0.2952568531036377,0.0003776490775635466
DQN,75,mid,918,1918,0.07848100543022157,2.0,2.0,0.1697586625814438,0.00042980487341992557
DQN,75,mid,919,1919,-0.08405066847801208,2.0,2.0,0.3177627921104431,0.000294024903269019
DQN,75,mid,920,1920,0.09000000000000001,1.0,1.0,0.19362850487232208,0.00025661333347670734
DQN,75,mid,921,1921,0.03588785409927369,2.0,2.0,0.8789615035057068,0.0002959358535008505
DQN,75,mid,922,1922,-0.433656644821167,10.0,4.0,0.5780166983604431,0.0003718531341291964
DQN,75,mid,923,1923,0.09324671506881715,2.0,2.0,0.13271047174930573,0.00025804602773860097
DQN,75,mid,924,1924,0.2783656191825867,3.0,3.0,0.5414695143699646,0.0003354798342722158
DQN,75,mid,925,1925,0.12413008689880373,2.0,2.0,0.6302259564399719,0.0001933065286721103
DQN,75,mid,926,1926,0.04582078933715821,2.0,2.0,0.48329034447669983,0.000264396338025108
DQN,75,mid,927,1927,0.4472627115249634,3.0,3.0,0.7128907442092896,0.013506939372746274
DQN,75,mid,928,1928,0.09000000000000001,1.0,1.0,0.6516690850257874,0.0004208540194667876
DQN,75,mid,929,1929,0.11890037536621095,2.0,2.0,0.2780604958534241,0.0004962874227203429
DQN,75,mid,930,1930,0.09000000000000001,1.0,1.0,0.311806857585907,0.0005238760495558381
DQN,75,mid,931,1931,0.021740748882293714,6.0,3.0,0.7384220361709595,0.0004173846634027238
DQN,75,mid,932,1932,-0.025868945121765116,3.0,3.0,0.9288008809089661,0.0017636353926112254
DQN,75,mid,933,1933,0.0615661907196045,2.0,2.0,0.7826083898544312,0.0003754561475943774
DQN,75,mid,934,1934,0.22514814853668214,3.0,3.0,0.690971314907074,0.00033459640205061686
DQN,75,mid,935,1935,0.15623714208602907,2.0,2.0,0.924590528011322,0.0002324754314031452
DQN,75,mid,936,1936,0.27582438468933107,2.0,2.0,1.2074278593063354,0.00026055755733978003
DQN,75,mid,937,1937,0.09000000000000001,1.0,1.0,0.8189405202865601,0.00020305663929320872
DQN,75,mid,938,1938,0.1434533762931824,2.0,2.0,0.91754549741745,0.007138575441786088
DQN,75,mid,939,1939,0.12892044544219972,4.0,3.0,0.6398786902427673,0.0006525731005240232
DQN,75,mid,940,1940,0.18475522279739381,2.0,2.0,0.6967997550964355,0.0003500117745716125
DQN,75,mid,941,1941,0.09000000000000001,1.0,1.0,0.26213526725769043,0.00030018205870874226
DQN,75,mid,942,1942,-0.6490234017372132,10.0,2.0,0.914627730846405,0.00030680146301165223
DQN,75,mid,943,1943,0.37314436554908753,3.0,3.0,0.4042297899723053,0.0002796437959962835
DQN,75,mid,944,1944,-0.04294895172119141,4.0,3.0,0.5180532932281494,0.0002330554671061691
DQN,75,mid,945,1945,0.09000000000000001,1.0,1.0,0.39488527178764343,0.00022071853163652122
DQN,75,mid,946,1946,0.08402241945266725,2.0,2.0,0.8804632425308228,0.00016991986194625497
DQN,75,mid,947,1947,-0.005327684879302963,2.0,2.0,0.694798469543457,0.0002826765339705162
DQN,75,mid,948,1948,0.15420444488525392,2.0,2.0,0.5683296322822571,0.000365179825166706
DQN,75,mid,949,1949,0.1668443751335144,3.0,3.0,0.6468726396560669,0.0002321297361049801
DQN,75,mid,950,1950,0.09000000000000001,1.0,1.0,0.25110378861427307,0.00013170477177482098
DQN,75,mid,951,1951,0.05060912847518922,2.0,2.0,0.3046564757823944,0.00021135673887329176
DQN,75,mid,952,1952,0.14944781541824342,2.0,2.0,0.8811385035514832,0.00018961407477036119
DQN,75,mid,953,1953,0.14906813383102419,2.0,2.0,0.8295197486877441,0.00020790784765267745
DQN,75,mid,954,1954,0.09000000000000001,1.0,1.0,0.2885270118713379,0.0003422869776841253
DQN,75,mid,955,1955,0.12228859186172486,3.0,3.0,0.5346906781196594,0.0004108504460115607
DQN,75,mid,956,1956,-0.08043180227279663,2.0,2.0,1.0670301914215088,0.0002978916891152039
DQN,75,mid,957,1957,0.16156400918960573,2.0,2.0,0.7487176656723022,0.00017801552166929469
DQN,75,mid,958,1958,0.14533348560333254,2.0,2.0,0.6666913032531738,0.00026098416856257245
DQN,75,mid,959,1959,-0.352384889125824,10.0,5.0,0.6699556112289429,0.0015094909234903754
DQN,75,mid,960,1960,0.06624031782150269,3.0,3.0,0.6782515645027161,0.00019517876595879594
DQN,75,mid,961,1961,0.15433022141456604,4.0,4.0,0.43860599398612976,0.00017922950064530596
DQN,75,mid,962,1962,0.25115023732185365,2.0,2.0,0.4041348993778229,0.0002530843412387185
DQN,75,mid,963,1963,-0.26182922363281247,9.0,2.0,0.7861822247505188,0.0002418449649768364
DQN,75,mid,964,1964,0.09000000000000001,1.0,1.0,0.7787104845046997,0.00024373842461500317
DQN,75,mid,965,1965,0.09000000000000001,1.0,1.0,0.03664381057024002,0.0004121710080653429
DQN,75,mid,966,1966,0.035370714664459235,3.0,3.0,0.93465656042099,0.00016322963104660934
DQN,75,mid,967,1967,0.4069641399383545,2.0,2.0,0.5441060662269592,0.00019838912703562528
DQN,75,mid,968,1968,-0.0704125392436981,3.0,3.0,0.4869559109210968,0.00017480814130976796
DQN,75,mid,969,1969,0.2624331879615784,2.0,2.0,0.8383224606513977,0.00024087770725600421
DQN,75,mid,970,1970,0.06738503456115724,2.0,2.0,0.6568330526351929,0.00017974602815229446
DQN,75,mid,971,1971,-0.001791107654571536,5.0,3.0,0.9506227374076843,0.0001777551311533898
DQN,75,mid,972,1972,0.20687981128692629,2.0,2.0,0.8655906319618225,0.0005518120160559192
DQN,75,mid,973,1973,0.14972756981849672,2.0,2.0,0.45747503638267517,0.00019941941718570888
DQN,75,mid,974,1974,0.09000000000000001,1.0,1.0,0.14475122094154358,0.00022057972091715783
DQN,75,mid,975,1975,0.045296318531036384,3.0,3.0,0.2767193019390106,0.00027374607937720913
DQN,75,mid,976,1976,0.09288440823554994,2.0,2.0,0.48263660073280334,0.0002457000664435327
DQN,75,mid,977,1977,0.043297605514526376,2.0,2.0,0.21439027786254883,0.00030537063867086545
DQN,75,mid,978,1978,0.26428107142448426,3.0,3.0,0.3322736918926239,0.0002576862267839412
DQN,75,mid,979,1979,0.20445453882217407,4.0,4.0,0.4732350707054138,0.0005880461758351885
DQN,75,mid,980,1980,0.11852777719497681,3.0,3.0,0.5584407448768616,0.00035107835234763723
DQN,75,mid,981,1981,0.09000000000000001,1.0,1.0,0.5391882658004761,0.00014916100190021098
DQN,75,mid,982,1982,0.13763059854507448,2.0,2.0,0.6738914251327515,0.00018167081725550815
DQN,75,mid,983,1983,0.04651026606559754,2.0,2.0,0.2994115352630615,0.0001530340887256898
DQN,75,mid,984,1984,-0.01840322494506834,3.0,3.0,0.6126503944396973,0.00016831239918246865
DQN,75,mid,985,1985,0.09000000000000001,1.0,1.0,0.41794347763061523,0.00018864651792682707
DQN,75,mid,986,1986,0.07865448474884035,2.0,2.0,0.7596287727355957,0.0002697437521419488
DQN,75,mid,987,1987,0.11953391313552858,2.0,2.0,0.39651331305503845,0.00028124588425271213
DQN,75,mid,988,1988,0.09000000000000001,1.0,1.0,0.18783722817897797,0.0001689493510639295
DQN,75,mid,989,1989,0.17353172779083254,2.0,2.0,0.8439215421676636,0.00024797124933684245
DQN,75,mid,990,1990,0.09000000000000001,1.0,1.0,0.39692455530166626,0.0001612260821275413
DQN,75,mid,991,1991,0.19023985385894776,3.0,3.0,0.5791957974433899,0.00024027224571909755
DQN,75,mid,992,1992,0.09369702816009523,2.0,2.0,0.5544112920761108,0.00029765284853056073
DQN,75,mid,993,1993,0.2654206919670105,2.0,2.0,0.5257261991500854,0.00035054469481110573
DQN,75,mid,994,1994,0.028766877651214606,3.0,3.0,0.3100736439228058,0.0003916925343219191
DQN,75,mid,995,1995,0.07348431825637819,2.0,2.0,0.8093512654304504,0.00023272461839951575
DQN,75,mid,996,1996,-0.5120944261550904,10.0,2.0,0.725773811340332,0.00037238159566186366
DQN,75,mid,997,1997,0.09000000000000001,1.0,1.0,0.21979042887687683,0.00022574886679649353
DQN,75,mid,998,1998,0.09000000000000001,1.0,1.0,0.2268477827310562,0.00023613723169546574
DQN,75,mid,999,1999,0.09000000000000001,1.0,1.0,0.31705188751220703,0.0006642576772719622
DQN,75,mid,1000,2000,-0.0946646785736084,6.0,3.0,0.6933399438858032,0.00027782875986304134
DQN,75,mid,1001,2001,0.09000000000000001,1.0,1.0,0.04291834309697151,0.0002208903169957921
DQN,75,mid,1002,2002,0.044462190866470346,2.0,2.0,0.4162559509277344,0.00046920921886339784
DQN,75,mid,1003,2003,0.11107047080993654,2.0,2.0,0.5396175980567932,0.0003521737453411333
DQN,75,mid,1004,2004,0.09000000000000001,1.0,1.0,0.656007707118988,0.0003537242009770125
DQN,75,mid,1005,2005,0.14746149063110353,2.0,2.0,0.6896297335624695,0.00036479925620369613
DQN,75,mid,1006,2006,0.4103090333938599,2.0,2.0,1.0246034860610962,0.0003155450976919383
DQN,75,mid,1007,2007,-0.11165803432464601,6.0,4.0,0.5601791739463806,0.00025262931497612345
DQN,75,mid,1008,2008,-0.3689982891082764,10.0,3.0,0.6609514951705933,0.0008716566808288917
DQN,75,mid,1009,2009,0.09000000000000001,1.0,1.0,0.44467291235923767,0.00015943213657010347
DQN,75,mid,1010,2010,0.19541953682899477,2.0,2.0,0.4452480375766754,0.0006684628897346556
DQN,75,mid,1011,2011,0.09000000000000001,1.0,1.0,0.37202122807502747,0.000497069617267698
DQN,75,mid,1012,2012,0.1681200432777405,2.0,2.0,0.669819176197052,0.0002679017561604269
DQN,75,mid,1013,2013,0.3959153890609741,5.0,4.0,0.9022307395935059,0.0005414736049715429
DQN,75,mid,1014,2014,0.13767565965652467,2.0,2.0,0.5362817645072937,0.00020480738021433353
DQN,75,mid,1015,2015,0.23467381477355959,2.0,2.0,0.5449231863021851,0.0005568571796175092
DQN,75,mid,1016,2016,-0.4226830005645752,10.0,3.0,0.761707603931427,0.0005340164410881698
DQN,75,mid,1017,2017,0.13341416597366335,2.0,2.0,0.7111531496047974,0.0003879081050399691
DQN,75,mid,1018,2018,0.09000000000000001,1.0,1.0,0.1374179869890213,0.00020082526316400617
DQN,75,mid,1019,2019,0.14943511962890627,2.0,2.0,0.5726645588874817,0.0003423594607738778
DQN,75,mid,1020,2020,0.05578662633895875,2.0,2.0,0.40769603848457336,0.00034420522570144385
DQN,75,mid,1021,2021,0.10450293302536012,2.0,2.0,0.7676246762275696,0.00023548551689600572
DQN,75,mid,1022,2022,0.14186914443969728,2.0,2.0,0.6556482911109924,0.00024665486853336915
DQN,75,mid,1023,2023,0.4031597447395325,3.0,3.0,0.30912548303604126,0.0004354431584943086
DQN,75,mid,1024,2024,0.09000000000000001,1.0,1.0,0.08894173800945282,0.0006303276750259101
DQN,75,mid,1025,2025,0.09000000000000001,1.0,1.0,0.9395700693130493,0.00017859599029179662
DQN,75,mid,1026,2026,0.09000000000000001,1.0,1.0,0.11610974371433258,0.00021568963711615652
DQN,75,mid,1027,2027,0.09000000000000001,1.0,1.0,0.4742112159729004,0.001119099324569106
DQN,75,mid,1028,2028,0.09000000000000001,1.0,1.0,0.8869993090629578,0.0001531296584289521
DQN,75,mid,1029,2029,0.09000000000000001,1.0,1.0,0.7977774739265442,0.00034926182706840336
DQN,75,mid,1030,2030,-0.061008803844451884,3.0,3.0,0.6817082166671753,0.0002791805115217964
DQN,75,mid,1031,2031,0.14174564361572267,2.0,2.0,0.7141647934913635,0.0001934182073455304
DQN,75,mid,1032,2032,0.026616580486297628,3.0,3.0,0.3585677444934845,0.0005315952973129848
DQN,75,mid,1033,2033,0.09000000000000001,1.0,1.0,0.32052165269851685,0.00017559470143169165
DQN,75,mid,1034,2034,0.17905854940414428,4.0,4.0,0.9549110531806946,0.0005088057441753335
DQN,75,mid,1035,2035,0.06072594404220582,2.0,2.0,0.5356173515319824,0.0001899625058285892
DQN,75,mid,1036,2036,0.15213448524475098,3.0,3.0,0.7372298836708069,0.000203881470952183
DQN,75,mid,1037,2037,0.0727591383457184,2.0,2.0,0.24678935110569,0.00016458593017887324
DQN,75,mid,1038,2038,0.09000000000000001,1.0,1.0,0.2289913147687912,0.0002527878386899829
DQN,75,mid,1039,2039,0.07449351429939272,2.0,2.0,0.22664029896259308,0.00021640516933985054
DQN,75,mid,1040,2040,0.0095383393764496,2.0,2.0,0.43019458651542664,0.0003286999271949753
DQN,75,mid,1041,2041,-0.08740506172180175,5.0,2.0,0.5649615526199341,0.000223490409553051
DQN,75,mid,1042,2042,0.04327152848243714,2.0,2.0,0.3362221121788025,0.00048495098599232733
DQN,75,mid,1043,2043,0.19365406036376953,5.0,4.0,0.9019960165023804,0.00015426444733748212
DQN,75,mid,1044,2044,0.11453534841537477,2.0,2.0,0.2895495593547821,0.0002451393083902076
DQN,75,mid,1045,2045,0.12129624366760255,2.0,2.0,0.7827490568161011,0.00011380811702110805
DQN,75,mid,1046,2046,0.04901011466979981,2.0,2.0,0.5161240100860596,0.0003553443239070475
DQN,75,mid,1047,2047,0.027355240583419815,2.0,2.0,0.28499963879585266,0.00021979690063744783
DQN,75,mid,1048,2048,0.22999346971511841,3.0,3.0,0.830274224281311,0.00017095195895914608
DQN,75,mid,1049,2049,0.1461807656288147,2.0,2.0,0.6720049977302551,0.00025355639081681147
DQN,75,mid,1050,2050,0.12438644647598268,2.0,2.0,0.7075662612915039,0.0002368325222050771
DQN,75,mid,1051,2051,0.09000000000000001,1.0,1.0,0.12768660485744476,0.00022830732632428408
DQN,75,mid,1052,2052,0.17841805696487428,2.0,2.0,0.9497888684272766,0.00018611534324008971
DQN,75,mid,1053,2053,-0.20584864914417267,5.0,4.0,0.4137461483478546,0.0010118785605300218
DQN,75,mid,1054,2054,-0.06761627674102784,3.0,3.0,1.0156656503677368,0.00020041064514468113
DQN,75,mid,1055,2055,0.0653830933570862,2.0,2.0,0.5098980665206909,0.0002085077139781788
DQN,75,mid,1056,2056,-0.21543237924575803,6.0,2.0,0.8235394358634949,0.00030075485119596124
DQN,75,mid,1057,2057,0.09000000000000001,1.0,1.0,0.3835121989250183,0.00021875518723390996
DQN,75,mid,1058,2058,0.09000000000000001,1.0,1.0,0.33494895696640015,0.000246666488237679
DQN,75,mid,1059,2059,-0.02018576145172117,3.0,3.0,0.8202173113822937,0.00020683086768258363
DQN,75,mid,1060,2060,-0.016192891597747797,4.0,2.0,0.6946590542793274,0.00032888862915569916
DQN,75,mid,1061,2061,0.09000000000000001,1.0,1.0,0.20343293249607086,0.0004111317393835634
DQN,75,mid,1062,2062,0.09000000000000001,1.0,1.0,0.23143525421619415,0.00032243109308183193
DQN,75,mid,1063,2063,0.09000000000000001,1.0,1.0,0.3623099625110626,0.00038428226253017783
DQN,75,mid,1064,2064,0.09000000000000001,1.0,1.0,0.13560238480567932,0.00031650831806473434
DQN,75,mid,1065,2065,0.0995479989051819,2.0,2.0,0.2312924563884735,0.0003067399520659819
DQN,75,mid,1066,2066,0.1505092251300812,2.0,2.0,0.45787301659584045,0.00019369774963706732
DQN,75,mid,1067,2067,0.09000000000000001,1.0,1.0,0.03805854544043541,0.00024905987083911896
DQN,75,mid,1068,2068,0.14536149978637697,2.0,2.0,0.598715603351593,0.00037398979475256056
DQN,75,mid,1069,2069,0.09000000000000001,1.0,1.0,0.07678297907114029,0.0005885395221412182
DQN,75,mid,1070,2070,-0.3828984618186951,10.0,4.0,0.765274167060852,0.00024597015144536274
DQN,75,mid,1071,2071,0.04264631628990174,4.0,4.0,0.4952405095100403,0.0003001767545356415
DQN,75,mid,1072,2072,0.21553689002990722,4.0,4.0,0.9001294374465942,0.0002605012159619946
DQN,75,mid,1073,2073,0.09602271318435669,5.0,5.0,0.5645638704299927,0.0003553252667188644
DQN,75,mid,1074,2074,0.17078135132789612,3.0,3.0,0.35343116521835327,0.00031116689206101
DQN,75,mid,1075,2075,0.0032977032661438144,2.0,2.0,0.6450254321098328,0.0005612933455267921
DQN,75,mid,1076,2076,0.26445348739624025,2.0,2.0,0.597673237323761,0.00034293658973183483
DQN,75,mid,1077,2077,0.1410398054122925,2.0,2.0,0.9533025026321411,0.00037285706639522687
DQN,75,mid,1078,2078,0.09573073863983156,2.0,2.0,0.8039689660072327,0.00024597617448307574
DQN,75,mid,1079,2079,0.09000000000000001,1.0,1.0,0.5968096852302551,0.0002492003550287336
DQN,75,mid,1080,2080,0.19682963371276857,2.0,2.0,0.656185507774353,0.00031448897789232433
DQN,75,mid,1081,2081,0.0768094825744629,2.0,2.0,0.15254966914653778,0.00021367202134570107
DQN,75,mid,1082,2082,0.10687060832977296,2.0,2.0,0.8507501482963562,0.00022799449652666226
DQN,75,mid,1083,2083,0.24890573501586916,2.0,2.0,0.8615264892578125,0.00023487092403229326
DQN,75,mid,1084,2084,-0.03388736963272093,2.0,2.0,0.8374032974243164,0.00019751049694605172
DQN,75,mid,1085,2085,0.09000000000000001,1.0,1.0,0.21513856947422028,0.00021765010023955256
DQN,75,mid,1086,2086,-0.5610444724559787,10.0,4.0,0.5627383589744568,0.00023230456426972523
DQN,75,mid,1087,2087,0.24113745212554932,3.0,3.0,0.682833194732666,0.0001716383436966377
DQN,75,mid,1088,2088,0.07626217782497408,2.0,2.0,0.16820475459098816,0.0001833658607210964
DQN,75,mid,1089,2089,0.10085517883300782,3.0,3.0,0.744636058807373,0.00021072904928587377
DQN,75,mid,1090,2090,-0.5918989658355713,10.0,2.0,0.7979581952095032,0.00030993067048257217
DQN,75,mid,1091,2091,0.18560220479965212,2.0,2.0,0.32702282071113586,0.00043783597357105464
DQN,75,mid,1092,2092,-0.12641637802124023,3.0,3.0,0.9992313385009766,0.0002950837175982694
DQN,75,mid,1093,2093,0.08152379274368288,2.0,2.0,0.7385749816894531,0.00036653695860877633
DQN,75,mid,1094,2094,0.09000000000000001,1.0,1.0,0.4641841948032379,0.00027968213544227183
DQN,75,mid,1095,2095,0.1323841977119446,2.0,2.0,0.4228108823299408,0.00016363448958145455
DQN,75,mid,1096,2096,0.12272624850273134,2.0,2.0,0.18512015044689178,0.00022971109865466133
DQN,75,mid,1097,2097,0.19766076087951662,2.0,2.0,0.8199583292007446,0.00027372987096896395
DQN,75,mid,1098,2098,0.07245694279670717,2.0,2.0,0.3891583979129791,0.0002163602621294558
DQN,75,mid,1099,2099,0.10348308801651002,3.0,3.0,0.8744012117385864,0.00023838743315233538
DQN,75,mid,1100,2100,0.2517973852157593,3.0,3.0,1.0640133619308472,0.00020972701410452524
DQN,75,mid,1101,2101,0.21618861675262452,3.0,3.0,0.528081476688385,0.00018001843515473107
DQN,75,mid,1102,2102,-0.794835835695267,10.0,3.0,0.6786656975746155,0.00023567049138364382
DQN,75,mid,1103,2103,0.09000000000000001,1.0,1.0,0.06705493479967117,0.0002178485010517761
DQN,75,mid,1104,2104,-0.05551589846611023,2.0,2.0,0.44783613085746765,0.00024338326329598203
DQN,75,mid,1105,2105,0.030966060161590585,2.0,2.0,0.6785228848457336,0.0002537918044254184
DQN,75,mid,1106,2106,0.27538276433944703,3.0,3.0,0.7047123908996582,0.00024646290209299576
DQN,75,mid,1107,2107,-0.01635180234909056,2.0,2.0,0.26243022084236145,0.00038585700531257316
DQN,75,mid,1108,2108,0.09000000000000001,1.0,1.0,0.24652981758117676,9.675882029114291e-05
DQN,75,mid,1109,2109,-0.195579993724823,10.0,4.0,0.8072157502174377,0.00019904693035641686
DQN,75,mid,1110,2110,0.07171155691146852,2.0,2.0,0.18755748867988586,0.00017212672537425533
DQN,75,mid,1111,2111,-0.5919326722621918,10.0,2.0,0.36695680022239685,0.00023865930852480234
DQN,75,mid,1112,2112,0.30536081075668337,2.0,2.0,0.8602145314216614,0.0002439519012114033
DQN,75,mid,1113,2113,0.13750948190689088,2.0,2.0,0.7255536317825317,0.00019358249846845865
DQN,75,mid,1114,2114,0.004807479381561272,3.0,3.0,0.8820280432701111,0.0002491456155742829
DQN,75,mid,1115,2115,0.06294483661651613,3.0,3.0,1.0622625350952148,0.00022046492570855966
DQN,75,mid,1116,2116,0.10613309025764467,2.0,2.0,0.4853338897228241,0.0002545960815041326
DQN,75,mid,1117,2117,0.22920273423194887,2.0,2.0,0.4366709887981415,0.0002530720448703505
DQN,75,mid,1118,2118,0.12780334234237672,2.0,2.0,0.273014634847641,0.00018771117902360857
DQN,75,mid,1119,2119,-0.4801793694496155,10.0,3.0,0.9577716588973999,0.00018188200992881322
DQN,75,mid,1120,2120,0.19292070150375368,2.0,2.0,0.654438853263855,0.00016842847617226653
DQN,75,mid,1121,2121,0.0927423405647278,2.0,2.0,0.9948733448982239,0.0002636647841427475
DQN,75,mid,1122,2122,0.09000000000000001,1.0,1.0,0.06635184586048126,0.00011749158147722483
DQN,75,mid,1123,2123,0.027312638163566605,2.0,2.0,0.14665713906288147,0.0002460088799125515
DQN,75,mid,1124,2124,0.12640774965286256,3.0,3.0,0.6902543902397156,0.0005895168869756162
DQN,75,mid,1125,2125,0.09000000000000001,1.0,1.0,0.2298526018857956,0.00027804329874925315
DQN,75,mid,1126,2126,0.09000000000000001,1.0,1.0,0.3584744334220886,0.00019102303485851735
DQN,75,mid,1127,2127,0.2446147871017456,3.0,3.0,0.6867654919624329,0.00034431953099556267
DQN,75,mid,1128,2128,0.09000000000000001,1.0,1.0,0.05150816962122917,0.0002379326178925112
DQN,75,mid,1129,2129,0.03304840803146363,2.0,2.0,0.6841570734977722,0.000360016681952402
DQN,75,mid,1130,2130,0.07568175315856934,3.0,3.0,0.829926073551178,0.0002835537986053775
DQN,75,mid,1131,2131,0.013232950568199162,3.0,2.0,0.20855441689491272,0.00022335913187513748
DQN,75,mid,1132,2132,0.07921005964279176,2.0,2.0,0.6553730964660645,0.00023075273202266544
DQN,75,mid,1133,2133,0.235509889125824,2.0,2.0,0.6766124367713928,0.0002955142772407271
DQN,75,mid,1134,2134,0.09000000000000001,1.0,1.0,0.16590562462806702,0.00025968908448703587
DQN,75,mid,1135,2135,0.09000000000000001,1.0,1.0,0.3470441401004791,0.00014044615090824664
DQN,75,mid,1136,2136,0.16837543964385987,3.0,3.0,0.562227189540863,0.0002118858052805687
DQN,75,mid,1137,2137,0.07947577714920045,2.0,2.0,0.690728485584259,0.0003161740460200235
DQN,75,mid,1138,2138,-0.12883882999420165,3.0,3.0,0.36196932196617126,0.0002851214958354831
DQN,75,mid,1139,2139,0.11645321726799013,2.0,2.0,0.3596179187297821,0.00040183787496061996
DQN,75,mid,1140,2140,0.06489403963088991,3.0,2.0,0.7078500986099243,0.0004372823265536378
DQN,75,mid,1141,2141,0.031564593315124526,5.0,4.0,0.8524773716926575,0.0006680557475192472
DQN,75,mid,1142,2142,0.001615650653839118,3.0,3.0,0.39628472924232483,0.00021498874411918223
DQN,75,mid,1143,2143,0.09000000000000001,1.0,1.0,0.31539538502693176,0.0002816328778862953
DQN,75,mid,1144,2144,0.10210825681686403,2.0,2.0,0.5144984126091003,0.00034080127079505473
DQN,75,mid,1145,2145,0.10701187133789064,2.0,2.0,0.30786997079849243,0.00030514123500324786
DQN,75,mid,1146,2146,0.06341989517211916,2.0,2.0,0.6077234148979187,0.00021425990416901186
DQN,75,mid,1147,2147,0.09000000000000001,1.0,1.0,0.36575764417648315,0.00025107956025749445
DQN,75,mid,1148,2148,-0.5186963081359863,10.0,3.0,0.7924566864967346,0.00038312853430397806
DQN,75,mid,1149,2149,0.2422288727760315,3.0,3.0,0.6210618615150452,0.00035296040975178283
DQN,75,mid,1150,2150,0.33019513607025147,3.0,3.0,0.6546671986579895,0.0004891606707436343
DQN,75,mid,1151,2151,0.22162179827690126,2.0,2.0,0.4205605089664459,0.00042229710379615426
DQN,75,mid,1152,2152,0.09000000000000001,1.0,1.0,0.5201959609985352,0.00040188420098274946
DQN,75,mid,1153,2153,-0.32804754674434666,10.0,2.0,0.2044745832681656,0.0003200062856194563
DQN,75,mid,1154,2154,0.047671554088592534,4.0,4.0,0.9610439538955688,0.00029141818959033117
DQN,75,mid,1155,2155,0.2733994197845459,3.0,3.0,1.1733394861221313,0.000355509245612969
DQN,75,mid,1156,2156,0.07242705106735231,2.0,2.0,0.16433408856391907,0.000305374211166054
DQN,75,mid,1157,2157,0.09000000000000001,1.0,1.0,0.11364725977182388,0.00025445985374972224
DQN,75,mid,1158,2158,0.10373862266540529,2.0,2.0,0.5599722266197205,0.00021953183022560552
DQN,75,mid,1159,2159,0.09000000000000001,1.0,1.0,0.16290639340877533,0.0002640080056153238
DQN,75,mid,1160,2160,0.09000000000000001,1.0,1.0,0.7992710471153259,0.0002107739564962685
DQN,75,mid,1161,2161,0.21094741106033327,2.0,2.0,0.8377072215080261,0.0002631652168929577
DQN,75,mid,1162,2162,0.11352043032646181,2.0,2.0,0.35236433148384094,0.00021492072119144723
DQN,75,mid,1163,2163,0.19339360475540163,2.0,2.0,0.4923210144042969,0.0003198727572453208
DQN,75,mid,1164,2164,0.04919947862625123,2.0,2.0,0.4430348575115204,0.00015467690172954462
DQN,75,mid,1165,2165,0.10753776311874391,2.0,2.0,0.3794064521789551,0.00015022137813502923
DQN,75,mid,1166,2166,0.09000000000000001,1.0,1.0,0.41997137665748596,0.0003391122445464134
DQN,75,mid,1167,2167,0.0835105347633362,2.0,2.0,0.6338384747505188,0.00022060377523303032
DQN,75,mid,1168,2168,0.06645830154418947,2.0,2.0,0.2458541840314865,0.0001360135320283007
DQN,75,mid,1169,2169,0.22864480495452882,2.0,2.0,0.44365328550338745,0.0001938802597578615
DQN,75,mid,1170,2170,0.24381615400314333,2.0,2.0,0.7114177942276001,0.0003119408938800916
DQN,75,mid,1171,2171,0.39672685384750367,3.0,3.0,0.648349404335022,0.0002300756071538975
DQN,75,mid,1172,2172,0.09758599281311037,2.0,2.0,0.44568634033203125,0.00023414190945914015
DQN,75,mid,1173,2173,0.31597586154937746,2.0,2.0,0.7380418181419373,0.00022934634034754708
DQN,75,mid,1174,2174,0.09000000000000001,1.0,1.0,0.11244679242372513,0.000613351003266871
DQN,75,mid,1175,2175,0.13203533172607423,2.0,2.0,0.6161913275718689,0.0007182168556028046
DQN,75,mid,1176,2176,0.09000000000000001,1.0,1.0,0.16990245878696442,0.0003854746464639902
DQN,75,mid,1177,2177,0.022547855377197265,6.0,3.0,0.3768410086631775,0.00021851270381982127
DQN,75,mid,1178,2178,0.17684674978256226,3.0,3.0,0.6980667114257812,0.00020472450220646957
DQN,75,mid,1179,2179,0.2070652711391449,2.0,2.0,0.2973807752132416,0.00022145713592180982
DQN,75,mid,1180,2180,0.17150180220603944,2.0,2.0,0.29278039932250977,0.0003501432220218703
DQN,75,mid,1181,2181,-0.0140061902999878,3.0,3.0,0.8971161842346191,0.00031675903786284226
DQN,75,mid,1182,2182,0.11715884685516359,2.0,2.0,0.6816465258598328,0.0005468306189868599
DQN,75,mid,1183,2183,0.15942294120788575,3.0,3.0,1.1411561965942383,0.00015850319080830863
DQN,75,mid,1184,2184,0.14156702876091004,3.0,3.0,0.2107081413269043,0.00029316730312226963
DQN,75,mid,1185,2185,0.14923699378967287,2.0,2.0,0.35193416476249695,0.000877824699273333
DQN,75,mid,1186,2186,0.16593331813812257,3.0,3.0,0.8415130972862244,0.0002843487454811111
DQN,75,mid,1187,2187,0.07979639053344728,2.0,2.0,0.6185766458511353,0.00020930394384777173
DQN,75,mid,1188,2188,0.09000000000000001,1.0,1.0,0.07237442582845688,0.00034286914160475135
DQN,75,mid,1189,2189,0.09000000000000001,1.0,1.0,0.5662038326263428,0.0001948722347151488
DQN,75,mid,1190,2190,0.09000000000000001,1.0,1.0,0.12292652577161789,0.0003124942013528198
DQN,75,mid,1191,2191,0.09000000000000001,1.0,1.0,0.240322545170784,0.0002932105853687972
DQN,75,mid,1192,2192,0.10486935257911684,2.0,2.0,0.4466334879398346,0.00030914485978428274
DQN,75,mid,1193,2193,0.26212521076202394,2.0,2.0,1.0432870388031006,0.0002874985002563335
DQN,75,mid,1194,2194,-0.014672918319702133,2.0,2.0,0.6208875775337219,0.0003228011046303436
DQN,75,mid,1195,2195,0.05239065170288087,2.0,2.0,0.5298314690589905,0.00016005924408091232
DQN,75,mid,1196,2196,0.2385899591445923,2.0,2.0,0.7516602277755737,0.00029617108521051705
DQN,75,mid,1197,2197,0.09000000000000001,1.0,1.0,0.3826674818992615,0.0001266317703993991
DQN,75,mid,1198,2198,0.2089380693435669,3.0,3.0,0.7897191643714905,0.0003520116345801701
DQN,75,mid,1199,2199,-0.00491534948348997,3.0,3.0,0.30924513936042786,0.0003024189597150932
DQN,75,mid,1200,2200,0.025144176483154312,2.0,2.0,0.538038969039917,0.00020643234893213958
DQN,75,mid,1201,2201,0.09000000000000001,1.0,1.0,0.09702073782682419,0.00016236118972301483
DQN,75,mid,1202,2202,0.011009113788604752,2.0,2.0,0.8821688890457153,0.00021251261932775378
DQN,75,mid,1203,2203,0.08314778089523317,2.0,2.0,0.9474385380744934,0.00019207533114240505
DQN,75,mid,1204,2204,0.08599708557128907,7.0,6.0,1.0185619592666626,0.0002412006537529773
DQN,75,mid,1205,2205,0.25023431539535523,4.0,3.0,0.7276596426963806,0.0001840420864027692
DQN,75,mid,1206,2206,0.13817835569381715,3.0,3.0,0.6116886138916016,0.00015759745292598382
DQN,75,mid,1207,2207,0.09000000000000001,1.0,1.0,0.5267314314842224,0.00032134674256667495
DQN,75,mid,1208,2208,0.09000000000000001,1.0,1.0,0.048684947192668915,0.00013171861064620316
DQN,75,mid,1209,2209,-0.03128070712089538,3.0,2.0,0.5420699119567871,0.00019742709991987795
DQN,75,mid,1210,2210,0.0733573627471924,3.0,2.0,0.7044192552566528,0.00038974572089500725
DQN,75,mid,1211,2211,0.30463929653167726,2.0,2.0,1.007621169090271,0.0002717385796131566
DQN,75,mid,1212,2212,0.09000000000000001,1.0,1.0,0.26656851172447205,0.00027863230207003653
DQN,75,mid,1213,2213,0.0644726848602295,4.0,3.0,0.6890098452568054,0.0002801685004669707
DQN,75,mid,1214,2214,0.1579278874397278,2.0,2.0,0.6210795640945435,0.00043495502904988825
DQN,75,mid,1215,2215,0.21749200105667116,2.0,2.0,0.7368936538696289,0.00032653963717166334
DQN,75,mid,1216,2216,-0.09180116653442386,10.0,3.0,0.6035202741622925,0.0002523443312384188
DQN,75,mid,1217,2217,-0.0754182744026184,8.0,3.0,0.7426459193229675,0.00022775127308705123
DQN,75,mid,1218,2218,0.2726774287223816,3.0,3.0,0.5648305416107178,0.00028299587332488346
DQN,75,mid,1219,2219,0.06766645789146425,2.0,2.0,0.287740558385849,0.0002804115865728818
DQN,75,mid,1220,2220,-0.010381512641906732,3.0,3.0,0.3398865759372711,0.0001392019864094133
DQN,75,mid,1221,2221,0.131634840965271,4.0,3.0,0.7102231979370117,0.0003577808565751184
DQN,75,mid,1222,2222,0.05738051414489747,2.0,2.0,0.15204015374183655,0.0002001824468607083
DQN,75,mid,1223,2223,0.2545974922180176,3.0,3.0,0.5561571717262268,0.00028893624160749215
DQN,75,mid,1224,2224,-0.017923517227172836,2.0,2.0,0.42045828700065613,0.00019193355547031388
DQN,75,mid,1225,2225,-0.12880482673645022,10.0,2.0,0.7106624841690063,0.000291623811062891
DQN,75,mid,1226,2226,0.09000000000000001,1.0,1.0,0.4784681499004364,0.000149337894981727
DQN,75,mid,1227,2227,0.1987480688095093,2.0,2.0,0.5098112225532532,0.0005280678160488605
DQN,75,mid,1228,2228,0.06254523992538452,5.0,4.0,0.589323103427887,0.00023071792820701377
DQN,75,mid,1229,2229,0.09000000000000001,1.0,1.0,0.3015725314617157,0.00030319346114993095
DQN,75,mid,1230,2230,0.09000000000000001,1.0,1.0,0.544830322265625,0.0002658601733855903
DQN,75,mid,1231,2231,0.10440802335739137,4.0,4.0,0.6787185668945312,0.0002471760817570612
DQN,75,mid,1232,2232,0.2379944396018982,3.0,3.0,0.8316015601158142,0.00024916436329173547
DQN,75,mid,1233,2233,-0.006567679643630975,3.0,3.0,0.3567139208316803,0.0001889209233922884
DQN,75,mid,1234,2234,-0.17671147108078,7.0,2.0,0.7556520104408264,0.0004242161147495998
DQN,75,mid,1235,2235,0.07027226865291597,2.0,2.0,0.2410924732685089,0.00045396787754725665
DQN,75,mid,1236,2236,0.18320669412612917,2.0,2.0,0.6375921368598938,0.00026496082136873156
DQN,75,mid,1237,2237,0.2659135627746582,2.0,2.0,0.6134540438652039,0.00020194260287098587
DQN,75,mid,1238,2238,0.1505331563949585,2.0,2.0,0.8875333070755005,0.0005175633850740269
DQN,75,mid,1239,2239,0.23113547444343568,2.0,2.0,0.49784645438194275,0.00018672606529435143
DQN,75,mid,1240,2240,0.11930329322814942,3.0,3.0,0.5861609578132629,0.0001847037444046388
DQN,75,mid,1241,2241,0.02989124685525895,2.0,2.0,0.12828819453716278,0.00016815661365399137
DQN,75,mid,1242,2242,0.2776340413093567,2.0,2.0,0.7835782170295715,0.00037292836350388825
DQN,75,mid,1243,2243,0.21558810949325563,2.0,2.0,0.6420826315879822,0.0002265946241095662
DQN,75,mid,1244,2244,-0.5605668306350708,10.0,2.0,0.7866172194480896,0.00022823225226602516
DQN,75,mid,1245,2245,-0.5233978509902955,10.0,2.0,0.6961718201637268,0.00019065499654971063
DQN,75,mid,1246,2246,0.06076540231704713,2.0,2.0,0.3516836166381836,0.00020775133452843875
DQN,75,mid,1247,2247,0.2544223737716675,3.0,3.0,0.815738320350647,0.0001748705302209904
DQN,75,mid,1248,2248,0.32848401546478273,2.0,2.0,0.4730396866798401,0.00022758856357540935
DQN,75,mid,1249,2249,0.3270487952232361,2.0,2.0,0.6167608499526978,0.00045986824261490256
DQN,75,mid,1250,2250,0.09235984802246094,3.0,3.0,1.0673331022262573,0.00043358236628895003
DQN,75,mid,1251,2251,0.06536688089370729,2.0,2.0,0.7743545770645142,0.0001621409974177368
DQN,75,mid,1252,2252,0.13984312295913698,2.0,2.0,0.6946054100990295,0.0003403905575396493
DQN,75,mid,1253,2253,0.09000000000000001,1.0,1.0,0.5123916864395142,0.00022004276979714632
DQN,75,mid,1254,2254,0.06663011193275453,2.0,2.0,0.2447608858346939,0.00032359456236008555
DQN,75,mid,1255,2255,0.05162199020385743,2.0,2.0,0.6435674428939819,0.00028495292644947767
DQN,75,mid,1256,2256,0.14264132261276247,2.0,2.0,0.1694023162126541,0.00019684209837578237
DQN,75,mid,1257,2257,0.06721617460250856,2.0,2.0,0.6848668456077576,0.0001775870332494378
DQN,75,mid,1258,2258,0.20765990972518922,4.0,3.0,0.9974634051322937,0.0036411708060768433
DQN,75,mid,1259,2259,-0.3270785808563233,10.0,3.0,1.1703537702560425,0.00021889264608034864
DQN,75,mid,1260,2260,0.08529055297374727,2.0,2.0,0.20536033809185028,0.00014129245391814038
DQN,75,mid,1261,2261,0.09000000000000001,1.0,1.0,0.348137229681015,0.00014730897964909673
DQN,75,mid,1262,2262,0.13489593744277956,2.0,2.0,0.6141948699951172,0.00024971828679554164
DQN,75,mid,1263,2263,0.2889713215827942,2.0,2.0,0.4925141930580139,0.0002801256123348139
DQN,75,mid,1264,2264,-0.03575377464294434,5.0,3.0,0.43260473012924194,0.00021253081504255534
DQN,75,mid,1265,2265,0.09000000000000001,1.0,1.0,0.47937217354774475,0.00013871418195776641
DQN,75,mid,1266,2266,0.117170946598053,2.0,2.0,0.7393472790718079,0.0002645987260621041
DQN,75,mid,1267,2267,0.1479149478673935,2.0,2.0,0.2198508232831955,0.00016492517897859216
DQN,75,mid,1268,2268,0.15320486545562745,3.0,3.0,1.072811484336853,0.00022019751486368477
DQN,75,mid,1269,2269,0.0800119709968567,3.0,3.0,0.6638599038124084,0.00024102802854031324
DQN,75,mid,1270,2270,0.09000000000000001,1.0,1.0,0.2032928764820099,0.00014219453441910446
DQN,75,mid,1271,2271,0.25198055982589723,2.0,2.0,0.4901382327079773,0.00017799666238715872
DQN,75,mid,1272,2272,0.015292571783065811,2.0,2.0,0.43132373690605164,0.00016123447858262807
DQN,75,mid,1273,2273,0.09000000000000001,1.0,1.0,0.36875444650650024,0.00030868014437146485
DQN,75,mid,1274,2274,0.09000000000000001,1.0,1.0,0.08745034784078598,0.00017987657338380814
DQN,75,mid,1275,2275,0.09000000000000001,1.0,1.0,0.11683311313390732,0.00012844335287809372
DQN,75,mid,1276,2276,0.1371397376060486,5.0,4.0,0.8087815046310425,0.0003953566192649305
DQN,75,mid,1277,2277,0.09000000000000001,1.0,1.0,0.054051000624895096,0.0002919240214396268
DQN,75,mid,1278,2278,-0.027379667758941642,5.0,2.0,0.7467440366744995,0.00024631427659187465
DQN,75,mid,1279,2279,0.09000000000000001,1.0,1.0,0.8385186195373535,0.0004983039107173681
DQN,75,mid,1280,2280,0.02395767450332642,7.0,4.0,0.713241457939148,0.00025008991776433377
DQN,75,mid,1281,2281,-0.12747583389282224,5.0,2.0,0.6294273138046265,0.000259023200487718
DQN,75,mid,1282,2282,0.12590450763702393,3.0,3.0,0.8311598896980286,0.000335213514820983
DQN,75,mid,1283,2283,0.14360808014869691,2.0,2.0,0.47352269291877747,0.0013581835155491717
DQN,75,mid,1284,2284,0.1926651668548584,3.0,3.0,0.7329930663108826,0.0004028231487609446
DQN,75,mid,1285,2285,0.3183607625961304,2.0,2.0,0.41622066497802734,0.00016672903802827932
DQN,75,mid,1286,2286,0.09000000000000001,1.0,1.0,0.3362528681755066,0.00028029107488691807
DQN,75,mid,1287,2287,0.402332044839859,3.0,3.0,0.36960288882255554,0.00030228122098681826
DQN,75,mid,1288,2288,0.23409937500953676,2.0,2.0,0.33751100301742554,0.00024664429656695575
DQN,75,mid,1289,2289,0.09000000000000001,1.0,1.0,0.15260498225688934,0.0003462090389803052
DQN,75,mid,1290,2290,0.05580768913030625,2.0,2.0,0.12840265035629272,0.0005164276517461985
DQN,75,mid,1291,2291,0.06774540424346925,2.0,2.0,0.41763409972190857,0.0002477253874531016
DQN,75,mid,1292,2292,0.36510212898254396,2.0,2.0,0.6099416017532349,0.00016019406029954553
DQN,75,mid,1293,2293,0.16544945716857912,2.0,2.0,1.1793211698532104,0.0001713038291200064
DQN,75,mid,1294,2294,0.05164142131805421,2.0,2.0,0.28523555397987366,0.00022317819093586877
DQN,75,mid,1295,2295,0.03550154924392701,4.0,3.0,0.8398545980453491,0.00021456998729263432
DQN,75,mid,1296,2296,0.09000000000000001,1.0,1.0,0.3117958605289459,0.00021878878760617226
DQN,75,mid,1297,2297,0.03456126332283021,2.0,2.0,0.47519996762275696,0.0004076555633218959
DQN,75,mid,1298,2298,0.2992855477333069,2.0,2.0,0.5845345258712769,0.00024400351685471833
DQN,75,mid,1299,2299,0.09000000000000001,1.0,1.0,0.08674220740795135,0.00031621649395674467
DQN,75,mid,1300,2300,0.09000000000000001,1.0,1.0,0.5329495072364807,0.00022909224207978696
DQN,75,mid,1301,2301,0.09000000000000001,1.0,1.0,0.4953363537788391,0.009670835919678211
DQN,75,mid,1302,2302,0.10447777032852174,3.0,3.0,0.646113932132721,0.0006243428991486629
DQN,75,mid,1303,2303,0.1582045125961304,2.0,2.0,0.22402825951576233,0.00036853415076620877
DQN,75,mid,1304,2304,0.08183683633804323,2.0,2.0,0.40419578552246094,0.0002554606762714684
DQN,75,mid,1305,2305,0.034795649051666266,3.0,3.0,0.3794958293437958,0.0002074142248602584
DQN,75,mid,1306,2306,0.09000000000000001,1.0,1.0,1.0098284482955933,0.00015311723109334707
DQN,75,mid,1307,2307,0.12716467857360841,2.0,2.0,0.9569164514541626,0.00019420710304984823
DQN,75,mid,1308,2308,0.015739850401878364,3.0,3.0,0.21019375324249268,0.00035832676803693175
DQN,75,mid,1309,2309,0.34296305656433107,2.0,2.0,0.38904744386672974,0.00019894846627721563
DQN,75,mid,1310,2310,0.11384131193161012,2.0,2.0,0.6964961290359497,0.00017276139260502532
DQN,75,mid,1311,2311,0.06414015769958498,2.0,2.0,0.8505482077598572,0.00017835686594480649
DQN,75,mid,1312,2312,-0.5502257227897644,10.0,2.0,0.6270950436592102,0.0002410338020126801
DQN,75,mid,1313,2313,0.09000000000000001,1.0,1.0,0.45466485619544983,0.00021103238395880908
DQN,75,mid,1314,2314,0.16032347261905672,2.0,2.0,0.22760318219661713,0.0003965987707488239
DQN,75,mid,1315,2315,0.052735941410064706,2.0,2.0,0.3566470444202423,0.00012804994912585244
DQN,75,mid,1316,2316,0.04366876363754273,2.0,2.0,1.021307349205017,0.00019520519708748907
DQN,75,mid,1317,2317,0.20418073415756227,2.0,2.0,0.7425002455711365,0.00040915710269473493
DQN,75,mid,1318,2318,0.2037694323062897,2.0,2.0,0.4639871418476105,0.00018300156807526946
DQN,75,mid,1319,2319,0.09000000000000001,1.0,1.0,0.08332027494907379,0.0010808799415826797
DQN,75,mid,1320,2320,0.14547242403030397,2.0,2.0,0.6622997522354126,0.00026208094641333446
DQN,75,mid,1321,2321,0.1438720989227295,2.0,2.0,0.7172922492027283,0.00018186165107181296
DQN,75,mid,1322,2322,0.004649708271026606,4.0,3.0,0.15450520813465118,0.0009312108195445035
DQN,75,mid,1323,2323,0.12745548963546754,2.0,2.0,0.7740961909294128,0.00033886341407196596
DQN,75,mid,1324,2324,-0.11937008619308472,2.0,2.0,0.9274613261222839,0.00010379795276094228
DQN,75,mid,1325,2325,0.11134357929229738,2.0,2.0,0.5534802079200745,0.00023160020646173507
DQN,75,mid,1326,2326,0.32487298727035524,2.0,2.0,0.36379629373550415,0.0001743107713991776
DQN,75,mid,1327,2327,0.18341799259185793,2.0,2.0,0.7597013115882874,0.0002914543802035041
DQN,75,mid,1328,2328,0.13391764640808107,2.0,2.0,0.7062879800796509,0.0002029320821748115
DQN,75,mid,1329,2329,0.09000000000000001,1.0,1.0,0.08563113212585449,0.00013156434579286724
DQN,75,mid,1330,2330,0.09000000000000001,1.0,1.0,0.2371603548526764,0.0001433690486010164
DQN,75,mid,1331,2331,0.2757440972328186,2.0,2.0,0.5057729482650757,0.0002702613128349185
DQN,75,mid,1332,2332,0.09000000000000001,1.0,1.0,0.1601102650165558,0.00015256211918313056
DQN,75,mid,1333,2333,0.22984267950057985,2.0,2.0,0.8546305298805237,0.0006372825737344101
DQN,75,mid,1334,2334,0.09000000000000001,1.0,1.0,0.3986009955406189,0.00010967139678541571
DQN,75,mid,1335,2335,0.09000000000000001,1.0,1.0,0.6735665202140808,0.00017082286649383605
DQN,75,mid,1336,2336,0.09000000000000001,1.0,1.0,0.2818407118320465,0.0001859930343925953
DQN,75,mid,1337,2337,0.09000000000000001,1.0,1.0,0.26458099484443665,0.00028559466591104865
DQN,75,mid,1338,2338,0.16800202608108522,2.0,2.0,0.56828773021698,0.0003085714270127937
DQN,75,mid,1339,2339,0.09000000000000001,1.0,1.0,0.3420673906803131,0.00011704891949193552
DQN,75,mid,1340,2340,0.09000000000000001,1.0,1.0,0.23591656982898712,0.00012063206668244675
DQN,75,mid,1341,2341,0.09000000000000001,1.0,1.0,0.20916812121868134,0.00015056256961543113
DQN,75,mid,1342,2342,0.14001853942871095,2.0,2.0,0.6503550410270691,0.0001600027535459958
DQN,75,mid,1343,2343,0.2565758299827576,3.0,3.0,0.6588382124900818,0.0002901078066012512
DQN,75,mid,1344,2344,0.09000000000000001,1.0,1.0,0.7366151213645935,0.0003170844865962863
DQN,75,mid,1345,2345,0.09000000000000001,1.0,1.0,0.1478523164987564,0.005359692964702845
DQN,75,mid,1346,2346,0.10096051096916198,10.0,4.0,0.46075859665870667,0.00027709111745934936
DQN,75,mid,1347,2347,0.20534531950950624,2.0,2.0,0.28756698966026306,0.00019957592303398997
DQN,75,mid,1348,2348,0.21141778469085692,6.0,5.0,1.0539830923080444,0.0004951056665352856
DQN,75,mid,1349,2349,0.09000000000000001,1.0,1.0,0.10151002556085587,0.00026304397033527493
DQN,75,mid,1350,2350,0.09000000000000001,1.0,1.0,0.2594386339187622,0.00020272115943953395
DQN,75,mid,1351,2351,0.22131546020507814,2.0,2.0,0.6837632060050964,0.00021658799596480094
DQN,75,mid,1352,2352,0.10178483247756956,8.0,4.0,0.919154703617096,0.00031782528185431147
DQN,75,mid,1353,2353,0.09000000000000001,1.0,1.0,0.450022429227829,0.0004297943087294698
DQN,75,mid,1354,2354,0.12506080627441407,4.0,3.0,0.3806195855140686,0.0002579411411716137
DQN,75,mid,1355,2355,0.3270040023326874,2.0,2.0,0.46003803610801697,0.0004126691637793556
DQN,75,mid,1356,2356,-0.4666487455368042,10.0,2.0,0.8846338391304016,0.00027219407274969853
DQN,75,mid,1357,2357,0.18668289661407472,2.0,2.0,0.7338618040084839,0.00033978807914536446
DQN,75,mid,1358,2358,-0.09820406913757322,3.0,3.0,0.8700678944587708,0.00034277552913408726
DQN,75,mid,1359,2359,0.09000000000000001,1.0,1.0,0.047986071556806564,0.000339292484568432
DQN,75,mid,1360,2360,0.06604353308677674,3.0,3.0,0.3307625353336334,0.0006690462081072231
DQN,75,mid,1361,2361,0.09000000000000001,1.0,1.0,0.21746297180652618,0.0003173094301018864
DQN,75,mid,1362,2362,0.08943732261657716,2.0,2.0,0.7208727598190308,0.0012197542237117887
DQN,75,mid,1363,2363,0.09000000000000001,1.0,1.0,0.21388448774814606,0.00026269868249073625
DQN,75,mid,1364,2364,0.09000000000000001,1.0,1.0,0.6724293828010559,0.00018470072245690972
DQN,75,mid,1365,2365,0.09000000000000001,1.0,1.0,0.13835062086582184,0.0003348009486217052
DQN,75,mid,1366,2366,0.005473453998565678,3.0,2.0,0.6927409768104553,0.00041304789677572745
DQN,75,mid,1367,2367,0.09000000000000001,1.0,1.0,0.07490704208612442,0.00036937225377187133
DQN,75,mid,1368,2368,0.16801215887069704,2.0,2.0,0.8465214371681213,0.00018803223792929202
DQN,75,mid,1369,2369,-0.0727619159221649,3.0,3.0,0.5842801928520203,0.00028870255725147825
DQN,75,mid,1370,2370,0.10502024173736574,2.0,2.0,0.3204399645328522,0.00048336025793105364
DQN,75,mid,1371,2371,0.15550352811813356,2.0,2.0,0.6106630563735962,0.00023895435879239812
DQN,75,mid,1372,2372,-0.5446552515029908,10.0,2.0,1.1059726476669312,0.0003437732288148254
DQN,75,mid,1373,2373,-0.20954004049301145,7.0,2.0,0.579219400882721,0.0004725977237935045
DQN,75,mid,1374,2374,0.3560671377182007,2.0,2.0,0.6493330001831055,0.00031107718677958474
DQN,75,mid,1375,2375,0.09000000000000001,1.0,1.0,0.06817228347063065,0.0004885759553872049
DQN,75,mid,1376,2376,0.3140450191497803,3.0,3.0,0.6087199449539185,0.0003083288562872137
DQN,75,mid,1377,2377,-0.49456517696380614,10.0,2.0,0.6337003111839294,0.0003859078176901676
DQN,75,mid,1378,2378,-0.05168758869171143,9.0,4.0,0.860531210899353,0.000342407315555546
DQN,75,mid,1379,2379,0.09000000000000001,1.0,1.0,0.3400423526763916,0.0005280064069665968
DQN,75,mid,1380,2380,0.08225507259368897,3.0,3.0,0.5792002081871033,0.0003821471133657421
DQN,75,mid,1381,2381,0.23140336751937868,2.0,2.0,0.41278284788131714,0.0004267586482455954
DQN,75,mid,1382,2382,0.22678019285202028,2.0,2.0,0.8658562302589417,0.00043233107135165483
DQN,75,mid,1383,2383,0.09000000000000001,1.0,1.0,0.12966498732566833,0.0006881271838210523
DQN,75,mid,1384,2384,0.15163548469543459,2.0,2.0,0.5239539742469788,0.00021702021331293508
DQN,75,mid,1385,2385,0.013355137705802933,2.0,2.0,0.23271529376506805,0.000242652342421934
DQN,75,mid,1386,2386,0.09000000000000001,1.0,1.0,0.2179553210735321,0.00028224606649018824
DQN,75,mid,1387,2387,0.09000000000000001,1.0,1.0,0.5398487448692322,0.0004403558559715748
DQN,75,mid,1388,2388,0.2887177538871765,3.0,3.0,0.7471400499343872,0.00027222732023801655
DQN,75,mid,1389,2389,0.09000000000000001,1.0,1.0,0.0789116621017456,0.0004746633640024811
DQN,75,mid,1390,2390,0.09000000000000001,1.0,1.0,0.564266562461853,0.0004061624640598893
DQN,75,mid,1391,2391,0.09000000000000001,1.0,1.0,0.24240057170391083,0.0008098006946966052
DQN,75,mid,1392,2392,0.2023288083076477,3.0,3.0,0.8134449124336243,0.0001488042325945571
DQN,75,mid,1393,2393,0.09413527876138689,2.0,2.0,0.11342393606901169,0.00015153987624216825
DQN,75,mid,1394,2394,0.24993557453155518,3.0,3.0,0.7204092144966125,0.00021286302944645286
DQN,75,mid,1395,2395,-0.01087338805198669,3.0,2.0,0.4574944078922272,0.0003378121182322502
DQN,75,mid,1396,2396,0.1310826110839844,2.0,2.0,0.7373159527778625,0.0003230676084058359
DQN,75,mid,1397,2397,-0.5553305625915528,10.0,2.0,1.1724321842193604,0.0002333416632609442
DQN,75,mid,1398,2398,0.09000000000000001,1.0,1.0,0.34006500244140625,0.00023738606250844896
DQN,75,mid,1399,2399,0.17023267030715944,2.0,2.0,0.2786918580532074,0.00020076801592949778
DQN,75,mid,1400,2400,0.1250786054134369,2.0,2.0,0.44885915517807007,0.0005111043574288487
DQN,75,mid,1401,2401,0.09000000000000001,1.0,1.0,0.23599088191986084,0.0011394104221835732
DQN,75,mid,1402,2402,0.1506804394721985,2.0,2.0,0.5460993051528931,0.0001905604440253228
DQN,75,mid,1403,2403,0.07777658820152283,3.0,3.0,0.3063649535179138,0.00019811513872506717
DQN,75,mid,1404,2404,0.09000000000000001,1.0,1.0,0.16913971304893494,0.00014803661906626076
DQN,75,mid,1405,2405,-0.3042193055152893,10.0,3.0,0.8700140118598938,0.00025478830793872475
DQN,75,mid,1406,2406,0.231398241519928,2.0,2.0,0.3687977194786072,0.0003512555849738419
DQN,75,mid,1407,2407,0.1126376760005951,3.0,3.0,0.3949647843837738,0.0003698903601616621
DQN,75,mid,1408,2408,0.14051313877105714,2.0,2.0,0.7559648156166077,0.0002656858923728578
DQN,75,mid,1409,2409,0.09000000000000001,1.0,1.0,0.1665346324443817,0.0002677149896044284
DQN,75,mid,1410,2410,0.09000000000000001,1.0,1.0,0.08957308530807495,0.0003110204415861517
DQN,75,mid,1411,2411,0.03231950283050538,2.0,2.0,1.1105315685272217,0.00012312109174672514
DQN,75,mid,1412,2412,0.729667432308197,3.0,3.0,0.8804647326469421,0.000214687601934808
DQN,75,mid,1413,2413,0.18253947973251344,2.0,2.0,0.9431418776512146,0.00018825959705282003
DQN,75,mid,1414,2414,0.09000000000000001,1.0,1.0,0.3251760005950928,0.00015664170496165752
DQN,75,mid,1415,2415,0.07096503853797914,2.0,2.0,0.49841293692588806,0.00025650236784713343
DQN,75,mid,1416,2416,0.1622940468788147,2.0,2.0,0.6804826855659485,0.00011386361438781023
DQN,75,mid,1417,2417,0.12201278090476991,2.0,2.0,0.10457909107208252,0.000389667424315121
DQN,75,mid,1418,2418,0.09000000000000001,1.0,1.0,0.9399224519729614,0.00019159931980539113
DQN,75,mid,1419,2419,0.09000000000000001,1.0,1.0,0.3622799515724182,0.0006487309583462775
DQN,75,mid,1420,2420,-0.3471287727355957,10.0,5.0,1.0234663486480713,0.000375922660168726
DQN,75,mid,1421,2421,0.02112838804721834,2.0,2.0,0.2268921285867691,0.00018236807954963297
DQN,75,mid,1422,2422,0.037642436027526864,2.0,2.0,0.47652778029441833,0.00021056920377304778
DQN,75,mid,1423,2423,0.09000000000000001,1.0,1.0,0.47643613815307617,0.00023983234132174402
DQN,75,mid,1424,2424,0.23225219726562502,2.0,2.0,0.7273147702217102,0.0005143824673723429
DQN,75,mid,1425,2425,0.09000000000000001,1.0,1.0,0.20004451274871826,0.00013511389261111617
DQN,75,mid,1426,2426,0.23499460697174074,2.0,2.0,0.8642669916152954,0.000776297936681658
DQN,75,mid,1427,2427,0.17615163505077364,2.0,2.0,0.1691635698080063,0.0002455282083246857
DQN,75,mid,1428,2428,0.14563675403594972,2.0,2.0,0.30842095613479614,0.00030095389229245484
DQN,75,mid,1429,2429,0.13909936666488648,3.0,3.0,0.40264007449150085,0.00028643331218821305
DQN,75,mid,1430,2430,0.14741106510162355,2.0,2.0,0.5247305035591125,0.00027311038866173476
DQN,75,mid,1431,2431,0.2942925262451172,2.0,2.0,0.5322825312614441,0.0002810034930007532
DQN,75,mid,1432,2432,0.148917453289032,2.0,2.0,0.6596307158470154,0.0002636322897160426
DQN,75,mid,1433,2433,0.09000000000000001,1.0,1.0,0.4907047152519226,0.00033643690403550863
DQN,75,mid,1434,2434,0.20997630238533022,2.0,2.0,0.3842981159687042,0.00021985760395182297
DQN,75,mid,1435,2435,0.09000000000000001,1.0,1.0,0.6471958756446838,0.00038138049421831965
DQN,75,mid,1436,2436,0.13081210613250732,4.0,4.0,0.7861456871032715,0.0003002106423082296
DQN,75,mid,1437,2437,0.09000000000000001,1.0,1.0,0.9109220504760742,0.00018494272080715746
DQN,75,mid,1438,2438,0.09000000000000001,1.0,1.0,0.777117908000946,0.00022321809956338257
DQN,75,mid,1439,2439,0.09811946928501131,2.0,2.0,0.24930794537067413,0.00019016439910046756
DQN,75,mid,1440,2440,0.14451415061950684,3.0,3.0,0.5347349047660828,0.0004382548213470727
DQN,75,mid,1441,2441,0.2771627771854401,2.0,2.0,0.42042431235313416,0.00022811844246461987
DQN,75,mid,1442,2442,0.18953211784362795,2.0,2.0,0.8900098204612732,0.00022571646695723757
DQN,75,mid,1443,2443,0.09000000000000001,1.0,1.0,0.18493162095546722,0.00036350544542074203
DQN,75,mid,1444,2444,0.09000000000000001,1.0,1.0,0.14911118149757385,0.00017472647596150637
DQN,75,mid,1445,2445,0.09000000000000001,1.0,1.0,0.37099942564964294,0.0004097360360901803
DQN,75,mid,1446,2446,0.24179513931274416,2.0,2.0,0.905901312828064,0.0002486232915543951
DQN,75,mid,1447,2447,0.19839853763580323,3.0,3.0,1.2373120784759521,0.0002745720218323792
DQN,75,mid,1448,2448,0.03664717793464661,3.0,3.0,0.3767696022987366,0.0005280975553129489
DQN,75,mid,1449,2449,0.09000000000000001,1.0,1.0,0.09536956995725632,0.00016749478527344763
DQN,75,mid,1450,2450,0.26932425022125245,3.0,3.0,0.6270346641540527,0.000254522921750322
DQN,75,mid,1451,2451,0.09000000000000001,1.0,1.0,0.2659989893436432,0.00031031869002617896
DQN,75,mid,1452,2452,0.14632024049758913,2.0,2.0,0.7117539644241333,0.00033903695293702185
DQN,75,mid,1453,2453,0.06671019077301027,2.0,2.0,0.548210084438324,0.005034527988755144
DQN,75,mid,1454,2454,0.09000000000000001,1.0,1.0,0.2360168695449829,0.0005906562437303364
DQN,75,mid,1455,2455,0.09000000000000001,1.0,1.0,0.24314828217029572,0.0006236038752831519
DQN,75,mid,1456,2456,0.18307525634765626,3.0,3.0,0.7998972535133362,0.00029578994144685566
DQN,75,mid,1457,2457,0.3352449703216553,2.0,2.0,0.7347540259361267,0.00040164540405385196
DQN,75,mid,1458,2458,0.18792726278305055,2.0,2.0,0.322773277759552,0.002100240220897831
DQN,75,mid,1459,2459,0.25390066385269167,2.0,2.0,0.5593934655189514,0.000596753612626344
DQN,75,mid,1460,2460,0.09000000000000001,1.0,1.0,0.6729293465614319,0.00028905566432513297
DQN,75,mid,1461,2461,0.28828074216842653,2.0,2.0,0.9166836142539978,0.00024740404478507116
DQN,75,mid,1462,2462,0.1375065612792969,2.0,2.0,0.5948371291160583,0.00023555740335723385
DQN,75,mid,1463,2463,0.09000000000000001,1.0,1.0,0.2245996743440628,0.0002809932339005172
DQN,75,mid,1464,2464,0.1731164026260376,2.0,2.0,0.5671496987342834,0.0002423221812932752
DQN,75,mid,1465,2465,0.04077263355255128,2.0,2.0,0.4464283585548401,0.0004103235696675256
DQN,75,mid,1466,2466,0.2121263909339905,2.0,2.0,0.40355587005615234,0.0002056536468444392
DQN,75,mid,1467,2467,0.17514597058296205,2.0,2.0,0.33800050616264343,0.00019353182142367586
DQN,75,mid,1468,2468,0.09967866957187654,3.0,2.0,0.1779216080904007,0.0003508840745780617
DQN,75,mid,1469,2469,-0.0504092478752136,4.0,3.0,0.44249892234802246,0.0002916917292168364
DQN,75,mid,1470,2470,0.09000000000000001,1.0,1.0,0.7209433913230896,0.0003372951177880168
DQN,75,mid,1471,2471,0.03630358934402467,4.0,3.0,0.7454798817634583,0.0004469402447284665
DQN,75,mid,1472,2472,0.04466422080993653,2.0,2.0,0.5839486718177795,0.0003860524739138782
DQN,75,mid,1473,2473,0.12085766315460206,3.0,3.0,1.287212610244751,0.000267147925721171
DQN,75,mid,1474,2474,0.09000000000000001,1.0,1.0,0.1354069858789444,0.00013174445484764874
DQN,75,mid,1475,2475,0.10955024957656861,5.0,3.0,0.37285691499710083,0.00020222366147208958
DQN,75,mid,1476,2476,0.14013289093971254,2.0,2.0,0.4931928813457489,0.0002415969574940391
DQN,75,mid,1477,2477,0.07862705707550051,3.0,3.0,0.8253052830696106,0.0006365115211034814
DQN,75,mid,1478,2478,0.06313754796981813,2.0,2.0,0.49234649538993835,0.00016167702051461674
DQN,75,mid,1479,2479,-0.056026273369789145,9.0,3.0,0.22479771077632904,0.0002551148297950729
DQN,75,mid,1480,2480,0.3939190673828125,2.0,2.0,1.0356014966964722,0.0002131513465428725
DQN,75,mid,1481,2481,0.04880151331424714,2.0,2.0,0.20746839046478271,0.00025009164528455585
DQN,75,mid,1482,2482,0.1653914022445679,2.0,2.0,0.7488613724708557,0.00020156620303168893
DQN,75,mid,1483,2483,0.09000000000000001,1.0,1.0,0.21956871449947357,0.00016858766321092844
DQN,75,mid,1484,2484,0.04564983367919923,3.0,3.0,0.9266242980957031,0.00028731680746811133
DQN,75,mid,1485,2485,0.09698875427246095,2.0,2.0,0.7131510972976685,0.0008354090678039938
DQN,75,mid,1486,2486,0.02675737619400026,2.0,2.0,0.9657206535339355,0.00037042907206341624
DQN,75,mid,1487,2487,0.14181564927101137,2.0,2.0,0.3901265561580658,0.00039225131331477314
DQN,75,mid,1488,2488,0.08615233182907106,2.0,2.0,0.23571708798408508,0.00036719329364132136
DQN,75,mid,1489,2489,0.09000000000000001,1.0,1.0,0.17797043919563293,0.0001897357578855008
DQN,75,mid,1490,2490,0.19448669433593752,2.0,2.0,0.7727441191673279,0.0002617514619487338
DQN,75,mid,1491,2491,0.05528707027435302,3.0,3.0,0.7471928596496582,0.0003095410259750982
DQN,75,mid,1492,2492,0.0717733669281006,2.0,2.0,0.7442115545272827,0.0002425081838737242
DQN,75,mid,1493,2493,0.09000000000000001,1.0,1.0,0.08521624654531479,0.0002679941535461694
DQN,75,mid,1494,2494,0.09000000000000001,1.0,1.0,0.7528772354125977,0.00026938345399685204
DQN,75,mid,1495,2495,0.099818052649498,2.0,2.0,0.212235227227211,0.00023994717776076868
DQN,75,mid,1496,2496,0.09000000000000001,1.0,1.0,0.2801060974597931,0.00022376842389348894
DQN,75,mid,1497,2497,0.03597727596759797,2.0,2.0,0.2054063081741333,0.00021041563741164282
DQN,75,mid,1498,2498,0.09000000000000001,1.0,1.0,0.12489957362413406,0.00031140490318648517
DQN,75,mid,1499,2499,0.0656885075569153,2.0,2.0,0.5279756784439087,0.00023293028789339587
DQN,75,mid,1500,2500,0.15602852106094361,5.0,3.0,0.5492804646492004,0.00027734555769711735
DQN,75,mid,1501,2501,0.09000000000000001,1.0,1.0,0.49730628728866577,0.0002548408810980618
DQN,75,mid,1502,2502,0.02933241605758668,2.0,2.0,0.8383542895317078,0.00018735367484623566
DQN,75,mid,1503,2503,-0.5215049862861634,10.0,2.0,0.862038791179657,0.0006845099400379695
DQN,75,mid,1504,2504,-0.025414390563964828,2.0,2.0,0.7987517714500427,0.00018411449855193496
DQN,75,mid,1505,2505,-0.0319587868452072,2.0,2.0,0.2951280176639557,0.00037754153891000897
DQN,75,mid,1506,2506,0.06865227937698365,3.0,3.0,0.8753800988197327,0.00014542440476361662
DQN,75,mid,1507,2507,0.06366473615169527,2.0,2.0,0.17892099916934967,0.00047504664689768106
DQN,75,mid,1508,2508,0.1035071086883545,3.0,3.0,0.24744543433189392,0.00015318114795566848
DQN,75,mid,1509,2509,0.08941079854965212,2.0,2.0,0.37340641021728516,0.00024395950458711013
DQN,75,mid,1510,2510,0.09000000000000001,1.0,1.0,0.10476035624742508,0.0003517522709444165
DQN,75,mid,1511,2511,0.16427315950393678,2.0,2.0,0.6238709688186646,0.00020850156579399481
DQN,75,mid,1512,2512,0.21391774892807008,2.0,2.0,0.709272563457489,0.0002553954691393301
DQN,75,mid,1513,2513,0.2227109146118164,3.0,3.0,0.8297141194343567,0.0002020177683637788
DQN,75,mid,1514,2514,-0.0805255901813507,2.0,2.0,0.5905041098594666,0.0002940279373433441
DQN,75,mid,1515,2515,0.09000000000000001,1.0,1.0,0.4298068881034851,0.00022789151989854872
DQN,75,mid,1516,2516,0.2296936082839966,2.0,2.0,0.7386261820793152,0.0011317988100927323
DQN,75,mid,1517,2517,0.09000000000000001,1.0,1.0,0.7536954879760742,0.0001504530810052529
DQN,75,mid,1518,2518,0.027874655723571784,3.0,3.0,0.5656548738479614,0.00018079633688709387
DQN,75,mid,1519,2519,0.09000000000000001,1.0,1.0,0.22719185054302216,0.00016921901260502636
DQN,75,mid,1520,2520,-0.3537132143974304,10.0,3.0,0.7882307767868042,0.00032238964777207
DQN,75,mid,1521,2521,0.02072357058525086,3.0,2.0,0.3867267966270447,0.0002468316621767978
DQN,75,mid,1522,2522,0.010461153388023392,2.0,2.0,0.2406729757785797,0.0001930703510879539
DQN,75,mid,1523,2523,0.28024514198303224,2.0,2.0,0.6811646223068237,0.00036793441540794447
DQN,75,mid,1524,2524,0.23127724409103395,2.0,2.0,0.5361021161079407,0.0006528357625938952
DQN,75,mid,1525,2525,0.09000000000000001,1.0,1.0,0.45099011063575745,0.0001334558182861656
DQN,75,mid,1526,2526,0.14705945730209352,2.0,2.0,0.5219316482543945,0.0002780971844913438
DQN,75,mid,1527,2527,0.1761418151855469,2.0,2.0,1.3607168197631836,0.00023755370057187974
DQN,75,mid,1528,2528,-0.0008838605880737149,2.0,2.0,0.43411189317703247,0.0004595577920554206
DQN,75,mid,1529,2529,0.17776970744132997,2.0,2.0,0.3356304466724396,0.00033949447970371693
DQN,75,mid,1530,2530,0.07616369605064394,2.0,2.0,0.3594209849834442,0.0003890691587002948
DQN,75,mid,1531,2531,0.09000000000000001,1.0,1.0,0.14402282238006592,0.00023938647063914686
DQN,75,mid,1532,2532,0.09000000000000001,1.0,1.0,0.3508395254611969,0.000302589702187106
DQN,75,mid,1533,2533,0.2524512577056885,7.0,3.0,1.0534446239471436,0.0005598336865659803
DQN,75,mid,1534,2534,0.1268496084213257,2.0,2.0,0.5488986372947693,0.00013628591841552407
DQN,75,mid,1535,2535,0.039266334772109994,2.0,2.0,0.42209771275520325,0.00037981345667503774
DQN,75,mid,1536,2536,0.2643898105621338,4.0,4.0,1.058085322380066,0.0002790483667922672
DQN,75,mid,1537,2537,0.09000000000000001,1.0,1.0,0.3991076648235321,0.00011430656013544649
DQN,75,mid,1538,2538,0.09000000000000001,1.0,1.0,0.12772248685359955,0.0003834828967228532
DQN,75,mid,1539,2539,-0.0034115839004516396,3.0,3.0,0.7999321222305298,0.00023311161203309894
DQN,75,mid,1540,2540,0.19187130212783815,2.0,2.0,0.5465292930603027,0.00025058662868104875
DQN,75,mid,1541,2541,-0.5196738243103027,10.0,3.0,0.7451642155647278,0.0002694725801120512
DQN,75,mid,1542,2542,0.08252764463424683,3.0,3.0,0.6371746063232422,0.0002807611987615625
DQN,75,mid,1543,2543,0.09000000000000001,1.0,1.0,0.5590468645095825,0.00016344852338079363
DQN,75,mid,1544,2544,-0.034117152690887456,4.0,3.0,0.6395909190177917,0.0001856238341133576
DQN,75,mid,1545,2545,0.10869156002998354,2.0,2.0,0.43491026759147644,0.0001158558479801286
DQN,75,mid,1546,2546,0.07924427270889284,2.0,2.0,0.6767607927322388,0.00027012287318939343
DQN,75,mid,1547,2547,0.09000000000000001,1.0,1.0,0.23409168422222137,0.0001894974848255515
DQN,75,mid,1548,2548,0.06476307839155199,2.0,2.0,0.13071434199810028,0.00038403064536396414
DQN,75,mid,1549,2549,0.0650687086582184,2.0,2.0,0.4572974741458893,0.0002629596201586537
DQN,75,mid,1550,2550,0.061923162937164315,2.0,2.0,0.5345344543457031,0.0002121939542121254
DQN,75,mid,1551,2551,-0.22041467666625975,9.0,3.0,1.0801451206207275,0.00023567612839138342
DQN,75,mid,1552,2552,0.14468588113784792,2.0,2.0,0.582823634147644,0.00020549483451759443
DQN,75,mid,1553,2553,0.31504772782325746,2.0,2.0,0.42623069882392883,0.0001829579341574572
DQN,75,mid,1554,2554,0.2527914810180664,2.0,2.0,1.099820852279663,0.0002832660611602478
DQN,75,mid,1555,2555,0.23283370018005373,2.0,2.0,0.80424565076828,0.0001893023327284027
DQN,75,mid,1556,2556,0.16611148595809938,2.0,2.0,0.6459659934043884,0.00012547026926768012
DQN,75,mid,1557,2557,0.16460038900375368,2.0,2.0,0.5583862066268921,0.00011469579840195365
DQN,75,mid,1558,2558,0.09000000000000001,1.0,1.0,0.11056994646787643,0.00015619695477653295
DQN,75,mid,1559,2559,0.02002857595682145,3.0,3.0,0.15226614475250244,0.00022659672443599752
DQN,75,mid,1560,2560,0.013087110519409195,2.0,2.0,0.657793402671814,0.00016146742564160377
DQN,75,mid,1561,2561,-0.34899441242218016,9.0,3.0,0.807656466960907,0.00019740704253005484
DQN,75,mid,1562,2562,0.13475014448165895,2.0,2.0,0.7639342546463013,0.0001762456595315598
DQN,75,mid,1563,2563,-0.4327324628829956,10.0,3.0,0.8201168775558472,0.0005460768508783076
DQN,75,mid,1564,2564,0.09000000000000001,1.0,1.0,0.41794347763061523,0.00035451495205052197
DQN,75,mid,1565,2565,-0.030655426979064926,2.0,2.0,0.7198840379714966,0.00013527768896892667
DQN,75,mid,1566,2566,0.09000000000000001,1.0,1.0,0.06616509705781937,0.0001722626038827002
DQN,75,mid,1567,2567,0.17192430019378663,3.0,3.0,0.7926692366600037,0.0007818391410789142
DQN,75,mid,1568,2568,0.10027916908264162,2.0,2.0,1.0549818277359009,0.0002200928720412776
DQN,75,mid,1569,2569,0.09000000000000001,1.0,1.0,0.08041872084140778,0.00024432974169030786
DQN,75,mid,1570,2570,0.16082317590713502,4.0,3.0,0.7882478833198547,0.00027921316359424964
DQN,75,mid,1571,2571,0.09737188577651978,4.0,3.0,0.7249251008033752,0.00024005612067412585
DQN,75,mid,1572,2572,-0.008742325305938728,3.0,3.0,0.6300277709960938,0.00018260378662186363
DQN,75,mid,1573,2573,0.05533300518989564,2.0,2.0,0.1753530353307724,0.00030077918199822307
DQN,75,mid,1574,2574,0.12008892178535463,2.0,2.0,0.4793036878108978,0.0010338282700104173
DQN,75,mid,1575,2575,-0.4036105751991272,10.0,2.0,0.5797168016433716,0.0003965424228226766
DQN,75,mid,1576,2576,0.09000000000000001,1.0,1.0,0.19803598523139954,0.00026956203510053456
DQN,75,mid,1577,2577,0.09000000000000001,1.0,1.0,0.4557301700115204,0.00013981654774397612
DQN,75,mid,1578,2578,0.16599489927291872,2.0,2.0,0.8009089231491089,0.0005919541144976392
DQN,75,mid,1579,2579,-0.6228290796279908,10.0,3.0,0.44487670063972473,0.00026296396827092395
DQN,75,mid,1580,2580,0.209430890083313,2.0,2.0,0.7320135235786438,0.00021026533067924902
DQN,75,mid,1581,2581,0.09000000000000001,1.0,1.0,0.2091052085161209,0.00025214708875864744
DQN,75,mid,1582,2582,0.09018850505352022,2.0,2.0,0.17490634322166443,0.0002826011914294213
DQN,75,mid,1583,2583,0.18815152525901796,2.0,2.0,0.32778558135032654,0.0001565959901199676
DQN,75,mid,1584,2584,-0.564766275882721,10.0,2.0,0.8038797974586487,0.0002159362680686172
DQN,75,mid,1585,2585,-0.05182008266448972,7.0,3.0,1.0491758584976196,0.00023041119025687555
DQN,75,mid,1586,2586,-0.056418938636779783,2.0,2.0,0.9413458704948425,0.00014218714204616845
DQN,75,mid,1587,2587,-0.2762368583679199,9.0,2.0,0.7559970617294312,0.00025698481881085574
DQN,75,mid,1588,2588,0.20720182180404667,8.0,6.0,0.7017935514450073,0.00020544431754387915
DQN,75,mid,1589,2589,0.22913820266723633,3.0,3.0,0.5805454254150391,0.00031929489341564476
DQN,75,mid,1590,2590,0.09000000000000001,1.0,1.0,0.3656223714351654,0.0002693025744520128
DQN,75,mid,1591,2591,-0.49256818294525145,10.0,2.0,0.889614462852478,0.00020107689342694358
DQN,75,mid,1592,2592,0.1909745705127716,3.0,3.0,0.47484567761421204,0.00020423681902078292
DQN,75,mid,1593,2593,0.14121303141117098,2.0,2.0,0.16721418499946594,0.0001961321831913665
DQN,75,mid,1594,2594,0.09000000000000001,1.0,1.0,0.4186520576477051,0.0001383225026074797
DQN,75,mid,1595,2595,0.09000000000000001,1.0,1.0,0.09665653854608536,0.004535438027232885
DQN,75,mid,1596,2596,0.09000000000000001,1.0,1.0,0.24796052277088165,0.0002895825600717217
DQN,75,mid,1597,2597,0.15801610231399538,2.0,2.0,0.6123877167701721,0.00040620669460622594
DQN,75,mid,1598,2598,0.169831223487854,3.0,3.0,0.4740530848503113,0.0003466706451339026
DQN,75,mid,1599,2599,0.09000000000000001,1.0,1.0,0.2471010982990265,0.00023316637089010328
DQN,75,mid,1600,2600,0.09000000000000001,1.0,1.0,0.19337694346904755,0.000309971219394356
DQN,75,mid,1601,2601,0.10452868223190309,2.0,2.0,0.33169180154800415,0.00029235017427708954
DQN,75,mid,1602,2602,0.09000000000000001,1.0,1.0,0.04406876116991043,0.00024069516803137958
DQN,75,mid,1603,2603,0.1584481167793274,2.0,2.0,0.8922091722488403,0.001068134472006932
DQN,75,mid,1604,2604,0.09000000000000001,1.0,1.0,0.2178526669740677,0.00021679216297343373
DQN,75,mid,1605,2605,-0.03715067386627195,3.0,3.0,0.8262155652046204,0.0002430273307254538
DQN,75,mid,1606,2606,0.012712674140930191,2.0,2.0,1.1199008226394653,0.000467093414044939
DQN,75,mid,1607,2607,0.25288569927215576,5.0,4.0,0.5120865702629089,0.0002729600411839783
DQN,75,mid,1608,2608,0.09000000000000001,1.0,1.0,0.44946035742759705,0.00024161377223208547
DQN,75,mid,1609,2609,0.14696438789367677,2.0,2.0,0.7634444832801819,0.0002651443355716765
DQN,75,mid,1610,2610,0.1293358898162842,4.0,3.0,0.7583733201026917,0.000381706006010063
DQN,75,mid,1611,2611,0.18016738414764405,3.0,3.0,0.8657194375991821,0.00028421272872947156
DQN,75,mid,1612,2612,0.15808740615844724,9.0,7.0,0.856427788734436,0.00023216874978970736
DQN,75,mid,1613,2613,0.09000000000000001,1.0,1.0,0.13323433697223663,0.0002613519027363509
DQN,75,mid,1614,2614,0.054750447273254406,7.0,4.0,0.8255544900894165,0.00019639964323557382
DQN,75,mid,1615,2615,0.1858444380760193,2.0,2.0,0.5276578664779663,0.00015602244820911437
DQN,75,mid,1616,2616,0.09000000000000001,1.0,1.0,0.5373789668083191,0.0002460045216139406
DQN,75,mid,1617,2617,0.1090883779525757,2.0,2.0,0.7383360862731934,0.00021957929857308045
DQN,75,mid,1618,2618,0.20969167530536653,2.0,2.0,0.21972401440143585,0.0002421374956611544
DQN,75,mid,1619,2619,-0.13801323890686035,7.0,4.0,0.6157013177871704,0.00019705751453459795
DQN,75,mid,1620,2620,0.0837656331062317,3.0,3.0,0.8850005269050598,0.00022095179883763194
DQN,75,mid,1621,2621,0.09000000000000001,1.0,1.0,0.24386870861053467,0.00031963273067958653
DQN,75,mid,1622,2622,0.3051434922218323,2.0,2.0,0.5431593656539917,0.0003182140353601426
DQN,75,mid,1623,2623,0.405412392616272,2.0,2.0,0.24758648872375488,0.0007552492315880954
DQN,75,mid,1624,2624,0.14887697219848633,3.0,3.0,0.6705935597419739,0.0003477440429075311
DQN,75,mid,1625,2625,0.1497617530822754,2.0,2.0,0.36444371938705444,0.00017877322534332052
DQN,75,mid,1626,2626,0.11715693950653078,2.0,2.0,0.853643000125885,0.00043609806743916124
DQN,75,mid,1627,2627,0.08966495275497438,2.0,2.0,0.6900102496147156,0.00019178041839040816
DQN,75,mid,1628,2628,0.09000000000000001,1.0,1.0,0.09650924056768417,0.00019384546612855047
DQN,75,mid,1629,2629,0.02919318199157716,3.0,2.0,0.8288613557815552,0.0002682224827973793
DQN,75,mid,1630,2630,0.18132854223251343,3.0,3.0,0.6840919256210327,0.00018431600619805977
DQN,75,mid,1631,2631,-0.04356964707374571,3.0,3.0,0.5020490288734436,0.0002284573420183733
DQN,75,mid,1632,2632,0.015230138301849369,3.0,2.0,0.39248260855674744,0.00021248654229566455
DQN,75,mid,1633,2633,0.1431990933418274,3.0,3.0,0.7072680592536926,0.00022125851925617704
DQN,75,mid,1634,2634,0.09000000000000001,1.0,1.0,0.42038387060165405,0.00010112038580700755
DQN,75,mid,1635,2635,0.050033735036849984,2.0,2.0,0.3582669794559479,0.00015203156362986192
DQN,75,mid,1636,2636,0.09726633310317995,2.0,2.0,0.9565862417221069,0.00015945459381327964
DQN,75,mid,1637,2637,0.08785022020339966,3.0,3.0,0.6253002882003784,0.0001791231261449866
DQN,75,mid,1638,2638,0.009398348331451437,3.0,3.0,0.6465020775794983,0.00022103191198160252
DQN,75,mid,1639,2639,0.299358503818512,2.0,2.0,0.5180352926254272,0.0002463621349306777
DQN,75,mid,1640,2640,0.1935258972644806,2.0,2.0,0.4050539433956146,0.0001943317474797368
DQN,75,mid,1641,2641,0.07753266572952272,2.0,2.0,0.27632012963294983,0.0001752358948579058
DQN,75,mid,1642,2642,0.056528339385986344,4.0,3.0,0.68527752161026,0.0002627685171319172
DQN,75,mid,1643,2643,0.13221673846244814,2.0,2.0,0.3807487487792969,0.00012629609045688994
DQN,75,mid,1644,2644,0.09000000000000001,1.0,1.0,0.09320972859859467,0.0001693142985459417
DQN,75,mid,1645,2645,0.08922262668609621,2.0,2.0,0.5587370991706848,0.0001885731689981185
DQN,75,mid,1646,2646,0.1792022752761841,2.0,2.0,0.9430705308914185,0.0003506359498715028
DQN,75,mid,1647,2647,0.09000000000000001,1.0,1.0,0.5858247876167297,0.00033827414154075086
DQN,75,mid,1648,2648,0.14077829003334047,2.0,2.0,0.3719513714313507,0.00024666943500051275
DQN,75,mid,1649,2649,0.336341507434845,3.0,3.0,0.7111926674842834,0.0001480541395721957
DQN,75,mid,1650,2650,0.09000000000000001,1.0,1.0,0.038822948932647705,0.00018323154654353857
DQN,75,mid,1651,2651,0.09000000000000001,1.0,1.0,0.5475079417228699,0.00043239403748884797
DQN,75,mid,1652,2652,0.1432457733154297,2.0,2.0,1.1136053800582886,0.00020680606394307688
DQN,75,mid,1653,2653,0.26978345394134523,2.0,2.0,0.7405539751052856,0.0003281164536019787
DQN,75,mid,1654,2654,0.09000000000000001,1.0,1.0,0.371441125869751,0.00022844139311928302
DQN,75,mid,1655,2655,-0.5590934932231904,10.0,2.0,0.43169304728507996,0.00032253410172415896
DQN,75,mid,1656,2656,0.09000000000000001,1.0,1.0,0.09309925138950348,0.00036793440813198686
DQN,75,mid,1657,2657,-0.6194868564605713,10.0,2.0,0.7542592883110046,0.0002555630118877161
DQN,75,mid,1658,2658,0.4755874991416931,5.0,3.0,0.4423064589500427,0.00020799280318897217
DQN,75,mid,1659,2659,0.19423038482666016,3.0,3.0,0.9774466753005981,0.00015705500118201599
DQN,75,mid,1660,2660,0.23561585664749146,3.0,3.0,0.571245014667511,0.00016867032779070237
DQN,75,mid,1661,2661,0.06496937751770021,2.0,2.0,0.6163080930709839,0.00016035090084187686
DQN,75,mid,1662,2662,0.09000000000000001,1.0,1.0,0.11192250996828079,0.0002587269409559667
DQN,75,mid,1663,2663,0.03401298999786378,2.0,2.0,0.4500064253807068,0.0003415290702832863
DQN,75,mid,1664,2664,0.18563158988952638,2.0,2.0,1.008021593093872,0.0003060028102481738
DQN,75,mid,1665,2665,-0.02806873440742491,2.0,2.0,0.4896866977214813,0.00023141261044656858
DQN,75,mid,1666,2666,-0.018506817817687968,3.0,3.0,1.0325343608856201,0.0002710361053080608
DQN,75,mid,1667,2667,0.046280361413955695,3.0,3.0,0.520906388759613,0.00022673822240903974
DQN,75,mid,1668,2668,-0.2995665788650513,10.0,4.0,0.6085042953491211,0.00029516982176573946
DQN,75,mid,1669,2669,0.07618481636047364,3.0,3.0,0.9101442098617554,0.000250356417382136
DQN,75,mid,1670,2670,0.039220290184021005,2.0,2.0,0.7889119982719421,0.0002607579226605594
DQN,75,mid,1671,2671,0.12245471954345705,2.0,2.0,0.7785723805427551,0.0002379597572144121
DQN,75,mid,1672,2672,-0.1603927671909332,5.0,2.0,0.5371485352516174,0.0002735426533035934
DQN,75,mid,1673,2673,0.0890271830558777,2.0,2.0,0.43756532669067383,0.00029308185185072944
DQN,75,mid,1674,2674,0.2692606317996979,2.0,2.0,0.37441983819007874,0.00027472804504213855
DQN,75,mid,1675,2675,0.09000000000000001,1.0,1.0,0.3643684387207031,0.00017223655595444143
DQN,75,mid,1676,2676,0.2725575137138367,2.0,2.0,0.5287469625473022,0.0004578742664307356
DQN,75,mid,1677,2677,0.1479801106452942,2.0,2.0,0.5734454989433289,0.00010775825285236351
DQN,75,mid,1678,2678,0.09000000000000001,1.0,1.0,0.7801761031150818,0.0003566433733794838
DQN,75,mid,1679,2679,0.22978498220443727,2.0,2.0,0.7471403479576111,0.00041627085010986775
DQN,75,mid,1680,2680,0.09000000000000001,1.0,1.0,0.17687754333019257,0.00024101264716591686
DQN,75,mid,1681,2681,-0.3651943325996399,10.0,4.0,0.7163483500480652,0.0002748159837210551
DQN,75,mid,1682,2682,0.25186300039291387,4.0,4.0,0.9338282942771912,0.00039419805398210883
DQN,75,mid,1683,2683,0.09000000000000001,1.0,1.0,0.5796552300453186,0.00032018523779697716
DQN,75,mid,1684,2684,0.058650271892547616,2.0,2.0,0.48845240473747253,0.000225442236114759
DQN,75,mid,1685,2685,0.17084886312484743,2.0,2.0,0.7988253831863403,0.00038279381988104433
DQN,75,mid,1686,2686,0.1302206087112427,2.0,2.0,0.6555686593055725,0.00030209032411221415
DQN,75,mid,1687,2687,0.2882653343677521,2.0,2.0,0.4831344187259674,0.00020495569333434105
DQN,75,mid,1688,2688,-0.01417946100234986,3.0,3.0,0.9838597178459167,0.0003317232379534592
DQN,75,mid,1689,2689,0.09000000000000001,1.0,1.0,0.055938635021448135,0.0002446552971377969
DQN,75,mid,1690,2690,0.2977985215187073,3.0,3.0,0.858907163143158,0.00019400801102165133
DQN,75,mid,1691,2691,0.09000000000000001,1.0,1.0,0.0639578253030777,0.0004747598140966147
DQN,75,mid,1692,2692,0.09000000000000001,1.0,1.0,0.2958310544490814,0.000259053340414539
DQN,75,mid,1693,2693,0.07413645267486574,2.0,2.0,0.15005168318748474,0.00016557841445319355
DQN,75,mid,1694,2694,0.09000000000000001,1.0,1.0,0.5047005414962769,0.00040081984479911625
DQN,75,mid,1695,2695,-0.11118666648864746,2.0,2.0,0.9001461267471313,0.00023104417050490156
DQN,75,mid,1696,2696,0.17717684984207155,2.0,2.0,0.5863471031188965,0.0007679875852772966
DQN,75,mid,1697,2697,0.26592727184295656,2.0,2.0,0.6574575304985046,0.00032171132625080645
DQN,75,mid,1698,2698,0.021147983074188248,2.0,2.0,0.8771500587463379,0.0006344426146824844
DQN,75,mid,1699,2699,0.06115475475788117,2.0,2.0,0.22542564570903778,0.00020301242329878733
DQN,75,mid,1700,2700,-0.45163798332214355,10.0,3.0,0.7290335893630981,0.00020952705090167002
DQN,75,mid,1701,2701,0.09000000000000001,1.0,1.0,0.5864423513412476,0.00024658540496602654
DQN,75,mid,1702,2702,0.03101088285446168,2.0,2.0,0.331377238035202,0.00021237738110357895
DQN,75,mid,1703,2703,0.07101471900939943,2.0,2.0,0.4821297824382782,0.00021466078760568053
DQN,75,mid,1704,2704,0.1610620188713074,2.0,2.0,0.8390189409255981,0.00016817978030303493
DQN,75,mid,1705,2705,0.11778713941574098,2.0,2.0,0.08834408223628998,0.0003745473950402811
DQN,75,mid,1706,2706,0.10469098567962648,2.0,2.0,0.9741869568824768,0.00030378345400094986
DQN,75,mid,1707,2707,0.21201430439949037,2.0,2.0,0.40931954979896545,0.00030217225139494985
DQN,75,mid,1708,2708,0.10331793308258058,2.0,2.0,0.3770131766796112,0.00026605015591485426
DQN,75,mid,1709,2709,0.005876379013061539,2.0,2.0,0.2894728481769562,0.00044008596159983426
DQN,75,mid,1710,2710,0.1595961916446686,2.0,2.0,0.45503851771354675,0.0001986425049835816
DQN,75,mid,1711,2711,0.09000000000000001,1.0,1.0,0.16193339228630066,0.0007070022402331233
DQN,75,mid,1712,2712,0.06141369462013246,3.0,2.0,0.29539912939071655,0.0004198729924003904
DQN,75,mid,1713,2713,0.09000000000000001,1.0,1.0,0.7181889414787292,0.00021777466463390738
DQN,75,mid,1714,2714,-0.3274143004417419,9.0,2.0,0.40059879422187805,0.00024479033244359825
DQN,75,mid,1715,2715,0.046054730415344254,4.0,3.0,1.1030088663101196,0.00025644118795753457
DQN,75,mid,1716,2716,0.018734054565429703,2.0,2.0,0.3564010262489319,0.00039027405728120357
DQN,75,mid,1717,2717,0.24712093353271486,2.0,2.0,0.6498419642448425,0.00021991274843458086
DQN,75,mid,1718,2718,-0.031203461885452255,2.0,2.0,0.41297563910484314,0.0003979750763392076
DQN,75,mid,1719,2719,0.12014715552330019,2.0,2.0,0.2934865951538086,0.002085710562823806
DQN,75,mid,1720,2720,-0.15768062591552734,7.0,4.0,0.9401383996009827,0.0002939842057198153
DQN,75,mid,1721,2721,0.21065236806869508,2.0,2.0,0.46406078338623047,0.00022008141968399286
DQN,75,mid,1722,2722,-0.03964339971542359,3.0,3.0,1.023846983909607,0.00028269739414099604
DQN,75,mid,1723,2723,0.12979372024536134,2.0,2.0,0.7900093793869019,0.00034750677878037095
DQN,75,mid,1724,2724,0.09000000000000001,1.0,1.0,0.07894206047058105,0.00017778696201276034
DQN,75,mid,1725,2725,0.09000000000000001,1.0,1.0,0.5437331199645996,0.0005927605088800192
DQN,75,mid,1726,2726,0.2973975110054016,2.0,2.0,0.7730956673622131,0.0015619054611306638
DQN,75,mid,1727,2727,0.12169613122940065,2.0,2.0,0.5564053654670715,0.0003601967400754802
DQN,75,mid,1728,2728,0.09000000000000001,1.0,1.0,0.2371603548526764,0.00020034992485307157
DQN,75,mid,1729,2729,-0.18733296155929563,6.0,2.0,0.8556337952613831,0.00027704926469596103
DQN,75,mid,1730,2730,0.29772419452667237,3.0,3.0,1.1733191013336182,0.000237747643647405
DQN,75,mid,1731,2731,0.09000000000000001,1.0,1.0,0.6617269515991211,0.00027280778158456087
DQN,75,mid,1732,2732,0.0050439405441284335,2.0,2.0,0.5803845524787903,0.00033552800596226007
DQN,75,mid,1733,2733,0.09000000000000001,1.0,1.0,0.5706747770309448,0.0002478680107742548
DQN,75,mid,1734,2734,0.24647629976272584,3.0,3.0,0.9912542700767517,0.00021971400322703025
DQN,75,mid,1735,2735,-0.4549468755722046,10.0,3.0,1.0051895380020142,0.0005557660282647703
DQN,75,mid,1736,2736,-0.0137572193145752,4.0,3.0,1.0300434827804565,0.0004422859383339528
DQN,75,mid,1737,2737,0.06854392766952516,2.0,2.0,0.3289061486721039,0.00044072323362343013
DQN,75,mid,1738,2738,0.2259718942642212,2.0,2.0,0.7091349959373474,0.0010976078920066357
DQN,75,mid,1739,2739,0.06386328458786011,3.0,3.0,0.5776699781417847,0.0003410141459122921
DQN,75,mid,1740,2740,0.04664774417877198,2.0,2.0,0.816385805606842,0.0003487827198114246
DQN,75,mid,1741,2741,0.27405728578567506,2.0,2.0,0.799807071685791,0.0002703291829675436
DQN,75,mid,1742,2742,0.1174255383014679,3.0,3.0,0.1979658305644989,0.0003226049884688109
DQN,75,mid,1743,2743,0.2518622350692749,3.0,3.0,0.6455231308937073,0.0003526809353691836
DQN,75,mid,1744,2744,0.09989018201828004,4.0,3.0,0.6000979542732239,0.0003389332996448502
DQN,75,mid,1745,2745,0.09000000000000001,1.0,1.0,0.3623444736003876,0.0001246533211087808
DQN,75,mid,1746,2746,0.10819423377513887,2.0,2.0,0.16879360377788544,0.00024631383712403476
DQN,75,mid,1747,2747,0.19963829398155214,2.0,2.0,0.3630618155002594,0.00023002899251878262
DQN,75,mid,1748,2748,0.046838568449020394,2.0,2.0,0.22852873802185059,0.0002614058321341872
DQN,75,mid,1749,2749,0.2556103038787842,2.0,2.0,0.7515055537223816,0.00019363647152204067
DQN,75,mid,1750,2750,0.08460463762283327,2.0,2.0,0.8620135188102722,0.00032453995663672686
DQN,75,mid,1751,2751,0.1593715023994446,3.0,3.0,0.39774489402770996,0.00028849943676808226
DQN,75,mid,1752,2752,-0.10623829126358032,6.0,3.0,0.7113727331161499,0.0002873990330651092
DQN,75,mid,1753,2753,0.1272187399864197,2.0,2.0,0.45056724548339844,0.000934175739530474
DQN,75,mid,1754,2754,0.16051806688308717,2.0,2.0,0.7346993088722229,0.0002874897763831541
DQN,75,mid,1755,2755,0.31169522523880006,3.0,3.0,0.7543681263923645,0.0003578208852559328
DQN,75,mid,1756,2756,0.09000000000000001,1.0,1.0,0.6904605031013489,0.0002983057638630271
DQN,75,mid,1757,2757,0.09000000000000001,1.0,1.0,0.2809062600135803,0.00014151808863971382
DQN,75,mid,1758,2758,-0.007773958444595316,3.0,3.0,0.498049795627594,0.0003797492051186661
DQN,75,mid,1759,2759,0.09000000000000001,1.0,1.0,0.09001310914754868,0.0003535270516294986
DQN,75,mid,1760,2760,0.2181409764289856,2.0,2.0,0.4738042950630188,0.00022866023209644482
DQN,75,mid,1761,2761,0.16980005025863648,3.0,3.0,0.5710172653198242,0.00022723431175109
DQN,75,mid,1762,2762,0.4123534560203552,5.0,4.0,0.7900623679161072,0.0003340257593663409
DQN,75,mid,1763,2763,-0.43613290786743164,10.0,3.0,0.6793206334114075,0.0002731071726884693
DQN,75,mid,1764,2764,0.06335081338882448,2.0,2.0,0.31585654616355896,0.00019550693104974926
DQN,75,mid,1765,2765,0.06953908681869508,2.0,2.0,0.5915111899375916,0.00035318296431796625
DQN,75,mid,1766,2766,0.172063844203949,2.0,2.0,0.510781466960907,0.00021808726887684315
DQN,75,mid,1767,2767,0.09000000000000001,1.0,1.0,0.2630078196525574,0.0002935105003416538
DQN,75,mid,1768,2768,0.19195480823516847,2.0,2.0,0.9846001863479614,0.00015542249457212165
DQN,75,mid,1769,2769,0.18356056690216066,2.0,2.0,0.35812658071517944,0.00019826964853564277
DQN,75,mid,1770,2770,0.14986731290817262,2.0,2.0,0.7407526969909668,0.00022629192972090095
DQN,75,mid,1771,2771,0.037815945148468026,2.0,2.0,0.745664119720459,0.00029398586048046127
DQN,75,mid,1772,2772,0.09000000000000001,1.0,1.0,0.7161352038383484,0.0001488865091232583
DQN,75,mid,1773,2773,0.2051315772533417,2.0,2.0,0.2678084373474121,0.0001505005857325159
DQN,75,mid,1774,2774,0.18888755321502687,2.0,2.0,0.8670113682746887,0.00023555688676424325
DQN,75,mid,1775,2775,0.16372740983963013,3.0,3.0,0.8363783955574036,0.0002740463532973081
DQN,75,mid,1776,2776,0.045334229469299325,4.0,3.0,0.3953832983970642,0.00030537586280843243
DQN,75,mid,1777,2777,0.12405915737152101,2.0,2.0,0.5793638229370117,0.00020889174629701301
DQN,75,mid,1778,2778,0.23580064058303835,2.0,2.0,0.7120190262794495,0.00031017704168334603
DQN,75,mid,1779,2779,0.1767681908607483,3.0,3.0,0.8005169034004211,0.0002049331039112682
DQN,75,mid,1780,2780,0.10652966976165773,2.0,2.0,0.41967877745628357,0.00013986530757392757
DQN,75,mid,1781,2781,0.06837426304817201,2.0,2.0,0.37642335891723633,0.00024799298989819363
DQN,75,mid,1782,2782,0.09000000000000001,1.0,1.0,0.0947801023721695,0.0002732615976128727
DQN,75,mid,1783,2783,0.15041072845458986,2.0,2.0,0.6157763600349426,0.00033231723500648513
DQN,75,mid,1784,2784,0.16049659967422486,3.0,3.0,0.2522231638431549,0.001380308511822174
DQN,75,mid,1785,2785,0.30663867473602296,2.0,2.0,0.34711283445358276,0.0003402983275009319
DQN,75,mid,1786,2786,-0.31322011947631834,10.0,3.0,0.5391704440116882,0.0004941623643389903
DQN,75,mid,1787,2787,0.09000000000000001,1.0,1.0,0.6911525130271912,0.00037386626354418695
DQN,75,mid,1788,2788,0.07619759619235994,2.0,2.0,0.10916142165660858,0.000265238166321069
DQN,75,mid,1789,2789,-0.24512377977371214,10.0,3.0,0.5771781206130981,0.0004085151856997982
DQN,75,mid,1790,2790,0.1343705224990845,2.0,2.0,0.6652933955192566,0.00021919697610428557
DQN,75,mid,1791,2791,0.10761690855026246,3.0,3.0,0.8254284262657166,0.00026391604721235734
DQN,75,mid,1792,2792,0.09713433861732484,2.0,2.0,0.1452559381723404,0.00028198315703775734
DQN,75,mid,1793,2793,-0.08907382726669312,4.0,3.0,0.9197805523872375,0.00029661112057510763
DQN,75,mid,1794,2794,0.09000000000000001,1.0,1.0,0.11257138103246689,0.00017898673831950873
DQN,75,mid,1795,2795,0.23011542081832886,3.0,3.0,0.6379744410514832,0.00028114400144355994
DQN,75,mid,1796,2796,-0.4544926881790161,10.0,3.0,0.4859046936035156,0.00037028794176876547
DQN,75,mid,1797,2797,0.10855086326599123,2.0,2.0,0.5622939467430115,0.00037999424966983497
DQN,75,mid,1798,2798,0.08837048888206483,2.0,2.0,0.49362048506736755,0.0004920756618957967
DQN,75,mid,1799,2799,0.09000000000000001,1.0,1.0,0.4986734986305237,0.0009977184236049652
DQN,75,mid,1800,2800,0.20136821985244752,3.0,3.0,0.6937037110328674,0.00020340694269786278
DQN,75,mid,1801,2801,0.09750797033309938,2.0,2.0,0.3136332333087921,0.000248317388468422
DQN,75,mid,1802,2802,0.23366047620773317,2.0,2.0,0.7964272499084473,0.00025620812084525824
DQN,75,mid,1803,2803,0.00954933881759644,3.0,2.0,0.492544949054718,0.00022276911962156495
DQN,75,mid,1804,2804,0.1613652127981186,2.0,2.0,0.17943452298641205,0.00022124358656583354
DQN,75,mid,1805,2805,0.15379096746444704,2.0,2.0,0.5688599348068237,0.00027834771026391536
DQN,75,mid,1806,2806,0.09000000000000001,1.0,1.0,0.9430251717567444,0.0002556948456913233
DQN,75,mid,1807,2807,0.13134600400924684,2.0,2.0,0.13873575627803802,0.000164832454174757
DQN,75,mid,1808,2808,0.22872246026992799,3.0,3.0,0.9958491921424866,0.0001731046286295168
DQN,75,mid,1809,2809,0.2980663847923279,3.0,3.0,0.9378125071525574,0.00023814043864452591
DQN,75,mid,1810,2810,0.12131048917770387,2.0,2.0,0.6029399037361145,0.00021592415578197688
DQN,75,mid,1811,2811,0.09000000000000001,1.0,1.0,0.4834829866886139,0.00011742916103685275
DQN,75,mid,1812,2812,0.09000000000000001,1.0,1.0,0.47727155685424805,0.0003005294711329043
DQN,75,mid,1813,2813,0.23922200679779054,2.0,2.0,0.5138751864433289,0.00043314433423802257
DQN,75,mid,1814,2814,0.09000000000000001,1.0,1.0,0.6314935088157654,0.00022721471032127738
DQN,75,mid,1815,2815,0.05588062286376954,2.0,2.0,0.756322979927063,0.0003619177732616663
DQN,75,mid,1816,2816,0.07331024289131166,2.0,2.0,0.1888708621263504,0.00027370313910068944
DQN,75,mid,1817,2817,0.19785984039306642,2.0,2.0,0.8547101616859436,0.00044507766142487526
DQN,75,mid,1818,2818,0.08656533241271974,2.0,2.0,0.498715877532959,0.0004893520017503761
DQN,75,mid,1819,2819,0.012377338409423844,2.0,2.0,0.7628294825553894,0.0002942030841950327
DQN,75,mid,1820,2820,0.07134656786918642,2.0,2.0,0.2595379948616028,0.00024401526752626523
DQN,75,mid,1821,2821,0.10362930774688722,2.0,2.0,0.7148555517196655,0.00033822872501332313
DQN,75,mid,1822,2822,0.2452828359603882,3.0,3.0,1.2161604166030884,0.0007385333544031406
DQN,75,mid,1823,2823,0.3827620315551758,2.0,2.0,0.5721742510795593,0.0003854085080092773
DQN,75,mid,1824,2824,0.09000000000000001,1.0,1.0,0.16386277973651886,0.0002150690124835819
DQN,75,mid,1825,2825,0.17439384937286379,2.0,2.0,0.5531825423240662,0.00016053279978223145
DQN,75,mid,1826,2826,0.09213622093200685,2.0,2.0,1.0830544233322144,0.0001652427381486632
DQN,75,mid,1827,2827,0.09000000000000001,1.0,1.0,0.3157586455345154,0.0002529790217522532
DQN,75,mid,1828,2828,0.1667729187011719,2.0,2.0,0.31408533453941345,0.000329611255438067
DQN,75,mid,1829,2829,0.09000000000000001,1.0,1.0,0.22223033010959625,0.0005453729536384344
DQN,75,mid,1830,2830,0.1387453842163086,2.0,2.0,0.2777732312679291,0.0002543981099734083
DQN,75,mid,1831,2831,0.07145436286926271,2.0,2.0,0.6624322533607483,0.0003341499832458794
DQN,75,mid,1832,2832,-0.5231605172157288,10.0,3.0,0.7154852747917175,0.00029996749944984915
DQN,75,mid,1833,2833,0.09000000000000001,1.0,1.0,0.5268726944923401,0.0003596574242692441
DQN,75,mid,1834,2834,0.1542268466949463,3.0,3.0,0.802362322807312,0.0002539314130748001
DQN,75,mid,1835,2835,-0.014472050666809066,2.0,2.0,0.8601468205451965,0.00016942794900387526
DQN,75,mid,1836,2836,-0.12864804267883304,10.0,3.0,1.4640051126480103,0.0005595731970970518
DQN,75,mid,1837,2837,0.09000000000000001,1.0,1.0,0.4328441917896271,0.00045099915587343276
DQN,75,mid,1838,2838,0.09000000000000001,1.0,1.0,0.2636893391609192,0.00033786671701818705
DQN,75,mid,1839,2839,0.17317684173583986,2.0,2.0,0.8312250375747681,0.00027076237893197685
DQN,75,mid,1840,2840,0.22924234151840212,2.0,2.0,0.879506528377533,0.0011131338978884742
DQN,75,mid,1841,2841,0.11688201308250429,2.0,2.0,0.4600524306297302,0.00023224968026624992
DQN,75,mid,1842,2842,0.07063503742218019,2.0,2.0,0.2961602509021759,0.0002282041823491454
DQN,75,mid,1843,2843,-0.45688586235046386,10.0,2.0,0.8532847166061401,0.0006681168248178438
DQN,75,mid,1844,2844,0.10186882495880129,2.0,2.0,0.796447217464447,0.00034904442145489156
DQN,75,mid,1845,2845,0.17368920326232912,2.0,2.0,0.7847538590431213,0.0002635930650285445
DQN,75,mid,1846,2846,0.14714239716529848,2.0,2.0,0.4927770793437958,0.00023575758677907288
DQN,75,mid,1847,2847,-0.05222433865070343,6.0,3.0,0.2129344791173935,0.0003501349128782749
DQN,75,mid,1848,2848,0.030870265960693373,3.0,3.0,1.03986394405365,0.0003540925196527193
DQN,75,mid,1849,2849,0.21674151897430421,2.0,2.0,0.7315382361412048,0.0004274075763532892
DQN,75,mid,1850,2850,0.07379473924636842,2.0,2.0,0.5004061460494995,0.0004916140023851767
DQN,75,mid,1851,2851,0.09000000000000001,1.0,1.0,0.1111443042755127,0.00033595968852750957
DQN,75,mid,1852,2852,0.1034474539756775,2.0,2.0,0.8376350402832031,0.0003873064633808099
DQN,75,mid,1853,2853,0.11666204214096071,2.0,2.0,0.5353819727897644,0.0002249134486191906
DQN,75,mid,1854,2854,0.09000000000000001,1.0,1.0,0.22555725276470184,0.0003048001672141254
DQN,75,mid,1855,2855,0.06715472221374513,2.0,2.0,0.588563859462738,0.0008336485916515812
DQN,75,mid,1856,2856,0.18816877365112306,4.0,3.0,0.6928095817565918,0.00037569215055555105
DQN,75,mid,1857,2857,0.09000000000000001,1.0,1.0,0.4914934039115906,0.0003984690993092954
DQN,75,mid,1858,2858,0.13701022386550904,3.0,3.0,0.6583709716796875,0.00030958475448035944
DQN,75,mid,1859,2859,0.17816944599151613,2.0,2.0,0.46477580070495605,0.0004028024777653627
DQN,75,mid,1860,2860,0.14969523429870607,2.0,2.0,0.7152051329612732,0.00036681276105809957
DQN,75,mid,1861,2861,-0.04053591966629029,3.0,3.0,0.5368597507476807,0.000312563352053985
DQN,75,mid,1862,2862,0.10220237255096437,2.0,2.0,0.7431683540344238,0.0002941320708487183
DQN,75,mid,1863,2863,0.2104801106452942,2.0,2.0,0.5473819971084595,0.0003643814998213202
DQN,75,mid,1864,2864,0.14113933563232423,3.0,3.0,1.0412160158157349,0.0003984740566617499
DQN,75,mid,1865,2865,0.17886938333511354,2.0,2.0,0.6569691896438599,0.0002557842235546559
DQN,75,mid,1866,2866,0.09000000000000001,1.0,1.0,0.18595688045024872,0.0004190526669844985
DQN,75,mid,1867,2867,0.08660948991775513,3.0,3.0,0.8216388821601868,0.0003111839226524656
DQN,75,mid,1868,2868,0.17055089950561525,2.0,2.0,0.873442530632019,0.0003775923396460712
DQN,75,mid,1869,2869,0.09000000000000001,1.0,1.0,0.7713547348976135,0.000385975930839777
DQN,75,mid,1870,2870,0.010206604003906258,5.0,2.0,1.0023318529129028,0.00033377420040778814
DQN,75,mid,1871,2871,0.11965664625167846,5.0,2.0,0.4026358723640442,0.00036093523958697916
DQN,75,mid,1872,2872,0.0966791081428528,2.0,2.0,0.668814480304718,0.00024375590146519244
DQN,75,mid,1873,2873,0.1935075092315674,2.0,2.0,0.7960007786750793,0.0002821267698891461
DQN,75,mid,1874,2874,0.09000000000000001,1.0,1.0,0.36229008436203003,0.0005167739582248032
DQN,75,mid,1875,2875,0.10472013235092165,2.0,2.0,0.12644341588020325,0.00035275604750495404
DQN,75,mid,1876,2876,0.20833362817764284,2.0,2.0,0.5755972266197205,0.00028846936766058207
DQN,75,mid,1877,2877,0.09000000000000001,1.0,1.0,0.3547748923301697,0.00028058906900696456
DQN,75,mid,1878,2878,0.1234897541999817,2.0,2.0,0.48830491304397583,0.00040330672345589846
DQN,75,mid,1879,2879,0.07112033843994142,2.0,2.0,0.8469902276992798,0.0002945447195088491
DQN,75,mid,1880,2880,-0.2621156013011932,6.0,2.0,0.3543197810649872,0.0003402681541047059
DQN,75,mid,1881,2881,0.2719682025909424,2.0,2.0,0.7105771899223328,0.00034859975858125836
DQN,75,mid,1882,2882,0.16438377618789674,3.0,3.0,0.7927685379981995,0.00029939434898551553
DQN,75,mid,1883,2883,0.356507248878479,3.0,3.0,0.9075231552124023,0.0003980590554419905
DQN,75,mid,1884,2884,0.15787704944610598,4.0,2.0,0.7937110066413879,0.0003184573943144642
DQN,75,mid,1885,2885,0.29147394180297853,2.0,2.0,0.48932427167892456,0.00027770476299338043
DQN,75,mid,1886,2886,-0.21049497365951536,9.0,3.0,0.9024709463119507,0.00021813763467232801
DQN,75,mid,1887,2887,0.14306399405002596,2.0,2.0,0.15031121671199799,0.00022251462360145524
DQN,75,mid,1888,2888,0.2884934711456299,2.0,2.0,0.7099995017051697,0.00020897881040582433
DQN,75,mid,1889,2889,0.08435936450958254,2.0,2.0,0.7766105532646179,0.0003565619117580354
DQN,75,mid,1890,2890,0.1397481429576874,2.0,2.0,0.28631752729415894,0.00028382690652506426
DQN,75,mid,1891,2891,0.14315559148788454,2.0,2.0,0.7250920534133911,0.00017024207772919908
DQN,75,mid,1892,2892,0.19224800348281862,2.0,2.0,0.5062292218208313,0.00019499869085848331
DQN,75,mid,1893,2893,0.09000000000000001,1.0,1.0,0.14069707691669464,0.00017330652917735279
DQN,75,mid,1894,2894,0.09000000000000001,1.0,1.0,0.17629767954349518,0.0003325886791571975
DQN,75,mid,1895,2895,0.09000000000000001,1.0,1.0,0.1371019184589386,0.00020172170479781926
DQN,75,mid,1896,2896,0.09000000000000001,1.0,1.0,0.11295328289270401,0.0001712536468403414
DQN,75,mid,1897,2897,0.09000000000000001,1.0,1.0,0.11842101812362671,0.0028004187624901533
DQN,75,mid,1898,2898,0.3472003209590912,2.0,2.0,0.30280038714408875,0.000259579363046214
DQN,75,mid,1899,2899,0.09000000000000001,1.0,1.0,0.11582189053297043,0.0019159246003255248
DQN,75,mid,1900,2900,0.21604444265365602,2.0,2.0,0.9285183548927307,0.00045830740418750793
DQN,75,mid,1901,2901,0.11904523730278016,4.0,3.0,0.3562076985836029,0.000380466015485581
DQN,75,mid,1902,2902,0.09000000000000001,1.0,1.0,0.6989401578903198,0.0004871686687693
DQN,75,mid,1903,2903,0.39020236015319826,2.0,2.0,0.7618799209594727,0.00035253121313871816
DQN,75,mid,1904,2904,0.24816877365112305,3.0,3.0,0.6928095817565918,0.00032166783542682725
DQN,75,mid,1905,2905,0.11330271482467652,3.0,3.0,0.8856266736984253,0.00046711247220324975
DQN,75,mid,1906,2906,0.09000000000000001,1.0,1.0,0.5503003597259521,0.0004476848989725113
DQN,75,mid,1907,2907,0.09000000000000001,1.0,1.0,0.4867037236690521,0.00034960362245328724
DQN,75,mid,1908,2908,0.08036591291427614,2.0,2.0,0.3369297683238983,0.0004481045180000365
DQN,75,mid,1909,2909,0.08874286174774171,4.0,3.0,0.9080119132995605,0.0002893140190280974
DQN,75,mid,1910,2910,-0.024405169486999514,5.0,3.0,0.7443150281906128,0.0003795165102928877
DQN,75,mid,1911,2911,0.09000000000000001,1.0,1.0,0.5940200090408325,0.00021633438882417977
DQN,75,mid,1912,2912,0.042988317012786874,2.0,2.0,0.703356921672821,0.00043475700658746064
DQN,75,mid,1913,2913,0.09000000000000001,1.0,1.0,0.4032613933086395,0.0004066453839186579
DQN,75,mid,1914,2914,0.2473022508621216,2.0,2.0,0.7859269976615906,0.00018499955331208184
DQN,75,mid,1915,2915,-0.0029535913467407388,4.0,4.0,0.34100109338760376,0.00026372630600235425
DQN,75,mid,1916,2916,0.09000000000000001,1.0,1.0,0.1447499543428421,0.00012054917897330597
DQN,75,mid,1917,2917,0.09000000000000001,1.0,1.0,0.42663589119911194,0.0003098745655734092
DQN,75,mid,1918,2918,0.09000000000000001,1.0,1.0,0.2735981047153473,0.00023910915479063988
DQN,75,mid,1919,2919,0.13580806016921995,4.0,3.0,0.7401748299598694,0.00030400710966205224
DQN,75,mid,1920,2920,0.12365211725234987,2.0,2.0,0.7321682572364807,0.0002522286376915872
DQN,75,mid,1921,2921,-0.02250895678997039,3.0,3.0,0.33060526847839355,0.002358742732515869
DQN,75,mid,1922,2922,0.26713074922561647,2.0,2.0,0.9119361042976379,0.000398085787310265
DQN,75,mid,1923,2923,0.03763582229614259,3.0,2.0,0.6048566699028015,0.00042270317984124023
DQN,75,mid,1924,2924,0.14501811742782594,2.0,2.0,0.565918505191803,0.00036126343184150755
DQN,75,mid,1925,2925,0.09000000000000001,1.0,1.0,0.3676261007785797,0.0004097039345651865
DQN,75,mid,1926,2926,-0.37709946632385255,10.0,4.0,0.7814621329307556,0.0003491388619295321
DQN,75,mid,1927,2927,0.09000000000000001,1.0,1.0,0.15752942860126495,0.00012306745338719338
DQN,75,mid,1928,2928,0.11439146280288698,2.0,2.0,0.8632006049156189,0.00033322245872113854
DQN,75,mid,1929,2929,0.1330068874359131,2.0,2.0,1.0605268478393555,0.0003190368151990697
DQN,75,mid,1930,2930,0.12926066637039185,3.0,3.0,0.8199172019958496,0.00042535420895243686
DQN,75,mid,1931,2931,0.07115379154682161,2.0,2.0,0.1615140736103058,0.00038213843072298914
DQN,75,mid,1932,2932,0.09000000000000001,1.0,1.0,0.11836151778697968,0.008037080988287926
DQN,75,mid,1933,2933,0.23087053179740907,2.0,2.0,0.21138939261436462,0.00033839294337667525
DQN,75,mid,1934,2934,0.09000000000000001,1.0,1.0,0.6583608984947205,0.003626000601798296
DQN,75,mid,1935,2935,0.22506258606910706,3.0,3.0,0.4491135776042938,0.0002847834451434513
DQN,75,mid,1936,2936,0.28530282497406007,3.0,3.0,0.6532261967658997,0.0003698703949339688
DQN,75,mid,1937,2937,0.22059876441955567,3.0,3.0,1.0033528804779053,0.0007090097157439837
DQN,75,mid,1938,2938,0.05639936447143556,3.0,2.0,0.7295446395874023,0.00038163460946331423
DQN,75,mid,1939,2939,0.09000000000000001,1.0,1.0,0.24805912375450134,0.00018191231356468052
DQN,75,mid,1940,2940,0.09000000000000001,1.0,1.0,0.4253058433532715,0.00031607027631253004
DQN,75,mid,1941,2941,0.07340274184942247,2.0,2.0,0.11446020752191544,0.000273482728516683
DQN,75,mid,1942,2942,0.3335187900066376,2.0,2.0,0.47722211480140686,0.0003510469468892552
DQN,75,mid,1943,2943,0.11470152616500856,2.0,2.0,0.23298707604408264,0.00026645212346920744
DQN,75,mid,1944,2944,0.09000000000000001,1.0,1.0,0.4178324341773987,0.0005330734420567751
DQN,75,mid,1945,2945,0.12627305269241335,2.0,2.0,0.66562420129776,0.0004341285821283236
DQN,75,mid,1946,2946,0.09000000000000001,1.0,1.0,0.12871719896793365,0.00031544582452625036
DQN,75,mid,1947,2947,0.1317535209655762,2.0,2.0,0.3933555781841278,0.0003233876050217077
DQN,75,mid,1948,2948,0.16367901086807252,3.0,3.0,0.6689537763595581,0.00020071312125461796
DQN,75,mid,1949,2949,-0.10373448610305784,3.0,3.0,1.0301671028137207,0.00249467309913598
DQN,75,mid,1950,2950,0.2050019669532776,2.0,2.0,0.992283284664154,0.0002413235415588133
DQN,75,mid,1951,2951,-0.0073124450445175015,2.0,2.0,0.3132602870464325,0.0002977762633236125
DQN,75,mid,1952,2952,0.11135433793067934,2.0,2.0,0.31712964177131653,0.0003093166305916384
DQN,75,mid,1953,2953,0.09000000000000001,1.0,1.0,0.5914772748947144,0.00027068276540376246
DQN,75,mid,1954,2954,0.09000000000000001,1.0,1.0,0.38796064257621765,0.00019394035916775465
DQN,75,mid,1955,2955,0.1037613618373871,2.0,2.0,0.33292585611343384,0.00027807422156911343
DQN,75,mid,1956,2956,0.14171709299087526,2.0,2.0,0.7188548445701599,0.00019310756761115044
DQN,75,mid,1957,2957,0.1509999203681946,2.0,2.0,0.7735443711280823,0.0003458759019849822
DQN,75,mid,1958,2958,0.09000000000000001,1.0,1.0,0.3839859664440155,0.00034718451206572354
DQN,75,mid,1959,2959,-0.3054984664916992,6.0,3.0,0.8108536601066589,0.00032590963868036243
DQN,75,mid,1960,2960,0.20616759538650514,2.0,2.0,0.6258329153060913,0.00034067467640852556
DQN,75,mid,1961,2961,0.14712382078170777,3.0,3.0,0.8876283764839172,0.0005063772938835124
DQN,75,mid,1962,2962,0.009834631681442274,6.0,3.0,0.2231917381286621,0.0002836516165795426
DQN,75,mid,1963,2963,0.22188897609710695,2.0,2.0,0.8555278182029724,0.0003364032891113311
DQN,75,mid,1964,2964,0.029873080253601088,3.0,3.0,1.0876821279525757,0.0003651424146179731
DQN,75,mid,1965,2965,0.21200544357299805,3.0,3.0,0.9430476427078247,0.00031633211377387244
DQN,75,mid,1966,2966,0.09000000000000001,1.0,1.0,0.2239706963300705,0.0002276496379636228
DQN,75,mid,1967,2967,-0.6260120898485185,10.0,2.0,0.31768256425857544,0.0003520464902976528
DQN,75,mid,1968,2968,0.02403223514556886,5.0,4.0,1.0963784456253052,0.00023095693031791598
DQN,75,mid,1969,2969,0.16976513147354128,2.0,2.0,0.6466572880744934,0.0005276412994135171
DQN,75,mid,1970,2970,0.13281596422195435,3.0,3.0,0.6396070122718811,0.00022874669230077416
DQN,75,mid,1971,2971,0.09000000000000001,1.0,1.0,0.24750228226184845,0.0004382154729682952
DQN,75,mid,1972,2972,0.1488307285308838,2.0,2.0,0.6301915049552917,0.0001570505482959561
DQN,75,mid,1973,2973,0.17440988302230837,2.0,2.0,0.5886660218238831,0.00021168257808312774
DQN,75,mid,1974,2974,0.09000000000000001,1.0,1.0,0.1147225946187973,0.0002917098463512957
DQN,75,mid,1975,2975,0.1335448342561722,2.0,2.0,0.1742623746395111,0.0002422974066575989
DQN,75,mid,1976,2976,0.0747377371788025,4.0,3.0,0.6817967295646667,0.00024425916126347147
DQN,75,mid,1977,2977,0.2037006187438965,2.0,2.0,0.6888227462768555,0.00024278635828522965
DQN,75,mid,1978,2978,0.2582435178756714,2.0,2.0,0.6336057782173157,0.00036188367812428623
DQN,75,mid,1979,2979,0.09000000000000001,1.0,1.0,0.24386870861053467,0.00023794316803105175
DQN,75,mid,1980,2980,0.047572391033172616,2.0,2.0,0.2938843369483948,0.00030315661570057273
DQN,75,mid,1981,2981,0.03992040634155274,2.0,2.0,0.4510663151741028,0.00023596559185534716
DQN,75,mid,1982,2982,0.09000000000000001,1.0,1.0,0.36467355489730835,0.0004360854800324887
DQN,75,mid,1983,2983,0.11899127244949342,2.0,2.0,0.2842518091201782,0.0002984224120154977
DQN,75,mid,1984,2984,0.10523034811019899,2.0,2.0,0.6586604714393616,0.0001816790027078241
DQN,75,mid,1985,2985,0.09000000000000001,1.0,1.0,0.06333260238170624,0.00033603422343730927
DQN,75,mid,1986,2986,-0.05962411880493164,2.0,2.0,0.4489724040031433,0.0002573290767031722
DQN,75,mid,1987,2987,-0.004939301013946518,2.0,2.0,0.7551050186157227,0.0004514059837674722
DQN,75,mid,1988,2988,0.09000000000000001,1.0,1.0,0.160459965467453,0.00031422587926499546
DQN,75,mid,1989,2989,0.09000000000000001,1.0,1.0,0.48828598856925964,0.0002930826449301094
DQN,75,mid,1990,2990,0.09000000000000001,1.0,1.0,0.5301732420921326,0.00018848989566322416
DQN,75,mid,1991,2991,0.19016660928726198,2.0,2.0,0.33229121565818787,0.0001810279572964646
DQN,75,mid,1992,2992,0.07286785721778871,2.0,2.0,0.2779068052768707,0.0002637467405293137
DQN,75,mid,1993,2993,0.25003839254379273,3.0,3.0,0.6938220858573914,0.0002463599036370094
DQN,75,mid,1994,2994,0.028877424001693734,2.0,2.0,0.44383102655410767,0.00016429877359769307
DQN,75,mid,1995,2995,0.11209477663040163,2.0,2.0,0.8013273477554321,0.0004451672575669363
DQN,75,mid,1996,2996,0.09000000000000001,1.0,1.0,0.28089332580566406,0.0002486312296241522
DQN,75,mid,1997,2997,0.06196667432785035,2.0,2.0,0.21459157764911652,0.0003523800478433259
DQN,75,mid,1998,2998,0.08967535376548769,2.0,2.0,0.14229749143123627,0.00041335773130413145
DQN,75,mid,1999,2999,0.09000000000000001,1.0,1.0,0.2639927566051483,0.0002773682354018092
DQN,75,mid,2000,3000,0.15388084411621095,4.0,3.0,0.6904129981994629,0.0003596466667659115
