agent,seed,phase,local_episode,cumulative_episode,reward,steps,selected_regions,classification_loss,optimization_loss
PPO,65,mid,1,1001,0.09000000000000001,1.0,1.0,0.44311752915382385,-0.00983066437765956
PPO,65,mid,2,1002,0.2694410753250122,3.0,3.0,0.6230248212814331,-0.04436176863964647
PPO,65,mid,3,1003,0.15190275192260744,2.0,2.0,0.647812008857727,-0.06792648206464946
PPO,65,mid,4,1004,0.09000000000000001,1.0,1.0,0.4843990206718445,-0.012678001774474978
PPO,65,mid,5,1005,0.21047510385513307,2.0,2.0,0.5624467134475708,-0.0783098682295531
PPO,65,mid,6,1006,0.09000000000000001,1.0,1.0,0.26759597659111023,-0.014460658421739936
PPO,65,mid,7,1007,0.12729740858078004,3.0,3.0,0.5918949842453003,-0.02928076428361237
PPO,65,mid,8,1008,0.09000000000000001,1.0,1.0,1.1069960594177246,-0.015602217055857182
PPO,65,mid,9,1009,0.19466485261917116,2.0,2.0,0.8786740303039551,-0.0794947063550353
PPO,65,mid,10,1010,0.006226317882537857,2.0,2.0,0.9962886571884155,-0.0470383120700717
PPO,65,mid,11,1011,0.09000000000000001,1.0,1.0,0.7896168828010559,-0.014382865745574236
PPO,65,mid,12,1012,0.09000000000000001,1.0,1.0,0.2465379536151886,-0.011457319371402264
PPO,65,mid,13,1013,-0.048524608612060524,4.0,3.0,1.0670850276947021,-0.03446775465272367
PPO,65,mid,14,1014,0.09000000000000001,1.0,1.0,0.3841765224933624,-0.01333155995234847
PPO,65,mid,15,1015,0.09000000000000001,1.0,1.0,0.7962805032730103,-0.009393053827807307
PPO,65,mid,16,1016,0.09000000000000001,1.0,1.0,0.42398568987846375,-0.0125642663333565
PPO,65,mid,17,1017,0.09000000000000001,1.0,1.0,0.43353530764579773,-0.009393086191266775
PPO,65,mid,18,1018,0.09000000000000001,1.0,1.0,0.9214771389961243,-0.010187559761106968
PPO,65,mid,19,1019,0.09000000000000001,1.0,1.0,0.34830304980278015,-0.01042393734678626
PPO,65,mid,20,1020,0.08280034542083742,2.0,2.0,1.1959998607635498,-0.0437720047775656
PPO,65,mid,21,1021,0.09000000000000001,1.0,1.0,0.43482914566993713,-0.007082217722199857
PPO,65,mid,22,1022,0.09000000000000001,1.0,1.0,0.44079968333244324,-0.0056091188453137875
PPO,65,mid,23,1023,0.09000000000000001,1.0,1.0,0.2580667734146118,-0.0063428772846236825
PPO,65,mid,24,1024,0.09000000000000001,1.0,1.0,0.8470955491065979,-0.008693350944668055
PPO,65,mid,25,1025,0.09000000000000001,1.0,1.0,0.4912570118904114,-0.004580038716085255
PPO,65,mid,26,1026,0.09000000000000001,1.0,1.0,1.0488072633743286,-0.0033157793805003166
PPO,65,mid,27,1027,0.09000000000000001,1.0,1.0,0.21239526569843292,-0.008214931702241302
PPO,65,mid,28,1028,0.09000000000000001,1.0,1.0,0.6724520921707153,-0.007006180356256664
PPO,65,mid,29,1029,0.09000000000000001,1.0,1.0,1.0032472610473633,-0.009800671832635999
PPO,65,mid,30,1030,0.09000000000000001,1.0,1.0,0.544108510017395,-0.006772202788852155
PPO,65,mid,31,1031,-0.08189250111579895,3.0,2.0,0.511722981929779,-0.07278380519710481
PPO,65,mid,32,1032,0.09000000000000001,1.0,1.0,0.730414867401123,-0.008407116285525262
PPO,65,mid,33,1033,0.09000000000000001,1.0,1.0,1.0711312294006348,-0.00949291093274951
PPO,65,mid,34,1034,0.08705588102340699,3.0,2.0,0.891861081123352,-0.06853847252205014
PPO,65,mid,35,1035,0.09000000000000001,1.0,1.0,0.5739351511001587,-0.006507128244265914
PPO,65,mid,36,1036,0.09000000000000001,1.0,1.0,0.8419423699378967,-0.006776569061912596
PPO,65,mid,37,1037,0.025168852806091324,2.0,2.0,0.8932846188545227,-0.07046456774696708
PPO,65,mid,38,1038,0.09000000000000001,1.0,1.0,1.0666439533233643,-0.008113278425298631
PPO,65,mid,39,1039,0.09000000000000001,1.0,1.0,0.1335524618625641,-0.005091704661026597
PPO,65,mid,40,1040,0.09000000000000001,1.0,1.0,0.40932050347328186,-0.0026375745073892176
PPO,65,mid,41,1041,0.09000000000000001,1.0,1.0,0.33188867568969727,-0.0047531313030049205
PPO,65,mid,42,1042,0.09000000000000001,1.0,1.0,0.8407605290412903,-0.004336151177994907
PPO,65,mid,43,1043,0.09000000000000001,1.0,1.0,0.8300017714500427,-0.0025499258772470057
PPO,65,mid,44,1044,0.09000000000000001,1.0,1.0,0.23563095927238464,-0.0018258816271554679
PPO,65,mid,45,1045,0.09000000000000001,1.0,1.0,0.9257233738899231,-0.004023992922157049
PPO,65,mid,46,1046,0.09000000000000001,1.0,1.0,0.549135148525238,-0.003279366996139288
PPO,65,mid,47,1047,0.09000000000000001,1.0,1.0,0.22771242260932922,-0.001318902533967048
PPO,65,mid,48,1048,0.15025045156478883,2.0,2.0,0.8617793917655945,-0.07783975033089519
PPO,65,mid,49,1049,0.09000000000000001,1.0,1.0,0.6103261709213257,-0.005880743847228587
PPO,65,mid,50,1050,0.09000000000000001,1.0,1.0,0.8419423699378967,-0.009049494983628392
PPO,65,mid,51,1051,0.09000000000000001,1.0,1.0,0.6614874601364136,-0.01035114424303174
PPO,65,mid,52,1052,0.09000000000000001,1.0,1.0,0.32145220041275024,-0.01273075700737536
PPO,65,mid,53,1053,0.09000000000000001,1.0,1.0,0.6549891233444214,-0.007296241237781942
PPO,65,mid,54,1054,0.09000000000000001,1.0,1.0,0.8259943127632141,-0.013239702675491571
PPO,65,mid,55,1055,0.09000000000000001,1.0,1.0,1.079768180847168,-0.015449563739821315
PPO,65,mid,56,1056,0.09000000000000001,1.0,1.0,0.9156940579414368,-0.01464211312122643
PPO,65,mid,57,1057,0.2168125081062317,2.0,2.0,0.6964829564094543,-0.10960541688837111
PPO,65,mid,58,1058,0.12346299171447755,2.0,2.0,0.7182947397232056,-0.13838172145187855
PPO,65,mid,59,1059,-0.4769467830657959,10.0,4.0,0.4631464183330536,0.00578987249173224
PPO,65,mid,60,1060,-0.2833481773734093,10.0,6.0,0.17456436157226562,-0.017819927539676428
PPO,65,mid,61,1061,-0.11525367259979248,6.0,3.0,0.19205209612846375,-0.04577093315310776
PPO,65,mid,62,1062,0.0682483983039856,3.0,3.0,0.9993694424629211,-0.08376580732874572
PPO,65,mid,63,1063,-0.10870216846466065,6.0,3.0,0.8277068138122559,-0.07822506024967879
PPO,65,mid,64,1064,0.09000000000000001,1.0,1.0,1.0340579748153687,-0.01414618268609047
PPO,65,mid,65,1065,-0.0572363543510437,3.0,2.0,0.5766817927360535,-0.07265521166846156
PPO,65,mid,66,1066,0.0443886685371399,2.0,2.0,0.2949735224246979,-0.10518119926564395
PPO,65,mid,67,1067,0.09000000000000001,1.0,1.0,0.19112956523895264,-0.005498389829881489
PPO,65,mid,68,1068,0.09000000000000001,1.0,1.0,0.6310799717903137,-0.004983030958101153
PPO,65,mid,69,1069,0.09000000000000001,1.0,1.0,0.7028691172599792,-0.001631520310183987
PPO,65,mid,70,1070,0.09000000000000001,1.0,1.0,0.7334761619567871,-0.0006192448199726641
PPO,65,mid,71,1071,0.09000000000000001,1.0,1.0,0.6352735757827759,-0.004854707978665829
PPO,65,mid,72,1072,0.09000000000000001,1.0,1.0,0.830495297908783,-0.002346086723264307
PPO,65,mid,73,1073,0.09000000000000001,1.0,1.0,0.9193319082260132,-0.004604282323271036
PPO,65,mid,74,1074,0.09000000000000001,1.0,1.0,0.678257942199707,-0.0015421505086123943
PPO,65,mid,75,1075,0.09000000000000001,1.0,1.0,0.8740944862365723,-0.0012606611417140812
PPO,65,mid,76,1076,0.09000000000000001,1.0,1.0,0.34818369150161743,-0.0029422712977975607
PPO,65,mid,77,1077,0.09000000000000001,1.0,1.0,0.5212269425392151,-0.004347037291154265
PPO,65,mid,78,1078,0.14287431716918947,2.0,2.0,0.9397305250167847,-0.06375982356257737
PPO,65,mid,79,1079,0.09000000000000001,1.0,1.0,0.6295276284217834,-0.005772772477939725
PPO,65,mid,80,1080,0.09000000000000001,1.0,1.0,0.4243644177913666,-0.0063939017709344625
PPO,65,mid,81,1081,0.12343241453170778,2.0,2.0,0.7721230387687683,-0.10361513565294445
PPO,65,mid,82,1082,0.09000000000000001,1.0,1.0,1.1534688472747803,-0.011941407807171345
PPO,65,mid,83,1083,0.09000000000000001,1.0,1.0,0.9305208921432495,-0.010909206233918667
PPO,65,mid,84,1084,0.09000000000000001,1.0,1.0,0.7763115167617798,-0.014299568487331271
PPO,65,mid,85,1085,0.09000000000000001,1.0,1.0,0.3363712430000305,-0.011609153123572469
PPO,65,mid,86,1086,0.09000000000000001,1.0,1.0,0.9488037824630737,-0.015305147506296635
PPO,65,mid,87,1087,0.23922599077224732,3.0,3.0,0.8703340888023376,-0.07228880980983377
PPO,65,mid,88,1088,0.204186190366745,3.0,2.0,0.47590962052345276,-0.025948451599106193
PPO,65,mid,89,1089,0.09000000000000001,1.0,1.0,1.3087271451950073,-0.012746669817715883
PPO,65,mid,90,1090,0.008653955459594742,2.0,2.0,0.303731232881546,-0.07601474784314632
PPO,65,mid,91,1091,0.09000000000000001,1.0,1.0,0.49825215339660645,-0.006992494920268655
PPO,65,mid,92,1092,0.09000000000000001,1.0,1.0,0.6615985035896301,-0.009813563898205757
PPO,65,mid,93,1093,0.09000000000000001,1.0,1.0,0.2542370557785034,-0.0053938423516228795
PPO,65,mid,94,1094,0.09000000000000001,1.0,1.0,0.3784659206867218,-0.007829690352082253
PPO,65,mid,95,1095,0.09000000000000001,1.0,1.0,0.9018358588218689,-0.008906320668756962
PPO,65,mid,96,1096,0.09000000000000001,1.0,1.0,1.0244694948196411,-0.003133341611828655
PPO,65,mid,97,1097,0.023521797657012955,2.0,2.0,0.6084154844284058,-0.046862173127010465
PPO,65,mid,98,1098,0.09000000000000001,1.0,1.0,0.4111640155315399,-0.003342299605719745
PPO,65,mid,99,1099,0.041893022060394296,2.0,2.0,0.3841094970703125,-0.06757962825940922
PPO,65,mid,100,1100,0.09000000000000001,1.0,1.0,0.21955955028533936,-0.004270824312698096
PPO,65,mid,101,1101,0.09000000000000001,1.0,1.0,1.0209776163101196,-0.0029471577727235854
PPO,65,mid,102,1102,0.09000000000000001,1.0,1.0,0.4619140923023224,-0.0032461187802255154
PPO,65,mid,103,1103,0.09000000000000001,1.0,1.0,0.6203802824020386,-0.00376008462626487
PPO,65,mid,104,1104,0.09000000000000001,1.0,1.0,0.43481963872909546,-0.002724681980907917
PPO,65,mid,105,1105,0.09000000000000001,1.0,1.0,0.7568062543869019,-0.0007908078114269301
PPO,65,mid,106,1106,0.09000000000000001,1.0,1.0,1.077082633972168,-0.0036962328013032675
PPO,65,mid,107,1107,0.09000000000000001,1.0,1.0,0.6848182678222656,-0.002406520943623036
PPO,65,mid,108,1108,0.09000000000000001,1.0,1.0,0.6999002695083618,-0.003516723169013858
PPO,65,mid,109,1109,0.09000000000000001,1.0,1.0,1.0403680801391602,-0.00461116130463779
PPO,65,mid,110,1110,0.09000000000000001,1.0,1.0,0.9775637984275818,-0.004111443180590868
PPO,65,mid,111,1111,0.09000000000000001,1.0,1.0,0.6226540803909302,-0.0024440460256300867
PPO,65,mid,112,1112,0.09000000000000001,1.0,1.0,0.951533317565918,-0.005956596927717328
PPO,65,mid,113,1113,0.09000000000000001,1.0,1.0,0.8291773200035095,-0.002616229234263301
PPO,65,mid,114,1114,0.09000000000000001,1.0,1.0,0.21293441951274872,-0.001782754814485088
PPO,65,mid,115,1115,0.09000000000000001,1.0,1.0,0.7901567220687866,-0.003038489492610097
PPO,65,mid,116,1116,0.09000000000000001,1.0,1.0,0.6559880375862122,-0.0045040559489279985
PPO,65,mid,117,1117,0.09000000000000001,1.0,1.0,0.3459184467792511,-0.002981442434247583
PPO,65,mid,118,1118,0.09000000000000001,1.0,1.0,0.6501802206039429,-0.003696757659781724
PPO,65,mid,119,1119,0.09000000000000001,1.0,1.0,0.3201064467430115,-0.0015040996950119734
PPO,65,mid,120,1120,0.09000000000000001,1.0,1.0,0.15942050516605377,-0.004191262414678931
PPO,65,mid,121,1121,0.09000000000000001,1.0,1.0,0.9777160286903381,-0.004429663182236254
PPO,65,mid,122,1122,0.09000000000000001,1.0,1.0,0.8227773308753967,-0.004324461217038333
PPO,65,mid,123,1123,0.09000000000000001,1.0,1.0,0.5435274243354797,-0.00370939786080271
PPO,65,mid,124,1124,0.09000000000000001,1.0,1.0,0.46075138449668884,-0.004945961060002446
PPO,65,mid,125,1125,0.09000000000000001,1.0,1.0,0.8684317469596863,-0.004641427309252322
PPO,65,mid,126,1126,0.09000000000000001,1.0,1.0,0.8954778909683228,-0.007382628973573446
PPO,65,mid,127,1127,0.09000000000000001,1.0,1.0,0.9209467172622681,-0.004835916217416525
PPO,65,mid,128,1128,0.09000000000000001,1.0,1.0,0.6535674929618835,-0.005521791288629174
PPO,65,mid,129,1129,0.09000000000000001,1.0,1.0,0.1890232115983963,-0.006160557619296014
PPO,65,mid,130,1130,0.09000000000000001,1.0,1.0,0.38967928290367126,-0.008978563593700528
PPO,65,mid,131,1131,0.09000000000000001,1.0,1.0,1.0455845594406128,-0.011304579442366958
PPO,65,mid,132,1132,0.09000000000000001,1.0,1.0,0.9668771028518677,-0.00827816198579967
PPO,65,mid,133,1133,0.09000000000000001,1.0,1.0,0.4061566889286041,-0.005741946748457849
PPO,65,mid,134,1134,0.09000000000000001,1.0,1.0,0.6039106249809265,-0.009786795359104872
PPO,65,mid,135,1135,0.09000000000000001,1.0,1.0,1.1322144269943237,-0.009971147170290351
PPO,65,mid,136,1136,0.001807765960693375,2.0,2.0,0.893434464931488,-0.04424536996521056
PPO,65,mid,137,1137,0.09000000000000001,1.0,1.0,1.1372281312942505,-0.012107712449505925
PPO,65,mid,138,1138,0.09000000000000001,1.0,1.0,0.8388394117355347,-0.006744782789610326
PPO,65,mid,139,1139,0.09000000000000001,1.0,1.0,0.4453740119934082,-0.004983670194633305
PPO,65,mid,140,1140,0.09000000000000001,1.0,1.0,0.53995281457901,-0.005262483959086239
PPO,65,mid,141,1141,0.09000000000000001,1.0,1.0,0.8091228604316711,-0.0011500197579152882
PPO,65,mid,142,1142,0.09000000000000001,1.0,1.0,0.7135764360427856,-0.004433674970641732
PPO,65,mid,143,1143,0.09000000000000001,1.0,1.0,0.9125927686691284,-0.008357689948752522
PPO,65,mid,144,1144,0.09000000000000001,1.0,1.0,0.7101271748542786,-0.0038236245745792985
PPO,65,mid,145,1145,0.2292002308368683,2.0,2.0,0.49876895546913147,-0.05825789750088006
PPO,65,mid,146,1146,-0.0005208659172058067,3.0,2.0,0.7741014361381531,-0.0024768775328993797
PPO,65,mid,147,1147,0.09000000000000001,1.0,1.0,0.7856189608573914,-0.007872608955949545
PPO,65,mid,148,1148,0.09000000000000001,1.0,1.0,0.38851457834243774,-0.0023251563543453813
PPO,65,mid,149,1149,0.09000000000000001,1.0,1.0,0.4985666871070862,-0.010886349948123097
PPO,65,mid,150,1150,0.09000000000000001,1.0,1.0,0.8142679929733276,-0.005665119271725416
PPO,65,mid,151,1151,0.09000000000000001,1.0,1.0,0.36245399713516235,-0.012524103047326207
PPO,65,mid,152,1152,0.09000000000000001,1.0,1.0,0.6257060170173645,-0.00926688639447093
PPO,65,mid,153,1153,0.09000000000000001,1.0,1.0,0.6009067296981812,-0.009157951921224594
PPO,65,mid,154,1154,0.09000000000000001,1.0,1.0,0.6728166341781616,-0.010058329440653324
PPO,65,mid,155,1155,0.09000000000000001,1.0,1.0,1.141012191772461,-0.006477483664639294
PPO,65,mid,156,1156,0.09000000000000001,1.0,1.0,0.4808022975921631,-0.00961477612145245
PPO,65,mid,157,1157,0.09000000000000001,1.0,1.0,0.29121848940849304,-0.009498844621703029
PPO,65,mid,158,1158,0.09000000000000001,1.0,1.0,0.8907651901245117,-0.005820913938805461
PPO,65,mid,159,1159,0.1743599343299866,2.0,2.0,0.6499900817871094,-0.05569367320276797
PPO,65,mid,160,1160,0.09000000000000001,1.0,1.0,0.29008015990257263,-0.011694327695295215
PPO,65,mid,161,1161,0.09000000000000001,1.0,1.0,0.8193888664245605,-0.007497766055166721
PPO,65,mid,162,1162,0.09000000000000001,1.0,1.0,1.2570050954818726,-0.010075170546770096
PPO,65,mid,163,1163,0.09000000000000001,1.0,1.0,0.21283577382564545,-0.011438624700531363
PPO,65,mid,164,1164,0.12602667927742006,3.0,2.0,0.35525134205818176,-0.02378179645165801
PPO,65,mid,165,1165,0.09000000000000001,1.0,1.0,0.7414410710334778,-0.01363512547686696
PPO,65,mid,166,1166,0.15878559827804567,2.0,2.0,0.8833184242248535,-0.03147883526980877
PPO,65,mid,167,1167,0.09000000000000001,1.0,1.0,0.47157448530197144,-0.011789116077125072
PPO,65,mid,168,1168,0.09000000000000001,1.0,1.0,0.7029703259468079,-0.015059110708534718
PPO,65,mid,169,1169,-0.058068256378173824,3.0,2.0,0.7898396253585815,-0.01823710068129003
PPO,65,mid,170,1170,0.030397216081619265,4.0,3.0,0.4823589026927948,-0.08918048348277807
PPO,65,mid,171,1171,0.08338728308677673,4.0,4.0,0.28462645411491394,-0.020900278352200985
PPO,65,mid,172,1172,0.09000000000000001,1.0,1.0,0.6904742121696472,-0.00903139216825366
PPO,65,mid,173,1173,0.09000000000000001,1.0,1.0,0.26110348105430603,-0.0141847413033247
PPO,65,mid,174,1174,0.09000000000000001,1.0,1.0,0.9799920320510864,-0.008933226810768247
PPO,65,mid,175,1175,0.09000000000000001,1.0,1.0,0.266884446144104,-0.007698772940784693
PPO,65,mid,176,1176,0.09000000000000001,1.0,1.0,1.1481670141220093,-0.013217287603765726
PPO,65,mid,177,1177,0.03880329608917237,2.0,2.0,0.13097332417964935,-0.03129408392123878
PPO,65,mid,178,1178,-0.0007344388961791903,4.0,3.0,0.7127445936203003,-0.04488007817417383
PPO,65,mid,179,1179,0.09000000000000001,1.0,1.0,0.6716198921203613,-0.011869400274008512
PPO,65,mid,180,1180,0.08669181346893312,2.0,2.0,0.10010851174592972,-0.07266261766199023
PPO,65,mid,181,1181,0.09000000000000001,1.0,1.0,0.9541683793067932,-0.007038439624011517
PPO,65,mid,182,1182,0.36053218126297,2.0,2.0,0.8009622693061829,0.016683535533957183
PPO,65,mid,183,1183,0.09000000000000001,1.0,1.0,0.8838943243026733,-0.008159249788150191
PPO,65,mid,184,1184,0.11007995128631592,3.0,3.0,0.7744010090827942,-0.05182367982342839
PPO,65,mid,185,1185,0.09000000000000001,1.0,1.0,0.5024723410606384,-0.011765450472012162
PPO,65,mid,186,1186,0.12749757051467897,2.0,2.0,0.8312661051750183,-0.06139927264302969
PPO,65,mid,187,1187,-0.07509991347789764,2.0,2.0,0.3978866934776306,0.010115502285771072
PPO,65,mid,188,1188,0.09000000000000001,1.0,1.0,0.19008095562458038,-0.00515654101036489
PPO,65,mid,189,1189,0.10485013008117677,2.0,2.0,0.9075201749801636,-0.031334749422967434
PPO,65,mid,190,1190,0.09000000000000001,1.0,1.0,0.28357329964637756,-0.01193702151067555
PPO,65,mid,191,1191,0.09000000000000001,1.0,1.0,0.3106115460395813,-0.008744301507249475
PPO,65,mid,192,1192,0.09000000000000001,1.0,1.0,0.6914566159248352,-0.012903383234515786
PPO,65,mid,193,1193,0.09000000000000001,1.0,1.0,0.7408607602119446,-0.01376179768703878
PPO,65,mid,194,1194,0.09000000000000001,1.0,1.0,0.9656421542167664,-0.011434038169682026
PPO,65,mid,195,1195,0.09000000000000001,1.0,1.0,0.25426313281059265,-0.014605359872803092
PPO,65,mid,196,1196,0.10420156240463258,3.0,3.0,0.520301103591919,-0.05906067439354956
PPO,65,mid,197,1197,-0.021007707118988028,4.0,3.0,0.3513024151325226,-0.011215825681574643
PPO,65,mid,198,1198,0.05475098073482514,2.0,2.0,0.13075168430805206,-0.020701745990663767
PPO,65,mid,199,1199,0.09000000000000001,1.0,1.0,0.7284768223762512,-0.015856652054935694
PPO,65,mid,200,1200,-0.16846696615219114,3.0,2.0,1.1466325521469116,-0.03676308901049197
PPO,65,mid,201,1201,0.09000000000000001,1.0,1.0,0.5431581735610962,-0.014026375953108072
PPO,65,mid,202,1202,0.09000000000000001,1.0,1.0,0.145880788564682,-0.008598654065281153
PPO,65,mid,203,1203,0.09000000000000001,1.0,1.0,0.22029313445091248,-0.007354481494985521
PPO,65,mid,204,1204,0.09000000000000001,1.0,1.0,0.8644172549247742,-0.010850622551515698
PPO,65,mid,205,1205,0.2080762255191803,2.0,2.0,0.47103622555732727,-0.03982574446126819
PPO,65,mid,206,1206,0.09000000000000001,1.0,1.0,0.3356557786464691,-0.008914707694202662
PPO,65,mid,207,1207,0.09000000000000001,1.0,1.0,1.0450752973556519,-0.01337067736312747
PPO,65,mid,208,1208,0.1828796434402466,2.0,2.0,0.9747284650802612,-0.046334883430972695
PPO,65,mid,209,1209,0.09000000000000001,1.0,1.0,0.5865306854248047,-0.014064253075048327
PPO,65,mid,210,1210,-0.02236933827400206,2.0,2.0,0.33349254727363586,-0.011977816000580788
PPO,65,mid,211,1211,0.09000000000000001,1.0,1.0,1.8262975215911865,-0.013408915838226676
PPO,65,mid,212,1212,-0.06340286970138549,4.0,2.0,0.7087855935096741,-0.04030894720926881
PPO,65,mid,213,1213,-0.10476622730493547,5.0,4.0,0.18097497522830963,-0.03698400664143264
PPO,65,mid,214,1214,0.09000000000000001,1.0,1.0,0.7102259993553162,-0.012275253189727664
PPO,65,mid,215,1215,0.09000000000000001,1.0,1.0,1.2178889513015747,-0.010286882985383272
PPO,65,mid,216,1216,0.09000000000000001,1.0,1.0,0.5399707555770874,-0.008251876570284367
PPO,65,mid,217,1217,0.09000000000000001,1.0,1.0,0.26859810948371887,-0.007694566855207086
PPO,65,mid,218,1218,0.09000000000000001,1.0,1.0,0.5493820905685425,-0.007303990423679352
PPO,65,mid,219,1219,0.09000000000000001,1.0,1.0,1.143764853477478,-0.004689431749284267
PPO,65,mid,220,1220,0.18688525438308717,2.0,2.0,0.9333388209342957,-0.043822755687870085
PPO,65,mid,221,1221,0.09000000000000001,1.0,1.0,0.2509901523590088,-0.003956309868954122
PPO,65,mid,222,1222,0.09000000000000001,1.0,1.0,0.30067625641822815,-0.007767731207422912
PPO,65,mid,223,1223,0.09000000000000001,1.0,1.0,0.16932053864002228,-0.00485950754955411
PPO,65,mid,224,1224,0.09000000000000001,1.0,1.0,0.4121331572532654,-0.007158980937674642
PPO,65,mid,225,1225,-0.028795700073242184,3.0,2.0,0.588155210018158,-0.04035617783665657
PPO,65,mid,226,1226,0.09000000000000001,1.0,1.0,0.1374332159757614,-0.006165070342831314
PPO,65,mid,227,1227,0.4200164246559143,2.0,2.0,0.7297454476356506,-0.010680656181648374
PPO,65,mid,228,1228,0.09000000000000001,1.0,1.0,0.6311748623847961,-0.006876190425828099
PPO,65,mid,229,1229,0.12076743125915529,2.0,2.0,0.5025985836982727,-0.033190632704645395
PPO,65,mid,230,1230,0.059138257503509525,3.0,2.0,0.70213383436203,0.0019640284590423107
PPO,65,mid,231,1231,0.09000000000000001,1.0,1.0,0.36983007192611694,-0.009439044166356325
PPO,65,mid,232,1232,0.036213727593421945,2.0,2.0,0.1784057915210724,-0.05106279160827398
PPO,65,mid,233,1233,0.09000000000000001,1.0,1.0,0.4878346621990204,-0.00885726511478424
PPO,65,mid,234,1234,0.09000000000000001,1.0,1.0,1.3156872987747192,-0.01246238430030644
PPO,65,mid,235,1235,0.09000000000000001,1.0,1.0,0.6218813061714172,-0.014128887793049216
PPO,65,mid,236,1236,0.09000000000000001,1.0,1.0,0.8507785201072693,-0.012455901363864541
PPO,65,mid,237,1237,0.07690145254135133,2.0,2.0,0.05993184819817543,-0.04963628051336855
PPO,65,mid,238,1238,0.050043182373046884,2.0,2.0,0.884398877620697,-0.06892446824349463
PPO,65,mid,239,1239,0.09000000000000001,1.0,1.0,1.0372077226638794,-0.011323453160002828
PPO,65,mid,240,1240,0.09000000000000001,1.0,1.0,0.7035419344902039,-0.008265646873041987
PPO,65,mid,241,1241,0.13922508239746095,2.0,2.0,0.6222754120826721,-0.028889173991046846
PPO,65,mid,242,1242,0.09000000000000001,1.0,1.0,0.5394346714019775,-0.004860566579736769
PPO,65,mid,243,1243,0.09000000000000001,1.0,1.0,0.6047572493553162,-0.00987114175222814
PPO,65,mid,244,1244,0.09000000000000001,1.0,1.0,0.07826888561248779,-0.01221353537403047
PPO,65,mid,245,1245,0.09000000000000001,1.0,1.0,0.2522501051425934,-0.008942276239395142
PPO,65,mid,246,1246,0.09000000000000001,1.0,1.0,0.8916878700256348,-0.012587113538756967
PPO,65,mid,247,1247,0.06848962783813478,2.0,2.0,0.4077242314815521,-0.0879578364547342
PPO,65,mid,248,1248,0.09000000000000001,1.0,1.0,0.5203083753585815,-0.013027673354372382
PPO,65,mid,249,1249,0.09000000000000001,1.0,1.0,0.6056286692619324,-0.00748551357537508
PPO,65,mid,250,1250,0.09000000000000001,1.0,1.0,1.1023271083831787,-0.007711800746619701
PPO,65,mid,251,1251,0.09000000000000001,1.0,1.0,1.0563498735427856,-0.011462551774457097
PPO,65,mid,252,1252,0.1275694388151169,2.0,2.0,0.23995502293109894,-0.0582364178262651
PPO,65,mid,253,1253,0.09000000000000001,1.0,1.0,0.3246214687824249,-0.008964231703430414
PPO,65,mid,254,1254,0.09000000000000001,1.0,1.0,0.40292882919311523,-0.014165048953145742
PPO,65,mid,255,1255,0.09000000000000001,1.0,1.0,0.9019517302513123,-0.015052568400278687
PPO,65,mid,256,1256,0.08798529386520387,2.0,2.0,0.6588470339775085,-0.056551581248641014
PPO,65,mid,257,1257,0.09000000000000001,1.0,1.0,0.6760188937187195,-0.013444368494674563
PPO,65,mid,258,1258,0.09000000000000001,1.0,1.0,0.17889520525932312,-0.008694253861904144
PPO,65,mid,259,1259,0.09000000000000001,1.0,1.0,1.0269418954849243,-0.012636999832466245
PPO,65,mid,260,1260,0.09000000000000001,1.0,1.0,0.10451595485210419,-0.009467120515182614
PPO,65,mid,261,1261,0.09000000000000001,1.0,1.0,0.13225439190864563,-0.009059707168489695
PPO,65,mid,262,1262,0.05747671604156495,2.0,2.0,0.2938491404056549,-0.07877910346724093
PPO,65,mid,263,1263,0.09000000000000001,1.0,1.0,0.8033861517906189,-0.011885570827871561
PPO,65,mid,264,1264,0.09000000000000001,1.0,1.0,0.07241690158843994,-0.006869201315566897
PPO,65,mid,265,1265,0.09000000000000001,1.0,1.0,0.4642989933490753,-0.005608009523712099
PPO,65,mid,266,1266,0.09000000000000001,1.0,1.0,0.11939806491136551,-0.0068228308809921145
PPO,65,mid,267,1267,0.2616682815551758,2.0,2.0,0.699680745601654,-0.07434181869029999
PPO,65,mid,268,1268,0.07966413021087647,3.0,2.0,0.5324080586433411,0.01719238539226353
PPO,65,mid,269,1269,0.09000000000000001,1.0,1.0,0.6742728352546692,-0.010223363758996129
PPO,65,mid,270,1270,0.03873919129371644,2.0,2.0,0.37818875908851624,-0.0690071820281446
PPO,65,mid,271,1271,0.09000000000000001,1.0,1.0,0.317697674036026,-0.009565353859215975
PPO,65,mid,272,1272,0.09000000000000001,1.0,1.0,0.386250764131546,-0.007844539475627244
PPO,65,mid,273,1273,0.09000000000000001,1.0,1.0,0.3371424674987793,-0.007284070481546223
PPO,65,mid,274,1274,0.09000000000000001,1.0,1.0,0.6856531500816345,-0.011050975415855646
PPO,65,mid,275,1275,-0.11537115097045898,2.0,2.0,0.877213180065155,-0.05625666072592139
PPO,65,mid,276,1276,0.09000000000000001,1.0,1.0,0.4825560748577118,-0.008827980374917388
PPO,65,mid,277,1277,0.09000000000000001,1.0,1.0,0.3096812665462494,-0.005850949790328741
PPO,65,mid,278,1278,0.15685694098472597,2.0,2.0,0.3355337679386139,-0.07774889306165278
PPO,65,mid,279,1279,0.20815147638320924,2.0,2.0,0.9832029938697815,-0.09396573586855084
PPO,65,mid,280,1280,0.12823684692382814,2.0,2.0,0.7073728442192078,-0.09413659176789224
PPO,65,mid,281,1281,0.09000000000000001,1.0,1.0,0.3813099265098572,-0.01116078533232212
PPO,65,mid,282,1282,0.23898263454437257,2.0,2.0,0.7748298645019531,-0.09468732448294759
PPO,65,mid,283,1283,0.1997616457939148,2.0,2.0,0.35816627740859985,-0.08875298476777971
PPO,65,mid,284,1284,-0.03810779094696044,4.0,2.0,1.1275296211242676,-0.033450538758188486
PPO,65,mid,285,1285,-0.125130877494812,6.0,3.0,0.7057275176048279,-0.015214964747428894
PPO,65,mid,286,1286,0.09838660240173341,2.0,2.0,0.26085183024406433,-0.018233274575322866
PPO,65,mid,287,1287,0.001234962940216064,6.0,3.0,0.731182873249054,-0.02663089707493782
PPO,65,mid,288,1288,0.041596431732177745,3.0,2.0,0.7928417921066284,-0.03202652186155319
PPO,65,mid,289,1289,0.03460389554500581,2.0,2.0,0.20954272150993347,-0.10971800074912608
PPO,65,mid,290,1290,0.11932273387908937,2.0,2.0,1.1081124544143677,0.015585038112476468
PPO,65,mid,291,1291,0.09000000000000001,1.0,1.0,0.5200093388557434,-0.012885247357189655
PPO,65,mid,292,1292,0.09000000000000001,1.0,1.0,0.361865758895874,-0.012006405973806977
PPO,65,mid,293,1293,0.0029363155364990207,5.0,3.0,0.6082671284675598,-0.03195764706470072
PPO,65,mid,294,1294,0.09000000000000001,1.0,1.0,0.8724498748779297,-0.011685979086905718
PPO,65,mid,295,1295,0.09000000000000001,1.0,1.0,0.4059891402721405,-0.010147972730919719
PPO,65,mid,296,1296,0.13948716402053835,2.0,2.0,0.8449869751930237,-0.06596221728250384
PPO,65,mid,297,1297,0.09410835266113282,4.0,3.0,1.5500351190567017,-0.020830696681514382
PPO,65,mid,298,1298,0.09000000000000001,1.0,1.0,0.7430475950241089,-0.011316449148580432
PPO,65,mid,299,1299,0.22710527658462526,2.0,2.0,0.35381537675857544,-0.03979622689075768
PPO,65,mid,300,1300,0.07222940206527712,2.0,2.0,0.6118385195732117,-0.035724748158827424
PPO,65,mid,301,1301,0.31881620168685915,2.0,2.0,0.707466721534729,-0.04484296729788184
PPO,65,mid,302,1302,-0.22475960969924924,7.0,2.0,0.957438588142395,8.203578181564808e-05
PPO,65,mid,303,1303,0.09000000000000001,1.0,1.0,0.08374794572591782,-0.009033732349053025
PPO,65,mid,304,1304,0.09000000000000001,1.0,1.0,0.08158272504806519,-0.00821093306876719
PPO,65,mid,305,1305,0.09000000000000001,1.0,1.0,0.8126875758171082,-0.009810799732804298
PPO,65,mid,306,1306,0.047563810348510746,3.0,2.0,0.5042577385902405,-0.04759061266668141
PPO,65,mid,307,1307,0.0627885925769806,2.0,2.0,0.46600958704948425,-0.10297741391696036
PPO,65,mid,308,1308,0.09000000000000001,1.0,1.0,0.9354587197303772,-0.007505324087105691
PPO,65,mid,309,1309,0.09000000000000001,1.0,1.0,0.5946574807167053,-0.005315632210113108
PPO,65,mid,310,1310,0.09000000000000001,1.0,1.0,0.7671197652816772,-0.0069490831810981035
PPO,65,mid,311,1311,-0.039749486446380614,2.0,2.0,0.8101304173469543,-0.05751339573180303
PPO,65,mid,312,1312,0.09000000000000001,1.0,1.0,0.8204845786094666,-0.0036589661613106728
PPO,65,mid,313,1313,0.09000000000000001,1.0,1.0,1.5434201955795288,-0.002113565889885649
PPO,65,mid,314,1314,0.09000000000000001,1.0,1.0,0.6601619720458984,-0.0012955798010807484
PPO,65,mid,315,1315,0.09000000000000001,1.0,1.0,0.3518683612346649,-0.002033436670899391
PPO,65,mid,316,1316,0.09000000000000001,1.0,1.0,0.7534422874450684,-0.002748738043010235
PPO,65,mid,317,1317,0.09000000000000001,1.0,1.0,0.168209508061409,-0.0008860585803631693
PPO,65,mid,318,1318,0.09000000000000001,1.0,1.0,0.3281117379665375,-0.0015224319940898567
PPO,65,mid,319,1319,0.09000000000000001,1.0,1.0,0.4202699065208435,-0.0014948220632504672
PPO,65,mid,320,1320,0.09000000000000001,1.0,1.0,1.16161048412323,-0.001159261359134689
PPO,65,mid,321,1321,0.09000000000000001,1.0,1.0,0.2829471528530121,-0.0022218359517864883
PPO,65,mid,322,1322,0.09000000000000001,1.0,1.0,0.19900843501091003,-0.003106366901192814
PPO,65,mid,323,1323,0.09000000000000001,1.0,1.0,0.8843117356300354,-0.0026563379797153175
PPO,65,mid,324,1324,0.09000000000000001,1.0,1.0,0.1987372487783432,-0.00127759829047136
PPO,65,mid,325,1325,0.09000000000000001,1.0,1.0,0.8193988800048828,-0.0019191471219528466
PPO,65,mid,326,1326,0.09000000000000001,1.0,1.0,0.37144914269447327,-0.003458752704318613
PPO,65,mid,327,1327,0.09000000000000001,1.0,1.0,0.6558084487915039,-0.001780062390025705
PPO,65,mid,328,1328,0.09000000000000001,1.0,1.0,0.9592352509498596,-0.0015704529650975019
PPO,65,mid,329,1329,0.09000000000000001,1.0,1.0,0.9756506681442261,-0.00424584629945457
PPO,65,mid,330,1330,0.09000000000000001,1.0,1.0,0.4694754183292389,-0.001735306897899136
PPO,65,mid,331,1331,0.09000000000000001,1.0,1.0,0.9777160286903381,-0.0024100853479467332
PPO,65,mid,332,1332,0.09000000000000001,1.0,1.0,0.24182634055614471,-0.001996347273234278
PPO,65,mid,333,1333,0.09000000000000001,1.0,1.0,0.9614114165306091,-0.001980624976567924
PPO,65,mid,334,1334,0.09000000000000001,1.0,1.0,0.23650944232940674,-0.0026188711635768414
PPO,65,mid,335,1335,0.09000000000000001,1.0,1.0,0.4285988211631775,-0.0038226463366299868
PPO,65,mid,336,1336,0.09000000000000001,1.0,1.0,0.9478507041931152,-0.0023387037799693644
PPO,65,mid,337,1337,0.09000000000000001,1.0,1.0,0.11783254146575928,-0.0029243388562463224
PPO,65,mid,338,1338,0.09000000000000001,1.0,1.0,0.6846532225608826,-0.005170338554307818
PPO,65,mid,339,1339,0.09000000000000001,1.0,1.0,0.4368721544742584,-0.004981545265763998
PPO,65,mid,340,1340,0.09000000000000001,1.0,1.0,1.12639582157135,-0.0036954389652237296
PPO,65,mid,341,1341,0.09000000000000001,1.0,1.0,1.0746517181396484,-0.003141091379802674
PPO,65,mid,342,1342,0.04037393808364869,2.0,2.0,0.9354403614997864,-0.05717109271790832
PPO,65,mid,343,1343,0.09000000000000001,1.0,1.0,1.2213261127471924,-0.003200494742486626
PPO,65,mid,344,1344,0.09000000000000001,1.0,1.0,0.5203703045845032,-0.0027937303530052304
PPO,65,mid,345,1345,0.09000000000000001,1.0,1.0,0.6609221696853638,-0.003061979135964066
PPO,65,mid,346,1346,0.09000000000000001,1.0,1.0,0.25524798035621643,-0.003117932938039303
PPO,65,mid,347,1347,0.09000000000000001,1.0,1.0,0.19619563221931458,-0.0025354704121127725
PPO,65,mid,348,1348,0.09000000000000001,1.0,1.0,0.37719056010246277,-0.0021482788724824786
PPO,65,mid,349,1349,0.09000000000000001,1.0,1.0,0.8407014012336731,-0.0020670980447903275
PPO,65,mid,350,1350,0.09000000000000001,1.0,1.0,0.23795393109321594,-0.0023992552887648344
PPO,65,mid,351,1351,0.09000000000000001,1.0,1.0,0.15617866814136505,-0.0028127400437369943
PPO,65,mid,352,1352,0.09000000000000001,1.0,1.0,0.21516351401805878,-0.004078988451510668
PPO,65,mid,353,1353,0.09000000000000001,1.0,1.0,0.34722980856895447,-0.004056025412864983
PPO,65,mid,354,1354,0.09000000000000001,1.0,1.0,1.2280893325805664,-0.002668215485755354
PPO,65,mid,355,1355,0.09000000000000001,1.0,1.0,0.6850711107254028,-0.002856068196706474
PPO,65,mid,356,1356,0.09000000000000001,1.0,1.0,0.12488431483507156,-0.004093508701771498
PPO,65,mid,357,1357,0.09000000000000001,1.0,1.0,0.7156577110290527,-0.005200779996812344
PPO,65,mid,358,1358,0.09000000000000001,1.0,1.0,0.2289135754108429,-0.003799918747972697
PPO,65,mid,359,1359,0.09000000000000001,1.0,1.0,0.5365296006202698,-0.0037799598649144173
PPO,65,mid,360,1360,0.09000000000000001,1.0,1.0,0.22770431637763977,-0.004822623683139682
PPO,65,mid,361,1361,0.09000000000000001,1.0,1.0,0.7072702050209045,-0.004722968675196171
PPO,65,mid,362,1362,0.09000000000000001,1.0,1.0,1.016950249671936,-0.005244369967840612
PPO,65,mid,363,1363,0.09000000000000001,1.0,1.0,0.41067224740982056,-0.004494716413319111
PPO,65,mid,364,1364,0.09000000000000001,1.0,1.0,0.4488818347454071,-0.005737736471928656
PPO,65,mid,365,1365,0.09000000000000001,1.0,1.0,1.1163691282272339,-0.006257527391426265
PPO,65,mid,366,1366,0.09000000000000001,1.0,1.0,0.7432671785354614,-0.005986421601846814
PPO,65,mid,367,1367,0.09000000000000001,1.0,1.0,0.1645793616771698,-0.007948147132992744
PPO,65,mid,368,1368,0.09000000000000001,1.0,1.0,0.33839648962020874,-0.010428783716633916
PPO,65,mid,369,1369,0.09000000000000001,1.0,1.0,0.07457591593265533,-0.012449910398572683
PPO,65,mid,370,1370,0.09000000000000001,1.0,1.0,0.578076183795929,-0.014283468713983893
PPO,65,mid,371,1371,0.09000000000000001,1.0,1.0,1.498693585395813,-0.015692592365667224
PPO,65,mid,372,1372,0.153478102684021,2.0,2.0,0.7052262425422668,-0.13733299006707966
PPO,65,mid,373,1373,-0.051342555284500116,4.0,2.0,0.42544621229171753,-0.04610159760341048
PPO,65,mid,374,1374,-0.11570388317108153,9.0,5.0,1.1408751010894775,-0.08777527371421456
PPO,65,mid,375,1375,-0.6742610931396485,10.0,3.0,0.4696410596370697,0.08590674214065075
PPO,65,mid,376,1376,0.09000000000000001,1.0,1.0,0.5380401611328125,-0.015011550160124898
PPO,65,mid,377,1377,-0.08620855808258056,5.0,2.0,0.7221526503562927,-0.044590777484700084
PPO,65,mid,378,1378,0.045391695499420175,2.0,2.0,0.902090847492218,-0.12356719933450222
PPO,65,mid,379,1379,0.09000000000000001,1.0,1.0,0.8073471784591675,-0.009490007301792502
PPO,65,mid,380,1380,0.09000000000000001,1.0,1.0,0.41300520300865173,-0.008116470649838448
PPO,65,mid,381,1381,0.09000000000000001,1.0,1.0,0.717636227607727,-0.00861629075370729
PPO,65,mid,382,1382,0.09000000000000001,1.0,1.0,0.7688049674034119,-0.011086767306551337
PPO,65,mid,383,1383,-0.11214546680450439,2.0,2.0,0.7556232810020447,-0.06968238344416022
PPO,65,mid,384,1384,0.09000000000000001,1.0,1.0,0.9338727593421936,-0.007076771464198828
PPO,65,mid,385,1385,0.09000000000000001,1.0,1.0,0.7008703351020813,-0.005608307081274688
PPO,65,mid,386,1386,0.09000000000000001,1.0,1.0,0.8850260376930237,-0.003590484557207674
PPO,65,mid,387,1387,0.09000000000000001,1.0,1.0,0.8437305092811584,-0.004512070445343852
PPO,65,mid,388,1388,0.09000000000000001,1.0,1.0,1.0166523456573486,-0.004806657554581761
PPO,65,mid,389,1389,0.09000000000000001,1.0,1.0,0.9073545336723328,-0.0031100325868465006
PPO,65,mid,390,1390,0.09000000000000001,1.0,1.0,0.2994575500488281,-0.0028113819425925612
PPO,65,mid,391,1391,0.07463787674903871,2.0,2.0,0.3140994608402252,-0.07074315997306257
PPO,65,mid,392,1392,0.09000000000000001,1.0,1.0,0.906290590763092,-0.003994585887994617
PPO,65,mid,393,1393,0.09000000000000001,1.0,1.0,0.677084743976593,-0.003316922578960657
PPO,65,mid,394,1394,0.09000000000000001,1.0,1.0,0.14837093651294708,-0.0010217237286269665
PPO,65,mid,395,1395,0.09000000000000001,1.0,1.0,0.6371588110923767,-0.001309746119659394
PPO,65,mid,396,1396,0.09000000000000001,1.0,1.0,0.2650316059589386,-0.0011371027503628284
PPO,65,mid,397,1397,0.09000000000000001,1.0,1.0,0.5550747513771057,-0.002580082626082003
PPO,65,mid,398,1398,0.09000000000000001,1.0,1.0,0.8047275543212891,-0.001981963578145951
PPO,65,mid,399,1399,0.09000000000000001,1.0,1.0,0.47443440556526184,-0.0011335026647429913
PPO,65,mid,400,1400,0.09000000000000001,1.0,1.0,0.799163281917572,-0.0037921915063634515
PPO,65,mid,401,1401,0.09000000000000001,1.0,1.0,0.33872267603874207,-0.0029165688320063055
PPO,65,mid,402,1402,0.09000000000000001,1.0,1.0,0.9315633177757263,-0.0033716721227392554
PPO,65,mid,403,1403,0.09000000000000001,1.0,1.0,0.23565272986888885,-0.002486636454705149
PPO,65,mid,404,1404,-0.05634821772575378,2.0,2.0,0.5523012280464172,-0.0555345342727378
PPO,65,mid,405,1405,0.09000000000000001,1.0,1.0,1.130251169204712,-0.0023462630342692137
PPO,65,mid,406,1406,0.09000000000000001,1.0,1.0,0.23573143780231476,-0.0007259185804286972
PPO,65,mid,407,1407,0.09000000000000001,1.0,1.0,0.5550889372825623,-0.002748319529928267
PPO,65,mid,408,1408,0.09000000000000001,1.0,1.0,0.8609933853149414,-0.0021049330825917423
PPO,65,mid,409,1409,0.09000000000000001,1.0,1.0,1.272847056388855,-0.0011069248721469194
PPO,65,mid,410,1410,0.09000000000000001,1.0,1.0,0.19130626320838928,-0.0009684974938863888
PPO,65,mid,411,1411,0.09000000000000001,1.0,1.0,0.23007000982761383,-0.00043159448250662535
PPO,65,mid,412,1412,0.09000000000000001,1.0,1.0,0.7931100130081177,-0.0008926364680519328
PPO,65,mid,413,1413,0.09000000000000001,1.0,1.0,0.5214636921882629,-0.0015883192827459425
PPO,65,mid,414,1414,0.09000000000000001,1.0,1.0,0.18473897874355316,-0.0008577261032769457
PPO,65,mid,415,1415,0.09000000000000001,1.0,1.0,0.8226123452186584,-0.0015703212120570242
PPO,65,mid,416,1416,0.09000000000000001,1.0,1.0,0.8620976805686951,-0.002747235295828432
PPO,65,mid,417,1417,0.09000000000000001,1.0,1.0,0.629494845867157,-0.0015029815258458257
PPO,65,mid,418,1418,0.09000000000000001,1.0,1.0,0.8632383942604065,-0.0023816688335500658
PPO,65,mid,419,1419,0.09000000000000001,1.0,1.0,0.14156000316143036,-0.000829081196570769
PPO,65,mid,420,1420,0.09000000000000001,1.0,1.0,0.5109842419624329,-0.0025284235598519444
PPO,65,mid,421,1421,0.09000000000000001,1.0,1.0,1.1205114126205444,-0.0021391710615716875
PPO,65,mid,422,1422,0.09000000000000001,1.0,1.0,0.5381966829299927,-0.0014233565307222307
PPO,65,mid,423,1423,0.09000000000000001,1.0,1.0,0.25740471482276917,-0.0016826867940835655
PPO,65,mid,424,1424,0.09000000000000001,1.0,1.0,0.9702743291854858,-0.003938044130336493
PPO,65,mid,425,1425,0.09000000000000001,1.0,1.0,1.0788124799728394,-0.004736090544611216
PPO,65,mid,426,1426,0.09000000000000001,1.0,1.0,0.12253373116254807,-0.002379987679887563
PPO,65,mid,427,1427,0.09000000000000001,1.0,1.0,0.5675112009048462,-0.0057668694062158465
PPO,65,mid,428,1428,0.09000000000000001,1.0,1.0,0.4157814383506775,-0.00537281553260982
PPO,65,mid,429,1429,0.09000000000000001,1.0,1.0,0.6811867952346802,-0.00596856523770839
PPO,65,mid,430,1430,0.09000000000000001,1.0,1.0,0.07377994060516357,-0.00608188787009567
PPO,65,mid,431,1431,0.06878395557403566,2.0,2.0,1.4063775539398193,-0.07637810974847525
PPO,65,mid,432,1432,0.09000000000000001,1.0,1.0,0.47833630442619324,-0.00421042152447626
PPO,65,mid,433,1433,0.09000000000000001,1.0,1.0,0.8770135641098022,-0.0016439488099422306
PPO,65,mid,434,1434,0.09000000000000001,1.0,1.0,0.5506384968757629,-0.0018578517774585634
PPO,65,mid,435,1435,0.09000000000000001,1.0,1.0,1.0446243286132812,-0.0020734804566018283
PPO,65,mid,436,1436,0.09000000000000001,1.0,1.0,0.7088523507118225,-0.0008005129493540153
PPO,65,mid,437,1437,0.09000000000000001,1.0,1.0,0.44838395714759827,-0.001190815557492897
PPO,65,mid,438,1438,0.09000000000000001,1.0,1.0,0.42362329363822937,-0.0016290888597723097
PPO,65,mid,439,1439,0.09000000000000001,1.0,1.0,0.7976958155632019,-0.004925938090309501
PPO,65,mid,440,1440,0.09000000000000001,1.0,1.0,0.020941955968737602,-0.0008642828615847975
PPO,65,mid,441,1441,0.09000000000000001,1.0,1.0,0.17671890556812286,-0.0034615439362823963
PPO,65,mid,442,1442,0.09000000000000001,1.0,1.0,0.8344174027442932,-0.009787848219275475
PPO,65,mid,443,1443,0.09000000000000001,1.0,1.0,0.6186829805374146,-0.008745093480683863
PPO,65,mid,444,1444,0.09000000000000001,1.0,1.0,0.20463906228542328,-0.012880824971944094
PPO,65,mid,445,1445,0.09000000000000001,1.0,1.0,0.7397348284721375,-0.014360546367242932
PPO,65,mid,446,1446,0.005963066816329965,4.0,3.0,0.4389524757862091,-0.08238637167960405
PPO,65,mid,447,1447,0.0091624426841736,2.0,2.0,0.969739556312561,-0.1436891765333712
PPO,65,mid,448,1448,0.09000000000000001,1.0,1.0,0.3312670588493347,-0.012303216382861137
PPO,65,mid,449,1449,0.09000000000000001,1.0,1.0,0.9403625130653381,-0.011862212559208274
PPO,65,mid,450,1450,0.09000000000000001,1.0,1.0,0.32606813311576843,-0.01050490839406848
PPO,65,mid,451,1451,0.09000000000000001,1.0,1.0,0.6971307396888733,-0.011953116860240698
PPO,65,mid,452,1452,0.09000000000000001,1.0,1.0,0.38688406348228455,-0.01098914840258658
PPO,65,mid,453,1453,0.09000000000000001,1.0,1.0,0.37557452917099,-0.012171157635748386
PPO,65,mid,454,1454,-0.21710304975509642,6.0,3.0,0.8040364384651184,-0.052999306935817
PPO,65,mid,455,1455,-0.10126499652862549,2.0,2.0,0.5326752066612244,-0.11403602501377463
PPO,65,mid,456,1456,0.09000000000000001,1.0,1.0,0.23813581466674805,-0.008723263046704233
PPO,65,mid,457,1457,0.09000000000000001,1.0,1.0,0.33775779604911804,-0.005730609176680446
PPO,65,mid,458,1458,0.09000000000000001,1.0,1.0,0.9418134689331055,-0.006524481577798724
PPO,65,mid,459,1459,0.09000000000000001,1.0,1.0,0.27961358428001404,-0.004548405413515866
PPO,65,mid,460,1460,0.09000000000000001,1.0,1.0,0.19863827526569366,-0.004784740274772048
PPO,65,mid,461,1461,0.09000000000000001,1.0,1.0,0.2447892427444458,-0.005663344636559486
PPO,65,mid,462,1462,0.09000000000000001,1.0,1.0,0.6409341096878052,-0.005353457876481116
PPO,65,mid,463,1463,0.023323925137519852,2.0,2.0,0.1872532069683075,-0.07206089346436784
PPO,65,mid,464,1464,0.09000000000000001,1.0,1.0,0.5548833608627319,-0.005924698896706104
PPO,65,mid,465,1465,0.09000000000000001,1.0,1.0,0.6327094435691833,-0.0022292970097623765
PPO,65,mid,466,1466,0.09000000000000001,1.0,1.0,0.12291211634874344,-0.0021765795536339283
PPO,65,mid,467,1467,0.09000000000000001,1.0,1.0,0.9931124448776245,-0.0018762359977699816
PPO,65,mid,468,1468,0.09000000000000001,1.0,1.0,0.16999424993991852,-0.00221055222209543
PPO,65,mid,469,1469,0.09000000000000001,1.0,1.0,1.0605252981185913,-0.0020230283262208104
PPO,65,mid,470,1470,0.09000000000000001,1.0,1.0,0.6621548533439636,-0.0053398123709484935
PPO,65,mid,471,1471,0.09000000000000001,1.0,1.0,0.49398183822631836,-0.0026891790912486613
PPO,65,mid,472,1472,0.09000000000000001,1.0,1.0,0.7065962553024292,-0.0034303260035812855
PPO,65,mid,473,1473,0.09000000000000001,1.0,1.0,1.0649266242980957,-0.0035218842094764113
PPO,65,mid,474,1474,0.09000000000000001,1.0,1.0,0.8810418844223022,-0.005555126816034317
PPO,65,mid,475,1475,0.09000000000000001,1.0,1.0,0.6278769373893738,-0.006696867640130222
PPO,65,mid,476,1476,0.09000000000000001,1.0,1.0,0.1954263597726822,-0.0033656387822702527
PPO,65,mid,477,1477,0.09000000000000001,1.0,1.0,0.9763022661209106,-0.007490949355997145
PPO,65,mid,478,1478,0.09000000000000001,1.0,1.0,0.2690381109714508,-0.006453722598962486
PPO,65,mid,479,1479,-0.06535646319389342,5.0,4.0,0.363628625869751,-0.04066739871632308
PPO,65,mid,480,1480,-0.09815005779266357,2.0,2.0,0.4645189940929413,-0.07595577544998378
PPO,65,mid,481,1481,0.09000000000000001,1.0,1.0,0.10260779410600662,-0.0010165962303290144
PPO,65,mid,482,1482,0.09000000000000001,1.0,1.0,0.38526463508605957,-0.00521652668248862
PPO,65,mid,483,1483,0.09000000000000001,1.0,1.0,1.1002484560012817,-0.0032447248813696206
PPO,65,mid,484,1484,0.09000000000000001,1.0,1.0,0.9476074576377869,-0.0011824542307294905
PPO,65,mid,485,1485,0.09000000000000001,1.0,1.0,0.5878083109855652,-0.0017563316214364022
PPO,65,mid,486,1486,0.09000000000000001,1.0,1.0,0.23270252346992493,-0.0007963753014337271
PPO,65,mid,487,1487,0.09000000000000001,1.0,1.0,0.13947604596614838,-0.0008641475869808346
PPO,65,mid,488,1488,0.09000000000000001,1.0,1.0,0.6612140536308289,-0.0009252707241103053
PPO,65,mid,489,1489,0.09000000000000001,1.0,1.0,0.4443276524543762,-0.0017796233878470957
PPO,65,mid,490,1490,0.09000000000000001,1.0,1.0,0.39643749594688416,-0.0026952066109515727
PPO,65,mid,491,1491,0.09000000000000001,1.0,1.0,0.27159327268600464,-0.0009736533975228667
PPO,65,mid,492,1492,0.09000000000000001,1.0,1.0,0.8702717423439026,-0.0033672990975901484
PPO,65,mid,493,1493,0.09000000000000001,1.0,1.0,0.9535742402076721,-0.003130791650619358
PPO,65,mid,494,1494,0.09000000000000001,1.0,1.0,0.8907013535499573,-0.0009946990467142314
PPO,65,mid,495,1495,0.09000000000000001,1.0,1.0,0.304095059633255,-0.0012458615528885275
PPO,65,mid,496,1496,0.09000000000000001,1.0,1.0,0.8995627760887146,-0.0019379042787477374
PPO,65,mid,497,1497,0.09000000000000001,1.0,1.0,1.0822526216506958,-0.003487445879727602
PPO,65,mid,498,1498,0.09000000000000001,1.0,1.0,1.0065724849700928,-0.003798362973611802
PPO,65,mid,499,1499,0.09000000000000001,1.0,1.0,0.6433097720146179,-0.002782006631605327
PPO,65,mid,500,1500,0.09000000000000001,1.0,1.0,0.8584954142570496,-0.004107983550056815
PPO,65,mid,501,1501,0.09000000000000001,1.0,1.0,0.39236587285995483,-0.0026720621390268207
PPO,65,mid,502,1502,0.09000000000000001,1.0,1.0,0.30905261635780334,-0.002311356656718999
PPO,65,mid,503,1503,0.09000000000000001,1.0,1.0,0.4992770850658417,-0.003606607613619417
PPO,65,mid,504,1504,0.09000000000000001,1.0,1.0,0.7341485023498535,-0.003003667574375868
PPO,65,mid,505,1505,0.09000000000000001,1.0,1.0,1.0303614139556885,-0.007061585201881826
PPO,65,mid,506,1506,0.09000000000000001,1.0,1.0,0.4947126805782318,-0.005266494466923177
PPO,65,mid,507,1507,0.09000000000000001,1.0,1.0,0.11145041882991791,-0.004567919997498393
PPO,65,mid,508,1508,0.09000000000000001,1.0,1.0,0.5608348250389099,-0.00738689920399338
PPO,65,mid,509,1509,0.22194011688232423,2.0,2.0,0.6972647309303284,-0.09199001337401569
PPO,65,mid,510,1510,0.03567786693572999,2.0,2.0,0.8177381753921509,-0.01025199971627444
PPO,65,mid,511,1511,0.23324050188064577,2.0,2.0,0.7630828022956848,-0.07914108829572797
PPO,65,mid,512,1512,-0.06687076210975647,2.0,2.0,0.6084694862365723,0.045732051716186106
PPO,65,mid,513,1513,0.0366747546195984,2.0,2.0,0.671681821346283,-0.07869768398813903
PPO,65,mid,514,1514,0.09000000000000001,1.0,1.0,0.4955706000328064,-0.01002232008613646
PPO,65,mid,515,1515,0.09000000000000001,1.0,1.0,1.2000893354415894,-0.008588970871642232
PPO,65,mid,516,1516,0.09000000000000001,1.0,1.0,0.8229848742485046,-0.008671555202454329
PPO,65,mid,517,1517,0.09000000000000001,1.0,1.0,0.8301432728767395,-0.008052965626120567
PPO,65,mid,518,1518,0.09000000000000001,1.0,1.0,0.3026439845561981,-0.00868139835074544
PPO,65,mid,519,1519,0.09000000000000001,1.0,1.0,0.9153477549552917,-0.008846669923514128
PPO,65,mid,520,1520,0.09000000000000001,1.0,1.0,0.7742571234703064,-0.006694094045087695
PPO,65,mid,521,1521,-0.007351500988006576,2.0,2.0,0.3421213924884796,-0.040790866827592254
PPO,65,mid,522,1522,0.09000000000000001,1.0,1.0,0.7016865015029907,-0.008439799305051565
PPO,65,mid,523,1523,0.09000000000000001,1.0,1.0,0.46244192123413086,-0.006901188753545284
PPO,65,mid,524,1524,-0.09413127183914184,3.0,2.0,0.577546238899231,-0.03995335416402668
PPO,65,mid,525,1525,0.09000000000000001,1.0,1.0,0.8540496230125427,-0.0035981349647045135
PPO,65,mid,526,1526,0.12782855510711671,2.0,2.0,0.955632209777832,-0.029221042874269187
PPO,65,mid,527,1527,0.09000000000000001,1.0,1.0,1.2363265752792358,-0.006132779992185533
PPO,65,mid,528,1528,-0.010695850551128372,2.0,2.0,0.2034170776605606,-0.007144586357753724
PPO,65,mid,529,1529,0.09000000000000001,1.0,1.0,0.4003780484199524,-0.005059891729615629
PPO,65,mid,530,1530,0.09000000000000001,1.0,1.0,1.0022666454315186,-0.007799525978043675
PPO,65,mid,531,1531,0.18037931799888612,2.0,2.0,0.3397933542728424,-0.06282242020824924
PPO,65,mid,532,1532,0.16681511878967287,2.0,2.0,0.8250629305839539,-0.08804612408857793
PPO,65,mid,533,1533,0.09000000000000001,1.0,1.0,0.8010958433151245,-0.008822671370580792
PPO,65,mid,534,1534,0.03630759000778199,2.0,2.0,0.4589507579803467,-0.004804603988304734
PPO,65,mid,535,1535,0.09000000000000001,1.0,1.0,0.21106410026550293,-0.009919107425957918
PPO,65,mid,536,1536,0.09000000000000001,1.0,1.0,0.5977343916893005,-0.012020851718261838
PPO,65,mid,537,1537,0.09000000000000001,1.0,1.0,0.8691231608390808,-0.010087579255923629
PPO,65,mid,538,1538,0.09000000000000001,1.0,1.0,1.0018653869628906,-0.01278317510150373
PPO,65,mid,539,1539,-0.01917855262756346,2.0,2.0,1.1065490245819092,-0.045521333580836654
PPO,65,mid,540,1540,0.09000000000000001,1.0,1.0,0.24520055949687958,-0.01004625647328794
PPO,65,mid,541,1541,-0.21665313363075256,7.0,4.0,0.4890137314796448,-0.03855294338427484
PPO,65,mid,542,1542,0.09000000000000001,1.0,1.0,1.2856065034866333,-0.006640238221734762
PPO,65,mid,543,1543,0.01777289986610414,2.0,2.0,0.5050693154335022,-0.08023836347274482
PPO,65,mid,544,1544,0.09000000000000001,1.0,1.0,0.20008541643619537,-0.003216029959730804
PPO,65,mid,545,1545,0.09000000000000001,1.0,1.0,0.3698602020740509,-0.004980451078154147
PPO,65,mid,546,1546,0.09000000000000001,1.0,1.0,0.9661337733268738,-0.003262643003836274
PPO,65,mid,547,1547,0.09000000000000001,1.0,1.0,0.9319362044334412,-0.0040702997939661145
PPO,65,mid,548,1548,0.09000000000000001,1.0,1.0,1.0943152904510498,-0.004541199770756066
PPO,65,mid,549,1549,0.09000000000000001,1.0,1.0,0.6436918377876282,-0.0030726506374776363
PPO,65,mid,550,1550,0.09000000000000001,1.0,1.0,1.095638632774353,-0.0026148709002882242
PPO,65,mid,551,1551,0.09000000000000001,1.0,1.0,0.21300199627876282,-0.0029932678444311023
PPO,65,mid,552,1552,0.09000000000000001,1.0,1.0,1.16635000705719,-0.006583269918337464
PPO,65,mid,553,1553,0.12220783710479738,2.0,2.0,0.49998998641967773,-0.07159642199985683
PPO,65,mid,554,1554,0.09000000000000001,1.0,1.0,0.4918539226055145,-0.004272946214769036
PPO,65,mid,555,1555,0.09000000000000001,1.0,1.0,0.1037343293428421,-0.006024240399710834
PPO,65,mid,556,1556,0.09000000000000001,1.0,1.0,0.12436903268098831,-0.005050944979302585
PPO,65,mid,557,1557,0.09000000000000001,1.0,1.0,1.130609393119812,-0.007739091524854302
PPO,65,mid,558,1558,-0.05374322414398193,3.0,2.0,0.3587360680103302,-0.015795977786183357
PPO,65,mid,559,1559,0.09000000000000001,1.0,1.0,0.7025098204612732,-0.007212598924525082
PPO,65,mid,560,1560,0.03146346092224122,2.0,2.0,0.18954874575138092,-0.06316026393324137
PPO,65,mid,561,1561,0.09000000000000001,1.0,1.0,0.04504189267754555,-0.003981017041951418
PPO,65,mid,562,1562,0.09000000000000001,1.0,1.0,0.1431039720773697,-0.0036512601072899997
PPO,65,mid,563,1563,0.09000000000000001,1.0,1.0,0.6940546035766602,-0.0033172363182529807
PPO,65,mid,564,1564,0.09000000000000001,1.0,1.0,0.7775167226791382,-0.004947392619214952
PPO,65,mid,565,1565,0.09000000000000001,1.0,1.0,0.979345977306366,-0.008367778267711401
PPO,65,mid,566,1566,0.09000000000000001,1.0,1.0,0.24417826533317566,-0.004932855139486492
PPO,65,mid,567,1567,0.09000000000000001,1.0,1.0,0.8533104658126831,-0.0048844373086467385
PPO,65,mid,568,1568,0.09000000000000001,1.0,1.0,0.8080870509147644,-0.007245616987347603
PPO,65,mid,569,1569,0.25788618803024294,2.0,2.0,0.8132895231246948,-0.044407706474885345
PPO,65,mid,570,1570,0.09000000000000001,1.0,1.0,0.9084160923957825,-0.008894593920558691
PPO,65,mid,571,1571,0.09000000000000001,1.0,1.0,0.28023654222488403,-0.007727901334874332
PPO,65,mid,572,1572,0.09000000000000001,1.0,1.0,0.20751801133155823,-0.005173551733605564
PPO,65,mid,573,1573,0.09000000000000001,1.0,1.0,0.9448915123939514,-0.0111920025665313
PPO,65,mid,574,1574,0.08246132910251619,2.0,2.0,0.14020133018493652,-0.023834234452806413
PPO,65,mid,575,1575,0.09000000000000001,1.0,1.0,0.2720237076282501,-0.008216952672228217
PPO,65,mid,576,1576,0.09000000000000001,1.0,1.0,0.32449957728385925,-0.006099575548432767
PPO,65,mid,577,1577,0.09000000000000001,1.0,1.0,0.8259943127632141,-0.009240800514817238
PPO,65,mid,578,1578,0.09000000000000001,1.0,1.0,0.13154612481594086,-0.004599962616339326
PPO,65,mid,579,1579,0.09000000000000001,1.0,1.0,0.2807394564151764,-0.006398935453034937
PPO,65,mid,580,1580,0.09000000000000001,1.0,1.0,0.9151095747947693,-0.007944406941533089
PPO,65,mid,581,1581,0.09000000000000001,1.0,1.0,0.6695064902305603,-0.005209338269196451
PPO,65,mid,582,1582,-0.05881276547908783,2.0,2.0,0.29400166869163513,-0.02823051903396845
PPO,65,mid,583,1583,0.09000000000000001,1.0,1.0,1.1413278579711914,-0.010838505579158664
PPO,65,mid,584,1584,0.09000000000000001,1.0,1.0,0.8702717423439026,-0.00976060121320188
PPO,65,mid,585,1585,0.09000000000000001,1.0,1.0,0.8754122853279114,-0.007857911754399538
PPO,65,mid,586,1586,0.09000000000000001,1.0,1.0,0.7018743753433228,-0.007226911839097738
PPO,65,mid,587,1587,0.09000000000000001,1.0,1.0,0.5030136704444885,-0.008502464508637786
PPO,65,mid,588,1588,0.09000000000000001,1.0,1.0,0.8242509961128235,-0.006431808928027749
PPO,65,mid,589,1589,0.09000000000000001,1.0,1.0,0.6764049530029297,-0.005198251339606941
PPO,65,mid,590,1590,0.09476272940635683,2.0,2.0,0.17540861666202545,-0.054120214306749403
PPO,65,mid,591,1591,0.09000000000000001,1.0,1.0,1.6136980056762695,-0.009705884382128716
PPO,65,mid,592,1592,0.09000000000000001,1.0,1.0,0.5271807312965393,-0.008686118992045522
PPO,65,mid,593,1593,0.09000000000000001,1.0,1.0,0.5081801414489746,-0.012459977297112346
PPO,65,mid,594,1594,0.09000000000000001,1.0,1.0,0.2384537309408188,-0.011577864177525043
PPO,65,mid,595,1595,0.14541043758392336,3.0,2.0,0.9365423917770386,-0.02083076210692525
PPO,65,mid,596,1596,0.09000000000000001,1.0,1.0,0.9679584503173828,-0.011829558061435819
PPO,65,mid,597,1597,-0.06456799626350403,2.0,2.0,0.5894656777381897,-0.031121393316425383
PPO,65,mid,598,1598,0.09000000000000001,1.0,1.0,0.7131824493408203,-0.013164631789550185
PPO,65,mid,599,1599,0.23048444271087648,2.0,2.0,0.7504218220710754,-0.04557362955529243
PPO,65,mid,600,1600,0.09000000000000001,1.0,1.0,0.8039318919181824,-0.01300641498528421
PPO,65,mid,601,1601,0.08555562973022462,2.0,2.0,0.39821019768714905,-0.03175303223542869
PPO,65,mid,602,1602,0.09000000000000001,1.0,1.0,0.6637348532676697,-0.011754072969779372
PPO,65,mid,603,1603,0.09000000000000001,1.0,1.0,0.49767374992370605,-0.014259706949815154
PPO,65,mid,604,1604,0.09000000000000001,1.0,1.0,0.8138960003852844,-0.011399714043363929
PPO,65,mid,605,1605,0.09000000000000001,1.0,1.0,0.13418418169021606,-0.01103393780067563
PPO,65,mid,606,1606,0.09000000000000001,1.0,1.0,0.6054659485816956,-0.012302191462367773
PPO,65,mid,607,1607,0.09000000000000001,1.0,1.0,0.10104712098836899,-0.01095107407309115
PPO,65,mid,608,1608,-0.032238700389862054,4.0,2.0,0.7182058095932007,-0.04305703705176711
PPO,65,mid,609,1609,0.12507121443748476,2.0,2.0,0.3739893138408661,-0.04722673655487597
PPO,65,mid,610,1610,0.09000000000000001,1.0,1.0,0.3604564070701599,-0.012490281136706471
PPO,65,mid,611,1611,0.09000000000000001,1.0,1.0,0.46005937457084656,-0.012338600819930434
PPO,65,mid,612,1612,0.09467561960220337,3.0,2.0,0.8892707824707031,-0.06768286740407348
PPO,65,mid,613,1613,0.09000000000000001,1.0,1.0,0.3815860450267792,-0.012534670066088438
PPO,65,mid,614,1614,0.09000000000000001,1.0,1.0,0.31337133049964905,-0.01204284350387752
PPO,65,mid,615,1615,0.002181340456008915,3.0,2.0,0.23544146120548248,-0.039260594989173114
PPO,65,mid,616,1616,0.09000000000000001,1.0,1.0,0.9156128764152527,-0.009801689069718122
PPO,65,mid,617,1617,0.1290255355834961,2.0,2.0,0.5523048043251038,-0.015307881869375706
PPO,65,mid,618,1618,0.017511744499206547,3.0,2.0,0.3882268965244293,-0.008606727700680494
PPO,65,mid,619,1619,0.09000000000000001,1.0,1.0,0.24896185100078583,-0.008644832763820887
PPO,65,mid,620,1620,0.09000000000000001,1.0,1.0,0.2941143810749054,-0.007368522579781711
PPO,65,mid,621,1621,0.09190185546875002,2.0,2.0,0.4385981559753418,-0.041591548128053546
PPO,65,mid,622,1622,0.12070605337619783,2.0,2.0,0.20290865004062653,-0.09030269575305283
PPO,65,mid,623,1623,0.26801313877105715,3.0,2.0,0.7065662741661072,-0.018192623741924763
PPO,65,mid,624,1624,0.09000000000000001,1.0,1.0,0.2748450040817261,-0.011568555608391762
PPO,65,mid,625,1625,-0.15891265392303466,7.0,4.0,0.9678936004638672,-0.012984300265088677
PPO,65,mid,626,1626,-0.10095713138580321,5.0,2.0,0.5773546099662781,-0.019993931520730257
PPO,65,mid,627,1627,0.13101513862609865,2.0,2.0,0.7069490551948547,0.0113594401627779
PPO,65,mid,628,1628,0.09000000000000001,1.0,1.0,0.668643057346344,-0.009604123188182712
PPO,65,mid,629,1629,0.21186517596244814,3.0,2.0,0.3579322397708893,-0.014034595107659698
PPO,65,mid,630,1630,0.09000000000000001,1.0,1.0,0.21455863118171692,-0.00737874791957438
PPO,65,mid,631,1631,-0.07964295983314514,4.0,2.0,0.43412095308303833,-0.01342847419437021
PPO,65,mid,632,1632,0.27783539056777956,4.0,2.0,0.5488188862800598,-0.009820647537708282
PPO,65,mid,633,1633,0.09000000000000001,1.0,1.0,0.8506393432617188,-0.008135134819895029
PPO,65,mid,634,1634,0.09610654830932619,3.0,2.0,0.5809494853019714,-0.06273929169401526
PPO,65,mid,635,1635,0.06186060786247254,2.0,2.0,0.1471141129732132,-0.11790962563827634
PPO,65,mid,636,1636,0.09000000000000001,1.0,1.0,0.9203913807868958,-0.008362725144252181
PPO,65,mid,637,1637,0.1373670268058777,2.0,2.0,0.7863332629203796,-0.016688033123500645
PPO,65,mid,638,1638,0.09000000000000001,1.0,1.0,0.8122349381446838,-0.009883693652227521
PPO,65,mid,639,1639,0.09000000000000001,1.0,1.0,0.39320817589759827,-0.008939185878261924
PPO,65,mid,640,1640,0.09000000000000001,1.0,1.0,0.24333547055721283,-0.008155454881489277
PPO,65,mid,641,1641,0.09000000000000001,1.0,1.0,0.09173046797513962,-0.006978876539506018
PPO,65,mid,642,1642,0.09000000000000001,1.0,1.0,1.0603057146072388,-0.011939003132283688
PPO,65,mid,643,1643,-0.005740149021148666,2.0,2.0,0.6883174777030945,-0.06143183505628258
PPO,65,mid,644,1644,0.22436435699462892,2.0,2.0,1.0406033992767334,-0.004697916680015624
PPO,65,mid,645,1645,0.09000000000000001,1.0,1.0,1.055899977684021,-0.009336683433502913
PPO,65,mid,646,1646,0.12799487233161927,3.0,3.0,0.45065388083457947,-0.05813975934870541
PPO,65,mid,647,1647,0.09000000000000001,1.0,1.0,0.1397714465856552,-0.00669799093157053
PPO,65,mid,648,1648,0.11366681933403017,2.0,2.0,0.47323790192604065,-0.06528557953424752
PPO,65,mid,649,1649,-0.3403226566314697,7.0,3.0,0.48799577355384827,-0.00611869478598237
PPO,65,mid,650,1650,0.09000000000000001,1.0,1.0,0.3505226969718933,-0.009246945613995194
PPO,65,mid,651,1651,0.11961277008056642,2.0,2.0,1.0217607021331787,-0.0709540203679353
PPO,65,mid,652,1652,0.09000000000000001,1.0,1.0,0.5637442469596863,-0.006094270618632436
PPO,65,mid,653,1653,-0.02161271214485168,4.0,2.0,0.32427722215652466,-0.0169283042778261
PPO,65,mid,654,1654,-0.6049781918525696,10.0,2.0,0.5668988227844238,0.08481567353010178
PPO,65,mid,655,1655,0.09000000000000001,1.0,1.0,0.8156276345252991,-0.006376835866831243
PPO,65,mid,656,1656,-0.2109558022022247,6.0,2.0,0.3048483431339264,-0.0294378069229424
PPO,65,mid,657,1657,0.09000000000000001,1.0,1.0,1.0536596775054932,-0.004818308399990201
PPO,65,mid,658,1658,0.03496034622192384,2.0,2.0,1.1201705932617188,-0.1312284949235618
PPO,65,mid,659,1659,0.09000000000000001,1.0,1.0,0.2514544725418091,-0.006309200543910265
PPO,65,mid,660,1660,-0.060615692138671864,6.0,2.0,0.5408097505569458,-0.05213608767371625
PPO,65,mid,661,1661,0.09000000000000001,1.0,1.0,0.9678512215614319,-0.006661260966211557
PPO,65,mid,662,1662,0.09000000000000001,1.0,1.0,0.7022767066955566,-0.002883543085772544
PPO,65,mid,663,1663,0.09000000000000001,1.0,1.0,0.8783467411994934,-0.006356275058351457
PPO,65,mid,664,1664,0.07034613370895387,2.0,2.0,0.795775294303894,-0.07306975167011842
PPO,65,mid,665,1665,0.09000000000000001,1.0,1.0,0.4689095616340637,-0.0004161059623584151
PPO,65,mid,666,1666,0.09000000000000001,1.0,1.0,0.6220306158065796,-0.0006995713338255882
PPO,65,mid,667,1667,0.09000000000000001,1.0,1.0,0.7183058857917786,0.0003435472317505628
PPO,65,mid,668,1668,0.09000000000000001,1.0,1.0,1.0412825345993042,-0.0010755812982097268
PPO,65,mid,669,1669,0.09000000000000001,1.0,1.0,0.9857767224311829,5.4182390158530325e-05
PPO,65,mid,670,1670,0.1848380732536316,2.0,2.0,0.8693380355834961,-0.05888535067788325
PPO,65,mid,671,1671,0.09000000000000001,1.0,1.0,0.661920428276062,-0.0012157669989392161
PPO,65,mid,672,1672,0.09000000000000001,1.0,1.0,0.6815004944801331,-0.002832976868376136
PPO,65,mid,673,1673,0.09000000000000001,1.0,1.0,0.6429997682571411,-0.0010357069259043783
PPO,65,mid,674,1674,-0.021979136466979965,2.0,2.0,1.516473650932312,-0.035850492073222995
PPO,65,mid,675,1675,0.09000000000000001,1.0,1.0,1.0287907123565674,-0.0013911885616835207
PPO,65,mid,676,1676,0.09000000000000001,1.0,1.0,0.08697342872619629,-0.0003034759356523864
PPO,65,mid,677,1677,0.09000000000000001,1.0,1.0,0.6912783980369568,-0.0012638598855119199
PPO,65,mid,678,1678,0.09000000000000001,1.0,1.0,0.2652214467525482,-0.00025723180442582816
PPO,65,mid,679,1679,0.09000000000000001,1.0,1.0,0.46747487783432007,-0.0013807457289658487
PPO,65,mid,680,1680,0.09000000000000001,1.0,1.0,0.9550728797912598,-0.00034081583726219833
PPO,65,mid,681,1681,0.09000000000000001,1.0,1.0,0.16718192398548126,-0.00024932502856245264
PPO,65,mid,682,1682,0.09000000000000001,1.0,1.0,0.5563481450080872,-0.0007070442225085571
PPO,65,mid,683,1683,0.09000000000000001,1.0,1.0,0.4309924244880676,-0.000804886978585273
PPO,65,mid,684,1684,0.09000000000000001,1.0,1.0,0.941523551940918,-0.002782899944577366
PPO,65,mid,685,1685,0.09000000000000001,1.0,1.0,0.94598388671875,-0.00182446523103863
PPO,65,mid,686,1686,0.09000000000000001,1.0,1.0,0.8427246809005737,-0.0010235224617645144
PPO,65,mid,687,1687,0.09000000000000001,1.0,1.0,0.24151019752025604,-0.0005475555080920458
PPO,65,mid,688,1688,0.09000000000000001,1.0,1.0,0.39731889963150024,-0.000642201499431394
PPO,65,mid,689,1689,0.09000000000000001,1.0,1.0,1.0010035037994385,-0.0018715759797487408
PPO,65,mid,690,1690,0.09000000000000001,1.0,1.0,0.8397005796432495,-0.0015909522189758718
PPO,65,mid,691,1691,0.09000000000000001,1.0,1.0,0.7882962226867676,-0.00348440621746704
PPO,65,mid,692,1692,0.09000000000000001,1.0,1.0,0.3202548325061798,-0.0007103914540493861
PPO,65,mid,693,1693,0.09000000000000001,1.0,1.0,0.8440153002738953,-0.0006095653225202113
PPO,65,mid,694,1694,0.09000000000000001,1.0,1.0,0.5717801451683044,-0.001021096424665302
PPO,65,mid,695,1695,0.09000000000000001,1.0,1.0,0.3752439618110657,-0.001084493356756866
PPO,65,mid,696,1696,0.09000000000000001,1.0,1.0,0.8359267115592957,-0.0012985978682991117
PPO,65,mid,697,1697,0.09000000000000001,1.0,1.0,0.820476233959198,-0.003714789228979498
PPO,65,mid,698,1698,0.09000000000000001,1.0,1.0,0.19648230075836182,-0.0012999673781450838
PPO,65,mid,699,1699,0.09000000000000001,1.0,1.0,0.5800511240959167,-0.0021553593687713146
PPO,65,mid,700,1700,0.09000000000000001,1.0,1.0,0.2182788997888565,-0.0032918659853748977
PPO,65,mid,701,1701,0.09000000000000001,1.0,1.0,0.1599276065826416,-0.0015560815809294581
PPO,65,mid,702,1702,0.09000000000000001,1.0,1.0,0.9743155837059021,-0.005910277599468827
PPO,65,mid,703,1703,0.09000000000000001,1.0,1.0,0.17305414378643036,-0.0008453355258097872
PPO,65,mid,704,1704,0.09000000000000001,1.0,1.0,0.6717336773872375,-0.0035065477713942528
PPO,65,mid,705,1705,0.09000000000000001,1.0,1.0,1.0213643312454224,-0.004950348753482103
PPO,65,mid,706,1706,0.09000000000000001,1.0,1.0,1.2709542512893677,-0.0019260709814261645
PPO,65,mid,707,1707,0.09000000000000001,1.0,1.0,0.5996374487876892,-0.0008997425902634859
PPO,65,mid,708,1708,0.09000000000000001,1.0,1.0,0.6443889737129211,-0.004243812640197575
PPO,65,mid,709,1709,0.09000000000000001,1.0,1.0,0.05950038880109787,-0.0006711345195071772
PPO,65,mid,710,1710,0.09000000000000001,1.0,1.0,1.0910836458206177,-0.0044418611796572804
PPO,65,mid,711,1711,0.09000000000000001,1.0,1.0,0.5148757100105286,-0.004624403081834316
PPO,65,mid,712,1712,0.024661796092987076,2.0,2.0,0.5828299522399902,-0.05780502257402986
PPO,65,mid,713,1713,0.09000000000000001,1.0,1.0,0.27487966418266296,-0.001580303447553888
PPO,65,mid,714,1714,0.09000000000000001,1.0,1.0,0.16481411457061768,-0.0023693928378634155
PPO,65,mid,715,1715,0.09000000000000001,1.0,1.0,0.8333917260169983,-0.003390272380784154
PPO,65,mid,716,1716,0.09000000000000001,1.0,1.0,0.5037680864334106,-0.002811687358189374
PPO,65,mid,717,1717,0.09000000000000001,1.0,1.0,0.3169557750225067,-0.0002365292930335272
PPO,65,mid,718,1718,0.09000000000000001,1.0,1.0,0.4209590256214142,-0.0010533957974985242
PPO,65,mid,719,1719,0.09000000000000001,1.0,1.0,0.47095543146133423,-0.00017997773466049694
PPO,65,mid,720,1720,0.09000000000000001,1.0,1.0,0.7203149795532227,-0.001944208488566801
PPO,65,mid,721,1721,0.09000000000000001,1.0,1.0,0.24346013367176056,-0.0017363357183057815
PPO,65,mid,722,1722,0.09000000000000001,1.0,1.0,0.5606408715248108,-0.0012869217607658356
PPO,65,mid,723,1723,0.09000000000000001,1.0,1.0,0.2521704137325287,-0.0008358463819604367
PPO,65,mid,724,1724,0.09000000000000001,1.0,1.0,1.1150683164596558,-0.005696263746358454
PPO,65,mid,725,1725,0.09000000000000001,1.0,1.0,0.8098602890968323,-0.005265421932563186
PPO,65,mid,726,1726,0.09000000000000001,1.0,1.0,1.0295122861862183,-0.0006892837991472334
PPO,65,mid,727,1727,0.09000000000000001,1.0,1.0,1.3819268941879272,-0.002098816097714007
PPO,65,mid,728,1728,0.09000000000000001,1.0,1.0,0.20853909850120544,-0.0021092952811159194
PPO,65,mid,729,1729,0.09000000000000001,1.0,1.0,0.9998224377632141,-0.00557798461522907
PPO,65,mid,730,1730,0.09000000000000001,1.0,1.0,0.20884333550930023,-0.001268516993150115
PPO,65,mid,731,1731,0.09000000000000001,1.0,1.0,0.9192704558372498,-0.0012911479861941189
PPO,65,mid,732,1732,0.09000000000000001,1.0,1.0,0.09841577708721161,-0.0007834467105567455
PPO,65,mid,733,1733,0.09000000000000001,1.0,1.0,0.7501689195632935,-0.0026512996410019696
PPO,65,mid,734,1734,0.2576371002197266,2.0,2.0,0.9819707870483398,-0.04424336936790496
PPO,65,mid,735,1735,0.09375639438629152,2.0,2.0,0.5830385088920593,-0.08783492003567517
PPO,65,mid,736,1736,0.08022739171981813,2.0,2.0,0.8671714067459106,0.0565524926641956
PPO,65,mid,737,1737,0.27380641222000124,3.0,2.0,0.7514694333076477,-0.018812572699971497
PPO,65,mid,738,1738,0.09000000000000001,1.0,1.0,0.31482282280921936,-0.003750697534997016
PPO,65,mid,739,1739,0.09047158479690552,3.0,2.0,0.6304118037223816,-0.05595556879416108
PPO,65,mid,740,1740,0.09000000000000001,1.0,1.0,0.8931303024291992,-0.005050767096690834
PPO,65,mid,741,1741,0.09000000000000001,1.0,1.0,0.6482604146003723,-0.006717496667988598
PPO,65,mid,742,1742,0.09000000000000001,1.0,1.0,0.5729608535766602,-0.004756852984428406
PPO,65,mid,743,1743,0.09000000000000001,1.0,1.0,0.6423491835594177,-0.001269794040126726
PPO,65,mid,744,1744,0.09000000000000001,1.0,1.0,0.922756016254425,-0.008321327855810523
PPO,65,mid,745,1745,0.09000000000000001,1.0,1.0,1.0951913595199585,-0.0062759616412222385
PPO,65,mid,746,1746,0.09000000000000001,1.0,1.0,0.3476901054382324,-0.004665912827476859
PPO,65,mid,747,1747,0.09000000000000001,1.0,1.0,0.7261088490486145,-0.0023167376057244837
PPO,65,mid,748,1748,0.09000000000000001,1.0,1.0,0.6661108136177063,-0.006349759874865413
PPO,65,mid,749,1749,0.11188467025756837,2.0,2.0,1.0200783014297485,-0.07773162215016782
PPO,65,mid,750,1750,0.06366594314575197,2.0,2.0,0.9922819137573242,0.01424624479841441
PPO,65,mid,751,1751,0.14074708700180055,2.0,2.0,0.8795613050460815,-0.04748207610100508
PPO,65,mid,752,1752,-0.16809293270111086,9.0,2.0,1.0103992223739624,0.023332954151555896
PPO,65,mid,753,1753,0.13040454864501955,2.0,2.0,1.1734150648117065,-0.024355093482881784
PPO,65,mid,754,1754,0.1654516649246216,3.0,2.0,0.45525556802749634,-0.018211497459560633
PPO,65,mid,755,1755,0.2798306512832642,2.0,2.0,0.6866529583930969,-0.02470302185975015
PPO,65,mid,756,1756,0.11342724084854128,3.0,2.0,0.8684520721435547,-0.027486784616485238
PPO,65,mid,757,1757,0.11297966718673708,2.0,2.0,0.281894713640213,-0.026716805528849363
PPO,65,mid,758,1758,0.09000000000000001,1.0,1.0,1.2103136777877808,-0.006817710469476879
PPO,65,mid,759,1759,-0.06287733078002929,6.0,2.0,0.621197521686554,-0.03314350254368037
PPO,65,mid,760,1760,0.09000000000000001,1.0,1.0,0.10271482914686203,-0.004105586383957416
PPO,65,mid,761,1761,0.24095739603042604,2.0,2.0,0.5932474732398987,-0.021265393937937915
PPO,65,mid,762,1762,0.09000000000000001,1.0,1.0,0.32774338126182556,-0.006892068311572075
PPO,65,mid,763,1763,0.10263280749320985,2.0,2.0,0.3711036145687103,-0.09108668495900929
PPO,65,mid,764,1764,0.07489588022232056,4.0,2.0,0.90921550989151,0.008456783834844828
PPO,65,mid,765,1765,0.1279799509048462,2.0,2.0,0.4054773151874542,-0.07337387243751436
PPO,65,mid,766,1766,0.09622523367404939,2.0,2.0,0.1183028370141983,-0.10942574020009488
PPO,65,mid,767,1767,-0.4269038915634155,10.0,2.0,1.4320433139801025,0.08097418025135994
PPO,65,mid,768,1768,-0.43864946365356444,10.0,2.0,0.3014003336429596,0.07766558229923248
PPO,65,mid,769,1769,-0.5232683897018433,10.0,2.0,0.7641457319259644,0.0729129035025835
PPO,65,mid,770,1770,-0.5784268856048584,10.0,2.0,0.29806023836135864,0.07288909144699574
PPO,65,mid,771,1771,-0.48314236402511596,10.0,2.0,0.6480833888053894,0.06297329533845186
PPO,65,mid,772,1772,-0.7087934494018556,10.0,2.0,0.7168853878974915,0.06924773193895817
PPO,65,mid,773,1773,-0.5700470238924027,10.0,2.0,0.1917392462491989,0.05636972468346357
PPO,65,mid,774,1774,-0.45427127480506896,10.0,2.0,0.4307708442211151,0.04684340860694647
PPO,65,mid,775,1775,-0.4489163339138031,10.0,2.0,0.4211394488811493,0.042412945069372654
PPO,65,mid,776,1776,-0.2839824521541595,9.0,2.0,0.4987035095691681,-0.01337414950830862
PPO,65,mid,777,1777,-0.5999474406242371,10.0,2.0,0.3084286153316498,0.03936397563666105
PPO,65,mid,778,1778,-0.23238813221454618,4.0,2.0,0.34125733375549316,-0.03126774972770363
PPO,65,mid,779,1779,-0.5500208616256714,10.0,2.0,0.719304084777832,0.02715660212561488
PPO,65,mid,780,1780,0.0932930898666382,3.0,2.0,0.798434853553772,-0.022190164774656296
PPO,65,mid,781,1781,-0.10348192214965819,6.0,2.0,0.9993818998336792,-0.05797122756484896
PPO,65,mid,782,1782,0.23298818826675416,4.0,3.0,0.5451433658599854,0.09419259149581194
PPO,65,mid,783,1783,0.1658874022960663,2.0,2.0,0.46249040961265564,-0.06071147136390209
PPO,65,mid,784,1784,0.016321973800659195,2.0,2.0,0.4595559239387512,-0.017437437316402793
PPO,65,mid,785,1785,0.11078496456146242,2.0,2.0,0.6371955275535583,-0.011700839037075639
PPO,65,mid,786,1786,0.09000000000000001,1.0,1.0,1.0670561790466309,0.010929045034572482
PPO,65,mid,787,1787,0.09000000000000001,1.0,1.0,1.2890450954437256,0.011627883650362492
PPO,65,mid,788,1788,-0.16340366840362547,9.0,3.0,0.5475229620933533,-0.02469905512407422
PPO,65,mid,789,1789,0.056393694877624516,5.0,3.0,1.0475236177444458,-0.06860534683801234
PPO,65,mid,790,1790,0.2123090195655823,2.0,2.0,0.5937944054603577,0.040350406896322966
PPO,65,mid,791,1791,0.09000000000000001,1.0,1.0,0.676300585269928,0.0011271799448877573
PPO,65,mid,792,1792,0.09000000000000001,1.0,1.0,0.6532963514328003,-0.002013426274061203
PPO,65,mid,793,1793,0.09000000000000001,1.0,1.0,0.5254143476486206,-0.002937179757282138
PPO,65,mid,794,1794,0.09000000000000001,1.0,1.0,1.070248007774353,-0.0035325943026691675
PPO,65,mid,795,1795,-0.5541082859039307,10.0,5.0,0.2437189817428589,0.007097622845321894
PPO,65,mid,796,1796,-0.3374645733833313,9.0,5.0,0.9442797899246216,-0.01618007686920464
PPO,65,mid,797,1797,-0.19907992124557494,9.0,4.0,0.7242146730422974,-0.0478132558055222
PPO,65,mid,798,1798,0.09295220851898195,2.0,2.0,0.6635249257087708,0.0028870797250419855
PPO,65,mid,799,1799,0.09000000000000001,1.0,1.0,0.500711977481842,-0.003883491037413478
PPO,65,mid,800,1800,0.0692137026786804,6.0,3.0,0.7336605787277222,-0.0438772514462471
PPO,65,mid,801,1801,0.06987454175949098,2.0,2.0,0.7621892094612122,-0.06063534785062075
PPO,65,mid,802,1802,-0.04091278791427612,3.0,2.0,0.597124457359314,-0.07297666138038039
PPO,65,mid,803,1803,0.0742048490047455,2.0,2.0,0.33999568223953247,-0.11502636829391122
PPO,65,mid,804,1804,0.09000000000000001,1.0,1.0,0.8114269971847534,-0.003372707637026906
PPO,65,mid,805,1805,0.09000000000000001,1.0,1.0,0.2708764374256134,-0.0029597049579024315
PPO,65,mid,806,1806,0.09000000000000001,1.0,1.0,0.19690752029418945,0.00252667348831892
PPO,65,mid,807,1807,0.09278900146484376,3.0,3.0,0.7833274602890015,-0.043864039122126997
PPO,65,mid,808,1808,0.09000000000000001,1.0,1.0,0.9397655725479126,-0.0034351240610703826
PPO,65,mid,809,1809,0.09000000000000001,1.0,1.0,0.43774375319480896,-0.001448191818781197
PPO,65,mid,810,1810,0.09000000000000001,1.0,1.0,1.1372644901275635,0.0024894410162232816
PPO,65,mid,811,1811,0.09000000000000001,1.0,1.0,0.15968002378940582,0.0025966319954022765
PPO,65,mid,812,1812,0.09000000000000001,1.0,1.0,0.08376029878854752,0.000980877666734159
PPO,65,mid,813,1813,0.03359721779823304,2.0,2.0,0.299943745136261,-0.0458277712459676
PPO,65,mid,814,1814,0.09000000000000001,1.0,1.0,0.9216080904006958,-0.0012929466320201755
PPO,65,mid,815,1815,0.09000000000000001,1.0,1.0,0.17454564571380615,0.0010333943064324558
PPO,65,mid,816,1816,0.09000000000000001,1.0,1.0,0.831534206867218,0.0007548366556875408
PPO,65,mid,817,1817,0.09000000000000001,1.0,1.0,0.993571400642395,0.0012946489150635898
PPO,65,mid,818,1818,0.09000000000000001,1.0,1.0,0.6591006517410278,-0.001471146009862423
PPO,65,mid,819,1819,0.09000000000000001,1.0,1.0,1.0846490859985352,0.0018420691194478422
PPO,65,mid,820,1820,0.09000000000000001,1.0,1.0,0.660034716129303,0.0005870495806448162
PPO,65,mid,821,1821,0.09000000000000001,1.0,1.0,0.8985964059829712,-0.004867631709203124
PPO,65,mid,822,1822,0.09000000000000001,1.0,1.0,0.720633327960968,-0.0033824684214778244
PPO,65,mid,823,1823,0.16565863966941835,2.0,2.0,0.3816661834716797,-0.07101748033892363
PPO,65,mid,824,1824,0.09000000000000001,1.0,1.0,0.6181498169898987,-0.002235806779935956
PPO,65,mid,825,1825,0.07148657917976381,2.0,2.0,0.24205844104290009,-0.01393946330063045
PPO,65,mid,826,1826,0.09000000000000001,1.0,1.0,0.2786514163017273,-0.0006615383317694068
PPO,65,mid,827,1827,0.09000000000000001,1.0,1.0,0.5679483413696289,-0.000919373647775501
PPO,65,mid,828,1828,0.09000000000000001,1.0,1.0,0.1450996845960617,-0.0007925914251245558
PPO,65,mid,829,1829,0.09000000000000001,1.0,1.0,0.5812072157859802,-0.0005304042715579271
PPO,65,mid,830,1830,0.09000000000000001,1.0,1.0,0.32007965445518494,-0.0008448325097560883
PPO,65,mid,831,1831,0.09000000000000001,1.0,1.0,1.001442790031433,-0.005899851676076651
PPO,65,mid,832,1832,0.09000000000000001,1.0,1.0,0.9636960625648499,-0.0046887180069461465
PPO,65,mid,833,1833,0.09000000000000001,1.0,1.0,0.38081809878349304,-0.001421193708665669
PPO,65,mid,834,1834,0.09647573947906496,3.0,2.0,0.5500264167785645,-0.033953020349144936
PPO,65,mid,835,1835,0.09000000000000001,1.0,1.0,0.5744588971138,-0.00869777426123619
PPO,65,mid,836,1836,0.09000000000000001,1.0,1.0,0.3323809504508972,-3.3515243558213115e-05
PPO,65,mid,837,1837,0.09000000000000001,1.0,1.0,0.6627289056777954,0.0006015248945914209
PPO,65,mid,838,1838,0.09000000000000001,1.0,1.0,0.2650854289531708,-0.0016901246563065797
PPO,65,mid,839,1839,0.09000000000000001,1.0,1.0,1.0506049394607544,-0.0004855261940974742
PPO,65,mid,840,1840,0.09000000000000001,1.0,1.0,0.8552997708320618,-0.006382324616424739
PPO,65,mid,841,1841,0.09000000000000001,1.0,1.0,0.6048948168754578,-0.0038785734213888645
PPO,65,mid,842,1842,0.09000000000000001,1.0,1.0,0.8179007768630981,-0.006244914140552282
PPO,65,mid,843,1843,0.09000000000000001,1.0,1.0,0.8306775093078613,-0.0001536089985165745
PPO,65,mid,844,1844,0.09000000000000001,1.0,1.0,0.3754143714904785,-0.0005234180280240253
PPO,65,mid,845,1845,0.09000000000000001,1.0,1.0,0.35330551862716675,-0.0009237476042471826
PPO,65,mid,846,1846,0.09000000000000001,1.0,1.0,0.1731303632259369,-0.0004505714023252949
PPO,65,mid,847,1847,0.09000000000000001,1.0,1.0,0.10411255806684494,-0.0003490467934170738
PPO,65,mid,848,1848,0.09000000000000001,1.0,1.0,0.40359219908714294,-0.0018014204397331923
PPO,65,mid,849,1849,0.09000000000000001,1.0,1.0,0.3087591230869293,-0.0006430719076888636
PPO,65,mid,850,1850,0.09000000000000001,1.0,1.0,0.6751264929771423,-0.005206070258282125
PPO,65,mid,851,1851,0.09000000000000001,1.0,1.0,0.2224605530500412,-0.002259364235214889
PPO,65,mid,852,1852,0.09000000000000001,1.0,1.0,0.3135736882686615,-0.003592155349906534
PPO,65,mid,853,1853,0.09000000000000001,1.0,1.0,0.19399939477443695,-0.003933929838240147
PPO,65,mid,854,1854,0.07421238899230959,2.0,2.0,0.8762882351875305,-0.07116631371900439
PPO,65,mid,855,1855,0.09000000000000001,1.0,1.0,0.8647235631942749,-0.0016496875032316893
PPO,65,mid,856,1856,0.09000000000000001,1.0,1.0,0.6998481154441833,-0.0054429585579782724
PPO,65,mid,857,1857,0.09000000000000001,1.0,1.0,1.2406270503997803,-0.0013214599748607725
PPO,65,mid,858,1858,0.09000000000000001,1.0,1.0,0.37869906425476074,-0.001018709095660597
PPO,65,mid,859,1859,0.09000000000000001,1.0,1.0,0.8450911641120911,-0.0010815262794494629
PPO,65,mid,860,1860,0.09000000000000001,1.0,1.0,0.7267115712165833,-0.0016618161171209067
PPO,65,mid,861,1861,0.09000000000000001,1.0,1.0,0.3560451865196228,-0.007482061628252268
PPO,65,mid,862,1862,0.09000000000000001,1.0,1.0,1.0655776262283325,-0.0019508516998030245
PPO,65,mid,863,1863,0.09000000000000001,1.0,1.0,1.0542680025100708,-0.002971360634546727
PPO,65,mid,864,1864,0.09000000000000001,1.0,1.0,0.801993191242218,-0.002226399490609765
PPO,65,mid,865,1865,0.09000000000000001,1.0,1.0,0.7918168306350708,-0.004734111949801445
PPO,65,mid,866,1866,0.09000000000000001,1.0,1.0,0.5121458768844604,-0.0016621736867818981
PPO,65,mid,867,1867,0.09000000000000001,1.0,1.0,0.7649153470993042,-0.004634795826859772
PPO,65,mid,868,1868,0.09000000000000001,1.0,1.0,0.2557998597621918,-0.0023077098303474486
PPO,65,mid,869,1869,0.09000000000000001,1.0,1.0,0.47624310851097107,-0.0013836761936545372
PPO,65,mid,870,1870,0.09000000000000001,1.0,1.0,0.745265007019043,-0.0021664505475200713
PPO,65,mid,871,1871,0.18910344123840334,2.0,2.0,0.988195538520813,-0.07741438271477818
PPO,65,mid,872,1872,0.09000000000000001,1.0,1.0,0.4323160946369171,-0.0068542094668373466
PPO,65,mid,873,1873,0.09000000000000001,1.0,1.0,1.1009637117385864,-0.006651555188000202
PPO,65,mid,874,1874,0.09000000000000001,1.0,1.0,0.09616655856370926,-0.005745003232732415
PPO,65,mid,875,1875,-0.06635946273803713,4.0,4.0,0.7817168831825256,-0.042205513920634985
PPO,65,mid,876,1876,0.09000000000000001,1.0,1.0,0.2366614043712616,-0.011278555495664477
PPO,65,mid,877,1877,0.09000000000000001,1.0,1.0,0.9900184273719788,-0.010998000157997012
PPO,65,mid,878,1878,0.09000000000000001,1.0,1.0,0.3364441692829132,-0.005200422601774335
PPO,65,mid,879,1879,0.09000000000000001,1.0,1.0,0.47917038202285767,-0.01179573591798544
PPO,65,mid,880,1880,0.10105753123760225,2.0,2.0,0.16548225283622742,-0.11196339246816933
PPO,65,mid,881,1881,0.03254121720790864,2.0,2.0,0.22834233939647675,-0.043938249349594116
PPO,65,mid,882,1882,0.09000000000000001,1.0,1.0,0.4319792687892914,-0.013721348950639367
PPO,65,mid,883,1883,0.1398505735397339,2.0,2.0,0.802243173122406,-0.09333154489286244
PPO,65,mid,884,1884,-0.17456316709518432,6.0,4.0,0.5395440459251404,-0.016748811351135373
PPO,65,mid,885,1885,0.09000000000000001,1.0,1.0,0.8643407821655273,-0.013574980664998293
PPO,65,mid,886,1886,0.047873829007148754,3.0,2.0,0.17127275466918945,-0.08629756141453981
PPO,65,mid,887,1887,0.09000000000000001,1.0,1.0,0.39731040596961975,-0.011985192308202386
PPO,65,mid,888,1888,0.0016755032539367831,2.0,2.0,0.6083536148071289,-0.11551965144462883
PPO,65,mid,889,1889,0.09000000000000001,1.0,1.0,0.7673000693321228,-0.005985210184007883
PPO,65,mid,890,1890,0.09000000000000001,1.0,1.0,0.9920083284378052,-0.002151944732759148
PPO,65,mid,891,1891,0.09000000000000001,1.0,1.0,0.1238267570734024,-0.0013540622603613883
PPO,65,mid,892,1892,0.09000000000000001,1.0,1.0,0.1969461292028427,-0.000998115909169428
PPO,65,mid,893,1893,0.09000000000000001,1.0,1.0,0.42566537857055664,-0.0021224995725788176
PPO,65,mid,894,1894,0.09000000000000001,1.0,1.0,0.5239375233650208,-0.003529088164214045
PPO,65,mid,895,1895,0.09000000000000001,1.0,1.0,0.15205740928649902,-0.0014145484601613134
PPO,65,mid,896,1896,0.09000000000000001,1.0,1.0,0.8380268812179565,-0.005176506005227566
PPO,65,mid,897,1897,0.09000000000000001,1.0,1.0,0.1782340705394745,-0.003059062408283353
PPO,65,mid,898,1898,0.09000000000000001,1.0,1.0,0.2753506004810333,-0.0011510588810779154
PPO,65,mid,899,1899,0.09000000000000001,1.0,1.0,0.6770186424255371,-0.005969303078018129
PPO,65,mid,900,1900,0.09000000000000001,1.0,1.0,0.37871116399765015,-0.0031939171021804214
PPO,65,mid,901,1901,0.09000000000000001,1.0,1.0,0.5587858557701111,-0.007830359623767436
PPO,65,mid,902,1902,0.09000000000000001,1.0,1.0,1.0240315198898315,-0.004257440799847245
PPO,65,mid,903,1903,0.09000000000000001,1.0,1.0,1.0935187339782715,-0.011194511316716671
PPO,65,mid,904,1904,0.09000000000000001,1.0,1.0,0.9794121384620667,-0.0063113957876339555
PPO,65,mid,905,1905,0.09000000000000001,1.0,1.0,0.19197337329387665,-0.004780543618835509
PPO,65,mid,906,1906,0.09000000000000001,1.0,1.0,0.6131516695022583,-0.004470421001315117
PPO,65,mid,907,1907,0.09000000000000001,1.0,1.0,0.5170335173606873,-0.006367784691974521
PPO,65,mid,908,1908,0.09000000000000001,1.0,1.0,0.5094912648200989,-0.00878982082940638
PPO,65,mid,909,1909,0.09000000000000001,1.0,1.0,0.25285953283309937,-0.006354435929097235
PPO,65,mid,910,1910,0.09000000000000001,1.0,1.0,0.6199745535850525,-0.006045144167728722
PPO,65,mid,911,1911,0.09000000000000001,1.0,1.0,0.41205719113349915,-0.01042199064977467
PPO,65,mid,912,1912,0.09000000000000001,1.0,1.0,0.6953738331794739,-0.008229818660765886
PPO,65,mid,913,1913,0.07860525131225587,2.0,2.0,0.4756155014038086,-0.0538613562239334
PPO,65,mid,914,1914,0.09000000000000001,1.0,1.0,0.6354314684867859,-0.009154730942100286
PPO,65,mid,915,1915,0.09000000000000001,1.0,1.0,1.3274375200271606,-0.00991561682894826
PPO,65,mid,916,1916,0.09000000000000001,1.0,1.0,0.4221704304218292,-0.0047279170248657465
PPO,65,mid,917,1917,0.13239987373352052,2.0,2.0,0.8053382039070129,-0.05648983106948435
PPO,65,mid,918,1918,0.09000000000000001,1.0,1.0,0.9635739922523499,-0.008325970615260303
PPO,65,mid,919,1919,0.09000000000000001,1.0,1.0,0.9531954526901245,-0.009621960576623678
PPO,65,mid,920,1920,0.09000000000000001,1.0,1.0,1.198301076889038,-0.010193988215178251
PPO,65,mid,921,1921,0.09000000000000001,1.0,1.0,0.4705064594745636,-0.013392787193879485
PPO,65,mid,922,1922,0.09000000000000001,1.0,1.0,0.4016690254211426,-0.010102565865963697
PPO,65,mid,923,1923,0.11286582231521608,2.0,2.0,0.8653823137283325,-0.06648782058618963
PPO,65,mid,924,1924,-0.03761093139648437,2.0,2.0,0.9286678433418274,0.021203964133746922
PPO,65,mid,925,1925,0.010440083146095291,2.0,2.0,0.27867457270622253,-0.08466057165060192
PPO,65,mid,926,1926,0.17794533491134645,3.0,2.0,0.7082106471061707,-0.07339370879344642
PPO,65,mid,927,1927,0.09000000000000001,1.0,1.0,0.2330031841993332,-0.004739417228847742
PPO,65,mid,928,1928,0.09000000000000001,1.0,1.0,0.6222381591796875,-0.004262796719558537
PPO,65,mid,929,1929,0.09000000000000001,1.0,1.0,0.3299475312232971,-0.0059137382777407765
PPO,65,mid,930,1930,0.014898378849029545,3.0,2.0,0.9675129055976868,-0.07434333325363696
PPO,65,mid,931,1931,0.09000000000000001,1.0,1.0,0.4086000621318817,-0.003139196604024619
PPO,65,mid,932,1932,0.09000000000000001,1.0,1.0,0.7778744697570801,-0.005185824120417237
PPO,65,mid,933,1933,0.09000000000000001,1.0,1.0,0.8871914744377136,-0.001558112067868933
PPO,65,mid,934,1934,0.09000000000000001,1.0,1.0,0.8618729710578918,-0.0022805489134043455
PPO,65,mid,935,1935,0.09000000000000001,1.0,1.0,0.785274863243103,-0.0015812163765076548
PPO,65,mid,936,1936,0.09000000000000001,1.0,1.0,0.3573337197303772,-0.0009273020987166092
PPO,65,mid,937,1937,0.09000000000000001,1.0,1.0,0.7675409317016602,-0.005116758868098259
PPO,65,mid,938,1938,0.09000000000000001,1.0,1.0,0.8413520455360413,-0.0034919424215331674
PPO,65,mid,939,1939,0.09000000000000001,1.0,1.0,0.5915793180465698,-0.0033241448691114783
PPO,65,mid,940,1940,0.09000000000000001,1.0,1.0,0.12899650633335114,-0.001302739285165444
PPO,65,mid,941,1941,0.09000000000000001,1.0,1.0,0.44722428917884827,-0.004485103767365217
PPO,65,mid,942,1942,0.09000000000000001,1.0,1.0,1.169133186340332,-0.004958348930813372
PPO,65,mid,943,1943,0.09000000000000001,1.0,1.0,1.3552714586257935,-0.004156467621214688
PPO,65,mid,944,1944,0.15859337329864504,2.0,2.0,0.7635597586631775,-0.07827711966820061
PPO,65,mid,945,1945,0.09000000000000001,1.0,1.0,0.5300464034080505,-0.006374835269525647
PPO,65,mid,946,1946,0.09000000000000001,1.0,1.0,0.2593443691730499,-0.0085587736684829
PPO,65,mid,947,1947,0.13815457344055176,3.0,3.0,0.611129105091095,-0.06659212452359498
PPO,65,mid,948,1948,0.09000000000000001,1.0,1.0,0.7076005339622498,-0.012402796419337392
PPO,65,mid,949,1949,0.09000000000000001,1.0,1.0,0.8724802136421204,-0.007448083022609353
PPO,65,mid,950,1950,-0.11303067803382873,5.0,2.0,0.1622900515794754,-0.013285545632243156
PPO,65,mid,951,1951,0.0881548595428467,3.0,3.0,0.3271448016166687,-0.057473218999803066
PPO,65,mid,952,1952,0.21750660419464113,2.0,2.0,0.37906187772750854,-0.01996379205957055
PPO,65,mid,953,1953,0.09000000000000001,1.0,1.0,0.18159998953342438,-0.006667197798378766
PPO,65,mid,954,1954,0.09000000000000001,1.0,1.0,0.5899257063865662,-0.009509515250101686
PPO,65,mid,955,1955,0.09000000000000001,1.0,1.0,0.9034915566444397,-0.010353493271395564
PPO,65,mid,956,1956,0.09000000000000001,1.0,1.0,0.9119649529457092,-0.0054727415554225445
PPO,65,mid,957,1957,-0.004948196411132796,6.0,4.0,0.7306304574012756,-0.025105537846684456
PPO,65,mid,958,1958,0.09000000000000001,1.0,1.0,0.7439041137695312,-0.006116945412941277
PPO,65,mid,959,1959,0.09000000000000001,1.0,1.0,0.9859129190444946,-0.00881021749228239
PPO,65,mid,960,1960,0.09000000000000001,1.0,1.0,0.2507316470146179,-0.007592386333271861
PPO,65,mid,961,1961,0.08866591930389406,2.0,2.0,0.37593644857406616,-0.05416210531257093
PPO,65,mid,962,1962,0.09000000000000001,1.0,1.0,0.8161563277244568,-0.008445687126368284
PPO,65,mid,963,1963,0.09000000000000001,1.0,1.0,0.546244740486145,-0.00870542204938829
PPO,65,mid,964,1964,0.09000000000000001,1.0,1.0,0.3523945212364197,-0.010228195693343878
PPO,65,mid,965,1965,0.09000000000000001,1.0,1.0,0.575535774230957,-0.005480883410200477
PPO,65,mid,966,1966,0.02700318574905397,2.0,2.0,0.7013408541679382,-0.036163709592074156
PPO,65,mid,967,1967,0.09000000000000001,1.0,1.0,0.780362069606781,-0.002060574246570468
PPO,65,mid,968,1968,0.09000000000000001,1.0,1.0,0.8350014686584473,-0.0068231921177357435
PPO,65,mid,969,1969,0.09000000000000001,1.0,1.0,0.14124703407287598,-0.0022196457721292973
PPO,65,mid,970,1970,0.07606831371784212,2.0,2.0,0.22069473564624786,-0.05410119169391692
PPO,65,mid,971,1971,0.09000000000000001,1.0,1.0,0.2465379536151886,-0.0014243198675103486
PPO,65,mid,972,1972,0.04960848569869996,2.0,2.0,0.9084076881408691,-0.07040188316022977
PPO,65,mid,973,1973,0.09000000000000001,1.0,1.0,0.8234744071960449,-0.0009332218178315088
PPO,65,mid,974,1974,0.09000000000000001,1.0,1.0,0.29019805788993835,-0.0008756710885791108
PPO,65,mid,975,1975,0.09000000000000001,1.0,1.0,0.5496014356613159,-0.0013544812973123044
PPO,65,mid,976,1976,0.09000000000000001,1.0,1.0,0.34745532274246216,-0.0007686116878176108
PPO,65,mid,977,1977,0.09000000000000001,1.0,1.0,0.6931615471839905,-0.0032069068402051926
PPO,65,mid,978,1978,0.09000000000000001,1.0,1.0,1.3475311994552612,-0.0027904316084459424
PPO,65,mid,979,1979,0.09000000000000001,1.0,1.0,0.44162970781326294,-0.0019492334686219692
PPO,65,mid,980,1980,0.09000000000000001,1.0,1.0,0.5613336563110352,-0.000733613531338051
PPO,65,mid,981,1981,0.09000000000000001,1.0,1.0,0.6354377865791321,-0.0037338044494390488
PPO,65,mid,982,1982,0.09000000000000001,1.0,1.0,0.6840277314186096,-0.0025675001088529825
PPO,65,mid,983,1983,0.09000000000000001,1.0,1.0,0.9245174527168274,-0.0007984070398379117
PPO,65,mid,984,1984,0.09000000000000001,1.0,1.0,0.4637347161769867,-0.005036534275859594
PPO,65,mid,985,1985,0.09000000000000001,1.0,1.0,0.5417928099632263,-0.009424739982932806
PPO,65,mid,986,1986,0.09000000000000001,1.0,1.0,0.24262262880802155,-0.007582864607684314
PPO,65,mid,987,1987,0.09000000000000001,1.0,1.0,0.18939468264579773,-0.01201131846755743
PPO,65,mid,988,1988,0.18385226249694825,3.0,3.0,0.7495227456092834,-0.10368865565396845
PPO,65,mid,989,1989,0.09000000000000001,1.0,1.0,0.43953466415405273,-0.015582500491291285
PPO,65,mid,990,1990,0.10349048852920534,2.0,2.0,0.7404890656471252,-0.06726903957314789
PPO,65,mid,991,1991,0.09000000000000001,1.0,1.0,1.3498001098632812,-0.015825582668185234
PPO,65,mid,992,1992,0.28735043287277223,2.0,2.0,0.9157132506370544,-0.1172782564535737
PPO,65,mid,993,1993,-0.08810286760330201,4.0,3.0,0.6700615286827087,-0.03893139585852623
PPO,65,mid,994,1994,0.20971668720245362,4.0,3.0,0.7840098738670349,-0.03794794459827244
PPO,65,mid,995,1995,0.09000000000000001,1.0,1.0,0.3589918613433838,-0.014161295956000686
PPO,65,mid,996,1996,-0.3048427224159241,10.0,4.0,0.7688083648681641,0.0451638288795948
PPO,65,mid,997,1997,0.09161804080009461,4.0,3.0,0.4699194133281708,-0.03977500111795962
PPO,65,mid,998,1998,0.09000000000000001,1.0,1.0,0.9170684814453125,-0.014014502987265587
PPO,65,mid,999,1999,-0.11606590032577514,3.0,2.0,1.1143052577972412,-0.064011528971605
PPO,65,mid,1000,2000,0.13325805187225342,3.0,3.0,0.7183464169502258,-0.000879709841683507
PPO,65,mid,1001,2001,-0.10529798567295075,5.0,3.0,0.23205320537090302,-0.041969211772084236
PPO,65,mid,1002,2002,-0.06725598454475402,3.0,2.0,0.3724546432495117,-0.06688605877570808
PPO,65,mid,1003,2003,0.276800172328949,2.0,2.0,0.8847355246543884,-0.01783155044540763
PPO,65,mid,1004,2004,-0.3369705379009247,10.0,3.0,0.46131208539009094,0.01801130990497768
PPO,65,mid,1005,2005,0.05571352362632752,3.0,2.0,0.40042924880981445,0.006599502405151725
PPO,65,mid,1006,2006,-0.3959481716156006,10.0,3.0,1.0577434301376343,0.050898744724690914
PPO,65,mid,1007,2007,-0.1477721858024597,8.0,4.0,0.7382572889328003,-0.05635173944756389
PPO,65,mid,1008,2008,0.4252001118659973,3.0,3.0,0.9610525965690613,0.04931414406746626
PPO,65,mid,1009,2009,0.07722331762313844,2.0,2.0,0.8418967127799988,-0.02095754980109632
PPO,65,mid,1010,2010,-0.10004442691802977,6.0,4.0,0.36632877588272095,-0.04620085994247347
PPO,65,mid,1011,2011,0.09000000000000001,1.0,1.0,0.34376493096351624,-0.012750945752486587
PPO,65,mid,1012,2012,0.02881263613700867,3.0,2.0,0.2178037017583847,-0.05780728394165635
PPO,65,mid,1013,2013,-0.02550610482692718,3.0,2.0,0.17123186588287354,-0.07926975120790303
PPO,65,mid,1014,2014,0.0816901993751526,3.0,3.0,0.9829401969909668,-0.08230581064708531
PPO,65,mid,1015,2015,0.00243227362632753,2.0,2.0,0.4513603746891022,-0.09974063001573086
PPO,65,mid,1016,2016,0.09000000000000001,1.0,1.0,0.1711040437221527,-0.006988386739976704
PPO,65,mid,1017,2017,0.13803883075714113,2.0,2.0,0.6530084013938904,-0.005581674980930984
PPO,65,mid,1018,2018,0.09000000000000001,1.0,1.0,1.2852646112442017,-0.0060305537190288305
PPO,65,mid,1019,2019,0.09000000000000001,1.0,1.0,1.0528771877288818,-0.0071397628635168076
PPO,65,mid,1020,2020,0.09000000000000001,1.0,1.0,0.38131076097488403,-0.004566147574223578
PPO,65,mid,1021,2021,0.14414783000946046,2.0,2.0,0.7555158734321594,-0.03870273125357926
PPO,65,mid,1022,2022,0.19263972759246828,3.0,2.0,0.7130817770957947,-0.01207538932794705
PPO,65,mid,1023,2023,0.09000000000000001,1.0,1.0,0.5926328301429749,-0.008659279672428966
PPO,65,mid,1024,2024,0.09000000000000001,1.0,1.0,1.0743330717086792,-0.011069197906181216
PPO,65,mid,1025,2025,0.09000000000000001,1.0,1.0,0.10941767692565918,-0.009058968862518668
PPO,65,mid,1026,2026,0.09000000000000001,1.0,1.0,0.10564816743135452,-0.0068543258821591735
PPO,65,mid,1027,2027,0.09000000000000001,1.0,1.0,0.29081353545188904,-0.007910961634479463
PPO,65,mid,1028,2028,0.3137308430671692,3.0,3.0,0.5112848877906799,-0.02414881414733827
PPO,65,mid,1029,2029,0.09000000000000001,1.0,1.0,0.6183680295944214,-0.012586723081767559
PPO,65,mid,1030,2030,0.09000000000000001,1.0,1.0,0.8697290420532227,-0.011831924319267273
PPO,65,mid,1031,2031,0.09000000000000001,1.0,1.0,0.42990759015083313,-0.011242754058912396
PPO,65,mid,1032,2032,0.09000000000000001,1.0,1.0,0.9862586259841919,-0.011114634806290269
PPO,65,mid,1033,2033,0.09000000000000001,1.0,1.0,1.074068307876587,-0.012654335936531425
PPO,65,mid,1034,2034,0.09000000000000001,1.0,1.0,0.5802375078201294,-0.011452018981799483
PPO,65,mid,1035,2035,0.06466914892196657,2.0,2.0,0.6311113238334656,-0.03763727121986449
PPO,65,mid,1036,2036,-0.0028293859958648526,2.0,2.0,0.44444432854652405,-0.08383062575012445
PPO,65,mid,1037,2037,0.09000000000000001,1.0,1.0,0.6294693350791931,-0.011258255690336227
PPO,65,mid,1038,2038,0.09000000000000001,1.0,1.0,0.6724520921707153,-0.008679053047671914
PPO,65,mid,1039,2039,0.09468756794929506,2.0,2.0,0.1638360172510147,-0.023941727355122566
PPO,65,mid,1040,2040,0.20454706430435182,2.0,2.0,0.8269862532615662,-0.052396323066204786
PPO,65,mid,1041,2041,0.0573828685283661,2.0,2.0,0.2377627193927765,0.030482127447612584
PPO,65,mid,1042,2042,0.13557489395141603,2.0,2.0,0.3711162209510803,-0.03264187788590789
PPO,65,mid,1043,2043,0.09000000000000001,1.0,1.0,0.8054216504096985,-0.012400537263602018
PPO,65,mid,1044,2044,-0.059198526740074156,2.0,2.0,0.37043410539627075,-0.01694309269078076
PPO,65,mid,1045,2045,0.18224646329879762,2.0,2.0,0.7375020384788513,-0.01881605456583202
PPO,65,mid,1046,2046,0.004529498219490058,3.0,3.0,0.31322091817855835,-0.014492799062281847
PPO,65,mid,1047,2047,0.09000000000000001,1.0,1.0,0.4797711670398712,-0.00965738925151527
PPO,65,mid,1048,2048,0.05569584846496583,2.0,2.0,0.6552053093910217,-0.08431894867680967
PPO,65,mid,1049,2049,0.09436954975128174,3.0,2.0,1.01772940158844,-0.07259334158152342
PPO,65,mid,1050,2050,0.09000000000000001,1.0,1.0,0.4265923500061035,-0.004429857828654349
PPO,65,mid,1051,2051,0.09000000000000001,1.0,1.0,0.7610089182853699,-0.007961764931678772
PPO,65,mid,1052,2052,0.09000000000000001,1.0,1.0,0.7001277804374695,-0.004421287099830806
PPO,65,mid,1053,2053,0.09000000000000001,1.0,1.0,1.064195990562439,-0.005908253486268222
PPO,65,mid,1054,2054,0.09000000000000001,1.0,1.0,0.4384469985961914,-0.005690787103958428
PPO,65,mid,1055,2055,0.09000000000000001,1.0,1.0,0.3850446343421936,-0.00786433054599911
PPO,65,mid,1056,2056,0.09000000000000001,1.0,1.0,0.3476698696613312,-0.007977983681485057
PPO,65,mid,1057,2057,0.09000000000000001,1.0,1.0,0.27895525097846985,-0.006381543818861246
PPO,65,mid,1058,2058,0.41015512466430665,3.0,3.0,0.6878024339675903,-0.041588249849155545
PPO,65,mid,1059,2059,0.09000000000000001,1.0,1.0,1.0512523651123047,-0.008985031396150589
PPO,65,mid,1060,2060,0.13694436311721803,4.0,3.0,0.9888628125190735,-0.03761797328479588
PPO,65,mid,1061,2061,0.09000000000000001,1.0,1.0,0.7461619973182678,-0.011735387612134218
PPO,65,mid,1062,2062,0.09000000000000001,1.0,1.0,0.7903128266334534,-0.011300088604912162
PPO,65,mid,1063,2063,0.09000000000000001,1.0,1.0,0.5445362329483032,-0.009379208087921143
PPO,65,mid,1064,2064,0.09000000000000001,1.0,1.0,0.300670862197876,-0.010053540347144008
PPO,65,mid,1065,2065,0.11603095054626467,3.0,2.0,0.6038896441459656,-0.03631676849909127
PPO,65,mid,1066,2066,0.006087220907211324,3.0,3.0,0.2331445962190628,-0.09874361171387136
PPO,65,mid,1067,2067,0.12589307308197023,2.0,2.0,0.8884891867637634,0.024957474321126938
PPO,65,mid,1068,2068,0.09000000000000001,1.0,1.0,1.0557681322097778,-0.009874785784631968
PPO,65,mid,1069,2069,0.14982707977294923,2.0,2.0,0.6550206542015076,-0.08049189217854291
PPO,65,mid,1070,2070,0.09000000000000001,1.0,1.0,0.9551379084587097,-0.007066360325552523
PPO,65,mid,1071,2071,0.17087935090065004,2.0,2.0,0.4963313043117523,-0.06056295335292816
PPO,65,mid,1072,2072,0.09000000000000001,1.0,1.0,0.164640873670578,-0.009576760232448578
PPO,65,mid,1073,2073,0.09000000000000001,1.0,1.0,0.3354896605014801,-0.009972562780603766
PPO,65,mid,1074,2074,0.09000000000000001,1.0,1.0,0.4586111903190613,-0.010560979368165135
PPO,65,mid,1075,2075,-0.091744589805603,5.0,3.0,0.8017977476119995,-0.017410659813322127
PPO,65,mid,1076,2076,0.09000000000000001,1.0,1.0,1.0231192111968994,-0.011645560851320624
PPO,65,mid,1077,2077,0.09000000000000001,1.0,1.0,0.3640593886375427,-0.010555474320426583
PPO,65,mid,1078,2078,0.09000000000000001,1.0,1.0,0.24530063569545746,-0.011819327482953668
PPO,65,mid,1079,2079,0.09000000000000001,1.0,1.0,0.9066437482833862,-0.011576666496694088
PPO,65,mid,1080,2080,0.09000000000000001,1.0,1.0,0.9234921336174011,-0.012258853996172547
PPO,65,mid,1081,2081,0.09000000000000001,1.0,1.0,0.708839476108551,-0.012441854691132903
PPO,65,mid,1082,2082,0.03560634136199952,2.0,2.0,1.0057358741760254,-0.04151865188032389
PPO,65,mid,1083,2083,0.059088902473449716,2.0,2.0,0.91814786195755,-0.043236611410975456
PPO,65,mid,1084,2084,0.09000000000000001,1.0,1.0,0.5942971110343933,-0.009700213093310595
PPO,65,mid,1085,2085,0.09000000000000001,1.0,1.0,0.4575011134147644,-0.00879549328237772
PPO,65,mid,1086,2086,0.4806588387489319,4.0,3.0,0.6802533268928528,0.013233097735792398
PPO,65,mid,1087,2087,0.09000000000000001,1.0,1.0,1.0676288604736328,-0.01078509259968996
PPO,65,mid,1088,2088,-0.070729084610939,3.0,3.0,0.3047589659690857,-0.02089571056421846
PPO,65,mid,1089,2089,0.10253246307373048,2.0,2.0,0.9937409162521362,-0.006427314830943942
PPO,65,mid,1090,2090,0.06600330948829652,2.0,2.0,0.3066895604133606,-0.020357898552902043
PPO,65,mid,1091,2091,0.09000000000000001,1.0,1.0,0.8774146437644958,-0.010260447859764099
PPO,65,mid,1092,2092,0.09000000000000001,1.0,1.0,0.34482550621032715,-0.008400662802159786
PPO,65,mid,1093,2093,0.09000000000000001,1.0,1.0,0.2923971116542816,-0.009899405296891928
PPO,65,mid,1094,2094,0.09000000000000001,1.0,1.0,0.8126905560493469,-0.010979833081364632
PPO,65,mid,1095,2095,0.09000000000000001,1.0,1.0,0.6559685468673706,-0.008879901375621557
PPO,65,mid,1096,2096,0.09000000000000001,1.0,1.0,0.20775993168354034,-0.008159523131325841
PPO,65,mid,1097,2097,0.11078395366668703,3.0,2.0,0.5845928192138672,-0.038389530149288476
PPO,65,mid,1098,2098,0.09000000000000001,1.0,1.0,0.6620607972145081,-0.008939303457736969
PPO,65,mid,1099,2099,0.10322235703468324,2.0,2.0,0.17278604209423065,-0.04834196693263948
PPO,65,mid,1100,2100,0.09000000000000001,1.0,1.0,0.7638234496116638,-0.011994357919320464
PPO,65,mid,1101,2101,0.08640997290611269,2.0,2.0,0.37994760274887085,-0.0212309539783746
PPO,65,mid,1102,2102,-0.1515058636665344,5.0,2.0,0.6601869463920593,-0.021797031862661242
PPO,65,mid,1103,2103,0.09000000000000001,1.0,1.0,0.7732833623886108,-0.01239462080411613
PPO,65,mid,1104,2104,0.09000000000000001,1.0,1.0,0.3233082592487335,-0.00578605046030134
PPO,65,mid,1105,2105,0.09000000000000001,1.0,1.0,1.1127750873565674,-0.007006486179307103
PPO,65,mid,1106,2106,0.09000000000000001,1.0,1.0,0.28158923983573914,-0.003562537080142647
PPO,65,mid,1107,2107,0.09000000000000001,1.0,1.0,0.7987561225891113,-0.00960926664993167
PPO,65,mid,1108,2108,0.09000000000000001,1.0,1.0,1.2010653018951416,-0.009859062964096665
PPO,65,mid,1109,2109,0.09000000000000001,1.0,1.0,0.9915173649787903,-0.006108427187427878
PPO,65,mid,1110,2110,0.09000000000000001,1.0,1.0,0.7173605561256409,-0.00632110086735338
PPO,65,mid,1111,2111,0.18191184282302858,2.0,2.0,0.6168586015701294,-0.04925351147539914
PPO,65,mid,1112,2112,0.09000000000000001,1.0,1.0,0.39967063069343567,-0.00816953124012798
PPO,65,mid,1113,2113,0.09000000000000001,1.0,1.0,0.5863280892372131,-0.01212668907828629
PPO,65,mid,1114,2114,0.09416617870330812,3.0,2.0,0.17178405821323395,-0.014746342087164521
PPO,65,mid,1115,2115,0.09000000000000001,1.0,1.0,1.1077948808670044,-0.012296204920858145
PPO,65,mid,1116,2116,0.09000000000000001,1.0,1.0,0.6689372658729553,-0.009910056367516518
PPO,65,mid,1117,2117,0.16079153299331667,2.0,2.0,0.7177668809890747,-0.029829485691152513
PPO,65,mid,1118,2118,0.09000000000000001,1.0,1.0,0.8635992407798767,-0.011196260107681155
PPO,65,mid,1119,2119,0.09000000000000001,1.0,1.0,1.0060529708862305,-0.01012464426457882
PPO,65,mid,1120,2120,-0.04898823618888855,2.0,2.0,0.505047619342804,-0.018936551525257528
PPO,65,mid,1121,2121,0.09000000000000001,1.0,1.0,0.5608575344085693,-0.012727817986160517
PPO,65,mid,1122,2122,0.09000000000000001,1.0,1.0,0.5939618945121765,-0.01033999607898295
PPO,65,mid,1123,2123,0.09000000000000001,1.0,1.0,0.669791579246521,-0.009372779168188572
PPO,65,mid,1124,2124,0.10339923381805421,2.0,2.0,0.6366532444953918,-0.04232451878488064
PPO,65,mid,1125,2125,0.09000000000000001,1.0,1.0,1.1577180624008179,-0.01197325182147324
PPO,65,mid,1126,2126,0.05950822353363038,3.0,2.0,0.9291306734085083,-0.030622551683336496
PPO,65,mid,1127,2127,0.05071135044097901,2.0,2.0,0.9596293568611145,-0.04054526682011783
PPO,65,mid,1128,2128,0.09000000000000001,1.0,1.0,0.11462283879518509,-0.009814575081691146
PPO,65,mid,1129,2129,0.11791308403015138,2.0,2.0,1.0195668935775757,-0.01571038947440684
PPO,65,mid,1130,2130,0.19547142267227174,2.0,2.0,0.6252647042274475,-0.040573091711848974
PPO,65,mid,1131,2131,0.2745811212062836,2.0,2.0,0.2398218810558319,-0.0715687486808747
PPO,65,mid,1132,2132,0.20720084190368654,2.0,2.0,1.2671951055526733,-0.1021333490498364
PPO,65,mid,1133,2133,0.09000000000000001,1.0,1.0,1.0223151445388794,-0.01200641947798431
PPO,65,mid,1134,2134,0.10521800994873048,2.0,2.0,0.4934244155883789,-0.08749059471301734
PPO,65,mid,1135,2135,0.03718121767044068,3.0,2.0,0.3601055443286896,0.01574203767813742
PPO,65,mid,1136,2136,-0.007054848670959457,2.0,2.0,0.6767457127571106,-0.052638144232332706
PPO,65,mid,1137,2137,-0.11138096570968627,7.0,2.0,0.866215705871582,-0.029559780145063996
PPO,65,mid,1138,2138,0.09000000000000001,1.0,1.0,0.12772847712039948,-0.010206944309175014
PPO,65,mid,1139,2139,0.05953419923782349,3.0,3.0,0.9929946660995483,-0.08548903441987932
PPO,65,mid,1140,2140,-0.08181635856628418,2.0,2.0,0.6169891953468323,-0.11019922501873225
PPO,65,mid,1141,2141,0.2527636456489563,2.0,2.0,0.580050528049469,0.030830370727926493
PPO,65,mid,1142,2142,0.09000000000000001,1.0,1.0,0.4958028197288513,-0.007279045879840851
PPO,65,mid,1143,2143,0.09000000000000001,1.0,1.0,0.8772203326225281,-0.006651687202975154
PPO,65,mid,1144,2144,0.09000000000000001,1.0,1.0,0.6214113235473633,-0.009674998931586742
PPO,65,mid,1145,2145,0.09000000000000001,1.0,1.0,0.11553507298231125,-0.006276526488363743
PPO,65,mid,1146,2146,0.09000000000000001,1.0,1.0,0.7180113196372986,-0.010440595680847764
PPO,65,mid,1147,2147,0.09000000000000001,1.0,1.0,0.2371290624141693,-0.006589340860955417
PPO,65,mid,1148,2148,0.09000000000000001,1.0,1.0,0.9368910193443298,-0.009044571314007044
PPO,65,mid,1149,2149,0.22510017633438112,2.0,2.0,0.9220828413963318,-0.053652235539630055
PPO,65,mid,1150,2150,0.09000000000000001,1.0,1.0,0.41914889216423035,-0.010649667587131262
PPO,65,mid,1151,2151,0.12024696350097658,2.0,2.0,0.5041853189468384,-0.07793911336921155
PPO,65,mid,1152,2152,-0.16949845135211944,3.0,3.0,0.35858041048049927,0.001953147118911147
PPO,65,mid,1153,2153,0.09000000000000001,1.0,1.0,1.194538950920105,-0.009747602511197329
PPO,65,mid,1154,2154,0.09000000000000001,1.0,1.0,0.5348034501075745,-0.011997273890301585
PPO,65,mid,1155,2155,-0.14975747823715208,6.0,2.0,0.1968994438648224,-0.021896548103541136
PPO,65,mid,1156,2156,0.09000000000000001,1.0,1.0,0.6500530242919922,-0.011303928215056658
PPO,65,mid,1157,2157,0.09000000000000001,1.0,1.0,0.43651288747787476,-0.0087722884491086
PPO,65,mid,1158,2158,0.1150700616836548,2.0,2.0,0.6039328575134277,-0.04922814876772463
PPO,65,mid,1159,2159,0.09000000000000001,1.0,1.0,0.34776949882507324,-0.011376078007742763
PPO,65,mid,1160,2160,0.09000000000000001,1.0,1.0,0.22628311812877655,-0.010017709340900183
PPO,65,mid,1161,2161,-0.03556437611579895,2.0,2.0,0.37321871519088745,-0.03845337883103639
PPO,65,mid,1162,2162,0.09000000000000001,1.0,1.0,0.2932133376598358,-0.01307438500225544
PPO,65,mid,1163,2163,0.09000000000000001,1.0,1.0,0.06380347907543182,-0.010308185359463096
PPO,65,mid,1164,2164,0.09000000000000001,1.0,1.0,0.7021762728691101,-0.012569452403113246
PPO,65,mid,1165,2165,0.024607138633728043,2.0,2.0,0.6800776124000549,-0.043076854664832354
PPO,65,mid,1166,2166,0.08658679008483888,2.0,2.0,1.291346549987793,-0.0732556136790663
PPO,65,mid,1167,2167,-0.04421084940433502,2.0,2.0,0.31816792488098145,-0.08814847434405237
PPO,65,mid,1168,2168,0.09000000000000001,1.0,1.0,0.8821665644645691,-0.008792776614427567
PPO,65,mid,1169,2169,0.09000000000000001,1.0,1.0,0.47302109003067017,-0.0019736669200938195
PPO,65,mid,1170,2170,0.09000000000000001,1.0,1.0,0.43111222982406616,-0.0034420694573782384
PPO,65,mid,1171,2171,0.061404483318328866,2.0,2.0,0.9751173853874207,-0.06767594290431589
PPO,65,mid,1172,2172,0.09000000000000001,1.0,1.0,1.0709103345870972,-0.004429283668287098
PPO,65,mid,1173,2173,0.09000000000000001,1.0,1.0,0.1943865865468979,-0.0001937163578986656
PPO,65,mid,1174,2174,0.09000000000000001,1.0,1.0,0.1854746788740158,-0.0023529131431132555
PPO,65,mid,1175,2175,0.09000000000000001,1.0,1.0,0.8880109786987305,-0.00026325512590119615
PPO,65,mid,1176,2176,0.09000000000000001,1.0,1.0,0.8895846009254456,-0.0015689173596911132
PPO,65,mid,1177,2177,0.09000000000000001,1.0,1.0,0.6622066497802734,-6.643490087299142e-05
PPO,65,mid,1178,2178,0.09000000000000001,1.0,1.0,0.6202529072761536,-0.0018089672084897757
PPO,65,mid,1179,2179,0.09000000000000001,1.0,1.0,0.8697311282157898,-0.0031080589396879077
PPO,65,mid,1180,2180,0.09000000000000001,1.0,1.0,0.13326610624790192,-0.0002597249113023281
PPO,65,mid,1181,2181,0.09000000000000001,1.0,1.0,0.723760187625885,-0.001644668576773256
PPO,65,mid,1182,2182,0.09000000000000001,1.0,1.0,0.6818805932998657,-0.003228803281672299
PPO,65,mid,1183,2183,0.09000000000000001,1.0,1.0,0.4386593699455261,-0.0012218928895890713
PPO,65,mid,1184,2184,0.09000000000000001,1.0,1.0,0.20438237488269806,-0.0006179261836223304
PPO,65,mid,1185,2185,0.09000000000000001,1.0,1.0,0.6285982131958008,-0.0017228757787961513
PPO,65,mid,1186,2186,0.09000000000000001,1.0,1.0,0.4944665729999542,-0.0003200722931069322
PPO,65,mid,1187,2187,0.09000000000000001,1.0,1.0,0.11128673702478409,-0.00032345666841138154
PPO,65,mid,1188,2188,0.09000000000000001,1.0,1.0,0.32755646109580994,-0.0016942218353506178
PPO,65,mid,1189,2189,0.09000000000000001,1.0,1.0,0.43170252442359924,-0.0011186765041202307
PPO,65,mid,1190,2190,0.09000000000000001,1.0,1.0,0.8748089671134949,-0.0017752099956851453
PPO,65,mid,1191,2191,0.09000000000000001,1.0,1.0,0.2813740372657776,-0.0010288487537764013
PPO,65,mid,1192,2192,0.09000000000000001,1.0,1.0,0.0993034765124321,-0.0009891981753753498
PPO,65,mid,1193,2193,0.09000000000000001,1.0,1.0,1.2005258798599243,-0.005793893244117498
PPO,65,mid,1194,2194,0.09000000000000001,1.0,1.0,0.800481379032135,-0.002681687008589506
PPO,65,mid,1195,2195,0.09000000000000001,1.0,1.0,0.33072715997695923,-0.0006450080836657435
PPO,65,mid,1196,2196,0.09000000000000001,1.0,1.0,0.3485429584980011,-0.0010880473419092596
PPO,65,mid,1197,2197,0.09000000000000001,1.0,1.0,0.21934030950069427,-0.0017924343410413712
PPO,65,mid,1198,2198,0.09000000000000001,1.0,1.0,0.917850911617279,-0.003061895549762994
PPO,65,mid,1199,2199,0.09000000000000001,1.0,1.0,0.26521602272987366,-0.0011068143357988447
PPO,65,mid,1200,2200,0.14164574623107912,2.0,2.0,0.5523709654808044,-0.06710193955223076
PPO,65,mid,1201,2201,0.09000000000000001,1.0,1.0,0.2386561930179596,-0.0015697697817813605
PPO,65,mid,1202,2202,0.09000000000000001,1.0,1.0,1.0659395456314087,-0.00925563764758408
PPO,65,mid,1203,2203,0.09000000000000001,1.0,1.0,0.7531167268753052,-0.0030566678615286946
PPO,65,mid,1204,2204,0.09000000000000001,1.0,1.0,1.1556071043014526,-0.008790390333160758
PPO,65,mid,1205,2205,0.09000000000000001,1.0,1.0,0.9321889877319336,-0.009233030024915934
PPO,65,mid,1206,2206,0.09000000000000001,1.0,1.0,1.002127766609192,-0.008825060212984681
PPO,65,mid,1207,2207,0.09000000000000001,1.0,1.0,1.2032078504562378,-0.008904358837753534
PPO,65,mid,1208,2208,0.12043367505073549,2.0,2.0,0.37414804100990295,-0.04892508499324322
PPO,65,mid,1209,2209,0.09000000000000001,1.0,1.0,0.5926794409751892,-0.008658255683258176
PPO,65,mid,1210,2210,-0.052772065401077276,4.0,3.0,0.46479490399360657,-0.004412296460941434
PPO,65,mid,1211,2211,0.09000000000000001,1.0,1.0,0.5228986740112305,-0.007425094139762223
PPO,65,mid,1212,2212,0.09000000000000001,1.0,1.0,1.2340879440307617,-0.013197334250435233
PPO,65,mid,1213,2213,0.09000000000000001,1.0,1.0,0.8420857191085815,-0.012235903646796942
PPO,65,mid,1214,2214,0.11149663448333741,3.0,3.0,1.1302881240844727,-0.031129897572100163
PPO,65,mid,1215,2215,0.09000000000000001,1.0,1.0,0.180680051445961,-0.010773216839879751
PPO,65,mid,1216,2216,0.09000000000000001,1.0,1.0,0.832835853099823,-0.012070093303918839
PPO,65,mid,1217,2217,0.09000000000000001,1.0,1.0,0.7075976729393005,-0.008818408939987421
PPO,65,mid,1218,2218,0.09000000000000001,1.0,1.0,0.8658220171928406,-0.008172178408131003
PPO,65,mid,1219,2219,0.09000000000000001,1.0,1.0,0.8654178380966187,-0.011588088935241103
PPO,65,mid,1220,2220,0.04064358234405519,4.0,3.0,0.9411326050758362,-0.04183205892331898
PPO,65,mid,1221,2221,0.09000000000000001,1.0,1.0,0.308353453874588,-0.009554482297971845
PPO,65,mid,1222,2222,0.09000000000000001,1.0,1.0,0.858365535736084,-0.01042540930211544
PPO,65,mid,1223,2223,0.09000000000000001,1.0,1.0,0.7156577110290527,-0.010089220944792032
PPO,65,mid,1224,2224,0.1713289785385132,2.0,2.0,1.200693964958191,-0.053111777640879154
PPO,65,mid,1225,2225,0.09000000000000001,1.0,1.0,0.11052614450454712,-0.004137540934607387
PPO,65,mid,1226,2226,0.09000000000000001,1.0,1.0,1.0313445329666138,-0.013248082483187318
PPO,65,mid,1227,2227,0.09000000000000001,1.0,1.0,0.6795717477798462,-0.012408069334924221
PPO,65,mid,1228,2228,0.1958566474914551,2.0,2.0,0.9170321226119995,-0.05181953916326165
PPO,65,mid,1229,2229,0.09000000000000001,1.0,1.0,0.9734442830085754,-0.013036424294114113
PPO,65,mid,1230,2230,0.018822627067565934,2.0,2.0,0.31943103671073914,-0.04094864695798606
PPO,65,mid,1231,2231,0.21189344108104707,2.0,2.0,0.16574813425540924,-0.032494612387381494
PPO,65,mid,1232,2232,-0.03919192433357237,3.0,3.0,0.40202832221984863,-0.0069754013093188405
PPO,65,mid,1233,2233,0.27126182794570924,2.0,2.0,0.6604418158531189,-0.018890888430178165
PPO,65,mid,1234,2234,-0.1027818250656128,8.0,4.0,0.8269684910774231,-0.01176623534411192
PPO,65,mid,1235,2235,0.21353729248046877,2.0,2.0,0.37447690963745117,-0.06761280517093837
PPO,65,mid,1236,2236,0.09000000000000001,1.0,1.0,0.3427301347255707,-0.012473925948143005
PPO,65,mid,1237,2237,-0.12203947484493256,3.0,3.0,0.40107789635658264,-0.03632160951383412
PPO,65,mid,1238,2238,0.09509720087051393,2.0,2.0,0.29456064105033875,-0.05733528942801058
PPO,65,mid,1239,2239,0.009297683238983154,6.0,3.0,0.8804774284362793,-0.0017797070322558284
PPO,65,mid,1240,2240,0.09000000000000001,1.0,1.0,0.7759348750114441,-0.012699441518634558
PPO,65,mid,1241,2241,-0.0188181185722351,4.0,2.0,0.6510640978813171,-0.052574333967640996
PPO,65,mid,1242,2242,-0.055004277229309076,4.0,2.0,0.9784917831420898,-0.06372258567716926
PPO,65,mid,1243,2243,0.09000000000000001,1.0,1.0,0.6427558660507202,-0.013191863195970654
PPO,65,mid,1244,2244,0.06993664979934694,2.0,2.0,0.5274696946144104,-0.07758326944895089
PPO,65,mid,1245,2245,0.09000000000000001,1.0,1.0,1.2265921831130981,-0.009956966154277325
PPO,65,mid,1246,2246,0.09000000000000001,1.0,1.0,0.6826270222663879,-0.009637909708544612
PPO,65,mid,1247,2247,0.09000000000000001,1.0,1.0,0.4593389332294464,-0.007479440653696656
PPO,65,mid,1248,2248,0.09000000000000001,1.0,1.0,0.7862805724143982,-0.010469785891473293
PPO,65,mid,1249,2249,0.09000000000000001,1.0,1.0,0.9353446960449219,-0.011483864160254598
PPO,65,mid,1250,2250,0.09000000000000001,1.0,1.0,0.3153395652770996,-0.00710558274295181
PPO,65,mid,1251,2251,0.09000000000000001,1.0,1.0,0.2003026008605957,-0.006268134340643883
PPO,65,mid,1252,2252,0.09000000000000001,1.0,1.0,0.894765317440033,-0.005753470468334854
PPO,65,mid,1253,2253,0.09000000000000001,1.0,1.0,0.6387864947319031,-0.007090962142683566
PPO,65,mid,1254,2254,0.13697238445281984,2.0,2.0,0.5769287347793579,-0.038406487088650465
PPO,65,mid,1255,2255,0.09000000000000001,1.0,1.0,0.18577811121940613,-0.010312711587175727
PPO,65,mid,1256,2256,0.09000000000000001,1.0,1.0,0.30024680495262146,-0.009168984601274133
PPO,65,mid,1257,2257,-0.2992923367023468,3.0,2.0,0.5731987357139587,0.0035779825411736965
PPO,65,mid,1258,2258,0.09000000000000001,1.0,1.0,0.9277092218399048,-0.01170328282751143
PPO,65,mid,1259,2259,-0.019446055889129635,3.0,2.0,0.6095408201217651,-0.03720132465241477
PPO,65,mid,1260,2260,0.09000000000000001,1.0,1.0,0.21691939234733582,-0.009069788502529263
PPO,65,mid,1261,2261,0.09000000000000001,1.0,1.0,0.8756615519523621,-0.00836723460815847
PPO,65,mid,1262,2262,0.04413493156433106,2.0,2.0,1.0588759183883667,-0.0471435128711164
PPO,65,mid,1263,2263,0.09000000000000001,1.0,1.0,0.27294042706489563,-0.0038141472032293677
PPO,65,mid,1264,2264,0.09000000000000001,1.0,1.0,0.879180908203125,-0.007999951019883156
PPO,65,mid,1265,2265,0.09000000000000001,1.0,1.0,1.1250284910202026,-0.009727398632094264
PPO,65,mid,1266,2266,0.09000000000000001,1.0,1.0,0.8085145354270935,-0.004809658275917172
PPO,65,mid,1267,2267,0.11620302677154543,2.0,2.0,0.7283956408500671,-0.05384640512056649
PPO,65,mid,1268,2268,0.09000000000000001,1.0,1.0,0.7240670323371887,-0.006953600677661598
PPO,65,mid,1269,2269,0.09000000000000001,1.0,1.0,0.3641311228275299,-0.009540912928059697
PPO,65,mid,1270,2270,0.09000000000000001,1.0,1.0,0.3719680905342102,-0.007868732209317386
PPO,65,mid,1271,2271,-0.03571371555328369,2.0,2.0,0.3904004395008087,-0.015341217163950205
PPO,65,mid,1272,2272,0.09000000000000001,1.0,1.0,0.4371914267539978,-0.004358993377536535
PPO,65,mid,1273,2273,0.09000000000000001,1.0,1.0,0.4568019509315491,-0.00801866827532649
PPO,65,mid,1274,2274,0.09000000000000001,1.0,1.0,0.692560076713562,-0.006207438767887652
PPO,65,mid,1275,2275,0.09000000000000001,1.0,1.0,0.455278605222702,-0.003962606308050454
PPO,65,mid,1276,2276,0.09000000000000001,1.0,1.0,0.47623735666275024,-0.004411305650137365
PPO,65,mid,1277,2277,0.09000000000000001,1.0,1.0,0.8628838658332825,-0.00792390201240778
PPO,65,mid,1278,2278,0.10156662940979005,2.0,2.0,0.7054656147956848,-0.034427630715072155
PPO,65,mid,1279,2279,0.09000000000000001,1.0,1.0,0.2762596905231476,-0.005514019052498043
PPO,65,mid,1280,2280,0.1183051061630249,3.0,2.0,1.105722188949585,-0.011812757700681686
PPO,65,mid,1281,2281,0.011681782007217423,2.0,2.0,0.34520450234413147,-0.03502871189266443
PPO,65,mid,1282,2282,0.09000000000000001,1.0,1.0,0.09901201725006104,-0.0034509150427766144
PPO,65,mid,1283,2283,0.09000000000000001,1.0,1.0,0.6563607454299927,-0.009388489415869117
PPO,65,mid,1284,2284,0.09000000000000001,1.0,1.0,0.43230965733528137,-0.005734127480536699
PPO,65,mid,1285,2285,0.05825402021408082,2.0,2.0,0.8549107909202576,-0.040895031532272696
PPO,65,mid,1286,2286,0.09000000000000001,1.0,1.0,0.19777382910251617,-0.0029091410688124597
PPO,65,mid,1287,2287,0.09000000000000001,1.0,1.0,0.7605950236320496,-0.007156646111980081
PPO,65,mid,1288,2288,0.09000000000000001,1.0,1.0,0.5287010669708252,-0.006912279059179127
PPO,65,mid,1289,2289,0.09000000000000001,1.0,1.0,0.6417003870010376,-0.006232599378563464
PPO,65,mid,1290,2290,0.09000000000000001,1.0,1.0,0.3235786557197571,-0.0017176490218844265
PPO,65,mid,1291,2291,0.09000000000000001,1.0,1.0,0.2456839233636856,-0.0031249485909938812
PPO,65,mid,1292,2292,0.09000000000000001,1.0,1.0,0.33146804571151733,-0.003181482432410121
PPO,65,mid,1293,2293,0.3649884533882141,3.0,3.0,0.945439875125885,-0.027883336879312992
PPO,65,mid,1294,2294,0.010568397045135514,2.0,2.0,0.6147867441177368,0.009344061661977321
PPO,65,mid,1295,2295,0.09000000000000001,1.0,1.0,0.6993502378463745,-0.0020229245128575712
PPO,65,mid,1296,2296,0.09000000000000001,1.0,1.0,0.7453166246414185,-0.007851721835322678
PPO,65,mid,1297,2297,0.10992463111877443,2.0,2.0,1.2506290674209595,-0.04050286393612623
PPO,65,mid,1298,2298,0.09000000000000001,1.0,1.0,0.7550180554389954,-0.0065178098157048225
PPO,65,mid,1299,2299,0.09000000000000001,1.0,1.0,0.35016506910324097,-0.0069600793067365885
PPO,65,mid,1300,2300,0.09000000000000001,1.0,1.0,0.8181253671646118,-0.007748877629637718
PPO,65,mid,1301,2301,0.09000000000000001,1.0,1.0,1.0150115489959717,-0.006569414050318301
PPO,65,mid,1302,2302,0.09000000000000001,1.0,1.0,0.8189722895622253,-0.006987998145632446
PPO,65,mid,1303,2303,0.09000000000000001,1.0,1.0,0.5812080502510071,-0.011967294616624713
PPO,65,mid,1304,2304,0.09000000000000001,1.0,1.0,0.18731608986854553,-0.010203940561041236
PPO,65,mid,1305,2305,0.09000000000000001,1.0,1.0,1.1467056274414062,-0.008424317231401801
PPO,65,mid,1306,2306,0.09000000000000001,1.0,1.0,0.18939468264579773,-0.00500635604839772
PPO,65,mid,1307,2307,0.09000000000000001,1.0,1.0,0.4221704304218292,-0.008472554385662079
PPO,65,mid,1308,2308,0.09000000000000001,1.0,1.0,0.32054153084754944,-0.00818162178620696
PPO,65,mid,1309,2309,0.09000000000000001,1.0,1.0,1.05779230594635,-0.00794873246923089
PPO,65,mid,1310,2310,-0.03722338914871216,4.0,3.0,0.9467719793319702,-0.018173540011048317
PPO,65,mid,1311,2311,0.09000000000000001,1.0,1.0,0.4882872998714447,-0.009702872717753053
PPO,65,mid,1312,2312,0.09000000000000001,1.0,1.0,1.3941469192504883,-0.008552275830879807
PPO,65,mid,1313,2313,0.09000000000000001,1.0,1.0,0.12007836997509003,-0.005135545390658081
PPO,65,mid,1314,2314,0.09000000000000001,1.0,1.0,0.7428210973739624,-0.010511052096262574
PPO,65,mid,1315,2315,0.12660564661026003,2.0,2.0,0.3870849609375,-0.03959933354053646
PPO,65,mid,1316,2316,0.09000000000000001,1.0,1.0,0.8208175897598267,-0.011739779030904174
PPO,65,mid,1317,2317,0.09000000000000001,1.0,1.0,0.7516638040542603,-0.008706747321411967
PPO,65,mid,1318,2318,0.09000000000000001,1.0,1.0,0.9770345687866211,-0.0112161198630929
PPO,65,mid,1319,2319,0.09000000000000001,1.0,1.0,0.7039413452148438,-0.012328624026849866
PPO,65,mid,1320,2320,0.09000000000000001,1.0,1.0,0.8343340158462524,-0.011613603215664625
PPO,65,mid,1321,2321,0.09000000000000001,1.0,1.0,0.5377110838890076,-0.009667641716077924
PPO,65,mid,1322,2322,0.09194140315055849,2.0,2.0,0.1657741516828537,-0.041943635093048215
PPO,65,mid,1323,2323,0.22272855758666993,3.0,3.0,1.1158219575881958,-0.04986368678510189
PPO,65,mid,1324,2324,0.182812819480896,4.0,3.0,0.4637572765350342,-0.029294558917172253
PPO,65,mid,1325,2325,0.09000000000000001,1.0,1.0,0.4893372654914856,-0.011200673645362258
PPO,65,mid,1326,2326,0.04595287322998048,2.0,2.0,1.1223810911178589,-0.03028885880485177
PPO,65,mid,1327,2327,0.09000000000000001,1.0,1.0,0.8667266964912415,-0.009987106779590249
PPO,65,mid,1328,2328,0.12753446817398073,3.0,2.0,0.9152019619941711,-0.05601816461421549
PPO,65,mid,1329,2329,0.15049057960510254,4.0,4.0,0.9111214876174927,-0.04487785673700273
PPO,65,mid,1330,2330,-0.05800167798995971,3.0,2.0,0.9015645980834961,-0.019549630931578577
PPO,65,mid,1331,2331,0.17642343759536744,3.0,3.0,0.7948356866836548,-0.0348963241558522
PPO,65,mid,1332,2332,0.09000000000000001,1.0,1.0,0.29830601811408997,-0.01003586151637137
PPO,65,mid,1333,2333,0.170323805809021,2.0,2.0,0.9092348217964172,-0.059088670182973146
PPO,65,mid,1334,2334,0.09000000000000001,1.0,1.0,0.8457965850830078,-0.012200771132484078
PPO,65,mid,1335,2335,0.09000000000000001,1.0,1.0,0.14359845221042633,-0.011018182383850217
PPO,65,mid,1336,2336,-0.0057492089271545255,2.0,2.0,0.7399471998214722,-0.03022934077307582
PPO,65,mid,1337,2337,0.07227285385131837,2.0,2.0,0.905753493309021,-0.06920983386225998
PPO,65,mid,1338,2338,0.09000000000000001,1.0,1.0,0.12105406820774078,-0.00949176400899887
PPO,65,mid,1339,2339,0.10972018718719484,2.0,2.0,1.1608495712280273,-0.026540210703387856
PPO,65,mid,1340,2340,0.05675656557083131,4.0,3.0,0.9233745336532593,-0.01603301498107612
PPO,65,mid,1341,2341,0.09000000000000001,1.0,1.0,0.23492105305194855,-0.007468414027243853
PPO,65,mid,1342,2342,0.09000000000000001,1.0,1.0,0.8158378601074219,-0.010553635424003005
PPO,65,mid,1343,2343,0.09000000000000001,1.0,1.0,0.2109089344739914,-0.004659834783524275
PPO,65,mid,1344,2344,0.09000000000000001,1.0,1.0,0.11662144958972931,-0.0067936613922938704
PPO,65,mid,1345,2345,0.221219437122345,2.0,2.0,0.5161486864089966,-0.04705924587324262
PPO,65,mid,1346,2346,0.09000000000000001,1.0,1.0,0.7011098861694336,-0.006771029671654105
PPO,65,mid,1347,2347,0.10068673610687258,3.0,3.0,0.7619470953941345,-0.024463123292662203
PPO,65,mid,1348,2348,0.09000000000000001,1.0,1.0,0.43493106961250305,-0.007551452028565109
PPO,65,mid,1349,2349,-0.018311791419982903,3.0,3.0,0.748848021030426,-0.04904257564339787
PPO,65,mid,1350,2350,0.09000000000000001,1.0,1.0,0.3117254078388214,-0.010019401554018259
PPO,65,mid,1351,2351,0.09000000000000001,1.0,1.0,0.9158338904380798,-0.009628941304981709
PPO,65,mid,1352,2352,0.09000000000000001,1.0,1.0,0.6457082629203796,-0.005388525081798434
PPO,65,mid,1353,2353,0.09000000000000001,1.0,1.0,0.7900167107582092,-0.0060878865187987685
PPO,65,mid,1354,2354,0.09000000000000001,1.0,1.0,0.8017935752868652,-0.0038494763430207968
PPO,65,mid,1355,2355,0.09000000000000001,1.0,1.0,1.0740655660629272,-0.008388827554881573
PPO,65,mid,1356,2356,0.09000000000000001,1.0,1.0,0.8577380776405334,-0.010949525982141495
PPO,65,mid,1357,2357,-0.008581919670104965,2.0,2.0,0.9863542914390564,-0.034254004480317235
PPO,65,mid,1358,2358,0.09000000000000001,1.0,1.0,0.7138137221336365,-0.00477915012743324
PPO,65,mid,1359,2359,0.09000000000000001,1.0,1.0,1.3071184158325195,-0.006952228024601936
PPO,65,mid,1360,2360,0.09000000000000001,1.0,1.0,0.4160676896572113,-0.010248146019876003
PPO,65,mid,1361,2361,0.09000000000000001,1.0,1.0,0.5437679886817932,-0.0037023023469373584
PPO,65,mid,1362,2362,0.09000000000000001,1.0,1.0,0.6546438336372375,-0.0025353190721943974
PPO,65,mid,1363,2363,0.09000000000000001,1.0,1.0,0.722896158695221,-0.007096639601513743
PPO,65,mid,1364,2364,0.1229506301879883,2.0,2.0,0.7401947975158691,-0.05410479847341776
PPO,65,mid,1365,2365,0.09000000000000001,1.0,1.0,0.330979585647583,-0.004905067617073655
PPO,65,mid,1366,2366,0.09000000000000001,1.0,1.0,0.6594977378845215,-0.007082078023813665
PPO,65,mid,1367,2367,0.2633019256591797,2.0,2.0,0.936485767364502,-0.053870280156843364
PPO,65,mid,1368,2368,0.09000000000000001,1.0,1.0,0.88791424036026,-0.011339124757796526
PPO,65,mid,1369,2369,0.09000000000000001,1.0,1.0,0.05930006504058838,-0.00808856578078121
PPO,65,mid,1370,2370,0.09000000000000001,1.0,1.0,0.38651901483535767,-0.00990354223176837
PPO,65,mid,1371,2371,0.09000000000000001,1.0,1.0,0.1844451129436493,-0.00925510935485363
PPO,65,mid,1372,2372,0.2833292055130005,2.0,2.0,0.6882766485214233,-0.0469149702694267
PPO,65,mid,1373,2373,0.022850947380065934,2.0,2.0,1.0089218616485596,-0.010341275716200471
PPO,65,mid,1374,2374,0.023518161773681656,2.0,2.0,0.5032705664634705,-0.03263699123635888
PPO,65,mid,1375,2375,0.01941891193389894,2.0,2.0,1.1896759271621704,-0.06827118806540966
PPO,65,mid,1376,2376,0.07221628904342653,2.0,2.0,0.8058350682258606,-0.10589957796037197
PPO,65,mid,1377,2377,0.09000000000000001,1.0,1.0,0.8635992407798767,-0.008595733670517802
PPO,65,mid,1378,2378,0.09000000000000001,1.0,1.0,0.23475658893585205,-0.0061121012549847364
PPO,65,mid,1379,2379,0.09000000000000001,1.0,1.0,0.6454647779464722,-0.004611743497662246
PPO,65,mid,1380,2380,0.09000000000000001,1.0,1.0,0.3537955582141876,-0.004128458793275058
PPO,65,mid,1381,2381,0.09000000000000001,1.0,1.0,0.6412156224250793,-0.006335504236631095
PPO,65,mid,1382,2382,0.05082995414733888,3.0,3.0,1.0463651418685913,-0.03863392351195216
PPO,65,mid,1383,2383,0.09000000000000001,1.0,1.0,0.21691939234733582,-0.005628370097838342
PPO,65,mid,1384,2384,0.08467896461486818,2.0,2.0,0.7532923817634583,-0.035529225249774754
PPO,65,mid,1385,2385,0.09000000000000001,1.0,1.0,0.9613142013549805,-0.0015514632978010923
PPO,65,mid,1386,2386,0.09000000000000001,1.0,1.0,0.07009022682905197,-0.0008447813306702301
PPO,65,mid,1387,2387,0.2649879026412964,2.0,2.0,1.2622519731521606,-0.029042566195130348
PPO,65,mid,1388,2388,0.09000000000000001,1.0,1.0,0.6175798177719116,-0.004818862886168063
PPO,65,mid,1389,2389,0.09000000000000001,1.0,1.0,0.9087039232254028,-0.008039860287681222
PPO,65,mid,1390,2390,0.09000000000000001,1.0,1.0,0.7140080332756042,-0.008249723352491856
PPO,65,mid,1391,2391,0.09000000000000001,1.0,1.0,0.9767909049987793,-0.0025706576998345554
PPO,65,mid,1392,2392,0.09000000000000001,1.0,1.0,0.7172707319259644,-0.010326254414394498
PPO,65,mid,1393,2393,0.09000000000000001,1.0,1.0,0.9762557744979858,-0.007084666285663843
PPO,65,mid,1394,2394,0.0660193580389023,2.0,2.0,0.20432105660438538,-0.023690062225796282
PPO,65,mid,1395,2395,0.19746466159820558,2.0,2.0,0.41573238372802734,-0.03134841483552009
PPO,65,mid,1396,2396,0.09000000000000001,1.0,1.0,0.8328757882118225,-0.007430282421410084
PPO,65,mid,1397,2397,0.09000000000000001,1.0,1.0,0.8260623216629028,-0.006016151863150299
PPO,65,mid,1398,2398,0.09000000000000001,1.0,1.0,0.15722255408763885,-0.00680804846342653
PPO,65,mid,1399,2399,0.09000000000000001,1.0,1.0,0.7431095838546753,-0.0076193553395569324
PPO,65,mid,1400,2400,0.09000000000000001,1.0,1.0,0.625102162361145,-0.009421724360436201
PPO,65,mid,1401,2401,0.09000000000000001,1.0,1.0,0.8556987643241882,-0.010193307185545564
PPO,65,mid,1402,2402,0.22230602979660036,2.0,2.0,0.8907315135002136,-0.0309479070128873
PPO,65,mid,1403,2403,0.09000000000000001,1.0,1.0,0.6390136480331421,-0.010470493696630001
PPO,65,mid,1404,2404,0.09000000000000001,1.0,1.0,0.6682963967323303,-0.009628934785723686
PPO,65,mid,1405,2405,0.06559179902076723,2.0,2.0,0.2694023549556732,-0.01563148491550237
PPO,65,mid,1406,2406,0.09000000000000001,1.0,1.0,0.6773558855056763,-0.013444060925394297
PPO,65,mid,1407,2407,0.23047574043273927,2.0,2.0,1.2994905710220337,-0.0284030232578516
PPO,65,mid,1408,2408,0.09000000000000001,1.0,1.0,0.7046758532524109,-0.013138828333467245
PPO,65,mid,1409,2409,0.09000000000000001,1.0,1.0,0.09045178443193436,-0.006769845611415803
PPO,65,mid,1410,2410,0.15979135751724244,3.0,3.0,0.2961885631084442,-0.0385628801304847
PPO,65,mid,1411,2411,0.09000000000000001,1.0,1.0,0.426809161901474,-0.011865765089169145
PPO,65,mid,1412,2412,-0.17009788990020752,4.0,4.0,0.8358660340309143,-0.013533338671550155
PPO,65,mid,1413,2413,0.057079272270202645,2.0,2.0,0.7442952990531921,-0.022033642744645476
PPO,65,mid,1414,2414,0.09000000000000001,1.0,1.0,0.6590617895126343,-0.01193353021517396
PPO,65,mid,1415,2415,0.003850104212760941,2.0,2.0,0.2777772843837738,-0.059359867591410875
PPO,65,mid,1416,2416,0.07417537689208985,3.0,2.0,0.7272294163703918,-0.06962230894714594
PPO,65,mid,1417,2417,0.09000000000000001,1.0,1.0,0.6006026864051819,-0.009991090977564454
PPO,65,mid,1418,2418,0.08786057114601137,2.0,2.0,0.45844748616218567,-0.07995830080471933
PPO,65,mid,1419,2419,0.09000000000000001,1.0,1.0,0.14521606266498566,-0.0023894388286862522
PPO,65,mid,1420,2420,0.08913190841674806,2.0,2.0,0.6543857455253601,-0.08214507647790015
PPO,65,mid,1421,2421,0.09000000000000001,1.0,1.0,0.8133805394172668,-0.002419836731860414
PPO,65,mid,1422,2422,0.09000000000000001,1.0,1.0,0.2837606370449066,-0.0007845799991628155
PPO,65,mid,1423,2423,0.09000000000000001,1.0,1.0,0.5892282724380493,-0.002088873239699751
PPO,65,mid,1424,2424,0.09000000000000001,1.0,1.0,0.5762587785720825,-0.0008518099784851074
PPO,65,mid,1425,2425,0.09000000000000001,1.0,1.0,0.528347909450531,-0.0006061952008167282
PPO,65,mid,1426,2426,0.09000000000000001,1.0,1.0,0.8492526412010193,-0.0013743093004450202
PPO,65,mid,1427,2427,0.09000000000000001,1.0,1.0,0.5743902325630188,-0.0016159052320290357
PPO,65,mid,1428,2428,0.09000000000000001,1.0,1.0,0.8139144778251648,-0.0011483286216389388
PPO,65,mid,1429,2429,0.09000000000000001,1.0,1.0,0.9111900925636292,-0.0019172896281816065
PPO,65,mid,1430,2430,0.09000000000000001,1.0,1.0,0.3310200870037079,-0.000945917985518463
PPO,65,mid,1431,2431,0.09000000000000001,1.0,1.0,0.2177334576845169,-0.00014771231144550256
PPO,65,mid,1432,2432,0.09000000000000001,1.0,1.0,0.5611904859542847,-0.0018078944995068014
PPO,65,mid,1433,2433,0.09000000000000001,1.0,1.0,1.354291558265686,-0.0012895184918306768
PPO,65,mid,1434,2434,0.09000000000000001,1.0,1.0,0.573675811290741,-0.0004814609055756591
PPO,65,mid,1435,2435,0.09000000000000001,1.0,1.0,0.6537956595420837,-0.0012500558514147997
PPO,65,mid,1436,2436,0.09000000000000001,1.0,1.0,0.21748898923397064,-0.00021762776668765582
PPO,65,mid,1437,2437,0.09000000000000001,1.0,1.0,0.6126622557640076,-0.0016277572722174227
PPO,65,mid,1438,2438,0.09000000000000001,1.0,1.0,1.074095606803894,-0.0011995943787042052
PPO,65,mid,1439,2439,0.09000000000000001,1.0,1.0,0.5959932208061218,-0.0018542488396633416
PPO,65,mid,1440,2440,0.09000000000000001,1.0,1.0,0.23005254566669464,-0.00038745249185012653
PPO,65,mid,1441,2441,0.09000000000000001,1.0,1.0,0.3365044593811035,-0.0003743346096598543
PPO,65,mid,1442,2442,0.09000000000000001,1.0,1.0,1.159558892250061,-0.0012329324963502586
PPO,65,mid,1443,2443,0.09000000000000001,1.0,1.0,0.27327021956443787,-0.0006391020870069042
PPO,65,mid,1444,2444,0.09000000000000001,1.0,1.0,0.9639833569526672,-0.0012534213601611555
PPO,65,mid,1445,2445,0.09000000000000001,1.0,1.0,0.650469183921814,-0.002444642537739128
PPO,65,mid,1446,2446,0.09000000000000001,1.0,1.0,0.640002429485321,-0.0004916280013276264
PPO,65,mid,1447,2447,0.09000000000000001,1.0,1.0,0.8070129752159119,-0.0012850685743615031
PPO,65,mid,1448,2448,0.09000000000000001,1.0,1.0,0.8260430693626404,-0.0014437004283536226
PPO,65,mid,1449,2449,0.09000000000000001,1.0,1.0,0.13477526605129242,-0.0005015407659811899
PPO,65,mid,1450,2450,0.09000000000000001,1.0,1.0,1.1029807329177856,-0.0029242896707728505
PPO,65,mid,1451,2451,0.09000000000000001,1.0,1.0,0.6760228872299194,-0.0005142606678418815
PPO,65,mid,1452,2452,0.09000000000000001,1.0,1.0,0.5796369314193726,-0.009320262353867292
PPO,65,mid,1453,2453,0.09000000000000001,1.0,1.0,0.5826314091682434,-0.004829328157939017
PPO,65,mid,1454,2454,-0.047792537212371825,2.0,2.0,0.7235211133956909,-0.04702575516421348
PPO,65,mid,1455,2455,0.09000000000000001,1.0,1.0,0.6622658371925354,-0.000334038348228205
PPO,65,mid,1456,2456,0.09000000000000001,1.0,1.0,0.09927412122488022,-0.0002377432283537928
PPO,65,mid,1457,2457,0.09000000000000001,1.0,1.0,0.16682817041873932,-0.0005580360884778202
PPO,65,mid,1458,2458,0.09000000000000001,1.0,1.0,1.0823982954025269,-0.0006777531816624105
PPO,65,mid,1459,2459,0.09000000000000001,1.0,1.0,1.464720368385315,-0.004393982118926942
PPO,65,mid,1460,2460,0.09000000000000001,1.0,1.0,0.940886914730072,-0.0011221150634810328
PPO,65,mid,1461,2461,0.09000000000000001,1.0,1.0,0.7877573370933533,-0.0003722613546415232
PPO,65,mid,1462,2462,0.09000000000000001,1.0,1.0,0.607179582118988,-0.0009768043091753498
PPO,65,mid,1463,2463,0.09000000000000001,1.0,1.0,0.9160675406455994,-0.0003702667308971286
PPO,65,mid,1464,2464,0.09000000000000001,1.0,1.0,0.6212865114212036,-0.001311002968577668
PPO,65,mid,1465,2465,0.03116347074508668,2.0,2.0,0.5815958976745605,-0.055003084111376666
PPO,65,mid,1466,2466,0.09000000000000001,1.0,1.0,0.647165834903717,-0.0012888421188108623
PPO,65,mid,1467,2467,0.09000000000000001,1.0,1.0,0.41049569845199585,-8.525453267793637e-05
PPO,65,mid,1468,2468,0.09000000000000001,1.0,1.0,0.8470754027366638,-0.002226022304967046
PPO,65,mid,1469,2469,0.09000000000000001,1.0,1.0,0.8318957686424255,-0.0008766750834183767
PPO,65,mid,1470,2470,0.09000000000000001,1.0,1.0,0.2551515996456146,-0.0013808695366606116
PPO,65,mid,1471,2471,0.09000000000000001,1.0,1.0,0.720085084438324,-0.00017928925808519125
PPO,65,mid,1472,2472,0.09000000000000001,1.0,1.0,0.9936051964759827,-0.00021905705943936482
PPO,65,mid,1473,2473,0.09000000000000001,1.0,1.0,0.314590722322464,-0.00024100403243210167
PPO,65,mid,1474,2474,0.09000000000000001,1.0,1.0,0.8219984173774719,-0.0037984511582180858
PPO,65,mid,1475,2475,0.09000000000000001,1.0,1.0,0.8876306414604187,-0.0001610199651622679
PPO,65,mid,1476,2476,0.09000000000000001,1.0,1.0,0.7206528782844543,-0.00012150847760494798
PPO,65,mid,1477,2477,0.09000000000000001,1.0,1.0,0.5384172201156616,-3.344267406646395e-05
PPO,65,mid,1478,2478,0.09000000000000001,1.0,1.0,0.21424582600593567,-0.0004371158211142756
PPO,65,mid,1479,2479,0.09000000000000001,1.0,1.0,0.6692144274711609,-0.005074043059721589
PPO,65,mid,1480,2480,0.09000000000000001,1.0,1.0,0.9348244071006775,-0.0005380825168685988
PPO,65,mid,1481,2481,0.09000000000000001,1.0,1.0,0.769969642162323,-0.0009497693681623787
PPO,65,mid,1482,2482,0.09000000000000001,1.0,1.0,0.5708114504814148,-0.0003614016095525585
PPO,65,mid,1483,2483,0.09000000000000001,1.0,1.0,0.830923855304718,-0.0013705709716305137
PPO,65,mid,1484,2484,0.09000000000000001,1.0,1.0,0.3668864667415619,-0.0006133928836788982
PPO,65,mid,1485,2485,0.09000000000000001,1.0,1.0,0.8735866546630859,-0.0005238497396931052
PPO,65,mid,1486,2486,0.09000000000000001,1.0,1.0,0.6207616925239563,-0.00037261770194163546
PPO,65,mid,1487,2487,0.09000000000000001,1.0,1.0,0.24576342105865479,-0.0010258009424433112
PPO,65,mid,1488,2488,0.09000000000000001,1.0,1.0,0.8158405423164368,-0.00038918906648177654
PPO,65,mid,1489,2489,0.09000000000000001,1.0,1.0,0.5722203850746155,-0.0003454480174696073
PPO,65,mid,1490,2490,0.09000000000000001,1.0,1.0,0.9996231198310852,-0.004042638465762138
PPO,65,mid,1491,2491,0.09000000000000001,1.0,1.0,0.20222921669483185,-0.00022277528114500456
PPO,65,mid,1492,2492,0.09000000000000001,1.0,1.0,0.3697623908519745,-0.0008556788525311276
PPO,65,mid,1493,2493,0.09000000000000001,1.0,1.0,0.3039892613887787,-0.002301641390658915
PPO,65,mid,1494,2494,0.09000000000000001,1.0,1.0,0.10881073027849197,-0.0005586416809819639
PPO,65,mid,1495,2495,0.09000000000000001,1.0,1.0,0.6056541800498962,-0.003366630815435201
PPO,65,mid,1496,2496,0.09000000000000001,1.0,1.0,0.873455822467804,-0.0015454987878911197
PPO,65,mid,1497,2497,0.09000000000000001,1.0,1.0,0.48912885785102844,-0.0031356404651887715
PPO,65,mid,1498,2498,0.09000000000000001,1.0,1.0,0.15170295536518097,-0.0006480541778728366
PPO,65,mid,1499,2499,0.09000000000000001,1.0,1.0,0.802266001701355,-0.0005897519149584696
PPO,65,mid,1500,2500,0.09000000000000001,1.0,1.0,0.746274471282959,-0.0005218148871790618
PPO,65,mid,1501,2501,0.09000000000000001,1.0,1.0,0.2543450891971588,-0.007767224917188287
PPO,65,mid,1502,2502,0.09000000000000001,1.0,1.0,0.09483317285776138,-0.00031419120932696387
PPO,65,mid,1503,2503,0.09000000000000001,1.0,1.0,1.0824482440948486,-0.0008212253305828199
PPO,65,mid,1504,2504,0.09000000000000001,1.0,1.0,1.0162665843963623,-0.001134833466494456
PPO,65,mid,1505,2505,0.09000000000000001,1.0,1.0,0.9448434114456177,-0.0010430817783344537
PPO,65,mid,1506,2506,0.09000000000000001,1.0,1.0,0.3557145595550537,-0.0016759773716330528
PPO,65,mid,1507,2507,0.09000000000000001,1.0,1.0,0.1571195274591446,-0.0009213714074576274
PPO,65,mid,1508,2508,0.09000000000000001,1.0,1.0,0.6135256886482239,-0.00512258883100003
PPO,65,mid,1509,2509,0.09000000000000001,1.0,1.0,0.7879968881607056,-0.0011489023745525628
PPO,65,mid,1510,2510,0.09000000000000001,1.0,1.0,0.8308189511299133,-0.0015531052195001394
PPO,65,mid,1511,2511,0.09000000000000001,1.0,1.0,0.9688954949378967,-0.000901636274647899
PPO,65,mid,1512,2512,0.09000000000000001,1.0,1.0,0.4655325710773468,-0.0005906456499360502
PPO,65,mid,1513,2513,0.04213281154632569,2.0,2.0,0.907629132270813,-0.05239734100177884
PPO,65,mid,1514,2514,0.09000000000000001,1.0,1.0,0.6427536010742188,-0.0034896385041065514
PPO,65,mid,1515,2515,0.09000000000000001,1.0,1.0,0.6264317631721497,-0.001759583130478859
PPO,65,mid,1516,2516,0.09000000000000001,1.0,1.0,0.6695932149887085,-0.0007748863572487608
PPO,65,mid,1517,2517,0.09000000000000001,1.0,1.0,0.7482742071151733,-0.0002644956621224992
PPO,65,mid,1518,2518,0.09000000000000001,1.0,1.0,0.4553593099117279,-0.005127745098434389
PPO,65,mid,1519,2519,0.09000000000000001,1.0,1.0,0.6017784476280212,-0.0006698643119307235
PPO,65,mid,1520,2520,0.09000000000000001,1.0,1.0,0.37839609384536743,-0.0003312656990601681
PPO,65,mid,1521,2521,0.09000000000000001,1.0,1.0,0.3318745791912079,-0.0001710595897748135
PPO,65,mid,1522,2522,0.09000000000000001,1.0,1.0,1.1431772708892822,-0.0032098899828270078
PPO,65,mid,1523,2523,0.09000000000000001,1.0,1.0,0.39822083711624146,-0.000590413561440073
PPO,65,mid,1524,2524,0.09000000000000001,1.0,1.0,0.5703297257423401,-0.0006979848985793069
PPO,65,mid,1525,2525,0.20843173742294313,2.0,2.0,0.7712399363517761,-0.04942234337795526
PPO,65,mid,1526,2526,0.09000000000000001,1.0,1.0,0.29380956292152405,-0.00018677194020710886
PPO,65,mid,1527,2527,0.08558423995971681,2.0,2.0,1.0893054008483887,-0.04688760690623894
PPO,65,mid,1528,2528,0.09000000000000001,1.0,1.0,1.080604076385498,-0.000809748686151579
PPO,65,mid,1529,2529,0.09000000000000001,1.0,1.0,0.6844514012336731,-0.0034124994999729097
PPO,65,mid,1530,2530,0.19380213499069215,2.0,2.0,0.8273560404777527,-0.05876600512419827
PPO,65,mid,1531,2531,0.09000000000000001,1.0,1.0,1.3149672746658325,-0.0015452412189915776
PPO,65,mid,1532,2532,0.09000000000000001,1.0,1.0,0.7914004921913147,-0.005684885079972446
PPO,65,mid,1533,2533,0.09000000000000001,1.0,1.0,0.844864547252655,-0.0017048126610461622
PPO,65,mid,1534,2534,0.09000000000000001,1.0,1.0,1.300371766090393,-0.0032747325603850186
PPO,65,mid,1535,2535,0.09000000000000001,1.0,1.0,0.21894757449626923,-0.0008098120160866529
PPO,65,mid,1536,2536,0.09000000000000001,1.0,1.0,0.8918668627738953,-0.011992625426501036
PPO,65,mid,1537,2537,0.09000000000000001,1.0,1.0,0.8523464202880859,-0.0019559231877792627
PPO,65,mid,1538,2538,0.09000000000000001,1.0,1.0,0.17477509379386902,-0.0007457732426701114
PPO,65,mid,1539,2539,0.09000000000000001,1.0,1.0,0.20179200172424316,-0.0020836933399550617
PPO,65,mid,1540,2540,0.09000000000000001,1.0,1.0,0.24503207206726074,-0.0011234674602746964
PPO,65,mid,1541,2541,0.09000000000000001,1.0,1.0,0.3201064467430115,-0.0010416419536340982
PPO,65,mid,1542,2542,0.09000000000000001,1.0,1.0,0.45109888911247253,-0.0016458348254673183
PPO,65,mid,1543,2543,0.09000000000000001,1.0,1.0,0.34415361285209656,-0.0029588552424684167
PPO,65,mid,1544,2544,0.09000000000000001,1.0,1.0,0.8098796606063843,-0.004762660013511777
PPO,65,mid,1545,2545,0.09000000000000001,1.0,1.0,0.37878164649009705,-0.00457554345484823
PPO,65,mid,1546,2546,0.09000000000000001,1.0,1.0,0.46451470255851746,-0.008942110696807504
PPO,65,mid,1547,2547,0.09000000000000001,1.0,1.0,0.20703087747097015,-0.002038802544120699
PPO,65,mid,1548,2548,0.09000000000000001,1.0,1.0,0.55779629945755,-0.003750515927094966
PPO,65,mid,1549,2549,0.09000000000000001,1.0,1.0,0.5285047292709351,-0.004401694051921368
PPO,65,mid,1550,2550,0.09000000000000001,1.0,1.0,0.6875516176223755,-0.0025424083578400314
PPO,65,mid,1551,2551,0.09000000000000001,1.0,1.0,0.8121851682662964,-0.009812386007979512
PPO,65,mid,1552,2552,0.09000000000000001,1.0,1.0,1.1105107069015503,-0.006563171627931297
PPO,65,mid,1553,2553,0.09000000000000001,1.0,1.0,0.7283676862716675,-0.0030198998283594847
PPO,65,mid,1554,2554,0.09000000000000001,1.0,1.0,0.5344523191452026,-0.01182896550744772
PPO,65,mid,1555,2555,0.09000000000000001,1.0,1.0,0.6904274821281433,-0.0016233730129897594
PPO,65,mid,1556,2556,0.09000000000000001,1.0,1.0,0.9373807311058044,-0.012178352568298578
PPO,65,mid,1557,2557,0.3893926310539246,2.0,2.0,0.6636531949043274,-0.02422171295620501
PPO,65,mid,1558,2558,0.016177939176559464,2.0,2.0,0.5324738025665283,-0.004259452020050958
PPO,65,mid,1559,2559,0.16708888292312624,2.0,2.0,0.838440477848053,-0.043605186394415796
PPO,65,mid,1560,2560,0.13213295698165894,4.0,3.0,0.6962598562240601,-0.017413080320693552
PPO,65,mid,1561,2561,0.09000000000000001,1.0,1.0,0.8005972504615784,-0.007701043505221605
PPO,65,mid,1562,2562,0.15457402348518373,2.0,2.0,0.4567912518978119,-0.05407916661351919
PPO,65,mid,1563,2563,0.09000000000000001,1.0,1.0,0.9681218266487122,-0.011346868239343166
PPO,65,mid,1564,2564,0.09000000000000001,1.0,1.0,0.8519049286842346,-0.01269377232529223
PPO,65,mid,1565,2565,0.09000000000000001,1.0,1.0,0.8344050049781799,-0.011894093127921224
PPO,65,mid,1566,2566,0.1446546483039856,2.0,2.0,0.8758050203323364,-0.054217207711189985
PPO,65,mid,1567,2567,0.07018007516860963,2.0,2.0,0.3645419478416443,0.007119282148778439
PPO,65,mid,1568,2568,0.19224185466766358,3.0,3.0,0.7395332455635071,-0.051976192044094205
PPO,65,mid,1569,2569,0.09000000000000001,1.0,1.0,0.3104478418827057,-0.012350986013188958
PPO,65,mid,1570,2570,0.05160851955413819,2.0,2.0,0.24777135252952576,-0.029680816689506173
PPO,65,mid,1571,2571,0.07954885244369508,2.0,2.0,0.8148512840270996,-0.0772629592102021
PPO,65,mid,1572,2572,0.21002515077590944,3.0,2.0,0.6870827674865723,-0.027976189041510224
PPO,65,mid,1573,2573,0.22098858118057252,4.0,3.0,0.9026859402656555,-0.0600372685585171
PPO,65,mid,1574,2574,0.09000000000000001,1.0,1.0,0.7134174704551697,-0.010302875889465213
PPO,65,mid,1575,2575,0.09000000000000001,1.0,1.0,0.5536186099052429,-0.00880722003057599
PPO,65,mid,1576,2576,0.08014889478683472,3.0,2.0,0.5782080888748169,-0.06438712682574987
PPO,65,mid,1577,2577,0.1637921404838562,3.0,3.0,0.8352757692337036,-0.030740140820853412
PPO,65,mid,1578,2578,0.057547645568847665,2.0,2.0,0.4534763693809509,-0.0392382696736604
PPO,65,mid,1579,2579,0.17771275520324709,2.0,2.0,1.3062535524368286,-0.031496065901592374
PPO,65,mid,1580,2580,0.09000000000000001,1.0,1.0,0.6918010711669922,-0.011662590550258756
PPO,65,mid,1581,2581,0.09000000000000001,1.0,1.0,0.8955621719360352,-0.009808310540392995
PPO,65,mid,1582,2582,0.04919775009155274,2.0,2.0,1.0188630819320679,-0.04710894240997732
PPO,65,mid,1583,2583,0.09000000000000001,1.0,1.0,1.014315128326416,-0.008244289085268974
PPO,65,mid,1584,2584,0.09000000000000001,1.0,1.0,0.7900928258895874,-0.011631786124780774
PPO,65,mid,1585,2585,0.09000000000000001,1.0,1.0,0.9141023755073547,-0.0028924733633175492
PPO,65,mid,1586,2586,0.09000000000000001,1.0,1.0,0.1922278106212616,-0.0026841333019547164
PPO,65,mid,1587,2587,0.09000000000000001,1.0,1.0,0.6020213961601257,-0.0015257129562087357
PPO,65,mid,1588,2588,0.09000000000000001,1.0,1.0,0.45567193627357483,-0.008454613387584686
PPO,65,mid,1589,2589,0.09000000000000001,1.0,1.0,0.20405204594135284,-0.0036179926828481257
PPO,65,mid,1590,2590,0.09000000000000001,1.0,1.0,0.5344170928001404,-0.006621848442591727
PPO,65,mid,1591,2591,0.09000000000000001,1.0,1.0,0.7343890070915222,-0.002794573607388884
PPO,65,mid,1592,2592,0.2885418701171875,2.0,2.0,1.2416776418685913,-0.10521003906615078
PPO,65,mid,1593,2593,0.09659152150154116,3.0,2.0,0.3134874999523163,-0.0293947565369308
PPO,65,mid,1594,2594,0.09000000000000001,1.0,1.0,0.761957585811615,-0.006290853256359696
PPO,65,mid,1595,2595,0.13377429723739626,2.0,2.0,0.7682613134384155,-0.07456646871287376
PPO,65,mid,1596,2596,0.09000000000000001,1.0,1.0,0.8467848896980286,-0.011417382163926959
PPO,65,mid,1597,2597,0.011868374347686783,2.0,2.0,0.6886298060417175,-0.04745397518854588
PPO,65,mid,1598,2598,0.09000000000000001,1.0,1.0,0.27804794907569885,-0.00572826957795769
PPO,65,mid,1599,2599,0.09000000000000001,1.0,1.0,0.5608901381492615,-0.009955768007785082
PPO,65,mid,1600,2600,0.09000000000000001,1.0,1.0,0.36143550276756287,-0.008808206534013152
PPO,65,mid,1601,2601,0.09000000000000001,1.0,1.0,0.812418520450592,-0.010488515021279454
PPO,65,mid,1602,2602,0.09000000000000001,1.0,1.0,0.6726473569869995,-0.008796474430710077
PPO,65,mid,1603,2603,0.09000000000000001,1.0,1.0,0.18950532376766205,-0.0012558693124447018
PPO,65,mid,1604,2604,0.09000000000000001,1.0,1.0,0.2266598790884018,-0.007865930092521012
PPO,65,mid,1605,2605,0.16046919107437135,2.0,2.0,0.42083674669265747,-0.05014693888369948
PPO,65,mid,1606,2606,0.09000000000000001,1.0,1.0,0.7056176066398621,-0.00945310783572495
PPO,65,mid,1607,2607,0.20396329641342165,2.0,2.0,0.6588544845581055,-0.0864936476573348
PPO,65,mid,1608,2608,0.09000000000000001,1.0,1.0,0.9242774844169617,-0.014181601349264383
PPO,65,mid,1609,2609,0.08219916343688966,3.0,3.0,0.4021812081336975,-0.045738769229501486
PPO,65,mid,1610,2610,0.09000000000000001,1.0,1.0,0.5924414992332458,-0.013344242936000228
PPO,65,mid,1611,2611,0.01952179193496706,3.0,2.0,0.485749751329422,-0.05904453294351697
PPO,65,mid,1612,2612,0.09000000000000001,1.0,1.0,0.7051293253898621,-0.011649027932435274
PPO,65,mid,1613,2613,0.13133871734142305,2.0,2.0,0.23803959786891937,-0.044813915155828
PPO,65,mid,1614,2614,-0.05910724997520446,5.0,2.0,0.20915043354034424,-0.036864050081931055
PPO,65,mid,1615,2615,0.08298583745956423,3.0,2.0,0.7879825830459595,-0.03415563050657511
PPO,65,mid,1616,2616,0.09000000000000001,1.0,1.0,0.9227550625801086,-0.011707996251061559
PPO,65,mid,1617,2617,0.09000000000000001,1.0,1.0,0.13277046382427216,-0.011641812976449728
PPO,65,mid,1618,2618,0.09000000000000001,1.0,1.0,0.31848224997520447,-0.012348497984930873
PPO,65,mid,1619,2619,0.09000000000000001,1.0,1.0,0.6072729825973511,-0.010770179564133286
PPO,65,mid,1620,2620,0.09036310195922853,2.0,2.0,0.4338841140270233,-0.057286941446363926
PPO,65,mid,1621,2621,0.09000000000000001,1.0,1.0,0.11386244744062424,-0.002182626660214737
PPO,65,mid,1622,2622,0.09000000000000001,1.0,1.0,0.2360323667526245,-0.0074858712032437325
PPO,65,mid,1623,2623,0.17414547920227053,3.0,2.0,1.0230507850646973,-0.033770393114537
PPO,65,mid,1624,2624,0.09000000000000001,1.0,1.0,1.0747803449630737,-0.007340380223467946
PPO,65,mid,1625,2625,0.09000000000000001,1.0,1.0,0.4106377959251404,-0.0031253512715920806
PPO,65,mid,1626,2626,0.09000000000000001,1.0,1.0,0.8804629445075989,-0.009908420965075493
PPO,65,mid,1627,2627,-0.019854528903961166,2.0,2.0,0.6723871827125549,-0.05512436502613127
PPO,65,mid,1628,2628,0.26221729040145875,3.0,3.0,0.6691994071006775,-0.021217975532636046
PPO,65,mid,1629,2629,0.09000000000000001,1.0,1.0,0.6695036888122559,-0.0054894424974918365
PPO,65,mid,1630,2630,0.09000000000000001,1.0,1.0,0.7506285309791565,-0.002075329306535423
PPO,65,mid,1631,2631,0.09000000000000001,1.0,1.0,0.7979266047477722,-0.004553874139674008
PPO,65,mid,1632,2632,0.09000000000000001,1.0,1.0,0.2929266393184662,-0.004542164737358689
PPO,65,mid,1633,2633,0.09000000000000001,1.0,1.0,0.15138986706733704,-0.0028005806379951537
PPO,65,mid,1634,2634,0.09000000000000001,1.0,1.0,0.7176433801651001,-0.006760445423424244
PPO,65,mid,1635,2635,0.09000000000000001,1.0,1.0,1.012505054473877,-0.0033959494321607053
PPO,65,mid,1636,2636,0.09000000000000001,1.0,1.0,0.23505426943302155,-0.005011781002394855
PPO,65,mid,1637,2637,0.09000000000000001,1.0,1.0,0.37497907876968384,-0.0017716891306918114
PPO,65,mid,1638,2638,0.05876596450805665,2.0,2.0,0.35641029477119446,-0.038143380894325674
PPO,65,mid,1639,2639,0.09000000000000001,1.0,1.0,0.7895408272743225,-0.005341636715456843
PPO,65,mid,1640,2640,0.09000000000000001,1.0,1.0,0.1200287789106369,-0.002900595951359719
PPO,65,mid,1641,2641,0.09000000000000001,1.0,1.0,0.47520288825035095,-0.0034029418602585793
PPO,65,mid,1642,2642,0.09000000000000001,1.0,1.0,0.6315898299217224,-0.0034830115037038922
PPO,65,mid,1643,2643,0.09000000000000001,1.0,1.0,0.2639288008213043,-0.0029758868040516973
PPO,65,mid,1644,2644,0.09000000000000001,1.0,1.0,0.28335174918174744,-0.0015761249524075538
PPO,65,mid,1645,2645,0.16832219243049623,2.0,2.0,0.4811032712459564,-0.06747581314994022
PPO,65,mid,1646,2646,0.09000000000000001,1.0,1.0,0.7159979939460754,-0.006092951400205493
PPO,65,mid,1647,2647,0.09000000000000001,1.0,1.0,0.7785844206809998,-0.0038652800722047687
PPO,65,mid,1648,2648,0.09000000000000001,1.0,1.0,1.0197275876998901,-0.007690137135796249
PPO,65,mid,1649,2649,0.09000000000000001,1.0,1.0,0.25433722138404846,-0.008067193906754255
PPO,65,mid,1650,2650,0.09000000000000001,1.0,1.0,0.9213818311691284,-0.012318320805206895
PPO,65,mid,1651,2651,0.2703420090675354,2.0,2.0,0.8854591250419617,-0.05199533607810736
PPO,65,mid,1652,2652,0.09000000000000001,1.0,1.0,0.7045077085494995,-0.010263042990118265
PPO,65,mid,1653,2653,0.0665955710411072,2.0,2.0,0.7897003889083862,-0.04397613788023591
PPO,65,mid,1654,2654,0.09000000000000001,1.0,1.0,0.780944287776947,-0.011181556154042482
PPO,65,mid,1655,2655,0.09477605104446413,2.0,2.0,0.8549060821533203,-0.0781759349629283
PPO,65,mid,1656,2656,0.017916815280914322,2.0,2.0,0.558438777923584,0.0014655814738944173
PPO,65,mid,1657,2657,0.15584026455879213,2.0,2.0,0.28777748346328735,-0.034767720848321915
PPO,65,mid,1658,2658,0.09000000000000001,1.0,1.0,0.44650396704673767,-0.011520828818902373
PPO,65,mid,1659,2659,0.09000000000000001,1.0,1.0,0.3927362859249115,-0.010750246234238148
PPO,65,mid,1660,2660,-0.054692721366882316,5.0,2.0,1.1220121383666992,-0.026802157517522573
PPO,65,mid,1661,2661,0.09000000000000001,1.0,1.0,0.668643057346344,-0.010520189069211483
PPO,65,mid,1662,2662,0.09000000000000001,1.0,1.0,0.4567311704158783,-0.009669041028246284
PPO,65,mid,1663,2663,0.02942975044250489,2.0,2.0,0.4799327552318573,-0.06185411324258894
PPO,65,mid,1664,2664,0.10033525705337526,2.0,2.0,0.5836496949195862,0.024204662768170238
PPO,65,mid,1665,2665,0.16748584985733034,2.0,2.0,0.7218145728111267,-0.04742918722331524
PPO,65,mid,1666,2666,0.09000000000000001,1.0,1.0,0.7538785934448242,-0.00875048479065299
PPO,65,mid,1667,2667,0.09000000000000001,1.0,1.0,0.6148366332054138,-0.01055350317619741
PPO,65,mid,1668,2668,-0.03937390267848968,2.0,2.0,0.2533223032951355,-0.042053381679579616
PPO,65,mid,1669,2669,0.0404511308670044,4.0,2.0,1.0202000141143799,-0.03310941229574382
PPO,65,mid,1670,2670,0.09000000000000001,1.0,1.0,0.4698950946331024,-0.008224025834351778
PPO,65,mid,1671,2671,0.14445103883743288,2.0,2.0,0.8571570515632629,-0.0195819609798491
PPO,65,mid,1672,2672,-0.00028648793697355623,2.0,2.0,0.2055394947528839,-0.06049226981122047
PPO,65,mid,1673,2673,0.004693703651428238,2.0,2.0,0.6624438166618347,-0.03517438773997128
PPO,65,mid,1674,2674,0.09000000000000001,1.0,1.0,0.7863985896110535,-0.007433672319166362
PPO,65,mid,1675,2675,0.28514613389968874,2.0,2.0,0.6396394968032837,-0.002830162295140326
PPO,65,mid,1676,2676,0.3050267863273621,2.0,2.0,0.7707868814468384,-0.06828008941374719
PPO,65,mid,1677,2677,0.15519829273223879,2.0,2.0,0.6521629095077515,-0.0980649838456884
PPO,65,mid,1678,2678,-0.042803387641906734,3.0,2.0,0.47613367438316345,0.03837495465995744
PPO,65,mid,1679,2679,-0.03074614286422729,3.0,2.0,0.5343935489654541,-0.035716092912480235
PPO,65,mid,1680,2680,0.14336015462875368,2.0,2.0,0.7733502388000488,0.0042698197066783905
PPO,65,mid,1681,2681,0.03338265597820283,2.0,2.0,0.27926012873649597,-0.02705643721856177
PPO,65,mid,1682,2682,0.2614085841178894,2.0,2.0,0.47992992401123047,-0.0019908101530745625
PPO,65,mid,1683,2683,0.09000000000000001,1.0,1.0,0.7466952204704285,-0.006654537515714765
PPO,65,mid,1684,2684,0.07937963485717775,2.0,2.0,0.6271248459815979,-0.037060780450701714
PPO,65,mid,1685,2685,0.09000000000000001,1.0,1.0,0.5116263628005981,-0.008136970456689596
PPO,65,mid,1686,2686,0.18162347793579103,3.0,2.0,1.0011600255966187,-0.03311395482160151
PPO,65,mid,1687,2687,0.048792679309844975,3.0,2.0,0.5966683030128479,-0.09361305739730597
PPO,65,mid,1688,2688,0.09000000000000001,1.0,1.0,0.7752477526664734,-0.0067141581093892455
PPO,65,mid,1689,2689,0.12001361131668092,2.0,2.0,0.5442748665809631,0.006593008758500218
PPO,65,mid,1690,2690,0.09000000000000001,1.0,1.0,0.3417828679084778,-0.00742098840419203
PPO,65,mid,1691,2691,0.12555821657180788,3.0,2.0,0.6381061673164368,-0.038529154378920794
PPO,65,mid,1692,2692,0.09000000000000001,1.0,1.0,0.38187408447265625,-0.006038332125172019
PPO,65,mid,1693,2693,0.09000000000000001,1.0,1.0,0.4016575515270233,-0.008622058434411883
PPO,65,mid,1694,2694,-0.014361782073974594,2.0,2.0,0.3869430124759674,-0.06251096562482417
PPO,65,mid,1695,2695,0.09000000000000001,1.0,1.0,0.2889553904533386,-0.00482106686104089
PPO,65,mid,1696,2696,0.09000000000000001,1.0,1.0,0.3749379515647888,-0.008731605019420385
PPO,65,mid,1697,2697,0.18676860809326173,2.0,2.0,0.7163239121437073,-0.028574036608915776
PPO,65,mid,1698,2698,0.09000000000000001,1.0,1.0,0.7436375021934509,-0.008192793931812048
PPO,65,mid,1699,2699,0.09000000000000001,1.0,1.0,0.24629513919353485,-0.003022165154106915
PPO,65,mid,1700,2700,0.09000000000000001,1.0,1.0,0.9016277194023132,-0.0087898476049304
PPO,65,mid,1701,2701,0.17441399574279787,2.0,2.0,0.6935120224952698,-0.06407655775547028
PPO,65,mid,1702,2702,0.09000000000000001,1.0,1.0,1.0013288259506226,-0.009118320420384407
PPO,65,mid,1703,2703,0.12412430524826051,2.0,2.0,0.5695607662200928,-0.06910222070291638
PPO,65,mid,1704,2704,0.09000000000000001,1.0,1.0,1.0943500995635986,-0.008340754313394427
PPO,65,mid,1705,2705,0.09000000000000001,1.0,1.0,0.3300759494304657,-0.007926206453703344
PPO,65,mid,1706,2706,0.14090599298477174,2.0,2.0,0.8063498735427856,-0.09342933678999543
PPO,65,mid,1707,2707,0.07173153936862947,2.0,2.0,0.21815812587738037,0.02408618596382439
PPO,65,mid,1708,2708,0.03734581589698792,3.0,2.0,0.3691270649433136,-0.07001379574649036
PPO,65,mid,1709,2709,-0.008382661342620834,2.0,2.0,0.4725591838359833,-0.08909200504422188
PPO,65,mid,1710,2710,-0.03487191200256347,5.0,2.0,0.7567821741104126,-0.07495145685970783
PPO,65,mid,1711,2711,0.17680819511413576,2.0,2.0,0.5979300737380981,0.00923370593227446
PPO,65,mid,1712,2712,0.09000000000000001,1.0,1.0,0.8778543472290039,-0.010330005548894405
PPO,65,mid,1713,2713,0.09000000000000001,1.0,1.0,0.47623735666275024,-0.006885520764626563
PPO,65,mid,1714,2714,0.16052814006805421,2.0,2.0,1.032938838005066,-0.03569780150428414
PPO,65,mid,1715,2715,0.09000000000000001,1.0,1.0,0.37521520256996155,-0.008977282093837857
PPO,65,mid,1716,2716,0.09000000000000001,1.0,1.0,0.21691939234733582,-0.009244811488315463
PPO,65,mid,1717,2717,0.09000000000000001,1.0,1.0,0.7314566969871521,-0.00783998763654381
PPO,65,mid,1718,2718,0.09000000000000001,1.0,1.0,0.2002784162759781,-0.008501498261466622
PPO,65,mid,1719,2719,0.10830319344997408,3.0,2.0,0.24217133224010468,-0.04453281336463988
PPO,65,mid,1720,2720,-0.0034060835838317788,5.0,2.0,0.9068668484687805,-0.06377095310017467
PPO,65,mid,1721,2721,-0.14467999935150144,5.0,2.0,1.1653540134429932,-0.044480575481429696
PPO,65,mid,1722,2722,0.09000000000000001,1.0,1.0,0.5193241238594055,-0.0026427265256643295
PPO,65,mid,1723,2723,0.28299965143203737,2.0,2.0,0.5080612301826477,-0.05355219228658825
PPO,65,mid,1724,2724,0.09000000000000001,1.0,1.0,0.44942551851272583,-0.011007479159161448
PPO,65,mid,1725,2725,0.008921493291854862,3.0,2.0,0.3005070686340332,-0.057086136424914
PPO,65,mid,1726,2726,0.1442453932762146,3.0,3.0,0.7505344152450562,-0.09242543706204742
PPO,65,mid,1727,2727,0.09000000000000001,1.0,1.0,0.8690952062606812,-0.011419589864090085
PPO,65,mid,1728,2728,0.23761518478393556,2.0,2.0,0.671709418296814,-0.03416187583934516
PPO,65,mid,1729,2729,0.09000000000000001,1.0,1.0,0.5849167704582214,-0.0021572051919065416
PPO,65,mid,1730,2730,0.09000000000000001,1.0,1.0,0.8374406099319458,-0.008916562423110008
PPO,65,mid,1731,2731,0.09000000000000001,1.0,1.0,0.5045359134674072,-0.004620891995728016
PPO,65,mid,1732,2732,0.09000000000000001,1.0,1.0,0.6489385962486267,-0.005611374159343541
PPO,65,mid,1733,2733,0.09000000000000001,1.0,1.0,0.16778890788555145,-0.0038686369662173092
PPO,65,mid,1734,2734,0.09000000000000001,1.0,1.0,0.5783168077468872,-0.0030617587035521865
PPO,65,mid,1735,2735,0.09000000000000001,1.0,1.0,0.3438718318939209,-0.0020277522853575647
PPO,65,mid,1736,2736,0.09000000000000001,1.0,1.0,1.0053516626358032,-0.014287711819633842
PPO,65,mid,1737,2737,-0.031996769905090316,2.0,2.0,0.6469996571540833,-0.05048519925912842
PPO,65,mid,1738,2738,0.09000000000000001,1.0,1.0,0.5814607739448547,-0.003311525215394795
PPO,65,mid,1739,2739,0.3023332524299622,2.0,2.0,0.2704477310180664,-0.0350314739625901
PPO,65,mid,1740,2740,0.1438164281845093,2.0,2.0,0.6940050721168518,-0.053799465706106275
PPO,65,mid,1741,2741,0.09000000000000001,1.0,1.0,0.5675677061080933,-0.01234267489053309
PPO,65,mid,1742,2742,0.09000000000000001,1.0,1.0,0.31291428208351135,-0.006883708061650395
PPO,65,mid,1743,2743,0.09000000000000001,1.0,1.0,0.648251473903656,-0.00793773028999567
PPO,65,mid,1744,2744,0.09000000000000001,1.0,1.0,1.2270004749298096,-0.01294066570699215
PPO,65,mid,1745,2745,0.09000000000000001,1.0,1.0,0.280170738697052,-0.009605842875316739
PPO,65,mid,1746,2746,0.09000000000000001,1.0,1.0,0.10797081887722015,-0.009523516288027167
PPO,65,mid,1747,2747,0.09000000000000001,1.0,1.0,1.0872516632080078,-0.01368177612312138
PPO,65,mid,1748,2748,0.09000000000000001,1.0,1.0,0.6821752786636353,-0.014798992779105902
PPO,65,mid,1749,2749,0.09000000000000001,1.0,1.0,0.41296884417533875,-0.005042741075158119
PPO,65,mid,1750,2750,0.04534132957458497,2.0,2.0,0.891844630241394,-0.04809678252786398
PPO,65,mid,1751,2751,0.09000000000000001,1.0,1.0,1.098425030708313,-0.014415079029276967
PPO,65,mid,1752,2752,0.04473106741905213,2.0,2.0,0.44413772225379944,-0.07557020173408091
PPO,65,mid,1753,2753,0.047465996742248544,2.0,2.0,0.9296604990959167,-0.11667185579426587
PPO,65,mid,1754,2754,0.09000000000000001,1.0,1.0,1.266217827796936,-0.004561701731290668
PPO,65,mid,1755,2755,0.09000000000000001,1.0,1.0,0.44522395730018616,-0.0006802518328186125
PPO,65,mid,1756,2756,0.09000000000000001,1.0,1.0,0.680334210395813,-0.00020738141756737605
PPO,65,mid,1757,2757,0.09000000000000001,1.0,1.0,1.0582588911056519,-0.00012581404189404566
PPO,65,mid,1758,2758,0.09000000000000001,1.0,1.0,0.34293332695961,-6.167594165162882e-05
PPO,65,mid,1759,2759,0.09000000000000001,1.0,1.0,0.9172563552856445,-0.00016790150039014407
PPO,65,mid,1760,2760,0.09000000000000001,1.0,1.0,0.6250826120376587,-1.6751679140725173e-05
PPO,65,mid,1761,2761,0.09000000000000001,1.0,1.0,0.3232441842556,-1.5182669812929817e-05
PPO,65,mid,1762,2762,0.09000000000000001,1.0,1.0,0.8642382621765137,-1.61353605108161e-05
PPO,65,mid,1763,2763,0.09000000000000001,1.0,1.0,0.7662799954414368,-0.0001416433005942963
PPO,65,mid,1764,2764,0.09000000000000001,1.0,1.0,0.6199089288711548,-4.597060615196824e-05
PPO,65,mid,1765,2765,0.09000000000000001,1.0,1.0,0.8051661849021912,-2.084361540255486e-05
PPO,65,mid,1766,2766,0.09000000000000001,1.0,1.0,0.23948194086551666,-9.743892178448732e-06
PPO,65,mid,1767,2767,0.09000000000000001,1.0,1.0,0.9015398621559143,-1.1994246733593172e-05
PPO,65,mid,1768,2768,0.09000000000000001,1.0,1.0,0.15814287960529327,-1.697498191788327e-05
PPO,65,mid,1769,2769,0.09000000000000001,1.0,1.0,0.8486757278442383,-7.037716386548709e-05
PPO,65,mid,1770,2770,0.09000000000000001,1.0,1.0,0.18564733862876892,-1.7765091797627974e-06
PPO,65,mid,1771,2771,0.09000000000000001,1.0,1.0,0.6893389821052551,-3.164448389725294e-05
PPO,65,mid,1772,2772,0.09000000000000001,1.0,1.0,0.7495943903923035,-7.77403183747083e-05
PPO,65,mid,1773,2773,0.09000000000000001,1.0,1.0,0.30386796593666077,-1.1243768085478223e-05
PPO,65,mid,1774,2774,0.09000000000000001,1.0,1.0,0.5011916160583496,-3.4747590689221397e-06
PPO,65,mid,1775,2775,0.09000000000000001,1.0,1.0,1.2687093019485474,-2.311306297997362e-05
PPO,65,mid,1776,2776,0.09000000000000001,1.0,1.0,1.001442790031433,-0.00034551967110019177
PPO,65,mid,1777,2777,0.09000000000000001,1.0,1.0,0.15925851464271545,-3.88682365155546e-05
PPO,65,mid,1778,2778,0.09000000000000001,1.0,1.0,0.13807915151119232,-5.3539833970717154e-06
PPO,65,mid,1779,2779,0.09000000000000001,1.0,1.0,0.7675262093544006,-3.9548869608552195e-05
PPO,65,mid,1780,2780,0.09000000000000001,1.0,1.0,1.0969674587249756,-9.44055227591889e-05
PPO,65,mid,1781,2781,0.09000000000000001,1.0,1.0,0.9153477549552917,-0.00019734652232727967
PPO,65,mid,1782,2782,0.09000000000000001,1.0,1.0,0.9989917874336243,-0.00028306079184403643
PPO,65,mid,1783,2783,0.09000000000000001,1.0,1.0,0.3723740577697754,-1.8306770016351948e-05
PPO,65,mid,1784,2784,0.09000000000000001,1.0,1.0,0.6400003433227539,-5.756330938311294e-05
PPO,65,mid,1785,2785,0.09000000000000001,1.0,1.0,0.22907313704490662,-6.893842510180548e-05
PPO,65,mid,1786,2786,0.09000000000000001,1.0,1.0,0.8583459258079529,-0.0004337382924859412
PPO,65,mid,1787,2787,0.09000000000000001,1.0,1.0,0.6458391547203064,-0.0005018950541852973
PPO,65,mid,1788,2788,0.09000000000000001,1.0,1.0,0.938809335231781,-0.00018473669842933305
PPO,65,mid,1789,2789,0.09000000000000001,1.0,1.0,1.2610689401626587,-0.00026903874095296487
PPO,65,mid,1790,2790,0.09000000000000001,1.0,1.0,0.6753021478652954,-0.00032486247073393315
PPO,65,mid,1791,2791,0.09000000000000001,1.0,1.0,0.4383196234703064,-6.953383126528934e-05
PPO,65,mid,1792,2792,0.09000000000000001,1.0,1.0,0.5083815455436707,-0.00044192655332153663
PPO,65,mid,1793,2793,0.09000000000000001,1.0,1.0,0.8428316116333008,-4.0878951040212996e-05
PPO,65,mid,1794,2794,0.09000000000000001,1.0,1.0,0.6167551875114441,-0.00010874384315684438
PPO,65,mid,1795,2795,0.09000000000000001,1.0,1.0,0.6518903374671936,-6.335577745630872e-05
PPO,65,mid,1796,2796,0.09000000000000001,1.0,1.0,0.1845463067293167,-8.32173627713928e-05
PPO,65,mid,1797,2797,0.09000000000000001,1.0,1.0,0.5559733510017395,-2.121926263498608e-05
PPO,65,mid,1798,2798,0.09000000000000001,1.0,1.0,0.7958182692527771,-0.00015585442451993003
PPO,65,mid,1799,2799,0.09000000000000001,1.0,1.0,0.8479108214378357,-0.00020022099852212705
PPO,65,mid,1800,2800,0.09000000000000001,1.0,1.0,0.5329808592796326,-0.0005293458525557071
PPO,65,mid,1801,2801,0.09000000000000001,1.0,1.0,0.733991265296936,-0.00011143736992380582
PPO,65,mid,1802,2802,0.09000000000000001,1.0,1.0,0.8369808197021484,-0.00016684223737684079
PPO,65,mid,1803,2803,0.09000000000000001,1.0,1.0,0.4445042908191681,-0.00039218513848027214
PPO,65,mid,1804,2804,0.09000000000000001,1.0,1.0,0.18435631692409515,-4.409736629895633e-05
PPO,65,mid,1805,2805,0.09000000000000001,1.0,1.0,0.7001680731773376,-0.0006925955967744812
PPO,65,mid,1806,2806,0.09000000000000001,1.0,1.0,0.6669088006019592,-0.00014149457274470478
PPO,65,mid,1807,2807,0.09000000000000001,1.0,1.0,0.7380032539367676,-0.0003125289222225547
PPO,65,mid,1808,2808,0.09000000000000001,1.0,1.0,0.4837416112422943,-0.0012286240234971046
PPO,65,mid,1809,2809,0.09000000000000001,1.0,1.0,0.46427610516548157,-0.0028224189882166684
PPO,65,mid,1810,2810,0.09000000000000001,1.0,1.0,0.15904203057289124,-0.000334045929776039
PPO,65,mid,1811,2811,0.09000000000000001,1.0,1.0,0.8099581003189087,-0.0010495083261048421
PPO,65,mid,1812,2812,0.09000000000000001,1.0,1.0,0.7843009233474731,-0.0032139094546437263
PPO,65,mid,1813,2813,0.09000000000000001,1.0,1.0,0.22405506670475006,-0.0007966347766341642
PPO,65,mid,1814,2814,0.09000000000000001,1.0,1.0,0.9028109312057495,-0.0064751371974125504
PPO,65,mid,1815,2815,0.2314866352081299,2.0,2.0,1.1217149496078491,-0.0807018366176635
PPO,65,mid,1816,2816,0.09000000000000001,1.0,1.0,0.83253413438797,-0.006163640529848635
PPO,65,mid,1817,2817,0.27021135568618776,2.0,2.0,0.7906283140182495,-0.08487152715679258
PPO,65,mid,1818,2818,-0.3952936112880707,10.0,2.0,0.42471930384635925,0.08862441405653954
PPO,65,mid,1819,2819,-0.35097112894058224,9.0,2.0,0.7083913683891296,0.0052416967228055
PPO,65,mid,1820,2820,-0.6358295857906343,10.0,2.0,0.28424447774887085,0.08904954604804516
PPO,65,mid,1821,2821,-0.48530839681625365,10.0,2.0,0.9199172258377075,0.07105976715683937
PPO,65,mid,1822,2822,-0.449786114692688,10.0,2.0,0.9879336357116699,0.07136237248778343
PPO,65,mid,1823,2823,-0.4903133392333984,10.0,2.0,0.6840547919273376,0.06864319741725922
PPO,65,mid,1824,2824,-0.5100695371627808,10.0,2.0,1.1694318056106567,0.06367598846554756
PPO,65,mid,1825,2825,-0.290757622718811,9.0,2.0,0.5950226187705994,-0.0098037701100111
PPO,65,mid,1826,2826,-0.5889459133148194,10.0,2.0,0.2825219929218292,0.05686952266842127
PPO,65,mid,1827,2827,-0.3893908739089966,10.0,2.0,0.74437016248703,0.045157674700021744
PPO,65,mid,1828,2828,-0.5656140923500061,10.0,2.0,0.8163257241249084,0.04836547281593084
PPO,65,mid,1829,2829,-0.38013427257537846,10.0,2.0,0.346946656703949,0.036827352829277515
PPO,65,mid,1830,2830,-0.4891941428184509,10.0,2.0,0.7817123532295227,0.03530117683112621
PPO,65,mid,1831,2831,-0.5202409505844117,10.0,2.0,0.3662092387676239,0.031933500431478024
PPO,65,mid,1832,2832,-0.5670499056577684,10.0,3.0,0.29589420557022095,0.01756366970948875
PPO,65,mid,1833,2833,-0.5492417842149735,10.0,2.0,0.20824897289276123,0.025690333917737007
PPO,65,mid,1834,2834,-0.5298366725444794,10.0,2.0,0.48758062720298767,0.02181610558182001
PPO,65,mid,1835,2835,-0.47366278171539306,10.0,2.0,0.7297358512878418,0.01718514459207654
PPO,65,mid,1836,2836,-0.5603061795234681,10.0,2.0,0.37170669436454773,0.01629252335987985
PPO,65,mid,1837,2837,-0.587766419351101,10.0,2.0,0.09664639085531235,0.016103028785437346
PPO,65,mid,1838,2838,-0.6283127397298814,10.0,2.0,0.2172810137271881,0.014070871751755476
PPO,65,mid,1839,2839,-0.3662909269332886,10.0,3.0,0.7882475256919861,-0.025473097804933786
PPO,65,mid,1840,2840,-0.18601167201995852,10.0,3.0,0.7753772735595703,-0.037014747387729585
PPO,65,mid,1841,2841,-0.06839989185333252,6.0,3.0,1.1433676481246948,-0.0415486553683877
PPO,65,mid,1842,2842,-0.3707366585731507,10.0,3.0,0.6569536924362183,-0.09414660697802901
PPO,65,mid,1843,2843,-0.05249704957008362,4.0,3.0,0.18931007385253906,-0.021362936589866877
PPO,65,mid,1844,2844,-0.3640347123146057,10.0,3.0,0.9813644289970398,0.005235807155258954
PPO,65,mid,1845,2845,-0.007304507493972767,5.0,3.0,0.2735612988471985,-0.05733791086822748
PPO,65,mid,1846,2846,0.09000000000000001,1.0,1.0,0.22208620607852936,0.04906390514224768
PPO,65,mid,1847,2847,0.09000000000000001,1.0,1.0,0.8102973699569702,0.041166530922055244
PPO,65,mid,1848,2848,0.1959881353378296,2.0,2.0,1.0564714670181274,-0.020823536906391382
PPO,65,mid,1849,2849,0.20044942617416384,3.0,2.0,0.6724230647087097,0.01590861054137349
PPO,65,mid,1850,2850,0.04012267470359803,2.0,2.0,0.36559054255485535,-0.06957919243723154
PPO,65,mid,1851,2851,0.0010540950298309482,2.0,2.0,0.21936069428920746,-0.09112518979236484
PPO,65,mid,1852,2852,0.09000000000000001,1.0,1.0,0.35387855768203735,0.019659501500427723
PPO,65,mid,1853,2853,0.09000000000000001,1.0,1.0,0.12559941411018372,0.02414337545633316
PPO,65,mid,1854,2854,0.09000000000000001,1.0,1.0,1.1058952808380127,0.01281976094469428
PPO,65,mid,1855,2855,0.09000000000000001,1.0,1.0,0.7516790628433228,0.011286207009106874
PPO,65,mid,1856,2856,0.09000000000000001,1.0,1.0,0.24120189249515533,0.018865087535232306
PPO,65,mid,1857,2857,0.007312016487121598,2.0,2.0,0.8547402024269104,-0.09844245528802276
PPO,65,mid,1858,2858,0.09000000000000001,1.0,1.0,0.48220714926719666,0.0069499516393989325
PPO,65,mid,1859,2859,0.09000000000000001,1.0,1.0,0.8683739304542542,0.004565543727949262
PPO,65,mid,1860,2860,0.09000000000000001,1.0,1.0,0.6603843569755554,0.00849232729524374
PPO,65,mid,1861,2861,0.09000000000000001,1.0,1.0,0.43585047125816345,0.00575872347690165
PPO,65,mid,1862,2862,0.09000000000000001,1.0,1.0,1.1589248180389404,0.004042274318635464
PPO,65,mid,1863,2863,0.15804885506629945,2.0,2.0,0.3280338644981384,-0.05224783602170646
PPO,65,mid,1864,2864,0.09000000000000001,1.0,1.0,0.8916056752204895,-0.0004620309919118881
PPO,65,mid,1865,2865,0.09000000000000001,1.0,1.0,0.9211747050285339,-0.0002989938948303461
PPO,65,mid,1866,2866,0.03479758083820344,2.0,2.0,0.24442043900489807,-0.03699228155892342
PPO,65,mid,1867,2867,0.09000000000000001,1.0,1.0,0.9154233932495117,-0.0024066518526524305
PPO,65,mid,1868,2868,-0.22566680431365965,2.0,2.0,0.9580950736999512,-0.08488579280674458
PPO,65,mid,1869,2869,0.3375657367706299,2.0,2.0,1.0551660060882568,0.06175610236823559
PPO,65,mid,1870,2870,0.051032142639160165,2.0,2.0,0.6292127966880798,-0.04743466398213059
PPO,65,mid,1871,2871,0.09000000000000001,1.0,1.0,0.7778744697570801,0.0008875791681930423
PPO,65,mid,1872,2872,0.15635897397994997,2.0,2.0,0.6702035665512085,-0.030141841096337885
PPO,65,mid,1873,2873,0.09000000000000001,1.0,1.0,0.7472853660583496,-0.001067084725946188
PPO,65,mid,1874,2874,0.09000000000000001,1.0,1.0,0.28122034668922424,-6.978283636271954e-06
PPO,65,mid,1875,2875,0.0989606547355652,2.0,2.0,0.3809976279735565,-0.07172065088525414
PPO,65,mid,1876,2876,0.21971822500228883,3.0,3.0,0.8207477331161499,-0.02178473782259971
PPO,65,mid,1877,2877,0.09000000000000001,1.0,1.0,0.5802162289619446,-0.004675908829085529
PPO,65,mid,1878,2878,0.10795088291168214,2.0,2.0,0.9790946245193481,-0.04933966719545424
PPO,65,mid,1879,2879,0.037991614937782296,2.0,2.0,0.2830854058265686,0.012171784765087068
PPO,65,mid,1880,2880,0.09000000000000001,1.0,1.0,0.10542000085115433,0.003117636311799288
PPO,65,mid,1881,2881,0.09000000000000001,1.0,1.0,0.3484564423561096,-0.0012735844356939197
PPO,65,mid,1882,2882,0.0888282299041748,5.0,2.0,1.2749121189117432,-0.06093207374215126
PPO,65,mid,1883,2883,-0.09163631319999695,2.0,2.0,0.6555325388908386,-0.08797117217909545
PPO,65,mid,1884,2884,0.09000000000000001,1.0,1.0,0.5909975171089172,0.00010385998757556081
PPO,65,mid,1885,2885,0.07053776264190675,2.0,2.0,0.8344326615333557,-0.0996297838864848
PPO,65,mid,1886,2886,0.09000000000000001,1.0,1.0,0.7782747149467468,6.49017165414989e-05
PPO,65,mid,1887,2887,0.09000000000000001,1.0,1.0,0.8882265686988831,0.0005154156242497265
PPO,65,mid,1888,2888,0.09000000000000001,1.0,1.0,1.0043387413024902,0.002838440181221813
PPO,65,mid,1889,2889,0.18636967420578004,2.0,2.0,0.7543872594833374,-0.040997323230840266
PPO,65,mid,1890,2890,0.09000000000000001,1.0,1.0,0.16735108196735382,0.003107999626081437
PPO,65,mid,1891,2891,0.09000000000000001,1.0,1.0,0.08868591487407684,0.0016065606323536485
PPO,65,mid,1892,2892,0.09000000000000001,1.0,1.0,0.6472615003585815,0.0009053893154487014
PPO,65,mid,1893,2893,0.09000000000000001,1.0,1.0,0.9794636368751526,3.870262298732996e-05
PPO,65,mid,1894,2894,0.09000000000000001,1.0,1.0,0.9247834086418152,-0.0025223675183951855
PPO,65,mid,1895,2895,0.09000000000000001,1.0,1.0,0.6483440399169922,-0.0010487327817827463
PPO,65,mid,1896,2896,0.09000000000000001,1.0,1.0,0.21308407187461853,-0.0007893700385466218
PPO,65,mid,1897,2897,0.09000000000000001,1.0,1.0,0.7069058418273926,-0.004300963715650141
PPO,65,mid,1898,2898,0.09000000000000001,1.0,1.0,1.033640742301941,-0.0027506015612743795
PPO,65,mid,1899,2899,0.09000000000000001,1.0,1.0,0.1856166571378708,0.001202290557557717
PPO,65,mid,1900,2900,0.09000000000000001,1.0,1.0,0.9000566601753235,-0.002151045191567391
PPO,65,mid,1901,2901,0.09000000000000001,1.0,1.0,0.8400692343711853,-0.004964967840351164
PPO,65,mid,1902,2902,0.09000000000000001,1.0,1.0,1.135068655014038,-0.003957487526349723
PPO,65,mid,1903,2903,0.09000000000000001,1.0,1.0,0.85892254114151,-0.008043298032134771
PPO,65,mid,1904,2904,0.09000000000000001,1.0,1.0,0.8110559582710266,-0.00482284533791244
PPO,65,mid,1905,2905,0.09000000000000001,1.0,1.0,0.2486046403646469,-0.00100281709455885
PPO,65,mid,1906,2906,0.09460844278335573,2.0,2.0,0.6978773474693298,-0.05716202885378152
PPO,65,mid,1907,2907,0.09000000000000001,1.0,1.0,0.5709421038627625,-0.004090259259101003
PPO,65,mid,1908,2908,0.09000000000000001,1.0,1.0,0.44739899039268494,-0.002688814012799412
PPO,65,mid,1909,2909,0.09000000000000001,1.0,1.0,0.3610580861568451,-0.009023330407217145
PPO,65,mid,1910,2910,0.09000000000000001,1.0,1.0,0.1710415780544281,-0.004025948001071811
PPO,65,mid,1911,2911,0.09000000000000001,1.0,1.0,0.3301367163658142,-0.010001745773479342
PPO,65,mid,1912,2912,0.09000000000000001,1.0,1.0,0.522149920463562,-0.009480518521741033
PPO,65,mid,1913,2913,0.11716528415679933,2.0,2.0,0.6350958943367004,-0.06744022609200329
PPO,65,mid,1914,2914,0.09000000000000001,1.0,1.0,0.3871532380580902,-0.010005184216424823
PPO,65,mid,1915,2915,0.10677667140960695,2.0,2.0,0.7153324484825134,-0.09274259116500616
PPO,65,mid,1916,2916,0.09000000000000001,1.0,1.0,0.1341555416584015,-0.008235461777076125
PPO,65,mid,1917,2917,0.09000000000000001,1.0,1.0,0.24836085736751556,-0.012031448306515813
PPO,65,mid,1918,2918,0.04311219036579133,2.0,2.0,0.09322617202997208,-0.03775420528836548
PPO,65,mid,1919,2919,0.09000000000000001,1.0,1.0,0.15164749324321747,-0.008043915266171098
PPO,65,mid,1920,2920,0.09000000000000001,1.0,1.0,0.6474237442016602,-0.012191741028800607
PPO,65,mid,1921,2921,-0.17366223335266112,5.0,3.0,0.9056597352027893,-0.05469052912667394
PPO,65,mid,1922,2922,0.09000000000000001,1.0,1.0,0.9488037824630737,-0.012924163369461894
PPO,65,mid,1923,2923,0.09000000000000001,1.0,1.0,0.5333744883537292,-0.013342969119548798
PPO,65,mid,1924,2924,0.09839929819107057,2.0,2.0,0.8792872428894043,-0.05290309409610927
PPO,65,mid,1925,2925,0.11625971078872682,2.0,2.0,0.5922382473945618,-0.10238980874419212
PPO,65,mid,1926,2926,0.13679506063461305,2.0,2.0,0.7123345136642456,-0.12002483382821083
PPO,65,mid,1927,2927,-0.5832779526710511,10.0,4.0,0.9983640909194946,0.05481813009828329
PPO,65,mid,1928,2928,0.001995990276336679,4.0,3.0,0.7585206031799316,-0.004303842084482312
PPO,65,mid,1929,2929,0.06693897604942323,4.0,3.0,0.45166459679603577,-0.040321693290024996
PPO,65,mid,1930,2930,0.004410343170166031,2.0,2.0,0.6985608339309692,-0.10758017073385417
PPO,65,mid,1931,2931,0.09000000000000001,1.0,1.0,0.1522020399570465,-0.012920981040224433
PPO,65,mid,1932,2932,0.25818819522857667,3.0,3.0,1.0502666234970093,-0.05081062694080174
PPO,65,mid,1933,2933,0.09000000000000001,1.0,1.0,0.08209199458360672,-0.008264505304396152
PPO,65,mid,1934,2934,0.07581640958786012,2.0,2.0,0.6130660772323608,-0.04298817622475326
PPO,65,mid,1935,2935,0.027549097537994387,4.0,3.0,0.9959908127784729,-0.062107887119054794
PPO,65,mid,1936,2936,0.09000000000000001,1.0,1.0,0.8425923585891724,-0.013404987519606948
PPO,65,mid,1937,2937,0.18548439621925356,2.0,2.0,0.43852612376213074,-0.01690979371778667
PPO,65,mid,1938,2938,-0.04080454587936401,3.0,2.0,0.858958899974823,-0.03358426410704851
PPO,65,mid,1939,2939,0.107898907661438,2.0,2.0,0.42499515414237976,-0.06322178430855274
PPO,65,mid,1940,2940,0.09000000000000001,1.0,1.0,0.14712688326835632,-0.005808307905681431
PPO,65,mid,1941,2941,0.09000000000000001,1.0,1.0,0.48116955161094666,-0.014080255525186658
PPO,65,mid,1942,2942,0.1865713667869568,3.0,3.0,0.9486536383628845,-0.051528372685424984
PPO,65,mid,1943,2943,0.11602402687072755,4.0,3.0,1.0163140296936035,-0.007101648719981313
PPO,65,mid,1944,2944,0.010298452377319342,4.0,2.0,1.029146432876587,-0.052357145585119724
PPO,65,mid,1945,2945,0.13896358966827393,4.0,3.0,1.4477235078811646,-0.057457157876342535
PPO,65,mid,1946,2946,0.18871246457099916,2.0,2.0,0.2964557707309723,-0.014465392101556063
PPO,65,mid,1947,2947,0.09351064443588258,2.0,2.0,0.7819525599479675,-0.06967899319715798
PPO,65,mid,1948,2948,-0.03216202139854431,3.0,2.0,0.44669467210769653,-0.02930824412032962
PPO,65,mid,1949,2949,0.045723752975463876,2.0,2.0,0.556582510471344,-0.056708276038989425
PPO,65,mid,1950,2950,0.09000000000000001,1.0,1.0,0.21294499933719635,-0.01240493287332356
PPO,65,mid,1951,2951,0.20487131357192995,2.0,2.0,0.9180113673210144,-0.022224258398637176
PPO,65,mid,1952,2952,0.17201580286026003,2.0,2.0,0.7622097134590149,-0.07607521209865808
PPO,65,mid,1953,2953,0.13851596593856813,2.0,2.0,0.6553269624710083,-0.0677207000553608
PPO,65,mid,1954,2954,-0.15869508266448973,3.0,2.0,0.7708936333656311,0.019919466227293015
PPO,65,mid,1955,2955,0.12160255193710329,2.0,2.0,0.5438366532325745,-0.040779577335342765
PPO,65,mid,1956,2956,0.06543781280517579,3.0,2.0,0.5361824035644531,-0.028983245603740215
PPO,65,mid,1957,2957,0.02754702091217042,3.0,2.0,1.0267689228057861,-0.09142182115465403
PPO,65,mid,1958,2958,0.31678194522857667,3.0,3.0,0.9414609670639038,-0.04042936465702951
PPO,65,mid,1959,2959,0.09000000000000001,1.0,1.0,0.4903409481048584,-0.011439335299655795
PPO,65,mid,1960,2960,0.08894052028656006,3.0,2.0,0.8340315222740173,-0.04980981652624905
PPO,65,mid,1961,2961,0.05859293222427369,2.0,2.0,0.7838391065597534,-0.07301595341414213
PPO,65,mid,1962,2962,0.09000000000000001,1.0,1.0,0.09995704889297485,-0.003335891931783408
PPO,65,mid,1963,2963,0.09000000000000001,1.0,1.0,0.39877280592918396,-0.005193703691475093
PPO,65,mid,1964,2964,0.09000000000000001,1.0,1.0,0.21655742824077606,-0.003039503761101514
PPO,65,mid,1965,2965,0.09000000000000001,1.0,1.0,0.9265077710151672,-0.007965492317453027
PPO,65,mid,1966,2966,0.09000000000000001,1.0,1.0,0.6773615479469299,-0.01221663341857493
PPO,65,mid,1967,2967,0.09000000000000001,1.0,1.0,0.6488820910453796,-0.012679974548518658
PPO,65,mid,1968,2968,0.18926491022109987,2.0,2.0,0.8976327776908875,-0.051204265386331826
PPO,65,mid,1969,2969,0.09000000000000001,1.0,1.0,0.18325471878051758,-0.007820236845873296
PPO,65,mid,1970,2970,0.09000000000000001,1.0,1.0,0.7835253477096558,-0.01080893911421299
PPO,65,mid,1971,2971,0.09000000000000001,1.0,1.0,0.951414942741394,-0.012772917281836271
PPO,65,mid,1972,2972,0.2543062734603882,2.0,2.0,1.0479439496994019,-0.04568707710132003
PPO,65,mid,1973,2973,0.17280925989151003,2.0,2.0,0.721523106098175,-0.05909012141637504
PPO,65,mid,1974,2974,0.09000000000000001,1.0,1.0,0.6681451797485352,-0.014007559744641185
PPO,65,mid,1975,2975,-0.06285124301910398,3.0,3.0,0.6086748242378235,-0.043183159781619906
PPO,65,mid,1976,2976,-0.02204500913619993,3.0,3.0,0.9528114199638367,-0.02204080345109105
PPO,65,mid,1977,2977,-0.02580086469650268,3.0,2.0,0.13128681480884552,-0.06410633469931781
PPO,65,mid,1978,2978,0.09000000000000001,1.0,1.0,0.5312003493309021,-0.014071689452975988
PPO,65,mid,1979,2979,0.06014938354492187,5.0,3.0,0.9942747354507446,-0.06237747799605131
PPO,65,mid,1980,2980,0.09000000000000001,1.0,1.0,1.1093428134918213,-0.011911317706108093
PPO,65,mid,1981,2981,0.0877641010284424,2.0,2.0,0.6998075842857361,-0.06458888703491539
PPO,65,mid,1982,2982,-0.10413034081459045,2.0,2.0,0.6777253150939941,-0.059728411957621574
PPO,65,mid,1983,2983,0.2529393005371094,2.0,2.0,1.086590051651001,0.015562101732939482
PPO,65,mid,1984,2984,0.09000000000000001,1.0,1.0,0.8235927224159241,-0.008761387784034014
PPO,65,mid,1985,2985,0.09000000000000001,1.0,1.0,0.7899416089057922,-0.008230544393882155
PPO,65,mid,1986,2986,0.09000000000000001,1.0,1.0,0.7810913324356079,-0.008169985841959715
PPO,65,mid,1987,2987,0.09000000000000001,1.0,1.0,0.7414698004722595,-0.013767639407888055
PPO,65,mid,1988,2988,0.09000000000000001,1.0,1.0,0.8713866472244263,-0.006574686849489808
PPO,65,mid,1989,2989,0.09000000000000001,1.0,1.0,0.7500845193862915,-0.009001779835671186
PPO,65,mid,1990,2990,0.09000000000000001,1.0,1.0,0.6895762085914612,-0.0054661097237840295
PPO,65,mid,1991,2991,0.09000000000000001,1.0,1.0,0.31001394987106323,-0.006895472411997616
PPO,65,mid,1992,2992,0.09000000000000001,1.0,1.0,0.3689350485801697,-0.0007277586846612394
PPO,65,mid,1993,2993,0.09000000000000001,1.0,1.0,0.3296754062175751,-0.008477019378915429
PPO,65,mid,1994,2994,0.09000000000000001,1.0,1.0,1.3045696020126343,-0.01248382544144988
PPO,65,mid,1995,2995,0.09000000000000001,1.0,1.0,0.2290099710226059,-0.00486493157222867
PPO,65,mid,1996,2996,0.09000000000000001,1.0,1.0,1.0929514169692993,-0.011363090481609106
PPO,65,mid,1997,2997,0.28623672008514406,2.0,2.0,1.2095041275024414,-0.02063047722913325
PPO,65,mid,1998,2998,0.09000000000000001,1.0,1.0,1.1014788150787354,-0.01021764031611383
PPO,65,mid,1999,2999,0.09000000000000001,1.0,1.0,0.5192541480064392,-0.007685422198846936
PPO,65,mid,2000,3000,0.1990447807312012,2.0,2.0,0.8034535646438599,-0.03372165537439287
