agent,seed,phase,local_episode,cumulative_episode,reward,steps,selected_regions,classification_loss,optimization_loss
PPO,35,final,1,3001,0.03563483238220216,2.0,2.0,0.9150680303573608,-0.09590957863838412
PPO,35,final,2,3002,0.21968521356582643,2.0,2.0,0.602222740650177,0.031998241087421775
PPO,35,final,3,3003,0.09000000000000001,1.0,1.0,0.1891867071390152,-0.004047662892844528
PPO,35,final,4,3004,0.24140198707580568,2.0,2.0,0.6922340989112854,-0.09899247321300209
PPO,35,final,5,3005,0.1906923818588257,2.0,2.0,0.6576454043388367,-0.0858189461287111
PPO,35,final,6,3006,-0.5769852995872499,10.0,3.0,0.8889320492744446,0.06644508428871632
PPO,35,final,7,3007,-0.46062992811203,10.0,2.0,0.9011418223381042,0.04581440333276987
PPO,35,final,8,3008,-0.5068191766738892,10.0,2.0,1.0190097093582153,0.05983142554759979
PPO,35,final,9,3009,-0.41971509456634526,10.0,2.0,1.0763498544692993,0.051966781727969646
PPO,35,final,10,3010,-0.36460446119308476,10.0,2.0,0.7684028744697571,0.046545032411813736
PPO,35,final,11,3011,-0.7285630583763124,10.0,2.0,0.8202151656150818,0.059846056625247
PPO,35,final,12,3012,-0.38669388294219975,10.0,2.0,0.7770363688468933,0.03939872980117798
PPO,35,final,13,3013,-0.5524525374174118,10.0,2.0,0.15654122829437256,0.041634902358055115
PPO,35,final,14,3014,-0.6288718163967134,10.0,2.0,0.5021601915359497,0.04230605252087116
PPO,35,final,15,3015,-0.48830370903015136,10.0,2.0,0.6937285661697388,0.032963551580905914
PPO,35,final,16,3016,-0.448054301738739,10.0,2.0,0.728952944278717,0.027894127648323774
PPO,35,final,17,3017,-0.4388428211212158,10.0,2.0,0.5295069813728333,0.026010495144873857
PPO,35,final,18,3018,-0.40118782520294194,10.0,2.0,1.1289385557174683,0.02281991485506296
PPO,35,final,19,3019,-0.45369534492492675,10.0,2.0,0.7610507607460022,0.02205866575241089
PPO,35,final,20,3020,-0.4597122550010681,10.0,2.0,0.5757024884223938,0.02043495373800397
PPO,35,final,21,3021,-0.5711981534957886,10.0,2.0,0.8575257062911987,0.022184239234775305
PPO,35,final,22,3022,-0.4454418897628784,10.0,2.0,1.267206072807312,0.016712068114429712
PPO,35,final,23,3023,-0.5094603776931763,10.0,2.0,1.2685425281524658,0.016733801923692226
PPO,35,final,24,3024,-0.4219145059585572,10.0,2.0,0.6502428650856018,0.013949951389804482
PPO,35,final,25,3025,-0.5774015069007874,10.0,2.0,0.4369989037513733,0.016552630346268415
PPO,35,final,26,3026,-0.44065510034561156,10.0,2.0,0.7865833044052124,0.011476233368739486
PPO,35,final,27,3027,-0.380860048532486,10.0,2.0,0.4927433431148529,0.010891919024288654
PPO,35,final,28,3028,-0.626447755098343,10.0,2.0,0.30468612909317017,0.013153894105926156
PPO,35,final,29,3029,-0.6627895265817644,10.0,2.0,0.34233346581459045,0.009631006512790918
PPO,35,final,30,3030,-0.655940490961075,10.0,2.0,0.31506675481796265,0.00454824510961771
PPO,35,final,31,3031,-0.42336809635162354,10.0,3.0,0.7604309320449829,-0.03964082058519125
PPO,35,final,32,3032,-0.4942337155342102,10.0,2.0,0.776731014251709,0.010098994243890047
PPO,35,final,33,3033,-0.5248680591583252,10.0,2.0,1.1470413208007812,0.050610621459782124
PPO,35,final,34,3034,-0.4970767945051193,10.0,3.0,0.16505292057991028,-0.002395470510236919
PPO,35,final,35,3035,-0.5390510857105255,10.0,3.0,0.389708012342453,0.009533132193610072
PPO,35,final,36,3036,-0.4800515055656433,10.0,2.0,0.9973817467689514,0.004017478320747614
PPO,35,final,37,3037,-0.46968464851379393,10.0,2.0,0.6503199338912964,0.005081286886706948
PPO,35,final,38,3038,-0.5515394091606141,10.0,2.0,0.1422705203294754,0.011596238007768989
PPO,35,final,39,3039,-0.4750906705856323,10.0,2.0,0.9956847429275513,-0.0217627149540931
PPO,35,final,40,3040,-0.5656497359275818,10.0,2.0,0.8240376710891724,-0.01673201355151832
PPO,35,final,41,3041,-0.3402840495109558,10.0,3.0,0.7060599327087402,0.0037832058733329177
PPO,35,final,42,3042,-0.5038373649120331,10.0,2.0,0.35349076986312866,-0.007292372407391667
PPO,35,final,43,3043,-0.5867294996976853,10.0,2.0,0.18089202046394348,0.009089884115383029
PPO,35,final,44,3044,-0.4737587749958038,10.0,2.0,0.4523734152317047,0.008108227979391813
PPO,35,final,45,3045,-0.5408932149410248,10.0,2.0,0.3919195532798767,-0.005671047430951148
PPO,35,final,46,3046,-0.5676281332969666,10.0,2.0,0.303514689207077,0.021159379743039608
PPO,35,final,47,3047,-0.60679190158844,10.0,2.0,0.5687066912651062,0.011766355251893401
PPO,35,final,48,3048,-0.5369669675827027,10.0,2.0,0.8860634565353394,0.012013057712465525
PPO,35,final,49,3049,-0.3865663886070252,10.0,2.0,0.8406607508659363,0.010165919084101915
PPO,35,final,50,3050,-0.5696045935153962,10.0,2.0,0.22043108940124512,0.0076616674195975065
PPO,35,final,51,3051,-0.6184656500816346,10.0,2.0,0.8865965604782104,0.013959272531792521
PPO,35,final,52,3052,-0.08671472549438476,3.0,2.0,0.593623697757721,-0.029259802773594856
PPO,35,final,53,3053,-0.49545060396194457,10.0,2.0,0.5052769184112549,0.011204894632101059
PPO,35,final,54,3054,-0.5605435252189637,10.0,2.0,0.6874984502792358,0.012672146549448371
PPO,35,final,55,3055,-0.42898725271224974,10.0,2.0,0.6672090888023376,0.010453480761498213
PPO,35,final,56,3056,-0.5907706797122956,10.0,2.0,0.3864108622074127,0.013548337388783693
PPO,35,final,57,3057,-0.4727195382118225,10.0,2.0,0.6138728857040405,0.0110370391048491
PPO,35,final,58,3058,-0.5735448479652405,10.0,2.0,0.6592274308204651,0.013065476668998599
PPO,35,final,59,3059,-0.519019889831543,10.0,2.0,1.1535332202911377,0.011809276416897774
PPO,35,final,60,3060,-0.5063751816749573,10.0,2.0,0.7998906970024109,0.011540109990164638
PPO,35,final,61,3061,-0.5403253316879273,10.0,2.0,0.6814982295036316,0.012182173086330295
PPO,35,final,62,3062,-0.4781282424926758,10.0,2.0,0.6028645634651184,0.011034208117052913
PPO,35,final,63,3063,0.060726435780525216,2.0,2.0,0.22476589679718018,0.00221826764754951
PPO,35,final,64,3064,-0.6077859282493592,10.0,2.0,0.8368237614631653,0.013903084676712751
PPO,35,final,65,3065,-0.36150287389755253,10.0,2.0,0.8793050646781921,0.009966094046831131
PPO,35,final,66,3066,-0.46211700439453124,10.0,2.0,0.8428899049758911,0.01097324793227017
PPO,35,final,67,3067,-0.4728687286376953,10.0,2.0,0.7147967219352722,0.011164826573804021
PPO,35,final,68,3068,-0.4590377688407898,10.0,2.0,0.7507699728012085,0.010951345320791006
PPO,35,final,69,3069,-0.5108008861541748,10.0,2.0,0.8007007837295532,0.011815885547548532
PPO,35,final,70,3070,-0.5617806389927865,10.0,3.0,0.15532757341861725,-0.012931502424180508
PPO,35,final,71,3071,-0.5051092237234116,10.0,2.0,0.21875159442424774,0.010159781901165843
PPO,35,final,72,3072,-0.5845922112464905,10.0,2.0,0.7079816460609436,0.01336670434102416
PPO,35,final,73,3073,-0.5880595326423645,10.0,2.0,0.7746154069900513,0.013392999302595854
PPO,35,final,74,3074,-0.4643034219741821,10.0,2.0,0.3583117127418518,0.010854415595531464
PPO,35,final,75,3075,-0.6082918226718903,10.0,2.0,0.45954427123069763,0.013831693213433027
PPO,35,final,76,3076,-0.5575688362121582,10.0,2.0,0.9707289338111877,0.012511343695223331
PPO,35,final,77,3077,-0.690767388045788,10.0,2.0,0.2511458694934845,0.016360678244382143
PPO,35,final,78,3078,-0.552813994884491,10.0,2.0,0.18220634758472443,0.012362272711470723
PPO,35,final,79,3079,-0.5586934566497803,10.0,2.0,0.4258914887905121,0.01247947895899415
PPO,35,final,80,3080,-0.5905129194259644,10.0,2.0,1.01836097240448,0.013220862252637744
PPO,35,final,81,3081,-0.4674477458000183,10.0,2.0,0.4382927417755127,0.01089266361668706
PPO,35,final,82,3082,-0.4170037835836411,10.0,2.0,0.20114906132221222,0.010392853058874607
PPO,35,final,83,3083,-0.5472491264343262,10.0,2.0,1.0171626806259155,0.012227204162627459
PPO,35,final,84,3084,-0.5095030546188355,10.0,2.0,0.6782550811767578,0.01151854544878006
PPO,35,final,85,3085,-0.5598372399806977,10.0,2.0,0.48565539717674255,0.01248474302701652
PPO,35,final,86,3086,-0.6191060423851014,10.0,2.0,0.48800769448280334,0.013971414882689714
PPO,35,final,87,3087,-0.577217447757721,10.0,2.0,0.7287742495536804,0.012890875106677413
PPO,35,final,88,3088,-0.4121671795845032,10.0,2.0,0.3708428740501404,0.010336670093238354
PPO,35,final,89,3089,-0.4836888790130615,10.0,2.0,1.05283784866333,0.011116108391433954
PPO,35,final,90,3090,-0.5864727973937989,10.0,2.0,0.8955897688865662,0.013116862392053008
PPO,35,final,91,3091,-0.4442076563835144,10.0,2.0,0.8993338942527771,0.010622714646160603
PPO,35,final,92,3092,-0.54413400888443,10.0,2.0,0.5830401182174683,0.012164597166702151
PPO,35,final,93,3093,-0.5961517870426178,10.0,2.0,0.3274458944797516,0.013364998390898108
PPO,35,final,94,3094,-0.5625932693481446,10.0,2.0,0.4990975558757782,0.012559625320136547
PPO,35,final,95,3095,-0.44970529079437255,10.0,2.0,0.7546923756599426,0.01067869202233851
PPO,35,final,96,3096,-0.5920513153076172,10.0,2.0,0.8051933646202087,0.013259624596685171
PPO,35,final,97,3097,-0.6658653497695924,10.0,2.0,0.8140090107917786,0.015393129317089915
PPO,35,final,98,3098,-0.552740278840065,10.0,2.0,0.179900661110878,0.012334540719166398
PPO,35,final,99,3099,-0.44644455909729003,10.0,2.0,0.5415464639663696,0.010656418977305293
PPO,35,final,100,3100,-0.5889590859413147,10.0,2.0,0.7668651938438416,0.013174039777368307
PPO,35,final,101,3101,-0.4796950697898865,10.0,2.0,0.39747682213783264,0.01106314710341394
PPO,35,final,102,3102,-0.5923330962657929,10.0,2.0,0.45633652806282043,0.013258599443361163
PPO,35,final,103,3103,-0.5530059218406678,10.0,2.0,0.7413237690925598,0.01234715641476214
PPO,35,final,104,3104,-0.5975547462701798,10.0,2.0,0.21066716313362122,0.013382281642407179
PPO,35,final,105,3105,-0.5690810859203339,10.0,2.0,0.2731204330921173,0.012699360493570566
PPO,35,final,106,3106,-0.5957441806793213,10.0,2.0,0.27519044280052185,0.013334810035303235
PPO,35,final,107,3107,-0.5150894105434418,10.0,2.0,0.445437490940094,0.01162014389410615
PPO,35,final,108,3108,-0.37178455591201787,10.0,2.0,0.9741935133934021,0.010170184541493654
PPO,35,final,109,3109,-0.6025138974189759,10.0,2.0,0.8356159925460815,0.01351706893183291
PPO,35,final,110,3110,-0.6065401315689087,10.0,2.0,0.9210534691810608,0.013625174760818481
PPO,35,final,111,3111,-0.4378035545349121,10.0,2.0,1.1441919803619385,0.010569355450570583
PPO,35,final,112,3112,-0.4080379486083985,10.0,2.0,0.606006920337677,0.010318259242922068
PPO,35,final,113,3113,-0.7408737570047381,10.0,2.0,0.422984778881073,0.01812103111296892
PPO,35,final,114,3114,-0.5346062362194062,10.0,2.0,0.36966586112976074,0.0119740329682827
PPO,35,final,115,3115,-0.5826094627380372,10.0,2.0,0.8399495482444763,0.013021854916587472
PPO,35,final,116,3116,-0.4406971216201782,10.0,2.0,0.5618565678596497,0.010593854589387774
PPO,35,final,117,3117,-0.44967674016952514,10.0,2.0,0.6888617873191833,0.010685527930036187
PPO,35,final,118,3118,-0.6158522844314576,10.0,2.0,0.6512318253517151,0.013865968212485313
PPO,35,final,119,3119,-0.5424032241106034,10.0,2.0,0.09534788876771927,0.012124831788241863
PPO,35,final,120,3120,-0.4892580986022949,10.0,2.0,0.8181913495063782,0.011193709913641214
PPO,35,final,121,3121,-0.6495005965232851,10.0,2.0,0.4921092391014099,0.014858619077131152
PPO,35,final,122,3122,-0.4922994256019592,10.0,2.0,0.6408997774124146,0.011241070227697492
PPO,35,final,123,3123,-0.9881147623062139,10.0,2.0,0.8123404383659363,0.031046309042721987
PPO,35,final,124,3124,-0.4554132252931595,10.0,2.0,0.2325296550989151,0.010773765156045556
PPO,35,final,125,3125,-0.6222951889038087,10.0,2.0,1.362674593925476,0.014036498731002212
PPO,35,final,126,3126,-0.5544668316841126,10.0,2.0,0.11816424131393433,0.012277315836399794
PPO,35,final,127,3127,-0.5495416998863221,10.0,2.0,0.9368794560432434,0.012283373856917024
PPO,35,final,128,3128,-0.4731191873550415,10.0,2.0,0.6916643977165222,0.011017055483534932
PPO,35,final,129,3129,-0.4746549606323242,10.0,2.0,0.3624880611896515,0.011029837420210242
PPO,35,final,130,3130,-0.5372250854969025,10.0,2.0,0.36121419072151184,0.012031932827085257
PPO,35,final,131,3131,-0.6021415770053864,10.0,2.0,0.3794330060482025,0.013500019675120711
PPO,35,final,132,3132,-0.6737440109252931,10.0,2.0,0.8143372535705566,0.01561477198265493
PPO,35,final,133,3133,-0.5142993807792664,10.0,2.0,0.5525456070899963,0.011609974782913923
PPO,35,final,134,3134,-0.4594763994216919,10.0,2.0,0.7486072182655334,0.01082016690634191
PPO,35,final,135,3135,-0.5505030035972596,10.0,2.0,0.4618622660636902,0.01229497161693871
PPO,35,final,136,3136,-0.3415589809417725,10.0,2.0,1.088640570640564,0.010114602278918028
PPO,35,final,137,3137,-0.6396463990211488,10.0,2.0,0.4384301006793976,0.014565058285370469
PPO,35,final,138,3138,-0.5748460024595261,10.0,2.0,0.17437437176704407,0.012812119675800204
PPO,35,final,139,3139,-0.4825233846902847,10.0,2.0,0.20431382954120636,0.011092957574874163
PPO,35,final,140,3140,-0.5404544949531556,10.0,2.0,0.9057539105415344,0.012089903000742197
PPO,35,final,141,3141,-0.3989811420440674,10.0,2.0,1.1143391132354736,0.010243906872346997
PPO,35,final,142,3142,-0.4919189691543579,10.0,2.0,0.812722384929657,0.011228342773392797
PPO,35,final,143,3143,-0.5275201231241227,10.0,2.0,0.16233550012111664,0.01183963124640286
PPO,35,final,144,3144,-0.5729064598679543,10.0,2.0,0.14231733977794647,0.012805276550352573
PPO,35,final,145,3145,-0.3788190066814423,10.0,2.0,0.3395034372806549,0.01011839252896607
PPO,35,final,146,3146,-0.46711357235908507,10.0,2.0,0.32709401845932007,0.010870173573493958
PPO,35,final,147,3147,-0.4973317265510559,10.0,2.0,0.8259934186935425,0.011311400681734085
PPO,35,final,148,3148,-0.49797468185424804,10.0,2.0,0.7984429597854614,0.011321968166157603
PPO,35,final,149,3149,-0.45139245986938475,10.0,2.0,0.7875514030456543,0.01067353063262999
PPO,35,final,150,3150,-0.5760815024375916,10.0,2.0,0.9235065579414368,0.012898999033495784
PPO,35,final,151,3151,-0.5685735225677491,10.0,2.0,0.32471558451652527,0.012411430012434721
PPO,35,final,152,3152,-0.5839475274085999,10.0,2.0,0.5634720921516418,0.01307924697175622
PPO,35,final,153,3153,-0.5021405100822449,10.0,2.0,0.8336361050605774,0.011389873223379254
PPO,35,final,154,3154,-0.6225263059139253,10.0,2.0,0.5469028353691101,0.014093248639255762
PPO,35,final,155,3155,-0.32161824703216557,10.0,2.0,0.6722795367240906,0.010068160248920321
PPO,35,final,156,3156,-0.373276162147522,10.0,2.0,0.6950415968894958,0.010108009446412325
PPO,35,final,157,3157,-0.4854308247566223,10.0,2.0,0.732964813709259,0.011128025595098734
PPO,35,final,158,3158,-0.2505528807640076,10.0,2.0,0.5112277269363403,0.01037291088141501
PPO,35,final,159,3159,-0.5182385325431824,10.0,2.0,0.5836866497993469,0.011676796711981297
PPO,35,final,160,3160,-0.3843659043312073,10.0,2.0,0.8926989436149597,0.010097419610247016
PPO,35,final,161,3161,-0.4274392306804657,10.0,2.0,0.48113372921943665,0.010408431990072131
PPO,35,final,162,3162,-0.46597402095794677,10.0,2.0,0.622248113155365,0.010853569488972425
PPO,35,final,163,3163,-0.5433257699012757,10.0,2.0,0.5421379804611206,0.01220219093374908
PPO,35,final,164,3164,-0.5435515522956849,10.0,2.0,0.6743685603141785,0.012203930178657174
PPO,35,final,165,3165,-0.610625970363617,10.0,2.0,0.7141236662864685,0.013841612730175257
PPO,35,final,166,3166,-0.47010366916656493,10.0,2.0,0.7143822312355042,0.010906568495556712
PPO,35,final,167,3167,-0.4177393198013306,10.0,2.0,0.8554745316505432,0.010330813936889172
PPO,35,final,168,3168,-0.44770132303237914,10.0,2.0,0.6114665269851685,0.010627737734466791
PPO,35,final,169,3169,-0.5189196348190308,10.0,2.0,0.7818851470947266,0.01168778887949884
PPO,35,final,170,3170,-0.33183078765869145,10.0,2.0,1.039852499961853,0.009988734731450677
PPO,35,final,171,3171,-0.5250592112541199,10.0,2.0,0.8192623853683472,0.011805015383288264
PPO,35,final,172,3172,-0.5489792108535767,10.0,2.0,0.33130815625190735,0.012291783699765801
PPO,35,final,173,3173,-0.41968842148780827,10.0,2.0,0.3140549063682556,0.010347858536988497
PPO,35,final,174,3174,-0.5288689613342286,10.0,2.0,0.5242336988449097,0.011878262273967266
PPO,35,final,175,3175,-0.5170476317405701,10.0,2.0,0.7786964178085327,0.011653992114588618
PPO,35,final,176,3176,-0.430973219871521,10.0,2.0,0.622385561466217,0.010453273542225361
PPO,35,final,177,3177,-0.6083863854408265,10.0,2.0,0.9397856593132019,0.01373213017359376
PPO,35,final,178,3178,-0.689825999736786,10.0,2.0,0.6976695656776428,0.016275502275675535
PPO,35,final,179,3179,-0.5728927433490754,10.0,2.0,0.4538634121417999,0.012806274928152561
PPO,35,final,180,3180,-0.4074840426445008,10.0,2.0,0.49363547563552856,0.010292973602190614
PPO,35,final,181,3181,-0.568777996301651,10.0,2.0,0.29119154810905457,0.012700160266831517
PPO,35,final,182,3182,-0.5474143207073212,10.0,2.0,0.36832958459854126,0.012227299623191357
PPO,35,final,183,3183,-0.5395430803298951,10.0,2.0,0.41591671109199524,0.01206421316601336
PPO,35,final,184,3184,-0.6442738354206087,10.0,2.0,0.3884179890155792,0.014703716384246945
PPO,35,final,185,3185,-0.4975114643573761,10.0,2.0,0.4007275402545929,0.011324848746880889
PPO,35,final,186,3186,-0.5788777053356171,10.0,2.0,0.20402716100215912,0.012927614385262132
PPO,35,final,187,3187,-0.49839921593666076,10.0,2.0,0.4863416850566864,0.01134335552342236
PPO,35,final,188,3188,-0.59491126537323,10.0,2.0,0.8643363118171692,0.013319602236151695
PPO,35,final,189,3189,-0.5817210853099823,10.0,2.0,0.18149766325950623,0.012960473541170359
PPO,35,final,190,3190,-0.4927203983068466,10.0,2.0,0.21811361610889435,0.011258282698690891
PPO,35,final,191,3191,-0.5131100296974183,10.0,2.0,0.8539363145828247,0.011585273779928684
PPO,35,final,192,3192,-0.6281988799571993,10.0,2.0,0.2624773681163788,0.014034220017492771
PPO,35,final,193,3193,-0.6506404161453249,10.0,2.0,0.5504483580589294,0.014883829047903419
PPO,35,final,194,3194,-0.5446889281272889,10.0,2.0,0.8136256337165833,0.012176046846434474
PPO,35,final,195,3195,-0.5630270719528199,10.0,2.0,0.5066060423851013,0.012563348980620503
PPO,35,final,196,3196,-0.46881120204925536,10.0,2.0,0.3685056269168854,0.010936923092231154
PPO,35,final,197,3197,-0.5693625688552857,10.0,2.0,0.8907322287559509,0.012704805936664343
PPO,35,final,198,3198,-0.44722490310668944,10.0,2.0,0.6455737352371216,0.01067631202749908
PPO,35,final,199,3199,-0.5119824886322022,10.0,2.0,1.2334002256393433,0.011564305517822504
PPO,35,final,200,3200,-0.5054154872894288,10.0,2.0,1.0642633438110352,0.01145385461859405
PPO,35,final,201,3201,-0.5189857959747315,10.0,2.0,0.7311547994613647,0.011682133423164487
PPO,35,final,202,3202,-0.6315179347991945,10.0,2.0,0.43491289019584656,0.014322788687422872
PPO,35,final,203,3203,-0.4733875274658203,10.0,2.0,0.854221522808075,0.010966946836560965
PPO,35,final,204,3204,-0.3740814805030823,10.0,2.0,0.7627378702163696,0.010125601198524237
PPO,35,final,205,3205,-0.45321186184883117,10.0,2.0,0.49557361006736755,0.010707978857681155
PPO,35,final,206,3206,-0.5068589329719544,10.0,2.0,0.686771810054779,0.011468791170045733
PPO,35,final,207,3207,-0.41456340551376347,10.0,2.0,0.7092118859291077,0.01031973329372704
PPO,35,final,208,3208,-0.585724699497223,10.0,2.0,0.7652029395103455,0.013134738430380821
PPO,35,final,209,3209,-0.7449863433837893,10.0,2.0,0.9001461863517761,0.018387532327324152
PPO,35,final,210,3210,-0.3496299117803574,10.0,2.0,0.24905546009540558,0.010029004886746407
PPO,35,final,211,3211,-0.6056243062019349,10.0,2.0,0.8411298990249634,0.013632882852107286
PPO,35,final,212,3212,-0.4042243540287018,10.0,2.0,0.28407448530197144,0.010258497670292854
PPO,35,final,213,3213,-0.6252412080764772,10.0,2.0,0.362885057926178,0.01417249534279108
PPO,35,final,214,3214,-0.468070912361145,10.0,2.0,0.3827145993709564,0.010889820754528046
PPO,35,final,215,3215,-0.36808352470397954,10.0,2.0,0.6012752652168274,0.010089467046782374
PPO,35,final,216,3216,-0.5195519953966141,10.0,2.0,0.24643836915493011,0.011692102067172527
PPO,35,final,217,3217,-0.47165613174438475,10.0,2.0,0.5359954833984375,0.01093204552307725
PPO,35,final,218,3218,-0.4060900986194611,10.0,2.0,0.4927445352077484,0.010255828266963363
PPO,35,final,219,3219,-0.5238619923591614,10.0,2.0,0.7943161129951477,0.011673398083075881
PPO,35,final,220,3220,-0.4731888651847839,10.0,2.0,0.9484507441520691,0.010949256364256144
PPO,35,final,221,3221,-0.48240424990653996,10.0,2.0,0.37373849749565125,0.011080841068178415
PPO,35,final,222,3222,-0.5136490345001221,10.0,2.0,0.6205529570579529,0.011592550436034799
PPO,35,final,223,3223,-0.4402297616004944,10.0,2.0,0.2842414677143097,0.010545793222263455
PPO,35,final,224,3224,-0.3864711403846741,10.0,2.0,0.7377177476882935,0.010115531738847494
PPO,35,final,225,3225,-0.5905054688453675,10.0,2.0,0.10746414959430695,0.013116012560203671
PPO,35,final,226,3226,-0.48035960197448735,10.0,2.0,1.0826185941696167,0.011051393579691648
PPO,35,final,227,3227,-0.6540967702865602,10.0,2.0,0.7955121397972107,0.015096387825906277
PPO,35,final,228,3228,-0.5593383193016053,10.0,2.0,0.8634473085403442,0.01250659697689116
PPO,35,final,229,3229,-0.6507477641105653,10.0,2.0,0.3358587622642517,0.014945989707484841
PPO,35,final,230,3230,-0.5067807912826539,10.0,2.0,1.0033237934112549,0.011468907818198204
PPO,35,final,231,3231,-0.5407398521900177,10.0,2.0,0.21123190224170685,0.012095128651708364
PPO,35,final,232,3232,-0.45205347537994384,10.0,2.0,1.1201738119125366,0.010715628042817116
PPO,35,final,233,3233,-0.5030336856842041,10.0,2.0,0.37730249762535095,0.011410738108679652
PPO,35,final,234,3234,-0.4926029250025749,10.0,2.0,0.09589024633169174,0.01124667888507247
PPO,35,final,235,3235,-0.596470046043396,10.0,2.0,0.6006760001182556,0.013369154650717974
PPO,35,final,236,3236,-0.6146768212318421,10.0,2.0,0.16458268463611603,0.013848301721736789
PPO,35,final,237,3237,-0.5974736690521241,10.0,2.0,0.831436276435852,0.013390737120062113
PPO,35,final,238,3238,-0.5394045591354371,10.0,2.0,0.7074134945869446,0.01206880621612072
PPO,35,final,239,3239,-0.5052505016326905,10.0,2.0,0.7998946905136108,0.011452947743237019
PPO,35,final,240,3240,-0.3373083949089051,10.0,2.0,0.7845233082771301,0.01011344837024808
PPO,35,final,241,3241,-0.7335557222366335,10.0,2.0,0.8017104268074036,0.017813249491155148
PPO,35,final,242,3242,-0.39781032800674443,10.0,2.0,0.5157763957977295,0.010254275985062122
PPO,35,final,243,3243,-0.4811570525169373,10.0,2.0,0.5313760042190552,0.011074836365878582
PPO,35,final,244,3244,-0.5227508574724198,10.0,2.0,0.2170470654964447,0.01174901844933629
PPO,35,final,245,3245,-0.6517923206090929,10.0,2.0,0.29741257429122925,0.014958902262151241
PPO,35,final,246,3246,-0.48318301439285277,10.0,2.0,0.5961067080497742,0.011100501520559192
PPO,35,final,247,3247,-0.48325281143188475,10.0,2.0,0.807411253452301,0.011101924814283848
PPO,35,final,248,3248,-0.5452172040939331,10.0,2.0,0.815593421459198,0.012188112363219261
PPO,35,final,249,3249,-0.408771562576294,10.0,2.0,0.5663560032844543,0.01016825856640935
PPO,35,final,250,3250,-0.6265117406845094,10.0,2.0,0.4093326926231384,0.014170205686241388
PPO,35,final,251,3251,-0.2232289791107178,10.0,2.0,0.4688648581504822,0.010750829707831144
PPO,35,final,252,3252,-0.5498860508203507,10.0,2.0,0.21754254400730133,0.01228609075769782
PPO,35,final,253,3253,-0.4301957070827484,10.0,2.0,0.483441561460495,0.010464328806847334
PPO,35,final,254,3254,-0.5302913963794709,10.0,2.0,0.23434007167816162,0.011895697098225355
PPO,35,final,255,3255,-0.643539595603943,10.0,2.0,0.37818676233291626,0.014737193007022142
PPO,35,final,256,3256,-0.6268752694129945,10.0,2.0,0.8211368918418884,0.014229866908863187
PPO,35,final,257,3257,-0.5222908139228821,10.0,2.0,0.8308054208755493,0.011741589987650514
PPO,35,final,258,3258,-0.44135843515396117,10.0,2.0,0.9274691939353943,0.010585233801975846
PPO,35,final,259,3259,-0.5293105125427247,10.0,2.0,0.36336538195610046,0.011872331146150827
PPO,35,final,260,3260,-0.3615066289901734,10.0,2.0,0.6480885148048401,0.010086507769301534
PPO,35,final,261,3261,-0.45551933646202086,10.0,2.0,0.47981688380241394,0.01073373481631279
PPO,35,final,262,3262,-0.5028200626373291,10.0,2.0,1.368276596069336,0.011401100549846888
PPO,35,final,263,3263,-0.5457626461982727,10.0,2.0,0.3040248453617096,0.012208247557282448
PPO,35,final,264,3264,-0.5844130173325539,10.0,2.0,0.07044307142496109,0.013083474012091756
PPO,35,final,265,3265,-0.47249560356140136,10.0,2.0,0.6519599556922913,0.010942423017695546
PPO,35,final,266,3266,-0.6178628087043763,10.0,2.0,0.5477951169013977,0.013973077293485403
PPO,35,final,267,3267,-0.5467572689056397,10.0,2.0,1.2760032415390015,0.012223573168739676
PPO,35,final,268,3268,-0.5642796039581299,10.0,2.0,0.377503901720047,0.012600366957485676
PPO,35,final,269,3269,-0.46795843839645385,10.0,2.0,0.758121132850647,0.010895544197410345
PPO,35,final,270,3270,-0.5308760881423951,10.0,2.0,0.8337026834487915,0.011902101337909698
PPO,35,final,271,3271,-0.38800423145294194,10.0,2.0,1.0507997274398804,0.0101900992449373
PPO,35,final,272,3272,-0.5012278437614441,10.0,2.0,0.7905865907669067,0.011376864742487669
PPO,35,final,273,3273,-0.45573084354400634,10.0,2.0,0.5107426047325134,0.010734848212450743
PPO,35,final,274,3274,-0.6550660610198976,10.0,2.0,0.9765206575393677,0.01508212205953896
PPO,35,final,275,3275,-0.5266398668289185,10.0,2.0,0.6884139180183411,0.01182349119335413
PPO,35,final,276,3276,-0.4597854495048523,10.0,2.0,0.8703286051750183,0.010784106096252799
PPO,35,final,277,3277,-0.48800312280654906,10.0,2.0,0.31386396288871765,0.011167977703735232
PPO,35,final,278,3278,-0.32309042215347294,10.0,2.0,0.5874971747398376,0.010041797533631325
PPO,35,final,279,3279,-0.45693020820617675,10.0,2.0,0.3733662962913513,0.010674361372366548
PPO,35,final,280,3280,-0.7046457707881929,10.0,2.0,0.650425374507904,0.016827444545924664
PPO,35,final,281,3281,-0.5699744552373887,10.0,2.0,0.2526802122592926,0.012750705238431692
PPO,35,final,282,3282,-0.5256109714508057,10.0,2.0,0.2608502209186554,0.011804239358752966
PPO,35,final,283,3283,-0.646160411834717,10.0,2.0,0.38548120856285095,0.01479466655291617
PPO,35,final,284,3284,-0.5338120341300965,10.0,2.0,0.681871235370636,0.011958916438743472
PPO,35,final,285,3285,-0.3395196676254273,10.0,2.0,1.0145868062973022,0.010083977598696947
PPO,35,final,286,3286,-0.5480534315109253,10.0,2.0,0.7622230648994446,0.01224519801326096
PPO,35,final,287,3287,-0.5562618851661683,10.0,2.0,0.6179203391075134,0.012420586310327053
PPO,35,final,288,3288,-0.5294048070907593,10.0,2.0,0.848415195941925,0.01187406713142991
PPO,35,final,289,3289,-0.5001657485961915,10.0,2.0,0.8904767036437988,0.011360785458236933
PPO,35,final,290,3290,-0.5751489579677582,10.0,2.0,0.5095049142837524,0.012849055929109454
PPO,35,final,291,3291,-0.469933021068573,10.0,2.0,0.32001543045043945,0.010919974418357015
PPO,35,final,292,3292,-0.596688735485077,10.0,2.0,0.3711434304714203,0.013380642514675856
PPO,35,final,293,3293,-0.4650947332382202,10.0,2.0,0.6668711304664612,0.010858447756618261
PPO,35,final,294,3294,-0.5003633379936219,10.0,2.0,0.8642376065254211,0.01136379363015294
PPO,35,final,295,3295,-0.4555565595626831,10.0,2.0,0.89005047082901,0.010738850804045796
PPO,35,final,296,3296,-0.5025430798530579,10.0,2.0,0.9951360821723938,0.011397154070436954
PPO,35,final,297,3297,-0.47290157079696654,10.0,2.0,0.6245717406272888,0.010951094096526504
PPO,35,final,298,3298,-0.5622956931591034,10.0,2.0,0.48558443784713745,0.012562051648274064
PPO,35,final,299,3299,-0.49866639375686644,10.0,2.0,0.7412657141685486,0.011332981521263719
PPO,35,final,300,3300,-0.5239956557750702,10.0,2.0,0.42604392766952515,0.0117750174831599
PPO,35,final,301,3301,-0.5018999457359314,10.0,2.0,0.8580446839332581,0.0113858706317842
PPO,35,final,302,3302,-0.5823452651500702,10.0,2.0,0.47767210006713867,0.01303447363898158
PPO,35,final,303,3303,-0.37302859425544743,10.0,2.0,0.44484028220176697,0.01009842986240983
PPO,35,final,304,3304,-0.3926634073257447,10.0,2.0,0.9287012815475464,0.010180627228692174
PPO,35,final,305,3305,-0.4400722861289978,10.0,2.0,0.8168601989746094,0.01055005588568747
PPO,35,final,306,3306,-0.4796652674674988,10.0,2.0,0.5413528084754944,0.011040458222851157
PPO,35,final,307,3307,-0.48202817440032963,10.0,2.0,0.8332284092903137,0.01107513764873147
PPO,35,final,308,3308,-0.49790518283843993,10.0,2.0,0.3542289137840271,0.011325583094730973
PPO,35,final,309,3309,-0.6222872614860536,10.0,2.0,0.7198935747146606,0.014145736815407872
PPO,35,final,310,3310,-0.6483894467353822,10.0,2.0,0.7119178771972656,0.014912581536918879
PPO,35,final,311,3311,-0.4381007432937622,10.0,2.0,0.7288145422935486,0.010533557273447514
PPO,35,final,312,3312,-0.7455674886703494,10.0,2.0,0.814269483089447,0.01832626387476921
PPO,35,final,313,3313,-0.5609583735466004,10.0,2.0,0.9314373731613159,0.012521716766059399
PPO,35,final,314,3314,-0.5335980832576752,10.0,2.0,0.14187510311603546,0.011956347385421395
PPO,35,final,315,3315,-0.41610239744186406,10.0,2.0,0.7565376162528992,0.010406970512121916
PPO,35,final,316,3316,-0.517255711555481,10.0,2.0,1.260995864868164,0.01165866618975997
PPO,35,final,317,3317,-0.570668774843216,10.0,2.0,0.3585670292377472,0.012733111856505275
PPO,35,final,318,3318,-0.5333416342735291,10.0,2.0,0.4368467330932617,0.011950701707974076
PPO,35,final,319,3319,-0.5242647409439087,10.0,2.0,0.7432869076728821,0.01177993230521679
PPO,35,final,320,3320,-0.5307563424110413,10.0,2.0,0.3196810185909271,0.01190042239613831
PPO,35,final,321,3321,-0.46704648733139037,10.0,2.0,0.3036958873271942,0.010889693396165967
PPO,35,final,322,3322,-0.4727994084358215,10.0,2.0,0.748784065246582,0.0109594757668674
PPO,35,final,323,3323,-0.5846110314130784,10.0,2.0,0.18676069378852844,0.013078434858471155
PPO,35,final,324,3324,-0.5520726621150971,10.0,2.0,0.1663125902414322,0.012332353740930557
PPO,35,final,325,3325,-0.6540980219841005,10.0,2.0,0.735068142414093,0.015028205700218678
PPO,35,final,326,3326,-0.5541099786758423,10.0,2.0,1.127896785736084,0.012372871162369847
PPO,35,final,327,3327,-0.5470795512199402,10.0,2.0,0.5045130848884583,0.012223264435306191
PPO,35,final,328,3328,-0.5904832363128663,10.0,2.0,0.45217961072921753,0.013209599768742919
PPO,35,final,329,3329,-0.43959744572639464,10.0,2.0,0.38271552324295044,0.010599607601761818
PPO,35,final,330,3330,-0.4904824376106262,10.0,2.0,0.9535608887672424,0.011222338071092963
PPO,35,final,331,3331,-0.523373293876648,10.0,2.0,0.6634743809700012,0.0117634367197752
PPO,35,final,332,3332,-0.6792415261268617,10.0,2.0,1.094472050666809,0.01582711422815919
PPO,35,final,333,3333,-0.5624159306287766,10.0,2.0,0.24308988451957703,0.012550722807645798
PPO,35,final,334,3334,-0.4120236515998841,10.0,2.0,0.7075923681259155,0.010358450934290886
PPO,35,final,335,3335,-0.47739754915237426,10.0,2.0,0.6518745422363281,0.011029331479221582
PPO,35,final,336,3336,-0.5485184073448182,10.0,2.0,0.7245801687240601,0.012254600645974278
PPO,35,final,337,3337,-0.3286456942558289,10.0,2.0,0.9593775868415833,0.010066102724522352
PPO,35,final,338,3338,-0.6851386308670045,10.0,2.0,0.7289534211158752,0.016077350359410048
PPO,35,final,339,3339,-0.4720532774925232,10.0,2.0,0.7037477493286133,0.010939108906313777
PPO,35,final,340,3340,-0.5397716045379639,10.0,2.0,0.784123957157135,0.012081342982128263
PPO,35,final,341,3341,-0.562813538312912,10.0,2.0,0.32640185952186584,0.01257352321408689
PPO,35,final,342,3342,-0.4325523853302002,10.0,2.0,1.3599921464920044,0.010488633997738361
PPO,35,final,343,3343,-0.5660565972328186,10.0,2.0,0.35381126403808594,0.012645537732169032
PPO,35,final,344,3344,-0.44902198314666747,10.0,2.0,0.32143208384513855,0.010658322367817163
PPO,35,final,345,3345,-0.44590507745742797,10.0,2.0,0.954049289226532,0.010621907887980342
PPO,35,final,346,3346,-0.5263922095298768,10.0,2.0,0.6666753888130188,0.011820247629657388
PPO,35,final,347,3347,-0.629301416873932,10.0,2.0,0.7291929125785828,0.014303038828074932
PPO,35,final,348,3348,-0.65888808965683,10.0,2.0,0.7853167653083801,0.01519847591407597
PPO,35,final,349,3349,-0.4858590245246887,10.0,2.0,0.47690147161483765,0.01114048552699387
PPO,35,final,350,3350,-0.4288039684295654,10.0,2.0,0.9188880920410156,0.01047492097131908
PPO,35,final,351,3351,-0.32345246076583867,10.0,2.0,0.6221834421157837,0.010084827663376927
PPO,35,final,352,3352,-0.5341862618923188,10.0,2.0,0.17212356626987457,0.011968225939199328
PPO,35,final,353,3353,-0.4694575548171997,10.0,2.0,0.6128464341163635,0.01089995726943016
PPO,35,final,354,3354,-0.5322568893432618,10.0,2.0,1.3497329950332642,0.011937142116948962
PPO,35,final,355,3355,-0.29595347046852116,10.0,2.0,0.3540971577167511,0.01007101172581315
PPO,35,final,356,3356,-0.41162477731704716,10.0,2.0,0.6530250906944275,0.010277907829731703
PPO,35,final,357,3357,-0.5405630350112915,10.0,2.0,0.6953855156898499,0.012129886774346232
PPO,35,final,358,3358,-0.3871796607971192,10.0,2.0,0.5857943892478943,0.010101456195116043
PPO,35,final,359,3359,-0.4842976212501526,10.0,2.0,0.7231711745262146,0.011117748217657208
PPO,35,final,360,3360,-0.5084076404571534,10.0,2.0,0.34340447187423706,0.011518523097038269
PPO,35,final,361,3361,-0.3537074208259583,10.0,2.0,0.3040394186973572,0.009966750629246235
PPO,35,final,362,3362,-0.5785716652870179,10.0,2.0,0.7408057451248169,0.013009513961151242
PPO,35,final,363,3363,-0.5686214447021485,10.0,2.0,0.8380473256111145,0.012757587246596813
PPO,35,final,364,3364,-0.390475082397461,10.0,2.0,0.766205906867981,0.01013165432959795
PPO,35,final,365,3365,-0.6020078390836716,10.0,2.0,0.23578497767448425,0.01356793288141489
PPO,35,final,366,3366,-0.5058966904878617,10.0,2.0,0.19967113435268402,0.011446186574175954
PPO,35,final,367,3367,-0.5501020431518555,10.0,2.0,0.7945442795753479,0.012300734408199787
PPO,35,final,368,3368,-0.5594230547547341,10.0,2.0,0.12482766062021255,0.012497184565290809
PPO,35,final,369,3369,-0.5820298820734024,10.0,2.0,0.15828342735767365,0.013016152195632458
PPO,35,final,370,3370,-0.5856528535485268,10.0,2.0,0.14972539246082306,0.01307454681955278
PPO,35,final,371,3371,-0.3253379344940186,10.0,2.0,1.1869975328445435,0.010114145930856466
PPO,35,final,372,3372,-0.5295500338077546,10.0,2.0,0.4346916079521179,0.011873831041157246
PPO,35,final,373,3373,-0.5713364064693451,10.0,2.0,0.4819484353065491,0.01275791646912694
PPO,35,final,374,3374,-0.646142500638962,10.0,2.0,0.3738104999065399,0.01477176696062088
PPO,35,final,375,3375,-0.5520268559455872,10.0,2.0,0.5713810324668884,0.012327545788139105
PPO,35,final,376,3376,-0.5582451701164246,10.0,2.0,0.6863343119621277,0.012457399163395166
PPO,35,final,377,3377,-0.5890962660312653,10.0,2.0,0.414079874753952,0.013174509396776557
PPO,35,final,378,3378,-0.5155761122703553,10.0,2.0,0.7936509251594543,0.011626128107309341
PPO,35,final,379,3379,-0.5208717465400696,10.0,2.0,0.5908290147781372,0.011722820578143
PPO,35,final,380,3380,-0.5545276284217835,10.0,2.0,0.43556123971939087,0.012189513770863414
PPO,35,final,381,3381,-0.5609211802482605,10.0,2.0,0.83038330078125,0.01249191421084106
PPO,35,final,382,3382,-0.5510084509849549,10.0,2.0,0.4869883954524994,0.01227518985979259
PPO,35,final,383,3383,-0.5823927998542786,10.0,2.0,0.5866485834121704,0.012867068639025092
PPO,35,final,384,3384,-0.32975317835807805,10.0,2.0,0.456258624792099,0.010174845578148961
PPO,35,final,385,3385,-0.4269075870513916,10.0,2.0,0.6605089902877808,0.01049579493701458
PPO,35,final,386,3386,-0.44972412586212157,10.0,2.0,1.1339668035507202,0.010692244861274958
PPO,35,final,387,3387,-0.5099647521972657,10.0,2.0,0.5239032506942749,0.011520894942805171
PPO,35,final,388,3388,-0.6167603015899659,10.0,2.0,0.8453506827354431,0.013933912385255098
PPO,35,final,389,3389,-0.5431151270866394,10.0,2.0,0.6437606811523438,0.012149226386100054
PPO,35,final,390,3390,-0.5705739438533783,10.0,2.0,0.42809709906578064,0.012749639572575688
PPO,35,final,391,3391,-0.5515422105789185,10.0,2.0,0.82363361120224,0.012322082417085767
PPO,35,final,392,3392,-0.47669785022735595,10.0,2.0,0.695159375667572,0.011005871463567019
PPO,35,final,393,3393,-0.628504264354706,10.0,2.0,0.6788982152938843,0.014247804414480925
PPO,35,final,394,3394,-0.47601728439331054,10.0,2.0,1.2082663774490356,0.011006328742951155
PPO,35,final,395,3395,-0.47179226875305175,10.0,2.0,0.6929295659065247,0.01095052040182054
PPO,35,final,396,3396,-0.452315616607666,10.0,2.0,1.042864441871643,0.010708685033023357
PPO,35,final,397,3397,-0.5234218716621399,10.0,2.0,0.1604909747838974,0.011762114707380533
PPO,35,final,398,3398,-0.44757215976715087,10.0,2.0,0.5119859576225281,0.010642835637554526
PPO,35,final,399,3399,-0.5427024096250535,10.0,2.0,0.12701065838336945,0.012141297105699778
PPO,35,final,400,3400,-0.661811399459839,10.0,2.0,0.7948404550552368,0.015304618747904897
PPO,35,final,401,3401,-0.3822570323944092,10.0,2.0,0.9414631128311157,0.010135939810425043
PPO,35,final,402,3402,-0.6199199736118317,10.0,2.0,0.35647663474082947,0.014021015260368586
PPO,35,final,403,3403,-0.5448194921016694,10.0,2.0,0.09812675416469574,0.012181131867691875
PPO,35,final,404,3404,-0.6085951581597329,10.0,2.0,0.18191538751125336,0.013642629142850637
PPO,35,final,405,3405,-0.7172909855842592,10.0,2.0,0.5152433514595032,0.017185887787491083
PPO,35,final,406,3406,-0.5525910437107087,10.0,2.0,0.307003915309906,0.012338439701125026
PPO,35,final,407,3407,-0.6769324421882631,10.0,2.0,1.014567494392395,0.015700077638030052
PPO,35,final,408,3408,-0.5031869292259217,10.0,2.0,0.6718196868896484,0.011452639708295465
PPO,35,final,409,3409,-0.627818810939789,10.0,2.0,0.7738971710205078,0.014180820435285568
PPO,35,final,410,3410,-0.6596248030662538,10.0,2.0,0.8984943628311157,0.015121934469789267
PPO,35,final,411,3411,-0.5403558865189553,10.0,2.0,0.10977523028850555,0.012108826544135809
PPO,35,final,412,3412,-0.4616722345352173,10.0,2.0,0.7508240938186646,0.010907690739259124
PPO,35,final,413,3413,-0.5281613647937775,10.0,2.0,0.25861674547195435,0.01187267224304378
PPO,35,final,414,3414,-0.48881845474243163,10.0,2.0,0.6653234362602234,0.011224654037505388
PPO,35,final,415,3415,-0.39700256586074834,10.0,2.0,0.5677909851074219,0.010276268469169736
PPO,35,final,416,3416,-0.4455818563699722,10.0,2.0,0.23813478648662567,0.010633008321747184
PPO,35,final,417,3417,-0.5861996293067933,10.0,2.0,0.5448237061500549,0.013131878105923533
PPO,35,final,418,3418,-0.42095683813095097,10.0,2.0,0.3785434365272522,0.010368349263444543
PPO,35,final,419,3419,-0.5519347667694092,10.0,2.0,0.5056724548339844,0.012350651202723384
PPO,35,final,420,3420,-0.4738213300704956,10.0,2.0,0.6359987258911133,0.010957691352814436
PPO,35,final,421,3421,-0.49387798011302947,10.0,2.0,0.23180492222309113,0.011257897596806288
PPO,35,final,422,3422,-0.47624658346176146,10.0,2.0,0.7626128196716309,0.010991882998496294
PPO,35,final,423,3423,-0.6047086596488953,10.0,2.0,0.8657447695732117,0.01363802351988852
PPO,35,final,424,3424,-0.7393244087696077,10.0,2.0,0.6385806202888489,0.0181449125520885
PPO,35,final,425,3425,-0.5724546790122986,10.0,2.0,0.3742839992046356,0.012787502259016037
PPO,35,final,426,3426,-0.3884300768375397,10.0,2.0,0.3923151195049286,0.010215599555522203
PPO,35,final,427,3427,-0.5373399734497071,10.0,2.0,1.0445935726165771,0.012028442695736885
PPO,35,final,428,3428,-0.5858046293258667,10.0,2.0,0.42350202798843384,0.012970860814675689
PPO,35,final,429,3429,-0.3914589166641236,10.0,2.0,0.7220360636711121,0.010238117072731256
PPO,35,final,430,3430,-0.5473292350769043,10.0,2.0,1.0718677043914795,0.012228998355567455
PPO,35,final,431,3431,-0.6150386810302735,10.0,2.0,1.1413381099700928,0.0138637765776366
PPO,35,final,432,3432,-0.5303722500801087,10.0,2.0,0.43715766072273254,0.011892529670149088
PPO,35,final,433,3433,-0.4846719980239868,10.0,2.0,0.9091120958328247,0.011127163656055927
PPO,35,final,434,3434,-0.6339918255805971,10.0,2.0,0.713234543800354,0.01440296764485538
PPO,35,final,435,3435,-0.5679118514060975,10.0,2.0,0.4876309931278229,0.012676051817834377
PPO,35,final,436,3436,-0.5543851435184479,10.0,2.0,0.4454992413520813,0.012376773403957486
PPO,35,final,437,3437,-0.5157368063926697,10.0,2.0,0.8172359466552734,0.011629518354311585
PPO,35,final,438,3438,-0.5352302223443985,10.0,2.0,0.21166059374809265,0.011987731326371431
PPO,35,final,439,3439,-0.44998918771743773,10.0,2.0,0.41303151845932007,0.010699584614485502
PPO,35,final,440,3440,-0.43518840074539183,10.0,2.0,0.8416239619255066,0.010537781054154038
PPO,35,final,441,3441,-0.6296327590942384,10.0,2.0,0.7299443483352661,0.014285043347626925
PPO,35,final,442,3442,-0.5396489977836609,10.0,2.0,0.5427058339118958,0.012075029779225588
PPO,35,final,443,3443,-0.5088345885276795,10.0,2.0,0.9024375677108765,0.011503313202410936
PPO,35,final,444,3444,-0.573013174533844,10.0,2.0,0.908606231212616,0.012800438329577446
PPO,35,final,445,3445,-0.43669508695602416,10.0,2.0,0.8020602464675903,0.010539175942540169
PPO,35,final,446,3446,-0.5684340924024582,10.0,2.0,0.20202913880348206,0.0126717877574265
PPO,35,final,447,3447,-0.7088574051856996,10.0,2.0,0.9620438814163208,0.016890867613255978
PPO,35,final,448,3448,-0.38884632587432866,10.0,2.0,0.6462341547012329,0.010219780961051583
PPO,35,final,449,3449,-0.55961834192276,10.0,2.0,0.9835799932479858,0.012489247601479292
PPO,35,final,450,3450,-0.5140857577323914,10.0,2.0,0.6937078237533569,0.011599895311519504
PPO,35,final,451,3451,-0.5082483768463135,10.0,2.0,0.667450487613678,0.011499451007694006
PPO,35,final,452,3452,-0.509899127483368,10.0,2.0,0.9288323521614075,0.011524754343554378
PPO,35,final,453,3453,-0.585269320011139,10.0,2.0,0.8210626244544983,0.013088532956317067
PPO,35,final,454,3454,-0.5803572416305542,10.0,2.0,1.4669082164764404,0.012969059869647026
PPO,35,final,455,3455,-0.5998692393302918,10.0,2.0,0.7303286790847778,0.013453334337100387
PPO,35,final,456,3456,-0.4318763941526413,10.0,2.0,0.24292461574077606,0.010515670757740736
PPO,35,final,457,3457,-0.4464290618896484,10.0,2.0,0.8713656663894653,0.010653513483703136
PPO,35,final,458,3458,-0.7080218076705934,10.0,2.0,0.8950900435447693,0.01675709569826722
PPO,35,final,459,3459,-0.47978924512863164,10.0,2.0,0.8362398743629456,0.011064364109188318
PPO,35,final,460,3460,-0.574982113391161,10.0,2.0,0.07423786073923111,0.012835300294682384
PPO,35,final,461,3461,-0.5529049515724183,10.0,2.0,0.42271730303764343,0.012342912377789617
PPO,35,final,462,3462,-0.47184749245643615,10.0,2.0,0.16130459308624268,0.010969419265165925
PPO,35,final,463,3463,-0.6983657956123354,10.0,2.0,0.624373733997345,0.016466025728732347
PPO,35,final,464,3464,-0.6131164908409119,10.0,2.0,0.7020024061203003,0.013790142256766558
PPO,35,final,465,3465,-0.5941223084926606,10.0,2.0,0.3232155442237854,0.013292816234752536
PPO,35,final,466,3466,-0.5646284103393555,10.0,2.0,0.16794109344482422,0.012588429730385542
PPO,35,final,467,3467,-0.31212733983993535,10.0,2.0,0.3213614821434021,0.010246727615594864
PPO,35,final,468,3468,-0.3554839372634888,10.0,2.0,0.8061552047729492,0.010142999701201916
PPO,35,final,469,3469,-0.5282447069883347,10.0,2.0,0.21312817931175232,0.011852443451061845
PPO,35,final,470,3470,-0.3794807672500611,10.0,2.0,0.7092130780220032,0.010107013629749417
PPO,35,final,471,3471,-0.5174947708845139,10.0,2.0,0.2070634514093399,0.011665719328448176
PPO,35,final,472,3472,-0.49640779495239257,10.0,2.0,0.6087684631347656,0.011304890969768167
PPO,35,final,473,3473,-0.5829109132289887,10.0,2.0,0.43946409225463867,0.013166699791327119
PPO,35,final,474,3474,-0.4411205530166626,10.0,2.0,0.6042013764381409,0.01055286847986281
PPO,35,final,475,3475,-0.5850053831934929,10.0,2.0,0.1376376897096634,0.01310996781103313
PPO,35,final,476,3476,-0.6292594552040102,10.0,2.0,0.6800340414047241,0.014303703559562564
PPO,35,final,477,3477,-0.6455531895160677,10.0,2.0,0.384468138217926,0.014760729391127825
PPO,35,final,478,3478,-0.6000701069831849,10.0,2.0,0.8610422015190125,0.013452371349558234
PPO,35,final,479,3479,-0.5716836035251618,10.0,2.0,0.2773873805999756,0.012757228221744299
PPO,35,final,480,3480,-0.36216579675674443,10.0,2.0,0.853465735912323,0.010211741086095572
PPO,35,final,481,3481,-0.6283096849918367,10.0,2.0,0.2116159051656723,0.014198716497048736
PPO,35,final,482,3482,-0.5866445779800415,10.0,2.0,0.7384733557701111,0.013109162449836731
PPO,35,final,483,3483,-0.5455934584140778,10.0,2.0,0.4650072455406189,0.01219663373194635
PPO,35,final,484,3484,-0.6967059254646303,10.0,2.0,0.7506489753723145,0.016389350406825542
PPO,35,final,485,3485,-0.5621050849556923,10.0,2.0,0.13224372267723083,0.012543931836262345
PPO,35,final,486,3486,-0.4841371655464172,10.0,2.0,0.8158869743347168,0.011156165972352028
PPO,35,final,487,3487,-0.5698752880096436,10.0,2.0,0.9466328024864197,0.012716563185676932
PPO,35,final,488,3488,-0.5324460744857789,10.0,2.0,0.25618645548820496,0.011938774259760976
PPO,35,final,489,3489,-0.8232154726982119,10.0,2.0,0.4861595928668976,0.021660013124346733
PPO,35,final,490,3490,-0.3110932588577271,10.0,2.0,1.0418604612350464,0.010238762944936752
PPO,35,final,491,3491,-0.4152967214584351,10.0,2.0,0.822929322719574,0.010412064613774419
PPO,35,final,492,3492,-0.5003713846206665,10.0,2.0,1.271785020828247,0.011370735941454768
PPO,35,final,493,3493,-0.5466308474540711,10.0,2.0,0.8261605501174927,0.012217409443110228
PPO,35,final,494,3494,-0.4340012550354004,10.0,2.0,0.16894319653511047,0.010500055039301515
PPO,35,final,495,3495,-0.7753034710884097,10.0,2.0,0.7734745740890503,0.01964504737406969
PPO,35,final,496,3496,-0.3542042255401612,10.0,2.0,1.2785409688949585,0.010049826931208372
PPO,35,final,497,3497,-0.6401473164558412,10.0,2.0,0.4146757125854492,0.01461097877472639
PPO,35,final,498,3498,-0.4884168982505798,10.0,2.0,0.5482636094093323,0.01117628999054432
PPO,35,final,499,3499,-0.5228527665138245,10.0,2.0,0.41882023215293884,0.011751637794077396
PPO,35,final,500,3500,-0.5039416432380677,10.0,2.0,0.1960926353931427,0.01142214611172676
PPO,35,final,501,3501,-0.6080788403749466,10.0,2.0,0.23464727401733398,0.013678687158972025
PPO,35,final,502,3502,-0.48209083378314976,10.0,2.0,0.23233641684055328,0.011088324943557382
PPO,35,final,503,3503,-0.6091403245925904,10.0,2.0,0.2633102238178253,0.013701092218980193
PPO,35,final,504,3504,-0.3968793034553528,10.0,2.0,0.8802724480628967,0.010249589802697301
PPO,35,final,505,3505,-0.4967959403991699,10.0,2.0,0.773881733417511,0.011308666318655014
PPO,35,final,506,3506,-0.6453334718942644,10.0,2.0,0.26494887471199036,0.014754430390894413
PPO,35,final,507,3507,-0.6845764994621278,10.0,2.0,0.6738248467445374,0.016023331321775913
PPO,35,final,508,3508,-0.5691678404808045,10.0,2.0,0.6880306601524353,0.012702367035672069
PPO,35,final,509,3509,-0.45979450941085814,10.0,2.0,0.8075538277626038,0.010823944117873907
PPO,35,final,510,3510,-0.5481746673583985,10.0,2.0,0.8494463562965393,0.012247645063325763
PPO,35,final,511,3511,-0.4677829027175903,10.0,2.0,1.0442718267440796,0.010917828418314457
PPO,35,final,512,3512,-0.4506901383399963,10.0,2.0,0.5493847727775574,0.010705992812290788
PPO,35,final,513,3513,-0.4984034180641174,10.0,2.0,0.9233419299125671,0.011333952657878399
PPO,35,final,514,3514,-0.365596416592598,10.0,2.0,0.2100401371717453,0.010078482097014785
PPO,35,final,515,3515,-0.4099649369716645,10.0,2.0,0.3939225375652313,0.010277101770043373
PPO,35,final,516,3516,-0.3628552436828614,10.0,2.0,0.9965382814407349,0.010007119504734874
PPO,35,final,517,3517,-0.6821514248847963,10.0,2.0,0.4381934702396393,0.01612105965614319
PPO,35,final,518,3518,-0.6155409991741181,10.0,2.0,0.4202808737754822,0.013989248313009739
PPO,35,final,519,3519,-0.451028037071228,10.0,2.0,0.7011014819145203,0.010663429275155067
PPO,35,final,520,3520,-0.5537089735269547,10.0,2.0,0.15783725678920746,0.01238766429014504
PPO,35,final,521,3521,-0.1848962187767029,10.0,2.0,0.9590738415718079,0.011146291391924024
PPO,35,final,522,3522,-0.3693885684013367,10.0,2.0,0.6395689845085144,0.01004314562305808
PPO,35,final,523,3523,-0.5241488099098206,10.0,2.0,0.5883406400680542,0.011802489403635263
PPO,35,final,524,3524,-0.3520272254943848,10.0,2.0,0.5964074730873108,0.009958865819498897
PPO,35,final,525,3525,-0.592061060667038,10.0,2.0,0.47344115376472473,0.013376207556575537
PPO,35,final,526,3526,-0.5324707210063935,10.0,2.0,0.3171672821044922,0.011981816496700048
PPO,35,final,527,3527,-0.5720993161201477,10.0,2.0,0.6572822332382202,0.012841476825997233
PPO,35,final,528,3528,-0.5366397380828858,10.0,2.0,0.6009272933006287,0.012034208048135042
PPO,35,final,529,3529,-0.5113296389579773,10.0,2.0,0.870606541633606,0.01154692331328988
PPO,35,final,530,3530,-0.48933770060539244,10.0,2.0,0.46676895022392273,0.011188209755346179
PPO,35,final,531,3531,-0.5622070014476777,10.0,2.0,0.3575901687145233,0.012552140047773719
PPO,35,final,532,3532,-0.5823949158191681,10.0,2.0,0.5213570594787598,0.013018667930737138
PPO,35,final,533,3533,-0.42564849853515624,10.0,2.0,0.862084686756134,0.010455879149958491
PPO,35,final,534,3534,-0.5225421369075776,10.0,2.0,0.39539724588394165,0.011747182114049792
PPO,35,final,535,3535,-0.5679572105407715,10.0,2.0,0.4493078887462616,0.012678560335189104
PPO,35,final,536,3536,-0.5505152523517609,10.0,2.0,0.37188979983329773,0.012296233791857958
PPO,35,final,537,3537,-0.45096035599708556,10.0,2.0,0.3434578478336334,0.010696263518184423
PPO,35,final,538,3538,-0.6656494915485384,10.0,2.0,0.4010752737522125,0.01538740168325603
PPO,35,final,539,3539,-0.5266634106636048,10.0,2.0,0.6479493975639343,0.011822981294244528
PPO,35,final,540,3540,-0.5301371693611145,10.0,2.0,0.9624163508415222,0.011888833250850439
PPO,35,final,541,3541,-0.5627453580498696,10.0,2.0,0.09249303489923477,0.012558491667732596
PPO,35,final,542,3542,-0.3533034205436707,10.0,2.0,0.539202094078064,0.01010958245024085
PPO,35,final,543,3543,-0.49262224435806273,10.0,2.0,0.7101706862449646,0.011242972454056144
PPO,35,final,544,3544,-0.6017814308404923,10.0,2.0,0.20751023292541504,0.013523482484742999
PPO,35,final,545,3545,-0.5535124123096467,10.0,2.0,0.29243558645248413,0.012367175426334143
PPO,35,final,546,3546,-0.5841409146785737,10.0,2.0,0.1637342870235443,0.013070248533040285
PPO,35,final,547,3547,-0.5094198167324067,10.0,2.0,0.2882087230682373,0.011513726552948356
PPO,35,final,548,3548,-0.4382865309715271,10.0,2.0,0.5219679474830627,0.010558243142440915
PPO,35,final,549,3549,-0.7025950729846956,10.0,2.0,0.4335133135318756,0.016666173469275236
PPO,35,final,550,3550,-0.5236103862524033,10.0,2.0,0.15780587494373322,0.01172299706377089
PPO,35,final,551,3551,-0.5518389075994492,10.0,2.0,0.25078532099723816,0.012322748312726617
PPO,35,final,552,3552,-0.5820200920104981,10.0,2.0,0.45503002405166626,0.013001281302422285
PPO,35,final,553,3553,-0.5388610243797303,10.0,2.0,0.8070052862167358,0.012060179375112057
PPO,35,final,554,3554,-0.44390552043914794,10.0,2.0,0.813875138759613,0.010648779571056366
PPO,35,final,555,3555,-0.3476831197738648,10.0,2.0,0.19800183176994324,0.00998051161877811
PPO,35,final,556,3556,-0.571889328956604,10.0,2.0,0.48914164304733276,0.012789612170308828
PPO,35,final,557,3557,-0.515930461883545,10.0,2.0,0.8284327387809753,0.011629645247012377
PPO,35,final,558,3558,-0.39524846076965336,10.0,2.0,0.34563344717025757,0.010236434871330857
PPO,35,final,559,3559,-0.4586674451828003,10.0,2.0,0.754024088382721,0.01077480404637754
PPO,35,final,560,3560,-0.3031708478927613,10.0,2.0,0.9808100461959839,0.010070409625768661
PPO,35,final,561,3561,-0.5794499397277832,10.0,2.0,0.9753952026367188,0.012999287573620677
PPO,35,final,562,3562,-0.49388502836227416,10.0,2.0,0.8909618258476257,0.011263744439929724
PPO,35,final,563,3563,-0.5673298716545105,10.0,2.0,0.2878623902797699,0.012722335522994399
PPO,35,final,564,3564,-0.5840706929564476,10.0,2.0,0.1541108787059784,0.013053744565695524
PPO,35,final,565,3565,-0.5532390803098679,10.0,2.0,0.1767861545085907,0.012373463017866015
PPO,35,final,566,3566,-0.493043053150177,10.0,2.0,0.8162554502487183,0.011244222056120634
PPO,35,final,567,3567,-0.3816324949264527,10.0,2.0,0.823485791683197,0.010144488420337439
PPO,35,final,568,3568,-0.511111068725586,10.0,2.0,0.6629787683486938,0.011545949149876833
PPO,35,final,569,3569,-0.35775666236877446,10.0,2.0,1.1169185638427734,0.0100482776761055
PPO,35,final,570,3570,-0.26101713180541997,10.0,2.0,0.7167209386825562,0.01026289933361113
PPO,35,final,571,3571,-0.5751680910587311,10.0,2.0,0.4058992266654968,0.01291776285506785
PPO,35,final,572,3572,-0.46397535800933837,10.0,2.0,0.8712750673294067,0.010828741127625108
PPO,35,final,573,3573,-0.4587042808532715,10.0,2.0,0.5383132696151733,0.01076056738384068
PPO,35,final,574,3574,-0.5370158433914185,10.0,2.0,0.6361666321754456,0.012075815116986632
PPO,35,final,575,3575,-0.4511373519897461,10.0,2.0,0.2875167429447174,0.010663178283721209
PPO,35,final,576,3576,-0.557777214050293,10.0,2.0,0.42596736550331116,0.012501177843660116
PPO,35,final,577,3577,-0.6147668838500977,10.0,2.0,0.9328005909919739,0.01392179005779326
PPO,35,final,578,3578,-0.3401532649993897,10.0,2.0,0.6742896437644958,0.010015543783083558
PPO,35,final,579,3579,-0.4792556941509247,10.0,2.0,0.15923810005187988,0.011037342483177781
PPO,35,final,580,3580,-0.5145498991012574,10.0,2.0,0.838606059551239,0.011602829676121473
PPO,35,final,581,3581,-0.6442075550556184,10.0,2.0,0.581383228302002,0.014748432440683246
PPO,35,final,582,3582,-0.5017925381660462,10.0,2.0,0.7419516444206238,0.01138494466431439
PPO,35,final,583,3583,-0.5356138825416565,10.0,2.0,0.904321551322937,0.011994126252830029
PPO,35,final,584,3584,-0.5624077796936036,10.0,2.0,0.5035623908042908,0.012552898144349456
PPO,35,final,585,3585,-0.33637117147445683,10.0,2.0,0.4509775638580322,0.010088145965710282
PPO,35,final,586,3586,-0.5940974235534668,10.0,2.0,0.2981257736682892,0.013314089039340615
PPO,35,final,587,3587,-0.4858971118927002,10.0,2.0,0.7334633469581604,0.01113824755884707
PPO,35,final,588,3588,-0.43705503940582274,10.0,2.0,1.3570106029510498,0.010531157488003373
PPO,35,final,589,3589,-0.3513696968555451,10.0,2.0,0.29525214433670044,0.010023542214185
PPO,35,final,590,3590,-0.5325244545936585,10.0,2.0,0.7663959860801697,0.011951494729146361
PPO,35,final,591,3591,-0.2895797967910767,10.0,2.0,1.0052123069763184,0.01004990772344172
PPO,35,final,592,3592,-0.6421013355255129,10.0,2.0,0.8786620497703552,0.014792187372222543
PPO,35,final,593,3593,-0.2605726599693299,10.0,2.0,0.8669593930244446,0.010177071671932936
PPO,35,final,594,3594,-0.5032817006111145,10.0,2.0,0.561111330986023,0.011438690824434161
PPO,35,final,595,3595,-0.5730449140071869,10.0,2.0,0.3658013343811035,0.012897183420136571
PPO,35,final,596,3596,-0.5612022310495377,10.0,2.0,0.25318747758865356,0.012589993188157678
PPO,35,final,597,3597,-0.5393720746040345,10.0,2.0,0.9214900732040405,0.012094810139387846
PPO,35,final,598,3598,-0.5745410203933716,10.0,2.0,0.1726466864347458,0.012856417801231146
PPO,35,final,599,3599,-0.43690990209579467,10.0,2.0,0.3778216540813446,0.010534715838730335
PPO,35,final,600,3600,-0.5430833280086518,10.0,2.0,0.37964630126953125,0.012031494174152613
PPO,35,final,601,3601,-0.41122131347656254,10.0,2.0,0.7472251653671265,0.010330863762646914
PPO,35,final,602,3602,-0.5703890800476075,10.0,2.0,0.08803479373455048,0.012738177552819252
PPO,35,final,603,3603,-0.6822709172964098,10.0,2.0,0.3644673526287079,0.015950414817780256
PPO,35,final,604,3604,-0.6361328244209291,10.0,2.0,0.5196889638900757,0.014456307981163263
PPO,35,final,605,3605,-0.36753706932067876,10.0,2.0,1.0415273904800415,0.010167746106162667
PPO,35,final,606,3606,-0.588949191570282,10.0,2.0,0.8442183136940002,0.013168893288820982
PPO,35,final,607,3607,-0.587972703576088,10.0,2.0,0.22940942645072937,0.013145975768566132
PPO,35,final,608,3608,-0.670674103498459,10.0,2.0,0.5644840002059937,0.015514805214479566
PPO,35,final,609,3609,-0.5283299565315247,10.0,2.0,0.5975322723388672,0.011863790918141603
PPO,35,final,610,3610,-0.5939252704381943,10.0,2.0,0.15256643295288086,0.013278095051646233
PPO,35,final,611,3611,-0.46990572214126586,10.0,2.0,0.8850662112236023,0.010966094909235835
PPO,35,final,612,3612,-0.45556180477142333,10.0,2.0,0.7720154523849487,0.010783526347950101
PPO,35,final,613,3613,-0.33883969783782963,10.0,2.0,0.8976082801818848,0.010104821063578129
PPO,35,final,614,3614,-0.5081866264343262,10.0,2.0,0.9234115481376648,0.011491823242977262
PPO,35,final,615,3615,-0.5995895743370057,10.0,2.0,0.7206244468688965,0.013494675513356924
PPO,35,final,616,3616,-0.5032987177371979,10.0,2.0,0.4333673417568207,0.011412084568291903
PPO,35,final,617,3617,-0.4393572688102722,10.0,2.0,0.7826101183891296,0.01053670747205615
PPO,35,final,618,3618,-0.4397203207015991,10.0,2.0,0.8692741990089417,0.010539073264226317
PPO,35,final,619,3619,-0.5593441605567933,10.0,2.0,0.24792002141475677,0.012522683711722493
PPO,35,final,620,3620,-0.5777746915817261,10.0,2.0,0.3114190995693207,0.012948987539857626
PPO,35,final,621,3621,-0.5787684202194214,10.0,2.0,0.7104935050010681,0.012957404600456357
PPO,35,final,622,3622,-0.4564478278160095,10.0,2.0,0.608063817024231,0.010744311148300767
PPO,35,final,623,3623,-0.600847813487053,10.0,2.0,0.2452572137117386,0.013489730190485716
PPO,35,final,624,3624,-0.4519586443901062,10.0,2.0,0.7361871004104614,0.010707858949899673
PPO,35,final,625,3625,-0.5264490723609925,10.0,2.0,0.38772574067115784,0.0118187484331429
PPO,35,final,626,3626,-0.5860220074653626,10.0,2.0,0.8608611822128296,0.013106199912726879
PPO,35,final,627,3627,-0.511756706237793,10.0,2.0,0.6216344833374023,0.011556453304365277
PPO,35,final,628,3628,-0.5594715356826783,10.0,2.0,1.1393071413040161,0.012487533502280712
PPO,35,final,629,3629,-0.49236934185028075,10.0,2.0,0.7273561358451843,0.011244334978982806
PPO,35,final,630,3630,-0.27880649566650395,10.0,2.0,0.5786981582641602,0.010261102113872766
PPO,35,final,631,3631,-0.512971031665802,10.0,2.0,0.47606414556503296,0.01157514494843781
PPO,35,final,632,3632,-0.5421269416809082,10.0,2.0,0.19254042208194733,0.012142366264015436
PPO,35,final,633,3633,-0.5189877927303315,10.0,2.0,0.3901626169681549,0.01169096794910729
PPO,35,final,634,3634,-0.5150300741195679,10.0,2.0,0.5650919079780579,0.011618798365816474
PPO,35,final,635,3635,-0.5798325195908547,10.0,2.0,0.11456423997879028,0.012991608586162329
PPO,35,final,636,3636,-0.6044583350419999,10.0,2.0,0.27366822957992554,0.013608187669888139
PPO,35,final,637,3637,-0.5093417942523957,10.0,2.0,0.4042050540447235,0.011512134922668338
PPO,35,final,638,3638,-0.3855861902236939,10.0,2.0,0.6795793175697327,0.01018394366838038
PPO,35,final,639,3639,-0.6287756145000459,10.0,2.0,0.5496113896369934,0.014253973495215178
PPO,35,final,640,3640,-0.18271647691726686,10.0,2.0,0.9278520941734314,0.011288851732388139
PPO,35,final,641,3641,-0.5046181857585907,10.0,2.0,0.37737077474594116,0.011432096129283309
PPO,35,final,642,3642,-0.295339572429657,10.0,2.0,0.7502759099006653,0.010036778869107366
PPO,35,final,643,3643,-0.5061007618904114,10.0,2.0,0.20014868676662445,0.011488636024296284
PPO,35,final,644,3644,-0.5070066332817078,10.0,2.0,0.7109476923942566,0.011513704201206565
PPO,35,final,645,3645,-0.3288329124450684,10.0,2.0,1.0692940950393677,0.009910912485793233
PPO,35,final,646,3646,-0.5149934768676758,10.0,2.0,0.5213426351547241,0.011667525395751
PPO,35,final,647,3647,-0.5828451544046402,10.0,2.0,0.18554197251796722,0.013156539760529995
PPO,35,final,648,3648,-0.4024022698402405,10.0,2.0,0.5147728323936462,0.010194807313382626
PPO,35,final,649,3649,-0.446287202835083,10.0,2.0,0.3895227611064911,0.010606220457702875
PPO,35,final,650,3650,-0.45951281785964965,10.0,2.0,0.781828761100769,0.010766805149614811
PPO,35,final,651,3651,-0.6067806959152222,10.0,2.0,0.6927164196968079,0.013708799611777067
PPO,35,final,652,3652,-0.46465061902999877,10.0,2.0,0.876890242099762,0.010835587047040462
PPO,35,final,653,3653,-0.47095154523849486,10.0,2.0,0.6337790489196777,0.01092127664014697
PPO,35,final,654,3654,-0.5289358377456665,10.0,2.0,0.6215648055076599,0.011868370929732919
PPO,35,final,655,3655,-0.5103432416915894,10.0,2.0,0.6055215001106262,0.0115285306237638
PPO,35,final,656,3656,-0.7582668244838717,10.0,2.0,0.4937591552734375,0.018859668634831905
PPO,35,final,657,3657,-0.5441678643226624,10.0,2.0,0.168416827917099,0.012164239538833499
PPO,35,final,658,3658,-0.5432693243026734,10.0,2.0,0.6808359026908875,0.012149674585089087
PPO,35,final,659,3659,-0.2756834506988526,10.0,2.0,0.771030068397522,0.010402096202597022
PPO,35,final,660,3660,-0.5253764718770981,10.0,2.0,0.17952336370944977,0.01180100510828197
PPO,35,final,661,3661,-0.37194399833679204,10.0,2.0,0.6133273243904114,0.010109335882589221
PPO,35,final,662,3662,-0.400405365228653,10.0,2.0,0.2855965197086334,0.010209587402641773
PPO,35,final,663,3663,-0.5330385446548462,10.0,2.0,0.26764869689941406,0.011975727044045925
PPO,35,final,664,3664,-0.620509195327759,10.0,2.0,1.10651433467865,0.014135691104456782
PPO,35,final,665,3665,-0.5279220819473267,10.0,2.0,1.2011407613754272,0.011872591683641076
PPO,35,final,666,3666,-0.4985487341880798,10.0,2.0,0.2847882807254791,0.011334117501974106
PPO,35,final,667,3667,-0.5063925117254258,10.0,2.0,0.19532880187034607,0.011462302645668387
PPO,35,final,668,3668,-0.4228595972061157,10.0,2.0,0.6052900552749634,0.010392762254923582
PPO,35,final,669,3669,-0.4554374098777771,10.0,2.0,0.6796793341636658,0.010725872125476599
PPO,35,final,670,3670,-0.5889266014099122,10.0,2.0,0.7917471528053284,0.013206760631874204
PPO,35,final,671,3671,-0.6429168164730074,10.0,2.0,0.3560202121734619,0.014705026987940073
PPO,35,final,672,3672,-0.5025066614151001,10.0,2.0,0.8233998417854309,0.011398417642340064
PPO,35,final,673,3673,-0.5620682492852211,10.0,2.0,0.112911157310009,0.012544866185635328
PPO,35,final,674,3674,-0.4500670313835144,10.0,2.0,0.7697821259498596,0.010698422091081738
PPO,35,final,675,3675,-0.5060924768447876,10.0,2.0,0.6418405771255493,0.011462746188044548
PPO,35,final,676,3676,-0.4954994201660156,10.0,2.0,0.8807072043418884,0.011289532762020826
PPO,35,final,677,3677,-0.3689976811408997,10.0,2.0,0.6410344243049622,0.010100284358486533
PPO,35,final,678,3678,-0.6221511840820314,10.0,2.0,0.17294587194919586,0.01409768802113831
PPO,35,final,679,3679,-0.6403148055076601,10.0,2.0,0.7256876230239868,0.014636589214205742
PPO,35,final,680,3680,-0.5628116309642792,10.0,2.0,0.3544621169567108,0.012571105035021901
PPO,35,final,681,3681,-0.44054900407791137,10.0,2.0,0.5159637331962585,0.01058149989694357
PPO,35,final,682,3682,-0.30739443302154545,10.0,2.0,0.6790441870689392,0.010117324069142342
PPO,35,final,683,3683,-0.4409483551979065,10.0,2.0,0.862218976020813,0.010564788477495313
PPO,35,final,684,3684,-0.5557009458541871,10.0,2.0,0.7436494827270508,0.012436562217772007
PPO,35,final,685,3685,-0.5566351592540741,10.0,2.0,0.46743375062942505,0.012463819002732635
PPO,35,final,686,3686,-0.575325894355774,10.0,2.0,0.4389871060848236,0.012890703976154327
PPO,35,final,687,3687,-0.5478195428848267,10.0,2.0,0.5079270005226135,0.012254195287823677
PPO,35,final,688,3688,-0.5655046880245209,10.0,2.0,0.25115570425987244,0.012632125290110707
PPO,35,final,689,3689,-0.46240297257900237,10.0,2.0,0.21842585504055023,0.010827148100361228
PPO,35,final,690,3690,-0.6061152994632721,10.0,2.0,0.24256525933742523,0.013615722069516778
PPO,35,final,691,3691,-0.49865864515304564,10.0,2.0,0.933104395866394,0.01134466310031712
PPO,35,final,692,3692,-0.5009257674217225,10.0,2.0,0.9599743485450745,0.011381198884919286
PPO,35,final,693,3693,-0.525597083568573,10.0,2.0,0.7715996503829956,0.011803998844698071
PPO,35,final,694,3694,-0.46109925508499144,10.0,2.0,0.5785672068595886,0.010814591776579618
PPO,35,final,695,3695,-0.5876266837120057,10.0,2.0,0.3766261637210846,0.013152151135727763
PPO,35,final,696,3696,-0.524624440073967,10.0,2.0,0.14501330256462097,0.011784341186285019
PPO,35,final,697,3697,-0.4696803271770477,10.0,2.0,0.22031426429748535,0.010913210455328226
PPO,35,final,698,3698,-0.5131460309028626,10.0,2.0,0.6529196500778198,0.011577243218198419
PPO,35,final,699,3699,-0.2788877367973328,10.0,2.0,0.761076033115387,0.010194276925176382
PPO,35,final,700,3700,-0.5914175987243653,10.0,2.0,0.6832173466682434,0.01328961062245071
PPO,35,final,701,3701,-0.5353954315185547,10.0,2.0,0.9690349698066711,0.012011640472337604
PPO,35,final,702,3702,-0.41599493026733403,10.0,2.0,0.6328575015068054,0.01031431369483471
PPO,35,final,703,3703,-0.5940370440483094,10.0,2.0,0.7659121751785278,0.013365347869694233
PPO,35,final,704,3704,-0.337529468536377,10.0,2.0,0.8279026746749878,0.009986545890569687
PPO,35,final,705,3705,-0.5400510907173157,10.0,2.0,0.8260659575462341,0.012103425804525614
PPO,35,final,706,3706,-0.4688023805618286,10.0,2.0,0.6882668733596802,0.010888771153986454
PPO,35,final,707,3707,-0.6446571230888368,10.0,2.0,0.46034687757492065,0.014796629780903459
PPO,35,final,708,3708,-0.5345007061958313,10.0,2.0,0.9638398885726929,0.011978191323578358
PPO,35,final,709,3709,-0.43654935359954833,10.0,2.0,1.0477181673049927,0.01053224946372211
PPO,35,final,710,3710,-0.5803297340869904,10.0,2.0,0.08225557953119278,0.012970496201887727
PPO,35,final,711,3711,-0.6331480026245119,10.0,2.0,1.1298247575759888,0.014377041952684522
PPO,35,final,712,3712,-0.48028068542480473,10.0,2.0,0.6409426927566528,0.011070792563259602
PPO,35,final,713,3713,-0.404083001613617,10.0,2.0,0.5143893957138062,0.010310949524864554
PPO,35,final,714,3714,-0.5871499061584473,10.0,2.0,0.5180801749229431,0.01313269347883761
PPO,35,final,715,3715,-0.41646446585655217,10.0,2.0,0.4614926874637604,0.010365501744672656
PPO,35,final,716,3716,-0.38152723312377934,10.0,2.0,0.6476598978042603,0.010129899019375443
PPO,35,final,717,3717,-0.563223946094513,10.0,2.0,0.5459880828857422,0.012601169059053063
PPO,35,final,718,3718,-0.5213274538516999,10.0,2.0,0.3157412111759186,0.01173525326885283
PPO,35,final,719,3719,-0.52753244638443,10.0,2.0,0.9847726225852966,0.011853600386530161
PPO,35,final,720,3720,-0.61412273645401,10.0,2.0,0.5895015597343445,0.013890805188566446
PPO,35,final,721,3721,-0.35692470073699956,10.0,2.0,0.7231354117393494,0.010041978443041444
PPO,35,final,722,3722,-0.7019128680229189,10.0,2.0,0.3923504650592804,0.016680583357810974
PPO,35,final,723,3723,-0.6191060423851014,10.0,2.0,0.48800769448280334,0.013980966992676258
PPO,35,final,724,3724,-0.530856478214264,10.0,2.0,0.5179012417793274,0.011905029183253646
PPO,35,final,725,3725,-0.5556319832801819,10.0,2.0,0.3048115074634552,0.012404326116666198
PPO,35,final,726,3726,-0.5416555285453797,10.0,2.0,0.7560630440711975,0.01212085341103375
PPO,35,final,727,3727,-0.5902408987283707,10.0,2.0,0.20909105241298676,0.01319612399674952
PPO,35,final,728,3728,-0.43860851526260375,10.0,2.0,0.7283869981765747,0.010618381900712848
PPO,35,final,729,3729,-0.44539891481399535,10.0,2.0,0.9011810421943665,0.010661032982170582
PPO,35,final,730,3730,-0.6481609821319582,10.0,2.0,0.76453697681427,0.014828466577455401
PPO,35,final,731,3731,-0.34145807027816777,10.0,2.0,0.928948700428009,0.010059914086014032
PPO,35,final,732,3732,-0.6095905482769013,10.0,2.0,0.2965388000011444,0.013743593357503414
PPO,35,final,733,3733,-0.5750837802886963,10.0,2.0,0.5996918082237244,0.01286440109834075
PPO,35,final,734,3734,-0.4819347143173218,10.0,2.0,0.8298057317733765,0.011076688300818205
PPO,35,final,735,3735,-0.4827355921268463,10.0,2.0,0.3497962951660156,0.011089058127254248
PPO,35,final,736,3736,-0.544055449962616,10.0,2.0,0.5795927047729492,0.012168566230684519
PPO,35,final,737,3737,-0.5525460720062256,10.0,2.0,0.16411976516246796,0.012342202244326472
PPO,35,final,738,3738,-0.7780908226966861,10.0,2.0,0.9418883919715881,0.019696235191076994
PPO,35,final,739,3739,-0.6541300892829897,10.0,2.0,0.8351823091506958,0.014982632361352444
PPO,35,final,740,3740,-0.4441342830657959,10.0,2.0,0.8777531385421753,0.010705962777137756
PPO,35,final,741,3741,-0.5656216621398926,10.0,2.0,0.9809148907661438,0.012630142737179995
PPO,35,final,742,3742,-0.5227334380149842,10.0,2.0,0.9126463532447815,0.011782203335314989
PPO,35,final,743,3743,-0.4093639135360718,10.0,2.0,1.0257686376571655,0.010399135295301676
PPO,35,final,744,3744,-0.5575421929359436,10.0,2.0,0.5450730919837952,0.012444383231922984
PPO,35,final,745,3745,-0.6302099108695985,10.0,2.0,0.45891135931015015,0.01429350906983018
PPO,35,final,746,3746,-0.560985016822815,10.0,2.0,0.70224529504776,0.01252356800250709
PPO,35,final,747,3747,-0.5852853536605835,10.0,2.0,0.7785325646400452,0.013088720850646496
PPO,35,final,748,3748,-0.5142802774906159,10.0,2.0,0.4086892306804657,0.011601201491430402
PPO,35,final,749,3749,-0.48889588117599486,10.0,2.0,0.7703784704208374,0.011194402351975441
PPO,35,final,750,3750,-0.5410396039485932,10.0,2.0,0.31231552362442017,0.01210097037255764
PPO,35,final,751,3751,-0.5167536020278931,10.0,2.0,1.355400800704956,0.011642685160040855
PPO,35,final,752,3752,-0.5583625316619873,10.0,2.0,1.0661698579788208,0.012465534498915076
PPO,35,final,753,3753,-0.5457477599382401,10.0,2.0,0.20632371306419373,0.012196702184155583
PPO,35,final,754,3754,-0.7020496010780336,10.0,2.0,1.0371943712234497,0.01662906678393483
PPO,35,final,755,3755,-0.34054021835327153,10.0,2.0,0.7628198862075806,0.010120793944224715
PPO,35,final,756,3756,-0.39909278154373173,10.0,2.0,0.852329432964325,0.010265684686601162
PPO,35,final,757,3757,-0.5324742674827576,10.0,2.0,0.965990424156189,0.01193466316908598
PPO,35,final,758,3758,-0.6234259486198427,10.0,2.0,0.6505115628242493,0.014134952565655112
PPO,35,final,759,3759,-0.46203409433364867,10.0,2.0,0.7460699081420898,0.010806645732373
PPO,35,final,760,3760,-0.5519831657409668,10.0,2.0,0.6198241114616394,0.012337941909208894
PPO,35,final,761,3761,-0.5777062579989434,10.0,2.0,0.1320292353630066,0.012919450644403696
PPO,35,final,762,3762,-0.5969638705253602,10.0,2.0,0.8305392861366272,0.0133885876275599
PPO,35,final,763,3763,-0.3918785929679871,10.0,2.0,0.6628149747848511,0.010222958866506815
PPO,35,final,764,3764,-0.5292992696166039,10.0,2.0,0.09171108901500702,0.011872243834659457
PPO,35,final,765,3765,-0.5688246369361878,10.0,2.0,0.6245841979980469,0.012700338382273912
PPO,35,final,766,3766,-0.5809052467346192,10.0,2.0,0.3686576783657074,0.012983816210180521
PPO,35,final,767,3767,-0.6055573701858521,10.0,2.0,0.5794277191162109,0.01360244257375598
PPO,35,final,768,3768,-0.5059725522994996,10.0,2.0,0.3591674268245697,0.011464936193078756
PPO,35,final,769,3769,-0.45694299340248107,10.0,2.0,0.2761739194393158,0.01078263414092362
PPO,35,final,770,3770,-0.5776579260826111,10.0,2.0,1.0234941244125366,0.012900208355858922
PPO,35,final,771,3771,-0.4927213668823242,10.0,2.0,0.7151505351066589,0.011248783906921744
PPO,35,final,772,3772,-0.7073168635368349,10.0,2.0,0.8604172468185425,0.016823842655867338
PPO,35,final,773,3773,-0.48448491394519805,10.0,2.0,0.17852447926998138,0.011132894782349467
PPO,35,final,774,3774,-0.49607627391815184,10.0,2.0,0.8582577705383301,0.011307484237477183
PPO,35,final,775,3775,-0.41538696289062504,10.0,2.0,1.3907010555267334,0.010377508122473955
PPO,35,final,776,3776,-0.6147021532058716,10.0,2.0,0.4645189344882965,0.013860637554898858
PPO,35,final,777,3777,-0.6442347049713136,10.0,2.0,0.6631175875663757,0.01472031744197011
PPO,35,final,778,3778,-0.5741239964962006,10.0,2.0,0.4568367600440979,0.012819522060453892
PPO,35,final,779,3779,-0.5672283053398133,10.0,2.0,0.8036978840827942,0.012657383922487497
PPO,35,final,780,3780,-0.5497610449790955,10.0,2.0,0.9928227066993713,0.01228088396601379
PPO,35,final,781,3781,-0.4628570556640625,10.0,2.0,0.9204072952270508,0.01086845574900508
PPO,35,final,782,3782,-0.4203367114067078,10.0,2.0,0.48905402421951294,0.010431962553411722
PPO,35,final,783,3783,-0.7061961174011232,10.0,2.0,0.6689720153808594,0.016783948987722397
PPO,35,final,784,3784,-0.4504596471786499,10.0,2.0,0.7051625847816467,0.010690500028431416
PPO,35,final,785,3785,-0.45792274475097655,10.0,2.0,1.16108238697052,0.01077014533802867
PPO,35,final,786,3786,-0.25888629555702214,10.0,2.0,0.3227940499782562,0.010333787649869919
PPO,35,final,787,3787,-0.46804343461990355,10.0,2.0,0.7585379481315613,0.010879145935177803
PPO,35,final,788,3788,-0.6083752393722535,10.0,2.0,1.1963653564453125,0.013803522801026702
PPO,35,final,789,3789,-0.684112060070038,10.0,2.0,0.44282326102256775,0.016180160455405712
PPO,35,final,790,3790,-0.45377694368362426,10.0,2.0,0.7550266981124878,0.010698412777855992
PPO,35,final,791,3791,-0.519359964132309,10.0,2.0,0.35829296708106995,0.01168959029018879
PPO,35,final,792,3792,-0.5507006973028183,10.0,2.0,0.16231022775173187,0.012303448747843504
PPO,35,final,793,3793,-0.540955650806427,10.0,2.0,0.8196164965629578,0.012099519837647676
PPO,35,final,794,3794,-0.691710549592972,10.0,2.0,0.4053209125995636,0.016238036565482616
PPO,35,final,795,3795,-0.2583984017372132,10.0,2.0,0.9432359337806702,0.010517691960558295
PPO,35,final,796,3796,-0.5630171179771424,10.0,2.0,0.5646075010299683,0.012564253527671099
PPO,35,final,797,3797,-0.5745822668075562,10.0,2.0,0.7184655070304871,0.012832624604925513
PPO,35,final,798,3798,-0.6105181753635407,10.0,2.0,0.44978031516075134,0.013744300464168191
PPO,35,final,799,3799,-0.6507364988327028,10.0,2.0,0.8213210105895996,0.014903331641107798
PPO,35,final,800,3800,-0.3986317396163941,10.0,2.0,0.7784267067909241,0.010283391922712326
PPO,35,final,801,3801,-0.6795969486236574,10.0,2.0,0.8307396173477173,0.015818598680198193
PPO,35,final,802,3802,-0.5729724645614624,10.0,2.0,0.9472131133079529,0.012787057319656014
PPO,35,final,803,3803,-0.5226862311363221,10.0,2.0,0.7101048231124878,0.011761782225221395
PPO,35,final,804,3804,-0.20784096717834474,10.0,2.0,0.4437653422355652,0.01105722808279097
PPO,35,final,805,3805,-0.666965487599373,10.0,2.0,0.2780895531177521,0.01544421212747693
PPO,35,final,806,3806,-0.385264265537262,10.0,2.0,0.7263481020927429,0.010135960998013616
PPO,35,final,807,3807,-0.5497610449790955,10.0,2.0,0.9928227066993713,0.012306459248065948
PPO,35,final,808,3808,-0.5812246680259705,10.0,2.0,0.41606903076171875,0.013040380319580436
PPO,35,final,809,3809,-0.49267916679382323,10.0,2.0,0.9697198867797852,0.011238198494538665
PPO,35,final,810,3810,-0.5616693153977395,10.0,2.0,0.11659646034240723,0.012556490255519748
PPO,35,final,811,3811,-0.6987793922424318,10.0,2.0,0.4293108880519867,0.016552370507270098
PPO,35,final,812,3812,-0.44545607566833495,10.0,2.0,1.1417510509490967,0.010648679919540882
PPO,35,final,813,3813,-0.5360558509826661,10.0,2.0,1.0007606744766235,0.012005329132080078
PPO,35,final,814,3814,-0.5462294101715088,10.0,2.0,0.7266355156898499,0.012207772815600038
PPO,35,final,815,3815,-0.41910450458526616,10.0,2.0,1.1735780239105225,0.010426003020256758
PPO,35,final,816,3816,-0.42914979457855223,10.0,2.0,0.6321802139282227,0.01048185327090323
PPO,35,final,817,3817,-0.6525890111923219,10.0,2.0,1.4868453741073608,0.014994945842772722
PPO,35,final,818,3818,-0.38890324831008916,10.0,2.0,0.4576391577720642,0.010162025922909379
PPO,35,final,819,3819,-0.4692337989807129,10.0,2.0,0.523406445980072,0.010896838270127773
PPO,35,final,820,3820,-0.6254640102386476,10.0,2.0,1.0186887979507446,0.014219193020835519
PPO,35,final,821,3821,-0.5473322153091431,10.0,2.0,1.158918023109436,0.012245374033227563
PPO,35,final,822,3822,-0.6087575435638428,10.0,2.0,0.9542938470840454,0.013713761232793331
PPO,35,final,823,3823,-0.5793160676956177,10.0,2.0,0.5165073275566101,0.012943752808496356
PPO,35,final,824,3824,-0.520835953950882,10.0,2.0,0.4782234728336334,0.011721437331289053
PPO,35,final,825,3825,-0.594192373752594,10.0,2.0,0.4875166118144989,0.013295569457113743
PPO,35,final,826,3826,-0.6221227526664735,10.0,2.0,0.4143642783164978,0.013957020826637745
PPO,35,final,827,3827,-0.5536797672510148,10.0,2.0,0.2507469058036804,0.01236870838329196
PPO,35,final,828,3828,-0.5436977028846741,10.0,2.0,0.40298303961753845,0.012168256333097816
PPO,35,final,829,3829,-0.5512664198875428,10.0,2.0,0.8168104290962219,0.012317884946241975
PPO,35,final,830,3830,-0.373884665966034,10.0,2.0,0.841825544834137,0.01020853384397924
PPO,35,final,831,3831,-0.5288224697113038,10.0,2.0,0.0914706364274025,0.011863630963489413
PPO,35,final,832,3832,-0.5824831008911133,10.0,2.0,0.38659414649009705,0.013033007737249136
PPO,35,final,833,3833,-0.533385980129242,10.0,2.0,0.5121157765388489,0.011954168789088726
PPO,35,final,834,3834,-0.5862792015075684,10.0,2.0,0.7232933640480042,0.013131822692230344
PPO,35,final,835,3835,-0.4979144811630249,10.0,2.0,0.6246461272239685,0.011322487844154239
PPO,35,final,836,3836,-0.5351379990577698,10.0,2.0,0.6017540693283081,0.011984943179413676
PPO,35,final,837,3837,-0.676472592353821,10.0,2.0,0.8445191979408264,0.01574213383719325
PPO,35,final,838,3838,-0.2998809695243836,10.0,2.0,0.761846125125885,0.010195699520409107
PPO,35,final,839,3839,-0.535991656780243,10.0,2.0,0.771539032459259,0.012001229682937264
PPO,35,final,840,3840,-0.5098732590675354,10.0,2.0,0.7804204225540161,0.01152074639685452
PPO,35,final,841,3841,-0.561357605457306,10.0,2.0,0.7295509576797485,0.012540484080091119
PPO,35,final,842,3842,-0.6306081891059877,10.0,2.0,0.5141714811325073,0.014327144715934992
PPO,35,final,843,3843,-0.4614241600036621,10.0,2.0,1.00443434715271,0.010812561959028244
PPO,35,final,844,3844,-0.5485402822494507,10.0,2.0,0.6735825538635254,0.012255228590220213
PPO,35,final,845,3845,-0.5924449145793915,10.0,2.0,0.46137335896492004,0.01326487329788506
PPO,35,final,846,3846,-0.5208247780799866,10.0,2.0,0.3079316318035126,0.01171679818071425
PPO,35,final,847,3847,-0.667877781391144,10.0,2.0,0.6733570694923401,0.015429743565618992
PPO,35,final,848,3848,-0.3699735879898072,10.0,2.0,0.8889216184616089,0.010184585116803646
PPO,35,final,849,3849,-0.4786770820617676,10.0,2.0,1.0629819631576538,0.01105381571687758
PPO,35,final,850,3850,-0.4693791151046753,10.0,2.0,0.659116804599762,0.010913554579019547
PPO,35,final,851,3851,-0.4480948030948639,10.0,2.0,0.4275059998035431,0.010642175329849124
PPO,35,final,852,3852,-0.44238059520721434,10.0,2.0,1.1593321561813354,0.010568347293883562
PPO,35,final,853,3853,-0.817995893955231,10.0,2.0,0.888975203037262,0.021725865080952644
PPO,35,final,854,3854,-0.48347424268722533,10.0,2.0,0.7726187705993652,0.01109770918264985
PPO,35,final,855,3855,-0.5957391738891602,10.0,2.0,0.5999473929405212,0.013356550596654415
PPO,35,final,856,3856,-0.6763154149055483,10.0,2.0,0.777394711971283,0.015707331709563732
PPO,35,final,857,3857,-0.6131285011768342,10.0,2.0,0.36887413263320923,0.013763047056272626
PPO,35,final,858,3858,-0.8215656757354739,10.0,2.0,0.7662467360496521,0.02144576283171773
PPO,35,final,859,3859,-0.42945955991744994,10.0,2.0,0.8569002747535706,0.010709010995924473
PPO,35,final,860,3860,-0.5139582037925721,10.0,2.0,0.7071951627731323,0.011704967357218266
PPO,35,final,861,3861,-0.32490067481994633,10.0,2.0,1.0322723388671875,0.01033780281431973
PPO,35,final,862,3862,-0.5038849592208863,10.0,2.0,0.9757879972457886,0.011439373018220067
PPO,35,final,863,3863,-0.44016246795654296,10.0,2.0,0.7631722688674927,0.010561906732618809
PPO,35,final,864,3864,-0.5588944435119629,10.0,2.0,0.23939433693885803,0.012518406379967928
PPO,35,final,865,3865,-0.582723218202591,10.0,2.0,0.48955854773521423,0.013104274868965149
PPO,35,final,866,3866,-0.4914621591567993,10.0,2.0,0.24783119559288025,0.011224522721022367
PPO,35,final,867,3867,-0.5349035739898682,10.0,2.0,0.3759552836418152,0.012000449234619737
PPO,35,final,868,3868,-0.5228246033191681,10.0,2.0,0.31689685583114624,0.01175691420212388
PPO,35,final,869,3869,-0.4944267749786377,10.0,2.0,0.6340075731277466,0.011265705106779933
PPO,35,final,870,3870,-0.3931317806243897,10.0,2.0,0.8698606491088867,0.010194220812991261
PPO,35,final,871,3871,-0.543501365184784,10.0,2.0,0.499173104763031,0.012157795950770378
PPO,35,final,872,3872,-0.5478859424591065,10.0,2.0,0.05319825932383537,0.012250527972355485
PPO,35,final,873,3873,-0.4902444362640381,10.0,2.0,0.5279846787452698,0.011200823588296771
PPO,35,final,874,3874,-0.7114587903022768,10.0,2.0,0.6725658774375916,0.01701733795925975
PPO,35,final,875,3875,-0.3750188827514649,10.0,2.0,1.225128412246704,0.010146050713956356
PPO,35,final,876,3876,-0.30041294097900395,10.0,2.0,0.6723647713661194,0.010150999762117863
PPO,35,final,877,3877,-0.6539511263370515,10.0,2.0,0.4020056128501892,0.015054382150992751
PPO,35,final,878,3878,-0.5270392179489136,10.0,2.0,0.723041832447052,0.01183471828699112
PPO,35,final,879,3879,-0.43731655478477477,10.0,2.0,0.3904058039188385,0.01052423706278205
PPO,35,final,880,3880,-0.5662144750356675,10.0,2.0,0.17970052361488342,0.012660676380619407
PPO,35,final,881,3881,-0.5309031486511231,10.0,2.0,1.0334378480911255,0.011907658074051142
PPO,35,final,882,3882,-0.5101089358329773,10.0,2.0,0.5862722992897034,0.011524444445967674
PPO,35,final,883,3883,-0.5654431164264679,10.0,2.0,0.2577856183052063,0.012628484982997179
PPO,35,final,884,3884,-0.5278678417205811,10.0,2.0,0.8860899806022644,0.011845021974295378
PPO,35,final,885,3885,-0.5208437323570252,10.0,2.0,0.6472433805465698,0.011715983506292105
PPO,35,final,886,3886,-0.502668383717537,10.0,2.0,0.16122515499591827,0.011404695687815547
PPO,35,final,887,3887,-0.3375524163246155,10.0,2.0,0.6944481730461121,0.010072484379634261
PPO,35,final,888,3888,-0.5306473851203919,10.0,2.0,0.4013843834400177,0.011902251979336143
PPO,35,final,889,3889,-0.5566351592540741,10.0,2.0,0.46743375062942505,0.012450913665816188
PPO,35,final,890,3890,-0.45066760778427123,10.0,2.0,0.516632080078125,0.010662520071491599
PPO,35,final,891,3891,-0.5062951922416687,10.0,2.0,0.6405438184738159,0.011463315226137638
PPO,35,final,892,3892,-0.4262036561965942,10.0,2.0,0.6394152045249939,0.01040668087080121
PPO,35,final,893,3893,-0.32362352609634404,10.0,2.0,0.5925807952880859,0.009975190507248044
PPO,35,final,894,3894,-0.433280873298645,10.0,2.0,0.2710159718990326,0.01046531880274415
PPO,35,final,895,3895,-0.42119132280349736,10.0,2.0,0.7040030360221863,0.010346385417506099
PPO,35,final,896,3896,-0.4732802987098694,10.0,2.0,0.8804916143417358,0.010970119386911392
PPO,35,final,897,3897,-0.6422753214836122,10.0,2.0,0.6593936085700989,0.01484620408155024
PPO,35,final,898,3898,-0.565126571059227,10.0,2.0,0.2052970826625824,0.012675514444708824
PPO,35,final,899,3899,-0.5908163070678711,10.0,2.0,0.3266656696796417,0.013256227830424905
PPO,35,final,900,3900,-0.646600651741028,10.0,2.0,0.5984987616539001,0.014773276401683688
PPO,35,final,901,3901,-0.6030332550406456,10.0,2.0,0.13963791728019714,0.01351786544546485
PPO,35,final,902,3902,-0.48804332613945006,10.0,2.0,0.38977304100990295,0.01125049451366067
PPO,35,final,903,3903,-0.6681704699993135,10.0,2.0,0.43833214044570923,0.015385205624625087
PPO,35,final,904,3904,-0.5982354164123536,10.0,2.0,0.8952603936195374,0.013398883864283562
PPO,35,final,905,3905,-0.5166964411735535,10.0,2.0,0.6178609132766724,0.01169974310323596
PPO,35,final,906,3906,-0.5673888802528382,10.0,2.0,0.2554747760295868,0.012668800773099065
PPO,35,final,907,3907,-0.4786240339279175,10.0,2.0,0.8081501126289368,0.011083738645538688
PPO,35,final,908,3908,-0.5442926168441773,10.0,2.0,1.0027421712875366,0.012167776236310601
PPO,35,final,909,3909,-0.4720810532569885,10.0,2.0,0.6971060633659363,0.010951459407806396
PPO,35,final,910,3910,-0.5861542701721192,10.0,2.0,0.6558181047439575,0.013125390047207475
PPO,35,final,911,3911,-0.5461721897125245,10.0,2.0,0.147748202085495,0.012213224777951837
PPO,35,final,912,3912,-0.5979391813278199,10.0,2.0,1.0844732522964478,0.013424284057691693
PPO,35,final,913,3913,-0.4977301836013794,10.0,2.0,0.3090973496437073,0.011321824509650469
PPO,35,final,914,3914,-0.5308776676654816,10.0,2.0,0.286867618560791,0.011902201920747757
PPO,35,final,915,3915,-0.47813330888748173,10.0,2.0,0.7016494870185852,0.011035923147574067
PPO,35,final,916,3916,-0.5914042472839356,10.0,2.0,0.5539619326591492,0.013241379288956523
PPO,35,final,917,3917,-0.41310738325119023,10.0,2.0,0.933716356754303,0.010345480404794216
PPO,35,final,918,3918,-0.7558742046356204,10.0,2.0,1.194130301475525,0.01874629920348525
PPO,35,final,919,3919,-0.24565272331237795,10.0,2.0,0.9242087602615356,0.010536320507526398
PPO,35,final,920,3920,-0.5437059283256531,10.0,2.0,0.5210720300674438,0.012158647645264864
PPO,35,final,921,3921,-0.4624389886856079,10.0,2.0,0.5185883641242981,0.010810504201799631
PPO,35,final,922,3922,-0.5149608433246613,10.0,2.0,0.23274561762809753,0.011614392045885324
PPO,35,final,923,3923,-0.5437463998794556,10.0,2.0,1.2659852504730225,0.012177128344774246
PPO,35,final,924,3924,-0.5670938372612,10.0,2.0,0.29869386553764343,0.012686394853517413
PPO,35,final,925,3925,-0.4671677827835083,10.0,2.0,0.7624574303627014,0.010872643906623125
PPO,35,final,926,3926,-0.5014014720916748,10.0,2.0,0.16429421305656433,0.011366199934855103
PPO,35,final,927,3927,-0.6241878151893617,10.0,2.0,0.5422940850257874,0.014127099188044667
PPO,35,final,928,3928,-0.45040713548660277,10.0,2.0,0.5209836363792419,0.010700438870117068
PPO,35,final,929,3929,-0.45698176622390746,10.0,2.0,0.22970929741859436,0.010775507427752018
PPO,35,final,930,3930,-0.4612028479576111,10.0,2.0,0.6128577589988708,0.010813591070473194
PPO,35,final,931,3931,-0.5578416466712952,10.0,2.0,0.18266430497169495,0.012460268568247557
PPO,35,final,932,3932,-0.5416707277297974,10.0,2.0,0.6910341382026672,0.012120430124923587
PPO,35,final,933,3933,-0.5580299377441407,10.0,2.0,0.7209301590919495,0.01246737432666123
PPO,35,final,934,3934,-0.46929948329925536,10.0,2.0,0.89434814453125,0.010905553121119738
PPO,35,final,935,3935,-0.5421123385429383,10.0,2.0,0.8260115385055542,0.012126112822443247
PPO,35,final,936,3936,-0.3736816227436066,10.0,2.0,0.2994844615459442,0.010107223177328706
PPO,35,final,937,3937,-0.6671644032001497,10.0,2.0,0.3116631507873535,0.01548063475638628
PPO,35,final,938,3938,-0.4495675444602966,10.0,2.0,0.8753600716590881,0.010662386426702142
PPO,35,final,939,3939,-0.5098664045333863,10.0,2.0,0.6558384299278259,0.011520269326865673
PPO,35,final,940,3940,-0.4728109121322632,10.0,2.0,1.1783374547958374,0.010949872201308608
PPO,35,final,941,3941,-0.6923097848892213,10.0,2.0,0.7765805125236511,0.01633030828088522
PPO,35,final,942,3942,-0.49195100665092467,10.0,2.0,0.4755971133708954,0.011233196360990405
PPO,35,final,943,3943,-0.6048644661903382,10.0,2.0,0.9062619805335999,0.013581080362200737
PPO,35,final,944,3944,-0.4421038508415222,10.0,2.0,0.38562366366386414,0.010626617120578885
PPO,35,final,945,3945,-0.6147270977497101,10.0,2.0,0.5182912945747375,0.013839361723512411
PPO,35,final,946,3946,-0.7384879618883134,10.0,2.0,0.3424624502658844,0.01796395517885685
PPO,35,final,947,3947,-0.6646492958068849,10.0,2.0,0.7612929940223694,0.015289743663743138
PPO,35,final,948,3948,-0.5129666209220887,10.0,2.0,0.5903633236885071,0.011637687683105469
PPO,35,final,949,3949,-0.6014741837978363,10.0,2.0,0.19162330031394958,0.013480062363669276
PPO,35,final,950,3950,-0.32933540940284733,10.0,2.0,0.4892135560512543,0.010297258384525776
PPO,35,final,951,3951,-0.51595898270607,10.0,2.0,0.32855358719825745,0.011643297737464309
PPO,35,final,952,3952,-0.6203845620155336,10.0,2.0,0.3850865960121155,0.014016342349350452
PPO,35,final,953,3953,-0.6026203364133835,10.0,2.0,0.30108362436294556,0.013544256566092372
PPO,35,final,954,3954,-0.5027714848518372,10.0,2.0,0.42271342873573303,0.011401327326893806
PPO,35,final,955,3955,-0.45287786722183226,10.0,2.0,0.4503750801086426,0.010705415392294526
PPO,35,final,956,3956,-0.5890523076057435,10.0,2.0,0.23782600462436676,0.013196179177612066
PPO,35,final,957,3957,-0.3800901651382447,10.0,2.0,0.6816292405128479,0.01012940751388669
PPO,35,final,958,3958,-0.5245840281248093,10.0,2.0,0.12360052764415741,0.011786984046921134
PPO,35,final,959,3959,-0.4747820973396301,10.0,2.0,0.562696099281311,0.010972218355163932
PPO,35,final,960,3960,-0.6232775628566743,10.0,2.0,0.5721207857131958,0.014147164998576045
PPO,35,final,961,3961,-0.6917354345321657,10.0,2.0,0.8775514364242554,0.016313329339027405
PPO,35,final,962,3962,-0.342919397354126,10.0,2.0,0.7942973375320435,0.010093869874253869
PPO,35,final,963,3963,-0.4905795931816101,10.0,2.0,0.678604245185852,0.01121741533279419
PPO,35,final,964,3964,-0.5742746472358704,10.0,2.0,0.1848023682832718,0.012825990095734596
PPO,35,final,965,3965,-0.44413142204284667,10.0,2.0,0.7875603437423706,0.01061578537337482
PPO,35,final,966,3966,-0.5340416312217713,10.0,2.0,0.7923027276992798,0.011965019395574927
PPO,35,final,967,3967,-0.4002205908298493,10.0,2.0,0.370683878660202,0.010225626174360514
PPO,35,final,968,3968,-0.5106974720954895,10.0,2.0,0.2421727478504181,0.011538009159266949
PPO,35,final,969,3969,-0.5427159547805787,10.0,2.0,0.7595403790473938,0.012157274410128593
PPO,35,final,970,3970,-0.5321388125419617,10.0,2.0,0.6653252840042114,0.011939858086407185
PPO,35,final,971,3971,-0.5929501533508301,10.0,2.0,0.6697143316268921,0.013310882030054927
PPO,35,final,972,3972,-0.5752834558486939,10.0,2.0,0.18286052346229553,0.012855696491897106
PPO,35,final,973,3973,-0.5744227349758149,10.0,2.0,0.3932507336139679,0.012824184028431773
PPO,35,final,974,3974,-0.41826041340827946,10.0,2.0,0.4697566330432892,0.010426501277834177
PPO,35,final,975,3975,-0.5629855126142502,10.0,2.0,0.23996198177337646,0.012562583200633526
PPO,35,final,976,3976,-0.4063066720962525,10.0,2.0,1.218510389328003,0.010316478554159403
PPO,35,final,977,3977,-0.5529041469097138,10.0,2.0,0.26238352060317993,0.012349792057648301
PPO,35,final,978,3978,-0.5570840120315552,10.0,2.0,0.11390288919210434,0.012446467531844974
PPO,35,final,979,3979,-0.5558136582374573,10.0,2.0,0.835988461971283,0.012418827740475535
PPO,35,final,980,3980,-0.4155345439910889,10.0,2.0,1.084822416305542,0.010341116692870855
PPO,35,final,981,3981,-0.36720453500747685,10.0,2.0,0.44093137979507446,0.010064694099128246
PPO,35,final,982,3982,-0.5590858936309815,10.0,2.0,0.9515860676765442,0.012513617752119899
PPO,35,final,983,3983,-0.38128112554550175,10.0,2.0,0.8681469559669495,0.010082044871523976
PPO,35,final,984,3984,-0.5626428008079529,10.0,2.0,0.6434065103530884,0.012617385480552912
PPO,35,final,985,3985,-0.6774801492691042,10.0,2.0,0.8674817681312561,0.0159047176130116
PPO,35,final,986,3986,-0.6195968717336655,10.0,2.0,0.23032072186470032,0.014021101407706738
PPO,35,final,987,3987,-0.4366104483604431,10.0,2.0,0.730992317199707,0.010561363073065877
PPO,35,final,988,3988,-0.5394853979349137,10.0,2.0,0.14492511749267578,0.01207290799356997
PPO,35,final,989,3989,-0.49819164276123046,10.0,2.0,0.9624549150466919,0.011348608182743192
PPO,35,final,990,3990,-0.6801321387290956,10.0,2.0,0.7030758261680603,0.015827700030058622
PPO,35,final,991,3991,-0.3896394848823548,10.0,2.0,0.5173285007476807,0.010257234331220388
PPO,35,final,992,3992,-0.5808442115783692,10.0,2.0,0.4738447964191437,0.012974291341379285
PPO,35,final,993,3993,-0.6098158389329911,10.0,2.0,0.17763161659240723,0.013714558444917202
PPO,35,final,994,3994,-0.50297110080719,10.0,2.0,0.957486629486084,0.011412260122597218
PPO,35,final,995,3995,-0.4991939544677734,10.0,2.0,0.7321454882621765,0.011350285029038787
PPO,35,final,996,3996,-0.4106013655662537,10.0,2.0,0.9050585627555847,0.010322820162400603
PPO,35,final,997,3997,-0.48473047018051146,10.0,2.0,0.7314251661300659,0.011117496294900775
PPO,35,final,998,3998,-0.35196154117584233,10.0,2.0,0.6681886315345764,0.00999998883344233
PPO,35,final,999,3999,-0.484552788734436,10.0,2.0,0.5376530289649963,0.011121164541691542
PPO,35,final,1000,4000,-0.6013490736484528,10.0,2.0,0.5079991817474365,0.013617896009236574
PPO,35,final,1001,4001,-0.5271965146064759,10.0,2.0,0.5893934369087219,0.011864177882671356
PPO,35,final,1002,4002,-0.29567496776580815,10.0,2.0,0.9043722152709961,0.01004161685705185
PPO,35,final,1003,4003,-0.5883671820163727,10.0,2.0,0.3078128695487976,0.013227007584646344
PPO,35,final,1004,4004,-0.5377313077449799,10.0,2.0,0.2931174337863922,0.012054603546857834
PPO,35,final,1005,4005,-0.5402957081794739,10.0,2.0,0.7228740453720093,0.012096191057935357
PPO,35,final,1006,4006,-0.46223546862602233,10.0,2.0,0.3966051936149597,0.01081564393825829
PPO,35,final,1007,4007,-0.3339524149894715,10.0,2.0,0.9316821694374084,0.010046865558251739
PPO,35,final,1008,4008,-0.582895565032959,10.0,2.0,0.19881199300289154,0.013054969487711787
PPO,35,final,1009,4009,-0.5092683911323548,10.0,2.0,0.16360266506671906,0.011512408731505275
PPO,35,final,1010,4010,-0.48496227264404296,10.0,2.0,0.7349922060966492,0.0111191316973418
PPO,35,final,1011,4011,-0.5973936200141907,10.0,2.0,0.3886127769947052,0.013428459409624338
PPO,35,final,1012,4012,-0.5798325195908547,10.0,2.0,0.11456423997879028,0.01296913088299334
PPO,35,final,1013,4013,-0.4236816644668579,10.0,2.0,1.0823190212249756,0.010427708271890879
PPO,35,final,1014,4014,-0.4620281934738159,10.0,2.0,0.8637388348579407,0.01082230219617486
PPO,35,final,1015,4015,-0.5484344840049744,10.0,2.0,0.405498743057251,0.012256253510713577
PPO,35,final,1016,4016,-0.5057297825813294,10.0,2.0,0.5143226981163025,0.011449943529441953
PPO,35,final,1017,4017,-0.3696113705635071,10.0,2.0,0.5775677561759949,0.010079634143039584
PPO,35,final,1018,4018,-0.3734551548957825,10.0,2.0,0.7998813986778259,0.010061784647405148
PPO,35,final,1019,4019,-0.5192992568016053,10.0,2.0,0.41632673144340515,0.011714457534253597
PPO,35,final,1020,4020,-0.42447673082351683,10.0,2.0,0.802540123462677,0.010377392871305346
PPO,35,final,1021,4021,-0.5324195206165314,10.0,2.0,0.33054664731025696,0.011988027719780803
PPO,35,final,1022,4022,-0.5511115670204163,10.0,2.0,0.12922902405261993,0.012368732364848256
PPO,35,final,1023,4023,-0.42897151708602904,10.0,2.0,0.9478839039802551,0.01042791991494596
PPO,35,final,1024,4024,-0.4907137632369995,10.0,2.0,0.7100021243095398,0.011207053437829018
PPO,35,final,1025,4025,-0.4106258630752564,10.0,2.0,0.8254108428955078,0.010283668525516987
PPO,35,final,1026,4026,-0.43100284337997435,10.0,2.0,0.6958800554275513,0.010453406255692244
PPO,35,final,1027,4027,-0.40763305425643925,10.0,2.0,0.9503429532051086,0.010246356716379523
PPO,35,final,1028,4028,-0.44374107122421264,10.0,2.0,0.8030589818954468,0.010577870300039649
PPO,35,final,1029,4029,-0.6360810875892641,10.0,2.0,0.653185248374939,0.014605823205783963
PPO,35,final,1030,4030,-0.484167742729187,10.0,2.0,0.6902018189430237,0.011110293446108699
PPO,35,final,1031,4031,-0.5682580947875977,10.0,2.0,1.473353624343872,0.012714046984910965
PPO,35,final,1032,4032,-0.5545593678951264,10.0,2.0,0.365622341632843,0.012387736700475216
PPO,35,final,1033,4033,-0.5685292959213257,10.0,2.0,0.2143435776233673,0.012689095688983798
PPO,35,final,1034,4034,-0.4709756851196289,10.0,2.0,0.8172703981399536,0.010960450395941734
PPO,35,final,1035,4035,-0.5150874733924866,10.0,2.0,0.8531847596168518,0.011622492223978043
PPO,35,final,1036,4036,-0.48931540846824645,10.0,2.0,0.4846701920032501,0.011203871574252844
PPO,35,final,1037,4037,-0.6223582506179811,10.0,2.0,1.0933667421340942,0.014065169729292393
PPO,35,final,1038,4038,-0.6207484632730486,10.0,2.0,0.19803333282470703,0.01401686412282288
PPO,35,final,1039,4039,-0.15506588220596315,10.0,2.0,0.9508498311042786,0.011821258580312133
PPO,35,final,1040,4040,-0.5077284455299378,10.0,2.0,0.15229950845241547,0.011485487222671509
PPO,35,final,1041,4041,-0.3999154150485993,10.0,2.0,0.46602657437324524,0.010184272658079863
PPO,35,final,1042,4042,-0.37043993473052983,10.0,2.0,1.1035995483398438,0.010004322044551373
PPO,35,final,1043,4043,-0.5996682226657868,10.0,2.0,0.1360521763563156,0.013641905738040805
PPO,35,final,1044,4044,-0.5127350866794587,10.0,2.0,0.1891251802444458,0.01162564824335277
PPO,35,final,1045,4045,-0.5308081090450287,10.0,2.0,0.11165513098239899,0.011943751247599721
PPO,35,final,1046,4046,-0.40600525140762334,10.0,2.0,0.562315046787262,0.010238000890240073
PPO,35,final,1047,4047,-0.6155816197395325,10.0,2.0,0.9227256774902344,0.013921873643994331
PPO,35,final,1048,4048,-0.4409170031547546,10.0,2.0,0.7286760210990906,0.010574856773018837
PPO,35,final,1049,4049,-0.4162958145141602,10.0,2.0,0.750052273273468,0.010358432773500681
PPO,35,final,1050,4050,-0.4273374557495117,10.0,2.0,0.7965752482414246,0.010436876211315393
PPO,35,final,1051,4051,-0.6005995750427247,10.0,2.0,0.5379579663276672,0.013517870102077723
PPO,35,final,1052,4052,-0.5784731686115265,10.0,2.0,0.46237844228744507,0.012952867429703474
PPO,35,final,1053,4053,-0.6095756024122239,10.0,2.0,0.1854977309703827,0.013734495965763927
PPO,35,final,1054,4054,-0.5516866326332093,10.0,2.0,0.37469229102134705,0.012320326874032617
PPO,35,final,1055,4055,-0.6063426613807679,10.0,2.0,0.6008581519126892,0.013609803281724453
PPO,35,final,1056,4056,-0.5647658586502076,10.0,2.0,0.27883854508399963,0.012604098999872804
PPO,35,final,1057,4057,-0.6145610094070435,10.0,2.0,0.6724724173545837,0.013818356208503246
PPO,35,final,1058,4058,-0.5969190478324891,10.0,2.0,0.1982743889093399,0.013361875666305423
PPO,35,final,1059,4059,-0.4482611894607544,10.0,2.0,0.825882613658905,0.010757454205304384
PPO,35,final,1060,4060,-0.5225043773651123,10.0,2.0,0.9036737084388733,0.011763585032895207
PPO,35,final,1061,4061,-0.4333290338516235,10.0,2.0,0.6014994978904724,0.010573434410616755
PPO,35,final,1062,4062,-0.3547612309455872,10.0,2.0,0.6741875410079956,0.010024391347542405
PPO,35,final,1063,4063,-0.6036552369594574,10.0,2.0,0.5293169617652893,0.013668648200109601
PPO,35,final,1064,4064,-0.5853338271379471,10.0,2.0,0.1749456822872162,0.013200148940086365
PPO,35,final,1065,4065,-0.6409283161163332,10.0,2.0,0.2379806786775589,0.014727859059348702
PPO,35,final,1066,4066,-0.43692009449005126,10.0,2.0,0.590617835521698,0.010521318530663848
PPO,35,final,1067,4067,-0.4761450171470642,10.0,2.0,0.6413515210151672,0.011000492377206683
PPO,35,final,1068,4068,-0.52829008102417,10.0,2.0,1.0562745332717896,0.011852920288220048
PPO,35,final,1069,4069,-0.5805955410003663,10.0,2.0,0.688625693321228,0.012973926961421967
PPO,35,final,1070,4070,-0.49861215353012084,10.0,2.0,0.8507541418075562,0.011341816047206521
PPO,35,final,1071,4071,-0.5526610344648362,10.0,2.0,0.1986726075410843,0.012339971493929625
PPO,35,final,1072,4072,-0.37959705591201787,10.0,2.0,0.5786219835281372,0.010166213614866138
PPO,35,final,1073,4073,-0.4793453097343445,10.0,2.0,0.5522826313972473,0.011046817293390632
PPO,35,final,1074,4074,-0.5193239927291871,10.0,2.0,0.7817426323890686,0.011688803555443883
PPO,35,final,1075,4075,-0.6156816959381104,10.0,2.0,0.91098552942276,0.01391371339559555
PPO,35,final,1076,4076,-0.5213622778654099,10.0,2.0,0.2434767335653305,0.011724004987627268
PPO,35,final,1077,4077,-0.45703725814819335,10.0,2.0,0.6364871263504028,0.01076061511412263
PPO,35,final,1078,4078,-0.5568185329437256,10.0,2.0,0.4714908003807068,0.012432883959263563
PPO,35,final,1079,4079,-0.5050309181213379,10.0,2.0,0.678337037563324,0.011440526694059372
PPO,35,final,1080,4080,-0.6280495703220369,10.0,2.0,0.3339104652404785,0.014233642956241965
PPO,35,final,1081,4081,-0.5251612544059754,10.0,2.0,0.7045627236366272,0.011795975267887115
PPO,35,final,1082,4082,-0.4644758582115173,10.0,2.0,0.9073963761329651,0.010866759344935417
PPO,35,final,1083,4083,-0.515508908033371,10.0,2.0,0.45412448048591614,0.011621931567788124
PPO,35,final,1084,4084,-0.4852905750274658,10.0,2.0,0.42395448684692383,0.011131449602544308
PPO,35,final,1085,4085,-0.3134970545768738,10.0,2.0,0.9491713643074036,0.010055308463051915
PPO,35,final,1086,4086,-0.45902036428451537,10.0,2.0,0.8354259133338928,0.010761265875771642
PPO,35,final,1087,4087,-0.5432602047920227,10.0,2.0,0.3837492763996124,0.012206184212118387
PPO,35,final,1088,4088,-0.7286716580390932,10.0,2.0,0.8334066271781921,0.01786374533548951
PPO,35,final,1089,4089,-0.3663031339645386,10.0,2.0,0.6773543357849121,0.010040782624855638
PPO,35,final,1090,4090,-0.4160250902175904,10.0,2.0,0.5516158938407898,0.010333537822589278
PPO,35,final,1091,4091,-0.5503904327750206,10.0,2.0,0.10870405286550522,0.012306785210967064
PPO,35,final,1092,4092,-0.6583040237426759,10.0,2.0,0.7315362095832825,0.01518534915521741
PPO,35,final,1093,4093,-0.4038831472396851,10.0,2.0,1.25656259059906,0.01027965685352683
PPO,35,final,1094,4094,-0.46283898055553435,10.0,2.0,0.16764576733112335,0.010832400526851416
PPO,35,final,1095,4095,-0.45482282638549804,10.0,2.0,0.7206730842590332,0.010726663284003735
PPO,35,final,1096,4096,-0.5182216495275498,10.0,2.0,0.15248610079288483,0.011669930070638657
PPO,35,final,1097,4097,-0.6232187032699587,10.0,2.0,0.24834392964839935,0.014140737010166049
PPO,35,final,1098,4098,-0.781389403343201,10.0,2.0,1.1082309484481812,0.01987502397969365
PPO,35,final,1099,4099,-0.5776158154010773,10.0,2.0,0.31089431047439575,0.01289552147500217
PPO,35,final,1100,4100,-0.24642806053161623,10.0,2.0,1.23284912109375,0.010744075290858746
PPO,35,final,1101,4101,-0.3586629509925843,10.0,2.0,0.7156903147697449,0.01016441942192614
PPO,35,final,1102,4102,-0.4801151335239411,10.0,2.0,0.34771019220352173,0.011051705339923501
PPO,35,final,1103,4103,-0.6041976690292359,10.0,2.0,1.238189935684204,0.013650665758177638
PPO,35,final,1104,4104,-0.5764847874641419,10.0,2.0,0.7896745800971985,0.012943734182044864
PPO,35,final,1105,4105,-0.47471593618392943,10.0,2.0,0.6696823835372925,0.01097049005329609
PPO,35,final,1106,4106,-0.3574589371681214,10.0,2.0,0.9442837834358215,0.010015031322836876
PPO,35,final,1107,4107,-0.5716783881187439,10.0,2.0,0.690004825592041,0.01280461740680039
PPO,35,final,1108,4108,-0.5460220158100129,10.0,2.0,0.31759411096572876,0.01222234033048153
PPO,35,final,1109,4109,-0.2116024971008301,10.0,2.0,1.038312554359436,0.010769753949716687
PPO,35,final,1110,4110,-0.5562250196933747,10.0,2.0,0.4468664526939392,0.012460906291380525
PPO,35,final,1111,4111,-0.4101024746894837,10.0,2.0,0.7483105063438416,0.010256051318719983
PPO,35,final,1112,4112,-0.5482596635818482,10.0,2.0,0.7826549410820007,0.012307734927162528
PPO,35,final,1113,4113,-0.4865880489349365,10.0,2.0,0.8559199571609497,0.011150817619636655
PPO,35,final,1114,4114,-0.4497533321380615,10.0,2.0,0.1642383635044098,0.010648055002093315
PPO,35,final,1115,4115,-0.4578348875045776,10.0,2.0,1.1563907861709595,0.010746415704488754
PPO,35,final,1116,4116,-0.6426612615585329,10.0,2.0,0.9076462388038635,0.014735086355358362
PPO,35,final,1117,4117,-0.3680492520332337,10.0,2.0,0.8095075488090515,0.010072101606056094
PPO,35,final,1118,4118,-0.5355764508247376,10.0,2.0,0.6642637252807617,0.01199773233383894
PPO,35,final,1119,4119,-0.6051953315734864,10.0,2.0,0.8929118514060974,0.013617216376587749
PPO,35,final,1120,4120,-0.6705172538757326,10.0,2.0,0.6236866116523743,0.01554575702175498
PPO,35,final,1121,4121,-0.551867413520813,10.0,2.0,0.6828113794326782,0.01232501002959907
PPO,35,final,1122,4122,-0.5595804333686829,10.0,2.0,0.9156122207641602,0.012493371730670333
PPO,35,final,1123,4123,-0.5053799033164978,10.0,2.0,0.5487669110298157,0.01148798386566341
PPO,35,final,1124,4124,-0.5897901833057404,10.0,2.0,0.30264002084732056,0.013184607960283756
PPO,35,final,1125,4125,-0.48782389163970946,10.0,2.0,1.0374759435653687,0.011202751426026225
PPO,35,final,1126,4126,-0.528489100933075,10.0,2.0,0.34993013739585876,0.011860675644129515
PPO,35,final,1127,4127,-0.5241711616516114,10.0,2.0,1.0062493085861206,0.011776628671213984
PPO,35,final,1128,4128,-0.3996172428131104,10.0,2.0,0.7454491853713989,0.010234661167487502
PPO,35,final,1129,4129,-0.5691173553466797,10.0,2.0,1.0466411113739014,0.01274395058862865
PPO,35,final,1130,4130,-0.6525933623313905,10.0,2.0,0.7905174493789673,0.015036192256957293
PPO,35,final,1131,4131,-0.6288856148719789,10.0,2.0,0.3826059401035309,0.014276602072641253
PPO,35,final,1132,4132,-0.5190697118639946,10.0,2.0,0.10913527756929398,0.011687678284943104
PPO,35,final,1133,4133,-0.4522432565689087,10.0,2.0,0.6811878085136414,0.010745818261057138
PPO,35,final,1134,4134,-0.7088574051856996,10.0,2.0,0.9620438814163208,0.016827238257974386
PPO,35,final,1135,4135,-0.5582566738128663,10.0,2.0,0.6455689072608948,0.012463092803955078
PPO,35,final,1136,4136,-0.6047962188720704,10.0,2.0,0.31891605257987976,0.013561644358560443
PPO,35,final,1137,4137,-0.5759615480899811,10.0,2.0,0.5081014633178711,0.012859058799222112
PPO,35,final,1138,4138,-0.5556430697441102,10.0,2.0,0.6115699410438538,0.012413686839863658
PPO,35,final,1139,4139,-0.5457636594772339,10.0,2.0,1.3034353256225586,0.012207279913127422
PPO,35,final,1140,4140,-0.38687382936477666,10.0,2.0,0.5770961046218872,0.010251135099679232
PPO,35,final,1141,4141,-0.36618022918701176,10.0,2.0,0.8209577798843384,0.01009928691200912
PPO,35,final,1142,4142,-0.5400845885276795,10.0,2.0,0.40430641174316406,0.012108131777495146
PPO,35,final,1143,4143,-0.580458688735962,10.0,2.0,0.3030065596103668,0.01305479439906776
PPO,35,final,1144,4144,-0.6530242145061494,10.0,2.0,0.4667453467845917,0.015106268925592303
PPO,35,final,1145,4145,-0.5634208798408509,10.0,2.0,0.19540859758853912,0.012589947553351521
PPO,35,final,1146,4146,-0.4629176139831543,10.0,2.0,1.00507652759552,0.01083679054863751
PPO,35,final,1147,4147,-0.6137303590774537,10.0,2.0,1.1727951765060425,0.01381268841214478
PPO,35,final,1148,4148,-0.549991923570633,10.0,2.0,0.3516603410243988,0.012286734534427524
PPO,35,final,1149,4149,-0.5270039319992066,10.0,2.0,0.7585948705673218,0.011842312989756465
PPO,35,final,1150,4150,-0.44311566948890685,10.0,2.0,0.4559624493122101,0.010656051337718964
PPO,35,final,1151,4151,-0.6626854419708254,10.0,2.0,0.8488756418228149,0.015264706453308463
PPO,35,final,1152,4152,-0.5125122547149659,10.0,2.0,1.1194539070129395,0.011572800576686859
PPO,35,final,1153,4153,-0.5908903360366822,10.0,2.0,0.6856428980827332,0.013221524190157652
PPO,35,final,1154,4154,-0.48448491394519805,10.0,2.0,0.17852447926998138,0.011131984647363424
PPO,35,final,1155,4155,-0.552514660358429,10.0,2.0,0.8422471880912781,0.012337549356743693
PPO,35,final,1156,4156,-0.4795265078544617,10.0,2.0,0.750605583190918,0.011054259492084384
PPO,35,final,1157,4157,-0.5142081260681153,10.0,2.0,0.18381240963935852,0.011596307624131441
PPO,35,final,1158,4158,-0.514621126651764,10.0,2.0,0.8784461617469788,0.011603236431255937
PPO,35,final,1159,4159,-0.5947251796722413,10.0,2.0,1.0759202241897583,0.013343592407181859
PPO,35,final,1160,4160,-0.5512664198875428,10.0,2.0,0.8168104290962219,0.012315807398408651
PPO,35,final,1161,4161,-0.4705435514450073,10.0,2.0,0.6484870910644531,0.010931059252470732
PPO,35,final,1162,4162,-0.4894749402999878,10.0,2.0,0.8105403780937195,0.011195991421118379
PPO,35,final,1163,4163,-0.5611733078956604,10.0,2.0,0.14129756391048431,0.012518384959548712
PPO,35,final,1164,4164,-0.5338427305221558,10.0,2.0,0.6424881815910339,0.011959772789850831
PPO,35,final,1165,4165,-0.508577036857605,10.0,2.0,0.3853285610675812,0.011499368352815509
PPO,35,final,1166,4166,-0.47527422308921813,10.0,2.0,0.3639742434024811,0.010989305097609758
PPO,35,final,1167,4167,-0.48527090549468993,10.0,2.0,0.6974964141845703,0.011127481237053871
PPO,35,final,1168,4168,-0.5916566133499146,10.0,2.0,0.6259137392044067,0.013268894050270319
PPO,35,final,1169,4169,-0.605791437625885,10.0,2.0,0.582056999206543,0.01362952240742743
PPO,35,final,1170,4170,-0.38007764816284184,10.0,2.0,0.817366898059845,0.010155100841075182
PPO,35,final,1171,4171,-0.6017370104789734,10.0,2.0,0.7882614731788635,0.013512344798073173
PPO,35,final,1172,4172,-0.6486775457859041,10.0,2.0,0.42672815918922424,0.014846601523458958
PPO,35,final,1173,4173,-0.5572076916694642,10.0,2.0,0.40290528535842896,0.012436992721632123
PPO,35,final,1174,4174,-0.4216097474098206,10.0,2.0,0.5779575109481812,0.010461033787578344
PPO,35,final,1175,4175,-0.33285026550292973,10.0,2.0,1.1645582914352417,0.010115501703694463
PPO,35,final,1176,4176,-0.668250072002411,10.0,2.0,0.7628433108329773,0.015510582597926259
PPO,35,final,1177,4177,-0.6071455508470536,10.0,2.0,0.16916270554065704,0.013681142823770642
PPO,35,final,1178,4178,-0.5062833309173584,10.0,2.0,0.9120722413063049,0.011459447909146547
PPO,35,final,1179,4179,-0.413379716873169,10.0,2.0,0.6064020395278931,0.010335794650018215
PPO,35,final,1180,4180,-0.6467586636543275,10.0,2.0,0.9935696721076965,0.014807302737608552
PPO,35,final,1181,4181,-0.3400248169898987,10.0,2.0,0.7164788842201233,0.010054378304630518
PPO,35,final,1182,4182,-0.5362435311079026,10.0,2.0,0.16833241283893585,0.012011458864435554
PPO,35,final,1183,4183,-0.5171708345413208,10.0,2.0,1.0276182889938354,0.011651639128103852
PPO,35,final,1184,4184,-0.6173484206199646,10.0,2.0,0.7281671166419983,0.013968115206807852
PPO,35,final,1185,4185,-0.5202462106943131,10.0,2.0,0.19537858664989471,0.011704164324328303
PPO,35,final,1186,4186,-0.7029746055603029,10.0,2.0,0.9136470556259155,0.016623705625534058
PPO,35,final,1187,4187,-0.519059206545353,10.0,2.0,0.11231296509504318,0.01170464837923646
PPO,35,final,1188,4188,-0.44493966102600097,10.0,2.0,0.9182052612304688,0.01072140596807003
PPO,35,final,1189,4189,-0.6118631839752198,10.0,2.0,0.6452049016952515,0.0137472921051085
PPO,35,final,1190,4190,-0.44970529079437255,10.0,2.0,0.7546923756599426,0.010731195099651814
PPO,35,final,1191,4191,-0.35849683284759526,10.0,2.0,1.0629521608352661,0.01011684606783092
PPO,35,final,1192,4192,-0.3586084127426148,10.0,2.0,0.8863134384155273,0.01002633711323142
PPO,35,final,1193,4193,-0.6016264438629151,10.0,2.0,0.5715360045433044,0.013626503525301814
PPO,35,final,1194,4194,-0.5674674987792969,10.0,2.0,0.509068489074707,0.012769782915711403
PPO,35,final,1195,4195,-0.5373747229576111,10.0,2.0,0.7317569851875305,0.012072991579771042
PPO,35,final,1196,4196,-0.46063684225082396,10.0,2.0,0.44724661111831665,0.010782451834529638
PPO,35,final,1197,4197,-0.5696253061294556,10.0,2.0,0.35373619198799133,0.012735692784190178
PPO,35,final,1198,4198,-0.49137871265411376,10.0,2.0,0.8077002763748169,0.011222424916923046
PPO,35,final,1199,4199,-0.45795186161994933,10.0,2.0,0.48281797766685486,0.010775927687063813
PPO,35,final,1200,4200,-0.477462100982666,10.0,2.0,0.684049129486084,0.011021442944183946
PPO,35,final,1201,4201,-0.5755809426307679,10.0,2.0,1.005719780921936,0.012865131022408605
PPO,35,final,1202,4202,-0.528910118341446,10.0,2.0,0.43749770522117615,0.011865619337186217
PPO,35,final,1203,4203,-0.36953382492065434,10.0,2.0,0.7810007929801941,0.010092662647366524
PPO,35,final,1204,4204,-0.5185981869697571,10.0,2.0,0.5053631067276001,0.01167753292247653
PPO,35,final,1205,4205,-0.5731924057006836,10.0,2.0,0.65620356798172,0.01283292006701231
PPO,35,final,1206,4206,-0.6107562065124512,10.0,2.0,1.2880274057388306,0.013785176677629352
PPO,35,final,1207,4207,-0.44439862966537474,10.0,2.0,0.6219593286514282,0.010612436104565859
PPO,35,final,1208,4208,-0.5919922471046448,10.0,2.0,0.5514355301856995,0.013258452992886305
PPO,35,final,1209,4209,-0.4449639797210693,10.0,2.0,0.5042703151702881,0.010636563180014491
PPO,35,final,1210,4210,-0.48430685997009276,10.0,2.0,1.169763207435608,0.01112107327207923
PPO,35,final,1211,4211,-0.46143256425857543,10.0,2.0,0.7504494786262512,0.01080638449639082
PPO,35,final,1212,4212,-0.6170372843742371,10.0,2.0,0.6813516616821289,0.01395200565457344
PPO,35,final,1213,4213,-0.5427546679973603,10.0,2.0,0.49500641226768494,0.012142152525484562
PPO,35,final,1214,4214,-0.584640908241272,10.0,2.0,0.6454157829284668,0.013079850003123283
PPO,35,final,1215,4215,-0.5806465774774552,10.0,2.0,0.2619895935058594,0.012971792137250304
PPO,35,final,1216,4216,-0.5322220802307129,10.0,2.0,0.5226706862449646,0.011933213798329234
PPO,35,final,1217,4217,-0.5571622729301453,10.0,2.0,0.6350620985031128,0.012437117053195834
PPO,35,final,1218,4218,-0.585377785563469,10.0,2.0,0.15928152203559875,0.013078283285722136
PPO,35,final,1219,4219,-0.33179329633712773,10.0,2.0,0.6294651031494141,0.010162449907511473
PPO,35,final,1220,4220,-0.4954461336135864,10.0,2.0,0.6432623267173767,0.01128746778704226
PPO,35,final,1221,4221,-0.6221049308776857,10.0,2.0,0.7227534055709839,0.014102268731221557
PPO,35,final,1222,4222,-0.59371976852417,10.0,2.0,0.7233263254165649,0.013331086607649922
PPO,35,final,1223,4223,-0.47906016111373906,10.0,2.0,0.8673354983329773,0.011037415126338601
PPO,35,final,1224,4224,-0.2652495980262757,10.0,2.0,0.7624357342720032,0.010301122209057212
PPO,35,final,1225,4225,-0.505181360244751,10.0,2.0,0.49093204736709595,0.011445513693615794
PPO,35,final,1226,4226,-0.5366033792495728,10.0,2.0,0.4044695198535919,0.012049047276377678
PPO,35,final,1227,4227,-0.6377819657325746,10.0,2.0,0.6865118741989136,0.014624706702306867
PPO,35,final,1228,4228,-0.43204312324523925,10.0,2.0,1.441758155822754,0.010467134648934007
PPO,35,final,1229,4229,-0.49787320494651793,10.0,2.0,0.4218551516532898,0.011320146964862943
PPO,35,final,1230,4230,-0.5211618423461915,10.0,2.0,0.42402976751327515,0.011721005663275719
PPO,35,final,1231,4231,-0.5291545867919922,10.0,2.0,0.4008308947086334,0.011869681300595403
PPO,35,final,1232,4232,-0.4291484236717224,10.0,2.0,0.3766603469848633,0.010466315783560276
PPO,35,final,1233,4233,-0.34896450042724614,10.0,2.0,0.9402464628219604,0.010034818900749087
PPO,35,final,1234,4234,-0.5555132359266282,10.0,2.0,0.09061400592327118,0.01243482413701713
PPO,35,final,1235,4235,-0.31167130470275883,10.0,2.0,1.2398464679718018,0.009970307350158691
PPO,35,final,1236,4236,-0.6052656054496766,10.0,2.0,0.5905956029891968,0.013732313876971602
PPO,35,final,1237,4237,-0.5921619415283204,10.0,2.0,0.3873922526836395,0.013360763899981976
PPO,35,final,1238,4238,-0.4105999350547791,10.0,2.0,0.5677061676979065,0.01027251174673438
PPO,35,final,1239,4239,-0.5740766257047654,10.0,2.0,0.2583569884300232,0.012845548335462809
PPO,35,final,1240,4240,-0.5188906371593476,10.0,2.0,0.13202477991580963,0.011679041432216763
PPO,35,final,1241,4241,-0.6164617419242859,10.0,2.0,0.48528745770454407,0.013899583602324128
PPO,35,final,1242,4242,-0.5642899751663208,10.0,2.0,0.8852153420448303,0.01259145513176918
PPO,35,final,1243,4243,-0.4130788326263428,10.0,2.0,0.21185466647148132,0.010407643858343363
PPO,35,final,1244,4244,-0.6717979192733766,10.0,2.0,1.002349615097046,0.015547691145911813
PPO,35,final,1245,4245,-0.6762660622596742,10.0,2.0,0.7006322145462036,0.015687752980738878
PPO,35,final,1246,4246,-0.4689169406890869,10.0,2.0,0.4768138527870178,0.010964962420985103
PPO,35,final,1247,4247,-0.4784133911132813,10.0,2.0,1.0482685565948486,0.011078928830102086
PPO,35,final,1248,4248,-0.6157120347023011,10.0,2.0,0.6941403150558472,0.013862763764336705
PPO,35,final,1249,4249,-0.569702970981598,10.0,2.0,0.34437233209609985,0.012698289239779115
PPO,35,final,1250,4250,-0.5635940909385682,10.0,2.0,0.9394705891609192,0.012576567474752665
PPO,35,final,1251,4251,-0.380273449420929,10.0,2.0,0.5790166854858398,0.010181791614741087
PPO,35,final,1252,4252,-0.6109229654073716,10.0,2.0,0.30588534474372864,0.013745870674028993
PPO,35,final,1253,4253,-0.5808624356985093,10.0,2.0,0.25104275345802307,0.012990191811695695
PPO,35,final,1254,4254,-0.4410154700279236,10.0,2.0,0.5509657263755798,0.010580680100247264
PPO,35,final,1255,4255,-0.527184072136879,10.0,2.0,0.23982970416545868,0.011832694755867124
PPO,35,final,1256,4256,-0.5021899223327637,10.0,2.0,0.4165976345539093,0.011391072068363428
PPO,35,final,1257,4257,-0.6241213858127596,10.0,2.0,0.4591659605503082,0.013992480468004942
PPO,35,final,1258,4258,-0.5545969486236573,10.0,2.0,0.603536069393158,0.012233025627210736
PPO,35,final,1259,4259,-0.6152696788311005,10.0,2.0,0.19989456236362457,0.012889748672023416
PPO,35,final,1260,4260,-0.6465998396277429,10.0,2.0,0.21522824466228485,0.013024168321862817
PPO,35,final,1261,4261,-0.6331607580184938,10.0,2.0,0.8052075505256653,0.014764565043151379
PPO,35,final,1262,4262,-0.6239772021770479,10.0,2.0,0.4160616993904114,0.014288510661572218
PPO,35,final,1263,4263,-0.5067862153053284,10.0,2.0,0.8229399919509888,0.011469541816040874
PPO,35,final,1264,4264,-0.5086511850357056,10.0,2.0,1.1174930334091187,0.011499985354021192
PPO,35,final,1265,4265,-0.6349393606185915,10.0,2.0,1.093878984451294,0.014454226242378354
PPO,35,final,1266,4266,-0.5761559486389161,10.0,2.0,0.7145056128501892,0.012865919154137373
PPO,35,final,1267,4267,-0.570803451538086,10.0,2.0,0.5624319314956665,0.012737490003928542
PPO,35,final,1268,4268,-0.5850576043128968,10.0,2.0,0.4770108759403229,0.011046627769246697
PPO,35,final,1269,4269,-0.5656091451644898,10.0,2.0,0.7314773201942444,0.012621757807210088
PPO,35,final,1270,4270,-0.4220430433750153,10.0,2.0,0.3578168451786041,0.010401964420452714
PPO,35,final,1271,4271,-0.6552743047475816,10.0,2.0,0.34162330627441406,0.015115122310817242
PPO,35,final,1272,4272,-0.46888076066970824,10.0,2.0,0.7545455694198608,0.010892241727560759
PPO,35,final,1273,4273,-0.6184565752744675,10.0,2.0,0.2147664725780487,0.013992834836244583
PPO,35,final,1274,4274,-0.6257861137390138,10.0,2.0,0.4722084701061249,0.014171944232657552
PPO,35,final,1275,4275,-0.4546993851661682,10.0,2.0,0.7893375158309937,0.010761641664430499
PPO,35,final,1276,4276,-0.4149264574050904,10.0,2.0,0.7897136807441711,0.0103978980332613
PPO,35,final,1277,4277,-0.6581092059612276,10.0,2.0,0.38459014892578125,0.015131859807297587
PPO,35,final,1278,4278,-0.5325482368469239,10.0,2.0,0.7544916272163391,0.011934518348425627
PPO,35,final,1279,4279,-0.2959293603897095,10.0,2.0,1.1922369003295898,0.010177303105592728
PPO,35,final,1280,4280,-0.8175380110740664,10.0,2.0,1.0319544076919556,0.02157170372083783
PPO,35,final,1281,4281,-0.3380479693412781,10.0,2.0,0.7459627985954285,0.010051499120891094
PPO,35,final,1282,4282,-0.5581704258918763,10.0,2.0,0.6317005157470703,0.012468172237277031
PPO,35,final,1283,4283,-0.5399087548255921,10.0,2.0,0.8335462212562561,0.012082861503586173
PPO,35,final,1284,4284,-0.4755332350730896,10.0,2.0,0.6849983930587769,0.010988985188305378
PPO,35,final,1285,4285,-0.49146329164505004,10.0,2.0,0.9877446293830872,0.011220177635550499
PPO,35,final,1286,4286,-0.4048974990844727,10.0,2.0,0.5009439587593079,0.010252880165353417
PPO,35,final,1287,4287,-0.5236103862524033,10.0,2.0,0.15780587494373322,0.01177159626968205
PPO,35,final,1288,4288,-0.5482042014598847,10.0,2.0,0.175650492310524,0.012274718377739191
PPO,35,final,1289,4289,-0.48539559841156005,10.0,2.0,0.6121935844421387,0.011125693563371897
PPO,35,final,1290,4290,-0.6774798512458803,10.0,2.0,1.0544459819793701,0.015833979938179255
PPO,35,final,1291,4291,-0.5360156178474427,10.0,2.0,0.9877883791923523,0.012002085102722049
PPO,35,final,1292,4292,-0.5187519669532776,10.0,2.0,0.8137611746788025,0.01168739190325141
PPO,35,final,1293,4293,-0.5375982403755188,10.0,2.0,0.22304901480674744,0.012039507273584604
PPO,35,final,1294,4294,-0.4443626880645752,10.0,2.0,0.7450307607650757,0.010662367567420006
PPO,35,final,1295,4295,-0.4903666853904724,10.0,2.0,0.6682770848274231,0.011215191334486008
PPO,35,final,1296,4296,-0.5118076086044312,10.0,2.0,0.5393179059028625,0.011554136173799634
PPO,35,final,1297,4297,-0.4255924105644226,10.0,2.0,0.9162810444831848,0.010408379836007953
PPO,35,final,1298,4298,-0.43525128364562987,10.0,2.0,0.9764128923416138,0.010489337844774127
PPO,35,final,1299,4299,-0.4007364988327027,10.0,2.0,0.794395387172699,0.010183254722505808
PPO,35,final,1300,4300,-0.5341508865356446,10.0,2.0,0.6513310670852661,0.012025722535327077
PPO,35,final,1301,4301,-0.584592628479004,10.0,2.0,1.0208611488342285,0.013178085908293724
PPO,35,final,1302,4302,-0.4773512363433838,10.0,2.0,0.9324401617050171,0.01100884797051549
PPO,35,final,1303,4303,-0.5789997905492783,10.0,2.0,0.2336580455303192,0.012960370164364576
PPO,35,final,1304,4304,-0.5666797041893006,10.0,2.0,0.8109728097915649,0.012650509364902973
PPO,35,final,1305,4305,-0.45763545036315917,10.0,2.0,0.6717120409011841,0.010795834707096219
PPO,35,final,1306,4306,-0.5569059431552887,10.0,2.0,0.3643469512462616,0.012430326314643025
PPO,35,final,1307,4307,-0.49162869453430175,10.0,2.0,0.8773757219314575,0.011242466513067484
PPO,35,final,1308,4308,-0.46742730140686034,10.0,2.0,0.6241444945335388,0.010896515566855669
PPO,35,final,1309,4309,-0.5452845871448517,10.0,2.0,0.3374485373497009,0.012191205052658916
PPO,35,final,1310,4310,-0.3665329694747925,10.0,2.0,0.742527186870575,0.010061894776299596
PPO,35,final,1311,4311,-0.5046623826026917,10.0,2.0,0.14072935283184052,0.011438786052167416
PPO,35,final,1312,4312,-0.5575930804014206,10.0,2.0,0.1334318071603775,0.012498679338023067
PPO,35,final,1313,4313,-0.5899682521820069,10.0,2.0,0.20401206612586975,0.013264851877465844
PPO,35,final,1314,4314,-0.6140087574720383,10.0,2.0,0.2850538194179535,0.013865427812561393
PPO,35,final,1315,4315,-0.44310455322265624,10.0,2.0,0.8371656537055969,0.010621038964018226
PPO,35,final,1316,4316,-0.5390617430210114,10.0,2.0,0.3378363251686096,0.012063161469995975
PPO,35,final,1317,4317,-0.5511714696884156,10.0,2.0,0.8856958150863647,0.012308978475630283
PPO,35,final,1318,4318,-0.5222071886062623,10.0,2.0,0.9275200963020325,0.011745907599106431
PPO,35,final,1319,4319,-0.6186731934547425,10.0,2.0,0.2030218541622162,0.013949203304946423
PPO,35,final,1320,4320,-0.4884469985961914,10.0,2.0,0.7157092690467834,0.011195151135325432
PPO,35,final,1321,4321,-0.32453392744064335,10.0,2.0,0.40482479333877563,0.010108505142852664
PPO,35,final,1322,4322,-0.4404713690280914,10.0,2.0,0.292044073343277,0.010555350687354803
PPO,35,final,1323,4323,-0.4017168760299683,10.0,2.0,1.4903571605682373,0.00998427695594728
PPO,35,final,1324,4324,-0.526775348186493,10.0,2.0,0.993219792842865,0.011761174537241459
PPO,35,final,1325,4325,-0.5124631404876709,10.0,2.0,0.9294756650924683,0.012413738295435905
PPO,35,final,1326,4326,-0.41846485733985905,10.0,2.0,0.39228472113609314,0.01004674774594605
PPO,35,final,1327,4327,-0.6834322690963747,10.0,2.0,0.6846142411231995,0.016584813129156828
PPO,35,final,1328,4328,-0.5000284790992737,10.0,2.0,0.9428291916847229,0.01110408641397953
PPO,35,final,1329,4329,-0.5220230996608735,10.0,2.0,0.46920618414878845,0.011697246227413416
PPO,35,final,1330,4330,-0.5868480384349823,10.0,2.0,0.3398149013519287,0.01258738012984395
PPO,35,final,1331,4331,-0.5006599009037018,10.0,2.0,0.26188966631889343,0.011370951542630792
PPO,35,final,1332,4332,-0.4766412258148193,10.0,2.0,0.5076870322227478,0.0104991365224123
PPO,35,final,1333,4333,-0.5124810814857483,10.0,2.0,0.30013009905815125,0.010352896992117167
PPO,35,final,1334,4334,-0.631623747944832,10.0,2.0,0.32823023200035095,0.012126566609367728
PPO,35,final,1335,4335,-0.4994669437408447,10.0,2.0,1.0405895709991455,0.01031198212876916
PPO,35,final,1336,4336,-0.37974648475646977,10.0,2.0,0.7025927901268005,0.010737924836575985
PPO,35,final,1337,4337,-0.6597588539123537,10.0,2.0,1.3468066453933716,0.01568552339449525
PPO,35,final,1338,4338,-0.5421400249004364,10.0,2.0,0.12666459381580353,0.011743601644411683
PPO,35,final,1339,4339,-0.4545535922050476,10.0,2.0,0.5970497131347656,0.010192614048719406
PPO,35,final,1340,4340,-0.4924706697463989,10.0,2.0,0.4158502221107483,0.04648152901791036
PPO,35,final,1341,4341,-0.4328632831573486,10.0,2.0,0.5497059226036072,0.010795219335705042
PPO,35,final,1342,4342,-0.3864711403846741,10.0,2.0,0.7377177476882935,0.010571533348411322
PPO,35,final,1343,4343,-0.538970547914505,10.0,2.0,0.31031784415245056,0.013259221101179719
PPO,35,final,1344,4344,-0.4189246773719788,10.0,2.0,0.726161539554596,0.010872344020754099
PPO,35,final,1345,4345,-0.5256726026535035,10.0,2.0,0.6905586123466492,0.012476411880925298
PPO,35,final,1346,4346,-0.623373854160309,10.0,2.0,0.36236557364463806,0.014748957939445972
PPO,35,final,1347,4347,-0.5439724951982499,10.0,2.0,0.17592154443264008,0.01233894401229918
PPO,35,final,1348,4348,-0.4876091957092285,10.0,2.0,1.0415416955947876,0.011168156983330846
PPO,35,final,1349,4349,-0.5596403360366822,10.0,2.0,0.99611896276474,0.012497604126110673
PPO,35,final,1350,4350,-0.3648580193519593,10.0,2.0,0.6268187761306763,0.010175066534429789
PPO,35,final,1351,4351,-0.3896241664886475,10.0,2.0,0.7145926356315613,0.0102694695815444
PPO,35,final,1352,4352,-0.2593272209167481,10.0,2.0,1.0361334085464478,0.01044712751172483
PPO,35,final,1353,4353,-0.6622202277183534,10.0,2.0,0.8287779092788696,0.01531523885205388
PPO,35,final,1354,4354,-0.5337306737899781,10.0,2.0,0.2620076537132263,0.011968517675995827
PPO,35,final,1355,4355,-0.5952736914157868,10.0,2.0,0.37973055243492126,0.0133813819848001
PPO,35,final,1356,4356,-0.5871433347463608,10.0,2.0,0.19520233571529388,0.013161093229427934
PPO,35,final,1357,4357,-0.6517726659774782,10.0,2.0,0.9952573776245117,0.014959296677261591
PPO,35,final,1358,4358,-0.5176747918128968,10.0,2.0,0.5726162791252136,0.011662351666018367
PPO,35,final,1359,4359,-0.5412495613098145,10.0,2.0,0.974073052406311,0.01210835948586464
PPO,35,final,1360,4360,-0.5955874800682068,10.0,2.0,0.2976614534854889,0.01332996622659266
PPO,35,final,1361,4361,-0.5475113868713379,10.0,2.0,1.0191129446029663,0.012238402618095279
PPO,35,final,1362,4362,-0.5190697118639946,10.0,2.0,0.10913527756929398,0.010841630632057786
PPO,35,final,1363,4363,-0.6148207366466523,10.0,2.0,0.1941998451948166,0.013577123638242483
PPO,35,final,1364,4364,-0.4567282676696777,10.0,2.0,0.6019331812858582,0.010777197545394301
PPO,35,final,1365,4365,-0.6910421729087831,10.0,2.0,0.4806179702281952,0.01624369202181697
PPO,35,final,1366,4366,-0.5789517045021058,10.0,2.0,0.6298285126686096,0.012934744358062744
PPO,35,final,1367,4367,-0.4556717753410339,10.0,2.0,0.4424589276313782,0.010756377130746841
PPO,35,final,1368,4368,-0.5373982071876526,10.0,2.0,0.6327900886535645,0.012028757249936461
PPO,35,final,1369,4369,-0.515637743473053,10.0,2.0,0.48469358682632446,0.011622993741184473
PPO,35,final,1370,4370,-0.40860311985015874,10.0,2.0,0.6551609635353088,0.010306965094059706
PPO,35,final,1371,4371,-0.45881669521331786,10.0,2.0,0.8905043601989746,0.01077048177830875
PPO,35,final,1372,4372,-0.5455198764801026,10.0,2.0,0.5282927751541138,0.01220686687156558
PPO,35,final,1373,4373,-0.47339107394218444,10.0,2.0,0.4187793433666229,0.010590498801320791
PPO,35,final,1374,4374,-0.5448014616966248,10.0,2.0,0.7919934391975403,0.012200062861666083
PPO,35,final,1375,4375,-0.5738950848579407,10.0,2.0,0.5713669061660767,0.011524078901857138
PPO,35,final,1376,4376,-0.48700265884399413,10.0,2.0,0.8548431396484375,0.014113285345956683
PPO,35,final,1377,4377,-0.5728172540664673,10.0,2.0,0.4230288863182068,0.012983331689611077
PPO,35,final,1378,4378,-0.4725529432296753,10.0,2.0,1.0186601877212524,0.01102391304448247
PPO,35,final,1379,4379,-0.4753198802471161,10.0,2.0,0.34842449426651,0.011068976484239101
PPO,35,final,1380,4380,-0.6039622902870179,10.0,2.0,0.47611427307128906,0.013840477215126157
PPO,35,final,1381,4381,-0.5314423620700837,10.0,2.0,0.22730673849582672,0.012003630166873336
PPO,35,final,1382,4382,-0.40652494430541997,10.0,2.0,0.5727423429489136,0.010225652251392603
PPO,35,final,1383,4383,-0.7533717632293704,10.0,2.0,1.4079567193984985,0.018784626852720976
PPO,35,final,1384,4384,-0.44771217107772826,10.0,2.0,0.6988803148269653,0.010646611684933305
PPO,35,final,1385,4385,-0.5646791338920594,10.0,2.0,0.6687245965003967,0.012602118775248528
PPO,35,final,1386,4386,-0.5921432256698609,10.0,2.0,0.907152533531189,0.01324640796519816
PPO,35,final,1387,4387,-0.3884675979614258,10.0,2.0,1.3612263202667236,0.010268242796882987
PPO,35,final,1388,4388,-0.5611691951751709,10.0,2.0,0.780666172504425,0.01252213609404862
PPO,35,final,1389,4389,-0.6095192611217499,10.0,2.0,0.22838790714740753,0.01369735668413341
PPO,35,final,1390,4390,-0.4188058257102967,10.0,2.0,0.9863174557685852,0.010415269993245602
PPO,35,final,1391,4391,-0.5074686288833619,10.0,2.0,0.8355600237846375,0.011484089307487011
PPO,35,final,1392,4392,-0.5196555137634278,10.0,2.0,0.6625259518623352,0.011693337932229042
PPO,35,final,1393,4393,-0.4222697496414185,10.0,2.0,0.8321973085403442,0.010395004879683256
PPO,35,final,1394,4394,-0.4858687400817871,10.0,2.0,0.7881864905357361,0.011133046355098486
PPO,35,final,1395,4395,-0.4462199091911316,10.0,2.0,0.7016425132751465,0.010611506178975105
PPO,35,final,1396,4396,-0.5692614495754242,10.0,2.0,0.15149535238742828,0.012752183713018894
PPO,35,final,1397,4397,-0.4335585117340088,10.0,2.0,0.9090486764907837,0.01047434308566153
PPO,35,final,1398,4398,-0.6445534110069276,10.0,2.0,0.27922362089157104,0.01480316394008696
PPO,35,final,1399,4399,-0.37514512538909917,10.0,2.0,0.621415913105011,0.010079596657305956
PPO,35,final,1400,4400,-0.5831246256828309,10.0,2.0,0.6364889740943909,0.013065094593912363
PPO,35,final,1401,4401,-0.6157959133386612,10.0,2.0,0.23969605565071106,0.013912737602367997
PPO,35,final,1402,4402,-0.5518153339624405,10.0,2.0,0.14369389414787292,0.012314871652051806
PPO,35,final,1403,4403,-0.507488238811493,10.0,2.0,0.7754920125007629,0.011485466035082936
PPO,35,final,1404,4404,-0.3831942260265351,10.0,2.0,0.42050984501838684,0.010193181224167347
PPO,35,final,1405,4405,-0.4792058944702149,10.0,2.0,0.7710036039352417,0.01104847900569439
PPO,35,final,1406,4406,-0.6527179360389711,10.0,2.0,0.650152325630188,0.014990539290010929
PPO,35,final,1407,4407,-0.6255740553140642,10.0,2.0,0.20007026195526123,0.014169178204610944
PPO,35,final,1408,4408,-0.49431596994400023,10.0,2.0,0.6477516889572144,0.011272364296019077
PPO,35,final,1409,4409,-0.5779179960489274,10.0,2.0,0.2632474899291992,0.012906447751447558
PPO,35,final,1410,4410,-0.36701421737670903,10.0,2.0,0.599162757396698,0.01014202763326466
PPO,35,final,1411,4411,-0.5350078821182251,10.0,2.0,0.9718542695045471,0.011981967836618423
PPO,35,final,1412,4412,-0.45516647696495055,10.0,2.0,0.23267090320587158,0.010733308969065547
PPO,35,final,1413,4413,-0.5260794639587403,10.0,2.0,0.8116466403007507,0.01181378262117505
PPO,35,final,1414,4414,-0.5791426479816437,10.0,2.0,0.3294721245765686,0.012963088229298592
PPO,35,final,1415,4415,-0.42294334173202514,10.0,2.0,0.6410947442054749,0.010391749674454331
PPO,35,final,1416,4416,-0.48720507621765136,10.0,2.0,0.7050157785415649,0.01115316990762949
PPO,35,final,1417,4417,-0.4314749717712402,10.0,2.0,0.44071024656295776,0.01046214485540986
PPO,35,final,1418,4418,-0.5747145742177964,10.0,2.0,0.09350612014532089,0.012353237485513091
PPO,35,final,1419,4419,-0.585656675696373,10.0,2.0,0.2340158373117447,0.01313661877065897
PPO,35,final,1420,4420,-0.5200939804315567,10.0,2.0,0.1649838536977768,0.011703865136951208
PPO,35,final,1421,4421,-0.49154614210128783,10.0,2.0,0.7506166100502014,0.011221468914300203
PPO,35,final,1422,4422,-0.4215341985225678,10.0,2.0,0.4652428925037384,0.010630772449076176
PPO,35,final,1423,4423,-0.44122742414474486,10.0,2.0,0.8345402479171753,0.010562868090346456
PPO,35,final,1424,4424,-0.5202723324298859,10.0,2.0,0.3925034999847412,0.011716624954715371
PPO,35,final,1425,4425,-0.6387659192085268,10.0,2.0,0.2655225396156311,0.014639671426266432
PPO,35,final,1426,4426,-0.5146031260490418,10.0,2.0,0.798007607460022,0.011608917266130447
PPO,35,final,1427,4427,-0.5204421162605286,10.0,2.0,0.9897791743278503,0.01171034132130444
PPO,35,final,1428,4428,-0.5577725648880005,10.0,2.0,0.36317941546440125,0.01245940150693059
PPO,35,final,1429,4429,-0.312058973312378,10.0,2.0,0.5427098870277405,0.010092427022755146
PPO,35,final,1430,4430,-0.574151623249054,10.0,2.0,0.5263153314590454,0.01283439458347857
PPO,35,final,1431,4431,-0.5188967466354371,10.0,2.0,0.8760795593261719,0.011680459138005972
PPO,35,final,1432,4432,-0.4133498549461365,10.0,2.0,0.3994496464729309,0.010315809398889542
PPO,35,final,1433,4433,-0.48435513973236083,10.0,2.0,0.39430490136146545,0.011110314400866628
PPO,35,final,1434,4434,-0.530428159236908,10.0,2.0,0.6981268525123596,0.01190452161245048
PPO,35,final,1435,4435,-0.5364480197429657,10.0,2.0,0.32183998823165894,0.010955329751595855
PPO,35,final,1436,4436,-0.41094880104064946,10.0,2.0,1.1328651905059814,0.010280909016728401
PPO,35,final,1437,4437,-0.36246459484100346,10.0,2.0,1.0691810846328735,0.010016469284892082
PPO,35,final,1438,4438,-0.5108889818191529,10.0,2.0,0.6745784878730774,0.011554908007383347
PPO,35,final,1439,4439,-0.3356718301773072,10.0,2.0,0.6944378018379211,0.009941264521330595
PPO,35,final,1440,4440,-0.5759709805250168,10.0,2.0,0.23373953998088837,0.012962638167664409
PPO,35,final,1441,4441,-0.6084376007318497,10.0,2.0,0.27715274691581726,0.011002615094184875
PPO,35,final,1442,4442,-0.6013498783111573,10.0,2.0,0.7801049947738647,0.013586016604676843
PPO,35,final,1443,4443,-0.5539583519101143,10.0,2.0,0.12494935840368271,0.009986115852370858
PPO,35,final,1444,4444,-0.5211361229419709,10.0,2.0,0.16529284417629242,0.012568906880915165
PPO,35,final,1445,4445,-0.4708850860595703,10.0,2.0,1.0903271436691284,0.010954941855743527
PPO,35,final,1446,4446,-0.5482400834560395,10.0,2.0,0.38671931624412537,0.012441060738638043
PPO,35,final,1447,4447,-0.5363017797470093,10.0,2.0,0.3615419566631317,0.012174825882539153
PPO,35,final,1448,4448,-0.47911374568939213,10.0,2.0,0.8142876029014587,0.011085825739428401
PPO,35,final,1449,4449,-0.5453791499137879,10.0,2.0,0.7350026369094849,0.012283950811251998
PPO,35,final,1450,4450,-0.5268668115139008,10.0,2.0,0.27045026421546936,0.011860602302476764
PPO,35,final,1451,4451,-0.6374348878860475,10.0,2.0,0.7466455101966858,0.014570962637662888
PPO,35,final,1452,4452,-0.5002416849136353,10.0,2.0,0.7214424014091492,0.011361682554706931
PPO,35,final,1453,4453,-0.3954314470291138,10.0,2.0,0.8083181381225586,0.010252815671265125
PPO,35,final,1454,4454,-0.4949802339076996,10.0,2.0,0.4962492287158966,0.01128691853955388
PPO,35,final,1455,4455,-0.4495388150215149,10.0,2.0,0.5591753721237183,0.010682032210752368
PPO,35,final,1456,4456,-0.5719299495220185,10.0,2.0,0.46579694747924805,0.012775315204635262
PPO,35,final,1457,4457,-0.5664546966552735,10.0,2.0,0.19301378726959229,0.012652125675231218
PPO,35,final,1458,4458,-0.5155350148677826,10.0,2.0,0.3532089591026306,0.011619371827691793
PPO,35,final,1459,4459,-0.6579407930374147,10.0,2.0,0.8219333291053772,0.015148329082876444
PPO,35,final,1460,4460,-0.6057426810264588,10.0,2.0,0.48048004508018494,0.013606509892269969
PPO,35,final,1461,4461,-0.5636675834655762,10.0,2.0,0.22586731612682343,0.012577555608004332
PPO,35,final,1462,4462,-0.6716560006141664,10.0,2.0,0.7325684428215027,0.01552670611999929
PPO,35,final,1463,4463,-0.5582119554281235,10.0,2.0,0.1626657098531723,0.012466336134821177
PPO,35,final,1464,4464,-0.47918156087398533,10.0,2.0,0.22420792281627655,0.011114619672298431
PPO,35,final,1465,4465,-0.5964767217636109,10.0,2.0,0.866740882396698,0.01335010677576065
PPO,35,final,1466,4466,-0.6124268054962159,10.0,2.0,0.6311205625534058,0.013762932270765305
PPO,35,final,1467,4467,-0.5886385619640351,10.0,2.0,0.1263182908296585,0.013156671775504947
PPO,35,final,1468,4468,-0.4658702790737152,10.0,2.0,0.4430982172489166,0.010917765321210027
PPO,35,final,1469,4469,-0.6149769306182862,10.0,2.0,0.3087199032306671,0.013837622245773673
PPO,35,final,1470,4470,-0.4972871720790863,10.0,2.0,0.2885116934776306,0.011331363581120968
PPO,35,final,1471,4471,-0.5536456733942032,10.0,2.0,0.06872937828302383,0.01236083754338324
PPO,35,final,1472,4472,-0.5100121974945069,10.0,2.0,0.5359026193618774,0.011527950642630458
PPO,35,final,1473,4473,-0.5241710722446442,10.0,2.0,0.12389083206653595,0.011776281986385584
PPO,35,final,1474,4474,-0.6108046352863312,10.0,2.0,0.31150582432746887,0.013752232771366835
PPO,35,final,1475,4475,-0.5059710770845414,10.0,2.0,0.18020032346248627,0.01145710307173431
PPO,35,final,1476,4476,-0.5981669753789902,10.0,2.0,0.18269605934619904,0.013412273023277521
PPO,35,final,1477,4477,-0.41666306853294377,10.0,2.0,0.34960871934890747,0.010378758888691664
PPO,35,final,1478,4478,-0.4842367649078369,10.0,2.0,0.5862252116203308,0.011119029019027948
PPO,35,final,1479,4479,-0.5208717465400696,10.0,2.0,0.5908290147781372,0.01171539956703782
PPO,35,final,1480,4480,-0.3838554501533509,10.0,2.0,0.8689414858818054,0.010138098383322358
PPO,35,final,1481,4481,-0.5437885999679566,10.0,2.0,0.46412238478660583,0.012172523653134704
PPO,35,final,1482,4482,-0.5322680354118348,10.0,2.0,0.6556950807571411,0.011942591518163681
PPO,35,final,1483,4483,-0.4471610069274902,10.0,2.0,0.4566338062286377,0.010622291127219796
PPO,35,final,1484,4484,-0.49137871265411376,10.0,2.0,0.8077002763748169,0.011217957129701972
PPO,35,final,1485,4485,-0.6132811188697815,10.0,2.0,0.4286406338214874,0.013870083028450608
PPO,35,final,1486,4486,-0.7404561519622805,10.0,2.0,0.5642165541648865,0.018169064540416002
PPO,35,final,1487,4487,-0.5381618693470955,10.0,2.0,0.11136247217655182,0.012044428614899516
PPO,35,final,1488,4488,-0.4821859478950501,10.0,2.0,0.7300028800964355,0.011117464397102594
PPO,35,final,1489,4489,-0.42636566162109374,10.0,2.0,0.7954327464103699,0.010508407838642597
PPO,35,final,1490,4490,-0.5593943178653717,10.0,2.0,0.26156625151634216,0.012484136037528515
PPO,35,final,1491,4491,-0.5252641618251801,10.0,2.0,0.14409010112285614,0.011796651408076286
PPO,35,final,1492,4492,-0.38184108138084416,10.0,2.0,0.29948416352272034,0.010169640649110079
PPO,35,final,1493,4493,-0.42035498023033147,10.0,2.0,0.45185890793800354,0.010376682505011559
PPO,35,final,1494,4494,-0.34067826271057133,10.0,2.0,0.9196850061416626,0.009982597781345248
PPO,35,final,1495,4495,-0.7115600734949113,10.0,2.0,0.34468358755111694,0.01718380954116583
PPO,35,final,1496,4496,-0.4862972378730774,10.0,2.0,0.9430630803108215,0.011146186850965023
PPO,35,final,1497,4497,-0.47338842153549193,10.0,2.0,0.9317066073417664,0.010952374432235956
PPO,35,final,1498,4498,-0.6125998973846436,10.0,2.0,1.0197551250457764,0.013859601924195886
PPO,35,final,1499,4499,-0.47406582832336425,10.0,2.0,0.8584555387496948,0.01096398732624948
PPO,35,final,1500,4500,-0.5326210737228394,10.0,2.0,0.3116227686405182,0.011937594506889582
PPO,35,final,1501,4501,-0.44975613355636596,10.0,2.0,0.7050772905349731,0.010673909215256572
PPO,35,final,1502,4502,-0.5117733955383301,10.0,2.0,0.37814396619796753,0.011553167598322034
PPO,35,final,1503,4503,-0.5059043049812317,10.0,2.0,0.20603880286216736,0.011453463230282068
PPO,35,final,1504,4504,-0.25955741405487065,10.0,2.0,1.174530267715454,0.010336841456592083
PPO,35,final,1505,4505,-0.426583993434906,10.0,2.0,0.682355523109436,0.01040980452671647
PPO,35,final,1506,4506,-0.5272637486457825,10.0,2.0,0.5585960149765015,0.01186691946350038
PPO,35,final,1507,4507,-0.43974469900131224,10.0,2.0,0.9676936268806458,0.010533563559874892
PPO,35,final,1508,4508,-0.5965931594371796,10.0,2.0,0.43447208404541016,0.013487685937434435
PPO,35,final,1509,4509,-0.4535898447036743,10.0,2.0,0.9398149251937866,0.010693417163565755
PPO,35,final,1510,4510,-0.6338070511817934,10.0,2.0,0.7200208306312561,0.014487274922430515
PPO,35,final,1511,4511,-0.4869932413101196,10.0,2.0,0.90009605884552,0.011150323785841465
PPO,35,final,1512,4512,-0.4992683410644531,10.0,2.0,0.5720533728599548,0.011344230035319924
PPO,35,final,1513,4513,-0.5236247062683106,10.0,2.0,0.35333508253097534,0.011765887262299657
PPO,35,final,1514,4514,-0.6515602052211763,10.0,2.0,0.4415375292301178,0.014929668512195349
PPO,35,final,1515,4515,-0.42355196475982665,10.0,2.0,0.5893000960350037,0.010451672598719597
PPO,35,final,1516,4516,-0.5802243530750275,10.0,2.0,0.4481970965862274,0.01295923232100904
PPO,35,final,1517,4517,-0.6164551407098771,10.0,2.0,0.26327359676361084,0.013887787936255336
PPO,35,final,1518,4518,-0.44757215976715087,10.0,2.0,0.5119859576225281,0.010683223605155945
PPO,35,final,1519,4519,-0.5930633276700974,10.0,2.0,0.21175898611545563,0.013273258693516254
PPO,35,final,1520,4520,-0.5235448360443116,10.0,2.0,0.924263596534729,0.011767874239012599
PPO,35,final,1521,4521,-0.35982121825218205,10.0,2.0,0.47812381386756897,0.01011363510042429
PPO,35,final,1522,4522,-0.5742472887039185,10.0,2.0,0.8156901597976685,0.01283193938434124
PPO,35,final,1523,4523,-0.6227679729461671,10.0,2.0,0.955556333065033,0.014105242444202304
PPO,35,final,1524,4524,-0.4933995187282562,10.0,2.0,0.4074741303920746,0.011250743176788092
PPO,35,final,1525,4525,-0.4122761964797974,10.0,2.0,1.003658652305603,0.010320195695385337
PPO,35,final,1526,4526,-0.5559191957116127,10.0,2.0,0.08990950882434845,0.012421551626175642
PPO,35,final,1527,4527,-0.40093569755554204,10.0,2.0,1.1286864280700684,0.0102272043004632
PPO,35,final,1528,4528,-0.5556144669651986,10.0,2.0,0.09810889512300491,0.012424441752955317
PPO,35,final,1529,4529,-0.5097838371992112,10.0,2.0,0.15945632755756378,0.011520486325025558
PPO,35,final,1530,4530,-0.5867722511291504,10.0,2.0,0.7191606163978577,0.013155803084373474
PPO,35,final,1531,4531,-0.41506646871566777,10.0,2.0,0.9086969494819641,0.010330621618777514
PPO,35,final,1532,4532,-0.4791666746139527,10.0,2.0,0.698369026184082,0.011036584852263331
PPO,35,final,1533,4533,-0.6280138522386552,10.0,2.0,0.25273850560188293,0.014263790333643556
PPO,35,final,1534,4534,-0.5435853481292725,10.0,2.0,0.7052814364433289,0.012156771728768945
PPO,35,final,1535,4535,-0.450578498840332,10.0,2.0,0.7276949286460876,0.010685555636882782
PPO,35,final,1536,4536,-0.4782007217407227,10.0,2.0,0.8346301913261414,0.011030971072614193
PPO,35,final,1537,4537,-0.4989355683326721,10.0,2.0,0.5740013122558594,0.011339089134708047
PPO,35,final,1538,4538,-0.6295841813087465,10.0,2.0,0.8021434545516968,0.014295944478362799
PPO,35,final,1539,4539,-0.47234301567077636,10.0,2.0,0.5870992541313171,0.010948645183816552
PPO,35,final,1540,4540,-0.5379480004310608,10.0,2.0,0.7065357565879822,0.012040638597682118
PPO,35,final,1541,4541,-0.6443177938461305,10.0,2.0,1.1013647317886353,0.01471730088815093
PPO,35,final,1542,4542,-0.5561494708061219,10.0,2.0,0.8950698971748352,0.012414751341566443
PPO,35,final,1543,4543,-0.47056065797805785,10.0,2.0,0.5446887016296387,0.010950155090540648
PPO,35,final,1544,4544,-0.4663163900375366,10.0,2.0,0.7872286438941956,0.010893539059907198
PPO,35,final,1545,4545,-0.5291203141212464,10.0,2.0,0.32813045382499695,0.01186931598931551
PPO,35,final,1546,4546,-0.400361704826355,10.0,2.0,0.7730830311775208,0.010249913204461336
PPO,35,final,1547,4547,-0.6211119174957277,10.0,2.0,0.4799780547618866,0.014062916859984398
PPO,35,final,1548,4548,-0.5694754004478455,10.0,2.0,0.47201237082481384,0.012729941168799996
PPO,35,final,1549,4549,-0.5138410806655884,10.0,2.0,0.65777587890625,0.011589507106691599
PPO,35,final,1550,4550,-0.495813775062561,10.0,2.0,1.0520089864730835,0.011289379326626658
PPO,35,final,1551,4551,-0.45457165241241454,10.0,2.0,0.36481112241744995,0.010725429514423013
PPO,35,final,1552,4552,-0.4964821219444275,10.0,2.0,0.8727907538414001,0.011298745404928923
PPO,35,final,1553,4553,-0.5664112448692322,10.0,2.0,0.5722187161445618,0.012657428625971079
PPO,35,final,1554,4554,-0.49138944149017333,10.0,2.0,0.38792043924331665,0.011218445841223001
PPO,35,final,1555,4555,-0.574350255727768,10.0,2.0,0.3604126572608948,0.012839455623179674
PPO,35,final,1556,4556,-0.5118825018405915,10.0,2.0,0.24501848220825195,0.011555311735719442
PPO,35,final,1557,4557,-0.5211058735847474,10.0,2.0,0.1291329264640808,0.011719125788658857
PPO,35,final,1558,4558,-0.5628487944602967,10.0,2.0,0.7805543541908264,0.012565245619043708
PPO,35,final,1559,4559,-0.42202388048172,10.0,2.0,0.6122413873672485,0.010414700955152512
PPO,35,final,1560,4560,-0.5465269565582276,10.0,2.0,0.48182496428489685,0.012214961228892207
PPO,35,final,1561,4561,-0.54344602227211,10.0,2.0,0.48800128698349,0.012152476934716105
PPO,35,final,1562,4562,-0.3872949361801148,10.0,2.0,0.7991984486579895,0.010166744934394956
PPO,35,final,1563,4563,-0.6748587667942049,10.0,2.0,0.5704342126846313,0.01573321921750903
PPO,35,final,1564,4564,-0.5003450095653534,10.0,2.0,0.3378584384918213,0.011361047392711043
PPO,35,final,1565,4565,-0.5238992303609848,10.0,2.0,0.23591403663158417,0.011770948069170117
PPO,35,final,1566,4566,-0.4586647629737854,10.0,2.0,0.8356042504310608,0.010777465999126434
PPO,35,final,1567,4567,-0.6150377273559571,10.0,2.0,0.7066170573234558,0.013873456977307796
PPO,35,final,1568,4568,-0.26037507057189946,10.0,2.0,0.6684057116508484,0.010364582296460867
PPO,35,final,1569,4569,-0.5200616598129273,10.0,2.0,0.8488869071006775,0.01170383277349174
PPO,35,final,1570,4570,-0.5145430147647858,10.0,2.0,0.48589566349983215,0.011609128909185529
PPO,35,final,1571,4571,-0.5811446785926819,10.0,2.0,0.9305320978164673,0.013036814518272877
PPO,35,final,1572,4572,-0.608115839958191,10.0,2.0,0.7955203652381897,0.013723440933972597
PPO,35,final,1573,4573,-0.4915302276611328,10.0,2.0,0.5996313095092773,0.01122119021601975
PPO,35,final,1574,4574,-0.5459262609481812,10.0,2.0,0.6722344160079956,0.012202034471556544
PPO,35,final,1575,4575,-0.3450554490089417,10.0,2.0,0.6469173431396484,0.010081641608849168
PPO,35,final,1576,4576,-0.5160578966140748,10.0,2.0,0.7896252274513245,0.011628785636276007
PPO,35,final,1577,4577,-0.6443775027990343,10.0,2.0,0.2845476269721985,0.01474592904560268
PPO,35,final,1578,4578,-0.48765413761138915,10.0,2.0,0.602656364440918,0.011163423769176006
PPO,35,final,1579,4579,-0.4329176425933838,10.0,2.0,0.7892767786979675,0.010496335802599788
PPO,35,final,1580,4580,-0.5542122304439545,10.0,2.0,0.31142228841781616,0.012382584158331156
PPO,35,final,1581,4581,-0.578344601392746,10.0,2.0,0.1342863291501999,0.01293420442380011
PPO,35,final,1582,4582,-0.48735134601593016,10.0,2.0,0.6845200657844543,0.011159934336319566
PPO,35,final,1583,4583,-0.6349967598915102,10.0,2.0,0.912571370601654,0.014441623352468014
PPO,35,final,1584,4584,-0.6205337077379228,10.0,2.0,0.2862001955509186,0.014008379075676203
PPO,35,final,1585,4585,-0.6127626776695252,10.0,2.0,0.6011183857917786,0.01377988513559103
PPO,35,final,1586,4586,-0.4651003360748291,10.0,2.0,1.0643160343170166,0.010913744335994124
PPO,35,final,1587,4587,-0.46493918001651763,10.0,2.0,0.24577124416828156,0.010907355230301619
PPO,35,final,1588,4588,-0.4792516708374024,10.0,2.0,0.42554718255996704,0.011069494299590588
PPO,35,final,1589,4589,-0.6219791054725649,10.0,2.0,0.35669365525245667,0.014052705140784383
PPO,35,final,1590,4590,-0.5176784276962281,10.0,2.0,0.6256182789802551,0.011658319737762213
PPO,35,final,1591,4591,-0.6872442543506624,10.0,2.0,0.5891951322555542,0.016116315498948097
PPO,35,final,1592,4592,-0.40479903221130376,10.0,2.0,1.0890069007873535,0.010302593233063817
PPO,35,final,1593,4593,-0.4973680853843689,10.0,2.0,0.2607666254043579,0.011320530902594328
PPO,35,final,1594,4594,-0.5533468157052994,10.0,2.0,0.22482839226722717,0.012357610743492842
PPO,35,final,1595,4595,-0.5049922943115235,10.0,2.0,0.8250419497489929,0.011438921559602022
PPO,35,final,1596,4596,-0.5419888973236084,10.0,2.0,1.0274723768234253,0.012122695334255695
PPO,35,final,1597,4597,-0.5230603992938996,10.0,2.0,0.49565574526786804,0.011755504412576556
PPO,35,final,1598,4598,-0.5467666268348694,10.0,2.0,0.7705388069152832,0.01222085626795888
PPO,35,final,1599,4599,-0.5095335125923157,10.0,2.0,0.9594855308532715,0.011515555903315544
PPO,35,final,1600,4600,-0.5557093501091004,10.0,2.0,0.7645455002784729,0.012409054674208164
PPO,35,final,1601,4601,-0.5374880760908127,10.0,2.0,0.2106158286333084,0.012030703015625477
PPO,35,final,1602,4602,-0.4656808257102966,10.0,2.0,0.8001042008399963,0.01086981757543981
PPO,35,final,1603,4603,-0.48396949768066405,10.0,2.0,0.5363278985023499,0.011113209649920464
PPO,35,final,1604,4604,-0.47548561096191405,10.0,2.0,0.6176916360855103,0.010988493915647268
PPO,35,final,1605,4605,-0.43745218515396117,10.0,2.0,0.5059723258018494,0.010527275269851089
PPO,35,final,1606,4606,-0.38485633134841923,10.0,2.0,0.9905732274055481,0.010113024385645986
PPO,35,final,1607,4607,-0.4799918413162232,10.0,2.0,1.0087544918060303,0.011049536289647222
PPO,35,final,1608,4608,-0.3886183381080628,10.0,2.0,0.6967015862464905,0.010104279266670346
PPO,35,final,1609,4609,-0.5824345827102662,10.0,2.0,0.7039840817451477,0.013131040846928954
PPO,35,final,1610,4610,-0.5050630152225495,10.0,2.0,0.32445627450942993,0.011461959918960929
PPO,35,final,1611,4611,-0.5263734936714173,10.0,2.0,0.8120898604393005,0.011840603081509471
PPO,35,final,1612,4612,-0.3537286698818207,10.0,2.0,0.26860660314559937,0.010003811679780483
PPO,35,final,1613,4613,-0.39438067674636845,10.0,2.0,0.9021759629249573,0.010163404745981097
PPO,35,final,1614,4614,-0.46828489303588866,10.0,2.0,0.7047386765480042,0.010881659807637334
PPO,35,final,1615,4615,-0.5686894536018372,10.0,2.0,0.6700208783149719,0.012754122260957956
PPO,35,final,1616,4616,-0.5502400577068329,10.0,2.0,0.432422935962677,0.012347320094704628
PPO,35,final,1617,4617,-0.5730057239532471,10.0,2.0,0.8966954350471497,0.012823748169466853
PPO,35,final,1618,4618,-0.5179880142211915,10.0,2.0,1.0492777824401855,0.01166343642398715
PPO,35,final,1619,4619,-0.5767100334167481,10.0,2.0,0.8714024424552917,0.012881537200883031
PPO,35,final,1620,4620,-0.45434688329696654,10.0,2.0,0.6005714535713196,0.010749663226306438
PPO,35,final,1621,4621,-0.38206611871719365,10.0,2.0,0.5418833494186401,0.010188143467530608
PPO,35,final,1622,4622,-0.5178031206130982,10.0,2.0,0.7860471606254578,0.01166009553708136
PPO,35,final,1623,4623,-0.6383151888847353,10.0,2.0,0.705371081829071,0.014566506259143353
PPO,35,final,1624,4624,-0.5364416122436524,10.0,2.0,0.6287056803703308,0.012013384141027927
PPO,35,final,1625,4625,-0.49913041591644286,10.0,2.0,0.41376635432243347,0.01134245959110558
PPO,35,final,1626,4626,-0.5548580765724183,10.0,2.0,0.9565119743347168,0.012391161639243364
PPO,35,final,1627,4627,-0.5908963710069657,10.0,2.0,0.19132395088672638,0.013228577794507146
PPO,35,final,1628,4628,-0.6321033716201784,10.0,2.0,0.7933927774429321,0.01433342951349914
PPO,35,final,1629,4629,-0.44800304174423217,10.0,2.0,0.7587246298789978,0.010697627440094948
PPO,35,final,1630,4630,-0.5074652910232544,10.0,2.0,0.0635719820857048,0.01149559742771089
PPO,35,final,1631,4631,-0.5289980649948121,10.0,2.0,0.8421964049339294,0.011869159061461687
PPO,35,final,1632,4632,-0.5546446621418,10.0,2.0,0.3564647138118744,0.01238298648968339
PPO,35,final,1633,4633,-0.6363022208213808,10.0,2.0,0.6877160668373108,0.014467192348092794
PPO,35,final,1634,4634,-0.44780226349830626,10.0,2.0,0.4812193214893341,0.010670753894373775
PPO,35,final,1635,4635,-0.6012410402297974,10.0,2.0,0.3345058262348175,0.013488112948834896
PPO,35,final,1636,4636,-0.6244012892246248,10.0,2.0,0.500923752784729,0.014113990124315023
PPO,35,final,1637,4637,-0.582639503479004,10.0,2.0,0.5723409652709961,0.013014610158279538
PPO,35,final,1638,4638,-0.5158965319395066,10.0,2.0,0.23136554658412933,0.011643106816336513
PPO,35,final,1639,4639,-0.7134149551391603,10.0,2.0,0.7849839329719543,0.016980129294097424
PPO,35,final,1640,4640,-0.5601006031036377,10.0,2.0,0.7369352579116821,0.012506607687100768
PPO,35,final,1641,4641,-0.49705186039209365,10.0,2.0,0.11213112622499466,0.011364790610969067
PPO,35,final,1642,4642,-0.5434345036745072,10.0,2.0,0.13400056958198547,0.012161612045019865
PPO,35,final,1643,4643,-0.2820024967193604,10.0,2.0,1.1425076723098755,0.010338673833757639
PPO,35,final,1644,4644,-0.4864606738090515,10.0,2.0,0.581174910068512,0.011146447155624628
PPO,35,final,1645,4645,-0.5962341904640198,10.0,2.0,0.24964044988155365,0.013418060960248113
PPO,35,final,1646,4646,-0.41355972290039067,10.0,2.0,0.7205020785331726,0.010288309073075652
PPO,35,final,1647,4647,-0.5147272303700448,10.0,2.0,0.08955837786197662,0.01162683148868382
PPO,35,final,1648,4648,-0.4030722260475159,10.0,2.0,0.2451605498790741,0.010203595738857985
PPO,35,final,1649,4649,-0.4150469779968262,10.0,2.0,0.8238890767097473,0.010295057436451316
PPO,35,final,1650,4650,-0.5918344289064408,10.0,2.0,0.1576150804758072,0.012448005378246307
PPO,35,final,1651,4651,-0.576204526424408,10.0,2.0,0.8853486180305481,0.012935572071000934
PPO,35,final,1652,4652,-0.547460961341858,10.0,2.0,1.0811216831207275,0.01225247886031866
PPO,35,final,1653,4653,-0.4878286600112915,10.0,2.0,1.0611287355422974,0.011165692936629057
PPO,35,final,1654,4654,-0.532617735862732,10.0,2.0,1.0308507680892944,0.01193563500419259
PPO,35,final,1655,4655,-0.4959779933094978,10.0,2.0,0.11998683959245682,0.010371416341513395
PPO,35,final,1656,4656,-0.572962898015976,10.0,2.0,0.4806351661682129,0.010661728214472532
PPO,35,final,1657,4657,-0.5485316395759583,10.0,2.0,0.6761516332626343,0.011288613080978394
PPO,35,final,1658,4658,-0.6546358942985536,10.0,2.0,0.6120736002922058,0.01087225554510951
PPO,35,final,1659,4659,-0.6531601428985597,10.0,2.0,0.33350929617881775,0.009998514084145427
PPO,35,final,1660,4660,-0.5029267549514771,10.0,2.0,0.8972695469856262,0.010115741519257426
PPO,35,final,1661,4661,-0.5344788163900376,10.0,2.0,0.18919578194618225,0.014424029970541596
PPO,35,final,1662,4662,-0.4210824251174927,10.0,2.0,1.1157035827636719,0.010486590443179011
PPO,35,final,1663,4663,-0.6266512155532838,10.0,2.0,0.7809945940971375,0.014818946830928326
PPO,35,final,1664,4664,-0.5922216057777405,10.0,2.0,0.6022496819496155,0.011962567688897252
PPO,35,final,1665,4665,-0.5942551076412201,10.0,2.0,0.40436699986457825,0.011260858969762921
PPO,35,final,1666,4666,-0.5287870645523072,10.0,2.0,0.4029334485530853,0.009891194989904761
PPO,35,final,1667,4667,-0.4405576467514038,10.0,2.0,0.9197479486465454,0.010111784562468529
PPO,35,final,1668,4668,-0.5122184038162232,10.0,2.0,0.37108665704727173,0.011088104918599129
PPO,35,final,1669,4669,-0.30342231988906865,10.0,2.0,0.7290849089622498,0.00991219561547041
PPO,35,final,1670,4670,-0.5334776520729065,10.0,2.0,0.8610139489173889,0.012122485786676407
PPO,35,final,1671,4671,-0.40249280929565434,10.0,2.0,0.5965502858161926,0.011420463910326362
PPO,35,final,1672,4672,-0.4263045072555542,10.0,2.0,0.6822443008422852,0.010512471431866288
PPO,35,final,1673,4673,-0.5669485807418824,10.0,2.0,0.27878060936927795,0.013068984495475888
PPO,35,final,1674,4674,-0.3762073397636414,10.0,2.0,0.7890688180923462,0.010066533461213112
PPO,35,final,1675,4675,-0.47381443083286284,10.0,2.0,0.23115886747837067,0.011080862022936344
PPO,35,final,1676,4676,-0.46746240854263305,10.0,2.0,0.5840563178062439,0.010928366333246231
PPO,35,final,1677,4677,-0.498360800743103,10.0,2.0,0.9876370429992676,0.011371862841770053
PPO,35,final,1678,4678,-0.42481915950775145,10.0,2.0,0.8152651190757751,0.010383121203631163
PPO,35,final,1679,4679,-0.5510096430778504,10.0,2.0,0.857593834400177,0.012334817554801702
PPO,35,final,1680,4680,-0.5464523315429688,10.0,2.0,0.7595711946487427,0.012221089797094464
PPO,35,final,1681,4681,-0.3943537056446076,10.0,2.0,0.3482407033443451,0.010212813038378954
PPO,35,final,1682,4682,-0.3410426259040833,10.0,2.0,0.9595797657966614,0.010052356868982315
PPO,35,final,1683,4683,-0.551334547996521,10.0,2.0,0.5326194167137146,0.012327349977567792
PPO,35,final,1684,4684,-0.32316695451736455,10.0,2.0,0.7387981414794922,0.00999448448419571
PPO,35,final,1685,4685,-0.5608336806297303,10.0,2.0,0.5339388847351074,0.012570153456181288
PPO,35,final,1686,4686,-0.5096205651760102,10.0,2.0,0.24164938926696777,0.011533677810803056
PPO,35,final,1687,4687,-0.6750100135803224,10.0,2.0,0.6267713308334351,0.015821759589016438
PPO,35,final,1688,4688,-0.405684906244278,10.0,2.0,0.28729984164237976,0.010246017947793007
PPO,35,final,1689,4689,-0.5692872285842896,10.0,2.0,0.5665257573127747,0.01272404845803976
PPO,35,final,1690,4690,-0.4912703812122345,10.0,2.0,0.27697286009788513,0.011219278443604708
PPO,35,final,1691,4691,-0.5131023108959198,10.0,2.0,0.18070407211780548,0.010129021015018225
PPO,35,final,1692,4692,-0.6757421970367433,10.0,2.0,0.8759115934371948,0.015745531767606735
PPO,35,final,1693,4693,-0.37703387737274174,10.0,2.0,1.243973731994629,0.010127207031473517
PPO,35,final,1694,4694,-0.45872520208358764,10.0,2.0,0.4130988121032715,0.010769808199256659
PPO,35,final,1695,4695,-0.49291740655899047,10.0,2.0,0.8267818093299866,0.011241248343139887
PPO,35,final,1696,4696,-0.45729206800460814,10.0,2.0,0.780293345451355,0.010742069454863667
PPO,35,final,1697,4697,-0.40563462972640996,10.0,2.0,0.6030888557434082,0.010234442306682467
PPO,35,final,1698,4698,-0.5589778900146485,10.0,2.0,0.592468798160553,0.012525978265330195
PPO,35,final,1699,4699,-0.39453713893890385,10.0,2.0,0.6522588729858398,0.010151399299502373
PPO,35,final,1700,4700,-0.6693949580192567,10.0,2.0,0.8572498559951782,0.015637391712516546
PPO,35,final,1701,4701,-0.5453050017356873,10.0,2.0,0.816166877746582,0.012208160478621721
PPO,35,final,1702,4702,-0.4701847016811371,10.0,2.0,0.3613721430301666,0.010914259124547243
PPO,35,final,1703,4703,-0.6265116214752199,10.0,2.0,0.9493511915206909,0.01419505150988698
PPO,35,final,1704,4704,-0.5538751959800721,10.0,2.0,0.9066270589828491,0.012366170529276133
PPO,35,final,1705,4705,-0.6525390923023225,10.0,2.0,0.38546043634414673,0.01493254629895091
PPO,35,final,1706,4706,-0.44872676134109496,10.0,2.0,0.5238320231437683,0.010727048851549625
PPO,35,final,1707,4707,-0.7064824879169466,10.0,2.0,0.5195366740226746,0.01671801647171378
PPO,35,final,1708,4708,-0.5377313077449799,10.0,2.0,0.2931174337863922,0.010409915586933494
PPO,35,final,1709,4709,-0.5464208006858826,10.0,2.0,0.4436694085597992,0.012215356808155775
PPO,35,final,1710,4710,-0.6164991140365601,10.0,2.0,0.33604249358177185,0.013883712934330106
PPO,35,final,1711,4711,-0.4372047662734985,10.0,2.0,0.6898393034934998,0.010574604850262403
PPO,35,final,1712,4712,-0.5559272646903992,10.0,2.0,0.998676598072052,0.012411022325977683
PPO,35,final,1713,4713,-0.30569349527359013,10.0,2.0,0.8131737112998962,0.01010944228619337
PPO,35,final,1714,4714,-0.38701169490814213,10.0,2.0,0.8576170206069946,0.01013026712462306
PPO,35,final,1715,4715,-0.5440188974142075,10.0,2.0,0.16057047247886658,0.012207784922793508
PPO,35,final,1716,4716,-0.48841218948364257,10.0,2.0,0.7449396848678589,0.011186445830389857
PPO,35,final,1717,4717,-0.5638463973999024,10.0,2.0,1.084318995475769,0.012663536705076694
PPO,35,final,1718,4718,-0.5007853090763092,10.0,2.0,0.29407137632369995,0.011378932977095246
PPO,35,final,1719,4719,-0.4268286406993866,10.0,2.0,0.4767118990421295,0.010409915586933494
PPO,35,final,1720,4720,-0.45408718585968016,10.0,2.0,0.5452878475189209,0.01070231362245977
PPO,35,final,1721,4721,-0.5856269478797913,10.0,2.0,0.6080436110496521,0.013136566616594791
PPO,35,final,1722,4722,-0.48960142135620116,10.0,2.0,1.14960515499115,0.011189879616722465
PPO,35,final,1723,4723,-0.47972385883331303,10.0,2.0,0.22579434514045715,0.010931150987744331
PPO,35,final,1724,4724,-0.5672565281391144,10.0,2.0,0.4494953155517578,0.012674089055508375
PPO,35,final,1725,4725,-0.5742464542388916,10.0,2.0,0.3628149926662445,0.012831281637772918
PPO,35,final,1726,4726,-0.5213530540466309,10.0,2.0,0.5710034966468811,0.011724700452759862
PPO,35,final,1727,4727,-0.5280666902661324,10.0,2.0,0.10399983078241348,0.010159223340451717
PPO,35,final,1728,4728,-0.4442340612411499,10.0,2.0,1.213871717453003,0.010612548561766744
PPO,35,final,1729,4729,-0.5748550176620484,10.0,2.0,1.0473074913024902,0.012858157744631171
PPO,35,final,1730,4730,-0.6229121267795564,10.0,2.0,0.4251071810722351,0.014122928027063608
PPO,35,final,1731,4731,-0.5140834480524064,10.0,2.0,0.19549106061458588,0.011012833332642913
PPO,35,final,1732,4732,-0.512047502398491,10.0,2.0,0.1841556578874588,0.011558168800547719
PPO,35,final,1733,4733,-0.38907687664031987,10.0,2.0,1.0486295223236084,0.010177284944802523
PPO,35,final,1734,4734,-0.5563919872045517,10.0,2.0,0.1459098756313324,0.01243309024721384
PPO,35,final,1735,4735,-0.5816050797700882,10.0,2.0,0.20067867636680603,0.011796084931120276
PPO,35,final,1736,4736,-0.5986128628253937,10.0,2.0,0.5365902185440063,0.013448727782815695
PPO,35,final,1737,4737,-0.5836627066135407,10.0,2.0,0.4581562876701355,0.011864143889397383
PPO,35,final,1738,4738,-0.5878908216953278,10.0,2.0,0.4457588195800781,0.012823335360735655
PPO,35,final,1739,4739,-0.796849209070206,10.0,2.0,0.40172162652015686,0.013147458899766207
PPO,35,final,1740,4740,-0.5408234924077988,10.0,2.0,0.1606682687997818,0.010388408554717898
PPO,35,final,1741,4741,-0.5815956622362137,10.0,2.0,0.18398208916187286,0.010070608230307698
PPO,35,final,1742,4742,-0.5411736845970154,10.0,2.0,0.44777578115463257,0.011964579112827778
PPO,35,final,1743,4743,-0.43851940631866454,10.0,2.0,0.8201107382774353,0.00993232661858201
PPO,35,final,1744,4744,-0.5740379571914673,10.0,2.0,0.5635815262794495,0.012966495007276535
PPO,35,final,1745,4745,-0.46820406913757323,10.0,2.0,1.0194792747497559,0.010890031466260552
PPO,35,final,1746,4746,-0.6346695154905321,10.0,2.0,0.3264903426170349,0.01016211323440075
PPO,35,final,1747,4747,-0.511287796497345,10.0,2.0,0.61534583568573,0.010385278146713972
PPO,35,final,1748,4748,-0.5675661444664002,10.0,2.0,0.5352924466133118,0.010103571228682995
PPO,35,final,1749,4749,-0.5598552703857422,10.0,2.0,0.142272487282753,0.010413698619231582
PPO,35,final,1750,4750,-0.5378243803977967,10.0,2.0,0.7281328439712524,0.010295936604961753
PPO,35,final,1751,4751,-0.5772442102432251,10.0,2.0,0.6619324684143066,0.00998085830360651
PPO,35,final,1752,4752,-0.49139158725738524,10.0,2.0,1.0958726406097412,0.011451543075963855
PPO,35,final,1753,4753,-0.6137751817703248,10.0,2.0,0.6827387809753418,0.011480619898065925
PPO,35,final,1754,4754,-0.4567282676696777,10.0,2.0,0.6019331812858582,0.010423420229926705
PPO,35,final,1755,4755,-0.5685242891311646,10.0,2.0,0.16935355961322784,0.01547406567260623
PPO,35,final,1756,4756,-0.5502408027648926,10.0,2.0,0.9456943869590759,0.010293245781213045
PPO,35,final,1757,4757,-0.5328686118125916,10.0,2.0,0.7493963837623596,0.012486088322475553
PPO,35,final,1758,4758,-0.32387684583663945,10.0,2.0,0.9123544096946716,0.009932698216289282
PPO,35,final,1759,4759,-0.5426687479019165,10.0,2.0,0.6901068091392517,0.012579908361658454
PPO,35,final,1760,4760,-0.48312567472457885,10.0,2.0,0.719670832157135,0.011104523204267025
PPO,35,final,1761,4761,-0.4825234889984131,10.0,2.0,0.8713751435279846,0.011166866635903716
PPO,35,final,1762,4762,-0.5310876250267029,10.0,2.0,0.7289765477180481,0.011980976210907102
PPO,35,final,1763,4763,-0.45319037437438964,10.0,2.0,0.6229749917984009,0.010689230635762215
PPO,35,final,1764,4764,-0.5182419300079346,10.0,2.0,0.6643180251121521,0.010669015813618898
PPO,35,final,1765,4765,-0.5142437100410462,10.0,2.0,0.8686002492904663,0.011596616124734282
PPO,35,final,1766,4766,-0.5608480453491211,10.0,2.0,0.7238973379135132,0.011759006418287754
PPO,35,final,1767,4767,-0.4818197369575501,10.0,2.0,0.6059879064559937,0.011083381017670035
PPO,35,final,1768,4768,-0.5749323248863221,10.0,2.0,0.7289403676986694,0.012842347845435143
PPO,35,final,1769,4769,-0.5392483949661255,10.0,2.0,0.5041115880012512,0.011655702721327543
PPO,35,final,1770,4770,-0.5587063908576966,10.0,2.0,0.5586820840835571,0.011517932638525963
PPO,35,final,1771,4771,-0.5600045204162598,10.0,2.0,0.651878297328949,0.010992291383445263
PPO,35,final,1772,4772,-0.7032040834426881,10.0,2.0,0.4161209762096405,0.012975684832781553
PPO,35,final,1773,4773,-0.5793826460838318,10.0,2.0,0.6820105910301208,0.01008563581854105
PPO,35,final,1774,4774,-0.48931567668914794,10.0,2.0,1.3934985399246216,0.010448631597682834
PPO,35,final,1775,4775,-0.4943093091249466,10.0,2.0,0.17131052911281586,0.024490356212481856
PPO,35,final,1776,4776,-0.5370476126670838,10.0,2.0,0.5958198308944702,0.011368724284693599
PPO,35,final,1777,4777,-0.6531113266944887,10.0,2.0,0.6613610982894897,0.015014965552836657
PPO,35,final,1778,4778,-0.5198451459407807,10.0,2.0,0.34396472573280334,0.012715330347418785
PPO,35,final,1779,4779,-0.4849616765975952,10.0,2.0,0.9179496169090271,0.011979627655819058
PPO,35,final,1780,4780,-0.5550228834152222,10.0,2.0,0.26808610558509827,0.012907925760373473
PPO,35,final,1781,4781,-0.4060935258865357,10.0,2.0,0.7876573801040649,0.010423097759485245
PPO,35,final,1782,4782,-0.5624812722206116,10.0,2.0,0.8422070145606995,0.012958604842424393
PPO,35,final,1783,4783,-0.5124627232551575,10.0,2.0,0.6730071306228638,0.011268728645518422
PPO,35,final,1784,4784,-0.5672193795442582,10.0,2.0,0.16980989277362823,0.015225742245092988
PPO,35,final,1785,4785,-0.6140011727809906,10.0,2.0,0.3387870788574219,0.013892394257709384
PPO,35,final,1786,4786,-0.5692543268203736,10.0,2.0,0.9267239570617676,0.012708474649116397
PPO,35,final,1787,4787,-0.5110162377357483,10.0,2.0,0.3860556185245514,0.011561754625290632
PPO,35,final,1788,4788,-0.5239118218421936,10.0,2.0,0.5566298365592957,0.011797562940046191
PPO,35,final,1789,4789,-0.6032444417476654,10.0,2.0,0.49335888028144836,0.012958029052242637
PPO,35,final,1790,4790,-0.5762618362903595,10.0,2.0,0.2885635495185852,0.01267235609702766
PPO,35,final,1791,4791,-0.5481182515621186,10.0,2.0,0.3657439649105072,0.011321348138153553
PPO,35,final,1792,4792,-0.47777669429779057,10.0,2.0,0.6974971890449524,0.01106722722761333
PPO,35,final,1793,4793,-0.6374996185302736,10.0,2.0,0.22404088079929352,0.013643175829201937
PPO,35,final,1794,4794,-0.4957513242959976,10.0,2.0,0.19967620074748993,0.011301422957330942
PPO,35,final,1795,4795,-0.5937442660331727,10.0,2.0,0.6164802312850952,0.013295728713274002
PPO,35,final,1796,4796,-0.5692055702209473,10.0,2.0,1.183353304862976,0.012705696746706963
PPO,35,final,1797,4797,-0.3107601583003998,10.0,2.0,0.35422542691230774,0.010126944398507476
PPO,35,final,1798,4798,-0.5464666962623597,10.0,2.0,0.6070957183837891,0.012215301161631942
PPO,35,final,1799,4799,-0.3143077373504639,10.0,2.0,0.3938043713569641,0.010053526144474745
PPO,35,final,1800,4800,-0.5225610613822937,10.0,2.0,0.5221472382545471,0.011757013155147433
PPO,35,final,1801,4801,-0.5869060933589936,10.0,2.0,0.3440430760383606,0.012534740846604109
PPO,35,final,1802,4802,-0.44155250787734984,10.0,2.0,0.6231364607810974,0.009985507000237703
PPO,35,final,1803,4803,-0.586783367395401,10.0,2.0,0.5019715428352356,0.012910076417028904
PPO,35,final,1804,4804,-0.42415355443954467,10.0,2.0,0.9308598637580872,0.010379417100921273
PPO,35,final,1805,4805,-0.5259151935577393,10.0,2.0,1.1353429555892944,0.011830319417640567
PPO,35,final,1806,4806,-0.4815329790115357,10.0,2.0,0.5325073599815369,0.01016954006627202
PPO,35,final,1807,4807,-0.5167028784751893,10.0,2.0,0.5539525747299194,0.01481919432990253
PPO,35,final,1808,4808,-0.47462655901908873,10.0,2.0,0.46991482377052307,0.010399721330031753
PPO,35,final,1809,4809,-0.4674642562866211,10.0,2.0,0.7418279051780701,0.010974605800583959
PPO,35,final,1810,4810,-0.5215330004692078,10.0,2.0,0.373900443315506,0.011509014060720801
PPO,35,final,1811,4811,-0.6016497790813446,10.0,2.0,0.39963293075561523,0.013232164550572634
PPO,35,final,1812,4812,-0.4283886730670929,10.0,2.0,0.4264589846134186,0.010264359647408128
PPO,35,final,1813,4813,-0.45762048959732055,10.0,2.0,0.6411954164505005,0.011260881787166
PPO,35,final,1814,4814,-0.5182844281196595,10.0,2.0,0.8414525985717773,0.011199162574484944
PPO,35,final,1815,4815,-0.5919276356697083,10.0,2.0,0.6128012537956238,0.01318254740908742
PPO,35,final,1816,4816,-0.4125082969665528,10.0,2.0,0.6753835082054138,0.009949520463123918
PPO,35,final,1817,4817,-0.5891906201839447,10.0,2.0,0.40265968441963196,0.01211957773193717
PPO,35,final,1818,4818,-0.6179774880409241,10.0,2.0,0.7657322287559509,0.01240925514139235
PPO,35,final,1819,4819,-0.3765093564987183,10.0,2.0,0.7751995921134949,0.009980540024116635
PPO,35,final,1820,4820,-0.39059500694274907,10.0,2.0,0.5008633732795715,0.010130672249943018
PPO,35,final,1821,4821,-0.5864496111869812,10.0,2.0,0.9726614952087402,0.012474698480218649
PPO,35,final,1822,4822,-0.6087603449821473,10.0,2.0,0.5760172605514526,0.01203048205934465
PPO,35,final,1823,4823,-0.6331076204776765,10.0,2.0,0.37292805314064026,0.012433130061253905
PPO,35,final,1824,4824,-0.47182636260986327,10.0,2.0,0.8268778920173645,0.010674740420654416
PPO,35,final,1825,4825,-0.39963405132293706,10.0,2.0,0.402815043926239,0.009986338438466191
PPO,35,final,1826,4826,-0.35894351005554204,10.0,2.0,0.6878575086593628,0.010141497710719705
PPO,35,final,1827,4827,-0.5998387068510056,10.0,2.0,0.2022317796945572,0.011510905809700489
PPO,35,final,1828,4828,-0.47571717500686644,10.0,2.0,0.4207320213317871,0.009987237164750695
PPO,35,final,1829,4829,-0.4916978359222412,10.0,2.0,0.5789252519607544,0.010432976996526122
PPO,35,final,1830,4830,-0.44781904220581054,10.0,2.0,1.1918920278549194,0.009936621878296137
PPO,35,final,1831,4831,-0.6203944265842439,10.0,2.0,0.3722775876522064,0.010650057578459382
PPO,35,final,1832,4832,-0.5350398898124695,10.0,2.0,0.46910279989242554,0.010297209722921252
PPO,35,final,1833,4833,-0.4906599998474121,10.0,2.0,0.7599449157714844,0.010218728566542268
PPO,35,final,1834,4834,-0.43205569982528685,10.0,2.0,0.9193775057792664,0.01021855091676116
PPO,35,final,1835,4835,-0.5524135112762452,10.0,2.0,1.0820012092590332,0.010866152355447412
PPO,35,final,1836,4836,-0.491303014755249,10.0,2.0,0.2232210338115692,0.01208746712654829
PPO,35,final,1837,4837,-0.3254089236259461,10.0,2.0,0.6321324110031128,0.02074884157627821
PPO,35,final,1838,4838,-0.46036534309387206,10.0,2.0,1.0083162784576416,0.011381104122847319
PPO,35,final,1839,4839,-0.476548957824707,10.0,2.0,0.5744304656982422,0.0105825315695256
PPO,35,final,1840,4840,-0.34669839143753056,10.0,2.0,0.83048015832901,0.01050548511557281
PPO,35,final,1841,4841,-0.5560312449932099,10.0,2.0,0.21869611740112305,0.012378265615552664
PPO,35,final,1842,4842,-0.5380055785179139,10.0,2.0,0.7545397877693176,0.013151439372450113
PPO,35,final,1843,4843,-0.5921050786972046,10.0,2.0,1.0038203001022339,0.012652805307880044
PPO,35,final,1844,4844,-0.4560489535331726,10.0,2.0,0.7293515205383301,0.010827797930687666
PPO,35,final,1845,4845,-0.5941768169403077,10.0,2.0,0.8035425543785095,0.013608576031401753
PPO,35,final,1846,4846,-0.5559320405125618,10.0,2.0,0.11060059070587158,0.01285282988101244
PPO,35,final,1847,4847,-0.5505166530609131,10.0,2.0,0.9873982667922974,0.01229105587117374
PPO,35,final,1848,4848,-0.6075808882713318,10.0,2.0,0.3974080979824066,0.012937486404553056
PPO,35,final,1849,4849,-0.40442054271698,10.0,2.0,1.0570117235183716,0.01028652093373239
PPO,35,final,1850,4850,-0.608344304561615,10.0,2.0,0.6883841753005981,0.011615405092015862
PPO,35,final,1851,4851,-0.6278536200523378,10.0,2.0,0.6365079879760742,0.013018134282901883
PPO,35,final,1852,4852,-0.40512700676918034,10.0,2.0,0.4121929705142975,0.010153340874239802
PPO,35,final,1853,4853,-0.5901743054389954,10.0,2.0,0.18198558688163757,0.011248082853853703
PPO,35,final,1854,4854,-0.4150060892105103,10.0,2.0,0.7401724457740784,0.010340589797124267
PPO,35,final,1855,4855,-0.41711263656616215,10.0,2.0,0.8920313119888306,0.010338762775063515
PPO,35,final,1856,4856,-0.5773780822753907,10.0,2.0,1.2598762512207031,0.012375283520668745
PPO,35,final,1857,4857,-0.4661970615386963,10.0,2.0,0.5314515233039856,0.010000827955082059
PPO,35,final,1858,4858,-0.5054342031478882,10.0,2.0,1.1217870712280273,0.010394783923402429
PPO,35,final,1859,4859,-0.360617208480835,10.0,2.0,0.7770322561264038,0.010263932403177023
PPO,35,final,1860,4860,-0.5977681159973145,10.0,2.0,0.6006892919540405,0.011047098087146878
PPO,35,final,1861,4861,-0.741835165023804,10.0,2.0,0.9687122106552124,0.021501028444617987
PPO,35,final,1862,4862,-0.8532926172018054,10.0,2.0,0.5340320467948914,0.020316108595579863
PPO,35,final,1863,4863,-0.499241042137146,10.0,2.0,0.8059754967689514,0.012834710069000721
PPO,35,final,1864,4864,-0.3882675647735596,10.0,2.0,0.6013249754905701,0.010981549508869648
PPO,35,final,1865,4865,-0.5729394435882569,10.0,2.0,0.7504342794418335,0.015437012072652578
PPO,35,final,1866,4866,-0.6471359908580782,10.0,2.0,0.4272458553314209,0.016003381460905075
PPO,35,final,1867,4867,-0.597719955444336,10.0,2.0,1.1024049520492554,0.01271882513538003
PPO,35,final,1868,4868,-0.5188545614480973,10.0,2.0,0.20566058158874512,0.011018115561455488
PPO,35,final,1869,4869,-0.6844327330589296,10.0,2.0,0.676098644733429,0.0171430679038167
PPO,35,final,1870,4870,-0.5684582173824311,10.0,2.0,0.35436105728149414,0.013188636163249612
PPO,35,final,1871,4871,-0.6712842166423799,10.0,2.0,0.6079766154289246,0.014163354178890586
PPO,35,final,1872,4872,-0.5157076597213746,10.0,2.0,0.6885561943054199,0.010346861090511084
PPO,35,final,1873,4873,-0.5330036163330079,10.0,2.0,0.9373087286949158,0.01112770289182663
PPO,35,final,1874,4874,-0.5321500033140183,10.0,2.0,0.1368926465511322,0.010430278722196817
PPO,35,final,1875,4875,-0.5888405919075013,10.0,2.0,0.22171951830387115,0.0118768026586622
PPO,35,final,1876,4876,-0.48437814712524413,10.0,2.0,0.4854596257209778,0.010178597876802087
PPO,35,final,1877,4877,-0.5995284497737885,10.0,2.0,0.4118632376194,0.010974806733429432
PPO,35,final,1878,4878,-0.3780078172683716,10.0,2.0,1.461268663406372,0.01006020768545568
PPO,35,final,1879,4879,-0.4080825030803681,10.0,2.0,0.4154904782772064,0.012263571377843618
PPO,35,final,1880,4880,-0.5904341220855713,10.0,2.0,1.1744816303253174,0.012998861959204078
PPO,35,final,1881,4881,-0.5719281315803528,10.0,2.0,0.7411514520645142,0.012585043907165527
PPO,35,final,1882,4882,-0.6571912050247194,10.0,2.0,0.6353972554206848,0.01208213809877634
PPO,35,final,1883,4883,-0.5786578238010407,10.0,2.0,0.4340554177761078,0.010674734832718968
PPO,35,final,1884,4884,-0.562489676475525,10.0,2.0,0.16921129822731018,0.009762721136212349
PPO,35,final,1885,4885,-0.5665404975414277,10.0,2.0,0.20665867626667023,0.010406383080407977
PPO,35,final,1886,4886,-0.4803388595581055,10.0,2.0,0.8254505395889282,0.010181313613429666
PPO,35,final,1887,4887,-0.4756131649017334,10.0,2.0,0.6378129124641418,0.009923378471285105
PPO,35,final,1888,4888,-0.6970509171485902,10.0,2.0,1.0068106651306152,0.01079777255654335
PPO,35,final,1889,4889,-0.4432172656059265,10.0,2.0,0.6606717705726624,0.009471609489992261
PPO,35,final,1890,4890,-0.5581696808338166,10.0,2.0,0.1341756135225296,0.010969577357172966
PPO,35,final,1891,4891,-0.41829459667205815,10.0,2.0,1.0274115800857544,0.010217133676633239
PPO,35,final,1892,4892,-0.5205677330493927,10.0,2.0,0.3640914857387543,0.011933864559978247
PPO,35,final,1893,4893,-0.518900203704834,10.0,2.0,0.9169498682022095,0.010600290261209011
PPO,35,final,1894,4894,-0.5181122899055481,10.0,2.0,0.6034078598022461,0.012019405839964747
PPO,35,final,1895,4895,-0.6430006802082063,10.0,2.0,0.5023226141929626,0.015322525287047029
PPO,35,final,1896,4896,-0.5516687214374543,10.0,2.0,0.36105629801750183,0.01041678455658257
PPO,35,final,1897,4897,-0.49335436820983886,10.0,2.0,0.5583270192146301,0.011359570315107703
PPO,35,final,1898,4898,-0.48847855925559996,10.0,2.0,0.40932050347328186,0.011228891555219889
PPO,35,final,1899,4899,-0.4963837146759033,10.0,2.0,0.9893717765808105,0.01132735121063888
PPO,35,final,1900,4900,-0.40157507658004765,10.0,2.0,0.8148897886276245,0.010192593792453408
PPO,35,final,1901,4901,-0.3923961997032166,10.0,2.0,0.8863099217414856,0.009964034194126725
PPO,35,final,1902,4902,-0.3170015096664429,10.0,2.0,0.6741983294487,0.012041926849633455
PPO,35,final,1903,4903,-0.6388833701610567,10.0,2.0,0.5407541990280151,0.012315845116972923
PPO,35,final,1904,4904,-0.5535291910171509,10.0,2.0,0.1570475548505783,0.010853698942810297
PPO,35,final,1905,4905,-0.6667694330215456,10.0,2.0,0.7135762572288513,0.015301901148632169
PPO,35,final,1906,4906,-0.5242221832275391,10.0,2.0,0.5575026869773865,0.011830111499875784
PPO,35,final,1907,4907,-0.4843956112861633,10.0,2.0,0.6293961405754089,0.009927724953740835
PPO,35,final,1908,4908,-0.5162438035011292,10.0,2.0,0.8824771642684937,0.010008357465267181
PPO,35,final,1909,4909,-0.5664764821529389,10.0,2.0,0.34175777435302734,0.011889675864949822
PPO,35,final,1910,4910,-0.4065956354141236,10.0,2.0,0.9134219884872437,0.009971735766157508
PPO,35,final,1911,4911,-0.5483325004577637,10.0,2.0,0.6931868195533752,0.01070623705163598
PPO,35,final,1912,4912,-0.5353690266609192,10.0,2.0,0.389239102602005,0.009727195603772998
PPO,35,final,1913,4913,-0.46566383838653563,10.0,2.0,0.6787967681884766,0.010305917588993907
PPO,35,final,1914,4914,-0.4904046833515167,10.0,2.0,0.38141727447509766,0.009892136324197054
PPO,35,final,1915,4915,-0.5715314626693726,10.0,2.0,0.6951832175254822,0.010055680526420474
PPO,35,final,1916,4916,-0.5260707020759583,10.0,2.0,0.4664378762245178,0.010417265817523003
PPO,35,final,1917,4917,-0.36324422359466557,10.0,2.0,0.8498736619949341,0.009844060754403472
PPO,35,final,1918,4918,-0.6346098810434343,10.0,2.0,0.3182555139064789,0.011205225018784404
PPO,35,final,1919,4919,-0.37828891277313237,10.0,2.0,0.6499761343002319,0.0108067630790174
PPO,35,final,1920,4920,-0.6034096062183381,10.0,2.0,0.2061266452074051,0.011975139612331986
PPO,35,final,1921,4921,-0.4522395610809326,10.0,2.0,0.6418064832687378,0.009908793028444052
PPO,35,final,1922,4922,-0.46134381294250487,10.0,2.0,0.2511518895626068,0.010027253301814198
PPO,35,final,1923,4923,-0.41021572351455693,10.0,2.0,0.8648647665977478,0.009262970881536603
PPO,35,final,1924,4924,-0.7037039279937746,10.0,2.0,0.6639643907546997,0.013389565981924534
PPO,35,final,1925,4925,-0.41363774538040166,10.0,2.0,0.6959829330444336,0.009993776911869645
PPO,35,final,1926,4926,-0.5411349415779114,10.0,2.0,0.6713584065437317,0.0126121595967561
PPO,35,final,1927,4927,-0.5812129855155945,10.0,2.0,0.27633413672447205,0.010611696168780327
PPO,35,final,1928,4928,-0.6290593028068544,10.0,2.0,0.6185749173164368,0.009362761862576008
PPO,35,final,1929,4929,-0.5516050338745118,10.0,2.0,0.41329479217529297,0.010062187444418669
PPO,35,final,1930,4930,-0.511486428976059,10.0,2.0,0.2078496217727661,0.009892517700791359
PPO,35,final,1931,4931,-0.5407271265983582,10.0,2.0,0.6957995295524597,0.010846240678802133
PPO,35,final,1932,4932,-0.39702306985855107,10.0,2.0,0.48558181524276733,0.009882410988211632
PPO,35,final,1933,4933,-0.39678846597671513,10.0,2.0,0.29590287804603577,0.010766375111415982
PPO,35,final,1934,4934,-0.39608268737792973,10.0,2.0,0.4078550338745117,0.009893297450616956
PPO,35,final,1935,4935,-0.684174942970276,10.0,2.0,1.2585490942001343,0.013182210270315409
PPO,35,final,1936,4936,-0.6178512454032898,10.0,2.0,0.8510016202926636,0.012430397793650627
PPO,35,final,1937,4937,-0.43749265670776366,10.0,2.0,0.7855294942855835,0.009886398911476135
PPO,35,final,1938,4938,-0.5040733098983765,10.0,2.0,0.5087399482727051,0.009962674230337143
PPO,35,final,1939,4939,-0.5554622292518616,10.0,2.0,0.6903907060623169,0.010993740987032652
PPO,35,final,1940,4940,-0.6240871429443361,10.0,2.0,1.1890262365341187,0.014543232275173068
PPO,35,final,1941,4941,-0.5715807557106019,10.0,2.0,0.7460092306137085,0.009198408341035247
PPO,35,final,1942,4942,-0.5933528423309327,10.0,2.0,0.833039402961731,0.010328206233680248
PPO,35,final,1943,4943,-0.44802652597427367,10.0,2.0,0.2617982029914856,0.0100299424957484
PPO,35,final,1944,4944,-0.6622554838657381,10.0,2.0,0.4324106276035309,0.012049749260768294
PPO,35,final,1945,4945,-0.6278756737709047,10.0,2.0,0.7589852213859558,0.010842696065083146
PPO,35,final,1946,4946,-0.5597041726112366,10.0,2.0,0.8453158736228943,0.009974469896405935
PPO,35,final,1947,4947,-0.5432677149772644,10.0,2.0,0.6051498651504517,0.011083337478339672
PPO,35,final,1948,4948,-0.5310081124305726,10.0,2.0,0.34316954016685486,0.012662975117564201
PPO,35,final,1949,4949,-0.5942793965339661,10.0,2.0,0.3284250795841217,0.013633280294016004
PPO,35,final,1950,4950,-0.5181476354599,10.0,2.0,0.7876644730567932,0.00991266523487866
PPO,35,final,1951,4951,-0.506070899963379,10.0,2.0,0.5509880781173706,0.010048273717984557
PPO,35,final,1952,4952,-0.6178401589393616,10.0,2.0,0.4310753047466278,0.014452258590608835
PPO,35,final,1953,4953,-0.3865588188171387,10.0,2.0,0.843002438545227,0.010326569899916649
PPO,35,final,1954,4954,-0.4383569240570068,10.0,2.0,0.8494313955307007,0.010562743293121457
PPO,35,final,1955,4955,-0.47109131813049315,10.0,2.0,1.0371873378753662,0.010975145269185305
PPO,35,final,1956,4956,-0.6632366657257082,10.0,2.0,0.88304203748703,0.01558501715771854
PPO,35,final,1957,4957,-0.5443550229072571,10.0,2.0,0.5709266066551208,0.012229819316416979
PPO,35,final,1958,4958,-0.57032670378685,10.0,2.0,0.33206266164779663,0.012033368926495314
PPO,35,final,1959,4959,-0.3544136166572571,10.0,2.0,0.9899149537086487,0.010036514140665531
PPO,35,final,1960,4960,-0.39770715236663823,10.0,2.0,1.0316674709320068,0.010214613750576973
PPO,35,final,1961,4961,-0.3746890306472779,10.0,2.0,0.5242490768432617,0.010092919925227761
PPO,35,final,1962,4962,-0.6193192780017853,10.0,2.0,0.4014413058757782,0.012621494708582759
PPO,35,final,1963,4963,-0.5077412605285645,10.0,2.0,0.6207260489463806,0.009997161803767085
PPO,35,final,1964,4964,-0.3994111299514771,10.0,2.0,0.30080682039260864,0.010025542695075274
PPO,35,final,1965,4965,-0.471052873134613,10.0,2.0,0.6877698302268982,0.010796625632792711
PPO,35,final,1966,4966,-0.5227678298950196,10.0,2.0,0.32540178298950195,0.009974515298381448
PPO,35,final,1967,4967,-0.6044434785842896,10.0,2.0,0.34008386731147766,0.009937024675309658
PPO,35,final,1968,4968,-0.6260078430175783,10.0,2.0,0.782396674156189,0.012739391066133976
PPO,35,final,1969,4969,-0.4672722101211548,10.0,2.0,0.5643005967140198,0.010060516651719809
PPO,35,final,1970,4970,-0.5021184861660004,10.0,2.0,0.2708032429218292,0.00946912239305675
PPO,35,final,1971,4971,-0.48459820747375487,10.0,2.0,0.7249683737754822,0.010099459439516068
PPO,35,final,1972,4972,-0.3671709775924683,10.0,2.0,0.6681556701660156,0.010425443295389414
PPO,35,final,1973,4973,-0.3960232019424439,10.0,2.0,1.0991491079330444,0.010352252284064889
PPO,35,final,1974,4974,-0.5679147347807885,10.0,2.0,0.13575388491153717,0.009967077989131212
PPO,35,final,1975,4975,-0.5868458032608033,10.0,2.0,0.7009143233299255,0.010493957437574863
PPO,35,final,1976,4976,-0.44033401012420653,10.0,2.0,0.939824104309082,0.010032216319814324
PPO,35,final,1977,4977,-0.25561242103576665,10.0,2.0,0.5359574556350708,0.010729745728895068
PPO,35,final,1978,4978,-0.5168867588043213,10.0,2.0,0.6221668124198914,0.009906781604513526
PPO,35,final,1979,4979,-0.523763108253479,10.0,2.0,0.7211478352546692,0.022261388134211302
PPO,35,final,1980,4980,-0.5296259999275208,10.0,2.0,0.26712557673454285,0.010686546098440886
PPO,35,final,1981,4981,-0.446828293800354,10.0,2.0,0.8532719016075134,0.011315184878185391
PPO,35,final,1982,4982,-0.6284680247306825,10.0,2.0,0.8567911982536316,0.01574282953515649
PPO,35,final,1983,4983,-0.6011465668678284,10.0,2.0,0.7072353959083557,0.014641407644376159
PPO,35,final,1984,4984,-0.7214160442352296,10.0,2.0,0.45840415358543396,0.017535925842821598
PPO,35,final,1985,4985,-0.10217280983924867,10.0,2.0,0.40023550391197205,0.012163044884800911
PPO,35,final,1986,4986,-0.5192607522010804,10.0,2.0,0.38183021545410156,0.011223079403862357
PPO,35,final,1987,4987,-0.3409427881240845,10.0,2.0,0.5929377675056458,0.009894261136651039
PPO,35,final,1988,4988,-0.5619298994541169,10.0,2.0,0.17516253888607025,0.012730962596833706
PPO,35,final,1989,4989,-0.615562903881073,10.0,2.0,0.7393072247505188,0.012945484137162566
PPO,35,final,1990,4990,-0.4595453917980194,10.0,2.0,0.31929638981819153,0.010543949669227004
PPO,35,final,1991,4991,-0.3835720300674439,10.0,2.0,0.8923414945602417,0.009955552639439702
PPO,35,final,1992,4992,-0.4448041498661041,10.0,2.0,0.3931061923503876,0.01042841817252338
PPO,35,final,1993,4993,-0.5948756515979767,10.0,2.0,0.3577122986316681,0.012271319748833776
PPO,35,final,1994,4994,-0.6332345485687257,10.0,2.0,0.8449779152870178,0.012989768292754889
PPO,35,final,1995,4995,-0.5674674987792969,10.0,2.0,0.509068489074707,0.01157249859534204
PPO,35,final,1996,4996,-0.4237008571624756,10.0,2.0,1.026413917541504,0.010196333983913064
PPO,35,final,1997,4997,-0.5732069492340088,10.0,2.0,0.853740394115448,0.011769844219088554
PPO,35,final,1998,4998,-0.36565201282501225,10.0,2.0,0.9931349754333496,0.010067377239465714
PPO,35,final,1999,4999,-0.33439915180206303,10.0,2.0,0.5710906982421875,0.010289668338373303
PPO,35,final,2000,5000,-0.5752991616725922,10.0,2.0,0.35714811086654663,0.011107360012829304
PPO,35,final,2001,5001,-0.5516182661056519,10.0,2.0,0.6345667839050293,0.01106729730963707
PPO,35,final,2002,5002,-0.4906004548072815,10.0,2.0,0.8100681900978088,0.010707440553233027
PPO,35,final,2003,5003,-0.5755829691886902,10.0,2.0,0.4265526235103607,0.011337247444316745
PPO,35,final,2004,5004,-0.4145783662796021,10.0,2.0,0.8308115601539612,0.010016616201028228
PPO,35,final,2005,5005,-0.6145818635821343,10.0,2.0,0.12719418108463287,0.011618841905146837
PPO,35,final,2006,5006,-0.5638824582099915,10.0,2.0,0.9239814877510071,0.01141322823241353
PPO,35,final,2007,5007,-0.44363175630569457,10.0,2.0,0.5379676222801208,0.009894988033920527
PPO,35,final,2008,5008,-0.4151414513587952,10.0,2.0,0.9155281186103821,0.011809600051492453
PPO,35,final,2009,5009,-0.6284698128700258,10.0,2.0,0.7753334641456604,0.014212235575541854
PPO,35,final,2010,5010,-0.26993964910507207,10.0,2.0,0.9510498642921448,0.009985120967030525
PPO,35,final,2011,5011,-0.5651629447937012,10.0,2.0,0.604212760925293,0.010718458099290729
PPO,35,final,2012,5012,-0.43950562477111815,10.0,2.0,0.6072150468826294,0.009875576943159103
PPO,35,final,2013,5013,-0.5263711094856263,10.0,2.0,0.7039892077445984,0.011184251168742776
PPO,35,final,2014,5014,-0.3510001182556153,10.0,2.0,0.8599724769592285,0.010077146347612143
PPO,35,final,2015,5015,-0.6494493365287782,10.0,2.0,0.6403759717941284,0.012721547856926918
PPO,35,final,2016,5016,-0.5056333124637604,10.0,2.0,0.48783811926841736,0.009988314704969525
PPO,35,final,2017,5017,-0.3889746546745301,10.0,2.0,0.7110198140144348,0.010179130593314767
PPO,35,final,2018,5018,-0.3373630523681641,10.0,2.0,0.7902907133102417,0.010739914141595364
PPO,35,final,2019,5019,-0.5219243049621582,10.0,2.0,0.5828830599784851,0.011874722549691796
PPO,35,final,2020,5020,-0.4645894646644592,10.0,2.0,0.5349951982498169,0.009177392348647118
PPO,35,final,2021,5021,-0.475729900598526,10.0,2.0,0.22171315550804138,0.009900442557409406
PPO,35,final,2022,5022,-0.3480285286903382,10.0,2.0,0.5768489837646484,0.010124949738383293
PPO,35,final,2023,5023,-0.48324673175811766,10.0,2.0,0.3338092267513275,0.010138413403183222
PPO,35,final,2024,5024,-0.5776625454425812,10.0,2.0,0.2842753231525421,0.010672206524759531
PPO,35,final,2025,5025,-0.7034841656684877,10.0,2.0,0.835197389125824,0.01289898157119751
PPO,35,final,2026,5026,-0.5337624430656434,10.0,2.0,0.4415562152862549,0.01017090049572289
PPO,35,final,2027,5027,-0.46637149453163146,10.0,2.0,0.3946310579776764,0.008986825356259942
PPO,35,final,2028,5028,-0.6465468883514406,10.0,2.0,0.8186684846878052,0.013522356748580933
PPO,35,final,2029,5029,-0.48514084815979003,10.0,2.0,1.1006704568862915,0.008998953038826585
PPO,35,final,2030,5030,-0.5229022383689881,10.0,2.0,0.5490926504135132,0.009964382275938988
PPO,35,final,2031,5031,-0.4904276609420776,10.0,2.0,1.047940731048584,0.009887166786938906
PPO,35,final,2032,5032,-0.5351239323616028,10.0,2.0,0.5053691864013672,0.010099542094394565
PPO,35,final,2033,5033,-0.49838184118270873,10.0,2.0,0.5197057723999023,0.009951577987521887
PPO,35,final,2034,5034,-0.5355306148529053,10.0,2.0,1.1243805885314941,0.010267377831041813
PPO,35,final,2035,5035,-0.48046301603317265,10.0,2.0,0.23407885432243347,0.010935553582385182
PPO,35,final,2036,5036,-0.5783679962158204,10.0,2.0,0.3049331307411194,0.0118215954862535
PPO,35,final,2037,5037,-0.5703561782836915,10.0,2.0,0.6118935346603394,0.010402121813967824
PPO,35,final,2038,5038,-0.4512690782546997,10.0,2.0,0.8871589303016663,0.009936401853337884
PPO,35,final,2039,5039,-0.46222423315048217,10.0,2.0,0.8199171423912048,0.01036618696525693
PPO,35,final,2040,5040,-0.4757884621620178,10.0,2.0,0.761434018611908,0.009916666662320495
PPO,35,final,2041,5041,-0.5545875906944275,10.0,2.0,0.08904790878295898,0.009917554212734103
PPO,35,final,2042,5042,-0.6032126724720002,10.0,2.0,0.3498091995716095,0.010674266377463937
PPO,35,final,2043,5043,-0.5021728456020356,10.0,2.0,0.20948848128318787,0.009872231865301728
PPO,35,final,2044,5044,-0.3944009423255921,10.0,2.0,0.7286996841430664,0.010253807064145803
PPO,35,final,2045,5045,-0.4164319515228272,10.0,2.0,1.1631017923355103,0.009871615329757333
PPO,35,final,2046,5046,-0.3667873322963715,10.0,2.0,0.4786686599254608,0.010715011041611433
PPO,35,final,2047,5047,-0.44644497632980346,10.0,2.0,0.8952558636665344,0.009888782165944576
PPO,35,final,2048,5048,-0.6191495537757874,10.0,2.0,0.5874025225639343,0.010770154651254416
PPO,35,final,2049,5049,-0.49449830055236815,10.0,2.0,0.8831724524497986,0.010773157933726907
PPO,35,final,2050,5050,-0.49435930252075194,10.0,2.0,0.8226631879806519,0.010143876541405916
PPO,35,final,2051,5051,-0.5800891995429993,10.0,2.0,0.6044373512268066,0.010100436164066195
PPO,35,final,2052,5052,-0.38169937133789067,10.0,2.0,1.0700782537460327,0.010345954680815339
PPO,35,final,2053,5053,-0.56811633259058,10.0,2.0,0.08744470030069351,0.009448678931221366
PPO,35,final,2054,5054,-0.6673348128795625,10.0,2.0,0.4933740198612213,0.0111721265129745
PPO,35,final,2055,5055,-0.6013426512479783,10.0,2.0,0.21034598350524902,0.009867207147181034
PPO,35,final,2056,5056,-0.5588011771440506,10.0,2.0,0.17659080028533936,0.00999218481592834
PPO,35,final,2057,5057,-0.6157959133386612,10.0,2.0,0.23969605565071106,0.009952089516445994
PPO,35,final,2058,5058,-0.562345552444458,10.0,2.0,0.3520320951938629,0.008943973807618022
PPO,35,final,2059,5059,-0.5731398344039917,10.0,2.0,0.7651063799858093,0.01019376190379262
PPO,35,final,2060,5060,-0.5724213600158692,10.0,2.0,0.49662771821022034,0.009916968643665314
PPO,35,final,2061,5061,-0.5027944624423981,10.0,2.0,0.4718087613582611,0.008735582465305924
PPO,35,final,2062,5062,-0.6032074868679047,10.0,2.0,0.20745037496089935,0.009887614520266652
PPO,35,final,2063,5063,-0.6110698163509369,10.0,2.0,0.29365211725234985,0.02597395982593298
PPO,35,final,2064,5064,-0.443742561340332,10.0,2.0,0.834023654460907,0.010091408155858517
PPO,35,final,2065,5065,-0.5200626134872437,10.0,2.0,0.6999711990356445,0.011144621297717094
PPO,35,final,2066,5066,-0.5331577092409134,10.0,2.0,0.2318045198917389,0.011895833304151893
PPO,35,final,2067,5067,-0.4872338056564331,10.0,2.0,0.8728740811347961,0.009969811653718352
PPO,35,final,2068,5068,-0.40784888267517094,10.0,2.0,1.05851149559021,0.010268071433529258
PPO,35,final,2069,5069,-0.569681453704834,10.0,2.0,0.6258715987205505,0.011363428551703691
PPO,35,final,2070,5070,-0.5682580947875977,10.0,2.0,1.473353624343872,0.011152096325531602
PPO,35,final,2071,5071,-0.502867865562439,10.0,2.0,0.16892334818840027,0.010110039496794343
PPO,35,final,2072,5072,-0.34601472616195683,10.0,2.0,0.931418240070343,0.01036912971176207
PPO,35,final,2073,5073,-0.4898091435432434,10.0,2.0,0.6343717575073242,0.009109188104048371
PPO,35,final,2074,5074,-0.8218716859817508,10.0,2.0,0.8024417161941528,0.015197920380160213
PPO,35,final,2075,5075,-0.6389334678649904,10.0,2.0,1.1250659227371216,0.01151756220497191
PPO,35,final,2076,5076,-0.46678082942962645,10.0,2.0,0.49768000841140747,0.018596002366393805
PPO,35,final,2077,5077,-0.5138438820838929,10.0,2.0,0.5876724123954773,0.009882714133709669
PPO,35,final,2078,5078,-0.6589409291744234,10.0,2.0,0.372514545917511,0.010778286028653383
PPO,35,final,2079,5079,-0.5551347613334656,10.0,2.0,0.5867062211036682,0.010749843437224627
PPO,35,final,2080,5080,-0.5721302211284638,10.0,2.0,0.41009464859962463,0.010313843376934528
PPO,35,final,2081,5081,-0.44300325512886046,10.0,2.0,0.4308951795101166,0.010160620557144284
PPO,35,final,2082,5082,-0.5172191739082337,10.0,2.0,0.5112625360488892,0.010942906839773059
PPO,35,final,2083,5083,-0.31853364706039433,10.0,2.0,0.6519964933395386,0.009905820479616523
PPO,35,final,2084,5084,-0.322761881351471,10.0,2.0,0.976491391658783,0.013585127191618085
PPO,35,final,2085,5085,-0.3886761546134949,10.0,2.0,0.6515858769416809,0.010140627389773726
PPO,35,final,2086,5086,-0.46270506381988524,10.0,2.0,0.8847090005874634,0.010987765621393919
PPO,35,final,2087,5087,-0.44956188201904296,10.0,2.0,0.9451550245285034,0.010765812825411558
PPO,35,final,2088,5088,-0.3151608586311341,10.0,2.0,0.5876733064651489,0.009886742569506168
PPO,35,final,2089,5089,-0.3831357836723328,10.0,2.0,0.6144872903823853,0.010002333903685212
PPO,35,final,2090,5090,-0.4670585572719574,10.0,2.0,0.37153714895248413,0.00991590996272862
PPO,35,final,2091,5091,-0.49874310493469237,10.0,2.0,0.5008257627487183,0.010444507468491793
PPO,35,final,2092,5092,-0.5000304460525513,10.0,2.0,0.19266042113304138,0.0103379487991333
PPO,35,final,2093,5093,-0.5032048106193543,10.0,2.0,0.8582331538200378,0.01063236640766263
PPO,35,final,2094,5094,-0.5852035462856293,10.0,2.0,0.18435491621494293,0.011917571071535349
PPO,35,final,2095,5095,-0.7591887295246127,10.0,2.0,0.6395906805992126,0.015181726310402155
PPO,35,final,2096,5096,-0.6153775930404664,10.0,2.0,0.7292776703834534,0.010947886621579528
PPO,35,final,2097,5097,-0.2549675583839417,10.0,2.0,0.6088592410087585,0.011313880560919642
PPO,35,final,2098,5098,-0.5910912334918976,10.0,2.0,0.41563013195991516,0.010390230221673846
PPO,35,final,2099,5099,-0.5696253061294556,10.0,2.0,0.35373619198799133,0.010536166373640299
PPO,35,final,2100,5100,-0.5525763511657715,10.0,2.0,0.7562186121940613,0.010182636324316263
PPO,35,final,2101,5101,-0.5648866176605225,10.0,2.0,0.8019894957542419,0.010260669514536858
PPO,35,final,2102,5102,-0.4072124838829041,10.0,2.0,0.5043247938156128,0.010688015492632985
PPO,35,final,2103,5103,-0.5365202307701111,10.0,2.0,0.6453737020492554,0.010032966500148177
PPO,35,final,2104,5104,-0.6410405069589616,10.0,2.0,0.3352915346622467,0.010855656117200851
PPO,35,final,2105,5105,-0.5470477521419526,10.0,2.0,0.3045307695865631,0.009897254640236497
PPO,35,final,2106,5106,-0.5008621096611023,10.0,2.0,0.6398683190345764,0.009892294416204095
PPO,35,final,2107,5107,-0.6504572510719301,10.0,2.0,0.32970938086509705,0.01100080762989819
PPO,35,final,2108,5108,-0.5651923671364785,10.0,2.0,0.08729103952646255,0.010148804867640138
PPO,35,final,2109,5109,-0.6548201918601991,10.0,2.0,0.692773163318634,0.01085442746989429
PPO,35,final,2110,5110,-0.5470618188381196,10.0,2.0,0.39905476570129395,0.009874010691419244
PPO,35,final,2111,5111,-0.37051956653594975,10.0,2.0,1.0502537488937378,0.010922010522335768
PPO,35,final,2112,5112,-0.5226630598306656,10.0,2.0,0.23495571315288544,0.009915736271068454
PPO,35,final,2113,5113,-0.32210050821304326,10.0,2.0,0.5274415612220764,0.010008573532104492
PPO,35,final,2114,5114,-0.6178396821022034,10.0,2.0,0.7196308374404907,0.010897074360400438
PPO,35,final,2115,5115,-0.46583257913589476,10.0,2.0,0.5400912165641785,0.010827456135302782
PPO,35,final,2116,5116,-0.37052755355834965,10.0,2.0,0.8471846580505371,0.010824444005265832
PPO,35,final,2117,5117,-0.6440786004066469,10.0,2.0,0.3636392056941986,0.010062615154311061
PPO,35,final,2118,5118,-0.4615484356880188,10.0,2.0,0.9458793997764587,0.00987091101706028
PPO,35,final,2119,5119,-0.4839197874069214,10.0,2.0,0.8452580571174622,0.010008142795413733
PPO,35,final,2120,5120,-0.7399498403072359,10.0,2.0,0.4766526222229004,0.01474192668683827
PPO,35,final,2121,5121,-0.20998303890228273,10.0,2.0,0.6470255851745605,0.012775531969964504
PPO,35,final,2122,5122,-0.5314693331718445,10.0,2.0,0.3233172595500946,0.010097550228238106
PPO,35,final,2123,5123,-0.5277590036392212,10.0,2.0,0.5497590899467468,0.009897252079099417
PPO,35,final,2124,5124,-0.5104291915893555,10.0,2.0,0.3338669240474701,0.009861084632575512
PPO,35,final,2125,5125,-0.4544290781021118,10.0,2.0,0.8657670617103577,0.01009977818466723
PPO,35,final,2126,5126,-0.6109492361545563,10.0,2.0,0.5062857866287231,0.010331931291148067
PPO,35,final,2127,5127,-0.5540426254272461,10.0,2.0,0.5194292664527893,0.010061763925477862
PPO,35,final,2128,5128,-0.5491827011108399,10.0,2.0,0.22864790260791779,0.009326634462922812
PPO,35,final,2129,5129,-0.6246997416019441,10.0,3.0,0.6172910332679749,0.02978973533026874
PPO,35,final,2130,5130,-0.6001761734485627,10.0,2.0,0.46335992217063904,0.010562299750745296
PPO,35,final,2131,5131,-0.49041526317596434,10.0,2.0,1.198904275894165,0.009884567698463798
PPO,35,final,2132,5132,-0.5882735431194306,10.0,2.0,0.1652630865573883,0.009015528368763626
PPO,35,final,2133,5133,-0.40517669916152954,10.0,3.0,0.5493761301040649,-0.012788582709617913
PPO,35,final,2134,5134,-0.509604024887085,10.0,2.0,0.44051533937454224,0.0068340947618708014
PPO,35,final,2135,5135,-0.7549856603145602,10.0,3.0,0.6760533452033997,0.001959164801519364
PPO,35,final,2136,5136,-0.5425046861171723,10.0,2.0,0.30605214834213257,0.018015746027231216
PPO,35,final,2137,5137,-0.5157909870147706,10.0,2.0,0.7062240242958069,0.010303072864189744
PPO,35,final,2138,5138,-0.6457198888063432,10.0,2.0,0.24512140452861786,0.011395980371162295
PPO,35,final,2139,5139,-0.5772884666919709,10.0,2.0,0.2980346381664276,0.012181737693026662
PPO,35,final,2140,5140,-0.453700053691864,10.0,2.0,0.9507798552513123,0.011243456741794944
PPO,35,final,2141,5141,-0.4937739849090576,10.0,2.0,0.6188627481460571,0.011755021521821618
PPO,35,final,2142,5142,-0.5503048777580262,10.0,2.0,0.8839108347892761,0.012069952441379428
PPO,35,final,2143,5143,-0.5151948213577271,10.0,2.0,0.72364342212677,0.011832159012556076
PPO,35,final,2144,5144,-0.5942540347576142,10.0,2.0,0.3996608853340149,0.013551079900935292
PPO,35,final,2145,5145,-0.6225349783897401,10.0,2.0,0.7318741083145142,0.010810892330482602
PPO,35,final,2146,5146,-0.5252365350723267,10.0,2.0,0.8978407979011536,0.010605193208903074
PPO,35,final,2147,5147,-0.45971046686172484,10.0,2.0,0.9489502310752869,0.010080198990181088
PPO,35,final,2148,5148,-0.49289636611938475,10.0,2.0,0.7210685014724731,0.010079031810164452
PPO,35,final,2149,5149,-0.5238574624061585,10.0,2.0,0.5162927508354187,0.009388135047629476
PPO,35,final,2150,5150,-0.5716282606124878,10.0,2.0,0.6328381299972534,0.010132692288607359
PPO,35,final,2151,5151,-0.4800940036773682,10.0,2.0,0.4169864356517792,0.010135122574865818
PPO,35,final,2152,5152,-0.7168086796998979,10.0,2.0,0.35815778374671936,0.010530423372983932
PPO,35,final,2153,5153,-0.6275269567966463,10.0,2.0,0.3516156077384949,0.010394631186500192
PPO,35,final,2154,5154,-0.5605756521224976,10.0,2.0,0.5120839476585388,0.010088910814374685
PPO,35,final,2155,5155,-0.6362353742122652,10.0,2.0,0.432606965303421,0.01127646118402481
PPO,35,final,2156,5156,-0.4567884087562561,10.0,2.0,0.9552741646766663,0.009979055961593986
PPO,35,final,2157,5157,-0.5589192986488343,10.0,2.0,0.6952118873596191,0.012715855846181512
PPO,35,final,2158,5158,-0.5738174796104432,10.0,2.0,0.5709050893783569,0.012173645198345184
PPO,35,final,2159,5159,-0.547597873210907,10.0,2.0,0.334704726934433,0.03364533418789506
PPO,35,final,2160,5160,-0.4623113751411438,10.0,2.0,0.7638468146324158,0.010122936917468905
PPO,35,final,2161,5161,-0.6787633627653124,10.0,2.0,0.2698945105075836,0.013191468548029661
PPO,35,final,2162,5162,-0.4970319151878357,10.0,2.0,0.7581433057785034,0.011973557295277715
PPO,35,final,2163,5163,-0.533394205570221,10.0,2.0,0.8278894424438477,0.012708728667348623
PPO,35,final,2164,5164,-0.6202327787876131,10.0,2.0,0.28140318393707275,0.014479458099231124
PPO,35,final,2165,5165,-0.5609359174966813,10.0,2.0,0.19585800170898438,0.013040663674473763
PPO,35,final,2166,5166,-0.3543851256370545,10.0,2.0,0.4003954529762268,0.009953270433470607
PPO,35,final,2167,5167,-0.6918835520744325,10.0,2.0,0.6561528444290161,0.015555611113086343
PPO,35,final,2168,5168,-0.6373498916625978,10.0,2.0,0.6162968873977661,0.012466216925531626
PPO,35,final,2169,5169,-0.5757792174816132,10.0,2.0,0.3061244785785675,0.011656132992357016
PPO,35,final,2170,5170,-0.39880763292312627,10.0,2.0,0.8787170052528381,0.009950693463906646
PPO,35,final,2171,5171,-0.5170625925064087,10.0,2.0,0.903009831905365,0.010402640793472528
PPO,35,final,2172,5172,-0.40223072767257695,10.0,2.0,0.6537318825721741,0.009976142784580588
PPO,35,final,2173,5173,-0.6711209297180177,10.0,2.0,0.4968061149120331,0.014037310611456633
PPO,35,final,2174,5174,-0.7021771550178529,10.0,2.0,0.36372724175453186,0.013661055127158761
PPO,35,final,2175,5175,-0.3538812875747681,10.0,2.0,0.7330250144004822,0.009665494784712791
PPO,35,final,2176,5176,-0.5911216318607331,10.0,2.0,0.44987010955810547,0.010824733879417181
PPO,35,final,2177,5177,-0.6521144390106203,10.0,2.0,0.23758666217327118,0.012149089248850942
PPO,35,final,2178,5178,-0.5824352756142617,10.0,2.0,0.12597793340682983,0.010250890860334039
PPO,35,final,2179,5179,-0.5756268680095673,10.0,2.0,0.3429771065711975,0.013703685253858566
PPO,35,final,2180,5180,-0.4854817271232605,10.0,2.0,0.8808242678642273,0.010933898855000734
PPO,35,final,2181,5181,-0.48769454956054686,10.0,2.0,0.8220597505569458,0.010521868709474802
PPO,35,final,2182,5182,-0.5854128479957581,10.0,2.0,0.6868191361427307,0.01164296013303101
PPO,35,final,2183,5183,-0.6485556840896608,10.0,2.0,0.6483026742935181,0.01533569279126823
PPO,35,final,2184,5184,-0.6570674955844881,10.0,2.0,0.39241552352905273,0.012701722094789147
PPO,35,final,2185,5185,-0.5556499838829041,10.0,2.0,0.738637387752533,0.010426757857203484
PPO,35,final,2186,5186,-0.4144261956214905,10.0,2.0,0.8855367302894592,0.009900045348331332
PPO,35,final,2187,5187,-0.6164174556732178,10.0,2.0,0.6694111227989197,0.010787392500787973
PPO,35,final,2188,5188,-0.5491027712821961,10.0,2.0,0.2439521700143814,0.010200486285611987
PPO,35,final,2189,5189,-0.5427469491958619,10.0,2.0,1.1333078145980835,0.01030263863503933
PPO,35,final,2190,5190,-0.5499967813491822,10.0,2.0,0.8060342073440552,0.010129965143278241
PPO,35,final,2191,5191,-0.49797390699386596,10.0,2.0,0.6110140085220337,0.01061791880056262
PPO,35,final,2192,5192,-0.5893865704536438,10.0,2.0,0.7563075423240662,0.011356283444911242
PPO,35,final,2193,5193,-0.6272952288389207,10.0,2.0,0.3252499997615814,0.010867280885577202
PPO,35,final,2194,5194,-0.5657259702682496,10.0,2.0,0.41273078322410583,0.010003715753555298
PPO,35,final,2195,5195,-0.5023932933807373,10.0,2.0,1.1871188879013062,0.009879067074507475
PPO,35,final,2196,5196,-0.5623031586408616,10.0,2.0,0.22096291184425354,0.010167689761146903
PPO,35,final,2197,5197,-0.5721827924251557,10.0,2.0,0.48658791184425354,0.01028062985278666
PPO,35,final,2198,5198,-0.677513885498047,10.0,2.0,0.39699608087539673,0.013734696200117469
PPO,35,final,2199,5199,-0.7192152619361879,10.0,2.0,0.6811637282371521,0.017819663509726524
PPO,35,final,2200,5200,-0.47829990386962895,10.0,2.0,0.6850878596305847,0.009894095826894045
PPO,35,final,2201,5201,-0.46191977262496947,10.0,2.0,0.6612086892127991,0.01081837061792612
PPO,35,final,2202,5202,-0.48390923738479613,10.0,2.0,0.8474230170249939,0.01010309043340385
PPO,35,final,2203,5203,-0.7031053036451341,10.0,2.0,0.33500003814697266,0.011956328060477972
PPO,35,final,2204,5204,-0.6097117692232132,10.0,2.0,0.17094191908836365,0.009440134512260556
PPO,35,final,2205,5205,-0.46220855712890624,10.0,2.0,0.905805766582489,0.010063216090202332
PPO,35,final,2206,5206,-0.5164860963821412,10.0,2.0,1.005355715751648,0.00991344964131713
PPO,35,final,2207,5207,-0.5173293381929398,10.0,2.0,0.2476663440465927,0.009894360322505236
PPO,35,final,2208,5208,-0.6739465028047563,10.0,2.0,0.26397982239723206,0.010608377866446972
PPO,35,final,2209,5209,-0.4597270369529724,10.0,2.0,0.6074103116989136,0.010040264576673508
PPO,35,final,2210,5210,-0.7128014147281648,10.0,2.0,0.5265273451805115,0.01089803921058774
PPO,35,final,2211,5211,-0.39092974662780766,10.0,2.0,0.5546184778213501,0.011872382368892431
PPO,35,final,2212,5212,-0.41542153358459477,10.0,2.0,0.9095958471298218,0.009900357341393828
PPO,35,final,2213,5213,-0.4087189316749573,10.0,2.0,0.905346691608429,0.010426383698359132
PPO,35,final,2214,5214,-0.5736124992370606,10.0,2.0,0.40294045209884644,0.01000621565617621
PPO,35,final,2215,5215,-0.4512444019317627,10.0,2.0,0.8644044995307922,0.0100926305167377
PPO,35,final,2216,5216,-0.45861710906028746,10.0,2.0,0.4826093018054962,0.011657878058031201
PPO,35,final,2217,5217,-0.5364829778671265,10.0,2.0,0.6628137230873108,0.009977140231058002
PPO,35,final,2218,5218,-0.5051048874855042,10.0,2.0,0.7852796912193298,0.011893935967236757
PPO,35,final,2219,5219,-0.5154698967933655,10.0,2.0,0.8000669479370117,0.010140629950910807
PPO,35,final,2220,5220,-0.7193704575300218,10.0,2.0,0.37262091040611267,0.013642842415720224
PPO,35,final,2221,5221,-0.5272140383720398,10.0,2.0,0.8694044947624207,0.010429930407553911
PPO,35,final,2222,5222,-0.33017991781234746,10.0,2.0,0.6986838579177856,0.010559845250099897
PPO,35,final,2223,5223,-0.6665173202753069,10.0,2.0,0.311580628156662,0.011338361771777272
PPO,35,final,2224,5224,-0.5424305379390717,10.0,2.0,0.368154913187027,0.010478700743988156
PPO,35,final,2225,5225,-0.611475157737732,10.0,2.0,0.5091440081596375,0.010003685485571623
PPO,35,final,2226,5226,-0.6768177628517152,10.0,2.0,0.9295958876609802,0.010599762434139848
PPO,35,final,2227,5227,-0.37717043161392216,10.0,2.0,0.581821858882904,0.010946770897135139
PPO,35,final,2228,5228,-0.5399719059467316,10.0,2.0,0.29150205850601196,0.009971429826691747
PPO,35,final,2229,5229,-0.5970877885818482,10.0,2.0,1.0162737369537354,0.010142968501895666
PPO,35,final,2230,5230,-0.4321796178817749,10.0,2.0,0.6335179209709167,0.01208215905353427
PPO,35,final,2231,5231,-0.6481024503707887,10.0,2.0,0.3258841931819916,0.011021757498383522
PPO,35,final,2232,5232,-0.7225190281867983,10.0,2.0,0.37176769971847534,0.011918545933440328
PPO,35,final,2233,5233,-0.5260947823524476,10.0,2.0,0.8258053660392761,0.010355384089052677
PPO,35,final,2234,5234,-0.44073652029037474,10.0,2.0,0.9377633929252625,0.010012450162321329
PPO,35,final,2235,5235,-0.4977880001068115,10.0,2.0,1.0210492610931396,0.010263070231303573
PPO,35,final,2236,5236,-0.4426023244857788,10.0,2.0,0.8960527181625366,0.009946447564288974
PPO,35,final,2237,5237,-0.590960967540741,10.0,2.0,0.8593225479125977,0.014613711973652244
PPO,35,final,2238,5238,-0.5953773811459542,10.0,2.0,0.14295907318592072,0.009933706605806947
PPO,35,final,2239,5239,-0.6128582537174225,10.0,2.0,0.5071377754211426,0.01360015943646431
PPO,35,final,2240,5240,-0.4790637373924256,10.0,2.0,0.8947896957397461,0.011252716649323702
PPO,35,final,2241,5241,-0.6130868673324585,10.0,2.0,1.321126937866211,0.011685552075505257
PPO,35,final,2242,5242,-0.6833039700984956,10.0,2.0,0.5608852505683899,0.01046897447668016
PPO,35,final,2243,5243,-0.5237554788589478,10.0,2.0,0.6903173327445984,0.010007160482928157
PPO,35,final,2244,5244,-0.7207841008901598,10.0,2.0,0.4156050682067871,0.01165299629792571
PPO,35,final,2245,5245,-0.5298009991645813,10.0,2.0,0.513447105884552,0.009909361833706498
PPO,35,final,2246,5246,-0.6292550444602968,10.0,2.0,0.6081464886665344,0.010255045024678111
PPO,35,final,2247,5247,-0.5287139296531678,10.0,2.0,0.7430181503295898,0.009977762820199132
PPO,35,final,2248,5248,-0.59188472032547,10.0,2.0,0.3021202087402344,0.009905084501951933
PPO,35,final,2249,5249,-0.622965443134308,10.0,2.0,0.791949450969696,0.009918802184984088
PPO,35,final,2250,5250,-0.6649751842021944,10.0,2.0,0.36563390493392944,0.00992349861189723
PPO,35,final,2251,5251,-0.5968750596046448,10.0,2.0,0.601139485836029,0.009893977316096425
PPO,35,final,2252,5252,-0.6079868257045746,10.0,2.0,0.43436741828918457,0.009878790937364101
PPO,35,final,2253,5253,-0.6129205405712128,10.0,2.0,0.33361849188804626,0.008265710202977061
PPO,35,final,2254,5254,-0.4724151372909546,10.0,2.0,0.9240269660949707,0.010124638443812728
PPO,35,final,2255,5255,-0.5415168285369873,10.0,2.0,1.3235450983047485,0.008583260932937264
PPO,35,final,2256,5256,-0.6699322640895845,10.0,2.0,0.43789857625961304,0.01103365933522582
PPO,35,final,2257,5257,-0.5248993813991547,10.0,2.0,0.14144200086593628,0.012176441960036755
PPO,35,final,2258,5258,-0.4894298866391182,10.0,2.0,0.10238394886255264,0.01062217098660767
PPO,35,final,2259,5259,-0.6064577504992485,10.0,2.0,0.12188702076673508,0.009975675260648131
PPO,35,final,2260,5260,-0.5030418515205384,10.0,2.0,0.8757732510566711,0.010371109703555703
PPO,35,final,2261,5261,-0.5797551155090332,10.0,2.0,0.5582370162010193,0.00914447009563446
PPO,35,final,2262,5262,-0.40678708553314213,10.0,2.0,0.8291624188423157,0.02596704289317131
PPO,35,final,2263,5263,-0.4238243579864502,10.0,2.0,1.1144903898239136,0.010599692584946752
PPO,35,final,2264,5264,-0.5566974759101868,10.0,2.0,0.2521224319934845,0.010767006082460284
PPO,35,final,2265,5265,-0.26964859962463383,10.0,2.0,1.0789424180984497,0.010277404682710767
PPO,35,final,2266,5266,-0.5173781394958497,10.0,2.0,0.5790365934371948,0.011847861343994737
PPO,35,final,2267,5267,-0.5094515562057496,10.0,2.0,0.6384844183921814,0.012368747033178806
PPO,35,final,2268,5268,-0.5610019147396088,10.0,2.0,0.13240839540958405,0.012517433613538742
PPO,35,final,2269,5269,-0.5822319865226746,10.0,2.0,0.768341064453125,0.013678340939804912
PPO,35,final,2270,5270,-0.7057686179876329,10.0,2.0,0.30878639221191406,0.014661973342299461
PPO,35,final,2271,5271,-0.695012527704239,10.0,2.0,0.4117962419986725,0.013380702119320631
PPO,35,final,2272,5272,-0.8211692750453952,10.0,2.0,0.7474932074546814,0.01703155366703868
PPO,35,final,2273,5273,-0.6373100161552431,10.0,2.0,0.6387165784835815,0.01229485822841525
PPO,35,final,2274,5274,-0.6076936006546021,10.0,2.0,0.3376081883907318,0.011625940911471844
PPO,35,final,2275,5275,-0.6493973985314371,10.0,2.0,0.20686009526252747,0.011039660777896643
PPO,35,final,2276,5276,-0.6200811520218851,10.0,2.0,0.16597001254558563,0.01052922592498362
PPO,35,final,2277,5277,-0.5848486602306366,10.0,2.0,0.3535003960132599,0.010164964944124222
PPO,35,final,2278,5278,-0.5135816514492035,10.0,2.0,0.4168756604194641,0.010110223200172186
PPO,35,final,2279,5279,-0.6979148864746095,10.0,2.0,0.6870750188827515,0.01127961277961731
PPO,35,final,2280,5280,-0.6638892769813539,10.0,2.0,0.49677780270576477,0.011072842171415687
PPO,35,final,2281,5281,-0.6075719475746155,10.0,2.0,0.7525187134742737,0.009980004047974944
PPO,35,final,2282,5282,-0.5774390578269959,10.0,2.0,0.6515671014785767,0.008945175213739276
PPO,35,final,2283,5283,-0.6009494841098786,10.0,2.0,0.38022714853286743,0.00996886077336967
PPO,35,final,2284,5284,-0.5024785280227662,10.0,2.0,0.7512500882148743,0.008709470741450787
PPO,35,final,2285,5285,-0.5457156777381897,10.0,2.0,0.6185956001281738,0.011334925191476941
PPO,35,final,2286,5286,-0.6118728399276734,10.0,2.0,0.41690894961357117,0.00917485891841352
PPO,35,final,2287,5287,-0.4587226390838623,10.0,2.0,0.8784976601600647,0.010374249191954732
PPO,35,final,2288,5288,-0.43659167289733886,10.0,2.0,0.5942841172218323,0.010752625996246934
PPO,35,final,2289,5289,-0.7055937528610231,10.0,2.0,0.651756227016449,0.00989464856684208
PPO,35,final,2290,5290,-0.5411636710166932,10.0,2.0,0.49213171005249023,0.009885903680697083
PPO,35,final,2291,5291,-0.6884812444448473,10.0,2.0,0.35369864106178284,0.00901787355542183
PPO,35,final,2292,5292,-0.43764691352844237,10.0,2.0,0.7860996127128601,0.010036826366558671
PPO,35,final,2293,5293,-0.32604746818542485,10.0,2.0,0.8593788146972656,0.011114974040538073
PPO,35,final,2294,5294,-0.5324651181697846,10.0,2.0,0.16420461237430573,0.008671591524034739
PPO,35,final,2295,5295,-0.5405833005905152,10.0,2.0,0.12641119956970215,0.01124502532184124
PPO,35,final,2296,5296,-0.4585866808891296,10.0,2.0,0.8833635449409485,0.010430584196001291
PPO,35,final,2297,5297,-0.6984508514404298,10.0,2.0,0.7167808413505554,0.012758873635903
PPO,35,final,2298,5298,-0.5774507403373719,10.0,2.0,0.5669906139373779,0.010593915358185768
PPO,35,final,2299,5299,-0.6515231013298036,10.0,2.0,0.3967016041278839,0.015525842783972621
PPO,35,final,2300,5300,-0.6392068743705751,10.0,2.0,0.6230050325393677,0.011637127259746194
PPO,35,final,2301,5301,-0.5802540063858033,10.0,2.0,0.9022599458694458,0.011547414120286703
PPO,35,final,2302,5302,-0.5497524917125702,10.0,2.0,0.2163461297750473,0.008381814695894718
PPO,35,final,2303,5303,-0.74912825524807,10.0,2.0,0.4392545223236084,0.011422097450122237
PPO,35,final,2304,5304,-0.4908004283905029,10.0,2.0,1.106734275817871,0.009963252115994692
PPO,35,final,2305,5305,-0.5488206028938294,10.0,2.0,0.7727489471435547,0.012449595844373107
PPO,35,final,2306,5306,-0.37928413152694707,10.0,2.0,0.9430310130119324,0.009880480356514454
PPO,35,final,2307,5307,-0.49056296348571776,10.0,2.0,0.8819330930709839,0.010020277928560972
PPO,35,final,2308,5308,-0.49361978769302367,10.0,2.0,0.5183860659599304,0.009864572202786803
PPO,35,final,2309,5309,-0.4762864589691162,10.0,2.0,0.7345250844955444,0.010018987348303199
PPO,35,final,2310,5310,-0.5573192119598389,10.0,2.0,0.6856991648674011,0.010577313369140029
PPO,35,final,2311,5311,-0.5133697271347046,10.0,2.0,0.3782586455345154,0.008505131350830197
PPO,35,final,2312,5312,-0.6260611891746523,10.0,2.0,0.24457131326198578,0.009621411794796586
PPO,35,final,2313,5313,-0.5599360942840577,10.0,2.0,0.997825562953949,0.029396105324849486
PPO,35,final,2314,5314,-0.41681623458862305,10.0,3.0,0.8135193586349487,0.00998273934237659
PPO,35,final,2315,5315,-0.5254266262054443,10.0,3.0,0.5512183904647827,-0.02135672641452402
PPO,35,final,2316,5316,-0.5461521744728088,10.0,3.0,0.469616562128067,-0.02463481272570789
PPO,35,final,2317,5317,-0.6556363105773926,10.0,3.0,1.0616117715835571,0.01606547017581761
PPO,35,final,2318,5318,-0.5959690511226655,10.0,3.0,0.36446577310562134,-0.012264677206985652
PPO,35,final,2319,5319,-0.6488013714551928,10.0,3.0,0.39362233877182007,0.0193800360430032
PPO,35,final,2320,5320,-0.5480448007583618,10.0,3.0,0.8812918066978455,-0.04113671800587326
PPO,35,final,2321,5321,-0.6633395552635194,10.0,3.0,0.3539417088031769,-0.035334580461494625
PPO,35,final,2322,5322,-0.6381173312664034,10.0,2.0,0.5389478802680969,0.012075569946318865
PPO,35,final,2323,5323,-0.5353149622678757,10.0,3.0,0.2042539119720459,-0.005152452446054667
PPO,35,final,2324,5324,-0.6337068557739259,10.0,2.0,0.4489639401435852,0.008771102875471115
PPO,35,final,2325,5325,-0.4610663652420044,10.0,3.0,0.7911669015884399,0.00110920678707771
PPO,35,final,2326,5326,-0.6525832891464235,10.0,2.0,0.5293853878974915,0.010058408603072166
PPO,35,final,2327,5327,-0.6053639233112336,10.0,2.0,0.38436561822891235,0.009673305787146091
PPO,35,final,2328,5328,-0.6189978301525116,10.0,2.0,0.37423232197761536,0.009976011700928211
PPO,35,final,2329,5329,-0.5786263227462769,10.0,2.0,0.9108654856681824,0.012458079494535923
PPO,35,final,2330,5330,-0.6007696568965912,10.0,2.0,0.1814817637205124,0.010114395758137107
PPO,35,final,2331,5331,-0.5892447710037232,10.0,2.0,0.7554621696472168,0.010527832433581352
PPO,35,final,2332,5332,-0.5313729524612427,10.0,2.0,0.7187294363975525,0.009489387273788452
PPO,35,final,2333,5333,-0.5516724616289139,10.0,2.0,0.17435364425182343,0.010740360943600535
PPO,35,final,2334,5334,-0.6433842062950136,10.0,2.0,0.8314046859741211,0.010119765996932983
PPO,35,final,2335,5335,-0.431858229637146,10.0,2.0,0.4355161190032959,0.012006012257188559
PPO,35,final,2336,5336,-0.5251195430755615,10.0,3.0,0.9361516833305359,-0.009040743578225374
PPO,35,final,2337,5337,-0.5221099436283112,10.0,2.0,0.41073235869407654,0.007969231810420752
PPO,35,final,2338,5338,-0.3440829396247864,10.0,2.0,0.8416141867637634,0.010796734364703298
PPO,35,final,2339,5339,-0.6454865217208864,10.0,2.0,0.2737457752227783,0.008901055669412017
PPO,35,final,2340,5340,-0.5533911466598511,10.0,2.0,1.1475849151611328,-0.015168951824307442
PPO,35,final,2341,5341,-0.5791827619075776,10.0,2.0,0.4368148446083069,0.010509703774005175
PPO,35,final,2342,5342,-0.5134077548980713,10.0,2.0,0.635219931602478,0.009994467254728079
PPO,35,final,2343,5343,-0.5550120949745179,10.0,2.0,0.49192801117897034,0.01025367621332407
PPO,35,final,2344,5344,-0.5683042287826539,10.0,2.0,0.5798518061637878,0.009071370353922248
PPO,35,final,2345,5345,-0.630250382423401,10.0,2.0,0.34915417432785034,0.0105784113984555
PPO,35,final,2346,5346,-0.3834896564483643,10.0,2.0,0.5475146174430847,0.010592772625386715
PPO,35,final,2347,5347,-0.5465406656265259,10.0,2.0,0.7733781933784485,0.010016131913289428
PPO,35,final,2348,5348,-0.580798077583313,10.0,2.0,0.37184444069862366,0.009989878395572305
PPO,35,final,2349,5349,-0.46492196917533873,10.0,2.0,0.4836145341396332,0.009923072531819344
PPO,35,final,2350,5350,-0.6417699635028841,10.0,2.0,0.5429607033729553,0.009915623348206282
PPO,35,final,2351,5351,-0.5504202425479889,10.0,2.0,0.4239446818828583,0.009759193751960993
PPO,35,final,2352,5352,-0.7929556846618655,10.0,2.0,0.6726366877555847,0.012099136365577579
PPO,35,final,2353,5353,-0.6314498364925386,10.0,2.0,0.3824577331542969,0.008012482430785894
PPO,35,final,2354,5354,-0.5242316603660584,10.0,2.0,0.5961983799934387,0.009812218137085438
PPO,35,final,2355,5355,-0.6576723337173463,10.0,2.0,0.7503969073295593,0.011322272242978215
PPO,35,final,2356,5356,-0.599544245004654,10.0,2.0,0.37755632400512695,0.009878287557512522
PPO,35,final,2357,5357,-0.5802469432353974,10.0,2.0,0.2493322789669037,0.01038641994819045
PPO,35,final,2358,5358,-0.5923009395599366,10.0,2.0,0.6176348328590393,0.009515246842056513
PPO,35,final,2359,5359,-0.4326621174812317,10.0,2.0,0.6206125617027283,0.009716804139316082
PPO,35,final,2360,5360,-0.7204824566841127,10.0,2.0,0.6085308194160461,0.005659466958604753
PPO,35,final,2361,5361,-0.06693921566009521,3.0,2.0,0.4603581726551056,0.046684552915394306
PPO,35,final,2362,5362,0.010751981735229496,3.0,2.0,0.5995420813560486,0.0751537000760436
PPO,35,final,2363,5363,0.014250183105468758,5.0,2.0,1.1114978790283203,-0.012267823331058025
PPO,35,final,2364,5364,0.2251792120933533,2.0,2.0,0.8056356310844421,-0.011362475343048573
PPO,35,final,2365,5365,0.005545215606689469,2.0,2.0,0.7671580910682678,0.053788477554917336
PPO,35,final,2366,5366,-0.017660402655601495,4.0,2.0,0.16912627220153809,-0.08824024861678481
PPO,35,final,2367,5367,-0.11541895389556885,2.0,2.0,0.8061093688011169,-0.12163018947467208
PPO,35,final,2368,5368,0.09000000000000001,1.0,1.0,0.748149037361145,0.02733131032437086
PPO,35,final,2369,5369,0.09000000000000001,1.0,1.0,0.5635191202163696,0.02227775240316987
PPO,35,final,2370,5370,0.09000000000000001,1.0,1.0,1.1168102025985718,0.014849402941763401
PPO,35,final,2371,5371,0.09000000000000001,1.0,1.0,0.5825594663619995,0.011164101772010326
PPO,35,final,2372,5372,0.09000000000000001,1.0,1.0,0.651261031627655,0.0073803921695798635
PPO,35,final,2373,5373,0.09000000000000001,1.0,1.0,0.7036252617835999,0.004214788612443954
PPO,35,final,2374,5374,0.09000000000000001,1.0,1.0,0.7884239554405212,0.001999179949052632
PPO,35,final,2375,5375,0.09000000000000001,1.0,1.0,0.9918422102928162,6.950927490834147e-05
PPO,35,final,2376,5376,0.09000000000000001,1.0,1.0,0.9007042050361633,-0.0013778427673969418
PPO,35,final,2377,5377,0.09000000000000001,1.0,1.0,0.22005225718021393,-0.0002362546329095494
PPO,35,final,2378,5378,0.09000000000000001,1.0,1.0,0.8322721123695374,-0.003277523792348802
PPO,35,final,2379,5379,0.09000000000000001,1.0,1.0,0.6172032356262207,-0.0025432544643990695
PPO,35,final,2380,5380,0.09000000000000001,1.0,1.0,1.0581918954849243,-0.003938849607948214
PPO,35,final,2381,5381,0.09000000000000001,1.0,1.0,0.38067537546157837,-0.0036062237923033535
PPO,35,final,2382,5382,0.27265693426132204,2.0,2.0,0.9178356528282166,-0.13343557657208294
PPO,35,final,2383,5383,0.029600758552551273,3.0,2.0,0.6267300248146057,0.05006845237221569
PPO,35,final,2384,5384,0.021533863544464127,2.0,2.0,0.325001984834671,-0.15081390424165875
PPO,35,final,2385,5385,0.09000000000000001,1.0,1.0,0.668079674243927,-0.005973780178464949
PPO,35,final,2386,5386,0.2123618793487549,3.0,3.0,0.7818275094032288,-0.08813486353028566
PPO,35,final,2387,5387,0.09000000000000001,1.0,1.0,0.20626555383205414,-0.0077888136729598045
PPO,35,final,2388,5388,0.09000000000000001,1.0,1.0,0.5394717454910278,-0.0102088728453964
PPO,35,final,2389,5389,-0.4996374249458313,10.0,3.0,0.5760838389396667,0.06935501843690872
PPO,35,final,2390,5390,0.09000000000000001,1.0,1.0,0.41952380537986755,-0.0036297678598202765
PPO,35,final,2391,5391,0.09000000000000001,1.0,1.0,0.4564960300922394,-0.002165069046895951
PPO,35,final,2392,5392,-0.5194162607192994,10.0,2.0,0.7222814559936523,0.06333157885819674
PPO,35,final,2393,5393,-0.5012390866875649,10.0,2.0,0.11919599026441574,0.060716819018125534
PPO,35,final,2394,5394,-0.022375094890594485,5.0,3.0,0.7240748405456543,-0.10241360135842115
PPO,35,final,2395,5395,-0.06202320575714111,2.0,2.0,1.1488887071609497,-0.13081805896945298
PPO,35,final,2396,5396,0.11354894638061522,5.0,3.0,0.7598247528076172,-0.09147905581630766
PPO,35,final,2397,5397,0.18536396503448488,2.0,2.0,0.5256327390670776,-0.06142428913153708
PPO,35,final,2398,5398,0.09000000000000001,1.0,1.0,0.36178937554359436,-0.00015105924103409052
PPO,35,final,2399,5399,0.04191078424453736,2.0,2.0,0.64886474609375,-0.04639145056717098
PPO,35,final,2400,5400,0.1502151679992676,3.0,2.0,1.0588719844818115,-0.05316706281155348
PPO,35,final,2401,5401,0.07610620975494385,3.0,2.0,0.8972228169441223,-0.09962597500998527
PPO,35,final,2402,5402,-0.3374999046325684,10.0,2.0,1.1185553073883057,0.018192980671301484
PPO,35,final,2403,5403,-0.06810749650001525,3.0,2.0,0.42466849088668823,-0.03720527864061296
PPO,35,final,2404,5404,0.05205865383148194,2.0,2.0,0.969308078289032,-0.07670021598460153
PPO,35,final,2405,5405,0.09000000000000001,1.0,1.0,0.43090876936912537,0.004111785790883005
PPO,35,final,2406,5406,0.2546441125869751,2.0,2.0,0.9221941232681274,-0.05047985212877393
PPO,35,final,2407,5407,0.25576277256011964,2.0,2.0,1.1000163555145264,-0.08581241499632597
PPO,35,final,2408,5408,0.09000000000000001,1.0,1.0,0.1265392303466797,0.0029633605445269495
PPO,35,final,2409,5409,0.09000000000000001,1.0,1.0,0.7948630452156067,0.0025723661528900266
PPO,35,final,2410,5410,0.16963346481323244,2.0,2.0,0.34063735604286194,-0.08140807406743988
PPO,35,final,2411,5411,-0.5379419803619385,10.0,2.0,0.8063081502914429,0.07067006640136242
PPO,35,final,2412,5412,-0.6297771811485292,10.0,2.0,0.7155058979988098,0.0737121794372797
PPO,35,final,2413,5413,-0.7245871007442476,10.0,2.0,0.39315804839134216,0.07407845929265022
PPO,35,final,2414,5414,-0.48550211191177367,10.0,2.0,0.7080957293510437,0.05335285607725382
PPO,35,final,2415,5415,-0.7233162999153139,10.0,2.0,0.751393735408783,0.0594165176153183
PPO,35,final,2416,5416,-0.47914134263992314,10.0,2.0,0.9804601073265076,0.04027562029659748
PPO,35,final,2417,5417,-0.6029774725437165,10.0,2.0,0.32025861740112305,0.04022868722677231
PPO,35,final,2418,5418,-0.5282287478446961,10.0,2.0,0.7323843240737915,0.03223489550873637
PPO,35,final,2419,5419,-0.7384088963270189,10.0,2.0,0.33439332246780396,0.038328555412590504
PPO,35,final,2420,5420,-0.6480283021926881,10.0,2.0,0.24612100422382355,0.029956639278680086
PPO,35,final,2421,5421,-0.5620339989662171,10.0,2.0,0.5807064771652222,0.02347325859591365
PPO,35,final,2422,5422,-0.5778616547584534,10.0,2.0,0.32322385907173157,0.02175012556836009
PPO,35,final,2423,5423,-0.5200226783752442,10.0,2.0,0.6922815442085266,0.018009732477366924
PPO,35,final,2424,5424,-0.45078842639923095,10.0,2.0,0.5889701843261719,0.014884015545248985
PPO,35,final,2425,5425,-0.4886322498321533,10.0,2.0,0.9263471961021423,0.014678026782348752
PPO,35,final,2426,5426,-0.47224764823913573,10.0,2.0,0.7414732575416565,0.01185035239905119
PPO,35,final,2427,5427,-0.6751128613948824,10.0,2.0,0.3921002745628357,0.01898077130317688
PPO,35,final,2428,5428,-0.3675745010375977,10.0,2.0,1.1153573989868164,0.010884846094995737
PPO,35,final,2429,5429,-0.5813790440559388,10.0,2.0,0.5502542853355408,0.014577438589185476
PPO,35,final,2430,5430,-0.45026527643203734,10.0,2.0,0.7521916627883911,0.011318324133753777
PPO,35,final,2431,5431,-0.6512312099337579,10.0,2.0,0.177102729678154,0.012662701541557908
PPO,35,final,2432,5432,-0.4411515474319458,10.0,2.0,0.8778833746910095,0.010838027345016599
PPO,35,final,2433,5433,-0.5109252214431763,10.0,2.0,0.966521143913269,0.011893625371158123
PPO,35,final,2434,5434,-0.4822171211242676,10.0,2.0,0.6420921683311462,0.011273677926510572
PPO,35,final,2435,5435,-0.6042582869529725,10.0,2.0,0.6082509160041809,0.013953499961644411
PPO,35,final,2436,5436,-0.5753982543945313,10.0,2.0,0.8131448030471802,0.01100890594534576
PPO,35,final,2437,5437,-0.7223727881908418,10.0,2.0,0.5587232708930969,0.01172719500027597
PPO,35,final,2438,5438,-0.5425667345523835,10.0,2.0,0.1418144702911377,0.010560121620073915
PPO,35,final,2439,5439,-0.43946563005447387,10.0,2.0,0.7052651643753052,0.010528625221922994
PPO,35,final,2440,5440,-0.6587774634361269,10.0,2.0,0.8368991017341614,0.015336398966610432
PPO,35,final,2441,5441,-0.5265816926956177,10.0,2.0,0.5591411590576172,0.010106638306751847
PPO,35,final,2442,5442,-0.5190961837768555,10.0,2.0,0.7375102639198303,0.011694204295054078
PPO,35,final,2443,5443,-0.6064284026622773,10.0,2.0,0.1965775191783905,0.010004351381212473
PPO,35,final,2444,5444,-0.6005124218761921,10.0,2.0,0.10832442343235016,0.009965805802494287
PPO,35,final,2445,5445,-0.7142835140228273,10.0,2.0,0.3681052625179291,0.010794683592393994
PPO,35,final,2446,5446,-0.5210341095924378,10.0,2.0,0.6666881442070007,0.010177202057093382
PPO,35,final,2447,5447,-0.5765166759490967,10.0,2.0,0.32187551259994507,0.010021187365055084
PPO,35,final,2448,5448,-0.5504257559776307,10.0,2.0,0.8845732808113098,0.01144991023465991
PPO,35,final,2449,5449,-0.6201194256544115,10.0,2.0,0.3152613341808319,0.010016707004979253
PPO,35,final,2450,5450,-0.608505117893219,10.0,2.0,0.43950292468070984,0.009909883607178926
PPO,35,final,2451,5451,-0.514776635169983,10.0,2.0,0.6613257527351379,0.010095404228195548
PPO,35,final,2452,5452,-0.6861856311559679,10.0,2.0,0.3815484642982483,0.010645815869793296
PPO,35,final,2453,5453,-0.5547075152397156,10.0,2.0,0.5644472241401672,0.009975355351343751
PPO,35,final,2454,5454,-0.611405897140503,10.0,2.0,0.6068671941757202,0.009798336075618863
PPO,35,final,2455,5455,-0.508136260509491,10.0,2.0,0.9577904939651489,0.008275650907307863
PPO,35,final,2456,5456,-0.6460751771926881,10.0,2.0,0.3504781424999237,0.009416065644472837
PPO,35,final,2457,5457,-0.5115556001663208,10.0,2.0,0.9936956167221069,0.007830146234482527
PPO,35,final,2458,5458,-0.41656656950712206,9.0,2.0,0.15568950772285461,0.030404718592762947
PPO,35,final,2459,5459,-0.29286764860153197,10.0,2.0,0.7423810958862305,0.026848057750612497
PPO,35,final,2460,5460,-0.4850535273551941,10.0,2.0,0.6037341356277466,0.00485483871307224
PPO,35,final,2461,5461,-0.5340641021728516,10.0,2.0,0.8009666800498962,0.005264232866466045
PPO,35,final,2462,5462,-0.5402759790420533,10.0,2.0,0.6354398727416992,-0.002018926781602204
PPO,35,final,2463,5463,-0.4862339496612549,10.0,3.0,0.630539059638977,-0.031025805743411183
PPO,35,final,2464,5464,-0.5087888717651368,10.0,2.0,0.899907112121582,-0.004068518173880875
PPO,35,final,2465,5465,-0.5110638737678528,10.0,3.0,0.7312447428703308,0.002472899970598519
PPO,35,final,2466,5466,-0.5301656723022461,10.0,3.0,0.2289792001247406,-0.004799589281901717
PPO,35,final,2467,5467,-0.45356637239456177,10.0,3.0,0.6314098238945007,-0.05179069563746452
PPO,35,final,2468,5468,-0.4871606230735779,10.0,3.0,0.9943729043006897,-0.052420203923247755
PPO,35,final,2469,5469,-0.37537339329719543,10.0,3.0,0.48317596316337585,-0.012010026490315795
PPO,35,final,2470,5470,-0.41586980342864993,7.0,2.0,0.47554269433021545,-0.04451575153507292
PPO,35,final,2471,5471,-0.4236835837364197,10.0,3.0,0.7232838869094849,-0.022794563323259354
PPO,35,final,2472,5472,-0.5598289847373963,10.0,2.0,0.46387937664985657,0.05005576880648732
PPO,35,final,2473,5473,-0.5830333232879639,10.0,3.0,0.7862370610237122,-0.023679395439103246
PPO,35,final,2474,5474,-0.48277084827423095,10.0,2.0,0.6502594351768494,-0.027822018833830953
PPO,35,final,2475,5475,-0.558682754635811,10.0,3.0,0.17003241181373596,-0.01269908668473363
PPO,35,final,2476,5476,0.09000000000000001,1.0,1.0,0.22283761203289032,0.05793525744229555
PPO,35,final,2477,5477,-0.4959067702293396,10.0,3.0,0.895146906375885,-0.01953573466744274
PPO,35,final,2478,5478,-0.5057965517044067,10.0,3.0,0.5086135864257812,-0.058550993795506656
PPO,35,final,2479,5479,0.11195840120315553,2.0,2.0,0.5796722173690796,0.00102319591678679
PPO,35,final,2480,5480,-0.24272065162658693,10.0,2.0,1.1027940511703491,0.003836938994936645
PPO,35,final,2481,5481,-0.5350685715675354,10.0,3.0,0.35331374406814575,-0.0066543774446472526
PPO,35,final,2482,5482,-0.5172479629516602,10.0,2.0,0.9625464677810669,0.011361345066688955
PPO,35,final,2483,5483,-0.4506877064704895,10.0,3.0,0.6682056188583374,0.009911669651046395
PPO,35,final,2484,5484,-0.5122430801391602,10.0,2.0,0.9226042032241821,-0.042356701800599694
PPO,35,final,2485,5485,-0.5439929246902466,10.0,2.0,0.7793943285942078,0.005206054076552391
PPO,35,final,2486,5486,-0.5386334538459778,10.0,2.0,0.834774374961853,0.036919542821124196
PPO,35,final,2487,5487,-0.4225553870201111,10.0,3.0,0.9204526543617249,-0.01861960266251117
PPO,35,final,2488,5488,-0.5619588792324067,10.0,3.0,0.37115970253944397,-0.04923906677868217
PPO,35,final,2489,5489,-0.6024446368217469,10.0,2.0,0.3958156108856201,-0.02672090637497604
PPO,35,final,2490,5490,-0.525296437740326,10.0,2.0,0.9632371068000793,0.008407318964600563
PPO,35,final,2491,5491,-0.5889070510864258,10.0,2.0,1.2504369020462036,0.013393964385613799
PPO,35,final,2492,5492,-0.4630100727081299,10.0,3.0,1.1079152822494507,-0.0325030037201941
PPO,35,final,2493,5493,-0.4061506986618042,10.0,3.0,0.6864495873451233,0.019880381296388805
PPO,35,final,2494,5494,-0.5621718645095826,10.0,2.0,1.0016814470291138,0.00995534984394908
PPO,35,final,2495,5495,-0.44694489538669585,10.0,2.0,0.22664470970630646,-0.00026844313833862543
PPO,35,final,2496,5496,-0.489715576171875,10.0,3.0,0.5237594842910767,-0.03941867663525045
PPO,35,final,2497,5497,-0.5022723376750946,10.0,3.0,0.1836044043302536,-0.01978487567976117
PPO,35,final,2498,5498,-0.5665473222732544,10.0,2.0,0.6164305806159973,-0.02960707584861666
PPO,35,final,2499,5499,-0.5145374655723572,10.0,4.0,0.6302369236946106,-0.016478602192364633
PPO,35,final,2500,5500,-0.3233094453811646,10.0,5.0,1.0476491451263428,-0.02503689657896757
PPO,35,final,2501,5501,-0.6607135385274888,10.0,3.0,0.24661992490291595,-0.006565337534993887
PPO,35,final,2502,5502,-0.5329954773187637,10.0,3.0,0.20246824622154236,-0.002507569850422442
PPO,35,final,2503,5503,-0.41277828216552737,10.0,5.0,0.7125944495201111,-0.022617141716182232
PPO,35,final,2504,5504,-0.4085494875907898,10.0,3.0,0.5023810267448425,-0.023176869726739824
PPO,35,final,2505,5505,-0.20812648534774783,10.0,3.0,0.8400600552558899,-0.04665422043763101
PPO,35,final,2506,5506,-0.5030341148376465,10.0,3.0,0.4594598412513733,-0.0005776087054982781
PPO,35,final,2507,5507,-0.6077635169029236,10.0,2.0,0.9514326453208923,0.010478894459083676
PPO,35,final,2508,5508,-0.3874048709869385,10.0,4.0,0.9650678634643555,-0.004676192649640143
PPO,35,final,2509,5509,-0.7342801868915558,10.0,2.0,0.6776902079582214,0.012122746091336012
PPO,35,final,2510,5510,-0.543649959564209,10.0,2.0,0.6938825845718384,0.011619059136137366
PPO,35,final,2511,5511,-0.4989442229270935,10.0,3.0,0.9028438329696655,-0.010300670866854489
PPO,35,final,2512,5512,-0.22952991724014285,10.0,3.0,0.8044196963310242,-0.03117595729418099
PPO,35,final,2513,5513,-0.27844285964965826,10.0,3.0,0.7663323283195496,-0.00039879194810055196
PPO,35,final,2514,5514,-0.5778121054172517,10.0,3.0,0.17825238406658173,0.005141534027643502
PPO,35,final,2515,5515,-0.4747143268585205,10.0,2.0,0.8920738101005554,-0.00252066642860882
PPO,35,final,2516,5516,-0.36832988262176514,10.0,3.0,0.4621245861053467,-0.003071551793254912
PPO,35,final,2517,5517,-0.5366778254508973,10.0,2.0,0.9084917306900024,0.0062503343797288835
PPO,35,final,2518,5518,-0.6450183868408204,10.0,2.0,0.9812819361686707,0.01099897432141006
PPO,35,final,2519,5519,-0.45263324975967406,10.0,2.0,0.8861494064331055,0.00897509534843266
PPO,35,final,2520,5520,-0.39024120569229126,10.0,3.0,0.6749748587608337,-0.026179900276474655
PPO,35,final,2521,5521,-0.43790851831436156,10.0,2.0,0.7363587617874146,0.0068258027313277125
PPO,35,final,2522,5522,-0.3080280661582947,10.0,5.0,0.7343178987503052,-0.06885048269759864
PPO,35,final,2523,5523,-0.41298787593841557,10.0,2.0,0.664677619934082,0.017383420024998486
PPO,35,final,2524,5524,-0.4262905716896057,10.0,3.0,0.3425128757953644,-0.008477847557514906
PPO,35,final,2525,5525,-0.5592667907476425,10.0,3.0,0.1889936625957489,-0.021162164979614317
PPO,35,final,2526,5526,-0.44881319999694824,10.0,3.0,0.6634959578514099,-0.0010815957793965936
PPO,35,final,2527,5527,-0.4340561628341675,10.0,3.0,0.5400834679603577,-0.005360699142329395
PPO,35,final,2528,5528,-0.5757749557495118,10.0,2.0,0.908530592918396,0.0018580833275336772
PPO,35,final,2529,5529,-0.8368298709392551,10.0,3.0,0.82331782579422,-0.016919552348554134
PPO,35,final,2530,5530,-0.29054647684097296,10.0,3.0,0.9057452082633972,-0.005224734079092741
PPO,35,final,2531,5531,-0.8233313411474231,10.0,3.0,0.4538995921611786,0.0006201136857271194
PPO,35,final,2532,5532,-0.5951173633337021,10.0,2.0,0.22916384041309357,-0.002097073011100292
PPO,35,final,2533,5533,-0.7216605797410012,10.0,2.0,0.26970019936561584,0.013373161433264613
PPO,35,final,2534,5534,-0.5117107629776001,10.0,3.0,0.5576410889625549,-0.010591673490125686
PPO,35,final,2535,5535,-0.387951922416687,10.0,4.0,0.4637942910194397,-0.00978240161202848
PPO,35,final,2536,5536,-0.4705038070678711,10.0,3.0,1.1497911214828491,-0.0062657371163368225
PPO,35,final,2537,5537,-0.7074502706527712,10.0,3.0,0.6007612943649292,-0.024704161565750837
PPO,35,final,2538,5538,-0.4924938797950745,10.0,4.0,0.29555267095565796,-0.031257877591997385
PPO,35,final,2539,5539,-0.16538810729980472,10.0,3.0,0.878296971321106,-0.03504786593839526
PPO,35,final,2540,5540,-0.4241965413093567,10.0,3.0,0.6596687436103821,-0.001742115622619167
PPO,35,final,2541,5541,-0.30283521413803105,10.0,2.0,0.6681427955627441,0.009877268690615892
PPO,35,final,2542,5542,-0.3283714652061463,10.0,3.0,0.6192601919174194,-0.006023570895195007
PPO,35,final,2543,5543,-0.6456191122531892,10.0,2.0,0.484557569026947,0.010513811954297125
PPO,35,final,2544,5544,-0.5479421645402909,10.0,2.0,0.23891063034534454,0.004536903739790432
PPO,35,final,2545,5545,-0.5710995227098465,10.0,2.0,0.13731777667999268,0.009590226225554943
PPO,35,final,2546,5546,-0.5389113157987595,10.0,2.0,0.2364596277475357,-0.0006848515477031469
PPO,35,final,2547,5547,-0.5765611529350281,10.0,3.0,0.7810181379318237,-0.027675847988575697
PPO,35,final,2548,5548,-0.35849765539169315,10.0,6.0,0.8757280707359314,-0.014074616832658648
PPO,35,final,2549,5549,-0.5880394995212556,10.0,4.0,0.5837981104850769,-0.012638091808184981
PPO,35,final,2550,5550,-0.30616254806518556,10.0,4.0,0.738522469997406,-0.0059813359985128045
PPO,35,final,2551,5551,-0.5632133960723877,10.0,2.0,0.940632164478302,-0.013564921799115837
PPO,35,final,2552,5552,-0.6297685086727143,10.0,2.0,0.28610286116600037,-0.00031532556749880314
PPO,35,final,2553,5553,-0.6558618426322937,10.0,2.0,0.869550883769989,0.01166216202545911
PPO,35,final,2554,5554,-0.5355097532272339,10.0,2.0,0.6417673230171204,0.009181961184367537
PPO,35,final,2555,5555,0.09000000000000001,1.0,1.0,0.29259222745895386,0.15370789915323257
PPO,35,final,2556,5556,-0.4659906029701233,10.0,3.0,0.5715567469596863,-0.04346171370707452
PPO,35,final,2557,5557,-0.55192990899086,10.0,2.0,0.37449026107788086,0.005715730017982423
PPO,35,final,2558,5558,-0.4896988868713379,10.0,3.0,1.4464200735092163,0.0017575890524312854
PPO,35,final,2559,5559,-0.5629593133926393,10.0,3.0,0.4089911878108978,-0.02072461787611246
PPO,35,final,2560,5560,-0.6228734731674196,10.0,2.0,0.8837628364562988,0.008749299799092114
PPO,35,final,2561,5561,-0.3724942207336426,10.0,3.0,1.0131012201309204,-0.005887069390155375
PPO,35,final,2562,5562,-0.5027078270912171,10.0,2.0,0.6856634020805359,0.005713960679713637
PPO,35,final,2563,5563,-0.4289836883544922,10.0,3.0,0.6791034936904907,-0.08546743192709982
PPO,35,final,2564,5564,-0.025908102989196782,4.0,3.0,0.17927613854408264,-0.044142515398561954
PPO,35,final,2565,5565,-0.1232124900817871,6.0,2.0,0.7661008834838867,-0.018424056470394135
PPO,35,final,2566,5566,-0.24594130516052246,10.0,5.0,0.8872346878051758,-0.05110178329050541
PPO,35,final,2567,5567,-0.5726769566535951,10.0,3.0,0.27979129552841187,-0.030675467569381
PPO,35,final,2568,5568,-0.5958253964781762,10.0,3.0,0.18325747549533844,0.00560870033223182
PPO,35,final,2569,5569,-0.1932182192802429,10.0,2.0,0.940923273563385,-0.014763091458007693
PPO,35,final,2570,5570,-0.6003015518188478,10.0,2.0,0.927704930305481,0.013926534331403673
PPO,35,final,2571,5571,-0.6161210715770722,10.0,2.0,0.17430827021598816,-0.008134326664730906
PPO,35,final,2572,5572,-0.14077175855636598,10.0,4.0,0.6506993174552917,-0.037849690299481153
PPO,35,final,2573,5573,-0.76264665722847,10.0,4.0,0.5892419219017029,-0.018422174733132124
PPO,35,final,2574,5574,-0.5199213147163391,10.0,4.0,0.642059326171875,0.027034744387492537
PPO,35,final,2575,5575,-0.3108703255653381,10.0,3.0,0.8779021501541138,-0.054981887340545654
PPO,35,final,2576,5576,-0.21450933694839475,8.0,2.0,0.8782257437705994,-0.01814838033169508
PPO,35,final,2577,5577,-0.2907496809959412,10.0,4.0,0.6255487203598022,-0.033751385170035064
PPO,35,final,2578,5578,-0.13770280361175535,8.0,3.0,1.047838807106018,-0.01833036681637168
PPO,35,final,2579,5579,-0.4816205382347107,10.0,2.0,0.8315714001655579,-0.021933052223175764
PPO,35,final,2580,5580,-0.1167819607257843,3.0,2.0,0.39913126826286316,-0.028854992240667343
PPO,35,final,2581,5581,-0.3846880483627319,8.0,2.0,0.8796053528785706,-0.030490815173834562
PPO,35,final,2582,5582,-0.038767676353454586,3.0,2.0,1.2545099258422852,-0.06480900198221207
PPO,35,final,2583,5583,0.09000000000000001,1.0,1.0,0.3289163410663605,0.04414542205631733
PPO,35,final,2584,5584,0.09000000000000001,1.0,1.0,1.2053956985473633,0.04286199063062668
PPO,35,final,2585,5585,0.09038122177124025,2.0,2.0,0.5656474828720093,-0.03875069518107921
PPO,35,final,2586,5586,0.09000000000000001,1.0,1.0,1.3931331634521484,0.03801961708813906
PPO,35,final,2587,5587,0.09000000000000001,1.0,1.0,0.15199412405490875,0.03482570592314005
PPO,35,final,2588,5588,0.09000000000000001,1.0,1.0,0.9231452941894531,0.03047392750158906
PPO,35,final,2589,5589,0.09000000000000001,1.0,1.0,0.6830582022666931,0.026028045918792486
PPO,35,final,2590,5590,0.09000000000000001,1.0,1.0,0.8504486083984375,0.021075368858873844
PPO,35,final,2591,5591,0.09000000000000001,1.0,1.0,0.748539924621582,0.01810516742989421
PPO,35,final,2592,5592,0.09000000000000001,1.0,1.0,0.1993558704853058,0.015188982710242271
PPO,35,final,2593,5593,0.09000000000000001,1.0,1.0,0.33016934990882874,0.011585278436541557
PPO,35,final,2594,5594,0.09000000000000001,1.0,1.0,0.8174579739570618,0.008980161743238568
PPO,35,final,2595,5595,0.09000000000000001,1.0,1.0,0.35474634170532227,0.005890759872272611
PPO,35,final,2596,5596,0.09000000000000001,1.0,1.0,0.8748764395713806,0.005378111614845693
PPO,35,final,2597,5597,0.09000000000000001,1.0,1.0,1.3616437911987305,0.003502919978927821
PPO,35,final,2598,5598,0.09000000000000001,1.0,1.0,0.1975630670785904,0.0022323813755065203
PPO,35,final,2599,5599,0.09000000000000001,1.0,1.0,0.6861304044723511,-0.0013186041614972055
PPO,35,final,2600,5600,0.09000000000000001,1.0,1.0,0.4355902075767517,-0.0038681363803334534
PPO,35,final,2601,5601,0.09000000000000001,1.0,1.0,0.7523007988929749,-0.004521970637142658
PPO,35,final,2602,5602,0.09000000000000001,1.0,1.0,0.8743461966514587,-0.004828777397051454
PPO,35,final,2603,5603,0.09000000000000001,1.0,1.0,0.7586905360221863,-0.006225233315490186
PPO,35,final,2604,5604,0.09000000000000001,1.0,1.0,1.140879511833191,-0.007461635861545801
PPO,35,final,2605,5605,0.09000000000000001,1.0,1.0,0.7438167929649353,-0.007597223739139736
PPO,35,final,2606,5606,0.1598144340515137,2.0,2.0,0.984826922416687,-0.08927885699085891
PPO,35,final,2607,5607,0.10355140686035158,3.0,2.0,0.6804643273353577,0.005595445865765214
PPO,35,final,2608,5608,0.16054912090301515,2.0,2.0,0.949653148651123,-0.05442275246605277
PPO,35,final,2609,5609,-0.12888221025466917,3.0,2.0,0.519005537033081,-0.02449338568840176
PPO,35,final,2610,5610,0.09000000000000001,1.0,1.0,0.21055470407009125,-0.005694971769116819
PPO,35,final,2611,5611,0.09000000000000001,1.0,1.0,0.3394717574119568,-0.009813971817493439
PPO,35,final,2612,5612,-0.1733087408542633,3.0,2.0,0.5538691282272339,-0.047376659931614995
PPO,35,final,2613,5613,-0.023345870971679672,2.0,2.0,0.6447519659996033,-0.13330062851309776
PPO,35,final,2614,5614,0.09000000000000001,1.0,1.0,0.31242379546165466,-0.0055269538424909115
PPO,35,final,2615,5615,0.09000000000000001,1.0,1.0,0.6627694368362427,-0.0006335556245176122
PPO,35,final,2616,5616,0.09000000000000001,1.0,1.0,0.7891978025436401,-0.0024952279636636376
PPO,35,final,2617,5617,0.09000000000000001,1.0,1.0,0.5410447716712952,-0.003165830101352185
PPO,35,final,2618,5618,0.09000000000000001,1.0,1.0,0.2283337563276291,-0.004328564740717411
PPO,35,final,2619,5619,0.09000000000000001,1.0,1.0,1.2080307006835938,-0.008519677678123116
PPO,35,final,2620,5620,0.09000000000000001,1.0,1.0,0.17296971380710602,-0.006705473875626922
PPO,35,final,2621,5621,0.21034367561340334,2.0,2.0,1.270499587059021,-0.10133589629549533
PPO,35,final,2622,5622,0.014964599609375004,3.0,2.0,1.0922106504440308,0.032077156007289886
PPO,35,final,2623,5623,0.09000000000000001,1.0,1.0,0.508958637714386,-0.006427340442314744
PPO,35,final,2624,5624,-0.03719965457916259,4.0,2.0,0.6359167098999023,-0.06561001820955426
PPO,35,final,2625,5625,0.09000000000000001,1.0,1.0,0.25673457980155945,-0.004206174518913031
PPO,35,final,2626,5626,0.09000000000000001,1.0,1.0,0.6846012473106384,-0.00459000829141587
PPO,35,final,2627,5627,0.09000000000000001,1.0,1.0,0.5494175553321838,-0.0035556069342419505
PPO,35,final,2628,5628,0.09000000000000001,1.0,1.0,0.48034119606018066,-0.004895249381661415
PPO,35,final,2629,5629,0.09000000000000001,1.0,1.0,0.4941784739494324,-0.0019294294761493802
PPO,35,final,2630,5630,0.09000000000000001,1.0,1.0,0.3567183315753937,-0.0023336639278568327
PPO,35,final,2631,5631,0.22476472139358522,2.0,2.0,0.9167049527168274,-0.07795936975162476
PPO,35,final,2632,5632,-0.005115939378738388,2.0,2.0,0.36162301898002625,0.013954516500234604
PPO,35,final,2633,5633,0.09000000000000001,1.0,1.0,0.15470890700817108,-0.0009235490288119763
PPO,35,final,2634,5634,0.09000000000000001,1.0,1.0,0.321914941072464,-0.004609095747582614
PPO,35,final,2635,5635,0.09000000000000001,1.0,1.0,1.1826770305633545,-0.009316445793956518
PPO,35,final,2636,5636,0.056884007453918466,2.0,2.0,0.6753835678100586,-0.07820783962961286
PPO,35,final,2637,5637,0.09000000000000001,1.0,1.0,0.6526480317115784,-0.006314004654996097
PPO,35,final,2638,5638,0.09000000000000001,1.0,1.0,0.22525273263454437,-0.0036413762718439102
PPO,35,final,2639,5639,0.09000000000000001,1.0,1.0,0.34119516611099243,-0.0051984196761623025
PPO,35,final,2640,5640,0.09000000000000001,1.0,1.0,0.2924862205982208,-0.0052788323955610394
PPO,35,final,2641,5641,0.09000000000000001,1.0,1.0,0.9054155945777893,-0.0010047761024907231
PPO,35,final,2642,5642,0.09000000000000001,1.0,1.0,0.7847779989242554,-0.00958234746940434
PPO,35,final,2643,5643,0.09000000000000001,1.0,1.0,0.44735151529312134,-0.004048967559356242
PPO,35,final,2644,5644,0.09000000000000001,1.0,1.0,0.20592062175273895,-0.0071886550867930055
PPO,35,final,2645,5645,0.09000000000000001,1.0,1.0,0.21979115903377533,-0.0006775836955057457
PPO,35,final,2646,5646,0.09000000000000001,1.0,1.0,0.6277178525924683,-0.006779882358387113
PPO,35,final,2647,5647,0.09000000000000001,1.0,1.0,0.21606895327568054,-0.005790688213892281
PPO,35,final,2648,5648,0.09000000000000001,1.0,1.0,0.3219005763530731,-0.0019839669403154403
PPO,35,final,2649,5649,0.09000000000000001,1.0,1.0,0.3556228280067444,-0.004795374465174973
PPO,35,final,2650,5650,0.09000000000000001,1.0,1.0,0.22902043163776398,-0.013099102070555091
PPO,35,final,2651,5651,0.09000000000000001,1.0,1.0,0.24310018122196198,-0.013204210437834263
PPO,35,final,2652,5652,0.1368310022354126,2.0,2.0,0.7582345604896545,-0.10828636353835464
PPO,35,final,2653,5653,0.09000000000000001,1.0,1.0,0.12380772829055786,-0.010145108215510845
PPO,35,final,2654,5654,0.023722926080226914,2.0,2.0,0.15105874836444855,-0.06091844744514674
PPO,35,final,2655,5655,-0.5041546344757081,10.0,4.0,1.2553911209106445,0.020398430060595274
PPO,35,final,2656,5656,0.1265189814567566,2.0,2.0,0.7342810034751892,-0.12531270366162062
PPO,35,final,2657,5657,0.04679221630096436,3.0,3.0,0.765760600566864,-0.07685300894081593
PPO,35,final,2658,5658,0.15574098348617554,3.0,3.0,0.9873132109642029,-0.05265039100777358
PPO,35,final,2659,5659,0.14343019008636476,2.0,2.0,1.1432679891586304,-0.11277524544857442
PPO,35,final,2660,5660,0.04147823810577393,4.0,2.0,0.552352249622345,-0.05433715891558677
PPO,35,final,2661,5661,-0.06843522787094115,5.0,2.0,0.860109269618988,-0.060377789195626974
PPO,35,final,2662,5662,0.3434669542312622,2.0,2.0,0.6181378364562988,-0.03749003808479756
PPO,35,final,2663,5663,0.06820659518241884,2.0,2.0,0.2887246310710907,-0.014155088574625552
PPO,35,final,2664,5664,-0.4922812461853027,10.0,2.0,0.8416709899902344,0.07668116688728333
PPO,35,final,2665,5665,0.3722044897079468,3.0,3.0,1.0461900234222412,-0.07591610425151885
PPO,35,final,2666,5666,-0.26386860132217405,7.0,2.0,0.48561355471611023,-0.015233207494020462
PPO,35,final,2667,5667,-0.09235302388668058,3.0,3.0,0.405317097902298,-0.11200520780403167
PPO,35,final,2668,5668,-0.03891662836074829,3.0,2.0,0.952941358089447,-0.11700942856259644
PPO,35,final,2669,5669,0.1364824938774109,2.0,2.0,0.6617215871810913,-0.05632073571905494
PPO,35,final,2670,5670,0.09000000000000001,1.0,1.0,0.7488463521003723,-0.008444695500656962
PPO,35,final,2671,5671,0.09000000000000001,1.0,1.0,0.16186560690402985,-0.00572725385427475
PPO,35,final,2672,5672,-0.04534185469150544,4.0,3.0,0.21489214897155762,-0.06133330310694873
PPO,35,final,2673,5673,0.3007665967941284,4.0,3.0,1.1915920972824097,-0.015203726477921009
PPO,35,final,2674,5674,0.11625574707984926,2.0,2.0,0.2898731529712677,-0.08930643263738602
PPO,35,final,2675,5675,-0.17142973899841307,6.0,3.0,0.6469163298606873,0.010508927865885198
PPO,35,final,2676,5676,-0.341570830643177,8.0,2.0,0.1671561449766159,-0.017740846378728747
PPO,35,final,2677,5677,-0.03507515668869017,8.0,2.0,0.9371945261955261,-0.051877508172765374
PPO,35,final,2678,5678,0.09000000000000001,1.0,1.0,0.08266834914684296,-0.007091056555509567
PPO,35,final,2679,5679,0.1089704203605652,2.0,2.0,0.5750134587287903,-0.03778190701268613
PPO,35,final,2680,5680,0.12748558998107912,2.0,2.0,0.8969683051109314,-0.10726320883259177
PPO,35,final,2681,5681,-0.11731825590133667,2.0,2.0,0.6454766988754272,0.037832235684618354
PPO,35,final,2682,5682,-0.48140617609024056,10.0,2.0,0.7760013341903687,0.009680199436843395
PPO,35,final,2683,5683,-0.00401917934417724,4.0,2.0,0.6797698140144348,-0.07396374689415097
PPO,35,final,2684,5684,0.08904632091522217,4.0,2.0,0.7828521132469177,-0.08090642304159701
PPO,35,final,2685,5685,0.09000000000000001,1.0,1.0,0.11723477393388748,-0.0007338974101003259
PPO,35,final,2686,5686,0.09000000000000001,1.0,1.0,1.311144232749939,-0.008870839839801192
PPO,35,final,2687,5687,0.09000000000000001,1.0,1.0,0.6057469248771667,0.0005085307348053902
PPO,35,final,2688,5688,0.23322553157806397,3.0,3.0,0.9706143140792847,-0.04285562259610742
PPO,35,final,2689,5689,-0.3031081485748291,3.0,3.0,0.7676911950111389,-0.0037821809528395534
PPO,35,final,2690,5690,0.11672996163368227,2.0,2.0,0.4595109522342682,-0.06088453368283808
PPO,35,final,2691,5691,-0.01321910142898558,2.0,2.0,0.8710352182388306,-0.05330331716686487
PPO,35,final,2692,5692,0.09000000000000001,1.0,1.0,0.4622311592102051,-0.0018496236589271575
PPO,35,final,2693,5693,0.09000000000000001,1.0,1.0,0.6306285262107849,-0.005090742255561054
PPO,35,final,2694,5694,-0.08378080368041992,4.0,2.0,1.0775630474090576,-0.05295461101923138
PPO,35,final,2695,5695,0.09000000000000001,1.0,1.0,0.8883990049362183,-0.003120090172160417
PPO,35,final,2696,5696,0.09000000000000001,1.0,1.0,0.720146119594574,-0.00016180150851141661
PPO,35,final,2697,5697,0.12104155302047731,2.0,2.0,0.7159101366996765,-0.06401387904770672
PPO,35,final,2698,5698,0.1362642812728882,2.0,2.0,0.2275610864162445,-0.07825949980178848
PPO,35,final,2699,5699,0.09000000000000001,1.0,1.0,0.7075844407081604,-0.011511847143992782
PPO,35,final,2700,5700,0.13506915092468263,3.0,2.0,1.0436424016952515,-0.045354078989475965
PPO,35,final,2701,5701,-0.1354600715637207,3.0,3.0,0.5738539099693298,-0.08839030680246651
PPO,35,final,2702,5702,0.18324037075042726,2.0,2.0,0.9596842527389526,-0.002350305672734976
PPO,35,final,2703,5703,0.09000000000000001,1.0,1.0,0.6017605662345886,-0.007694528787396848
PPO,35,final,2704,5704,0.047775821685791024,2.0,2.0,0.6345987319946289,-0.07476375193800777
PPO,35,final,2705,5705,0.09000000000000001,1.0,1.0,0.5644592642784119,-0.0030275214230641723
PPO,35,final,2706,5706,0.09000000000000001,1.0,1.0,0.5059233903884888,-0.005550535395741463
PPO,35,final,2707,5707,0.09000000000000001,1.0,1.0,0.43381884694099426,-0.00013681696509593166
PPO,35,final,2708,5708,0.09000000000000001,1.0,1.0,1.2350881099700928,-0.005842834245413542
PPO,35,final,2709,5709,0.09000000000000001,1.0,1.0,0.2128666192293167,-0.0018209715781267732
PPO,35,final,2710,5710,0.09000000000000001,1.0,1.0,0.5395395159721375,-0.0009780791006051004
PPO,35,final,2711,5711,0.09000000000000001,1.0,1.0,0.0681711807847023,-0.0004498010384850204
PPO,35,final,2712,5712,0.09000000000000001,1.0,1.0,0.4021082818508148,-0.004913695156574249
PPO,35,final,2713,5713,0.20024056911468507,2.0,2.0,0.8432798385620117,-0.0600425319862552
PPO,35,final,2714,5714,0.09000000000000001,1.0,1.0,1.1659338474273682,-0.007614373927935958
PPO,35,final,2715,5715,0.09000000000000001,1.0,1.0,0.6025234460830688,-0.009626227430999279
PPO,35,final,2716,5716,0.09000000000000001,1.0,1.0,0.2248070240020752,-0.0015322539256885648
PPO,35,final,2717,5717,0.09000000000000001,1.0,1.0,0.5333186984062195,-0.010164945852011442
PPO,35,final,2718,5718,0.09000000000000001,1.0,1.0,0.17361734807491302,-0.0005366832774598151
PPO,35,final,2719,5719,0.08220322608947755,2.0,2.0,0.6566962599754333,-0.048675401019863784
PPO,35,final,2720,5720,0.26069648742675783,2.0,2.0,0.9172544479370117,-0.028210714110173285
PPO,35,final,2721,5721,0.3622987937927246,3.0,3.0,1.1757838726043701,-0.004568665288388729
PPO,35,final,2722,5722,0.09000000000000001,1.0,1.0,0.8516908884048462,-0.008988492423668504
PPO,35,final,2723,5723,-0.009641866683959957,3.0,2.0,0.7061387300491333,-0.03447730478364974
PPO,35,final,2724,5724,0.15664552330970766,2.0,2.0,0.4165187478065491,-0.07848594093229622
PPO,35,final,2725,5725,0.15240210711956026,3.0,2.0,0.18218998610973358,-0.04598911735229194
PPO,35,final,2726,5726,0.26508975744247437,3.0,3.0,0.7489141821861267,-0.02122868550941348
PPO,35,final,2727,5727,-0.1501105165481567,6.0,2.0,0.4905991554260254,-0.007550535025075078
PPO,35,final,2728,5728,0.09000000000000001,1.0,1.0,0.12051016837358475,-0.009307661093771458
PPO,35,final,2729,5729,-0.02879975557327269,2.0,2.0,0.24139811098575592,-0.05211799719836563
PPO,35,final,2730,5730,-0.030418555736541744,3.0,2.0,0.6231423616409302,-0.05504147906322032
PPO,35,final,2731,5731,0.09000000000000001,1.0,1.0,0.23807969689369202,-0.004184985009487718
PPO,35,final,2732,5732,0.09000000000000001,1.0,1.0,1.1102443933486938,-0.009540521074086428
PPO,35,final,2733,5733,-0.012305061817169186,3.0,2.0,0.5664681196212769,-0.08339516329579055
PPO,35,final,2734,5734,0.09000000000000001,1.0,1.0,0.5772742033004761,-0.004316733509767801
PPO,35,final,2735,5735,0.09000000000000001,1.0,1.0,0.43941664695739746,-0.0014679684536531568
PPO,35,final,2736,5736,0.09000000000000001,1.0,1.0,0.5347100496292114,-0.004782182979397476
PPO,35,final,2737,5737,0.09000000000000001,1.0,1.0,0.9358040690422058,-0.0032927109277807176
PPO,35,final,2738,5738,0.09000000000000001,1.0,1.0,1.2733862400054932,-0.0027263598167337477
PPO,35,final,2739,5739,0.09000000000000001,1.0,1.0,0.9299903512001038,-0.0020687978831119835
PPO,35,final,2740,5740,0.09000000000000001,1.0,1.0,0.8316879272460938,-0.002982471836730838
PPO,35,final,2741,5741,0.09000000000000001,1.0,1.0,0.8106324076652527,-0.004640931263566017
PPO,35,final,2742,5742,0.09000000000000001,1.0,1.0,0.38196808099746704,-0.006526321172714233
PPO,35,final,2743,5743,0.09000000000000001,1.0,1.0,0.6635780334472656,-0.009310640627518296
PPO,35,final,2744,5744,0.01644016265869143,4.0,3.0,1.2070761919021606,-0.05777486599981785
PPO,35,final,2745,5745,0.09000000000000001,1.0,1.0,0.779754638671875,-0.006596229504793882
PPO,35,final,2746,5746,0.09000000000000001,1.0,1.0,0.8075180649757385,-0.006290790974162519
PPO,35,final,2747,5747,0.1685739326477051,2.0,2.0,0.7542794346809387,-0.06732533872127533
PPO,35,final,2748,5748,0.09000000000000001,1.0,1.0,0.9069687724113464,-0.006711466587148607
PPO,35,final,2749,5749,0.10928394079208376,2.0,2.0,0.818791389465332,-0.10186757147312164
PPO,35,final,2750,5750,0.09000000000000001,1.0,1.0,0.8000299334526062,-0.010114436969161034
PPO,35,final,2751,5751,0.11221806883811952,2.0,2.0,0.25877320766448975,-0.11233881395310163
PPO,35,final,2752,5752,-0.033804290294647196,3.0,3.0,1.076839804649353,-0.06092884996905923
PPO,35,final,2753,5753,0.1607120203971863,2.0,2.0,0.7383330464363098,-0.10244590416550636
PPO,35,final,2754,5754,-0.003894133567810043,2.0,2.0,0.6127591729164124,-0.027034861501306295
PPO,35,final,2755,5755,0.09000000000000001,1.0,1.0,0.3011699318885803,-0.007879800046794116
PPO,35,final,2756,5756,0.09000000000000001,1.0,1.0,0.4799157977104187,-0.010410812217742205
PPO,35,final,2757,5757,0.09000000000000001,1.0,1.0,0.1244962066411972,-0.006265655509196222
PPO,35,final,2758,5758,0.09000000000000001,1.0,1.0,1.3194553852081299,-0.010794865898787975
PPO,35,final,2759,5759,0.29652281284332277,2.0,2.0,0.7109389901161194,-0.02084993675816804
PPO,35,final,2760,5760,0.19723965406417848,2.0,2.0,0.5909643173217773,-0.09403002652106807
PPO,35,final,2761,5761,-0.01653445363044738,5.0,2.0,0.4364111125469208,0.07792504725512117
PPO,35,final,2762,5762,-0.0812529855966568,4.0,2.0,0.2598043978214264,-0.06817423482425511
PPO,35,final,2763,5763,-0.2070139932632446,8.0,2.0,1.5023651123046875,-0.000807199627161026
PPO,35,final,2764,5764,-0.11785248279571532,6.0,2.0,0.5886980891227722,-0.0420053880661726
PPO,35,final,2765,5765,0.12053249955177309,2.0,2.0,0.44527679681777954,-0.046220719115808606
PPO,35,final,2766,5766,0.09000000000000001,1.0,1.0,0.4235244393348694,-0.008449407992884517
PPO,35,final,2767,5767,0.09000000000000001,1.0,1.0,0.4875941276550293,-0.009060780983418226
PPO,35,final,2768,5768,0.09000000000000001,1.0,1.0,0.47833260893821716,-0.007175761973485351
PPO,35,final,2769,5769,0.07539007246494295,2.0,2.0,0.22475245594978333,-0.06546738441102207
PPO,35,final,2770,5770,-0.04858161330223083,2.0,2.0,0.3416799008846283,-0.08474889432545751
PPO,35,final,2771,5771,0.1968193817138672,2.0,2.0,0.7451046705245972,0.01978492527268827
PPO,35,final,2772,5772,-0.037372334003448485,2.0,2.0,0.40733668208122253,-0.06256399099947885
PPO,35,final,2773,5773,-0.20436187982559206,10.0,2.0,0.4740435481071472,-0.002514687366783619
PPO,35,final,2774,5774,0.22597105979919435,2.0,2.0,0.6730887293815613,-0.02938440174330026
PPO,35,final,2775,5775,0.09000000000000001,1.0,1.0,0.9164532423019409,-0.008677969686686993
PPO,35,final,2776,5776,0.09000000000000001,1.0,1.0,0.7331981658935547,-0.010021991329267621
PPO,35,final,2777,5777,0.15149562239646913,2.0,2.0,0.3521009087562561,-0.07008526771096513
PPO,35,final,2778,5778,0.054013509750366215,3.0,2.0,0.8861426711082458,0.01463321945630014
PPO,35,final,2779,5779,0.09000000000000001,1.0,1.0,0.25504955649375916,-0.007911956636235118
PPO,35,final,2780,5780,0.09000000000000001,1.0,1.0,0.22536778450012207,-0.008200581185519695
PPO,35,final,2781,5781,0.09000000000000001,1.0,1.0,0.27327099442481995,-0.0023747567902319133
PPO,35,final,2782,5782,0.07014323234558106,4.0,3.0,0.5845907926559448,-0.07340719108469784
PPO,35,final,2783,5783,0.06500555753707887,2.0,2.0,0.6459113359451294,-0.052462653489783406
PPO,35,final,2784,5784,0.011678831577301041,2.0,2.0,0.8756473660469055,-0.0372553524794057
PPO,35,final,2785,5785,0.10058601379394533,2.0,2.0,0.5394479036331177,-0.07986320613417774
PPO,35,final,2786,5786,0.09000000000000001,1.0,1.0,0.642591118812561,-0.01242289342917502
PPO,35,final,2787,5787,0.09000000000000001,1.0,1.0,0.3599776327610016,-0.013449517311528325
PPO,35,final,2788,5788,-0.05361088156700135,4.0,3.0,0.3326450288295746,-0.06770222494378686
PPO,35,final,2789,5789,0.14569008350372314,5.0,4.0,0.7876091003417969,-0.02942640450783074
PPO,35,final,2790,5790,0.09000000000000001,1.0,1.0,0.6731564402580261,-0.012565319892019033
PPO,35,final,2791,5791,-0.08649455308914185,5.0,3.0,0.8604034781455994,-0.0534012682037428
PPO,35,final,2792,5792,0.10801679611206055,3.0,3.0,1.0453420877456665,-0.018459446728229523
PPO,35,final,2793,5793,0.09000000000000001,1.0,1.0,0.6053289175033569,-0.005025613470934331
PPO,35,final,2794,5794,0.09000000000000001,1.0,1.0,0.24207703769207,-0.013264456763863564
PPO,35,final,2795,5795,0.09000000000000001,1.0,1.0,0.4332575500011444,-0.010228613624349236
PPO,35,final,2796,5796,0.13655270099639893,4.0,3.0,0.8184579014778137,-0.024092669133096933
PPO,35,final,2797,5797,0.05091316223144532,3.0,3.0,0.49906525015830994,-0.04536073328927159
PPO,35,final,2798,5798,0.09000000000000001,1.0,1.0,0.15142543613910675,-0.0012641861685551703
PPO,35,final,2799,5799,0.09000000000000001,1.0,1.0,0.7010025978088379,-0.012894576182588935
PPO,35,final,2800,5800,0.1496196758747101,3.0,3.0,0.4524056613445282,-0.060639764880761504
PPO,35,final,2801,5801,0.09000000000000001,1.0,1.0,0.19612416625022888,-0.0006168296531541273
PPO,35,final,2802,5802,0.09000000000000001,1.0,1.0,0.31216076016426086,-0.0070177927846089005
PPO,35,final,2803,5803,-0.03242723464965819,2.0,2.0,0.7769439816474915,-0.06103728065500036
PPO,35,final,2804,5804,-0.1629314923286438,4.0,3.0,0.7412636876106262,-0.04251311277039349
PPO,35,final,2805,5805,0.13371469259262087,2.0,2.0,0.6207838654518127,-0.017231081845238805
PPO,35,final,2806,5806,0.09000000000000001,1.0,1.0,1.2808233499526978,-0.011193745071068406
PPO,35,final,2807,5807,0.06634885787963868,3.0,3.0,0.5374100804328918,-0.037890265230089426
PPO,35,final,2808,5808,-0.061364226341247566,3.0,3.0,1.1011383533477783,-0.04510654951445758
PPO,35,final,2809,5809,0.09000000000000001,1.0,1.0,0.18175670504570007,-0.004963331623002887
PPO,35,final,2810,5810,0.09000000000000001,1.0,1.0,0.7167885899543762,-0.01418493245728314
PPO,35,final,2811,5811,0.09000000000000001,1.0,1.0,0.9789336919784546,-0.013808587100356817
PPO,35,final,2812,5812,-0.39971705675125124,10.0,5.0,0.9760884642601013,-0.013569273287430406
PPO,35,final,2813,5813,0.1525560784339905,2.0,2.0,0.5285664796829224,-0.0606730452273041
PPO,35,final,2814,5814,0.028568299412727365,2.0,2.0,0.18511775135993958,-0.05606526753399521
PPO,35,final,2815,5815,0.16421754837036134,2.0,2.0,1.0235077142715454,-0.059220528695732355
PPO,35,final,2816,5816,0.09000000000000001,1.0,1.0,0.881015956401825,-0.011355597293004394
PPO,35,final,2817,5817,0.07740593910217286,4.0,3.0,1.0684930086135864,-0.09176806174218655
PPO,35,final,2818,5818,0.09000000000000001,1.0,1.0,0.19914528727531433,-0.015243533533066511
PPO,35,final,2819,5819,0.09000000000000001,1.0,1.0,0.38832932710647583,-0.006441370001994073
PPO,35,final,2820,5820,0.04340947389602663,3.0,3.0,1.0127159357070923,-0.05949503625743091
PPO,35,final,2821,5821,0.05981469631195069,7.0,4.0,0.7198781371116638,-0.03739113733172417
PPO,35,final,2822,5822,-0.08575975418090821,7.0,4.0,0.877098023891449,-0.03107134415768087
PPO,35,final,2823,5823,0.09191263437271119,3.0,3.0,0.4686276316642761,-0.042612451361492276
PPO,35,final,2824,5824,0.11774636983871462,2.0,2.0,0.5818399786949158,-0.114963662577793
PPO,35,final,2825,5825,0.09000000000000001,1.0,1.0,0.7302342653274536,-0.015045207925140858
PPO,35,final,2826,5826,-0.17782270193099975,8.0,4.0,0.49903780221939087,-0.029448729241266847
PPO,35,final,2827,5827,-0.054390384256839744,5.0,2.0,0.10301826149225235,-0.05390545551199466
PPO,35,final,2828,5828,0.09000000000000001,1.0,1.0,0.058902740478515625,-0.008069219766184688
PPO,35,final,2829,5829,0.21243662357330323,3.0,3.0,0.8256734609603882,-0.051421234384179115
PPO,35,final,2830,5830,-0.004345228672027565,4.0,3.0,0.5293510556221008,-0.06662910210434347
PPO,35,final,2831,5831,0.09000000000000001,1.0,1.0,0.6630576252937317,-0.008600187255069613
PPO,35,final,2832,5832,0.17248518943786623,2.0,2.0,0.8104336857795715,-0.043171461089514196
PPO,35,final,2833,5833,0.09000000000000001,1.0,1.0,0.27248555421829224,-0.006313673104159534
PPO,35,final,2834,5834,0.08571310520172121,2.0,2.0,0.5176778435707092,-0.039211773313581944
PPO,35,final,2835,5835,0.1337335276603699,2.0,2.0,0.6089895963668823,-0.018245464307256043
PPO,35,final,2836,5836,-0.5494220137596131,10.0,2.0,0.5422773361206055,0.08721636794507504
PPO,35,final,2837,5837,0.2101233768463135,2.0,2.0,0.6243979334831238,-0.0519007429247722
PPO,35,final,2838,5838,0.056593822240829476,2.0,2.0,0.40173768997192383,0.019877015962265432
PPO,35,final,2839,5839,-0.3773277759552002,10.0,3.0,0.6083235144615173,-0.003559184493497014
PPO,35,final,2840,5840,0.026688503026962296,2.0,2.0,0.5398157835006714,-0.1059837476350367
PPO,35,final,2841,5841,0.09000000000000001,1.0,1.0,0.5391050577163696,-0.009952651802450418
PPO,35,final,2842,5842,-0.23032251596450803,10.0,3.0,0.8392988443374634,-0.033727847738191485
PPO,35,final,2843,5843,0.17624873876571656,4.0,3.0,0.824053943157196,-0.04412885708734393
PPO,35,final,2844,5844,0.09000000000000001,1.0,1.0,0.28019967675209045,-0.005473377997986972
PPO,35,final,2845,5845,0.05438583016395569,3.0,2.0,0.47337648272514343,-0.061006464529782534
PPO,35,final,2846,5846,0.014330339431762693,5.0,3.0,0.9872199296951294,-0.051162696443498135
PPO,35,final,2847,5847,-0.023381931781768783,2.0,2.0,0.99459308385849,-0.02010851725935936
PPO,35,final,2848,5848,0.09000000000000001,1.0,1.0,0.07481233030557632,-0.0064895860850811005
PPO,35,final,2849,5849,0.09000000000000001,1.0,1.0,0.5684839487075806,-0.008081258740276098
PPO,35,final,2850,5850,0.07597007036209108,2.0,2.0,0.8845816254615784,-0.133523631375283
PPO,35,final,2851,5851,0.09000000000000001,1.0,1.0,0.6981436610221863,-0.009737148648127913
PPO,35,final,2852,5852,0.07433457851409914,2.0,2.0,0.6546540260314941,-0.12597504118457437
PPO,35,final,2853,5853,0.09000000000000001,1.0,1.0,0.13573642075061798,-0.00014398527855519205
PPO,35,final,2854,5854,0.09000000000000001,1.0,1.0,0.3205207288265228,-0.0004430771805346012
PPO,35,final,2855,5855,0.09000000000000001,1.0,1.0,0.23826564848423004,8.603035530541092e-05
PPO,35,final,2856,5856,0.09000000000000001,1.0,1.0,0.4920477867126465,-0.0014301805349532515
PPO,35,final,2857,5857,0.09000000000000001,1.0,1.0,0.4792064130306244,-0.008276430191472173
PPO,35,final,2858,5858,0.02321382045745851,2.0,2.0,1.0883902311325073,-0.0542521447641775
PPO,35,final,2859,5859,0.09000000000000001,1.0,1.0,0.21927616000175476,-0.00010635012949933298
PPO,35,final,2860,5860,0.09000000000000001,1.0,1.0,0.6633415222167969,-0.011488936608657241
PPO,35,final,2861,5861,0.23766817331314088,2.0,2.0,0.836591362953186,-0.03789294767193496
PPO,35,final,2862,5862,0.3211259412765503,2.0,2.0,0.7558944821357727,-0.07027758052572608
PPO,35,final,2863,5863,0.09000000000000001,1.0,1.0,0.9240785241127014,-0.010521303163841367
PPO,35,final,2864,5864,0.0808590865135193,4.0,2.0,0.662264347076416,-0.04527975362725556
PPO,35,final,2865,5865,0.36177582263946534,3.0,3.0,0.4848613142967224,-0.0018902902957051992
PPO,35,final,2866,5866,0.09000000000000001,1.0,1.0,0.30215898156166077,-0.010527193313464522
PPO,35,final,2867,5867,-0.0070161104202270536,5.0,3.0,0.9725927114486694,-0.0336844224948436
PPO,35,final,2868,5868,0.1086117196083069,2.0,2.0,0.761039674282074,-0.03956760745495558
PPO,35,final,2869,5869,0.1384768557548523,3.0,3.0,0.6438287496566772,-0.05540127633139491
PPO,35,final,2870,5870,0.0874623227119446,2.0,2.0,0.7398064732551575,-0.022008348372764885
PPO,35,final,2871,5871,0.12133945703506471,2.0,2.0,0.7000380754470825,-0.03376569435931742
PPO,35,final,2872,5872,0.09000000000000001,1.0,1.0,0.5348315238952637,-0.012125153793022037
PPO,35,final,2873,5873,0.1856298613548279,2.0,2.0,0.6174384951591492,-0.0772903764154762
PPO,35,final,2874,5874,0.02036149024963381,3.0,3.0,0.8344748616218567,-0.029450420988723636
PPO,35,final,2875,5875,0.09000000000000001,1.0,1.0,0.3117307126522064,-0.01127424486912787
PPO,35,final,2876,5876,-0.05694984674453736,8.0,4.0,0.5311992168426514,-0.05186758260242641
PPO,35,final,2877,5877,0.016805963516235367,2.0,2.0,0.34275907278060913,-0.1422430593520403
PPO,35,final,2878,5878,0.12055190086364748,2.0,2.0,0.6317466497421265,-0.015750250546261668
PPO,35,final,2879,5879,0.0026873517036438144,2.0,2.0,0.6812014579772949,-0.057849203469231725
PPO,35,final,2880,5880,0.10984035015106203,2.0,2.0,0.822057843208313,-0.06339824316091835
PPO,35,final,2881,5881,0.09000000000000001,1.0,1.0,0.812064528465271,-0.010968482354655862
PPO,35,final,2882,5882,0.08915318965911866,3.0,2.0,0.6118947267532349,-0.03294156404444948
PPO,35,final,2883,5883,0.09000000000000001,1.0,1.0,0.2906664311885834,-0.007547619403339922
PPO,35,final,2884,5884,0.09000000000000001,1.0,1.0,0.7635114789009094,-0.014438744401559234
PPO,35,final,2885,5885,0.09000000000000001,1.0,1.0,1.1658687591552734,-0.005528125097043812
PPO,35,final,2886,5886,0.09000000000000001,1.0,1.0,0.8079610466957092,-0.013540801126509905
PPO,35,final,2887,5887,0.04100270986557008,3.0,2.0,0.4301336109638214,-0.05062435148283839
PPO,35,final,2888,5888,0.03681936264038086,5.0,2.0,1.075186014175415,-0.06199979956727475
PPO,35,final,2889,5889,0.09000000000000001,1.0,1.0,0.4813663065433502,-0.013744837837293744
PPO,35,final,2890,5890,-0.16191403865814208,5.0,3.0,0.6168853640556335,-0.04900466313119978
PPO,35,final,2891,5891,0.09000000000000001,1.0,1.0,0.7307100892066956,-0.011738546192646027
PPO,35,final,2892,5892,0.097148494720459,2.0,2.0,0.7794841527938843,-0.04550755606032908
PPO,35,final,2893,5893,-0.018211526870727524,2.0,2.0,0.7311955690383911,-0.000927260029129684
PPO,35,final,2894,5894,0.09000000000000001,1.0,1.0,0.7295543551445007,-0.010264587122946978
PPO,35,final,2895,5895,0.09000000000000001,1.0,1.0,0.4847255349159241,-0.004776934627443552
PPO,35,final,2896,5896,-0.07942072868347168,2.0,2.0,0.7106667160987854,-0.027311726938933134
PPO,35,final,2897,5897,0.09000000000000001,1.0,1.0,0.4088529050350189,-0.005567885586060584
PPO,35,final,2898,5898,0.09000000000000001,1.0,1.0,0.9440222382545471,-0.013463283190503716
PPO,35,final,2899,5899,0.09000000000000001,1.0,1.0,0.28912433981895447,-0.004149500047788024
PPO,35,final,2900,5900,0.09000000000000001,1.0,1.0,0.12755587697029114,-0.0022382927127182484
PPO,35,final,2901,5901,0.1669203805923462,2.0,2.0,1.0221601724624634,-0.05623199651017785
PPO,35,final,2902,5902,0.12291825532913209,3.0,3.0,0.6067860722541809,-0.05174011935014278
PPO,35,final,2903,5903,0.09000000000000001,1.0,1.0,0.19844605028629303,-0.011349341832101345
PPO,35,final,2904,5904,0.09000000000000001,1.0,1.0,0.2505493760108948,-0.008816942805424333
PPO,35,final,2905,5905,0.09000000000000001,1.0,1.0,0.4366164803504944,-0.011834384640678763
PPO,35,final,2906,5906,0.09000000000000001,1.0,1.0,0.9727181196212769,-0.01000390388071537
PPO,35,final,2907,5907,0.09000000000000001,1.0,1.0,0.8829602599143982,-0.011375768575817347
PPO,35,final,2908,5908,0.17258925914764406,2.0,2.0,1.0092724561691284,-0.05074888025410473
PPO,35,final,2909,5909,0.07893322587013246,2.0,2.0,0.4173467457294464,-0.008795689791440964
PPO,35,final,2910,5910,0.035891969203948985,3.0,2.0,0.44870874285697937,-0.06269725901074708
PPO,35,final,2911,5911,0.09000000000000001,1.0,1.0,0.09873087704181671,-0.00836439081467688
PPO,35,final,2912,5912,0.16093345403671266,3.0,2.0,0.8175181150436401,-0.05963874387089163
PPO,35,final,2913,5913,0.06704457283020021,2.0,2.0,0.8963455557823181,-0.02064025215804577
PPO,35,final,2914,5914,0.09000000000000001,1.0,1.0,0.5042826533317566,-0.00974156311713159
PPO,35,final,2915,5915,-0.22648065090179442,5.0,3.0,1.2600939273834229,-0.023152556968852878
PPO,35,final,2916,5916,0.26061143159866335,2.0,2.0,0.6395689845085144,0.00601359480060637
PPO,35,final,2917,5917,0.09000000000000001,1.0,1.0,1.0574485063552856,-0.006795275956392288
PPO,35,final,2918,5918,0.09000000000000001,1.0,1.0,0.883021354675293,-0.01200689235702157
PPO,35,final,2919,5919,0.09054048776626587,3.0,2.0,0.7068093419075012,-0.05597926978953183
PPO,35,final,2920,5920,0.09000000000000001,1.0,1.0,0.27116912603378296,-0.004607402719557285
PPO,35,final,2921,5921,0.09000000000000001,1.0,1.0,0.6353972554206848,-0.011242304230108857
PPO,35,final,2922,5922,0.491722412109375,3.0,3.0,1.144997477531433,-0.011540431529283524
PPO,35,final,2923,5923,0.27979631900787355,2.0,2.0,0.8608914613723755,-0.027796608046628535
PPO,35,final,2924,5924,0.27523924589157106,2.0,2.0,0.9130257964134216,-0.04502155492082238
PPO,35,final,2925,5925,0.09000000000000001,1.0,1.0,0.39450767636299133,-0.008905915543437004
PPO,35,final,2926,5926,0.011893696784973151,3.0,3.0,0.6331798434257507,-0.0484328200109303
PPO,35,final,2927,5927,-0.03745384335517883,2.0,2.0,0.5684521794319153,-0.04864027339499444
PPO,35,final,2928,5928,0.2270785140991211,2.0,2.0,1.0560332536697388,-0.03264966909773648
PPO,35,final,2929,5929,0.12987490177154543,2.0,2.0,0.6698244214057922,-0.0891324991825968
PPO,35,final,2930,5930,0.3732730221748352,3.0,3.0,0.6784385442733765,-0.017652940470725298
PPO,35,final,2931,5931,0.09000000000000001,1.0,1.0,0.39686304330825806,-0.01361552788875997
PPO,35,final,2932,5932,0.1771621870994568,2.0,2.0,0.5045363903045654,-0.055831324541941285
PPO,35,final,2933,5933,0.08687366724014284,2.0,2.0,0.8599358797073364,-0.04934709006920457
PPO,35,final,2934,5934,0.11604369401931763,3.0,3.0,0.4845151901245117,-0.051491795340552926
PPO,35,final,2935,5935,0.16633416414260865,5.0,3.0,0.5648162961006165,-0.053462063893675804
PPO,35,final,2936,5936,0.2798352932929993,4.0,3.0,0.8505285382270813,-0.038107575848698616
PPO,35,final,2937,5937,0.10092533349990845,3.0,3.0,0.7082291841506958,-0.05278027430176735
PPO,35,final,2938,5938,0.07698925018310548,2.0,2.0,1.088568091392517,-0.0489415624178946
PPO,35,final,2939,5939,0.09000000000000001,1.0,1.0,0.2790932357311249,-0.00967718125320971
PPO,35,final,2940,5940,0.09000000000000001,1.0,1.0,0.6061548590660095,-0.011814706958830357
PPO,35,final,2941,5941,0.09000000000000001,1.0,1.0,1.038040041923523,-0.015754811465740204
PPO,35,final,2942,5942,0.09000000000000001,1.0,1.0,0.4231046140193939,-0.01185389212332666
PPO,35,final,2943,5943,0.07250364303588869,2.0,2.0,0.7688407897949219,-0.0379211416002363
PPO,35,final,2944,5944,-0.05906797289848327,4.0,2.0,0.4352830946445465,-0.04899613291490823
PPO,35,final,2945,5945,0.09000000000000001,1.0,1.0,0.8592398762702942,-0.008171976660378277
PPO,35,final,2946,5946,0.0631609058380127,4.0,3.0,0.8188117146492004,-0.05814742227084935
PPO,35,final,2947,5947,-0.036146080493926994,5.0,2.0,0.5946542024612427,-0.05103772389702499
PPO,35,final,2948,5948,0.13104473233222963,2.0,2.0,0.35551372170448303,0.052017697249539196
PPO,35,final,2949,5949,0.09000000000000001,1.0,1.0,0.2528553009033203,-0.005376184941269457
PPO,35,final,2950,5950,0.08740897655487062,2.0,2.0,0.8180994987487793,-0.08148074802011251
PPO,35,final,2951,5951,0.09000000000000001,1.0,1.0,0.27234047651290894,-0.0008560068818042055
PPO,35,final,2952,5952,0.09000000000000001,1.0,1.0,0.5797260999679565,-0.005396759836003184
PPO,35,final,2953,5953,0.09000000000000001,1.0,1.0,1.002074956893921,-0.011153234634548426
PPO,35,final,2954,5954,0.09000000000000001,1.0,1.0,0.888201117515564,-0.009184480411931872
PPO,35,final,2955,5955,0.09000000000000001,1.0,1.0,0.4255980849266052,-0.004151714034378529
PPO,35,final,2956,5956,0.11068113327026369,2.0,2.0,0.23579540848731995,-0.054716848680982366
PPO,35,final,2957,5957,0.09000000000000001,1.0,1.0,0.7615119218826294,-0.004793731146492064
PPO,35,final,2958,5958,0.09000000000000001,1.0,1.0,0.4171980321407318,-0.0047412634594365954
PPO,35,final,2959,5959,0.09000000000000001,1.0,1.0,0.5512875318527222,-0.004531628568656743
PPO,35,final,2960,5960,0.09000000000000001,1.0,1.0,0.7294220328330994,-0.009100428316742182
PPO,35,final,2961,5961,0.09000000000000001,1.0,1.0,0.3314872682094574,-0.004900936270132661
PPO,35,final,2962,5962,-0.11096767902374267,2.0,2.0,0.8121303915977478,-0.045365503523498774
PPO,35,final,2963,5963,0.09000000000000001,1.0,1.0,0.7896439433097839,-0.011755321407690644
PPO,35,final,2964,5964,0.09000000000000001,1.0,1.0,1.1233277320861816,-0.004740612464956939
PPO,35,final,2965,5965,0.09000000000000001,1.0,1.0,1.237047791481018,-0.012218550080433488
PPO,35,final,2966,5966,0.12789990186691286,2.0,2.0,0.8626958727836609,-0.0775294175837189
PPO,35,final,2967,5967,0.062099294662475595,2.0,2.0,0.4015190005302429,-0.02823865064419806
PPO,35,final,2968,5968,0.1443787980079651,2.0,2.0,0.7375235557556152,-0.024919690564274788
PPO,35,final,2969,5969,0.09000000000000001,1.0,1.0,0.2788448929786682,-0.0055740311508998275
PPO,35,final,2970,5970,0.09000000000000001,1.0,1.0,0.6650397181510925,-0.008633320918306708
PPO,35,final,2971,5971,0.09000000000000001,1.0,1.0,0.607681155204773,-0.005603055586107075
PPO,35,final,2972,5972,0.08501721143722535,3.0,3.0,0.5667254328727722,-0.060370923834852874
PPO,35,final,2973,5973,0.10212256193161012,2.0,2.0,0.5396813154220581,-0.05306087853386998
PPO,35,final,2974,5974,0.1065665650367737,2.0,2.0,0.9024819135665894,-0.0698545032646507
PPO,35,final,2975,5975,0.09000000000000001,1.0,1.0,0.8069561123847961,-0.013807504205033183
PPO,35,final,2976,5976,-0.09615392804145813,2.0,2.0,0.5943170189857483,-0.009119901689700782
PPO,35,final,2977,5977,0.09000000000000001,1.0,1.0,0.6240686178207397,-0.011136767454445362
PPO,35,final,2978,5978,0.20148128986358643,3.0,3.0,0.5658917427062988,-0.07549428567290306
PPO,35,final,2979,5979,0.06760717630386354,5.0,3.0,0.7915143370628357,-0.06205178890377283
PPO,35,final,2980,5980,0.09000000000000001,1.0,1.0,0.16067995131015778,-0.007753486861474812
PPO,35,final,2981,5981,0.09000000000000001,1.0,1.0,1.1171138286590576,-0.011729360092431307
PPO,35,final,2982,5982,0.09000000000000001,1.0,1.0,0.12483114749193192,-0.011521904496476054
PPO,35,final,2983,5983,0.00763357877731323,5.0,3.0,0.969901978969574,-0.025223953183740377
PPO,35,final,2984,5984,-0.076043598651886,3.0,3.0,0.8962129950523376,-0.03087259759195149
PPO,35,final,2985,5985,0.04790981531143189,3.0,2.0,0.977146565914154,-0.10420049983076751
PPO,35,final,2986,5986,0.09000000000000001,1.0,1.0,0.8925639986991882,-0.012369457399472594
PPO,35,final,2987,5987,0.09000000000000001,1.0,1.0,0.7421116828918457,-0.01026534871198237
PPO,35,final,2988,5988,0.26224215507507326,2.0,2.0,1.0106467008590698,-0.019157410133630037
PPO,35,final,2989,5989,0.09000000000000001,1.0,1.0,0.35513702034950256,-0.011858682613819838
PPO,35,final,2990,5990,0.09000000000000001,1.0,1.0,0.7182851433753967,-0.008358335820958018
PPO,35,final,2991,5991,0.09000000000000001,1.0,1.0,0.7501014471054077,-0.008770805085077882
PPO,35,final,2992,5992,0.0686641550064087,4.0,2.0,0.6832309365272522,-0.023700439371168613
PPO,35,final,2993,5993,0.09000000000000001,1.0,1.0,0.6211971640586853,-0.009363476652652025
PPO,35,final,2994,5994,0.09000000000000001,1.0,1.0,0.6142176985740662,-0.00853853882290423
PPO,35,final,2995,5995,0.09000000000000001,1.0,1.0,0.3898330330848694,-0.008498247480019927
PPO,35,final,2996,5996,0.09000000000000001,1.0,1.0,0.9351772665977478,-0.013285714900121093
PPO,35,final,2997,5997,0.09000000000000001,1.0,1.0,0.2740524113178253,-0.006938300211913884
PPO,35,final,2998,5998,0.09000000000000001,1.0,1.0,0.3245988190174103,-0.008352048695087433
PPO,35,final,2999,5999,0.09000000000000001,1.0,1.0,0.4582223892211914,-0.004757221904583275
PPO,35,final,3000,6000,0.09000000000000001,1.0,1.0,0.4744064509868622,-0.01415794133208692
