agent,seed,phase,local_episode,cumulative_episode,reward,steps,selected_regions,classification_loss,optimization_loss
PPO,45,final,1,3001,0.09000000000000001,1.0,1.0,0.7519089579582214,-0.00018498717690818012
PPO,45,final,2,3002,0.09000000000000001,1.0,1.0,1.1722614765167236,-0.00020006550403195433
PPO,45,final,3,3003,0.09000000000000001,1.0,1.0,0.3057559132575989,-0.00018841352357412688
PPO,45,final,4,3004,0.09000000000000001,1.0,1.0,0.5276416540145874,-1.1198234005860286e-05
PPO,45,final,5,3005,0.09000000000000001,1.0,1.0,0.9571090340614319,-0.0001680900459177792
PPO,45,final,6,3006,0.09000000000000001,1.0,1.0,0.7492693066596985,-0.0003063257900066674
PPO,45,final,7,3007,0.09000000000000001,1.0,1.0,0.7025599479675293,-0.000993986934190616
PPO,45,final,8,3008,0.09000000000000001,1.0,1.0,0.2740911841392517,-0.0006106130604166538
PPO,45,final,9,3009,0.09000000000000001,1.0,1.0,0.2722296416759491,-0.0007006742671364918
PPO,45,final,10,3010,0.09000000000000001,1.0,1.0,0.43597421050071716,-0.00039528077468276024
PPO,45,final,11,3011,0.09000000000000001,1.0,1.0,0.9628333449363708,-0.00034989840060006827
PPO,45,final,12,3012,0.09000000000000001,1.0,1.0,0.9899347424507141,-0.0013165019045118243
PPO,45,final,13,3013,0.09000000000000001,1.0,1.0,0.2661721408367157,-0.00016060408961493522
PPO,45,final,14,3014,0.09000000000000001,1.0,1.0,0.5586301684379578,-0.00042914572986774147
PPO,45,final,15,3015,0.09000000000000001,1.0,1.0,0.38647961616516113,-0.0011883898405358195
PPO,45,final,16,3016,0.09000000000000001,1.0,1.0,0.9310388565063477,-0.0013814546982757747
PPO,45,final,17,3017,0.09000000000000001,1.0,1.0,0.9869691133499146,-0.0014545564772561193
PPO,45,final,18,3018,0.09000000000000001,1.0,1.0,0.48541259765625,-0.002575808030087501
PPO,45,final,19,3019,0.09000000000000001,1.0,1.0,1.2070423364639282,-0.006752634420990944
PPO,45,final,20,3020,0.09000000000000001,1.0,1.0,0.8823357224464417,-0.004359912418294698
PPO,45,final,21,3021,0.09000000000000001,1.0,1.0,0.5299977660179138,-0.0067734402837231755
PPO,45,final,22,3022,0.09000000000000001,1.0,1.0,0.2391871064901352,-0.0062505415407940745
PPO,45,final,23,3023,0.09000000000000001,1.0,1.0,0.7255077958106995,-0.006938490900211036
PPO,45,final,24,3024,0.09289755344390871,3.0,2.0,0.6802642941474915,-0.06546753225848079
PPO,45,final,25,3025,0.23170496702194215,2.0,2.0,0.6347507238388062,-0.12553364096675068
PPO,45,final,26,3026,-0.019531536102294925,5.0,3.0,0.667083203792572,-0.032784763956442475
PPO,45,final,27,3027,0.09000000000000001,1.0,1.0,0.7131258845329285,-0.011579853016883135
PPO,45,final,28,3028,0.15894331216812135,2.0,2.0,0.26654762029647827,-0.05954159435350448
PPO,45,final,29,3029,-0.05701917767524718,6.0,2.0,0.48281511664390564,-0.03334051091223955
PPO,45,final,30,3030,0.17066039323806764,2.0,2.0,0.2599782943725586,-0.06880225532222539
PPO,45,final,31,3031,-0.06503470540046692,5.0,3.0,0.3325595557689667,-0.05347870336845517
PPO,45,final,32,3032,0.09000000000000001,1.0,1.0,0.3246406018733978,-0.012894585030153394
PPO,45,final,33,3033,0.03716321706771851,3.0,2.0,0.6124417185783386,-0.12505065533332527
PPO,45,final,34,3034,0.09000000000000001,1.0,1.0,0.20420829951763153,-0.011551744304597378
PPO,45,final,35,3035,0.08005504488945009,2.0,2.0,0.2241210788488388,-0.13358979462645948
PPO,45,final,36,3036,0.02973190128803254,2.0,2.0,0.21688909828662872,-0.08869996503926814
PPO,45,final,37,3037,0.09000000000000001,1.0,1.0,0.6260152459144592,-0.0021845780429430306
PPO,45,final,38,3038,0.09000000000000001,1.0,1.0,0.6943057179450989,-0.00036561400338541716
PPO,45,final,39,3039,0.09000000000000001,1.0,1.0,0.47285252809524536,-0.00014544094847224187
PPO,45,final,40,3040,0.09000000000000001,1.0,1.0,1.0984550714492798,-0.0001661999776843004
PPO,45,final,41,3041,0.09000000000000001,1.0,1.0,0.7703076004981995,-8.48238396429224e-05
PPO,45,final,42,3042,0.09000000000000001,1.0,1.0,0.20287606120109558,-2.5025728973560035e-05
PPO,45,final,43,3043,0.09000000000000001,1.0,1.0,0.24913933873176575,-9.978544539990253e-06
PPO,45,final,44,3044,0.09000000000000001,1.0,1.0,0.17618794739246368,-4.08865453209728e-05
PPO,45,final,45,3045,0.09000000000000001,1.0,1.0,0.24610574543476105,-0.00014845967962173745
PPO,45,final,46,3046,0.09000000000000001,1.0,1.0,0.48786836862564087,-0.00021211358034634031
PPO,45,final,47,3047,0.09000000000000001,1.0,1.0,0.08361564576625824,-2.810806790876086e-05
PPO,45,final,48,3048,0.09000000000000001,1.0,1.0,0.5937730669975281,-0.0003016679038410075
PPO,45,final,49,3049,0.09000000000000001,1.0,1.0,0.2824695408344269,-1.6156272522493964e-05
PPO,45,final,50,3050,0.09000000000000001,1.0,1.0,0.20214012265205383,-1.1616293249971932e-05
PPO,45,final,51,3051,0.09000000000000001,1.0,1.0,0.9240688681602478,-0.00023731520559522323
PPO,45,final,52,3052,0.09000000000000001,1.0,1.0,0.5537419319152832,-0.00017614790340303443
PPO,45,final,53,3053,0.09000000000000001,1.0,1.0,0.16297245025634766,-0.0002263485839648638
PPO,45,final,54,3054,0.09000000000000001,1.0,1.0,1.0168472528457642,-0.0038318634615279734
PPO,45,final,55,3055,0.09000000000000001,1.0,1.0,0.5814976692199707,-0.00012744767263939139
PPO,45,final,56,3056,0.09000000000000001,1.0,1.0,0.23494325578212738,-0.00010154967094422318
PPO,45,final,57,3057,0.09000000000000001,1.0,1.0,0.3367610275745392,-4.4799990064348094e-05
PPO,45,final,58,3058,0.09000000000000001,1.0,1.0,0.465602844953537,-0.00019002315457328223
PPO,45,final,59,3059,0.09000000000000001,1.0,1.0,0.4801104664802551,-0.00016908095858525485
PPO,45,final,60,3060,0.09000000000000001,1.0,1.0,0.4450167715549469,-0.0004656067685573362
PPO,45,final,61,3061,0.09000000000000001,1.0,1.0,0.7449274063110352,-7.963014832057524e-05
PPO,45,final,62,3062,0.09000000000000001,1.0,1.0,0.337425172328949,-0.00011695260764099658
PPO,45,final,63,3063,0.09000000000000001,1.0,1.0,0.44269779324531555,-0.0005821785016451031
PPO,45,final,64,3064,0.09000000000000001,1.0,1.0,0.4429965317249298,-0.000692605201038532
PPO,45,final,65,3065,0.09000000000000001,1.0,1.0,0.6324563026428223,-4.376343622425338e-05
PPO,45,final,66,3066,0.09000000000000001,1.0,1.0,0.14491775631904602,-0.00043434256804175675
PPO,45,final,67,3067,0.09000000000000001,1.0,1.0,0.9773916602134705,-0.000522147340234369
PPO,45,final,68,3068,0.09000000000000001,1.0,1.0,0.03149941936135292,-9.722331196826417e-05
PPO,45,final,69,3069,0.09000000000000001,1.0,1.0,0.45190557837486267,-0.0002589273717603646
PPO,45,final,70,3070,0.09000000000000001,1.0,1.0,0.9709555506706238,-0.0016519683122169226
PPO,45,final,71,3071,0.09000000000000001,1.0,1.0,0.23826415836811066,-0.0004193546701571904
PPO,45,final,72,3072,0.09000000000000001,1.0,1.0,0.570159912109375,-0.0005152620142325759
PPO,45,final,73,3073,0.09000000000000001,1.0,1.0,0.40053591132164,-0.0012513544934336096
PPO,45,final,74,3074,0.09000000000000001,1.0,1.0,0.19540657103061676,-0.0009520165185676888
PPO,45,final,75,3075,0.09000000000000001,1.0,1.0,0.4162810146808624,-0.001086952310288325
PPO,45,final,76,3076,0.09000000000000001,1.0,1.0,0.5288397669792175,-0.0009684723481768742
PPO,45,final,77,3077,0.09000000000000001,1.0,1.0,0.857181966304779,-0.002573285368271172
PPO,45,final,78,3078,0.09000000000000001,1.0,1.0,0.6528683304786682,-0.006646799040026963
PPO,45,final,79,3079,0.09000000000000001,1.0,1.0,0.757899284362793,-0.006226106663234532
PPO,45,final,80,3080,0.09000000000000001,1.0,1.0,0.5678033232688904,-0.005289538996294141
PPO,45,final,81,3081,0.09000000000000001,1.0,1.0,0.8766108751296997,-0.012901612790301442
PPO,45,final,82,3082,0.09000000000000001,1.0,1.0,0.0984572097659111,-0.011179344728589058
PPO,45,final,83,3083,0.09000000000000001,1.0,1.0,0.2381044328212738,-0.01223570923320949
PPO,45,final,84,3084,0.05814708948135377,2.0,2.0,0.633682370185852,-0.13004107354208827
PPO,45,final,85,3085,0.17211277961730959,2.0,2.0,1.1616497039794922,-0.05089157784823328
PPO,45,final,86,3086,0.027497785091400162,2.0,2.0,0.9472251534461975,-0.0785321332514286
PPO,45,final,87,3087,-0.1423788523674011,6.0,3.0,0.5361881256103516,-0.06832820433191955
PPO,45,final,88,3088,-0.019315206408500665,4.0,2.0,0.21396274864673615,-0.08865116420201957
PPO,45,final,89,3089,0.09000000000000001,1.0,1.0,0.21408571302890778,-0.0071822653990238905
PPO,45,final,90,3090,0.09000000000000001,1.0,1.0,0.2946116030216217,-0.00734604790341109
PPO,45,final,91,3091,0.04318048238754273,2.0,2.0,0.28484413027763367,-0.08534465811681002
PPO,45,final,92,3092,0.09000000000000001,1.0,1.0,0.24203023314476013,-0.0025735675590112805
PPO,45,final,93,3093,0.09000000000000001,1.0,1.0,0.13933590054512024,-0.0012460441794246435
PPO,45,final,94,3094,0.09000000000000001,1.0,1.0,0.7390780448913574,-0.0029493526672013104
PPO,45,final,95,3095,0.09000000000000001,1.0,1.0,0.4154917895793915,-0.0004355682322056964
PPO,45,final,96,3096,0.09000000000000001,1.0,1.0,0.326352596282959,-0.0031994841410778463
PPO,45,final,97,3097,0.09000000000000001,1.0,1.0,0.8293929100036621,-0.0012600100599229336
PPO,45,final,98,3098,0.09000000000000001,1.0,1.0,0.875261664390564,-0.0017473878397140652
PPO,45,final,99,3099,0.09000000000000001,1.0,1.0,0.8931342959403992,-0.002865526592358947
PPO,45,final,100,3100,0.06510684072971346,2.0,2.0,0.23519165813922882,-0.06294089529546909
PPO,45,final,101,3101,0.09000000000000001,1.0,1.0,0.3124978244304657,-0.0004219054681016132
PPO,45,final,102,3102,0.09000000000000001,1.0,1.0,0.9153738617897034,-0.0008358063496416435
PPO,45,final,103,3103,0.09000000000000001,1.0,1.0,1.0683162212371826,-0.0013917073956690729
PPO,45,final,104,3104,0.09000000000000001,1.0,1.0,0.9082704782485962,-0.0003671664380817674
PPO,45,final,105,3105,0.09000000000000001,1.0,1.0,0.36934518814086914,-7.45602446841076e-05
PPO,45,final,106,3106,0.09000000000000001,1.0,1.0,1.044858694076538,-0.0010062448272947222
PPO,45,final,107,3107,0.09000000000000001,1.0,1.0,0.5332340598106384,-0.0011629062937572598
PPO,45,final,108,3108,0.09000000000000001,1.0,1.0,0.7963777780532837,-0.0006759587122360244
PPO,45,final,109,3109,0.09000000000000001,1.0,1.0,0.8149877786636353,-0.0016730984789319336
PPO,45,final,110,3110,0.09000000000000001,1.0,1.0,0.6728435158729553,-0.0002821228772518225
PPO,45,final,111,3111,0.09000000000000001,1.0,1.0,0.5221676230430603,-0.0005912545457249507
PPO,45,final,112,3112,0.09000000000000001,1.0,1.0,0.12661436200141907,-0.00041022705408977345
PPO,45,final,113,3113,0.09000000000000001,1.0,1.0,1.108486533164978,-0.003456155944149941
PPO,45,final,114,3114,0.09000000000000001,1.0,1.0,0.8182786107063293,-0.0010366493952460587
PPO,45,final,115,3115,0.09000000000000001,1.0,1.0,0.4399397671222687,-0.0008340342901647091
PPO,45,final,116,3116,0.09000000000000001,1.0,1.0,0.7441081404685974,-0.001681058231042698
PPO,45,final,117,3117,0.09000000000000001,1.0,1.0,0.3498785197734833,-0.00047403216012753546
PPO,45,final,118,3118,0.09000000000000001,1.0,1.0,0.7172293066978455,-0.0007853701245039701
PPO,45,final,119,3119,0.09000000000000001,1.0,1.0,0.612541139125824,-0.005430040415376425
PPO,45,final,120,3120,0.09000000000000001,1.0,1.0,0.39838704466819763,-0.0010096515907207504
PPO,45,final,121,3121,0.09000000000000001,1.0,1.0,0.36059078574180603,-0.002084496198222041
PPO,45,final,122,3122,0.09000000000000001,1.0,1.0,0.2792929708957672,-0.005825610947795212
PPO,45,final,123,3123,0.2680229115486145,2.0,2.0,0.3901219367980957,-0.0793215692974627
PPO,45,final,124,3124,0.09000000000000001,1.0,1.0,0.5803056359291077,-0.008709189132787287
PPO,45,final,125,3125,0.09000000000000001,1.0,1.0,0.665800154209137,-0.008840758935548365
PPO,45,final,126,3126,0.09000000000000001,1.0,1.0,0.5731400847434998,-0.004954210831783712
PPO,45,final,127,3127,0.11559335112571717,3.0,3.0,0.43474552035331726,-0.1197567842900753
PPO,45,final,128,3128,0.08098783522844316,2.0,2.0,0.10106527805328369,0.011840753257274628
PPO,45,final,129,3129,0.24164427042007447,3.0,3.0,0.7283754944801331,-0.007164086331613362
PPO,45,final,130,3130,-0.1945757722854614,6.0,3.0,0.3773960769176483,-0.03331603994593024
PPO,45,final,131,3131,0.1535602879524231,3.0,3.0,0.9717910885810852,-0.038552936632186174
PPO,45,final,132,3132,-0.3840762639045715,9.0,2.0,0.8125718235969543,0.01716602430678904
PPO,45,final,133,3133,-0.6069103360176087,10.0,2.0,0.38485780358314514,0.09336517006158829
PPO,45,final,134,3134,-0.08119613289833068,6.0,2.0,0.2585589587688446,-0.02875046886038035
PPO,45,final,135,3135,0.2498258125782013,3.0,3.0,0.2887583076953888,-0.012355216429568827
PPO,45,final,136,3136,0.09000000000000001,1.0,1.0,0.8227067589759827,-0.0020036521018482745
PPO,45,final,137,3137,0.047937856912612924,2.0,2.0,0.5286424160003662,-0.09598150290548801
PPO,45,final,138,3138,0.21721469044685365,2.0,2.0,0.46986469626426697,0.007124057039618492
PPO,45,final,139,3139,0.09000000000000001,1.0,1.0,0.7798032760620117,-0.008204580284655094
PPO,45,final,140,3140,0.09000000000000001,1.0,1.0,0.7318841814994812,-0.006961943814530969
PPO,45,final,141,3141,0.19360380053520204,2.0,2.0,0.29708927869796753,-0.0730844308855012
PPO,45,final,142,3142,-0.07931668162345885,5.0,2.0,0.46161022782325745,0.028153525083325803
PPO,45,final,143,3143,0.09000000000000001,1.0,1.0,0.3822534680366516,-0.008669968927279115
PPO,45,final,144,3144,0.09000000000000001,1.0,1.0,0.8582629561424255,-0.010623987531289458
PPO,45,final,145,3145,-0.1694080293178558,5.0,2.0,0.5403896570205688,-0.03541044786106795
PPO,45,final,146,3146,0.18960888862609865,2.0,2.0,0.8626280426979065,-0.010669486480765045
PPO,45,final,147,3147,0.09000000000000001,1.0,1.0,0.7744311690330505,-0.010641732951626182
PPO,45,final,148,3148,-0.1352589440345764,7.0,2.0,0.5613675713539124,-0.029465230996720493
PPO,45,final,149,3149,-0.4812193393707276,10.0,2.0,0.8149935603141785,0.07147921435534954
PPO,45,final,150,3150,0.09165240049362183,3.0,3.0,0.4802512526512146,-0.07388958230149001
PPO,45,final,151,3151,-0.10391590356826781,6.0,2.0,0.5129235982894897,-0.029563958873040974
PPO,45,final,152,3152,0.11826712846755982,4.0,3.0,0.5817539095878601,-0.05640002596192062
PPO,45,final,153,3153,0.09000000000000001,1.0,1.0,1.0447880029678345,-0.00939831486903131
PPO,45,final,154,3154,0.09000000000000001,1.0,1.0,0.4783095717430115,-0.009366970509290695
PPO,45,final,155,3155,0.09000000000000001,1.0,1.0,0.4017399847507477,-0.007534730830229819
PPO,45,final,156,3156,0.15093173265457155,2.0,2.0,0.2727486491203308,-0.0809682512190193
PPO,45,final,157,3157,0.07934726953506471,2.0,2.0,0.13312941789627075,0.022066571516916156
PPO,45,final,158,3158,0.3203446936607361,3.0,3.0,0.5974788665771484,-0.042840504087507725
PPO,45,final,159,3159,-0.3802690982818604,10.0,2.0,0.818514883518219,0.0647993590682745
PPO,45,final,160,3160,0.051235305070877084,2.0,2.0,0.20038112998008728,-0.07622483919840306
PPO,45,final,161,3161,0.09000000000000001,1.0,1.0,0.09337271749973297,-0.004739827651064843
PPO,45,final,162,3162,0.07174854159355165,2.0,2.0,0.4767013192176819,-0.09621080802753568
PPO,45,final,163,3163,0.20440389394760133,2.0,2.0,0.61156165599823,0.04961037077009678
PPO,45,final,164,3164,0.09000000000000001,1.0,1.0,0.587697446346283,-0.002662136743310839
PPO,45,final,165,3165,0.09000000000000001,1.0,1.0,0.3603241443634033,-0.005254708230495453
PPO,45,final,166,3166,0.09000000000000001,1.0,1.0,0.21478374302387238,-0.0030698346672579646
PPO,45,final,167,3167,0.09000000000000001,1.0,1.0,0.24568350613117218,-0.0070758446818217635
PPO,45,final,168,3168,0.09000000000000001,1.0,1.0,0.4852091372013092,-0.0008646100177429616
PPO,45,final,169,3169,0.08515782833099367,2.0,2.0,0.5741817355155945,-0.08147254888899624
PPO,45,final,170,3170,0.21780611991882326,3.0,2.0,0.3419646620750427,-0.019956632633693516
PPO,45,final,171,3171,0.09000000000000001,1.0,1.0,0.9943885207176208,-0.008332329336553812
PPO,45,final,172,3172,0.06605549335479738,2.0,2.0,0.8558845520019531,-0.08364853204693645
PPO,45,final,173,3173,0.09000000000000001,1.0,1.0,0.2935292422771454,-0.0012852051586378366
PPO,45,final,174,3174,0.2590875792503357,2.0,2.0,0.808153510093689,-0.03056836233008653
PPO,45,final,175,3175,0.09000000000000001,1.0,1.0,0.4375036060810089,0.0002863751506083645
PPO,45,final,176,3176,0.09000000000000001,1.0,1.0,0.8529999852180481,-0.006418544799089432
PPO,45,final,177,3177,0.09000000000000001,1.0,1.0,0.24057357013225555,0.00026978959795087576
PPO,45,final,178,3178,0.09000000000000001,1.0,1.0,0.3561754822731018,-0.0015244792739395052
PPO,45,final,179,3179,0.09000000000000001,1.0,1.0,0.5872220396995544,-0.006602623499929905
PPO,45,final,180,3180,0.09000000000000001,1.0,1.0,0.6248075366020203,-0.004307411145418882
PPO,45,final,181,3181,0.10005344629287721,2.0,2.0,0.7259807586669922,-0.05986670439597219
PPO,45,final,182,3182,0.1272407937049866,2.0,2.0,0.5597376227378845,-0.10759607283398509
PPO,45,final,183,3183,0.22698874950408937,2.0,2.0,0.7235466241836548,-0.1296610286226496
PPO,45,final,184,3184,-0.493187415599823,10.0,2.0,0.9445162415504456,0.08380777202546597
PPO,45,final,185,3185,-0.5844611406326294,10.0,2.0,0.5350257158279419,0.0857203509658575
PPO,45,final,186,3186,-0.4481117308139801,10.0,2.0,0.4583342373371124,0.07303853332996368
PPO,45,final,187,3187,-0.517948392033577,10.0,2.0,0.19785916805267334,0.07048558630049229
PPO,45,final,188,3188,-0.5878136262297631,10.0,2.0,0.12062156945466995,0.06858308240771294
PPO,45,final,189,3189,-0.5876880168914795,10.0,2.0,0.43909120559692383,0.06324827205389738
PPO,45,final,190,3190,-0.6243637681007387,10.0,2.0,1.0329033136367798,0.06071494519710541
PPO,45,final,191,3191,-0.4821556091308594,10.0,2.0,0.892113983631134,0.04942707996815443
PPO,45,final,192,3192,-0.5594960927963257,10.0,2.0,0.08095581084489822,0.04647571686655283
PPO,45,final,193,3193,-0.4599287986755371,10.0,2.0,0.21484827995300293,0.04140906408429146
PPO,45,final,194,3194,-0.589274275302887,10.0,2.0,0.6561098098754883,0.044275013729929924
PPO,45,final,195,3195,-0.5692816853523255,10.0,2.0,0.23584415018558502,0.04031897149980068
PPO,45,final,196,3196,-0.4564814746379852,10.0,2.0,0.3004150390625,0.03312171623110771
PPO,45,final,197,3197,-0.5352813184261322,10.0,2.0,0.4990312159061432,0.03352255281060934
PPO,45,final,198,3198,-0.414189088344574,10.0,2.0,0.9892867207527161,0.02720277337357402
PPO,45,final,199,3199,-0.45140581130981444,10.0,2.0,0.681370735168457,0.026022540405392647
PPO,45,final,200,3200,-0.5760975658893586,10.0,2.0,0.40156418085098267,0.028374827466905117
PPO,45,final,201,3201,-0.44820390939712523,10.0,2.0,0.8772391080856323,0.022045398596674204
PPO,45,final,202,3202,-0.561495053768158,10.0,2.0,0.31096261739730835,0.023795598186552525
PPO,45,final,203,3203,-0.4792191863059998,10.0,2.0,0.3784481883049011,0.019387913402169943
PPO,45,final,204,3204,-0.6092645108699799,10.0,2.0,0.4499449133872986,0.021902908571064472
PPO,45,final,205,3205,-0.4774940192699432,10.0,2.0,0.4368792474269867,0.01613733172416687
PPO,45,final,206,3206,-0.6221700787544252,10.0,2.0,0.5183935761451721,0.019513956271111965
PPO,45,final,207,3207,-0.6180560022592545,10.0,2.0,0.19381260871887207,0.01720247231423855
PPO,45,final,208,3208,-0.5184619307518006,10.0,2.0,0.29095152020454407,0.014370354590937495
PPO,45,final,209,3209,-0.6114381432533265,10.0,2.0,0.3255748748779297,0.01576164085417986
PPO,45,final,210,3210,-0.5929519712924958,10.0,2.0,0.3270431160926819,0.014527768827974796
PPO,45,final,211,3211,-0.49380605220794677,10.0,2.0,0.5664357542991638,0.012028640834614635
PPO,45,final,212,3212,-0.6048989176750184,10.0,2.0,0.8287169337272644,0.014371462631970644
PPO,45,final,213,3213,-0.5755430936813355,10.0,2.0,0.1491878777742386,0.007554998970590532
PPO,45,final,214,3214,-0.6108623027801514,10.0,2.0,0.4738128185272217,0.014101781882345676
PPO,45,final,215,3215,-0.5591329962015152,10.0,2.0,0.2563193142414093,0.012629104079678655
PPO,45,final,216,3216,-0.5701308131217957,10.0,2.0,0.6903715133666992,0.012815016554668546
PPO,45,final,217,3217,-0.5694151252508164,10.0,2.0,0.2554705739021301,0.012702310690656304
PPO,45,final,218,3218,-0.36624302268028264,10.0,2.0,0.42656823992729187,0.010045285103842616
PPO,45,final,219,3219,-0.46701337695121764,10.0,2.0,0.33803898096084595,0.010799294104799628
PPO,45,final,220,3220,-0.3295001268386841,10.0,2.0,0.641045868396759,0.01005357108078897
PPO,45,final,221,3221,-0.6206924200057985,10.0,2.0,0.5531944036483765,0.014031505677849054
PPO,45,final,222,3222,-0.3708659887313843,10.0,2.0,0.4291565418243408,0.010098583530634642
PPO,45,final,223,3223,-0.5491679191589356,10.0,2.0,0.7043806910514832,0.012198829092085361
PPO,45,final,224,3224,-0.6362394571304323,10.0,2.0,0.7405176162719727,0.014483005739748478
PPO,45,final,225,3225,-0.3504895448684693,10.0,2.0,0.6943539977073669,0.01004470163024962
PPO,45,final,226,3226,-0.43488727807998656,10.0,2.0,0.48167330026626587,0.010372326243668795
PPO,45,final,227,3227,-0.5380068451166153,10.0,2.0,0.21362636983394623,0.012009906815364957
PPO,45,final,228,3228,-0.6037956357002259,10.0,2.0,0.31306353211402893,0.013406753074377775
PPO,45,final,229,3229,-0.5521029114723206,10.0,2.0,0.8308939337730408,0.012323689414188266
PPO,45,final,230,3230,-0.5828044891357422,10.0,2.0,0.2866862714290619,0.01303319027647376
PPO,45,final,231,3231,-0.5954671978950501,10.0,2.0,0.7873382568359375,0.013344384031370282
PPO,45,final,232,3232,-0.3642589926719666,10.0,2.0,0.7608359456062317,0.010090561816468835
PPO,45,final,233,3233,-0.29933779239654545,10.0,2.0,0.7016744613647461,0.010126855690032244
PPO,45,final,234,3234,-0.5094686627388001,10.0,2.0,0.4539899528026581,0.011493758531287313
PPO,45,final,235,3235,-0.6523595035076143,10.0,2.0,0.48474088311195374,0.014998257160186768
PPO,45,final,236,3236,-0.5375389337539673,10.0,2.0,0.29691702127456665,0.012035299558192492
PPO,45,final,237,3237,-0.6215503096580507,10.0,2.0,1.062074065208435,0.014033966697752476
PPO,45,final,238,3238,-0.6378656506538393,10.0,2.0,0.8545974493026733,0.014529452892020345
PPO,45,final,239,3239,-0.48482685089111327,10.0,2.0,0.264091819524765,0.011106657329946756
PPO,45,final,240,3240,-0.628630179166794,10.0,2.0,0.5397210717201233,0.01424117898568511
PPO,45,final,241,3241,-0.576853084564209,10.0,2.0,0.6326159238815308,0.012879089685156941
PPO,45,final,242,3242,-0.48485426902770995,10.0,2.0,0.6429919600486755,0.011139663634821773
PPO,45,final,243,3243,-0.5079433202743531,10.0,2.0,0.39567118883132935,0.011108472244814038
PPO,45,final,244,3244,-0.5704844772815705,10.0,2.0,0.419527530670166,0.012558700516819954
PPO,45,final,245,3245,-0.5652336433529854,10.0,2.0,0.06696802377700806,0.012516460148617625
PPO,45,final,246,3246,-0.3981149077415467,10.0,2.0,0.5898265242576599,0.009582648985087872
PPO,45,final,247,3247,-0.556140947341919,10.0,2.0,0.6604637503623962,0.012413856107741594
PPO,45,final,248,3248,-0.5579818814992905,10.0,2.0,0.25475114583969116,0.012004169402644038
PPO,45,final,249,3249,-0.3592846274375916,10.0,2.0,0.9456841349601746,0.010017152642831206
PPO,45,final,250,3250,-0.5435013353824616,10.0,2.0,0.129869744181633,0.01215025456622243
PPO,45,final,251,3251,-0.44659225940704345,10.0,2.0,0.8434993028640747,0.010590421268716455
PPO,45,final,252,3252,-0.5989153861999512,10.0,2.0,0.675733208656311,0.013027173234149814
PPO,45,final,253,3253,-0.5230613231658936,10.0,2.0,0.8324447274208069,0.011746071744710207
PPO,45,final,254,3254,-0.6776033520698549,10.0,2.0,0.6584863662719727,0.015683609526604414
PPO,45,final,255,3255,-0.5420997917652131,10.0,2.0,0.17406439781188965,0.012117701582610607
PPO,45,final,256,3256,-0.497017639875412,10.0,2.0,0.2018814980983734,0.011280263075605035
PPO,45,final,257,3257,-0.5468067705631257,10.0,2.0,0.21796788275241852,0.011980409733951092
PPO,45,final,258,3258,-0.5045791894197464,10.0,2.0,0.12364430725574493,0.011325133731588721
PPO,45,final,259,3259,-0.6148054331541062,10.0,2.0,0.18452665209770203,0.012251889565959573
PPO,45,final,260,3260,-0.48452924489974974,10.0,2.0,0.7067742347717285,0.011049011023715138
PPO,45,final,261,3261,-0.5555025860667229,10.0,3.0,0.16558875143527985,0.0073377366643399
PPO,45,final,262,3262,-0.4312267184257507,10.0,2.0,0.6258934140205383,0.010079992702230811
PPO,45,final,263,3263,-0.4691437065601349,10.0,2.0,0.2601713538169861,0.01083300425671041
PPO,45,final,264,3264,-0.5869891822338105,10.0,2.0,0.3696436882019043,0.01301967492327094
PPO,45,final,265,3265,-0.6143484890460968,10.0,2.0,0.4854317307472229,0.013810886070132256
PPO,45,final,266,3266,-0.5824947834014893,10.0,2.0,0.27106836438179016,0.012372745666652918
PPO,45,final,267,3267,-0.5215134024620056,10.0,3.0,0.5547731518745422,-0.006018128478899598
PPO,45,final,268,3268,-0.5676809430122376,10.0,2.0,0.1687542349100113,0.012192730093374848
PPO,45,final,269,3269,-0.5543934285640717,10.0,2.0,0.3508937656879425,0.009949342114850879
PPO,45,final,270,3270,-0.641529279947281,10.0,2.0,0.539440929889679,0.011823609005659819
PPO,45,final,271,3271,-0.5423112392425538,10.0,2.0,0.9595643281936646,0.011440461268648505
PPO,45,final,272,3272,-0.36248444318771367,10.0,2.0,0.4058513641357422,0.009563261177390814
PPO,45,final,273,3273,-0.5034300714731217,10.0,2.0,0.12528759241104126,0.007568028289824724
PPO,45,final,274,3274,-0.5209162831306458,10.0,3.0,0.8104731440544128,0.0023789787956047803
PPO,45,final,275,3275,-0.5335926964879036,10.0,2.0,0.11601834744215012,0.01106471917591989
PPO,45,final,276,3276,-0.5614018023014069,10.0,2.0,0.2971826195716858,0.011170585406944156
PPO,45,final,277,3277,-0.4947893500328064,10.0,2.0,0.5065175294876099,0.010129977250471711
PPO,45,final,278,3278,-0.5062919139862061,10.0,2.0,0.3806142807006836,0.010235665366053581
PPO,45,final,279,3279,-0.48910974264144896,10.0,2.0,0.7538924813270569,0.009419319685548544
PPO,45,final,280,3280,-0.5782410681247712,10.0,2.0,0.43967390060424805,0.01263185334391892
PPO,45,final,281,3281,-0.5174350738525391,10.0,3.0,0.7357730269432068,-0.00652210065163672
PPO,45,final,282,3282,-0.5516621351242066,10.0,2.0,1.0755681991577148,0.01220252807252109
PPO,45,final,283,3283,-0.4523792743682861,10.0,2.0,1.1530958414077759,0.009733482031151652
PPO,45,final,284,3284,-0.5620790898799897,10.0,2.0,0.4263114929199219,0.012408498441800475
PPO,45,final,285,3285,-0.39820044040679936,10.0,2.0,0.8842357397079468,0.010091077070683241
PPO,45,final,286,3286,-0.5621508240699769,10.0,2.0,0.2452944815158844,0.01232598116621375
PPO,45,final,287,3287,-0.23157148361206056,10.0,2.0,0.864195704460144,0.009107096353545785
PPO,45,final,288,3288,-0.40160127282142644,10.0,2.0,0.4819173514842987,0.009000152815133333
PPO,45,final,289,3289,-0.7973402023315432,10.0,2.0,0.899200975894928,0.02036058809608221
PPO,45,final,290,3290,-0.47886132001876835,10.0,2.0,0.9776257872581482,0.009113520151004195
PPO,45,final,291,3291,-0.42386175990104674,10.0,2.0,0.26889288425445557,0.007311652647331357
PPO,45,final,292,3292,-0.4932352304458618,10.0,3.0,0.33102384209632874,-0.0065253241918981075
PPO,45,final,293,3293,-0.6562883779406549,10.0,3.0,0.2505037486553192,0.004833864921238273
PPO,45,final,294,3294,-0.6336077630519868,10.0,2.0,0.38714247941970825,0.01130454009398818
PPO,45,final,295,3295,-0.6953954398632052,10.0,3.0,0.5036391019821167,-0.006935984711162746
PPO,45,final,296,3296,-0.28651829361915593,10.0,2.0,0.49640998244285583,0.006919444189406931
PPO,45,final,297,3297,-0.6095148801803589,10.0,2.0,0.8797091245651245,0.013315929332748055
PPO,45,final,298,3298,-0.5910757660865784,10.0,2.0,0.5939399003982544,0.010983691550791264
PPO,45,final,299,3299,-0.5332999408245087,10.0,2.0,0.22936494648456573,0.010308570927008986
PPO,45,final,300,3300,-0.5063168287277222,10.0,2.0,1.107877254486084,0.010746395215392113
PPO,45,final,301,3301,-0.5529989629983902,10.0,2.0,0.17679332196712494,0.010591174475848675
PPO,45,final,302,3302,-0.4013622879981995,10.0,2.0,0.6233891248703003,0.00884567154571414
PPO,45,final,303,3303,-0.6402391076087953,10.0,2.0,0.2776256203651428,0.011045072227716446
PPO,45,final,304,3304,-0.6080338165163994,10.0,2.0,0.16980089247226715,0.00716217455919832
PPO,45,final,305,3305,-0.528257179260254,10.0,2.0,0.5853099226951599,0.008402290288358927
PPO,45,final,306,3306,-0.5363227307796479,10.0,2.0,0.3883889615535736,0.00525421358179301
PPO,45,final,307,3307,-0.5467833161354065,10.0,2.0,0.6987753510475159,0.010188499232754111
PPO,45,final,308,3308,-0.5595281600952149,10.0,2.0,0.5265317559242249,0.004154682043008506
PPO,45,final,309,3309,-0.46208298206329346,10.0,3.0,0.5453518033027649,-0.018432028125971556
PPO,45,final,310,3310,-0.4390770196914673,10.0,3.0,0.860446572303772,0.0025860349414870143
PPO,45,final,311,3311,0.09000000000000001,1.0,1.0,0.10752148181200027,0.0700366161763668
PPO,45,final,312,3312,-0.02976125478744507,5.0,4.0,0.4027251601219177,-0.039980699541047215
PPO,45,final,313,3313,-0.6255410611629486,10.0,3.0,0.4503624439239502,-0.027552937157452106
PPO,45,final,314,3314,-0.1994910669326782,7.0,3.0,0.4236534535884857,-0.02381751360371709
PPO,45,final,315,3315,-0.06656303048133848,4.0,3.0,0.37760162353515625,-0.05458626709878445
PPO,45,final,316,3316,-0.3266392159461975,8.0,3.0,0.9158965349197388,-0.04760183137841523
PPO,45,final,317,3317,-0.41867971420288086,10.0,3.0,0.671718955039978,-0.010357685619965196
PPO,45,final,318,3318,-0.00858716249465942,3.0,2.0,0.6531776785850525,-0.0873953509144485
PPO,45,final,319,3319,0.09000000000000001,1.0,1.0,0.20396065711975098,0.043497626669704914
PPO,45,final,320,3320,0.045676695108413705,2.0,2.0,0.3848964273929596,-0.05194327188655734
PPO,45,final,321,3321,0.09000000000000001,1.0,1.0,0.5255835652351379,0.035452814772725105
PPO,45,final,322,3322,0.1893353033065796,2.0,2.0,0.6196981072425842,0.005167772527784109
PPO,45,final,323,3323,0.09000000000000001,1.0,1.0,0.355299711227417,0.027802887372672558
PPO,45,final,324,3324,0.15004271984100342,3.0,3.0,0.6443735361099243,-0.05603762809187174
PPO,45,final,325,3325,0.09000000000000001,1.0,1.0,0.3803865611553192,0.023453641682863235
PPO,45,final,326,3326,0.00886668682098389,3.0,2.0,1.1344245672225952,-0.007077264133840799
PPO,45,final,327,3327,0.09000000000000001,1.0,1.0,0.6367146372795105,0.017693262081593275
PPO,45,final,328,3328,0.09000000000000001,1.0,1.0,0.21110956370830536,0.01952556660398841
PPO,45,final,329,3329,0.09000000000000001,1.0,1.0,0.18917234241962433,0.015320076839998364
PPO,45,final,330,3330,0.09000000000000001,1.0,1.0,0.7635205388069153,0.011034076334908605
PPO,45,final,331,3331,0.08902426481246949,3.0,2.0,0.8751220703125,-0.05961251258850098
PPO,45,final,332,3332,0.03418339252471924,4.0,3.0,0.8446877598762512,-0.06914610625244677
PPO,45,final,333,3333,0.09000000000000001,1.0,1.0,0.7086232304573059,0.006998545257374644
PPO,45,final,334,3334,0.09000000000000001,1.0,1.0,0.4773208200931549,0.009461523965001106
PPO,45,final,335,3335,0.09000000000000001,1.0,1.0,0.5840194821357727,0.004843247355893254
PPO,45,final,336,3336,0.09000000000000001,1.0,1.0,0.4181119501590729,0.004420682787895203
PPO,45,final,337,3337,0.12763083934783936,4.0,3.0,0.5861725211143494,-0.03806336736306548
PPO,45,final,338,3338,0.09000000000000001,1.0,1.0,0.49460455775260925,0.0018193044234067202
PPO,45,final,339,3339,0.09000000000000001,1.0,1.0,0.5691123604774475,0.004687818349339068
PPO,45,final,340,3340,0.21520848751068117,2.0,2.0,0.6058722138404846,-0.056854558642953634
PPO,45,final,341,3341,0.09000000000000001,1.0,1.0,0.722815215587616,0.0006376113742589951
PPO,45,final,342,3342,0.0460860300064087,2.0,2.0,0.8372487425804138,-0.05069685960188508
PPO,45,final,343,3343,-0.04634720921516418,4.0,2.0,0.2593708634376526,-0.07589023537002504
PPO,45,final,344,3344,0.09000000000000001,1.0,1.0,0.19411800801753998,0.002620008192025125
PPO,45,final,345,3345,0.09000000000000001,1.0,1.0,0.6099377274513245,0.0003132366109639406
PPO,45,final,346,3346,0.09000000000000001,1.0,1.0,0.12198752909898758,0.0020211772061884403
PPO,45,final,347,3347,0.1943602728843689,2.0,2.0,0.8095465898513794,-0.05009314650669694
PPO,45,final,348,3348,0.09000000000000001,1.0,1.0,0.2282179445028305,0.0013941071229055524
PPO,45,final,349,3349,0.04492362022399903,2.0,2.0,1.0780855417251587,-0.017616225755773485
PPO,45,final,350,3350,0.09307618618011476,2.0,2.0,0.9409627914428711,-0.013028434826992452
PPO,45,final,351,3351,0.09000000000000001,1.0,1.0,0.4371236264705658,-0.0051962671568617225
PPO,45,final,352,3352,-0.01916996240615844,5.0,2.0,0.8136503100395203,-0.02431941614486277
PPO,45,final,353,3353,0.15103121280670168,2.0,2.0,0.7045640349388123,-0.018988094059750438
PPO,45,final,354,3354,0.09000000000000001,1.0,1.0,0.20893633365631104,0.001479579834267497
PPO,45,final,355,3355,0.06334902524948122,2.0,2.0,0.8491000533103943,-0.01907224953174591
PPO,45,final,356,3356,0.0708246695995331,2.0,2.0,0.27255433797836304,-0.12297834677156061
PPO,45,final,357,3357,0.09000000000000001,1.0,1.0,0.5635610222816467,-0.00730692339129746
PPO,45,final,358,3358,0.09000000000000001,1.0,1.0,0.3318803608417511,-0.004025294911116362
PPO,45,final,359,3359,0.14508624553680421,2.0,2.0,0.5994116067886353,-0.04000674735289067
PPO,45,final,360,3360,0.09000000000000001,1.0,1.0,0.24505916237831116,-0.007701275870203972
PPO,45,final,361,3361,0.10085366845130922,2.0,2.0,0.42421087622642517,-0.086780448211357
PPO,45,final,362,3362,0.13130720138549806,2.0,2.0,0.9013997316360474,-0.13617461652029306
PPO,45,final,363,3363,0.05009611606597901,4.0,2.0,1.0893551111221313,0.03416761296102777
PPO,45,final,364,3364,0.09000000000000001,1.0,1.0,0.26930251717567444,-0.007558570127002895
PPO,45,final,365,3365,-0.5780459523200989,10.0,2.0,0.5715552568435669,0.06853721756488085
PPO,45,final,366,3366,-0.013375205993652328,2.0,2.0,0.3074016571044922,-0.08141583437100053
PPO,45,final,367,3367,0.12026663303375246,2.0,2.0,0.6802348494529724,0.04367120948154479
PPO,45,final,368,3368,0.09000000000000001,1.0,1.0,0.41432061791419983,-0.0015817696694284678
PPO,45,final,369,3369,0.18449674725532533,2.0,2.0,0.48666563630104065,-0.08728896011598408
PPO,45,final,370,3370,0.09000000000000001,1.0,1.0,0.21059158444404602,-0.0016915828455239534
PPO,45,final,371,3371,-0.07314346551895141,2.0,2.0,0.7565457224845886,-0.026016050716862082
PPO,45,final,372,3372,0.09000000000000001,1.0,1.0,0.5066937208175659,-0.0009843598818406463
PPO,45,final,373,3373,0.024907128810882584,2.0,2.0,0.6344771981239319,-0.09931466542184353
PPO,45,final,374,3374,-0.05999473571777343,4.0,2.0,1.0981143712997437,-0.10283462866209447
PPO,45,final,375,3375,0.09000000000000001,1.0,1.0,0.15862759947776794,-0.0024640087503939867
PPO,45,final,376,3376,0.09000000000000001,1.0,1.0,0.1021178588271141,-0.0009807677706703544
PPO,45,final,377,3377,0.09000000000000001,1.0,1.0,0.2882945239543915,-0.008373953169211745
PPO,45,final,378,3378,0.06939066410064698,4.0,3.0,0.6389511227607727,-0.051081557758152485
PPO,45,final,379,3379,0.09000000000000001,1.0,1.0,0.9108924269676208,-0.006569500197656453
PPO,45,final,380,3380,0.09000000000000001,1.0,1.0,0.3556831181049347,-0.006902551627717912
PPO,45,final,381,3381,0.09000000000000001,1.0,1.0,0.38014551997184753,-0.003910195431672037
PPO,45,final,382,3382,0.18278701782226564,2.0,2.0,0.6893478035926819,-0.11665222654119134
PPO,45,final,383,3383,0.019843893051147476,2.0,2.0,0.7119425535202026,-0.10162827419117093
PPO,45,final,384,3384,-0.19276351571083067,9.0,3.0,0.3399381637573242,-0.04429009207524359
PPO,45,final,385,3385,0.09000000000000001,1.0,1.0,0.16856491565704346,-0.006470770109444857
PPO,45,final,386,3386,0.021729756593704228,3.0,2.0,0.2275141328573227,-0.08482017181813717
PPO,45,final,387,3387,0.09000000000000001,1.0,1.0,0.3600240647792816,-0.005600177799351513
PPO,45,final,388,3388,0.09000000000000001,1.0,1.0,0.5932731628417969,-0.007965986849740148
PPO,45,final,389,3389,0.25735140800476075,4.0,3.0,0.6087697148323059,-0.0837238400708884
PPO,45,final,390,3390,0.26090861082077027,3.0,3.0,0.7911829352378845,-0.05040112906135619
PPO,45,final,391,3391,0.09000000000000001,1.0,1.0,0.21227964758872986,0.0007400247268378735
PPO,45,final,392,3392,0.09000000000000001,1.0,1.0,0.0321943573653698,0.0010403329652035609
PPO,45,final,393,3393,0.09000000000000001,1.0,1.0,0.8074591755867004,-0.006379023659974337
PPO,45,final,394,3394,0.18356646776199342,2.0,2.0,0.9223925471305847,-0.0837551214499399
PPO,45,final,395,3395,-0.06907658576965332,5.0,3.0,0.5510230660438538,-0.0059210252948105335
PPO,45,final,396,3396,-0.008631414175033561,5.0,2.0,0.43787088990211487,-0.0777742121135816
PPO,45,final,397,3397,0.09000000000000001,1.0,1.0,0.23805327713489532,-0.0025903279311023653
PPO,45,final,398,3398,-0.11800739765167235,5.0,2.0,1.1880196332931519,-0.0614913662429899
PPO,45,final,399,3399,0.1640081298351288,3.0,2.0,0.43588003516197205,-0.009673990891315043
PPO,45,final,400,3400,0.09000000000000001,1.0,1.0,0.672618567943573,-0.007079856703057885
PPO,45,final,401,3401,0.06145329952239991,2.0,2.0,0.36315399408340454,-0.0639619812136516
PPO,45,final,402,3402,0.09000000000000001,1.0,1.0,0.6417376399040222,-0.008037057938054204
PPO,45,final,403,3403,0.09000000000000001,1.0,1.0,0.1939878761768341,0.00029748157248832285
PPO,45,final,404,3404,0.09000000000000001,1.0,1.0,0.8657848238945007,-0.0006473351968452334
PPO,45,final,405,3405,0.06759132623672487,2.0,2.0,0.813230037689209,-0.0886520124040544
PPO,45,final,406,3406,0.09000000000000001,1.0,1.0,0.23585033416748047,0.0002598180071800016
PPO,45,final,407,3407,0.09000000000000001,1.0,1.0,0.7719433903694153,-0.0014978944382164627
PPO,45,final,408,3408,0.09000000000000001,1.0,1.0,0.13049285113811493,0.000567340524867177
PPO,45,final,409,3409,0.22705204963684084,2.0,2.0,0.5129686594009399,-0.0506311368662864
PPO,45,final,410,3410,0.09000000000000001,1.0,1.0,0.7331435084342957,-0.0026324281352572143
PPO,45,final,411,3411,0.09000000000000001,1.0,1.0,0.3055228888988495,0.0002664350176928565
PPO,45,final,412,3412,0.09000000000000001,1.0,1.0,0.3547043204307556,0.00016632175174891017
PPO,45,final,413,3413,0.09000000000000001,1.0,1.0,0.14404356479644775,0.000253885991696734
PPO,45,final,414,3414,0.11258597850799562,2.0,2.0,0.2774849236011505,-0.07111846754560247
PPO,45,final,415,3415,0.15905113697052004,2.0,2.0,0.9858988523483276,-0.07730629981961101
PPO,45,final,416,3416,0.09000000000000001,1.0,1.0,0.20294296741485596,-0.0005457105726236477
PPO,45,final,417,3417,0.10404540777206422,2.0,2.0,0.3443087041378021,-0.12565900036133826
PPO,45,final,418,3418,0.24434043645858766,2.0,2.0,0.5181151628494263,-0.1152849888894707
PPO,45,final,419,3419,-0.21835603177547452,6.0,2.0,0.2605859339237213,0.05602058256044984
PPO,45,final,420,3420,-0.4722100496292114,10.0,3.0,0.7808546423912048,0.06585395894944668
PPO,45,final,421,3421,-0.32269294857978825,10.0,2.0,0.48165491223335266,0.07120578363537788
PPO,45,final,422,3422,0.04218103408813477,3.0,2.0,0.5097038149833679,-0.07801534899044782
PPO,45,final,423,3423,0.09000000000000001,1.0,1.0,0.1279596984386444,-0.007687378907576203
PPO,45,final,424,3424,0.02190667808055878,3.0,2.0,0.16129127144813538,-0.10460975905880332
PPO,45,final,425,3425,0.09000000000000001,1.0,1.0,0.3297653794288635,-0.006758011062629521
PPO,45,final,426,3426,0.09000000000000001,1.0,1.0,0.34405049681663513,-0.0056337794521823525
PPO,45,final,427,3427,0.03927143096923829,2.0,2.0,0.761667788028717,-0.08011352573521435
PPO,45,final,428,3428,0.09000000000000001,1.0,1.0,0.14244067668914795,0.00035472732270136476
PPO,45,final,429,3429,0.09000000000000001,1.0,1.0,0.3493519127368927,-1.3682292774319649e-06
PPO,45,final,430,3430,0.12649817943573,2.0,2.0,1.085756778717041,-0.03369532589567825
PPO,45,final,431,3431,0.09000000000000001,1.0,1.0,0.43118205666542053,-0.0029385280213318765
PPO,45,final,432,3432,0.09000000000000001,1.0,1.0,0.8891585469245911,-0.008638909086585045
PPO,45,final,433,3433,0.09000000000000001,1.0,1.0,0.7839442491531372,-0.006029607495293021
PPO,45,final,434,3434,0.09000000000000001,1.0,1.0,0.28913575410842896,-0.0015771356120239943
PPO,45,final,435,3435,0.09000000000000001,1.0,1.0,0.3110540807247162,-0.0019480747869238257
PPO,45,final,436,3436,0.09000000000000001,1.0,1.0,0.7687814831733704,-0.002787891891784966
PPO,45,final,437,3437,0.09000000000000001,1.0,1.0,0.5345989465713501,-0.004486876423470676
PPO,45,final,438,3438,0.09000000000000001,1.0,1.0,0.5757050514221191,-0.00798142678104341
PPO,45,final,439,3439,0.09000000000000001,1.0,1.0,0.4365609586238861,-0.008484783815219998
PPO,45,final,440,3440,0.13685520172119142,2.0,2.0,0.9428719282150269,-0.08808063343167305
PPO,45,final,441,3441,0.09000000000000001,1.0,1.0,0.8419461846351624,-0.008551479782909155
PPO,45,final,442,3442,-0.1445257794857025,2.0,2.0,0.6749005317687988,-0.024233620148152113
PPO,45,final,443,3443,0.09000000000000001,1.0,1.0,0.24225950241088867,-0.0018767596338875592
PPO,45,final,444,3444,0.13537354946136476,2.0,2.0,0.30453845858573914,-0.05124461854575202
PPO,45,final,445,3445,0.09000000000000001,1.0,1.0,0.22053717076778412,-0.004978064331226051
PPO,45,final,446,3446,0.09000000000000001,1.0,1.0,0.628021776676178,-0.008221196942031384
PPO,45,final,447,3447,-0.19772647857666015,4.0,3.0,0.8982105255126953,-0.027628178941085935
PPO,45,final,448,3448,0.14971675157547,2.0,2.0,0.7535902857780457,-0.004688657820224762
PPO,45,final,449,3449,0.09000000000000001,1.0,1.0,1.1525417566299438,-0.009754210943356156
PPO,45,final,450,3450,0.09000000000000001,1.0,1.0,0.9291172027587891,-0.010902009205892682
PPO,45,final,451,3451,-0.07751307010650636,7.0,2.0,0.7335311770439148,-0.025973674142733216
PPO,45,final,452,3452,0.09000000000000001,1.0,1.0,0.11297575384378433,-0.0025104741798713803
PPO,45,final,453,3453,0.09000000000000001,1.0,1.0,0.5072808861732483,-0.008626507595181465
PPO,45,final,454,3454,0.09000000000000001,1.0,1.0,0.14623846113681793,-0.01164396503008902
PPO,45,final,455,3455,-0.0021940898895263516,2.0,2.0,0.7454124093055725,-0.09160913550294936
PPO,45,final,456,3456,0.1928429126739502,5.0,3.0,0.7663021087646484,-0.07954389229416847
PPO,45,final,457,3457,0.09000000000000001,1.0,1.0,0.21187077462673187,-0.0032844332745298743
PPO,45,final,458,3458,0.09000000000000001,1.0,1.0,0.8719573020935059,-0.009496391518041492
PPO,45,final,459,3459,0.23126156806945802,2.0,2.0,0.8482705950737,-0.03862714674323797
PPO,45,final,460,3460,0.09000000000000001,1.0,1.0,0.6513381600379944,-0.008932275464758277
PPO,45,final,461,3461,0.09000000000000001,1.0,1.0,0.5841287970542908,-0.0043212525779381394
PPO,45,final,462,3462,0.09000000000000001,1.0,1.0,0.1009175106883049,-0.0035179787664674222
PPO,45,final,463,3463,0.09000000000000001,1.0,1.0,0.1909971386194229,-0.0061284981202334166
PPO,45,final,464,3464,0.09000000000000001,1.0,1.0,0.6627130508422852,-0.009580515092238784
PPO,45,final,465,3465,0.09000000000000001,1.0,1.0,0.2127048671245575,-0.006519455346278846
PPO,45,final,466,3466,0.05500786185264588,2.0,2.0,0.3710334300994873,-0.09363799844868481
PPO,45,final,467,3467,0.09000000000000001,1.0,1.0,0.46433025598526,-0.008863199269399047
PPO,45,final,468,3468,0.09000000000000001,1.0,1.0,0.16715773940086365,-0.0040322813438251615
PPO,45,final,469,3469,0.09000000000000001,1.0,1.0,1.0180703401565552,-0.013432472245767713
PPO,45,final,470,3470,-0.015960795879363998,2.0,2.0,0.7482799291610718,-0.06384827895089984
PPO,45,final,471,3471,0.09000000000000001,1.0,1.0,0.30741164088249207,-0.0029939597006887197
PPO,45,final,472,3472,0.09000000000000001,1.0,1.0,0.16352103650569916,-0.0011716035369317979
PPO,45,final,473,3473,0.09000000000000001,1.0,1.0,0.9449567794799805,-0.005606143153272569
PPO,45,final,474,3474,0.09000000000000001,1.0,1.0,0.8428645730018616,-0.005403757211752236
PPO,45,final,475,3475,0.09000000000000001,1.0,1.0,0.15547190606594086,-0.0016603070544078946
PPO,45,final,476,3476,0.09000000000000001,1.0,1.0,0.13847647607326508,-0.0006729704764438793
PPO,45,final,477,3477,0.09000000000000001,1.0,1.0,0.7328056693077087,-0.0018821817066054791
PPO,45,final,478,3478,0.09000000000000001,1.0,1.0,0.944974422454834,-0.012295290129259229
PPO,45,final,479,3479,0.09000000000000001,1.0,1.0,0.14066708087921143,-0.0006832912913523614
PPO,45,final,480,3480,0.09000000000000001,1.0,1.0,0.21552099287509918,-0.0006826871249359101
PPO,45,final,481,3481,0.09000000000000001,1.0,1.0,0.7938453555107117,-0.007162229623645544
PPO,45,final,482,3482,0.09000000000000001,1.0,1.0,0.4284050464630127,-0.0008168239000951871
PPO,45,final,483,3483,0.09000000000000001,1.0,1.0,0.7074307203292847,-0.003695878607686609
PPO,45,final,484,3484,0.09000000000000001,1.0,1.0,0.5937304496765137,-0.003699925262480974
PPO,45,final,485,3485,0.09000000000000001,1.0,1.0,0.31065937876701355,-0.0032971383770927787
PPO,45,final,486,3486,0.09000000000000001,1.0,1.0,0.32464736700057983,-0.002166853111702949
PPO,45,final,487,3487,0.09000000000000001,1.0,1.0,0.26940175890922546,-0.003328094957396388
PPO,45,final,488,3488,0.08724089145660402,2.0,2.0,0.37477535009384155,-0.06284478143788874
PPO,45,final,489,3489,0.09000000000000001,1.0,1.0,0.6237464547157288,-0.004795980523340404
PPO,45,final,490,3490,0.09000000000000001,1.0,1.0,0.41505029797554016,-0.003405662951990962
PPO,45,final,491,3491,0.09000000000000001,1.0,1.0,0.574373185634613,-0.006095362012274563
PPO,45,final,492,3492,0.09000000000000001,1.0,1.0,0.5714789628982544,-0.002887953072786331
PPO,45,final,493,3493,0.09000000000000001,1.0,1.0,0.36392492055892944,-0.005976932123303413
PPO,45,final,494,3494,0.09000000000000001,1.0,1.0,0.09247690439224243,-0.00031505229708272964
PPO,45,final,495,3495,0.09000000000000001,1.0,1.0,0.6504839658737183,-0.0012281913368497044
PPO,45,final,496,3496,0.09000000000000001,1.0,1.0,0.37615132331848145,-0.0005299909971654415
PPO,45,final,497,3497,0.09000000000000001,1.0,1.0,0.2682773768901825,-0.0005189906805753708
PPO,45,final,498,3498,0.09000000000000001,1.0,1.0,0.3184576630592346,-0.002887111098971218
PPO,45,final,499,3499,0.09000000000000001,1.0,1.0,0.4254339337348938,-0.0007388724770862609
PPO,45,final,500,3500,0.09000000000000001,1.0,1.0,0.7422474026679993,-0.00883861817419529
PPO,45,final,501,3501,0.09000000000000001,1.0,1.0,0.5459234118461609,-0.010211622575297952
PPO,45,final,502,3502,0.09000000000000001,1.0,1.0,0.30839642882347107,-0.0029942640103399754
PPO,45,final,503,3503,0.09000000000000001,1.0,1.0,0.7475989460945129,-0.007047475664876401
PPO,45,final,504,3504,0.09000000000000001,1.0,1.0,0.11140746623277664,-0.0013859961763955653
PPO,45,final,505,3505,0.09000000000000001,1.0,1.0,0.7026761770248413,-0.012594801839441061
PPO,45,final,506,3506,0.22547777175903322,2.0,2.0,0.7699426412582397,-0.0761165451258421
PPO,45,final,507,3507,0.09000000000000001,1.0,1.0,0.35443538427352905,-0.007388165919110179
PPO,45,final,508,3508,0.09000000000000001,1.0,1.0,0.8586169481277466,-0.015005307039245963
PPO,45,final,509,3509,0.09000000000000001,1.0,1.0,0.09039913862943649,-0.00814998080022633
PPO,45,final,510,3510,0.30326600551605226,2.0,2.0,0.4780900478363037,-0.07226256304420531
PPO,45,final,511,3511,0.09000000000000001,1.0,1.0,0.23815284669399261,-0.01328663108870387
PPO,45,final,512,3512,0.034819550514221205,3.0,3.0,1.2253074645996094,-0.08254906092770398
PPO,45,final,513,3513,0.08696466445922853,4.0,4.0,0.5673355460166931,-0.032508830074220896
PPO,45,final,514,3514,-0.15847775101661682,6.0,4.0,0.5570901036262512,-0.019288700306788087
PPO,45,final,515,3515,0.09000000000000001,1.0,1.0,0.20628724992275238,-0.012539207935333252
PPO,45,final,516,3516,0.12652348160743715,2.0,2.0,0.41631677746772766,-0.1114820537623018
PPO,45,final,517,3517,-0.0046889090538024675,4.0,3.0,0.8607610464096069,-0.02512735966593027
PPO,45,final,518,3518,-0.11516924738883973,4.0,3.0,0.5967755913734436,-0.06181803159415722
PPO,45,final,519,3519,-0.2681563305854797,8.0,3.0,0.6939597129821777,-0.02826434001326561
PPO,45,final,520,3520,0.12592055082321169,2.0,2.0,0.9747204184532166,-0.02597739757038653
PPO,45,final,521,3521,0.09000000000000001,1.0,1.0,0.2945043742656708,-0.010649643372744322
PPO,45,final,522,3522,0.09000000000000001,1.0,1.0,0.12859311699867249,-0.009994068648666143
PPO,45,final,523,3523,0.08895538926124574,2.0,2.0,0.1908741444349289,-0.07123578386381269
PPO,45,final,524,3524,0.14741887331008913,2.0,2.0,0.8053620457649231,-0.06469128374010324
PPO,45,final,525,3525,-0.04637693405151365,4.0,3.0,0.9028964042663574,-0.021479348419234157
PPO,45,final,526,3526,0.09000000000000001,1.0,1.0,0.07226292043924332,-0.005922271520830691
PPO,45,final,527,3527,0.09000000000000001,1.0,1.0,1.0591922998428345,-0.012693921569734812
PPO,45,final,528,3528,-0.007141811847686752,2.0,2.0,0.6220634579658508,-0.07545346370898187
PPO,45,final,529,3529,0.039800124168396005,2.0,2.0,0.7025251984596252,-0.1401569009758532
PPO,45,final,530,3530,0.09000000000000001,1.0,1.0,0.6845199465751648,-0.012438799953088164
PPO,45,final,531,3531,0.09000000000000001,1.0,1.0,0.7342626452445984,-0.01030176249332726
PPO,45,final,532,3532,0.09000000000000001,1.0,1.0,0.2881844937801361,-0.0013620767858810723
PPO,45,final,533,3533,0.12728758335113527,2.0,2.0,0.5034192204475403,-0.06319874944165349
PPO,45,final,534,3534,0.09000000000000001,1.0,1.0,0.36153945326805115,-0.005728877033106983
PPO,45,final,535,3535,0.09000000000000001,1.0,1.0,0.3673759400844574,-0.006426238804124296
PPO,45,final,536,3536,0.09000000000000001,1.0,1.0,0.5511752963066101,-0.004043835098855197
PPO,45,final,537,3537,0.09000000000000001,1.0,1.0,0.14638885855674744,-0.006187945720739663
PPO,45,final,538,3538,0.027694480419158944,2.0,2.0,0.39690741896629333,-0.05885854898951948
PPO,45,final,539,3539,0.15596379518508913,2.0,2.0,0.4466100335121155,-0.048029457801021636
PPO,45,final,540,3540,0.1662885117530823,2.0,2.0,0.5117305517196655,-0.10695624176878482
PPO,45,final,541,3541,0.03733386516571045,3.0,2.0,0.42214521765708923,-0.018450353760272264
PPO,45,final,542,3542,0.08639186799526216,2.0,2.0,0.2264561504125595,-0.09739831066690385
PPO,45,final,543,3543,0.09000000000000001,1.0,1.0,0.3475628197193146,-0.0019001048931386322
PPO,45,final,544,3544,0.08091063976287843,2.0,2.0,0.07680124789476395,-0.07261014997493476
PPO,45,final,545,3545,0.09000000000000001,1.0,1.0,0.18774805963039398,-0.0011367326078470796
PPO,45,final,546,3546,0.09000000000000001,1.0,1.0,0.9318849444389343,-0.0038208893383853137
PPO,45,final,547,3547,0.09000000000000001,1.0,1.0,1.1116983890533447,-0.002817207423504442
PPO,45,final,548,3548,0.09000000000000001,1.0,1.0,0.6533211469650269,-0.0040265124989673495
PPO,45,final,549,3549,0.09000000000000001,1.0,1.0,0.30620941519737244,-0.0009326033032266423
PPO,45,final,550,3550,0.09000000000000001,1.0,1.0,0.9484023451805115,-0.01034285593777895
PPO,45,final,551,3551,0.13683434009552004,2.0,2.0,0.5300796627998352,-0.09285471332259476
PPO,45,final,552,3552,0.22399062633514405,3.0,3.0,1.2729543447494507,-0.08527151076123118
PPO,45,final,553,3553,0.08093204259872437,4.0,2.0,0.814531683921814,0.03289480321109295
PPO,45,final,554,3554,0.09000000000000001,1.0,1.0,0.46383610367774963,-0.0014539141266141087
PPO,45,final,555,3555,-0.00450801134109495,3.0,3.0,0.7925777435302734,-0.05818304209969938
PPO,45,final,556,3556,0.08818824768066408,2.0,2.0,0.6793060302734375,-0.074929463211447
PPO,45,final,557,3557,0.09000000000000001,1.0,1.0,0.40622177720069885,-0.005497335107065737
PPO,45,final,558,3558,0.09000000000000001,1.0,1.0,0.12905848026275635,-0.00034024772321572527
PPO,45,final,559,3559,0.09000000000000001,1.0,1.0,0.35526758432388306,-0.0034081260673701763
PPO,45,final,560,3560,0.09000000000000001,1.0,1.0,0.8959679007530212,-0.0031069437391124666
PPO,45,final,561,3561,0.09000000000000001,1.0,1.0,0.5106638073921204,-0.00518217496573925
PPO,45,final,562,3562,0.09000000000000001,1.0,1.0,0.7210020422935486,-0.0038773040287196636
PPO,45,final,563,3563,0.09000000000000001,1.0,1.0,0.2822536826133728,-0.010896774241700768
PPO,45,final,564,3564,0.0972519087791443,2.0,2.0,0.25672540068626404,-0.06146027715294622
PPO,45,final,565,3565,-0.05325226306915283,2.0,2.0,0.7482558488845825,-0.03501462680287659
PPO,45,final,566,3566,0.09000000000000001,1.0,1.0,0.1555137187242508,-0.0010248410108033568
PPO,45,final,567,3567,0.09000000000000001,1.0,1.0,0.7592551112174988,-0.010359998559579253
PPO,45,final,568,3568,0.09000000000000001,1.0,1.0,0.9880286455154419,-0.011772755300626159
PPO,45,final,569,3569,0.09000000000000001,1.0,1.0,0.21147660911083221,-0.00034573378798086196
PPO,45,final,570,3570,0.09000000000000001,1.0,1.0,0.13719205558300018,-0.0019056927703786641
PPO,45,final,571,3571,0.09000000000000001,1.0,1.0,1.1985927820205688,-0.012031944934278727
PPO,45,final,572,3572,0.09000000000000001,1.0,1.0,0.14682839810848236,-0.0009576510783517733
PPO,45,final,573,3573,0.09000000000000001,1.0,1.0,0.6472803950309753,-0.00280651415232569
PPO,45,final,574,3574,0.2677498030662537,2.0,2.0,0.5619950294494629,-0.08508268254809082
PPO,45,final,575,3575,0.19762899160385133,2.0,2.0,0.5827645659446716,-0.06576586130540818
PPO,45,final,576,3576,0.2752946186065674,2.0,2.0,0.619745135307312,-0.055373133276589215
PPO,45,final,577,3577,0.14856137514114381,2.0,2.0,0.9628013968467712,-0.11369718494825065
PPO,45,final,578,3578,0.09000000000000001,1.0,1.0,0.5607685446739197,-0.0117425627540797
PPO,45,final,579,3579,0.06527354001998903,2.0,2.0,0.5901653170585632,-0.049063367769122124
PPO,45,final,580,3580,0.09000000000000001,1.0,1.0,0.45079848170280457,-0.013250141870230436
PPO,45,final,581,3581,0.08333666801452638,2.0,2.0,0.7698736786842346,-0.04698554193601012
PPO,45,final,582,3582,0.037919441163539895,2.0,2.0,0.1534542739391327,-0.09253126429393888
PPO,45,final,583,3583,0.09000000000000001,1.0,1.0,0.6415086388587952,-0.011228755582123995
PPO,45,final,584,3584,0.1059879231452942,2.0,2.0,0.5083258748054504,-0.020898797665722668
PPO,45,final,585,3585,0.16915370702743532,2.0,2.0,0.36944881081581116,-0.07192879822105169
PPO,45,final,586,3586,0.12741665720939638,2.0,2.0,0.36779341101646423,-0.08972110226750374
PPO,45,final,587,3587,0.04127665281295777,3.0,2.0,0.902081310749054,0.028384774923324585
PPO,45,final,588,3588,0.09000000000000001,1.0,1.0,0.35520246624946594,-0.011348579078912735
PPO,45,final,589,3589,0.16641257882118227,2.0,2.0,0.38999059796333313,-0.025776713388040662
PPO,45,final,590,3590,0.22876312017440797,2.0,2.0,0.9238325953483582,-0.07972757483366877
PPO,45,final,591,3591,-0.06590951323509216,4.0,2.0,0.20943062007427216,0.041878054616972804
PPO,45,final,592,3592,0.3065925407409668,2.0,2.0,0.7393534779548645,-0.039849795401096344
PPO,45,final,593,3593,-0.595305073261261,10.0,2.0,0.2851375937461853,0.09779979102313519
PPO,45,final,594,3594,-0.048976588249206546,5.0,3.0,0.6671112775802612,-0.06168336083646864
PPO,45,final,595,3595,-0.37010178565979,10.0,3.0,1.1525853872299194,-0.01417054864577949
PPO,45,final,596,3596,-0.5276480197906495,10.0,2.0,0.7199608087539673,0.018247254192829132
PPO,45,final,597,3597,0.09000000000000001,1.0,1.0,0.4196436405181885,0.06553484639152884
PPO,45,final,598,3598,-0.44932548999786376,10.0,2.0,1.0393733978271484,0.04859321843832731
PPO,45,final,599,3599,-0.0044178152084350525,4.0,2.0,0.7762028574943542,-0.05647222566767596
PPO,45,final,600,3600,0.12463035106658937,3.0,2.0,0.6429376602172852,-0.056119633838534355
PPO,45,final,601,3601,-0.5408355474472046,10.0,2.0,0.761810839176178,0.05991699267178774
PPO,45,final,602,3602,0.09000000000000001,1.0,1.0,1.134313941001892,0.005564101040363312
PPO,45,final,603,3603,0.09000000000000001,1.0,1.0,0.21441665291786194,0.004883206565864384
PPO,45,final,604,3604,0.1337591576576233,2.0,2.0,0.900570809841156,-0.01797821605578065
PPO,45,final,605,3605,0.09000000000000001,1.0,1.0,0.17467644810676575,-0.0034504944924265146
PPO,45,final,606,3606,0.11715750813484194,3.0,2.0,0.48793455958366394,-0.019686272833496332
PPO,45,final,607,3607,0.09000000000000001,1.0,1.0,0.5187767148017883,-0.010464887134730816
PPO,45,final,608,3608,0.13043339729309084,2.0,2.0,0.6811098456382751,-0.03166616731323302
PPO,45,final,609,3609,-0.46058504581451415,10.0,2.0,0.5664946436882019,0.07853625155985355
PPO,45,final,610,3610,0.05659385442733765,3.0,2.0,0.9302125573158264,-0.06114759738557041
PPO,45,final,611,3611,0.10129233598709106,5.0,2.0,0.6590216755867004,-0.07824165653437376
PPO,45,final,612,3612,0.06863983631134034,4.0,2.0,0.7119378447532654,-0.08895247697364539
PPO,45,final,613,3613,0.09000000000000001,1.0,1.0,0.050373680889606476,-0.0032337195007130504
PPO,45,final,614,3614,-0.18870985865592954,6.0,2.0,0.31401756405830383,-0.020647353027015924
PPO,45,final,615,3615,0.09000000000000001,1.0,1.0,0.06969879567623138,-0.0034253845806233585
PPO,45,final,616,3616,0.09000000000000001,1.0,1.0,0.32934433221817017,-0.003983398957643658
PPO,45,final,617,3617,-0.36243727207183835,10.0,2.0,1.5236272811889648,0.006799045251682401
PPO,45,final,618,3618,0.15868015050888062,4.0,3.0,0.6818104982376099,-0.05012811941560358
PPO,45,final,619,3619,0.09000000000000001,1.0,1.0,0.2322084754705429,-0.004473870270885527
PPO,45,final,620,3620,0.09000000000000001,1.0,1.0,0.3139328956604004,-0.004676673328503966
PPO,45,final,621,3621,0.09000000000000001,1.0,1.0,0.5216008424758911,-0.006808255217038095
PPO,45,final,622,3622,0.09000000000000001,1.0,1.0,0.7204657196998596,-0.007382546900771558
PPO,45,final,623,3623,0.09000000000000001,1.0,1.0,0.7840514183044434,-0.011473962105810642
PPO,45,final,624,3624,0.09000000000000001,1.0,1.0,0.7694196105003357,-0.008800534764304757
PPO,45,final,625,3625,0.09000000000000001,1.0,1.0,0.4474664330482483,-0.007050804328173399
PPO,45,final,626,3626,0.09000000000000001,1.0,1.0,0.6810659766197205,-0.009646617574617267
PPO,45,final,627,3627,0.09000000000000001,1.0,1.0,0.07400413602590561,-0.0035117135266773403
PPO,45,final,628,3628,0.2912240695953369,3.0,3.0,0.928891658782959,-0.0457100176718086
PPO,45,final,629,3629,0.09000000000000001,1.0,1.0,0.21929135918617249,-0.010645739268511534
PPO,45,final,630,3630,0.19043399572372438,2.0,2.0,0.6720811128616333,-0.04979488730896264
PPO,45,final,631,3631,0.09000000000000001,1.0,1.0,0.5196699500083923,-0.01447658333927393
PPO,45,final,632,3632,-0.05532084226608276,2.0,2.0,0.762423038482666,-0.024534276453778148
PPO,45,final,633,3633,0.19576324701309206,2.0,2.0,0.6600527167320251,-0.0466735539957881
PPO,45,final,634,3634,0.09000000000000001,1.0,1.0,0.31035566329956055,-0.0051189803052693605
PPO,45,final,635,3635,0.09000000000000001,1.0,1.0,0.6813653707504272,-0.015438578091561794
PPO,45,final,636,3636,0.06741716146469118,2.0,2.0,0.5670443773269653,-0.026875013951212168
PPO,45,final,637,3637,0.11509467840194704,2.0,2.0,0.7067500948905945,-0.05640195542946458
PPO,45,final,638,3638,0.07016600847244264,2.0,2.0,0.7692307233810425,-0.042810867074877024
PPO,45,final,639,3639,0.09000000000000001,1.0,1.0,0.5427682995796204,-0.012481586541980505
PPO,45,final,640,3640,0.06001313209533692,2.0,2.0,0.21424494683742523,-0.06722392002120614
PPO,45,final,641,3641,0.04731668710708619,2.0,2.0,1.0028595924377441,-0.08617471856996417
PPO,45,final,642,3642,0.0996552872657776,2.0,2.0,0.8352170586585999,0.0007176653016358614
PPO,45,final,643,3643,0.09000000000000001,1.0,1.0,0.13237544894218445,-0.005843836232088506
PPO,45,final,644,3644,-0.0039013409614562927,4.0,2.0,0.8827904462814331,-0.04584965715184808
PPO,45,final,645,3645,0.09000000000000001,1.0,1.0,0.6301790475845337,-0.014734797179698944
PPO,45,final,646,3646,0.09000000000000001,1.0,1.0,0.28744855523109436,-0.00711160444188863
PPO,45,final,647,3647,0.024423303008079544,2.0,2.0,0.1901424378156662,-0.06981499004177749
PPO,45,final,648,3648,0.11976354002952577,2.0,2.0,0.37014099955558777,0.003709169803187251
PPO,45,final,649,3649,0.09000000000000001,1.0,1.0,0.6100422739982605,-0.012312846258282661
PPO,45,final,650,3650,0.09000000000000001,1.0,1.0,0.7728418111801147,-0.011164621682837605
PPO,45,final,651,3651,0.09000000000000001,1.0,1.0,0.5532538294792175,-0.008867538534104824
PPO,45,final,652,3652,0.049222600460052474,5.0,3.0,0.6594149470329285,-0.0380622548982501
PPO,45,final,653,3653,0.09000000000000001,1.0,1.0,0.3998676836490631,-0.012668049428611994
PPO,45,final,654,3654,0.09000000000000001,1.0,1.0,0.9835648536682129,-0.013463518349453807
PPO,45,final,655,3655,0.09000000000000001,1.0,1.0,0.5086032152175903,-0.006168671417981386
PPO,45,final,656,3656,0.07437478184700014,2.0,2.0,0.20394624769687653,-0.06204726593568921
PPO,45,final,657,3657,-0.04646430730819702,2.0,2.0,0.6631320118904114,-0.09187815291807055
PPO,45,final,658,3658,0.16820879459381105,2.0,2.0,0.3333527147769928,0.03270393214188516
PPO,45,final,659,3659,0.09000000000000001,1.0,1.0,0.6262969374656677,-0.007165143499150872
PPO,45,final,660,3660,0.09000000000000001,1.0,1.0,0.9694027304649353,-0.004944999818690121
PPO,45,final,661,3661,0.09000000000000001,1.0,1.0,1.3022983074188232,-0.014471028931438923
PPO,45,final,662,3662,0.09000000000000001,1.0,1.0,0.16756905615329742,-0.00605555425863713
PPO,45,final,663,3663,0.09171380281448366,2.0,2.0,0.3486804664134979,-0.06990350867272355
PPO,45,final,664,3664,0.09000000000000001,1.0,1.0,0.07049458473920822,-0.0003978508975706063
PPO,45,final,665,3665,0.16509302139282228,2.0,2.0,0.9096037745475769,-0.10560437431558967
PPO,45,final,666,3666,0.16745795488357545,2.0,2.0,0.6018797755241394,-0.07698767480906099
PPO,45,final,667,3667,-0.24951992273330686,4.0,2.0,0.7376195788383484,-0.03149819443933666
PPO,45,final,668,3668,0.09000000000000001,1.0,1.0,1.1547056436538696,-0.015847426373511553
PPO,45,final,669,3669,0.0015873479843139804,2.0,2.0,0.7124506831169128,-0.05728131369687617
PPO,45,final,670,3670,0.23202412009239198,2.0,2.0,0.4973057210445404,-0.026087410165928304
PPO,45,final,671,3671,-0.05653120398521423,2.0,2.0,0.5028050541877747,-0.10060516290832311
PPO,45,final,672,3672,0.09000000000000001,1.0,1.0,0.2136067897081375,-0.0016836758004501462
PPO,45,final,673,3673,0.09000000000000001,1.0,1.0,0.308100163936615,-0.001455953053664416
PPO,45,final,674,3674,0.09000000000000001,1.0,1.0,0.46053242683410645,-0.0013088432897347957
PPO,45,final,675,3675,0.05587251663208009,2.0,2.0,0.8338070511817932,-0.06857519131153822
PPO,45,final,676,3676,0.09000000000000001,1.0,1.0,0.6001792550086975,-0.015266165370121598
PPO,45,final,677,3677,0.09027703285217287,2.0,2.0,0.6414684653282166,-0.07489295897539705
PPO,45,final,678,3678,0.09000000000000001,1.0,1.0,0.4299868643283844,-5.726358995161718e-05
PPO,45,final,679,3679,0.09000000000000001,1.0,1.0,0.12401267141103745,-9.234986464434769e-06
PPO,45,final,680,3680,0.09000000000000001,1.0,1.0,0.7293692827224731,-0.0007053617155179381
PPO,45,final,681,3681,0.09000000000000001,1.0,1.0,0.5056077837944031,-0.0006932597898412496
PPO,45,final,682,3682,0.09000000000000001,1.0,1.0,0.33314576745033264,-0.00016959380081971176
PPO,45,final,683,3683,0.09000000000000001,1.0,1.0,0.7433686852455139,-0.0025088241673074663
PPO,45,final,684,3684,0.09000000000000001,1.0,1.0,0.7250319123268127,-0.0017712264670990407
PPO,45,final,685,3685,0.09000000000000001,1.0,1.0,0.48041436076164246,-0.00022829818772152066
PPO,45,final,686,3686,0.09000000000000001,1.0,1.0,0.7830554246902466,-0.0016928414988797158
PPO,45,final,687,3687,0.09000000000000001,1.0,1.0,1.0317591428756714,-0.010972773656249046
PPO,45,final,688,3688,0.09000000000000001,1.0,1.0,0.5059526562690735,-0.0003963757771998644
PPO,45,final,689,3689,0.09000000000000001,1.0,1.0,0.9602574706077576,-0.008397246710956097
PPO,45,final,690,3690,0.09000000000000001,1.0,1.0,0.6074551343917847,-0.013592119328677654
PPO,45,final,691,3691,0.08118064880371095,2.0,2.0,0.7078861594200134,-0.07408303243573755
PPO,45,final,692,3692,0.09000000000000001,1.0,1.0,0.34018465876579285,-0.0006942410109331831
PPO,45,final,693,3693,0.09000000000000001,1.0,1.0,0.42307668924331665,-0.0013981671945657581
PPO,45,final,694,3694,0.09000000000000001,1.0,1.0,0.30054911971092224,-0.007588259060867131
PPO,45,final,695,3695,0.09000000000000001,1.0,1.0,0.5947560667991638,-0.0035244181635789573
PPO,45,final,696,3696,0.09000000000000001,1.0,1.0,0.202520489692688,-0.0015129252569749951
PPO,45,final,697,3697,0.09000000000000001,1.0,1.0,1.0881931781768799,-0.0144586730748415
PPO,45,final,698,3698,0.09000000000000001,1.0,1.0,0.5555391311645508,-0.012847220757976174
PPO,45,final,699,3699,0.09000000000000001,1.0,1.0,0.4743998944759369,-0.00830621609929949
PPO,45,final,700,3700,0.09000000000000001,1.0,1.0,0.1680816411972046,-0.003938497859053314
PPO,45,final,701,3701,0.09000000000000001,1.0,1.0,0.43086108565330505,-0.009871105896309018
PPO,45,final,702,3702,0.09000000000000001,1.0,1.0,0.42066121101379395,-0.006359529215842485
PPO,45,final,703,3703,0.09000000000000001,1.0,1.0,0.10963567346334457,-0.010430785128846765
PPO,45,final,704,3704,-0.02011852025985718,6.0,3.0,0.8247827887535095,-0.06119589472655207
PPO,45,final,705,3705,0.09000000000000001,1.0,1.0,0.9199466705322266,-0.015208443626761436
PPO,45,final,706,3706,0.09000000000000001,1.0,1.0,0.8409918546676636,-0.01499863201752305
PPO,45,final,707,3707,0.09000000000000001,1.0,1.0,0.3526972830295563,-0.004625042900443077
PPO,45,final,708,3708,0.09000000000000001,1.0,1.0,0.8418717980384827,-0.014316454995423555
PPO,45,final,709,3709,-0.3504817008972168,10.0,4.0,0.4132876396179199,0.03226309595629573
PPO,45,final,710,3710,-0.4156307280063629,10.0,3.0,0.38733187317848206,-0.015969372121617198
PPO,45,final,711,3711,0.1325311827659607,2.0,2.0,0.8351742625236511,-0.0972111951559782
PPO,45,final,712,3712,-0.01855231642723082,2.0,2.0,0.4317450523376465,0.03444533795118332
PPO,45,final,713,3713,-0.11106574296951295,6.0,4.0,0.6305648684501648,-0.06461033853702247
PPO,45,final,714,3714,0.18081619024276735,2.0,2.0,0.6541484594345093,-0.1133334906771779
PPO,45,final,715,3715,0.093078510761261,2.0,2.0,0.6648565530776978,-0.07528985920362175
PPO,45,final,716,3716,-0.2669347643852234,10.0,4.0,0.7074753046035767,0.0101269765291363
PPO,45,final,717,3717,0.011852211952209493,3.0,3.0,0.37839213013648987,-0.07518921606242657
PPO,45,final,718,3718,-0.30107142925262453,10.0,5.0,0.7396033406257629,-0.021702577359974384
PPO,45,final,719,3719,0.11372836112976076,2.0,2.0,0.4601021409034729,-0.08670073235407472
PPO,45,final,720,3720,-0.36109120845794673,10.0,4.0,0.7174505591392517,0.04219499323517084
PPO,45,final,721,3721,-0.06481114029884337,5.0,4.0,0.28676366806030273,-0.031968476017937064
PPO,45,final,722,3722,-0.06825920522212982,8.0,3.0,0.23266546428203583,-0.040611731936223805
PPO,45,final,723,3723,-0.0064692032337188565,2.0,2.0,0.2052861899137497,-0.11100000841543078
PPO,45,final,724,3724,0.09000000000000001,1.0,1.0,0.6504830121994019,-0.014277768088504672
PPO,45,final,725,3725,0.0068564134836197055,2.0,2.0,0.28175780177116394,-0.09122737008146942
PPO,45,final,726,3726,-0.0011186504364013583,4.0,3.0,0.6881102323532104,-0.07460225047543645
PPO,45,final,727,3727,0.0384246724843979,2.0,2.0,0.13234472274780273,-0.08073403523303568
PPO,45,final,728,3728,0.09000000000000001,1.0,1.0,0.5077087879180908,-0.004022290464490652
PPO,45,final,729,3729,0.09000000000000001,1.0,1.0,0.590013325214386,-0.011861033737659454
PPO,45,final,730,3730,0.09000000000000001,1.0,1.0,0.11969222128391266,-0.0019606980204116553
PPO,45,final,731,3731,0.09000000000000001,1.0,1.0,0.6732954978942871,-0.0037623385433107615
PPO,45,final,732,3732,0.2062468695640564,2.0,2.0,0.8144282102584839,-0.06304118444677442
PPO,45,final,733,3733,0.09000000000000001,1.0,1.0,0.6668177843093872,-0.002508150355424732
PPO,45,final,734,3734,0.09000000000000001,1.0,1.0,0.9599583745002747,-0.012925040442496538
PPO,45,final,735,3735,0.09000000000000001,1.0,1.0,0.45945534110069275,-0.009808528469875455
PPO,45,final,736,3736,0.09000000000000001,1.0,1.0,0.18787571787834167,-0.005734490812756121
PPO,45,final,737,3737,0.07588011741638184,3.0,3.0,0.9783721566200256,-0.05166038032621145
PPO,45,final,738,3738,-0.03565017223358154,4.0,2.0,0.6546004414558411,-0.06556955259293318
PPO,45,final,739,3739,0.09000000000000001,1.0,1.0,0.3712327182292938,-0.001079159788787365
PPO,45,final,740,3740,0.09000000000000001,1.0,1.0,0.690541684627533,-0.01504741096869111
PPO,45,final,741,3741,0.01787156581878664,3.0,3.0,0.40831229090690613,-0.06994019029662013
PPO,45,final,742,3742,0.09000000000000001,1.0,1.0,0.264700323343277,-0.003913371765520424
PPO,45,final,743,3743,0.09000000000000001,1.0,1.0,0.5740026235580444,-0.00030671820422867313
PPO,45,final,744,3744,0.09000000000000001,1.0,1.0,0.36613962054252625,-0.0006316814833553508
PPO,45,final,745,3745,0.25515802383422853,2.0,2.0,0.3345760703086853,-0.05904127808753401
PPO,45,final,746,3746,0.09000000000000001,1.0,1.0,0.31479698419570923,-0.003708039643242955
PPO,45,final,747,3747,0.2787484693527222,2.0,2.0,0.530061662197113,-0.055767058627679944
PPO,45,final,748,3748,0.09000000000000001,1.0,1.0,0.2329397201538086,-6.883956120873336e-05
PPO,45,final,749,3749,0.09000000000000001,1.0,1.0,0.7643917202949524,-0.010491430060938
PPO,45,final,750,3750,0.09000000000000001,1.0,1.0,0.35179615020751953,-0.005338095827028155
PPO,45,final,751,3751,0.09715886592864992,2.0,2.0,0.614669144153595,-0.0968040032312274
PPO,45,final,752,3752,0.17112465381622316,2.0,2.0,0.7907805442810059,-0.1074389370623976
PPO,45,final,753,3753,0.14722170114517213,2.0,2.0,0.44995492696762085,-0.10985807795077562
PPO,45,final,754,3754,-0.18611589193344114,7.0,2.0,0.7488072514533997,-0.0016941966023296118
PPO,45,final,755,3755,0.05690361738204957,2.0,2.0,0.44892340898513794,-0.10887785931117833
PPO,45,final,756,3756,0.20231916189193727,2.0,2.0,0.7062158584594727,-0.017875902354717255
PPO,45,final,757,3757,0.2759740447998047,4.0,3.0,0.783798098564148,-0.013145360630005598
PPO,45,final,758,3758,0.03177432894706727,2.0,2.0,0.19925422966480255,-0.07901406893506646
PPO,45,final,759,3759,0.1566061544418335,2.0,2.0,1.034505844116211,-0.038796859327703714
PPO,45,final,760,3760,0.09000000000000001,1.0,1.0,0.11792588233947754,-0.009262622334063053
PPO,45,final,761,3761,0.13179327726364137,2.0,2.0,0.9836811423301697,-0.1275563295930624
PPO,45,final,762,3762,-0.015917589664459234,4.0,3.0,0.6977311372756958,-0.03354418929666281
PPO,45,final,763,3763,0.007950496673583982,5.0,3.0,0.29180505871772766,-0.08524752780795097
PPO,45,final,764,3764,0.30775339126586915,3.0,3.0,0.6769608855247498,0.004144748323597014
PPO,45,final,765,3765,0.09000000000000001,1.0,1.0,0.8833198547363281,-0.01182226906530559
PPO,45,final,766,3766,-0.13028300642967222,4.0,2.0,0.36281368136405945,-0.06080814776942134
PPO,45,final,767,3767,0.09000000000000001,1.0,1.0,0.1971604824066162,-0.005649118218570948
PPO,45,final,768,3768,0.09000000000000001,1.0,1.0,0.15666231513023376,-0.0033023704891093075
PPO,45,final,769,3769,0.07600982666015627,2.0,2.0,0.7665742635726929,-0.10570371942594647
PPO,45,final,770,3770,0.09000000000000001,1.0,1.0,0.4102863371372223,-0.009865684900432825
PPO,45,final,771,3771,0.09000000000000001,1.0,1.0,0.23622335493564606,-0.006022734101861715
PPO,45,final,772,3772,0.11460997343063356,2.0,2.0,0.7159861326217651,-0.05876359064131975
PPO,45,final,773,3773,0.14451581954956055,3.0,3.0,0.35223832726478577,-0.02331732551101595
PPO,45,final,774,3774,0.09000000000000001,1.0,1.0,0.8061002492904663,-0.014434170443564653
PPO,45,final,775,3775,0.09000000000000001,1.0,1.0,0.4305724501609802,-0.009816102916374803
PPO,45,final,776,3776,0.09222758769989015,4.0,3.0,1.1261754035949707,-0.0763545575318858
PPO,45,final,777,3777,0.136479811668396,2.0,2.0,1.122041940689087,-0.08802451193332672
PPO,45,final,778,3778,0.09000000000000001,1.0,1.0,0.23464439809322357,-0.014478310476988554
PPO,45,final,779,3779,0.4059888195991516,3.0,3.0,0.8437226414680481,-0.013079998549073935
PPO,45,final,780,3780,0.09000000000000001,1.0,1.0,0.12128400802612305,-0.00811399077065289
PPO,45,final,781,3781,-0.31421353459358214,4.0,3.0,0.5551138520240784,-0.02455409266985953
PPO,45,final,782,3782,0.40839435338974,2.0,2.0,0.693525493144989,-0.09026773483492434
PPO,45,final,783,3783,0.14721782207489012,5.0,3.0,0.7716413140296936,-0.024987620068714023
PPO,45,final,784,3784,-0.5839498519897461,10.0,2.0,0.8989294171333313,0.07835208997130394
PPO,45,final,785,3785,0.05024493694305421,4.0,3.0,0.703277051448822,-0.05431767227128148
PPO,45,final,786,3786,0.0448649299144745,3.0,3.0,0.3706896901130676,-0.07328590960241854
PPO,45,final,787,3787,-0.4694534420967102,10.0,2.0,0.5858529806137085,0.08450024574995041
PPO,45,final,788,3788,-0.48180793523788457,10.0,2.0,0.7763695120811462,0.08087032847106457
PPO,45,final,789,3789,0.082225399017334,2.0,2.0,0.24052901566028595,-0.10226837662048638
PPO,45,final,790,3790,0.051231937408447274,2.0,2.0,1.0297703742980957,-0.05409336730372161
PPO,45,final,791,3791,0.07097913503646852,2.0,2.0,0.3604564666748047,-0.08200822630897164
PPO,45,final,792,3792,0.027122991085052506,2.0,2.0,0.7191425561904907,-0.11489217181224376
PPO,45,final,793,3793,0.09000000000000001,1.0,1.0,0.22830072045326233,0.0015662711521144956
PPO,45,final,794,3794,0.09000000000000001,1.0,1.0,0.7684885859489441,-0.004416778218001127
PPO,45,final,795,3795,0.09000000000000001,1.0,1.0,0.9704951047897339,-0.0037180205108597875
PPO,45,final,796,3796,0.09000000000000001,1.0,1.0,0.29223132133483887,0.001340150076430291
PPO,45,final,797,3797,0.09000000000000001,1.0,1.0,0.31298139691352844,0.0008644316258141771
PPO,45,final,798,3798,0.09000000000000001,1.0,1.0,0.5994371771812439,-0.00040917829028330743
PPO,45,final,799,3799,0.09000000000000001,1.0,1.0,0.6272291541099548,-0.00283581530675292
PPO,45,final,800,3800,0.09000000000000001,1.0,1.0,0.41446542739868164,0.0009761221881490201
PPO,45,final,801,3801,0.09000000000000001,1.0,1.0,0.09781968593597412,0.0009403953154105693
PPO,45,final,802,3802,0.09000000000000001,1.0,1.0,0.8957962393760681,-0.0019384842598810792
PPO,45,final,803,3803,0.09000000000000001,1.0,1.0,0.5259383916854858,0.0004675698801293038
PPO,45,final,804,3804,0.09000000000000001,1.0,1.0,0.6521745324134827,0.00015259301289916039
PPO,45,final,805,3805,0.09000000000000001,1.0,1.0,0.16291236877441406,0.00044993311166763306
PPO,45,final,806,3806,0.27628047943115236,2.0,2.0,0.5985504388809204,-0.07895268104039133
PPO,45,final,807,3807,0.09000000000000001,1.0,1.0,0.2090681493282318,-0.0015722571697551757
PPO,45,final,808,3808,0.1533088254928589,2.0,2.0,0.9902259111404419,-0.08480636612512171
PPO,45,final,809,3809,0.009540455341339127,2.0,2.0,0.4854535162448883,-0.05555545992683619
PPO,45,final,810,3810,0.09000000000000001,1.0,1.0,0.3457714021205902,-1.637111563468352e-05
PPO,45,final,811,3811,0.09000000000000001,1.0,1.0,0.19978491961956024,-0.004411938949488103
PPO,45,final,812,3812,0.09000000000000001,1.0,1.0,0.4308314025402069,-0.004927713889628649
PPO,45,final,813,3813,0.09000000000000001,1.0,1.0,0.4787282943725586,-0.0073204877553507686
PPO,45,final,814,3814,0.24277188062667848,2.0,2.0,0.4871758818626404,-0.03953903680667281
PPO,45,final,815,3815,-0.06431592345237731,4.0,2.0,0.5161046981811523,-0.013824363122694194
PPO,45,final,816,3816,0.09000000000000001,1.0,1.0,0.6970518231391907,-0.001473131647799164
PPO,45,final,817,3817,0.09000000000000001,1.0,1.0,0.9564129114151001,-0.008254661224782467
PPO,45,final,818,3818,0.09211124658584596,2.0,2.0,0.430613249540329,-0.03910978155909106
PPO,45,final,819,3819,-0.4231783032417297,10.0,2.0,0.7397331595420837,0.08223255164921284
PPO,45,final,820,3820,0.2752071785926819,2.0,2.0,0.8637226223945618,-0.07766647380776703
PPO,45,final,821,3821,0.046601543426513674,4.0,3.0,0.787983775138855,0.03316629282198846
PPO,45,final,822,3822,0.14293177604675295,2.0,2.0,0.5725964903831482,-0.050499062053859234
PPO,45,final,823,3823,-0.05396942377090454,8.0,3.0,0.707678496837616,-0.024861964746378362
PPO,45,final,824,3824,0.31665934801101686,2.0,2.0,0.5071126222610474,-0.013789582415483892
PPO,45,final,825,3825,-0.5716717243194581,10.0,3.0,0.9705179333686829,0.06534584425389767
PPO,45,final,826,3826,0.21691103458404543,2.0,2.0,0.7326486706733704,-0.12066881789360195
PPO,45,final,827,3827,0.22383795857429506,2.0,2.0,0.36953404545783997,-0.06922287004999816
PPO,45,final,828,3828,0.05997188568115235,2.0,2.0,0.7138336896896362,0.0010384332854300737
PPO,45,final,829,3829,-0.4887543320655823,10.0,3.0,0.44733861088752747,0.03306059632450342
PPO,45,final,830,3830,0.09964948296546935,5.0,2.0,0.4663722813129425,-0.0217806730652228
PPO,45,final,831,3831,0.10260279655456545,2.0,2.0,0.980867862701416,-0.060909368039574474
PPO,45,final,832,3832,-0.4383610963821411,10.0,2.0,0.8763584494590759,0.0694486703723669
PPO,45,final,833,3833,0.0038603115081787265,2.0,2.0,0.39426901936531067,-0.08392881415784359
PPO,45,final,834,3834,-0.08646867752075195,3.0,2.0,0.4620067775249481,-0.045986196491867304
PPO,45,final,835,3835,-0.0347885251045227,5.0,2.0,0.7037423849105835,-0.08437183406203985
PPO,45,final,836,3836,0.18431426763534547,2.0,2.0,0.6177783608436584,0.011510591953992844
PPO,45,final,837,3837,-0.4878547668457031,10.0,2.0,0.7150151133537292,0.06637600995600224
PPO,45,final,838,3838,-0.4266125321388245,10.0,3.0,1.0419065952301025,0.0011835923651233315
PPO,45,final,839,3839,-0.2333138298988342,7.0,2.0,0.6984587907791138,-0.02398534258827567
PPO,45,final,840,3840,0.12015105962753297,2.0,2.0,0.6055163145065308,-0.002300565713085234
PPO,45,final,841,3841,0.11088280558586122,2.0,2.0,0.4655192792415619,-0.05601816822309047
PPO,45,final,842,3842,-0.3706856548786164,10.0,2.0,0.4830874502658844,0.055428930558264256
PPO,45,final,843,3843,-0.23901061058044432,4.0,2.0,0.710185170173645,-0.020710752345621586
PPO,45,final,844,3844,0.5548511445522308,5.0,4.0,0.40156176686286926,0.010406507761217654
PPO,45,final,845,3845,-0.32155727148056035,10.0,2.0,0.8597584366798401,0.05017866939306259
PPO,45,final,846,3846,0.06306150734424593,2.0,2.0,0.1482478380203247,-0.07526904658880085
PPO,45,final,847,3847,0.09000000000000001,1.0,1.0,0.12964104115962982,-0.0011455368949100375
PPO,45,final,848,3848,0.1828386950492859,2.0,2.0,0.8046100735664368,-0.0048582867020741105
PPO,45,final,849,3849,0.09081774353981018,5.0,2.0,0.4393221437931061,-0.05862755421549082
PPO,45,final,850,3850,0.20663716077804567,2.0,2.0,0.9218031764030457,-0.034910359187051654
PPO,45,final,851,3851,0.003637151718139664,2.0,2.0,0.5957616567611694,-0.00010126776760444045
PPO,45,final,852,3852,0.019732251167297363,6.0,3.0,0.6940116286277771,-0.08053009258583188
PPO,45,final,853,3853,0.016611893177032475,3.0,2.0,0.5241377949714661,-0.11652022565249354
PPO,45,final,854,3854,0.09000000000000001,1.0,1.0,0.09104061126708984,0.003923277312424034
PPO,45,final,855,3855,0.13009227991104128,2.0,2.0,0.5790389180183411,-0.04092343675438315
PPO,45,final,856,3856,0.06384927213191988,2.0,2.0,0.23607122898101807,-0.04221884487196803
PPO,45,final,857,3857,0.03753759384155274,3.0,2.0,0.5558189749717712,-0.13423047680407763
PPO,45,final,858,3858,0.09000000000000001,1.0,1.0,0.1271315962076187,0.004082511295564473
PPO,45,final,859,3859,0.09000000000000001,1.0,1.0,0.145170658826828,-0.003034746856428683
PPO,45,final,860,3860,0.09000000000000001,1.0,1.0,0.07626814395189285,0.0035865495447069407
PPO,45,final,861,3861,0.09000000000000001,1.0,1.0,0.17652319371700287,0.0017828810377977788
PPO,45,final,862,3862,0.18000610351562502,2.0,2.0,0.621105968952179,-0.05715833359863609
PPO,45,final,863,3863,0.09000000000000001,1.0,1.0,0.665446400642395,0.0012764448765665293
PPO,45,final,864,3864,0.09000000000000001,1.0,1.0,0.7168989181518555,-0.0029485959676094353
PPO,45,final,865,3865,0.09000000000000001,1.0,1.0,0.723504364490509,-0.00789396755862981
PPO,45,final,866,3866,0.09000000000000001,1.0,1.0,0.8859785795211792,-0.005290580564178526
PPO,45,final,867,3867,0.09000000000000001,1.0,1.0,0.5915106534957886,-0.0019224380084779114
PPO,45,final,868,3868,0.09000000000000001,1.0,1.0,0.47282251715660095,-0.0013772867096122354
PPO,45,final,869,3869,0.09000000000000001,1.0,1.0,1.0185649394989014,-0.004080125945620239
PPO,45,final,870,3870,-0.0694704782962799,2.0,2.0,0.3088534474372864,-0.06729769491357729
PPO,45,final,871,3871,0.09000000000000001,1.0,1.0,0.8570893406867981,-0.0025668287416920066
PPO,45,final,872,3872,0.09000000000000001,1.0,1.0,0.68992680311203,-0.002424159029033035
PPO,45,final,873,3873,0.09000000000000001,1.0,1.0,0.2591770589351654,0.0005877078510820866
PPO,45,final,874,3874,0.09000000000000001,1.0,1.0,0.2602608799934387,0.000440648575022351
PPO,45,final,875,3875,0.09000000000000001,1.0,1.0,0.09328637272119522,0.0004325732952565886
PPO,45,final,876,3876,0.09000000000000001,1.0,1.0,0.5977500081062317,-0.005059123388491571
PPO,45,final,877,3877,0.09000000000000001,1.0,1.0,0.4523962140083313,-0.005353419575840235
PPO,45,final,878,3878,0.09000000000000001,1.0,1.0,0.5327337384223938,-0.0010096263431478292
PPO,45,final,879,3879,0.09000000000000001,1.0,1.0,0.8601404428482056,-0.009810145478695631
PPO,45,final,880,3880,0.09000000000000001,1.0,1.0,0.7001083493232727,-0.0014010405575390905
PPO,45,final,881,3881,0.09000000000000001,1.0,1.0,0.33828285336494446,-0.00016805337509140372
PPO,45,final,882,3882,0.09000000000000001,1.0,1.0,0.13899698853492737,-0.000858259096276015
PPO,45,final,883,3883,0.09000000000000001,1.0,1.0,0.7329739332199097,-0.006110477494075894
PPO,45,final,884,3884,0.09000000000000001,1.0,1.0,0.7275015711784363,-0.01083923107944429
PPO,45,final,885,3885,0.09000000000000001,1.0,1.0,0.07049787044525146,-8.833649872030946e-06
PPO,45,final,886,3886,0.09000000000000001,1.0,1.0,0.7607206702232361,-0.0038698454154655337
PPO,45,final,887,3887,0.09000000000000001,1.0,1.0,0.2466132789850235,-0.0004378617013571784
PPO,45,final,888,3888,0.09000000000000001,1.0,1.0,0.6187857389450073,-0.0070336435455828905
PPO,45,final,889,3889,0.09000000000000001,1.0,1.0,0.6013458371162415,-0.014330125879496336
PPO,45,final,890,3890,0.09000000000000001,1.0,1.0,0.4300464689731598,-0.00955789745785296
PPO,45,final,891,3891,0.09000000000000001,1.0,1.0,0.2503204941749573,-0.00018621313574840315
PPO,45,final,892,3892,0.26442177772521974,2.0,2.0,0.6003080010414124,-0.06513630843255669
PPO,45,final,893,3893,0.06992258310317995,2.0,2.0,0.6121919751167297,-0.013073463342152536
PPO,45,final,894,3894,0.040591020584106456,3.0,2.0,0.8116322159767151,-0.11048843944445252
PPO,45,final,895,3895,0.09000000000000001,1.0,1.0,0.7949311137199402,-0.008984538493677974
PPO,45,final,896,3896,0.09000000000000001,1.0,1.0,0.5167717933654785,-0.002776445762719959
PPO,45,final,897,3897,0.09000000000000001,1.0,1.0,0.4909656345844269,-0.0042520612478256226
PPO,45,final,898,3898,0.09000000000000001,1.0,1.0,0.7506957650184631,-0.014574018307030201
PPO,45,final,899,3899,0.09000000000000001,1.0,1.0,0.24248898029327393,-0.0012439074052963406
PPO,45,final,900,3900,0.09000000000000001,1.0,1.0,0.4618082642555237,-0.003563707636203617
PPO,45,final,901,3901,0.09000000000000001,1.0,1.0,0.7129373550415039,-0.0013781640736851841
PPO,45,final,902,3902,0.11132796287536623,2.0,2.0,1.2779607772827148,-0.083894097013399
PPO,45,final,903,3903,0.09000000000000001,1.0,1.0,0.19442585110664368,-0.00015779840941831935
PPO,45,final,904,3904,0.09000000000000001,1.0,1.0,0.5528059601783752,-0.0008626346534583718
PPO,45,final,905,3905,-0.016685767173767074,2.0,2.0,0.5364388227462769,-0.04786958440672606
PPO,45,final,906,3906,0.09000000000000001,1.0,1.0,0.5935263633728027,-0.003351719817146659
PPO,45,final,907,3907,0.047989981174469,2.0,2.0,0.9289108514785767,-0.060933707281947136
PPO,45,final,908,3908,0.09000000000000001,1.0,1.0,0.2521836459636688,-0.009634703630581498
PPO,45,final,909,3909,0.319757776260376,2.0,2.0,0.5096660256385803,-0.05925181484781206
PPO,45,final,910,3910,0.09000000000000001,1.0,1.0,0.1819213181734085,-0.0007561032107332721
PPO,45,final,911,3911,0.09000000000000001,1.0,1.0,0.5326160788536072,-0.0018348452867940068
PPO,45,final,912,3912,0.09000000000000001,1.0,1.0,0.10791589319705963,-1.3767791188001866e-05
PPO,45,final,913,3913,0.09000000000000001,1.0,1.0,0.2478211373090744,-8.372899355890695e-05
PPO,45,final,914,3914,0.09000000000000001,1.0,1.0,1.0571365356445312,-0.0051636958960443735
PPO,45,final,915,3915,0.09000000000000001,1.0,1.0,0.7089723944664001,-0.008372417651116848
PPO,45,final,916,3916,0.09000000000000001,1.0,1.0,0.6994684338569641,-0.010979593731462955
PPO,45,final,917,3917,0.09000000000000001,1.0,1.0,0.837792694568634,-0.005605580983683467
PPO,45,final,918,3918,0.09000000000000001,1.0,1.0,1.0912307500839233,-0.008994697825983167
PPO,45,final,919,3919,0.09000000000000001,1.0,1.0,0.4911966323852539,-0.0004770669766003266
PPO,45,final,920,3920,0.09000000000000001,1.0,1.0,0.4232749044895172,-0.0026258107973262668
PPO,45,final,921,3921,0.09000000000000001,1.0,1.0,0.49198728799819946,-0.011430705664679408
PPO,45,final,922,3922,0.09000000000000001,1.0,1.0,0.6491124033927917,-0.003663600713480264
PPO,45,final,923,3923,0.09000000000000001,1.0,1.0,0.4034416675567627,-0.000471931642096024
PPO,45,final,924,3924,0.09000000000000001,1.0,1.0,0.19041688740253448,-3.0744355399292544e-06
PPO,45,final,925,3925,0.09000000000000001,1.0,1.0,0.5729656219482422,-0.0078095607459545135
PPO,45,final,926,3926,0.09000000000000001,1.0,1.0,0.6994284987449646,-0.00020726908041979186
PPO,45,final,927,3927,0.09000000000000001,1.0,1.0,0.3541887402534485,-0.01154842833057046
PPO,45,final,928,3928,0.09000000000000001,1.0,1.0,0.6119948625564575,-0.005263365805149078
PPO,45,final,929,3929,0.09000000000000001,1.0,1.0,0.7391636967658997,-0.010693949647247791
PPO,45,final,930,3930,0.09888644695281984,2.0,2.0,0.857945442199707,-0.06708756054285914
PPO,45,final,931,3931,0.01446680903434755,2.0,2.0,0.4657285809516907,-0.013563549844548106
PPO,45,final,932,3932,0.31037790298461915,3.0,3.0,1.415432333946228,-0.02281893673352897
PPO,45,final,933,3933,0.09000000000000001,1.0,1.0,0.886509120464325,-0.0029106176807545125
PPO,45,final,934,3934,0.09000000000000001,1.0,1.0,0.7810365557670593,-0.005819200538098812
PPO,45,final,935,3935,0.4905624556541443,2.0,2.0,0.80183345079422,-0.03845936805009842
PPO,45,final,936,3936,0.28978140830993654,2.0,2.0,0.8561452627182007,-0.05656144698150456
PPO,45,final,937,3937,0.09000000000000001,1.0,1.0,0.8091707229614258,-0.0149239138700068
PPO,45,final,938,3938,0.029937641620635995,2.0,2.0,0.8606181740760803,-0.02678448718506843
PPO,45,final,939,3939,-0.0024275016784667813,2.0,2.0,0.6097496151924133,-0.0744968808721751
PPO,45,final,940,3940,0.09000000000000001,1.0,1.0,0.5794991254806519,-0.009731442434713244
PPO,45,final,941,3941,-0.002559883594512924,2.0,2.0,0.47971421480178833,-0.06237676495220512
PPO,45,final,942,3942,-0.03718279123306274,2.0,2.0,0.9480061531066895,-0.07358736172318459
PPO,45,final,943,3943,0.10746181964874268,4.0,3.0,0.9907077550888062,-0.056727948132902384
PPO,45,final,944,3944,0.09000000000000001,1.0,1.0,0.9467020034790039,-0.012095218757167459
PPO,45,final,945,3945,0.09000000000000001,1.0,1.0,0.7013370394706726,-0.001008903287583962
PPO,45,final,946,3946,0.09000000000000001,1.0,1.0,0.16506803035736084,-0.00018673724844120443
PPO,45,final,947,3947,0.09000000000000001,1.0,1.0,0.48363393545150757,-0.001822213176637888
PPO,45,final,948,3948,0.09000000000000001,1.0,1.0,0.6761706471443176,-0.009818435413762927
PPO,45,final,949,3949,0.09000000000000001,1.0,1.0,0.18640539050102234,-0.0012331522884778678
PPO,45,final,950,3950,0.09000000000000001,1.0,1.0,0.25015681982040405,-0.00023101820625015534
PPO,45,final,951,3951,0.09000000000000001,1.0,1.0,0.5393856763839722,-0.0010983406682498753
PPO,45,final,952,3952,0.09000000000000001,1.0,1.0,0.7988560795783997,-0.005793022806756198
PPO,45,final,953,3953,0.09000000000000001,1.0,1.0,0.299889475107193,-2.3331573174800724e-05
PPO,45,final,954,3954,0.09000000000000001,1.0,1.0,0.42974206805229187,-0.010923255467787385
PPO,45,final,955,3955,0.09000000000000001,1.0,1.0,0.5961166620254517,-0.0006885362963657826
PPO,45,final,956,3956,0.09000000000000001,1.0,1.0,0.3078164756298065,-0.0010267602046951652
PPO,45,final,957,3957,0.23384292602539064,2.0,2.0,0.5714938044548035,-0.011404923920053989
PPO,45,final,958,3958,0.09000000000000001,1.0,1.0,0.274308979511261,-4.456655733520165e-05
PPO,45,final,959,3959,0.11574324131011965,4.0,2.0,0.5734593272209167,-0.04334450978785753
PPO,45,final,960,3960,0.1578666138648987,2.0,2.0,0.28299611806869507,-0.06432826002128422
PPO,45,final,961,3961,0.09000000000000001,1.0,1.0,0.0863729864358902,-0.0006693401519441977
PPO,45,final,962,3962,0.09000000000000001,1.0,1.0,0.6656509637832642,-0.004311910830438137
PPO,45,final,963,3963,0.11516060113906862,2.0,2.0,0.5657458305358887,-0.04258827958256006
PPO,45,final,964,3964,0.09000000000000001,1.0,1.0,0.23427186906337738,-0.00016506270912941545
PPO,45,final,965,3965,0.09000000000000001,1.0,1.0,0.15933071076869965,-0.0002210582242696546
PPO,45,final,966,3966,0.1996936368942261,2.0,2.0,0.8510967493057251,-0.054528999025933444
PPO,45,final,967,3967,0.09000000000000001,1.0,1.0,0.2370270937681198,-0.00011876273492816836
PPO,45,final,968,3968,0.09000000000000001,1.0,1.0,0.25422266125679016,-0.011188814183697104
PPO,45,final,969,3969,0.1484354901313782,2.0,2.0,0.4466440677642822,-0.09021016536280513
PPO,45,final,970,3970,0.05935247421264649,2.0,2.0,0.6694884896278381,-0.04171404067892581
PPO,45,final,971,3971,-0.3190935730934143,10.0,2.0,0.7869179844856262,0.042901404201984406
PPO,45,final,972,3972,0.14718817353248598,2.0,2.0,0.2975604832172394,-0.07684792205691338
PPO,45,final,973,3973,-0.6401068687438966,10.0,4.0,0.5913727879524231,0.10471275821328163
PPO,45,final,974,3974,0.013513648509979256,5.0,2.0,0.690838634967804,-0.04821133776567876
PPO,45,final,975,3975,-0.13582342386245727,7.0,4.0,0.3329087793827057,-0.02332496689632535
PPO,45,final,976,3976,-0.020220854282379144,4.0,2.0,0.4746759831905365,-0.07005643425509334
PPO,45,final,977,3977,-0.44573508501052855,10.0,2.0,0.9597586989402771,0.07478506304323673
PPO,45,final,978,3978,0.09000000000000001,1.0,1.0,0.43758922815322876,-0.004944788641296327
PPO,45,final,979,3979,0.05292679548263551,2.0,2.0,0.845330536365509,-0.08166240993887186
PPO,45,final,980,3980,0.05972166538238526,2.0,2.0,0.41313812136650085,-0.12119533633813262
PPO,45,final,981,3981,0.09000000000000001,1.0,1.0,0.39477136731147766,-0.004881887347437441
PPO,45,final,982,3982,-0.4674170100688934,9.0,3.0,0.3961631953716278,0.009071794338524342
PPO,45,final,983,3983,0.09000000000000001,1.0,1.0,0.5147881507873535,-0.006716311210766435
PPO,45,final,984,3984,-0.021666686534881588,3.0,2.0,0.7274056673049927,-0.0869207012001425
PPO,45,final,985,3985,0.09000000000000001,1.0,1.0,1.0803903341293335,-0.011827959679067135
PPO,45,final,986,3986,0.015465812683105484,2.0,2.0,1.1154807806015015,-0.09284121845848858
PPO,45,final,987,3987,0.12319432377815248,2.0,2.0,0.38901734352111816,-0.07663826434873044
PPO,45,final,988,3988,0.20484288215637209,2.0,2.0,1.145001769065857,0.003783998778089881
PPO,45,final,989,3989,0.09000000000000001,1.0,1.0,0.10926026850938797,0.00043301188270561397
PPO,45,final,990,3990,0.09000000000000001,1.0,1.0,1.2164933681488037,-0.009465260431170464
PPO,45,final,991,3991,0.10396538853645326,2.0,2.0,0.41017216444015503,-0.06391039304435253
PPO,45,final,992,3992,0.10709954977035524,2.0,2.0,0.6751965880393982,-0.07978584623197094
PPO,45,final,993,3993,0.15574479818344117,3.0,3.0,0.676336407661438,-0.03700010874308646
PPO,45,final,994,3994,0.09000000000000001,1.0,1.0,0.42704105377197266,-0.0003665978874778375
PPO,45,final,995,3995,0.01847881793975832,3.0,3.0,1.306227445602417,-0.005910549545660615
PPO,45,final,996,3996,-0.15407495260238646,6.0,3.0,0.7387347221374512,-0.06685298576485366
PPO,45,final,997,3997,0.09000000000000001,1.0,1.0,0.48535633087158203,-0.007183827459812164
PPO,45,final,998,3998,0.14126630306243898,2.0,2.0,1.0025417804718018,-0.07437343243509531
PPO,45,final,999,3999,0.10609676122665407,2.0,2.0,0.25678014755249023,-0.0919629498384893
PPO,45,final,1000,4000,0.39202858686447145,2.0,2.0,0.6953203082084656,-0.0890459711663425
PPO,45,final,1001,4001,0.09000000000000001,1.0,1.0,0.19274641573429108,-0.010887254262343049
PPO,45,final,1002,4002,-0.06522374153137207,5.0,3.0,0.5847939848899841,-0.013122063246555626
PPO,45,final,1003,4003,0.17230351448059084,2.0,2.0,1.0859414339065552,-0.07950528943911195
PPO,45,final,1004,4004,0.0754042434692383,2.0,2.0,0.31968408823013306,0.006378461606800556
PPO,45,final,1005,4005,0.09000000000000001,1.0,1.0,0.7893461585044861,-0.010065295035019517
PPO,45,final,1006,4006,0.06181086778640748,2.0,2.0,0.3961394727230072,-0.08418732532300055
PPO,45,final,1007,4007,-0.39962117671966557,10.0,2.0,1.0356179475784302,0.07822626084089279
PPO,45,final,1008,4008,0.12840469360351564,2.0,2.0,0.9428314566612244,-0.04029345768503845
PPO,45,final,1009,4009,0.08594310998916627,3.0,3.0,0.7507199048995972,-0.049744564574211836
PPO,45,final,1010,4010,0.027973012924194345,2.0,2.0,0.486206591129303,-0.054688925156369805
PPO,45,final,1011,4011,0.2388140630722046,3.0,3.0,1.0531564950942993,-0.012228835956193507
PPO,45,final,1012,4012,0.09000000000000001,1.0,1.0,0.14409926533699036,-0.006315658800303936
PPO,45,final,1013,4013,0.09000000000000001,1.0,1.0,0.7551137208938599,-0.01507885823957622
PPO,45,final,1014,4014,-0.017079411149024948,2.0,2.0,0.3031180202960968,-0.049692762084305286
PPO,45,final,1015,4015,0.03501509308815003,2.0,2.0,0.5351504683494568,-0.04570503439754248
PPO,45,final,1016,4016,-0.43705064058303833,10.0,3.0,0.7908354997634888,0.04811485577374697
PPO,45,final,1017,4017,0.07758669734001161,2.0,2.0,0.3629065454006195,-0.04714970965869725
PPO,45,final,1018,4018,-0.2493872046470642,10.0,3.0,0.5927295684814453,0.018177017336711287
PPO,45,final,1019,4019,0.1148988199234009,3.0,2.0,0.6099712252616882,-0.06253228359855711
PPO,45,final,1020,4020,0.09000000000000001,1.0,1.0,0.5985907316207886,-0.007733703823760152
PPO,45,final,1021,4021,-0.20917242765426639,10.0,3.0,0.8752101063728333,-0.027615851955488324
PPO,45,final,1022,4022,0.12353392124176027,2.0,2.0,0.7027739882469177,-0.03663251345278695
PPO,45,final,1023,4023,-0.07890244424343108,5.0,2.0,0.21552546322345734,0.0002108486369252205
PPO,45,final,1024,4024,0.09000000000000001,1.0,1.0,0.39788898825645447,-0.009539347374811769
PPO,45,final,1025,4025,0.09584804058074953,2.0,2.0,0.6423072814941406,-0.06909743545111269
PPO,45,final,1026,4026,0.09000000000000001,1.0,1.0,0.12768390774726868,-0.005430383142083883
PPO,45,final,1027,4027,0.09000000000000001,1.0,1.0,0.4506266415119171,-0.006506864097900689
PPO,45,final,1028,4028,0.15708643913269044,3.0,3.0,0.7905574440956116,-0.03754129522712901
PPO,45,final,1029,4029,0.09000000000000001,1.0,1.0,0.1650896817445755,-0.005186665221117437
PPO,45,final,1030,4030,0.07371993541717531,2.0,2.0,0.3784641921520233,-0.03136589995119721
PPO,45,final,1031,4031,-0.04712914705276487,3.0,3.0,0.39031389355659485,-0.04013862006831914
PPO,45,final,1032,4032,0.09000000000000001,1.0,1.0,0.1297873854637146,-0.0020226221822667867
PPO,45,final,1033,4033,-0.39110246181488034,8.0,2.0,0.6966169476509094,-0.00297713465988636
PPO,45,final,1034,4034,0.21670647144317629,2.0,2.0,0.23666873574256897,0.0006528007797896862
PPO,45,final,1035,4035,-0.6362343907356264,10.0,2.0,0.9853639006614685,0.0818964745849371
PPO,45,final,1036,4036,0.18694217920303347,3.0,2.0,0.6506938338279724,-0.031254042871296406
PPO,45,final,1037,4037,-0.30234645605087285,10.0,2.0,0.550023078918457,0.052052759565413
PPO,45,final,1038,4038,0.09000000000000001,1.0,1.0,0.3812340795993805,-0.012131713330745697
PPO,45,final,1039,4039,0.09000000000000001,1.0,1.0,0.9744338989257812,0.0009850955684669316
PPO,45,final,1040,4040,0.09000000000000001,1.0,1.0,0.8617387413978577,-0.01289466884918511
PPO,45,final,1041,4041,0.04384173631668092,2.0,2.0,0.7807551622390747,-0.045795150799676776
PPO,45,final,1042,4042,0.22294505119323732,2.0,2.0,0.5520278811454773,0.005149892182089388
PPO,45,final,1043,4043,0.12083752632141115,2.0,2.0,0.6649317145347595,-0.038974546012468636
PPO,45,final,1044,4044,-0.08111869335174561,4.0,3.0,0.30295678973197937,-0.0555714494548738
PPO,45,final,1045,4045,0.09000000000000001,1.0,1.0,0.8560279607772827,-0.008703726110979915
PPO,45,final,1046,4046,0.03397516131401063,3.0,3.0,0.4861786663532257,-0.020430262200534344
PPO,45,final,1047,4047,0.1788491177558899,2.0,2.0,0.3171676993370056,-0.03331904951483011
PPO,45,final,1048,4048,0.21960790634155275,2.0,2.0,0.8356615304946899,-0.043397750123403966
PPO,45,final,1049,4049,-0.35593967437744145,10.0,2.0,0.7795224785804749,0.061382025480270386
PPO,45,final,1050,4050,0.09000000000000001,1.0,1.0,0.056656982749700546,-0.004094125237315893
PPO,45,final,1051,4051,0.27908154010772707,2.0,2.0,0.9423972368240356,-0.02141578937880695
PPO,45,final,1052,4052,0.1516821849346161,2.0,2.0,0.45375022292137146,-0.06414233078248799
PPO,45,final,1053,4053,0.05754170000553132,2.0,2.0,0.14357134699821472,0.018192168790847063
PPO,45,final,1054,4054,0.06837517738342286,3.0,3.0,0.18940070271492004,-0.04290581960231066
PPO,45,final,1055,4055,0.28202794671058656,2.0,2.0,0.36517950892448425,-0.007139626424759626
PPO,45,final,1056,4056,-0.4594893753528595,10.0,3.0,0.47521618008613586,0.03856390528380871
PPO,45,final,1057,4057,0.09000000000000001,1.0,1.0,0.12471674382686615,-0.007550398353487253
PPO,45,final,1058,4058,-0.011849014163017257,2.0,2.0,0.2500156760215759,-0.04090630356222391
PPO,45,final,1059,4059,0.3636342430114746,6.0,3.0,0.9438010454177856,-0.011105474957730621
PPO,45,final,1060,4060,0.12264461994171144,2.0,2.0,0.7215671539306641,-0.027664637309499085
PPO,45,final,1061,4061,-0.5955781817436219,10.0,2.0,0.7408849596977234,0.07185108587145805
PPO,45,final,1062,4062,-0.49186986982822417,10.0,2.0,0.15691591799259186,0.0645203497260809
PPO,45,final,1063,4063,0.00951438575983049,2.0,2.0,0.14382655918598175,-0.03497613989748061
PPO,45,final,1064,4064,0.15095909357070925,3.0,2.0,0.31845441460609436,-0.06460914062336087
PPO,45,final,1065,4065,0.0677418875694275,2.0,2.0,0.5056482553482056,-0.056424382608383894
PPO,45,final,1066,4066,0.32262677907943726,4.0,3.0,0.6357654333114624,-0.01579911937005818
PPO,45,final,1067,4067,0.03453500032424927,4.0,3.0,0.6332127451896667,-0.0647068521939218
PPO,45,final,1068,4068,0.29316903829574587,2.0,2.0,0.937222421169281,0.007801090367138386
PPO,45,final,1069,4069,-0.4043942570686341,10.0,2.0,0.7361354231834412,0.05516506265848875
PPO,45,final,1070,4070,0.09000000000000001,1.0,1.0,0.5130443572998047,-0.009855814278125763
PPO,45,final,1071,4071,0.0010383594036102312,7.0,3.0,0.45075520873069763,-0.03428376791998744
PPO,45,final,1072,4072,-0.3723071575164795,10.0,6.0,0.5998538136482239,0.02372764772735536
PPO,45,final,1073,4073,0.10289727330207826,2.0,2.0,0.3811838626861572,-0.048747150460258126
PPO,45,final,1074,4074,0.09000000000000001,1.0,1.0,0.20694732666015625,-0.009174969047307968
PPO,45,final,1075,4075,0.1401983666419983,2.0,2.0,0.9071381688117981,-0.017323844833299518
PPO,45,final,1076,4076,-0.06740467786788941,4.0,3.0,0.6450767517089844,-0.05625142389908433
PPO,45,final,1077,4077,0.07857955217361451,3.0,3.0,0.6836243867874146,-0.022800278151407838
PPO,45,final,1078,4078,0.14884402036666872,2.0,2.0,0.8043437004089355,-0.016210072208195925
PPO,45,final,1079,4079,0.09000000000000001,1.0,1.0,0.3965458869934082,-0.010410526534542441
PPO,45,final,1080,4080,-0.3252990543842315,10.0,5.0,0.4324113726615906,-0.012189462315291166
PPO,45,final,1081,4081,-0.5438750267028809,10.0,2.0,1.182729959487915,0.05501248314976692
PPO,45,final,1082,4082,0.0885568428039551,2.0,2.0,0.5472902655601501,-0.041562237311154604
PPO,45,final,1083,4083,0.05678943723440171,2.0,2.0,0.11493288725614548,-0.0755524963606149
PPO,45,final,1084,4084,0.15692676782608034,2.0,2.0,0.5062422156333923,-0.03309240168891847
PPO,45,final,1085,4085,0.09000000000000001,1.0,1.0,0.11468327045440674,-0.0064302514074370265
PPO,45,final,1086,4086,0.09000000000000001,1.0,1.0,0.9832368493080139,-0.010650134412571788
PPO,45,final,1087,4087,0.09678236365318299,3.0,3.0,0.3996767997741699,-0.04697347083128989
PPO,45,final,1088,4088,-0.13135448932647703,4.0,2.0,0.6384822726249695,-0.04388187945005484
PPO,45,final,1089,4089,-0.34522317647933964,10.0,2.0,0.8061417937278748,0.05192289222031832
PPO,45,final,1090,4090,0.001789410114288334,3.0,2.0,0.43596240878105164,-0.06054860586300492
PPO,45,final,1091,4091,0.05045624256134034,2.0,2.0,1.012313723564148,-0.040875452279578894
PPO,45,final,1092,4092,0.09000000000000001,1.0,1.0,0.08057665824890137,-0.0025887315277941525
PPO,45,final,1093,4093,0.09000000000000001,1.0,1.0,0.6075254678726196,-0.012342578498646617
PPO,45,final,1094,4094,0.09000000000000001,1.0,1.0,0.3884314000606537,-0.009085052413865924
PPO,45,final,1095,4095,-0.19757852077484128,7.0,2.0,0.5123462080955505,-0.025974892545491457
PPO,45,final,1096,4096,0.09000000000000001,1.0,1.0,0.8965247869491577,-0.0009026034967973828
PPO,45,final,1097,4097,0.09000000000000001,1.0,1.0,1.0062037706375122,-0.003278164891526103
PPO,45,final,1098,4098,0.09000000000000001,1.0,1.0,0.5001307129859924,0.0032681081793271005
PPO,45,final,1099,4099,0.09000000000000001,1.0,1.0,0.6570326685905457,-0.0018261173972859979
PPO,45,final,1100,4100,0.09000000000000001,1.0,1.0,0.4191064238548279,0.0002127304906025529
PPO,45,final,1101,4101,0.09000000000000001,1.0,1.0,1.015734314918518,-0.005431348807178438
PPO,45,final,1102,4102,0.09000000000000001,1.0,1.0,0.63945072889328,-0.004724395927041769
PPO,45,final,1103,4103,0.1250900197029114,2.0,2.0,0.7170072197914124,-0.05615341570228338
PPO,45,final,1104,4104,0.09000000000000001,1.0,1.0,0.2673378884792328,0.002571991819422692
PPO,45,final,1105,4105,0.09000000000000001,1.0,1.0,0.5824265480041504,-0.0027576611028052866
PPO,45,final,1106,4106,0.09000000000000001,1.0,1.0,0.7512031197547913,-0.006643174099735916
PPO,45,final,1107,4107,0.06419159650802614,2.0,2.0,0.7637593150138855,-0.0384314542170614
PPO,45,final,1108,4108,0.09000000000000001,1.0,1.0,0.17573818564414978,-0.003895568719599396
PPO,45,final,1109,4109,0.11677183389663698,2.0,2.0,0.8079566955566406,-0.03752495441585779
PPO,45,final,1110,4110,0.15996791601181032,2.0,2.0,0.5908498167991638,-0.06042075343430042
PPO,45,final,1111,4111,0.09000000000000001,1.0,1.0,0.9245933890342712,-0.009520258055999875
PPO,45,final,1112,4112,0.09000000000000001,1.0,1.0,0.38288992643356323,-0.0024529443471692502
PPO,45,final,1113,4113,0.09000000000000001,1.0,1.0,0.13647282123565674,-0.009644884150475264
PPO,45,final,1114,4114,0.14983432173728944,2.0,2.0,0.20922723412513733,-0.05795783159555867
PPO,45,final,1115,4115,-0.22143831729888913,8.0,2.0,0.6483489871025085,-0.004865504335612059
PPO,45,final,1116,4116,-0.01672726690769194,2.0,2.0,0.3159623444080353,-0.01572573813609779
PPO,45,final,1117,4117,0.36329139947891237,2.0,2.0,0.49568843841552734,0.023145848885178566
PPO,45,final,1118,4118,0.10879643440246584,2.0,2.0,1.052595615386963,-0.07977849803864956
PPO,45,final,1119,4119,0.09000000000000001,1.0,1.0,0.22041986882686615,-0.0030863534775562584
PPO,45,final,1120,4120,0.09000000000000001,1.0,1.0,0.38374924659729004,-0.007090423721820116
PPO,45,final,1121,4121,0.06418700695037843,2.0,2.0,0.3212501108646393,-0.013098977855406702
PPO,45,final,1122,4122,0.2739146447181702,4.0,3.0,0.7758424878120422,-0.014783875551074743
PPO,45,final,1123,4123,0.09000000000000001,1.0,1.0,0.6535832285881042,-0.01382234925404191
PPO,45,final,1124,4124,0.0920779871940613,2.0,2.0,0.9321386218070984,-0.025554063846357167
PPO,45,final,1125,4125,-0.3689984261989594,10.0,2.0,0.4892829954624176,0.06522143632173538
PPO,45,final,1126,4126,0.23931650996208192,2.0,2.0,0.4991593658924103,-0.00718802388291806
PPO,45,final,1127,4127,0.023030645847320563,3.0,3.0,0.5735794901847839,-0.04640039009973407
PPO,45,final,1128,4128,0.16726781606674196,2.0,2.0,0.5864347219467163,-0.026644643512554467
PPO,45,final,1129,4129,0.2500000911951065,2.0,2.0,0.23946909606456757,-0.044860944384709
PPO,45,final,1130,4130,0.26949311017990113,3.0,3.0,0.5145237445831299,-0.03268824960105121
PPO,45,final,1131,4131,0.09000000000000001,1.0,1.0,0.31489142775535583,-0.01191759668290615
PPO,45,final,1132,4132,0.10503185510635378,3.0,3.0,0.706048846244812,-0.02035125670954585
PPO,45,final,1133,4133,-0.5714274227619172,10.0,2.0,0.5034610033035278,0.07279790192842484
PPO,45,final,1134,4134,0.09000000000000001,1.0,1.0,0.21227964758872986,-0.00993684702552855
PPO,45,final,1135,4135,0.019088335037231438,8.0,4.0,0.5156673789024353,-0.025551921455189586
PPO,45,final,1136,4136,-0.07980684280395507,4.0,2.0,0.9554670453071594,-0.04790261876769364
PPO,45,final,1137,4137,-0.41272394657135014,10.0,2.0,1.1573225259780884,0.06282007042318583
PPO,45,final,1138,4138,-0.45314900279045106,10.0,4.0,0.2710334360599518,-0.006280351430177689
PPO,45,final,1139,4139,0.1361782717704773,2.0,2.0,0.8903835415840149,-0.03371007915120572
PPO,45,final,1140,4140,-0.6782128095626833,10.0,2.0,1.1421805620193481,0.07195368967950344
PPO,45,final,1141,4141,-0.5610725283622743,10.0,3.0,0.8065730929374695,0.036344706546515226
PPO,45,final,1142,4142,-0.3823292851448059,10.0,3.0,0.5382859706878662,0.015214217477478087
PPO,45,final,1143,4143,-0.47830908298492436,10.0,2.0,0.44585078954696655,0.054351478815078735
PPO,45,final,1144,4144,-0.5806385159492493,10.0,2.0,0.7090120315551758,0.04567983467131853
PPO,45,final,1145,4145,-0.6228978633880616,10.0,3.0,0.5032560229301453,0.03970377100631595
PPO,45,final,1146,4146,0.11462058305740358,2.0,2.0,0.5498090982437134,-0.03078316175378859
PPO,45,final,1147,4147,-0.47400449514389037,10.0,2.0,0.7057724595069885,0.0442013218998909
PPO,45,final,1148,4148,-0.2052473306655884,10.0,2.0,0.34724855422973633,0.0352499159052968
PPO,45,final,1149,4149,-0.4410752058029175,10.0,3.0,0.9420868158340454,-0.0018859272822737694
PPO,45,final,1150,4150,-0.5976504862308503,10.0,2.0,0.47858506441116333,0.04339564125984907
PPO,45,final,1151,4151,-0.13413953900337217,7.0,2.0,0.45081934332847595,-0.02869579120306298
PPO,45,final,1152,4152,-0.6062738031148911,10.0,2.0,0.2615252435207367,0.0398816978558898
PPO,45,final,1153,4153,-0.5195627510547638,10.0,3.0,0.42140650749206543,-0.00533307995647192
PPO,45,final,1154,4154,0.09000000000000001,1.0,1.0,0.06158856675028801,0.006258360343053937
PPO,45,final,1155,4155,-0.4809863448143006,10.0,2.0,0.2518136203289032,0.030340658500790596
PPO,45,final,1156,4156,0.0909463930130005,2.0,2.0,0.5794739127159119,-0.050769633147865534
PPO,45,final,1157,4157,-0.6305684328079225,10.0,2.0,0.7258976101875305,0.035337258130311966
PPO,45,final,1158,4158,-0.5664584636688234,10.0,3.0,0.4057645797729492,0.010740235447883606
PPO,45,final,1159,4159,-0.6345897495746614,10.0,2.0,0.5831810832023621,0.033221861347556114
PPO,45,final,1160,4160,-0.5663564682006836,10.0,2.0,0.7562249302864075,0.02838520286604762
PPO,45,final,1161,4161,-0.6579834103584291,10.0,2.0,0.6644576191902161,0.029476884752511978
PPO,45,final,1162,4162,-0.5740980058908464,10.0,3.0,0.23302863538265228,0.008216246758820489
PPO,45,final,1163,4163,-0.26479988098144536,10.0,2.0,0.5256510376930237,0.016237596049904823
PPO,45,final,1164,4164,-0.6184437453746796,10.0,2.0,0.311259925365448,0.023027727846056223
PPO,45,final,1165,4165,-0.4773737072944641,10.0,2.0,0.8389133214950562,0.016394532285630703
PPO,45,final,1166,4166,-0.4209441721439362,10.0,2.0,0.2625735402107239,0.013057146221399307
PPO,45,final,1167,4167,-0.474062043428421,10.0,2.0,0.3598771095275879,0.014186651911586523
PPO,45,final,1168,4168,-0.5338548302650452,10.0,2.0,0.4004674255847931,0.014861798379570246
PPO,45,final,1169,4169,0.08821954488754273,4.0,2.0,0.7607861757278442,-0.031663995468989015
PPO,45,final,1170,4170,0.06518753051757814,2.0,2.0,0.9360180497169495,0.008209383115172386
PPO,45,final,1171,4171,-0.6669090867042543,10.0,2.0,0.6624560356140137,0.01835104450583458
PPO,45,final,1172,4172,0.01726757407188416,3.0,2.0,0.34066009521484375,-0.032046737149357796
PPO,45,final,1173,4173,-0.5537176012992859,10.0,2.0,0.7574072480201721,0.014922605827450752
PPO,45,final,1174,4174,-0.4064127683639527,10.0,2.0,1.071944236755371,0.011975191300734878
PPO,45,final,1175,4175,-0.3147767066955567,10.0,2.0,1.0759860277175903,0.011209754040464759
PPO,45,final,1176,4176,0.09000000000000001,1.0,1.0,0.2189759463071823,0.041806536726653576
PPO,45,final,1177,4177,-0.4003999710083008,10.0,2.0,0.2918455898761749,0.01083546201698482
PPO,45,final,1178,4178,-0.07135140001773833,5.0,2.0,0.2451726645231247,-0.03627267247065902
PPO,45,final,1179,4179,-0.11111848056316374,5.0,4.0,0.32285577058792114,-0.048842394491657615
PPO,45,final,1180,4180,-0.4461457908153534,10.0,2.0,0.4905693829059601,0.0121559698600322
PPO,45,final,1181,4181,0.06451149463653566,2.0,2.0,0.2738984227180481,-0.0723451366648078
PPO,45,final,1182,4182,-0.5036641240119935,10.0,2.0,0.9219388961791992,0.015928000677376986
PPO,45,final,1183,4183,0.08109660625457765,2.0,2.0,0.5579137802124023,0.0030927457846701145
PPO,45,final,1184,4184,0.09000000000000001,1.0,1.0,0.16590516269207,0.037092896178364754
PPO,45,final,1185,4185,0.09006006240844727,3.0,3.0,0.6907227635383606,0.007488533854484558
PPO,45,final,1186,4186,-0.3905181169509888,10.0,2.0,1.021465539932251,0.01527557335793972
PPO,45,final,1187,4187,-0.35196071863174444,10.0,3.0,0.644392192363739,-0.006318496773019433
PPO,45,final,1188,4188,0.11394794702529909,3.0,2.0,0.4172266125679016,0.009661958320066333
PPO,45,final,1189,4189,-0.4331449747085571,10.0,2.0,0.5721337199211121,0.01699942536652088
PPO,45,final,1190,4190,-0.18417052268981932,4.0,2.0,0.6922365427017212,-0.01871912623755634
PPO,45,final,1191,4191,-0.019043366909027096,3.0,2.0,0.23351863026618958,-0.08912749937735498
PPO,45,final,1192,4192,0.1000973153114319,2.0,2.0,0.7433252930641174,-0.018174671567976475
PPO,45,final,1193,4193,-0.5553359270095826,10.0,2.0,1.0292420387268066,0.019195457454770803
PPO,45,final,1194,4194,0.3223086667060852,3.0,3.0,0.6398511528968811,0.03823702782392502
PPO,45,final,1195,4195,0.08375673174858095,2.0,2.0,0.41971907019615173,0.037153542041778564
PPO,45,final,1196,4196,0.24645315289497377,2.0,2.0,0.39333227276802063,0.03959330730140209
PPO,45,final,1197,4197,0.10025453746318819,2.0,2.0,0.24681590497493744,-0.016998479375615716
PPO,45,final,1198,4198,0.12136914014816286,2.0,2.0,0.34230831265449524,-0.10999076580628753
PPO,45,final,1199,4199,-0.6193274736404419,10.0,2.0,0.8218314051628113,0.028898902237415314
PPO,45,final,1200,4200,-0.26083181142807005,9.0,3.0,0.7950626015663147,-0.011256300145760179
PPO,45,final,1201,4201,0.005769393444061285,4.0,2.0,0.4159950911998749,-0.03754678554832935
PPO,45,final,1202,4202,0.08316619873046877,2.0,2.0,0.07551728188991547,-0.057956690434366465
PPO,45,final,1203,4203,-0.4492413878440857,10.0,2.0,0.9013760685920715,0.023244651965796947
PPO,45,final,1204,4204,0.055961794853210456,3.0,3.0,0.891499936580658,-0.02079602307640016
PPO,45,final,1205,4205,-0.17793348550796506,7.0,2.0,0.6123789548873901,-0.04126947862096131
PPO,45,final,1206,4206,0.09000000000000001,1.0,1.0,0.39059311151504517,0.012962442822754383
PPO,45,final,1207,4207,-0.568862783908844,10.0,2.0,0.6023131012916565,0.02706336649134755
PPO,45,final,1208,4208,-0.08091411590576171,5.0,2.0,0.6588801741600037,-0.06614911439828575
PPO,45,final,1209,4209,0.2161050307750702,2.0,2.0,0.4471670091152191,0.022404797258786857
PPO,45,final,1210,4210,0.05609627485275269,3.0,2.0,0.24173954129219055,-0.043401518487371504
PPO,45,final,1211,4211,0.2636196482181549,2.0,2.0,0.4233282506465912,-0.004593819845467806
PPO,45,final,1212,4212,-0.31706700801849363,8.0,3.0,0.7819198966026306,-0.03613973967730999
PPO,45,final,1213,4213,-0.08261065483093262,5.0,3.0,0.8557358980178833,-0.06699520978145301
PPO,45,final,1214,4214,-0.04738370180130004,5.0,2.0,0.677585244178772,-0.06294903671368957
PPO,45,final,1215,4215,0.2041487264633179,2.0,2.0,0.7596542239189148,0.020102379960007966
PPO,45,final,1216,4216,0.09000000000000001,1.0,1.0,0.8798032999038696,0.006855397718027234
PPO,45,final,1217,4217,0.25047327756881715,2.0,2.0,0.9970455765724182,-0.047799574211239815
PPO,45,final,1218,4218,0.09000000000000001,1.0,1.0,0.1894284039735794,0.010368065210059285
PPO,45,final,1219,4219,0.21727712631225587,2.0,2.0,1.0569413900375366,0.002053571050055325
PPO,45,final,1220,4220,-0.3903494930267334,6.0,3.0,0.6004611849784851,-0.0054315399611368775
PPO,45,final,1221,4221,0.19136465549468995,4.0,3.0,0.7137635946273804,-0.0016174942720681429
PPO,45,final,1222,4222,0.05776875644922257,2.0,2.0,0.11834502220153809,-0.02510060090571642
PPO,45,final,1223,4223,0.09000000000000001,1.0,1.0,0.46042558550834656,0.005148258525878191
PPO,45,final,1224,4224,0.09000000000000001,1.0,1.0,0.5762179493904114,0.005518301157280803
PPO,45,final,1225,4225,0.09000000000000001,1.0,1.0,0.3461265563964844,-0.0016825366765260696
PPO,45,final,1226,4226,0.11900092840194704,2.0,2.0,0.8997427225112915,-0.06360594788566232
PPO,45,final,1227,4227,0.16348666667938233,3.0,3.0,0.5705147981643677,-0.02231055754236877
PPO,45,final,1228,4228,-0.13378795266151428,3.0,3.0,0.6989668607711792,-0.05885427910834551
PPO,45,final,1229,4229,0.17449493885040285,2.0,2.0,0.6856160759925842,-0.006299884989857674
PPO,45,final,1230,4230,0.08645750761032106,2.0,2.0,0.5076138377189636,-0.04097852390259504
PPO,45,final,1231,4231,0.09000000000000001,1.0,1.0,0.49247488379478455,-0.0062319200951606035
PPO,45,final,1232,4232,0.33502520322799684,5.0,3.0,0.7178741097450256,-0.001967142801731825
PPO,45,final,1233,4233,0.1734099555015564,2.0,2.0,0.8864938020706177,-0.062150147976353765
PPO,45,final,1234,4234,0.29988707065582276,4.0,3.0,0.824069619178772,-0.0481975085567683
PPO,45,final,1235,4235,0.09000000000000001,1.0,1.0,0.15006674826145172,-0.005288774962536991
PPO,45,final,1236,4236,-0.027509801387786872,8.0,4.0,0.7767204642295837,-0.016932985396124423
PPO,45,final,1237,4237,0.4115702509880066,5.0,4.0,0.7396500706672668,-5.853339098393917e-05
PPO,45,final,1238,4238,0.09000000000000001,1.0,1.0,0.09998779743909836,-0.0003133718855679035
PPO,45,final,1239,4239,0.04542292833328248,2.0,2.0,0.3513267934322357,-0.05805756989866495
PPO,45,final,1240,4240,0.35983134031295777,3.0,3.0,0.9439787268638611,-0.03474111109972
PPO,45,final,1241,4241,0.07151938199996949,3.0,3.0,0.3971165120601654,-0.025861269212327898
PPO,45,final,1242,4242,0.09000000000000001,1.0,1.0,0.33898577094078064,-0.008493083994835615
PPO,45,final,1243,4243,0.09000000000000001,1.0,1.0,0.4178265929222107,-0.0060691285179927945
PPO,45,final,1244,4244,0.22062825918197632,4.0,4.0,0.5932258367538452,-0.052363574504852295
PPO,45,final,1245,4245,0.04588271856307984,2.0,2.0,0.3330603241920471,-0.011931123677641153
PPO,45,final,1246,4246,0.09000000000000001,1.0,1.0,0.20662154257297516,-0.008830775506794453
PPO,45,final,1247,4247,0.10336886525154115,2.0,2.0,0.448329895734787,-0.05723834875971079
PPO,45,final,1248,4248,0.09000000000000001,1.0,1.0,0.2776743769645691,-0.00634342257399112
PPO,45,final,1249,4249,0.04143975973129271,10.0,4.0,0.7378382086753845,-0.007501708809286356
PPO,45,final,1250,4250,0.09000000000000001,1.0,1.0,0.1773182898759842,-0.0028705280274152756
PPO,45,final,1251,4251,0.10225804328918459,2.0,2.0,1.1424968242645264,-0.09371628647204489
PPO,45,final,1252,4252,-0.06389217138290405,6.0,3.0,0.7455475926399231,-0.022013583569787443
PPO,45,final,1253,4253,0.11458029031753542,2.0,2.0,0.9278271794319153,-0.06049002846702933
PPO,45,final,1254,4254,-0.09689908742904664,7.0,4.0,0.7725924253463745,-0.06975944014266133
PPO,45,final,1255,4255,0.09000000000000001,1.0,1.0,0.729428231716156,-0.010213482193648815
PPO,45,final,1256,4256,0.07888753890991212,2.0,2.0,0.5631564855575562,-0.055808216566219926
PPO,45,final,1257,4257,0.09000000000000001,1.0,1.0,0.7918705940246582,-0.008454095339402556
PPO,45,final,1258,4258,0.234055655002594,2.0,2.0,0.5934814214706421,-0.055197718320414424
PPO,45,final,1259,4259,0.09000000000000001,1.0,1.0,0.39357122778892517,-0.011605181032791734
PPO,45,final,1260,4260,0.09000000000000001,1.0,1.0,0.28226733207702637,-0.009997164364904165
PPO,45,final,1261,4261,-0.0414749813079834,7.0,3.0,0.672551691532135,-0.04972362332046032
PPO,45,final,1262,4262,0.09000000000000001,1.0,1.0,0.05648601055145264,-0.002943657513242215
PPO,45,final,1263,4263,0.09000000000000001,1.0,1.0,0.1565658152103424,-0.004740578471682966
PPO,45,final,1264,4264,0.09000000000000001,1.0,1.0,0.21453912556171417,-0.007105987868271768
PPO,45,final,1265,4265,-0.28862623929977416,6.0,3.0,0.9909499287605286,-0.02482887706719339
PPO,45,final,1266,4266,0.09000000000000001,1.0,1.0,0.6375173926353455,-0.0064452458173036575
PPO,45,final,1267,4267,0.09000000000000001,1.0,1.0,0.8418022394180298,-0.007083021104335785
PPO,45,final,1268,4268,0.11951837658882143,3.0,3.0,0.4166722297668457,-0.06437336921226233
PPO,45,final,1269,4269,0.09000000000000001,1.0,1.0,0.21145987510681152,-0.002742088050581515
PPO,45,final,1270,4270,0.011198477745056168,2.0,2.0,0.6013312339782715,-0.04189060436328873
PPO,45,final,1271,4271,0.09000000000000001,1.0,1.0,0.04026396945118904,0.000603439417318441
PPO,45,final,1272,4272,0.09000000000000001,1.0,1.0,0.4400072395801544,-0.004358911304734647
PPO,45,final,1273,4273,0.09000000000000001,1.0,1.0,0.8330498933792114,9.14417760213837e-05
PPO,45,final,1274,4274,0.09000000000000001,1.0,1.0,0.5788279175758362,-0.0040552213322371244
PPO,45,final,1275,4275,0.09000000000000001,1.0,1.0,0.26644420623779297,-0.0006068842048989609
PPO,45,final,1276,4276,0.09000000000000001,1.0,1.0,1.326874852180481,-0.002213912666775286
PPO,45,final,1277,4277,0.09000000000000001,1.0,1.0,0.7363681793212891,-0.0010207548621110618
PPO,45,final,1278,4278,0.09000000000000001,1.0,1.0,0.21423792839050293,6.225134711712599e-06
PPO,45,final,1279,4279,0.09000000000000001,1.0,1.0,0.4534291625022888,-0.00301758706336841
PPO,45,final,1280,4280,0.09000000000000001,1.0,1.0,0.7600708603858948,-0.002781139744911343
PPO,45,final,1281,4281,0.09000000000000001,1.0,1.0,0.6683706045150757,-0.0018721037777140737
PPO,45,final,1282,4282,0.09000000000000001,1.0,1.0,0.24125076830387115,-0.0018871205975301564
PPO,45,final,1283,4283,0.09000000000000001,1.0,1.0,0.7447940111160278,-0.0033043670700863004
PPO,45,final,1284,4284,0.09000000000000001,1.0,1.0,0.5344569087028503,-0.002054768381640315
PPO,45,final,1285,4285,0.09000000000000001,1.0,1.0,0.14832337200641632,-0.0018747961148619652
PPO,45,final,1286,4286,0.09000000000000001,1.0,1.0,0.8043686747550964,-0.0019414050038903952
PPO,45,final,1287,4287,0.09000000000000001,1.0,1.0,0.1820603907108307,-0.001120784494560212
PPO,45,final,1288,4288,0.09000000000000001,1.0,1.0,0.5714024305343628,-0.004135509836487472
PPO,45,final,1289,4289,0.14214362382888795,2.0,2.0,0.6583594083786011,-0.07402710989117622
PPO,45,final,1290,4290,0.09000000000000001,1.0,1.0,0.534772515296936,-0.009405781282112002
PPO,45,final,1291,4291,0.09000000000000001,1.0,1.0,1.0201915502548218,-0.010398498037829995
PPO,45,final,1292,4292,0.09000000000000001,1.0,1.0,0.5248885154724121,-0.006523949326947331
PPO,45,final,1293,4293,0.16580107986927034,2.0,2.0,0.21742232143878937,-0.06845057872124016
PPO,45,final,1294,4294,-0.12685958862304686,2.0,2.0,0.7177308201789856,-0.028862958075478673
PPO,45,final,1295,4295,0.05595134615898133,3.0,2.0,0.34450218081474304,-0.042109477799385786
PPO,45,final,1296,4296,0.04114814281463624,2.0,2.0,0.47538360953330994,-0.09042938123457134
PPO,45,final,1297,4297,0.09000000000000001,1.0,1.0,0.549884021282196,-0.006999235018156469
PPO,45,final,1298,4298,0.09000000000000001,1.0,1.0,0.45190557837486267,-0.004258340573869646
PPO,45,final,1299,4299,0.09000000000000001,1.0,1.0,0.1945016086101532,-0.0009305714775109664
PPO,45,final,1300,4300,0.09000000000000001,1.0,1.0,0.6413663029670715,-0.01069290516898036
PPO,45,final,1301,4301,0.1574601995944977,2.0,2.0,0.36252620816230774,-0.04887471382971853
PPO,45,final,1302,4302,0.09000000000000001,1.0,1.0,0.6918745636940002,-0.0026181128341704607
PPO,45,final,1303,4303,0.09000000000000001,1.0,1.0,0.25198307633399963,-0.005226410459727049
PPO,45,final,1304,4304,0.09000000000000001,1.0,1.0,0.9318411946296692,-0.011587804881855845
PPO,45,final,1305,4305,0.015575649142265335,2.0,2.0,0.23750856518745422,-0.039335626061074436
PPO,45,final,1306,4306,0.09000000000000001,1.0,1.0,0.19121317565441132,-0.008972546551376581
PPO,45,final,1307,4307,0.14945741176605226,2.0,2.0,0.9204272627830505,-0.06408244441263378
PPO,45,final,1308,4308,0.09000000000000001,1.0,1.0,1.097504734992981,-0.011350036365911365
PPO,45,final,1309,4309,0.09000000000000001,1.0,1.0,0.23957309126853943,-0.004141049459576607
PPO,45,final,1310,4310,0.09000000000000001,1.0,1.0,0.6156111359596252,-0.0007179366948548704
PPO,45,final,1311,4311,0.09000000000000001,1.0,1.0,0.3111226558685303,-0.007359284674748778
PPO,45,final,1312,4312,-0.08709930419921873,4.0,3.0,0.9208464026451111,-0.03021482436452061
PPO,45,final,1313,4313,0.09000000000000001,1.0,1.0,0.1713549792766571,-0.004605463240295649
PPO,45,final,1314,4314,0.09000000000000001,1.0,1.0,0.8233880400657654,-0.009959186660125852
PPO,45,final,1315,4315,0.09000000000000001,1.0,1.0,0.12602384388446808,-0.003549932618625462
PPO,45,final,1316,4316,0.09000000000000001,1.0,1.0,0.2045479714870453,-0.001504318555817008
PPO,45,final,1317,4317,0.09000000000000001,1.0,1.0,0.9070311784744263,-0.010473313741385937
PPO,45,final,1318,4318,0.06027235507965088,3.0,2.0,0.7862977385520935,-0.0931118629523553
PPO,45,final,1319,4319,0.14141829490661623,2.0,2.0,0.6563493609428406,-0.059006653260439634
PPO,45,final,1320,4320,0.09000000000000001,1.0,1.0,1.0249301195144653,-0.010281360242515802
PPO,45,final,1321,4321,0.09000000000000001,1.0,1.0,0.1840931475162506,-0.006582267349585891
PPO,45,final,1322,4322,0.09000000000000001,1.0,1.0,0.33558160066604614,-0.013598262565210462
PPO,45,final,1323,4323,0.09000000000000001,1.0,1.0,0.2943800389766693,-0.011159295216202736
PPO,45,final,1324,4324,0.09000000000000001,1.0,1.0,0.06145871430635452,-0.002443037461489439
PPO,45,final,1325,4325,0.031244878172874455,3.0,2.0,0.2024625837802887,-0.03715475671924651
PPO,45,final,1326,4326,0.08227403640747072,2.0,2.0,0.43872085213661194,-0.07846630201674998
PPO,45,final,1327,4327,0.09000000000000001,1.0,1.0,0.7919368743896484,-0.012807769933715463
PPO,45,final,1328,4328,0.09000000000000001,1.0,1.0,0.5246432423591614,-0.01226078812032938
PPO,45,final,1329,4329,0.09000000000000001,1.0,1.0,0.22063679993152618,-0.003075380518566817
PPO,45,final,1330,4330,0.09000000000000001,1.0,1.0,0.23437897861003876,-0.011893418151885271
PPO,45,final,1331,4331,0.27092684984207155,2.0,2.0,0.6558769941329956,-0.04354273620992899
PPO,45,final,1332,4332,0.09000000000000001,1.0,1.0,0.6238168478012085,-0.013689711224287748
PPO,45,final,1333,4333,0.21960790634155275,2.0,2.0,0.8356615304946899,-0.0702042430639267
PPO,45,final,1334,4334,0.22163826942443848,3.0,3.0,1.1326783895492554,-0.05154325778130442
PPO,45,final,1335,4335,0.17139557719230653,3.0,3.0,0.27491098642349243,-0.03925991419237107
PPO,45,final,1336,4336,0.09000000000000001,1.0,1.0,0.2240576446056366,-0.0062281867722049356
PPO,45,final,1337,4337,0.09000000000000001,1.0,1.0,0.12842637300491333,-0.004196746449451894
PPO,45,final,1338,4338,0.09000000000000001,1.0,1.0,0.6007164120674133,-0.013520062668249011
PPO,45,final,1339,4339,0.09000000000000001,1.0,1.0,0.7886009812355042,-0.01358007057569921
PPO,45,final,1340,4340,-0.6318360495567322,8.0,4.0,1.2309657335281372,0.050852518528699875
PPO,45,final,1341,4341,0.09000000000000001,1.0,1.0,0.6412739157676697,-0.013748427387326956
PPO,45,final,1342,4342,0.09000000000000001,1.0,1.0,0.06866534799337387,-0.0071351127699017525
PPO,45,final,1343,4343,0.09000000000000001,1.0,1.0,0.11509829014539719,-0.008731125155463815
PPO,45,final,1344,4344,-0.15000080347061157,8.0,4.0,0.9513636827468872,-0.02975614066235721
PPO,45,final,1345,4345,0.06732802271842958,2.0,2.0,0.24708020687103271,-0.04546367179136723
PPO,45,final,1346,4346,0.09000000000000001,1.0,1.0,0.7934237718582153,-0.013828527880832553
PPO,45,final,1347,4347,0.047031829357147226,4.0,3.0,0.8846807479858398,-0.057027745293453336
PPO,45,final,1348,4348,0.09000000000000001,1.0,1.0,0.8047381639480591,-0.013175825122743845
PPO,45,final,1349,4349,0.09000000000000001,1.0,1.0,0.17417599260807037,-0.007022495847195387
PPO,45,final,1350,4350,0.09000000000000001,1.0,1.0,0.3535122275352478,-0.005035902606323361
PPO,45,final,1351,4351,0.09000000000000001,1.0,1.0,0.38913998007774353,-0.010226607089862227
PPO,45,final,1352,4352,0.09000000000000001,1.0,1.0,0.4412315785884857,-0.010798093630000949
PPO,45,final,1353,4353,0.09000000000000001,1.0,1.0,0.2470642477273941,-0.008455428062006831
PPO,45,final,1354,4354,0.09000000000000001,1.0,1.0,0.33554527163505554,-0.010772123001515865
PPO,45,final,1355,4355,0.09000000000000001,1.0,1.0,0.8757075071334839,-0.009684567106887698
PPO,45,final,1356,4356,0.09000000000000001,1.0,1.0,0.7844482064247131,-0.01260071201249957
PPO,45,final,1357,4357,0.12494889080524446,2.0,2.0,0.17664702236652374,-0.07774407300166786
PPO,45,final,1358,4358,0.09000000000000001,1.0,1.0,0.8045535683631897,-0.013147646794095635
PPO,45,final,1359,4359,-0.09661953449249268,5.0,3.0,0.7581109404563904,-0.030792527133598924
PPO,45,final,1360,4360,-0.006738971471786495,3.0,2.0,0.321732759475708,-0.07367226621136069
PPO,45,final,1361,4361,0.09000000000000001,1.0,1.0,0.9511113166809082,-0.008891657227650285
PPO,45,final,1362,4362,0.09000000000000001,1.0,1.0,0.13354770839214325,-0.003356237953994423
PPO,45,final,1363,4363,0.09000000000000001,1.0,1.0,0.27693599462509155,-0.005981967784464359
PPO,45,final,1364,4364,0.07491654872894288,3.0,3.0,0.46094828844070435,-0.058575254515744746
PPO,45,final,1365,4365,0.09000000000000001,1.0,1.0,0.38832297921180725,-0.0016831393295433372
PPO,45,final,1366,4366,0.09000000000000001,1.0,1.0,0.7097098231315613,-0.008483890676870942
PPO,45,final,1367,4367,0.09000000000000001,1.0,1.0,0.31359586119651794,-0.003166543843690306
PPO,45,final,1368,4368,0.09000000000000001,1.0,1.0,0.15381483733654022,-0.009155112318694592
PPO,45,final,1369,4369,0.07445678293704988,2.0,2.0,0.2298755794763565,-0.06843341700732708
PPO,45,final,1370,4370,0.09000000000000001,1.0,1.0,0.24653121829032898,-0.006309240823611617
PPO,45,final,1371,4371,0.09000000000000001,1.0,1.0,0.9937483668327332,-0.006555199273861945
PPO,45,final,1372,4372,0.09000000000000001,1.0,1.0,0.25312504172325134,-0.0014353373553603888
PPO,45,final,1373,4373,0.09000000000000001,1.0,1.0,1.173186182975769,-0.0029933256446383893
PPO,45,final,1374,4374,0.09000000000000001,1.0,1.0,0.6687308549880981,-0.002242854854557663
PPO,45,final,1375,4375,0.09000000000000001,1.0,1.0,0.1769838035106659,-0.001600727322511375
PPO,45,final,1376,4376,0.09000000000000001,1.0,1.0,0.43607017397880554,-0.009957249276340008
PPO,45,final,1377,4377,0.09000000000000001,1.0,1.0,0.7826536297798157,-0.004188620834611356
PPO,45,final,1378,4378,0.09000000000000001,1.0,1.0,0.8185499906539917,-0.0019374134426470846
PPO,45,final,1379,4379,0.09000000000000001,1.0,1.0,0.9043132066726685,-0.008613224606961012
PPO,45,final,1380,4380,0.09000000000000001,1.0,1.0,0.6930133104324341,-0.007345440797507763
PPO,45,final,1381,4381,0.09000000000000001,1.0,1.0,0.49930426478385925,-0.003635138098616153
PPO,45,final,1382,4382,0.09000000000000001,1.0,1.0,0.2129804790019989,-0.0029345217044465244
PPO,45,final,1383,4383,0.02138771533966065,3.0,2.0,0.3370456099510193,-0.06454508053138852
PPO,45,final,1384,4384,0.09000000000000001,1.0,1.0,0.2412656545639038,-0.007867729756981134
PPO,45,final,1385,4385,0.09000000000000001,1.0,1.0,0.0760163739323616,-0.0010007113305618986
PPO,45,final,1386,4386,0.09000000000000001,1.0,1.0,0.505510687828064,-0.0025889382231980562
PPO,45,final,1387,4387,0.09000000000000001,1.0,1.0,0.8146318793296814,-0.00716524850577116
PPO,45,final,1388,4388,0.09000000000000001,1.0,1.0,1.0914134979248047,-0.0044008136028423905
PPO,45,final,1389,4389,0.09000000000000001,1.0,1.0,0.5863943099975586,-0.003388837678357959
PPO,45,final,1390,4390,0.07424225091934206,2.0,2.0,0.6704035401344299,-0.07749583327677101
PPO,45,final,1391,4391,0.09000000000000001,1.0,1.0,0.19639469683170319,-0.0032592093921266496
PPO,45,final,1392,4392,0.09000000000000001,1.0,1.0,0.12383304536342621,-0.0005934036598773673
PPO,45,final,1393,4393,0.09000000000000001,1.0,1.0,0.3479629456996918,-0.00034496701118769124
PPO,45,final,1394,4394,0.09000000000000001,1.0,1.0,0.5629998445510864,-0.003759108774829656
PPO,45,final,1395,4395,0.1560244131088257,2.0,2.0,0.5183621048927307,-0.07731181097915396
PPO,45,final,1396,4396,0.09000000000000001,1.0,1.0,0.7478395700454712,-0.0032512834877707064
PPO,45,final,1397,4397,0.09000000000000001,1.0,1.0,0.9124301671981812,-0.0042199104791507125
PPO,45,final,1398,4398,0.09000000000000001,1.0,1.0,0.9190101027488708,-0.003376319073140621
PPO,45,final,1399,4399,0.09000000000000001,1.0,1.0,0.8231586813926697,-0.00758360349573195
PPO,45,final,1400,4400,0.09000000000000001,1.0,1.0,0.17763808369636536,-0.0011327409301884472
PPO,45,final,1401,4401,0.09000000000000001,1.0,1.0,0.1428418606519699,-0.0006116062140790746
PPO,45,final,1402,4402,0.21241064548492433,2.0,2.0,0.5255869030952454,-0.08275115833384916
PPO,45,final,1403,4403,0.1324557137489319,3.0,3.0,0.7035550475120544,-0.0691208727657795
PPO,45,final,1404,4404,0.20105309009552003,3.0,3.0,0.9642802476882935,-0.11320511670783162
PPO,45,final,1405,4405,-0.002414443492889398,4.0,2.0,0.5301981568336487,-0.028167301905341446
PPO,45,final,1406,4406,0.09000000000000001,1.0,1.0,0.6300762891769409,-0.006215345114469528
PPO,45,final,1407,4407,0.09000000000000001,1.0,1.0,0.19171373546123505,-0.006428424036130309
PPO,45,final,1408,4408,0.09000000000000001,1.0,1.0,0.8394035696983337,-0.01306415256112814
PPO,45,final,1409,4409,0.09000000000000001,1.0,1.0,0.20130924880504608,-0.005148541531525552
PPO,45,final,1410,4410,0.0845787000656128,3.0,3.0,0.8122099041938782,-0.06118352152407169
PPO,45,final,1411,4411,0.02288462400436403,2.0,2.0,0.6558505892753601,-0.07297905022278428
PPO,45,final,1412,4412,0.16170324563980104,2.0,2.0,0.3265889585018158,-0.057410640409216285
PPO,45,final,1413,4413,0.07577312946319581,4.0,3.0,0.7319034934043884,-0.059684588108211756
PPO,45,final,1414,4414,0.09000000000000001,1.0,1.0,0.6596413254737854,-0.012732082977890968
PPO,45,final,1415,4415,0.09000000000000001,1.0,1.0,0.11521900445222855,-0.007558999815955758
PPO,45,final,1416,4416,0.09000000000000001,1.0,1.0,1.093329668045044,-0.012304209405556321
PPO,45,final,1417,4417,0.09000000000000001,1.0,1.0,0.633041501045227,-0.011839930200949311
PPO,45,final,1418,4418,0.09000000000000001,1.0,1.0,0.67510586977005,-0.01435689046047628
PPO,45,final,1419,4419,0.023229436874389664,2.0,2.0,0.320891797542572,-0.06698169850278646
PPO,45,final,1420,4420,0.019699858427047745,2.0,2.0,0.5198541879653931,-0.07071087404619902
PPO,45,final,1421,4421,0.09000000000000001,1.0,1.0,0.08904706686735153,-0.001244300336111337
PPO,45,final,1422,4422,-0.007421712875366207,3.0,2.0,0.620380699634552,-0.045371886575594544
PPO,45,final,1423,4423,0.09000000000000001,1.0,1.0,0.7147456407546997,-0.008649789961054921
PPO,45,final,1424,4424,0.09000000000000001,1.0,1.0,0.5400448441505432,-0.0058145319344475865
PPO,45,final,1425,4425,0.09000000000000001,1.0,1.0,0.1077607274055481,-0.0005539475241675973
PPO,45,final,1426,4426,0.09000000000000001,1.0,1.0,0.28681597113609314,-0.005979263223707676
PPO,45,final,1427,4427,0.09000000000000001,1.0,1.0,0.46587222814559937,-0.011899664299562573
PPO,45,final,1428,4428,0.09000000000000001,1.0,1.0,0.9074706435203552,-0.009067576378583908
PPO,45,final,1429,4429,0.19163082718849184,2.0,2.0,0.4665967524051666,-0.058968845347408205
PPO,45,final,1430,4430,0.09000000000000001,1.0,1.0,0.2729262113571167,-0.004718583542853594
PPO,45,final,1431,4431,-0.0031845402717590177,2.0,2.0,0.6186712980270386,-0.027030425146222115
PPO,45,final,1432,4432,0.09000000000000001,1.0,1.0,0.38043975830078125,-0.0012642154761124402
PPO,45,final,1433,4433,0.09000000000000001,1.0,1.0,0.5696603655815125,-0.01054934412240982
PPO,45,final,1434,4434,0.09000000000000001,1.0,1.0,0.21715228259563446,-0.0002587999915704131
PPO,45,final,1435,4435,0.13168699264526368,3.0,3.0,0.8041459918022156,-0.06711423490196466
PPO,45,final,1436,4436,0.09000000000000001,1.0,1.0,0.36312565207481384,-0.0025311085046269
PPO,45,final,1437,4437,0.09000000000000001,1.0,1.0,0.5942865610122681,-0.012464519590139389
PPO,45,final,1438,4438,0.09000000000000001,1.0,1.0,0.7457729578018188,-0.012140228878706694
PPO,45,final,1439,4439,0.09000000000000001,1.0,1.0,0.03055022470653057,-0.00017373895752825774
PPO,45,final,1440,4440,0.09000000000000001,1.0,1.0,0.29199835658073425,-0.001912661420647055
PPO,45,final,1441,4441,0.09000000000000001,1.0,1.0,0.22934208810329437,-0.0002848211152013391
PPO,45,final,1442,4442,0.09000000000000001,1.0,1.0,0.1919531524181366,-0.01291364268399775
PPO,45,final,1443,4443,0.09000000000000001,1.0,1.0,0.9953514933586121,-0.013202852802351117
PPO,45,final,1444,4444,0.09000000000000001,1.0,1.0,0.541165292263031,-0.0014811879664193839
PPO,45,final,1445,4445,0.09000000000000001,1.0,1.0,0.7611107230186462,-0.012935652397572994
PPO,45,final,1446,4446,0.09000000000000001,1.0,1.0,0.24562451243400574,-0.0013781142770312726
PPO,45,final,1447,4447,0.09000000000000001,1.0,1.0,0.09853650629520416,-0.0014209773216862231
PPO,45,final,1448,4448,0.09000000000000001,1.0,1.0,0.5149587988853455,-0.002032409538514912
PPO,45,final,1449,4449,0.3284550976753235,3.0,3.0,0.5860605239868164,-0.038474802393466234
PPO,45,final,1450,4450,0.15098373770713808,2.0,2.0,0.48302099108695984,-0.08576710429042578
PPO,45,final,1451,4451,0.09000000000000001,1.0,1.0,0.6489804983139038,-0.002706740633584559
PPO,45,final,1452,4452,0.20851819396018983,2.0,2.0,0.44318732619285583,-0.061651196505408734
PPO,45,final,1453,4453,-0.1911822962760925,8.0,3.0,0.7446441650390625,0.010996564640663564
PPO,45,final,1454,4454,0.09000000000000001,1.0,1.0,0.45508527755737305,-0.01066543092019856
PPO,45,final,1455,4455,0.1908348071575165,2.0,2.0,0.31668785214424133,-0.0796405472792685
PPO,45,final,1456,4456,-0.63117413520813,10.0,2.0,0.4696046710014343,0.09547301940619946
PPO,45,final,1457,4457,0.2418970537185669,3.0,3.0,0.7099698781967163,-0.10673713136930019
PPO,45,final,1458,4458,0.09313472270965578,4.0,2.0,0.3199208676815033,-0.016441241139546037
PPO,45,final,1459,4459,-0.03956426739692688,6.0,3.0,0.27348074316978455,-0.06899879849515855
PPO,45,final,1460,4460,0.09000000000000001,1.0,1.0,0.14846684038639069,-0.002688177046366036
PPO,45,final,1461,4461,0.09000000000000001,1.0,1.0,0.1318891942501068,-0.007536826306022704
PPO,45,final,1462,4462,0.025079594850540177,2.0,2.0,0.452578067779541,-0.11440167436376214
PPO,45,final,1463,4463,0.2397927212715149,2.0,2.0,0.5680993795394897,0.0028188145952299237
PPO,45,final,1464,4464,0.09000000000000001,1.0,1.0,0.18900427222251892,-0.00395790277980268
PPO,45,final,1465,4465,0.09000000000000001,1.0,1.0,0.11900848150253296,-0.00272890372434631
PPO,45,final,1466,4466,0.09000000000000001,1.0,1.0,0.2103673219680786,-0.01139967329800129
PPO,45,final,1467,4467,0.09000000000000001,1.0,1.0,0.15384921431541443,-0.011192939477041364
PPO,45,final,1468,4468,0.18347150802612305,3.0,3.0,0.5372182726860046,-0.056842864491045475
PPO,45,final,1469,4469,-0.03077816724777223,6.0,4.0,0.7085015177726746,-0.01495964266359806
PPO,45,final,1470,4470,0.09000000000000001,1.0,1.0,0.8838909864425659,-0.008708519861102104
PPO,45,final,1471,4471,0.09000000000000001,1.0,1.0,0.1781097650527954,-0.003320579940918833
PPO,45,final,1472,4472,0.039587931632995614,2.0,2.0,0.5677233934402466,-0.091433021472767
PPO,45,final,1473,4473,0.09771980524063112,2.0,2.0,0.6303985714912415,-0.04105574660934508
PPO,45,final,1474,4474,0.09000000000000001,1.0,1.0,0.3298725187778473,-0.007578376214951277
PPO,45,final,1475,4475,0.14980966567993165,3.0,3.0,0.7853236794471741,-0.06294839130714536
PPO,45,final,1476,4476,0.12787647247314454,5.0,3.0,0.9596854448318481,-0.04975447664037347
PPO,45,final,1477,4477,0.16014344453811646,4.0,3.0,0.6357402801513672,-0.07249100413173437
PPO,45,final,1478,4478,0.09000000000000001,1.0,1.0,0.6156111359596252,-0.0011795912578236312
PPO,45,final,1479,4479,0.09000000000000001,1.0,1.0,0.4631125330924988,-0.007776469923555851
PPO,45,final,1480,4480,0.09000000000000001,1.0,1.0,0.15208150446414948,-0.006386317778378725
PPO,45,final,1481,4481,0.04424848079681397,3.0,2.0,0.20235827565193176,-0.04390701465308666
PPO,45,final,1482,4482,0.09000000000000001,1.0,1.0,0.38947543501853943,-0.005598464864306152
PPO,45,final,1483,4483,0.06615854978561403,2.0,2.0,0.7308052182197571,-0.07085571135394275
PPO,45,final,1484,4484,0.09000000000000001,1.0,1.0,0.7096823453903198,-0.0074903510976582766
PPO,45,final,1485,4485,0.09000000000000001,1.0,1.0,0.6850425601005554,-0.0028144800453446805
PPO,45,final,1486,4486,0.09000000000000001,1.0,1.0,0.2964898645877838,-0.0012820132542401552
PPO,45,final,1487,4487,0.14872141361236574,2.0,2.0,0.7221323847770691,-0.06542973662726581
PPO,45,final,1488,4488,0.09000000000000001,1.0,1.0,0.3749406635761261,-0.007832358125597239
PPO,45,final,1489,4489,0.09000000000000001,1.0,1.0,0.07597465068101883,-0.0011014946503564715
PPO,45,final,1490,4490,0.09000000000000001,1.0,1.0,0.3963158428668976,-0.0054807590786367655
PPO,45,final,1491,4491,0.06622116446495058,2.0,2.0,0.4984211325645447,-0.04228087328374386
PPO,45,final,1492,4492,0.28228791236877443,2.0,2.0,0.6550679802894592,-0.04499716404825449
PPO,45,final,1493,4493,0.09000000000000001,1.0,1.0,0.9103819131851196,-0.01280214311555028
PPO,45,final,1494,4494,0.09000000000000001,1.0,1.0,0.5916184782981873,-0.0072894381592050195
PPO,45,final,1495,4495,0.09000000000000001,1.0,1.0,0.37289294600486755,-0.011873415671288967
PPO,45,final,1496,4496,0.09000000000000001,1.0,1.0,0.721112072467804,-0.01414855383336544
PPO,45,final,1497,4497,0.09000000000000001,1.0,1.0,0.11849445849657059,-0.004276435007341206
PPO,45,final,1498,4498,0.09000000000000001,1.0,1.0,0.2750846743583679,-0.013578611426055431
PPO,45,final,1499,4499,0.09000000000000001,1.0,1.0,0.4778198301792145,-0.009190065320581198
PPO,45,final,1500,4500,0.07945586919784547,2.0,2.0,0.6004272699356079,-0.030560946324840188
PPO,45,final,1501,4501,0.09000000000000001,1.0,1.0,0.32081836462020874,-0.009443077724426985
PPO,45,final,1502,4502,0.09000000000000001,1.0,1.0,0.6665517091751099,-0.009004421532154083
PPO,45,final,1503,4503,0.09000000000000001,1.0,1.0,0.1667538434267044,-0.0028574661700986326
PPO,45,final,1504,4504,0.23418666601181032,2.0,2.0,0.9939550757408142,-0.0717383325099945
PPO,45,final,1505,4505,0.0949393677711487,2.0,2.0,0.9864793419837952,-0.10628031753003597
PPO,45,final,1506,4506,0.11100922703742983,2.0,2.0,0.27812185883522034,-0.09272987768054008
PPO,45,final,1507,4507,0.09000000000000001,1.0,1.0,0.3934812545776367,-0.014520983444526792
PPO,45,final,1508,4508,-0.03227022886276246,5.0,2.0,0.6753143072128296,-0.01329485746100545
PPO,45,final,1509,4509,0.0015648472309112704,2.0,2.0,0.5378738045692444,-0.09748336486518383
PPO,45,final,1510,4510,0.03600169181823731,4.0,3.0,0.5918501019477844,-0.08947063866071403
PPO,45,final,1511,4511,0.09000000000000001,1.0,1.0,0.1294543296098709,-0.013849419075995684
PPO,45,final,1512,4512,0.09000000000000001,1.0,1.0,1.176301121711731,-0.007313053822144866
PPO,45,final,1513,4513,0.045165913105010995,2.0,2.0,0.7730738520622253,-0.06891584792174399
PPO,45,final,1514,4514,0.09000000000000001,1.0,1.0,0.5077658891677856,-0.010225510224699974
PPO,45,final,1515,4515,0.09000000000000001,1.0,1.0,0.29700738191604614,-0.005427385214716196
PPO,45,final,1516,4516,0.09000000000000001,1.0,1.0,0.497024267911911,-0.004055851837620139
PPO,45,final,1517,4517,0.09000000000000001,1.0,1.0,0.584170401096344,-0.004403650527819991
PPO,45,final,1518,4518,0.09000000000000001,1.0,1.0,0.6654680967330933,-0.009611337445676327
PPO,45,final,1519,4519,0.09000000000000001,1.0,1.0,0.9234730005264282,-0.014203161234036088
PPO,45,final,1520,4520,0.05042027115821839,2.0,2.0,0.5083691477775574,-0.04522232513409108
PPO,45,final,1521,4521,0.09000000000000001,1.0,1.0,0.40441301465034485,-0.007960058515891433
PPO,45,final,1522,4522,0.09000000000000001,1.0,1.0,0.2782685160636902,-0.0022405009949579835
PPO,45,final,1523,4523,0.24927045583724977,2.0,2.0,0.4498811364173889,-0.03755707398522645
PPO,45,final,1524,4524,0.04434962749481202,2.0,2.0,1.003277063369751,-0.05434839543886483
PPO,45,final,1525,4525,0.09000000000000001,1.0,1.0,0.5141821503639221,-0.008277264190837741
PPO,45,final,1526,4526,0.09000000000000001,1.0,1.0,0.2459125518798828,-0.004064928623847663
PPO,45,final,1527,4527,0.09000000000000001,1.0,1.0,0.16691942512989044,-0.002425473590847105
PPO,45,final,1528,4528,0.09000000000000001,1.0,1.0,0.22940151393413544,-0.003092033672146499
PPO,45,final,1529,4529,0.09000000000000001,1.0,1.0,0.3367610275745392,-0.0021648805704899132
PPO,45,final,1530,4530,0.19170148849487306,2.0,2.0,0.5018545389175415,-0.040469442144967616
PPO,45,final,1531,4531,0.09000000000000001,1.0,1.0,0.2793188989162445,-0.003085408650804311
PPO,45,final,1532,4532,0.15301509380340578,2.0,2.0,0.37891513109207153,-0.04343271441757679
PPO,45,final,1533,4533,0.09000000000000001,1.0,1.0,0.9831410646438599,-0.013533893506973982
PPO,45,final,1534,4534,-0.01605730831623077,3.0,2.0,0.23086142539978027,-0.02453638892620802
PPO,45,final,1535,4535,0.16810389041900636,2.0,2.0,0.758603572845459,-0.028041360434144735
PPO,45,final,1536,4536,0.2894551229476929,3.0,3.0,1.066387414932251,-0.046616494888439775
PPO,45,final,1537,4537,-0.03483637213706971,4.0,3.0,0.4565383493900299,-0.0011256898287683725
PPO,45,final,1538,4538,0.09000000000000001,1.0,1.0,0.2591770589351654,-0.008623281959444284
PPO,45,final,1539,4539,0.12837542772293092,2.0,2.0,0.6681876182556152,-0.03612769697792828
PPO,45,final,1540,4540,-0.07785706043243408,2.0,2.0,0.5208699107170105,-0.03410703840199858
PPO,45,final,1541,4541,-0.04657971143722532,3.0,3.0,0.8986092805862427,-0.017742060241289437
PPO,45,final,1542,4542,0.21126813411712647,3.0,3.0,0.7061474919319153,-0.022164351190440357
PPO,45,final,1543,4543,0.10339845895767213,2.0,2.0,0.7407723665237427,-0.022310096537694335
PPO,45,final,1544,4544,-0.007859690189361557,2.0,2.0,0.938902735710144,-0.017771787708625197
PPO,45,final,1545,4545,0.17634971618652345,2.0,2.0,0.8032048940658569,-0.03080892562866211
PPO,45,final,1546,4546,0.09000000000000001,1.0,1.0,0.3675951063632965,-0.013309019152075052
PPO,45,final,1547,4547,0.09000000000000001,1.0,1.0,0.6325449347496033,-0.014463801169767976
PPO,45,final,1548,4548,0.09428917586803437,3.0,3.0,0.1973145455121994,-0.04427553713321686
PPO,45,final,1549,4549,0.09000000000000001,1.0,1.0,0.20784510672092438,-0.011045348132029176
PPO,45,final,1550,4550,0.1181245017051697,2.0,2.0,0.7541376352310181,-0.06481772684492171
PPO,45,final,1551,4551,0.09000000000000001,1.0,1.0,0.36292657256126404,-0.007756353239528835
PPO,45,final,1552,4552,0.21139286875724794,3.0,2.0,0.3260561525821686,-0.03522175014950335
PPO,45,final,1553,4553,0.1687778401374817,7.0,3.0,0.48131656646728516,-0.025284435600042343
PPO,45,final,1554,4554,0.09000000000000001,1.0,1.0,0.10552433878183365,-0.0070105885388329625
PPO,45,final,1555,4555,-0.0671197974681854,4.0,3.0,0.4392763674259186,-0.04071127367205918
PPO,45,final,1556,4556,0.008646669387817371,6.0,4.0,0.7335578203201294,-0.04925060924142599
PPO,45,final,1557,4557,0.08265388727188111,3.0,3.0,0.8362730145454407,-0.05812950502149761
PPO,45,final,1558,4558,0.08612843036651613,2.0,2.0,0.5843096375465393,-0.11211953265592456
PPO,45,final,1559,4559,0.09000000000000001,1.0,1.0,0.517577052116394,-0.008989098947495222
PPO,45,final,1560,4560,-0.39591021537780763,10.0,4.0,0.646689236164093,0.040562824346125126
PPO,45,final,1561,4561,0.2522003817558289,2.0,2.0,0.5447520017623901,-0.009598234901204705
PPO,45,final,1562,4562,0.0613184142112732,2.0,2.0,0.9626514315605164,-0.06544552813284099
PPO,45,final,1563,4563,0.06228204488754274,3.0,2.0,0.6946902275085449,-0.03598286397755146
PPO,45,final,1564,4564,0.09000000000000001,1.0,1.0,0.712485671043396,-0.009156732587143779
PPO,45,final,1565,4565,0.09000000000000001,1.0,1.0,0.08791381120681763,-0.0014294048596639186
PPO,45,final,1566,4566,0.002061624526977543,3.0,2.0,0.5986584424972534,-0.07247725804336369
PPO,45,final,1567,4567,0.09000000000000001,1.0,1.0,0.35387781262397766,-0.0019736332760658115
PPO,45,final,1568,4568,0.09000000000000001,1.0,1.0,0.2648337185382843,-0.0022428088705055416
PPO,45,final,1569,4569,0.17686691313982011,2.0,2.0,0.10368926078081131,-0.038728556770365685
PPO,45,final,1570,4570,0.09000000000000001,1.0,1.0,0.3655725419521332,-0.001564127509482205
PPO,45,final,1571,4571,0.17645235538482668,2.0,2.0,0.9266468286514282,-0.02217651146929711
PPO,45,final,1572,4572,0.09000000000000001,1.0,1.0,0.9323838949203491,-0.011680638417601585
PPO,45,final,1573,4573,0.1519931721687317,2.0,2.0,0.31352323293685913,-0.07501150527969003
PPO,45,final,1574,4574,0.02525349140167238,2.0,2.0,0.8126457929611206,0.00390080688521266
PPO,45,final,1575,4575,0.1888841110467911,2.0,2.0,0.24875538051128387,-0.06506737158633769
PPO,45,final,1576,4576,0.09000000000000001,1.0,1.0,0.16125230491161346,-0.005291979294270277
PPO,45,final,1577,4577,0.08069260597229005,2.0,2.0,0.8147888779640198,-0.049417225643992424
PPO,45,final,1578,4578,0.09000000000000001,1.0,1.0,0.6595934629440308,-0.014057395048439503
PPO,45,final,1579,4579,0.09000000000000001,1.0,1.0,0.3925072252750397,-0.006770677864551544
PPO,45,final,1580,4580,0.1504706907272339,2.0,2.0,0.7982197403907776,-0.022383269271813333
PPO,45,final,1581,4581,0.09000000000000001,1.0,1.0,0.20005448162555695,-0.013678648509085178
PPO,45,final,1582,4582,0.09000000000000001,1.0,1.0,0.3506194055080414,-0.008133981609717011
PPO,45,final,1583,4583,0.0510809886455536,2.0,2.0,0.27080661058425903,-0.019217025954276323
PPO,45,final,1584,4584,-0.45151238441467284,10.0,2.0,0.8774715662002563,0.09586927108466625
PPO,45,final,1585,4585,-0.03749184131622314,2.0,2.0,0.6700257658958435,-0.04271656181663275
PPO,45,final,1586,4586,-0.16287598371505735,6.0,2.0,0.8818453550338745,-0.027108260430395603
PPO,45,final,1587,4587,0.04899771690368653,2.0,2.0,0.5657164454460144,-0.044782478362321854
PPO,45,final,1588,4588,0.0376375037431717,2.0,2.0,0.24370631575584412,-0.07476954394951463
PPO,45,final,1589,4589,0.09000000000000001,1.0,1.0,0.11259432882070541,-0.005497328122146428
PPO,45,final,1590,4590,0.09000000000000001,1.0,1.0,1.1727403402328491,-0.0034279664396308362
PPO,45,final,1591,4591,0.09000000000000001,1.0,1.0,0.10857075452804565,-0.003225069376640022
PPO,45,final,1592,4592,0.09000000000000001,1.0,1.0,0.712803840637207,-0.010186020750552416
PPO,45,final,1593,4593,0.09000000000000001,1.0,1.0,0.9580420255661011,-0.008351714350283146
PPO,45,final,1594,4594,0.14958580017089845,2.0,2.0,0.6701995134353638,-0.019807566655799747
PPO,45,final,1595,4595,0.16593806624412538,2.0,2.0,0.2989411950111389,-0.06917531823273748
PPO,45,final,1596,4596,0.16896666765213014,2.0,2.0,0.818242609500885,-0.06803156901150942
PPO,45,final,1597,4597,-0.20818500995635986,3.0,3.0,0.5046077966690063,0.021932757226750255
PPO,45,final,1598,4598,-0.07316539049148559,6.0,2.0,0.9795863032341003,-0.04832609207369387
PPO,45,final,1599,4599,0.05273606061935426,2.0,2.0,0.6297405958175659,-0.040095923002809286
PPO,45,final,1600,4600,0.22957049489021303,2.0,2.0,0.48650017380714417,-0.0038015972822904587
PPO,45,final,1601,4601,0.2277530598640442,2.0,2.0,0.745381236076355,-0.032105621648952365
PPO,45,final,1602,4602,0.08995087623596193,2.0,2.0,0.43651053309440613,-0.0027960854349657893
PPO,45,final,1603,4603,0.26201720714569093,2.0,2.0,0.6249861121177673,-0.002563066314905882
PPO,45,final,1604,4604,0.09000000000000001,1.0,1.0,0.7681813836097717,-0.005770765012130141
PPO,45,final,1605,4605,0.24267651319503786,2.0,2.0,0.8083518743515015,-0.018244340317323804
PPO,45,final,1606,4606,0.09000000000000001,1.0,1.0,0.2342565804719925,-0.011305375024676323
PPO,45,final,1607,4607,0.09000000000000001,1.0,1.0,0.6428887248039246,-0.01232745940797031
PPO,45,final,1608,4608,0.09000000000000001,1.0,1.0,0.8848832249641418,-0.012599446810781956
PPO,45,final,1609,4609,0.18258960723876955,2.0,2.0,0.7928848266601562,-0.03603771794587374
PPO,45,final,1610,4610,0.03893724262714387,2.0,2.0,0.21496345102787018,-0.021987259620800614
PPO,45,final,1611,4611,0.1370063889026642,2.0,2.0,0.37339749932289124,-0.037473614793270826
PPO,45,final,1612,4612,0.03694242954254151,3.0,3.0,0.5845183730125427,-0.03164129168726504
PPO,45,final,1613,4613,0.12786399006843568,2.0,2.0,0.34448331594467163,-0.03863015794195235
PPO,45,final,1614,4614,0.09000000000000001,1.0,1.0,0.10937563329935074,-0.00620200380217284
PPO,45,final,1615,4615,-0.6828129768371584,10.0,2.0,0.6674400568008423,0.1025184914469719
PPO,45,final,1616,4616,0.14352028250694276,2.0,2.0,0.49024537205696106,-0.0439029352273792
PPO,45,final,1617,4617,0.09000000000000001,1.0,1.0,0.01983017660677433,-0.008090092684142292
PPO,45,final,1618,4618,-0.4176424622535706,10.0,2.0,0.7353466749191284,0.07724165916442871
PPO,45,final,1619,4619,0.14355473399162294,2.0,2.0,0.3802429139614105,-0.02736057387664914
PPO,45,final,1620,4620,-0.4876653432846069,10.0,2.0,0.5924673080444336,0.07122689858078957
PPO,45,final,1621,4621,-0.033451557159423814,5.0,4.0,0.601700484752655,-0.011580855119973421
PPO,45,final,1622,4622,-0.4409837007522583,10.0,2.0,0.8125950694084167,0.06341884657740593
PPO,45,final,1623,4623,-0.6193675875663758,10.0,2.0,0.3627983629703522,0.059971317648887634
PPO,45,final,1624,4624,0.03630001306533814,4.0,3.0,0.25200650095939636,-0.02167543873656541
PPO,45,final,1625,4625,0.09323217153549196,2.0,2.0,0.7671765685081482,-0.05451304651796818
PPO,45,final,1626,4626,0.029001349508762368,2.0,2.0,0.1679566204547882,-0.06133846123702824
PPO,45,final,1627,4627,0.12711203813552857,3.0,3.0,0.49012047052383423,-0.03254707274027169
PPO,45,final,1628,4628,-0.41287140846252446,10.0,2.0,0.7479557394981384,0.04839405324310064
PPO,45,final,1629,4629,0.19585488915443422,2.0,2.0,0.455831915140152,-0.057139219250530005
PPO,45,final,1630,4630,-0.2765175580978394,10.0,2.0,1.2748748064041138,0.04183727130293846
PPO,45,final,1631,4631,0.09000000000000001,1.0,1.0,0.8177787065505981,-0.004027113784104586
PPO,45,final,1632,4632,0.09000000000000001,1.0,1.0,0.14550447463989258,-0.003549308283254504
PPO,45,final,1633,4633,0.0915901827812195,2.0,2.0,0.7678784728050232,-0.03549474442843348
PPO,45,final,1634,4634,-0.05164491415023802,3.0,3.0,0.3461158871650696,-0.01589403604157269
PPO,45,final,1635,4635,0.06414968490600587,3.0,3.0,0.20802296698093414,-0.05074224213603884
PPO,45,final,1636,4636,-0.526383924484253,10.0,2.0,0.9952181577682495,0.049085610546171665
PPO,45,final,1637,4637,0.23207546949386598,2.0,2.0,0.862219512462616,0.009855128708295524
PPO,45,final,1638,4638,0.09000000000000001,1.0,1.0,0.09043532609939575,-0.0033539477735757828
PPO,45,final,1639,4639,0.17866600275039674,3.0,3.0,0.6771520972251892,-0.011896118521690369
PPO,45,final,1640,4640,0.09954564452171327,2.0,2.0,0.3889434039592743,-0.05290250200778246
PPO,45,final,1641,4641,-0.532853651046753,10.0,2.0,0.31490612030029297,0.04953509382903576
PPO,45,final,1642,4642,0.17072935581207277,2.0,2.0,0.7221917510032654,-0.06470931461080909
PPO,45,final,1643,4643,0.03258927822113038,4.0,2.0,0.2870308756828308,-0.011057323543354869
PPO,45,final,1644,4644,-0.4781154870986939,10.0,2.0,0.6116943955421448,0.04626794531941414
PPO,45,final,1645,4645,0.08395480036735535,3.0,2.0,0.2016165554523468,-0.03564327210187912
PPO,45,final,1646,4646,-0.31569368839263917,10.0,4.0,0.5940839648246765,0.0015716864727437496
PPO,45,final,1647,4647,0.06085963726043702,2.0,2.0,0.2971649169921875,-0.09185131452977657
PPO,45,final,1648,4648,-0.2874663758277893,8.0,2.0,0.5018451809883118,-0.021291384007781744
PPO,45,final,1649,4649,-0.32438041567802434,10.0,2.0,0.4398684799671173,0.03606864530593157
PPO,45,final,1650,4650,0.03465511620044709,3.0,3.0,0.25464755296707153,-0.04104025289416313
PPO,45,final,1651,4651,0.0636699701845646,2.0,2.0,0.05668383836746216,-0.039933077059686184
PPO,45,final,1652,4652,-0.46229641437530516,10.0,2.0,0.6416972279548645,0.03828097879886627
PPO,45,final,1653,4653,0.09000000000000001,1.0,1.0,0.2919831871986389,-0.0016858517192304134
PPO,45,final,1654,4654,0.13974698066711427,2.0,2.0,0.36980921030044556,-0.005070921033620834
PPO,45,final,1655,4655,-0.5454352378845215,10.0,2.0,0.8267428278923035,0.03971226513385773
PPO,45,final,1656,4656,0.009907064437866236,9.0,5.0,0.47125011682510376,-0.02296588383615017
PPO,45,final,1657,4657,-0.5434187531471253,10.0,2.0,0.722964346408844,0.039286219514906406
PPO,45,final,1658,4658,-0.42073385715484624,10.0,2.0,0.5565285682678223,0.01192199598881416
PPO,45,final,1659,4659,-0.5878069281578064,10.0,2.0,0.7817057371139526,0.03857319615781307
PPO,45,final,1660,4660,-0.4578903794288635,10.0,2.0,0.6639660596847534,0.02851287741214037
PPO,45,final,1661,4661,-0.42764352560043334,10.0,2.0,0.9743675589561462,0.02848332328721881
PPO,45,final,1662,4662,0.1628477442264557,2.0,2.0,0.2463226616382599,-0.0065050749108195305
PPO,45,final,1663,4663,0.09000000000000001,1.0,1.0,0.6638416051864624,0.009850639151409268
PPO,45,final,1664,4664,0.18554200410842897,2.0,2.0,0.7428337335586548,-0.013108610874041915
PPO,45,final,1665,4665,0.09000000000000001,1.0,1.0,0.6403852105140686,-0.0012803359422832727
PPO,45,final,1666,4666,-0.519729095697403,10.0,2.0,0.2910396456718445,0.029945820569992065
PPO,45,final,1667,4667,-0.34473972320556645,10.0,2.0,0.7020041346549988,0.03933648718520999
PPO,45,final,1668,4668,-0.515496838092804,10.0,2.0,0.6514727473258972,0.027256510220468044
PPO,45,final,1669,4669,0.09000000000000001,1.0,1.0,0.12140585482120514,0.010255377274006605
PPO,45,final,1670,4670,0.09000000000000001,1.0,1.0,0.29727083444595337,0.015454700915142894
PPO,45,final,1671,4671,-0.5907260060310364,10.0,2.0,0.5463559031486511,0.030685264617204666
PPO,45,final,1672,4672,-0.5030202150344849,10.0,2.0,0.48779767751693726,0.027198507450520992
PPO,45,final,1673,4673,0.14370019912719728,2.0,2.0,0.35070183873176575,-0.05128012038767338
PPO,45,final,1674,4674,-0.4417611837387085,10.0,2.0,1.1046085357666016,0.02462039841338992
PPO,45,final,1675,4675,0.049415895640850076,2.0,2.0,0.08438385277986526,-0.011976211564615369
PPO,45,final,1676,4676,-0.14088248312473295,5.0,2.0,0.23939922451972961,-0.06286669126711786
PPO,45,final,1677,4677,-0.732045876979828,10.0,2.0,0.5346083641052246,0.04131372272968292
PPO,45,final,1678,4678,-0.3520652830600739,10.0,2.0,0.3748796284198761,0.02050710655748844
PPO,45,final,1679,4679,-0.5525509893894196,10.0,2.0,0.35667213797569275,0.02493676170706749
PPO,45,final,1680,4680,-0.21452870607376096,9.0,2.0,0.3650992214679718,-0.010035870946012437
PPO,45,final,1681,4681,-0.36145274639129643,10.0,2.0,0.9079643487930298,0.017919144593179226
PPO,45,final,1682,4682,-0.5502641379833222,10.0,2.0,0.35159987211227417,0.02186463586986065
PPO,45,final,1683,4683,0.09000000000000001,1.0,1.0,0.37647977471351624,0.025303395930677652
PPO,45,final,1684,4684,-0.5490271031856537,10.0,2.0,0.4674665331840515,0.020997058134526014
PPO,45,final,1685,4685,0.09000000000000001,1.0,1.0,0.32544392347335815,0.024443209171295166
PPO,45,final,1686,4686,0.12222314596176148,3.0,3.0,0.1549791544675827,0.012332906480878592
PPO,45,final,1687,4687,-0.5177597880363465,10.0,2.0,0.9696856141090393,0.02125918259844184
PPO,45,final,1688,4688,-0.5027339935302735,10.0,2.0,0.6154657006263733,0.020935955457389355
PPO,45,final,1689,4689,-0.4962206959724426,10.0,2.0,0.8373643159866333,0.019600167404860258
PPO,45,final,1690,4690,-0.3734643936157227,10.0,2.0,1.2672083377838135,0.016878558788448572
PPO,45,final,1691,4691,-0.5227317392826081,10.0,2.0,0.40819603204727173,0.019665451254695654
PPO,45,final,1692,4692,-0.5922900617122651,10.0,2.0,0.4879167079925537,0.02108548069372773
PPO,45,final,1693,4693,-0.41167299747467045,10.0,2.0,0.8258505463600159,0.015148057602345943
PPO,45,final,1694,4694,-0.43088253140449523,10.0,2.0,0.47762128710746765,0.014691124903038144
PPO,45,final,1695,4695,-0.55481516122818,10.0,2.0,0.6199464797973633,0.01704603899270296
PPO,45,final,1696,4696,-0.4332573890686035,10.0,2.0,0.6628507375717163,0.01328834262676537
PPO,45,final,1697,4697,-0.49853776693344115,10.0,2.0,0.6727162003517151,0.01406246842816472
PPO,45,final,1698,4698,-0.5688114047050477,10.0,2.0,0.24528595805168152,0.014824558747932315
PPO,45,final,1699,4699,-0.2938278198242188,10.0,2.0,0.5133776664733887,0.010550308739766479
PPO,45,final,1700,4700,0.041115166544914254,2.0,2.0,0.1750582903623581,-0.002576444298028946
PPO,45,final,1701,4701,-0.623193669319153,10.0,2.0,0.44134023785591125,0.016069321893155575
PPO,45,final,1702,4702,-0.47979723215103154,10.0,2.0,0.1873263418674469,0.01207335782237351
PPO,45,final,1703,4703,-0.517772662639618,10.0,2.0,0.17936666309833527,0.006789530045352876
PPO,45,final,1704,4704,-0.4662271022796631,10.0,2.0,0.8013620972633362,0.011599411256611347
PPO,45,final,1705,4705,-0.6100717067718506,10.0,2.0,0.9169155955314636,0.014949676347896457
PPO,45,final,1706,4706,0.01931126087903977,3.0,2.0,0.04045091196894646,0.005963990231975913
PPO,45,final,1707,4707,-0.23627177000045774,7.0,2.0,0.28051525354385376,-0.0554998517036438
PPO,45,final,1708,4708,0.09000000000000001,1.0,1.0,0.25705546140670776,0.05546208284795284
PPO,45,final,1709,4709,0.09000000000000001,1.0,1.0,0.1328762024641037,0.04915045201778412
PPO,45,final,1710,4710,0.09000000000000001,1.0,1.0,0.08122052997350693,0.04606493841856718
PPO,45,final,1711,4711,-0.6371205925941469,10.0,2.0,1.0730006694793701,0.019896477926522493
PPO,45,final,1712,4712,-0.19355621218681335,3.0,3.0,0.5596069693565369,-0.024809923372231424
PPO,45,final,1713,4713,0.09000000000000001,1.0,1.0,0.3159732222557068,0.030340042430907488
PPO,45,final,1714,4714,0.1014090943336487,2.0,2.0,0.2906132638454437,-0.02608902449719608
PPO,45,final,1715,4715,0.20670165300369264,2.0,2.0,0.9149178862571716,-0.01980878785252571
PPO,45,final,1716,4716,0.09000000000000001,1.0,1.0,0.23187799751758575,0.024697241839021444
PPO,45,final,1717,4717,0.12596126079559328,2.0,2.0,0.6548681259155273,0.013741164468228817
PPO,45,final,1718,4718,0.09000000000000001,1.0,1.0,0.23951604962348938,0.017424111254513264
PPO,45,final,1719,4719,-0.07331783413887023,4.0,2.0,0.37252119183540344,-0.03553533356171101
PPO,45,final,1720,4720,-0.5424566745758057,10.0,2.0,0.6397820115089417,0.02949891472235322
PPO,45,final,1721,4721,-0.5236061096191407,10.0,2.0,0.9483855962753296,0.02921596635133028
PPO,45,final,1722,4722,-0.4191346943378449,10.0,2.0,0.36136654019355774,0.02555029233917594
PPO,45,final,1723,4723,-0.47359131574630736,10.0,2.0,0.9873742461204529,0.024670925457030535
PPO,45,final,1724,4724,-0.0749497425556183,7.0,2.0,0.472307413816452,-0.05520766833797097
PPO,45,final,1725,4725,-0.7431023597717288,10.0,2.0,0.8393497467041016,0.03703109081834555
PPO,45,final,1726,4726,0.09000000000000001,1.0,1.0,0.20261356234550476,0.01616797549650073
PPO,45,final,1727,4727,-0.4486634612083435,10.0,2.0,0.9661305546760559,0.023562238551676273
PPO,45,final,1728,4728,-0.5150191962718964,10.0,2.0,0.3791729807853699,-0.004429096123203635
PPO,45,final,1729,4729,-0.13364669799804685,7.0,2.0,0.8154029250144958,-0.04295439459383488
PPO,45,final,1730,4730,-0.4410561352968216,10.0,4.0,0.25850358605384827,-0.00677846372127533
PPO,45,final,1731,4731,0.21787836313247683,4.0,2.0,0.7538065314292908,-8.51054210215807e-06
PPO,45,final,1732,4732,-0.5260421514511109,10.0,2.0,0.4780614972114563,0.024385878816246986
PPO,45,final,1733,4733,-0.07653738141059875,3.0,2.0,0.5305449366569519,-0.02886760886758566
PPO,45,final,1734,4734,-0.25836774110794064,10.0,2.0,0.6597462892532349,-0.011345461825840175
PPO,45,final,1735,4735,-0.5791508436203003,10.0,2.0,0.41714829206466675,0.025973754469305277
PPO,45,final,1736,4736,0.004499630928039566,2.0,2.0,0.4067839980125427,-0.04533436195924878
PPO,45,final,1737,4737,-0.17189296424388883,4.0,2.0,0.31543856859207153,-0.053847744362428784
PPO,45,final,1738,4738,0.09000000000000001,1.0,1.0,0.24806107580661774,0.024061780888587236
PPO,45,final,1739,4739,-0.28909169435501103,10.0,2.0,0.8306192755699158,0.018996084574609995
PPO,45,final,1740,4740,0.09000000000000001,1.0,1.0,0.16859149932861328,0.02246396243572235
PPO,45,final,1741,4741,-0.5818567156791687,10.0,2.0,0.6889909505844116,0.027439369820058346
PPO,45,final,1742,4742,0.09000000000000001,1.0,1.0,0.5931152701377869,0.0250359452329576
PPO,45,final,1743,4743,-0.0802301526069641,5.0,2.0,0.33090686798095703,-0.01861765654757619
PPO,45,final,1744,4744,0.09000000000000001,1.0,1.0,0.36008647084236145,0.018794525414705276
PPO,45,final,1745,4745,-0.15265831708908079,6.0,2.0,0.8325219750404358,-0.03186456032563001
PPO,45,final,1746,4746,0.08807608902454377,3.0,2.0,0.2433834820985794,-0.07971284771338105
PPO,45,final,1747,4747,0.09000000000000001,1.0,1.0,0.37149709463119507,0.017028553877025843
PPO,45,final,1748,4748,-0.020672719478607174,3.0,2.0,0.6641082167625427,-0.08680000039748847
PPO,45,final,1749,4749,0.21243818283081056,2.0,2.0,1.1012299060821533,0.05138740036636591
PPO,45,final,1750,4750,0.09486581563949587,2.0,2.0,0.6670342683792114,-0.02885444206185639
PPO,45,final,1751,4751,-0.01178063273429869,2.0,2.0,0.5382229685783386,0.06331466510891914
PPO,45,final,1752,4752,0.09000000000000001,1.0,1.0,0.8844143748283386,0.013562032021582127
PPO,45,final,1753,4753,0.09000000000000001,1.0,1.0,0.38266006112098694,0.011497531784698367
PPO,45,final,1754,4754,0.09000000000000001,1.0,1.0,0.8875166177749634,0.01189517485909164
PPO,45,final,1755,4755,0.09000000000000001,1.0,1.0,0.23775199055671692,0.013890005415305495
PPO,45,final,1756,4756,0.09000000000000001,1.0,1.0,1.8264013528823853,0.010119652142748237
PPO,45,final,1757,4757,0.09000000000000001,1.0,1.0,0.36231061816215515,0.007798486039973795
PPO,45,final,1758,4758,0.09000000000000001,1.0,1.0,0.5499144196510315,0.007979851914569736
PPO,45,final,1759,4759,0.09000000000000001,1.0,1.0,0.8196025490760803,0.006043637520633638
PPO,45,final,1760,4760,0.06759073019027712,2.0,2.0,0.5057087540626526,-0.05188826494850218
PPO,45,final,1761,4761,0.09000000000000001,1.0,1.0,0.6196358799934387,0.004300959757529199
PPO,45,final,1762,4762,0.09000000000000001,1.0,1.0,0.4237655997276306,0.007672787643969059
PPO,45,final,1763,4763,0.09000000000000001,1.0,1.0,0.23365353047847748,0.00583595666103065
PPO,45,final,1764,4764,0.09000000000000001,1.0,1.0,0.8295117020606995,0.001715424470603466
PPO,45,final,1765,4765,0.09000000000000001,1.0,1.0,0.26480141282081604,0.0038345003849826753
PPO,45,final,1766,4766,0.09000000000000001,1.0,1.0,0.5702927708625793,0.0029061762616038322
PPO,45,final,1767,4767,0.09000000000000001,1.0,1.0,0.5061795115470886,0.0032979128882288933
PPO,45,final,1768,4768,0.09000000000000001,1.0,1.0,0.47949129343032837,0.004116986063309014
PPO,45,final,1769,4769,0.09000000000000001,1.0,1.0,0.8483046889305115,-0.0014832164160907269
PPO,45,final,1770,4770,0.09000000000000001,1.0,1.0,0.535739541053772,0.0020979796536266804
PPO,45,final,1771,4771,0.09000000000000001,1.0,1.0,0.3017437756061554,0.0035758735612034798
PPO,45,final,1772,4772,0.09000000000000001,1.0,1.0,0.7381332516670227,0.001430528936907649
PPO,45,final,1773,4773,0.04828050374984741,6.0,2.0,0.627719521522522,-0.05592090426944196
PPO,45,final,1774,4774,0.09000000000000001,1.0,1.0,0.7989813089370728,0.00030664243968203664
PPO,45,final,1775,4775,0.09000000000000001,1.0,1.0,0.4039138853549957,-0.0020931396284140646
PPO,45,final,1776,4776,-0.0042258310317993125,3.0,2.0,0.8988474011421204,-0.05245927779469639
PPO,45,final,1777,4777,0.09000000000000001,1.0,1.0,0.686583936214447,-0.0025330529897473752
PPO,45,final,1778,4778,0.09000000000000001,1.0,1.0,0.4006728529930115,-0.00025875045685097575
PPO,45,final,1779,4779,0.09000000000000001,1.0,1.0,0.5456445813179016,0.0016945193347055465
PPO,45,final,1780,4780,0.09000000000000001,1.0,1.0,0.6539098024368286,-0.0018318264628760517
PPO,45,final,1781,4781,0.09000000000000001,1.0,1.0,1.1116570234298706,0.00031306452001444995
PPO,45,final,1782,4782,0.10816809713840486,2.0,2.0,0.2436714917421341,-0.04962379555217922
PPO,45,final,1783,4783,0.056980020999908454,3.0,3.0,0.9102979302406311,-0.09098500886466354
PPO,45,final,1784,4784,0.09000000000000001,1.0,1.0,0.5343137979507446,0.000827614072477445
PPO,45,final,1785,4785,0.09000000000000001,1.0,1.0,0.1889656037092209,-0.004080927465111017
PPO,45,final,1786,4786,0.09000000000000001,1.0,1.0,0.5362098813056946,-0.0046925334027037024
PPO,45,final,1787,4787,0.02271159172058107,2.0,2.0,0.3195609450340271,-0.06495703163091093
PPO,45,final,1788,4788,0.09000000000000001,1.0,1.0,0.8618568181991577,-0.0005371066799852997
PPO,45,final,1789,4789,0.09000000000000001,1.0,1.0,0.43658968806266785,-0.003651464357972145
PPO,45,final,1790,4790,0.09000000000000001,1.0,1.0,0.6545515656471252,-0.00010465843661222607
PPO,45,final,1791,4791,0.09000000000000001,1.0,1.0,0.36531832814216614,-0.0006896563863847405
PPO,45,final,1792,4792,0.09000000000000001,1.0,1.0,0.5880156755447388,-0.002320737869013101
PPO,45,final,1793,4793,0.09000000000000001,1.0,1.0,0.7158570289611816,-0.003931659157387912
PPO,45,final,1794,4794,0.09000000000000001,1.0,1.0,0.878917396068573,-0.0013079164491500705
PPO,45,final,1795,4795,0.09000000000000001,1.0,1.0,1.042039394378662,-0.0035093167098239064
PPO,45,final,1796,4796,0.09000000000000001,1.0,1.0,0.2936576008796692,-0.0057073695352301
PPO,45,final,1797,4797,0.09000000000000001,1.0,1.0,0.16752693057060242,-0.006243163254112005
PPO,45,final,1798,4798,0.09000000000000001,1.0,1.0,1.023528814315796,-0.002646069275215268
PPO,45,final,1799,4799,0.09000000000000001,1.0,1.0,0.6840898394584656,-0.001655987201957032
PPO,45,final,1800,4800,0.09000000000000001,1.0,1.0,0.3883337378501892,-0.0008534024382242933
PPO,45,final,1801,4801,0.13756181478500368,2.0,2.0,0.779816746711731,-0.057569813274312764
PPO,45,final,1802,4802,0.28603644847869875,2.0,2.0,0.5700429081916809,-0.11882022744975984
PPO,45,final,1803,4803,0.09000000000000001,1.0,1.0,0.17173276841640472,-0.004039307008497417
PPO,45,final,1804,4804,0.09000000000000001,1.0,1.0,0.06780336052179337,-0.00601932464633137
PPO,45,final,1805,4805,0.09000000000000001,1.0,1.0,0.2618882954120636,-0.006620190455578268
PPO,45,final,1806,4806,0.09000000000000001,1.0,1.0,0.4020662307739258,-0.007284373044967651
PPO,45,final,1807,4807,0.1621385979652405,2.0,2.0,0.6324043273925781,-0.03372689837124199
PPO,45,final,1808,4808,0.05827939689159394,2.0,2.0,0.18462911248207092,-0.0033953040838241577
PPO,45,final,1809,4809,0.09000000000000001,1.0,1.0,0.6116892099380493,-0.0014858947542961687
PPO,45,final,1810,4810,0.09000000000000001,1.0,1.0,0.7232637405395508,-0.0073987566865980625
PPO,45,final,1811,4811,-0.3109596014022827,10.0,2.0,1.0437910556793213,0.02352953259833157
PPO,45,final,1812,4812,0.15796990871429445,2.0,2.0,1.044564127922058,-0.0371702128322795
PPO,45,final,1813,4813,0.1312182414531708,2.0,2.0,0.26176315546035767,-0.08569235913455486
PPO,45,final,1814,4814,0.07108630418777467,2.0,2.0,0.12915410101413727,0.006483678938820958
PPO,45,final,1815,4815,0.027440345883369452,4.0,2.0,0.1275658905506134,-0.023302064510062337
PPO,45,final,1816,4816,0.09000000000000001,1.0,1.0,0.11250817030668259,-0.007153265061788261
PPO,45,final,1817,4817,0.09000000000000001,1.0,1.0,0.9338322877883911,-0.0056371300015598536
PPO,45,final,1818,4818,0.05271596431732179,3.0,3.0,0.8192071914672852,-0.054978496162220836
PPO,45,final,1819,4819,0.09000000000000001,1.0,1.0,0.19772742688655853,-0.0028899263706989586
PPO,45,final,1820,4820,0.09000000000000001,1.0,1.0,0.8848832249641418,-0.007375256740488112
PPO,45,final,1821,4821,0.20507820367813112,3.0,2.0,0.6892081499099731,-0.017778503242880106
PPO,45,final,1822,4822,0.09000000000000001,1.0,1.0,0.5912596583366394,-0.003721420420333743
PPO,45,final,1823,4823,0.176998929977417,2.0,2.0,0.657051146030426,-0.008485048660077155
PPO,45,final,1824,4824,0.15472151517868044,2.0,2.0,0.8072899580001831,-0.07347196992486715
PPO,45,final,1825,4825,-0.43079985976219176,10.0,2.0,0.37830981612205505,0.07488077320158482
PPO,45,final,1826,4826,0.09000000000000001,1.0,1.0,0.46280449628829956,-0.007286968408152461
PPO,45,final,1827,4827,0.14697170972824097,3.0,3.0,0.12233348190784454,-0.10033451113849878
PPO,45,final,1828,4828,-0.03404889345169067,4.0,2.0,0.6144863367080688,-0.004773878550622612
PPO,45,final,1829,4829,0.11823333978652956,2.0,2.0,0.4786713123321533,-0.011474580387584865
PPO,45,final,1830,4830,0.09102331280708315,2.0,2.0,0.26491567492485046,-0.01961247343569994
PPO,45,final,1831,4831,-0.5191185355186463,10.0,2.0,0.6510295867919922,0.07932599633932114
PPO,45,final,1832,4832,0.09000000000000001,1.0,1.0,0.17090198397636414,-0.008369295159354806
PPO,45,final,1833,4833,0.13826708912849428,3.0,2.0,0.3275640606880188,-0.04766154382377863
PPO,45,final,1834,4834,0.09000000000000001,1.0,1.0,0.113216832280159,-0.006507629645057023
PPO,45,final,1835,4835,0.12105118155479433,3.0,2.0,0.46603354811668396,-0.06729809567332268
PPO,45,final,1836,4836,0.043022713661193854,4.0,2.0,0.3518748879432678,-0.08392655360512435
PPO,45,final,1837,4837,0.09000000000000001,1.0,1.0,0.20602262020111084,-0.007223799009807408
PPO,45,final,1838,4838,0.13780917406082155,2.0,2.0,0.6308985352516174,-0.004647615132853389
PPO,45,final,1839,4839,0.04818709373474122,2.0,2.0,0.5851939916610718,-0.05652912822552025
PPO,45,final,1840,4840,0.09000000000000001,1.0,1.0,0.27366259694099426,-0.005964280921034515
PPO,45,final,1841,4841,0.09000000000000001,1.0,1.0,0.2664269804954529,-0.004868097952567041
PPO,45,final,1842,4842,0.1916113567352295,3.0,3.0,0.5450729131698608,-0.0218251341721043
PPO,45,final,1843,4843,0.04630204468965531,2.0,2.0,0.14051470160484314,-0.039951567305251956
PPO,45,final,1844,4844,0.09000000000000001,1.0,1.0,0.17890824377536774,-0.004574708174914122
PPO,45,final,1845,4845,-0.06668213367462157,6.0,2.0,0.721801221370697,-0.03479721723124385
PPO,45,final,1846,4846,0.020601050853729264,2.0,2.0,0.7252150774002075,-0.030919138924218714
PPO,45,final,1847,4847,-0.07046751022338867,4.0,2.0,0.539049506187439,-0.06538162694778293
PPO,45,final,1848,4848,0.09000000000000001,1.0,1.0,0.3050857484340668,-0.00015872076619416475
PPO,45,final,1849,4849,0.09000000000000001,1.0,1.0,0.2909250259399414,-0.000771669831010513
PPO,45,final,1850,4850,0.09000000000000001,1.0,1.0,0.567041277885437,-0.0017216830456163734
PPO,45,final,1851,4851,0.09000000000000001,1.0,1.0,0.6680209040641785,-0.0003492777032079175
PPO,45,final,1852,4852,0.09000000000000001,1.0,1.0,0.6783518195152283,-0.005518217803910375
PPO,45,final,1853,4853,0.09000000000000001,1.0,1.0,0.4281913936138153,-0.00044270008947933093
PPO,45,final,1854,4854,0.09000000000000001,1.0,1.0,0.8254474997520447,-0.0018049600184895098
PPO,45,final,1855,4855,0.09000000000000001,1.0,1.0,0.2784106135368347,-0.0001126774659496732
PPO,45,final,1856,4856,0.3487944769859314,2.0,2.0,0.5713401436805725,-0.04538282030262053
PPO,45,final,1857,4857,0.09000000000000001,1.0,1.0,0.8888060450553894,-0.007121583097614348
PPO,45,final,1858,4858,0.09000000000000001,1.0,1.0,0.4331507384777069,-0.0012951740063726902
PPO,45,final,1859,4859,0.09000000000000001,1.0,1.0,0.2243647575378418,-0.002561525034252554
PPO,45,final,1860,4860,0.09000000000000001,1.0,1.0,0.20460309088230133,-0.003301072516478598
PPO,45,final,1861,4861,0.22115411043167116,2.0,2.0,0.6086940765380859,-0.010348534269724041
PPO,45,final,1862,4862,0.09000000000000001,1.0,1.0,0.3315294682979584,-0.00872615841217339
PPO,45,final,1863,4863,0.04171140670776368,2.0,2.0,0.7032648921012878,-0.030624943668954074
PPO,45,final,1864,4864,-0.3991398096084595,10.0,2.0,0.6796028017997742,0.0768382865935564
PPO,45,final,1865,4865,0.09000000000000001,1.0,1.0,0.6200060248374939,-0.005716924089938402
PPO,45,final,1866,4866,0.26051648139953615,2.0,2.0,0.6557603478431702,-0.043397945002652705
PPO,45,final,1867,4867,0.09000000000000001,1.0,1.0,0.791147768497467,-0.011316277552396059
PPO,45,final,1868,4868,0.14886202335357668,3.0,2.0,0.8961328268051147,-0.03496519022155553
PPO,45,final,1869,4869,0.09000000000000001,1.0,1.0,0.12195515632629395,-0.004597627907060087
PPO,45,final,1870,4870,0.09000000000000001,1.0,1.0,0.317512571811676,-0.0072519221575930715
PPO,45,final,1871,4871,0.15918846607208254,2.0,2.0,0.859688937664032,-0.021006685041356832
PPO,45,final,1872,4872,0.09000000000000001,1.0,1.0,0.5353582501411438,-0.011105319252237678
PPO,45,final,1873,4873,0.09000000000000001,1.0,1.0,0.13217630982398987,-0.0020853722817264497
PPO,45,final,1874,4874,0.1898030209541321,2.0,2.0,0.9464944005012512,-0.044354622485116124
PPO,45,final,1875,4875,-0.026992611885070794,3.0,3.0,0.1687564104795456,-0.009202122106216848
PPO,45,final,1876,4876,0.08974088907241823,2.0,2.0,0.6658729910850525,-0.04760549729689956
PPO,45,final,1877,4877,0.34317626237869264,2.0,2.0,0.623637318611145,-0.0304447035305202
PPO,45,final,1878,4878,0.09303976058959962,4.0,3.0,0.8885777592658997,-0.025780971278436482
PPO,45,final,1879,4879,-0.024953527450561508,2.0,2.0,0.7862703204154968,-0.07198106520809233
PPO,45,final,1880,4880,-0.535371470451355,10.0,2.0,1.0680738687515259,0.08570904843509197
PPO,45,final,1881,4881,0.06416870832443239,2.0,2.0,0.6940673589706421,-0.06163018918596208
PPO,45,final,1882,4882,0.09766425371170045,2.0,2.0,0.504092276096344,-0.008474808768369257
PPO,45,final,1883,4883,0.09000000000000001,1.0,1.0,0.26717686653137207,-0.008105817018076777
PPO,45,final,1884,4884,0.09000000000000001,1.0,1.0,0.21785478293895721,-0.009304172126576304
PPO,45,final,1885,4885,0.18663294792175295,2.0,2.0,0.1681056022644043,-0.020758711965754628
PPO,45,final,1886,4886,0.12140186309814455,2.0,2.0,0.855125367641449,-0.030120347277261317
PPO,45,final,1887,4887,0.12520206689834595,3.0,3.0,0.6641445159912109,-0.057802013121545315
PPO,45,final,1888,4888,0.09000000000000001,1.0,1.0,0.7819018959999084,-0.009041940327733755
PPO,45,final,1889,4889,0.14460613012313844,2.0,2.0,0.2952750027179718,-0.038045645924285054
PPO,45,final,1890,4890,-0.5018382549285889,10.0,2.0,1.0189155340194702,0.08478242717683315
PPO,45,final,1891,4891,-0.5656552493572236,10.0,2.0,0.43918466567993164,0.04972024681046605
PPO,45,final,1892,4892,0.0035661053657531777,3.0,2.0,0.31285861134529114,-0.05768681445624679
PPO,45,final,1893,4893,0.09000000000000001,1.0,1.0,0.2660791575908661,-0.009974297601729631
PPO,45,final,1894,4894,0.21549769401550295,4.0,2.0,0.6063772439956665,-0.04277221439406276
PPO,45,final,1895,4895,0.09000000000000001,1.0,1.0,0.467707097530365,-0.00590171292424202
PPO,45,final,1896,4896,-0.5340444326400757,10.0,2.0,0.9688168168067932,0.06939760409295559
PPO,45,final,1897,4897,0.1918854880332947,2.0,2.0,0.9180352091789246,-0.006909283576533198
PPO,45,final,1898,4898,0.05153045982122422,2.0,2.0,0.1290360987186432,-0.02474528644233942
PPO,45,final,1899,4899,0.15437241077423097,2.0,2.0,0.647532045841217,-0.03956103418022394
PPO,45,final,1900,4900,-0.04094267666339872,3.0,3.0,0.27980872988700867,-0.049980639247223735
PPO,45,final,1901,4901,-0.5085695862770081,10.0,2.0,0.871968686580658,0.06449133530259132
PPO,45,final,1902,4902,0.02687077403068544,2.0,2.0,0.33827823400497437,-0.051071388414129615
PPO,45,final,1903,4903,0.09000000000000001,1.0,1.0,0.36338499188423157,-0.00937721598893404
PPO,45,final,1904,4904,-0.17170909643173216,5.0,2.0,0.7369018793106079,-0.01725550158880651
PPO,45,final,1905,4905,-0.04680667161941528,4.0,2.0,0.8488043546676636,-0.0280473786406219
PPO,45,final,1906,4906,-0.4915234327316284,10.0,2.0,0.8034576773643494,0.05961971916258335
PPO,45,final,1907,4907,0.04692348003387452,4.0,2.0,0.48984473943710327,-0.09883701812941581
PPO,45,final,1908,4908,0.09000000000000001,1.0,1.0,0.17644409835338593,-0.003676889929920435
PPO,45,final,1909,4909,0.09000000000000001,1.0,1.0,0.6091842651367188,-0.007893274538218975
PPO,45,final,1910,4910,0.09000000000000001,1.0,1.0,0.46467119455337524,-0.004609505413100123
PPO,45,final,1911,4911,0.09000000000000001,1.0,1.0,0.22271232306957245,-0.002260644221678376
PPO,45,final,1912,4912,0.09000000000000001,1.0,1.0,0.3861726224422455,-0.004146632389165461
PPO,45,final,1913,4913,0.174357967376709,2.0,2.0,0.6139101386070251,-0.045528941322118044
PPO,45,final,1914,4914,0.22643871784210207,2.0,2.0,0.460580050945282,-0.04993624170310795
PPO,45,final,1915,4915,0.09000000000000001,1.0,1.0,0.43519163131713867,0.0013071208959445357
PPO,45,final,1916,4916,0.022772750854492194,4.0,2.0,0.5130874514579773,-0.019803399802185595
PPO,45,final,1917,4917,0.09000000000000001,1.0,1.0,0.5145750641822815,-0.010054619750007987
PPO,45,final,1918,4918,0.12717737436294557,2.0,2.0,0.38187435269355774,-0.011854698415845633
PPO,45,final,1919,4919,0.09000000000000001,1.0,1.0,0.23311173915863037,-0.006447377731092274
PPO,45,final,1920,4920,-0.3164323878288269,7.0,2.0,0.8084365725517273,-0.011119728907942772
PPO,45,final,1921,4921,0.09000000000000001,1.0,1.0,0.0693802461028099,-0.0071960692293941975
PPO,45,final,1922,4922,0.09000000000000001,1.0,1.0,0.41689035296440125,-0.0021942778257653117
PPO,45,final,1923,4923,0.05216898202896119,2.0,2.0,0.7951543927192688,-0.021931450231932104
PPO,45,final,1924,4924,0.042227433919906625,2.0,2.0,0.29300254583358765,-0.04313637752784416
PPO,45,final,1925,4925,0.09000000000000001,1.0,1.0,0.7095418572425842,-0.0020768269896507263
PPO,45,final,1926,4926,0.09000000000000001,1.0,1.0,0.5629276037216187,-0.0072490309830754995
PPO,45,final,1927,4927,0.09000000000000001,1.0,1.0,0.7674833536148071,-0.010791185777634382
PPO,45,final,1928,4928,-0.2437142467498779,6.0,2.0,1.1281582117080688,-0.0196780557744205
PPO,45,final,1929,4929,0.09000000000000001,1.0,1.0,0.6974316835403442,-0.011845720699056983
PPO,45,final,1930,4930,0.09000000000000001,1.0,1.0,0.3025297522544861,-0.0024131169775500894
PPO,45,final,1931,4931,0.09000000000000001,1.0,1.0,0.5694190263748169,-0.010328723583370447
PPO,45,final,1932,4932,0.09000000000000001,1.0,1.0,0.741611897945404,-0.011737744323909283
PPO,45,final,1933,4933,0.09000000000000001,1.0,1.0,0.5920286178588867,-0.011540780775249004
PPO,45,final,1934,4934,0.015743212699890152,2.0,2.0,1.1803486347198486,-0.06572655524360016
PPO,45,final,1935,4935,0.09000000000000001,1.0,1.0,0.1473073810338974,-0.0017670139495749027
PPO,45,final,1936,4936,0.09000000000000001,1.0,1.0,0.6795045137405396,-0.007462550769560039
PPO,45,final,1937,4937,-0.5105824947357178,10.0,2.0,1.0783414840698242,0.07036944292485714
PPO,45,final,1938,4938,0.09000000000000001,1.0,1.0,0.6958370208740234,-0.006175856571644545
PPO,45,final,1939,4939,0.09000000000000001,1.0,1.0,0.12627153098583221,0.0003976111765950918
PPO,45,final,1940,4940,0.09000000000000001,1.0,1.0,0.5218542218208313,-0.00619004073087126
PPO,45,final,1941,4941,0.09000000000000001,1.0,1.0,0.8937564492225647,-0.012890587328001857
PPO,45,final,1942,4942,0.09000000000000001,1.0,1.0,0.14907154440879822,-0.0020136762177571654
PPO,45,final,1943,4943,0.09000000000000001,1.0,1.0,0.8467932939529419,-0.0066180049907416105
PPO,45,final,1944,4944,0.09000000000000001,1.0,1.0,0.5050455927848816,-0.011729647172614932
PPO,45,final,1945,4945,0.15396918535232545,2.0,2.0,0.5515722036361694,-0.0610964372754097
PPO,45,final,1946,4946,0.09000000000000001,1.0,1.0,1.0714441537857056,-0.003877269453369081
PPO,45,final,1947,4947,0.09000000000000001,1.0,1.0,0.3309561312198639,-0.00269080838188529
PPO,45,final,1948,4948,0.09000000000000001,1.0,1.0,0.9149690270423889,-0.012912523932754993
PPO,45,final,1949,4949,0.09000000000000001,1.0,1.0,0.07987334579229355,-0.0006085062632337213
PPO,45,final,1950,4950,0.09000000000000001,1.0,1.0,0.6597766280174255,-0.01364809856750071
PPO,45,final,1951,4951,0.05857755422592164,2.0,2.0,0.5382773876190186,-0.053732808446511626
PPO,45,final,1952,4952,0.09000000000000001,1.0,1.0,0.5934390425682068,-0.010098801692947745
PPO,45,final,1953,4953,0.09000000000000001,1.0,1.0,0.7485905289649963,-0.010991442250087857
PPO,45,final,1954,4954,0.16318030834198,2.0,2.0,0.5816454291343689,-0.05736217391677201
PPO,45,final,1955,4955,0.09000000000000001,1.0,1.0,0.4860405921936035,-0.006708502536639571
PPO,45,final,1956,4956,0.037368066310882575,3.0,3.0,0.6752724051475525,-0.038958776742219925
PPO,45,final,1957,4957,0.09000000000000001,1.0,1.0,0.23090031743049622,-0.004014730453491211
PPO,45,final,1958,4958,0.09000000000000001,1.0,1.0,0.20005787909030914,-0.0038946765707805753
PPO,45,final,1959,4959,0.09917612552642824,2.0,2.0,0.5377231240272522,-0.03366775892209262
PPO,45,final,1960,4960,0.057462410926818856,2.0,2.0,0.5878526568412781,-0.05679861828684807
PPO,45,final,1961,4961,0.0832603442668915,2.0,2.0,0.39100196957588196,-0.05670057056704536
PPO,45,final,1962,4962,0.08335231423377992,2.0,2.0,0.2789504826068878,-0.05522463738452643
PPO,45,final,1963,4963,0.09000000000000001,1.0,1.0,0.7893036603927612,-0.011600827798247337
PPO,45,final,1964,4964,0.09000000000000001,1.0,1.0,0.5344193577766418,-0.009025975596159697
PPO,45,final,1965,4965,0.08399005413055421,2.0,2.0,0.8808495402336121,-0.07101692841388285
PPO,45,final,1966,4966,0.09000000000000001,1.0,1.0,0.5376994609832764,-0.002269632474053651
PPO,45,final,1967,4967,0.09000000000000001,1.0,1.0,0.7576470375061035,-0.00628437171690166
PPO,45,final,1968,4968,0.1615854072570801,2.0,2.0,0.833808422088623,-0.03308851411566138
PPO,45,final,1969,4969,0.09000000000000001,1.0,1.0,0.9685025811195374,-0.0011679702438414097
PPO,45,final,1970,4970,0.09000000000000001,1.0,1.0,1.0401867628097534,-0.007523455889895558
PPO,45,final,1971,4971,0.09000000000000001,1.0,1.0,0.19734062254428864,-0.002416500705294311
PPO,45,final,1972,4972,0.09000000000000001,1.0,1.0,0.2975117266178131,-3.497850593703333e-05
PPO,45,final,1973,4973,0.09000000000000001,1.0,1.0,0.16466328501701355,-0.0018789857567753643
PPO,45,final,1974,4974,0.09000000000000001,1.0,1.0,0.6672105193138123,-0.006352569325827062
PPO,45,final,1975,4975,0.09000000000000001,1.0,1.0,0.31065937876701355,-0.0008832802705001086
PPO,45,final,1976,4976,0.09000000000000001,1.0,1.0,0.5391475558280945,-0.005007722997106612
PPO,45,final,1977,4977,0.09000000000000001,1.0,1.0,0.25125759840011597,-0.0014557235699612647
PPO,45,final,1978,4978,0.09000000000000001,1.0,1.0,0.878917396068573,-0.005025270627811551
PPO,45,final,1979,4979,0.09000000000000001,1.0,1.0,0.2353791892528534,-0.006050662370398641
PPO,45,final,1980,4980,0.09000000000000001,1.0,1.0,0.4371706545352936,-0.00592306477483362
PPO,45,final,1981,4981,0.09000000000000001,1.0,1.0,0.2555038630962372,-0.0017495672800578177
PPO,45,final,1982,4982,0.040046114921569835,3.0,2.0,0.7532545924186707,-0.0345291382400319
PPO,45,final,1983,4983,0.09000000000000001,1.0,1.0,0.13852949440479279,-0.0015462831652257591
PPO,45,final,1984,4984,0.09000000000000001,1.0,1.0,0.9396552443504333,-0.004114737967029214
PPO,45,final,1985,4985,0.16028686046600343,2.0,2.0,1.0639545917510986,-0.05404826591257006
PPO,45,final,1986,4986,0.09000000000000001,1.0,1.0,0.8297210931777954,-0.006813969928771257
PPO,45,final,1987,4987,0.09000000000000001,1.0,1.0,0.5147347450256348,-0.005550052621401846
PPO,45,final,1988,4988,0.09000000000000001,1.0,1.0,1.1349296569824219,-0.005488194525241852
PPO,45,final,1989,4989,0.18732954740524294,2.0,2.0,0.4570850729942322,-0.05419751309091225
PPO,45,final,1990,4990,0.09000000000000001,1.0,1.0,0.836934506893158,-0.004958621924743056
PPO,45,final,1991,4991,0.09000000000000001,1.0,1.0,0.19980628788471222,-0.0026678312569856644
PPO,45,final,1992,4992,0.09000000000000001,1.0,1.0,0.20566797256469727,-0.003727617091499269
PPO,45,final,1993,4993,0.09000000000000001,1.0,1.0,0.7736247181892395,-0.011909702094271779
PPO,45,final,1994,4994,0.09000000000000001,1.0,1.0,0.4990881383419037,-0.006537943612784147
PPO,45,final,1995,4995,0.09000000000000001,1.0,1.0,0.7730239033699036,-0.0038451277650892735
PPO,45,final,1996,4996,0.09000000000000001,1.0,1.0,0.1550828367471695,-0.006068871123716235
PPO,45,final,1997,4997,0.09000000000000001,1.0,1.0,0.3807101547718048,-0.0017453420150559396
PPO,45,final,1998,4998,-0.025572161674499508,3.0,2.0,0.5984449982643127,-0.07045088312588632
PPO,45,final,1999,4999,0.09000000000000001,1.0,1.0,1.0565451383590698,-0.00807255576364696
PPO,45,final,2000,5000,0.09000000000000001,1.0,1.0,0.66773921251297,-0.008031155681237578
PPO,45,final,2001,5001,0.07741140007972719,2.0,2.0,0.48570340871810913,-0.02980203798506409
PPO,45,final,2002,5002,0.09000000000000001,1.0,1.0,0.5800270438194275,-0.008830746402963996
PPO,45,final,2003,5003,0.23423679351806642,2.0,2.0,0.7827895283699036,-0.04364093148615211
PPO,45,final,2004,5004,0.09000000000000001,1.0,1.0,1.0896180868148804,-0.008966874796897173
PPO,45,final,2005,5005,0.09000000000000001,1.0,1.0,0.3631193935871124,-0.005548299639485776
PPO,45,final,2006,5006,0.004672007560729996,2.0,2.0,0.5948196053504944,-0.05122152029071003
PPO,45,final,2007,5007,0.09000000000000001,1.0,1.0,0.6307931542396545,-0.009448309428989887
PPO,45,final,2008,5008,0.00808461189270021,2.0,2.0,1.0048609972000122,-0.050628598779439926
PPO,45,final,2009,5009,0.2793628740310669,2.0,2.0,1.0289762020111084,0.010312265483662486
PPO,45,final,2010,5010,0.08180453062057497,2.0,2.0,0.8053023219108582,-0.031185987638309598
PPO,45,final,2011,5011,0.09026403903961183,2.0,2.0,0.7708810567855835,-0.056683150585740805
PPO,45,final,2012,5012,0.09000000000000001,1.0,1.0,0.28945043683052063,-0.0013061577337794006
PPO,45,final,2013,5013,0.09000000000000001,1.0,1.0,0.9246587753295898,-0.005472349585033953
PPO,45,final,2014,5014,0.09000000000000001,1.0,1.0,0.2513197064399719,-0.0008681171311764047
PPO,45,final,2015,5015,0.09000000000000001,1.0,1.0,0.7470922470092773,-0.007367552607320249
PPO,45,final,2016,5016,0.09000000000000001,1.0,1.0,1.2267799377441406,-0.007933740969747305
PPO,45,final,2017,5017,0.09000000000000001,1.0,1.0,0.08315878361463547,-0.00021850675329915248
PPO,45,final,2018,5018,0.09000000000000001,1.0,1.0,0.36076197028160095,-0.0016341106966137886
PPO,45,final,2019,5019,0.09000000000000001,1.0,1.0,0.27362754940986633,-0.0005351743748178706
PPO,45,final,2020,5020,0.09000000000000001,1.0,1.0,0.7712938189506531,-0.0030976407579146326
PPO,45,final,2021,5021,0.09000000000000001,1.0,1.0,0.34590646624565125,-0.002548301185015589
PPO,45,final,2022,5022,-0.030878348350524887,2.0,2.0,0.8395808339118958,-0.04859199601924047
PPO,45,final,2023,5023,0.09000000000000001,1.0,1.0,0.04579803720116615,-0.0002233769882877823
PPO,45,final,2024,5024,0.09000000000000001,1.0,1.0,0.7046335935592651,-0.0038885476533323526
PPO,45,final,2025,5025,0.09000000000000001,1.0,1.0,0.927636981010437,-0.003989971941336989
PPO,45,final,2026,5026,0.25821896076202394,2.0,2.0,0.5187142491340637,-0.021350885624997318
PPO,45,final,2027,5027,0.09000000000000001,1.0,1.0,0.6312746405601501,-0.0044971116585657
PPO,45,final,2028,5028,0.2449182438850403,2.0,2.0,0.8845730423927307,-0.05310577165801078
PPO,45,final,2029,5029,0.09000000000000001,1.0,1.0,0.4624813199043274,-0.0038589933537878096
PPO,45,final,2030,5030,0.09000000000000001,1.0,1.0,0.22616921365261078,-0.0025127006229013205
PPO,45,final,2031,5031,0.05166483640670777,3.0,3.0,0.7435309290885925,-0.016156937461346388
PPO,45,final,2032,5032,0.09000000000000001,1.0,1.0,0.4395850598812103,-0.001500589249189943
PPO,45,final,2033,5033,0.09000000000000001,1.0,1.0,0.29733413457870483,-0.0005546066677197814
PPO,45,final,2034,5034,0.09000000000000001,1.0,1.0,0.8347481489181519,-0.0058701218804344535
PPO,45,final,2035,5035,0.09000000000000001,1.0,1.0,0.5277668833732605,-0.004952538525685668
PPO,45,final,2036,5036,0.09000000000000001,1.0,1.0,0.521052896976471,-0.002954738447442651
PPO,45,final,2037,5037,0.09000000000000001,1.0,1.0,0.593730092048645,-0.007147913449443877
PPO,45,final,2038,5038,0.09000000000000001,1.0,1.0,0.33409613370895386,-0.003196937497705221
PPO,45,final,2039,5039,0.09000000000000001,1.0,1.0,0.5844560265541077,-0.0007388954982161522
PPO,45,final,2040,5040,0.09000000000000001,1.0,1.0,1.235929250717163,-0.004301157896406949
PPO,45,final,2041,5041,0.1334026622772217,2.0,2.0,0.3167347013950348,-0.03254858939908445
PPO,45,final,2042,5042,0.27436562061309816,2.0,2.0,0.6521613001823425,-0.05370426655281335
PPO,45,final,2043,5043,0.09000000000000001,1.0,1.0,0.5104798078536987,-0.010818287963047624
PPO,45,final,2044,5044,0.09000000000000001,1.0,1.0,0.3480371832847595,-0.004532649647444487
PPO,45,final,2045,5045,0.09000000000000001,1.0,1.0,0.5534883737564087,-0.009835174540057778
PPO,45,final,2046,5046,0.0739289838075638,2.0,2.0,0.16818536818027496,-0.021255756670143455
PPO,45,final,2047,5047,0.09000000000000001,1.0,1.0,0.242392435669899,-0.0019116075127385557
PPO,45,final,2048,5048,0.18377949476242067,2.0,2.0,0.41550976037979126,-0.03668544068932533
PPO,45,final,2049,5049,0.09399931311607362,2.0,2.0,0.4223542809486389,-0.08219429664313793
PPO,45,final,2050,5050,0.09000000000000001,1.0,1.0,0.33549776673316956,-0.006183418561704457
PPO,45,final,2051,5051,0.09000000000000001,1.0,1.0,0.11698388308286667,-0.001501543796621263
PPO,45,final,2052,5052,0.09000000000000001,1.0,1.0,0.18352110683918,-0.006544523290358484
PPO,45,final,2053,5053,0.1110526341199875,2.0,2.0,0.2240973562002182,-0.04639443987980485
PPO,45,final,2054,5054,0.09000000000000001,1.0,1.0,0.34417223930358887,-0.0035841536009684205
PPO,45,final,2055,5055,0.08278109312057497,2.0,2.0,0.8906152844429016,-0.02119766059331596
PPO,45,final,2056,5056,0.09000000000000001,1.0,1.0,0.5471433401107788,-0.010880912654101849
PPO,45,final,2057,5057,0.3816288781166077,3.0,3.0,0.5243825316429138,0.0029059809166938066
PPO,45,final,2058,5058,0.09000000000000001,1.0,1.0,0.2653171420097351,-0.007866184110753238
PPO,45,final,2059,5059,0.06232553154230119,2.0,2.0,0.13542161881923676,-0.025079570012167096
PPO,45,final,2060,5060,0.13531233549118044,2.0,2.0,0.45051103830337524,-0.058063364354893565
PPO,45,final,2061,5061,0.09000000000000001,1.0,1.0,1.0920435190200806,-0.006398082827217877
PPO,45,final,2062,5062,0.24647645831108095,2.0,2.0,0.4022018611431122,-0.03826745098922402
PPO,45,final,2063,5063,0.09000000000000001,1.0,1.0,0.7355778813362122,-0.015496029052883387
PPO,45,final,2064,5064,-0.016249140501022344,4.0,3.0,0.2153535783290863,-0.03265980537980795
PPO,45,final,2065,5065,0.09000000000000001,1.0,1.0,1.006494164466858,-0.010458619799464941
PPO,45,final,2066,5066,0.029734240770339974,2.0,2.0,0.1584944874048233,-0.02651788282673806
PPO,45,final,2067,5067,0.09000000000000001,1.0,1.0,0.7145593762397766,-0.015562249580398202
PPO,45,final,2068,5068,0.09000000000000001,1.0,1.0,0.30639979243278503,-0.00594403687864542
PPO,45,final,2069,5069,0.09000000000000001,1.0,1.0,0.6016332507133484,-0.014417944708839059
PPO,45,final,2070,5070,0.09000000000000001,1.0,1.0,0.7186001539230347,-0.012643000343814492
PPO,45,final,2071,5071,0.09000000000000001,1.0,1.0,0.2095036804676056,-0.002486423763912171
PPO,45,final,2072,5072,0.0940660309791565,3.0,3.0,0.6178377270698547,-0.06795473024249077
PPO,45,final,2073,5073,0.09000000000000001,1.0,1.0,0.22022506594657898,-0.012386070797219872
PPO,45,final,2074,5074,0.07858772754669191,2.0,2.0,0.9303697943687439,-0.06022122735157609
PPO,45,final,2075,5075,0.10801531553268434,2.0,2.0,0.5928139686584473,-0.03256018226966262
PPO,45,final,2076,5076,0.09000000000000001,1.0,1.0,0.6956219673156738,-0.015328543726354837
PPO,45,final,2077,5077,-0.014641919136047357,4.0,2.0,0.6203022599220276,-0.0215225531719625
PPO,45,final,2078,5078,0.09000000000000001,1.0,1.0,0.2533949017524719,-0.013010282535105944
PPO,45,final,2079,5079,0.09000000000000001,1.0,1.0,0.15833790600299835,-0.00802923971787095
PPO,45,final,2080,5080,0.09000000000000001,1.0,1.0,0.9313338994979858,-0.009165308205410838
PPO,45,final,2081,5081,-0.21158883571624754,10.0,3.0,0.6127834320068359,-0.010078126098960638
PPO,45,final,2082,5082,0.09000000000000001,1.0,1.0,0.060504000633955,-0.0023116173688322306
PPO,45,final,2083,5083,0.05046443819999696,2.0,2.0,0.12080869823694229,-0.07420351286418736
PPO,45,final,2084,5084,0.09000000000000001,1.0,1.0,0.9421893954277039,-0.012353649362921715
PPO,45,final,2085,5085,0.09000000000000001,1.0,1.0,1.0473213195800781,-0.011058436706662178
PPO,45,final,2086,5086,0.12389476776123048,2.0,2.0,0.44601961970329285,-0.04114885162562132
PPO,45,final,2087,5087,0.17729379415512087,2.0,2.0,0.6919223666191101,-0.05796478921547532
PPO,45,final,2088,5088,0.14415252923965455,3.0,3.0,0.7693029642105103,-0.06853603688068688
PPO,45,final,2089,5089,0.10835295915603638,5.0,4.0,0.7102513909339905,-0.05888514779508114
PPO,45,final,2090,5090,-0.09272835493087768,4.0,2.0,0.373126357793808,0.0018821406411007047
PPO,45,final,2091,5091,-0.29122559547424315,7.0,3.0,0.6039827466011047,-0.00880320044234395
PPO,45,final,2092,5092,-0.21975986957550048,10.0,4.0,0.8200929760932922,0.006968020228669047
PPO,45,final,2093,5093,-0.2509580850601197,10.0,3.0,0.6746002435684204,0.027693565702065825
PPO,45,final,2094,5094,0.09000000000000001,1.0,1.0,0.27094364166259766,-0.005595543538220227
PPO,45,final,2095,5095,0.12895960569381715,4.0,3.0,0.9963714480400085,-0.04409153899177909
PPO,45,final,2096,5096,0.16981603384017946,2.0,2.0,0.7553576827049255,-0.024390753591433167
PPO,45,final,2097,5097,0.058046000003814706,2.0,2.0,0.8014465570449829,-0.03228337690234184
PPO,45,final,2098,5098,0.09000000000000001,1.0,1.0,0.21366365253925323,-0.0037383685703389347
PPO,45,final,2099,5099,0.09000000000000001,1.0,1.0,0.6515275239944458,-0.013194222934544086
PPO,45,final,2100,5100,0.11881612420082094,2.0,2.0,0.3224472105503082,-0.055720765609294176
PPO,45,final,2101,5101,0.09000000000000001,1.0,1.0,0.6814775466918945,-0.015098521253094077
PPO,45,final,2102,5102,0.16505022525787355,2.0,2.0,0.7323911786079407,-0.04058027802966535
PPO,45,final,2103,5103,0.09000000000000001,1.0,1.0,0.5363977551460266,-0.0145728993229568
PPO,45,final,2104,5104,0.10754627943038941,4.0,3.0,0.907857358455658,-0.01733472989872098
PPO,45,final,2105,5105,0.1988790798187256,2.0,2.0,0.9312716722488403,-0.023813632782548666
PPO,45,final,2106,5106,0.09000000000000001,1.0,1.0,0.1073061153292656,-0.008836394408717752
PPO,45,final,2107,5107,0.33902041912078856,10.0,6.0,1.1656014919281006,-0.03720500285271555
PPO,45,final,2108,5108,0.09000000000000001,1.0,1.0,0.8008213639259338,-0.014567596605047584
PPO,45,final,2109,5109,0.09000000000000001,1.0,1.0,0.0787666067481041,-0.005168764968402684
PPO,45,final,2110,5110,0.09000000000000001,1.0,1.0,0.6739654541015625,-0.011955267982557416
PPO,45,final,2111,5111,0.11086578845977785,2.0,2.0,0.7522991895675659,-0.03217185428366065
PPO,45,final,2112,5112,0.0692284893989563,3.0,2.0,0.2581869959831238,-0.004968931898474693
PPO,45,final,2113,5113,0.028076548576354984,3.0,2.0,0.277452677488327,-0.0626641632989049
PPO,45,final,2114,5114,-0.04820225477218627,4.0,2.0,0.462299108505249,-0.052479400066658854
PPO,45,final,2115,5115,0.09000000000000001,1.0,1.0,0.586997389793396,-0.009229598566889763
PPO,45,final,2116,5116,0.09000000000000001,1.0,1.0,0.04910985007882118,-0.00801863451488316
PPO,45,final,2117,5117,0.09000000000000001,1.0,1.0,0.1854686737060547,-0.005932531785219908
PPO,45,final,2118,5118,0.09000000000000001,1.0,1.0,0.6735157370567322,-0.014616163447499275
PPO,45,final,2119,5119,0.09000000000000001,1.0,1.0,0.3050857484340668,-0.004920227802358568
PPO,45,final,2120,5120,-0.09217906832695007,4.0,2.0,0.4410589039325714,-0.0214977553114295
PPO,45,final,2121,5121,0.2186089849472046,4.0,3.0,0.8834695816040039,-0.012371133780106902
PPO,45,final,2122,5122,0.2034806799888611,3.0,2.0,0.5394015908241272,-0.018318788846954703
PPO,45,final,2123,5123,0.09000000000000001,1.0,1.0,0.5544852614402771,-0.013414164306595922
PPO,45,final,2124,5124,0.19248171329498293,2.0,2.0,0.8349013924598694,-0.020923995645716786
PPO,45,final,2125,5125,0.09000000000000001,1.0,1.0,0.692581295967102,-0.014149785740301013
PPO,45,final,2126,5126,-0.06771581172943116,5.0,3.0,0.34697309136390686,-0.024894608883187175
PPO,45,final,2127,5127,0.1041975784301758,2.0,2.0,0.6363148093223572,-0.05819208803586662
PPO,45,final,2128,5128,0.1768928337097168,2.0,2.0,1.0270538330078125,-0.03139864117838442
PPO,45,final,2129,5129,0.09000000000000001,1.0,1.0,0.2922096252441406,-0.0068837497383356094
PPO,45,final,2130,5130,0.34091801166534424,3.0,3.0,0.6251087188720703,-0.05474708625115454
PPO,45,final,2131,5131,-0.04225485801696778,3.0,3.0,0.8710785508155823,-0.05473472783342004
PPO,45,final,2132,5132,0.11554785490036013,3.0,2.0,0.5499847531318665,-0.0328201106749475
PPO,45,final,2133,5133,0.09000000000000001,1.0,1.0,0.3300989270210266,-0.014621505048125982
PPO,45,final,2134,5134,-0.011069921851158127,2.0,2.0,0.17153123021125793,-0.07734535972122103
PPO,45,final,2135,5135,-0.13560418367385862,8.0,3.0,0.6379222273826599,-0.02737936144694686
PPO,45,final,2136,5136,0.09000000000000001,1.0,1.0,0.8561397194862366,-0.012285094009712338
PPO,45,final,2137,5137,0.09000000000000001,1.0,1.0,0.42413488030433655,-0.0017238216823898256
PPO,45,final,2138,5138,0.4862579870223999,2.0,2.0,0.6977728605270386,-0.036983718164265156
PPO,45,final,2139,5139,0.09000000000000001,1.0,1.0,0.30996793508529663,-0.006863039219751954
PPO,45,final,2140,5140,0.060888953208923347,3.0,3.0,0.7968522906303406,-0.02706788806244731
PPO,45,final,2141,5141,0.01681949377059938,2.0,2.0,0.5739957690238953,-0.06279671611264348
PPO,45,final,2142,5142,-0.030030121803283696,4.0,3.0,0.3532845079898834,-0.06357194017618895
PPO,45,final,2143,5143,0.09000000000000001,1.0,1.0,0.36587151885032654,-0.00741871097125113
PPO,45,final,2144,5144,0.09000000000000001,1.0,1.0,0.4349202513694763,-0.012120974715799093
PPO,45,final,2145,5145,0.2515760135650635,3.0,3.0,0.8432186841964722,-0.012677773600444198
PPO,45,final,2146,5146,0.241588191986084,2.0,2.0,0.7785577178001404,-0.036783972289413214
PPO,45,final,2147,5147,0.09000000000000001,1.0,1.0,0.574640154838562,-0.011289992835372686
PPO,45,final,2148,5148,0.09000000000000001,1.0,1.0,0.19485200941562653,-0.009822344640269876
PPO,45,final,2149,5149,0.09000000000000001,1.0,1.0,0.2309858649969101,-0.005758686689659953
PPO,45,final,2150,5150,0.10593796730041505,4.0,3.0,0.5961970090866089,-0.038007943192496896
PPO,45,final,2151,5151,0.2619046139717102,2.0,2.0,0.8251343369483948,-0.026470674201846123
PPO,45,final,2152,5152,0.09000000000000001,1.0,1.0,0.2303379625082016,-0.01201993739232421
PPO,45,final,2153,5153,-0.030222570896148673,5.0,2.0,0.6260242462158203,-0.040866363095119596
PPO,45,final,2154,5154,0.09000000000000001,1.0,1.0,0.07838176190853119,-0.0004894839803455397
PPO,45,final,2155,5155,0.09000000000000001,1.0,1.0,0.8377910256385803,-0.007466560695320368
PPO,45,final,2156,5156,0.09000000000000001,1.0,1.0,0.16194558143615723,-0.0037027328507974744
PPO,45,final,2157,5157,0.09000000000000001,1.0,1.0,0.3286440670490265,-0.009327123407274485
PPO,45,final,2158,5158,0.13496615171432497,2.0,2.0,0.691957950592041,-0.03792268643155694
PPO,45,final,2159,5159,0.09000000000000001,1.0,1.0,0.23917075991630554,-0.002429756859783083
PPO,45,final,2160,5160,0.31508750438690186,3.0,3.0,0.5145813226699829,-0.03985573258250952
PPO,45,final,2161,5161,-0.17478375434875487,5.0,3.0,0.8114657998085022,-0.0026510367169976234
PPO,45,final,2162,5162,0.09000000000000001,1.0,1.0,0.1527319699525833,-0.0030083778547123075
PPO,45,final,2163,5163,0.08598675012588503,2.0,2.0,0.6682849526405334,-0.027494227048009634
PPO,45,final,2164,5164,-0.01659981727600096,2.0,2.0,0.9631109833717346,-0.019400781486183405
PPO,45,final,2165,5165,0.09000000000000001,1.0,1.0,0.5426564812660217,-0.006051465054042637
PPO,45,final,2166,5166,0.019707925319671638,3.0,3.0,0.6570404767990112,-0.018643547082319856
PPO,45,final,2167,5167,0.09000000000000001,1.0,1.0,0.7209538221359253,-0.01083224918693304
PPO,45,final,2168,5168,0.09000000000000001,1.0,1.0,0.7754526734352112,-0.009968656580895185
PPO,45,final,2169,5169,-0.04690567970275879,2.0,2.0,0.6656494736671448,-0.032540198299102485
PPO,45,final,2170,5170,0.09000000000000001,1.0,1.0,0.8666835427284241,-0.006376135628670454
PPO,45,final,2171,5171,0.09000000000000001,1.0,1.0,0.5961490869522095,-0.01595794688910246
PPO,45,final,2172,5172,0.1279797422885895,2.0,2.0,0.4966104328632355,-0.03988760814536363
PPO,45,final,2173,5173,0.09000000000000001,1.0,1.0,0.15186819434165955,-0.0062386998906731606
PPO,45,final,2174,5174,0.054077634811401376,4.0,3.0,0.8447399735450745,-0.02224497334100306
PPO,45,final,2175,5175,0.09000000000000001,1.0,1.0,0.2895524203777313,-0.002324582019355148
PPO,45,final,2176,5176,0.07441319704055788,2.0,2.0,0.48449650406837463,-0.05072190915234387
PPO,45,final,2177,5177,0.09000000000000001,1.0,1.0,0.3446049094200134,-0.012803996447473764
PPO,45,final,2178,5178,0.09000000000000001,1.0,1.0,0.07384161651134491,-0.00020736288570333272
PPO,45,final,2179,5179,-0.04433784961700439,3.0,2.0,0.6836560368537903,-0.038103895261883736
PPO,45,final,2180,5180,0.09000000000000001,1.0,1.0,0.9737200140953064,-0.009947390062734485
PPO,45,final,2181,5181,0.06994681239128114,2.0,2.0,0.37461569905281067,-0.06583355728071183
PPO,45,final,2182,5182,0.09000000000000001,1.0,1.0,0.7153159379959106,-0.0038418503245338798
PPO,45,final,2183,5183,0.09000000000000001,1.0,1.0,0.8640822172164917,-0.009253578027710319
PPO,45,final,2184,5184,0.10214092016220094,2.0,2.0,0.5815004110336304,-0.02590958750806749
PPO,45,final,2185,5185,0.09000000000000001,1.0,1.0,0.7696012258529663,-0.010000456590205431
PPO,45,final,2186,5186,0.16146893978118898,2.0,2.0,0.6748544573783875,-0.04282717336900532
PPO,45,final,2187,5187,0.09000000000000001,1.0,1.0,0.7649422287940979,-0.010225879726931453
PPO,45,final,2188,5188,0.09000000000000001,1.0,1.0,0.9490764737129211,-0.015943671111017466
PPO,45,final,2189,5189,0.09000000000000001,1.0,1.0,0.4614170491695404,-0.013291483279317617
PPO,45,final,2190,5190,0.09000000000000001,1.0,1.0,0.27531203627586365,-0.010100842919200659
PPO,45,final,2191,5191,0.09000000000000001,1.0,1.0,0.2608647048473358,-0.0024324558908119798
PPO,45,final,2192,5192,0.09000000000000001,1.0,1.0,0.7137690186500549,-0.015415525063872337
PPO,45,final,2193,5193,0.09000000000000001,1.0,1.0,0.2952958643436432,-0.003735601727385074
PPO,45,final,2194,5194,0.09000000000000001,1.0,1.0,0.6360211968421936,-0.006234283093363047
PPO,45,final,2195,5195,-0.012870252132415813,10.0,5.0,0.5929117798805237,-0.0011751805432140827
PPO,45,final,2196,5196,0.09000000000000001,1.0,1.0,1.3301533460617065,-0.015043091028928757
PPO,45,final,2197,5197,0.15276593685150147,3.0,3.0,0.8412536978721619,-0.012249506777152419
PPO,45,final,2198,5198,0.05604900598526002,2.0,2.0,0.9214755296707153,-0.03464664379134774
PPO,45,final,2199,5199,0.09000000000000001,1.0,1.0,0.549893319606781,-0.01267623552121222
PPO,45,final,2200,5200,0.09000000000000001,1.0,1.0,0.24565301835536957,-0.009039761265739799
PPO,45,final,2201,5201,0.09000000000000001,1.0,1.0,0.5068405270576477,-0.014558690367266536
PPO,45,final,2202,5202,0.09000000000000001,1.0,1.0,0.881267249584198,-0.009911532746627927
PPO,45,final,2203,5203,-0.15245901346206664,5.0,3.0,1.0568734407424927,-0.01662353239953518
PPO,45,final,2204,5204,0.09000000000000001,1.0,1.0,0.3577874004840851,-0.0009274879121221602
PPO,45,final,2205,5205,0.06050451278686524,2.0,2.0,0.36324241757392883,-0.054361645656172186
PPO,45,final,2206,5206,0.09000000000000001,1.0,1.0,0.24512846767902374,-0.0018960352172143757
PPO,45,final,2207,5207,0.09000000000000001,1.0,1.0,1.0898691415786743,-0.011177515843883157
PPO,45,final,2208,5208,0.09000000000000001,1.0,1.0,0.6923481225967407,-0.009263045387342572
PPO,45,final,2209,5209,0.09000000000000001,1.0,1.0,0.9306761026382446,-0.014852653024718165
PPO,45,final,2210,5210,0.09000000000000001,1.0,1.0,0.3119819760322571,-0.0009367564198328182
PPO,45,final,2211,5211,0.09000000000000001,1.0,1.0,0.5685645341873169,-0.005307084647938609
PPO,45,final,2212,5212,0.16092069625854494,2.0,2.0,0.857220470905304,-0.036267610266804695
PPO,45,final,2213,5213,0.06830294609069826,2.0,2.0,1.209758996963501,-0.0652872424107045
PPO,45,final,2214,5214,0.09000000000000001,1.0,1.0,0.6544817090034485,-0.003713326237630099
PPO,45,final,2215,5215,0.09000000000000001,1.0,1.0,0.3316648304462433,-0.0020203698077239096
PPO,45,final,2216,5216,0.09000000000000001,1.0,1.0,0.665488064289093,-0.011355953523889184
PPO,45,final,2217,5217,0.09000000000000001,1.0,1.0,0.5666578412055969,-0.005122201633639634
PPO,45,final,2218,5218,0.09000000000000001,1.0,1.0,0.369446337223053,-0.00844082678668201
PPO,45,final,2219,5219,0.09000000000000001,1.0,1.0,0.5645127892494202,-0.0011181614827364683
PPO,45,final,2220,5220,0.09000000000000001,1.0,1.0,0.7032169103622437,-0.014369429554790258
PPO,45,final,2221,5221,0.09000000000000001,1.0,1.0,0.16367915272712708,-0.001827508764108643
PPO,45,final,2222,5222,0.09000000000000001,1.0,1.0,0.7961899638175964,-0.009419657289981842
PPO,45,final,2223,5223,0.09000000000000001,1.0,1.0,0.06910746544599533,-0.0031293872161768377
PPO,45,final,2224,5224,0.09000000000000001,1.0,1.0,0.200318843126297,-0.0027615049621090293
PPO,45,final,2225,5225,0.09000000000000001,1.0,1.0,0.4662095606327057,-0.003260755678638816
PPO,45,final,2226,5226,0.09000000000000001,1.0,1.0,0.17504408955574036,-0.00047688011545687914
PPO,45,final,2227,5227,0.09000000000000001,1.0,1.0,0.06432809680700302,-0.0003721348039107397
PPO,45,final,2228,5228,0.09000000000000001,1.0,1.0,0.3202070891857147,-0.0002246512594865635
PPO,45,final,2229,5229,-0.05032337546348571,4.0,2.0,0.47767600417137146,-0.020824342034757137
PPO,45,final,2230,5230,0.09000000000000001,1.0,1.0,0.3427030146121979,-0.008310717297717929
PPO,45,final,2231,5231,0.09000000000000001,1.0,1.0,0.3953317701816559,-0.0031216488569043577
PPO,45,final,2232,5232,0.09000000000000001,1.0,1.0,0.33706527948379517,-0.0009258098143618554
PPO,45,final,2233,5233,0.09000000000000001,1.0,1.0,0.24066615104675293,-0.0021942059975117445
PPO,45,final,2234,5234,0.09000000000000001,1.0,1.0,0.35271334648132324,-0.0063858842477202415
PPO,45,final,2235,5235,0.12599356651306154,2.0,2.0,0.5444267392158508,-0.03552196081727743
PPO,45,final,2236,5236,0.09000000000000001,1.0,1.0,0.8102684617042542,-0.01373886107467115
PPO,45,final,2237,5237,0.09000000000000001,1.0,1.0,0.2672468423843384,-0.0030811026226729155
PPO,45,final,2238,5238,0.09599294185638428,3.0,2.0,1.040511131286621,-0.02741142059676349
PPO,45,final,2239,5239,0.09000000000000001,1.0,1.0,0.24440979957580566,-0.006603781832382083
PPO,45,final,2240,5240,0.09000000000000001,1.0,1.0,0.20484128594398499,-0.0009547150111757219
PPO,45,final,2241,5241,0.10134913206100465,2.0,2.0,0.3854365050792694,-0.045109815895557404
PPO,45,final,2242,5242,0.17095614194869996,3.0,3.0,0.6515230536460876,-0.04827820183709264
PPO,45,final,2243,5243,0.12273718595504762,2.0,2.0,0.7426615953445435,-0.09240821376442909
PPO,45,final,2244,5244,0.08417231559753419,3.0,3.0,0.5747268795967102,-0.0982067808508873
PPO,45,final,2245,5245,-0.05345485925674438,2.0,2.0,0.30632051825523376,0.02126193162985146
PPO,45,final,2246,5246,0.09000000000000001,1.0,1.0,0.13630680739879608,-0.0013445878867059946
PPO,45,final,2247,5247,0.02446688890457155,2.0,2.0,0.7342459559440613,-0.03529235743917525
PPO,45,final,2248,5248,0.09000000000000001,1.0,1.0,0.45078203082084656,-0.012581902090460062
PPO,45,final,2249,5249,0.17004813432693483,2.0,2.0,0.7305221557617188,-0.059967092936858535
PPO,45,final,2250,5250,0.09000000000000001,1.0,1.0,0.3324303925037384,-0.00948223564773798
PPO,45,final,2251,5251,0.19720103025436403,2.0,2.0,0.5633469820022583,-0.09842891432344913
PPO,45,final,2252,5252,0.09000000000000001,1.0,1.0,0.846520721912384,-0.014048754936084151
PPO,45,final,2253,5253,0.14477594375610353,2.0,2.0,0.6080307364463806,-0.10427791997790337
PPO,45,final,2254,5254,0.09000000000000001,1.0,1.0,0.3103254735469818,-0.0018592298438306898
PPO,45,final,2255,5255,-0.5457624912261964,10.0,4.0,1.195632815361023,0.03229302121326327
PPO,45,final,2256,5256,-0.0899923300743103,6.0,3.0,0.6235361695289612,-0.02183683286421001
PPO,45,final,2257,5257,0.40739758491516115,2.0,2.0,0.5189226269721985,-0.010937710758298635
PPO,45,final,2258,5258,0.09000000000000001,1.0,1.0,0.1644202023744583,-0.013750681187957525
PPO,45,final,2259,5259,-0.4813563704490662,10.0,2.0,0.8713315725326538,0.08532624132931232
PPO,45,final,2260,5260,0.08619340181350708,3.0,2.0,0.5184803605079651,-0.0768603045726195
PPO,45,final,2261,5261,-0.39341601371765134,9.0,2.0,0.7825759649276733,0.0009736637584865093
PPO,45,final,2262,5262,0.13319327354431154,3.0,2.0,0.7737080454826355,-0.058992142672650516
PPO,45,final,2263,5263,0.07901966571807861,5.0,4.0,0.9491950273513794,-0.03156243963167071
PPO,45,final,2264,5264,0.09000000000000001,1.0,1.0,0.19668695330619812,-0.011793410405516624
PPO,45,final,2265,5265,0.0665810775756836,3.0,3.0,0.912915825843811,-0.04612810560502112
PPO,45,final,2266,5266,0.13484458804130556,2.0,2.0,0.41896530985832214,-0.00834093801677227
PPO,45,final,2267,5267,0.10181069552898409,2.0,2.0,0.11650864779949188,-0.03506765956990421
PPO,45,final,2268,5268,0.12058992862701418,2.0,2.0,0.7078409194946289,-0.06009507260750979
PPO,45,final,2269,5269,0.02816213846206666,2.0,2.0,0.7241721749305725,0.009443437680602074
PPO,45,final,2270,5270,0.06375204205513002,2.0,2.0,0.3422016501426697,-0.07585840485990047
PPO,45,final,2271,5271,0.09988561987876893,3.0,3.0,0.25483760237693787,-0.046019298024475574
PPO,45,final,2272,5272,0.2899002003669739,2.0,2.0,0.7385021448135376,-0.011412084568291903
PPO,45,final,2273,5273,0.11659975528717043,2.0,2.0,0.3922155499458313,-0.0841282345354557
PPO,45,final,2274,5274,0.062372865080833444,2.0,2.0,0.25567731261253357,-0.005454537458717823
PPO,45,final,2275,5275,-0.013557713031768795,3.0,2.0,0.4010702073574066,-0.02374877780675888
PPO,45,final,2276,5276,0.09000000000000001,1.0,1.0,0.12002144008874893,-0.012444854248315096
PPO,45,final,2277,5277,0.03221775770187379,2.0,2.0,0.2624545395374298,-0.049005543580278754
PPO,45,final,2278,5278,-0.015643641352653503,5.0,4.0,0.2521364688873291,-0.055246580857783556
PPO,45,final,2279,5279,0.025382177829742447,2.0,2.0,0.7089799642562866,-0.0782443885691464
PPO,45,final,2280,5280,0.09028972864151003,2.0,2.0,0.2578912675380707,-0.06275520182680339
PPO,45,final,2281,5281,0.09000000000000001,1.0,1.0,0.45006224513053894,-0.00989727326668799
PPO,45,final,2282,5282,-0.0862340760231018,2.0,2.0,0.668035626411438,-0.06369616067968309
PPO,45,final,2283,5283,0.03287454128265382,2.0,2.0,1.0440460443496704,-0.07257108855992556
PPO,45,final,2284,5284,0.15747530937194826,2.0,2.0,0.7611507773399353,0.007618698058649898
PPO,45,final,2285,5285,0.09000000000000001,1.0,1.0,0.8224316835403442,-0.010077775223180652
PPO,45,final,2286,5286,0.09000000000000001,1.0,1.0,0.5972462892532349,-0.008318946463987231
PPO,45,final,2287,5287,0.09000000000000001,1.0,1.0,0.6617080569267273,-0.012214206624776125
PPO,45,final,2288,5288,-0.00841866970062255,4.0,3.0,0.7472359538078308,-0.021454151486977935
PPO,45,final,2289,5289,0.09000000000000001,1.0,1.0,0.7670257687568665,-0.013620549580082297
PPO,45,final,2290,5290,0.09000000000000001,1.0,1.0,0.695865273475647,-0.013945908984169364
PPO,45,final,2291,5291,0.09000000000000001,1.0,1.0,0.6131621599197388,-0.010148766683414578
PPO,45,final,2292,5292,0.09000000000000001,1.0,1.0,0.2949434816837311,-0.005548330023884773
PPO,45,final,2293,5293,0.35516119718551636,3.0,3.0,0.5845136046409607,-0.03579772147350013
PPO,45,final,2294,5294,0.09000000000000001,1.0,1.0,0.7986018061637878,-0.013860067818313837
PPO,45,final,2295,5295,0.09000000000000001,1.0,1.0,0.24374555051326752,-0.0029922465328127146
PPO,45,final,2296,5296,0.09000000000000001,1.0,1.0,0.2987969219684601,-0.005656309891492128
PPO,45,final,2297,5297,0.09000000000000001,1.0,1.0,1.4512319564819336,-0.013406173093244433
PPO,45,final,2298,5298,0.15153879880905152,4.0,3.0,0.6900720000267029,-0.03645399445667863
PPO,45,final,2299,5299,0.09000000000000001,1.0,1.0,0.6578324437141418,-0.008211531909182668
PPO,45,final,2300,5300,0.0591703224182129,2.0,2.0,1.1761772632598877,-0.058172065299004316
PPO,45,final,2301,5301,0.1393189597129822,2.0,2.0,0.5327340364456177,-0.012555851601064205
PPO,45,final,2302,5302,0.09000000000000001,1.0,1.0,0.39322417974472046,-0.008070907089859247
PPO,45,final,2303,5303,0.09000000000000001,1.0,1.0,0.7220104336738586,-0.008699866710230708
PPO,45,final,2304,5304,0.09000000000000001,1.0,1.0,1.0984203815460205,-0.013248746283352375
PPO,45,final,2305,5305,0.16986210823059084,2.0,2.0,0.7564367651939392,-0.07267876015976071
PPO,45,final,2306,5306,0.19311909556388857,2.0,2.0,0.28806114196777344,-0.05513062054524198
PPO,45,final,2307,5307,0.09000000000000001,1.0,1.0,0.8166411519050598,-0.013954538386315107
PPO,45,final,2308,5308,0.09000000000000001,1.0,1.0,1.0045732259750366,-0.015301761450245976
PPO,45,final,2309,5309,0.09000000000000001,1.0,1.0,0.25109997391700745,-0.0015119073214009404
PPO,45,final,2310,5310,0.16591121435165407,2.0,2.0,0.6522220373153687,-0.02734115591738373
PPO,45,final,2311,5311,0.11111717104911806,2.0,2.0,0.47455325722694397,-0.06440408481284976
PPO,45,final,2312,5312,0.013561749458312997,5.0,2.0,0.7503642439842224,-0.009120085625909269
PPO,45,final,2313,5313,0.09000000000000001,1.0,1.0,0.2716110646724701,-0.013057039119303226
PPO,45,final,2314,5314,0.09000000000000001,1.0,1.0,0.377460241317749,-0.002969817549455911
PPO,45,final,2315,5315,0.09000000000000001,1.0,1.0,0.8250616788864136,-0.014801466139033437
PPO,45,final,2316,5316,-0.2676543831825256,10.0,2.0,0.709538996219635,0.022093364503234625
PPO,45,final,2317,5317,-0.028877236843109125,4.0,2.0,0.5518055558204651,-0.05565756489522755
PPO,45,final,2318,5318,0.09000000000000001,1.0,1.0,0.8912472724914551,-0.015120255295187235
PPO,45,final,2319,5319,0.09000000000000001,1.0,1.0,0.32980531454086304,-0.002921626786701381
PPO,45,final,2320,5320,-0.07461493253707883,4.0,3.0,1.0195958614349365,-0.034219635650515556
PPO,45,final,2321,5321,0.0627041506767273,7.0,4.0,0.7949085235595703,-0.02860108599998057
PPO,45,final,2322,5322,0.09000000000000001,1.0,1.0,0.16692088544368744,-0.0005662280891556293
PPO,45,final,2323,5323,0.09000000000000001,1.0,1.0,0.2926853597164154,-0.0032771251862868667
PPO,45,final,2324,5324,0.09000000000000001,1.0,1.0,0.15537801384925842,-0.0002042664636974223
PPO,45,final,2325,5325,0.09000000000000001,1.0,1.0,0.25400879979133606,-0.003151492914184928
PPO,45,final,2326,5326,-0.016512494087219234,3.0,2.0,0.6868889927864075,-0.02922168537043035
PPO,45,final,2327,5327,0.09000000000000001,1.0,1.0,0.2896479666233063,-0.0025203495752066374
PPO,45,final,2328,5328,0.25459297180175783,2.0,2.0,0.6318700909614563,-0.022538209101185203
PPO,45,final,2329,5329,0.09000000000000001,1.0,1.0,0.24746717512607574,-0.004490324296057224
PPO,45,final,2330,5330,0.0712957549095154,2.0,2.0,0.5643479228019714,-0.038638092344626784
PPO,45,final,2331,5331,0.20390610575675966,2.0,2.0,0.49460408091545105,-0.07034224818926305
PPO,45,final,2332,5332,0.09000000000000001,1.0,1.0,0.5228249430656433,-0.01225125533528626
PPO,45,final,2333,5333,0.09000000000000001,1.0,1.0,0.6079680323600769,-0.012029296020045877
PPO,45,final,2334,5334,0.13085424065589904,4.0,2.0,0.3464243710041046,-0.02545552607625723
PPO,45,final,2335,5335,0.296099967956543,3.0,3.0,0.5249585509300232,-0.011943199904635549
PPO,45,final,2336,5336,0.09000000000000001,1.0,1.0,0.28620412945747375,-0.004812352359294891
PPO,45,final,2337,5337,0.09000000000000001,1.0,1.0,0.9782020449638367,-0.013500639237463474
PPO,45,final,2338,5338,0.09000000000000001,1.0,1.0,0.4420633614063263,-0.007008112617768347
PPO,45,final,2339,5339,0.1303891706466675,2.0,2.0,0.4769664406776428,-0.044681520434096456
PPO,45,final,2340,5340,0.09000000000000001,1.0,1.0,0.9799037575721741,-0.015124599682167172
PPO,45,final,2341,5341,0.09000000000000001,1.0,1.0,0.29122358560562134,-0.0069590662606060505
PPO,45,final,2342,5342,0.09000000000000001,1.0,1.0,0.5554595589637756,-0.005890428205020726
PPO,45,final,2343,5343,0.09000000000000001,1.0,1.0,0.7953039407730103,-0.015315848868340254
PPO,45,final,2344,5344,0.09000000000000001,1.0,1.0,0.23615597188472748,-0.002599053375888616
PPO,45,final,2345,5345,0.1178852069377899,7.0,4.0,0.4376154839992523,-0.023324660607613623
PPO,45,final,2346,5346,0.08689414143562318,2.0,2.0,0.3651098906993866,-0.047082311008125544
PPO,45,final,2347,5347,0.09000000000000001,1.0,1.0,0.2022004872560501,-0.000770046201068908
PPO,45,final,2348,5348,0.09000000000000001,1.0,1.0,0.11913217604160309,-0.0011673038534354419
PPO,45,final,2349,5349,0.16976784348487856,2.0,2.0,0.3971783220767975,-0.037002105731517076
PPO,45,final,2350,5350,0.09000000000000001,1.0,1.0,0.13788814842700958,-0.003261880832724273
PPO,45,final,2351,5351,0.09000000000000001,1.0,1.0,0.4624992907047272,-0.004141642479225993
PPO,45,final,2352,5352,0.22100658893585207,2.0,2.0,0.6460326910018921,-0.05435813183430582
PPO,45,final,2353,5353,0.20675786018371584,2.0,2.0,0.648155152797699,-0.01624303008429706
PPO,45,final,2354,5354,0.09000000000000001,1.0,1.0,0.5342541933059692,-0.005323836230672896
PPO,45,final,2355,5355,0.019982771873474137,2.0,2.0,0.6346573829650879,-0.025251632556319237
PPO,45,final,2356,5356,0.09000000000000001,1.0,1.0,0.2859327495098114,-0.007819086080417037
PPO,45,final,2357,5357,0.05053319454193116,3.0,2.0,0.45497259497642517,-0.04202149389311671
PPO,45,final,2358,5358,0.2252992856502533,2.0,2.0,0.46277329325675964,-0.004017992992885411
PPO,45,final,2359,5359,-0.067478928565979,6.0,2.0,0.7959532737731934,-0.011121320771053433
PPO,45,final,2360,5360,0.09000000000000001,1.0,1.0,0.2781762480735779,-0.002125967643223703
PPO,45,final,2361,5361,0.09000000000000001,1.0,1.0,0.2645739018917084,-0.005917166359722614
PPO,45,final,2362,5362,0.09000000000000001,1.0,1.0,0.26350000500679016,-0.011283427244052291
PPO,45,final,2363,5363,0.09000000000000001,1.0,1.0,0.38298043608665466,-0.004866240546107292
PPO,45,final,2364,5364,0.09000000000000001,1.0,1.0,0.28929567337036133,-0.005212738527916372
PPO,45,final,2365,5365,0.09000000000000001,1.0,1.0,0.20186255872249603,-0.014293903252109885
PPO,45,final,2366,5366,0.09000000000000001,1.0,1.0,0.9078351259231567,-0.010516327805817127
PPO,45,final,2367,5367,-0.21474333882331847,3.0,3.0,0.6051968336105347,-0.03215645928867161
PPO,45,final,2368,5368,0.1967171597480774,2.0,2.0,0.5841509699821472,-0.03372717654565349
PPO,45,final,2369,5369,0.09000000000000001,1.0,1.0,0.4865037798881531,-0.015217629726976156
PPO,45,final,2370,5370,0.10724780917167664,4.0,3.0,0.32758980989456177,-0.028486241004429758
PPO,45,final,2371,5371,0.09000000000000001,1.0,1.0,0.18839453160762787,-0.004412999609485269
PPO,45,final,2372,5372,-0.3610209703445435,10.0,2.0,0.6697172522544861,0.03774127038195729
PPO,45,final,2373,5373,0.05231435775756837,2.0,2.0,0.8388383984565735,-0.08727749926038086
PPO,45,final,2374,5374,0.18765534639358522,2.0,2.0,0.3051522672176361,0.0024416851811110973
PPO,45,final,2375,5375,0.09000000000000001,1.0,1.0,0.2737915515899658,-0.0034148218110203743
PPO,45,final,2376,5376,0.09000000000000001,1.0,1.0,0.4444865584373474,-0.01288192393258214
PPO,45,final,2377,5377,0.049863405227661146,3.0,3.0,0.8193895220756531,-0.05095724994316697
PPO,45,final,2378,5378,0.09000000000000001,1.0,1.0,0.8593980669975281,-0.015336855314671993
PPO,45,final,2379,5379,0.09000000000000001,1.0,1.0,0.1148860827088356,-0.0041331457905471325
PPO,45,final,2380,5380,0.14879013776779176,2.0,2.0,0.513386070728302,-0.03641013253945857
PPO,45,final,2381,5381,0.16414273500442506,3.0,3.0,0.7367778420448303,-0.04821900022216141
PPO,45,final,2382,5382,0.09000000000000001,1.0,1.0,0.08464787900447845,-0.005811645300127566
PPO,45,final,2383,5383,0.09000000000000001,1.0,1.0,0.3697877824306488,-0.0037128461408428848
PPO,45,final,2384,5384,0.04908074617385865,2.0,2.0,0.6769655346870422,-0.032057026168331504
PPO,45,final,2385,5385,0.16209808945655824,4.0,3.0,0.4714907705783844,-0.025690732873044908
PPO,45,final,2386,5386,0.017743597030639643,4.0,3.0,0.5001546144485474,-0.0726307884324342
PPO,45,final,2387,5387,0.22845251083374024,3.0,3.0,0.7571519017219543,-0.0005062399432063103
PPO,45,final,2388,5388,0.09000000000000001,1.0,1.0,0.11476844549179077,-0.0012426529137883335
PPO,45,final,2389,5389,0.25271515727043153,2.0,2.0,0.4414229691028595,-0.042571208090521395
PPO,45,final,2390,5390,-0.20869373083114623,10.0,2.0,0.8605408072471619,-0.004394257441163063
PPO,45,final,2391,5391,0.09000000000000001,1.0,1.0,0.7032732367515564,-0.01349460007622838
PPO,45,final,2392,5392,0.09000000000000001,1.0,1.0,0.09393570572137833,-0.002057134872302413
PPO,45,final,2393,5393,0.09000000000000001,1.0,1.0,0.24737855792045593,-0.014361075824126601
PPO,45,final,2394,5394,-0.5205218672752381,10.0,2.0,0.9911628365516663,0.08800002373754978
PPO,45,final,2395,5395,-0.13692709684371945,8.0,2.0,0.5207492709159851,-0.010464970022439957
PPO,45,final,2396,5396,0.1349796223640442,2.0,2.0,0.6229169964790344,-0.06282203644514084
PPO,45,final,2397,5397,0.09000000000000001,1.0,1.0,0.5922978520393372,-0.012421322055161
PPO,45,final,2398,5398,-0.1873156952857971,3.0,3.0,1.1262295246124268,-0.05268677673302591
PPO,45,final,2399,5399,0.09000000000000001,1.0,1.0,0.5815401077270508,-0.012253576656803489
PPO,45,final,2400,5400,0.09000000000000001,1.0,1.0,0.3414505124092102,-0.009252651827409863
PPO,45,final,2401,5401,-0.006775581240653986,4.0,2.0,0.24154217541217804,-0.037100316723808646
PPO,45,final,2402,5402,0.09000000000000001,1.0,1.0,0.11683331429958344,-0.0002756181638687849
PPO,45,final,2403,5403,-0.00225566864013671,4.0,3.0,0.7632697820663452,-0.09173807548359036
PPO,45,final,2404,5404,0.09000000000000001,1.0,1.0,0.24145327508449554,-0.010030198143795133
PPO,45,final,2405,5405,0.09000000000000001,1.0,1.0,0.3361445367336273,-0.006250626523979008
PPO,45,final,2406,5406,0.09000000000000001,1.0,1.0,0.3509446978569031,-0.00180201354669407
PPO,45,final,2407,5407,0.09000000000000001,1.0,1.0,0.5509138703346252,-0.00621829554438591
PPO,45,final,2408,5408,0.09000000000000001,1.0,1.0,0.35655373334884644,-0.01144758565351367
PPO,45,final,2409,5409,0.09000000000000001,1.0,1.0,0.07070909440517426,-0.0027454160153865814
PPO,45,final,2410,5410,0.09000000000000001,1.0,1.0,0.14069637656211853,-0.0037743766442872584
PPO,45,final,2411,5411,0.12927676916122438,2.0,2.0,0.4823083281517029,-0.029646481852978468
PPO,45,final,2412,5412,0.11450164198875429,2.0,2.0,0.33224910497665405,-0.03602973930537701
PPO,45,final,2413,5413,0.09000000000000001,1.0,1.0,0.9956434965133667,-0.01412959210574627
PPO,45,final,2414,5414,-0.09327208280563352,3.0,3.0,0.5396429300308228,-0.0162889325292781
PPO,45,final,2415,5415,0.09000000000000001,1.0,1.0,0.048713140189647675,-0.004155702772550285
PPO,45,final,2416,5416,0.09000000000000001,1.0,1.0,0.16350865364074707,-0.007931165164336562
PPO,45,final,2417,5417,0.23202146768569948,2.0,2.0,0.6556081771850586,-0.04114018799737096
PPO,45,final,2418,5418,0.09000000000000001,1.0,1.0,0.03149941936135292,-0.003460152423940599
PPO,45,final,2419,5419,0.09000000000000001,1.0,1.0,0.1328762024641037,-0.013453465653583407
PPO,45,final,2420,5420,0.09000000000000001,1.0,1.0,0.2336006462574005,-0.013012181734666228
PPO,45,final,2421,5421,-0.03115796625614166,3.0,2.0,0.2689749300479889,-0.033011811319738626
PPO,45,final,2422,5422,-0.21938446044921872,8.0,2.0,1.006961464881897,-0.014650024008005857
PPO,45,final,2423,5423,0.10283579349517824,3.0,2.0,1.1214040517807007,-0.0881464087869972
PPO,45,final,2424,5424,-0.5017863392829895,10.0,2.0,0.569002091884613,0.08545439504086971
PPO,45,final,2425,5425,-0.02623000562191008,2.0,2.0,0.3003480136394501,-0.05712004110682756
PPO,45,final,2426,5426,-0.5789869606494904,10.0,2.0,0.42533135414123535,0.08158117160201073
PPO,45,final,2427,5427,0.09000000000000001,1.0,1.0,0.17869994044303894,-0.010339934378862381
PPO,45,final,2428,5428,-0.16686100363731382,5.0,2.0,0.3788067400455475,-0.04308860097080469
PPO,45,final,2429,5429,0.141801552772522,2.0,2.0,0.6082729697227478,-0.014655012870207429
PPO,45,final,2430,5430,0.12290372133255006,2.0,2.0,0.2829972207546234,-0.007007257838267833
PPO,45,final,2431,5431,0.048103947639465336,3.0,2.0,0.22887539863586426,-0.057289329124614596
PPO,45,final,2432,5432,0.09000000000000001,1.0,1.0,0.5245746970176697,-0.006293406477198005
PPO,45,final,2433,5433,-0.031889719963073715,2.0,2.0,0.7560176253318787,-0.05195509805344045
PPO,45,final,2434,5434,-0.04121862173080444,2.0,2.0,0.7352328300476074,-0.07120982254855335
PPO,45,final,2435,5435,0.17826159477233888,2.0,2.0,0.8739753365516663,-0.05652407859452069
PPO,45,final,2436,5436,0.09000000000000001,1.0,1.0,0.9247692823410034,-0.012499893782660365
PPO,45,final,2437,5437,0.09000000000000001,1.0,1.0,0.7578386068344116,-0.008052925812080503
PPO,45,final,2438,5438,0.20502729892730714,2.0,2.0,0.8487606048583984,-0.0158476778306067
PPO,45,final,2439,5439,0.09000000000000001,1.0,1.0,0.19034883379936218,-0.000428673141868785
PPO,45,final,2440,5440,0.09000000000000001,1.0,1.0,0.3217851221561432,-0.003032551729120314
PPO,45,final,2441,5441,0.24993713378906252,2.0,2.0,0.533534049987793,-0.01361632440239191
PPO,45,final,2442,5442,0.09000000000000001,1.0,1.0,0.5481967329978943,-0.013361960416659713
PPO,45,final,2443,5443,0.17182989835739138,3.0,2.0,0.9259148240089417,-0.019831811310723424
PPO,45,final,2444,5444,0.010407466888427738,3.0,2.0,0.8276943564414978,-0.026754920836538076
PPO,45,final,2445,5445,0.2678316104412079,2.0,2.0,0.4692114293575287,-0.008563549490645528
PPO,45,final,2446,5446,0.09000000000000001,1.0,1.0,0.3728807866573334,-0.012630053330212831
PPO,45,final,2447,5447,0.07375564098358155,3.0,2.0,0.47625064849853516,-0.04024817980825901
PPO,45,final,2448,5448,0.09000000000000001,1.0,1.0,0.8176823854446411,-0.010039983317255974
PPO,45,final,2449,5449,0.031684437990188614,4.0,3.0,0.2805292308330536,-0.023198660928756
PPO,45,final,2450,5450,0.09000000000000001,1.0,1.0,0.6339558959007263,-0.013320265570655465
PPO,45,final,2451,5451,0.09605474948883058,2.0,2.0,0.4884735941886902,-0.013757137348875403
PPO,45,final,2452,5452,0.09000000000000001,1.0,1.0,0.15961840748786926,-0.003594202979002148
PPO,45,final,2453,5453,0.2999390459060669,4.0,3.0,0.6927051544189453,-0.017821400426328182
PPO,45,final,2454,5454,0.09000000000000001,1.0,1.0,0.37508779764175415,-0.009043426485732198
PPO,45,final,2455,5455,0.009511785507202164,2.0,2.0,0.6034188866615295,-0.04139843746088445
PPO,45,final,2456,5456,0.09000000000000001,1.0,1.0,0.6955762505531311,-0.012052410515025258
PPO,45,final,2457,5457,0.09000000000000001,1.0,1.0,0.4021913409233093,-0.0023116666707210243
PPO,45,final,2458,5458,0.09117587327957154,3.0,2.0,0.9399192929267883,-0.07151372148655355
PPO,45,final,2459,5459,0.09000000000000001,1.0,1.0,0.21738842129707336,-0.01220888108946383
PPO,45,final,2460,5460,0.09000000000000001,1.0,1.0,0.1355978548526764,-0.0007784275658195838
PPO,45,final,2461,5461,0.09000000000000001,1.0,1.0,0.3630887567996979,-0.0042968199122697115
PPO,45,final,2462,5462,0.09000000000000001,1.0,1.0,0.22154226899147034,-0.002908043737988919
PPO,45,final,2463,5463,0.09000000000000001,1.0,1.0,0.47432824969291687,-0.01047859387472272
PPO,45,final,2464,5464,0.09000000000000001,1.0,1.0,0.24600009620189667,-0.004649536334909499
PPO,45,final,2465,5465,0.20222641706466676,2.0,2.0,0.9752108454704285,-0.02076568832853809
PPO,45,final,2466,5466,0.3018140268325806,3.0,3.0,0.5704410672187805,-0.01924807345494628
PPO,45,final,2467,5467,0.09000000000000001,1.0,1.0,0.7334202527999878,-0.011785167269408703
PPO,45,final,2468,5468,0.09000000000000001,1.0,1.0,0.6682208180427551,-0.012117416597902775
PPO,45,final,2469,5469,0.09000000000000001,1.0,1.0,0.31703752279281616,-0.011627793777734041
PPO,45,final,2470,5470,0.09000000000000001,1.0,1.0,0.5095508694648743,-0.014016113942489028
PPO,45,final,2471,5471,-0.08893518924713135,3.0,3.0,0.648779571056366,-0.010891205631196499
PPO,45,final,2472,5472,0.278040714263916,3.0,3.0,0.5477872490882874,-0.02585512667428702
PPO,45,final,2473,5473,0.09000000000000001,1.0,1.0,0.8106549978256226,-0.01177816791459918
PPO,45,final,2474,5474,0.09000000000000001,1.0,1.0,0.654680609703064,-0.009961436036974192
PPO,45,final,2475,5475,0.09000000000000001,1.0,1.0,0.7711547613143921,-0.014401220483705401
PPO,45,final,2476,5476,-0.48866658210754393,10.0,2.0,0.7805973291397095,0.08965023793280125
PPO,45,final,2477,5477,0.18240453481674196,2.0,2.0,0.7019356489181519,-0.019920056802220643
PPO,45,final,2478,5478,0.09000000000000001,1.0,1.0,0.8332924246788025,-0.012097728904336691
PPO,45,final,2479,5479,-0.41661285161972045,10.0,2.0,0.885959804058075,0.044527226127684116
PPO,45,final,2480,5480,0.07222481250762941,2.0,2.0,0.7290856242179871,-0.044512989930808544
PPO,45,final,2481,5481,0.09560196518898012,3.0,2.0,0.43994322419166565,-0.02899699949193746
PPO,45,final,2482,5482,0.09000000000000001,1.0,1.0,0.22520802915096283,-0.004553080070763826
PPO,45,final,2483,5483,0.09000000000000001,1.0,1.0,0.6928375363349915,-0.009909458691254258
PPO,45,final,2484,5484,0.1863234829902649,3.0,2.0,0.8611845374107361,-0.02948059089249
PPO,45,final,2485,5485,0.09000000000000001,1.0,1.0,0.1716364324092865,-0.0005705562944058329
PPO,45,final,2486,5486,0.09000000000000001,1.0,1.0,0.635380744934082,-0.006030845572240651
PPO,45,final,2487,5487,0.09000000000000001,1.0,1.0,0.3053988814353943,-0.003980229026637971
PPO,45,final,2488,5488,0.09000000000000001,1.0,1.0,0.2826291024684906,-0.0014458952064160258
PPO,45,final,2489,5489,0.09000000000000001,1.0,1.0,0.6374581456184387,-0.004606559639796615
PPO,45,final,2490,5490,0.09000000000000001,1.0,1.0,0.651208221912384,-0.012765241088345647
PPO,45,final,2491,5491,0.09000000000000001,1.0,1.0,0.4204382002353668,-0.005468958639539778
PPO,45,final,2492,5492,0.15309585809707643,2.0,2.0,0.4660671353340149,-0.06500494736246765
PPO,45,final,2493,5493,0.0670281219482422,2.0,2.0,0.6134090423583984,-0.028611369896680117
PPO,45,final,2494,5494,0.09000000000000001,1.0,1.0,0.7764819264411926,-0.013091414468362927
PPO,45,final,2495,5495,0.09778823137283327,2.0,2.0,0.2612481117248535,-0.0761514991754666
PPO,45,final,2496,5496,0.09000000000000001,1.0,1.0,0.5133242011070251,-0.00930763897486031
PPO,45,final,2497,5497,0.07052181839942934,2.0,2.0,0.4967474043369293,-0.01180954254232347
PPO,45,final,2498,5498,0.08909722089767456,3.0,2.0,0.6193560361862183,-0.039012408116832376
PPO,45,final,2499,5499,0.0768995898962021,2.0,2.0,0.2318345308303833,-0.06132986559532583
PPO,45,final,2500,5500,0.09000000000000001,1.0,1.0,0.09190968424081802,-0.0030776637722738087
PPO,45,final,2501,5501,-0.030637366771697983,2.0,2.0,1.0894204378128052,-0.07772785401903093
PPO,45,final,2502,5502,0.012783126831054703,2.0,2.0,1.151249647140503,-0.006513732951134443
PPO,45,final,2503,5503,0.31797582626342774,3.0,3.0,0.7492987513542175,-0.004405012936331332
PPO,45,final,2504,5504,0.09000000000000001,1.0,1.0,0.569826066493988,-0.006015562219545245
PPO,45,final,2505,5505,0.09000000000000001,1.0,1.0,0.9261730313301086,-0.005181135144084692
PPO,45,final,2506,5506,0.09000000000000001,1.0,1.0,0.5142818689346313,-0.0033469190821051598
PPO,45,final,2507,5507,0.2111088800430298,2.0,2.0,0.9301007986068726,-0.022908543702214956
PPO,45,final,2508,5508,0.19187636852264406,2.0,2.0,1.0652885437011719,-0.028176208143122494
PPO,45,final,2509,5509,0.012063980102539049,5.0,4.0,0.7576563954353333,-0.016798854805529118
PPO,45,final,2510,5510,0.06097609519958498,3.0,3.0,0.6297973990440369,-0.04212710226420313
PPO,45,final,2511,5511,0.09000000000000001,1.0,1.0,0.2129831314086914,-0.0021426776656880975
PPO,45,final,2512,5512,0.10026382088661195,2.0,2.0,0.26198986172676086,-0.053902238607406616
PPO,45,final,2513,5513,0.09000000000000001,1.0,1.0,0.3302710950374603,-0.01129601919092238
PPO,45,final,2514,5514,0.09000000000000001,1.0,1.0,0.09619446843862534,-0.0011732561397366226
PPO,45,final,2515,5515,0.09000000000000001,1.0,1.0,0.09180082380771637,-0.006951012881472707
PPO,45,final,2516,5516,0.09000000000000001,1.0,1.0,0.10884861648082733,-0.010599036933854222
PPO,45,final,2517,5517,0.19785715103149415,4.0,3.0,0.6769332885742188,-0.018508905079215765
PPO,45,final,2518,5518,-0.013018382787704452,2.0,2.0,0.34448403120040894,-0.04688985337270424
PPO,45,final,2519,5519,0.09926881074905397,2.0,2.0,0.7701764702796936,-0.014393667923286557
PPO,45,final,2520,5520,0.09000000000000001,1.0,1.0,0.9868550300598145,-0.012729484355077147
PPO,45,final,2521,5521,0.24422542929649355,2.0,2.0,0.3797473609447479,-0.02007699792739004
PPO,45,final,2522,5522,0.09000000000000001,1.0,1.0,0.11236681044101715,-0.003248759137932211
PPO,45,final,2523,5523,0.1614495086669922,2.0,2.0,0.6597868204116821,-0.036631206050515175
PPO,45,final,2524,5524,0.05795249521732331,2.0,2.0,0.1629197895526886,0.00966195110231638
PPO,45,final,2525,5525,0.09000000000000001,1.0,1.0,1.0017951726913452,-0.012658026767894626
PPO,45,final,2526,5526,0.17433507919311525,2.0,2.0,0.7610162496566772,-0.027351066702976823
PPO,45,final,2527,5527,-0.05160050392150879,5.0,3.0,0.3506179451942444,-0.003379740286618471
PPO,45,final,2528,5528,0.0859049427509308,2.0,2.0,0.46355488896369934,-0.050301055423915386
PPO,45,final,2529,5529,0.04384741187095642,5.0,4.0,0.3306705951690674,-0.03337206819560379
PPO,45,final,2530,5530,0.1789190983772278,4.0,2.0,0.5880842208862305,-0.03992489259690046
PPO,45,final,2531,5531,0.09000000000000001,1.0,1.0,0.5145719647407532,-0.011225491529330611
PPO,45,final,2532,5532,-0.008712990283966049,2.0,2.0,0.9032958149909973,-0.09730497491545975
PPO,45,final,2533,5533,0.09000000000000001,1.0,1.0,0.5295578837394714,-0.013085628859698772
PPO,45,final,2534,5534,0.26031471967697145,2.0,2.0,0.7790727615356445,-0.021510223974473774
PPO,45,final,2535,5535,0.09000000000000001,1.0,1.0,0.4643247723579407,-0.0010268801561323926
PPO,45,final,2536,5536,0.055999534130096444,2.0,2.0,0.41816285252571106,-0.039950362872332335
PPO,45,final,2537,5537,0.09000000000000001,1.0,1.0,0.4549686014652252,-0.013912646099925041
PPO,45,final,2538,5538,0.09000000000000001,1.0,1.0,0.1486930549144745,-0.0013661878474522382
PPO,45,final,2539,5539,0.09000000000000001,1.0,1.0,0.5695273280143738,-0.007416960201226175
PPO,45,final,2540,5540,0.09000000000000001,1.0,1.0,0.13559821248054504,-0.0010670592600945383
PPO,45,final,2541,5541,0.09000000000000001,1.0,1.0,0.5272606015205383,-0.0034260167158208787
PPO,45,final,2542,5542,0.13062639713287355,2.0,2.0,0.7287148237228394,-0.05059971008449793
PPO,45,final,2543,5543,0.04448457479476929,3.0,2.0,0.5174967646598816,-0.026056842412799597
PPO,45,final,2544,5544,0.23712720155715944,2.0,2.0,0.9604142308235168,-0.015500574838370085
PPO,45,final,2545,5545,0.12570574045181274,4.0,2.0,0.7299440503120422,-0.009163062670268118
PPO,45,final,2546,5546,0.09000000000000001,1.0,1.0,0.1855543702840805,-0.0034365237806923687
PPO,45,final,2547,5547,0.09000000000000001,1.0,1.0,0.46099361777305603,-0.011650460539385676
PPO,45,final,2548,5548,0.09000000000000001,1.0,1.0,0.5020298361778259,-0.012821725336834788
PPO,45,final,2549,5549,0.09000000000000001,1.0,1.0,0.7579980492591858,-0.014341841684654355
PPO,45,final,2550,5550,0.2138793706893921,5.0,2.0,1.1746705770492554,-0.022124475450254977
PPO,45,final,2551,5551,0.09000000000000001,1.0,1.0,0.2780999541282654,-0.010443805949762464
PPO,45,final,2552,5552,0.09000000000000001,1.0,1.0,0.10239312797784805,-0.001110041223000735
PPO,45,final,2553,5553,0.09000000000000001,1.0,1.0,0.5627835392951965,-0.011016916017979383
PPO,45,final,2554,5554,0.09547144889831544,3.0,3.0,0.36271119117736816,-0.0532822182867676
PPO,45,final,2555,5555,0.11879631519317628,6.0,2.0,0.6829326748847961,-0.04252147406805307
PPO,45,final,2556,5556,0.3170737099647522,3.0,3.0,0.5566471219062805,-0.0027656948659569025
PPO,45,final,2557,5557,0.09578709483146669,2.0,2.0,0.26330333948135376,-0.034478914458304644
PPO,45,final,2558,5558,0.09000000000000001,1.0,1.0,0.4333631098270416,-0.01359874987974763
PPO,45,final,2559,5559,0.09000000000000001,1.0,1.0,0.439161092042923,-0.011691613122820854
PPO,45,final,2560,5560,0.07367052316665651,2.0,2.0,0.9274085760116577,-0.02876399306114763
PPO,45,final,2561,5561,0.09000000000000001,1.0,1.0,0.3787150979042053,-0.010844356147572398
PPO,45,final,2562,5562,0.09000000000000001,1.0,1.0,0.49362102150917053,-0.011976043693721294
PPO,45,final,2563,5563,0.09000000000000001,1.0,1.0,0.2761313021183014,-0.0008171083754859865
PPO,45,final,2564,5564,0.1786648499965668,2.0,2.0,0.43432071805000305,-0.047678557923063636
PPO,45,final,2565,5565,0.30966331243515016,2.0,2.0,0.7943925261497498,-0.028909557149745524
PPO,45,final,2566,5566,0.09000000000000001,1.0,1.0,0.7824206948280334,-0.008550402708351612
PPO,45,final,2567,5567,0.09000000000000001,1.0,1.0,0.16092289984226227,-0.005540164420381188
PPO,45,final,2568,5568,0.09000000000000001,1.0,1.0,0.17331314086914062,-0.0014512167253997177
PPO,45,final,2569,5569,0.11308698534965517,2.0,2.0,0.4633321464061737,-0.010000271257013083
PPO,45,final,2570,5570,0.09000000000000001,1.0,1.0,0.24638329446315765,-0.0064987014047801495
PPO,45,final,2571,5571,0.09000000000000001,1.0,1.0,0.1774677187204361,-0.009238425875082612
PPO,45,final,2572,5572,0.09000000000000001,1.0,1.0,0.42592939734458923,-0.014491312438622117
PPO,45,final,2573,5573,0.09000000000000001,1.0,1.0,0.6351000666618347,-0.008151250192895532
PPO,45,final,2574,5574,0.04435750007629395,4.0,2.0,0.3309236168861389,-0.06930992007255554
PPO,45,final,2575,5575,-0.1738122034072876,8.0,4.0,0.7241089940071106,-0.03641371079720557
PPO,45,final,2576,5576,0.07221503734588625,2.0,2.0,0.7230208516120911,-0.04868037975393236
PPO,45,final,2577,5577,0.1830104160308838,2.0,2.0,0.7295154929161072,0.0038640748243778944
PPO,45,final,2578,5578,0.07464620649814607,2.0,2.0,0.22024638950824738,-0.02741972799412906
PPO,45,final,2579,5579,0.07339926242828371,2.0,2.0,1.237156629562378,-0.027324283146299422
PPO,45,final,2580,5580,0.09000000000000001,1.0,1.0,0.2954994738101959,-0.011195815168321133
PPO,45,final,2581,5581,0.45276124954223634,2.0,2.0,0.7741752862930298,0.027636367827653885
PPO,45,final,2582,5582,0.07437905102968217,2.0,2.0,0.12260327488183975,-0.028821087849792093
PPO,45,final,2583,5583,0.09000000000000001,1.0,1.0,0.3763265609741211,-0.0094607078935951
PPO,45,final,2584,5584,-0.021535558700561508,2.0,2.0,0.4092540442943573,-0.0600624477956444
PPO,45,final,2585,5585,0.0830033588409424,2.0,2.0,0.7899032235145569,-0.07324099855031818
PPO,45,final,2586,5586,0.09000000000000001,1.0,1.0,0.13536407053470612,-0.0016179129597730935
PPO,45,final,2587,5587,0.223962562084198,2.0,2.0,0.591759979724884,-0.013223971123807132
PPO,45,final,2588,5588,0.09000000000000001,1.0,1.0,0.7500028014183044,-0.010024558985605836
PPO,45,final,2589,5589,0.09000000000000001,1.0,1.0,0.637363851070404,-0.01054534176364541
PPO,45,final,2590,5590,-0.054271229505538934,4.0,2.0,0.38450029492378235,-0.012352836551144719
PPO,45,final,2591,5591,0.09000000000000001,1.0,1.0,0.24516186118125916,-0.009138251887634397
PPO,45,final,2592,5592,0.09000000000000001,1.0,1.0,0.3714565336704254,-0.007401523995213211
PPO,45,final,2593,5593,0.04879836916923524,2.0,2.0,0.3001456558704376,-0.04476769873872399
PPO,45,final,2594,5594,0.0815503764152527,2.0,2.0,0.23762156069278717,-0.0637779631651938
PPO,45,final,2595,5595,0.2140775489807129,2.0,2.0,0.6367785334587097,-0.029701226972974837
PPO,45,final,2596,5596,0.09000000000000001,1.0,1.0,0.441110759973526,-0.006648332695476711
PPO,45,final,2597,5597,0.1431205439567566,2.0,2.0,0.7464255094528198,-0.008936060301493853
PPO,45,final,2598,5598,0.09000000000000001,1.0,1.0,0.2445140928030014,-0.0036801309906877577
PPO,45,final,2599,5599,0.09000000000000001,1.0,1.0,0.5933542251586914,-0.009810362244024873
PPO,45,final,2600,5600,0.09000000000000001,1.0,1.0,0.7588695883750916,-0.00851712329313159
PPO,45,final,2601,5601,-0.18314871311187741,7.0,2.0,0.8220467567443848,-0.0215157528873533
PPO,45,final,2602,5602,0.09000000000000001,1.0,1.0,0.36503180861473083,-0.005064056138508022
PPO,45,final,2603,5603,0.09000000000000001,1.0,1.0,0.391920804977417,-0.00651761400513351
PPO,45,final,2604,5604,0.09000000000000001,1.0,1.0,0.9189724326133728,-0.010169267887249589
PPO,45,final,2605,5605,0.09000000000000001,1.0,1.0,0.6128584742546082,-0.0022054158616811037
PPO,45,final,2606,5606,0.09000000000000001,1.0,1.0,0.26187703013420105,-0.0009162487694993615
PPO,45,final,2607,5607,0.13814296007156374,2.0,2.0,0.38509371876716614,-0.03763033761060797
PPO,45,final,2608,5608,0.09000000000000001,1.0,1.0,0.6220630407333374,-0.010698998812586069
PPO,45,final,2609,5609,0.09000000000000001,1.0,1.0,0.5381705164909363,-0.008184292819350958
PPO,45,final,2610,5610,0.09000000000000001,1.0,1.0,0.1402728110551834,-0.002360670012421906
PPO,45,final,2611,5611,0.006146211624145512,3.0,2.0,0.741432249546051,-0.033888671081513166
PPO,45,final,2612,5612,-0.030812544822692856,2.0,2.0,0.48768824338912964,-0.02949314971920103
PPO,45,final,2613,5613,0.08113052129745485,2.0,2.0,0.5094799399375916,-0.09188578464090824
PPO,45,final,2614,5614,0.053339855670928964,2.0,2.0,0.5664595365524292,-0.07349266886012629
PPO,45,final,2615,5615,0.3375037479400635,2.0,2.0,0.6717677712440491,0.017140861600637436
PPO,45,final,2616,5616,0.14799161434173586,2.0,2.0,0.7314758896827698,-0.016577405971474946
PPO,45,final,2617,5617,0.09000000000000001,1.0,1.0,0.4229717254638672,-0.00368177006021142
PPO,45,final,2618,5618,0.09000000000000001,1.0,1.0,0.3867920935153961,-0.002423719270154834
PPO,45,final,2619,5619,0.09000000000000001,1.0,1.0,0.26890435814857483,-0.0004796462453668937
PPO,45,final,2620,5620,0.09000000000000001,1.0,1.0,0.643399178981781,-0.010286753065884113
PPO,45,final,2621,5621,0.09000000000000001,1.0,1.0,0.8560894727706909,-0.01014637527987361
PPO,45,final,2622,5622,0.09000000000000001,1.0,1.0,0.4314708113670349,-0.0036438837996684015
PPO,45,final,2623,5623,0.09000000000000001,1.0,1.0,0.18894244730472565,-0.004497476737014949
PPO,45,final,2624,5624,0.09000000000000001,1.0,1.0,0.42488980293273926,-0.0019243639253545552
PPO,45,final,2625,5625,0.09000000000000001,1.0,1.0,0.8798928260803223,-0.00949084060266614
PPO,45,final,2626,5626,0.09000000000000001,1.0,1.0,0.9985504746437073,-0.008820245042443275
PPO,45,final,2627,5627,0.09000000000000001,1.0,1.0,0.7363519668579102,-0.007789121940732002
PPO,45,final,2628,5628,0.09000000000000001,1.0,1.0,0.2059132158756256,-0.00045177093852544203
PPO,45,final,2629,5629,0.09000000000000001,1.0,1.0,1.0341873168945312,-0.00879402318969369
PPO,45,final,2630,5630,0.09000000000000001,1.0,1.0,0.32906684279441833,-0.005311510874889791
PPO,45,final,2631,5631,0.09000000000000001,1.0,1.0,0.6396098732948303,-0.008995572570711374
PPO,45,final,2632,5632,0.09000000000000001,1.0,1.0,0.17471230030059814,-0.0052993507124483585
PPO,45,final,2633,5633,0.09000000000000001,1.0,1.0,0.0620783232152462,-0.0012029660574626178
PPO,45,final,2634,5634,0.09000000000000001,1.0,1.0,0.07373807579278946,-0.0007130849116947502
PPO,45,final,2635,5635,0.09000000000000001,1.0,1.0,0.10797250270843506,-0.00048454311036039144
PPO,45,final,2636,5636,0.09000000000000001,1.0,1.0,0.510147750377655,-0.006233253516256809
PPO,45,final,2637,5637,0.02118779897689821,2.0,2.0,0.3640662729740143,-0.009731233352795243
PPO,45,final,2638,5638,0.09000000000000001,1.0,1.0,0.06277984380722046,-0.00013040989870205522
PPO,45,final,2639,5639,0.10336549758911134,2.0,2.0,0.6120838522911072,-0.0671576363965869
PPO,45,final,2640,5640,0.09000000000000001,1.0,1.0,0.4934060275554657,-0.004198652226477861
PPO,45,final,2641,5641,0.09000000000000001,1.0,1.0,0.07984773069620132,-0.0013200164248701185
PPO,45,final,2642,5642,0.09000000000000001,1.0,1.0,0.22134068608283997,-0.0037746833404526114
PPO,45,final,2643,5643,0.09000000000000001,1.0,1.0,1.1082020998001099,-0.011786706512793899
PPO,45,final,2644,5644,0.10290910482406618,2.0,2.0,0.6937597990036011,-0.015032764058560133
PPO,45,final,2645,5645,0.09000000000000001,1.0,1.0,0.8322348594665527,-0.012144542066380382
PPO,45,final,2646,5646,0.09000000000000001,1.0,1.0,0.4198964536190033,-0.009573084535077214
PPO,45,final,2647,5647,0.09000000000000001,1.0,1.0,0.3470049500465393,-0.007025913568213582
PPO,45,final,2648,5648,0.09000000000000001,1.0,1.0,0.49602195620536804,-0.00936805410310626
PPO,45,final,2649,5649,0.09000000000000001,1.0,1.0,0.13494917750358582,-0.008578518405556679
PPO,45,final,2650,5650,0.09000000000000001,1.0,1.0,0.7271618843078613,-0.009574735071510077
PPO,45,final,2651,5651,-0.1708994960784912,6.0,3.0,0.7958287000656128,0.0010369825176894665
PPO,45,final,2652,5652,0.09000000000000001,1.0,1.0,0.9216073751449585,-0.009467346593737602
PPO,45,final,2653,5653,0.09000000000000001,1.0,1.0,0.18407179415225983,-0.003350783255882561
PPO,45,final,2654,5654,0.09000000000000001,1.0,1.0,0.3094668388366699,-0.004880331107415259
PPO,45,final,2655,5655,0.09000000000000001,1.0,1.0,0.5229620337486267,-0.006453411071561277
PPO,45,final,2656,5656,0.09000000000000001,1.0,1.0,0.4040811359882355,-0.007279428420588374
PPO,45,final,2657,5657,0.09000000000000001,1.0,1.0,0.899817168712616,-0.012621604138985276
PPO,45,final,2658,5658,0.09000000000000001,1.0,1.0,0.3238029479980469,-0.009234762750566006
PPO,45,final,2659,5659,0.09000000000000001,1.0,1.0,0.06701990216970444,-0.0007066932594170794
PPO,45,final,2660,5660,0.16789884090423585,3.0,3.0,0.5493651032447815,-0.059936991427093744
PPO,45,final,2661,5661,0.1291812825202942,2.0,2.0,0.8252007365226746,-0.08051752718165517
PPO,45,final,2662,5662,0.09000000000000001,1.0,1.0,0.15050403773784637,-0.00800897553563118
PPO,45,final,2663,5663,0.09000000000000001,1.0,1.0,0.4667699337005615,-0.001520194549812004
PPO,45,final,2664,5664,0.12517030954360964,3.0,2.0,0.5167962312698364,-0.03533933754079044
PPO,45,final,2665,5665,0.09000000000000001,1.0,1.0,0.2442624717950821,-0.0005170058866497129
PPO,45,final,2666,5666,0.050442106723785414,3.0,3.0,1.000720500946045,-0.022417065454646945
PPO,45,final,2667,5667,0.17957510232925417,2.0,2.0,0.6344302892684937,-0.02638923900667578
PPO,45,final,2668,5668,0.0973969864845276,2.0,2.0,0.3522214889526367,-0.04953878652304411
PPO,45,final,2669,5669,0.09000000000000001,1.0,1.0,0.7391023635864258,-0.010417252779006958
PPO,45,final,2670,5670,0.09000000000000001,1.0,1.0,0.9398991465568542,-0.013900560094043612
PPO,45,final,2671,5671,0.09000000000000001,1.0,1.0,0.35169604420661926,-0.004409426939673722
PPO,45,final,2672,5672,0.09000000000000001,1.0,1.0,0.13001838326454163,-0.005487164948135614
PPO,45,final,2673,5673,-0.43132035732269286,10.0,2.0,0.7897400856018066,0.08333519287407398
PPO,45,final,2674,5674,0.17388962388038637,2.0,2.0,0.23812344670295715,-0.06315847020596266
PPO,45,final,2675,5675,0.09000000000000001,1.0,1.0,0.15571878850460052,-0.01001920341514051
PPO,45,final,2676,5676,-0.07855328023433684,5.0,2.0,0.14571510255336761,-0.02781251713167876
PPO,45,final,2677,5677,0.07986459851264954,3.0,3.0,0.314081609249115,-0.028305692016147077
PPO,45,final,2678,5678,0.09000000000000001,1.0,1.0,0.148701474070549,-0.002637809608131647
PPO,45,final,2679,5679,0.09000000000000001,1.0,1.0,0.24129851162433624,-0.013263586210086942
PPO,45,final,2680,5680,0.09000000000000001,1.0,1.0,0.4908253252506256,-0.010238999268040061
PPO,45,final,2681,5681,0.1068371105194092,2.0,2.0,0.6243506669998169,-0.07952934200875461
PPO,45,final,2682,5682,-0.18578359127044675,9.0,2.0,0.7925885915756226,-0.02298090234398842
PPO,45,final,2683,5683,-0.3729286432266235,10.0,2.0,0.6388298273086548,0.016772343253251165
PPO,45,final,2684,5684,0.03732377469539643,2.0,2.0,0.19618426263332367,-0.09501456865109503
PPO,45,final,2685,5685,0.09000000000000001,1.0,1.0,0.2517816126346588,-0.006297815125435591
PPO,45,final,2686,5686,0.1602338719367981,2.0,2.0,0.7830036878585815,-0.009949550847522914
PPO,45,final,2687,5687,0.11226205706596376,2.0,2.0,0.13026167452335358,-0.07582472870126367
PPO,45,final,2688,5688,0.09915478706359865,2.0,2.0,1.0571770668029785,-0.07432057411642745
PPO,45,final,2689,5689,0.3485014009475708,2.0,2.0,0.509365975856781,-0.025565204909071326
PPO,45,final,2690,5690,0.09058544591069223,2.0,2.0,0.05853493884205818,0.0009807904716581106
PPO,45,final,2691,5691,-0.5019306421279908,10.0,2.0,1.2692921161651611,0.0784655399620533
PPO,45,final,2692,5692,-0.45521833300590514,10.0,2.0,0.44076940417289734,0.07315172627568245
PPO,45,final,2693,5693,0.12855863749980928,2.0,2.0,0.13142827153205872,-0.07643419899977744
PPO,45,final,2694,5694,-0.0914325475692749,5.0,2.0,0.6020631790161133,-0.005485590314492583
PPO,45,final,2695,5695,-0.32462015151977536,10.0,2.0,0.1506902426481247,-0.009804132161661983
PPO,45,final,2696,5696,-0.4461108922958374,10.0,2.0,0.5074355602264404,0.05980726331472397
PPO,45,final,2697,5697,-0.3310790300369263,10.0,2.0,0.6223711371421814,-0.011992346029728651
PPO,45,final,2698,5698,-0.04976362526416776,4.0,3.0,0.2864341139793396,-0.03187030740082264
PPO,45,final,2699,5699,-0.39915184974670415,10.0,2.0,0.7995821833610535,0.04911508318036795
PPO,45,final,2700,5700,-0.6530032336711885,10.0,2.0,0.43489837646484375,0.04902513325214386
PPO,45,final,2701,5701,0.09000000000000001,1.0,1.0,0.6713420748710632,-0.0009905481711030006
PPO,45,final,2702,5702,0.17571753442287447,2.0,2.0,0.24415050446987152,0.0019871221156790853
PPO,45,final,2703,5703,-0.4012660264968872,10.0,2.0,0.6972978711128235,-0.018756719771772623
PPO,45,final,2704,5704,-0.01028883039951324,3.0,2.0,0.24745747447013855,0.0042041020933538675
PPO,45,final,2705,5705,0.16704227209091188,2.0,2.0,0.818202555179596,0.004204665194265544
PPO,45,final,2706,5706,-0.46049808263778685,10.0,2.0,0.29246315360069275,0.02941641164943576
PPO,45,final,2707,5707,-0.4558234691619873,10.0,2.0,0.6600574254989624,0.040234253741800785
PPO,45,final,2708,5708,-0.45314406156539916,10.0,2.0,0.7317072153091431,0.0388123095035553
PPO,45,final,2709,5709,0.018154995441436783,2.0,2.0,0.7790738344192505,-0.0547228924697265
PPO,45,final,2710,5710,-0.5504580616950989,10.0,2.0,0.8693286776542664,0.038413106463849545
PPO,45,final,2711,5711,0.09000000000000001,1.0,1.0,0.38352033495903015,0.0017880273517221212
PPO,45,final,2712,5712,-0.12164959907531737,5.0,2.0,0.5856455564498901,-0.045465363655239344
PPO,45,final,2713,5713,-0.3487143397331238,10.0,2.0,0.7120552659034729,0.02921024151146412
PPO,45,final,2714,5714,0.09000000000000001,1.0,1.0,0.8911673426628113,0.007741117151454091
PPO,45,final,2715,5715,0.11845980763435365,2.0,2.0,0.4415862262248993,-0.033137611811980605
PPO,45,final,2716,5716,0.09000000000000001,1.0,1.0,0.31857118010520935,0.005999201443046331
PPO,45,final,2717,5717,0.17386967658996583,3.0,3.0,0.659906804561615,-0.016457522520795465
PPO,45,final,2718,5718,0.07720815062522889,3.0,2.0,0.13570953905582428,0.0021428558975458145
PPO,45,final,2719,5719,0.2340728807449341,2.0,2.0,0.3352341949939728,-0.03368901275098324
PPO,45,final,2720,5720,-0.1465534996986389,7.0,3.0,0.21785657107830048,-0.020298600778914988
PPO,45,final,2721,5721,-0.6627155423164369,10.0,2.0,1.091664433479309,0.04812964331358671
PPO,45,final,2722,5722,0.049259917736053475,2.0,2.0,0.29022860527038574,-0.0312302450183779
PPO,45,final,2723,5723,0.01149585485458375,6.0,2.0,0.3520354628562927,-0.022835040115751326
PPO,45,final,2724,5724,-0.7868898391723635,10.0,2.0,0.8472256064414978,0.05469727888703346
PPO,45,final,2725,5725,0.07556922912597658,2.0,2.0,0.6111791729927063,-0.06236648978665471
PPO,45,final,2726,5726,0.11636306524276735,2.0,2.0,0.299318790435791,0.007741528796032071
PPO,45,final,2727,5727,-0.5174578905105591,10.0,2.0,1.2279025316238403,0.0378929665312171
PPO,45,final,2728,5728,-0.022103173732757553,2.0,2.0,0.699055552482605,-0.058214911725372076
PPO,45,final,2729,5729,0.008337576389312748,3.0,2.0,0.6227922439575195,-0.04940026975236833
PPO,45,final,2730,5730,0.008778469562530533,2.0,2.0,0.6924836039543152,-0.09740811609663069
PPO,45,final,2731,5731,0.11965257108211519,2.0,2.0,0.1524796187877655,-0.026159389410167933
PPO,45,final,2732,5732,0.27512349367141725,2.0,2.0,0.8159766793251038,0.030281246174126863
PPO,45,final,2733,5733,0.09757806539535524,2.0,2.0,0.5747197866439819,-0.0412372222635895
PPO,45,final,2734,5734,-0.010255098342895508,5.0,4.0,0.4773929715156555,-0.017389168264344335
PPO,45,final,2735,5735,0.11541957378387453,3.0,3.0,1.3395309448242188,-0.04694138700142503
PPO,45,final,2736,5736,0.09000000000000001,1.0,1.0,0.3916485011577606,0.00789391272701323
PPO,45,final,2737,5737,0.09000000000000001,1.0,1.0,0.15410354733467102,0.00868523120880127
PPO,45,final,2738,5738,0.1472451603412628,4.0,2.0,0.44211891293525696,-0.04465892515145242
PPO,45,final,2739,5739,0.09000000000000001,1.0,1.0,0.25462695956230164,-0.0033254295121878386
PPO,45,final,2740,5740,0.09000000000000001,1.0,1.0,0.35442763566970825,-0.00038203177973628044
PPO,45,final,2741,5741,0.09000000000000001,1.0,1.0,0.2466132789850235,-0.001667393371462822
PPO,45,final,2742,5742,0.09000000000000001,1.0,1.0,0.17512807250022888,0.0010949433781206608
PPO,45,final,2743,5743,0.09000000000000001,1.0,1.0,0.5123121738433838,-0.0073629290563985705
PPO,45,final,2744,5744,0.09000000000000001,1.0,1.0,0.28218886256217957,-0.006972437025979161
PPO,45,final,2745,5745,-0.0684738039970398,5.0,3.0,0.5938041806221008,-0.116388721158728
PPO,45,final,2746,5746,0.09000000000000001,1.0,1.0,0.15048269927501678,-0.0025560539215803146
PPO,45,final,2747,5747,0.09000000000000001,1.0,1.0,0.8613449335098267,-0.009685758268460631
PPO,45,final,2748,5748,0.07291908979415895,3.0,2.0,0.8532835841178894,-0.04511249950155616
PPO,45,final,2749,5749,0.09000000000000001,1.0,1.0,0.5596650838851929,-0.008922904264181852
PPO,45,final,2750,5750,0.04243721246719361,2.0,2.0,0.9070695638656616,-0.09635486686602235
PPO,45,final,2751,5751,0.09000000000000001,1.0,1.0,0.42764732241630554,-0.0024343999684788287
PPO,45,final,2752,5752,0.18309337615966798,3.0,3.0,0.8182342648506165,-0.02129825297743082
PPO,45,final,2753,5753,0.09000000000000001,1.0,1.0,0.43581506609916687,-0.006508245947770774
PPO,45,final,2754,5754,-0.062165415287017814,5.0,2.0,0.3779577314853668,-0.04600739374291152
PPO,45,final,2755,5755,0.09000000000000001,1.0,1.0,1.2199565172195435,-0.011907758191227913
PPO,45,final,2756,5756,0.09000000000000001,1.0,1.0,0.32364320755004883,-0.007292601396329701
PPO,45,final,2757,5757,0.09336306333541872,2.0,2.0,0.5031535625457764,-0.017566712223924696
PPO,45,final,2758,5758,0.09000000000000001,1.0,1.0,0.42876389622688293,-0.00952157168649137
PPO,45,final,2759,5759,0.18556434631347657,3.0,3.0,0.5330453515052795,-0.01989035587757826
PPO,45,final,2760,5760,0.09000000000000001,1.0,1.0,0.3167497217655182,-0.004358913283795118
PPO,45,final,2761,5761,0.023518042564392105,2.0,2.0,0.5675449967384338,-0.02327416487969458
PPO,45,final,2762,5762,-0.09797565460205078,7.0,3.0,1.3128993511199951,-0.017169322003610432
PPO,45,final,2763,5763,0.12019588232040407,2.0,2.0,0.5410438179969788,-0.016067667631432414
PPO,45,final,2764,5764,0.040054993629455575,2.0,2.0,0.8696869611740112,-0.015448941849172115
PPO,45,final,2765,5765,0.09000000000000001,1.0,1.0,0.09087669849395752,-0.008369067683815956
PPO,45,final,2766,5766,0.09000000000000001,1.0,1.0,0.2764342129230499,-0.00708564673550427
PPO,45,final,2767,5767,0.09000000000000001,1.0,1.0,0.22830656170845032,-0.0023552614147774875
PPO,45,final,2768,5768,0.09000000000000001,1.0,1.0,0.8204544186592102,-0.013708488550037146
PPO,45,final,2769,5769,0.09000000000000001,1.0,1.0,0.2558896243572235,-0.009483509697020054
PPO,45,final,2770,5770,0.09000000000000001,1.0,1.0,0.3667457401752472,-0.0010127271962119266
PPO,45,final,2771,5771,0.1589679288864136,2.0,2.0,0.7378131747245789,-0.03317666845396161
PPO,45,final,2772,5772,0.09000000000000001,1.0,1.0,0.9619203805923462,-0.011785857612267137
PPO,45,final,2773,5773,0.09000000000000001,1.0,1.0,1.1708621978759766,-0.014785456703975797
PPO,45,final,2774,5774,0.09000000000000001,1.0,1.0,0.3244626820087433,-0.012634869199246168
PPO,45,final,2775,5775,0.170396523475647,2.0,2.0,0.7694485783576965,-0.025849637342616916
PPO,45,final,2776,5776,0.09000000000000001,1.0,1.0,0.5286980867385864,-0.012092079035937786
PPO,45,final,2777,5777,0.23658658742904665,2.0,2.0,0.8492984175682068,-0.07615332351997495
PPO,45,final,2778,5778,0.21246124982833864,2.0,2.0,0.6622732877731323,-0.035152306547388434
PPO,45,final,2779,5779,0.04310962736606599,2.0,2.0,0.16485007107257843,0.004438414704054594
PPO,45,final,2780,5780,0.019627826213836685,2.0,2.0,0.6149334907531738,-0.07483164896257222
PPO,45,final,2781,5781,0.054498942494392404,2.0,2.0,0.1131734773516655,-0.039869536412879825
PPO,45,final,2782,5782,-0.4149412894248961,9.0,3.0,0.688327431678772,0.015461823670193553
PPO,45,final,2783,5783,0.09000000000000001,1.0,1.0,0.8706791996955872,-0.015177933732047677
PPO,45,final,2784,5784,0.09000000000000001,1.0,1.0,0.6668214797973633,-0.014412221731618047
PPO,45,final,2785,5785,0.09000000000000001,1.0,1.0,0.9532395601272583,-0.01436412800103426
PPO,45,final,2786,5786,0.09000000000000001,1.0,1.0,0.8943155407905579,-0.014458670048043132
PPO,45,final,2787,5787,0.08248998403549196,2.0,2.0,0.8846276998519897,-0.07843308057636023
PPO,45,final,2788,5788,0.09000000000000001,1.0,1.0,0.1826174259185791,-0.009461092529818416
PPO,45,final,2789,5789,0.08189200043678285,2.0,2.0,0.36365416646003723,-0.05956966313533485
PPO,45,final,2790,5790,0.12207426309585573,2.0,2.0,0.834416925907135,-0.00618672464042902
PPO,45,final,2791,5791,0.09000000000000001,1.0,1.0,0.6558165550231934,-0.009956078603863716
PPO,45,final,2792,5792,0.09000000000000001,1.0,1.0,0.8988772034645081,-0.010678839171305299
PPO,45,final,2793,5793,-0.004907767772674557,3.0,2.0,0.3135465979576111,-0.018578454852104187
PPO,45,final,2794,5794,0.11308290243148805,2.0,2.0,0.6022934913635254,-0.014258780749514699
PPO,45,final,2795,5795,0.06880124330520632,3.0,2.0,0.6455789804458618,-0.030276177218183875
PPO,45,final,2796,5796,0.09000000000000001,1.0,1.0,0.7794868350028992,-0.013983296928927302
PPO,45,final,2797,5797,0.156579749584198,2.0,2.0,0.9847452044487,-0.072190145496279
PPO,45,final,2798,5798,0.09000000000000001,1.0,1.0,1.0241003036499023,-0.002294491947395727
PPO,45,final,2799,5799,0.02435090303421021,4.0,2.0,0.6554603576660156,-0.020657904678955674
PPO,45,final,2800,5800,0.09000000000000001,1.0,1.0,0.7012432217597961,-0.014350732089951634
PPO,45,final,2801,5801,0.06254725337028505,2.0,2.0,0.3913417160511017,-0.033668848453089595
PPO,45,final,2802,5802,0.09000000000000001,1.0,1.0,0.7779974341392517,-0.014617274515330791
PPO,45,final,2803,5803,0.24568684577941896,2.0,2.0,0.8074556589126587,-0.008596515865065157
PPO,45,final,2804,5804,-0.19292543113231658,3.0,3.0,0.4972611367702484,-0.07042331853881478
PPO,45,final,2805,5805,0.04641433238983155,2.0,2.0,0.5792177319526672,-0.012439811136573553
PPO,45,final,2806,5806,0.09000000000000001,1.0,1.0,0.30535754561424255,-0.004293358419090509
PPO,45,final,2807,5807,0.09000000000000001,1.0,1.0,0.648326575756073,-0.012863799463957548
PPO,45,final,2808,5808,0.09000000000000001,1.0,1.0,0.4932401478290558,-0.013831153744831681
PPO,45,final,2809,5809,0.09000000000000001,1.0,1.0,0.297921359539032,-0.0024829907924868166
PPO,45,final,2810,5810,0.09000000000000001,1.0,1.0,0.8008618354797363,-0.011924577876925468
PPO,45,final,2811,5811,0.024592075943946856,3.0,2.0,0.17948956787586212,-0.027252252446487546
PPO,45,final,2812,5812,0.09000000000000001,1.0,1.0,0.5609918832778931,-0.009069632738828659
PPO,45,final,2813,5813,0.09000000000000001,1.0,1.0,0.6322857141494751,-0.0033092728699557483
PPO,45,final,2814,5814,0.09000000000000001,1.0,1.0,0.23140859603881836,-0.008343168999999762
PPO,45,final,2815,5815,0.11523746132850649,2.0,2.0,0.28428882360458374,-0.010748840752057731
PPO,45,final,2816,5816,0.15047790288925172,2.0,2.0,0.8999366164207458,-0.06202236097306013
PPO,45,final,2817,5817,-0.5619425058364869,10.0,2.0,1.0117621421813965,0.09167606383562088
PPO,45,final,2818,5818,0.09000000000000001,1.0,1.0,0.26610660552978516,-0.009027565829455853
PPO,45,final,2819,5819,-0.4226363563537598,9.0,2.0,0.8918122053146362,0.01238546019885689
PPO,45,final,2820,5820,0.17749072790145876,2.0,2.0,0.9011979699134827,-0.07027107500471175
PPO,45,final,2821,5821,0.09000000000000001,1.0,1.0,0.11422599107027054,-0.007858274970203638
PPO,45,final,2822,5822,0.09000000000000001,1.0,1.0,0.7384564280509949,-0.007436315412633121
PPO,45,final,2823,5823,0.09000000000000001,1.0,1.0,0.12599872052669525,-0.004683105158619583
PPO,45,final,2824,5824,0.10262191474437715,2.0,2.0,0.12296052277088165,-0.05715850577689707
PPO,45,final,2825,5825,0.07628805398941041,4.0,3.0,0.7280973792076111,-0.02400847664102912
PPO,45,final,2826,5826,0.04205659985542298,4.0,3.0,0.41061440110206604,-0.036498430417850614
PPO,45,final,2827,5827,0.10805709838867189,2.0,2.0,0.9521163702011108,-0.06339896854478866
PPO,45,final,2828,5828,0.11750571608543398,2.0,2.0,0.35096630454063416,-0.02664894436020404
PPO,45,final,2829,5829,0.013544993400573746,2.0,2.0,0.7415533065795898,-0.07237514341250062
PPO,45,final,2830,5830,0.09000000000000001,1.0,1.0,0.7370609045028687,-0.012856321409344673
PPO,45,final,2831,5831,0.09032746076583863,3.0,2.0,0.6105398535728455,-0.060400357469916344
PPO,45,final,2832,5832,0.1722919511795044,2.0,2.0,0.513649046421051,-0.07225502969231457
PPO,45,final,2833,5833,0.09000000000000001,1.0,1.0,1.0200159549713135,-0.010091837029904127
PPO,45,final,2834,5834,0.09472228765487672,2.0,2.0,0.6979163885116577,-0.05835924332495779
PPO,45,final,2835,5835,-0.5264641523361206,10.0,2.0,0.8249235153198242,0.08135730773210526
PPO,45,final,2836,5836,-0.5329645156860352,10.0,2.0,0.9049557447433472,0.07976173795759678
PPO,45,final,2837,5837,-0.5273553907871247,10.0,2.0,0.3907284438610077,0.07542201690375805
PPO,45,final,2838,5838,0.12430297017097475,2.0,2.0,0.3767053782939911,-0.12074957112781703
PPO,45,final,2839,5839,-0.2198564541339874,7.0,3.0,0.3514612019062042,-0.0034774269443005323
PPO,45,final,2840,5840,0.03887964963912965,2.0,2.0,0.8791056871414185,-0.08849869342520833
PPO,45,final,2841,5841,-0.5355229258537293,10.0,2.0,0.5968330502510071,0.03999583376571536
PPO,45,final,2842,5842,0.09000000000000001,1.0,1.0,0.14908821880817413,0.0372743122279644
PPO,45,final,2843,5843,-0.3764415264129639,10.0,2.0,1.0978399515151978,0.02944796672090888
PPO,45,final,2844,5844,0.09248562335968019,2.0,2.0,0.5541996359825134,-0.05767448106780648
PPO,45,final,2845,5845,-0.2534287571907044,10.0,3.0,0.7067097425460815,-0.015876653138548136
PPO,45,final,2846,5846,-0.5641525089740754,10.0,3.0,0.4097898304462433,0.009536350728012621
PPO,45,final,2847,5847,-0.00880686521530151,3.0,2.0,0.62393718957901,0.0017564762383699417
PPO,45,final,2848,5848,0.15116108179092408,3.0,3.0,0.7170077562332153,-0.015174809843301773
PPO,45,final,2849,5849,-0.16912887096405027,10.0,3.0,0.5157552361488342,-0.029090534895658493
PPO,45,final,2850,5850,0.10843164443969727,3.0,3.0,0.7227476835250854,-0.052280443953350186
PPO,45,final,2851,5851,-0.5663682699203492,10.0,2.0,0.7839279174804688,0.03499216586351395
PPO,45,final,2852,5852,-0.45738195180892943,10.0,2.0,0.8114061951637268,0.02237374847754836
PPO,45,final,2853,5853,0.12259642958641054,2.0,2.0,0.3477748930454254,-0.009843867272138596
PPO,45,final,2854,5854,-0.08198418498039246,3.0,3.0,0.5025716423988342,0.022897250251844525
PPO,45,final,2855,5855,0.09000000000000001,1.0,1.0,0.39508023858070374,0.038214998319745064
PPO,45,final,2856,5856,-0.05843304872512818,8.0,4.0,0.41592544317245483,-0.03914151666685939
PPO,45,final,2857,5857,-0.48859922885894774,10.0,2.0,0.9318394064903259,0.04742551874369383
PPO,45,final,2858,5858,-0.41107255220413214,10.0,3.0,0.6062197089195251,0.008305992232635617
PPO,45,final,2859,5859,0.15027867436408998,2.0,2.0,0.2565215229988098,0.0009188710246235132
PPO,45,final,2860,5860,-0.07898090600967407,2.0,2.0,0.3098002076148987,-0.011189124430529773
PPO,45,final,2861,5861,0.09000000000000001,1.0,1.0,0.4691920578479767,-0.005355137516744435
PPO,45,final,2862,5862,0.09000000000000001,1.0,1.0,0.5031645894050598,-0.0064798552775755525
PPO,45,final,2863,5863,0.06404297769069672,3.0,3.0,0.19919180870056152,-0.022273660986684263
PPO,45,final,2864,5864,0.27455307722091676,2.0,2.0,0.5966072082519531,0.021181704942137003
PPO,45,final,2865,5865,0.09000000000000001,1.0,1.0,0.16948258876800537,-0.0045204757479950786
PPO,45,final,2866,5866,0.2368327844142914,2.0,2.0,0.4553968608379364,-0.03019892913289368
PPO,45,final,2867,5867,0.02857974350452424,2.0,2.0,0.2017938792705536,-0.01881356630474329
PPO,45,final,2868,5868,-0.25267806053161623,10.0,2.0,0.8627647161483765,-0.015597840305417776
PPO,45,final,2869,5869,0.1655003893375397,2.0,2.0,0.4805677831172943,-0.04974037245847285
PPO,45,final,2870,5870,-0.08796695947647094,3.0,2.0,0.749566912651062,-0.041188584349583834
PPO,45,final,2871,5871,0.07328465759754182,2.0,2.0,0.22840799391269684,-0.0390983980614692
PPO,45,final,2872,5872,0.11259539604187013,2.0,2.0,0.8789688348770142,-0.016415593796409667
PPO,45,final,2873,5873,0.17530638694763184,3.0,3.0,0.5928462743759155,-0.025604216032661498
PPO,45,final,2874,5874,0.09000000000000001,1.0,1.0,0.6119045615196228,-0.011181280016899109
PPO,45,final,2875,5875,0.09300546526908876,2.0,2.0,0.2315094769001007,-0.07180409249849617
PPO,45,final,2876,5876,0.09626563072204591,2.0,2.0,0.7910736799240112,-0.0684619233943522
PPO,45,final,2877,5877,0.16916908502578737,2.0,2.0,0.8585031628608704,-0.06700633792206645
PPO,45,final,2878,5878,-0.4755537390708923,10.0,2.0,0.8092857003211975,0.0604941351339221
PPO,45,final,2879,5879,0.08362360477447511,2.0,2.0,0.12861499190330505,-0.02351407241076231
PPO,45,final,2880,5880,-0.8276026248931888,10.0,3.0,0.6754536032676697,0.11374801956117153
PPO,45,final,2881,5881,-0.3535964608192444,10.0,4.0,0.5772058367729187,-0.008491335436701775
PPO,45,final,2882,5882,0.17606033563613893,2.0,2.0,0.6797518134117126,-0.014462241437286139
PPO,45,final,2883,5883,-0.25154135942459105,7.0,3.0,0.5128427147865295,-0.03554966161027551
PPO,45,final,2884,5884,0.10333224058151247,3.0,2.0,0.20975330471992493,-0.09773659514030442
PPO,45,final,2885,5885,0.12688161373138426,6.0,3.0,0.8037128448486328,-0.03619178547523916
PPO,45,final,2886,5886,0.06581481218338013,3.0,2.0,0.680069625377655,-0.08746822527609766
PPO,45,final,2887,5887,0.0740217435359955,2.0,2.0,0.2970179617404938,-0.08533589541912079
PPO,45,final,2888,5888,0.10521502017974854,3.0,3.0,0.47795963287353516,-0.031233323854394257
PPO,45,final,2889,5889,-0.022344142496585825,3.0,3.0,0.17117567360401154,-0.006522286683320999
PPO,45,final,2890,5890,0.09000000000000001,1.0,1.0,0.6427687406539917,-0.00876492797397077
PPO,45,final,2891,5891,0.09000000000000001,1.0,1.0,0.3780386745929718,-0.00753350683953613
PPO,45,final,2892,5892,0.09000000000000001,1.0,1.0,0.7472947239875793,-0.009929178515449166
PPO,45,final,2893,5893,0.07480128288269045,2.0,2.0,0.3487728238105774,-0.05205233651213348
PPO,45,final,2894,5894,-0.00383378386497496,2.0,2.0,0.5025472044944763,-0.08530418016016483
PPO,45,final,2895,5895,0.09000000000000001,1.0,1.0,0.6713420748710632,-0.0025995323667302728
PPO,45,final,2896,5896,0.09000000000000001,1.0,1.0,0.3253490626811981,-0.00021175364963710308
PPO,45,final,2897,5897,0.09000000000000001,1.0,1.0,0.15596447885036469,-0.005811166483908892
PPO,45,final,2898,5898,0.09000000000000001,1.0,1.0,0.8427034020423889,-0.011409795610234141
PPO,45,final,2899,5899,0.1577239799499512,2.0,2.0,0.9205514788627625,-0.01974342786706984
PPO,45,final,2900,5900,0.09000000000000001,1.0,1.0,0.4249119460582733,-0.0007473688456229866
PPO,45,final,2901,5901,0.09000000000000001,1.0,1.0,0.7763107419013977,-0.007675129920244217
PPO,45,final,2902,5902,0.09000000000000001,1.0,1.0,0.668419361114502,-0.006248008576221764
PPO,45,final,2903,5903,0.09000000000000001,1.0,1.0,0.27161893248558044,-0.00409704283811152
PPO,45,final,2904,5904,0.4024393630027771,3.0,3.0,0.6442174315452576,-0.010161977494135499
PPO,45,final,2905,5905,0.09000000000000001,1.0,1.0,0.7631966471672058,-0.010506243910640478
PPO,45,final,2906,5906,0.09000000000000001,1.0,1.0,0.7390658259391785,-0.013656683266162872
PPO,45,final,2907,5907,-0.15893099546432493,4.0,2.0,0.7549653649330139,-0.017077931435778737
PPO,45,final,2908,5908,0.05101890325546265,4.0,3.0,0.46959155797958374,-0.051712274085730314
PPO,45,final,2909,5909,0.09000000000000001,1.0,1.0,0.17342163622379303,-0.006454665563069284
PPO,45,final,2910,5910,-0.042443912029266354,3.0,2.0,0.630480170249939,-0.03929355973377824
PPO,45,final,2911,5911,0.09000000000000001,1.0,1.0,0.07877589017152786,-0.0029243436292745173
PPO,45,final,2912,5912,0.10260279655456545,2.0,2.0,0.980867862701416,-0.017574500991031528
PPO,45,final,2913,5913,0.06291187524795533,3.0,3.0,0.17702606320381165,-0.017000472405925393
PPO,45,final,2914,5914,0.09000000000000001,1.0,1.0,0.466217041015625,-0.005630321218632162
PPO,45,final,2915,5915,0.09791988849639893,3.0,3.0,0.5909057259559631,-0.02774028992280364
PPO,45,final,2916,5916,0.09000000000000001,1.0,1.0,0.6461287140846252,-0.008535938104614615
PPO,45,final,2917,5917,0.09000000000000001,1.0,1.0,0.4455908238887787,-0.003763971501030028
PPO,45,final,2918,5918,-0.03272019147872923,2.0,2.0,0.8287377953529358,-0.059595145750790834
PPO,45,final,2919,5919,0.09000000000000001,1.0,1.0,0.2575291097164154,-0.004641932900995016
PPO,45,final,2920,5920,0.09000000000000001,1.0,1.0,0.3402555286884308,-0.0064965804340317845
PPO,45,final,2921,5921,0.09000000000000001,1.0,1.0,0.6904218792915344,-0.007105557597242296
PPO,45,final,2922,5922,0.24955393552780153,2.0,2.0,0.5777880549430847,-0.04350756003987044
PPO,45,final,2923,5923,0.09000000000000001,1.0,1.0,0.5941886305809021,-0.0050621184054762125
PPO,45,final,2924,5924,0.09000000000000001,1.0,1.0,0.919959545135498,-0.013883922481909394
PPO,45,final,2925,5925,0.09000000000000001,1.0,1.0,0.12824395298957825,-0.002170476713217795
PPO,45,final,2926,5926,0.09000000000000001,1.0,1.0,0.4505290985107422,-0.004509929451160133
PPO,45,final,2927,5927,0.09000000000000001,1.0,1.0,0.574302613735199,-0.008392746094614267
PPO,45,final,2928,5928,0.04773328423500062,3.0,3.0,0.32002314925193787,-0.01838957006111741
PPO,45,final,2929,5929,0.1522964406013489,2.0,2.0,0.4675922393798828,-0.0742156234337017
PPO,45,final,2930,5930,0.09000000000000001,1.0,1.0,0.5808987021446228,-0.0075587627943605185
PPO,45,final,2931,5931,0.09000000000000001,1.0,1.0,0.8177464604377747,-0.009215296944603324
PPO,45,final,2932,5932,0.09000000000000001,1.0,1.0,0.18752916157245636,-0.0008467725856462494
PPO,45,final,2933,5933,0.3459553587436676,2.0,2.0,0.33651772141456604,-0.015166553668677807
PPO,45,final,2934,5934,0.09000000000000001,1.0,1.0,0.1874464452266693,-0.0072704285848885775
PPO,45,final,2935,5935,0.09000000000000001,1.0,1.0,0.2033105194568634,-0.003394570725504309
PPO,45,final,2936,5936,0.09000000000000001,1.0,1.0,0.15882357954978943,-0.0055731277680024505
PPO,45,final,2937,5937,0.09000000000000001,1.0,1.0,0.2193877249956131,-0.006924289395101368
PPO,45,final,2938,5938,0.1302173948287964,4.0,2.0,1.0629615783691406,-0.014946193899959326
PPO,45,final,2939,5939,0.09000000000000001,1.0,1.0,0.8020315766334534,-0.012738811550661922
PPO,45,final,2940,5940,0.09000000000000001,1.0,1.0,0.16927342116832733,-0.003477013437077403
PPO,45,final,2941,5941,0.09000000000000001,1.0,1.0,0.21851272881031036,-0.00707882409915328
PPO,45,final,2942,5942,0.25951735854148866,2.0,2.0,0.44896575808525085,-0.016074928222224116
PPO,45,final,2943,5943,0.09000000000000001,1.0,1.0,0.7709225416183472,-0.007756437291391194
PPO,45,final,2944,5944,0.054106132984161386,2.0,2.0,0.6075708270072937,-0.019899144070222974
PPO,45,final,2945,5945,0.09000000000000001,1.0,1.0,0.19392314553260803,-0.0016266889870166779
PPO,45,final,2946,5946,0.07657124280929567,2.0,2.0,0.7250582575798035,-0.058316794224083424
PPO,45,final,2947,5947,0.21595503568649294,2.0,2.0,0.8959100842475891,-0.00391040463000536
PPO,45,final,2948,5948,0.21371484518051148,3.0,3.0,0.7201767563819885,-0.04097888746764511
PPO,45,final,2949,5949,0.0031235408782959023,3.0,2.0,0.6200605630874634,-0.016338989371433854
PPO,45,final,2950,5950,0.05983817815780639,6.0,4.0,0.8035377264022827,-0.020548290107399225
PPO,45,final,2951,5951,0.156395263671875,3.0,3.0,1.2022699117660522,-0.02879754570312798
PPO,45,final,2952,5952,0.23955406427383424,2.0,2.0,0.8048525452613831,-0.07824151695240289
PPO,45,final,2953,5953,0.09000000000000001,1.0,1.0,0.09443432837724686,-0.004595678765326738
PPO,45,final,2954,5954,0.09000000000000001,1.0,1.0,0.4776539206504822,-0.011523311724886298
PPO,45,final,2955,5955,-0.01021890640258788,5.0,3.0,0.5205265283584595,-0.04104377864859998
PPO,45,final,2956,5956,0.09000000000000001,1.0,1.0,1.0120264291763306,-0.015052375150844455
PPO,45,final,2957,5957,0.07661535024642946,2.0,2.0,0.8370801210403442,-0.0973963316064328
PPO,45,final,2958,5958,0.09000000000000001,1.0,1.0,0.5650080442428589,-0.01486491528339684
PPO,45,final,2959,5959,0.04751629352569581,3.0,3.0,0.5485355854034424,-0.018849236657842994
PPO,45,final,2960,5960,0.09000000000000001,1.0,1.0,0.5216665863990784,-0.01166600058786571
PPO,45,final,2961,5961,0.15957506179809572,2.0,2.0,0.8873358964920044,-0.06867010588757694
PPO,45,final,2962,5962,0.14634217500686647,2.0,2.0,0.6517783999443054,-0.03320227866061032
PPO,45,final,2963,5963,0.09000000000000001,1.0,1.0,0.5878909230232239,-0.00901529029943049
PPO,45,final,2964,5964,0.0563885235786438,6.0,2.0,0.7585285902023315,-0.00884623161982745
PPO,45,final,2965,5965,0.09000000000000001,1.0,1.0,0.11349441856145859,-0.004259996232576668
PPO,45,final,2966,5966,0.0263762938976288,2.0,2.0,0.30459070205688477,-0.03913868754170835
PPO,45,final,2967,5967,0.09000000000000001,1.0,1.0,0.2719556391239166,-0.006386580993421376
PPO,45,final,2968,5968,-0.1497413897514343,4.0,2.0,0.7366957664489746,-0.03139012982137501
PPO,45,final,2969,5969,0.04087945997714997,2.0,2.0,0.263826847076416,-0.052605006378144026
PPO,45,final,2970,5970,0.09000000000000001,1.0,1.0,0.699459433555603,-0.013710277620702982
PPO,45,final,2971,5971,0.015622364282608048,2.0,2.0,0.3719806671142578,-0.028469522949308157
PPO,45,final,2972,5972,0.037691311836242684,2.0,2.0,0.5358215570449829,-0.04817167739383876
PPO,45,final,2973,5973,0.09000000000000001,1.0,1.0,0.6436612010002136,-0.011380086652934551
PPO,45,final,2974,5974,0.049609081745147714,2.0,2.0,0.5390726327896118,-0.05549053254071623
PPO,45,final,2975,5975,0.09000000000000001,1.0,1.0,0.14566121995449066,-0.0009178114123642445
PPO,45,final,2976,5976,0.09000000000000001,1.0,1.0,0.6163715720176697,-0.0023680729791522026
PPO,45,final,2977,5977,0.09000000000000001,1.0,1.0,0.3700290620326996,-0.0006736866926075891
PPO,45,final,2978,5978,0.09000000000000001,1.0,1.0,0.6151486039161682,-0.002894278964959085
PPO,45,final,2979,5979,0.09000000000000001,1.0,1.0,0.10149751603603363,-0.0003424225724302232
PPO,45,final,2980,5980,0.14152141094207765,2.0,2.0,0.544965386390686,-0.031050000980030745
PPO,45,final,2981,5981,0.16415848016738893,2.0,2.0,0.4988892078399658,-0.05483865807764232
PPO,45,final,2982,5982,0.09000000000000001,1.0,1.0,0.9153912663459778,-0.006253067869693041
PPO,45,final,2983,5983,-0.0013618749380111539,2.0,2.0,0.3148273825645447,-0.007469873991794884
PPO,45,final,2984,5984,0.07852323532104494,2.0,2.0,0.5844367146492004,-0.028667957230936736
PPO,45,final,2985,5985,0.1447968649864197,2.0,2.0,0.46340012550354004,0.0018833649810403585
PPO,45,final,2986,5986,0.09000000000000001,1.0,1.0,0.32593950629234314,-0.002325130219105631
PPO,45,final,2987,5987,0.09000000000000001,1.0,1.0,0.7521713376045227,-0.008228008402511477
PPO,45,final,2988,5988,0.09000000000000001,1.0,1.0,0.6698238253593445,-0.009235982317477465
PPO,45,final,2989,5989,0.08797683000564577,2.0,2.0,0.7103974223136902,-0.02291909558698535
PPO,45,final,2990,5990,0.09000000000000001,1.0,1.0,0.9355080723762512,-0.005491614458151162
PPO,45,final,2991,5991,0.09000000000000001,1.0,1.0,0.24917824566364288,-0.0015910984366200864
PPO,45,final,2992,5992,0.09000000000000001,1.0,1.0,0.4547346234321594,-0.0007777748833177611
PPO,45,final,2993,5993,0.15961010932922365,2.0,2.0,0.5671323537826538,-0.018349406542256474
PPO,45,final,2994,5994,0.09000000000000001,1.0,1.0,0.594463050365448,-0.011314240749925375
PPO,45,final,2995,5995,0.0004894900321960605,2.0,2.0,0.7937548756599426,-0.0079879219410941
PPO,45,final,2996,5996,0.09000000000000001,1.0,1.0,0.0916244387626648,-0.0006006304611219093
PPO,45,final,2997,5997,0.18339224338531496,2.0,2.0,0.7454118132591248,-0.03398165898397565
PPO,45,final,2998,5998,0.09000000000000001,1.0,1.0,0.11735104769468307,-0.0013645645813085139
PPO,45,final,2999,5999,0.09000000000000001,1.0,1.0,0.6227900385856628,-0.002600900363177061
PPO,45,final,3000,6000,0.09000000000000001,1.0,1.0,0.5512897968292236,-0.006242089672014117
