agent,seed,phase,local_episode,cumulative_episode,reward,steps,selected_regions,classification_loss,optimization_loss
PPO,75,final,1,3001,0.09000000000000001,1.0,1.0,0.12069543451070786,5.235132994130254e-05
PPO,75,final,2,3002,0.13379292368888857,2.0,2.0,0.270205557346344,-0.023029024043353274
PPO,75,final,3,3003,0.09000000000000001,1.0,1.0,0.3149805963039398,-0.002244780567707494
PPO,75,final,4,3004,-0.009445526599884027,4.0,2.0,0.8610848188400269,-0.025145282386802137
PPO,75,final,5,3005,-0.06502381801605224,4.0,2.0,0.7138432264328003,-0.045071623288095
PPO,75,final,6,3006,0.2988451886177063,2.0,2.0,0.6255283355712891,0.044115209486335516
PPO,75,final,7,3007,0.10180504798889162,2.0,2.0,0.4808390736579895,-0.04899453546386212
PPO,75,final,8,3008,0.3454872536659241,2.0,2.0,0.8887270092964172,-0.054957418236881495
PPO,75,final,9,3009,0.09694715023040773,2.0,2.0,0.14970524609088898,-0.08149453363148496
PPO,75,final,10,3010,-0.43937634229660033,10.0,2.0,0.8040431141853333,0.08746363781392574
PPO,75,final,11,3011,0.009472208023071305,2.0,2.0,0.3713620603084564,-0.01929126086179167
PPO,75,final,12,3012,-0.23331889152526852,9.0,2.0,1.1850166320800781,-0.011292291805148125
PPO,75,final,13,3013,0.09000000000000001,1.0,1.0,0.18362011015415192,-0.0001303700264543295
PPO,75,final,14,3014,-0.2909126162528992,10.0,2.0,0.6580788493156433,0.046877266839146614
PPO,75,final,15,3015,0.09000000000000001,1.0,1.0,0.40115171670913696,0.0024428765173070133
PPO,75,final,16,3016,0.24630446910858156,2.0,2.0,0.5702630877494812,-0.028454906190745533
PPO,75,final,17,3017,-0.0017567503452300959,3.0,3.0,0.26833289861679077,-0.014609675214160234
PPO,75,final,18,3018,-0.48709099292755126,10.0,2.0,1.0069077014923096,0.05447806976735592
PPO,75,final,19,3019,-0.15752205610275266,6.0,2.0,0.8145260810852051,-0.050993085955269635
PPO,75,final,20,3020,0.17283340454101564,4.0,2.0,0.703548014163971,-0.07372782519087195
PPO,75,final,21,3021,0.008695144653320316,3.0,2.0,1.1283762454986572,-0.06821211852366105
PPO,75,final,22,3022,0.09000000000000001,1.0,1.0,0.27233684062957764,0.0018230919959023595
PPO,75,final,23,3023,0.09000000000000001,1.0,1.0,0.6986112594604492,-0.0015793234342709184
PPO,75,final,24,3024,0.17007257223129274,2.0,2.0,0.4982890486717224,-0.019215993816033006
PPO,75,final,25,3025,0.09000000000000001,1.0,1.0,0.04567039757966995,0.003957779030315578
PPO,75,final,26,3026,0.09000000000000001,1.0,1.0,0.2479865401983261,0.0028403393807820976
PPO,75,final,27,3027,0.09000000000000001,1.0,1.0,0.26096397638320923,0.002418260963167995
PPO,75,final,28,3028,0.09000000000000001,1.0,1.0,0.19021368026733398,-0.00035462959203869104
PPO,75,final,29,3029,0.14174564361572267,2.0,2.0,0.7141647934913635,-0.06105673243291676
PPO,75,final,30,3030,0.09000000000000001,1.0,1.0,0.06846300512552261,-0.0003394351224415004
PPO,75,final,31,3031,0.2018099594116211,2.0,2.0,0.8648307919502258,-0.061972358846105635
PPO,75,final,32,3032,0.1314577329158783,2.0,2.0,0.35871776938438416,-0.03877033374737948
PPO,75,final,33,3033,0.06751995205879212,3.0,2.0,0.4269179701805115,0.04265109935658984
PPO,75,final,34,3034,-0.45608680248260497,10.0,2.0,0.6883561015129089,0.06090133171528578
PPO,75,final,35,3035,-0.5123053669929505,10.0,2.0,0.27230390906333923,0.06161200348287821
PPO,75,final,36,3036,0.09000000000000001,1.0,1.0,0.4005855917930603,-0.004051491734571755
PPO,75,final,37,3037,0.15529484748840333,5.0,3.0,0.5937557816505432,-0.04841234744526446
PPO,75,final,38,3038,-0.4683775186538696,10.0,2.0,0.5432153344154358,0.057225714437663555
PPO,75,final,39,3039,0.09000000000000001,1.0,1.0,0.15407323837280273,0.0005745831876993179
PPO,75,final,40,3040,0.09000000000000001,1.0,1.0,0.11668352782726288,-0.0018403941066935658
PPO,75,final,41,3041,-0.51239572763443,10.0,2.0,0.8637129664421082,0.05744548607617617
PPO,75,final,42,3042,-0.026992895603179926,4.0,2.0,0.47721514105796814,-0.04758658434730023
PPO,75,final,43,3043,0.009438700675964376,3.0,3.0,0.7317668795585632,-0.060721839778125286
PPO,75,final,44,3044,-0.005059585571289063,6.0,3.0,0.7528777122497559,-0.04120662936475128
PPO,75,final,45,3045,0.09000000000000001,1.0,1.0,0.29533475637435913,-0.00016232626512646675
PPO,75,final,46,3046,0.1213336753845215,2.0,2.0,0.7039346098899841,0.0017798235639929771
PPO,75,final,47,3047,-2.0606517791732504e-05,2.0,2.0,0.6853724122047424,-0.061373827047646046
PPO,75,final,48,3048,0.09000000000000001,1.0,1.0,0.12186157703399658,0.002969721448607743
PPO,75,final,49,3049,0.09000000000000001,1.0,1.0,0.8565976023674011,-0.0024674684973433614
PPO,75,final,50,3050,0.04848687529563905,2.0,2.0,0.42646098136901855,-0.02776767616160214
PPO,75,final,51,3051,0.09000000000000001,1.0,1.0,0.2945566177368164,0.0017238450236618519
PPO,75,final,52,3052,0.09000000000000001,1.0,1.0,0.9655280709266663,-0.0061330999014899135
PPO,75,final,53,3053,0.2371396589279175,2.0,2.0,1.140942096710205,-0.02061952801886946
PPO,75,final,54,3054,0.09000000000000001,1.0,1.0,0.7200797200202942,-0.0032782491762191057
PPO,75,final,55,3055,0.14298243999481203,2.0,2.0,0.6848069429397583,-0.06766343046911061
PPO,75,final,56,3056,0.03334899663925171,3.0,2.0,0.8391709327697754,0.024036794900894165
PPO,75,final,57,3057,0.2233195769786835,2.0,2.0,0.4184240400791168,-0.00995208218228072
PPO,75,final,58,3058,0.06989129066467287,2.0,2.0,0.10686451941728592,-0.01996783842332661
PPO,75,final,59,3059,0.13693697929382326,2.0,2.0,1.1986132860183716,-0.042427676962688565
PPO,75,final,60,3060,0.09000000000000001,1.0,1.0,0.33294448256492615,-0.004033001605421305
PPO,75,final,61,3061,-0.1284306526184082,5.0,3.0,0.6503206491470337,-0.03354037110693753
PPO,75,final,62,3062,0.09000000000000001,1.0,1.0,0.8862996101379395,-0.008127786917611957
PPO,75,final,63,3063,0.019822167158126847,2.0,2.0,0.3568602502346039,-0.06183964153751731
PPO,75,final,64,3064,0.09000000000000001,1.0,1.0,0.20608177781105042,-0.0019642578554339707
PPO,75,final,65,3065,0.09000000000000001,1.0,1.0,0.17115701735019684,-0.002993835136294365
PPO,75,final,66,3066,0.23009617805480959,2.0,2.0,0.5889798998832703,-0.009419969748705626
PPO,75,final,67,3067,0.09000000000000001,1.0,1.0,0.4572315514087677,-0.0049260572995990515
PPO,75,final,68,3068,0.09000000000000001,1.0,1.0,0.29768070578575134,-0.004140507138799876
PPO,75,final,69,3069,0.09000000000000001,1.0,1.0,0.886380136013031,-0.007134489715099335
PPO,75,final,70,3070,0.09000000000000001,1.0,1.0,0.4188595712184906,-0.005015778704546392
PPO,75,final,71,3071,-0.021963708400726298,3.0,3.0,0.6539884209632874,-0.07072767289355397
PPO,75,final,72,3072,0.06288094997406007,2.0,2.0,0.6809282302856445,-0.03064224007539451
PPO,75,final,73,3073,0.09000000000000001,1.0,1.0,0.5052284002304077,-0.006222633761353791
PPO,75,final,74,3074,0.09000000000000001,1.0,1.0,0.3385779559612274,-0.003691638237796724
PPO,75,final,75,3075,0.09000000000000001,1.0,1.0,0.3984745442867279,-0.0007358476577792317
PPO,75,final,76,3076,0.09000000000000001,1.0,1.0,0.21049199998378754,-6.744617712683976e-05
PPO,75,final,77,3077,0.09000000000000001,1.0,1.0,0.7587388157844543,-0.0026447035488672554
PPO,75,final,78,3078,0.09000000000000001,1.0,1.0,0.17180095613002777,-9.639041672926396e-05
PPO,75,final,79,3079,0.1333776879310608,2.0,2.0,0.9280229806900024,-0.06264003331307322
PPO,75,final,80,3080,0.09000000000000001,1.0,1.0,0.20245487987995148,-0.00022623827680945396
PPO,75,final,81,3081,0.2688747215270996,2.0,2.0,0.6905917525291443,-0.030466455034911633
PPO,75,final,82,3082,0.09000000000000001,1.0,1.0,0.559316098690033,-0.007843707571737468
PPO,75,final,83,3083,0.09000000000000001,1.0,1.0,0.1876542866230011,-0.0029556231456808746
PPO,75,final,84,3084,0.09000000000000001,1.0,1.0,0.5906046032905579,-0.009558573365211487
PPO,75,final,85,3085,0.17495657682418825,2.0,2.0,0.9614021182060242,-0.03547808347502723
PPO,75,final,86,3086,0.10708464860916139,2.0,2.0,0.5350976586341858,-0.06504388619214296
PPO,75,final,87,3087,0.09074581384658814,3.0,3.0,0.7788380980491638,0.022873386624269187
PPO,75,final,88,3088,0.23719550848007204,2.0,2.0,0.5533311367034912,-0.052498614997603
PPO,75,final,89,3089,0.1318612861633301,2.0,2.0,0.7066513895988464,-0.06610563769936562
PPO,75,final,90,3090,0.23921761631965638,3.0,3.0,0.28745773434638977,-0.06215004553087056
PPO,75,final,91,3091,-0.33865842819213865,10.0,3.0,1.1036163568496704,0.03046894120052457
PPO,75,final,92,3092,-0.014923554658889754,10.0,6.0,0.4771009385585785,-0.07409551157616079
PPO,75,final,93,3093,-0.11326262176036835,7.0,3.0,0.24193955957889557,-0.019658945500850677
PPO,75,final,94,3094,-0.3864683508872986,10.0,3.0,0.7673726081848145,0.05863120034337044
PPO,75,final,95,3095,-0.3947724580764771,10.0,2.0,0.6685951352119446,0.0713113583624363
PPO,75,final,96,3096,0.0571912731230259,2.0,2.0,0.07427390664815903,-0.09022509353235364
PPO,75,final,97,3097,-0.062489850521087645,2.0,2.0,0.7243689894676208,-0.07287878647912294
PPO,75,final,98,3098,0.054809318780899056,2.0,2.0,0.5055198073387146,-0.07786189357284456
PPO,75,final,99,3099,0.09000000000000001,1.0,1.0,0.9521360397338867,-0.0015125373902264982
PPO,75,final,100,3100,0.1846113669872284,2.0,2.0,0.35718420147895813,-0.012906974647194147
PPO,75,final,101,3101,-0.01928500652313231,2.0,2.0,0.7155012488365173,-0.057365613989531994
PPO,75,final,102,3102,0.09000000000000001,1.0,1.0,0.5392449498176575,-0.004834897117689252
PPO,75,final,103,3103,0.11498840332031252,2.0,2.0,0.8746293187141418,-0.03925030678510666
PPO,75,final,104,3104,0.09000000000000001,1.0,1.0,0.7440927624702454,-0.010417829733341932
PPO,75,final,105,3105,0.09149410009384157,2.0,2.0,0.5979613065719604,-0.061561141279526055
PPO,75,final,106,3106,0.09000000000000001,1.0,1.0,0.1873960942029953,-0.0027831991901621222
PPO,75,final,107,3107,0.09000000000000001,1.0,1.0,0.23093970119953156,-0.0120982201769948
PPO,75,final,108,3108,-0.6060839176177979,10.0,2.0,1.0669316053390503,0.06216938514262438
PPO,75,final,109,3109,0.10577883005142213,2.0,2.0,0.21743793785572052,-0.08856747834943235
PPO,75,final,110,3110,-0.49532513618469237,10.0,2.0,1.2703678607940674,0.07179178483784199
PPO,75,final,111,3111,0.07674126505851747,2.0,2.0,0.48017239570617676,-0.023289458942599595
PPO,75,final,112,3112,-0.4546985626220703,10.0,3.0,0.6693168878555298,0.05162916053086519
PPO,75,final,113,3113,-0.5036514580249787,10.0,2.0,0.4170096814632416,0.06685847043991089
PPO,75,final,114,3114,-0.4379375457763672,10.0,2.0,0.6915521621704102,0.05790610332041979
PPO,75,final,115,3115,-0.59591703414917,10.0,2.0,0.7540017366409302,0.06645750626921654
PPO,75,final,116,3116,-0.09275785446166991,6.0,2.0,0.7172242403030396,-0.033872397849336267
PPO,75,final,117,3117,0.22448642730712892,2.0,2.0,0.6175192594528198,-0.010566561482846737
PPO,75,final,118,3118,0.14257158756256105,3.0,2.0,0.5076126456260681,-0.01318048604298383
PPO,75,final,119,3119,0.05286499619483948,4.0,4.0,0.1464420109987259,-0.048889254103414714
PPO,75,final,120,3120,-0.47796033620834355,10.0,2.0,0.5635579824447632,0.053121257573366165
PPO,75,final,121,3121,-0.12099066972732543,5.0,2.0,0.7654687166213989,-0.04767798917600885
PPO,75,final,122,3122,0.046487052440643314,3.0,2.0,0.3414921760559082,-0.07696088834200054
PPO,75,final,123,3123,-0.45522092580795287,10.0,2.0,0.7401848435401917,0.049310178495943546
PPO,75,final,124,3124,0.06526149511337281,5.0,3.0,0.42101722955703735,-0.03964140254538506
PPO,75,final,125,3125,0.17869867563247682,2.0,2.0,0.5002678036689758,-0.0020598178962245584
PPO,75,final,126,3126,0.09000000000000001,1.0,1.0,0.11451203376054764,-0.0060361328069120646
PPO,75,final,127,3127,-0.5481377840042114,10.0,3.0,0.649821400642395,0.019403194193728268
PPO,75,final,128,3128,-0.03312648117542265,3.0,3.0,0.35011157393455505,0.002905267523601651
PPO,75,final,129,3129,0.09924347877502443,2.0,2.0,0.6920573115348816,-0.035542327212169766
PPO,75,final,130,3130,-0.020016772747039793,7.0,3.0,0.7288257479667664,-0.04497239273041487
PPO,75,final,131,3131,-0.006089313030242904,2.0,2.0,1.0353971719741821,-0.06627543759532273
PPO,75,final,132,3132,0.09000000000000001,1.0,1.0,0.23443567752838135,0.0009579352336004376
PPO,75,final,133,3133,0.17794408082962038,2.0,2.0,0.5410519242286682,-0.009458726039156318
PPO,75,final,134,3134,-0.07055912733078003,7.0,3.0,0.7454242706298828,-0.038789817481301725
PPO,75,final,135,3135,0.20722933292388918,2.0,2.0,0.8950061798095703,0.002771969069726765
PPO,75,final,136,3136,0.31608484864234926,2.0,2.0,0.4190780222415924,0.003283575060777366
PPO,75,final,137,3137,-0.009681079387664812,6.0,2.0,0.9246423840522766,-0.011383770091924816
PPO,75,final,138,3138,0.09000000000000001,1.0,1.0,0.5680004954338074,-0.006578382570296526
PPO,75,final,139,3139,-0.11361022830009458,4.0,3.0,0.48804160952568054,-0.012396313832141459
PPO,75,final,140,3140,0.0618410873413086,2.0,2.0,0.8008090257644653,-0.06767602823674679
PPO,75,final,141,3141,0.1909989881515503,2.0,2.0,0.6385170221328735,-0.020093424944207072
PPO,75,final,142,3142,0.09000000000000001,1.0,1.0,0.14524397253990173,-0.005056676687672734
PPO,75,final,143,3143,0.1913097667694092,2.0,2.0,0.8888072967529297,-0.04794827080331743
PPO,75,final,144,3144,0.22608084201812745,3.0,3.0,0.3023039996623993,-0.03135789418593049
PPO,75,final,145,3145,-0.08124306797981261,5.0,4.0,0.37830063700675964,-0.007056915666908026
PPO,75,final,146,3146,0.0367650580406189,3.0,2.0,0.5955623984336853,-0.06507789227180183
PPO,75,final,147,3147,-0.18570193767547605,7.0,2.0,0.8129844069480896,-0.03711972828023136
PPO,75,final,148,3148,0.017193418443202976,3.0,2.0,0.11172538995742798,-0.10499328840523958
PPO,75,final,149,3149,-0.20995794057846068,7.0,3.0,0.45554235577583313,-0.03402970056049526
PPO,75,final,150,3150,0.09000000000000001,1.0,1.0,0.42814740538597107,-0.004639755701646209
PPO,75,final,151,3151,0.16857476711273195,2.0,2.0,0.6504359841346741,-0.021709559950977564
PPO,75,final,152,3152,0.16540702104568483,3.0,2.0,0.7162616848945618,-0.035718442988581955
PPO,75,final,153,3153,0.09000000000000001,1.0,1.0,0.06913965195417404,0.0013141296803951263
PPO,75,final,154,3154,0.0907845687866211,3.0,2.0,0.8101196885108948,-0.04666326259030029
PPO,75,final,155,3155,0.09000000000000001,1.0,1.0,0.7380638122558594,-0.004132839851081371
PPO,75,final,156,3156,0.24942220926284792,2.0,2.0,0.6717315912246704,-0.004306189017370343
PPO,75,final,157,3157,0.18534285545349122,3.0,3.0,0.649053156375885,-0.050476765958592296
PPO,75,final,158,3158,0.09000000000000001,1.0,1.0,0.6760836243629456,-0.006044178386218846
PPO,75,final,159,3159,0.2246468234062195,2.0,2.0,0.785564124584198,-0.03168605291284621
PPO,75,final,160,3160,0.09000000000000001,1.0,1.0,0.6438509225845337,0.0003408914781175554
PPO,75,final,161,3161,0.06875110864639282,5.0,3.0,0.9159948229789734,-0.012567829107865691
PPO,75,final,162,3162,-0.054715929627418516,2.0,2.0,0.23795785009860992,-0.05933609837666154
PPO,75,final,163,3163,0.09000000000000001,1.0,1.0,0.7775035500526428,0.0004013103898614645
PPO,75,final,164,3164,0.13940812826156618,2.0,2.0,0.7736654877662659,-0.010400838335044682
PPO,75,final,165,3165,-0.4298401355743408,10.0,2.0,0.7376950979232788,0.06189227756112814
PPO,75,final,166,3166,-0.26680045127868657,10.0,2.0,0.9243388175964355,0.05472194589674473
PPO,75,final,167,3167,-0.13196871042251584,6.0,2.0,0.7385697960853577,-0.03321339748799801
PPO,75,final,168,3168,0.12354679584503175,2.0,2.0,1.030139684677124,-0.0069565047742798924
PPO,75,final,169,3169,0.17551262855529787,2.0,2.0,0.8515259027481079,-0.02743625163566321
PPO,75,final,170,3170,0.11043735027313234,2.0,2.0,0.5884033441543579,-0.08331100037321448
PPO,75,final,171,3171,-0.16615537166595457,6.0,2.0,0.9177388548851013,0.014868185273371637
PPO,75,final,172,3172,0.09000000000000001,1.0,1.0,0.13560596108436584,-0.004521575872786343
PPO,75,final,173,3173,-0.5278004884719849,10.0,2.0,0.5216577649116516,0.06192488968372345
PPO,75,final,174,3174,0.1215516519546509,3.0,2.0,0.8214064240455627,-0.03908405196852982
PPO,75,final,175,3175,0.09000000000000001,1.0,1.0,0.584083080291748,-0.002729760017246008
PPO,75,final,176,3176,-0.18718329429626462,6.0,2.0,0.8010681867599487,-0.03946385742165148
PPO,75,final,177,3177,0.09000000000000001,1.0,1.0,0.3265867233276367,-0.003517542383633554
PPO,75,final,178,3178,-0.4808925867080689,10.0,2.0,0.7587281465530396,0.05813362170010805
PPO,75,final,179,3179,0.03356184482574463,3.0,2.0,0.7210823893547058,-0.06771952810231596
PPO,75,final,180,3180,0.10185457944869997,2.0,2.0,0.7311961054801941,0.017149311723187566
PPO,75,final,181,3181,0.1610620188713074,2.0,2.0,0.8390189409255981,-0.01403304748237133
PPO,75,final,182,3182,0.09000000000000001,1.0,1.0,0.3963126242160797,-0.0039364316035062075
PPO,75,final,183,3183,0.09000000000000001,1.0,1.0,0.33565089106559753,-0.004260625573806465
PPO,75,final,184,3184,0.20830484151840212,8.0,3.0,0.740346372127533,-0.032330879708752036
PPO,75,final,185,3185,0.11242382407188417,2.0,2.0,0.3395077884197235,-0.005674087209627032
PPO,75,final,186,3186,-0.511156964302063,10.0,2.0,1.0183134078979492,0.054041032679378986
PPO,75,final,187,3187,0.09000000000000001,1.0,1.0,0.1478414684534073,-0.006934303906746209
PPO,75,final,188,3188,0.09000000000000001,1.0,1.0,0.8786998987197876,-0.008483989629894495
PPO,75,final,189,3189,0.11355680942535401,3.0,3.0,0.47009366750717163,-0.044198876013979316
PPO,75,final,190,3190,0.02991159439086915,2.0,2.0,0.29486510157585144,-0.054411113960668445
PPO,75,final,191,3191,-0.000770261287689214,4.0,3.0,0.5349673628807068,-0.025763093261048198
PPO,75,final,192,3192,0.09000000000000001,1.0,1.0,0.24753299355506897,-0.005552694899961352
PPO,75,final,193,3193,-0.07262749016284943,4.0,3.0,0.31427836418151855,-0.046559888985939324
PPO,75,final,194,3194,0.07171382188796999,2.0,2.0,0.2533127963542938,-0.08436454029288143
PPO,75,final,195,3195,0.09000000000000001,1.0,1.0,0.20223581790924072,-0.005440436420030892
PPO,75,final,196,3196,-0.049398308992385856,5.0,2.0,0.3638584315776825,-0.06878746347501874
PPO,75,final,197,3197,0.35134233713150026,2.0,2.0,0.9299926161766052,0.028374831657856703
PPO,75,final,198,3198,0.09771545410156252,2.0,2.0,0.45792654156684875,-0.04744161985581741
PPO,75,final,199,3199,0.09000000000000001,1.0,1.0,0.45753493905067444,-0.004610634292475879
PPO,75,final,200,3200,0.09000000000000001,1.0,1.0,0.1894867867231369,-0.004050555930007249
PPO,75,final,201,3201,0.09000000000000001,1.0,1.0,0.3841610848903656,-0.008606693241745234
PPO,75,final,202,3202,0.09000000000000001,1.0,1.0,0.09825162589550018,-0.007087357109412551
PPO,75,final,203,3203,-0.008693380355834945,2.0,2.0,0.8969337344169617,-0.0434975529788062
PPO,75,final,204,3204,0.05623247146606446,3.0,2.0,0.354662150144577,-0.10675287526100874
PPO,75,final,205,3205,0.011004106998443619,2.0,2.0,0.8969221711158752,-0.08311162050813437
PPO,75,final,206,3206,-0.19914540290832522,9.0,2.0,0.9843387603759766,-0.014069993048906326
PPO,75,final,207,3207,0.09000000000000001,1.0,1.0,0.06047295778989792,-0.0009401677525602281
PPO,75,final,208,3208,0.09000000000000001,1.0,1.0,0.20148901641368866,-0.006669432972557843
PPO,75,final,209,3209,0.09000000000000001,1.0,1.0,0.316960871219635,-0.00028713943902403116
PPO,75,final,210,3210,0.09000000000000001,1.0,1.0,1.1489440202713013,-0.004481607466004789
PPO,75,final,211,3211,0.09000000000000001,1.0,1.0,0.9174255728721619,-0.007753369864076376
PPO,75,final,212,3212,0.09000000000000001,1.0,1.0,0.11555241793394089,2.16099142562598e-05
PPO,75,final,213,3213,0.1409414577484131,2.0,2.0,0.6972984671592712,-0.04613640287425369
PPO,75,final,214,3214,0.13690932273864748,2.0,2.0,1.1539057493209839,-0.056421467394102365
PPO,75,final,215,3215,0.09000000000000001,1.0,1.0,0.9374074339866638,-0.005098366993479431
PPO,75,final,216,3216,0.3128092360496521,3.0,3.0,0.4266993999481201,-0.015883128042332828
PPO,75,final,217,3217,0.09000000000000001,1.0,1.0,0.6593688726425171,-0.00998426298610866
PPO,75,final,218,3218,0.3553042578697205,2.0,2.0,0.40065574645996094,-0.007670261082239449
PPO,75,final,219,3219,-0.14639063954353332,3.0,3.0,0.4273814558982849,-0.022379325004294515
PPO,75,final,220,3220,0.23919613838195802,2.0,2.0,0.6548500657081604,-0.03236295038368553
PPO,75,final,221,3221,0.09000000000000001,1.0,1.0,0.24872776865959167,-0.007967108394950628
PPO,75,final,222,3222,-0.5028917670249939,10.0,2.0,0.6492918133735657,0.07283973135054111
PPO,75,final,223,3223,0.1708140540122986,2.0,2.0,0.29662925004959106,-0.08326053246855736
PPO,75,final,224,3224,0.08070758163928987,2.0,2.0,0.22947180271148682,-0.038723875069990754
PPO,75,final,225,3225,0.016493577957153324,3.0,2.0,0.14779098331928253,-0.015564873581752181
PPO,75,final,226,3226,0.09000000000000001,1.0,1.0,0.37532278895378113,-0.008403366431593895
PPO,75,final,227,3227,-0.059915235042572,4.0,3.0,0.2235727459192276,-0.05390453326981515
PPO,75,final,228,3228,0.09000000000000001,1.0,1.0,0.12628355622291565,-0.005431017489172518
PPO,75,final,229,3229,0.09000000000000001,1.0,1.0,0.2181280553340912,-0.005715170409530401
PPO,75,final,230,3230,-0.04002295017242431,3.0,2.0,0.49144110083580017,-0.05516311095561832
PPO,75,final,231,3231,-0.04624651193618774,2.0,2.0,0.6361165642738342,-0.04099666199181229
PPO,75,final,232,3232,-0.6280988335609438,10.0,2.0,0.8532024621963501,0.07987404614686966
PPO,75,final,233,3233,0.09531794667243959,2.0,2.0,0.47154122591018677,-0.0009082555770874023
PPO,75,final,234,3234,0.005304621458053604,2.0,2.0,0.2155609279870987,-0.04365192318800837
PPO,75,final,235,3235,0.09000000000000001,1.0,1.0,0.0994577556848526,0.0005840494704898447
PPO,75,final,236,3236,0.05994718194007874,3.0,2.0,0.4205339848995209,-0.06409316067583859
PPO,75,final,237,3237,0.22389085769653322,2.0,2.0,0.6269000768661499,0.008328675525262952
PPO,75,final,238,3238,0.18073759198188782,3.0,3.0,0.45093443989753723,-0.03225330472923815
PPO,75,final,239,3239,0.1617168951034546,2.0,2.0,0.5949947237968445,-0.07834218302741647
PPO,75,final,240,3240,-0.044919292926788326,3.0,2.0,0.5863165259361267,0.021457146503962576
PPO,75,final,241,3241,-0.36056717872619626,9.0,2.0,0.5586369633674622,-0.0030801509274169803
PPO,75,final,242,3242,0.14098370790481568,3.0,3.0,0.6048935651779175,-0.051001559128053486
PPO,75,final,243,3243,0.09000000000000001,1.0,1.0,0.12396913021802902,-0.002203759620897472
PPO,75,final,244,3244,0.09000000000000001,1.0,1.0,0.5949288606643677,-0.0028878068551421165
PPO,75,final,245,3245,0.09000000000000001,1.0,1.0,0.08137945830821991,0.0002441094839014113
PPO,75,final,246,3246,0.15837808132171632,2.0,2.0,0.606178879737854,-0.024419628083705902
PPO,75,final,247,3247,0.09000000000000001,1.0,1.0,0.20224414765834808,-0.0015928239736240357
PPO,75,final,248,3248,0.09000000000000001,1.0,1.0,0.4873363673686981,-0.0038620264967903495
PPO,75,final,249,3249,0.18528028011322023,2.0,2.0,0.8929729461669922,-0.048558263457380235
PPO,75,final,250,3250,0.07848639965057375,2.0,2.0,0.5211227536201477,-0.0011693358537741005
PPO,75,final,251,3251,0.09000000000000001,1.0,1.0,0.7266620397567749,-0.006192949251271784
PPO,75,final,252,3252,0.09000000000000001,1.0,1.0,0.36795908212661743,-0.006598255829885602
PPO,75,final,253,3253,-0.3817893862724304,10.0,3.0,0.7754579782485962,0.011086336569860578
PPO,75,final,254,3254,0.30679639101028444,3.0,2.0,0.7254851460456848,-0.03222770756110549
PPO,75,final,255,3255,0.09000000000000001,1.0,1.0,0.8016548156738281,-0.0069480102974921465
PPO,75,final,256,3256,0.10176451683044435,2.0,2.0,0.7459701895713806,-0.024205979192629457
PPO,75,final,257,3257,-0.05111120223999023,3.0,2.0,0.651189386844635,-0.007445802679285407
PPO,75,final,258,3258,0.17780102968215944,2.0,2.0,0.7778362035751343,-0.016771254828199744
PPO,75,final,259,3259,0.09000000000000001,1.0,1.0,0.06935610622167587,-0.001897733542136848
PPO,75,final,260,3260,0.03982617139816285,2.0,2.0,0.707452118396759,-0.025308814481832087
PPO,75,final,261,3261,0.1112187820672989,2.0,2.0,0.14321647584438324,-0.01825334638124332
PPO,75,final,262,3262,-0.4918323040008545,10.0,2.0,1.0966384410858154,0.07536260224878788
PPO,75,final,263,3263,0.09335644721984865,2.0,2.0,0.3081042170524597,-0.06386404088698328
PPO,75,final,264,3264,0.26599557876586916,2.0,2.0,0.5882086753845215,-0.058756481972523034
PPO,75,final,265,3265,0.030381353497505197,2.0,2.0,0.1885218620300293,0.02779890422243625
PPO,75,final,266,3266,0.07889087677001955,2.0,2.0,0.8312371373176575,-0.0388774776365608
PPO,75,final,267,3267,0.17636044502258302,2.0,2.0,0.5489844679832458,-0.004354958306066692
PPO,75,final,268,3268,-0.0013601613044738614,2.0,2.0,0.9458731412887573,-0.0273907701484859
PPO,75,final,269,3269,0.1919512963294983,4.0,2.0,0.5245474576950073,-0.06259901658631861
PPO,75,final,270,3270,0.13479124188423158,2.0,2.0,0.48620572686195374,-0.0025137896300293505
PPO,75,final,271,3271,0.26238121509552004,3.0,2.0,0.7437366247177124,-0.008665702771395445
PPO,75,final,272,3272,0.09000000000000001,1.0,1.0,0.05632172152400017,-0.001290083717321977
PPO,75,final,273,3273,0.1437151598930359,2.0,2.0,0.49243950843811035,-0.011461980291642249
PPO,75,final,274,3274,0.07127209186553957,2.0,2.0,0.7285979390144348,-0.007344818906858563
PPO,75,final,275,3275,0.13463624000549318,2.0,2.0,0.7139188647270203,-0.009618091455195099
PPO,75,final,276,3276,0.09000000000000001,1.0,1.0,0.47055622935295105,-0.008339464198797941
PPO,75,final,277,3277,0.09000000000000001,1.0,1.0,0.81519615650177,-0.01021955395117402
PPO,75,final,278,3278,0.09000000000000001,1.0,1.0,0.282901406288147,-0.005787202506326139
PPO,75,final,279,3279,0.27912039518356324,4.0,3.0,0.765275776386261,-0.023522858507931232
PPO,75,final,280,3280,0.09000000000000001,1.0,1.0,0.20820847153663635,-0.003950700396671891
PPO,75,final,281,3281,0.12585474729537965,2.0,2.0,0.6533614993095398,-0.012162777478806674
PPO,75,final,282,3282,0.3299460577964783,2.0,2.0,0.4877128601074219,-0.032783033326268196
PPO,75,final,283,3283,-0.3946107208728791,10.0,2.0,0.45572009682655334,0.0668557770550251
PPO,75,final,284,3284,-0.41997717618942265,10.0,2.0,0.9288488030433655,0.07257862947881222
PPO,75,final,285,3285,-0.3122010040283203,8.0,3.0,0.9335451722145081,0.0038264519535005093
PPO,75,final,286,3286,0.17302833676338197,2.0,2.0,0.43477579951286316,-0.05789208970963955
PPO,75,final,287,3287,0.0997885686159134,3.0,3.0,0.2253562957048416,-0.028999789152294397
PPO,75,final,288,3288,-0.5389651536941529,10.0,2.0,0.7458191514015198,0.06810994073748589
PPO,75,final,289,3289,-0.45780407190322875,10.0,2.0,0.7636165022850037,0.0674444381147623
PPO,75,final,290,3290,0.14774988770484926,2.0,2.0,0.3181840479373932,-0.0670908180763945
PPO,75,final,291,3291,0.09716849207878114,2.0,2.0,0.24231520295143127,-0.07833811244927347
PPO,75,final,292,3292,-0.36674754619598393,10.0,2.0,0.5866535305976868,0.05937593709677458
PPO,75,final,293,3293,0.24674619913101198,2.0,2.0,0.8229445219039917,-0.0571220088750124
PPO,75,final,294,3294,0.16585488319396974,5.0,3.0,0.5135727524757385,-0.04913840361405164
PPO,75,final,295,3295,0.1778599786758423,2.0,2.0,0.5249101519584656,-0.029190767789259553
PPO,75,final,296,3296,-0.3299855470657349,10.0,2.0,0.7088971734046936,0.05430722888559103
PPO,75,final,297,3297,-0.6434460163116457,10.0,2.0,0.9443255662918091,0.06891061924397945
PPO,75,final,298,3298,-0.5481265664100647,10.0,2.0,0.8837947845458984,0.060179656371474266
PPO,75,final,299,3299,-0.4702749729156494,10.0,2.0,0.9015602469444275,0.054716563783586025
PPO,75,final,300,3300,0.10754080295562746,2.0,2.0,0.637003481388092,-0.02065558359026909
PPO,75,final,301,3301,0.05156105935573579,2.0,2.0,0.207581028342247,-0.028470402350649238
PPO,75,final,302,3302,0.15704573869705202,2.0,2.0,0.9762864708900452,-0.051671355962753296
PPO,75,final,303,3303,-0.36260022521018986,10.0,2.0,0.3896143138408661,0.04604233708232641
PPO,75,final,304,3304,-0.0811436080932617,4.0,3.0,0.45597341656684875,-0.03574183478485793
PPO,75,final,305,3305,-0.6112379610538483,10.0,2.0,0.4483841061592102,0.052826857194304466
PPO,75,final,306,3306,0.1777649760246277,5.0,2.0,0.43587344884872437,-0.015278193051926792
PPO,75,final,307,3307,-0.11713032484054565,6.0,3.0,0.6922706365585327,-0.035012883599847555
PPO,75,final,308,3308,0.08859695911407471,3.0,2.0,0.34837576746940613,-0.0478256365749985
PPO,75,final,309,3309,0.11688859939575197,2.0,2.0,0.3409026563167572,0.009220540639944375
PPO,75,final,310,3310,-0.5170515954494477,10.0,2.0,0.460889607667923,0.04203251749277115
PPO,75,final,311,3311,-0.47015230655670165,10.0,2.0,0.9983210563659668,0.035626474767923355
PPO,75,final,312,3312,-0.00941445231437682,5.0,3.0,0.3220629096031189,-0.01641206839121878
PPO,75,final,313,3313,-0.3904367566108704,10.0,2.0,0.582625687122345,0.0104981055483222
PPO,75,final,314,3314,-0.035236577987670895,3.0,2.0,0.5839454531669617,-0.0008583497256040573
PPO,75,final,315,3315,-0.04256740331649782,7.0,2.0,0.9256723523139954,-0.03910836693830788
PPO,75,final,316,3316,0.09000000000000001,1.0,1.0,0.6787993311882019,0.008676223456859589
PPO,75,final,317,3317,0.09000000000000001,1.0,1.0,0.672317624092102,0.0002522030845284462
PPO,75,final,318,3318,-0.4378871202468872,10.0,2.0,1.0327866077423096,0.041321380995213985
PPO,75,final,319,3319,0.12270124673843386,3.0,2.0,0.40331411361694336,-0.05909423949196935
PPO,75,final,320,3320,0.2168086338043213,2.0,2.0,0.36460310220718384,-0.04375776625238359
PPO,75,final,321,3321,0.13871992349624634,3.0,3.0,0.6960891485214233,-0.0282416136469692
PPO,75,final,322,3322,0.1241032648086548,2.0,2.0,0.5767045021057129,-0.011413321597501636
PPO,75,final,323,3323,-0.1870556080341339,4.0,3.0,0.4553832709789276,0.003239252371713519
PPO,75,final,324,3324,0.2468750548362732,3.0,3.0,0.7065603137016296,0.012281597941182554
PPO,75,final,325,3325,0.1594266664981842,3.0,3.0,0.46065667271614075,-0.03313548839651048
PPO,75,final,326,3326,0.21546216487884523,2.0,2.0,0.7819440960884094,-0.015626939246430993
PPO,75,final,327,3327,0.0256685781478882,2.0,2.0,0.7749086022377014,-0.013801086926832795
PPO,75,final,328,3328,0.03941084623336793,2.0,2.0,0.7291976809501648,-0.07139969593845308
PPO,75,final,329,3329,0.09000000000000001,1.0,1.0,0.4976981580257416,-0.0024698632769286633
PPO,75,final,330,3330,0.09000000000000001,1.0,1.0,0.8406887054443359,-0.001841915538534522
PPO,75,final,331,3331,0.09000000000000001,1.0,1.0,0.19731739163398743,0.0016640574904158711
PPO,75,final,332,3332,0.09000000000000001,1.0,1.0,0.8415635228157043,0.001731780357658863
PPO,75,final,333,3333,0.042963707447051996,5.0,2.0,0.9603471159934998,-0.07971999607980251
PPO,75,final,334,3334,0.09000000000000001,1.0,1.0,0.9146839380264282,-0.007463454967364669
PPO,75,final,335,3335,0.026904718875885025,2.0,2.0,0.6389957070350647,-0.08055019471794367
PPO,75,final,336,3336,0.09000000000000001,1.0,1.0,0.29659780859947205,0.000856307684443891
PPO,75,final,337,3337,0.09000000000000001,1.0,1.0,0.8878642320632935,-0.0013365051709115505
PPO,75,final,338,3338,0.21227789640426636,3.0,3.0,0.9291087985038757,-0.047001016093418
PPO,75,final,339,3339,0.16426615595817567,2.0,2.0,0.3790026605129242,-0.06772133579943329
PPO,75,final,340,3340,0.09000000000000001,1.0,1.0,0.18863043189048767,4.994054324924946e-05
PPO,75,final,341,3341,0.22555975794792177,2.0,2.0,0.3314444422721863,-0.019438042771071196
PPO,75,final,342,3342,-0.00529018878936767,4.0,2.0,0.3041298985481262,-0.04963159598992206
PPO,75,final,343,3343,0.0023844432830810586,3.0,2.0,0.7579565644264221,-0.06711032148450613
PPO,75,final,344,3344,0.09000000000000001,1.0,1.0,0.6434460878372192,-0.004148063191678375
PPO,75,final,345,3345,0.09000000000000001,1.0,1.0,0.7846890091896057,-0.007567731896415353
PPO,75,final,346,3346,0.09000000000000001,1.0,1.0,0.297057569026947,-0.0007005788502283394
PPO,75,final,347,3347,0.09000000000000001,1.0,1.0,0.22073493897914886,-0.003138974483590573
PPO,75,final,348,3348,0.09000000000000001,1.0,1.0,0.3104401230812073,-0.004930411581881344
PPO,75,final,349,3349,0.09000000000000001,1.0,1.0,0.4993383288383484,-0.006484367768280208
PPO,75,final,350,3350,0.1120495367050171,2.0,2.0,1.0130504369735718,-0.05366091849282384
PPO,75,final,351,3351,0.25770498991012575,2.0,2.0,0.665805995464325,-0.08564411057159305
PPO,75,final,352,3352,0.08368776917457582,2.0,2.0,0.3747883141040802,-0.08999543031677604
PPO,75,final,353,3353,0.08896650552749635,2.0,2.0,0.7697017788887024,-0.1413018072489649
PPO,75,final,354,3354,0.21143551349639894,2.0,2.0,0.7683894038200378,0.005104378797113895
PPO,75,final,355,3355,0.09000000000000001,1.0,1.0,0.4479782283306122,-0.007373705506324768
PPO,75,final,356,3356,0.005979219675064082,4.0,3.0,0.35000160336494446,-0.040186082012951374
PPO,75,final,357,3357,0.09000000000000001,1.0,1.0,0.4941385090351105,-0.006296346080489457
PPO,75,final,358,3358,0.09000000000000001,1.0,1.0,0.14292068779468536,-0.006487883045338094
PPO,75,final,359,3359,0.07320714712142945,3.0,3.0,0.6044191122055054,-0.056813583709299564
PPO,75,final,360,3360,0.09000000000000001,1.0,1.0,0.05052943900227547,-0.0008652314136270434
PPO,75,final,361,3361,0.09000000000000001,1.0,1.0,0.2307475358247757,-0.0034371843212284148
PPO,75,final,362,3362,-0.058791081905364986,3.0,2.0,0.8425621390342712,-0.04836759134195745
PPO,75,final,363,3363,0.031714627742767336,4.0,3.0,0.7908958792686462,-0.06263611163012683
PPO,75,final,364,3364,0.028758602142333993,2.0,2.0,0.609753429889679,-0.10526134725660086
PPO,75,final,365,3365,0.09000000000000001,1.0,1.0,0.8385016322135925,-0.010537932394072413
PPO,75,final,366,3366,0.14004229187965395,2.0,2.0,0.3803672194480896,-0.029382942826487124
PPO,75,final,367,3367,0.09000000000000001,1.0,1.0,0.24180638790130615,-5.768417031504214e-05
PPO,75,final,368,3368,0.09000000000000001,1.0,1.0,0.3343317210674286,-0.0009654191962908953
PPO,75,final,369,3369,0.09000000000000001,1.0,1.0,0.8680752515792847,-0.005313201807439327
PPO,75,final,370,3370,0.09000000000000001,1.0,1.0,0.2858182489871979,-0.0009935604903148487
PPO,75,final,371,3371,0.09000000000000001,1.0,1.0,0.3393253684043884,-0.004320927546359599
PPO,75,final,372,3372,0.2122370767593384,2.0,2.0,1.0219228267669678,-0.034586583846248686
PPO,75,final,373,3373,0.09000000000000001,1.0,1.0,0.867213785648346,-0.009637583047151566
PPO,75,final,374,3374,0.09000000000000001,1.0,1.0,0.6443118453025818,-0.00525948905851692
PPO,75,final,375,3375,0.09000000000000001,1.0,1.0,0.07794936746358871,-0.0026498694205656648
PPO,75,final,376,3376,0.09000000000000001,1.0,1.0,0.15418052673339844,-0.006145447259768844
PPO,75,final,377,3377,0.12636590957641602,4.0,3.0,0.9996523857116699,-0.02220479480456561
PPO,75,final,378,3378,0.09000000000000001,1.0,1.0,0.7121425867080688,-0.010354788973927498
PPO,75,final,379,3379,0.09000000000000001,1.0,1.0,0.9064657092094421,-0.008370888652279973
PPO,75,final,380,3380,0.09000000000000001,1.0,1.0,0.700584888458252,-0.011581771075725555
PPO,75,final,381,3381,0.09000000000000001,1.0,1.0,0.5482037663459778,-0.006086291396059096
PPO,75,final,382,3382,0.09000000000000001,1.0,1.0,0.5362093448638916,-0.011732126586139202
PPO,75,final,383,3383,0.18511237382888795,2.0,2.0,0.6937411427497864,-0.05629419221077114
PPO,75,final,384,3384,0.11867881536483765,3.0,3.0,0.8065060973167419,-0.04563659685663879
PPO,75,final,385,3385,0.09000000000000001,1.0,1.0,0.17780901491641998,-0.00990212894976139
PPO,75,final,386,3386,0.09000000000000001,1.0,1.0,0.6360846757888794,-0.007074232678860426
PPO,75,final,387,3387,0.21297426700592043,2.0,2.0,0.7503947615623474,-0.08521889429539442
PPO,75,final,388,3388,0.09000000000000001,1.0,1.0,0.3404066264629364,-0.008062993409112096
PPO,75,final,389,3389,0.09000000000000001,1.0,1.0,0.09445299953222275,-0.010359053034335375
PPO,75,final,390,3390,-0.08837996482849121,6.0,3.0,0.4387785792350769,-0.02239670290146023
PPO,75,final,391,3391,0.09000000000000001,1.0,1.0,0.13151614367961884,-0.011600987752899528
PPO,75,final,392,3392,0.09000000000000001,1.0,1.0,0.4248201549053192,-0.013690111227333546
PPO,75,final,393,3393,-0.08733874082565309,7.0,4.0,0.5481716394424438,-0.018672125414013863
PPO,75,final,394,3394,0.1274505424499512,2.0,2.0,0.6887174844741821,-0.062304921564646065
PPO,75,final,395,3395,0.09000000000000001,1.0,1.0,0.3608398735523224,-0.011440446833148599
PPO,75,final,396,3396,-0.36602740287780766,10.0,2.0,1.1115442514419556,0.08018781244754791
PPO,75,final,397,3397,-0.04862556934356689,3.0,2.0,0.8678966164588928,-0.07546079531311989
PPO,75,final,398,3398,0.09000000000000001,1.0,1.0,0.2813780605792999,-0.010597965447232127
PPO,75,final,399,3399,0.13773174762725832,2.0,2.0,0.6190302968025208,-0.012696699239313602
PPO,75,final,400,3400,-0.048072025775909424,6.0,3.0,0.7408238649368286,-0.061327031813561916
PPO,75,final,401,3401,-0.5234841585159302,10.0,2.0,0.666259229183197,0.08095228299498558
PPO,75,final,402,3402,0.09000000000000001,1.0,1.0,0.10030068457126617,-0.008833448868244886
PPO,75,final,403,3403,0.09000000000000001,1.0,1.0,0.2933538258075714,-0.012912441743537784
PPO,75,final,404,3404,0.023430220484733588,3.0,3.0,0.2166106402873993,-0.04146077041514218
PPO,75,final,405,3405,0.010806281566619877,3.0,2.0,0.18407095968723297,-0.06246328237466514
PPO,75,final,406,3406,-0.12441658735275267,6.0,4.0,0.6783320307731628,-0.04975523380562663
PPO,75,final,407,3407,0.021300436854362503,2.0,2.0,0.2882697284221649,-0.07416968396864831
PPO,75,final,408,3408,0.185694055557251,2.0,2.0,0.29401707649230957,-0.05221138510387391
PPO,75,final,409,3409,0.06329710960388185,2.0,2.0,0.8178755640983582,-0.01430729788262397
PPO,75,final,410,3410,0.13378863215446474,2.0,2.0,0.2976537048816681,-0.013115340727381408
PPO,75,final,411,3411,0.09000000000000001,1.0,1.0,0.8845400810241699,-0.005624511162750423
PPO,75,final,412,3412,0.16011895656585695,3.0,2.0,0.7338595986366272,-0.040564637165516615
PPO,75,final,413,3413,0.18311704874038698,2.0,2.0,0.6714144349098206,-0.0012874712119810283
PPO,75,final,414,3414,-0.3860458612442017,10.0,2.0,1.179861307144165,0.07065865583717823
PPO,75,final,415,3415,0.06307520389556885,3.0,2.0,0.33291932940483093,-0.07634698203764856
PPO,75,final,416,3416,0.0710746216773987,2.0,2.0,0.6194372773170471,-0.009762112371390685
PPO,75,final,417,3417,0.09000000000000001,1.0,1.0,0.5411196947097778,-0.003457880055066198
PPO,75,final,418,3418,0.1673892903327942,2.0,2.0,0.7828540802001953,-0.006749516702257097
PPO,75,final,419,3419,0.1704076099395752,2.0,2.0,0.9981842041015625,-0.07086620392510667
PPO,75,final,420,3420,0.09516789197921754,2.0,2.0,0.8658266067504883,-0.027559082489460707
PPO,75,final,421,3421,0.09000000000000001,1.0,1.0,0.5466449856758118,-0.007958758273161948
PPO,75,final,422,3422,0.0002255010604858554,2.0,2.0,0.9105402827262878,-0.0029886533739045262
PPO,75,final,423,3423,0.061292178630828864,3.0,3.0,0.555822491645813,-0.03397793881595135
PPO,75,final,424,3424,-0.4208688616752625,10.0,2.0,0.7268506288528442,0.07148011028766632
PPO,75,final,425,3425,0.09000000000000001,1.0,1.0,0.36962488293647766,-0.006777137517929077
PPO,75,final,426,3426,0.15649946212768556,2.0,2.0,0.9238439798355103,-0.00512043439084664
PPO,75,final,427,3427,0.2936395871639252,2.0,2.0,0.36870118975639343,-0.011502177105285227
PPO,75,final,428,3428,0.08746709108352663,2.0,2.0,0.8547212481498718,-0.00019085733219981194
PPO,75,final,429,3429,0.19654728651046754,2.0,2.0,0.8224235773086548,-0.0009027610067278147
PPO,75,final,430,3430,-0.36189882755279545,10.0,2.0,0.6964723467826843,0.06700870767235756
PPO,75,final,431,3431,0.09000000000000001,1.0,1.0,0.10715650767087936,-0.004262009519152343
PPO,75,final,432,3432,-0.5338967919349671,10.0,2.0,0.940012514591217,0.07391218096017838
PPO,75,final,433,3433,0.09818512916564942,3.0,3.0,0.49561792612075806,-0.06171097536571324
PPO,75,final,434,3434,0.13179971456527712,2.0,2.0,0.9601423144340515,-0.07096363522578031
PPO,75,final,435,3435,-0.5030614614486695,10.0,2.0,0.8672650456428528,0.06314605288207531
PPO,75,final,436,3436,-0.5076989114284516,10.0,2.0,0.47591331601142883,0.06609754078090191
PPO,75,final,437,3437,0.10247548103332521,2.0,2.0,0.527682363986969,-0.020099634595680982
PPO,75,final,438,3438,-0.5885482907295227,10.0,2.0,0.648023247718811,0.0667655561119318
PPO,75,final,439,3439,-0.364914345741272,10.0,2.0,1.2159576416015625,0.055588798597455025
PPO,75,final,440,3440,-0.32866608977317807,8.0,2.0,0.189131498336792,-0.013083799392916262
PPO,75,final,441,3441,0.09000000000000001,1.0,1.0,0.2044280618429184,-0.00474303332157433
PPO,75,final,442,3442,0.07153508245944978,2.0,2.0,0.13174572587013245,-0.02127189375460148
PPO,75,final,443,3443,0.07446469545364381,2.0,2.0,0.2764682471752167,-0.02361877402290702
PPO,75,final,444,3444,-0.565722393989563,10.0,2.0,1.093104362487793,0.05879458878189325
PPO,75,final,445,3445,0.10983188629150392,2.0,2.0,0.5732241868972778,-0.013381366734392941
PPO,75,final,446,3446,-0.5826158404350281,10.0,2.0,0.6805641055107117,0.05757449474185705
PPO,75,final,447,3447,0.2420161533355713,2.0,2.0,0.6064892411231995,-0.0522551410831511
PPO,75,final,448,3448,0.2933895754814148,2.0,2.0,0.7239694595336914,-0.049870613031089306
PPO,75,final,449,3449,-0.5643680572509766,10.0,2.0,0.7758241295814514,0.05478455778211355
PPO,75,final,450,3450,-0.5567164301872254,10.0,2.0,0.5547913908958435,0.04063729150220752
PPO,75,final,451,3451,-0.43395017385482787,10.0,2.0,0.5995831489562988,0.046587033197283745
PPO,75,final,452,3452,-0.6141000866889954,10.0,2.0,1.0275404453277588,0.05273815430700779
PPO,75,final,453,3453,-0.23583021163940432,10.0,2.0,0.573728084564209,-0.010946047957986593
PPO,75,final,454,3454,-0.6428314328193666,10.0,2.0,0.8758789300918579,0.049873058684170246
PPO,75,final,455,3455,-0.5053565979003907,10.0,2.0,0.725802481174469,0.040799823589622974
PPO,75,final,456,3456,-0.2566965579986572,5.0,2.0,0.8274003863334656,-0.013807661831378937
PPO,75,final,457,3457,0.07071410298347475,2.0,2.0,0.18003079295158386,-0.05155389220453799
PPO,75,final,458,3458,-0.01875583410263061,3.0,2.0,0.5707622766494751,-0.06410755531396717
PPO,75,final,459,3459,-0.6351215124130251,10.0,2.0,0.43582937121391296,0.041684660129249096
PPO,75,final,460,3460,0.032686548233032235,2.0,2.0,0.3383770287036896,-0.04308499174658209
PPO,75,final,461,3461,0.010201358795166024,5.0,2.0,0.7472625374794006,-0.06191831245087087
PPO,75,final,462,3462,0.04706378936767579,4.0,2.0,1.0840214490890503,-0.09564978582784534
PPO,75,final,463,3463,0.15714256644248964,2.0,2.0,0.2507581114768982,0.023568255826830864
PPO,75,final,464,3464,-0.3382545590400696,10.0,2.0,0.9389296174049377,0.029542910866439342
PPO,75,final,465,3465,0.04946442127227784,2.0,2.0,0.4672585427761078,-0.020090717589482665
PPO,75,final,466,3466,0.09000000000000001,1.0,1.0,0.29993554949760437,0.007676432142034173
PPO,75,final,467,3467,0.09000000000000001,1.0,1.0,0.7693166136741638,0.0031154011376202106
PPO,75,final,468,3468,0.09000000000000001,1.0,1.0,0.2131788581609726,0.00817786785773933
PPO,75,final,469,3469,0.09000000000000001,1.0,1.0,0.11200586706399918,0.010408960049971938
PPO,75,final,470,3470,-0.02189735889434813,2.0,2.0,0.6422039866447449,-0.06593428715132177
PPO,75,final,471,3471,0.15862507343292237,3.0,3.0,0.8063893914222717,-0.019503547227941453
PPO,75,final,472,3472,0.09000000000000001,1.0,1.0,0.5350953340530396,0.004011276294477284
PPO,75,final,473,3473,0.13792230367660524,2.0,2.0,0.794826865196228,-0.04717223020270467
PPO,75,final,474,3474,0.2271294164657593,2.0,2.0,1.0492664575576782,0.010798421513754874
PPO,75,final,475,3475,0.18717320442199709,2.0,2.0,0.6243628263473511,-0.015243031550198793
PPO,75,final,476,3476,-0.12757041335105895,3.0,3.0,0.6127966642379761,-0.02818954794202
PPO,75,final,477,3477,0.09000000000000001,1.0,1.0,0.09103108942508698,0.006913630058988929
PPO,75,final,478,3478,0.13648773193359376,4.0,3.0,0.7505168914794922,-0.026606698986142874
PPO,75,final,479,3479,0.240584032535553,2.0,2.0,0.6212943196296692,0.013089036452583969
PPO,75,final,480,3480,-0.4275922656059265,10.0,2.0,0.7512410879135132,0.04703131318092346
PPO,75,final,481,3481,0.11492730855941774,2.0,2.0,0.8223475813865662,-0.020863351761363447
PPO,75,final,482,3482,0.09000000000000001,1.0,1.0,0.6097666621208191,-0.00723146996460855
PPO,75,final,483,3483,0.23860586404800416,3.0,3.0,0.650963306427002,-0.012063867878168821
PPO,75,final,484,3484,0.11631168842315676,3.0,2.0,0.7299566268920898,-0.04106812027748674
PPO,75,final,485,3485,0.031745989322662364,3.0,2.0,0.7056912779808044,-0.04195236787199974
PPO,75,final,486,3486,-0.0367286682128906,5.0,3.0,0.5457140207290649,-0.04780211113393307
PPO,75,final,487,3487,0.09000000000000001,1.0,1.0,0.19874809682369232,-0.0012317709624767303
PPO,75,final,488,3488,0.09000000000000001,1.0,1.0,0.3034606873989105,-0.006931700278073549
PPO,75,final,489,3489,0.18824971437454224,3.0,3.0,0.7766761779785156,-0.0007741966983303428
PPO,75,final,490,3490,-0.568130898475647,10.0,2.0,1.0971174240112305,0.052186332643032074
PPO,75,final,491,3491,-0.03913350939750672,4.0,3.0,0.512606680393219,-0.036791443009860814
PPO,75,final,492,3492,0.09000000000000001,1.0,1.0,0.46600764989852905,-0.007568450295366347
PPO,75,final,493,3493,0.10328032255172731,2.0,2.0,0.5622247457504272,-0.029979770188219845
PPO,75,final,494,3494,-0.07870321750640867,3.0,3.0,0.8382876515388489,-0.0691418971400708
PPO,75,final,495,3495,0.04038407087326051,2.0,2.0,0.6461105346679688,-0.10138776223175228
PPO,75,final,496,3496,0.04810096502304078,2.0,2.0,0.5500217080116272,-0.048607923556119204
PPO,75,final,497,3497,0.09000000000000001,1.0,1.0,0.9024801254272461,-0.006291510188020766
PPO,75,final,498,3498,0.19471021175384523,2.0,2.0,0.6336184144020081,-0.013401129748672247
PPO,75,final,499,3499,0.03494103431701661,2.0,2.0,1.0559066534042358,-0.08516673883423209
PPO,75,final,500,3500,0.03629665255546571,2.0,2.0,0.4141235947608948,-0.06308154412545264
PPO,75,final,501,3501,0.09000000000000001,1.0,1.0,0.26883119344711304,0.0003938793670386076
PPO,75,final,502,3502,0.09000000000000001,1.0,1.0,0.13613899052143097,0.0025072703137993813
PPO,75,final,503,3503,0.09000000000000001,1.0,1.0,0.7507197260856628,-0.0060935759684070945
PPO,75,final,504,3504,0.09000000000000001,1.0,1.0,0.17632468044757843,0.0013216454535722733
PPO,75,final,505,3505,0.09000000000000001,1.0,1.0,0.4887252151966095,-0.0007659750990569592
PPO,75,final,506,3506,0.23144807100296022,2.0,2.0,0.8531500697135925,-0.04988346411846578
PPO,75,final,507,3507,0.19016212940216065,3.0,3.0,1.0739524364471436,-0.050709018716588616
PPO,75,final,508,3508,0.09000000000000001,1.0,1.0,1.0152939558029175,-0.01026069256477058
PPO,75,final,509,3509,0.012827591896057144,2.0,2.0,0.8327983617782593,-0.06624925951473415
PPO,75,final,510,3510,0.09000000000000001,1.0,1.0,0.22150090336799622,0.0023440778022632003
PPO,75,final,511,3511,0.09000000000000001,1.0,1.0,0.39625802636146545,0.0005362870870158076
PPO,75,final,512,3512,0.09000000000000001,1.0,1.0,0.11975792795419693,0.002010199357755482
PPO,75,final,513,3513,0.09000000000000001,1.0,1.0,0.47621259093284607,-0.0010824814671650529
PPO,75,final,514,3514,0.09000000000000001,1.0,1.0,0.8358822464942932,-0.00599213398527354
PPO,75,final,515,3515,0.09000000000000001,1.0,1.0,0.2519986629486084,0.0002910023322328925
PPO,75,final,516,3516,0.1664827632904053,2.0,2.0,0.4544758200645447,-0.035689268028363585
PPO,75,final,517,3517,0.09000000000000001,1.0,1.0,0.4105069041252136,-0.0009879267890937626
PPO,75,final,518,3518,0.09000000000000001,1.0,1.0,0.11202893406152725,-0.0035134817007929087
PPO,75,final,519,3519,0.22417654275894167,2.0,2.0,0.8734201788902283,-0.12469591153785586
PPO,75,final,520,3520,0.09000000000000001,1.0,1.0,0.34753507375717163,-0.012023660354316235
PPO,75,final,521,3521,-0.08347265243530273,2.0,2.0,0.5928349494934082,-0.09557438967749476
PPO,75,final,522,3522,0.44929898500442506,3.0,3.0,0.8024113774299622,-0.041739656124264
PPO,75,final,523,3523,-0.01842208027839659,2.0,2.0,0.3469087481498718,-0.04482069052755833
PPO,75,final,524,3524,0.09000000000000001,1.0,1.0,0.35162606835365295,-0.012302832212299109
PPO,75,final,525,3525,0.09000000000000001,1.0,1.0,0.23178349435329437,-0.007780488580465317
PPO,75,final,526,3526,-0.07977942943572998,2.0,2.0,0.5133227109909058,-0.07893651409540325
PPO,75,final,527,3527,0.01573757052421572,3.0,3.0,0.5296723246574402,-0.10733246756717563
PPO,75,final,528,3528,0.09000000000000001,1.0,1.0,0.23914341628551483,-0.0011758506880141795
PPO,75,final,529,3529,0.09000000000000001,1.0,1.0,0.4254923164844513,-0.009704620344564319
PPO,75,final,530,3530,0.09000000000000001,1.0,1.0,0.12094905227422714,-0.0001482171064708382
PPO,75,final,531,3531,-0.007180743217468241,3.0,3.0,0.912347137928009,-0.05805123271420598
PPO,75,final,532,3532,0.09000000000000001,1.0,1.0,0.02369764819741249,9.570745169185102e-05
PPO,75,final,533,3533,0.09000000000000001,1.0,1.0,0.1626005619764328,0.00039381747774314135
PPO,75,final,534,3534,0.3580577838420868,2.0,2.0,0.4288232624530792,-0.02790944476146251
PPO,75,final,535,3535,0.23947848558425905,2.0,2.0,0.6528527140617371,-0.0738795273937285
PPO,75,final,536,3536,0.09000000000000001,1.0,1.0,0.5089151263237,-0.008207546779885888
PPO,75,final,537,3537,0.09000000000000001,1.0,1.0,0.12652935087680817,-0.004988363012671471
PPO,75,final,538,3538,0.09000000000000001,1.0,1.0,0.3952089846134186,-0.009193347301334143
PPO,75,final,539,3539,0.09000000000000001,1.0,1.0,0.24669349193572998,-0.0068469379330053926
PPO,75,final,540,3540,0.03437215805053712,3.0,3.0,0.6102387309074402,-0.03261216380633414
PPO,75,final,541,3541,0.09210117340087892,2.0,2.0,0.7933783531188965,-0.04958837223239243
PPO,75,final,542,3542,0.12414618015289308,2.0,2.0,0.640552818775177,-0.08494735741987824
PPO,75,final,543,3543,0.08445127725601197,3.0,2.0,0.5185244679450989,0.020095288287848234
PPO,75,final,544,3544,0.2304814624786377,2.0,2.0,0.40066760778427124,-0.040027765557169914
PPO,75,final,545,3545,0.09000000000000001,1.0,1.0,0.29455262422561646,-0.011392021086066961
PPO,75,final,546,3546,0.059502143859863285,3.0,2.0,0.7667195200920105,-0.04467734725039918
PPO,75,final,547,3547,-0.06239465713500976,4.0,2.0,0.6538160443305969,-0.05891627009259537
PPO,75,final,548,3548,0.03223831176757814,3.0,3.0,0.8027339577674866,-0.09453546511940658
PPO,75,final,549,3549,-0.3003561973571778,10.0,2.0,1.0303584337234497,0.06966595724225044
PPO,75,final,550,3550,0.23657860040664674,2.0,2.0,0.5854580998420715,-0.015161375980824232
PPO,75,final,551,3551,0.09000000000000001,1.0,1.0,0.5728358030319214,-0.008098710211925209
PPO,75,final,552,3552,-0.5070118039846421,10.0,2.0,0.18813051283359528,0.07308629341423512
PPO,75,final,553,3553,0.17597277641296388,2.0,2.0,0.884864866733551,-0.053083203034475446
PPO,75,final,554,3554,0.09000000000000001,1.0,1.0,0.25253352522850037,-0.006603226298466325
PPO,75,final,555,3555,-0.39315729141235356,10.0,2.0,1.1446936130523682,0.0666784942150116
PPO,75,final,556,3556,0.09000000000000001,1.0,1.0,0.31209418177604675,-0.005783783970400691
PPO,75,final,557,3557,-0.17044868946075437,8.0,2.0,0.6647230982780457,-0.01771202846430242
PPO,75,final,558,3558,-0.5652643918991089,10.0,2.0,0.9558234810829163,0.0723709873855114
PPO,75,final,559,3559,-0.44051097631454467,10.0,2.0,0.7413023710250854,0.061517137102782726
PPO,75,final,560,3560,0.1539121437072754,2.0,2.0,0.3606041371822357,-0.04441005608532578
PPO,75,final,561,3561,-0.03980750918388366,8.0,3.0,0.48265841603279114,-0.01647879194933921
PPO,75,final,562,3562,0.09000000000000001,1.0,1.0,0.5409066081047058,-0.004613854340277612
PPO,75,final,563,3563,0.26734002113342287,2.0,2.0,0.7892781496047974,-0.014438380021601915
PPO,75,final,564,3564,-0.4947222352027893,10.0,2.0,0.7758646011352539,0.06168054137378931
PPO,75,final,565,3565,-0.14200302004814147,4.0,3.0,0.30658602714538574,-0.03356224996969104
PPO,75,final,566,3566,0.1241797995567322,3.0,2.0,0.5090405941009521,-0.01557212567422539
PPO,75,final,567,3567,-0.6342319726943971,10.0,2.0,1.0840480327606201,0.06650351546704769
PPO,75,final,568,3568,0.04926254272460938,3.0,2.0,0.6998502612113953,-0.09955740300938487
PPO,75,final,569,3569,0.01591014623641969,4.0,4.0,0.49216228723526,-0.04959514201618731
PPO,75,final,570,3570,-0.43263481855392455,10.0,2.0,0.5931394696235657,0.050938963890075684
PPO,75,final,571,3571,-0.4865550875663757,10.0,2.0,0.5061219930648804,0.056729101575911045
PPO,75,final,572,3572,0.18992419719696046,2.0,2.0,0.5578696131706238,-0.052545768674463034
PPO,75,final,573,3573,0.09000000000000001,1.0,1.0,0.06961412727832794,-0.002200429793447256
PPO,75,final,574,3574,-0.22410008668899534,6.0,2.0,1.0275404453277588,-0.023566056392155588
PPO,75,final,575,3575,-0.16780899822711942,6.0,2.0,0.2372647225856781,-0.042425110237672925
PPO,75,final,576,3576,-0.2795718193054199,5.0,3.0,0.6110290884971619,-0.058252343675121665
PPO,75,final,577,3577,0.1361208724975586,2.0,2.0,1.0693241357803345,0.019847427494823933
PPO,75,final,578,3578,0.07838512182235718,3.0,3.0,0.4192773401737213,-0.03782554704230279
PPO,75,final,579,3579,0.3898115944862366,3.0,2.0,0.9719024300575256,0.016184206819161773
PPO,75,final,580,3580,0.255479531288147,2.0,2.0,0.9196149110794067,-0.004045267007313669
PPO,75,final,581,3581,0.09000000000000001,1.0,1.0,0.4504251778125763,-0.0056742343585938215
PPO,75,final,582,3582,0.09000000000000001,1.0,1.0,0.7478694915771484,-0.003885050769895315
PPO,75,final,583,3583,0.23613561868667604,2.0,2.0,0.29215267300605774,-0.0812001118902117
PPO,75,final,584,3584,0.007142521142959615,3.0,3.0,0.3663932681083679,-0.059800895396620035
PPO,75,final,585,3585,0.03922243088483811,3.0,2.0,0.07856375724077225,-0.05109553528018296
PPO,75,final,586,3586,0.1546341943740845,2.0,2.0,0.7840865254402161,-0.00547733367420733
PPO,75,final,587,3587,-0.28136171102523805,10.0,4.0,0.5953507423400879,-0.0005715414881706238
PPO,75,final,588,3588,0.03751374006271364,3.0,3.0,0.6757841110229492,-0.08029466774314642
PPO,75,final,589,3589,-0.04927781045436859,2.0,2.0,0.3263147175312042,-0.11748134600929916
PPO,75,final,590,3590,0.22251941442489626,2.0,2.0,0.994888961315155,0.013402323704212904
PPO,75,final,591,3591,0.09000000000000001,1.0,1.0,0.0652538612484932,-0.0023970287293195724
PPO,75,final,592,3592,-0.4739542603492737,10.0,3.0,0.6572608351707458,0.02568825031630695
PPO,75,final,593,3593,0.09000000000000001,1.0,1.0,0.7119906544685364,-0.009211725788190961
PPO,75,final,594,3594,0.2074876916408539,3.0,2.0,0.478850394487381,-0.022606519632972777
PPO,75,final,595,3595,0.04467620372772217,3.0,2.0,0.6278453469276428,-0.052024017088115215
PPO,75,final,596,3596,0.09000000000000001,1.0,1.0,0.07041992992162704,-0.006852500839158893
PPO,75,final,597,3597,0.09262456178665163,2.0,2.0,0.528481125831604,-0.023931923555210233
PPO,75,final,598,3598,0.07183058738708498,2.0,2.0,0.5402626991271973,-0.06427686125971377
PPO,75,final,599,3599,-0.25655104517936705,5.0,3.0,0.49678483605384827,-0.016555134672671556
PPO,75,final,600,3600,0.20423794507980347,3.0,3.0,0.6216006278991699,-0.0102817602455616
PPO,75,final,601,3601,0.09000000000000001,1.0,1.0,0.486757755279541,-0.009281565435230732
PPO,75,final,602,3602,0.09000000000000001,1.0,1.0,0.2783668041229248,-0.0051299105398356915
PPO,75,final,603,3603,0.14967234611511232,2.0,2.0,0.8275443911552429,-0.047818888910114765
PPO,75,final,604,3604,0.09000000000000001,1.0,1.0,0.3302290141582489,-0.009802811779081821
PPO,75,final,605,3605,0.07040115356445314,4.0,2.0,1.0112961530685425,-0.02708668797276914
PPO,75,final,606,3606,0.09000000000000001,1.0,1.0,0.41154590249061584,-0.009910864755511284
PPO,75,final,607,3607,0.004915008544921884,4.0,3.0,0.5759209990501404,-0.04260981362313032
PPO,75,final,608,3608,0.09000000000000001,1.0,1.0,0.3102022111415863,-0.0049588639521971345
PPO,75,final,609,3609,-0.2787245988845825,10.0,4.0,0.4601849615573883,-0.01747669407632202
PPO,75,final,610,3610,0.03852953672409057,9.0,3.0,0.6112679839134216,-0.053917512530460954
PPO,75,final,611,3611,0.09000000000000001,1.0,1.0,0.8135727047920227,-0.004711739136837423
PPO,75,final,612,3612,0.028872309178113946,2.0,2.0,0.11323289573192596,-0.0792053043260239
PPO,75,final,613,3613,0.09000000000000001,1.0,1.0,0.8560754656791687,-0.008917646715417504
PPO,75,final,614,3614,0.09000000000000001,1.0,1.0,0.1636839210987091,0.0001909042475745082
PPO,75,final,615,3615,0.09000000000000001,1.0,1.0,0.3739810585975647,-0.004964350140653551
PPO,75,final,616,3616,0.18738932132720948,3.0,3.0,0.8318478465080261,-0.03800760651938617
PPO,75,final,617,3617,0.2519334125518799,2.0,2.0,0.5788118243217468,-0.07669949438422918
PPO,75,final,618,3618,0.09000000000000001,1.0,1.0,0.45844730734825134,-0.003434668993577361
PPO,75,final,619,3619,0.1599750089645386,2.0,2.0,1.244170904159546,-0.07326048123650253
PPO,75,final,620,3620,0.09000000000000001,1.0,1.0,0.2922784388065338,-0.008004127186723053
PPO,75,final,621,3621,-0.446766722202301,10.0,2.0,0.5418299436569214,0.06490247696638107
PPO,75,final,622,3622,0.05624773025512696,3.0,2.0,0.32217326760292053,-0.08126781415194273
PPO,75,final,623,3623,0.09000000000000001,1.0,1.0,0.15806840360164642,-0.005068177357316017
PPO,75,final,624,3624,-0.0433373975753784,3.0,3.0,0.30328354239463806,-0.06423118128441274
PPO,75,final,625,3625,0.09000000000000001,1.0,1.0,0.13044549524784088,-0.004147087631281465
PPO,75,final,626,3626,0.09000000000000001,1.0,1.0,0.32051631808280945,-0.0018411222845315933
PPO,75,final,627,3627,-0.0513107466697693,8.0,2.0,0.762405276298523,-0.03224497486371547
PPO,75,final,628,3628,0.140117666721344,4.0,2.0,0.4244709610939026,-0.07990318298107013
PPO,75,final,629,3629,0.17206372499465944,2.0,2.0,0.4150688648223877,-0.010439549398142844
PPO,75,final,630,3630,-0.5481327056884766,10.0,2.0,0.9430699348449707,0.07005981914699078
PPO,75,final,631,3631,-0.0063255275785922965,3.0,2.0,0.08495601266622543,-0.0313002917682752
PPO,75,final,632,3632,-0.5803009152412415,10.0,2.0,0.6372857093811035,0.06604436226189137
PPO,75,final,633,3633,0.0475675928592682,2.0,2.0,0.2893860936164856,-0.056702638510614634
PPO,75,final,634,3634,-0.4603713631629944,10.0,2.0,0.9767581820487976,0.06027982383966446
PPO,75,final,635,3635,-0.008880295753478998,4.0,2.0,0.353030264377594,-0.07483418507035822
PPO,75,final,636,3636,-0.12634103059768675,6.0,3.0,0.8024517893791199,-0.04281706135952845
PPO,75,final,637,3637,0.2714278864860535,2.0,2.0,0.5097140073776245,0.005712546641007066
PPO,75,final,638,3638,0.16440638065338137,4.0,2.0,0.4880351424217224,-0.009083295590244234
PPO,75,final,639,3639,-0.568783986568451,10.0,2.0,0.9223735928535461,0.06152128241956234
PPO,75,final,640,3640,0.09000000000000001,1.0,1.0,0.20689956843852997,0.0024927318445406854
PPO,75,final,641,3641,0.13298343300819399,2.0,2.0,0.324679434299469,-0.06129694514675066
PPO,75,final,642,3642,0.09000000000000001,1.0,1.0,0.16483855247497559,0.0024744137772358954
PPO,75,final,643,3643,0.061203943490982064,2.0,2.0,0.14593233168125153,-0.011530016316100955
PPO,75,final,644,3644,0.09000000000000001,1.0,1.0,0.2736433446407318,0.0022652121260762215
PPO,75,final,645,3645,0.09000000000000001,1.0,1.0,0.32411089539527893,-0.0037230258458293974
PPO,75,final,646,3646,0.09000000000000001,1.0,1.0,0.2918899953365326,0.003281022945884615
PPO,75,final,647,3647,0.09000000000000001,1.0,1.0,0.2585442364215851,0.0034680517856031656
PPO,75,final,648,3648,0.2705077695846558,2.0,2.0,0.6603626608848572,0.008277857210487127
PPO,75,final,649,3649,0.1712928581237793,2.0,2.0,1.0304044485092163,-0.06926707015372813
PPO,75,final,650,3650,0.09000000000000001,1.0,1.0,0.5484689474105835,-0.005647963960655034
PPO,75,final,651,3651,0.3189845848083496,2.0,2.0,0.6457242965698242,-0.01027031964622438
PPO,75,final,652,3652,0.09765400171279909,2.0,2.0,0.6141592264175415,-0.07137113390490413
PPO,75,final,653,3653,-0.4198537945747376,10.0,2.0,0.7494449019432068,0.0617760019376874
PPO,75,final,654,3654,-0.5554242014884949,10.0,2.0,0.7044410705566406,0.06701966561377048
PPO,75,final,655,3655,0.00798969388008118,3.0,2.0,0.48557183146476746,-0.026147305499762297
PPO,75,final,656,3656,0.2825277614593506,2.0,2.0,0.5028527975082397,0.0075266300700604916
PPO,75,final,657,3657,-0.4621379256248474,10.0,2.0,0.6877418160438538,0.06050073355436325
PPO,75,final,658,3658,-0.5561948895454407,10.0,2.0,0.6716744303703308,0.06393861956894398
PPO,75,final,659,3659,0.09292073726654054,2.0,2.0,0.10444561392068863,-0.022395304054953158
PPO,75,final,660,3660,-0.19752081871032717,9.0,2.0,0.40068429708480835,0.010275930631905794
PPO,75,final,661,3661,-0.3741217732429505,10.0,2.0,0.8550190329551697,0.05279917269945145
PPO,75,final,662,3662,-0.4679389476776123,10.0,2.0,0.7018810510635376,0.055059343576431274
PPO,75,final,663,3663,-0.2904064357280732,10.0,3.0,0.34753021597862244,0.02514702919870615
PPO,75,final,664,3664,-0.4914653778076172,10.0,2.0,0.6469765901565552,0.05314104538410902
PPO,75,final,665,3665,-0.05201030611991882,4.0,2.0,0.48557183146476746,-0.04740776726976037
PPO,75,final,666,3666,-0.6035609424114228,10.0,2.0,0.5511542558670044,0.055438099429011345
PPO,75,final,667,3667,0.0019772616028785744,3.0,2.0,0.09862355887889862,-0.08307177957613021
PPO,75,final,668,3668,0.1152058458328247,4.0,2.0,0.9208568334579468,-0.07755404873751104
PPO,75,final,669,3669,-0.055155851840972894,4.0,2.0,0.6284621953964233,-0.052344562485814095
PPO,75,final,670,3670,0.10938032150268556,2.0,2.0,0.3910520076751709,0.014912914019078016
PPO,75,final,671,3671,0.07001204967498781,2.0,2.0,0.44944795966148376,0.0022916666930541396
PPO,75,final,672,3672,0.03221123099327088,2.0,2.0,0.32190656661987305,-0.07932352414354682
PPO,75,final,673,3673,0.00157584428787233,2.0,2.0,0.36318591237068176,-0.08166724420152605
PPO,75,final,674,3674,-0.22171464920043943,6.0,2.0,0.6388388872146606,-0.039434734324458987
PPO,75,final,675,3675,0.15772383093833925,2.0,2.0,0.4978453814983368,0.008595598628744483
PPO,75,final,676,3676,-0.42186855077743535,10.0,2.0,0.738282322883606,0.03657753113657236
PPO,75,final,677,3677,0.1260782051086426,2.0,2.0,0.5998167395591736,-0.07366998470388353
PPO,75,final,678,3678,0.5772341060638427,2.0,2.0,0.42466169595718384,0.06968148332089186
PPO,75,final,679,3679,-0.10698691368103026,6.0,2.0,0.5928818583488464,0.056774908443912864
PPO,75,final,680,3680,-0.1429245400428772,3.0,3.0,0.41222697496414185,-0.04739402234554291
PPO,75,final,681,3681,-0.5212639451026917,10.0,2.0,0.6783401370048523,0.036006982903927565
PPO,75,final,682,3682,0.16215415477752687,2.0,2.0,0.7512197494506836,-0.061557267094030976
PPO,75,final,683,3683,-0.10385069608688353,6.0,2.0,0.8559168577194214,-0.004692786606028676
PPO,75,final,684,3684,-0.16424826145172117,6.0,2.0,0.7994278073310852,-0.028338073170743883
PPO,75,final,685,3685,0.05756016492843628,3.0,2.0,0.3229842483997345,-0.08912207651883364
PPO,75,final,686,3686,0.19312764883041383,2.0,2.0,0.5551256537437439,0.023323298431932926
PPO,75,final,687,3687,-0.6340933322906496,10.0,2.0,1.030301809310913,0.05449194088578224
PPO,75,final,688,3688,0.09823154330253603,3.0,2.0,0.41231346130371094,-0.044077019090764225
PPO,75,final,689,3689,-0.522388505935669,10.0,2.0,0.7387155890464783,0.04783516190946102
PPO,75,final,690,3690,0.007219569683074967,2.0,2.0,0.3470541536808014,-0.07013852777890861
PPO,75,final,691,3691,-0.05917922019958495,6.0,2.0,0.8389148116111755,-0.06081674975575879
PPO,75,final,692,3692,0.1634561884403229,2.0,2.0,0.43760767579078674,0.0158791474532336
PPO,75,final,693,3693,0.0626214909553528,2.0,2.0,0.5718628168106079,0.0025633395998738706
PPO,75,final,694,3694,0.0995138454437256,2.0,2.0,0.34133532643318176,-0.03838881978299469
PPO,75,final,695,3695,0.17111016988754274,2.0,2.0,0.7092705965042114,0.0006598939653486013
PPO,75,final,696,3696,0.09000000000000001,1.0,1.0,0.19488942623138428,0.0077674201456829906
PPO,75,final,697,3697,0.16579838514328005,3.0,2.0,0.8675493597984314,-0.012335573555901647
PPO,75,final,698,3698,0.06710617423057558,2.0,2.0,0.29674890637397766,0.005451104254461825
PPO,75,final,699,3699,0.12425185918807985,2.0,2.0,0.5239043831825256,0.000975930190179497
PPO,75,final,700,3700,0.10433632314205171,2.0,2.0,0.2238766849040985,-0.06471797300036997
PPO,75,final,701,3701,0.08302553176879884,2.0,2.0,0.9851728081703186,0.00810738478321582
PPO,75,final,702,3702,0.1792669463157654,2.0,2.0,0.810623824596405,-0.03478646860457957
PPO,75,final,703,3703,0.14856107711791994,2.0,2.0,0.5741945505142212,-0.04067707504145801
PPO,75,final,704,3704,-0.5751914262771607,10.0,2.0,1.2289011478424072,0.05615383945405483
PPO,75,final,705,3705,0.26369469046592714,2.0,2.0,0.355117529630661,-0.031187189044430852
PPO,75,final,706,3706,-0.5226798534393311,10.0,2.0,0.41441527009010315,0.053009684197604656
PPO,75,final,707,3707,0.07337065219879152,2.0,2.0,0.2788628935813904,-0.016309434198774397
PPO,75,final,708,3708,-0.468925404548645,10.0,2.0,0.9250746965408325,0.04933552723377943
PPO,75,final,709,3709,-0.3128390192985535,10.0,2.0,0.7769678235054016,0.04311480652540922
PPO,75,final,710,3710,0.21834792375564577,2.0,2.0,0.2687556743621826,-0.031455154763534665
PPO,75,final,711,3711,-0.5941244244575501,10.0,2.0,0.602939248085022,0.05136436317116022
PPO,75,final,712,3712,-0.5400927543640137,10.0,2.0,0.8313210606575012,0.04778759926557541
PPO,75,final,713,3713,0.28403221249580385,2.0,2.0,0.4871422350406647,-0.03278424357995391
PPO,75,final,714,3714,-0.5803303003311158,10.0,2.0,0.58909672498703,0.04634393285959959
PPO,75,final,715,3715,-0.5064592838287354,10.0,2.0,0.8244985342025757,0.04249849636107683
PPO,75,final,716,3716,-0.5566558122634888,10.0,2.0,0.4506876766681671,0.04282273445278406
PPO,75,final,717,3717,-0.6422084003686906,10.0,2.0,0.26527923345565796,0.04516351316124201
PPO,75,final,718,3718,-0.5328127622604371,10.0,2.0,0.4026806056499481,0.03776812180876732
PPO,75,final,719,3719,-0.4012583374977112,10.0,2.0,0.7501804232597351,0.03095178259536624
PPO,75,final,720,3720,-0.5195317447185517,10.0,2.0,0.12525948882102966,0.03265217039734125
PPO,75,final,721,3721,-0.4629362106323242,10.0,2.0,1.0840214490890503,0.028395420871675014
PPO,75,final,722,3722,-0.5619137763977051,10.0,2.0,0.8160823583602905,0.029608736746013165
PPO,75,final,723,3723,-0.42158495187759404,10.0,2.0,0.7398313283920288,0.022914385423064232
PPO,75,final,724,3724,-0.44389166235923766,10.0,2.0,0.3683679699897766,0.021489551756531
PPO,75,final,725,3725,-0.5674161195755005,10.0,2.0,0.7945284247398376,0.022565696854144335
PPO,75,final,726,3726,-0.49952058792114257,10.0,2.0,0.6994302868843079,0.018971549347043037
PPO,75,final,727,3727,-0.538570511341095,10.0,2.0,0.4591301381587982,0.017584506887942553
PPO,75,final,728,3728,-0.5270778417587281,10.0,2.0,0.7671414017677307,0.0168857853859663
PPO,75,final,729,3729,-0.4362704336643219,10.0,2.0,0.4675048291683197,0.013633711729198694
PPO,75,final,730,3730,-0.4737767457962036,10.0,2.0,1.0224963426589966,0.013428476871922612
PPO,75,final,731,3731,-0.6123400807380677,10.0,2.0,0.7284072041511536,0.016311931423842907
PPO,75,final,732,3732,-0.5615862041711808,10.0,2.0,0.09427561610937119,0.013974618865177035
PPO,75,final,733,3733,-0.5602997422218323,10.0,2.0,0.21882465481758118,0.013321921462193131
PPO,75,final,734,3734,-0.5846293449401856,10.0,2.0,0.3369424343109131,0.013377364026382565
PPO,75,final,735,3735,-0.5121031880378724,10.0,2.0,0.7854636907577515,0.011787567287683487
PPO,75,final,736,3736,-0.005625966489315029,3.0,2.0,0.12790895998477936,0.025209796440321952
PPO,75,final,737,3737,-0.552759337425232,10.0,2.0,0.5811993479728699,0.012540026102215052
PPO,75,final,738,3738,-0.7032866358757021,10.0,2.0,0.6809009909629822,0.017165374476462603
PPO,75,final,739,3739,-0.4959691047668457,10.0,2.0,0.5461481809616089,0.011329560307785869
PPO,75,final,740,3740,-0.5302118539810181,10.0,2.0,0.8435301780700684,0.011923836776986718
PPO,75,final,741,3741,0.05626865655183793,2.0,2.0,0.1283421665430069,0.01965088688302785
PPO,75,final,742,3742,-0.6227728605270387,10.0,2.0,0.7634912133216858,0.014430840266868472
PPO,75,final,743,3743,0.09000000000000001,1.0,1.0,0.09931641817092896,0.06978633627295494
PPO,75,final,744,3744,-0.3063223028182983,9.0,2.0,0.549630880355835,-0.018639623653143644
PPO,75,final,745,3745,0.21034462928771974,2.0,2.0,0.6358166337013245,0.08170233480632305
PPO,75,final,746,3746,0.34502308249473573,2.0,2.0,0.48899248242378235,0.09606324136257172
PPO,75,final,747,3747,-0.06661460161209105,6.0,2.0,0.7527527809143066,-0.020009734900668263
PPO,75,final,748,3748,-0.4610679030418396,10.0,2.0,0.7692728042602539,0.016821108292788267
PPO,75,final,749,3749,-0.06920669317245483,4.0,2.0,0.7763022184371948,-0.03989319084212184
PPO,75,final,750,3750,-0.5426405549049378,10.0,2.0,0.7348991632461548,0.020822009537369013
PPO,75,final,751,3751,0.09000000000000001,1.0,1.0,0.16008475422859192,0.03232899308204651
PPO,75,final,752,3752,0.18301614046096804,3.0,2.0,0.5686722993850708,0.001445298083126545
PPO,75,final,753,3753,-0.5675989866256714,10.0,2.0,1.033020257949829,0.024333038367331028
PPO,75,final,754,3754,0.09000000000000001,1.0,1.0,0.20004451274871826,0.02442141016945243
PPO,75,final,755,3755,0.09000000000000001,1.0,1.0,0.2447011023759842,0.02870693663135171
PPO,75,final,756,3756,-0.40919913649559025,10.0,2.0,0.463466078042984,0.021134821232408285
PPO,75,final,757,3757,0.3543062973022461,2.0,2.0,0.5777232050895691,0.07418500259518623
PPO,75,final,758,3758,0.09000000000000001,1.0,1.0,0.5978570580482483,0.020083392038941383
PPO,75,final,759,3759,0.09000000000000001,1.0,1.0,0.381411075592041,0.020002433098852634
PPO,75,final,760,3760,-0.011340273618698105,2.0,2.0,0.3463454246520996,-0.015820484259165823
PPO,75,final,761,3761,0.012428315281867997,2.0,2.0,0.29456281661987305,-0.00879061984596774
PPO,75,final,762,3762,0.09745170354843141,2.0,2.0,0.7341547012329102,0.022238289937376976
PPO,75,final,763,3763,0.10228242158889772,2.0,2.0,0.6429147720336914,0.011316720047034323
PPO,75,final,764,3764,0.3186941909790039,2.0,2.0,0.8952847719192505,0.031558829825371504
PPO,75,final,765,3765,0.1674593257904053,2.0,2.0,0.7969273328781128,-0.0302074805367738
PPO,75,final,766,3766,-0.49043022394180297,10.0,2.0,0.6605668067932129,0.03891810495406389
PPO,75,final,767,3767,-0.04899552285671234,2.0,2.0,0.37561389803886414,0.01684765354730189
PPO,75,final,768,3768,0.24032624244689943,2.0,2.0,0.9597606658935547,0.001585405902005732
PPO,75,final,769,3769,0.09477256655693056,3.0,2.0,0.45276209712028503,-0.016765874228440225
PPO,75,final,770,3770,-0.32224606275558476,10.0,2.0,0.9075854420661926,0.034709006547927856
PPO,75,final,771,3771,-0.11557183027267455,6.0,2.0,0.9611076712608337,-0.05076179280877113
PPO,75,final,772,3772,-0.6372358679771425,10.0,2.0,0.8146074414253235,0.04590741731226444
PPO,75,final,773,3773,0.3697642254829407,2.0,2.0,0.42957639694213867,0.050399462692439556
PPO,75,final,774,3774,0.18613381862640382,2.0,2.0,1.039732575416565,-0.05324933072552085
PPO,75,final,775,3775,-0.40759645700454716,10.0,2.0,0.6595191955566406,0.035590541549026966
PPO,75,final,776,3776,-0.012573940753936752,2.0,2.0,0.5919122695922852,-0.004133225360419601
PPO,75,final,777,3777,0.038941074609756474,3.0,2.0,0.2707625925540924,-0.06070474802982062
PPO,75,final,778,3778,0.13113458633422853,2.0,2.0,0.6928592324256897,0.027004044270142913
PPO,75,final,779,3779,-0.006438981294631954,3.0,2.0,0.49007123708724976,-0.06757555506192148
PPO,75,final,780,3780,0.09000000000000001,1.0,1.0,0.21584998071193695,0.012905167182907462
PPO,75,final,781,3781,-0.28508144497871396,8.0,2.0,0.33875373005867004,-0.02066052774898708
PPO,75,final,782,3782,0.09000000000000001,1.0,1.0,0.2780613899230957,0.010194793343544006
PPO,75,final,783,3783,0.17904527664184572,2.0,2.0,0.9278780221939087,0.00609148241346702
PPO,75,final,784,3784,0.09000000000000001,1.0,1.0,0.20415671169757843,0.0016746327746659517
PPO,75,final,785,3785,-0.003947954177856441,3.0,2.0,0.5471264719963074,-0.012332774815149605
PPO,75,final,786,3786,0.13161026120185854,2.0,2.0,0.3288688659667969,0.004538706853054464
PPO,75,final,787,3787,0.25703941464424135,2.0,2.0,0.4166351854801178,0.016784088220447302
PPO,75,final,788,3788,-0.4683775186538696,10.0,2.0,0.5432153344154358,0.036430842243134975
PPO,75,final,789,3789,-0.40775607824325566,10.0,2.0,0.46591609716415405,0.04229549039155245
PPO,75,final,790,3790,0.2521518337726593,2.0,2.0,0.31790509819984436,-0.026413647807203233
PPO,75,final,791,3791,0.016721613407135016,3.0,3.0,0.6332988142967224,-0.057524219737388194
PPO,75,final,792,3792,0.13629098892211913,4.0,2.0,0.543035626411438,-0.030067038256675005
PPO,75,final,793,3793,0.47426459908485413,3.0,3.0,0.41286537051200867,0.036922645289450884
PPO,75,final,794,3794,0.10077491581439973,2.0,2.0,0.24595315754413605,-0.021078611025586724
PPO,75,final,795,3795,-0.41283850669860844,10.0,2.0,0.528197169303894,0.04190628882497549
PPO,75,final,796,3796,0.018369005918502823,2.0,2.0,0.40169599652290344,-0.01047062361612916
PPO,75,final,797,3797,-0.6079088926315308,10.0,2.0,1.0196747779846191,0.05021783150732517
PPO,75,final,798,3798,-0.5653148770332337,10.0,2.0,0.7267009019851685,0.047056556679308414
PPO,75,final,799,3799,-0.3613338351249695,10.0,2.0,0.6334298253059387,0.03793735895305872
PPO,75,final,800,3800,0.07255242198705675,2.0,2.0,0.1239084005355835,-0.006374906748533249
PPO,75,final,801,3801,-0.11437473773956298,3.0,2.0,0.6936700940132141,-0.026967945392243564
PPO,75,final,802,3802,0.1562891173362732,2.0,2.0,0.5333479642868042,0.00925300840754062
PPO,75,final,803,3803,-0.4418889880180359,10.0,3.0,0.7974294424057007,0.011449621291831136
PPO,75,final,804,3804,-0.6360469937324525,10.0,2.0,0.6195956468582153,0.04571240954101086
PPO,75,final,805,3805,0.06642200231552126,2.0,2.0,0.515830397605896,-0.011184480914380401
PPO,75,final,806,3806,-0.5322593331336976,10.0,2.0,0.8210101127624512,0.03855080250650644
PPO,75,final,807,3807,0.09000000000000001,1.0,1.0,0.16872301697731018,0.00789902126416564
PPO,75,final,808,3808,0.09000000000000001,1.0,1.0,0.05019335076212883,0.013480884721502662
PPO,75,final,809,3809,-0.4893629431724548,10.0,2.0,0.7947049736976624,0.03687529545277357
PPO,75,final,810,3810,-0.045033656954765314,4.0,2.0,0.19981802999973297,-0.05454138410277665
PPO,75,final,811,3811,0.09000000000000001,1.0,1.0,0.506346583366394,0.009807109599933028
PPO,75,final,812,3812,-0.5185864448547364,10.0,2.0,0.5473257303237915,0.03763630520552397
PPO,75,final,813,3813,0.09000000000000001,1.0,1.0,0.061477430164813995,0.014632147504016757
PPO,75,final,814,3814,-0.38717387914657597,10.0,2.0,0.751357913017273,0.03326602466404438
PPO,75,final,815,3815,0.09000000000000001,1.0,1.0,0.10447931289672852,0.010306412121281028
PPO,75,final,816,3816,0.02508820772171022,2.0,2.0,0.6350983381271362,-0.03134856792166829
PPO,75,final,817,3817,-0.6059571981430054,10.0,2.0,0.9604082703590393,0.0325282895937562
PPO,75,final,818,3818,0.17746718406677248,2.0,2.0,0.30978503823280334,0.006420396326575428
PPO,75,final,819,3819,0.09000000000000001,1.0,1.0,0.21986083686351776,0.007680521113798022
PPO,75,final,820,3820,-0.4318563222885132,10.0,2.0,0.856798529624939,0.02901545912027359
PPO,75,final,821,3821,0.016679393053054825,2.0,2.0,0.5282433032989502,-0.019780595204792917
PPO,75,final,822,3822,0.09000000000000001,1.0,1.0,0.11116457730531693,0.00879478920251131
PPO,75,final,823,3823,-0.24904807686805724,3.0,3.0,0.629764974117279,-0.052125261165201664
PPO,75,final,824,3824,0.13819302797317506,2.0,2.0,0.5795968174934387,-0.061268348479643464
PPO,75,final,825,3825,0.09000000000000001,1.0,1.0,0.10013114660978317,0.008504791418090463
PPO,75,final,826,3826,0.10738929033279421,3.0,2.0,0.7828540802001953,-0.039048745413310826
PPO,75,final,827,3827,-0.6142418861389161,10.0,2.0,0.8196794390678406,0.044913399033248425
PPO,75,final,828,3828,0.1207494902610779,2.0,2.0,0.7952609658241272,0.007954229251481593
PPO,75,final,829,3829,0.03446503162384034,2.0,2.0,0.49789366126060486,0.0057076236116699874
PPO,75,final,830,3830,0.04652880311012269,2.0,2.0,0.46792516112327576,-0.022369505953975022
PPO,75,final,831,3831,-0.5384843230247498,10.0,2.0,0.7478013634681702,0.04202022962272167
PPO,75,final,832,3832,0.010293023586273209,2.0,2.0,0.39842596650123596,-0.007678886118810624
PPO,75,final,833,3833,-0.4327747106552124,10.0,2.0,0.9080647230148315,0.03638255223631859
PPO,75,final,834,3834,0.16394214510917665,2.0,2.0,0.2739964425563812,0.013269152725115418
PPO,75,final,835,3835,0.14912422180175783,2.0,2.0,0.8536475300788879,-0.05419225129298866
PPO,75,final,836,3836,0.09000000000000001,1.0,1.0,0.5244426727294922,0.004586820024996996
PPO,75,final,837,3837,0.08306707620620729,2.0,2.0,0.4957754909992218,0.005722844536649063
PPO,75,final,838,3838,0.07953043937683106,4.0,2.0,0.5890735387802124,-0.10082733223680407
PPO,75,final,839,3839,-0.2515302014350891,7.0,2.0,0.8375595211982727,-0.02461571991443634
PPO,75,final,840,3840,0.012826280593872086,2.0,2.0,0.6843655705451965,-0.07102892722468823
PPO,75,final,841,3841,0.01787629902362825,2.0,2.0,0.2965620160102844,-0.07738194521516562
PPO,75,final,842,3842,0.0689296340942383,4.0,2.0,0.6947492957115173,-0.034700516727752984
PPO,75,final,843,3843,0.09000000000000001,1.0,1.0,0.12370546907186508,0.008949838113039732
PPO,75,final,844,3844,0.2048418986797333,2.0,2.0,0.28975099325180054,-0.03982134140096605
PPO,75,final,845,3845,0.12094392061233522,2.0,2.0,0.5958526730537415,0.01170643512159586
PPO,75,final,846,3846,0.09000000000000001,1.0,1.0,0.17129838466644287,0.007811304414644837
PPO,75,final,847,3847,0.09000000000000001,1.0,1.0,0.4991166889667511,0.006261238013394177
PPO,75,final,848,3848,0.26626153469085695,2.0,2.0,1.0599445104599,-0.04793623695150018
PPO,75,final,849,3849,0.09000000000000001,1.0,1.0,0.593123733997345,0.0013659243704751134
PPO,75,final,850,3850,0.11999653458595277,2.0,2.0,0.409307062625885,0.0026482088724151254
PPO,75,final,851,3851,0.09000000000000001,1.0,1.0,0.1392090618610382,0.004967468907125294
PPO,75,final,852,3852,-0.08076260566711425,3.0,2.0,0.5296393036842346,-0.020492864539846778
PPO,75,final,853,3853,-0.027971005439758306,5.0,2.0,0.1972312033176422,-0.07405131828272715
PPO,75,final,854,3854,-0.49548702239990233,10.0,2.0,1.1513639688491821,0.05399116221815348
PPO,75,final,855,3855,0.09000000000000001,1.0,1.0,0.42950621247291565,0.002969535067677498
PPO,75,final,856,3856,0.09000000000000001,1.0,1.0,0.33122268319129944,0.003894490422680974
PPO,75,final,857,3857,0.13355149507522585,2.0,2.0,0.5135380625724792,0.007943862001411617
PPO,75,final,858,3858,0.20910938262939455,2.0,2.0,1.0157406330108643,-0.00765831972239539
PPO,75,final,859,3859,0.06160499334335328,2.0,2.0,0.4196609556674957,0.005228507041465491
PPO,75,final,860,3860,0.09256361842155458,3.0,2.0,0.4301775395870209,-0.0740364872617647
PPO,75,final,861,3861,-0.13531199455261228,6.0,2.0,0.7392964959144592,-0.040615873818751425
PPO,75,final,862,3862,0.06018968105316163,2.0,2.0,0.44031456112861633,-0.004708601685706526
PPO,75,final,863,3863,0.09000000000000001,1.0,1.0,0.25824713706970215,0.0012539259623736143
PPO,75,final,864,3864,0.09000000000000001,1.0,1.0,0.5579292178153992,0.0014827241539023817
PPO,75,final,865,3865,0.09000000000000001,1.0,1.0,0.3744445741176605,-0.0006386400200426579
PPO,75,final,866,3866,0.09000000000000001,1.0,1.0,0.8661448359489441,-0.0061708950670436025
PPO,75,final,867,3867,0.09000000000000001,1.0,1.0,0.22857962548732758,-0.000539850429049693
PPO,75,final,868,3868,0.09000000000000001,1.0,1.0,0.7912331223487854,-0.0033043717849068344
PPO,75,final,869,3869,0.13853986978530886,3.0,2.0,0.5188981294631958,-0.051788556593237445
PPO,75,final,870,3870,0.09000000000000001,1.0,1.0,0.5277808904647827,-0.005424318369477987
PPO,75,final,871,3871,0.09000000000000001,1.0,1.0,0.12121552973985672,0.0002484864680809551
PPO,75,final,872,3872,0.09000000000000001,1.0,1.0,0.4076530933380127,-0.0014442566607613117
PPO,75,final,873,3873,0.09000000000000001,1.0,1.0,0.4822857677936554,-0.0019738362170755863
PPO,75,final,874,3874,0.09000000000000001,1.0,1.0,0.5512319207191467,-0.00745081587228924
PPO,75,final,875,3875,0.19830079555511476,2.0,2.0,0.9616312980651855,-0.012006950739305466
PPO,75,final,876,3876,0.09000000000000001,1.0,1.0,0.74205482006073,-0.006667779642157257
PPO,75,final,877,3877,0.1309230047464371,2.0,2.0,0.24012021720409393,-0.010276474757120013
PPO,75,final,878,3878,0.09000000000000001,1.0,1.0,0.8425067067146301,-0.01057317410595715
PPO,75,final,879,3879,0.1520963501930237,3.0,2.0,0.9079878926277161,-0.03222379315411672
PPO,75,final,880,3880,0.09000000000000001,1.0,1.0,0.6739138960838318,-0.002948421170003712
PPO,75,final,881,3881,0.15612618803977968,2.0,2.0,0.4528701603412628,-0.003468300448730588
PPO,75,final,882,3882,0.09000000000000001,1.0,1.0,0.09320972859859467,-0.001451020478270948
PPO,75,final,883,3883,-0.43197419643402096,10.0,2.0,0.8005023002624512,0.02733743330463767
PPO,75,final,884,3884,0.09000000000000001,1.0,1.0,0.11883550882339478,4.071989678777754e-05
PPO,75,final,885,3885,0.3159018623828888,2.0,2.0,0.44660863280296326,0.008013130340259522
PPO,75,final,886,3886,0.07341995000839234,4.0,2.0,0.9149895310401917,-0.06481456477195024
PPO,75,final,887,3887,-0.5159267663955689,10.0,2.0,0.6834813356399536,0.05327089037746191
PPO,75,final,888,3888,0.07521619319915772,3.0,2.0,1.0019277334213257,-0.03667121997568756
PPO,75,final,889,3889,0.05981613874435426,2.0,2.0,0.8688451647758484,0.003114423481747508
PPO,75,final,890,3890,0.09000000000000001,1.0,1.0,0.29381027817726135,0.020154704339802265
PPO,75,final,891,3891,0.00771983146667482,2.0,2.0,0.8459779024124146,-0.07812472141813487
PPO,75,final,892,3892,0.09000000000000001,1.0,1.0,0.3671697974205017,0.00016036798479035497
PPO,75,final,893,3893,0.09000000000000001,1.0,1.0,0.8582910895347595,-0.008520954521372914
PPO,75,final,894,3894,0.1347643303871155,2.0,2.0,0.7927495241165161,-0.018024516408331692
PPO,75,final,895,3895,0.17623402357101442,2.0,2.0,0.8380104899406433,-0.057315035024657845
PPO,75,final,896,3896,0.09000000000000001,1.0,1.0,0.15256495773792267,-0.003235522599425167
PPO,75,final,897,3897,0.09000000000000001,1.0,1.0,0.6839561462402344,-0.007721699541434646
PPO,75,final,898,3898,0.056337959766387946,3.0,3.0,0.714287281036377,-0.051903946325182915
PPO,75,final,899,3899,0.15641041278839113,2.0,2.0,0.7914422750473022,-0.07734247494954616
PPO,75,final,900,3900,0.21721001148223879,2.0,2.0,0.7456651329994202,-0.046587260672822595
PPO,75,final,901,3901,-0.08343420505523681,3.0,2.0,0.969179630279541,0.005015624687075615
PPO,75,final,902,3902,-0.005559308528900131,2.0,2.0,0.6032986044883728,-0.04336277209222317
PPO,75,final,903,3903,0.03045995950698853,3.0,2.0,0.579219400882721,-0.09790076536592096
PPO,75,final,904,3904,0.09000000000000001,1.0,1.0,0.8248507380485535,-0.011953108012676239
PPO,75,final,905,3905,0.09424211263656618,2.0,2.0,0.7326525449752808,-0.02176076511386782
PPO,75,final,906,3906,-0.03903131008148193,2.0,2.0,0.9321413040161133,-0.03793503623455763
PPO,75,final,907,3907,0.09000000000000001,1.0,1.0,0.6685060858726501,-0.013431288534775376
PPO,75,final,908,3908,-0.48607903718948364,10.0,3.0,0.7777191996574402,0.035656368592754006
PPO,75,final,909,3909,0.09000000000000001,1.0,1.0,0.8410124778747559,-0.013151084771379828
PPO,75,final,910,3910,0.09000000000000001,1.0,1.0,0.7100672721862793,-0.010571199003607035
PPO,75,final,911,3911,0.04131896018981934,3.0,3.0,1.118921160697937,-0.01862494379747659
PPO,75,final,912,3912,0.1420113015174866,2.0,2.0,0.8989639282226562,-0.021207609795965254
PPO,75,final,913,3913,-0.10069594383239745,5.0,2.0,0.8681100010871887,-0.015371250221505761
PPO,75,final,914,3914,0.09000000000000001,1.0,1.0,0.3719685971736908,-0.012619559420272708
PPO,75,final,915,3915,0.21422044157981873,3.0,3.0,0.36713340878486633,-0.05583914904855192
PPO,75,final,916,3916,0.013714668750762951,4.0,4.0,0.9452692270278931,-0.054915509885177016
PPO,75,final,917,3917,0.009872493743896496,4.0,4.0,0.7378350496292114,-0.059658838203176856
PPO,75,final,918,3918,0.09000000000000001,1.0,1.0,0.37767377495765686,-0.009447436081245542
PPO,75,final,919,3919,-0.010804964303970321,2.0,2.0,0.42361980676651,-0.06640754314139485
PPO,75,final,920,3920,0.19213940382003786,2.0,2.0,0.8354563117027283,-0.04181355447508395
PPO,75,final,921,3921,0.2535559701919556,2.0,2.0,0.9216057062149048,0.00044379656901583076
PPO,75,final,922,3922,-0.4016514301300049,10.0,2.0,0.8328014612197876,0.06519450806081295
PPO,75,final,923,3923,0.23096198558807374,3.0,3.0,0.5953496098518372,-0.05348452506586909
PPO,75,final,924,3924,0.09000000000000001,1.0,1.0,0.8941527009010315,-0.011381485499441624
PPO,75,final,925,3925,-0.22489341378211974,3.0,3.0,0.7163099050521851,-0.06439612747635692
PPO,75,final,926,3926,0.09000000000000001,1.0,1.0,0.5636659860610962,-0.010389104951173067
PPO,75,final,927,3927,0.09000000000000001,1.0,1.0,0.4915688633918762,-0.009387169498950243
PPO,75,final,928,3928,-0.20149741172790525,5.0,2.0,0.7716696858406067,-0.03623864287510514
PPO,75,final,929,3929,-0.054542733430862425,2.0,2.0,0.4633960723876953,-0.08099800732452422
PPO,75,final,930,3930,0.09000000000000001,1.0,1.0,0.7687124609947205,-0.00808074080850929
PPO,75,final,931,3931,0.09000000000000001,1.0,1.0,0.454942524433136,-0.007659112219698727
PPO,75,final,932,3932,0.09000000000000001,1.0,1.0,0.3685095012187958,-0.001877661416074261
PPO,75,final,933,3933,-0.07607529163360595,5.0,2.0,0.7280110716819763,-0.05816493363818154
PPO,75,final,934,3934,0.09000000000000001,1.0,1.0,0.7879807353019714,-0.008544514421373606
PPO,75,final,935,3935,0.09000000000000001,1.0,1.0,0.5011405944824219,-0.00927260983735323
PPO,75,final,936,3936,0.12449155926704408,2.0,2.0,0.4941326677799225,-0.060035022092051804
PPO,75,final,937,3937,0.09000000000000001,1.0,1.0,0.17229722440242767,-0.0001197695528389886
PPO,75,final,938,3938,0.09000000000000001,1.0,1.0,0.4175812602043152,-0.0014743154169991612
PPO,75,final,939,3939,0.09000000000000001,1.0,1.0,0.3926832675933838,-0.001465573615860194
PPO,75,final,940,3940,0.09000000000000001,1.0,1.0,0.5738078355789185,-0.007594698341563344
PPO,75,final,941,3941,-0.04355887651443481,3.0,2.0,0.43723875284194946,-0.03480123751796782
PPO,75,final,942,3942,0.19020851135253908,2.0,2.0,0.7166873216629028,-0.007572305854409933
PPO,75,final,943,3943,0.07046105146408083,2.0,2.0,0.7832841277122498,-0.006854308303445578
PPO,75,final,944,3944,0.09000000000000001,1.0,1.0,0.8206436038017273,-0.008252239087596536
PPO,75,final,945,3945,0.09000000000000001,1.0,1.0,0.4341419041156769,-0.0037565475213341415
PPO,75,final,946,3946,0.223751859664917,2.0,2.0,0.850835382938385,-0.05170053546316922
PPO,75,final,947,3947,0.14469011306762697,2.0,2.0,0.8307315111160278,-0.009949047380359843
PPO,75,final,948,3948,0.09000000000000001,1.0,1.0,0.10409148782491684,-0.00412510457681492
PPO,75,final,949,3949,0.07996072053909303,2.0,2.0,0.8132501244544983,-0.006230589235201478
PPO,75,final,950,3950,0.2013890337944031,3.0,2.0,0.9223816990852356,-0.036760945862624794
PPO,75,final,951,3951,0.16334276080131532,2.0,2.0,0.4697915017604828,-0.06133346154820174
PPO,75,final,952,3952,0.3073322939872742,2.0,2.0,0.9774648547172546,0.008707420318387449
PPO,75,final,953,3953,0.06821282386779787,2.0,2.0,0.6482716202735901,-0.03147194831399247
PPO,75,final,954,3954,0.11533563017845155,2.0,2.0,0.33758169412612915,-0.025957398465834558
PPO,75,final,955,3955,-0.07876460075378418,2.0,2.0,1.0569483041763306,0.011660130694508553
PPO,75,final,956,3956,0.23143054723739626,2.0,2.0,0.2921951711177826,0.0020868683932349086
PPO,75,final,957,3957,-0.21515156149864195,2.0,2.0,0.7229537963867188,-0.0032506801653653383
PPO,75,final,958,3958,0.11944247961044313,2.0,2.0,0.7184171080589294,0.0004940610961057246
PPO,75,final,959,3959,0.20353491783142091,2.0,2.0,1.3159608840942383,-0.0048679411702323705
PPO,75,final,960,3960,0.09000000000000001,1.0,1.0,0.20453505218029022,-0.004729038453660905
PPO,75,final,961,3961,-0.5170127630233765,10.0,2.0,0.8492785096168518,0.08446170575916767
PPO,75,final,962,3962,0.09000000000000001,1.0,1.0,0.27606305480003357,-0.004202240263111889
PPO,75,final,963,3963,-0.5725338339805603,10.0,2.0,0.9489341378211975,0.0751454345881939
PPO,75,final,964,3964,0.23307462215423586,2.0,2.0,0.6051624417304993,-0.0045394443441182375
PPO,75,final,965,3965,0.15975529670715333,3.0,3.0,0.6652986407279968,-0.012424555723555386
PPO,75,final,966,3966,-0.029727084636688217,2.0,2.0,0.8054657578468323,0.004325495800003409
PPO,75,final,967,3967,0.3134750294685364,2.0,2.0,0.7261244654655457,-0.04949594661593437
PPO,75,final,968,3968,0.07315624713897706,4.0,3.0,0.5818539261817932,-0.030329660279676318
PPO,75,final,969,3969,0.09000000000000001,1.0,1.0,0.31454673409461975,-0.008077786536887288
PPO,75,final,970,3970,0.09000000000000001,1.0,1.0,0.301089346408844,-0.004046643385663629
PPO,75,final,971,3971,0.1121638584136963,2.0,2.0,0.8093181252479553,-0.07816899265162647
PPO,75,final,972,3972,0.0822014230489731,2.0,2.0,0.1882941573858261,-0.03262579126749188
PPO,75,final,973,3973,0.12114687442779543,2.0,2.0,0.5815105438232422,0.002563631918746978
PPO,75,final,974,3974,0.09000000000000001,1.0,1.0,0.3903321623802185,-0.008735389681532979
PPO,75,final,975,3975,0.10649143338203432,2.0,2.0,0.37182536721229553,-0.01108768384438008
PPO,75,final,976,3976,0.18668569803237917,2.0,2.0,0.4072163701057434,-0.04987995023839176
PPO,75,final,977,3977,-0.04215531826019288,3.0,3.0,0.841705322265625,0.0021278132335282862
PPO,75,final,978,3978,-0.5177233099937439,10.0,2.0,0.6064599752426147,0.07297413796186447
PPO,75,final,979,3979,0.09000000000000001,1.0,1.0,0.17307083308696747,-0.011471740202978253
PPO,75,final,980,3980,0.11935378789901735,2.0,2.0,0.7082281708717346,-0.07465019938535988
PPO,75,final,981,3981,0.021032558679580704,2.0,2.0,0.23199884593486786,-0.05701390886679292
PPO,75,final,982,3982,-0.09573351144790647,5.0,3.0,0.2766707241535187,-0.024739998509176075
PPO,75,final,983,3983,-0.46052547097206115,10.0,2.0,0.29842710494995117,0.06734501756727695
PPO,75,final,984,3984,-0.39962804317474365,10.0,3.0,0.3980889618396759,0.006529235281050205
PPO,75,final,985,3985,0.19680638790130617,2.0,2.0,0.6411859393119812,-0.03390090202447027
PPO,75,final,986,3986,0.14528759002685548,2.0,2.0,0.5783187747001648,-0.02814671804662794
PPO,75,final,987,3987,0.1499291253089905,3.0,2.0,0.6044120788574219,-0.006711782538332045
PPO,75,final,988,3988,0.06205566883087159,4.0,2.0,0.5204480290412903,-0.09288344741798937
PPO,75,final,989,3989,-0.5268067598342896,10.0,2.0,0.7213307619094849,0.06545836851000786
PPO,75,final,990,3990,0.09000000000000001,1.0,1.0,0.27635446190834045,-0.007179015898145735
PPO,75,final,991,3991,-0.3781188011169434,10.0,2.0,0.8119184374809265,0.05703460145741701
PPO,75,final,992,3992,-0.5005321383476258,10.0,2.0,0.7020179033279419,0.05993382725864649
PPO,75,final,993,3993,0.30372841835021974,2.0,2.0,0.7942843437194824,-0.03929409245029092
PPO,75,final,994,3994,-0.051680473685264586,2.0,2.0,0.31897491216659546,-0.058553555980324745
PPO,75,final,995,3995,-0.6524550199508669,10.0,2.0,0.8755801320075989,0.06488863565027714
PPO,75,final,996,3996,-0.4907224655151367,10.0,2.0,0.6281247138977051,0.05476537346839905
PPO,75,final,997,3997,0.08438058376312257,2.0,2.0,0.43258872628211975,-0.08071888226550072
PPO,75,final,998,3998,0.06643921852111817,3.0,3.0,1.1794358491897583,-0.00872884166892618
PPO,75,final,999,3999,-0.31205203771591183,9.0,2.0,0.30014222860336304,-0.01770161255262792
PPO,75,final,1000,4000,0.24346477508544923,3.0,3.0,0.9701671600341797,-0.03343786543700844
PPO,75,final,1001,4001,-0.44192914962768554,10.0,2.0,0.6995197534561157,-0.01453403988853097
PPO,75,final,1002,4002,0.01646621942520142,3.0,2.0,0.6260837316513062,-0.0027091684751212597
PPO,75,final,1003,4003,0.1462977695465088,2.0,2.0,0.3366686999797821,-0.0314750662073493
PPO,75,final,1004,4004,-0.515755432844162,10.0,2.0,0.47207292914390564,0.049781532026827335
PPO,75,final,1005,4005,-0.4266545057296753,10.0,2.0,1.0164377689361572,0.04540652222931385
PPO,75,final,1006,4006,0.0615753722190857,3.0,2.0,0.807551920413971,-0.0819130603922531
PPO,75,final,1007,4007,0.09000000000000001,1.0,1.0,0.2994486689567566,0.002134889946319163
PPO,75,final,1008,4008,0.1687037515640259,2.0,2.0,0.3219117522239685,0.008526515390258282
PPO,75,final,1009,4009,0.10119347453117372,2.0,2.0,0.41871577501296997,-0.006893830170156434
PPO,75,final,1010,4010,-0.48568015098571776,10.0,2.0,1.0324795246124268,0.04606004059314728
PPO,75,final,1011,4011,0.05193211317062379,2.0,2.0,0.38196372985839844,0.00640987406950444
PPO,75,final,1012,4012,0.09000000000000001,1.0,1.0,0.6279863119125366,0.003096660249866545
PPO,75,final,1013,4013,-0.389023768901825,10.0,2.0,0.9611696600914001,0.04332263953983784
PPO,75,final,1014,4014,0.15456308603286745,2.0,2.0,0.18912625312805176,-0.007060108240693808
PPO,75,final,1015,4015,0.021649734973907486,2.0,2.0,0.39762720465660095,0.0003282964462414384
PPO,75,final,1016,4016,0.06850303888320924,2.0,2.0,0.11173836141824722,-0.09590187948197126
PPO,75,final,1017,4017,0.09000000000000001,1.0,1.0,0.16086657345294952,0.00834757019765675
PPO,75,final,1018,4018,-0.4734905242919922,10.0,2.0,0.32750993967056274,0.0458736065775156
PPO,75,final,1019,4019,0.058650271892547616,2.0,2.0,0.48845240473747253,-0.07149839529301971
PPO,75,final,1020,4020,0.09000000000000001,1.0,1.0,0.18102289736270905,0.0013334618415683508
PPO,75,final,1021,4021,-0.33116776823997496,8.0,3.0,0.48647576570510864,-0.027650619391351938
PPO,75,final,1022,4022,0.0781878772377968,2.0,2.0,0.11955611407756805,-0.07038390089292079
PPO,75,final,1023,4023,0.09000000000000001,1.0,1.0,0.3557630181312561,0.0030467802425846457
PPO,75,final,1024,4024,0.09000000000000001,1.0,1.0,0.3298669159412384,0.006042517023161054
PPO,75,final,1025,4025,-0.40365533828735356,10.0,2.0,1.1352235078811646,0.045331369154155254
PPO,75,final,1026,4026,-0.49526976346969603,10.0,2.0,0.7341413497924805,0.048593467101454735
PPO,75,final,1027,4027,0.052273528575897225,2.0,2.0,0.7605820894241333,-9.970506653189659e-05
PPO,75,final,1028,4028,0.1542762088775635,2.0,2.0,0.7799065709114075,-0.047801025793887675
PPO,75,final,1029,4029,0.07602662563323975,3.0,3.0,0.7479264140129089,-0.028155560605227947
PPO,75,final,1030,4030,-0.614215898513794,10.0,2.0,0.9820398688316345,0.05244625639170408
PPO,75,final,1031,4031,0.09000000000000001,1.0,1.0,0.2279968559741974,0.00820388924330473
PPO,75,final,1032,4032,0.1833928394317627,2.0,2.0,0.5727902054786682,0.013286464847624302
PPO,75,final,1033,4033,-0.3694423317909241,10.0,2.0,0.9305279850959778,0.04158319067209959
PPO,75,final,1034,4034,0.09000000000000001,1.0,1.0,0.5747971534729004,-0.0005888801533728838
PPO,75,final,1035,4035,0.09000000000000001,1.0,1.0,0.31822189688682556,0.0029073802288621664
PPO,75,final,1036,4036,0.09000000000000001,1.0,1.0,0.28044402599334717,0.007559858611784875
PPO,75,final,1037,4037,0.09000000000000001,1.0,1.0,0.11427196115255356,0.008189389249309897
PPO,75,final,1038,4038,0.09000000000000001,1.0,1.0,0.15035858750343323,0.0075119175016880035
PPO,75,final,1039,4039,-0.4267993450164795,10.0,2.0,1.0323272943496704,0.04677069839090109
PPO,75,final,1040,4040,0.2726812529563904,2.0,2.0,0.7330912947654724,0.026584116742014885
PPO,75,final,1041,4041,0.09000000000000001,1.0,1.0,0.40616363286972046,0.0064627452520653605
PPO,75,final,1042,4042,0.13355653166770937,2.0,2.0,0.4549301564693451,0.008117940044030547
PPO,75,final,1043,4043,0.06219943046569825,2.0,2.0,0.48966220021247864,-0.024440675508230925
PPO,75,final,1044,4044,0.09000000000000001,1.0,1.0,0.25380757451057434,0.0018059256253764033
PPO,75,final,1045,4045,0.09000000000000001,1.0,1.0,0.10848821699619293,0.004745110170915723
PPO,75,final,1046,4046,0.20752276659011842,2.0,2.0,0.8096712827682495,0.014107865048572421
PPO,75,final,1047,4047,0.1863727140426636,2.0,2.0,0.6877648234367371,0.007838154677301645
PPO,75,final,1048,4048,0.12275450110435487,2.0,2.0,0.4316939413547516,0.0015588741225656122
PPO,75,final,1049,4049,0.1367247271537781,2.0,2.0,0.6887257695198059,-0.005901878583244979
PPO,75,final,1050,4050,0.05159546613693238,2.0,2.0,1.015399694442749,-0.021042167209088802
PPO,75,final,1051,4051,0.13385065078735353,2.0,2.0,0.3698601722717285,0.0028999782516621053
PPO,75,final,1052,4052,-0.4945780515670776,10.0,2.0,0.8397243618965149,0.05645687133073807
PPO,75,final,1053,4053,0.09000000000000001,1.0,1.0,0.4489177167415619,0.00028481933986768126
PPO,75,final,1054,4054,0.1563181495666504,4.0,2.0,0.7626537680625916,-0.027567965677008033
PPO,75,final,1055,4055,0.05191131114959718,2.0,2.0,0.6137407422065735,-0.022618346323724836
PPO,75,final,1056,4056,0.09000000000000001,1.0,1.0,0.32180044054985046,-0.006634792312979698
PPO,75,final,1057,4057,0.1292469072341919,2.0,2.0,0.6395905613899231,-0.004351214272901416
PPO,75,final,1058,4058,0.09000000000000001,1.0,1.0,0.0867275819182396,0.0021329016890376806
PPO,75,final,1059,4059,0.09000000000000001,1.0,1.0,0.3130480647087097,-0.0021183285862207413
PPO,75,final,1060,4060,-0.05369488477706909,3.0,2.0,0.7257989048957825,-0.0464973549824208
PPO,75,final,1061,4061,0.06243767023086549,2.0,2.0,0.5438080430030823,-0.0030105590994935483
PPO,75,final,1062,4062,0.09000000000000001,1.0,1.0,0.28516653180122375,0.0010886316886171699
PPO,75,final,1063,4063,0.09000000000000001,1.0,1.0,0.03805854544043541,0.0027508034836500883
PPO,75,final,1064,4064,-0.2896095991134644,10.0,2.0,1.5475635528564453,0.05661976244300604
PPO,75,final,1065,4065,0.12326796531677248,2.0,2.0,0.6655693650245667,-0.002961822843644768
PPO,75,final,1066,4066,0.29266436576843263,2.0,2.0,0.7523368000984192,0.005383062642067671
PPO,75,final,1067,4067,0.16938622474670412,2.0,2.0,0.7966904044151306,-0.032813241821713746
PPO,75,final,1068,4068,-0.06723586797714233,3.0,2.0,0.8146074414253235,-0.014101250388193876
PPO,75,final,1069,4069,0.2965501415729523,2.0,2.0,0.426958292722702,0.009273768228013068
PPO,75,final,1070,4070,0.11059989213943483,2.0,2.0,0.8283928036689758,-0.032958272960968316
PPO,75,final,1071,4071,0.05245233297348023,3.0,3.0,0.7749396562576294,-0.009090173640288413
PPO,75,final,1072,4072,0.020204054117202774,2.0,2.0,0.33085325360298157,-0.004809248202946037
PPO,75,final,1073,4073,0.30491573572158814,4.0,3.0,0.7158001065254211,-0.012545307632535696
PPO,75,final,1074,4074,0.09000000000000001,1.0,1.0,0.25876668095588684,-0.009776710299775004
PPO,75,final,1075,4075,-0.06502129197120667,6.0,3.0,0.49872472882270813,-0.032713188556954265
PPO,75,final,1076,4076,0.13895405054092408,3.0,3.0,0.292215496301651,-0.04106982343364507
PPO,75,final,1077,4077,0.17794408082962038,2.0,2.0,0.5410519242286682,-0.06819942221045494
PPO,75,final,1078,4078,0.13154871940612795,2.0,2.0,0.6896538138389587,-0.06285614124499261
PPO,75,final,1079,4079,0.04644049882888795,2.0,2.0,0.3856799900531769,-0.050503485137596726
PPO,75,final,1080,4080,0.19445813417434693,3.0,3.0,0.7819527387619019,-0.024890102446079254
PPO,75,final,1081,4081,0.2018252182006836,2.0,2.0,0.5838151574134827,-0.05032422742806375
PPO,75,final,1082,4082,-0.08317468881607055,2.0,2.0,0.7310089468955994,-0.0028484928188845515
PPO,75,final,1083,4083,-0.3776392936706543,10.0,3.0,0.7603429555892944,-0.0033859407994896173
PPO,75,final,1084,4084,0.12702854156494142,2.0,2.0,0.5969699025154114,-0.02531591395381838
PPO,75,final,1085,4085,0.3241506314277649,4.0,3.0,0.3937346339225769,-0.04789831745438278
PPO,75,final,1086,4086,-0.36102072477340696,8.0,3.0,0.4311792254447937,-0.003012322122231126
PPO,75,final,1087,4087,-0.4363932490348816,10.0,2.0,0.7360624074935913,0.0671882163733244
PPO,75,final,1088,4088,-0.4591277718544006,10.0,2.0,0.29879385232925415,0.06770409271121025
PPO,75,final,1089,4089,-0.48760952353477477,10.0,2.0,0.4632103741168976,0.06590951234102249
PPO,75,final,1090,4090,0.058202223777771005,2.0,2.0,0.698095440864563,-0.041889286832883954
PPO,75,final,1091,4091,-0.23419024482369422,6.0,3.0,0.17570042610168457,-0.04570676269941032
PPO,75,final,1092,4092,-0.018488097190856936,5.0,3.0,0.693777859210968,-0.05632897687610239
PPO,75,final,1093,4093,0.15945226907730103,4.0,3.0,0.8743024468421936,-0.0336486897431314
PPO,75,final,1094,4094,0.09000000000000001,1.0,1.0,0.2537180781364441,-0.005225881817750633
PPO,75,final,1095,4095,-0.5718538939952851,10.0,2.0,0.5157515406608582,0.0634466428309679
PPO,75,final,1096,4096,0.09000000000000001,1.0,1.0,0.04617548733949661,0.001759750652126968
PPO,75,final,1097,4097,0.05775787115097047,2.0,2.0,0.2727600336074829,-0.02097779483301565
PPO,75,final,1098,4098,-0.30735909938812256,10.0,3.0,0.36540156602859497,0.01330682821571827
PPO,75,final,1099,4099,-0.038451890945434566,3.0,2.0,0.5764340162277222,-0.05258236569352448
PPO,75,final,1100,4100,0.14306836009025575,2.0,2.0,0.3348367512226105,0.004812160215806216
PPO,75,final,1101,4101,-0.509800660610199,10.0,2.0,0.8079857230186462,0.05856571905314922
PPO,75,final,1102,4102,0.0655749011039734,2.0,2.0,0.6100789308547974,-0.007327282102778554
PPO,75,final,1103,4103,0.10296018600463869,2.0,2.0,0.6220124959945679,0.0041011530556716025
PPO,75,final,1104,4104,-0.00029996871948241577,4.0,2.0,0.17876781523227692,-0.08092617752845399
PPO,75,final,1105,4105,-0.5030841708183289,10.0,2.0,0.537147045135498,0.05582811031490564
PPO,75,final,1106,4106,0.09000000000000001,1.0,1.0,0.17576315999031067,0.0008952963398769498
PPO,75,final,1107,4107,-0.41059257388114934,10.0,2.0,0.27687695622444153,0.05208883620798588
PPO,75,final,1108,4108,0.09000000000000001,1.0,1.0,0.7967972159385681,-0.0061454776441678405
PPO,75,final,1109,4109,0.09000000000000001,1.0,1.0,0.043849699199199677,0.005304816761054099
PPO,75,final,1110,4110,0.15614317536354066,2.0,2.0,0.2558183968067169,-0.015287943184375763
PPO,75,final,1111,4111,0.09000000000000001,1.0,1.0,0.4879698157310486,-0.006446632440201938
PPO,75,final,1112,4112,0.09000000000000001,1.0,1.0,0.08312027156352997,0.004145459271967411
PPO,75,final,1113,4113,0.2609194588661194,3.0,3.0,0.8899484276771545,-0.03690976742655039
PPO,75,final,1114,4114,0.02700473546981813,2.0,2.0,0.6190189719200134,0.006654961034655571
PPO,75,final,1115,4115,-0.26704242467880246,9.0,2.0,0.5139552354812622,-0.018583283992484212
PPO,75,final,1116,4116,-0.5514699697494507,10.0,2.0,0.6581063866615295,0.04506342392414808
PPO,75,final,1117,4117,0.1691835689544678,2.0,2.0,1.0267311334609985,0.005896014743484557
PPO,75,final,1118,4118,-0.5698342800140381,10.0,2.0,0.6325965523719788,0.059539797715842724
PPO,75,final,1119,4119,0.09000000000000001,1.0,1.0,0.1684582233428955,-0.004681271151639521
PPO,75,final,1120,4120,0.09000000000000001,1.0,1.0,0.13193678855895996,0.0018140720203518867
PPO,75,final,1121,4121,0.26522566556930544,2.0,2.0,0.35268735885620117,-0.008516682428307831
PPO,75,final,1122,4122,0.03988599956035615,2.0,2.0,0.2529708743095398,-0.003920696675777435
PPO,75,final,1123,4123,0.24331472992897035,2.0,2.0,0.33814600110054016,-0.0009595956653356552
PPO,75,final,1124,4124,0.04803387999534608,2.0,2.0,0.2900676131248474,-0.0625835859682411
PPO,75,final,1125,4125,0.09000000000000001,1.0,1.0,0.5324841141700745,-0.006436447612941265
PPO,75,final,1126,4126,-0.578062790632248,10.0,2.0,0.5232679843902588,0.0587261701002717
PPO,75,final,1127,4127,0.09000000000000001,1.0,1.0,0.05326508730649948,0.0029661569860763848
PPO,75,final,1128,4128,0.09000000000000001,1.0,1.0,0.6895211338996887,-0.005229809088632464
PPO,75,final,1129,4129,0.17351933002471925,2.0,2.0,0.5199454426765442,-0.01175055222120136
PPO,75,final,1130,4130,0.06699201643466951,2.0,2.0,0.22407783567905426,-0.0393333334941417
PPO,75,final,1131,4131,0.13240312933921813,5.0,2.0,0.4105089604854584,-0.0457478171447292
PPO,75,final,1132,4132,0.05199696302413941,2.0,2.0,0.3861301839351654,-0.052985565504059196
PPO,75,final,1133,4133,0.09000000000000001,1.0,1.0,0.29742950201034546,-0.0007241838611662388
PPO,75,final,1134,4134,0.09000000000000001,1.0,1.0,0.7532175183296204,-0.005535870441235602
PPO,75,final,1135,4135,0.35212088346481324,3.0,3.0,0.7556590437889099,0.013485328992828727
PPO,75,final,1136,4136,-0.348149585723877,10.0,2.0,1.2030246257781982,0.05124553292989731
PPO,75,final,1137,4137,-0.38648514747619633,10.0,2.0,1.0111430883407593,0.05305971018970013
PPO,75,final,1138,4138,0.09000000000000001,1.0,1.0,0.5496184229850769,-0.0016394354170188308
PPO,75,final,1139,4139,0.09000000000000001,1.0,1.0,0.16824522614479065,-0.0011867808643728495
PPO,75,final,1140,4140,0.03054626464843751,2.0,2.0,0.9243555068969727,-0.05118210276123136
PPO,75,final,1141,4141,-0.010800788253545746,2.0,2.0,0.14437559247016907,-0.07836448500165716
PPO,75,final,1142,4142,-0.03548894643783569,7.0,3.0,0.5460250973701477,-0.06760687869973481
PPO,75,final,1143,4143,-0.5005891799926758,10.0,2.0,0.809352457523346,0.056243862956762314
PPO,75,final,1144,4144,-0.5624285221099854,10.0,2.0,0.7394067049026489,0.05666016414761543
PPO,75,final,1145,4145,0.19624216079711915,3.0,3.0,0.6808859705924988,-0.002355435281060636
PPO,75,final,1146,4146,0.09000000000000001,1.0,1.0,0.2540266215801239,0.0041073853499256074
PPO,75,final,1147,4147,0.009338186979293839,2.0,2.0,0.5160988569259644,-0.06541120982728899
PPO,75,final,1148,4148,0.09000000000000001,1.0,1.0,0.259306937456131,-0.003480274695903063
PPO,75,final,1149,4149,0.09000000000000001,1.0,1.0,0.23035624623298645,0.0010133030591532588
PPO,75,final,1150,4150,0.09000000000000001,1.0,1.0,0.48755985498428345,0.0009713127510622144
PPO,75,final,1151,4151,0.09000000000000001,1.0,1.0,0.5382648706436157,-0.003352566040121019
PPO,75,final,1152,4152,0.09000000000000001,1.0,1.0,0.36762717366218567,0.004045803449116647
PPO,75,final,1153,4153,0.09000000000000001,1.0,1.0,0.3075992166996002,0.004800401977263391
PPO,75,final,1154,4154,0.23783762931823732,2.0,2.0,0.7893880605697632,0.012296350905671716
PPO,75,final,1155,4155,0.23645843744277956,2.0,2.0,0.7604318261146545,-0.002379491925239563
PPO,75,final,1156,4156,0.09000000000000001,1.0,1.0,0.5435206890106201,-0.004235197091475129
PPO,75,final,1157,4157,0.2599721324443817,3.0,3.0,0.3280981481075287,-0.020218788064084947
PPO,75,final,1158,4158,0.09000000000000001,1.0,1.0,0.09267208725214005,0.001929687918163836
PPO,75,final,1159,4159,0.09000000000000001,1.0,1.0,0.1486378014087677,-0.002239838184323162
PPO,75,final,1160,4160,0.17255569219589234,3.0,3.0,0.6634120345115662,-0.021938677644357085
PPO,75,final,1161,4161,0.21334232568740846,2.0,2.0,0.6487588882446289,-0.0970287520904094
PPO,75,final,1162,4162,0.09000000000000001,1.0,1.0,0.1294928938150406,0.0006846776814199984
PPO,75,final,1163,4163,-0.41798799037933354,10.0,2.0,1.0557762384414673,0.05467475578188896
PPO,75,final,1164,4164,0.10780086278915404,4.0,2.0,0.8113527894020081,-0.04724183620419353
PPO,75,final,1165,4165,0.07646648764610292,2.0,2.0,0.37125688791275024,-0.07603272725827992
PPO,75,final,1166,4166,-0.12620191574096679,5.0,3.0,0.6415788531303406,-0.023621150525286794
PPO,75,final,1167,4167,0.044943110942840585,2.0,2.0,0.7404353022575378,-0.046507230028510094
PPO,75,final,1168,4168,0.09000000000000001,1.0,1.0,0.09439664334058762,0.000833293772302568
PPO,75,final,1169,4169,0.09000000000000001,1.0,1.0,0.36100488901138306,-0.005002471734769642
PPO,75,final,1170,4170,0.09000000000000001,1.0,1.0,0.14798881113529205,-0.0026460400549694896
PPO,75,final,1171,4171,0.09000000000000001,1.0,1.0,0.5619322061538696,-0.004406094667501748
PPO,75,final,1172,4172,-0.11557820796966552,6.0,2.0,0.5189474821090698,-0.05134010023903102
PPO,75,final,1173,4173,0.09000000000000001,1.0,1.0,0.4033648669719696,-0.0019538450869731605
PPO,75,final,1174,4174,0.09000000000000001,1.0,1.0,0.38804760575294495,-0.0019046506495214999
PPO,75,final,1175,4175,0.1033484208583832,2.0,2.0,0.31045839190483093,-0.020389474695548415
PPO,75,final,1176,4176,0.07699464440345766,2.0,2.0,0.28494077920913696,0.010568078199867159
PPO,75,final,1177,4177,-0.20317533254623416,9.0,2.0,0.7364956140518188,-0.02339453250169754
PPO,75,final,1178,4178,0.09169461011886598,2.0,2.0,0.8345170021057129,-0.04322990239597857
PPO,75,final,1179,4179,0.09000000000000001,1.0,1.0,0.2156752049922943,-0.0027626107912510633
PPO,75,final,1180,4180,0.09000000000000001,1.0,1.0,0.22524511814117432,-0.0007837235752958804
PPO,75,final,1181,4181,0.19496512591838838,2.0,2.0,0.18627719581127167,-0.0027697779587469995
PPO,75,final,1182,4182,0.09000000000000001,1.0,1.0,0.9172734022140503,-0.0109564745798707
PPO,75,final,1183,4183,0.09000000000000001,1.0,1.0,0.271450936794281,-0.0089716378133744
PPO,75,final,1184,4184,-0.44866323471069336,10.0,3.0,0.588716447353363,0.005271240719594061
PPO,75,final,1185,4185,0.22991044998168947,2.0,2.0,0.649138331413269,-0.017092233756557107
PPO,75,final,1186,4186,0.09000000000000001,1.0,1.0,0.1631687432527542,-0.002287493320181966
PPO,75,final,1187,4187,0.09000000000000001,1.0,1.0,0.7230267524719238,-0.007874486036598682
PPO,75,final,1188,4188,0.09000000000000001,1.0,1.0,0.18001557886600494,-0.008733351482078433
PPO,75,final,1189,4189,0.2326191830635071,2.0,2.0,0.7314420342445374,-0.0020563886500895023
PPO,75,final,1190,4190,0.015987676382064817,5.0,3.0,0.3765358030796051,-0.028208503033965826
PPO,75,final,1191,4191,-0.4910529136657715,10.0,2.0,0.866519570350647,0.0735020563006401
PPO,75,final,1192,4192,-0.01863872766494752,6.0,4.0,0.7413973212242126,-0.03241054737009108
PPO,75,final,1193,4193,-0.6042532205581665,10.0,2.0,1.1087138652801514,0.078176598995924
PPO,75,final,1194,4194,-0.023352723121643063,3.0,2.0,0.6747881770133972,-0.044125503627583385
PPO,75,final,1195,4195,-0.42872931361198424,10.0,2.0,0.41040536761283875,0.06521354615688324
PPO,75,final,1196,4196,0.1656103003025055,2.0,2.0,0.33381789922714233,-0.018524819402955472
PPO,75,final,1197,4197,0.11866094350814821,2.0,2.0,0.33329853415489197,-0.03873515268787742
PPO,75,final,1198,4198,-0.04756954908370971,5.0,2.0,0.9705600142478943,-0.04711101367138326
PPO,75,final,1199,4199,-0.3589987635612488,10.0,2.0,0.6548453569412231,0.05549415200948715
PPO,75,final,1200,4200,0.09000000000000001,1.0,1.0,0.3483901023864746,-0.0065893856808543205
PPO,75,final,1201,4201,0.1382435429096222,2.0,2.0,0.3462848663330078,-0.08599131857044995
PPO,75,final,1202,4202,0.115155827999115,5.0,3.0,0.63670814037323,-0.0758324870839715
PPO,75,final,1203,4203,0.15828181982040407,2.0,2.0,0.6043677926063538,-0.027367469388991594
PPO,75,final,1204,4204,0.09576519757509233,2.0,2.0,0.07837306708097458,-0.06353699608007446
PPO,75,final,1205,4205,0.09000000000000001,1.0,1.0,0.504886269569397,-0.009302221704274416
PPO,75,final,1206,4206,0.10311986923217775,3.0,2.0,0.42008501291275024,-0.021490449085831642
PPO,75,final,1207,4207,0.2861229944229126,2.0,2.0,0.3937840461730957,-0.007583524566143751
PPO,75,final,1208,4208,-0.038314698338508604,2.0,2.0,0.26379629969596863,-0.014933379250578582
PPO,75,final,1209,4209,0.09000000000000001,1.0,1.0,0.09445299953222275,-0.009074450004845858
PPO,75,final,1210,4210,0.09760081946849825,2.0,2.0,0.06371746212244034,-0.06024318328127265
PPO,75,final,1211,4211,0.12499620199203493,2.0,2.0,0.9173866510391235,-0.03159577213227749
PPO,75,final,1212,4212,0.042298555374145515,5.0,4.0,0.6086772680282593,-0.0399680738337338
PPO,75,final,1213,4213,-0.36779654026031494,10.0,3.0,1.0362646579742432,0.022337580798193812
PPO,75,final,1214,4214,0.09000000000000001,1.0,1.0,0.06697919219732285,-0.011113772867247462
PPO,75,final,1215,4215,0.09000000000000001,1.0,1.0,0.044344041496515274,-0.010853062616661191
PPO,75,final,1216,4216,-0.5085282504558564,10.0,2.0,0.28991270065307617,0.06264297384768724
PPO,75,final,1217,4217,0.0952976143360138,4.0,3.0,0.26706454157829285,-0.05181299685500562
PPO,75,final,1218,4218,0.07319264292716982,2.0,2.0,0.2249354124069214,-0.05892744241282344
PPO,75,final,1219,4219,-0.10396731972694397,3.0,2.0,0.5871086716651917,-0.04361619570408948
PPO,75,final,1220,4220,-0.21785149097442624,7.0,2.0,0.6694603562355042,-0.028438887558877468
PPO,75,final,1221,4221,0.04891801804304124,2.0,2.0,0.12425945699214935,-0.030906600411981344
PPO,75,final,1222,4222,-0.25549080848693845,8.0,2.0,0.6893944144248962,-0.028934339294210076
PPO,75,final,1223,4223,-0.5652641981840134,10.0,2.0,0.25868329405784607,0.06317893043160439
PPO,75,final,1224,4224,0.1450068545341492,3.0,2.0,0.8001711964607239,-0.03455297078471631
PPO,75,final,1225,4225,0.17916126728057863,2.0,2.0,1.0766823291778564,-0.008749908185563982
PPO,75,final,1226,4226,0.0494158959388733,4.0,3.0,0.47101545333862305,-0.03971184138208628
PPO,75,final,1227,4227,0.09000000000000001,1.0,1.0,0.37353676557540894,-0.008513245731592178
PPO,75,final,1228,4228,-0.17019959092140197,5.0,3.0,0.4568716883659363,-0.026293950155377388
PPO,75,final,1229,4229,0.1403746795654297,3.0,2.0,0.5993772745132446,-0.05251991772092879
PPO,75,final,1230,4230,0.18023468017578126,4.0,3.0,0.6770997047424316,-0.032492147060111165
PPO,75,final,1231,4231,-0.2764264225959778,10.0,2.0,0.6508806943893433,0.049631810747087
PPO,75,final,1232,4232,0.09000000000000001,1.0,1.0,0.12240544706583023,-0.0007015245500952005
PPO,75,final,1233,4233,0.11694283962249757,2.0,2.0,0.7332115769386292,0.0014937286032363772
PPO,75,final,1234,4234,-0.04407839298248291,2.0,2.0,0.5400413870811462,-0.03642789041623473
PPO,75,final,1235,4235,0.010434288978576664,3.0,2.0,0.7535708546638489,-0.04461741028353572
PPO,75,final,1236,4236,0.09000000000000001,1.0,1.0,0.11027773469686508,0.0023390816058963537
PPO,75,final,1237,4237,0.09000000000000001,1.0,1.0,0.6708869338035583,-0.003913888358511031
PPO,75,final,1238,4238,0.09000000000000001,1.0,1.0,0.6981197595596313,0.0003741675755009055
PPO,75,final,1239,4239,-0.005053384304046615,2.0,2.0,0.9068316221237183,-0.044866267882753164
PPO,75,final,1240,4240,0.29235942840576173,2.0,2.0,0.7860804200172424,0.01223426265642047
PPO,75,final,1241,4241,0.1294905710220337,2.0,2.0,0.7705783843994141,-0.047288439935073256
PPO,75,final,1242,4242,0.09000000000000001,1.0,1.0,0.17722856998443604,-0.0031720392289571464
PPO,75,final,1243,4243,0.09000000000000001,1.0,1.0,0.660811722278595,-0.0029935514903627336
PPO,75,final,1244,4244,0.09000000000000001,1.0,1.0,0.27167829871177673,-0.0002595706027932465
PPO,75,final,1245,4245,0.09903700828552248,2.0,2.0,0.5463376045227051,-0.02057716343551874
PPO,75,final,1246,4246,0.16098769187927248,2.0,2.0,0.6412147283554077,-0.022900624317117035
PPO,75,final,1247,4247,0.0675960797071457,2.0,2.0,0.19033363461494446,0.016947886906564236
PPO,75,final,1248,4248,0.11299903869628908,2.0,2.0,1.1030417680740356,-0.07232969999313354
PPO,75,final,1249,4249,0.09000000000000001,1.0,1.0,0.3970184326171875,-0.006355972960591316
PPO,75,final,1250,4250,0.09000000000000001,1.0,1.0,0.7544485330581665,-0.01086317840963602
PPO,75,final,1251,4251,0.16991947770118715,2.0,2.0,0.43586990237236023,-0.018567545688711107
PPO,75,final,1252,4252,0.2226803469657898,2.0,2.0,0.5558397173881531,-0.023960738442838192
PPO,75,final,1253,4253,0.0019331741333007968,2.0,2.0,0.7937106490135193,0.004053420037962496
PPO,75,final,1254,4254,0.09704331755638124,5.0,3.0,0.4042249619960785,-0.03019028389826417
PPO,75,final,1255,4255,-0.348557710647583,10.0,3.0,1.1047194004058838,0.010264481650665402
PPO,75,final,1256,4256,-0.08337280452251435,5.0,3.0,0.1749163419008255,-0.02888035075739026
PPO,75,final,1257,4257,0.08686391443014146,2.0,2.0,0.080352783203125,-0.06807855004444718
PPO,75,final,1258,4258,-0.4143015623092652,10.0,2.0,0.9330416917800903,0.06322477199137211
PPO,75,final,1259,4259,0.05711878776550293,6.0,3.0,0.7300979495048523,-0.05456137680448592
PPO,75,final,1260,4260,0.062356196045875556,3.0,3.0,0.13491161167621613,-0.059407656895928085
PPO,75,final,1261,4261,0.2116967535018921,4.0,3.0,0.7230157852172852,-0.023675779695622623
PPO,75,final,1262,4262,0.09000000000000001,1.0,1.0,0.6035346984863281,-0.0037129565607756376
PPO,75,final,1263,4263,0.09000000000000001,1.0,1.0,0.09876996278762817,-0.006178604322485626
PPO,75,final,1264,4264,0.07223030090332033,4.0,2.0,0.8422983884811401,-0.050300344242714345
PPO,75,final,1265,4265,0.2076512145996094,2.0,2.0,0.5070591568946838,-0.05392214853782207
PPO,75,final,1266,4266,0.16350282907485963,2.0,2.0,0.6579903364181519,-0.01089460332877934
PPO,75,final,1267,4267,0.10269732952117921,2.0,2.0,0.37618711590766907,-0.024405886710155755
PPO,75,final,1268,4268,0.09000000000000001,1.0,1.0,0.9754218459129333,-0.00954794930294156
PPO,75,final,1269,4269,0.09000000000000001,1.0,1.0,0.20388738811016083,-0.006402053404599428
PPO,75,final,1270,4270,-0.02110259056091307,2.0,2.0,0.7638152241706848,-0.03217965550720692
PPO,75,final,1271,4271,0.04110696792602539,7.0,2.0,0.9199856519699097,-0.03276603191625327
PPO,75,final,1272,4272,0.08352793931961061,2.0,2.0,0.22753359377384186,-0.059605930000543594
PPO,75,final,1273,4273,0.09868465542793275,2.0,2.0,0.42321109771728516,0.0054114251979626715
PPO,75,final,1274,4274,0.09000000000000001,1.0,1.0,0.24296297132968903,-0.0073714799946174026
PPO,75,final,1275,4275,0.09000000000000001,1.0,1.0,0.10346300154924393,-0.006276838481426239
PPO,75,final,1276,4276,0.09000000000000001,1.0,1.0,0.3946897089481354,-0.004690791480243206
PPO,75,final,1277,4277,0.09000000000000001,1.0,1.0,1.3234480619430542,-0.011205235728994012
PPO,75,final,1278,4278,0.09000000000000001,1.0,1.0,0.5064768195152283,-0.006526462617330253
PPO,75,final,1279,4279,0.09000000000000001,1.0,1.0,0.5518994927406311,-0.009591838577762246
PPO,75,final,1280,4280,0.16210039138793947,2.0,2.0,0.7998284697532654,-0.010463273618370295
PPO,75,final,1281,4281,-0.0706867802143097,3.0,3.0,0.6174487471580505,-0.015412918059155345
PPO,75,final,1282,4282,0.1044002938270569,2.0,2.0,0.3691883981227875,-0.033156916964799166
PPO,75,final,1283,4283,0.26268762350082403,5.0,4.0,0.8873116374015808,-0.002937751356512308
PPO,75,final,1284,4284,-0.05911711931228637,3.0,2.0,0.420561283826828,-0.011239841347560287
PPO,75,final,1285,4285,-0.08862287163734438,6.0,2.0,0.4613204896450043,-0.042478214018046856
PPO,75,final,1286,4286,0.09000000000000001,1.0,1.0,0.2650098502635956,-0.00938159809447825
PPO,75,final,1287,4287,0.3089326786994934,2.0,2.0,0.9803637862205505,0.009686197969131172
PPO,75,final,1288,4288,0.09000000000000001,1.0,1.0,0.21938252449035645,-0.008592618396505713
PPO,75,final,1289,4289,0.09000000000000001,1.0,1.0,0.6853727102279663,-0.009481641463935375
PPO,75,final,1290,4290,0.008439617156982437,2.0,2.0,0.7183079123497009,-0.05190932052209973
PPO,75,final,1291,4291,0.09000000000000001,1.0,1.0,0.8351240158081055,-0.012130146147683263
PPO,75,final,1292,4292,0.09000000000000001,1.0,1.0,0.6068320870399475,-0.008958233753219247
PPO,75,final,1293,4293,0.23298419237136841,3.0,3.0,0.9802395701408386,-0.06619164883159101
PPO,75,final,1294,4294,0.06726606369018556,2.0,2.0,0.5280140042304993,-0.010277119698002934
PPO,75,final,1295,4295,0.40570274710655213,3.0,3.0,0.4711778461933136,0.007951591163873672
PPO,75,final,1296,4296,0.09000000000000001,1.0,1.0,0.38250136375427246,-0.01176148233935237
PPO,75,final,1297,4297,0.09000000000000001,1.0,1.0,0.12644799053668976,-0.007500718114897609
PPO,75,final,1298,4298,0.25642807960510255,2.0,2.0,1.0244711637496948,-0.008576020365580916
PPO,75,final,1299,4299,-0.037804906368255606,8.0,5.0,0.5431846976280212,-0.0006568341050297022
PPO,75,final,1300,4300,0.09000000000000001,1.0,1.0,0.6799765825271606,-0.0053245010785758495
PPO,75,final,1301,4301,-0.42361514568328856,10.0,2.0,1.031309723854065,0.028444360243156552
PPO,75,final,1302,4302,0.09000000000000001,1.0,1.0,0.2653493583202362,-0.008287801640108228
PPO,75,final,1303,4303,0.34744842529296877,2.0,2.0,0.7409814596176147,0.0023737498559057713
PPO,75,final,1304,4304,0.11628266096115114,3.0,2.0,0.8334879875183105,-0.021565194008871913
PPO,75,final,1305,4305,0.11640615940093996,2.0,2.0,0.4090510904788971,-0.026477720588445663
PPO,75,final,1306,4306,-0.034084966182708745,4.0,3.0,0.5093379020690918,-0.026108075864613056
PPO,75,final,1307,4307,0.09000000000000001,1.0,1.0,0.3437964916229248,-0.009422965813428164
PPO,75,final,1308,4308,0.09898187398910524,2.0,2.0,0.4840230941772461,-0.07175003294833004
PPO,75,final,1309,4309,0.09000000000000001,1.0,1.0,0.8262683153152466,-0.013238011626526713
PPO,75,final,1310,4310,0.2213502097129822,2.0,2.0,0.9441258311271667,-0.023920884705148637
PPO,75,final,1311,4311,-0.23017942905426028,10.0,3.0,0.5166448950767517,0.05544831696897745
PPO,75,final,1312,4312,-0.33458563566207883,8.0,2.0,0.2926752269268036,0.01657984871417284
PPO,75,final,1313,4313,-0.10220656394958495,5.0,2.0,0.6176121830940247,-0.02989645814523101
PPO,75,final,1314,4314,0.09000000000000001,1.0,1.0,0.24632740020751953,-0.010575151769444346
PPO,75,final,1315,4315,0.09000000000000001,1.0,1.0,0.7295247912406921,-0.01206642366014421
PPO,75,final,1316,4316,0.15161211013793946,3.0,3.0,0.6278136968612671,-0.008696754463016987
PPO,75,final,1317,4317,-0.04128429621458053,3.0,2.0,0.12670788168907166,-0.006363359862007201
PPO,75,final,1318,4318,0.00542946338653566,2.0,2.0,0.8068004250526428,-0.03807367745321244
PPO,75,final,1319,4319,-0.0007228660583496055,3.0,2.0,0.280227929353714,-0.05829481850378215
PPO,75,final,1320,4320,0.3384939527511597,4.0,3.0,0.6347879767417908,0.004116417374461889
PPO,75,final,1321,4321,0.05871350526809693,4.0,3.0,0.674474835395813,-0.06796360784210265
PPO,75,final,1322,4322,0.09000000000000001,1.0,1.0,0.7384546995162964,-0.013143581803888083
PPO,75,final,1323,4323,0.09000000000000001,1.0,1.0,0.4614564776420593,-0.008615736616775393
PPO,75,final,1324,4324,0.15129960775375365,5.0,3.0,0.6399441957473755,-0.010315613122656941
PPO,75,final,1325,4325,0.12076438426971436,4.0,3.0,0.6730514168739319,-0.04851603670977056
PPO,75,final,1326,4326,-0.036556832790374735,3.0,3.0,0.39548492431640625,-0.0303790345788002
PPO,75,final,1327,4327,0.09000000000000001,1.0,1.0,0.2512267529964447,-0.006408527726307511
PPO,75,final,1328,4328,0.1844212579727173,2.0,2.0,0.48133087158203125,-0.02830021141562611
PPO,75,final,1329,4329,0.0035925650596618786,6.0,3.0,0.6640645861625671,-0.037865952122956514
PPO,75,final,1330,4330,0.18359913110733034,2.0,2.0,0.8067903518676758,-0.013165567885152996
PPO,75,final,1331,4331,0.09000000000000001,1.0,1.0,0.5424388647079468,-0.012885713018476963
PPO,75,final,1332,4332,0.09000000000000001,1.0,1.0,0.5111910700798035,-0.008768499596044421
PPO,75,final,1333,4333,0.09000000000000001,1.0,1.0,0.489531010389328,-0.009699030546471477
PPO,75,final,1334,4334,0.029832305312156686,2.0,2.0,0.22457794845104218,-0.02083703549578786
PPO,75,final,1335,4335,-0.3067536962032318,7.0,2.0,0.19603970646858215,-0.0036789235891774297
PPO,75,final,1336,4336,0.09696651935577394,6.0,3.0,1.0342527627944946,-0.08150876755826175
PPO,75,final,1337,4337,0.21869917392730714,2.0,2.0,1.0615514516830444,-0.006962024024687707
PPO,75,final,1338,4338,0.015701906681060807,2.0,2.0,0.7477997541427612,-0.03581639239564538
PPO,75,final,1339,4339,0.10434321284294129,3.0,3.0,0.3823722302913666,-0.024319848394952714
PPO,75,final,1340,4340,0.14867651224136352,4.0,4.0,0.7205446362495422,-0.0171937826089561
PPO,75,final,1341,4341,0.16802366495132448,3.0,2.0,0.9654665589332581,-0.014418507227674127
PPO,75,final,1342,4342,0.09000000000000001,1.0,1.0,0.7308775186538696,-0.01022607577033341
PPO,75,final,1343,4343,0.09000000000000001,1.0,1.0,0.1254478543996811,-0.0021331844036467373
PPO,75,final,1344,4344,0.1479980516433716,2.0,2.0,0.7322503924369812,-0.028124928707256913
PPO,75,final,1345,4345,0.09000000000000001,1.0,1.0,0.9424835443496704,-0.01470284746028483
PPO,75,final,1346,4346,0.09000000000000001,1.0,1.0,0.1630512773990631,-0.00366600212873891
PPO,75,final,1347,4347,0.09000000000000001,1.0,1.0,0.287747323513031,-0.009089434053748846
PPO,75,final,1348,4348,0.06064470291137696,2.0,2.0,0.5552252531051636,-0.05729655968025327
PPO,75,final,1349,4349,0.06522596836090089,4.0,3.0,1.1419436931610107,-0.02371384878642857
PPO,75,final,1350,4350,0.09000000000000001,1.0,1.0,0.6586893796920776,-0.008507242193445563
PPO,75,final,1351,4351,0.09000000000000001,1.0,1.0,0.8448864817619324,-0.011192524572834373
PPO,75,final,1352,4352,0.004034645557403571,3.0,3.0,0.6914111971855164,-0.06560938223265111
PPO,75,final,1353,4353,0.11935158967971801,5.0,2.0,0.7964109778404236,-0.05578826554119587
PPO,75,final,1354,4354,0.09000000000000001,1.0,1.0,0.3985917866230011,-0.003642383322585374
PPO,75,final,1355,4355,0.09000000000000001,1.0,1.0,0.17429952323436737,-0.00573713006451726
PPO,75,final,1356,4356,0.09000000000000001,1.0,1.0,0.49421072006225586,-0.008584072114899755
PPO,75,final,1357,4357,0.04836001396179199,5.0,2.0,1.3114137649536133,-0.05760681955143809
PPO,75,final,1358,4358,0.09000000000000001,1.0,1.0,1.0198076963424683,-0.009229240473359823
PPO,75,final,1359,4359,0.09000000000000001,1.0,1.0,0.9220836758613586,-0.006354468292556703
PPO,75,final,1360,4360,0.0725663471221924,2.0,2.0,0.6988949179649353,-0.08489296725019813
PPO,75,final,1361,4361,0.09000000000000001,1.0,1.0,0.2828543484210968,-0.004860807093791664
PPO,75,final,1362,4362,0.3083110022544861,2.0,2.0,0.8632211089134216,0.0024091670056805015
PPO,75,final,1363,4363,0.09000000000000001,1.0,1.0,0.5703578591346741,-0.006640214822255075
PPO,75,final,1364,4364,0.09000000000000001,1.0,1.0,0.15681611001491547,-0.0026840263744816184
PPO,75,final,1365,4365,0.09000000000000001,1.0,1.0,0.614560604095459,-0.0038993018679320812
PPO,75,final,1366,4366,0.09000000000000001,1.0,1.0,0.36557143926620483,-0.0028569738497026265
PPO,75,final,1367,4367,0.09000000000000001,1.0,1.0,0.744737446308136,-0.006907032337039709
PPO,75,final,1368,4368,0.09000000000000001,1.0,1.0,0.6895890235900879,-0.005350285675376654
PPO,75,final,1369,4369,0.09000000000000001,1.0,1.0,0.5225802659988403,-0.007226712652482092
PPO,75,final,1370,4370,0.12006868600845338,2.0,2.0,0.6846081018447876,-0.029577586567029357
PPO,75,final,1371,4371,0.09000000000000001,1.0,1.0,0.5102774500846863,-0.006698705139569938
PPO,75,final,1372,4372,0.09000000000000001,1.0,1.0,0.5667704343795776,-0.007454341510310769
PPO,75,final,1373,4373,0.09000000000000001,1.0,1.0,0.530446469783783,-0.0051966465543955564
PPO,75,final,1374,4374,0.09000000000000001,1.0,1.0,0.4690879285335541,-0.008916654624044895
PPO,75,final,1375,4375,0.09000000000000001,1.0,1.0,0.10271023213863373,-0.0021587706869468093
PPO,75,final,1376,4376,0.09000000000000001,1.0,1.0,0.826347827911377,-0.010920219821855426
PPO,75,final,1377,4377,0.09000000000000001,1.0,1.0,0.6778874397277832,-0.009170820005238056
PPO,75,final,1378,4378,0.09000000000000001,1.0,1.0,0.701336681842804,-0.009019720833748579
PPO,75,final,1379,4379,0.17057831764221193,2.0,2.0,0.705822765827179,-0.014679830987006426
PPO,75,final,1380,4380,0.09000000000000001,1.0,1.0,0.8522462248802185,-0.008885461604222655
PPO,75,final,1381,4381,0.09000000000000001,1.0,1.0,0.6108348965644836,-0.00722314661834389
PPO,75,final,1382,4382,0.09000000000000001,1.0,1.0,0.3452889025211334,-0.006926984176971018
PPO,75,final,1383,4383,0.09000000000000001,1.0,1.0,0.424513578414917,-0.007396594621241093
PPO,75,final,1384,4384,0.09000000000000001,1.0,1.0,0.44718095660209656,-0.009743354748934507
PPO,75,final,1385,4385,0.09000000000000001,1.0,1.0,0.8565704226493835,-0.011280810693278909
PPO,75,final,1386,4386,0.09000000000000001,1.0,1.0,0.2611350119113922,-0.0057867494178935885
PPO,75,final,1387,4387,0.09000000000000001,1.0,1.0,0.39673757553100586,-0.009579806122928858
PPO,75,final,1388,4388,0.09000000000000001,1.0,1.0,0.9764767289161682,-0.013651056215167046
PPO,75,final,1389,4389,0.07565172195434572,2.0,2.0,1.0548423528671265,-0.05363337695598602
PPO,75,final,1390,4390,0.1425264644622803,2.0,2.0,0.8229957818984985,-0.07965978817082942
PPO,75,final,1391,4391,0.09000000000000001,1.0,1.0,0.3378489315509796,-0.008556877495720983
PPO,75,final,1392,4392,0.081542866230011,2.0,2.0,0.5905149579048157,-0.008538929745554924
PPO,75,final,1393,4393,0.07284327030181886,2.0,2.0,0.41907188296318054,-0.03663060697726905
PPO,75,final,1394,4394,0.09000000000000001,1.0,1.0,0.5555405020713806,-0.010488224448636174
PPO,75,final,1395,4395,0.09000000000000001,1.0,1.0,0.049913883209228516,-0.005311230313964188
PPO,75,final,1396,4396,0.09000000000000001,1.0,1.0,0.40178823471069336,-0.008302261354401708
PPO,75,final,1397,4397,0.09000000000000001,1.0,1.0,0.7489067912101746,-0.009152264101430774
PPO,75,final,1398,4398,0.09000000000000001,1.0,1.0,0.17177735269069672,-0.00661869824398309
PPO,75,final,1399,4399,0.15166778087615967,3.0,3.0,0.8900896310806274,-0.01084613217972219
PPO,75,final,1400,4400,-0.5146698236465455,10.0,2.0,0.8012495636940002,0.09165031649172306
PPO,75,final,1401,4401,0.13379229784011842,2.0,2.0,0.8062013387680054,-0.08709513023495674
PPO,75,final,1402,4402,-0.014137251377105697,2.0,2.0,0.6564455032348633,-0.008795049041509628
PPO,75,final,1403,4403,0.09000000000000001,1.0,1.0,0.8200617432594299,-0.014261077856644988
PPO,75,final,1404,4404,-0.03948149919509887,4.0,2.0,0.530617356300354,-0.04904732131399214
PPO,75,final,1405,4405,0.09000000000000001,1.0,1.0,0.7597878575325012,-0.010657312581315637
PPO,75,final,1406,4406,0.09000000000000001,1.0,1.0,0.1619270145893097,-0.006746205966919661
PPO,75,final,1407,4407,0.09000000000000001,1.0,1.0,0.45426252484321594,-0.007255349308252335
PPO,75,final,1408,4408,0.06352661013603211,4.0,3.0,0.48199769854545593,-0.013515740633010864
PPO,75,final,1409,4409,0.09120048046112061,4.0,3.0,0.8212610483169556,-0.022151093697175384
PPO,75,final,1410,4410,0.09000000000000001,1.0,1.0,0.288047730922699,-0.004850511555559933
PPO,75,final,1411,4411,0.09000000000000001,1.0,1.0,0.5401832461357117,-0.011670982232317328
PPO,75,final,1412,4412,0.09000000000000001,1.0,1.0,0.3325314223766327,-0.006785711506381631
PPO,75,final,1413,4413,0.09000000000000001,1.0,1.0,1.0516396760940552,-0.01130834105424583
PPO,75,final,1414,4414,0.037379643917083746,4.0,2.0,0.8119367361068726,-0.02900270977988839
PPO,75,final,1415,4415,0.09000000000000001,1.0,1.0,0.5502246022224426,-0.010603702394291759
PPO,75,final,1416,4416,0.09000000000000001,1.0,1.0,0.5764855146408081,-0.006502367206849158
PPO,75,final,1417,4417,0.09940202713012697,2.0,2.0,0.7671875953674316,-0.05096362857148051
PPO,75,final,1418,4418,0.09000000000000001,1.0,1.0,0.7072356939315796,-0.007991192280314863
PPO,75,final,1419,4419,0.03539683103561402,2.0,2.0,0.9208844900131226,-0.08857665956020355
PPO,75,final,1420,4420,0.2566390109062195,3.0,3.0,0.5442350506782532,-0.006176766357384622
PPO,75,final,1421,4421,-0.08083437204360962,2.0,2.0,0.7632078528404236,-0.040609908290207386
PPO,75,final,1422,4422,0.09000000000000001,1.0,1.0,1.172312617301941,-0.011876877397298813
PPO,75,final,1423,4423,0.09000000000000001,1.0,1.0,1.0991809368133545,-0.012030175188556314
PPO,75,final,1424,4424,0.09000000000000001,1.0,1.0,0.7648285031318665,-0.00845097634010017
PPO,75,final,1425,4425,0.09000000000000001,1.0,1.0,0.6809439063072205,-0.0052894497057422996
PPO,75,final,1426,4426,0.09000000000000001,1.0,1.0,0.6918818354606628,-0.0074448357336223125
PPO,75,final,1427,4427,0.09000000000000001,1.0,1.0,0.3345145583152771,-0.0056831525871530175
PPO,75,final,1428,4428,0.09000000000000001,1.0,1.0,0.468231201171875,-0.010279033798724413
PPO,75,final,1429,4429,0.09000000000000001,1.0,1.0,0.5247215032577515,-0.005669969832524657
PPO,75,final,1430,4430,0.22135873317718507,2.0,2.0,1.3195120096206665,-0.07524215744342655
PPO,75,final,1431,4431,0.09000000000000001,1.0,1.0,0.7976498007774353,-0.012742707272991538
PPO,75,final,1432,4432,0.09000000000000001,1.0,1.0,0.5840628743171692,-0.010242412332445383
PPO,75,final,1433,4433,0.09000000000000001,1.0,1.0,0.9073824882507324,-0.008925946429371834
PPO,75,final,1434,4434,0.13110830307006838,3.0,2.0,0.7348054051399231,-0.01946230954490602
PPO,75,final,1435,4435,0.09000000000000001,1.0,1.0,0.37836313247680664,-0.0058544332860037684
PPO,75,final,1436,4436,0.09000000000000001,1.0,1.0,0.13035890460014343,-0.004848970333114266
PPO,75,final,1437,4437,-0.1532641577720642,3.0,3.0,0.7510257959365845,-0.017016367288306355
PPO,75,final,1438,4438,0.09000000000000001,1.0,1.0,0.809512734413147,-0.008933383272960782
PPO,75,final,1439,4439,0.14194931268692018,2.0,2.0,0.959163248538971,-0.01942646037787199
PPO,75,final,1440,4440,0.09000000000000001,1.0,1.0,0.27982109785079956,-0.006343466811813414
PPO,75,final,1441,4441,0.09000000000000001,1.0,1.0,0.4255746006965637,-0.006306645693257451
PPO,75,final,1442,4442,0.187875794172287,2.0,2.0,0.38915616273880005,-0.037391080521047115
PPO,75,final,1443,4443,0.09000000000000001,1.0,1.0,0.7503386735916138,-0.009873964358121157
PPO,75,final,1444,4444,0.09000000000000001,1.0,1.0,0.9419774413108826,-0.01205404568463564
PPO,75,final,1445,4445,0.09000000000000001,1.0,1.0,0.7698389887809753,-0.00855776178650558
PPO,75,final,1446,4446,0.09000000000000001,1.0,1.0,0.4909803569316864,-0.00994907133281231
PPO,75,final,1447,4447,0.09000000000000001,1.0,1.0,0.5770189166069031,-0.008702317019924521
PPO,75,final,1448,4448,0.09000000000000001,1.0,1.0,0.3003668785095215,-0.007061811396852136
PPO,75,final,1449,4449,0.09000000000000001,1.0,1.0,0.49081531167030334,-0.007732363534159958
PPO,75,final,1450,4450,0.1484809684753418,2.0,2.0,0.4261023700237274,-0.0569665408693254
PPO,75,final,1451,4451,0.09000000000000001,1.0,1.0,0.8942264914512634,-0.01269040466286242
PPO,75,final,1452,4452,0.12005496740341187,3.0,3.0,0.6395549178123474,-0.032394766341894865
PPO,75,final,1453,4453,0.25517328262329103,2.0,2.0,1.0081840753555298,-0.0254025039030239
PPO,75,final,1454,4454,0.09000000000000001,1.0,1.0,0.7698959112167358,-0.013354668626561761
PPO,75,final,1455,4455,0.1614905071258545,3.0,3.0,0.6544741988182068,-0.06423527514562011
PPO,75,final,1456,4456,0.13126934289932252,3.0,3.0,0.2403070628643036,-0.050267955753952265
PPO,75,final,1457,4457,0.09000000000000001,1.0,1.0,0.26997268199920654,-0.011710774851962924
PPO,75,final,1458,4458,-0.05508272647857666,5.0,3.0,0.7202214598655701,-0.007985361153259873
PPO,75,final,1459,4459,0.12944717407226564,5.0,3.0,1.0224778652191162,-0.027204287238419056
PPO,75,final,1460,4460,0.02860953569412232,4.0,2.0,0.6186174154281616,-0.03605611459352076
PPO,75,final,1461,4461,0.09000000000000001,1.0,1.0,0.6094403266906738,-0.01281494996510446
PPO,75,final,1462,4462,0.006901226043701178,4.0,2.0,0.5924658179283142,-0.026463476242497563
PPO,75,final,1463,4463,0.0831669044494629,3.0,3.0,0.35773107409477234,-0.043765834998339415
PPO,75,final,1464,4464,0.09000000000000001,1.0,1.0,0.3189537823200226,-0.01109765819273889
PPO,75,final,1465,4465,0.028411248624324807,2.0,2.0,0.1731172502040863,-0.038277242332696915
PPO,75,final,1466,4466,0.09176831126213075,2.0,2.0,0.2984977066516876,-0.012574791675433517
PPO,75,final,1467,4467,0.037946827411651625,3.0,3.0,0.689939558506012,-0.03172143525443971
PPO,75,final,1468,4468,0.24305777430534364,2.0,2.0,0.283507376909256,-0.07091798889450729
PPO,75,final,1469,4469,-0.0677001082897186,4.0,3.0,0.3959220051765442,-0.042511247913353145
PPO,75,final,1470,4470,0.09000000000000001,1.0,1.0,0.22954802215099335,-0.008852040162310004
PPO,75,final,1471,4471,0.09000000000000001,1.0,1.0,0.1495497077703476,-0.008652644231915474
PPO,75,final,1472,4472,-0.09374619841575622,2.0,2.0,0.3548452854156494,-0.0524941966868937
PPO,75,final,1473,4473,-0.08915475606918334,5.0,2.0,0.6381539702415466,-0.04943579016253352
PPO,75,final,1474,4474,0.11859442472457887,2.0,2.0,0.531789243221283,-0.0013161644455976784
PPO,75,final,1475,4475,0.09000000000000001,1.0,1.0,0.7464212775230408,-0.007978982292115688
PPO,75,final,1476,4476,0.15127729058265688,2.0,2.0,0.25098660588264465,-0.012351376470178366
PPO,75,final,1477,4477,-0.038070363998413084,2.0,2.0,0.7420517802238464,0.0014825962716713548
PPO,75,final,1478,4478,0.10899199724197389,2.0,2.0,0.6818976402282715,-0.04114102525636554
PPO,75,final,1479,4479,-0.007729096412658676,2.0,2.0,0.511328399181366,-0.01625817862804979
PPO,75,final,1480,4480,0.09000000000000001,1.0,1.0,0.35716623067855835,-0.009333320427685976
PPO,75,final,1481,4481,-0.04262224912643432,3.0,2.0,0.3447263538837433,-0.04008774540852755
PPO,75,final,1482,4482,0.24555142402648927,2.0,2.0,0.5454795360565186,0.005152009835001081
PPO,75,final,1483,4483,0.09000000000000001,1.0,1.0,0.5103092193603516,-0.00903513259254396
PPO,75,final,1484,4484,0.2848296332359314,2.0,2.0,0.8080961108207703,-0.06580021767877042
PPO,75,final,1485,4485,0.22157104492187502,2.0,2.0,0.7537831664085388,-0.017148537561297417
PPO,75,final,1486,4486,0.039210067987442025,2.0,2.0,0.2669711709022522,-0.005856685223989189
PPO,75,final,1487,4487,-0.06574284851551056,2.0,2.0,0.3481976091861725,-0.032346616382710636
PPO,75,final,1488,4488,0.09000000000000001,1.0,1.0,0.8582140803337097,-0.012857381254434586
PPO,75,final,1489,4489,0.40264119625091555,3.0,2.0,0.9906339645385742,-0.0016880789771676064
PPO,75,final,1490,4490,-0.026476018428802484,3.0,3.0,0.7063354849815369,-0.042334267403930426
PPO,75,final,1491,4491,0.09000000000000001,1.0,1.0,0.09620297700166702,-0.00622810737695545
PPO,75,final,1492,4492,0.23966880321502687,2.0,2.0,0.6252579092979431,-0.046514679095707834
PPO,75,final,1493,4493,0.0021925163269043008,3.0,2.0,0.3227071762084961,-0.019693891517817974
PPO,75,final,1494,4494,-0.013761364221572855,3.0,3.0,0.40061140060424805,-0.04389820201322436
PPO,75,final,1495,4495,-0.14203414142131804,2.0,2.0,0.42811039090156555,-0.06858698790892959
PPO,75,final,1496,4496,0.10130656480789185,3.0,3.0,0.7570751309394836,0.007097203284502029
PPO,75,final,1497,4497,0.09000000000000001,1.0,1.0,0.3415946364402771,-0.007483000168576837
PPO,75,final,1498,4498,0.09000000000000001,1.0,1.0,0.7803053855895996,-0.009213539306074381
PPO,75,final,1499,4499,0.09000000000000001,1.0,1.0,0.14165376126766205,-0.005816031829454005
PPO,75,final,1500,4500,0.09000000000000001,1.0,1.0,0.6117981672286987,-0.0058692507445812225
PPO,75,final,1501,4501,0.09000000000000001,1.0,1.0,0.40931567549705505,-0.004614676465280354
PPO,75,final,1502,4502,0.09000000000000001,1.0,1.0,0.25511690974235535,-0.01220160792581737
PPO,75,final,1503,4503,0.09000000000000001,1.0,1.0,0.5654504299163818,-0.010650205425918102
PPO,75,final,1504,4504,0.1037141752243042,3.0,3.0,0.667460560798645,-0.029213785601314157
PPO,75,final,1505,4505,-0.08299307346343994,2.0,2.0,0.7976080775260925,-0.036940538440831006
PPO,75,final,1506,4506,0.08421023368835451,2.0,2.0,0.6358975768089294,-0.098387501668185
PPO,75,final,1507,4507,0.09000000000000001,1.0,1.0,0.3707040846347809,-0.004329438088461757
PPO,75,final,1508,4508,0.09000000000000001,1.0,1.0,0.23289839923381805,-0.0021816977532580495
PPO,75,final,1509,4509,0.09000000000000001,1.0,1.0,0.5074651837348938,-0.0031519131152890623
PPO,75,final,1510,4510,0.09000000000000001,1.0,1.0,0.7356211543083191,-0.00684886344242841
PPO,75,final,1511,4511,0.09000000000000001,1.0,1.0,0.5231589078903198,-0.006067110341973603
PPO,75,final,1512,4512,0.09000000000000001,1.0,1.0,0.9021185636520386,-0.004800967872142792
PPO,75,final,1513,4513,0.09000000000000001,1.0,1.0,0.3389832079410553,-0.0022248472087085247
PPO,75,final,1514,4514,0.09000000000000001,1.0,1.0,0.20274245738983154,-0.0008575263345846906
PPO,75,final,1515,4515,0.0433585810661316,2.0,2.0,0.7615887522697449,-0.05557501770090312
PPO,75,final,1516,4516,0.09000000000000001,1.0,1.0,0.36810943484306335,-0.0014269873208831996
PPO,75,final,1517,4517,0.09000000000000001,1.0,1.0,0.4119908809661865,-0.0007007082167547196
PPO,75,final,1518,4518,0.23256899595260622,2.0,2.0,0.8508515954017639,-0.06120151933282614
PPO,75,final,1519,4519,0.09000000000000001,1.0,1.0,0.08791976422071457,-0.00045858996600145474
PPO,75,final,1520,4520,0.09000000000000001,1.0,1.0,0.9305868148803711,-0.007574364542961121
PPO,75,final,1521,4521,0.043964879512786874,2.0,2.0,0.6571411490440369,-0.061023605114314705
PPO,75,final,1522,4522,0.09000000000000001,1.0,1.0,0.8690004944801331,-0.001897527399705723
PPO,75,final,1523,4523,0.09000000000000001,1.0,1.0,0.28088101744651794,-0.0012978596205357462
PPO,75,final,1524,4524,0.09000000000000001,1.0,1.0,1.0266486406326294,-0.008743153885006905
PPO,75,final,1525,4525,0.0783908534049988,2.0,2.0,0.9563644528388977,-0.06799960439093411
PPO,75,final,1526,4526,0.09000000000000001,1.0,1.0,0.9270958304405212,-0.0031200297526083887
PPO,75,final,1527,4527,0.09000000000000001,1.0,1.0,0.7514740824699402,-0.003758090839255601
PPO,75,final,1528,4528,0.09000000000000001,1.0,1.0,0.18928107619285583,-0.0003428444979363121
PPO,75,final,1529,4529,0.09000000000000001,1.0,1.0,0.8041041493415833,-0.002903734100982547
PPO,75,final,1530,4530,0.09000000000000001,1.0,1.0,0.3067578673362732,-0.0012604747316800058
PPO,75,final,1531,4531,0.09000000000000001,1.0,1.0,0.1635185033082962,-0.0010556555935181677
PPO,75,final,1532,4532,0.09000000000000001,1.0,1.0,0.6564809679985046,-0.002968606015201658
PPO,75,final,1533,4533,0.046660618782043466,2.0,2.0,0.7178316712379456,-0.05276945070363581
PPO,75,final,1534,4534,0.09000000000000001,1.0,1.0,0.16997911036014557,-0.0004398160017444752
PPO,75,final,1535,4535,0.09000000000000001,1.0,1.0,0.817181408405304,-0.003966588468756527
PPO,75,final,1536,4536,0.09000000000000001,1.0,1.0,0.7610214352607727,-0.0026460514636710286
PPO,75,final,1537,4537,0.09000000000000001,1.0,1.0,0.691938042640686,-0.0011925075377803296
PPO,75,final,1538,4538,0.09000000000000001,1.0,1.0,0.38485485315322876,-0.0009938352450262755
PPO,75,final,1539,4539,0.09000000000000001,1.0,1.0,0.4888898432254791,-0.0009610224224161357
PPO,75,final,1540,4540,0.09000000000000001,1.0,1.0,0.8178592324256897,-0.0013531599543057382
PPO,75,final,1541,4541,0.09000000000000001,1.0,1.0,0.38572415709495544,-0.0013293289812281728
PPO,75,final,1542,4542,0.09000000000000001,1.0,1.0,0.9960290789604187,-0.00110823183786124
PPO,75,final,1543,4543,0.09000000000000001,1.0,1.0,0.8582176566123962,-0.0033276103786192834
PPO,75,final,1544,4544,0.09000000000000001,1.0,1.0,0.6101363301277161,-0.0004262148431735113
PPO,75,final,1545,4545,0.09000000000000001,1.0,1.0,0.4486679434776306,-0.0004986348212696612
PPO,75,final,1546,4546,0.09000000000000001,1.0,1.0,0.8464236259460449,-0.00133938790531829
PPO,75,final,1547,4547,0.09000000000000001,1.0,1.0,0.8326085209846497,-0.005852239090017974
PPO,75,final,1548,4548,0.09000000000000001,1.0,1.0,0.39481356739997864,-0.0008084171422524378
PPO,75,final,1549,4549,0.09000000000000001,1.0,1.0,0.48852553963661194,-0.0003712245306815021
PPO,75,final,1550,4550,0.09000000000000001,1.0,1.0,0.9764209985733032,-0.0039903196739032865
PPO,75,final,1551,4551,0.17131452441215517,2.0,2.0,0.4776183068752289,-0.05431036150548607
PPO,75,final,1552,4552,0.09000000000000001,1.0,1.0,0.3831229507923126,-0.0008517743845004588
PPO,75,final,1553,4553,0.09000000000000001,1.0,1.0,0.2409508228302002,-0.0013477746106218547
PPO,75,final,1554,4554,0.09000000000000001,1.0,1.0,0.36875444650650024,-0.0005761101929238066
PPO,75,final,1555,4555,0.09000000000000001,1.0,1.0,0.3191034495830536,-0.0008548248442821205
PPO,75,final,1556,4556,0.2140998411178589,2.0,2.0,0.42991501092910767,-0.04966253411839716
PPO,75,final,1557,4557,0.09000000000000001,1.0,1.0,0.21818992495536804,-0.00010969264621962793
PPO,75,final,1558,4558,0.09000000000000001,1.0,1.0,0.33494096994400024,-0.004556371597573161
PPO,75,final,1559,4559,0.09000000000000001,1.0,1.0,0.16094794869422913,-0.0010091568110510707
PPO,75,final,1560,4560,0.09000000000000001,1.0,1.0,0.31932657957077026,-0.0006203452940098941
PPO,75,final,1561,4561,0.09000000000000001,1.0,1.0,0.7295287251472473,-0.003393528808373958
PPO,75,final,1562,4562,0.09000000000000001,1.0,1.0,0.9029906392097473,-0.004921992658637464
PPO,75,final,1563,4563,0.28483917474746706,4.0,2.0,0.414673388004303,-0.04395117156673223
PPO,75,final,1564,4564,0.09000000000000001,1.0,1.0,0.5507454872131348,-0.0030475588282570243
PPO,75,final,1565,4565,0.09000000000000001,1.0,1.0,0.16318154335021973,-0.001918560650665313
PPO,75,final,1566,4566,0.3630016016960144,2.0,2.0,0.9218029379844666,-0.05054150801151991
PPO,75,final,1567,4567,0.09000000000000001,1.0,1.0,0.3250765800476074,-0.0028562343795783818
PPO,75,final,1568,4568,0.16398675918579103,2.0,2.0,0.39903756976127625,-0.07112460967618972
PPO,75,final,1569,4569,0.09000000000000001,1.0,1.0,0.47455698251724243,-0.005476772086694837
PPO,75,final,1570,4570,0.15259756326675417,2.0,2.0,0.6579699516296387,-0.08714438800234348
PPO,75,final,1571,4571,0.10273812890052797,2.0,2.0,0.3693924844264984,-0.09275503980461508
PPO,75,final,1572,4572,0.09000000000000001,1.0,1.0,0.46229663491249084,-0.007183690322563052
PPO,75,final,1573,4573,0.02841346383094788,3.0,2.0,0.43497318029403687,0.012618008651770651
PPO,75,final,1574,4574,0.008961664438247696,2.0,2.0,0.5229762196540833,-0.04855396819766611
PPO,75,final,1575,4575,-0.02558882355690001,2.0,2.0,0.5740318298339844,-0.05800157238263637
PPO,75,final,1576,4576,0.05396793961524964,2.0,2.0,0.23277710378170013,-0.07335087249521166
PPO,75,final,1577,4577,0.23713798999786379,2.0,2.0,0.749487578868866,0.003599734394811094
PPO,75,final,1578,4578,-0.020723356008529648,2.0,2.0,0.38978952169418335,-0.042274041566997766
PPO,75,final,1579,4579,0.1686165499687195,2.0,2.0,0.5897194147109985,-0.007751805358566344
PPO,75,final,1580,4580,0.09000000000000001,1.0,1.0,0.4619600176811218,-0.010478879790753126
PPO,75,final,1581,4581,0.09000000000000001,1.0,1.0,0.25429004430770874,-0.004626870038919151
PPO,75,final,1582,4582,0.09000000000000001,1.0,1.0,0.17590852081775665,-0.0070032840594649315
PPO,75,final,1583,4583,0.09000000000000001,1.0,1.0,0.05531734228134155,-0.0023801312199793756
PPO,75,final,1584,4584,-0.004091365337371811,2.0,2.0,0.7529489398002625,-0.09531804267317057
PPO,75,final,1585,4585,0.09000000000000001,1.0,1.0,0.6994300484657288,-0.005452830926515162
PPO,75,final,1586,4586,0.2327966856956482,2.0,2.0,0.8666165471076965,-0.02090968855191022
PPO,75,final,1587,4587,0.1468773651123047,2.0,2.0,0.6696928143501282,-0.07708725659176707
PPO,75,final,1588,4588,0.09000000000000001,1.0,1.0,0.2261570245027542,-0.008565317606553435
PPO,75,final,1589,4589,-0.047539691925048824,3.0,2.0,0.6663092970848083,-0.047102987533435225
PPO,75,final,1590,4590,0.09000000000000001,1.0,1.0,0.7981299757957458,-0.009462352143600583
PPO,75,final,1591,4591,-0.01797805547714232,2.0,2.0,0.5012306571006775,-0.07292676507495344
PPO,75,final,1592,4592,0.09000000000000001,1.0,1.0,0.16396066546440125,-0.0077186464332044125
PPO,75,final,1593,4593,0.09000000000000001,1.0,1.0,0.5259159803390503,-0.012319233966991305
PPO,75,final,1594,4594,0.2647265958786011,2.0,2.0,0.8851629495620728,-0.06743582477793097
PPO,75,final,1595,4595,0.09000000000000001,1.0,1.0,0.2713644802570343,-0.007782020256854594
PPO,75,final,1596,4596,0.037648485898971566,2.0,2.0,0.4920191764831543,-0.033721550018526614
PPO,75,final,1597,4597,0.21168907165527345,2.0,2.0,0.5722822546958923,-0.02107700309716165
PPO,75,final,1598,4598,0.22401817321777345,2.0,2.0,0.9231901168823242,-0.035731920041143894
PPO,75,final,1599,4599,0.16029484748840334,2.0,2.0,0.6106904149055481,-0.09131407423410565
PPO,75,final,1600,4600,0.21520437479019167,2.0,2.0,0.858036994934082,-0.06680890452116728
PPO,75,final,1601,4601,0.09000000000000001,1.0,1.0,0.07364927232265472,-0.00873518013395369
PPO,75,final,1602,4602,0.09000000000000001,1.0,1.0,0.11250527948141098,-0.009316993178799748
PPO,75,final,1603,4603,0.09329094409942629,3.0,2.0,0.5504801869392395,-0.014712737640365958
PPO,75,final,1604,4604,0.16511263132095338,2.0,2.0,0.7487606406211853,-0.03310024365782738
PPO,75,final,1605,4605,-0.4956830620765686,10.0,2.0,0.6516262888908386,0.09294145181775093
PPO,75,final,1606,4606,0.09000000000000001,1.0,1.0,0.4789297878742218,-0.00815702066756785
PPO,75,final,1607,4607,-0.5151722431182861,10.0,3.0,0.9103941321372986,0.051813222002238035
PPO,75,final,1608,4608,-0.05534175872802734,4.0,2.0,0.334928035736084,-0.0187956215813756
PPO,75,final,1609,4609,0.09000000000000001,1.0,1.0,0.2745985686779022,-0.009692237479612231
PPO,75,final,1610,4610,0.09000000000000001,1.0,1.0,0.6587874293327332,-0.012215106980875134
PPO,75,final,1611,4611,0.37003729462623597,3.0,3.0,0.26314350962638855,-0.019436482340097427
PPO,75,final,1612,4612,0.15064560055732729,2.0,2.0,0.23611262440681458,-0.10211053164675832
PPO,75,final,1613,4613,0.07003725290298463,3.0,3.0,0.6153179407119751,-0.11969981668516994
PPO,75,final,1614,4614,-0.23121592283248898,8.0,2.0,0.6742211580276489,0.02958469232544303
PPO,75,final,1615,4615,0.1792911756038666,2.0,2.0,0.34822914004325867,-0.05133960931561887
PPO,75,final,1616,4616,0.09180012524127962,2.0,2.0,0.24009476602077484,-0.10700204921886325
PPO,75,final,1617,4617,0.11790402412414552,2.0,2.0,0.9241204857826233,-0.0775054051191546
PPO,75,final,1618,4618,-0.5186522156000137,10.0,3.0,0.1717681884765625,0.06272017583251
PPO,75,final,1619,4619,0.08472866773605348,4.0,3.0,0.6557168960571289,-0.018547792686149478
PPO,75,final,1620,4620,-0.5706568241119385,10.0,2.0,0.8351646661758423,0.07895311713218689
PPO,75,final,1621,4621,-0.6303098082542421,10.0,2.0,0.7564978003501892,0.07967345044016838
PPO,75,final,1622,4622,-0.24849781990051267,10.0,3.0,0.38401150703430176,-0.018551445798948407
PPO,75,final,1623,4623,-0.49995553493499756,10.0,3.0,0.7441996335983276,0.04932762961834669
PPO,75,final,1624,4624,0.057000358104705814,3.0,2.0,0.38692834973335266,-0.05086207221029326
PPO,75,final,1625,4625,-0.39256494045257573,10.0,2.0,0.8380225896835327,0.054476190358400345
PPO,75,final,1626,4626,-0.39747719764709477,10.0,2.0,1.2015162706375122,0.0539421234279871
PPO,75,final,1627,4627,-0.5775975465774537,10.0,2.0,0.9419243931770325,0.054197619669139385
PPO,75,final,1628,4628,0.04142680168151855,5.0,2.0,0.589796245098114,-0.06341595877893269
PPO,75,final,1629,4629,0.0947342085838318,2.0,2.0,0.44725847244262695,0.022832978749647737
PPO,75,final,1630,4630,0.14879401445388796,3.0,2.0,0.6031544804573059,-0.015369228553026915
PPO,75,final,1631,4631,0.3363082182407379,3.0,3.0,0.28385981917381287,0.010606375057250261
PPO,75,final,1632,4632,-0.05128483057022094,3.0,2.0,0.7316551208496094,-0.02028055372647941
PPO,75,final,1633,4633,0.1812171530723572,3.0,2.0,0.7257453203201294,-0.013568241847679019
PPO,75,final,1634,4634,0.09000000000000001,1.0,1.0,0.5874609351158142,0.0031927728559821844
PPO,75,final,1635,4635,-0.004995699524879452,3.0,2.0,0.11197654157876968,-0.055176204070448875
PPO,75,final,1636,4636,0.053875361680984495,7.0,4.0,0.44840970635414124,-0.07801613304764032
PPO,75,final,1637,4637,0.020506145358085648,2.0,2.0,0.26981982588768005,-0.07653556822333485
PPO,75,final,1638,4638,0.09000000000000001,1.0,1.0,0.2016507238149643,-0.00404245185200125
PPO,75,final,1639,4639,0.09000000000000001,1.0,1.0,0.8673781752586365,-0.003842515405267477
PPO,75,final,1640,4640,0.21209235668182375,2.0,2.0,0.6314912438392639,-0.03334239707328379
PPO,75,final,1641,4641,0.11057676553726198,2.0,2.0,0.3634544312953949,-0.07511640409938991
PPO,75,final,1642,4642,0.09000000000000001,1.0,1.0,0.7939465641975403,-0.006108481902629137
PPO,75,final,1643,4643,0.09000000000000001,1.0,1.0,0.35111361742019653,-0.004997765179723501
PPO,75,final,1644,4644,0.2102580738067627,3.0,3.0,1.0249401330947876,-0.010038547916337848
PPO,75,final,1645,4645,0.10929282188415529,2.0,2.0,0.3020491302013397,-0.09552079846616834
PPO,75,final,1646,4646,0.04922897338867188,3.0,3.0,0.4628150761127472,0.006406346568837762
PPO,75,final,1647,4647,0.08952666997909547,2.0,2.0,0.5431309938430786,-0.06431863084435463
PPO,75,final,1648,4648,-0.01632038354873659,10.0,3.0,0.6241068840026855,-0.0368680024985224
PPO,75,final,1649,4649,-0.08887451946735382,6.0,3.0,0.22079996764659882,-0.041959875263273716
PPO,75,final,1650,4650,0.09000000000000001,1.0,1.0,0.7921680212020874,-0.009962762240320444
PPO,75,final,1651,4651,0.03267386734485627,2.0,2.0,0.2711564302444458,-0.0533210588619113
PPO,75,final,1652,4652,0.31978639364242556,5.0,2.0,0.6875708699226379,-0.01081909122876823
PPO,75,final,1653,4653,0.09000000000000001,1.0,1.0,0.3104570209980011,-0.006488781422376633
PPO,75,final,1654,4654,-0.40050066709518434,10.0,4.0,0.5059277415275574,0.03126370441168547
PPO,75,final,1655,4655,0.09000000000000001,1.0,1.0,0.12882640957832336,-0.005108405603095889
PPO,75,final,1656,4656,0.09000000000000001,1.0,1.0,0.1661243438720703,-0.004636504338122904
PPO,75,final,1657,4657,0.09000000000000001,1.0,1.0,0.3996925354003906,-0.010038292966783047
PPO,75,final,1658,4658,0.06954445123672487,2.0,2.0,0.5523480176925659,-0.052355945110321045
PPO,75,final,1659,4659,0.09334914565086366,2.0,2.0,0.30160948634147644,-0.01284630032023415
PPO,75,final,1660,4660,-0.49504177570343016,10.0,2.0,0.8766442537307739,0.06248016282916069
PPO,75,final,1661,4661,0.03199027657508851,2.0,2.0,0.33768463134765625,-0.006714319868478924
PPO,75,final,1662,4662,0.09000000000000001,1.0,1.0,0.2917045056819916,-0.0038200390990823507
PPO,75,final,1663,4663,0.09000000000000001,1.0,1.0,1.0619724988937378,-0.005033948749769479
PPO,75,final,1664,4664,0.09000000000000001,1.0,1.0,0.18215450644493103,-0.005011226865462959
PPO,75,final,1665,4665,0.051011072397232064,2.0,2.0,0.4151991009712219,-0.06567673792596906
PPO,75,final,1666,4666,0.09000000000000001,1.0,1.0,0.3254372179508209,0.00018016458489000797
PPO,75,final,1667,4667,0.09000000000000001,1.0,1.0,0.5621472001075745,-0.004836912965402007
PPO,75,final,1668,4668,0.1133428978919983,2.0,2.0,0.6161075234413147,-0.007309543143492192
PPO,75,final,1669,4669,0.2547300922870636,2.0,2.0,0.4301513135433197,0.002579379972303286
PPO,75,final,1670,4670,0.09000000000000001,1.0,1.0,0.6302834153175354,-0.007700966438278556
PPO,75,final,1671,4671,0.09000000000000001,1.0,1.0,0.5596736073493958,-0.011080692056566477
PPO,75,final,1672,4672,0.09000000000000001,1.0,1.0,0.5796156525611877,-0.01282691489905119
PPO,75,final,1673,4673,0.06127475619316103,3.0,2.0,0.3548017144203186,-0.04311969899572432
PPO,75,final,1674,4674,0.12148069024086,2.0,2.0,0.3320663273334503,-0.008718295197468251
PPO,75,final,1675,4675,0.09000000000000001,1.0,1.0,0.4119151532649994,-0.013007608940824866
PPO,75,final,1676,4676,0.09000000000000001,1.0,1.0,0.30778661370277405,-0.005659513175487518
PPO,75,final,1677,4677,0.05701507806777955,2.0,2.0,0.28540053963661194,-0.0726483128964901
PPO,75,final,1678,4678,0.2053877878189087,2.0,2.0,0.8272643685340881,-0.05425509309861809
PPO,75,final,1679,4679,0.09000000000000001,1.0,1.0,0.3274095356464386,-0.01181177282705903
PPO,75,final,1680,4680,0.09000000000000001,1.0,1.0,0.791651725769043,-0.013669055420905352
PPO,75,final,1681,4681,0.09220548152923586,2.0,2.0,0.5076777935028076,-0.0344622116535902
PPO,75,final,1682,4682,0.23017735958099367,2.0,2.0,0.5996524095535278,-0.040567239513620734
PPO,75,final,1683,4683,0.09000000000000001,1.0,1.0,0.26760563254356384,-0.012197604170069098
PPO,75,final,1684,4684,0.04971547842025757,3.0,2.0,0.779895007610321,-0.01719579449854791
PPO,75,final,1685,4685,0.37303925275802613,3.0,3.0,0.635784924030304,-0.008202728349715471
PPO,75,final,1686,4686,0.09000000000000001,1.0,1.0,0.7919430136680603,-0.014865386066958308
PPO,75,final,1687,4687,0.06511997103691101,3.0,2.0,0.43732574582099915,-0.03131986176595092
PPO,75,final,1688,4688,0.05123920917510987,2.0,2.0,0.1706204116344452,-0.07237815670669079
PPO,75,final,1689,4689,0.12390668869018556,2.0,2.0,0.2936495244503021,-0.023374812677502632
PPO,75,final,1690,4690,-0.06396328449249265,4.0,3.0,0.4053538739681244,-0.038101033424027264
PPO,75,final,1691,4691,0.09000000000000001,1.0,1.0,0.19469644129276276,-0.012601764407008886
PPO,75,final,1692,4692,0.25362827062606813,2.0,2.0,0.7245404124259949,-0.014756133314222097
PPO,75,final,1693,4693,0.09155665516853334,2.0,2.0,0.4397117495536804,-0.061069364193826914
PPO,75,final,1694,4694,0.02102525711059572,2.0,2.0,0.3957875669002533,-0.04923715069890022
PPO,75,final,1695,4695,0.09000000000000001,1.0,1.0,0.4545225501060486,-0.0154042006470263
PPO,75,final,1696,4696,-0.011017156839370712,2.0,2.0,0.5221472382545471,-0.08113317424431443
PPO,75,final,1697,4697,0.09000000000000001,1.0,1.0,0.047940339893102646,-0.01095952047035098
PPO,75,final,1698,4698,0.09000000000000001,1.0,1.0,0.8459137082099915,-0.014713556505739689
PPO,75,final,1699,4699,0.09000000000000001,1.0,1.0,0.6419269442558289,-0.014197023585438728
PPO,75,final,1700,4700,0.09000000000000001,1.0,1.0,0.34680476784706116,-0.009860295336693525
PPO,75,final,1701,4701,0.06761505126953125,3.0,2.0,0.7168652415275574,-0.06283342721872032
PPO,75,final,1702,4702,0.09000000000000001,1.0,1.0,0.7339205741882324,-0.01084475452080369
PPO,75,final,1703,4703,0.15660746574401857,2.0,2.0,1.0056654214859009,-0.022043442586436868
PPO,75,final,1704,4704,0.09000000000000001,1.0,1.0,0.7440671920776367,-0.011706259800121188
PPO,75,final,1705,4705,-0.1209122371673584,2.0,2.0,0.6661651730537415,-0.026625077007338405
PPO,75,final,1706,4706,0.4088155198097229,2.0,2.0,0.8467584252357483,0.014085231116041541
PPO,75,final,1707,4707,0.09000000000000001,1.0,1.0,0.15570349991321564,-0.004729637526907027
PPO,75,final,1708,4708,0.18650241374969484,2.0,2.0,1.0123008489608765,-0.07770686503499746
PPO,75,final,1709,4709,-0.046182854175567625,7.0,3.0,0.6946900486946106,-0.015856308862566948
PPO,75,final,1710,4710,0.21974520564079286,2.0,2.0,0.2866043746471405,-0.09623533661942929
PPO,75,final,1711,4711,0.19488324642181398,3.0,2.0,0.7007123231887817,-0.017855989281088114
PPO,75,final,1712,4712,-0.17691930413246154,8.0,4.0,0.48536762595176697,-0.001274339621886611
PPO,75,final,1713,4713,-0.1192893588542938,4.0,3.0,0.5960272550582886,-0.0471976378466934
PPO,75,final,1714,4714,0.3397911262512207,3.0,3.0,0.6930166482925415,-0.008270265650935471
PPO,75,final,1715,4715,0.08368470430374146,4.0,2.0,0.6785589456558228,-0.03855879092589021
PPO,75,final,1716,4716,0.19745983362197878,2.0,2.0,0.7138620615005493,-0.029928793490398675
PPO,75,final,1717,4717,0.11587615489959718,2.0,2.0,0.7328689694404602,-0.07643074286170304
PPO,75,final,1718,4718,0.011942284107208267,2.0,2.0,0.5090236663818359,-0.014192719710990787
PPO,75,final,1719,4719,0.010029273033142105,2.0,2.0,0.8393620848655701,-0.035910002421587706
PPO,75,final,1720,4720,-0.020933508872985854,5.0,4.0,0.7080553770065308,-0.052360080066137016
PPO,75,final,1721,4721,0.2514759695529938,4.0,3.0,0.42631974816322327,-0.027724539395421743
PPO,75,final,1722,4722,0.09000000000000001,1.0,1.0,0.15374229848384857,-0.003573336231056601
PPO,75,final,1723,4723,0.09000000000000001,1.0,1.0,0.5712962746620178,-0.010100933024659753
PPO,75,final,1724,4724,0.16122658729553224,2.0,2.0,0.6438511610031128,-0.02069492789451033
PPO,75,final,1725,4725,-0.03897260665893555,4.0,3.0,0.5328976511955261,-0.018441130174323916
PPO,75,final,1726,4726,0.08962120294570924,2.0,2.0,0.5236790776252747,-0.0784127814695239
PPO,75,final,1727,4727,0.09000000000000001,1.0,1.0,0.22636587917804718,-0.008190467953681946
PPO,75,final,1728,4728,0.09000000000000001,1.0,1.0,0.1977503001689911,-0.004685351625084877
PPO,75,final,1729,4729,0.09000000000000001,1.0,1.0,0.21214815974235535,-0.0063010609010234475
PPO,75,final,1730,4730,0.23641289949417116,7.0,3.0,0.8670368790626526,-0.026815029326826334
PPO,75,final,1731,4731,0.09000000000000001,1.0,1.0,0.7835031151771545,-0.009878920624032617
PPO,75,final,1732,4732,0.09000000000000001,1.0,1.0,0.3526918590068817,-0.0074428595835343
PPO,75,final,1733,4733,0.09000000000000001,1.0,1.0,0.05269255116581917,-0.003245635482016951
PPO,75,final,1734,4734,0.09000000000000001,1.0,1.0,0.20658040046691895,-0.009437598055228591
PPO,75,final,1735,4735,0.09000000000000001,1.0,1.0,0.7839230298995972,-0.006225129589438438
PPO,75,final,1736,4736,0.13455940008163453,3.0,3.0,0.8728870153427124,-0.06039670226164162
PPO,75,final,1737,4737,0.09000000000000001,1.0,1.0,1.0395971536636353,-0.009005912113934755
PPO,75,final,1738,4738,0.10622306346893312,2.0,2.0,0.811345636844635,-0.035220989608205855
PPO,75,final,1739,4739,0.11061758518218995,3.0,3.0,0.5851744413375854,-0.05382446455769241
PPO,75,final,1740,4740,0.09000000000000001,1.0,1.0,0.8564202189445496,-0.009953188244253397
PPO,75,final,1741,4741,0.15722048461437227,2.0,2.0,0.21713729202747345,-0.05532653967384249
PPO,75,final,1742,4742,0.09000000000000001,1.0,1.0,0.8673370480537415,-0.014690893236547709
PPO,75,final,1743,4743,0.15166364789009096,2.0,2.0,0.4686429798603058,-0.05311706033535302
PPO,75,final,1744,4744,0.04415007859468461,2.0,2.0,0.1444658488035202,0.021520581445656717
PPO,75,final,1745,4745,0.0519045090675354,4.0,3.0,0.8902050256729126,-0.043862228048965335
PPO,75,final,1746,4746,0.14700462102890016,2.0,2.0,0.2729995548725128,-0.012741107726469636
PPO,75,final,1747,4747,0.08944793224334718,2.0,2.0,0.800849974155426,-0.04776518093422055
PPO,75,final,1748,4748,0.09000000000000001,1.0,1.0,0.5018404722213745,-0.008250028127804399
PPO,75,final,1749,4749,0.09000000000000001,1.0,1.0,0.6080328822135925,-0.008700719336047769
PPO,75,final,1750,4750,0.09000000000000001,1.0,1.0,0.8860372304916382,-0.011909193592146039
PPO,75,final,1751,4751,0.09000000000000001,1.0,1.0,0.24762725830078125,-0.013666866580024362
PPO,75,final,1752,4752,0.09000000000000001,1.0,1.0,0.10697450488805771,-0.005171799217350781
PPO,75,final,1753,4753,0.09000000000000001,1.0,1.0,0.1199846863746643,-0.006849091383628547
PPO,75,final,1754,4754,0.23767148137092592,2.0,2.0,0.4682336151599884,-0.024382758303545415
PPO,75,final,1755,4755,0.09000000000000001,1.0,1.0,0.2850440442562103,-0.004740101983770728
PPO,75,final,1756,4756,-0.262852828502655,8.0,3.0,0.8187665939331055,-0.005607388913631439
PPO,75,final,1757,4757,-0.1841828656196594,7.0,3.0,0.601222813129425,-0.004254914820194244
PPO,75,final,1758,4758,0.09000000000000001,1.0,1.0,0.7684546709060669,-0.009464740054681897
PPO,75,final,1759,4759,0.09000000000000001,1.0,1.0,0.6150940656661987,-0.010320347733795643
PPO,75,final,1760,4760,0.09000000000000001,1.0,1.0,0.29511138796806335,-0.010175194824114442
PPO,75,final,1761,4761,0.05399705648422242,2.0,2.0,0.5082882046699524,-0.04920130153186619
PPO,75,final,1762,4762,0.09000000000000001,1.0,1.0,0.7473206520080566,-0.011646446771919727
PPO,75,final,1763,4763,0.09000000000000001,1.0,1.0,0.046842653304338455,-0.003525669395457953
PPO,75,final,1764,4764,0.09000000000000001,1.0,1.0,0.22343765199184418,-0.004673604387789965
PPO,75,final,1765,4765,0.09000000000000001,1.0,1.0,0.18540693819522858,-0.0068977875635027885
PPO,75,final,1766,4766,0.14926881313323975,3.0,3.0,0.791026771068573,-0.02006518724374473
PPO,75,final,1767,4767,0.09000000000000001,1.0,1.0,0.08110429346561432,-0.004095801850780845
PPO,75,final,1768,4768,0.09000000000000001,1.0,1.0,0.9334419965744019,-0.0143280946649611
PPO,75,final,1769,4769,0.09000000000000001,1.0,1.0,0.6136651635169983,-0.006683475919999182
PPO,75,final,1770,4770,0.05990748286247254,2.0,2.0,0.49581435322761536,-0.02525318693369627
PPO,75,final,1771,4771,0.22006114006042482,2.0,2.0,1.1021181344985962,-0.027879951987415552
PPO,75,final,1772,4772,0.11979562222957613,2.0,2.0,0.24802438914775848,-0.02519484027288854
PPO,75,final,1773,4773,0.05697746008634568,2.0,2.0,0.14767396450042725,-0.004324091132730246
PPO,75,final,1774,4774,0.12747468233108522,2.0,2.0,0.713624119758606,-0.014142884407192469
PPO,75,final,1775,4775,0.09188412308692934,2.0,2.0,0.19393600523471832,-0.04604308120906353
PPO,75,final,1776,4776,0.09000000000000001,1.0,1.0,0.9638572335243225,-0.010376869468018413
PPO,75,final,1777,4777,0.09000000000000001,1.0,1.0,0.19798646867275238,-0.0070123664336279035
PPO,75,final,1778,4778,0.19376196146011354,2.0,2.0,0.7420251965522766,-0.014588931284379214
PPO,75,final,1779,4779,0.034289608001708986,4.0,3.0,0.5412371754646301,-0.05786506179720163
PPO,75,final,1780,4780,0.09000000000000001,1.0,1.0,0.7639614343643188,-0.013745782198384404
PPO,75,final,1781,4781,0.1890649175643921,4.0,4.0,0.8208471536636353,-0.05935491435229778
PPO,75,final,1782,4782,-0.20505264014005659,6.0,2.0,0.16133835911750793,0.004164326470345259
PPO,75,final,1783,4783,0.09000000000000001,1.0,1.0,0.4770296514034271,-0.012272102059796453
PPO,75,final,1784,4784,0.09000000000000001,1.0,1.0,0.9946712851524353,-0.015377598814666271
PPO,75,final,1785,4785,0.09000000000000001,1.0,1.0,0.8203085064888,-0.013124644756317139
PPO,75,final,1786,4786,0.13599558591842653,3.0,2.0,0.5887194871902466,-0.018874334637075663
PPO,75,final,1787,4787,-0.04905377388000488,6.0,3.0,0.6958422064781189,-0.04230672353878617
PPO,75,final,1788,4788,0.09000000000000001,1.0,1.0,0.17068366706371307,-0.013587753754109144
PPO,75,final,1789,4789,0.09000000000000001,1.0,1.0,0.2727530896663666,-0.011006929446011782
PPO,75,final,1790,4790,0.09000000000000001,1.0,1.0,0.11975792795419693,-0.008406049339100718
PPO,75,final,1791,4791,0.13111574172973633,3.0,3.0,1.0475815534591675,-0.03630362846888602
PPO,75,final,1792,4792,0.27358426332473756,2.0,2.0,0.7033572793006897,-0.012734546093270183
PPO,75,final,1793,4793,0.09000000000000001,1.0,1.0,0.09335368126630783,-0.011157874250784516
PPO,75,final,1794,4794,0.17959655523300172,5.0,3.0,0.6761738657951355,-0.06571451993659139
PPO,75,final,1795,4795,0.122287757396698,3.0,3.0,0.7508076429367065,-0.07881413912400603
PPO,75,final,1796,4796,0.055779056549072274,2.0,2.0,0.7202867865562439,-0.005010019289329648
PPO,75,final,1797,4797,0.09000000000000001,1.0,1.0,0.08889760822057724,-0.009777985280379653
PPO,75,final,1798,4798,0.08647699832916261,2.0,2.0,0.1467006951570511,-0.017543623223900795
PPO,75,final,1799,4799,0.1411836314201355,2.0,2.0,0.6474060416221619,-0.01642733858898282
PPO,75,final,1800,4800,-0.019505786895751956,5.0,3.0,0.8859357833862305,-0.020225683110766113
PPO,75,final,1801,4801,0.04715533733367921,2.0,2.0,0.7899966835975647,-0.020358054200187325
PPO,75,final,1802,4802,-0.11857300579547882,3.0,2.0,0.3008185923099518,-0.02972442377358675
PPO,75,final,1803,4803,0.09000000000000001,1.0,1.0,0.2074141502380371,-0.011310346890240908
PPO,75,final,1804,4804,0.09000000000000001,1.0,1.0,0.22703321278095245,-0.008093013893812895
PPO,75,final,1805,4805,-0.0769197154045105,3.0,2.0,0.6511407494544983,-0.020944669260643423
PPO,75,final,1806,4806,0.09462727785110475,2.0,2.0,0.4594261348247528,-0.00439820415340364
PPO,75,final,1807,4807,0.12938730597496034,2.0,2.0,0.3547871708869934,-0.010696761659346521
PPO,75,final,1808,4808,0.09000000000000001,1.0,1.0,0.26336655020713806,-0.009485052898526192
PPO,75,final,1809,4809,0.01854671716690065,2.0,2.0,0.20139627158641815,-0.017630306887440383
PPO,75,final,1810,4810,0.06415756225585939,2.0,2.0,0.2274705022573471,-0.018415979109704494
PPO,75,final,1811,4811,0.07884407758712769,3.0,3.0,0.49484676122665405,-0.05316207138821483
PPO,75,final,1812,4812,-0.11247948169708251,6.0,2.0,1.2634658813476562,-0.04376306151971221
PPO,75,final,1813,4813,0.06998320579528809,4.0,2.0,1.3099695444107056,-0.03881713026203215
PPO,75,final,1814,4814,0.11460318088531495,3.0,2.0,0.901572048664093,-0.061860012356191874
PPO,75,final,1815,4815,0.09000000000000001,1.0,1.0,0.8238521814346313,-0.009497836232185364
PPO,75,final,1816,4816,0.09000000000000001,1.0,1.0,1.022197961807251,-0.011455926112830639
PPO,75,final,1817,4817,0.13729990243911744,3.0,3.0,0.9530971646308899,-0.01709127309732139
PPO,75,final,1818,4818,0.027436988353729264,2.0,2.0,0.7676047086715698,0.01021240174304694
PPO,75,final,1819,4819,0.09000000000000001,1.0,1.0,0.9061741232872009,-0.01138279726728797
PPO,75,final,1820,4820,0.2818302583694458,3.0,3.0,1.0574748516082764,0.0005362506490200758
PPO,75,final,1821,4821,0.09000000000000001,1.0,1.0,0.2699868381023407,-0.008397520054131746
PPO,75,final,1822,4822,0.0566715168952942,2.0,2.0,0.6490098237991333,-0.018700504209846258
PPO,75,final,1823,4823,0.09000000000000001,1.0,1.0,0.4889179766178131,-0.009338655974715948
PPO,75,final,1824,4824,-0.11053826451301575,4.0,3.0,0.2762660086154938,-0.021669478272087872
PPO,75,final,1825,4825,0.09000000000000001,1.0,1.0,0.17605270445346832,-0.006690396927297115
PPO,75,final,1826,4826,0.09000000000000001,1.0,1.0,0.11996405571699142,-0.0048340329667553306
PPO,75,final,1827,4827,0.21050830364227296,2.0,2.0,0.9340639114379883,-0.04049334232695401
PPO,75,final,1828,4828,0.09000000000000001,1.0,1.0,0.14862774312496185,-0.00551826530136168
PPO,75,final,1829,4829,0.09000000000000001,1.0,1.0,0.13066792488098145,-0.006730457302182913
PPO,75,final,1830,4830,0.17692221879959108,2.0,2.0,0.7043657302856445,-0.013856225996278226
PPO,75,final,1831,4831,0.10580797195434571,5.0,3.0,0.6250653862953186,-0.04015130456537008
PPO,75,final,1832,4832,0.09000000000000001,1.0,1.0,0.18770477175712585,-0.007043064571917057
PPO,75,final,1833,4833,0.09000000000000001,1.0,1.0,0.5681073069572449,-0.011724833631888032
PPO,75,final,1834,4834,0.09000000000000001,1.0,1.0,0.3383539021015167,-0.005348645034246147
PPO,75,final,1835,4835,0.09000000000000001,1.0,1.0,0.13323433697223663,-0.007407626369968057
PPO,75,final,1836,4836,0.09000000000000001,1.0,1.0,0.1256624013185501,-0.00633212726097554
PPO,75,final,1837,4837,0.09000000000000001,1.0,1.0,1.1548279523849487,-0.008856465574353933
PPO,75,final,1838,4838,0.09000000000000001,1.0,1.0,0.39054933190345764,-0.011282813269644976
PPO,75,final,1839,4839,0.4372654724121094,2.0,2.0,0.7094019651412964,0.014130820520222187
PPO,75,final,1840,4840,0.09000000000000001,1.0,1.0,0.2917879521846771,-0.0073722017696127295
PPO,75,final,1841,4841,0.09000000000000001,1.0,1.0,0.12978284060955048,-0.00908671342767775
PPO,75,final,1842,4842,0.02342631101608278,2.0,2.0,0.33959123492240906,-0.026039198972284794
PPO,75,final,1843,4843,0.09000000000000001,1.0,1.0,0.771014392375946,-0.01264963299036026
PPO,75,final,1844,4844,0.09000000000000001,1.0,1.0,0.9808438420295715,-0.013438442721962929
PPO,75,final,1845,4845,0.11644591569900514,2.0,2.0,0.7380099296569824,-0.01120763667859137
PPO,75,final,1846,4846,0.09000000000000001,1.0,1.0,0.26944205164909363,-0.008990988600999117
PPO,75,final,1847,4847,0.09000000000000001,1.0,1.0,0.11246274411678314,-0.00816568941809237
PPO,75,final,1848,4848,0.09000000000000001,1.0,1.0,0.6785733103752136,-0.01217415533028543
PPO,75,final,1849,4849,0.09000000000000001,1.0,1.0,0.24699988961219788,-0.008838997688144445
PPO,75,final,1850,4850,0.09000000000000001,1.0,1.0,0.6984143257141113,-0.012368741678074002
PPO,75,final,1851,4851,0.2181174921989441,2.0,2.0,0.6594318747520447,-0.015049200563225895
PPO,75,final,1852,4852,0.08146257877349855,2.0,2.0,0.5710427761077881,-0.022314678062684834
PPO,75,final,1853,4853,0.09198732614517212,6.0,3.0,0.6884763836860657,-0.03507766826078296
PPO,75,final,1854,4854,0.09000000000000001,1.0,1.0,0.10521203279495239,-0.009214612189680338
PPO,75,final,1855,4855,0.09000000000000001,1.0,1.0,0.42433372139930725,-0.012235927628353238
PPO,75,final,1856,4856,0.15408809661865236,2.0,2.0,0.833686888217926,-0.014587743091396987
PPO,75,final,1857,4857,0.1876467037200928,2.0,2.0,0.4477781653404236,-0.09460527333430946
PPO,75,final,1858,4858,0.09000000000000001,1.0,1.0,0.16115517914295197,-0.00896095740608871
PPO,75,final,1859,4859,-0.3633306622505188,10.0,3.0,0.5009731650352478,0.06232893280684948
PPO,75,final,1860,4860,-0.09699125170707702,8.0,3.0,0.35011011362075806,-0.0026455523911863565
PPO,75,final,1861,4861,-0.0024625241756439237,5.0,3.0,0.32054975628852844,-0.07331592694390565
PPO,75,final,1862,4862,-0.04987649917602539,5.0,3.0,0.5472533106803894,-0.0652027934556827
PPO,75,final,1863,4863,0.24579931259155274,4.0,3.0,0.6144771575927734,-0.013336055912077427
PPO,75,final,1864,4864,0.09000000000000001,1.0,1.0,0.821088433265686,-0.012781539233401418
PPO,75,final,1865,4865,0.06526962637901307,3.0,3.0,0.4821510314941406,-0.035064102383330464
PPO,75,final,1866,4866,0.12134419560432436,2.0,2.0,0.42842796444892883,-0.026165430899709463
PPO,75,final,1867,4867,0.0896520781517029,2.0,2.0,0.3792143762111664,-0.018989616772159934
PPO,75,final,1868,4868,0.3933036994934082,3.0,3.0,0.6757166981697083,0.0038174603832885623
PPO,75,final,1869,4869,0.016539441347122208,2.0,2.0,0.23769204318523407,0.010847648372873664
PPO,75,final,1870,4870,-0.3829364061355591,10.0,2.0,0.6147667169570923,0.077301524579525
PPO,75,final,1871,4871,-0.05926240563392639,8.0,3.0,0.3034345209598541,-0.023850236786529422
PPO,75,final,1872,4872,0.04277362108230592,2.0,2.0,0.6206873059272766,-0.050964673748239875
PPO,75,final,1873,4873,0.0024882626533508506,3.0,3.0,0.7146247029304504,-0.05896259914152324
PPO,75,final,1874,4874,0.09000000000000001,1.0,1.0,0.6289023160934448,-0.012724478961899877
PPO,75,final,1875,4875,0.0698446947336197,2.0,2.0,0.1888100951910019,-0.0585733347106725
PPO,75,final,1876,4876,0.1047621536254883,2.0,2.0,0.8321419954299927,-0.04953131335787475
PPO,75,final,1877,4877,0.03751357078552247,2.0,2.0,0.6634718775749207,-0.049295535078272223
PPO,75,final,1878,4878,0.09000000000000001,1.0,1.0,0.11188770830631256,-0.008131937123835087
PPO,75,final,1879,4879,0.09000000000000001,1.0,1.0,0.38820695877075195,-0.01117611606605351
PPO,75,final,1880,4880,0.07936237931251527,2.0,2.0,0.4172477722167969,-0.023973842151463032
PPO,75,final,1881,4881,0.09000000000000001,1.0,1.0,0.22254598140716553,-0.009335270849987864
PPO,75,final,1882,4882,0.15390046119689943,2.0,2.0,0.8225489258766174,-0.07209360506385565
PPO,75,final,1883,4883,0.09000000000000001,1.0,1.0,0.8920539617538452,-0.010386623442173004
PPO,75,final,1884,4884,0.0558724617958069,4.0,2.0,0.6912078261375427,-0.04733115015551448
PPO,75,final,1885,4885,0.12574649095535279,6.0,4.0,0.6566343307495117,-0.0677008091006428
PPO,75,final,1886,4886,-0.5090062499046326,10.0,2.0,0.7024364471435547,0.08154813759028912
PPO,75,final,1887,4887,0.09000000000000001,1.0,1.0,0.41413336992263794,-0.007934227120131254
PPO,75,final,1888,4888,0.1803569269180298,3.0,3.0,0.45533275604248047,-0.010394043114501983
PPO,75,final,1889,4889,0.09000000000000001,1.0,1.0,0.20468494296073914,-0.005193173768930137
PPO,75,final,1890,4890,0.2968087959289551,2.0,2.0,1.07196843624115,-0.035802057944238186
PPO,75,final,1891,4891,-0.06116832613945007,7.0,3.0,0.3612058460712433,-0.029594557126984
PPO,75,final,1892,4892,0.04406990289688111,2.0,2.0,0.547283947467804,-0.031171446898952127
PPO,75,final,1893,4893,0.09000000000000001,1.0,1.0,0.10393033921718597,-0.006414266070351005
PPO,75,final,1894,4894,0.12267340898513795,2.0,2.0,0.6787601113319397,-0.005118971224874258
PPO,75,final,1895,4895,0.0366466510295868,2.0,2.0,0.32811981439590454,-0.017699353164061904
PPO,75,final,1896,4896,0.08601160764694214,3.0,2.0,0.7641169428825378,-0.027247632388025522
PPO,75,final,1897,4897,0.0779076385498047,2.0,2.0,0.6838706731796265,-0.023517042631283402
PPO,75,final,1898,4898,0.13987739562988283,2.0,2.0,0.7959453463554382,0.0008591995574533939
PPO,75,final,1899,4899,0.09000000000000001,1.0,1.0,0.8168246150016785,-0.010576969245448709
PPO,75,final,1900,4900,0.279077308177948,2.0,2.0,0.5394572615623474,-0.04927925392985344
PPO,75,final,1901,4901,0.15367533445358278,2.0,2.0,0.5820040702819824,-0.027499832562170923
PPO,75,final,1902,4902,0.09000000000000001,1.0,1.0,0.843573272228241,-0.011110636405646801
PPO,75,final,1903,4903,0.05771947622299196,3.0,3.0,0.6570115685462952,-0.0776213810313493
PPO,75,final,1904,4904,0.018382916450500483,4.0,3.0,0.5408705472946167,-0.0726062620524317
PPO,75,final,1905,4905,0.2212477493286133,2.0,2.0,0.8018609285354614,-0.05150829418562353
PPO,75,final,1906,4906,0.234570631980896,4.0,3.0,1.0682718753814697,-0.012053500744514167
PPO,75,final,1907,4907,-0.38525395393371586,10.0,2.0,1.0400285720825195,0.07546796835958958
PPO,75,final,1908,4908,0.04713250875473023,2.0,2.0,0.9408578276634216,-0.06205611699260771
PPO,75,final,1909,4909,0.2992125916481018,2.0,2.0,0.6671753525733948,0.008043469628319144
PPO,75,final,1910,4910,0.1412403154373169,2.0,2.0,0.6782955527305603,-0.026378781767562032
PPO,75,final,1911,4911,0.07086880683898927,2.0,2.0,0.5675863027572632,-0.024286165134981275
PPO,75,final,1912,4912,0.14273125648498536,3.0,3.0,0.8222945928573608,-0.011273067793808877
PPO,75,final,1913,4913,0.12467472434043886,2.0,2.0,0.3502722680568695,-0.05495873559266329
PPO,75,final,1914,4914,0.10069807052612306,2.0,2.0,0.31820181012153625,-0.03065567323938012
PPO,75,final,1915,4915,0.09397799491882326,3.0,3.0,0.6020406484603882,-0.0364272384904325
PPO,75,final,1916,4916,-0.03522519588470459,2.0,2.0,0.25092095136642456,-0.009624053491279483
PPO,75,final,1917,4917,-0.5361644506454468,10.0,2.0,0.7536612153053284,0.07855555973947048
PPO,75,final,1918,4918,-0.3391520261764527,10.0,2.0,0.8976327180862427,0.06834996491670609
PPO,75,final,1919,4919,-0.0005836093425750782,4.0,3.0,0.18947087228298187,-0.04156207083724439
PPO,75,final,1920,4920,0.26369469046592714,2.0,2.0,0.355117529630661,-0.007616583141498268
PPO,75,final,1921,4921,0.14340196728706361,2.0,2.0,0.47209432721138,-0.10217224853113294
PPO,75,final,1922,4922,-0.12068174600601196,7.0,3.0,0.8017123937606812,-0.03242386435158551
PPO,75,final,1923,4923,0.07509114265441895,3.0,2.0,0.6929246783256531,-0.037703923881053925
PPO,75,final,1924,4924,-0.4962633728981018,10.0,2.0,0.4460737705230713,0.06656485050916672
PPO,75,final,1925,4925,0.05296983003616334,2.0,2.0,0.3365758955478668,-0.05172615638002753
PPO,75,final,1926,4926,0.036940860748291025,5.0,5.0,0.6489179730415344,-0.05527221830561757
PPO,75,final,1927,4927,0.09000000000000001,1.0,1.0,0.6017135977745056,-0.01032729516737163
PPO,75,final,1928,4928,0.09000000000000001,1.0,1.0,0.2451288253068924,-0.011248041409999132
PPO,75,final,1929,4929,-0.03299402236938477,4.0,3.0,0.5547849535942078,-0.029631716199219227
PPO,75,final,1930,4930,0.09000000000000001,1.0,1.0,0.25117143988609314,-0.009608832420781255
PPO,75,final,1931,4931,0.08436832547187804,8.0,4.0,0.2795511782169342,-0.02671787969302386
PPO,75,final,1932,4932,0.09000000000000001,1.0,1.0,0.6220217943191528,-0.009168582037091255
PPO,75,final,1933,4933,0.09000000000000001,1.0,1.0,0.14277033507823944,-0.008180835749953985
PPO,75,final,1934,4934,0.09771551370620729,2.0,2.0,0.902877926826477,-0.06572723248973489
PPO,75,final,1935,4935,0.039425687789917,2.0,2.0,0.7251443266868591,-0.056982142617926
PPO,75,final,1936,4936,0.06344174027442934,2.0,2.0,0.27969300746917725,-0.037570012151263654
PPO,75,final,1937,4937,0.08156289577484131,3.0,2.0,0.43108636140823364,-0.04216685285791755
PPO,75,final,1938,4938,0.09000000000000001,1.0,1.0,0.850664496421814,-0.008570872247219086
PPO,75,final,1939,4939,0.3026628065109253,2.0,2.0,1.0245248079299927,0.014104799134656787
PPO,75,final,1940,4940,0.09000000000000001,1.0,1.0,0.519469141960144,-0.004147307598032057
PPO,75,final,1941,4941,0.17622180461883546,2.0,2.0,0.559988796710968,-0.06961667351424694
PPO,75,final,1942,4942,0.09000000000000001,1.0,1.0,0.6694382429122925,-0.012986912857741117
PPO,75,final,1943,4943,0.4059701132774353,2.0,2.0,0.8505871891975403,-0.05686305183917284
PPO,75,final,1944,4944,0.09000000000000001,1.0,1.0,0.0995015874505043,-0.005000266362912953
PPO,75,final,1945,4945,0.3743060898780823,3.0,3.0,0.9701840281486511,-0.0018426687456667423
PPO,75,final,1946,4946,-0.029739549160003667,4.0,3.0,0.39405420422554016,-0.0049872135277837515
PPO,75,final,1947,4947,0.09000000000000001,1.0,1.0,0.5405575037002563,-0.011367140570655465
PPO,75,final,1948,4948,0.006517697572708134,3.0,2.0,0.39813417196273804,-0.06248339219018817
PPO,75,final,1949,4949,0.10161297202110292,2.0,2.0,0.2670239806175232,-0.023566432762891054
PPO,75,final,1950,4950,0.09000000000000001,1.0,1.0,0.772210419178009,-0.008756600320339203
PPO,75,final,1951,4951,0.13094105005264284,2.0,2.0,0.6847215890884399,-0.042212550062686205
PPO,75,final,1952,4952,0.09000000000000001,1.0,1.0,0.32977205514907837,-0.012710576644167304
PPO,75,final,1953,4953,0.09000000000000001,1.0,1.0,0.9910945296287537,-0.0048161729937419295
PPO,75,final,1954,4954,-0.5129001617431641,10.0,2.0,0.7175241112709045,0.0781062413007021
PPO,75,final,1955,4955,0.022102491855621353,2.0,2.0,0.8445114493370056,-0.03556461143307388
PPO,75,final,1956,4956,0.09000000000000001,1.0,1.0,0.2815420627593994,-0.013595827855169773
PPO,75,final,1957,4957,0.09000000000000001,1.0,1.0,0.9953581690788269,-0.01435342663899064
PPO,75,final,1958,4958,0.09000000000000001,1.0,1.0,0.7260814309120178,-0.01501141325570643
PPO,75,final,1959,4959,0.016312966346740718,4.0,3.0,0.6709475517272949,-0.036517615197226405
PPO,75,final,1960,4960,0.057349132299423226,2.0,2.0,0.3220995366573334,-0.06372858304530382
PPO,75,final,1961,4961,0.09000000000000001,1.0,1.0,0.1416153758764267,-0.008128235000185668
PPO,75,final,1962,4962,0.09000000000000001,1.0,1.0,0.4551863372325897,-0.012294651009142399
PPO,75,final,1963,4963,-0.06582766354084015,3.0,2.0,0.3003350794315338,-0.03340046538505703
PPO,75,final,1964,4964,-0.05788455963134766,6.0,3.0,0.8190727829933167,-0.03345018299296498
PPO,75,final,1965,4965,0.09000000000000001,1.0,1.0,0.07342202216386795,-0.001662119699176401
PPO,75,final,1966,4966,0.09000000000000001,1.0,1.0,0.7021357417106628,-0.010914491256698966
PPO,75,final,1967,4967,0.2637053894996643,2.0,2.0,0.9267937541007996,-0.014157798374071717
PPO,75,final,1968,4968,0.09000000000000001,1.0,1.0,0.804519772529602,-0.00906391255557537
PPO,75,final,1969,4969,0.25211490869522096,2.0,2.0,0.9531086087226868,-0.057111307978630066
PPO,75,final,1970,4970,0.09000000000000001,1.0,1.0,0.3737888038158417,-0.00957387313246727
PPO,75,final,1971,4971,-0.004761567115783696,4.0,3.0,1.1614665985107422,-0.017618403770029545
PPO,75,final,1972,4972,0.07625980854034425,2.0,2.0,0.40196698904037476,-0.06363951181992888
PPO,75,final,1973,4973,-0.06292422890663145,3.0,3.0,0.5340694785118103,-0.05251812981441617
PPO,75,final,1974,4974,0.09000000000000001,1.0,1.0,0.0752798542380333,-0.0018984815396834165
PPO,75,final,1975,4975,0.205003457069397,2.0,2.0,0.9307776689529419,-0.01594736287370324
PPO,75,final,1976,4976,0.09000000000000001,1.0,1.0,0.5073280930519104,-0.003975091967731714
PPO,75,final,1977,4977,0.18033117771148682,3.0,3.0,0.2744502127170563,-0.04344589449465275
PPO,75,final,1978,4978,0.09000000000000001,1.0,1.0,0.31926771998405457,-0.0023629936622455716
PPO,75,final,1979,4979,0.09448242366313936,2.0,2.0,0.1252913922071457,-0.061430108617059886
PPO,75,final,1980,4980,0.09000000000000001,1.0,1.0,0.7985923886299133,-0.013954519294202328
PPO,75,final,1981,4981,0.09000000000000001,1.0,1.0,0.14135263860225677,-0.0008202395838452503
PPO,75,final,1982,4982,0.09000000000000001,1.0,1.0,0.20644517242908478,-0.009256014600396156
PPO,75,final,1983,4983,0.023523349761962895,3.0,2.0,0.845642626285553,-0.01901517459191382
PPO,75,final,1984,4984,0.11872673749923707,3.0,3.0,0.5992403030395508,-0.021828776691108942
PPO,75,final,1985,4985,0.09000000000000001,1.0,1.0,0.7608409523963928,-0.009967802790924907
PPO,75,final,1986,4986,0.08444828510284426,3.0,3.0,0.7636228203773499,-0.036283878376707435
PPO,75,final,1987,4987,0.09000000000000001,1.0,1.0,0.29056358337402344,-0.011176203843206167
PPO,75,final,1988,4988,-0.05512205839157104,3.0,2.0,0.3982890546321869,-0.021049597999081016
PPO,75,final,1989,4989,0.09000000000000001,1.0,1.0,0.49228817224502563,-0.010499366791918874
PPO,75,final,1990,4990,0.09000000000000001,1.0,1.0,0.7758203744888306,-0.01212955778464675
PPO,75,final,1991,4991,-0.2543043494224549,10.0,3.0,0.6416505575180054,0.03171109547838569
PPO,75,final,1992,4992,0.10022384881973267,4.0,3.0,0.5570152997970581,-0.025949863949790597
PPO,75,final,1993,4993,0.09000000000000001,1.0,1.0,0.6050296425819397,-0.014378007035702467
PPO,75,final,1994,4994,0.33270461082458497,3.0,3.0,0.46825700998306274,-0.0202891300432384
PPO,75,final,1995,4995,0.09000000000000001,1.0,1.0,0.4280860126018524,-0.0076283246744424105
PPO,75,final,1996,4996,0.09000000000000001,1.0,1.0,0.13094191253185272,-0.007614369969815016
PPO,75,final,1997,4997,0.09000000000000001,1.0,1.0,0.07091877609491348,-0.0050805272767320275
PPO,75,final,1998,4998,0.09000000000000001,1.0,1.0,0.8464385271072388,-0.014299729140475392
PPO,75,final,1999,4999,0.13982112884521486,2.0,2.0,1.2432626485824585,-0.060806655092164874
PPO,75,final,2000,5000,0.20169778347015382,2.0,2.0,1.1048105955123901,-0.06001388363074511
PPO,75,final,2001,5001,0.09000000000000001,1.0,1.0,0.36943843960762024,-0.013974107569083571
PPO,75,final,2002,5002,0.09000000000000001,1.0,1.0,0.2586551606655121,-0.014259167946875095
PPO,75,final,2003,5003,-0.3907839441299438,9.0,3.0,0.6904999613761902,-0.0007117934292182326
PPO,75,final,2004,5004,0.09000000000000001,1.0,1.0,1.0963307619094849,-0.015578777994960546
PPO,75,final,2005,5005,0.09000000000000001,1.0,1.0,0.7434374094009399,-0.013282319530844688
PPO,75,final,2006,5006,-0.0107405912876129,2.0,2.0,0.583191990852356,-0.04599673138000071
PPO,75,final,2007,5007,0.09000000000000001,1.0,1.0,0.5447251200675964,-0.007523460779339075
PPO,75,final,2008,5008,0.09000000000000001,1.0,1.0,0.041016120463609695,-0.005338221206329763
PPO,75,final,2009,5009,0.2714278864860535,2.0,2.0,0.5097140073776245,-0.04503836762160063
PPO,75,final,2010,5010,0.1172602939605713,2.0,2.0,0.5495489835739136,-0.09302271716296673
PPO,75,final,2011,5011,0.09330120861530306,2.0,2.0,0.14318880438804626,-0.13832138385623693
PPO,75,final,2012,5012,0.17757249593734742,3.0,3.0,0.7701030969619751,-0.03333381284028292
PPO,75,final,2013,5013,0.09000000000000001,1.0,1.0,0.5837753415107727,-0.015008219750598073
PPO,75,final,2014,5014,0.04478784084320069,2.0,2.0,0.7542770504951477,-0.04564472823403776
PPO,75,final,2015,5015,-0.483732271194458,10.0,2.0,0.9897838830947876,0.08568453975021839
PPO,75,final,2016,5016,0.19315840721130373,3.0,2.0,0.5484529733657837,-0.05858461279422045
PPO,75,final,2017,5017,0.09000000000000001,1.0,1.0,0.5585505366325378,-0.015436096815392375
PPO,75,final,2018,5018,0.055312501192092904,2.0,2.0,0.35775047540664673,-0.03899048478342593
PPO,75,final,2019,5019,0.09000000000000001,1.0,1.0,0.311806857585907,-0.0017280012252740562
PPO,75,final,2020,5020,0.09000000000000001,1.0,1.0,0.6070113778114319,-0.011104121804237366
PPO,75,final,2021,5021,0.2635001635551453,4.0,3.0,0.4128379225730896,-0.013367798062972724
PPO,75,final,2022,5022,0.09000000000000001,1.0,1.0,0.8621845245361328,-0.014846449252218008
PPO,75,final,2023,5023,0.09000000000000001,1.0,1.0,0.6296424865722656,-0.012348151300102472
PPO,75,final,2024,5024,0.09000000000000001,1.0,1.0,0.19597379863262177,-0.008929518749937415
PPO,75,final,2025,5025,0.09000000000000001,1.0,1.0,0.21263596415519714,-0.006444923579692841
PPO,75,final,2026,5026,0.10269819378852846,2.0,2.0,0.2556440234184265,-0.1025743861682713
PPO,75,final,2027,5027,-0.05111847400665283,8.0,3.0,0.6175420880317688,-0.02123019692953676
PPO,75,final,2028,5028,0.09000000000000001,1.0,1.0,0.680817186832428,-0.01417800085619092
PPO,75,final,2029,5029,0.2740974497795105,3.0,3.0,0.36860591173171997,-0.0065714106895029545
PPO,75,final,2030,5030,-0.05279927253723142,10.0,4.0,0.7954587936401367,-0.012286452576518059
PPO,75,final,2031,5031,-0.5764415740966797,10.0,2.0,0.7689353227615356,0.08471476286649704
PPO,75,final,2032,5032,0.09000000000000001,1.0,1.0,0.24153998494148254,-0.00852585001848638
PPO,75,final,2033,5033,0.09000000000000001,1.0,1.0,0.06710346043109894,-0.0023182336590252817
PPO,75,final,2034,5034,0.12307626962661744,4.0,3.0,0.5690858960151672,-0.03840269963257015
PPO,75,final,2035,5035,0.1333668100833893,2.0,2.0,0.44303300976753235,-0.035591246327385306
PPO,75,final,2036,5036,0.218665668964386,4.0,3.0,0.7362200617790222,-0.01089892745949328
PPO,75,final,2037,5037,0.2957427000999451,4.0,3.0,0.6537452936172485,-0.03568859992083162
PPO,75,final,2038,5038,0.29720962524414063,7.0,4.0,0.8650964498519897,-0.020428323769010603
PPO,75,final,2039,5039,0.33850515604019166,3.0,3.0,0.9544255137443542,0.0026471365708857775
PPO,75,final,2040,5040,0.09260935306549073,3.0,3.0,0.6739103198051453,-0.02879262575879693
PPO,75,final,2041,5041,-0.004233882427215549,6.0,3.0,0.6174595952033997,-0.025224929442629218
PPO,75,final,2042,5042,0.09000000000000001,1.0,1.0,0.8087755441665649,-0.014247152954339981
PPO,75,final,2043,5043,0.11168368339538576,2.0,2.0,0.5080967545509338,-0.026774292578920722
PPO,75,final,2044,5044,0.008353488445281998,2.0,2.0,0.6458320021629333,-0.018517458345741034
PPO,75,final,2045,5045,0.09000000000000001,1.0,1.0,0.5708360075950623,-0.011591497343033552
PPO,75,final,2046,5046,0.1100233268737793,3.0,3.0,0.5886099934577942,-0.01525856927037239
PPO,75,final,2047,5047,0.09000000000000001,1.0,1.0,0.3153645098209381,-0.013887953944504261
PPO,75,final,2048,5048,0.13119524896144868,2.0,2.0,0.22646267712116241,-0.018995581776835024
PPO,75,final,2049,5049,0.09000000000000001,1.0,1.0,0.48565202951431274,-0.014035870553925633
PPO,75,final,2050,5050,0.09071306586265565,5.0,3.0,0.4033959209918976,-0.006604635971598327
PPO,75,final,2051,5051,0.025685391426086404,9.0,3.0,0.7455630302429199,-0.042453379021026194
PPO,75,final,2052,5052,0.009817726612091085,3.0,3.0,0.8810277581214905,-0.029518770053982735
PPO,75,final,2053,5053,0.02562226533889772,2.0,2.0,0.5840034484863281,-0.04533737665042281
PPO,75,final,2054,5054,0.09000000000000001,1.0,1.0,0.11662499606609344,-0.006920192041434348
PPO,75,final,2055,5055,0.09537059783935548,3.0,3.0,0.4991459846496582,-0.008310629520565271
PPO,75,final,2056,5056,0.09000000000000001,1.0,1.0,0.31607145071029663,-0.0082010836340487
PPO,75,final,2057,5057,0.1853786873817444,2.0,2.0,0.7143362164497375,-0.008262809773441404
PPO,75,final,2058,5058,-0.040572392940521215,5.0,3.0,0.8457291722297668,-0.006811570026911795
PPO,75,final,2059,5059,0.09000000000000001,1.0,1.0,0.180312842130661,-0.010183231439441442
PPO,75,final,2060,5060,0.09000000000000001,1.0,1.0,0.08268941193819046,-0.011679431889206171
PPO,75,final,2061,5061,0.09000000000000001,1.0,1.0,0.7983111143112183,-0.014590642647817731
PPO,75,final,2062,5062,-0.19371925115585326,2.0,2.0,0.6097559332847595,-0.010954785626381636
PPO,75,final,2063,5063,0.002892607748508469,2.0,2.0,0.153739795088768,-0.03521531191654503
PPO,75,final,2064,5064,-0.05989281177520751,4.0,2.0,0.20862314105033875,-0.03512353962287307
PPO,75,final,2065,5065,-0.10176600098609924,3.0,2.0,0.549512505531311,-0.028395462315529585
PPO,75,final,2066,5066,0.05035372257232667,2.0,2.0,0.35745641589164734,-0.05363890412263572
PPO,75,final,2067,5067,0.09000000000000001,1.0,1.0,0.7431169152259827,-0.0074062246130779386
PPO,75,final,2068,5068,0.09000000000000001,1.0,1.0,0.3072080612182617,-0.006117911427281797
PPO,75,final,2069,5069,0.09000000000000001,1.0,1.0,0.18092577159404755,-0.00424240343272686
PPO,75,final,2070,5070,0.40871185779571534,3.0,3.0,0.9863535165786743,0.011945489677600563
PPO,75,final,2071,5071,0.09000000000000001,1.0,1.0,0.739010751247406,-0.0072192351799458265
PPO,75,final,2072,5072,0.09000000000000001,1.0,1.0,0.4724638760089874,-0.007031187880784273
PPO,75,final,2073,5073,-0.15069915175437926,2.0,2.0,0.6696279644966125,-0.03205822966992855
PPO,75,final,2074,5074,-0.03272919893264768,4.0,3.0,0.8085371255874634,-0.028314989991486073
PPO,75,final,2075,5075,0.07367642402648927,2.0,2.0,0.44201037287712097,-0.05981488019460812
PPO,75,final,2076,5076,0.09000000000000001,1.0,1.0,0.3927777111530304,-0.0060241405153647065
PPO,75,final,2077,5077,0.09000000000000001,1.0,1.0,0.2918398678302765,-0.0005294268630677834
PPO,75,final,2078,5078,0.09000000000000001,1.0,1.0,0.23450951278209686,-0.0017998989205807447
PPO,75,final,2079,5079,0.09000000000000001,1.0,1.0,0.17808732390403748,-0.002528051729314029
PPO,75,final,2080,5080,0.09000000000000001,1.0,1.0,0.9376416802406311,-0.009151881095021963
PPO,75,final,2081,5081,0.09000000000000001,1.0,1.0,0.4683859348297119,-0.0060978628462180495
PPO,75,final,2082,5082,0.09000000000000001,1.0,1.0,0.5066044330596924,-0.0025200865929946303
PPO,75,final,2083,5083,0.09000000000000001,1.0,1.0,0.6631522178649902,-0.008396683493629098
PPO,75,final,2084,5084,0.09000000000000001,1.0,1.0,0.2586534321308136,-0.0014091951888985932
PPO,75,final,2085,5085,0.09000000000000001,1.0,1.0,0.649125874042511,-0.0024780898820608854
PPO,75,final,2086,5086,0.115481333732605,2.0,2.0,0.8571239709854126,-0.05869898630771786
PPO,75,final,2087,5087,0.30592765092849733,2.0,2.0,0.8764330744743347,-0.03311022650450468
PPO,75,final,2088,5088,0.09000000000000001,1.0,1.0,0.7453915476799011,-0.00831608276348561
PPO,75,final,2089,5089,0.035045461654663095,2.0,2.0,0.669965386390686,-0.023008450749330223
PPO,75,final,2090,5090,0.12284280538558962,2.0,2.0,0.7477001547813416,-0.04295918846037239
PPO,75,final,2091,5091,0.09000000000000001,1.0,1.0,0.4532809853553772,-0.0027264615055173635
PPO,75,final,2092,5092,0.09000000000000001,1.0,1.0,0.04720326140522957,-0.0010903507645707577
PPO,75,final,2093,5093,0.09000000000000001,1.0,1.0,0.780959963798523,-0.011922735022380948
PPO,75,final,2094,5094,0.0994380283355713,2.0,2.0,0.8062627911567688,-0.0916314609348774
PPO,75,final,2095,5095,0.04854130923748017,2.0,2.0,0.171530082821846,0.012708764203125611
PPO,75,final,2096,5096,0.0774116086959839,2.0,2.0,0.7229780554771423,-0.028899222379550338
PPO,75,final,2097,5097,0.09474916934967043,2.0,2.0,0.6345368027687073,-0.06632667081430554
PPO,75,final,2098,5098,0.049563305377960214,2.0,2.0,0.6863765716552734,-0.04155164444819093
PPO,75,final,2099,5099,0.09000000000000001,1.0,1.0,0.216507226228714,-0.0019630994356703013
PPO,75,final,2100,5100,0.14876480579376222,2.0,2.0,1.032827377319336,-0.013454078114591539
PPO,75,final,2101,5101,0.09000000000000001,1.0,1.0,0.36687320470809937,-0.007587714237160981
PPO,75,final,2102,5102,0.0631473231315613,2.0,2.0,0.9710731506347656,-0.020744117675349116
PPO,75,final,2103,5103,0.09000000000000001,1.0,1.0,0.5218591690063477,-0.012624324765056372
PPO,75,final,2104,5104,0.03142923295497895,2.0,2.0,0.1904989331960678,-0.042863196053076535
PPO,75,final,2105,5105,0.1048956084251404,2.0,2.0,0.6056589484214783,0.014458706020377576
PPO,75,final,2106,5106,0.09000000000000001,1.0,1.0,0.35516732931137085,-0.0016618470544926822
PPO,75,final,2107,5107,0.09000000000000001,1.0,1.0,0.6875901222229004,-0.014184068655595183
PPO,75,final,2108,5108,0.09000000000000001,1.0,1.0,0.5758289098739624,-0.010387011105194688
PPO,75,final,2109,5109,0.09000000000000001,1.0,1.0,0.659450352191925,-0.005535246222279966
PPO,75,final,2110,5110,0.16539980649948122,2.0,2.0,0.6629589200019836,-0.04345979983918369
PPO,75,final,2111,5111,-0.05101762294769287,3.0,2.0,0.6156368255615234,-0.06912628072313964
PPO,75,final,2112,5112,0.27100123643875124,2.0,2.0,0.6548453569412231,-0.015264205168932676
PPO,75,final,2113,5113,-0.27771751880645756,10.0,2.0,0.9563722610473633,0.08028209209442139
PPO,75,final,2114,5114,0.09000000000000001,1.0,1.0,0.22900839149951935,-0.004377624951303005
PPO,75,final,2115,5115,0.10471566200256349,2.0,2.0,0.27290481328964233,-0.05682808253914118
PPO,75,final,2116,5116,0.09000000000000001,1.0,1.0,0.8703859448432922,-0.01038676081225276
PPO,75,final,2117,5117,0.0349238133430481,4.0,2.0,0.8935742378234863,-0.0514059797860682
PPO,75,final,2118,5118,0.09000000000000001,1.0,1.0,0.7912331223487854,-0.011479823617264628
PPO,75,final,2119,5119,0.09000000000000001,1.0,1.0,0.3723086416721344,-0.012312634382396936
PPO,75,final,2120,5120,0.1489172649383545,3.0,3.0,0.6078377962112427,-0.023344673682004213
PPO,75,final,2121,5121,0.15664924860000612,2.0,2.0,0.6305788159370422,-0.0347941848449409
PPO,75,final,2122,5122,-0.15309528112411497,5.0,2.0,0.6389957070350647,-0.007655925233848393
PPO,75,final,2123,5123,0.09000000000000001,1.0,1.0,0.7851589322090149,-0.01333307335153222
PPO,75,final,2124,5124,0.10472817897796632,2.0,2.0,1.0368441343307495,-0.02977980673313141
PPO,75,final,2125,5125,0.19960166692733766,2.0,2.0,0.8989965319633484,-0.031113472767174244
PPO,75,final,2126,5126,0.09000000000000001,1.0,1.0,0.3587697446346283,-0.010201941942796111
PPO,75,final,2127,5127,0.10659752011299134,3.0,3.0,0.28712722659111023,-0.04763645236380398
PPO,75,final,2128,5128,0.09000000000000001,1.0,1.0,0.8543720841407776,-0.014944778988137841
PPO,75,final,2129,5129,0.09000000000000001,1.0,1.0,0.5034607648849487,-0.012353878933936357
PPO,75,final,2130,5130,0.09000000000000001,1.0,1.0,0.18775656819343567,-0.010720450431108475
PPO,75,final,2131,5131,0.09000000000000001,1.0,1.0,0.13631212711334229,-0.008580144494771957
PPO,75,final,2132,5132,0.05082722663879395,4.0,2.0,0.846392035484314,-0.021973466034978628
PPO,75,final,2133,5133,-0.10053867816925048,7.0,5.0,0.7086796760559082,-0.031150781316682696
PPO,75,final,2134,5134,0.09744651794433595,2.0,2.0,0.486392080783844,-0.05899018933996558
PPO,75,final,2135,5135,0.05286713123321534,2.0,2.0,0.7930768728256226,-0.043834077194333076
PPO,75,final,2136,5136,0.09000000000000001,1.0,1.0,0.09756175428628922,-0.0064012843649834394
PPO,75,final,2137,5137,0.0825339722633362,2.0,2.0,0.7620957493782043,-0.05667765880934894
PPO,75,final,2138,5138,0.1081604826450348,2.0,2.0,0.4273918569087982,-0.02166083687916398
PPO,75,final,2139,5139,0.41202319383621216,3.0,3.0,0.5057509541511536,-0.020485772052779794
PPO,75,final,2140,5140,0.14431280612945557,3.0,3.0,0.5237892270088196,-0.03815526142716408
PPO,75,final,2141,5141,0.09000000000000001,1.0,1.0,0.7787045240402222,-0.011305692605674267
PPO,75,final,2142,5142,0.09000000000000001,1.0,1.0,0.0957692340016365,-0.007696467684581876
PPO,75,final,2143,5143,-0.0274356484413147,5.0,3.0,0.7823959589004517,-0.013003560365177691
PPO,75,final,2144,5144,0.0020846796035766807,3.0,3.0,0.7761310935020447,-0.038446448277682066
PPO,75,final,2145,5145,0.09000000000000001,1.0,1.0,0.9434054493904114,-0.012793377041816711
PPO,75,final,2146,5146,0.23936809301376344,5.0,3.0,0.9219796061515808,-0.07309619896113873
PPO,75,final,2147,5147,0.3290708136558533,3.0,3.0,0.8438712954521179,-0.009822857799008489
PPO,75,final,2148,5148,0.11492081403732302,3.0,2.0,0.8120678663253784,-0.022577025927603245
PPO,75,final,2149,5149,0.08234073400497438,2.0,2.0,0.9501480460166931,-0.0381752063985914
PPO,75,final,2150,5150,0.13114789307117464,2.0,2.0,0.16161075234413147,-0.022307338193058968
PPO,75,final,2151,5151,0.24126262426376344,4.0,3.0,0.6256951689720154,-0.061217756709083915
PPO,75,final,2152,5152,0.09000000000000001,1.0,1.0,0.5970925092697144,-0.009562133811414242
PPO,75,final,2153,5153,0.00410225152969361,4.0,2.0,0.6974049806594849,-0.06837219512090087
PPO,75,final,2154,5154,0.1462863850593567,2.0,2.0,0.710811972618103,-0.0048098317347466946
PPO,75,final,2155,5155,-0.027039997577667216,3.0,3.0,0.6248441338539124,-0.022263850551098585
PPO,75,final,2156,5156,0.3936427998542786,2.0,2.0,0.6484499573707581,-0.0658517419360578
PPO,75,final,2157,5157,0.12234854876995088,2.0,2.0,0.1734219342470169,-0.08311629865784198
PPO,75,final,2158,5158,0.09000000000000001,1.0,1.0,0.5928583145141602,-0.011761022033169866
PPO,75,final,2159,5159,0.09000000000000001,1.0,1.0,0.9880833625793457,-0.013073444366455078
PPO,75,final,2160,5160,0.09000000000000001,1.0,1.0,0.6447426080703735,-0.012680095853284001
PPO,75,final,2161,5161,0.09000000000000001,1.0,1.0,0.40940067172050476,-0.011570458300411701
PPO,75,final,2162,5162,0.10554792165756227,2.0,2.0,0.7374703288078308,-0.08290466666221619
PPO,75,final,2163,5163,0.1094313931465149,3.0,3.0,0.9301173090934753,-0.050164814572781324
PPO,75,final,2164,5164,-0.030869323313236233,3.0,2.0,0.16405712068080902,0.0003149562980979681
PPO,75,final,2165,5165,0.24852681875228883,3.0,3.0,0.6006160378456116,-0.0740206225309521
PPO,75,final,2166,5166,0.03524291694164277,2.0,2.0,0.2372734397649765,-0.008361321175470948
PPO,75,final,2167,5167,-0.1679006862640381,8.0,5.0,0.9128171801567078,-0.02651927969418466
PPO,75,final,2168,5168,-0.02534801304340363,4.0,3.0,0.22751012444496155,-0.08732298505492508
PPO,75,final,2169,5169,0.09000000000000001,1.0,1.0,0.21668848395347595,-0.012057548388838768
PPO,75,final,2170,5170,0.05721742630004884,3.0,3.0,0.5607932209968567,-0.03945518657565117
PPO,75,final,2171,5171,0.14560729026794436,4.0,4.0,1.0170886516571045,-0.032850690418854356
PPO,75,final,2172,5172,-0.4128642678260803,10.0,3.0,0.825689435005188,0.03211976960301399
PPO,75,final,2173,5173,0.225143141746521,3.0,3.0,0.7406451106071472,-0.016922552487812936
PPO,75,final,2174,5174,0.15582199573516847,2.0,2.0,0.7397950887680054,-0.06825752428267151
PPO,75,final,2175,5175,0.20630832195281984,2.0,2.0,0.8213763236999512,-0.05464720632880926
PPO,75,final,2176,5176,-0.0530925178527832,4.0,2.0,1.0199412107467651,0.015718873706646264
PPO,75,final,2177,5177,0.1272795367240906,2.0,2.0,0.7090227007865906,-0.09793757414445281
PPO,75,final,2178,5178,0.09000000000000001,1.0,1.0,0.13129271566867828,-0.01139528350904584
PPO,75,final,2179,5179,0.09000000000000001,1.0,1.0,0.6270904541015625,-0.012726703193038702
PPO,75,final,2180,5180,0.05034271806478501,2.0,2.0,0.11121831089258194,-0.03588480839971453
PPO,75,final,2181,5181,-0.4787389516830445,10.0,2.0,0.6347318291664124,0.08594508655369282
PPO,75,final,2182,5182,-0.028320732116699235,4.0,4.0,0.39699649810791016,-0.05750769772566855
PPO,75,final,2183,5183,0.04453702449798585,2.0,2.0,0.12090159207582474,-0.03467277390882373
PPO,75,final,2184,5184,-0.07149521350860595,4.0,2.0,1.2255011796951294,-0.026661411742679775
PPO,75,final,2185,5185,-0.12106909394264222,9.0,4.0,0.4822889268398285,-0.020415571052581072
PPO,75,final,2186,5186,-0.06613711833953857,2.0,2.0,0.7360127568244934,-0.04559880483429879
PPO,75,final,2187,5187,0.1832754182815552,2.0,2.0,0.7084207534790039,0.010132767260074615
PPO,75,final,2188,5188,0.09000000000000001,1.0,1.0,0.24992462992668152,-0.010542514268308878
PPO,75,final,2189,5189,0.2053877878189087,2.0,2.0,0.8272643685340881,-0.04106702352873981
PPO,75,final,2190,5190,0.08554704666137697,2.0,2.0,0.8355346322059631,-0.01682358025573194
PPO,75,final,2191,5191,0.09000000000000001,1.0,1.0,0.34955063462257385,-0.011637437622994184
PPO,75,final,2192,5192,-0.09786979436874389,3.0,2.0,0.3941648304462433,-0.03417499072384089
PPO,75,final,2193,5193,-0.6381644189357759,10.0,2.0,0.5608391761779785,0.08757376857101917
PPO,75,final,2194,5194,0.20421149015426637,2.0,2.0,0.7255150079727173,-0.012865502387285233
PPO,75,final,2195,5195,0.09000000000000001,1.0,1.0,0.650425136089325,-0.007530431845225394
PPO,75,final,2196,5196,0.09000000000000001,1.0,1.0,0.24734804034233093,-0.010672979755327106
PPO,75,final,2197,5197,0.0901202428340912,2.0,2.0,0.4862508475780487,-0.08102885680273175
PPO,75,final,2198,5198,0.09000000000000001,1.0,1.0,0.5972302556037903,-0.009703486924991012
PPO,75,final,2199,5199,-0.2644124913215637,8.0,2.0,0.5324373245239258,0.003071941318921745
PPO,75,final,2200,5200,0.09000000000000001,1.0,1.0,0.3097039759159088,-0.0070178116438910365
PPO,75,final,2201,5201,0.027033762931823746,2.0,2.0,0.7324533462524414,-0.06927675008773804
PPO,75,final,2202,5202,0.44206295132637025,3.0,3.0,0.47797897458076477,0.01241671503521502
PPO,75,final,2203,5203,0.09000000000000001,1.0,1.0,0.08734192699193954,-0.007562662824057043
PPO,75,final,2204,5204,0.09000000000000001,1.0,1.0,0.08750487864017487,-0.0070694595342502
PPO,75,final,2205,5205,0.12161650419235231,4.0,2.0,0.9390180706977844,-0.021806628326885402
PPO,75,final,2206,5206,0.3370946216583252,2.0,2.0,0.547570526599884,0.014019630616530776
PPO,75,final,2207,5207,0.1005773711204529,2.0,2.0,0.6113240122795105,-0.09791205660440028
PPO,75,final,2208,5208,-0.537228810787201,10.0,2.0,0.7952994108200073,0.08054644428193569
PPO,75,final,2209,5209,0.07618032574653627,2.0,2.0,0.31667470932006836,-0.03641996579244733
PPO,75,final,2210,5210,-0.0005885195732116544,2.0,2.0,0.50910484790802,-0.08026916056405753
PPO,75,final,2211,5211,0.09078984141349794,2.0,2.0,0.23104779422283173,-0.07160731183830649
PPO,75,final,2212,5212,0.09000000000000001,1.0,1.0,0.569527268409729,-0.006829378195106983
PPO,75,final,2213,5213,0.2774426507949829,2.0,2.0,0.8069095611572266,0.0076366751454770565
PPO,75,final,2214,5214,0.09000000000000001,1.0,1.0,0.32652249932289124,-0.006395334494300187
PPO,75,final,2215,5215,-0.0806522274017334,4.0,3.0,0.7752222418785095,-0.02991130785085261
PPO,75,final,2216,5216,0.09000000000000001,1.0,1.0,0.21529540419578552,-0.0028432075632736087
PPO,75,final,2217,5217,0.09000000000000001,1.0,1.0,0.20582012832164764,-0.0033745724358595908
PPO,75,final,2218,5218,0.09000000000000001,1.0,1.0,0.207184299826622,-0.005553977214731276
PPO,75,final,2219,5219,0.08052887201309206,2.0,2.0,0.6183070540428162,-0.010813811561092734
PPO,75,final,2220,5220,0.09000000000000001,1.0,1.0,0.3071135878562927,-0.0022645863937214017
PPO,75,final,2221,5221,0.13284649133682253,2.0,2.0,0.9297418594360352,-0.01320153009146452
PPO,75,final,2222,5222,0.25971426248550417,2.0,2.0,0.5923939347267151,-0.012993246433325112
PPO,75,final,2223,5223,-0.07457337617874145,4.0,2.0,0.8034874200820923,-0.002831747056916356
PPO,75,final,2224,5224,0.1080779004096985,2.0,2.0,0.4144549071788788,-0.020280186785385013
PPO,75,final,2225,5225,0.11447126388549805,3.0,3.0,0.7497934699058533,-0.0691927180159837
PPO,75,final,2226,5226,-0.024082877635955804,4.0,2.0,0.7246577143669128,-0.059198013273999095
PPO,75,final,2227,5227,0.09000000000000001,1.0,1.0,0.159494087100029,-0.01212285808287561
PPO,75,final,2228,5228,0.09000000000000001,1.0,1.0,0.055177848786115646,-0.00594787672162056
PPO,75,final,2229,5229,0.0714866089820862,2.0,2.0,0.7547573447227478,-0.011079991818405688
PPO,75,final,2230,5230,0.18169208049774171,2.0,2.0,0.5969981551170349,-0.01135076698847115
PPO,75,final,2231,5231,0.28748775720596315,5.0,3.0,0.5251626968383789,-0.034192639170214534
PPO,75,final,2232,5232,0.09000000000000001,1.0,1.0,0.5277943015098572,-0.011844426393508911
PPO,75,final,2233,5233,0.09000000000000001,1.0,1.0,0.3755076229572296,-0.006047677481546998
PPO,75,final,2234,5234,-0.10071842670440671,5.0,3.0,1.017340898513794,-0.020409410004504025
PPO,75,final,2235,5235,0.11058442473411562,2.0,2.0,0.4343382716178894,-0.010048755095340312
PPO,75,final,2236,5236,0.08029407262802125,5.0,4.0,0.5297786593437195,-0.024612922221422195
PPO,75,final,2237,5237,0.09000000000000001,1.0,1.0,0.4427345097064972,-0.013526038033887744
PPO,75,final,2238,5238,0.10220221400260926,3.0,3.0,0.350114643573761,-0.04640195134561509
PPO,75,final,2239,5239,-0.05804513931274412,4.0,3.0,0.7542290091514587,-0.03551397705450654
PPO,75,final,2240,5240,0.041424410343170175,2.0,2.0,0.652562141418457,-0.06928855367004871
PPO,75,final,2241,5241,0.538791902065277,3.0,3.0,0.6855147480964661,0.029887018259614706
PPO,75,final,2242,5242,0.1975561547279358,2.0,2.0,0.9760602116584778,0.0033223399659618735
PPO,75,final,2243,5243,0.16962027728557588,2.0,2.0,0.21707133948802948,-0.05745788896456361
PPO,75,final,2244,5244,0.09000000000000001,1.0,1.0,0.4827829897403717,-0.01291306922212243
PPO,75,final,2245,5245,0.09000000000000001,1.0,1.0,0.1700340211391449,-0.0053712340304628015
PPO,75,final,2246,5246,0.09000000000000001,1.0,1.0,0.22518838942050934,-0.006896063219755888
PPO,75,final,2247,5247,-0.28211526870727544,10.0,2.0,0.7095207571983337,0.07571342773735523
PPO,75,final,2248,5248,0.09000000000000001,1.0,1.0,0.47579652070999146,-0.013228645082563162
PPO,75,final,2249,5249,-0.20121840715408323,8.0,3.0,0.9774004817008972,-0.003268013126216829
PPO,75,final,2250,5250,0.1458419728279114,2.0,2.0,0.8281455039978027,-0.02702084113843739
PPO,75,final,2251,5251,-0.058689517974853514,2.0,2.0,0.40489575266838074,-0.013892706017941236
PPO,75,final,2252,5252,0.23376975178718568,3.0,3.0,0.4344266951084137,-0.07099224615376443
PPO,75,final,2253,5253,0.10000507712364198,2.0,2.0,0.4522106647491455,-0.09971457230858505
PPO,75,final,2254,5254,0.11237354755401613,2.0,2.0,0.9290779829025269,-0.029656766797415912
PPO,75,final,2255,5255,0.04052145957946778,2.0,2.0,0.9879282712936401,-0.00117016420699656
PPO,75,final,2256,5256,0.09000000000000001,1.0,1.0,0.8524793982505798,-0.009495425038039684
PPO,75,final,2257,5257,0.09000000000000001,1.0,1.0,0.257017582654953,-0.012151823844760656
PPO,75,final,2258,5258,0.028068052530288705,2.0,2.0,0.3257913589477539,-0.0187933900160715
PPO,75,final,2259,5259,0.09000000000000001,1.0,1.0,0.5695546865463257,-0.008249977021478117
PPO,75,final,2260,5260,0.09000000000000001,1.0,1.0,0.2522290349006653,-0.00713877659291029
PPO,75,final,2261,5261,0.09000000000000001,1.0,1.0,0.09536956995725632,-0.004094888339750469
PPO,75,final,2262,5262,-0.4645756363868713,10.0,2.0,0.9114443063735962,0.0804292131215334
PPO,75,final,2263,5263,0.3054634499549866,2.0,2.0,0.8308770060539246,-0.01241395773831755
PPO,75,final,2264,5264,0.062326865196228036,2.0,2.0,0.6835765838623047,-0.0019074870797339827
PPO,75,final,2265,5265,0.09000000000000001,1.0,1.0,0.16348087787628174,-0.004297054605558515
PPO,75,final,2266,5266,0.22454880356788637,2.0,2.0,0.3799985349178314,-0.001426793576683849
PPO,75,final,2267,5267,0.09000000000000001,1.0,1.0,0.15738190710544586,-0.010188310639932752
PPO,75,final,2268,5268,-0.49338321685791015,10.0,2.0,0.9783611297607422,0.07540716230869293
PPO,75,final,2269,5269,0.09000000000000001,1.0,1.0,0.12049458920955658,-0.005632343236356974
PPO,75,final,2270,5270,0.02191347599029543,3.0,3.0,0.6424465775489807,-0.024165793787688017
PPO,75,final,2271,5271,0.09000000000000001,1.0,1.0,0.22954270243644714,-0.012158487224951386
PPO,75,final,2272,5272,0.2880112099647522,2.0,2.0,0.6700381636619568,-0.04724702169187367
PPO,75,final,2273,5273,-0.5085689306259156,10.0,2.0,0.7439479231834412,0.07194282487034798
PPO,75,final,2274,5274,0.09000000000000001,1.0,1.0,0.036509327590465546,-0.007158029242418706
PPO,75,final,2275,5275,-0.09814653158187865,6.0,2.0,0.6511050462722778,-0.02758591459132731
PPO,75,final,2276,5276,0.07300289154052736,2.0,2.0,0.5818428993225098,-0.04735101503320038
PPO,75,final,2277,5277,-0.15863802790641784,6.0,4.0,0.5488780736923218,-0.025803925236687064
PPO,75,final,2278,5278,0.09000000000000001,1.0,1.0,0.11843002587556839,-0.0022583195532206446
PPO,75,final,2279,5279,-0.6491249680519106,10.0,2.0,0.34729713201522827,0.08003533445298672
PPO,75,final,2280,5280,0.09000000000000001,1.0,1.0,0.5080353617668152,-0.00951688433997333
PPO,75,final,2281,5281,0.07971053004264833,2.0,2.0,0.4678869843482971,-0.026979844376910478
PPO,75,final,2282,5282,0.09000000000000001,1.0,1.0,1.0049245357513428,-0.012324190465733409
PPO,75,final,2283,5283,0.09000000000000001,1.0,1.0,0.12649928033351898,-0.0004610971373040229
PPO,75,final,2284,5284,0.012455217242240926,3.0,3.0,0.2897896468639374,-0.04634039587108418
PPO,75,final,2285,5285,0.04775412559509278,2.0,2.0,0.6465214490890503,-0.05806179193314165
PPO,75,final,2286,5286,0.1067772674560547,2.0,2.0,1.0829085111618042,-0.0056952235754579306
PPO,75,final,2287,5287,0.06690807819366457,2.0,2.0,0.6077980399131775,-0.02146683359751478
PPO,75,final,2288,5288,0.3484661149978638,2.0,2.0,0.7963744401931763,0.021943540778011084
PPO,75,final,2289,5289,0.09000000000000001,1.0,1.0,0.4738634526729584,-0.0007978904177434742
PPO,75,final,2290,5290,0.09000000000000001,1.0,1.0,0.6563119888305664,-0.006925408612005413
PPO,75,final,2291,5291,0.09000000000000001,1.0,1.0,0.34938231110572815,-0.004186516511254013
PPO,75,final,2292,5292,0.0023768138885498086,3.0,2.0,1.1082574129104614,-0.060647176345810294
PPO,75,final,2293,5293,0.09000000000000001,1.0,1.0,0.8730610013008118,-0.007938912604004145
PPO,75,final,2294,5294,0.04731096506118775,2.0,2.0,0.6981877088546753,-0.011408275575377047
PPO,75,final,2295,5295,0.09000000000000001,1.0,1.0,0.17219282686710358,-0.0020206455083098263
PPO,75,final,2296,5296,0.09000000000000001,1.0,1.0,0.7828035354614258,-0.002573483798187226
PPO,75,final,2297,5297,0.09000000000000001,1.0,1.0,0.9645987749099731,-0.008955198572948575
PPO,75,final,2298,5298,0.09000000000000001,1.0,1.0,0.8671770691871643,-0.0016049171390477568
PPO,75,final,2299,5299,0.09000000000000001,1.0,1.0,0.2305889129638672,-0.0011725312797352672
PPO,75,final,2300,5300,0.23580064058303835,2.0,2.0,0.7120190262794495,-0.06637793406844139
PPO,75,final,2301,5301,0.09612007617950441,2.0,2.0,0.789251983165741,-0.08513405418489128
PPO,75,final,2302,5302,0.09000000000000001,1.0,1.0,0.25227460265159607,-0.0052026588236913085
PPO,75,final,2303,5303,0.09000000000000001,1.0,1.0,0.41127902269363403,-0.005378569825552404
PPO,75,final,2304,5304,0.09000000000000001,1.0,1.0,0.32434776425361633,-0.0034761179704219103
PPO,75,final,2305,5305,0.05493767738342286,2.0,2.0,0.4128352105617523,-0.017451761523261666
PPO,75,final,2306,5306,0.09000000000000001,1.0,1.0,0.67596435546875,-0.008230061270296574
PPO,75,final,2307,5307,0.07301010370254518,2.0,2.0,0.6758474707603455,-0.07236933684907854
PPO,75,final,2308,5308,0.11750264883041382,3.0,2.0,0.7651860117912292,-0.06160395441111177
PPO,75,final,2309,5309,0.09000000000000001,1.0,1.0,0.1383223533630371,-0.0019257079111412168
PPO,75,final,2310,5310,0.31296961188316347,2.0,2.0,0.4967939555644989,0.008432931441348046
PPO,75,final,2311,5311,0.018062787055969254,2.0,2.0,1.355236291885376,-0.011679897317662835
PPO,75,final,2312,5312,0.09000000000000001,1.0,1.0,0.7116996049880981,-0.002900048566516489
PPO,75,final,2313,5313,0.10507311105728151,2.0,2.0,0.7625284194946289,-0.08023058320395648
PPO,75,final,2314,5314,0.09000000000000001,1.0,1.0,0.3144513666629791,-0.0021715538459829986
PPO,75,final,2315,5315,0.09000000000000001,1.0,1.0,0.6265264749526978,-0.0036783982068300247
PPO,75,final,2316,5316,0.09000000000000001,1.0,1.0,0.33674734830856323,-0.005670618498697877
PPO,75,final,2317,5317,0.09000000000000001,1.0,1.0,0.6318919062614441,-0.006665338180027902
PPO,75,final,2318,5318,0.09000000000000001,1.0,1.0,0.5153961777687073,-0.0018812231137417257
PPO,75,final,2319,5319,0.09000000000000001,1.0,1.0,0.1924455165863037,-0.0031096653547137976
PPO,75,final,2320,5320,0.09000000000000001,1.0,1.0,0.4491231441497803,-0.005971688660793006
PPO,75,final,2321,5321,0.09000000000000001,1.0,1.0,0.983003556728363,-0.0024599406169727445
PPO,75,final,2322,5322,0.06475825786590578,2.0,2.0,0.481519490480423,-0.006361761799780652
PPO,75,final,2323,5323,0.09000000000000001,1.0,1.0,0.8290292024612427,-0.009092418244108558
PPO,75,final,2324,5324,0.09000000000000001,1.0,1.0,0.6963711380958557,-0.005824129446409643
PPO,75,final,2325,5325,0.09000000000000001,1.0,1.0,0.7565076947212219,-0.008777641458436847
PPO,75,final,2326,5326,0.09000000000000001,1.0,1.0,0.8006060719490051,-0.01052398094907403
PPO,75,final,2327,5327,0.09000000000000001,1.0,1.0,0.5706431865692139,-0.010422887513414025
PPO,75,final,2328,5328,0.09000000000000001,1.0,1.0,0.15539903938770294,-0.0017529563920106739
PPO,75,final,2329,5329,0.09000000000000001,1.0,1.0,0.24574969708919525,-0.0020272575202398
PPO,75,final,2330,5330,0.09000000000000001,1.0,1.0,0.5650786757469177,-0.004918424994684756
PPO,75,final,2331,5331,0.09000000000000001,1.0,1.0,0.4378574788570404,-0.004148174659349024
PPO,75,final,2332,5332,0.22013999700546266,2.0,2.0,0.9543184638023376,-0.05732768983580172
PPO,75,final,2333,5333,0.09000000000000001,1.0,1.0,0.8319022059440613,-0.010685892775654793
PPO,75,final,2334,5334,0.09000000000000001,1.0,1.0,0.41126254200935364,-0.0014824958052486181
PPO,75,final,2335,5335,0.09000000000000001,1.0,1.0,0.28215232491493225,-0.006033725687302649
PPO,75,final,2336,5336,0.09000000000000001,1.0,1.0,0.880709171295166,-0.005595149123109877
PPO,75,final,2337,5337,0.022931833267211918,3.0,2.0,0.6303704380989075,-0.032056107185781
PPO,75,final,2338,5338,0.09000000000000001,1.0,1.0,0.15919964015483856,-0.0005992075020913035
PPO,75,final,2339,5339,0.09000000000000001,1.0,1.0,0.6134964227676392,-0.003763655142392963
PPO,75,final,2340,5340,0.09000000000000001,1.0,1.0,0.555706799030304,-0.00473465898539871
PPO,75,final,2341,5341,0.09000000000000001,1.0,1.0,0.29237985610961914,-0.0028313276707194746
PPO,75,final,2342,5342,0.14595516204833986,2.0,2.0,0.7631720304489136,-0.00835603169980459
PPO,75,final,2343,5343,0.09000000000000001,1.0,1.0,0.8955602049827576,-0.010459196288138628
PPO,75,final,2344,5344,0.09000000000000001,1.0,1.0,0.0926138386130333,-0.0019507060351315886
PPO,75,final,2345,5345,0.09000000000000001,1.0,1.0,0.24314828217029572,-0.001844142738264054
PPO,75,final,2346,5346,0.09000000000000001,1.0,1.0,0.6523532867431641,-0.010207048151642084
PPO,75,final,2347,5347,-0.12049832761287689,2.0,2.0,0.3415953516960144,-0.013391683693043888
PPO,75,final,2348,5348,0.09000000000000001,1.0,1.0,0.9521055817604065,-0.011818962637335062
PPO,75,final,2349,5349,0.09000000000000001,1.0,1.0,0.9229580760002136,-0.004000395303592086
PPO,75,final,2350,5350,0.09000000000000001,1.0,1.0,0.21585342288017273,-0.0017041096871253103
PPO,75,final,2351,5351,0.09000000000000001,1.0,1.0,0.8384681344032288,-0.007471791817806661
PPO,75,final,2352,5352,0.09000000000000001,1.0,1.0,0.9976235628128052,-0.011786994989961386
PPO,75,final,2353,5353,0.1375065612792969,2.0,2.0,0.5948371291160583,-0.023389847832731903
PPO,75,final,2354,5354,0.09000000000000001,1.0,1.0,0.3584325909614563,-0.005449799005873501
PPO,75,final,2355,5355,0.09000000000000001,1.0,1.0,0.22346140444278717,-0.002578400890342891
PPO,75,final,2356,5356,0.09000000000000001,1.0,1.0,0.6123570799827576,-0.012532542692497373
PPO,75,final,2357,5357,0.09000000000000001,1.0,1.0,0.15971152484416962,-0.0077400029404088855
PPO,75,final,2358,5358,0.09000000000000001,1.0,1.0,0.44639864563941956,-0.0072704601334407926
PPO,75,final,2359,5359,0.16221869707107545,3.0,3.0,0.8358403444290161,-0.050166141358204186
PPO,75,final,2360,5360,0.09000000000000001,1.0,1.0,0.5610665678977966,-0.009593989700078964
PPO,75,final,2361,5361,0.09000000000000001,1.0,1.0,0.2396801859140396,-0.003955280873924494
PPO,75,final,2362,5362,0.09000000000000001,1.0,1.0,0.7322813868522644,-0.013762291288003325
PPO,75,final,2363,5363,0.2576404976844788,2.0,2.0,0.9419438242912292,-0.07690520968753844
PPO,75,final,2364,5364,0.3054249453544617,2.0,2.0,0.999123752117157,-0.02826614340301603
PPO,75,final,2365,5365,0.13496466159820558,2.0,2.0,1.0403692722320557,-0.11012152163311839
PPO,75,final,2366,5366,0.09000000000000001,1.0,1.0,0.6220888495445251,-0.013702936470508575
PPO,75,final,2367,5367,0.04783446520566941,2.0,2.0,0.11665482819080353,-0.001147376256994903
PPO,75,final,2368,5368,0.09000000000000001,1.0,1.0,0.24113580584526062,-0.008034788304939866
PPO,75,final,2369,5369,-0.20342679381370543,6.0,3.0,0.5003815293312073,-0.0004760941956192255
PPO,75,final,2370,5370,-0.1368976950645447,10.0,4.0,0.7604290843009949,0.009860440623015165
PPO,75,final,2371,5371,-0.036283724308013895,3.0,3.0,0.5700312852859497,-0.052470650523900986
PPO,75,final,2372,5372,0.09574023067951204,2.0,2.0,0.2337632179260254,-0.04527195100672543
PPO,75,final,2373,5373,0.09000000000000001,1.0,1.0,0.6929963231086731,-0.01484766905196011
PPO,75,final,2374,5374,0.10364927768707277,3.0,2.0,1.1292468309402466,-0.0605487113352865
PPO,75,final,2375,5375,0.09000000000000001,1.0,1.0,0.19596008956432343,-0.007969683269038796
PPO,75,final,2376,5376,0.09000000000000001,1.0,1.0,0.8962136507034302,-0.014464225387200713
PPO,75,final,2377,5377,0.07791430473327637,3.0,3.0,0.5424785017967224,-0.053183630807325244
PPO,75,final,2378,5378,0.08952279567718507,2.0,2.0,1.0958951711654663,-0.10393396113067865
PPO,75,final,2379,5379,0.09000000000000001,1.0,1.0,1.031688928604126,-0.010125682689249516
PPO,75,final,2380,5380,0.09000000000000001,1.0,1.0,0.8865891695022583,-0.008352614473551512
PPO,75,final,2381,5381,0.05283343970775605,2.0,2.0,0.25087374448776245,-0.06709533039247617
PPO,75,final,2382,5382,0.23366989374160768,2.0,2.0,0.9747352004051208,-0.010436517535708845
PPO,75,final,2383,5383,0.09000000000000001,1.0,1.0,0.6239815950393677,-0.005017438787035644
PPO,75,final,2384,5384,0.09000000000000001,1.0,1.0,0.24464894831180573,-0.004109806148335338
PPO,75,final,2385,5385,0.1882989573478699,2.0,2.0,0.6367620229721069,-0.0786751521518454
PPO,75,final,2386,5386,0.22959441661834717,3.0,3.0,0.9073057174682617,-0.023833692423067987
PPO,75,final,2387,5387,0.09000000000000001,1.0,1.0,1.0068010091781616,-0.012089732103049755
PPO,75,final,2388,5388,0.09000000000000001,1.0,1.0,0.7153027653694153,-0.012744843261316419
PPO,75,final,2389,5389,0.09000000000000001,1.0,1.0,0.45697158575057983,-0.013488958589732647
PPO,75,final,2390,5390,0.09000000000000001,1.0,1.0,0.5077686905860901,-0.0072427886771038175
PPO,75,final,2391,5391,0.2007435727119446,2.0,2.0,0.6703540682792664,-0.024482948007062078
PPO,75,final,2392,5392,0.09000000000000001,1.0,1.0,0.12127064913511276,-0.008385569788515568
PPO,75,final,2393,5393,0.11584003925323488,4.0,2.0,0.8271912932395935,-0.014496081275865436
PPO,75,final,2394,5394,0.032385172843933115,6.0,4.0,0.7421939969062805,-0.0593252913095057
PPO,75,final,2395,5395,-0.0625420343875885,2.0,2.0,0.2852853238582611,-0.022259773570112884
PPO,75,final,2396,5396,0.09000000000000001,1.0,1.0,0.2812017798423767,-0.006595736485905945
PPO,75,final,2397,5397,-0.006720583438873287,3.0,2.0,0.2800757586956024,-0.03943580389022827
PPO,75,final,2398,5398,0.32567222595214845,2.0,2.0,1.0408966541290283,-0.06038401974365115
PPO,75,final,2399,5399,-0.07379203855991363,2.0,2.0,0.3995254933834076,-0.03464505763258785
PPO,75,final,2400,5400,0.1390871274471283,2.0,2.0,0.3419623374938965,-0.08049775823019445
PPO,75,final,2401,5401,0.21065564632415773,2.0,2.0,1.1461870670318604,-0.03498947463231161
PPO,75,final,2402,5402,0.27726240158081056,5.0,3.0,1.1563299894332886,-0.008290008292533457
PPO,75,final,2403,5403,0.06211513996124268,3.0,3.0,0.3287183344364166,-0.013695236295461655
PPO,75,final,2404,5404,0.08466764450073244,4.0,2.0,0.6940665245056152,-0.04845172050409019
PPO,75,final,2405,5405,0.21070702552795412,2.0,2.0,0.41650015115737915,-0.07377785793505609
PPO,75,final,2406,5406,0.09000000000000001,1.0,1.0,0.8408418893814087,-0.007404251373372972
PPO,75,final,2407,5407,0.24729353904724122,3.0,3.0,0.6903508901596069,-0.01877266855444759
PPO,75,final,2408,5408,0.09000000000000001,1.0,1.0,0.24729619920253754,-0.010156647302210331
PPO,75,final,2409,5409,-0.4732429265975952,10.0,2.0,1.288942575454712,0.09260198473930359
PPO,75,final,2410,5410,0.09000000000000001,1.0,1.0,0.11776181310415268,-0.009956686059013009
PPO,75,final,2411,5411,0.09000000000000001,1.0,1.0,0.2517313063144684,-0.01298985630273819
PPO,75,final,2412,5412,-0.06178166508674619,4.0,3.0,0.42736634612083435,-0.02607210644055158
PPO,75,final,2413,5413,0.09000000000000001,1.0,1.0,0.3459959030151367,-0.009763418231159449
PPO,75,final,2414,5414,0.32657344818115236,2.0,2.0,0.8209801912307739,0.0035968853626400232
PPO,75,final,2415,5415,0.06441808700561524,4.0,3.0,0.6751288175582886,-0.03474702103994787
PPO,75,final,2416,5416,0.12641723632812502,2.0,2.0,0.2991807162761688,-0.021719640586525202
PPO,75,final,2417,5417,-0.14595522820949552,4.0,2.0,0.29761457443237305,-0.028503867331892252
PPO,75,final,2418,5418,0.08436622142791748,3.0,2.0,0.4119127690792084,-0.07807196793146431
PPO,75,final,2419,5419,-0.012719487845897659,2.0,2.0,0.17794300615787506,-0.0777444844134152
PPO,75,final,2420,5420,0.29345144510269167,2.0,2.0,0.5013559460639954,0.007441853755153716
PPO,75,final,2421,5421,0.09142948865890504,2.0,2.0,0.4591301381587982,-0.07470794091932476
PPO,75,final,2422,5422,-0.31173472404479985,10.0,2.0,1.0931440591812134,0.07740631140768528
PPO,75,final,2423,5423,0.09000000000000001,1.0,1.0,0.6862772107124329,-0.011627461295574903
PPO,75,final,2424,5424,-0.5780970931053162,10.0,2.0,0.7596033811569214,0.08692522719502449
PPO,75,final,2425,5425,0.11745806217193605,2.0,2.0,0.907425582408905,-0.03105443622916937
PPO,75,final,2426,5426,-0.4860128045082092,10.0,2.0,0.843120276927948,0.07696137204766273
PPO,75,final,2427,5427,0.061708588600158695,3.0,2.0,0.8913686871528625,-0.007985678501427174
PPO,75,final,2428,5428,0.12517322778701784,2.0,2.0,0.3314620554447174,-0.006542499002534896
PPO,75,final,2429,5429,0.020520651340484627,5.0,2.0,0.7144813537597656,-0.07520831795409322
PPO,75,final,2430,5430,0.11965496540069581,5.0,3.0,0.5993747711181641,-0.014201026409864426
PPO,75,final,2431,5431,0.16883427619934083,3.0,3.0,0.8407362103462219,-0.026495877071283758
PPO,75,final,2432,5432,0.09000000000000001,1.0,1.0,0.6086670160293579,-0.014515573857352138
PPO,75,final,2433,5433,0.060659544467926034,2.0,2.0,0.27694419026374817,-0.09970585955306888
PPO,75,final,2434,5434,0.12944086074829103,2.0,2.0,0.7326181530952454,-0.07461250317282975
PPO,75,final,2435,5435,-0.565722393989563,10.0,2.0,1.093104362487793,0.08900065906345844
PPO,75,final,2436,5436,-0.5087470293045044,10.0,2.0,0.5039308667182922,0.059986745938658714
PPO,75,final,2437,5437,-0.757303059101105,10.0,3.0,0.5487967729568481,-0.0006471092347055674
PPO,75,final,2438,5438,-0.6173227906227112,10.0,2.0,1.062939167022705,0.019469091901555657
PPO,75,final,2439,5439,-0.37284909486770634,10.0,2.0,0.7154543995857239,0.011761953821405768
PPO,75,final,2440,5440,-0.42723994255065917,10.0,2.0,0.8276798129081726,0.009881319245323539
PPO,75,final,2441,5441,-0.6267371296882631,10.0,4.0,0.4513215720653534,-0.033632674254477024
PPO,75,final,2442,5442,-0.578511643409729,10.0,2.0,0.836021363735199,0.015663016121834517
PPO,75,final,2443,5443,-0.6406623005867006,10.0,2.0,0.647246778011322,-0.0014557584654539824
PPO,75,final,2444,5444,-0.4950085699558258,10.0,4.0,0.513577938079834,-0.0022785546025261283
PPO,75,final,2445,5445,-0.6167045831680299,10.0,3.0,0.6027668714523315,0.0381893286248669
PPO,75,final,2446,5446,-0.4113970279693604,10.0,2.0,0.3745270371437073,0.01621949695982039
PPO,75,final,2447,5447,-0.038588333129882815,5.0,3.0,0.4346291720867157,-0.04306720197200775
PPO,75,final,2448,5448,-0.4470291018486023,10.0,2.0,0.3514615595340729,0.04743160307407379
PPO,75,final,2449,5449,-0.5346869111061097,10.0,2.0,0.3784637451171875,0.048701594583690166
PPO,75,final,2450,5450,-0.32069813013076787,10.0,2.0,0.7766558527946472,0.019271532306447625
PPO,75,final,2451,5451,-0.5910922020673752,10.0,2.0,0.21217544376850128,0.018203482031822205
PPO,75,final,2452,5452,-0.28098306655883787,10.0,3.0,0.6282876133918762,-0.01183905336074531
PPO,75,final,2453,5453,0.02626677572727204,3.0,3.0,0.2840441167354584,0.024698798079043627
PPO,75,final,2454,5454,-0.554532128572464,10.0,2.0,0.3233970105648041,0.014013380510732532
PPO,75,final,2455,5455,-0.3519928574562073,10.0,4.0,0.6665775179862976,-0.026588241336867213
PPO,75,final,2456,5456,0.005184538364410421,3.0,3.0,0.39424943923950195,-0.014764466788619757
PPO,75,final,2457,5457,-0.5095556557178498,10.0,2.0,0.1726030558347702,0.012623691000044346
PPO,75,final,2458,5458,-0.1068180203437805,5.0,4.0,0.443812757730484,-0.031093965168111026
PPO,75,final,2459,5459,0.15526883482933046,2.0,2.0,0.3232644498348236,-0.04206304904073477
PPO,75,final,2460,5460,-0.5563651502132416,10.0,2.0,0.4861772954463959,0.03158090356737375
PPO,75,final,2461,5461,-0.5387681603431702,10.0,2.0,0.22554239630699158,0.038350872695446014
PPO,75,final,2462,5462,-0.10541785359382629,5.0,2.0,0.28379157185554504,-0.041570793837308884
PPO,75,final,2463,5463,-0.07685179829597473,2.0,2.0,0.47057822346687317,-0.04649716219864786
PPO,75,final,2464,5464,0.1252326461672783,2.0,2.0,0.102608822286129,0.024475647136569023
PPO,75,final,2465,5465,-0.4016011238098145,10.0,2.0,0.7501494288444519,0.016935768071562052
PPO,75,final,2466,5466,0.1395614039897919,3.0,2.0,0.19820377230644226,-0.0045958929695189
PPO,75,final,2467,5467,-0.4121805906295777,10.0,2.0,0.7012060284614563,0.014240159885957837
PPO,75,final,2468,5468,-0.3869527459144593,10.0,2.0,0.9156884551048279,0.012588001322001219
PPO,75,final,2469,5469,-0.4134944558143616,10.0,2.0,0.8243623971939087,0.011700039729475975
PPO,75,final,2470,5470,-0.5380824089050293,10.0,2.0,0.8893800377845764,0.013680721633136272
PPO,75,final,2471,5471,-0.40091727972030644,10.0,2.0,0.8386527299880981,0.015131348744034767
PPO,75,final,2472,5472,-0.42519776821136473,10.0,2.0,0.709574282169342,0.012618921231478453
PPO,75,final,2473,5473,-0.613949078321457,10.0,2.0,0.31061261892318726,0.019889008719474077
PPO,75,final,2474,5474,-0.19281811356544493,4.0,2.0,0.6206547617912292,-0.009163881884887815
PPO,75,final,2475,5475,-0.531099009513855,10.0,2.0,0.19691334664821625,0.012870561331510544
PPO,75,final,2476,5476,-0.5149381637573243,10.0,2.0,0.26261886954307556,0.015081590740010142
PPO,75,final,2477,5477,-0.6147703111171723,10.0,2.0,0.5363744497299194,0.020205050241202116
PPO,75,final,2478,5478,0.022395627498626725,2.0,2.0,0.3686344623565674,-0.02142322971485555
PPO,75,final,2479,5479,-0.08413191676139832,4.0,3.0,0.5317925214767456,-0.0020925591234117746
PPO,75,final,2480,5480,0.01264597654342653,2.0,2.0,0.28778931498527527,-0.03844901733100414
PPO,75,final,2481,5481,-0.0015787911415099942,2.0,2.0,0.8884593844413757,-0.0366171570494771
PPO,75,final,2482,5482,0.09096886396408083,2.0,2.0,0.5017027258872986,-0.011067312967497855
PPO,75,final,2483,5483,0.19942893266677858,2.0,2.0,0.8117218613624573,0.0269947643391788
PPO,75,final,2484,5484,-0.03789548397064209,2.0,2.0,0.8553710579872131,-0.06522987835342064
PPO,75,final,2485,5485,0.09000000000000001,1.0,1.0,0.252015620470047,0.0025385807384736836
PPO,75,final,2486,5486,0.09000000000000001,1.0,1.0,0.40463849902153015,0.0007312367670238018
PPO,75,final,2487,5487,0.09000000000000001,1.0,1.0,0.24444074928760529,0.0021791436010971665
PPO,75,final,2488,5488,0.09000000000000001,1.0,1.0,0.9428901076316833,-0.008419303456321359
PPO,75,final,2489,5489,0.17027665853500368,2.0,2.0,0.5792399644851685,0.002902662876294926
PPO,75,final,2490,5490,0.06050229251384736,2.0,2.0,0.11658478528261185,-0.034895150165539235
PPO,75,final,2491,5491,0.09000000000000001,1.0,1.0,0.2103540003299713,-0.000298119499348104
PPO,75,final,2492,5492,0.28669305324554445,2.0,2.0,1.1600408554077148,-0.025486653787083924
PPO,75,final,2493,5493,0.09000000000000001,1.0,1.0,0.1454862356185913,0.0015871909563429654
PPO,75,final,2494,5494,0.3474528956413269,2.0,2.0,0.7237265706062317,0.0203670144546777
PPO,75,final,2495,5495,0.09000000000000001,1.0,1.0,0.09021911770105362,0.0004975055926479399
PPO,75,final,2496,5496,-0.599612581729889,10.0,2.0,0.7238836288452148,0.07621659711003304
PPO,75,final,2497,5497,0.03810723304748536,2.0,2.0,0.9460076689720154,-0.043014220194891095
PPO,75,final,2498,5498,0.09000000000000001,1.0,1.0,0.03240209072828293,0.0012590604601427913
PPO,75,final,2499,5499,0.3640133309364319,2.0,2.0,0.5858383178710938,-0.02085674344561994
PPO,75,final,2500,5500,0.09000000000000001,1.0,1.0,0.20822259783744812,-0.0019025524670723826
PPO,75,final,2501,5501,0.09000000000000001,1.0,1.0,0.09900909662246704,-0.0011526425078045577
PPO,75,final,2502,5502,-0.5347925901412964,10.0,2.0,0.7694645524024963,0.07218224555253983
PPO,75,final,2503,5503,0.10447313070297243,2.0,2.0,0.3157341182231903,0.0004969431611243635
PPO,75,final,2504,5504,-0.01080755710601805,2.0,2.0,0.7625375986099243,-0.05241102154832333
PPO,75,final,2505,5505,0.17024405479431154,2.0,2.0,1.0043283700942993,-0.005793677468318492
PPO,75,final,2506,5506,0.10910721302032472,2.0,2.0,0.7432247996330261,-0.02403667854378
PPO,75,final,2507,5507,0.09000000000000001,1.0,1.0,0.46993547677993774,-0.006571937468834221
PPO,75,final,2508,5508,-0.003981630802154537,3.0,2.0,0.7018437385559082,-0.04537805204745382
PPO,75,final,2509,5509,0.09000000000000001,1.0,1.0,0.3327750563621521,-0.005820992984808981
PPO,75,final,2510,5510,0.004252445697784421,5.0,3.0,0.79095858335495,-0.07538080355152488
PPO,75,final,2511,5511,0.05497403621673585,2.0,2.0,0.48237839341163635,-0.012104669876862317
PPO,75,final,2512,5512,0.182350652217865,2.0,2.0,0.681182324886322,-0.07028571399860084
PPO,75,final,2513,5513,0.1079340946674347,3.0,3.0,0.252832293510437,-0.021346581110265106
PPO,75,final,2514,5514,0.09000000000000001,1.0,1.0,0.38654622435569763,-0.0019065969390794635
PPO,75,final,2515,5515,0.09000000000000001,1.0,1.0,0.11139439791440964,-0.005480627063661814
PPO,75,final,2516,5516,0.09000000000000001,1.0,1.0,0.498444527387619,-0.009159515844658017
PPO,75,final,2517,5517,0.13495536327362062,2.0,2.0,1.0497761964797974,-0.024642311793286353
PPO,75,final,2518,5518,-0.40815399885177617,10.0,2.0,0.5250384211540222,0.06843685917556286
PPO,75,final,2519,5519,-0.5315610647201539,10.0,2.0,0.297544926404953,0.07231662794947624
PPO,75,final,2520,5520,0.09000000000000001,1.0,1.0,0.15432429313659668,-0.010828906204551458
PPO,75,final,2521,5521,0.09000000000000001,1.0,1.0,0.5412361025810242,-0.008286080323159695
PPO,75,final,2522,5522,-0.1974849462509155,10.0,3.0,0.6649417877197266,-0.036281934240832925
PPO,75,final,2523,5523,-0.17523386359214782,3.0,3.0,0.5414101481437683,-0.02605061186477542
PPO,75,final,2524,5524,0.09000000000000001,1.0,1.0,0.7737594842910767,-0.013059846591204405
PPO,75,final,2525,5525,-0.13229851245880125,7.0,3.0,0.6853834986686707,-0.018999043153598905
PPO,75,final,2526,5526,-0.47828369140625004,10.0,2.0,1.0548855066299438,0.06642276979982853
PPO,75,final,2527,5527,0.20404059410095216,3.0,3.0,0.7003510594367981,-0.01117200858425349
PPO,75,final,2528,5528,0.11245168924331667,2.0,2.0,0.8213720917701721,-0.04197673103772104
PPO,75,final,2529,5529,0.09000000000000001,1.0,1.0,0.10481037944555283,-0.0019264082657173276
PPO,75,final,2530,5530,0.05963812947273255,2.0,2.0,0.4245918393135071,-0.02475045493338257
PPO,75,final,2531,5531,-0.2739243936538696,7.0,3.0,0.4024803936481476,-0.007056225556880236
PPO,75,final,2532,5532,0.01996845722198487,3.0,3.0,0.5726693272590637,-0.020195173448882997
PPO,75,final,2533,5533,-0.04095875263214112,4.0,3.0,0.8561505675315857,-0.07121896534226835
PPO,75,final,2534,5534,0.27006343722343445,3.0,3.0,0.47690698504447937,-0.014353153761476278
PPO,75,final,2535,5535,0.09000000000000001,1.0,1.0,0.09526358544826508,-0.006518750335089862
PPO,75,final,2536,5536,0.1432544755935669,2.0,2.0,0.8242694735527039,-0.026978121255524457
PPO,75,final,2537,5537,0.12105430841445924,2.0,2.0,0.6315113306045532,-0.10172878322191536
PPO,75,final,2538,5538,0.043060319423675546,2.0,2.0,0.22859252989292145,0.03805690282024443
PPO,75,final,2539,5539,0.04382761001586915,2.0,2.0,0.3201661705970764,-0.04848505952395499
PPO,75,final,2540,5540,0.1775601577758789,3.0,3.0,0.7373049855232239,-0.0013039056211709976
PPO,75,final,2541,5541,0.09000000000000001,1.0,1.0,0.21523715555667877,-0.007001490914262831
PPO,75,final,2542,5542,0.08402939319610597,2.0,2.0,0.5825658440589905,-0.0805959498975426
PPO,75,final,2543,5543,-0.1589029163122177,5.0,3.0,0.3014166057109833,-0.0375109399901703
PPO,75,final,2544,5544,-0.216213264465332,4.0,2.0,0.7365292310714722,-0.0809465607162565
PPO,75,final,2545,5545,0.013473641872406003,5.0,3.0,0.7204294800758362,-0.06149222748354077
PPO,75,final,2546,5546,0.3015580940246582,2.0,2.0,0.6595907807350159,0.027453554794192314
PPO,75,final,2547,5547,0.09000000000000001,1.0,1.0,0.1167641207575798,-0.00665647373534739
PPO,75,final,2548,5548,0.3901756477355957,3.0,3.0,0.7973016500473022,0.008175901719368994
PPO,75,final,2549,5549,0.09000000000000001,1.0,1.0,0.7077603936195374,-0.011450613150373101
PPO,75,final,2550,5550,0.1547482681274414,3.0,3.0,0.3266415596008301,-0.011168677941896021
PPO,75,final,2551,5551,0.09000000000000001,1.0,1.0,0.36652350425720215,-0.01179156033322215
PPO,75,final,2552,5552,0.07115994572639467,2.0,2.0,0.3646160662174225,-0.03947951993905008
PPO,75,final,2553,5553,0.09000000000000001,1.0,1.0,0.3556610941886902,-0.00985418539494276
PPO,75,final,2554,5554,0.17385967254638673,2.0,2.0,0.641802966594696,-0.04356326116248965
PPO,75,final,2555,5555,-0.13975296735763548,7.0,3.0,0.8878723978996277,-0.042929339688271284
PPO,75,final,2556,5556,0.09000000000000001,1.0,1.0,0.587796688079834,-0.006191994878463447
PPO,75,final,2557,5557,-0.034911228418350204,2.0,2.0,0.4913167953491211,-0.05011519626714289
PPO,75,final,2558,5558,0.022554116249084488,2.0,2.0,0.9059237241744995,-0.03141470078844577
PPO,75,final,2559,5559,0.09000000000000001,1.0,1.0,0.7954316735267639,-0.008054016623646021
PPO,75,final,2560,5560,0.09000000000000001,1.0,1.0,0.28369399905204773,-0.004805909818969667
PPO,75,final,2561,5561,0.09000000000000001,1.0,1.0,0.13999740779399872,-0.009454454528167844
PPO,75,final,2562,5562,0.13932003259658815,2.0,2.0,0.782194972038269,-0.06992925505619496
PPO,75,final,2563,5563,0.05175491094589234,3.0,2.0,0.9146510362625122,-0.08629777020541951
PPO,75,final,2564,5564,0.06831796646118166,2.0,2.0,0.9558190107345581,-0.010289253666996956
PPO,75,final,2565,5565,0.09000000000000001,1.0,1.0,0.19251368939876556,-0.0020848397398367524
PPO,75,final,2566,5566,0.09000000000000001,1.0,1.0,0.3307386338710785,-0.003467260336037725
PPO,75,final,2567,5567,0.09000000000000001,1.0,1.0,0.18894876539707184,-0.0017704555939417332
PPO,75,final,2568,5568,0.09000000000000001,1.0,1.0,0.5757312178611755,-0.0089103770442307
PPO,75,final,2569,5569,0.09000000000000001,1.0,1.0,0.3457103371620178,-0.008890131255611777
PPO,75,final,2570,5570,0.09000000000000001,1.0,1.0,0.22816058993339539,-0.0006787557504139841
PPO,75,final,2571,5571,0.08401005148887636,2.0,2.0,0.3675934970378876,-0.0408528468105942
PPO,75,final,2572,5572,0.2617032098770142,2.0,2.0,0.7438321709632874,0.009959581075236201
PPO,75,final,2573,5573,0.09645064353942873,2.0,2.0,0.5715033411979675,-0.008327299758093432
PPO,75,final,2574,5574,-0.3629161596298218,10.0,2.0,1.2184019088745117,0.07300253584980965
PPO,75,final,2575,5575,0.09000000000000001,1.0,1.0,1.0314199924468994,-0.01093930029310286
PPO,75,final,2576,5576,-0.02244444966316224,3.0,3.0,0.5675418972969055,-0.02897387696430087
PPO,75,final,2577,5577,-0.43485264778137206,10.0,2.0,1.1366811990737915,0.06558666750788689
PPO,75,final,2578,5578,-0.00788990974426268,2.0,2.0,0.8008127808570862,-0.05659338692203164
PPO,75,final,2579,5579,0.09000000000000001,1.0,1.0,0.5326303839683533,-0.0038073614123277366
PPO,75,final,2580,5580,-0.016757822036743156,5.0,2.0,1.0936421155929565,-0.08173418359365314
PPO,75,final,2581,5581,0.09000000000000001,1.0,1.0,1.0818687677383423,-0.011433915933594108
PPO,75,final,2582,5582,0.09000000000000001,1.0,1.0,0.6349188685417175,-0.007612368557602167
PPO,75,final,2583,5583,-0.47950147390365605,10.0,2.0,0.9832556843757629,0.07009843736886978
PPO,75,final,2584,5584,0.22008861780166628,2.0,2.0,0.9136186242103577,-0.004115278308745474
PPO,75,final,2585,5585,0.24866385936737062,2.0,2.0,0.7771022915840149,-0.03439782082568854
PPO,75,final,2586,5586,0.09000000000000001,1.0,1.0,0.1758495420217514,-0.004514986532740295
PPO,75,final,2587,5587,0.09000000000000001,1.0,1.0,0.6137179732322693,-0.009113545762374997
PPO,75,final,2588,5588,-0.03115550518035888,4.0,2.0,1.0063929557800293,-0.06180022293119691
PPO,75,final,2589,5589,0.09000000000000001,1.0,1.0,0.35670289397239685,-0.006936854915693402
PPO,75,final,2590,5590,0.17851163625717165,2.0,2.0,0.9087794423103333,-0.017410880769602954
PPO,75,final,2591,5591,-0.12842885732650755,3.0,2.0,0.5687770247459412,-0.025163069483824074
PPO,75,final,2592,5592,0.09000000000000001,1.0,1.0,0.5333661437034607,-0.013191495323553681
PPO,75,final,2593,5593,0.04027708053588868,2.0,2.0,0.43526676297187805,-0.08915759692899883
PPO,75,final,2594,5594,0.10164077758789064,2.0,2.0,0.6495069861412048,-0.004596653860062361
PPO,75,final,2595,5595,0.09000000000000001,1.0,1.0,0.33174997568130493,-0.008292240789160132
PPO,75,final,2596,5596,0.10421033382415773,2.0,2.0,0.9923762083053589,-0.06724704522639513
PPO,75,final,2597,5597,0.0712383407354355,2.0,2.0,0.11345666646957397,-0.00805405993014574
PPO,75,final,2598,5598,0.09000000000000001,1.0,1.0,0.2984169125556946,-0.007831854047253728
PPO,75,final,2599,5599,0.17385727643966675,7.0,4.0,0.6694246530532837,-0.021560700377449393
PPO,75,final,2600,5600,0.003541784286499039,2.0,2.0,0.9507966637611389,-0.11474795965477824
PPO,75,final,2601,5601,0.16495777845382692,2.0,2.0,0.9626894593238831,0.0067581465700641274
PPO,75,final,2602,5602,0.09000000000000001,1.0,1.0,0.19265511631965637,-0.007932055043056607
PPO,75,final,2603,5603,-0.01029096364974974,2.0,2.0,0.5329834818840027,-0.030481336638331413
PPO,75,final,2604,5604,0.11612119197845461,3.0,2.0,1.3990132808685303,-0.049567124573513865
PPO,75,final,2605,5605,0.09000000000000001,1.0,1.0,0.18104277551174164,-0.00935701304115355
PPO,75,final,2606,5606,0.09000000000000001,1.0,1.0,1.0193928480148315,-0.012708241818472743
PPO,75,final,2607,5607,-0.03191308498382567,2.0,2.0,0.39177951216697693,-0.03639724012464285
PPO,75,final,2608,5608,0.09000000000000001,1.0,1.0,0.3775402009487152,-0.00497092236764729
PPO,75,final,2609,5609,0.18479462146759035,2.0,2.0,0.576409637928009,-0.04875305958557874
PPO,75,final,2610,5610,0.17395149350166322,2.0,2.0,0.41187646985054016,-0.08372239116579294
PPO,75,final,2611,5611,0.09000000000000001,1.0,1.0,0.6971554756164551,-0.006062865490093827
PPO,75,final,2612,5612,-0.4527091562747955,10.0,2.0,0.3895127475261688,0.06731159053742886
PPO,75,final,2613,5613,0.25845869064331056,2.0,2.0,0.9223588705062866,-0.0068784665782004595
PPO,75,final,2614,5614,0.15525252342224122,3.0,3.0,1.0375432968139648,-0.045340770622715354
PPO,75,final,2615,5615,0.07358922004699708,6.0,3.0,0.6399833559989929,-0.0010772948153316975
PPO,75,final,2616,5616,0.09000000000000001,1.0,1.0,0.7271524667739868,-0.013111761305481195
PPO,75,final,2617,5617,0.05291118144989014,3.0,2.0,0.6745682954788208,-0.01771356025710702
PPO,75,final,2618,5618,-0.06364365488290787,2.0,2.0,0.25361770391464233,-0.04553102544741705
PPO,75,final,2619,5619,0.09000000000000001,1.0,1.0,0.27526363730430603,-0.003504489199258387
PPO,75,final,2620,5620,0.2914594578742981,2.0,2.0,0.4232664108276367,0.01000624569132924
PPO,75,final,2621,5621,0.11513806343078614,4.0,3.0,0.8695763349533081,-0.01589177147252485
PPO,75,final,2622,5622,-0.39261626005172734,10.0,2.0,0.8982328772544861,0.06238575465977192
PPO,75,final,2623,5623,0.09000000000000001,1.0,1.0,0.3426406979560852,-0.011771873105317354
PPO,75,final,2624,5624,0.09000000000000001,1.0,1.0,0.8223754167556763,-0.0061538947047665715
PPO,75,final,2625,5625,0.09000000000000001,1.0,1.0,0.7539507150650024,-0.008645471185445786
PPO,75,final,2626,5626,0.09000000000000001,1.0,1.0,0.7175537943840027,-0.012769964756444097
PPO,75,final,2627,5627,-0.622806239128113,10.0,2.0,1.0885179042816162,0.08502085134387016
PPO,75,final,2628,5628,0.09000000000000001,1.0,1.0,0.6164573431015015,-0.012337872991338372
PPO,75,final,2629,5629,-0.030126852989196762,2.0,2.0,0.9472667574882507,-0.025665190536528826
PPO,75,final,2630,5630,0.028226158618927,4.0,2.0,0.70753413438797,-0.0988993882201612
PPO,75,final,2631,5631,0.09000000000000001,1.0,1.0,0.5023407340049744,-0.007392410654574633
PPO,75,final,2632,5632,0.09681700348854066,2.0,2.0,0.33674588799476624,-0.04025532468222082
PPO,75,final,2633,5633,0.09000000000000001,1.0,1.0,0.07651691138744354,-0.0068933183792978525
PPO,75,final,2634,5634,0.08925269722938539,2.0,2.0,0.3019323945045471,-0.030725851422175765
PPO,75,final,2635,5635,0.20791994214057924,2.0,2.0,0.2752697765827179,-0.014786195708438754
PPO,75,final,2636,5636,0.09000000000000001,1.0,1.0,0.4654783606529236,-0.010127038694918156
PPO,75,final,2637,5637,0.08859373807907106,2.0,2.0,0.5891633033752441,-0.03674636245705187
PPO,75,final,2638,5638,0.09000000000000001,1.0,1.0,0.19383253157138824,-0.002766841440461576
PPO,75,final,2639,5639,0.09000000000000001,1.0,1.0,0.9259309768676758,-0.009005989180877805
PPO,75,final,2640,5640,0.09000000000000001,1.0,1.0,0.0821891650557518,-0.0004660676058847457
PPO,75,final,2641,5641,0.0753708052635193,2.0,2.0,0.48640748858451843,-0.057476228568702936
PPO,75,final,2642,5642,0.09000000000000001,1.0,1.0,0.09973238408565521,-0.001937593158800155
PPO,75,final,2643,5643,0.09000000000000001,1.0,1.0,0.6807718276977539,-0.013749554520472884
PPO,75,final,2644,5644,0.024338381290435807,2.0,2.0,0.7146859169006348,-0.0643577806185931
PPO,75,final,2645,5645,0.09000000000000001,1.0,1.0,0.5050875544548035,-0.006331589422188699
PPO,75,final,2646,5646,0.10557393908500673,2.0,2.0,0.35121971368789673,-0.06933696009218693
PPO,75,final,2647,5647,0.1829360890388489,2.0,2.0,0.5671607255935669,-0.05396595026832074
PPO,75,final,2648,5648,0.17289830923080446,2.0,2.0,0.8934268355369568,-0.09304303163662553
PPO,75,final,2649,5649,0.3267879056930542,2.0,2.0,1.3946417570114136,-0.028156553860753775
PPO,75,final,2650,5650,0.10856722474098207,2.0,2.0,0.36790385842323303,-0.07120995770674199
PPO,75,final,2651,5651,-0.14332156419754027,4.0,3.0,0.41840171813964844,-0.006174692651256919
PPO,75,final,2652,5652,-0.21268264532089232,8.0,3.0,0.663351833820343,-0.016463741194456816
PPO,75,final,2653,5653,0.09000000000000001,1.0,1.0,0.5148243308067322,-0.010270329657942057
PPO,75,final,2654,5654,0.09000000000000001,1.0,1.0,0.86497563123703,-0.013225451111793518
PPO,75,final,2655,5655,0.09000000000000001,1.0,1.0,0.4623776078224182,-0.0119994948618114
PPO,75,final,2656,5656,0.023672835826873795,2.0,2.0,0.2711668312549591,-0.030546018155291677
PPO,75,final,2657,5657,0.05727555036544801,2.0,2.0,0.7426638603210449,-0.10235558124259114
PPO,75,final,2658,5658,0.09000000000000001,1.0,1.0,0.25611135363578796,-0.007879073615185916
PPO,75,final,2659,5659,-0.0058639502525329595,6.0,3.0,0.490129292011261,-0.03614013665355742
PPO,75,final,2660,5660,0.09000000000000001,1.0,1.0,0.2016802877187729,-0.007076641195453703
PPO,75,final,2661,5661,0.09000000000000001,1.0,1.0,0.06071485951542854,-0.0016455370059702545
PPO,75,final,2662,5662,0.09000000000000001,1.0,1.0,0.7799010872840881,-0.00904825795441866
PPO,75,final,2663,5663,0.09000000000000001,1.0,1.0,0.16544368863105774,-0.008947514230385423
PPO,75,final,2664,5664,0.3525368142127991,2.0,2.0,0.6519670486450195,-0.048396221129223704
PPO,75,final,2665,5665,0.19018931150436402,4.0,3.0,0.49822235107421875,-0.0338297167327255
PPO,75,final,2666,5666,0.09000000000000001,1.0,1.0,0.11824829876422882,-0.003323047247249633
PPO,75,final,2667,5667,0.07835872650146486,2.0,2.0,0.4316037595272064,-0.033319618785753846
PPO,75,final,2668,5668,0.09000000000000001,1.0,1.0,0.08426769822835922,-0.0033368741278536618
PPO,75,final,2669,5669,0.25873627185821535,3.0,2.0,0.6718094944953918,-0.03241354296915233
PPO,75,final,2670,5670,0.09000000000000001,1.0,1.0,0.9713500738143921,-0.012860272778198123
PPO,75,final,2671,5671,-0.02944062471389769,2.0,2.0,0.8252339363098145,-0.041097608394920826
PPO,75,final,2672,5672,0.24981106281280518,4.0,3.0,0.855059027671814,-0.027021143003366888
PPO,75,final,2673,5673,0.09000000000000001,1.0,1.0,0.8164016008377075,-0.012143641477450728
PPO,75,final,2674,5674,0.09000000000000001,1.0,1.0,0.5075978636741638,-0.011655728798359632
PPO,75,final,2675,5675,0.09000000000000001,1.0,1.0,0.8419679403305054,-0.006536384462378919
PPO,75,final,2676,5676,0.2607377338409424,2.0,2.0,0.41351181268692017,-0.022435600636526942
PPO,75,final,2677,5677,-0.03597466468811035,2.0,2.0,0.84186851978302,-0.004529346711933613
PPO,75,final,2678,5678,0.09000000000000001,1.0,1.0,0.6364439129829407,-0.012581153307110071
PPO,75,final,2679,5679,-0.4364355683326721,10.0,2.0,0.649880051612854,0.08450924605131149
PPO,75,final,2680,5680,0.09000000000000001,1.0,1.0,0.2958355247974396,-0.002884910849388689
PPO,75,final,2681,5681,0.09000000000000001,1.0,1.0,0.7979903221130371,-0.011708590434864163
PPO,75,final,2682,5682,0.31152637481689455,2.0,2.0,0.734052300453186,0.0003820133861154318
PPO,75,final,2683,5683,0.09000000000000001,1.0,1.0,0.21712233126163483,-0.004062853055074811
PPO,75,final,2684,5684,0.07341475963592531,2.0,2.0,0.4402090609073639,-0.06433517299592495
PPO,75,final,2685,5685,0.09000000000000001,1.0,1.0,0.40142515301704407,-0.009648577310144901
PPO,75,final,2686,5686,0.16494877815246584,2.0,2.0,0.501876175403595,-0.04164656240027398
PPO,75,final,2687,5687,0.09000000000000001,1.0,1.0,0.08413971960544586,-0.005434275255538523
PPO,75,final,2688,5688,0.14178611516952516,2.0,2.0,0.5503575205802917,-0.04633023729547858
PPO,75,final,2689,5689,0.09000000000000001,1.0,1.0,0.3070962131023407,-0.013045574771240354
PPO,75,final,2690,5690,0.05892820119857788,4.0,3.0,0.4895052909851074,-0.09902858664281666
PPO,75,final,2691,5691,0.09000000000000001,1.0,1.0,0.13934819400310516,-0.00592701870482415
PPO,75,final,2692,5692,0.09000000000000001,1.0,1.0,0.3092750012874603,-0.008679967606440187
PPO,75,final,2693,5693,-0.029078645706176742,2.0,2.0,0.7910090088844299,-0.04920798493549228
PPO,75,final,2694,5694,0.11672784566879274,2.0,2.0,0.91234290599823,-0.0027386422734707594
PPO,75,final,2695,5695,0.19213940382003786,2.0,2.0,0.8354563117027283,-0.020191526389680803
PPO,75,final,2696,5696,0.09000000000000001,1.0,1.0,0.9127115607261658,-0.015052210539579391
PPO,75,final,2697,5697,0.1924181056022644,3.0,3.0,0.9743929505348206,-0.020378703018650413
PPO,75,final,2698,5698,0.24989248991012575,2.0,2.0,0.26244717836380005,-0.07318169448990375
PPO,75,final,2699,5699,0.2563599419593811,3.0,3.0,0.6901798248291016,-0.06180548423435539
PPO,75,final,2700,5700,0.17679061174392702,2.0,2.0,0.7814937829971313,-0.05023076245561242
PPO,75,final,2701,5701,0.1689880657196045,2.0,2.0,0.4827873706817627,-0.04796028579585254
PPO,75,final,2702,5702,0.018520431518554703,2.0,2.0,0.9316609501838684,-0.06048977095633745
PPO,75,final,2703,5703,0.09000000000000001,1.0,1.0,0.594724178314209,-0.015016237273812294
PPO,75,final,2704,5704,0.09000000000000001,1.0,1.0,1.0114301443099976,-0.006912376615218818
PPO,75,final,2705,5705,0.02574564218521118,5.0,3.0,0.5457637310028076,-0.022695267107337713
PPO,75,final,2706,5706,0.2060887384414673,2.0,2.0,0.6549645066261292,-0.004177110909949988
PPO,75,final,2707,5707,0.11023317575454712,5.0,5.0,0.7279205322265625,-0.03444991074502468
PPO,75,final,2708,5708,0.07708542972803117,2.0,2.0,0.1179409995675087,-0.01961590349674225
PPO,75,final,2709,5709,0.10855658054351808,5.0,3.0,0.20049914717674255,-0.028122659539803863
PPO,75,final,2710,5710,0.13508483171463012,5.0,2.0,0.789178192615509,-0.029804172227159142
PPO,75,final,2711,5711,0.09000000000000001,1.0,1.0,0.604949951171875,-0.015223006950691342
PPO,75,final,2712,5712,0.09000000000000001,1.0,1.0,0.2553417980670929,-0.015248718671500683
PPO,75,final,2713,5713,0.16727675676345827,2.0,2.0,0.869062602519989,-0.03650064847897738
PPO,75,final,2714,5714,0.0014420938491821328,3.0,2.0,0.7254589200019836,-0.0343577538151294
PPO,75,final,2715,5715,0.1573383378982544,2.0,2.0,0.8657315969467163,-0.02633583382703364
PPO,75,final,2716,5716,0.1013341021537781,3.0,3.0,0.3441409766674042,-0.01700008357875049
PPO,75,final,2717,5717,0.09000000000000001,1.0,1.0,0.19226787984371185,-0.011102053569629788
PPO,75,final,2718,5718,-0.14101488947868346,6.0,3.0,0.35551372170448303,-0.00012919725850224495
PPO,75,final,2719,5719,0.09000000000000001,1.0,1.0,0.22381986677646637,-0.01018591201864183
PPO,75,final,2720,5720,-0.17534903049468992,6.0,2.0,1.1533234119415283,-0.03436030657030642
PPO,75,final,2721,5721,0.03359501719474793,4.0,2.0,0.22634270787239075,-0.05440279748290777
PPO,75,final,2722,5722,0.11057508945465089,4.0,3.0,0.9007550477981567,-0.03456920851022005
PPO,75,final,2723,5723,0.09000000000000001,1.0,1.0,0.6068443655967712,-0.012302481569349766
PPO,75,final,2724,5724,-0.015456296801567057,3.0,3.0,0.333607017993927,-0.041253725765272975
PPO,75,final,2725,5725,0.16873432874679567,2.0,2.0,0.47177577018737793,-0.05290486360900104
PPO,75,final,2726,5726,0.27959235191345216,2.0,2.0,1.0389741659164429,-0.001302206190302968
PPO,75,final,2727,5727,0.09000000000000001,1.0,1.0,0.28071722388267517,-0.008950451854616404
PPO,75,final,2728,5728,0.13209976434707643,2.0,2.0,0.8097919821739197,-0.038435853202827275
PPO,75,final,2729,5729,0.09000000000000001,1.0,1.0,0.05558156967163086,-0.0047002703649923205
PPO,75,final,2730,5730,0.08276786088943483,2.0,2.0,0.6463454365730286,-0.007063149707391858
PPO,75,final,2731,5731,0.11773814439773561,2.0,2.0,0.7625600099563599,-0.013010659604333341
PPO,75,final,2732,5732,0.08383864879608155,3.0,3.0,0.6586764454841614,-0.020482930354773998
PPO,75,final,2733,5733,0.1639909315109253,2.0,2.0,0.756350576877594,-0.052462817169725895
PPO,75,final,2734,5734,0.09000000000000001,1.0,1.0,0.581055760383606,-0.01122908154502511
PPO,75,final,2735,5735,-0.11657497882843017,5.0,2.0,0.2042684108018875,0.0008678212761878967
PPO,75,final,2736,5736,0.09000000000000001,1.0,1.0,0.13319042325019836,-0.008165377657860518
PPO,75,final,2737,5737,0.09000000000000001,1.0,1.0,0.8926088213920593,-0.014144697459414601
PPO,75,final,2738,5738,0.09000000000000001,1.0,1.0,0.3246544897556305,-0.011918479343876243
PPO,75,final,2739,5739,0.3100186061859131,3.0,3.0,0.551919162273407,-0.005506299901753664
PPO,75,final,2740,5740,0.054469723701477055,3.0,2.0,1.0345940589904785,-0.015107923070900142
PPO,75,final,2741,5741,0.09423597335815431,2.0,2.0,0.7220463156700134,-0.07966552651487291
PPO,75,final,2742,5742,0.09000000000000001,1.0,1.0,0.3283834159374237,-0.01096576196141541
PPO,75,final,2743,5743,0.09000000000000001,1.0,1.0,0.09479290246963501,-0.011186534306034446
PPO,75,final,2744,5744,-0.06152539730072022,3.0,3.0,0.6621699929237366,-0.04476060997694731
PPO,75,final,2745,5745,0.02264060497283936,3.0,2.0,0.9455500841140747,-0.07227685558609664
PPO,75,final,2746,5746,0.09000000000000001,1.0,1.0,0.15844154357910156,-0.008290513418614864
PPO,75,final,2747,5747,0.09000000000000001,1.0,1.0,0.4351968467235565,-0.012579756090417504
PPO,75,final,2748,5748,0.018984297513961815,4.0,3.0,0.34963199496269226,-0.05167349532712251
PPO,75,final,2749,5749,0.02187437236309052,3.0,2.0,0.2074817419052124,-0.0746915740892291
PPO,75,final,2750,5750,0.09000000000000001,1.0,1.0,0.5044732689857483,-0.011377468705177307
PPO,75,final,2751,5751,0.09000000000000001,1.0,1.0,0.9410568475723267,-0.009798528859391809
PPO,75,final,2752,5752,0.09000000000000001,1.0,1.0,0.4405394196510315,-0.009219791274517775
PPO,75,final,2753,5753,0.09000000000000001,1.0,1.0,0.3685095012187958,-0.0063931961776688695
PPO,75,final,2754,5754,0.09000000000000001,1.0,1.0,0.053551774471998215,-0.002519118308555335
PPO,75,final,2755,5755,0.1302561926841736,2.0,2.0,0.7883839011192322,-0.04015067080035806
PPO,75,final,2756,5756,-0.017544757127761837,3.0,2.0,0.31167617440223694,0.00015934440307319164
PPO,75,final,2757,5757,-0.09788917541503904,4.0,3.0,1.1967650651931763,-0.03961161512415856
PPO,75,final,2758,5758,0.0054101514816284335,2.0,2.0,0.4712212383747101,-0.030748590477742255
PPO,75,final,2759,5759,0.14157451868057253,2.0,2.0,0.8817110657691956,-0.020213239127770066
PPO,75,final,2760,5760,0.09000000000000001,1.0,1.0,0.3067047595977783,-0.00346977572189644
PPO,75,final,2761,5761,0.09000000000000001,1.0,1.0,0.48772528767585754,-0.00799650140106678
PPO,75,final,2762,5762,0.01717586994171144,2.0,2.0,0.6559643149375916,-0.06748863635584712
PPO,75,final,2763,5763,0.006364377140998856,2.0,2.0,0.27767127752304077,-0.11338565475307405
PPO,75,final,2764,5764,-0.011102957725524887,2.0,2.0,0.6008043885231018,-0.06603247439488769
PPO,75,final,2765,5765,0.09000000000000001,1.0,1.0,0.41179174184799194,-0.007225970388390124
PPO,75,final,2766,5766,0.20749317288398744,2.0,2.0,0.48124048113822937,0.008131140493787825
PPO,75,final,2767,5767,0.09000000000000001,1.0,1.0,0.33901745080947876,-0.008213115157559514
PPO,75,final,2768,5768,0.09000000000000001,1.0,1.0,0.46012404561042786,-0.003969174576923251
PPO,75,final,2769,5769,0.14334376335144045,2.0,2.0,0.9771741628646851,-0.06236115307547152
PPO,75,final,2770,5770,0.06584687709808351,2.0,2.0,0.22228433191776276,-0.025280770263634622
PPO,75,final,2771,5771,0.09000000000000001,1.0,1.0,0.5856520533561707,-0.006645739660598338
PPO,75,final,2772,5772,0.09000000000000001,1.0,1.0,0.8148953318595886,-0.009180362336337566
PPO,75,final,2773,5773,0.09000000000000001,1.0,1.0,0.3071020543575287,-0.003924068994820118
PPO,75,final,2774,5774,0.09000000000000001,1.0,1.0,0.9761165976524353,-0.01098762545734644
PPO,75,final,2775,5775,0.09000000000000001,1.0,1.0,0.6110662221908569,-0.010761257261037827
PPO,75,final,2776,5776,0.09000000000000001,1.0,1.0,0.10330402851104736,-0.004447377403266728
PPO,75,final,2777,5777,0.09000000000000001,1.0,1.0,0.4744812846183777,-0.005479923798702657
PPO,75,final,2778,5778,0.09000000000000001,1.0,1.0,0.4476194381713867,-0.007996430853381753
PPO,75,final,2779,5779,0.04867072582244874,2.0,2.0,0.6222932934761047,-0.06077128718607128
PPO,75,final,2780,5780,0.09000000000000001,1.0,1.0,0.31621870398521423,-0.0030325628467835486
PPO,75,final,2781,5781,0.09000000000000001,1.0,1.0,0.866759181022644,-0.008287635399028659
PPO,75,final,2782,5782,0.09000000000000001,1.0,1.0,0.21233418583869934,-0.004505444318056107
PPO,75,final,2783,5783,0.09000000000000001,1.0,1.0,0.44687333703041077,-0.009357739239931107
PPO,75,final,2784,5784,0.09000000000000001,1.0,1.0,0.44756460189819336,-0.007661055773496628
PPO,75,final,2785,5785,0.09000000000000001,1.0,1.0,0.6006744503974915,-0.012749880319461226
PPO,75,final,2786,5786,0.09000000000000001,1.0,1.0,0.1608200967311859,-0.0018168192473240197
PPO,75,final,2787,5787,0.09000000000000001,1.0,1.0,0.23054246604442596,-0.006018704851157963
PPO,75,final,2788,5788,0.09000000000000001,1.0,1.0,0.36643722653388977,-0.006152909016236663
PPO,75,final,2789,5789,0.09000000000000001,1.0,1.0,0.4158419668674469,-0.006953674484975636
PPO,75,final,2790,5790,0.09000000000000001,1.0,1.0,0.36553025245666504,-0.0035971947945654392
PPO,75,final,2791,5791,0.03736217498779298,2.0,2.0,0.8710523247718811,-0.026550863753072917
PPO,75,final,2792,5792,0.1463803815841675,2.0,2.0,1.0292047262191772,-0.006198447197675705
PPO,75,final,2793,5793,0.09000000000000001,1.0,1.0,1.3303900957107544,-0.012043684488162398
PPO,75,final,2794,5794,0.026786403656005875,2.0,2.0,1.0704495906829834,-0.015260519343428314
PPO,75,final,2795,5795,0.09000000000000001,1.0,1.0,0.8178387880325317,-0.007455132203176618
PPO,75,final,2796,5796,0.09000000000000001,1.0,1.0,0.16929073631763458,-0.0011619877186603844
PPO,75,final,2797,5797,0.09000000000000001,1.0,1.0,0.5068707466125488,-0.0042962555307894945
PPO,75,final,2798,5798,0.09000000000000001,1.0,1.0,0.31179124116897583,-0.004422427038662136
PPO,75,final,2799,5799,0.09000000000000001,1.0,1.0,0.2798718512058258,-0.006459071999415755
PPO,75,final,2800,5800,0.09000000000000001,1.0,1.0,0.8708567023277283,-0.007616529474034905
PPO,75,final,2801,5801,0.09000000000000001,1.0,1.0,0.505226194858551,-0.00482794304843992
PPO,75,final,2802,5802,0.09000000000000001,1.0,1.0,0.7508168816566467,-0.008657007711008191
PPO,75,final,2803,5803,0.08638240575790407,2.0,2.0,0.35985544323921204,-0.03470657591242343
PPO,75,final,2804,5804,0.09000000000000001,1.0,1.0,0.2462061494588852,-0.002494045300409198
PPO,75,final,2805,5805,0.09000000000000001,1.0,1.0,0.6159630417823792,-0.007495680241845548
PPO,75,final,2806,5806,0.09000000000000001,1.0,1.0,0.318231999874115,-0.006140842335298657
PPO,75,final,2807,5807,0.09000000000000001,1.0,1.0,0.8941911458969116,-0.009571237256750464
PPO,75,final,2808,5808,0.09000000000000001,1.0,1.0,0.9106482267379761,-0.004168843734078109
PPO,75,final,2809,5809,0.18887676477432253,2.0,2.0,0.9479033350944519,-0.015596390760038048
PPO,75,final,2810,5810,0.09000000000000001,1.0,1.0,0.05258819833397865,-0.00027627865347312763
PPO,75,final,2811,5811,0.09000000000000001,1.0,1.0,0.3314458429813385,-0.0023645336623303592
PPO,75,final,2812,5812,0.09000000000000001,1.0,1.0,0.6672182083129883,-0.004972562775947154
PPO,75,final,2813,5813,0.09000000000000001,1.0,1.0,0.8851723670959473,-0.0075722235487774014
PPO,75,final,2814,5814,0.07941915273666383,2.0,2.0,0.5016300082206726,-0.0384517319034785
PPO,75,final,2815,5815,0.04615478396415711,2.0,2.0,0.4969923198223114,-0.06436132994713262
PPO,75,final,2816,5816,0.09000000000000001,1.0,1.0,0.11895415931940079,-0.001147097151260823
PPO,75,final,2817,5817,0.09000000000000001,1.0,1.0,0.18518273532390594,-0.0036309174029156566
PPO,75,final,2818,5818,0.09000000000000001,1.0,1.0,0.3393253684043884,-0.0073609629180282354
PPO,75,final,2819,5819,0.09000000000000001,1.0,1.0,0.6369171142578125,-0.0033282028161920607
PPO,75,final,2820,5820,-0.00907660841941832,2.0,2.0,0.5521944761276245,-0.03288643161067739
PPO,75,final,2821,5821,0.09000000000000001,1.0,1.0,0.536345362663269,-0.0010186264407821
PPO,75,final,2822,5822,0.09000000000000001,1.0,1.0,0.2968139052391052,-0.0013135397457517684
PPO,75,final,2823,5823,0.21086968660354616,2.0,2.0,0.6335446238517761,-0.06930091988760978
PPO,75,final,2824,5824,0.09000000000000001,1.0,1.0,1.0637423992156982,-0.006171734188683331
PPO,75,final,2825,5825,0.09000000000000001,1.0,1.0,0.13771826028823853,-0.0009973283158615232
PPO,75,final,2826,5826,0.09000000000000001,1.0,1.0,0.7232373952865601,-0.008541544899344444
PPO,75,final,2827,5827,0.09000000000000001,1.0,1.0,0.9044510722160339,-0.011075250571593642
PPO,75,final,2828,5828,0.09000000000000001,1.0,1.0,0.12651415169239044,-0.002554690756369382
PPO,75,final,2829,5829,0.09000000000000001,1.0,1.0,0.8692111968994141,-0.012225742219015956
PPO,75,final,2830,5830,0.31759478330612184,2.0,2.0,0.8798359036445618,-0.008778420567978173
PPO,75,final,2831,5831,0.09000000000000001,1.0,1.0,0.2773466408252716,-0.0076259070774540305
PPO,75,final,2832,5832,0.09000000000000001,1.0,1.0,0.5081815123558044,-0.009805539855733514
PPO,75,final,2833,5833,0.1153621292114258,4.0,2.0,0.682042121887207,-0.03969033632893115
PPO,75,final,2834,5834,0.08116086006164552,2.0,2.0,1.1181899309158325,-0.01239004114177078
PPO,75,final,2835,5835,0.09000000000000001,1.0,1.0,0.1553564816713333,-0.0025560572976246476
PPO,75,final,2836,5836,0.11433769941329958,2.0,2.0,0.7782431840896606,-0.03551206807605922
PPO,75,final,2837,5837,0.09000000000000001,1.0,1.0,0.7264130711555481,-0.004627667716704309
PPO,75,final,2838,5838,0.09000000000000001,1.0,1.0,0.13092562556266785,-0.0019035145814996213
PPO,75,final,2839,5839,0.16494114875793459,2.0,2.0,1.0291911363601685,-0.02330394263844937
PPO,75,final,2840,5840,0.1931734848022461,2.0,2.0,0.3200584053993225,-0.03169891523430124
PPO,75,final,2841,5841,0.2193362879753113,2.0,2.0,0.8082337379455566,-0.09165246342308819
PPO,75,final,2842,5842,0.1300384569168091,2.0,2.0,0.819172739982605,-0.06532304722350091
PPO,75,final,2843,5843,0.09000000000000001,1.0,1.0,0.22244957089424133,-0.00803939311299473
PPO,75,final,2844,5844,0.4157256555557251,3.0,3.0,0.7201719284057617,-0.004870995995588601
PPO,75,final,2845,5845,0.17377688169479372,2.0,2.0,0.9197964072227478,-0.06736544554587454
PPO,75,final,2846,5846,-0.28251967668533323,9.0,3.0,0.41494277119636536,0.041045524179935455
PPO,75,final,2847,5847,0.221217520236969,3.0,3.0,0.5523895621299744,-0.017200371657963842
PPO,75,final,2848,5848,0.2754878568649292,2.0,2.0,0.6358357071876526,-0.050459453370422125
PPO,75,final,2849,5849,0.10278155326843263,3.0,2.0,0.41048213839530945,-0.0032453177263960242
PPO,75,final,2850,5850,-0.37592512369155884,10.0,3.0,0.7630895376205444,0.0729188434779644
PPO,75,final,2851,5851,-0.12043903350830078,8.0,3.0,0.7620238065719604,0.010191401932388544
PPO,75,final,2852,5852,-0.00790231466293334,4.0,3.0,0.7035948038101196,-0.10955378669314086
PPO,75,final,2853,5853,-0.06261996746063232,2.0,2.0,0.9559535980224609,-0.05944937048479915
PPO,75,final,2854,5854,-0.3378575202822685,7.0,3.0,0.28811660408973694,-0.008986411150544882
PPO,75,final,2855,5855,0.09000000000000001,1.0,1.0,0.17758263647556305,-0.006627926602959633
PPO,75,final,2856,5856,-0.06607811212539673,6.0,3.0,0.6378371119499207,-0.056631771149113774
PPO,75,final,2857,5857,0.09000000000000001,1.0,1.0,0.14242836833000183,-0.007174141937866807
PPO,75,final,2858,5858,0.09000000000000001,1.0,1.0,0.21420499682426453,-0.012045384850353003
PPO,75,final,2859,5859,0.29582794189453127,2.0,2.0,0.3331420421600342,-0.06310700136236846
PPO,75,final,2860,5860,0.09000000000000001,1.0,1.0,0.2551787793636322,-0.005753910401836038
PPO,75,final,2861,5861,0.09000000000000001,1.0,1.0,0.21851912140846252,-0.007874330738559365
PPO,75,final,2862,5862,0.14233519315719606,2.0,2.0,0.7686948180198669,-0.04561084066517651
PPO,75,final,2863,5863,0.03406106114387513,2.0,2.0,0.5417801737785339,-0.00013727729674428701
PPO,75,final,2864,5864,-0.06121112704277039,5.0,3.0,0.5000014901161194,-0.026215172256343067
PPO,75,final,2865,5865,0.0658670234680176,2.0,2.0,0.8687515258789062,-0.057460215874016285
PPO,75,final,2866,5866,0.22141754388809204,4.0,4.0,0.9148067831993103,-0.030128637328743935
PPO,75,final,2867,5867,0.15191437482833864,2.0,2.0,0.5538776516914368,-0.106263815658167
PPO,75,final,2868,5868,-0.07541761875152588,3.0,2.0,0.283071905374527,-0.014927171752788126
PPO,75,final,2869,5869,0.18538064479827882,3.0,3.0,0.8627665638923645,-0.020592180837411433
PPO,75,final,2870,5870,0.09000000000000001,1.0,1.0,0.06385158002376556,-0.005171744618564844
PPO,75,final,2871,5871,0.2078735399246216,2.0,2.0,0.6909905076026917,-0.07541287614731118
PPO,75,final,2872,5872,-0.116853346824646,4.0,3.0,0.9912905693054199,-0.011492374003864825
PPO,75,final,2873,5873,0.010175960063934342,2.0,2.0,0.5087769031524658,-0.10461942059919238
PPO,75,final,2874,5874,0.14786227226257326,2.0,2.0,0.7413588762283325,0.01781054399907589
PPO,75,final,2875,5875,0.09000000000000001,1.0,1.0,0.13446198403835297,-0.006640837877057493
PPO,75,final,2876,5876,0.2126246166229248,3.0,3.0,0.9043248891830444,-0.04444675880949944
PPO,75,final,2877,5877,0.06758707940578462,2.0,2.0,0.23198163509368896,-0.05065350409131497
PPO,75,final,2878,5878,-0.4046838760375977,10.0,2.0,0.514388918876648,0.08281896449625492
PPO,75,final,2879,5879,0.17751122236251832,3.0,3.0,0.5079454183578491,-0.016359487897716463
PPO,75,final,2880,5880,0.09000000000000001,1.0,1.0,0.16634304821491241,-0.0058045798214152455
PPO,75,final,2881,5881,0.06815810680389406,2.0,2.0,0.621941864490509,-0.03745925612747669
PPO,75,final,2882,5882,0.22076972007751466,2.0,2.0,0.6486207842826843,0.009484527283348143
PPO,75,final,2883,5883,-0.06558727264404297,9.0,4.0,0.9213314056396484,-0.057334624347276986
PPO,75,final,2884,5884,0.028484902381896972,4.0,2.0,0.8542868494987488,-0.020867411280050874
PPO,75,final,2885,5885,0.09000000000000001,1.0,1.0,0.48161622881889343,-0.007151497062295675
PPO,75,final,2886,5886,-0.037069313526153544,3.0,3.0,0.7071436643600464,-0.05815215909387916
PPO,75,final,2887,5887,0.09000000000000001,1.0,1.0,0.07676924765110016,-0.0010624245915096253
PPO,75,final,2888,5888,0.24923493146896364,2.0,2.0,0.5085830092430115,-0.005048720631748438
PPO,75,final,2889,5889,0.09000000000000001,1.0,1.0,0.8971428871154785,-0.00739612546749413
PPO,75,final,2890,5890,0.09000000000000001,1.0,1.0,0.2602554261684418,-0.003301013261079788
PPO,75,final,2891,5891,0.09000000000000001,1.0,1.0,0.590792715549469,-0.0031680468819104135
PPO,75,final,2892,5892,0.09000000000000001,1.0,1.0,0.41068053245544434,-0.0061921883607283235
PPO,75,final,2893,5893,0.2573839592933655,2.0,2.0,0.5236886739730835,-0.019051018287427723
PPO,75,final,2894,5894,0.09000000000000001,1.0,1.0,0.4533558487892151,-0.00817689928226173
PPO,75,final,2895,5895,-0.03351210117340088,6.0,3.0,1.000781774520874,-0.002197794383391738
PPO,75,final,2896,5896,0.06378859460353853,2.0,2.0,0.24470297992229462,-0.08337805094197392
PPO,75,final,2897,5897,0.09000000000000001,1.0,1.0,0.4206715226173401,-0.0057533205254003406
PPO,75,final,2898,5898,0.09000000000000001,1.0,1.0,0.9941402673721313,-0.007533573661930859
PPO,75,final,2899,5899,0.09000000000000001,1.0,1.0,0.7139899134635925,-0.010671430267393589
PPO,75,final,2900,5900,0.1410442066192627,3.0,3.0,0.8159998655319214,-0.01109591475687921
PPO,75,final,2901,5901,0.23975213050842287,2.0,2.0,0.8049427270889282,-0.02340798720251769
PPO,75,final,2902,5902,0.09000000000000001,1.0,1.0,0.10084041208028793,-0.002252381353173405
PPO,75,final,2903,5903,0.09000000000000001,1.0,1.0,0.17915315926074982,-0.002888961462303996
PPO,75,final,2904,5904,0.2777776288986206,2.0,2.0,1.0228604078292847,-0.09250856074504554
PPO,75,final,2905,5905,0.2586684322357178,4.0,3.0,0.5733047127723694,0.0070085853803902864
PPO,75,final,2906,5906,0.09000000000000001,1.0,1.0,0.5584696531295776,-0.007986858487129211
PPO,75,final,2907,5907,0.09000000000000001,1.0,1.0,0.9323300719261169,-0.005881397519260645
PPO,75,final,2908,5908,0.09000000000000001,1.0,1.0,0.6326412558555603,-0.009166460949927568
PPO,75,final,2909,5909,0.11379738330841066,2.0,2.0,0.20261792838573456,-0.02477606339380145
PPO,75,final,2910,5910,0.09000000000000001,1.0,1.0,0.9204698204994202,-0.00865518325008452
PPO,75,final,2911,5911,0.09000000000000001,1.0,1.0,0.161500945687294,-0.006635196274146438
PPO,75,final,2912,5912,0.09000000000000001,1.0,1.0,0.23174607753753662,-0.00845662085339427
PPO,75,final,2913,5913,0.14940078258514405,5.0,3.0,0.6208481788635254,-0.014063151611480862
PPO,75,final,2914,5914,0.08451904296875001,6.0,3.0,0.8153094053268433,-0.04495585465338081
PPO,75,final,2915,5915,0.5143883895874023,3.0,3.0,1.0281108617782593,0.03705006744712591
PPO,75,final,2916,5916,0.09000000000000001,1.0,1.0,0.7612170577049255,-0.009033129317685962
PPO,75,final,2917,5917,0.09000000000000001,1.0,1.0,0.37657302618026733,-0.007325385580770671
PPO,75,final,2918,5918,0.04065080165863038,2.0,2.0,1.22722589969635,-0.04873961198609322
PPO,75,final,2919,5919,0.2669490647315979,3.0,3.0,0.7237257957458496,-0.0024984017945826054
PPO,75,final,2920,5920,-0.2538352489471436,10.0,2.0,0.5242629647254944,0.07894646376371384
PPO,75,final,2921,5921,0.09000000000000001,1.0,1.0,0.07336319237947464,-0.004109471687115729
PPO,75,final,2922,5922,0.2208008635044098,2.0,2.0,0.463466078042984,-0.03205085080116987
PPO,75,final,2923,5923,-0.33668884277343747,9.0,2.0,0.6154994964599609,0.030232003424316645
PPO,75,final,2924,5924,0.2059906792640686,3.0,3.0,0.7812623381614685,-0.008129782101605088
PPO,75,final,2925,5925,0.23995687246322633,2.0,2.0,0.7715064287185669,-0.0352649234700948
PPO,75,final,2926,5926,0.09000000000000001,1.0,1.0,0.8303947448730469,-0.005977160995826125
PPO,75,final,2927,5927,0.10229636192321778,4.0,3.0,0.5362109541893005,-0.004421020799782127
PPO,75,final,2928,5928,0.36814934730529786,3.0,3.0,0.8670616149902344,-0.0014033539919182658
PPO,75,final,2929,5929,-0.09489999055862426,9.0,3.0,0.6529502272605896,0.01067653193604201
PPO,75,final,2930,5930,-0.10860268115997314,4.0,2.0,0.8339415788650513,-0.07197266654111445
PPO,75,final,2931,5931,0.020357806682586674,3.0,2.0,0.3530273735523224,-0.06785206915810704
PPO,75,final,2932,5932,0.09000000000000001,1.0,1.0,0.2613692879676819,-0.00967457052320242
PPO,75,final,2933,5933,0.060102005004882816,3.0,2.0,0.7372936010360718,-0.05844529392197728
PPO,75,final,2934,5934,0.09000000000000001,1.0,1.0,0.38360124826431274,-0.007120801950804889
PPO,75,final,2935,5935,0.09000000000000001,1.0,1.0,0.7208603620529175,-0.008899310370907187
PPO,75,final,2936,5936,0.21153719902038576,2.0,2.0,0.7013905644416809,-0.06834122887812555
PPO,75,final,2937,5937,0.06087304830551148,2.0,2.0,0.3329269587993622,-0.015173352090641856
PPO,75,final,2938,5938,0.21287549257278443,3.0,3.0,0.5336052179336548,-0.006186217244248837
PPO,75,final,2939,5939,-0.02738921165466307,2.0,2.0,0.8984717130661011,-0.07328006357420236
PPO,75,final,2940,5940,0.08248604059219361,3.0,3.0,0.4190656840801239,-0.07129823602735996
PPO,75,final,2941,5941,0.09000000000000001,1.0,1.0,0.6420179605484009,-0.009788102470338345
PPO,75,final,2942,5942,0.012364165782928482,2.0,2.0,0.450137197971344,-0.09819169482216239
PPO,75,final,2943,5943,0.16419042825698854,2.0,2.0,0.5849123001098633,-0.01650926156435162
PPO,75,final,2944,5944,0.016706975102424637,2.0,2.0,0.26030775904655457,-0.02494147198740393
PPO,75,final,2945,5945,0.09000000000000001,1.0,1.0,0.17890982329845428,-0.002729579573497176
PPO,75,final,2946,5946,0.40871185779571534,3.0,3.0,0.9863535165786743,0.004690881236456335
PPO,75,final,2947,5947,0.09000000000000001,1.0,1.0,0.5443605184555054,-0.010211934568360448
PPO,75,final,2948,5948,0.09000000000000001,1.0,1.0,0.3965447247028351,-0.008557678433135152
PPO,75,final,2949,5949,0.09157978177070619,2.0,2.0,0.4504535496234894,-0.011842606705613434
PPO,75,final,2950,5950,0.31828214406967165,2.0,2.0,0.6186843514442444,-0.053788416320458055
PPO,75,final,2951,5951,0.09000000000000001,1.0,1.0,0.41148635745048523,-0.0056550654117017984
PPO,75,final,2952,5952,-0.11282405078411102,2.0,2.0,0.39344456791877747,-0.06303939339704812
PPO,75,final,2953,5953,0.14461602449417116,2.0,2.0,0.9518364071846008,-0.03118624584749341
PPO,75,final,2954,5954,0.09000000000000001,1.0,1.0,0.5771827697753906,-0.01081303390674293
PPO,75,final,2955,5955,0.32301284551620485,2.0,2.0,0.5983105897903442,-0.04689832357689738
PPO,75,final,2956,5956,-0.03267369449138639,3.0,3.0,0.30463168025016785,-0.043804752407595515
PPO,75,final,2957,5957,-0.30757062435150145,10.0,4.0,0.8307071328163147,-0.00489791389554739
PPO,75,final,2958,5958,0.045033760070800795,3.0,3.0,0.31367263197898865,-0.08064608811400831
PPO,75,final,2959,5959,0.26081635236740114,2.0,2.0,0.7230080962181091,0.01504968898370862
PPO,75,final,2960,5960,0.09000000000000001,1.0,1.0,0.09999072551727295,-0.003843543992843479
PPO,75,final,2961,5961,-0.4007317900657654,10.0,2.0,0.6024841666221619,0.08263569884002209
PPO,75,final,2962,5962,0.35920358419418336,3.0,3.0,0.8866400122642517,0.0002988663036376238
PPO,75,final,2963,5963,0.09000000000000001,1.0,1.0,0.23873288929462433,-0.006252523045986891
PPO,75,final,2964,5964,0.21676232099533083,2.0,2.0,0.549083411693573,-0.03318516712170094
PPO,75,final,2965,5965,0.1063611674308777,2.0,2.0,0.5819710493087769,-0.0686833371873945
PPO,75,final,2966,5966,0.04439433097839356,2.0,2.0,0.7705628275871277,-0.08569676266051829
PPO,75,final,2967,5967,0.048573346734046945,2.0,2.0,0.25994810461997986,-0.10250250401441008
PPO,75,final,2968,5968,0.09000000000000001,1.0,1.0,0.08055031299591064,-0.006783637218177319
PPO,75,final,2969,5969,0.09000000000000001,1.0,1.0,0.08239622414112091,-0.0060343657387420535
PPO,75,final,2970,5970,0.17694898128509523,2.0,2.0,0.418895423412323,-0.05786380870267749
PPO,75,final,2971,5971,0.060134710669517526,2.0,2.0,0.26106002926826477,-0.021918465849012136
PPO,75,final,2972,5972,0.09000000000000001,1.0,1.0,0.13109715282917023,-0.0073250336572527885
PPO,75,final,2973,5973,-0.021179329156875606,3.0,2.0,0.3864402770996094,-0.044162132777273655
PPO,75,final,2974,5974,0.09000000000000001,1.0,1.0,0.3377915322780609,-0.007251300034113228
PPO,75,final,2975,5975,0.09000000000000001,1.0,1.0,0.31298065185546875,-0.005683043389581144
PPO,75,final,2976,5976,0.09000000000000001,1.0,1.0,0.4763820767402649,-0.010522096417844296
PPO,75,final,2977,5977,0.09000000000000001,1.0,1.0,0.07983577996492386,-0.005287631065584719
PPO,75,final,2978,5978,0.09000000000000001,1.0,1.0,0.5039072036743164,-0.011789981741458178
PPO,75,final,2979,5979,0.29653239965438843,3.0,3.0,0.8271748423576355,-0.006693252013064921
PPO,75,final,2980,5980,0.09000000000000001,1.0,1.0,0.9342088103294373,-0.013589600333943963
PPO,75,final,2981,5981,-0.09141737461090087,9.0,5.0,1.231083869934082,-0.046774606220424175
PPO,75,final,2982,5982,0.09000000000000001,1.0,1.0,0.41670969128608704,-0.006484789191745222
PPO,75,final,2983,5983,0.19884701251983644,2.0,2.0,0.6523412466049194,-0.051249195355921984
PPO,75,final,2984,5984,0.20724947214126588,4.0,3.0,0.7164117097854614,-0.046417717123404145
PPO,75,final,2985,5985,-0.0011719596385955655,2.0,2.0,0.3001713454723358,-0.03639847133308649
PPO,75,final,2986,5986,-0.11856447219848633,6.0,3.0,0.7082396745681763,-0.060204649809747934
PPO,75,final,2987,5987,-0.31862759590148926,10.0,3.0,1.1043728590011597,0.062195029109716415
PPO,75,final,2988,5988,0.09000000000000001,1.0,1.0,0.47335052490234375,-0.014225148595869541
PPO,75,final,2989,5989,0.18713111639022828,4.0,3.0,0.7636008262634277,-0.02355434454511851
PPO,75,final,2990,5990,0.18970681905746462,2.0,2.0,0.9822991490364075,-0.06690876459470019
PPO,75,final,2991,5991,0.1879820990562439,2.0,2.0,0.6416712999343872,-0.07585391495376825
PPO,75,final,2992,5992,0.08600779294967652,3.0,2.0,0.4185502231121063,-0.015060165198519826
PPO,75,final,2993,5993,0.19964392662048341,2.0,2.0,0.6326881051063538,-0.03142803278751671
PPO,75,final,2994,5994,0.09000000000000001,1.0,1.0,0.8150202035903931,-0.005310557666234672
PPO,75,final,2995,5995,0.09000000000000001,1.0,1.0,0.5869283676147461,-0.011688781203702092
PPO,75,final,2996,5996,0.13530244112014772,2.0,2.0,0.9586871266365051,-0.06881608604453504
PPO,75,final,2997,5997,0.09000000000000001,1.0,1.0,0.25025609135627747,-0.013088095933198929
PPO,75,final,2998,5998,0.14712168455123903,2.0,2.0,0.6830034255981445,-0.07461805234197527
PPO,75,final,2999,5999,0.09000000000000001,1.0,1.0,0.07587230950593948,-0.005422286922112107
PPO,75,final,3000,6000,0.1625099301338196,5.0,3.0,0.5556347370147705,-0.037187664303928614
